COD_ACIDENTE;DIA;MES;ANO;HORA;INTERSECAO;LOG1;LOG2;LOG3;NUMERO;REFERENCIA;NATUREZA;ILUMINACAO;TEMPO;SUPERFICIEPISTA;TIPOCRUZAMENTO;CONTROLETRAFEGO;USOSOLO;MORTOS;FERIDOS;ILESOS;AUTOMOVEL;ONIBUS;BICICLETA;CAMINHAO;MICROONIBUS;CICLOMOTOR;MOTOCICLETA;TRACAOANIMAL;TREM;LONG;LAT;;;
257106;5;1;2015;22:00;0;AV SGT HERMINIO SAMPAIO;;;2965;SHOPPING TEXTIL;Colisão;;;;Meio de Quadra;;;1;0;1;1;0;0;0;0;0;0;0;0;-38,567117;-3,727545;;;
258744;5;1;2015;10:30;0;AV WASHINGTON SOARES;;;2121;;Engavetamento;Luz do Dia;;Seca;Meio de Quadra;;;0;0;3;1;0;0;0;0;0;0;0;0;-38,481519;-3,777328;;;
258751;5;1;2015;15:30;0;AV MIN JOSE AMERICO;;;;;Colisão;Luz do Dia;;Seca;Meio de Quadra;;;0;0;2;1;0;0;0;0;0;0;0;0;;;;;
258756;5;1;2015;21:55;0;RD CE-040;;;;KM-03;Colisão;;;Seca;Meio de Quadra;;;0;1;4;1;0;0;0;0;0;0;0;0;-38,481014;-3,783185;;;
256532;5;1;2015;05:19;0;AV PRS CASTELO BRANCO;;;2250;;Choque c/ Obstáculo Fixo;Amanhecer;;;Meio de Quadra;;;0;0;1;1;0;0;0;0;0;0;0;0;-38,548120;-3,713862;;;
256534;5;1;2015;10:46;0;AV PRS COSTA E SILVA;;;;;Colisão;Luz do Dia;;;Meio de Quadra;;;0;1;2;1;0;0;0;0;0;1;0;0;;;;;
256538;5;1;2015;11:42;19656;AV BEZERRA DE MENEZES;RUA PRO JOSE DE BARCELOS;;;;Colisão;Luz do Dia;;;T;Semáforo;Comercial;0;0;2;1;0;0;1;0;0;0;0;0;-38,551066;-3,732898;;;
256683;5;1;2015;16:35;0;AV JOAO DE ARAUJO LIMA;;;2343;CURVA DA VIUVA;Colisão;Luz do Dia;;;Meio de Quadra;;;0;0;2;1;0;0;0;0;0;0;0;0;-38,562797;-3,842801;;;
256677;5;1;2015;15:53;5434;AV HERACLITO GRACA;AV DOM MANUEL;;;;Atropelamento;Luz do Dia;;;Cruz;Semáforo;Comercial;0;1;1;1;0;0;0;0;0;0;0;0;-38,522952;-3,734013;;;
256667;5;1;2015;14:45;22176;AV ENG HUMBERTO MONTE;AV JOSE BASTOS;;;;Colisão;Luz do Dia;;;T;Semáforo;Comercial;0;0;3;0;0;0;0;0;0;0;0;0;-38,555455;-3,754966;;;
256672;5;1;2015;15:11;1458;RUA CEL LINHARES;RUA DES LEITE ALBUQUERQUE;;;;Colisão;Luz do Dia;;;Cruz;Pare;Comercial;0;0;2;1;0;0;0;0;0;0;0;0;-38,494769;-3,738494;;;
256674;5;1;2015;15:16;5171;RUA FLORIANO PEIXOTO;RUA SEN ALENCAR;;;;Colisão;Luz do Dia;;;Cruz;Não Há Controle;Comercial;0;0;2;1;0;0;0;0;0;0;0;0;-38,526444;-3,725312;;;
256675;5;1;2015;15:40;7781;AV ANTONIO SALES;AV DES MOREIRA;;;;Colisão;Luz do Dia;;;Cruz;Semáforo;Comercial;0;0;2;1;0;0;0;0;0;0;0;0;-38,501410;-3,745744;;;
256686;5;1;2015;13:43;0;AV PRS CASTELO BRANCO;;;1287;;Atropelamento;Luz do Dia;;;Meio de Quadra;;;0;1;1;1;0;0;0;0;0;0;0;0;-38,543758;-3,714914;;;
256688;5;1;2015;14:17;0;RUA OSCAR ARARIPE;;;1380;;Colisão;Luz do Dia;;;Meio de Quadra;;;0;2;0;0;0;0;0;0;0;1;0;0;-38,603624;-3,789823;;;
256664;5;1;2015;14:33;0;AV C CJ JOSE WALTER;;;;;Colisão;Luz do Dia;;;Meio de Quadra;;;0;0;2;1;0;0;0;0;0;0;0;0;;;;;
256665;5;1;2015;14:34;9124;AV VIS RIO BRANCO;RUA MON SALAZAR;;;;Colisão;Luz do Dia;;;Cruz;Semáforo;Residencial;0;0;2;1;0;0;0;0;0;0;0;0;-38,519870;-3,756701;;;
256654;5;1;2015;13:20;0;AV DOMINGOS OLIMPIO;;;387;;Colisão;Luz do Dia;;;Meio de Quadra;;;0;1;1;1;0;0;0;0;0;1;0;0;-38,527323;-3,737754;;;
256655;5;1;2015;13:26;0;RUA NAT FEIJO;;;;;Colisão;Luz do Dia;;;Meio de Quadra;;;0;1;1;1;0;0;0;0;0;1;0;0;;;;;
256657;5;1;2015;14:01;0;RUA AQUILES BORIS;;;256;;Colisão;Luz do Dia;;;Meio de Quadra;;;0;1;1;1;0;1;0;0;0;0;0;0;-38,549752;-3,768486;;;
256650;5;1;2015;13:00;7774;AV ANTONIO SALES;RUA JOAQUIM NABUCO;;;;Colisão;Luz do Dia;;;Cruz;;Comercial;0;1;1;1;0;0;0;0;0;1;0;0;-38,504371;-3,744832;;;
256644;5;1;2015;12:11;19704;AV BEZERRA DE MENEZES;RUA MOREIRA DE SOUSA;;;;Colisão;Luz do Dia;;;Cruz;Semáforo;Comercial;0;0;2;1;1;0;0;0;0;0;0;0;-38,566546;-3,736109;;;
256646;5;1;2015;12:13;2769;RUA RAIMUNDO PINHEIRO;RUA OSCAR FRANCA;;;;Colisão;Luz do Dia;;;;;;0;1;1;1;0;0;0;0;1;0;0;0;-38,598091;-3,792414;;;
256625;5;1;2015;11:57;0;AV CEL CARVALHO;;;;;Colisão;Luz do Dia;;;Meio de Quadra;;;0;1;1;0;0;0;0;0;0;1;0;0;;;;;
256626;5;1;2015;12:02;7752;AV CARNEIRO DE MENDONCA;AV JOAO PESSOA;;;;Colisão;Luz do Dia;;;Cruz;Semáforo;Misto;0;0;2;0;0;0;1;0;0;0;0;0;-38,559808;-3,767222;;;
261642;5;1;2015;03:28;0;RUA SGT BARBOSA;;;;;Queda;;;;Meio de Quadra;;;0;1;0;0;0;0;0;0;0;1;0;0;;;;;
256730;5;1;2015;20:48;0;AV DR SILAS MUNGUBA;;;3128;;Colisão;;;;Meio de Quadra;;;0;0;2;1;1;0;0;0;0;0;0;0;-38,545180;-3,788665;;;
256721;5;1;2015;19:31;0;RUA PRIMEIRO DE JANEIRO;;;;;Colisão;;;;Meio de Quadra;;;0;1;1;0;0;0;0;0;0;1;0;0;-38,569820;-3,783845;;;
256762;5;1;2015;10:27;7211;AV PRS CASTELO BRANCO;AV DR THEBERGE;;;;Colisão;Luz do Dia;;;Cruz;Semáforo;Residencial;0;1;1;1;0;0;0;0;0;1;0;0;-38,563456;-3,710079;;;
256764;5;1;2015;11:25;0;AV SEN CARLOS JEREISSATI (AEROPORTO);;;;;Colisão;Luz do Dia;;;Meio de Quadra;;;0;0;2;1;0;0;0;0;0;0;0;0;;;;;
256740;5;1;2015;22:24;0;AV GODOFREDO MACIEL;;;3374;;Colisão;;;;Meio de Quadra;;;0;0;2;1;0;0;0;1;0;0;0;0;-38,572497;-3,804733;;;
256742;5;1;2015;23:15;0;AV ALM HENRIQUE SABOIA;;;;;Colisão;;;;Meio de Quadra;;;0;1;1;1;0;0;0;0;0;1;0;0;;;;;
256738;5;1;2015;22:15;0;AV GOV RAUL BARBOSA;;;7506;;Colisão;;;;Meio de Quadra;;;0;0;2;1;0;0;1;0;0;0;0;0;-38,513696;-3,777778;;;
256782;5;1;2015;15:24;13239;AV J CJ JOSE WALTER;AV F CJ JOSE WALTER;;;;Colisão;Luz do Dia;;;Cruz;Pare;Residencial;0;1;1;1;0;0;0;0;0;1;0;0;-38,557143;-3,835833;;;
256789;5;1;2015;20:45;0;RUA DJALMA BENEVIDES;;;138;;Colisão;;;;;;;0;1;1;1;0;0;0;0;0;1;0;0;;;;;
256702;5;1;2015;18:31;4004;AV PRO GOMES DE MATOS;RUA DULCINEIA GONDIM;;;;Colisão;;;;;;Misto;0;0;2;0;1;0;0;0;0;0;0;0;-38,544493;-3,759855;;;
256703;5;1;2015;19:09;4080;RUA CEARA;AV JOSE BASTOS;;;;Colisão;;;;Cruz;Pare;;0;1;1;1;0;0;0;0;0;1;0;0;-38,564112;-3,760008;;;
256705;5;1;2015;19:12;0;RUA BAR CANINDE;;;1630;;Colisão;;;;Meio de Quadra;;;0;1;2;1;0;0;0;0;0;1;0;0;-38,557562;-3,770782;;;
256693;5;1;2015;17:45;0;RUA HOLANDA;;;1658;;Atropelamento;Anoitecer;;;Meio de Quadra;;;0;1;1;0;1;0;0;0;0;0;0;0;-38,559998;-3,802854;;;
256694;5;1;2015;17:54;0;RUA RIO GRANDE DO SUL;;;1289;;Colisão;Anoitecer;;;Meio de Quadra;;;0;2;0;0;0;0;0;0;0;1;0;0;-38,568360;-3,759882;;;
247681;5;1;2015;16:00;0;AV VICENTE DE CASTRO;;;4573;;Colisão Lateral;Luz do Dia;Nublado;Seca;Meio de Quadra;Não Há Controle;Comercial;0;0;2;1;0;0;1;0;0;0;0;0;-38,476260;-3,719980;;;
247682;5;1;2015;20:00;19261;AV GAL OSORIO DE PAIVA;RUA MON LEOPOLDO FEITOSA;;;;Colisão Traseira;Via Iluminada;Bom;Seca;Cruz;Pare;Residencial;0;0;2;1;0;0;0;0;0;0;0;0;-38,562208;-3,771715;;;
247683;5;1;2015;13:50;13375;AV ANTONIO SALES;RUA HENRIQUE RABELO;;;;Colisão Transversal;Luz do Dia;Bom;Seca;Cruz;Dê Preferência;Comercial;0;0;2;1;0;0;0;0;0;0;0;0;-38,521352;-3,739540;;;
247684;5;1;2015;12:40;0;AV OLIVEIRA PAIVA;;;695;IGREJA DA GLÓRIA;Colisão Traseira;Luz do Dia;Bom;Seca;Meio de Quadra;Gesto;Comercial;0;2;1;1;0;0;0;0;0;1;0;0;-38,500084;-3,797223;;;
247685;5;1;2015;15:30;5159;AV IMPERADOR;RUA GUILHERME ROCHA;;;;Colisão Lateral;Luz do Dia;;Seca;Cruz;Semáforo;Comercial;0;1;1;0;1;0;0;0;0;1;0;0;-38,533829;-3,725081;;;
247686;5;1;2015;10:45;5421;AV DUQ CAXIAS;AV VIS RIO BRANCO;;;;Colisão Transversal;Luz do Dia;Bom;Seca;Cruz;Semáforo;Comercial;0;1;1;1;0;0;0;0;0;0;0;0;-38,524603;-3,733481;;;
247688;5;1;2015;06:30;24244;RUA FAUSTO CABRAL;RUA SOLON ONOFRE;;;;Colisão Transversal;Luz do Dia;Bom;Seca;Cruz;Pare;Residencial;0;1;1;1;0;0;0;0;0;1;0;0;-38,472778;-3,734718;;;
247689;5;1;2015;16:15;7645;RUA ESTADO DO RIO;RUA PERNAMBUCO;;;;Colisão Transversal;;Bom;Seca;Cruz;Pare;Residencial;0;0;2;1;1;0;0;0;0;0;0;0;-38,570848;-3,758439;;;
247690;5;1;2015;14:35;22353;AV BEZERRA DE MENEZES;AV OLAVO BILAC;;;;Colisão Lateral;Luz do Dia;Bom;Seca;Cruz;Semáforo;Comercial;0;0;2;1;0;0;1;0;0;0;0;0;-38,564151;-3,735601;;;
247691;5;1;2015;10:30;0;AV LUCIANO CARNEIRO;;;2585;;Colisão Traseira;Luz do Dia;Bom;Seca;Meio de Quadra;Não Há Controle;Residencial;0;0;2;1;0;0;0;0;0;1;0;0;-38,538518;-3,770921;;;
247692;5;1;2015;13:30;12925;AV DOMINGOS OLIMPIO;AV AGUANAMBI;;;;Colisão Traseira;Luz do Dia;Bom;Seca;Cruz;Semáforo;Comercial;0;0;3;1;0;0;0;0;0;0;0;0;-38,524628;-3,738683;;;
247693;5;1;2015;19:45;1566;RUA PDE VALDEVINO;RUA SILVA PAULET;;;;Colisão Lateral;Via Iluminada;Bom;Seca;Cruz;Pare;Misto;0;0;2;1;0;0;0;0;0;0;0;0;-38,507851;-3,741957;;;
247694;5;1;2015;19:09;0;RUA TEN BENEVOLO;;;1900;;Colisão Lateral;;Bom;Seca;Meio de Quadra;;Residencial;0;2;0;1;1;0;0;0;0;0;0;0;-38,504582;-3,729495;;;
247695;5;1;2015;09:10;0;AV DEP PAULINO ROCHA;;;3131;CASTELAO;Colisão;;Bom;Seca;Meio de Quadra;Pare;Comercial;0;1;1;0;0;0;0;0;0;1;0;0;-38,523807;-3,808405;;;
247696;5;1;2015;14:35;13375;AV ANTONIO SALES;RUA HENRIQUE RABELO;;;;Colisão Lateral;Anoitecer;Bom;Seca;Cruz;Pare;Comercial;0;0;2;1;0;0;0;0;0;0;0;0;-38,521352;-3,739540;;;
247697;5;1;2015;11:30;0;AV AGUANAMBI;AV EDUARDO GIRAO;;;ROTATÓRIA;Colisão Lateral;Luz do Dia;Bom;Seca;;;;0;0;2;1;0;0;1;0;0;0;0;0;-38,523043;-3,755538;;;
247698;5;1;2015;13:00;0;RUA CARLOS CHAGAS;;;331;;Choque c/ Obstáculo Fixo;Luz do Dia;Bom;Seca;Meio de Quadra;Não Há Controle;Residencial;0;1;0;1;0;0;0;0;0;0;0;0;-38,583230;-3,780708;;;
247699;5;1;2015;12:20;0;AV FRANCISCO SA;;;3680;;Colisão Lateral;Luz do Dia;Bom;Seca;Meio de Quadra;Não Há Controle;Comercial;0;0;2;1;0;0;0;0;0;0;0;0;-38,557879;-3,717226;;;
247700;5;1;2015;12:30;0;RUA TIP SALES;;;909;;Colisão Frontal;;Bom;Seca;Meio de Quadra;Não Há Controle;Comercial;0;0;2;1;0;0;0;0;0;0;0;0;-38,563487;-3,743910;;;
247701;5;1;2015;21:00;0;RUA PDE MATOS SERRA;;;399;;Colisão Lateral;Via Iluminada;Bom;Seca;Meio de Quadra;Não Há Controle;Residencial;0;0;2;1;0;0;1;0;0;0;0;0;-38,527086;-3,744209;;;
247702;5;1;2015;14:30;25509;RUA HOLANDA;RUA ANTONIO DIVINO;;;;Colisão Lateral;;Bom;Seca;Cruz;Gesto;Residencial;0;1;1;1;0;0;0;0;0;1;0;0;-38,559490;-3,803674;;;
247703;5;1;2015;17:30;0;AV BEZERRA DE MENEZES;;;1820;;Colisão Lateral;Via Iluminada;Bom;Seca;Meio de Quadra;;;0;0;2;1;0;0;1;0;0;0;0;0;-38,560902;-3,734929;;;
247704;5;1;2015;09:30;0;AV ODILON GUIMARAES;;;1351;;Colisão Traseira;Luz do Dia;Bom;Seca;Meio de Quadra;Pare;Comercial;0;0;2;1;0;0;0;0;0;0;0;0;-38,479753;-3,825962;;;
247705;5;1;2015;16:30;14135;AV CURIO;RUA LOURDES VIDAL ALVES;;;;Colisão Traseira;Luz do Dia;Bom;Seca;Cruz;Pare;Comercial;0;1;1;0;0;0;0;0;0;1;0;0;-38,473498;-3,826479;;;
247706;5;1;2015;12:40;22677;AV COS GOMES DE FREITAS (SAPIRANGA/COITE);RUA MARIO ALENCAR ARARIPE;;;;Colisão Transversal;Luz do Dia;Bom;Seca;T;Pare;Comercial;0;0;2;1;0;0;0;0;0;0;0;0;-38,478257;-3,795569;;;
247708;5;1;2015;11:30;11160;RUA SUECIA;RUA JOSE MENELEU D41;;;;Colisão Lateral;Luz do Dia;;;Cruz;Pare;Residencial;0;0;2;0;1;0;0;0;0;0;0;0;-38,559334;-3,782586;;;
247709;5;1;2015;13:40;0;RUA JOSE IVO;;;640;;Colisão Lateral;Luz do Dia;Bom;Seca;Meio de Quadra;Pare;Misto;0;0;2;1;0;0;0;0;0;0;0;0;;;;;
247710;5;1;2015;16:00;4647;AV VIENA WEYNE;AV CANDIDO PORTINARI;;;;Colisão Transversal;Luz do Dia;Bom;Seca;T;Pare;Residencial;0;0;2;1;0;0;0;0;0;0;0;0;-38,485114;-3,802356;;;
247711;5;1;2015;18:50;7634;AV CARNEIRO DE MENDONCA;RUA MINAS GERAIS;;;;Colisão;Anoitecer;Bom;Seca;Cruz;Pare;Residencial;0;0;2;1;0;0;0;0;0;0;0;0;-38,569200;-3,762798;;;
247712;5;1;2015;18:30;5051;RUA SEN JAGUARIBE;RUA SEN POMPEU;;;;Colisão Transversal;Via Iluminada;Bom;Seca;Cruz;Pare;Comercial;0;1;1;1;0;0;0;0;0;1;0;0;-38,528055;-3,721667;;;
259785;5;1;2015;07:16;0;AV DES GONZAGA;;;;;Queda;Luz do Dia;;;Meio de Quadra;;;0;1;0;0;0;0;0;0;0;1;0;0;;;;;
259786;5;1;2015;08:56;7752;AV JOAO PESSOA;AV CARNEIRO DE MENDONCA;;;;Colisão;Luz do Dia;;;Cruz;Semáforo;Misto;0;1;1;1;0;0;0;0;0;0;0;0;-38,559808;-3,767222;;;
259787;5;1;2015;10:25;0;RUA MANUEL PADILHA;;;;;Atropelamento;Luz do Dia;;;Meio de Quadra;;;0;1;1;1;0;0;0;0;0;0;0;0;-38,521021;-3,754360;;;
259788;5;1;2015;10:55;0;RUA NAT FEIJO;;;;;Colisão;Luz do Dia;;;Meio de Quadra;;;0;0;2;0;0;0;0;0;0;0;0;0;;;;;
259789;5;1;2015;12:49;5434;AV DOM MANUEL;AV HERACLITO GRACA;;;;Atropelamento;Luz do Dia;;;Cruz;Semáforo;Comercial;0;2;0;0;0;0;0;0;0;1;0;0;-38,522952;-3,734013;;;
259797;5;1;2015;21:30;4612;AV OLIVEIRA PAIVA;AV WASHINGTON SOARES;;;;Colisão;;;;;;;0;1;1;1;0;0;0;0;0;1;0;0;-38,479908;-3,795695;;;
253316;5;1;2015;10:00;0;RD BR 116;;;5000;KM-05;Colisão Traseira;Luz do Dia;Bom;Seca;Meio de Quadra;Não Há Controle;;0;0;2;1;0;0;0;0;0;0;0;0;-38,506787;-3,796502;;;
253310;6;1;2015;09:50;0;RD BR 116;;;12000;KM-12;Colisão Traseira;Luz do Dia;Chuva;Molhada;Meio de Quadra;Não Há Controle;Comercial;0;0;5;1;0;0;1;0;0;0;0;0;-38,496066;-3,855740;;;
257822;6;1;2015;14:26;0;AV PRS COSTA E SILVA;;;;;Colisão;Luz do Dia;;;Meio de Quadra;;;0;0;2;1;0;0;0;0;0;0;0;0;;;;;
257830;6;1;2015;16:02;0;AV D CJ JOSE WALTER;;;;;Colisão;Luz do Dia;;;Meio de Quadra;;;0;2;0;0;0;0;0;0;0;1;0;0;;;;;
257831;6;1;2015;16:45;0;AV BEZERRA DE MENEZES;;;;;Colisão;Luz do Dia;;;Meio de Quadra;;;0;0;2;1;0;0;1;0;0;0;0;0;;;;;
257832;6;1;2015;17:27;7809;RUA FRANCISCO HOLANDA;RUA VIS MAUA;;;;Colisão;Anoitecer;;;Cruz;Não Há Controle;Comercial;0;1;1;1;0;0;0;0;0;1;0;0;-38,503561;-3,749029;;;
257828;6;1;2015;14:50;0;AV DOS EXPEDICIONARIOS;;;4575;;Colisão;Luz do Dia;;;Meio de Quadra;;;0;0;2;1;0;0;0;0;0;0;0;0;-38,539153;-3,758236;;;
257834;6;1;2015;17:47;0;RUA TOMAS ACIOLI;;;1200;;Colisão;Anoitecer;;;Meio de Quadra;;;0;0;2;1;0;0;0;0;0;0;0;0;-38,506851;-3,745814;;;
257836;6;1;2015;18:05;10634;AV MIGUEL DIAS;AV WASHINGTON SOARES;;;;Colisão;Anoitecer;;;T;Semáforo;Comercial;0;1;1;1;0;0;0;0;0;1;0;0;-38,488341;-3,757742;;;
256976;6;1;2015;23:59;0;RUA SAO FRANCISCO D34;;;1541;;Colisão;;;;Meio de Quadra;;;0;0;2;1;0;0;0;0;0;0;0;0;;;;;
256980;6;1;2015;04:58;19694;AV BEZERRA DE MENEZES;RUA TIP SALES;;;;Colisão;;;;T;Pare;Comercial;0;1;1;1;0;0;0;0;0;1;0;0;-38,565167;-3,735828;;;
256988;6;1;2015;07:40;0;AV JOR JOAO RAMOS;;;;;Colisão;Luz do Dia;;;Meio de Quadra;;;0;0;2;1;0;0;0;0;0;0;0;0;;;;;
256992;6;1;2015;09:30;0;AV N CJ JOSE WALTER;;;1261;;Colisão;Luz do Dia;;;Meio de Quadra;;;0;0;2;1;0;0;0;0;0;0;0;0;-38,560578;-3,832890;;;
256995;6;1;2015;10:52;0;RUA FRANCISCO JOSE A PEREIRA;;;1015;;Colisão;Luz do Dia;;;Meio de Quadra;;;0;2;0;0;0;0;0;0;0;1;0;0;;;;;
256999;6;1;2015;11:41;0;AV PDE ANTONIO TOMAS;;;3180;;Colisão;Luz do Dia;;;Meio de Quadra;;;0;1;1;1;0;0;0;0;0;1;0;0;-38,483499;-3,745408;;;
257001;6;1;2015;11:45;1303;RUA BARBOSA DE FREITAS;AV DOM LUIS;;;;Colisão;Luz do Dia;;;;Não Há Controle;Comercial;0;1;1;1;0;0;0;0;0;1;0;0;-38,496396;-3,733564;;;
257006;6;1;2015;01:00;0;AV PRS CASTELO BRANCO;;;2496;;Atropelamento;Luz do Dia;;;Meio de Quadra;;;1;1;0;0;0;0;0;0;0;1;0;0;-38,550189;-3,713234;;;
257007;6;1;2015;11:55;0;AV TEN LISBOA;;;1300;;Colisão;Luz do Dia;;;Meio de Quadra;;;0;0;2;1;0;0;0;0;0;0;0;0;-38,547374;-3,718028;;;
259798;6;1;2015;06:23;0;AV CEL CARVALHO;;;;;Colisão;Luz do Dia;;;Meio de Quadra;;;0;0;2;0;0;0;0;0;0;0;0;0;;;;;
259799;6;1;2015;07:50;0;RUA HUGO VITOR;;;;;Colisão;Luz do Dia;;;Meio de Quadra;;;0;1;1;1;0;0;0;0;0;1;0;0;-38,591317;-3,741740;;;
259813;6;1;2015;15:39;0;AV PRS CASTELO BRANCO;;;;;Atropelamento;Luz do Dia;;;Meio de Quadra;;;0;1;1;1;0;0;0;0;0;0;0;0;;;;;
259802;6;1;2015;11:53;0;RUA PRO HERIBALDO COSTA;;;;;Colisão;Luz do Dia;;;Meio de Quadra;;;0;1;1;1;0;0;0;0;0;1;0;0;;;;;
259803;6;1;2015;13:07;0;AV PRS CASTELO BRANCO;;;;;Queda;Luz do Dia;;;Meio de Quadra;;;0;1;1;0;0;0;0;0;0;1;0;0;;;;;
259804;6;1;2015;13:23;0;RUA 6 CJ POLAR;;;;;Queda;Luz do Dia;;;Meio de Quadra;;;0;1;0;0;0;0;0;0;0;1;0;0;;;;;
259815;6;1;2015;16:20;0;AV DES MOREIRA;;;;;Colisão;Luz do Dia;;;Meio de Quadra;;;0;2;0;1;0;0;0;0;0;1;0;0;;;;;
259818;6;1;2015;20:02;26083;AV BEZERRA DE MENEZES;AV JOSE JATAHY;;;;Queda;;;;Cruz;Pare;Comercial;0;1;0;0;0;0;0;0;0;1;0;0;;;;;
259680;6;1;2015;14:11;17412;RUA BAR SOBRAL;RUA ALBERTO MAGNO;;;;Colisão;Luz do Dia;;;Cruz;Semáforo;Comercial;0;0;2;1;0;0;0;0;0;0;0;0;-38,552417;-3,767991;;;
257855;6;1;2015;20:47;0;RUA DR ESTENIO GOMES;;;156;;Colisão;;;;Meio de Quadra;;;0;1;1;1;0;0;0;0;0;1;0;0;-38,578515;-3,786821;;;
257858;6;1;2015;22:18;0;RUA BRAGANCA;;;1190;;Colisão;;;;Meio de Quadra;;;0;1;1;1;0;1;0;0;0;0;0;0;-38,597482;-3,784269;;;
257860;6;1;2015;22:33;0;RUA ARMANDO OLIVEIRA;;;2562;;Colisão;;;;Meio de Quadra;;;0;0;2;1;0;0;0;0;0;0;0;0;;;;;
257878;6;1;2015;22:40;10208;RUA MINERVA;RUA ALTO DAS PEDRINHAS;;;;Colisão;;;;;;;0;1;1;1;0;0;0;0;0;1;0;0;-38,600931;-3,748141;;;
257881;6;1;2015;23:13;3131;RUA RISO DO PRADO;RUA JOSE ARISTOTELES GONDIM;;;;Colisão;;;;;;;0;1;1;1;0;0;0;0;0;1;0;0;-38,584725;-3,778005;;;
257884;6;1;2015;23:18;8631;AV EDILSON B SOARES;RUA ERNESTO MONTEIRO;;;;Colisão;;;;Cruz;Pare;Comercial;0;0;2;1;0;0;0;0;0;0;0;0;-38,471126;-3,788645;;;
257839;6;1;2015;18:24;7843;RUA ANTONIO FURTADO;RUA SILVA PAULET;;;;Colisão;Anoitecer;;;Cruz;Pare;Residencial;0;0;2;1;0;0;0;0;0;0;0;0;-38,510882;-3,751395;;;
257840;6;1;2015;19:51;0;RUA MARIA GOMES DE SA;;;1184;;Colisão;;;;Meio de Quadra;;;0;1;1;1;0;0;0;0;0;1;0;0;-38,581815;-3,825814;;;
257845;6;1;2015;20:00;0;AV GOV RAUL BARBOSA;;;;;Colisão;;;;Meio de Quadra;;;0;0;2;1;0;0;0;0;0;0;0;0;;;;;
247713;6;1;2015;11:50;0;AV SORIANO ALBUQUERQUE;;;230;;Colisão Lateral;Luz do Dia;Bom;Seca;Meio de Quadra;Não Há Controle;Comercial;0;0;2;1;0;0;0;0;0;0;0;0;-38,518841;-3,747966;;;
247715;6;1;2015;04:00;15190;AV ABOLICAO;RUA JOAQUIM NABUCO;;;;Colisão Lateral;Via Iluminada;Bom;Seca;Cruz;Semáforo;Residencial;0;0;2;1;0;0;1;0;0;0;0;0;-38,498436;-3,726373;;;
247717;6;1;2015;08:20;3767;AV DOMINGOS OLIMPIO;AV IMPERADOR;;;;Colisão Lateral;Luz do Dia;Bom;Seca;Cruz;Semáforo;Comercial;0;1;1;1;0;0;0;0;0;1;0;0;-38,536697;-3,734790;;;
247718;6;1;2015;09:00;5346;AV SANTOS DUMONT;RUA JOAO CORDEIRO;;;;Colisão Traseira;Luz do Dia;Bom;Seca;Cruz;Semáforo;Comercial;0;0;2;0;0;0;0;0;0;0;0;0;-38,514781;-3,730878;;;
247719;6;1;2015;12:00;0;AV JOAO PESSOA;;;4584;;Atropelamento;Luz do Dia;Bom;Seca;Meio de Quadra;;;0;1;1;0;1;0;0;0;0;0;0;0;-38,550097;-3,753137;;;
247720;6;1;2015;08:40;3858;AV DA UNIVERSIDADE;RUA INSTITUTO DO CEARA;;;;Colisão Lateral;Luz do Dia;Bom;Seca;Cruz;Pare;Comercial;0;1;1;0;0;0;0;0;0;1;0;0;-38,536707;-3,738318;;;
247721;6;1;2015;14:20;15371;AV DOM LUIS;RUA PRO DIAS DA ROCHA;;;;Colisão Transversal;Luz do Dia;Bom;Seca;Outros;Pare;Misto;0;0;2;1;1;0;0;0;0;0;0;0;-38,491572;-3,735126;;;
247722;6;1;2015;15:30;0;AV LUCIANO CARNEIRO;;;1333;;Colisão Transversal;;Bom;Seca;Meio de Quadra;Não Há Controle;Comercial;0;0;2;1;0;0;0;0;0;0;0;0;-38,535052;-3,759593;;;
247723;6;1;2015;09:00;1351;RUA DES LEITE ALBUQUERQUE;RUA TIBURCIO CAVALCANTE;;;;Colisão Lateral;Luz do Dia;Bom;Seca;Cruz;Pare;Residencial;0;1;1;1;0;0;0;0;0;1;0;0;-38,502587;-3,735956;;;
247724;6;1;2015;16:00;7923;AV DES MOREIRA;RUA ISAC AMARAL;;;;Colisão Transversal;Luz do Dia;Bom;Seca;Cruz;Semáforo;Residencial;0;2;0;0;0;0;0;0;0;1;0;0;-38,503726;-3,753019;;;
247725;6;1;2015;19:20;10999;RUA 15 DE NOVEMBRO;RUA ALBERTO MAGNO;;;;Colisão Transversal;Via Iluminada;Bom;Seca;Cruz;Pare;Comercial;0;0;2;1;0;0;0;0;0;0;0;0;-38,553169;-3,769909;;;
247726;6;1;2015;11:35;15194;RUA DEP MOREIRA DA ROCHA;RUA ILDEFONSO ALBANO;;;;Colisão Lateral;Luz do Dia;Bom;Seca;Cruz;Pare;Comercial;0;0;2;0;0;0;0;0;0;0;0;0;-38,511072;-3,726480;;;
247727;6;1;2015;15:30;0;RUA BAR ARATANHA;;;635;;Colisão Lateral;Luz do Dia;Bom;Seca;Meio de Quadra;Não Há Controle;Misto;0;0;2;1;0;0;0;0;0;0;0;0;-38,528213;-3,738385;;;
247728;6;1;2015;19:10;5374;RUA BAR RIO BRANCO;AV DUQ CAXIAS;;;;Colisão Lateral;Via Iluminada;Bom;Seca;Cruz;Semáforo;Comercial;0;0;2;1;0;0;0;0;0;0;0;0;-38,529947;-3,731774;;;
247729;6;1;2015;10:30;9237;AV EDUARDO GIRAO;RUA DR RATISBONA;;;;Colisão Lateral;Luz do Dia;Bom;Seca;T;Pare;Misto;0;1;1;1;0;0;0;0;0;1;0;0;-38,530274;-3,754825;;;