COD_ACIDENTE;DIA;MES;ANO;HORA;INTERSECAO;LOG1;LOG2;LOG3;NUMERO;REFERENCIA;NATUREZA;ILUMINACAO;TEMPO;SUPERFICIEPISTA;TIPOCRUZAMENTO;CONTROLETRAFEGO;USOSOLO;MORTOS;FERIDOS;ILESOS;AUTOMOVEL;ONIBUS;BICICLETA;CAMINHAO;MICROONIBUS;CICLOMOTOR;MOTOCICLETA;TRACAOANIMAL;TREM;LONG;LAT;;;
247730;6;1;2015;18:25;11932;AV PRS COSTA E SILVA;AV CASTELO DE CASTRO;;;;Colisão Lateral;Via Iluminada;Bom;Seca;Cruz;Semáforo;Rural;0;0;1;1;0;0;0;0;0;1;0;0;-38,521435;-3,829012;;;
247731;6;1;2015;15:12;1547;AV DES MOREIRA;RUA CAROLINA SUCUPIRA;;;;Colisão Traseira;Luz do Dia;Bom;Seca;Cruz;Semáforo;Comercial;0;0;2;1;0;0;0;0;0;0;0;0;-38,499948;-3,741192;;;
247732;6;1;2015;11:50;25614;AV MOZART PINHEIRO DE LUCENA;RUA DNA LUCIA PINHEIRO (QUINTINO CUNHA);;;;Colisão;Anoitecer;Nublado;Seca;Cruz;Semáforo;Comercial;0;1;1;0;0;0;0;0;0;1;0;0;-38,599423;-3,731603;;;
247733;6;1;2015;17:48;15688;RUA CEL ERNESTO MATOS;RUA GUILHERME PESSOA;;;;Colisão Lateral;Anoitecer;Nublado;Seca;Cruz;Pare;Comercial;0;0;2;1;0;0;1;0;0;0;0;0;-38,489265;-3,826939;;;
247734;6;1;2015;06:15;183;AV SGT HERMINIO SAMPAIO;AV CEL CARVALHO;;;;Colisão Traseira;Luz do Dia;Bom;Seca;Cruz;Semáforo;Comercial;0;1;1;0;1;0;0;0;0;1;0;0;-38,584591;-3,731488;;;
247735;6;1;2015;08:20;0;RUA JOAQUIM ALBANO;;;;TERMINAL ANTONIO BEZERRA;Colisão Lateral;;Bom;Seca;Meio de Quadra;Pare;Escola;0;1;1;1;0;0;0;0;0;1;0;0;;;;;
247736;6;1;2015;12:15;0;AV SANTOS DUMONT;;;1637;;Engavetamento;Luz do Dia;Bom;Seca;Meio de Quadra;Não Há Controle;Comercial;0;0;3;1;0;0;0;0;0;0;0;0;-38,509309;-3,732660;;;
247737;6;1;2015;10:15;1324;RUA TORRES CAMARA;RUA DR JOSE LOURENCO;;;;Colisão Lateral;Luz do Dia;Bom;Seca;Cruz;Pare;Residencial;0;1;1;1;0;0;0;0;0;1;0;0;-38,508053;-3,735281;;;
247738;6;1;2015;18:50;0;AV AGUANAMBI;;;1790;;Colisão Traseira;Via Iluminada;Bom;Seca;Meio de Quadra;Não Há Controle;Comercial;0;1;1;1;0;0;0;0;0;1;0;0;;;;;
247739;6;1;2015;18:25;0;AV AGUANAMBI;;;1733;;Atropelamento;Anoitecer;Bom;Seca;Meio de Quadra;Não Há Controle;Comercial;0;2;0;0;0;0;0;0;0;1;0;0;-38,523386;-3,752315;;;
247740;6;1;2015;15:00;19657;AV BEZERRA DE MENEZES;RUA PRO RAIMUNDO ARRUDA;;;;Colisão Transversal;Luz do Dia;Bom;Seca;Cruz;Semáforo;Comercial;0;2;1;0;0;0;0;0;0;1;0;0;-38,552148;-3,733126;;;
247741;6;1;2015;11:00;0;RUA JOAQUIM ALBANO;;;;TERMINAL ANTONIO BEZERRA;Colisão Traseira;Luz do Dia;Bom;Seca;Outros;Semáforo;Comercial;0;1;1;1;0;0;0;0;0;0;0;0;;;;;
247742;6;1;2015;18:55;23707;AV GAL OSORIO DE PAIVA;RUA ARARAQUARA;;;;Colisão Traseira;Via Iluminada;Nublado;Seca;Outros;Pare;Comercial;0;0;2;1;0;0;0;0;0;0;0;0;-38,578753;-3,783347;;;
247743;6;1;2015;08:30;25334;AV D CJ CEARA;AV B CJ CEARA;;;;Colisão;Luz do Dia;Bom;Seca;T;Pare;Misto;0;1;1;1;0;0;0;0;0;0;0;0;-38,602328;-3,763611;;;
247744;6;1;2015;18:25;5397;AV DUQ CAXIAS;RUA ASSUNCAO;;;;Colisão Transversal;Via Iluminada;Bom;Seca;Cruz;Semáforo;Comercial;0;0;2;1;1;0;0;0;0;0;0;0;-38,527952;-3,732405;;;
247745;6;1;2015;16:20;0;AV GOV RAUL BARBOSA;;;5110;;Colisão Lateral;Luz do Dia;Bom;Seca;Meio de Quadra;Não Há Controle;Residencial;0;0;2;1;0;0;0;0;0;0;0;0;-38,508573;-3,763199;;;
247746;6;1;2015;18:30;25519;AV GOV RAUL BARBOSA;AV ALM HENRIQUE SABOIA;;;;Colisão Lateral;Anoitecer;Bom;Seca;Y;Dê Preferência;Outros;0;0;2;1;0;0;1;0;0;0;0;0;-38,504580;-3,758466;;;
247747;6;1;2015;22:30;0;RUA BENTO ALBUQUERQUE;;;1800;;Colisão Traseira;;Bom;Seca;Meio de Quadra;;Residencial;0;0;3;1;0;0;0;0;0;0;0;0;-38,473028;-3,747018;;;
247748;6;1;2015;06:20;7779;RUA VIS MAUA;RUA DOM EXPEDITO LOPES;;;;Colisão Lateral;Luz do Dia;Bom;Seca;Cruz;Pare;Comercial;0;0;2;1;0;0;0;0;0;0;0;0;-38,502182;-3,744731;;;
256744;6;1;2015;00:28;4612;AV WASHINGTON SOARES;AV OLIVEIRA PAIVA;;;;Colisão;;;;;;;0;1;2;1;0;0;0;0;0;1;0;0;-38,479908;-3,795695;;;
256754;6;1;2015;01:21;0;RUA PDE PERDIGAO SAMPAIO;;;688;;Colisão;;;;Meio de Quadra;;;0;1;1;1;0;0;0;0;0;1;0;0;-38,594211;-3,743067;;;
256756;6;1;2015;02:29;0;RUA DR THOMPSON BULCAO;;;636;;Colisão;;;;Meio de Quadra;;;0;0;2;1;0;0;0;0;0;0;0;0;-38,493743;-3,769204;;;
256752;6;1;2015;01:16;9952;RUA JOSE TORRES;RUA EMILIO DE MENESES;;;;Colisão;;;;Cruz;Pare;Comercial;0;1;1;1;0;0;0;0;0;1;0;0;-38,606283;-3,776425;;;
256749;6;1;2015;01:00;12333;ET DO ANCURI;RUA RIO JORDAO;;;;Colisão;;;;;;;0;0;2;1;0;0;0;0;1;0;0;0;-38,503566;-3,848325;;;
273059;6;1;2015;14:00;7813;RUA TIBURCIO CAVALCANTE;RUA JULIO SIQUEIRA;;;;Colisão Transversal;Luz do Dia;;;Cruz;Pare;Misto;0;0;2;0;0;0;1;0;0;0;0;0;-38,507128;-3,750135;;;
249326;6;1;2015;01:00;0;AV ROGACIANO LEITE;;;2170;;Choque c/ Obstáculo Fixo;Via Iluminada;Bom;Seca;Meio de Quadra;Não Há Controle;Residencial;0;1;1;1;0;0;0;0;0;0;0;0;-38,499183;-3,773999;;;
273239;6;1;2015;13:20;0;AV VIS RIO BRANCO;VL ROMERO;;;;Colisão Lateral;Luz do Dia;;;;;;0;1;1;1;0;0;0;0;0;1;0;0;;;;;
258789;6;1;2015;16:20;0;RD CE-040;;;;KM-10;Colisão;Luz do Dia;;Seca;Meio de Quadra;;;0;1;1;0;0;0;0;0;0;1;0;0;-38,480068;-3,838671;;;
258801;6;1;2015;21:45;0;RD CE-040;;;;KM-08;Colisão;;;Seca;Meio de Quadra;;;0;0;2;1;0;0;0;0;0;0;0;0;-38,481317;-3,823332;;;
258772;6;1;2015;08:00;0;AV SEN CARLOS JEREISSATI (AEROPORTO);;;;;Colisão;Luz do Dia;;Seca;Meio de Quadra;;;0;0;2;1;0;0;0;0;0;0;0;0;;;;;
257136;6;1;2015;18:40;0;RUA PDE PEDRO DE ALENCAR;;;100;6 DP;Colisão;;;;Meio de Quadra;;;0;1;1;0;0;0;0;0;0;0;0;0;;;;;
272773;6;1;2015;16:00;0;AV 13 DE MAIO;;;;;;Luz do Dia;;;Meio de Quadra;;;0;1;1;1;0;0;0;0;0;0;0;0;;;;;
257105;7;1;2015;20:13;0;RUA PAULA RODRIGUES;;;77;;Colisão;;;;Meio de Quadra;;;0;0;2;1;0;0;0;0;0;1;0;0;-38,526480;-3,752981;;;
257128;7;1;2015;22:18;9952;RUA EMILIO DE MENESES;RUA JOSE TORRES;;;;Colisão;;;;Cruz;Pare;Comercial;0;0;2;0;0;0;0;0;0;1;0;0;-38,606283;-3,776425;;;
257149;7;1;2015;00:45;12494;RUA RIBEIRO LEITAO;AV CARNEIRO DE MENDONCA;;;;Colisão;;;;Cruz;Pare;Residencial;0;0;2;0;0;0;0;0;0;1;0;0;-38,575714;-3,759608;;;
257184;7;1;2015;10:38;0;AV ANTONIO SALES;;;1031;;Colisão;Luz do Dia;;;Meio de Quadra;;;0;0;2;1;0;0;0;0;0;0;0;0;-38,512555;-3,742300;;;
257191;7;1;2015;11:42;0;RD CE-040;;;;KM-05;Colisão;Luz do Dia;;;Meio de Quadra;;;0;1;2;1;0;0;1;0;0;1;0;0;-38,480349;-3,790876;;;
257194;7;1;2015;11:43;0;RUA FRANCISCA CLOTILDE;RUA PRO LINO ENCARNACAO;;1500;;Colisão;Luz do Dia;;;;;;0;0;2;1;1;0;0;0;0;0;0;0;-38,558806;-3,749286;;;
257198;7;1;2015;12:09;0;AV DIOGUINHO;;;976;;Colisão;Luz do Dia;;;Meio de Quadra;;;0;0;2;1;0;0;0;0;0;0;0;0;-38,461785;-3,726126;;;
257215;7;1;2015;10:05;15005;AV GODOFREDO MACIEL;RUA SUICA;;;;Colisão;Luz do Dia;;;T;Não Há Controle;Comercial;0;1;1;1;0;0;0;0;0;1;0;0;-38,568361;-3,792859;;;
257217;7;1;2015;14:10;0;AV DR SILAS MUNGUBA;;;3145;;Colisão;Luz do Dia;;;Meio de Quadra;;;0;0;2;1;0;0;0;0;0;1;0;0;-38,545030;-3,788715;;;
257223;7;1;2015;14:24;0;RUA EUCLIDES O DE SOUSA;;;331;;Colisão;Luz do Dia;;;Meio de Quadra;;;0;0;2;1;0;0;0;0;0;1;0;0;-38,477955;-3,798076;;;
257224;7;1;2015;15:23;13592;RUA PRO CARVALHO;AV PONTES VIEIRA;;;;Colisão;Luz do Dia;;;Cruz;Semáforo;Comercial;0;0;2;1;0;0;0;0;0;0;0;0;-38,514949;-3,752890;;;
257251;7;1;2015;16:10;0;AV WASHINGTON SOARES;;;3199;;Colisão;Luz do Dia;;;Meio de Quadra;;;0;0;2;1;0;0;0;0;0;0;0;0;-38,480716;-3,786535;;;
257260;7;1;2015;18:00;0;AV SGT HERMINIO SAMPAIO;;;;;Colisão;Anoitecer;;;Meio de Quadra;;;0;0;2;1;0;0;0;0;0;0;0;0;;;;;
257264;7;1;2015;18:34;0;TR PERDIGAO DE OLIVEIRA;;;;;Choque c/ Obstáculo Fixo;;;;Meio de Quadra;;;0;0;1;0;0;0;1;0;0;0;0;0;;;;;
257102;7;1;2015;19:33;0;RUA ARAPONGA;;;257;;Colisão;;;;Meio de Quadra;;;0;0;2;1;0;0;0;0;0;1;0;0;-38,575997;-3,785755;;;
257123;7;1;2015;21:51;0;AV EDILSON B SOARES;;;1020;;Colisão;;;;Meio de Quadra;;;0;0;2;1;0;0;0;0;0;1;0;0;-38,477033;-3,789148;;;
257116;7;1;2015;19:57;0;RD CE-040;;;;KM-05;Colisão;;;;Meio de Quadra;;;0;0;2;0;0;0;0;0;0;1;0;0;-38,480349;-3,790876;;;
257086;7;1;2015;18:20;0;AV SANTOS DUMONT;;;1425;;Colisão;Anoitecer;;;Meio de Quadra;;;0;1;1;0;0;1;0;0;0;1;0;0;-38,511064;-3,732087;;;
257095;7;1;2015;17:00;0;RD BR 116;;;;MAKRO;Colisão;Anoitecer;;;Meio de Quadra;;;0;0;2;1;1;0;0;0;0;0;0;0;;;;;
257099;7;1;2015;19:02;23805;RUA ARAPONGA;AV GAL OSORIO DE PAIVA;;;;Colisão;;;;Duplo T;Pare;Comercial;0;0;2;0;1;0;0;0;0;0;0;0;-38,578949;-3,783465;;;
257100;7;1;2015;19:02;3417;RUA MIGUEL GONCALVES;RUA JOAO MELO;;;;Colisão;;;;Cruz;;Residencial;0;0;2;1;0;0;0;0;0;0;0;0;-38,555713;-3,758205;;;
247960;7;1;2015;07:30;0;AV SGT HERMINIO SAMPAIO;;;1122;;Colisão Traseira;Luz do Dia;Bom;Seca;Meio de Quadra;Semáforo;Misto;0;0;2;1;0;0;0;0;0;0;0;0;-38,550643;-3,724658;;;
258023;7;1;2015;08:40;0;RUA BERNARDO MANUEL;;;9360;;Colisão Traseira;Luz do Dia;Bom;Seca;Meio de Quadra;Semáforo;Comercial;0;0;2;1;0;0;0;0;0;1;0;0;-38,552393;-3,801985;;;
258911;7;1;2015;08:42;0;RD CE-040;;;;KM-05;Colisão;Luz do Dia;;Molhada;Meio de Quadra;;;0;0;3;1;0;0;1;0;0;1;0;0;-38,480349;-3,790876;;;
258914;7;1;2015;10:10;0;AV SEN CARLOS JEREISSATI (AEROPORTO);;;;KM 01;Colisão;Luz do Dia;;Molhada;Meio de Quadra;;;0;0;2;1;0;0;0;0;0;0;0;0;-38,520356;-3,783803;;;
273235;7;1;2015;17:40;23045;AV DR SILAS MUNGUBA;RUA MALMEQUER;;;;Colisão Traseira;Via Iluminada;Nublado;Molhada;Cruz;Não Há Controle;Comercial;0;1;1;1;0;0;0;0;0;1;0;0;-38,538571;-3,790980;;;
273244;7;1;2015;07:20;6738;RUA DES WALDETARIO P MOTA;RUA VILEBALDO AGUIAR;;;;Colisão Transversal;Luz do Dia;Nublado;Seca;Cruz;Pare;Residencial;0;2;0;1;0;0;0;0;0;1;0;0;-38,483787;-3,741853;;;
273291;7;1;2015;22:30;3767;AV DOMINGOS OLIMPIO;AV IMPERADOR;;;;;Via Iluminada;Chuva;Molhada;Cruz;Semáforo;Misto;0;0;2;0;0;0;0;0;0;1;0;0;-38,536697;-3,734790;;;
273226;7;1;2015;18:45;25486;AV ALBERTO CRAVEIRO;AV SEN CARLOS JEREISSATI (AEROPORTO);;;;Colisão Lateral;Via Iluminada;Chuva;Molhada;Y;Não Há Controle;Outros;0;0;2;1;0;0;1;0;0;0;0;0;-38,516874;-3,783767;;;
273230;7;1;2015;07:00;0;AV JOSE BASTOS;;;3000;;Engavetamento;Luz do Dia;Bom;Seca;Meio de Quadra;Não Há Controle;Comercial;0;0;3;1;0;0;0;0;0;0;0;0;-38,547468;-3,747019;;;
247749;7;1;2015;19:00;9022;RUA BAR RIO BRANCO;RUA PDE ROMA;;;;Colisão Transversal;Via Iluminada;Bom;Seca;Cruz;Pare;Misto;0;1;1;1;0;0;0;0;0;0;0;0;-38,533796;-3,743790;;;
247750;7;1;2015;15:30;1467;AV SANTOS DUMONT;RUA MON CATAO;;;;Colisão Lateral;Luz do Dia;Bom;Seca;Rotatória;Semáforo;Comercial;0;1;1;1;0;0;0;0;1;0;0;0;-38,490564;-3,738745;;;
247751;7;1;2015;21:00;15135;AV HIS RAIMUNDO GIRAO;RUA FRANCISCO DIAS RIBEIRO;;;;Colisão Transversal;Via Iluminada;Bom;Seca;Cruz;Pare;Lazer;0;0;2;1;0;0;0;0;0;0;0;0;-38,504397;-3,724024;;;
247752;7;1;2015;10:00;0;AV DOS EXPEDICIONARIOS;;;7146;;Colisão Transversal;Luz do Dia;Bom;Molhada;Meio de Quadra;Não Há Controle;Misto;0;0;2;1;0;0;0;0;0;0;0;0;-38,545839;-3,780473;;;
247753;7;1;2015;18:30;0;AV OLIVEIRA PAIVA;;;2163;;Colisão Lateral;Via Iluminada;Bom;Seca;Meio de Quadra;Não Há Controle;Comercial;0;1;1;0;0;0;0;0;0;1;0;0;-38,486890;-3,796303;;;
247754;7;1;2015;08:00;14419;AV SGT HERMINIO SAMPAIO;RUA JOSE CANDIDO D08;;;;Colisão Traseira;Luz do Dia;Nublado;Seca;Cruz;Semáforo;Comercial;0;2;1;1;0;0;0;0;0;1;0;0;-38,550431;-3,724638;;;
247755;7;1;2015;08:30;24392;AV LUCIANO CARNEIRO;RUA LIV GUALTER;;;;Colisão Lateral;Luz do Dia;Chuva;Seca;Cruz;Pare;Comercial;0;0;2;1;0;0;1;0;0;0;0;0;-38,537620;-3,767956;;;
247716;7;1;2015;07:20;22082;RUA ALEXANDRE BARAUNA;RUA CAP FRANCISCO PEDRO;;;;Colisão Transversal;Luz do Dia;Nublado;;Cruz;Pare;Outros;0;0;2;1;0;0;0;0;0;0;0;0;-38,550539;-3,749020;;;
247759;7;1;2015;16:00;3417;RUA MIGUEL GONCALVES;RUA JOAO MELO;;;;Colisão Transversal;;Bom;Seca;Cruz;;Residencial;0;0;2;1;0;0;0;0;0;0;0;0;-38,555713;-3,758205;;;
247760;7;1;2015;11:40;0;RUA JULIO CESAR D12;;;268;;Colisão Lateral;Luz do Dia;Bom;Seca;Meio de Quadra;Semáforo;Residencial;0;1;1;1;0;0;0;0;0;1;0;0;-38,540581;-3,747570;;;
247761;7;1;2015;14:30;0;AV LUCIANO CARNEIRO;;;841;;Colisão Traseira;Luz do Dia;Bom;Seca;Meio de Quadra;Não Há Controle;Comercial;0;1;1;1;0;0;0;0;0;1;0;0;-38,533580;-3,754760;;;
247762;7;1;2015;17:05;19330;RUA STA LIGIA;RUA PERDIGAO DE OLIVEIRA;;;;Choque c/ Obstáculo Fixo;Anoitecer;Bom;Seca;Cruz;Pare;Residencial;0;0;1;0;0;0;1;0;0;0;0;0;-38,573950;-3,775620;;;
247763;7;1;2015;15:00;19686;RUA ERICO MOTA;AV BEZERRA DE MENEZES;;;;Colisão Lateral;Luz do Dia;Bom;Seca;T;Semáforo;Misto;0;0;2;1;0;0;1;0;0;0;0;0;-38,562991;-3,735357;;;
247764;7;1;2015;14:10;15326;AV BAR STUDART;RUA PEREIRA FILGUEIRAS;;;;Colisão Lateral;Luz do Dia;Chuva;Molhada;Cruz;;Comercial;0;1;1;1;0;0;0;0;0;1;0;0;-38,505361;-3,730810;;;
247765;7;1;2015;00:40;15326;AV BAR STUDART;RUA PEREIRA FILGUEIRAS;;;;Colisão Transversal;Via Iluminada;Nublado;Molhada;Cruz;Semáforo;Comercial;0;1;1;1;0;0;0;0;0;1;0;0;-38,505361;-3,730810;;;
247766;7;1;2015;10:30;9155;AV EDUARDO GIRAO;AV LUCIANO CARNEIRO;;;;Colisão Traseira;Luz do Dia;Chuva;Molhada;Cruz;Semáforo;Residencial;0;0;2;1;0;0;0;0;0;0;0;0;-38,532811;-3,752275;;;
247767;7;1;2015;11:00;9072;AV PONTES VIEIRA;AV VIS RIO BRANCO;;;;Colisão Traseira;Luz do Dia;Nublado;Molhada;Cruz;Semáforo;Comercial;0;0;2;1;0;0;0;0;0;0;0;0;-38,520486;-3,753544;;;
247768;7;1;2015;09:30;19683;RUA PRO JOSE DE BARCELOS;RUA AZEVEDO BOLAO;;;;Colisão Transversal;Luz do Dia;Chuva;Molhada;Cruz;Pare;Residencial;0;1;1;0;0;0;0;0;0;1;0;0;-38,550610;-3,735196;;;
247769;7;1;2015;07:15;17932;RUA DRACON BARRETO;RUA GAL GOIS MONTEIRO;;;;Colisão Transversal;Luz do Dia;Nublado;Seca;Cruz;Pare;Residencial;0;1;1;1;0;0;0;0;0;1;0;0;-38,579178;-3,733801;;;
247770;7;1;2015;07:20;0;RUA GAL BERNARDO FIGUEIREDO;;;425;;Colisão Traseira;Luz do Dia;Nublado;Seca;Meio de Quadra;Não Há Controle;Comercial;0;0;2;1;0;0;0;0;0;0;0;0;-38,552118;-3,739728;;;
247771;7;1;2015;19:00;9124;AV VIS RIO BRANCO;RUA MON SALAZAR;;;;Colisão Traseira;Via Iluminada;Bom;Seca;Cruz;Semáforo;Residencial;0;0;3;1;0;0;0;0;0;0;0;0;-38,519870;-3,756701;;;
247772;7;1;2015;18:00;0;AV CEL CARVALHO;;;2208;;Colisão Traseira;Via Iluminada;Nublado;Seca;Meio de Quadra;Não Há Controle;Comercial;0;0;3;1;0;0;0;0;0;0;0;0;-38,586693;-3,722127;;;
247773;7;1;2015;12:20;99;RUA MARTINS NETO;RUA TOMAS RODRIGUES;;;;Colisão Lateral;Luz do Dia;Bom;Seca;Cruz;Pare;Comercial;0;0;2;1;0;0;1;0;0;0;0;0;-38,593771;-3,741063;;;
247774;7;1;2015;22:30;0;AV 13 DE MAIO;;;2821;;Colisão Lateral;Via Iluminada;Bom;Seca;Meio de Quadra;Não Há Controle;Comercial;0;1;1;1;0;0;0;0;1;0;0;0;-38,540301;-3,739947;;;
259820;7;1;2015;06:50;0;AV DR THEBERGE;;;;;Queda;Luz do Dia;;;Meio de Quadra;;;0;1;0;0;0;0;0;0;0;1;0;0;-38,564159;-3,712221;;;
259822;7;1;2015;07:22;19667;AV BEZERRA DE MENEZES;RUA DOM LINO;;;;Colisão;Luz do Dia;;;Cruz;Semáforo;Comercial;0;2;0;0;0;0;0;0;0;1;0;0;-38,557568;-3,734232;;;
259823;7;1;2015;08:33;0;AV GOV RAUL BARBOSA;;;;;Outros;Luz do Dia;;;Meio de Quadra;;;0;1;0;0;0;0;0;0;0;0;0;0;-38,513274;-3,776718;;;
259825;7;1;2015;08:42;0;AV WASHINGTON SOARES;;;;;Choque c/ Obstáculo Fixo;Luz do Dia;;;Meio de Quadra;;;0;1;1;1;0;0;0;0;0;1;0;0;-38,479531;-3,800536;;;
259828;7;1;2015;10:04;0;AV MR HULL;;;;;Colisão;Luz do Dia;;;Meio de Quadra;;;0;0;2;1;0;0;1;0;0;0;0;0;;;;;
259831;7;1;2015;11:39;0;AV MAJ ASSIS;;;;;Atropelamento;Luz do Dia;;;Meio de Quadra;;;0;2;0;0;0;0;0;0;0;1;0;0;-38,593806;-3,722269;;;
259835;7;1;2015;18:31;0;RUA ANA NERY;;;;;Queda;;;;Meio de Quadra;;;0;1;0;0;0;1;0;0;0;0;0;0;;;;;
259840;7;1;2015;20:34;0;RUA EMILIO DE MENESES;;;;;Atropelamento;;;;Meio de Quadra;;;0;1;1;1;0;0;0;0;0;0;0;0;-38,599050;-3,778475;;;
259841;7;1;2015;22:13;0;AV CASTELO DE CASTRO;;;;;Queda;;;;Meio de Quadra;;;0;1;0;0;0;0;0;0;0;1;0;0;;;;;
259837;7;1;2015;18:55;0;RUA CEL MATOS DOURADO;;;;;Colisão;;;;Meio de Quadra;;;0;1;1;1;0;1;0;0;0;0;0;0;;;;;
257028;7;1;2015;04:48;15339;RUA FRE MANSUETO;RUA ANA BILHAR;;;;Choque c/ Obstáculo Fixo;;;;Cruz;Semáforo;Residencial;0;0;1;1;0;0;0;0;0;0;0;0;-38,488841;-3,731552;;;
257030;7;1;2015;10:13;0;RUA GAL GOIS MONTEIRO;;;;;Colisão;Luz do Dia;;;Meio de Quadra;;;0;0;2;1;0;0;0;0;0;1;0;0;;;;;
257033;7;1;2015;10:18;0;AV BEZERRA DE MENEZES;;;1391;;Colisão;Luz do Dia;;;Meio de Quadra;;;0;0;2;0;0;0;1;0;0;1;0;0;-38,557151;-3,734147;;;
257034;7;1;2015;10:18;0;RUA CON DE CASTRO;;;;;Colisão Frontal;Luz do Dia;;;Meio de Quadra;;;0;0;2;1;0;0;0;0;0;0;0;0;;;;;
257042;7;1;2015;10:42;0;AV BORGES DE MELO;;;;;Colisão;Luz do Dia;;;Meio de Quadra;;;0;0;2;1;0;0;0;0;0;0;0;0;;;;;
257054;7;1;2015;12:56;12404;AV LINEU MACHADO;AV SEN FERNANDES TAVORA;;;;Colisão;Luz do Dia;;;Cruz;Não Há Controle;Misto;0;2;0;0;0;0;0;0;0;1;0;0;-38,576540;-3,765199;;;
257049;7;1;2015;11:08;0;AV SGT HERMINIO SAMPAIO;;;567;;Colisão;Luz do Dia;;;Meio de Quadra;;;0;0;2;1;0;0;0;0;0;0;0;0;;;;;
274090;7;1;2015;09:10;1558;RUA PDE VALDEVINO;AV BAR STUDART;;;;Colisão Traseira;Luz do Dia;Bom;Seca;Cruz;Semáforo;Comercial;0;0;2;1;0;0;0;0;0;0;0;0;-38,508855;-3,741641;;;
253406;7;1;2015;10:40;0;RD BR 222;;;;KM-03;Colisão Lateral;Luz do Dia;Bom;Seca;Meio de Quadra;Não Há Controle;Industrial;0;0;2;1;0;0;0;0;0;0;0;0;-38,571997;-3,736999;;;
253313;7;1;2015;13:40;0;RD BR 116;;;14000;KM-14;Colisão Lateral;Luz do Dia;Bom;Seca;Meio de Quadra;Não Há Controle;Comercial;0;0;2;0;1;0;1;0;0;0;0;0;-38,499242;-3,873523;;;
253324;7;1;2015;10:30;0;RD BR 116;;;3000;KM-03;Colisão Transversal;Luz do Dia;Chuva;Molhada;Meio de Quadra;Não Há Controle;Comercial;0;0;3;1;0;0;0;0;0;0;0;0;-38,514372;-3,779838;;;
253371;7;1;2015;09:45;0;RD BR 222;;;;KM-03;Colisão Transversal;Luz do Dia;Bom;Seca;Meio de Quadra;Não Há Controle;Comercial;0;0;2;1;0;0;1;0;0;0;0;0;-38,571997;-3,736999;;;
248113;8;1;2015;20:30;5749;AV DES GONZAGA;RUA JULIO LIMA;;;;Colisão Transversal;Via Iluminada;Bom;Seca;Cruz;Pare;Comercial;0;1;1;1;0;0;0;0;1;0;0;0;-38,500411;-3,796143;;;
248111;8;1;2015;11:10;5448;RUA BAR ARATANHA;RUA METON DE ALENCAR;;;;Colisão Transversal;Luz do Dia;Bom;Seca;Cruz;Pare;Comercial;0;0;2;1;0;0;0;0;0;0;0;0;-38,527028;-3,734847;;;
259850;8;1;2015;11:11;0;AV OLIVEIRA PAIVA;;;;;Colisão;Luz do Dia;;;Meio de Quadra;;;0;2;0;0;0;0;0;0;0;1;0;0;;;;;
259852;8;1;2015;14:48;0;AV PERIMETRAL;;;;;Queda;Luz do Dia;;;Meio de Quadra;;;0;1;0;0;0;0;0;0;0;1;0;0;;;;;
259853;8;1;2015;15:17;0;AV GAL OSORIO DE PAIVA;;;;;Colisão;Luz do Dia;;;Meio de Quadra;;;0;1;1;0;0;0;0;0;0;0;0;0;-38,582955;-3,786056;;;
259856;8;1;2015;15:59;0;RUA PDE PEDRO DE ALENCAR;;;;;Atropelamento;Luz do Dia;;;Meio de Quadra;;;0;1;1;1;0;0;0;0;0;0;0;0;-38,494341;-3,842702;;;
259842;8;1;2015;01:09;0;AV CONTORNO OESTE D71;;;;;Colisão;;;;Meio de Quadra;;;0;1;1;1;0;0;0;0;0;1;0;0;;;;;
259843;8;1;2015;06:27;0;RUA CON LIMA SUCUPIRA;;;;;Atropelamento;Luz do Dia;;;Meio de Quadra;;;0;1;1;1;0;0;0;0;0;0;0;0;;;;;
259844;8;1;2015;07:31;0;AV SGT HERMINIO SAMPAIO;;;;;Colisão;Luz do Dia;;;Meio de Quadra;;;0;1;1;1;0;0;0;0;0;1;0;0;-38,571657;-3,728504;;;
259845;8;1;2015;09:34;0;RUA EMILIO DE MENESES;;;;;Colisão;Luz do Dia;;;Meio de Quadra;;;0;1;1;0;0;0;1;0;0;1;0;0;;;;;
259860;8;1;2015;17:01;0;AV CENTRAL CJ CEARA;;;;;Colisão;Anoitecer;;;Meio de Quadra;;;0;1;1;0;0;0;0;0;0;0;0;0;;;;;
259861;8;1;2015;18:56;0;AV GAL OSORIO DE PAIVA;;;;;Atropelamento;;;;Meio de Quadra;;;0;1;1;0;0;0;0;0;0;0;0;0;-38,582955;-3,786056;;;
259864;8;1;2015;19:40;0;AV BEZERRA DE MENEZES;;;;;Queda;;;;Meio de Quadra;;;0;1;0;0;0;0;0;0;0;1;0;0;;;;;
259865;8;1;2015;20:08;0;RD BR 116;;;1000;KM-01;Colisão;;;;Meio de Quadra;;;0;1;1;0;0;0;0;0;0;0;0;0;-38,518702;-3,762554;;;
259858;8;1;2015;16:47;0;AV SGT HERMINIO SAMPAIO;;;;;Colisão;Luz do Dia;;;Meio de Quadra;;;0;1;1;0;0;0;0;0;0;0;0;0;-38,571657;-3,728504;;;