COD_ACIDENTE;DIA;MES;ANO;HORA;INTERSECAO;LOG1;LOG2;LOG3;NUMERO;REFERENCIA;NATUREZA;ILUMINACAO;TEMPO;SUPERFICIEPISTA;TIPOCRUZAMENTO;CONTROLETRAFEGO;USOSOLO;MORTOS;FERIDOS;ILESOS;AUTOMOVEL;ONIBUS;BICICLETA;CAMINHAO;MICROONIBUS;CICLOMOTOR;MOTOCICLETA;TRACAOANIMAL;TREM;LONG;LAT;;;
259869;8;1;2015;22:24;0;AV VICENTE DE CASTRO;;;;;Queda;;;;Meio de Quadra;;;0;1;0;0;0;0;0;0;0;1;0;0;;;;;
259874;8;1;2015;23:25;0;RUA ASTROGILDO FONTOURA;;;;;Queda;;;;Meio de Quadra;;;0;1;0;0;0;0;0;0;0;1;0;0;-38,587905;-3,711823;;;
247805;8;1;2015;17:10;25096;RUA RODRIGUES JUNIOR;RUA ROCHA LIMA;;;;Colisão Lateral;Anoitecer;Bom;Seca;Cruz;Pare;Residencial;0;1;1;1;0;0;0;0;0;0;0;0;-38,522475;-3,736320;;;
247806;8;1;2015;20:10;0;AV PDE ANTONIO TOMAS;RUA FONSECA LOBO;;2400;;Colisão Lateral;;Bom;Seca;;;;0;0;2;1;0;0;0;0;0;0;0;0;-38,490792;-3,743050;;;
247807;8;1;2015;16:30;5438;RUA METON DE ALENCAR;RUA ASSUNCAO;;;;Colisão Transversal;Luz do Dia;Bom;Seca;Cruz;Pare;Comercial;0;0;2;1;0;0;0;0;0;0;0;0;-38,528594;-3,734332;;;
247808;8;1;2015;16:00;13177;AV I CJ JOSE WALTER;AV D CJ JOSE WALTER;;;;Colisão Lateral;Luz do Dia;Bom;Seca;Cruz;Dê Preferência;Residencial;0;0;2;1;0;0;0;0;0;0;0;0;-38,552957;-3,832440;;;
247814;8;1;2015;13:40;0;RUA JULIO ABREU;;;160;;Colisão Lateral;Luz do Dia;Bom;Seca;Meio de Quadra;;;0;1;1;1;0;0;0;0;0;1;0;0;-38,487989;-3,735901;;;
247812;8;1;2015;06:20;22162;AV JOSE BASTOS;RUA PORFIRIO SAMPAIO;;;;Colisão Transversal;Luz do Dia;Bom;Seca;T;Gesto;Comercial;0;1;1;0;1;0;0;0;0;1;0;0;-38,546271;-3,745851;;;
247818;8;1;2015;10:30;0;AV SGT HERMINIO SAMPAIO;;;9470;;Colisão Transversal;Luz do Dia;Bom;Seca;Meio de Quadra;;Misto;0;1;1;1;0;0;0;0;0;1;0;0;;;;;
247821;8;1;2015;15:20;23488;RUA CARVALHO JUNIOR;RUA JOSE JUSTA;;;;Colisão Lateral;Luz do Dia;Bom;Seca;Cruz;Pare;Misto;0;0;2;1;0;0;0;0;0;0;0;0;-38,508601;-3,758386;;;
247822;8;1;2015;16:00;19018;AV ENG ALBERTO SA;RUA JOSE CARLOS GURGEL NOGUEIRA;;;;Colisão Traseira;Luz do Dia;Bom;Seca;Cruz;Semáforo;Misto;0;0;2;1;0;0;0;0;0;0;0;0;-38,475012;-3,734800;;;
247825;8;1;2015;17:05;5324;RUA PEDRO I;RUA GAL SAMPAIO;;;;Colisão Lateral;Anoitecer;Bom;Seca;Cruz;Não Há Controle;Comercial;0;1;1;1;0;0;0;0;0;1;0;0;-38,531758;-3,730182;;;
247868;8;1;2015;07:00;20042;AV ALBERTO CRAVEIRO;AV DR SILAS MUNGUBA;;;;Colisão Lateral;Luz do Dia;Nublado;Seca;Rotatória;Dê Preferência;Lazer;0;0;2;1;0;0;0;0;0;0;0;0;-38,524782;-3,807229;;;
247869;8;1;2015;19:20;26201;AV CASTELO DE CASTRO;RUA SILVINHA TELES D69;;;;Colisão Lateral;Via Iluminada;Bom;Seca;T;Pare;Residencial;0;1;1;0;1;0;0;0;1;0;0;0;-38,523297;-3,851204;;;
247870;8;1;2015;07:05;1375;AV SANTOS DUMONT;RUA BARBOSA DE FREITAS;;;;Colisão Transversal;Luz do Dia;Bom;Seca;Cruz;Semáforo;Comercial;0;0;2;1;0;0;0;0;0;0;0;0;-38,497363;-3,736551;;;
247871;8;1;2015;07:30;21260;RUA NOSSA SRA DAS GRACAS;RUA DOM HELIO CAMPOS D21;;;;Colisão Frontal;Luz do Dia;Bom;Seca;T;Não Há Controle;Comercial;0;0;2;1;0;0;0;0;0;0;0;0;-38,554477;-3,709776;;;
247909;8;1;2015;08:30;5277;RUA AGAPITO DOS SANTOS;AV DUQ CAXIAS;;;;Colisão Lateral;Luz do Dia;Bom;Seca;T;Pare;Comercial;0;0;2;1;0;0;1;0;0;0;0;0;-38,539594;-3,728649;;;
247925;8;1;2015;20:45;1261;AV RUI BARBOSA;AV SANTOS DUMONT;;;;Colisão Traseira;Via Iluminada;Bom;Seca;Cruz;Semáforo;Comercial;0;0;2;1;0;0;0;0;0;0;0;0;-38,508432;-3,732956;;;
247928;8;1;2015;14:10;12711;RUA MAJ WEYNE;RUA QUINTINO CUNHA;;;;Colisão Transversal;Luz do Dia;Bom;Seca;Cruz;Pare;Comercial;0;0;2;1;0;0;0;0;0;0;0;0;-38,543263;-3,749690;;;
247756;8;1;2015;21:03;19672;AV BEZERRA DE MENEZES;RUA GAL PIRAGIBE;;;;Colisão Lateral;Luz do Dia;Bom;Seca;Cruz;Semáforo;Residencial;0;0;2;1;0;0;0;0;1;0;0;0;-38,558651;-3,734449;;;
247758;8;1;2015;14:00;0;AV SEN VIRGILIO TAVORA;;;1701;;Colisão Traseira;Luz do Dia;Bom;Seca;Meio de Quadra;Semáforo;Comercial;0;0;2;1;0;0;0;0;0;0;0;0;-38,494129;-3,739875;;;
273075;8;1;2015;18:30;9258;AV AGUANAMBI;RUA GUILHERME MOREIRA;;;;Colisão Traseira;Anoitecer;;;;Pare;Residencial;0;0;2;1;0;0;0;1;0;0;0;0;-38,523731;-3,749909;;;
257360;8;1;2015;20:38;0;RUA MIN ALBUQUERQUE LIMA;;;171;;Colisão;;;;Meio de Quadra;;;0;1;1;0;1;0;0;0;0;1;0;0;-38,609634;-3,767348;;;
257365;8;1;2015;21:33;0;AV SGT HERMINIO SAMPAIO;;;3741;;Atropelamento;;;;Meio de Quadra;;;0;0;2;1;0;0;0;0;0;0;0;0;-38,573902;-3,729422;;;
257366;8;1;2015;21:39;0;RUA BELA CRUZ;;;2200;;Colisão;;;;Meio de Quadra;;;0;0;2;1;0;0;0;0;0;0;0;0;-38,543175;-3,734256;;;
257367;8;1;2015;22:36;1586;AV PDE ANTONIO TOMAS;RUA FONSECA LOBO;;;;Colisão;;;;Cruz;Pare;Residencial;0;0;2;1;0;0;0;0;0;0;0;0;-38,490871;-3,743025;;;
257369;8;1;2015;22:49;0;AV CASTELO DE CASTRO;;;416;;Colisão;;;;Meio de Quadra;;;0;0;2;0;0;1;0;0;0;1;0;0;-38,521549;-3,832816;;;
257370;8;1;2015;22:49;0;AV MIGUEL DIAS;;;;;Choque c/ Obstáculo Fixo;;;;Meio de Quadra;;;0;0;1;0;0;0;0;0;0;0;0;0;;;;;
257372;8;1;2015;23:07;0;RD BR 116;;;;;Colisão;;;;Meio de Quadra;;;0;1;1;1;0;0;0;0;0;1;0;0;-38,518702;-3,762554;;;
257375;8;1;2015;23:15;0;RUA CEL NUNES DE MELO;;;1342;;Colisão;;;;Meio de Quadra;;;0;0;2;1;0;0;0;0;0;0;0;0;-38,555619;-3,751703;;;
257376;8;1;2015;23:19;0;RUA PDE PERDIGAO SAMPAIO;;;221;;Atropelamento;;;;Meio de Quadra;;;0;0;2;1;0;0;0;0;0;0;0;0;-38,595151;-3,736498;;;
257377;8;1;2015;23:22;0;RUA CAP PINTO MESQUITA;;;;;Choque c/ Obstáculo Fixo;;;;Meio de Quadra;;;0;0;1;1;0;0;0;0;0;0;0;0;;;;;
257362;8;1;2015;21:31;0;AV CESAR CALS;;;;;Colisão;;;;Meio de Quadra;;;0;0;3;1;0;0;0;0;0;1;0;0;;;;;
257382;8;1;2015;23:44;0;RUA 23 DE JUNHO;;;1695;;Colisão;;;;Meio de Quadra;;;0;0;2;1;0;0;0;0;0;1;0;0;-38,607258;-3,782144;;;
257384;8;1;2015;23:36;3809;AV CARAPINIMA;RUA PDE FRANCISCO PINTO;;;;Atropelamento;;;;Cruz;Semáforo;Misto;0;1;1;0;1;0;0;0;0;0;0;0;-38,541958;-3,741723;;;
248307;8;1;2015;18:35;17349;RUA CEL ALEXANDRINO;RUA EDITE BRAGA;;;;Colisão Transversal;Via Iluminada;Bom;Seca;Cruz;Pare;Residencial;0;0;4;1;0;0;0;0;0;0;0;0;-38,551861;-3,765675;;;
248310;8;1;2015;18:30;0;AV ENG HUMBERTO MONTE;;;1765;;Colisão Traseira;Anoitecer;Bom;Seca;Meio de Quadra;Não Há Controle;Misto;0;0;2;1;0;0;0;0;0;0;0;0;-38,563570;-3,745416;;;
258918;8;1;2015;15:00;0;AV SEN CARLOS JEREISSATI (AEROPORTO);;;;KM 02;Colisão;Luz do Dia;;Molhada;Meio de Quadra;;;0;0;2;1;0;0;0;0;0;0;0;0;-38,529156;-3,783932;;;
258976;8;1;2015;00:48;0;AV 13 DE MAIO;;;623;IGREJA NOSSA SENHORA DE FATIMA;Colisão;;;;Meio de Quadra;;;0;0;2;1;0;0;0;0;0;0;0;0;-38,526219;-3,751983;;;
258978;8;1;2015;10:42;15531;AV FRE CIRILO;RUA PAULO SETUBAL;;;;Outros;Luz do Dia;;;Outros;Outros;Comercial;0;0;1;0;0;0;1;0;0;0;0;0;-38,496028;-3,820502;;;
273651;8;1;2015;08:40;0;AV DOMINGOS OLIMPIO;;;880;;Colisão Traseira;Luz do Dia;;;Meio de Quadra;;;0;0;2;1;0;0;0;0;0;0;0;0;-38,531572;-3,736552;;;
247931;8;1;2015;11:45;4189;AV PRS CASTELO BRANCO;RUA FRANCISCO CORDEIRO;;;;Colisão Transversal;Luz do Dia;Bom;Seca;Cruz;Pare;Misto;0;1;1;1;0;0;0;0;0;1;0;0;-38,550593;-3,713113;;;
247943;8;1;2015;18:45;0;AV AGUANAMBI;;;;ROTATÓRIA;Colisão Lateral;;Bom;Seca;Meio de Quadra;Semáforo;Misto;0;0;2;1;0;0;0;0;0;0;0;0;-38,523043;-3,755538;;;
247944;8;1;2015;16:00;1512;RUA ROCHA LIMA;AV RUI BARBOSA;;;;Colisão Lateral;Luz do Dia;Bom;Seca;Cruz;Pare;Comercial;0;0;2;1;0;0;1;0;0;0;0;0;-38,510753;-3,740096;;;
247945;8;1;2015;18:30;0;RUA JORGE ACURCIO;;;230;;Colisão Traseira;Anoitecer;Bom;Seca;Meio de Quadra;Não Há Controle;Residencial;0;0;2;1;0;0;0;0;0;0;0;0;-38,530508;-3,762247;;;
247946;8;1;2015;20:45;0;RUA PRO TEODORICO;;;930;;Colisão Transversal;Via Iluminada;Bom;Seca;Meio de Quadra;Não Há Controle;Residencial;0;0;2;1;0;0;1;0;0;0;0;0;-38,551514;-3,769451;;;
247947;8;1;2015;16:40;23045;AV DR SILAS MUNGUBA;RUA MALMEQUER;;;;Engavetamento;Luz do Dia;Bom;Seca;Cruz;Semáforo;Comercial;0;0;2;1;0;0;0;0;0;0;0;0;-38,538571;-3,790980;;;
247948;8;1;2015;14:00;0;RUA 15 DE NOVEMBRO;;;813;;Colisão Transversal;Luz do Dia;Bom;Seca;Meio de Quadra;;;0;0;2;1;0;0;1;0;0;0;0;0;-38,553091;-3,769937;;;
247949;8;1;2015;15:25;13771;RUA LUIZA MIRANDA COELHO;AV PINTO BANDEIRA D56;;;;Colisão Transversal;Luz do Dia;Bom;Seca;Cruz;Pare;Misto;0;0;2;1;0;0;0;0;0;0;0;0;-38,487283;-3,774929;;;
247950;8;1;2015;10:00;0;AV LUCIANO CARNEIRO;;;345;UECE;Colisão Traseira;Luz do Dia;Bom;Molhada;Meio de Quadra;Semáforo;Outros;0;0;2;1;0;0;0;0;0;0;0;0;-38,532244;-3,750427;;;
247951;8;1;2015;07:10;0;RUA CON LIMA SUCUPIRA;;;2127;;Colisão Lateral;Luz do Dia;Bom;Seca;Meio de Quadra;Não Há Controle;Residencial;0;1;1;1;0;0;0;0;0;1;0;0;-38,555007;-3,776797;;;
248013;8;1;2015;07:50;0;AV DEP PAULINO ROCHA;;;40;;Colisão Traseira;Luz do Dia;Bom;Seca;Meio de Quadra;Não Há Controle;Residencial;0;0;5;1;0;0;0;0;0;0;0;0;-38,507330;-3,801112;;;
248020;8;1;2015;08:00;1525;RUA BARBOSA DE FREITAS;AV PDE ANTONIO TOMAS;;;;Colisão Transversal;Luz do Dia;Nublado;Seca;Cruz;Semáforo;Misto;0;0;2;1;0;0;0;0;0;0;0;0;-38,498619;-3,740495;;;
257097;8;1;2015;10:10;0;AV CARNEIRO DE MENDONCA;;;1386;;Colisão;Luz do Dia;;;Meio de Quadra;;;0;1;1;1;0;0;0;0;0;1;0;0;-38,571416;-3,761609;;;
257098;8;1;2015;10:17;5440;AV HERACLITO GRACA;RUA RODRIGUES JUNIOR;;;;Colisão;Luz do Dia;;;Cruz;Não Há Controle;Comercial;0;0;2;1;0;0;0;0;0;1;0;0;-38,521831;-3,734374;;;
257087;8;1;2015;09:00;0;AV FRANCISCO SA;;;;;Colisão;Luz do Dia;;;Meio de Quadra;;;0;0;2;1;0;0;0;1;0;0;0;0;;;;;
257088;8;1;2015;09:03;25150;RUA ISAC AMARAL;RUA JOAQUIM NABUCO;;;;Colisão;Luz do Dia;;;Cruz;Semáforo;Comercial;0;0;2;1;0;0;0;0;0;0;0;0;-38,506752;-3,752218;;;
257089;8;1;2015;09:09;0;RD CE-040;;;;;Colisão;Luz do Dia;;;Meio de Quadra;;;0;0;2;0;0;1;0;0;0;0;0;0;;;;;
257090;8;1;2015;09:17;0;AV DR SILAS MUNGUBA;;;2620;;Colisão;Luz do Dia;;;Meio de Quadra;;;0;0;2;1;0;0;0;0;0;0;0;0;-38,550019;-3,786471;;;
257091;8;1;2015;09:24;0;AV OLIVEIRA PAIVA;;;2000;;Colisão;Luz do Dia;;;Meio de Quadra;;;0;0;2;1;1;0;0;0;0;0;0;0;-38,488305;-3,796180;;;
257109;8;1;2015;10:22;0;AV DES GONZAGA;;;896;IGREJA N S  DA GLORIA;Colisão;Luz do Dia;;;Meio de Quadra;;;0;0;2;1;0;0;0;0;0;1;0;0;-38,500891;-3,795072;;;
257111;8;1;2015;10:49;7976;RUA MAJ WEYNE;AV JOAO PESSOA;;;;Colisão;Luz do Dia;;;Cruz;Semáforo;Comercial;0;0;3;1;0;0;0;0;0;0;0;0;-38,545334;-3,747841;;;
257113;8;1;2015;11:18;1525;RUA BARBOSA DE FREITAS;AV PDE ANTONIO TOMAS;;;;Colisão;Luz do Dia;;;Cruz;Semáforo;Misto;0;0;2;1;0;0;0;0;0;0;0;0;-38,498619;-3,740495;;;
257114;8;1;2015;07:31;0;AV B CJ CEARA;;;232;;Colisão;Luz do Dia;;;Meio de Quadra;;;0;1;1;1;0;0;0;0;0;1;0;0;;;;;
257246;8;1;2015;18:21;0;AV GAL OSORIO DE PAIVA;;;;;Colisão;Anoitecer;;;Meio de Quadra;;;0;1;1;0;0;1;0;0;0;1;0;0;-38,582492;-3,785731;;;
257248;8;1;2015;18:25;0;AV PONTES VIEIRA;;;127;;Colisão;Anoitecer;;;Meio de Quadra;;;0;0;2;1;0;0;0;0;0;0;0;0;-38,519028;-3,753373;;;
257292;8;1;2015;19:20;0;RUA PEDRO LAZAR;;;1620;;Atropelamento;;;;Meio de Quadra;;;0;0;2;0;0;0;0;0;0;0;0;0;;;;;
257304;8;1;2015;19:40;0;AV GAL OSORIO DE PAIVA;;;6001;;Colisão;;;;Meio de Quadra;;;0;0;2;1;0;1;0;0;0;0;0;0;;;;;
257305;8;1;2015;19:46;0;AV SGT HERMINIO SAMPAIO;;;;;Colisão;;;;Meio de Quadra;;;0;1;1;1;0;0;0;0;0;1;0;0;-38,554775;-3,725319;;;
257306;8;1;2015;19:51;0;AV JOSE BASTOS;;;3658;;Colisão;;;;Meio de Quadra;;;0;0;2;1;0;0;0;0;0;1;0;0;;;;;
257218;8;1;2015;17:59;0;AV SEN CARLOS JEREISSATI (AEROPORTO);;;771;;Capotamento;Anoitecer;;;Meio de Quadra;;;0;0;1;1;0;0;0;0;0;0;0;0;;;;;
257216;8;1;2015;17:43;0;RUA PRO VIRGILIO DE MORAIS;;;487;;Colisão;Anoitecer;;;Meio de Quadra;;;0;0;2;1;0;0;0;0;0;0;0;0;-38,596944;-3,752791;;;
257213;8;1;2015;17:14;0;AV JOSE BASTOS;;;;;Colisão;Anoitecer;;;Meio de Quadra;;;0;0;4;1;0;0;0;0;0;0;0;0;;;;;
257214;8;1;2015;17:23;7983;AV JOAO PESSOA;RUA JOAO SORONGO;;;;Colisão;Anoitecer;;;;;;0;0;2;1;1;0;0;0;0;0;0;0;-38,546069;-3,748663;;;
257202;8;1;2015;15:44;1716;AV GAL MURILO BORGES;AV GOV RAUL BARBOSA;;;;Colisão;Luz do Dia;;;;Semáforo;Outros;0;0;2;1;0;0;0;0;0;1;0;0;-38,508802;-3,763977;;;
257195;8;1;2015;15:30;9811;RUA TRES CORACOES;RUA MARTINS CARVALHO;;;;Queda;Luz do Dia;;;;;;0;0;1;0;0;0;0;0;0;1;0;0;-38,611841;-3,793263;;;
257186;8;1;2015;15:24;0;AV PRO GOMES DE MATOS;;;906;;Colisão;Luz do Dia;;;Meio de Quadra;;;0;0;2;1;0;0;0;0;0;0;0;0;-38,545407;-3,760900;;;
257176;8;1;2015;15:04;23409;RUA VIS MAUA;RUA MON SALAZAR;;;;Colisão;Luz do Dia;;;;;;0;0;2;1;0;0;0;0;0;0;0;0;-38,505541;-3,755336;;;
257178;8;1;2015;15:13;0;RUA PRC ISABEL;;;900;;Colisão;Luz do Dia;;;Meio de Quadra;;;0;0;2;1;0;0;0;0;0;1;0;0;;;;;
257171;8;1;2015;14:44;15104;AV HIS RAIMUNDO GIRAO;RUA ILDEFONSO ALBANO;;;;Colisão;Luz do Dia;;;Cruz;Semáforo;Residencial;0;0;2;1;0;0;0;0;0;1;0;0;-38,509542;-3,721603;;;
257132;8;1;2015;12:23;15138;AV HIS RAIMUNDO GIRAO;RUA ANTONIO LIMA;;;;Colisão;Luz do Dia;;;Duplo T;Não Há Controle;Misto;0;0;2;0;0;0;0;0;0;1;0;0;-38,504023;-3,724196;;;
257133;8;1;2015;12:28;0;AV DR SILAS MUNGUBA;;;;;Colisão;Luz do Dia;;;Meio de Quadra;;;0;0;2;1;0;0;0;0;0;0;0;0;;;;;
257134;8;1;2015;12:33;10051;RUA VITAL BRASIL;RUA TAUBATE;;;;Colisão;Luz do Dia;;;Cruz;Pare;Comercial;0;0;2;0;0;0;1;0;0;1;0;0;-38,597995;-3,778012;;;
257135;8;1;2015;12:40;0;AV PRO GOMES DE MATOS;;;1000;;Colisão;Luz do Dia;;;Meio de Quadra;;;0;0;2;1;0;0;0;0;0;1;0;0;-38,545971;-3,761567;;;
257137;8;1;2015;12:48;12892;AV DOMINGOS OLIMPIO;RUA BAR RIO BRANCO;;;;Colisão;Luz do Dia;;;Cruz;Semáforo;Comercial;0;0;2;1;0;0;0;0;0;0;0;0;-38,531494;-3,736579;;;
257139;8;1;2015;13:02;0;RUA CEL LINHARES;;;2400;;Colisão;Luz do Dia;;;Meio de Quadra;;;0;0;2;1;0;0;0;0;0;0;0;0;-38,497505;-3,747042;;;
257144;8;1;2015;14:04;9172;RUA MIN JOAQUIM BASTOS D14;RUA PAULA RODRIGUES;;;;Colisão;Luz do Dia;;;Cruz;Pare;Residencial;0;0;2;0;0;0;0;0;0;1;0;0;-38,527598;-3,754299;;;
257145;8;1;2015;11:45;0;RUA ESPERANTO D14;;;1070;;Colisão;Luz do Dia;;;Meio de Quadra;;;0;1;1;1;0;0;0;0;0;0;0;0;-38,539168;-3,763336;;;
257146;8;1;2015;14:13;0;RUA ELCIAS LOPES;;;190;;Colisão;Luz do Dia;;;Meio de Quadra;;;0;1;1;0;0;0;0;0;0;1;1;0;;;;;
257147;8;1;2015;14:40;0;RUA FLORIANO PEIXOTO;;;740;;Colisão;Luz do Dia;;;Meio de Quadra;;;0;0;2;1;0;0;0;0;0;1;0;0;-38,527619;-3,728813;;;
257311;8;1;2015;20:18;0;AV GAL OSORIO DE PAIVA;;;4819;;Colisão;;;;Meio de Quadra;;;0;0;2;1;0;0;0;0;0;0;0;0;-38,598526;-3,801072;;;
257338;8;1;2015;20:24;0;RUA PDE PERDIGAO SAMPAIO;;;280;;Colisão;;;;Meio de Quadra;;;0;0;3;1;1;0;0;0;0;0;0;0;-38,594785;-3,739024;;;
257344;8;1;2015;20:31;0;AV JOSE SABOIA;;;977;;Colisão;;;;Meio de Quadra;;;0;0;3;1;0;0;0;0;0;1;0;0;-38,465492;-3,718699;;;
257347;9;1;2015;11:37;0;RUA PEDRO LAZAR;;;1605;;Colisão;Luz do Dia;;;Meio de Quadra;;;0;0;2;1;0;0;0;0;0;0;0;0;;;;;
257318;9;1;2015;11:13;0;AV ALM HENRIQUE SABOIA;;;3955;;Colisão;Luz do Dia;;;Meio de Quadra;;;0;0;2;1;0;0;0;0;0;1;0;0;-38,489498;-3,743563;;;
257319;9;1;2015;11:15;3829;RUA PAULINO NOGUEIRA;RUA MAL DEODORO;;;;Colisão;Luz do Dia;;;Cruz;Pare;Comercial;0;1;1;1;0;0;0;0;0;1;0;0;-38,537199;-3,744452;;;
257309;9;1;2015;10:20;19562;RUA NEREU RAMOS;RUA SEIFERT;;;;Colisão;Luz do Dia;;;Cruz;Pare;Residencial;0;0;2;1;0;0;0;0;0;1;0;0;-38,575359;-3,783283;;;
257351;9;1;2015;12:24;15169;RUA JOAQUIM NABUCO;AV BEIRA MAR;;;;Colisão;Luz do Dia;;;T;Pare;Outros;0;0;2;1;0;0;1;0;0;0;0;0;-38,498120;-3,725387;;;
257294;9;1;2015;09:40;0;AV WENEFRIDO MELO;;;;;Colisão;Luz do Dia;;;Meio de Quadra;;;0;0;2;1;0;0;0;0;0;1;0;0;;;;;
257273;9;1;2015;03:08;0;RUA BENTO ALBUQUERQUE;RUA FRANCISCO MATOS;;2100;;Colisão;;;;;;;0;0;2;1;0;0;0;0;0;0;0;0;-38,470514;-3,747836;;;
257276;9;1;2015;04:13;0;RUA ALBANO AMARAL;;;264;;Atropelamento;;;;Meio de Quadra;;;0;0;3;1;0;0;0;0;0;0;0;0;;;;;
257281;9;1;2015;09:09;0;AV SGT HERMINIO SAMPAIO;;;2315;;Colisão;Luz do Dia;;;Meio de Quadra;;;0;0;2;1;0;0;0;0;0;0;0;0;-38,561240;-3,726503;;;
257284;9;1;2015;09:26;374;RUA ERICO MOTA;AV ENG HUMBERTO MONTE;;;;Colisão;Luz do Dia;;;;;;0;0;2;0;0;1;0;0;0;1;0;0;-38,560224;-3,749432;;;
258920;9;1;2015;07:20;22829;AV MAE LISBOA;RUA JOSE JULIO FEITOSA;;;;Colisão;Luz do Dia;;Seca;;;;0;1;1;1;0;0;0;0;0;1;0;0;-38,459469;-3,807256;;;
258925;9;1;2015;10:00;0;RD CE-040;;;;KM-10;Colisão;Luz do Dia;;Seca;Meio de Quadra;;;0;0;3;1;0;0;1;0;0;1;0;0;-38,480068;-3,838671;;;
258927;9;1;2015;15:30;0;AV SEN CARLOS JEREISSATI (AEROPORTO);;;;KM 02;Colisão;Luz do Dia;;Seca;Meio de Quadra;;;0;0;2;1;0;0;0;0;0;0;0;0;-38,529156;-3,783932;;;
258931;9;1;2015;17:50;0;RD CE-040;;;;KM-08;Colisão;Anoitecer;;Seca;Meio de Quadra;;;0;0;2;1;0;0;0;0;0;0;0;0;-38,481317;-3,823332;;;
257395;9;1;2015;14:15;0;AV WASHINGTON SOARES;;;250;;Colisão;Luz do Dia;;;Meio de Quadra;;;0;0;2;1;0;0;0;0;0;0;0;0;-38,489285;-3,757495;;;
257396;9;1;2015;14:32;0;RUA JOSE HIPOLITO;;;1185;;Colisão;Luz do Dia;;;Meio de Quadra;;;0;0;2;1;0;0;0;0;0;0;0;0;-38,485277;-3,836126;;;
257391;9;1;2015;13:59;0;RUA 13 DE ABRIL;;;440;;Colisão;Luz do Dia;;;Meio de Quadra;;;0;0;2;0;0;0;0;0;0;1;0;0;;;;;
257392;9;1;2015;14:03;7948;AV PONTES VIEIRA;RUA JOAQUIM NABUCO;;;;Colisão;Luz do Dia;;;Cruz;Semáforo Intermitente;Comercial;0;0;2;1;0;0;0;0;0;1;0;0;-38,506628;-3,751917;;;
257393;9;1;2015;14:05;0;RUA VILEBALDO AGUIAR;;;1400;;Colisão;Luz do Dia;;;Meio de Quadra;;;0;0;2;1;0;0;0;0;0;0;0;0;-38,475491;-3,744520;;;
257399;9;1;2015;15:57;12173;AV CASTELO DE CASTRO;AV CONTORNO SUL;;;;Colisão;Luz do Dia;;;Cruz;Pare;Comercial;0;0;2;1;0;0;0;0;0;0;0;0;-38,521744;-3,838809;;;
257401;9;1;2015;17:15;0;RUA PAULA RODRIGUES;;;23;;Colisão;Anoitecer;;;Meio de Quadra;;;0;0;2;1;1;0;0;0;0;0;0;0;-38,525929;-3,752333;;;
257402;9;1;2015;17:22;19269;RUA PRO GOMES BRASIL;RUA MARACANA;;;;Colisão;Anoitecer;;;Cruz;Outros;Misto;0;0;2;1;0;0;0;0;0;1;0;0;-38,568438;-3,772840;;;
257404;9;1;2015;16:01;0;RUA DR THOMPSON BULCAO;;;1395;;Colisão;Luz do Dia;;;Meio de Quadra;;;0;0;3;1;0;0;0;0;0;1;0;0;-38,484045;-3,771600;;;
257383;9;1;2015;01:42;0;RUA SEN ALVARO ADOLFO;;;1696;;Colisão;;;;;;;0;1;1;1;0;0;0;0;0;1;0;0;-38,583940;-3,733839;;;
257386;9;1;2015;12:42;0;AV ROGACIANO LEITE;;;;;Colisão;Luz do Dia;;;Meio de Quadra;;;0;0;2;0;0;0;1;0;0;0;0;0;;;;;
257411;9;1;2015;17:35;4733;AV MIN JOSE AMERICO;AV WASHINGTON SOARES;;;;Colisão;Anoitecer;;;;Dê Preferência;Outros;0;0;2;1;0;0;1;0;0;0;0;0;-38,479419;-3,812650;;;
257413;9;1;2015;17:39;0;AV ALBERTO NEPOMUCENO;;;199;;Colisão;Anoitecer;;;Meio de Quadra;;;0;0;2;1;0;0;0;0;0;0;0;0;-38,524182;-3,723056;;;
257418;9;1;2015;17:58;3589;RUA TAQUATIARA;RD BR 116;;;;Colisão;Anoitecer;;;T;Pare;Comercial;0;0;2;1;1;0;0;0;0;0;0;0;-38,505021;-3,829627;;;
257420;9;1;2015;18:27;23380;RUA NUNES VALENTE;RUA CAP TIBURCIO DA FROTA;;;;Colisão;Anoitecer;;;Cruz;Pare;Residencial;0;0;2;0;0;0;0;0;0;1;0;0;-38,509109;-3,754506;;;
257423;9;1;2015;18:38;0;RUA LINDOLFO BRAGA;;;;;Colisão;;;;Meio de Quadra;;;0;0;2;1;0;0;0;0;0;0;0;0;;;;;
257429;9;1;2015;18:57;0;RUA PRO GOMES BRASIL;;;240;;Colisão;;;;Meio de Quadra;;;0;0;2;0;1;0;0;0;0;1;0;0;-38,567866;-3,773728;;;
257436;9;1;2015;19:23;0;AV PONTES VIEIRA;;;2490;;Colisão;;;;Meio de Quadra;;;0;0;2;1;0;0;0;0;0;0;0;0;-38,499444;-3,751084;;;
257437;9;1;2015;14:42;0;RUA INACIO VASCONCELOS;;;;;Colisão;Luz do Dia;;;Meio de Quadra;;;0;0;2;1;0;0;0;0;0;1;0;0;;;;;
257433;9;1;2015;19:12;24229;AV ENG SANTANA JUNIOR;AV ENG ALBERTO SA;;;;Colisão;;;;Cruz;Semáforo;Comercial;0;0;2;0;0;1;0;0;0;1;0;0;-38,480624;-3,733357;;;
257440;9;1;2015;17:46;0;AV JOVITA FEITOSA;;;1264;;Atropelamento;Anoitecer;;;Meio de Quadra;;;0;1;1;0;0;0;0;0;0;0;0;0;-38,556332;-3,739833;;;
257445;9;1;2015;20:27;0;RUA OSCAR ARARIPE;;;2633;;Colisão;;;;Meio de Quadra;;;0;0;2;0;0;0;0;0;0;1;0;0;-38,614248;-3,786381;;;