COD_ACIDENTE;DIA;MES;ANO;HORA;INTERSECAO;LOG1;LOG2;LOG3;NUMERO;REFERENCIA;NATUREZA;ILUMINACAO;TEMPO;SUPERFICIEPISTA;TIPOCRUZAMENTO;CONTROLETRAFEGO;USOSOLO;MORTOS;FERIDOS;ILESOS;AUTOMOVEL;ONIBUS;BICICLETA;CAMINHAO;MICROONIBUS;CICLOMOTOR;MOTOCICLETA;TRACAOANIMAL;TREM;LONG;LAT;;;
257450;9;1;2015;20:45;0;RUA CRISANTO M DA ROCHA;;;1205;;Colisão;;;;Meio de Quadra;;;0;1;1;1;0;0;0;0;0;1;0;0;-38,482583;-3,806488;;;
257451;9;1;2015;21:39;0;RUA CAMPO AMOR ROCHA;;;28;;Colisão;;;;Meio de Quadra;;;0;0;2;1;0;0;0;0;0;0;0;0;-38,525259;-3,754166;;;
257443;9;1;2015;20:03;0;RUA JOSE B PARENTE D59;;;140;;Colisão;;;;Meio de Quadra;;;0;0;2;1;0;0;0;0;0;0;0;0;-38,485326;-3,771947;;;
257467;9;1;2015;19:13;10720;RUA PORTO ALEGRE;RUA TERESINA;;;;Choque c/ Obstáculo Fixo;;;;Cruz;Pare;;0;1;2;1;1;0;0;0;0;1;0;0;-38,591844;-3,759580;;;
257472;9;1;2015;21:41;0;RUA JULIO PINTO D08;;;;;Colisão Frontal;;;;Meio de Quadra;;;0;0;2;1;0;0;0;0;0;0;0;0;;;;;
257478;9;1;2015;21:51;0;AV FRE CIRILO;;;;;Colisão;;;;Meio de Quadra;;;0;0;2;1;0;0;0;0;0;1;0;0;;;;;
257479;9;1;2015;22:00;0;RD BR 116;;;13000;KM-13;Atropelamento;;;;Meio de Quadra;;;0;0;2;1;0;0;0;0;0;0;0;0;-38,497727;-3,864670;;;
257482;9;1;2015;22:02;24956;AV ALM HENRIQUE SABOIA;AV ENG ALBERTO SA;;;;Colisão;;;;;Semáforo;Residencial;0;0;3;1;0;0;0;0;0;0;0;0;-38,482890;-3,732499;;;
257483;9;1;2015;22:15;0;RUA CAP HUGO BEZERRA;;;;;Colisão;;;;Meio de Quadra;;;0;0;3;0;0;0;0;0;0;1;0;0;;;;;
257486;9;1;2015;22:26;13801;AV WASHINGTON SOARES;RUA LUIZA MIRANDA COELHO;;;;Choque c/ Obstáculo Fixo;;;;Cruz;Não Há Controle;Residencial;0;0;1;0;0;0;0;0;0;0;0;0;-38,481591;-3,776562;;;
257488;9;1;2015;23:45;0;RUA DES PRAXEDES;;;1936;;Colisão;;;;Meio de Quadra;;;0;0;2;1;0;0;0;0;0;0;0;0;-38,537541;-3,764697;;;
257524;9;1;2015;23:57;10765;RUA FLORIANOPOLIS;RUA PRO MIRAMAR DA PONTE;;;;Colisão;;;;Cruz;Pare;Residencial;0;2;1;1;0;0;0;0;0;1;0;0;-38,585683;-3,761604;;;
273282;9;1;2015;07:40;0;AV TRISTAO GONCALVES;;;;;Colisão Lateral;Luz do Dia;;;Meio de Quadra;;;0;0;2;1;1;0;0;0;0;0;0;0;;;;;
247775;9;1;2015;10:00;14438;AV SGT HERMINIO SAMPAIO;RUA BERNARDO PORTO;;;;Colisão Lateral;Via Iluminada;Bom;Seca;T;Pare;Residencial;0;2;0;1;0;0;0;0;0;1;0;0;-38,556265;-3,725599;;;
247776;9;1;2015;09:27;1289;AV SANTOS DUMONT;RUA SILVA PAULET;;;;Colisão Transversal;Luz do Dia;Bom;Seca;Cruz;Pare;Comercial;0;0;2;1;0;0;0;0;0;0;0;0;-38,505258;-3,733985;;;
247777;9;1;2015;18:00;7862;AV ANTONIO SALES;RUA PRO DIAS DA ROCHA;;;;Colisão Transversal;Via Iluminada;Bom;Seca;Cruz;Não Há Controle;Comercial;0;2;1;1;0;0;0;0;0;1;0;0;-38,495535;-3,747586;;;
247778;9;1;2015;13:00;4253;RUA MARIO STUDART;RUA CARIRIACU;;;;Colisão Transversal;Luz do Dia;Bom;Seca;Cruz;Pare;Misto;0;0;2;1;0;0;0;0;0;0;0;0;-38,550846;-3,720739;;;
247779;9;1;2015;09:00;23433;RUA MON SALAZAR;RUA PRO CARVALHO;;;;Colisão Transversal;Luz do Dia;Bom;Seca;Cruz;Pare;Residencial;0;1;1;1;0;0;0;0;0;1;0;0;-38,514308;-3,756146;;;
247780;9;1;2015;14:00;0;AV ABOLICAO;RUA NUNES VALENTE;;2021;;Colisão Traseira;Luz do Dia;Bom;Seca;Meio de Quadra;;;0;0;2;1;1;0;0;0;0;0;0;0;-38,500666;-3,725634;;;
247781;9;1;2015;19:00;7479;AV ALBERTO CRAVEIRO;RUA PEDRO DANTAS;;;;Colisão Traseira;;Bom;Seca;T;Semáforo;Comercial;0;2;0;1;0;0;0;0;0;1;0;0;-38,517220;-3,786753;;;
247783;9;1;2015;15:50;11768;AV PRS CASTELO BRANCO;AV FILOMENO GOMES;;;;Colisão Traseira;Luz do Dia;Bom;Seca;Cruz;Semáforo;Lazer;0;1;1;1;0;0;0;0;0;1;0;0;-38,541982;-3,715542;;;
247785;9;1;2015;08:40;14512;AV ALBERTO CRAVEIRO;AL RITA FARIAS;;;;Colisão Lateral;Luz do Dia;Bom;Seca;T;Pare;Lazer;0;1;1;0;1;0;0;0;0;0;0;0;;;;;
247786;9;1;2015;19:10;0;RUA GERMANO FRANCK;;;905;;Engavetamento;Via Iluminada;Bom;Seca;Meio de Quadra;Não Há Controle;Residencial;0;0;4;1;0;0;0;0;0;0;0;0;-38,563902;-3,778830;;;
247787;9;1;2015;15:40;0;AV GAL OSORIO DE PAIVA;;;2955;;Colisão Transversal;Luz do Dia;Bom;Seca;Meio de Quadra;Pare;Comercial;0;0;2;1;1;0;0;0;0;0;0;0;-38,587333;-3,789590;;;
247788;9;1;2015;14:30;0;RUA PAULA NEI;;;280;;Colisão Transversal;Luz do Dia;Bom;Seca;Meio de Quadra;Não Há Controle;Residencial;0;0;2;1;0;0;1;0;0;0;0;0;-38,495467;-3,740428;;;
247789;9;1;2015;15:30;20023;AV DR SILAS MUNGUBA;AV HEROIS DO ACRE;;;;Colisão Lateral;Luz do Dia;Bom;Seca;T;Semáforo;Comercial;0;0;2;1;1;0;0;0;0;0;0;0;-38,528540;-3,803079;;;
247790;9;1;2015;18:00;0;AV JOSE BASTOS;;;3250;;Engavetamento;Via Iluminada;Bom;Seca;Meio de Quadra;Semáforo;Comercial;0;0;3;1;0;0;0;0;0;0;0;0;-38,549161;-3,748698;;;
247791;9;1;2015;19:13;1538;AV PDE ANTONIO TOMAS;RUA LEONARDO MOTA;;;;Colisão Transversal;Via Iluminada;Bom;Seca;Cruz;Semáforo;Misto;0;1;1;1;0;0;0;0;0;1;0;0;-38,497662;-3,740811;;;
256862;9;1;2015;11:40;22194;AV SGT HERMINIO SAMPAIO;RUA CAP NESTOR GOIS;;;;;Luz do Dia;;;;;;0;0;2;0;0;0;0;0;0;1;0;0;-38,560489;-3,726371;;;
247792;9;1;2015;07:50;15807;RUA CEL DIONISIO ALENCAR;RUA PERGENTINO MAIA;;;;Atropelamento;Luz do Dia;Bom;Seca;Cruz;Pare;Residencial;0;1;1;0;0;0;0;0;0;1;0;0;-38,487711;-3,831561;;;
247793;9;1;2015;21:05;22990;AV DR SILAS MUNGUBA;RUA AMERICO VESPUCIO;;;;Colisão Transversal;Via Iluminada;Bom;Seca;Cruz;Pare;Residencial;0;1;1;1;0;0;0;0;0;1;0;0;-38,549873;-3,786542;;;
247794;9;1;2015;16:00;4689;RUA NICOLAU COELHO;RUA INACIO VASCONCELOS;;;;Colisão Transversal;Luz do Dia;Bom;Seca;Cruz;Pare;Misto;0;0;2;1;0;0;0;0;0;0;0;0;-38,492744;-3,811164;;;
247795;9;1;2015;11:00;0;AV EDILSON B SOARES;;;790;;Colisão Traseira;Luz do Dia;Bom;Seca;Meio de Quadra;Outros;Escola;0;1;1;1;0;0;0;0;0;1;0;0;-38,479547;-3,789371;;;
247796;9;1;2015;09:30;15169;AV BEIRA MAR;RUA JOAQUIM NABUCO;;;;Colisão Traseira;Luz do Dia;Nublado;Seca;T;Pare;Outros;0;0;2;0;0;0;0;0;0;0;0;0;-38,498120;-3,725387;;;
247797;9;1;2015;11:00;0;RUA OSVALDO CRUZ (ALDEOTA);;;880;;Colisão Lateral;Luz do Dia;Bom;Seca;Meio de Quadra;Não Há Controle;Comercial;0;0;2;1;0;0;0;0;0;0;0;0;-38,499511;-3,733104;;;
247798;9;1;2015;12:00;13408;AV ANTONIO SALES;RUA BAR ARACATI;;;;Colisão Transversal;Luz do Dia;Bom;Seca;Cruz;Pare;Comercial;0;0;2;1;0;0;0;0;0;0;0;0;-38,514894;-3,741563;;;
247799;9;1;2015;19:00;13126;RUA 54 CJ JOSE WALTER;AV JOAO DE ARAUJO LIMA;;;;Colisão Transversal;Via Iluminada;Bom;Seca;Cruz;Não Há Controle;Residencial;0;1;1;0;0;0;0;0;0;1;0;0;-38,559907;-3,829842;;;
247800;9;1;2015;13:30;9147;RUA DOM SEBASTIAO LEME;RUA CARLOS RIBEIRO;;;;Colisão Lateral;Luz do Dia;Bom;Seca;Cruz;Pare;Residencial;0;0;2;0;0;0;1;0;0;0;0;0;-38,526198;-3,746500;;;
247801;9;1;2015;08:50;0;AV ALM HENRIQUE SABOIA;;;3955;;Colisão Transversal;;Bom;Seca;Meio de Quadra;Semáforo;Misto;0;0;2;1;0;0;0;0;1;0;0;0;-38,489498;-3,743563;;;
247802;9;1;2015;16:20;24911;RUA EMILIA GONCALVES;RUA ROSINHA SAMPAIO;;;;Choque c/ Obstáculo Fixo;Luz do Dia;Bom;Seca;Cruz;Não Há Controle;Residencial;0;0;1;0;0;0;1;0;0;0;0;0;-38,596399;-3,724518;;;
247803;9;1;2015;14:09;12685;AV CEL CARVALHO;AV DA INDEPENDENCIA;;;;Colisão Transversal;Luz do Dia;Bom;Seca;Cruz;Semáforo;Comercial;0;2;0;0;0;0;0;0;0;1;0;0;-38,584952;-3,728711;;;
259728;9;1;2015;16:05;0;AV GODOFREDO MACIEL;;;2947;DETRAN;Outros;Luz do Dia;;;Meio de Quadra;;;0;0;1;1;0;0;0;0;0;0;0;0;-38,571377;-3,801128;;;
259877;9;1;2015;01:23;0;AV ENG SANTANA JUNIOR;;;;;Queda;;;;Meio de Quadra;;;0;1;0;0;0;0;0;0;0;1;0;0;;;;;
259878;9;1;2015;06:29;374;RUA ERICO MOTA;RUA RUBI;;;;Queda;Luz do Dia;;;;;;0;1;0;0;0;0;0;0;0;1;0;0;-38,560224;-3,749432;;;
259880;9;1;2015;07:50;0;AV MR HULL;;;;;Colisão;Luz do Dia;;;Meio de Quadra;;;0;1;1;1;0;0;0;0;0;1;0;0;;;;;
259882;9;1;2015;13:08;0;AV ALM MAXIMIANO DA FONSECA;;;;;Colisão;Luz do Dia;;;Meio de Quadra;;;0;1;1;1;0;0;0;0;0;1;0;0;-38,484045;-3,771600;;;
259883;9;1;2015;14:33;0;RUA FRE MANSUETO;;;;;Colisão;Luz do Dia;;;Meio de Quadra;;;0;1;1;1;0;0;0;0;0;1;0;0;;;;;
259885;9;1;2015;14:37;19764;RUA DOM JOSE LOURENCO  D27;RUA DOM MANUEL DE MEDEIROS;;;;Colisão;Luz do Dia;;;Cruz;Pare;Residencial;0;0;2;0;0;0;0;0;0;0;0;0;-38,559052;-3,738059;;;
259886;9;1;2015;16:01;0;RUA PRO GOMES BRASIL;;;;;Atropelamento;Luz do Dia;;;Meio de Quadra;;;0;1;1;0;0;0;0;0;0;0;0;0;-38,567952;-3,773598;;;
259887;9;1;2015;17:40;0;RUA OSCAR ARARIPE;;;;;Queda;Anoitecer;;;Meio de Quadra;;;0;1;0;0;0;0;0;0;0;1;0;0;-38,614248;-3,786381;;;
259894;9;1;2015;21:44;15298;RUA ANA BILHAR;RUA BARBOSA DE FREITAS;;;;Colisão;;;;Cruz;Pare;Residencial;0;1;1;1;0;0;0;0;0;1;0;0;-38,495143;-3,729646;;;
253410;9;1;2015;08:30;0;RD BR 222;;;;KM-02;Colisão Lateral;Luz do Dia;Bom;Seca;Meio de Quadra;Não Há Controle;Residencial;0;2;1;1;0;0;0;0;0;1;0;0;-38,586880;-3,738951;;;
253426;9;1;2015;08:00;0;RD BR 020;;;;KM-04;Colisão Transversal;Luz do Dia;Bom;Outros;Meio de Quadra;Não Há Controle;;0;0;2;1;0;0;0;0;0;0;0;0;;;;;
253343;9;1;2015;18:50;0;RD BR 116;;;11000;KM-11;Atropelamento;Via Iluminada;Bom;Seca;Meio de Quadra;Não Há Controle;Comercial;0;1;1;0;0;0;0;0;0;1;0;0;-38,497176;-3,847160;;;
253285;9;1;2015;17:40;0;RD BR 116;;;5000;KM-05;Colisão Traseira;Anoitecer;Bom;Seca;Meio de Quadra;Não Há Controle;Comercial;0;0;2;1;0;0;0;1;0;0;0;0;-38,506787;-3,796502;;;
253273;10;1;2015;08:00;0;RD BR 116;;;2000;KM-02;Colisão Lateral;Luz do Dia;Bom;Seca;Meio de Quadra;Não Há Controle;Comercial;0;0;2;1;0;0;0;1;0;0;0;0;-38,516780;-3,771391;;;
257796;10;1;2015;18:32;0;RD CE-040;;;;KM-05;Colisão;;;Seca;Meio de Quadra;;;0;0;2;1;0;0;0;0;0;0;0;0;-38,480349;-3,790876;;;
257800;10;1;2015;19:09;1272;RUA JOAQUIM NABUCO;AV DOM LUIS;;;;Colisão;;;;Cruz;Gesto;Comercial;0;0;2;0;0;0;0;0;0;0;0;0;-38,500333;-3,732301;;;
257809;10;1;2015;19:28;0;AV WASHINGTON LUIS;;;1199;;Colisão;;;;Meio de Quadra;;;0;0;2;1;0;0;0;0;0;1;0;0;;;;;
259895;10;1;2015;01:22;0;AV GOV RAUL BARBOSA;;;;;Queda;;;;Meio de Quadra;;;0;1;0;0;0;0;0;0;0;1;0;0;;;;;
259900;10;1;2015;04:59;7888;RUA TOMAS ACIOLI;AV DES MOREIRA;;;;Colisão;;;;Cruz;;Comercial;0;2;0;0;0;0;0;0;0;1;0;0;-38,501963;-3,747526;;;
259903;10;1;2015;06:25;0;AV GAL MURILO BORGES;;;;;Colisão;Luz do Dia;;;Meio de Quadra;;;0;1;1;0;0;0;0;0;0;0;0;0;-38,497133;-3,767708;;;
259905;10;1;2015;07:02;0;AV COSTA OESTE;;;;;Queda;Luz do Dia;;;Meio de Quadra;;;0;1;0;0;0;0;0;0;0;1;0;0;;;;;
259907;10;1;2015;09:22;0;AV PRO JOSE ARTHUR CARVALHO;;;;;Colisão;Luz do Dia;;;Meio de Quadra;;;0;1;1;1;0;0;0;0;0;1;0;0;;;;;
259908;10;1;2015;11:18;0;AV HERACLITO GRACA;;;;;Atropelamento;Luz do Dia;;;Meio de Quadra;;;0;2;0;0;0;0;0;0;0;1;0;0;-38,515228;-3,736502;;;
259911;10;1;2015;13:48;4213;RUA BAR CRATO;RUA RAQUEL HOLANDA;;;;Colisão;Luz do Dia;;;Cruz;Pare;Residencial;0;1;1;1;0;0;0;0;0;1;0;0;-38,558927;-3,721069;;;
259914;10;1;2015;16:28;0;AV WASHINGTON LUIS;;;;;Atropelamento;Luz do Dia;;;Meio de Quadra;;;0;2;0;0;0;0;0;0;0;1;0;0;;;;;
259915;10;1;2015;17:23;5555;RUA PASSEIO DOS CAJUEIROS;AL TELMA;;;;Queda;Anoitecer;;;;;;0;1;0;0;0;0;0;0;0;1;0;0;-38,468612;-3,751858;;;
259920;10;1;2015;21:34;0;RUA DOM QUINTINO;;;;;Colisão;;;;Meio de Quadra;;;0;1;2;0;0;0;0;0;0;0;0;0;;;;;
259921;10;1;2015;22:24;0;RUA MOURA MATOS;;;;;Colisão;;;;Meio de Quadra;;;0;1;1;0;0;0;0;0;0;0;0;0;-38,543175;-3,812800;;;
257885;10;1;2015;20:39;0;RUA EDUARDO SABOIA;;;;;Colisão;;;;Meio de Quadra;;;0;0;2;1;0;0;0;0;0;0;0;0;;;;;
257886;10;1;2015;20:45;17416;RUA EDITE BRAGA;RUA ELVIRA PINHO;;;;Atropelamento;;;;Cruz;Pare;Residencial;0;1;1;1;0;0;0;0;0;0;0;0;-38,553552;-3,768064;;;
257888;10;1;2015;21:11;0;AV PRS CASTELO BRANCO;;;2389;;Colisão;;;;Meio de Quadra;;;0;0;2;1;0;0;0;0;0;1;0;0;-38,549283;-3,713505;;;
257882;10;1;2015;20:25;0;AV MACIEL BEZERRA;;;;;Choque c/ Obstáculo Fixo;;;;Meio de Quadra;;;0;0;1;1;0;0;0;0;0;0;0;0;;;;;
257879;10;1;2015;19:37;0;RUA JARDIM FLUMINENSE;;;996;RONY SUPER;Atropelamento;;;;Meio de Quadra;;;1;0;1;0;0;0;0;0;0;1;0;0;;;;;
257880;10;1;2015;19:58;0;AV JOR THOMAZ COELHO;;;;;Colisão;;;;Meio de Quadra;;;0;0;2;0;0;0;0;0;0;1;0;0;;;;;
257894;10;1;2015;21:56;983;RUA PARAGUACU D45;RUA EDUARDO MOTA;;;;Colisão;;;;;;;0;0;2;1;0;0;0;0;0;1;0;0;-38,539693;-3,787254;;;
257895;10;1;2015;22:35;0;RUA PORTO VELHO;;;67;;Colisão;;;;Meio de Quadra;;;0;0;4;1;0;0;0;0;0;0;0;0;-38,581446;-3,768954;;;
257916;10;1;2015;22:44;0;AV CONTORNO SUL;;;202;;Colisão;;;;Meio de Quadra;;;0;0;2;1;0;0;0;0;0;0;0;0;;;;;
257917;10;1;2015;23:01;0;AV BEZERRA DE MENEZES;;;2572;;Colisão;;;;Meio de Quadra;;;0;0;2;1;0;0;0;0;0;0;0;0;-38,567461;-3,736300;;;
257919;10;1;2015;23:04;0;AV ROGACIANO LEITE;;;1800;;Colisão;;;;Meio de Quadra;;;0;0;2;1;0;0;0;0;0;1;0;0;-38,498040;-3,770479;;;
257922;10;1;2015;23:15;0;RUA BAIXA DO MILAGRE;;;2930;;Choque c/ Obstáculo Fixo;;;;Meio de Quadra;;;0;0;1;1;0;0;0;0;0;0;0;0;-38,604709;-3,728477;;;
257923;10;1;2015;23:19;0;RUA G ESPL CASTELAO;;;;;Colisão;;;;Meio de Quadra;;;0;0;2;1;0;0;0;0;0;1;0;0;;;;;
257929;10;1;2015;23:32;0;RUA MANUEL DE QUEIROZ;;;525;;Colisão;;;;Meio de Quadra;;;0;0;2;1;0;0;0;0;0;0;0;0;;;;;
247804;10;1;2015;18:30;0;RUA OSCAR ARARIPE;;;3958;;Colisão Frontal;Via Iluminada;Bom;Seca;Meio de Quadra;Não Há Controle;Residencial;0;1;1;0;0;0;1;0;0;1;0;0;;;;;
247815;10;1;2015;16:00;0;AV SANTOS DUMONT;;;3130;;Colisão Lateral;Luz do Dia;Bom;Seca;Meio de Quadra;Semáforo Intermitente;Comercial;0;0;2;1;1;0;0;0;0;0;0;0;-38,496531;-3,736834;;;
247816;10;1;2015;12:30;5117;RUA RUFINO DE ALENCAR;RUA BORIS;;;;Outros;Anoitecer;Bom;Seca;T;Pare;Comercial;0;0;2;1;0;0;0;0;0;0;0;0;-38,521067;-3,723953;;;
247817;10;1;2015;13:30;5089;RUA DR JOAO MOREIRA;RUA MAJ FACUNDO;;;;Colisão Lateral;Luz do Dia;Bom;Seca;Cruz;Não Há Controle;Comercial;0;0;2;1;0;0;0;0;0;0;0;0;-38,526361;-3,723042;;;
247810;10;1;2015;09:50;53;RUA PDE PERDIGAO SAMPAIO;RUA CEL JOAQUIM FRANKLIN;;;;Colisão Transversal;Luz do Dia;Bom;Seca;Cruz;Pare;Residencial;0;1;1;0;0;0;0;0;0;1;0;0;-38,594164;-3,743393;;;
247811;10;1;2015;13:50;5082;RUA BAR RIO BRANCO;RUA DR JOAO MOREIRA;;;;Colisão Lateral;Luz do Dia;Bom;Seca;Cruz;Semáforo;Comercial;0;0;2;0;1;0;0;0;0;0;0;0;-38,527092;-3,722797;;;
247826;10;1;2015;10:10;0;AV ANTONIO SALES;;;3900;;Colisão Traseira;Luz do Dia;Bom;Seca;Meio de Quadra;Não Há Controle;Comercial;0;0;2;1;0;0;0;0;0;0;0;0;;;;;
247827;10;1;2015;09:50;25071;AV DOS EXPEDICIONARIOS;RUA TEODORICO BARROSO;;;;Colisão Transversal;Luz do Dia;Bom;Seca;Cruz;Pare;Residencial;0;1;1;1;0;0;0;0;1;0;0;0;-38,541696;-3,766646;;;
247828;10;1;2015;08:50;0;AV ALBERTO CRAVEIRO;;;;;Colisão Traseira;Amanhecer;Bom;Seca;Meio de Quadra;Dê Preferência;Comercial;0;0;2;1;0;0;0;0;0;0;0;0;;;;;
247829;10;1;2015;10:30;0;AV DOS EXPEDICIONARIOS;;;10181;;Choque c/ Obstáculo Fixo;Luz do Dia;Bom;Seca;Meio de Quadra;Não Há Controle;Residencial;1;0;0;1;0;0;0;0;0;0;0;0;-38,554222;-3,807870;;;
247830;10;1;2015;20:30;25279;AV ROGACIANO LEITE;RUA DES WALDEMAR ALVES PEREIRA;;;;Colisão Lateral;Via Iluminada;Bom;Seca;Cruz;Pare;Residencial;0;1;1;1;0;0;0;0;0;1;0;0;;;;;
247831;10;1;2015;09:00;0;RUA ITAREMA;;;604;;Colisão Lateral Sentido Oposto;Luz do Dia;Bom;Seca;Meio de Quadra;Pare;Residencial;0;0;2;1;0;0;0;0;0;0;0;0;;;;;
247832;10;1;2015;16:20;19068;RUA PRO SILAS RIBEIRO;AV ENG SANTANA JUNIOR;;;;Colisão Traseira;Anoitecer;Bom;Seca;Cruz;Semáforo Intermitente;Comercial;0;0;2;1;0;0;0;0;0;0;0;0;-38,482901;-3,736968;;;
247833;10;1;2015;21:00;0;RUA ANA BILHAR;;;1159;;Colisão Transversal;Mal Iluminada;Bom;Seca;Meio de Quadra;Não Há Controle;Comercial;0;1;1;1;0;0;0;0;0;1;0;0;-38,489554;-3,731446;;;
247834;10;1;2015;06:20;0;AV GAL MURILO BORGES;;;;;Choque c/ Obstáculo Fixo;;Bom;Seca;Meio de Quadra;;;0;1;0;1;0;0;0;0;0;0;0;0;-38,497133;-3,767708;;;
247835;10;1;2015;10:00;15347;RUA TIBURCIO CAVALCANTE;AV DOM LUIS;;;;Colisão Lateral;Luz do Dia;Bom;Seca;T;Semáforo;Comercial;0;0;2;1;1;0;0;0;0;0;0;0;-38,501313;-3,732021;;;
247836;10;1;2015;12:30;0;AV PRS COSTA E SILVA;;;3601;;Colisão Traseira;Luz do Dia;Bom;Seca;Meio de Quadra;Não Há Controle;Residencial;0;1;1;1;0;0;0;0;0;1;0;0;-38,548554;-3,823879;;;
247837;10;1;2015;10:05;0;AV LUCIANO CARNEIRO;;;;;Colisão Traseira;Luz do Dia;Bom;Seca;Meio de Quadra;Não Há Controle;Comercial;0;0;2;1;0;0;0;0;0;0;0;0;;;;;
247839;10;1;2015;11:00;0;RUA SEN POMPEU;;;2704;;Colisão Traseira;Luz do Dia;Bom;Seca;Meio de Quadra;;;0;0;2;1;0;0;0;0;0;1;0;0;-38,534274;-3,742277;;;
247823;10;1;2015;13:20;20091;AV DEP PAULINO ROCHA;RUA REGINA DE FATIMA;;;;Colisão Traseira;Luz do Dia;Bom;Seca;T;Não Há Controle;Residencial;0;2;1;0;1;0;0;0;0;1;0;0;-38,523443;-3,808811;;;
247819;10;1;2015;12:30;5366;AV DUQ CAXIAS;RUA SEN POMPEU;;;;Colisão;Luz do Dia;Bom;Seca;Cruz;Gesto;Comercial;0;0;2;1;0;0;1;0;0;0;0;0;-38,530994;-3,731430;;;
247820;10;1;2015;13:08;0;RUA ELCIAS LOPES;;;494;;Colisão Transversal;Luz do Dia;Bom;Seca;Meio de Quadra;;;0;1;1;1;0;0;0;0;0;1;0;0;-38,555763;-3,771071;;;
247813;10;1;2015;13:50;24372;AV LUCIANO CARNEIRO;RUA ALM RUFINO;;;;Colisão Transversal;Luz do Dia;Bom;Seca;Cruz;Semáforo;Comercial;0;0;2;1;0;0;0;0;0;0;0;0;-38,537195;-3,766580;;;
256863;10;1;2015;10:45;0;AV BEZERRA DE MENEZES;;;2992;;Colisão;Luz do Dia;;;Meio de Quadra;;;0;0;2;0;0;0;1;0;0;0;0;0;;;;;
256866;10;1;2015;08:26;0;AV SEN CARLOS JEREISSATI (AEROPORTO);;;;KM 02;Colisão;Luz do Dia;;Seca;Meio de Quadra;;;0;1;1;1;0;0;0;0;0;1;0;0;-38,529156;-3,783932;;;
256870;10;1;2015;14:25;65;RUA HUGO VITOR;RUA MARTINS NETO;;;;Colisão;Luz do Dia;;;Cruz;Pare;Misto;0;0;2;1;0;0;0;0;0;0;0;0;-38,591458;-3,740726;;;
256874;10;1;2015;18:36;23688;RUA GABRIEL FIUZA;RUA DR ESTENIO GOMES;;;;Colisão;;;;;;;0;2;0;1;0;0;0;0;0;1;0;0;-38,579286;-3,787655;;;
247782;10;1;2015;20:15;0;RUA MIN ALBUQUERQUE LIMA;;;;;Colisão Frontal;Via Iluminada;Bom;Seca;Meio de Quadra;Pare;Comercial;0;0;2;1;0;0;0;0;0;0;0;0;;;;;
273494;10;1;2015;19:00;0;RUA JOAQUIM ALVES;;;169;;Colisão Lateral;Anoitecer;Bom;Seca;Outros;Outros;Comercial;0;0;1;1;0;0;0;0;0;0;0;0;-38,511492;-3,722335;;;
257526;10;1;2015;15:29;0;RUA LUIS GIRAO;;;365;;Colisão;Luz do Dia;;;Meio de Quadra;;;0;0;2;1;0;0;0;0;0;0;0;0;-38,482416;-3,799039;;;
257520;10;1;2015;01:24;24244;RUA FAUSTO CABRAL;RUA SOLON ONOFRE;;;;Colisão;;;;Cruz;Pare;Residencial;0;0;2;1;0;0;0;0;0;0;0;0;-38,472778;-3,734718;;;
257509;10;1;2015;14:53;10368;RUA JOSE MENDONCA;RUA NOSSA SRA APARECIDA;;;;Colisão;Luz do Dia;;;Cruz;Pare;;0;0;2;1;0;0;0;1;0;0;0;0;-38,602332;-3,757921;;;
257497;10;1;2015;00:10;0;AV BAR STUDART;;;1001;;Colisão;;;;Meio de Quadra;;;0;0;2;1;1;0;0;0;0;0;0;0;-38,505880;-3,732363;;;
257500;10;1;2015;00:14;0;RUA EMILIA GONCALVES;;;651;;Colisão;;;;Meio de Quadra;;;0;1;1;1;0;0;0;0;0;1;0;0;-38,594724;-3,728580;;;
257501;10;1;2015;14:04;0;RUA REV BOLIVAR P BANDEIRA;;;1109;;Colisão;Luz do Dia;;;Meio de Quadra;;;0;0;1;0;0;0;0;0;0;0;0;0;;;;;
257502;10;1;2015;14:20;10007;RUA ANTONIO NERY;RUA TEODORO DE CASTRO;;;;Colisão;Luz do Dia;;;Cruz;Pare;Residencial;0;0;2;1;0;0;1;0;0;0;0;0;-38,600953;-3,780899;;;
257503;10;1;2015;00:25;0;RUA TEN JURANDIR ALENCAR;;;;;Atropelamento;;;;Meio de Quadra;;;0;0;2;0;0;0;0;0;0;1;0;0;;;;;
257505;10;1;2015;11:26;0;RUA BAR AQUIRAZ;;;39;;Colisão;Luz do Dia;;;Meio de Quadra;;;0;1;1;0;0;0;0;0;0;1;0;0;;;;;
257506;10;1;2015;00:42;15298;RUA BARBOSA DE FREITAS;RUA ANA BILHAR;;;;Colisão;;;;Cruz;Pare;Residencial;0;0;2;1;0;0;0;0;0;1;0;0;-38,495143;-3,729646;;;
257507;10;1;2015;14:51;25029;AV CEL CARVALHO;RUA TEN ELIEZER COSTA;;;;Colisão;Luz do Dia;;;Cruz;Pare;Comercial;0;0;2;1;0;0;0;0;0;0;0;0;-38,589633;-3,710718;;;
257528;10;1;2015;15:33;0;AV EDILSON B SOARES;;;923;;Colisão;Luz do Dia;;;Meio de Quadra;;;0;0;2;1;0;0;0;0;0;0;0;0;-38,477495;-3,789186;;;