COD_ACIDENTE;DIA;MES;ANO;HORA;INTERSECAO;LOG1;LOG2;LOG3;NUMERO;REFERENCIA;NATUREZA;ILUMINACAO;TEMPO;SUPERFICIEPISTA;TIPOCRUZAMENTO;CONTROLETRAFEGO;USOSOLO;MORTOS;FERIDOS;ILESOS;AUTOMOVEL;ONIBUS;BICICLETA;CAMINHAO;MICROONIBUS;CICLOMOTOR;MOTOCICLETA;TRACAOANIMAL;TREM;LONG;LAT;;;
257529;10;1;2015;02:41;19328;RUA EDUARDO PERDIGAO;RUA CON DE CASTRO;;;;Engavetamento;;;;Cruz;Não Há Controle;Comercial;0;0;3;1;0;0;0;0;0;0;0;0;-38,564769;-3,775579;;;
257530;10;1;2015;15:36;0;RUA 30 DE OUTUBRO;;;285;;Colisão;Luz do Dia;;;Meio de Quadra;;;0;0;2;1;0;0;1;0;0;0;0;0;-38,580471;-3,766297;;;
257541;10;1;2015;17:19;0;AV DEP PAULINO ROCHA;;;;;Colisão;Anoitecer;;;Meio de Quadra;;;0;0;2;1;0;0;0;0;0;1;0;0;;;;;
257542;10;1;2015;17:24;19703;RUA GUSTAVO SAMPAIO;RUA PEDRO DE QUEIROZ;;;;Colisão;Anoitecer;;;Cruz;Pare;Rural;0;0;2;0;0;0;0;0;0;1;0;0;-38,560577;-3,736097;;;
257544;10;1;2015;17:43;0;RUA RAUL CABRAL;;;103;;Colisão;Anoitecer;;;Meio de Quadra;;;0;0;2;1;0;0;0;0;0;1;0;0;-38,539249;-3,770611;;;
257545;10;1;2015;17:46;0;RUA CARLOS AMORA;;;;;Colisão;Anoitecer;;;Meio de Quadra;;;0;0;2;1;1;0;0;0;0;0;0;0;;;;;
257537;10;1;2015;16:03;5307;RUA PRC ISABEL;AV DUQ CAXIAS;;;;Colisão;Luz do Dia;;;Cruz;Semáforo;Misto;0;0;2;1;0;0;0;0;0;0;0;0;-38,536407;-3,729687;;;
257551;10;1;2015;18:06;7403;AV SEN FERNANDES TAVORA;RUA ARACAJU;;;;Colisão;Anoitecer;;;Cruz;Outros;Comercial;0;1;1;1;0;0;0;0;0;1;0;0;-38,587377;-3,759398;;;
257552;10;1;2015;18:15;7102;RUA ROMEU ALDIGUERI;RUA FELIPE CAMARAO;;;;Colisão;Anoitecer;;;;;;0;0;2;0;0;0;0;0;0;1;0;0;-38,567565;-3,706708;;;
257449;10;1;2015;12:53;6756;AV ANTONIO SALES;AV ENG SANTANA JUNIOR;;;;Colisão;Luz do Dia;;;Outros;Não Há Controle;Comercial;0;0;3;1;0;0;0;0;0;1;0;0;-38,490039;-3,749257;;;
257446;10;1;2015;12:33;0;RUA FRANCO ROCHA;;;502;;Colisão;Luz do Dia;;;Meio de Quadra;;;0;2;1;0;0;0;0;0;0;1;0;0;;;;;
257447;10;1;2015;12:44;0;RUA 104 CJ NOVO MONDUBIM;;;;;Colisão;Luz do Dia;;;Meio de Quadra;;;0;0;2;0;0;0;0;0;0;0;0;0;;;;;
257427;10;1;2015;11:26;18404;AV SGT HERMINIO SAMPAIO;AV GOV PARSIFAL BARROSO;;;;Colisão;Luz do Dia;;;Cruz;Semáforo;Residencial;0;0;2;1;0;0;0;0;0;0;0;0;-38,569276;-3,727916;;;
257424;10;1;2015;11:09;0;AV PERIMETRAL;;;390;;Colisão;Luz do Dia;;;Meio de Quadra;;;0;1;1;1;0;0;0;0;0;1;0;0;;;;;
257425;10;1;2015;11:14;0;RUA GURGEL DO AMARAL;;;1093;;Colisão;Luz do Dia;;;Meio de Quadra;;;0;0;3;1;0;0;0;0;0;1;0;0;-38,486381;-3,835587;;;
257422;10;1;2015;11:01;0;AV N CJ JOSE WALTER;;;2196;;Colisão;Luz do Dia;;;Meio de Quadra;;;0;1;1;1;0;0;0;0;0;1;0;0;-38,562407;-3,841311;;;
257419;10;1;2015;10:48;315;RUA NESTOR BARBOSA;RUA GAL PIRAGIBE;;;;Colisão;Luz do Dia;;;Cruz;Pare;Residencial;0;0;2;1;0;0;0;0;0;1;0;0;-38,556613;-3,744282;;;
257415;10;1;2015;10:37;4733;AV WASHINGTON SOARES;AV MIN JOSE AMERICO;;;;Colisão;Luz do Dia;;;;Dê Preferência;Outros;0;0;2;1;0;0;0;0;0;0;0;0;-38,479419;-3,812650;;;
257417;10;1;2015;10:43;0;AV GAL OSORIO DE PAIVA;;;4075;;Colisão;Luz do Dia;;;Meio de Quadra;;;0;0;3;1;0;0;0;0;0;0;0;0;-38,590502;-3,792839;;;
257412;10;1;2015;06:33;0;RUA RIO GRANDE DO SUL;;;357;;Colisão;Luz do Dia;;;Meio de Quadra;;;0;0;2;1;0;0;0;0;0;1;0;0;-38,563586;-3,752410;;;
257405;10;1;2015;03:12;1273;RUA DR JOSE LOURENCO;AV SANTOS DUMONT;;;;Colisão;;;;Cruz;Pare;Comercial;0;0;2;1;1;0;0;0;0;0;0;0;-38,507380;-3,733299;;;
257407;10;1;2015;05:18;0;RUA CATOLE;;;2813;;Choque c/ Obstáculo Fixo;Amanhecer;;;Meio de Quadra;;;0;0;1;1;0;0;0;0;0;0;0;0;;;;;
257409;10;1;2015;06:22;0;AV D CJ JOSE WALTER;;;;;Choque c/ Obstáculo Fixo;Luz do Dia;;;Meio de Quadra;;;0;0;1;1;0;0;0;0;0;0;0;0;;;;;
257410;10;1;2015;06:23;0;RUA OSCAR BEZERRA ARAUJO;;;1750;;Colisão;Luz do Dia;;;Meio de Quadra;;;0;0;2;1;0;0;0;0;0;0;0;0;;;;;
257403;10;1;2015;03:04;9072;AV 13 DE MAIO;AV PONTES VIEIRA;;;;Colisão;;;;;;;0;0;2;0;1;0;0;0;0;0;0;0;-38,520486;-3,753544;;;
258946;10;1;2015;23:30;0;AV WASHINGTON SOARES;;;1141;;Colisão;;;Seca;Meio de Quadra;;;0;0;2;1;0;0;0;0;0;0;0;0;-38,482366;-3,767271;;;
257101;11;1;2015;09:14;10730;AV SEN FERNANDES TAVORA;RUA VITORIA (AV. PERIMETRAL);;;;Colisão;Luz do Dia;;;Cruz;Semáforo Intermitente;Comercial;1;0;1;1;0;0;0;0;0;1;0;0;-38,585903;-3,760193;;;
257554;11;1;2015;05:58;14679;AV OLIVEIRA PAIVA;RUA PDE JANUARIO CAMPOS;;;;Colisão;Amanhecer;;;T;Semáforo;Comercial;0;0;2;1;0;0;0;0;0;0;0;0;-38,489646;-3,796018;;;
257538;11;1;2015;03:27;0;AV DR SILAS MUNGUBA;;;2801;;Colisão;;;;Meio de Quadra;;;0;2;0;1;0;0;0;0;0;0;0;0;-38,547882;-3,787583;;;
257539;11;1;2015;04:30;0;AV EDILSON B SOARES;;;145;;Colisão;;;;Meio de Quadra;;;0;0;2;1;0;0;0;0;0;0;0;0;-38,484360;-3,789782;;;
257550;11;1;2015;04:41;8643;AV ENG LEAL LIMA VERDE (SAPIRANGA/COITE);AV EDILSON B SOARES;;;;Colisão;;;;Cruz;Não Há Controle;Lazer;0;0;2;1;0;0;0;0;0;0;0;0;-38,476215;-3,789082;;;
257560;11;1;2015;06:32;0;AV DOM MANUEL;;;;;Queda;Luz do Dia;;;Meio de Quadra;;;0;1;1;0;0;0;0;0;0;1;0;0;;;;;
257561;11;1;2015;06:45;22093;AV JOSE BASTOS;RUA ALEXANDRE BARAUNA;;;;Choque c/ Obstáculo Fixo;Luz do Dia;;;Cruz;Semáforo;Misto;0;0;1;1;0;0;0;0;0;0;0;0;-38,549978;-3,749516;;;
257562;11;1;2015;07:23;0;AV DR SILAS MUNGUBA;;;;;Colisão;Luz do Dia;;;Meio de Quadra;;;0;0;2;1;0;0;0;0;0;0;0;0;;;;;
257558;11;1;2015;06:24;0;RUA LINS DO REGO;;;;;Choque c/ Obstáculo Fixo;Luz do Dia;;;Meio de Quadra;;;0;0;1;1;0;0;0;0;0;0;0;0;;;;;
257567;11;1;2015;08:19;0;RUA CARLOS MAGNO;;;601;;Choque c/ Obstáculo Fixo;Luz do Dia;;;Meio de Quadra;;;0;0;1;1;0;0;0;0;0;0;0;0;;;;;
257568;11;1;2015;08:26;7393;RUA AUDISIO PINHEIRO;RUA PRO EDGAR DE ARRUDA;;;;Colisão;Luz do Dia;;;Cruz;Pare;Residencial;0;0;2;1;0;0;0;0;0;0;0;0;-38,587846;-3,756603;;;
257534;11;1;2015;00:01;0;AV ABOLICAO;;;;;Atropelamento;;;;Meio de Quadra;;;0;1;1;1;0;0;0;0;0;0;0;0;;;;;
257570;11;1;2015;08:29;10749;AV SEN FERNANDES TAVORA;RUA PRO HERIBALDO COSTA;;;;Colisão;Luz do Dia;;;Cruz;Semáforo;Comercial;0;0;2;0;0;0;0;0;0;1;0;0;-38,584384;-3,761006;;;
257572;11;1;2015;10:35;0;RUA JULIO MACIEL D35;;;1315;;Choque c/ Obstáculo Fixo;Luz do Dia;;;Meio de Quadra;;;0;0;1;1;0;0;0;0;0;0;0;0;-38,580963;-3,770238;;;
257573;11;1;2015;10:38;5090;RUA GUILHERME ROCHA;RUA OTO DE ALENCAR;;;;Colisão;Luz do Dia;;;Cruz;Semáforo;Comercial;0;0;2;1;0;0;0;0;0;1;0;0;-38,540079;-3,723058;;;
257576;11;1;2015;11:04;0;RUA DNA MENDINHA;;;;;Choque c/ Obstáculo Fixo;Luz do Dia;;;Meio de Quadra;;;0;0;1;1;0;0;0;0;0;0;0;0;;;;;
257585;11;1;2015;14:11;10409;RUA DAS PEDRINHAS;AV GENIBAU;;;;Colisão;Luz do Dia;;;Cruz;Pare;Residencial;0;0;2;1;0;0;0;0;0;0;0;0;-38,599888;-3,760779;;;
257589;11;1;2015;15:06;0;RUA MARIA JULIA;;;1927;;Colisão;Luz do Dia;;;Meio de Quadra;;;0;0;2;1;0;0;0;0;0;1;0;0;-38,603348;-3,802193;;;
257590;11;1;2015;15:35;0;AV GENIBAU;;;641;;Colisão;Luz do Dia;;;Meio de Quadra;;;0;0;2;1;0;0;0;0;0;0;0;0;-38,599828;-3,760827;;;
257591;11;1;2015;15:56;0;RUA TOMAS RODRIGUES;;;315;;Colisão;Luz do Dia;;;Meio de Quadra;;;0;0;2;1;0;0;0;0;0;0;0;0;;;;;
257593;11;1;2015;13:15;17393;RUA PRO TEODORICO;RUA JOAO FIRMINO;;;;Colisão;Luz do Dia;;;T;Pare;Residencial;0;1;1;1;0;0;0;0;0;1;0;0;-38,557287;-3,767378;;;
257596;11;1;2015;18:05;5106;RUA GUILHERME ROCHA;RUA AGAPITO DOS SANTOS;;;;Colisão;Anoitecer;;;Cruz;Pare;Residencial;0;0;2;1;1;0;0;0;0;0;0;0;-38,538124;-3,723675;;;
257606;11;1;2015;20:06;15796;RUA PERGENTINO MAIA;RUA CEL GUILHERME ALENCAR;;;;Colisão Frontal;;;;Cruz;;Comercial;0;0;2;1;0;0;0;0;0;1;0;0;-38,491724;-3,831012;;;
257607;11;1;2015;20:23;22159;RUA PRO COSTA MENDES;AV JOSE BASTOS;;;;Colisão;;;;Outros;Não Há Controle;Residencial;0;0;2;1;1;0;0;0;0;0;0;0;-38,551247;-3,750784;;;
257610;11;1;2015;17:38;21611;RUA JOAO RAMALHO;RUA COM GARCIA;;;;Colisão;Anoitecer;;;Cruz;Pare;Residencial;0;1;1;1;0;0;0;0;0;1;0;0;-38,588536;-3,799067;;;
257614;11;1;2015;20:54;0;RUA SOUSA PINTO;;;374;;Atropelamento;;;;Meio de Quadra;;;0;0;2;0;0;0;0;0;0;1;0;0;-38,515624;-3,762503;;;
257615;11;1;2015;21:27;0;AV SANTOS DUMONT;;;1859;;Colisão;;;;Meio de Quadra;;;0;0;2;1;0;0;0;0;0;0;0;0;-38,507301;-3,733324;;;
257616;11;1;2015;21:29;0;AV OLAVO BILAC;;;;;Colisão;;;;Meio de Quadra;;;0;0;2;1;0;0;0;0;0;0;0;0;;;;;
257623;11;1;2015;21:58;0;RUA TIRADENTES;;;174;;Colisão;;;;Meio de Quadra;;;0;0;2;1;0;0;0;0;0;1;0;0;-38,546546;-3,744395;;;
257618;11;1;2015;18:38;8633;AV EDILSON B SOARES;AV PRS ARTUR BERNARDES;;;;Colisão;;;;T;Gesto;Escola;0;1;1;1;0;0;0;0;0;1;0;0;-38,472009;-3,788718;;;
257621;11;1;2015;21:56;0;AV DIOGUINHO;;;5508;;Colisão;;;;Meio de Quadra;;;0;0;2;1;0;1;0;0;0;0;0;0;-38,442726;-3,762613;;;
256880;11;1;2015;22:35;0;AV PRS CASTELO BRANCO;;;4739;;Colisão;;;;Meio de Quadra;;;0;1;1;1;0;0;0;0;0;1;0;0;-38,574165;-3,706292;;;
247824;11;1;2015;16:40;6788;AV SANTOS DUMONT;RUA DES WALDETARIO P MOTA;;;;Colisão Traseira;Luz do Dia;Bom;Seca;Cruz;Semáforo;Comercial;0;2;1;1;0;0;0;0;0;1;0;0;-38,483309;-3,741093;;;
247841;11;1;2015;12:00;9176;AV AGUANAMBI;AV EDUARDO GIRAO;;;;Colisão Lateral;Luz do Dia;Bom;Seca;Rotatória;Semáforo;Comercial;0;0;2;1;0;0;0;1;0;0;0;0;-38,523639;-3,755303;;;
247842;11;1;2015;08:10;1453;AV HERACLITO GRACA;AV RUI BARBOSA;;;;Colisão Transversal;Luz do Dia;Chuva;Seca;Cruz;Semáforo Danificado;Comercial;0;0;2;1;0;0;0;0;0;0;0;0;-38,510199;-3,738357;;;
247843;11;1;2015;10:00;22719;RUA EUCLIDES O DE SOUSA;AV ENG LEAL LIMA VERDE (SAPIRANGA/COITE);;;;Colisão Transversal;Luz do Dia;Bom;Seca;Cruz;Pare;Residencial;1;1;1;1;0;0;0;0;0;1;0;0;-38,475497;-3,797866;;;
247844;11;1;2015;00:30;6043;AV C CJ CEARA;RUA 206 CJ CEARA;;;;Colisão Lateral;Via Iluminada;Bom;Seca;T;Pare;Residencial;0;1;1;0;0;0;0;0;0;1;0;0;-38,610657;-3,765461;;;
247845;11;1;2015;04:10;11191;AV DR SILAS MUNGUBA;RUA JOSE MENELEU D41;;;;Colisão Transversal;Amanhecer;Bom;Seca;T;Não Há Controle;Comercial;0;3;1;1;0;0;0;0;0;0;0;0;-38,558016;-3,780972;;;
247846;11;1;2015;05:10;19667;AV BEZERRA DE MENEZES;RUA DOM LINO;;;;Colisão Traseira;Luz do Dia;;Seca;Cruz;Semáforo;Comercial;0;1;1;0;0;0;0;0;0;1;0;0;-38,557568;-3,734232;;;
247847;11;1;2015;08:10;0;AV BEZERRA DE MENEZES;;;146;;Colisão Traseira;Luz do Dia;Chuva;Seca;Meio de Quadra;Não Há Controle;Comercial;0;0;2;1;0;0;0;0;0;0;0;0;-38,541477;-3,730842;;;
247848;11;1;2015;13:00;0;RUA JARDIM FLUMINENSE;;;1800;;Capotamento;Luz do Dia;Bom;Seca;Meio de Quadra;Não Há Controle;Residencial;0;1;0;1;0;0;0;0;0;0;0;0;-38,604379;-3,808816;;;
247849;11;1;2015;01:00;23607;RUA BAR CRATO;RUA CAP NESTOR GOIS;;;;Capotamento;Via Iluminada;Bom;Seca;Cruz;Pare;Residencial;0;0;1;1;0;0;0;0;0;0;0;0;-38,561703;-3,721812;;;
247850;11;1;2015;14:10;0;AV JOR THOMAZ COELHO;;;1326;;Colisão Lateral;Luz do Dia;Bom;Seca;Meio de Quadra;Semáforo;Comercial;0;0;2;1;1;0;0;0;0;0;0;0;-38,507315;-3,830360;;;
247851;11;1;2015;09:40;5109;RUA DR JOAO MOREIRA;AV ALBERTO NEPOMUCENO;;;;Colisão Traseira;Luz do Dia;Bom;Seca;Cruz;Semáforo;Comercial;0;0;2;1;0;0;0;0;0;0;0;0;-38,524608;-3,723737;;;
247852;11;1;2015;00:40;19230;AV SANTOS DUMONT;RUA DR RIBAMAR LOBO;;;;Choque c/ Obstáculo Fixo;Via Iluminada;Nublado;Seca;Duplo T;Não Há Controle;Misto;0;1;0;1;0;0;0;0;0;0;0;0;-38,467858;-3,746060;;;
247853;11;1;2015;06:00;0;AV LAURO VIEIRA CHAVES;;;731;;Colisão;Luz do Dia;Nublado;Seca;Meio de Quadra;;Residencial;0;1;1;1;0;1;0;0;0;0;0;0;-38,532739;-3,772414;;;
247854;11;1;2015;18:40;4189;AV PRS CASTELO BRANCO;RUA FRANCISCO CORDEIRO;;;;Colisão Transversal;Via Iluminada;Bom;Seca;Cruz;Pare;Misto;0;1;1;1;0;0;0;0;0;1;0;0;-38,550593;-3,713113;;;
247855;11;1;2015;18:10;1273;AV SANTOS DUMONT;RUA DR JOSE LOURENCO;;;;Colisão Transversal;Via Iluminada;Bom;Seca;Cruz;Pare;Comercial;0;0;2;1;0;0;0;0;0;0;0;0;-38,507380;-3,733299;;;
247856;11;1;2015;17:50;0;AV DOM LUIS;;;;;Choque c/ Obstáculo Fixo;Anoitecer;Bom;Seca;Meio de Quadra;Não Há Controle;Comercial;0;0;1;1;0;0;0;0;0;0;0;0;;;;;
247857;11;1;2015;13:15;21756;RUA JOAO TINOCO;RUA CARLOS ARAUJO;;;;Colisão Lateral;Luz do Dia;Bom;Seca;Cruz;Pare;Residencial;0;0;1;1;0;0;0;0;0;0;0;0;-38,589820;-3,728784;;;
257940;11;1;2015;00:33;0;AV SANTOS DUMONT;;;6333;;Colisão;;;;Meio de Quadra;;;0;0;2;1;0;0;0;0;0;0;0;0;-38,475500;-3,743598;;;
257943;11;1;2015;00:34;5300;RUA PEDRO PEREIRA;RUA BAR RIO BRANCO;;;;Colisão;;;;Duplo T;Semáforo;Comercial;0;0;2;1;0;0;0;0;0;0;0;0;-38,529219;-3,729457;;;
257945;11;1;2015;01:37;0;AV CONTORNO NORTE D71;;;1262;;Colisão;;;;Meio de Quadra;;;0;0;2;0;0;0;0;0;0;1;0;0;-38,588671;-3,812834;;;
257949;11;1;2015;02:52;0;RUA DO JANGADEIRO;;;;;Choque c/ Obstáculo Fixo;;;;Meio de Quadra;;;0;0;2;1;0;0;0;0;0;0;0;0;;;;;
259761;11;1;2015;22:17;0;AV MIN JOSE AMERICO;;;;;Colisão;;;;Meio de Quadra;;;0;0;3;1;0;0;0;0;0;0;0;0;;;;;
259922;11;1;2015;03:11;0;RUA TEN BENEVOLO;;;;;Queda;;;;Meio de Quadra;;;0;1;0;0;0;0;0;0;0;1;0;0;;;;;
259925;11;1;2015;03:27;0;RUA MOURA MATOS;;;;;Colisão;;;;Meio de Quadra;;;0;0;2;0;0;0;0;0;0;0;0;0;;;;;
259926;11;1;2015;04:55;0;AV LINEU MACHADO;;;;;Colisão;;;;Meio de Quadra;;;0;1;1;0;0;0;0;0;0;0;0;0;-38,577375;-3,766806;;;
259934;11;1;2015;15:28;15152;AV ABOLICAO;AV BAR STUDART;;;;Colisão;Luz do Dia;;;;;;0;1;1;1;0;0;0;0;0;1;0;0;-38,503445;-3,724762;;;
259930;11;1;2015;05:35;0;AV SEN FERNANDES TAVORA;;;;;Colisão;Amanhecer;;;Meio de Quadra;;;0;1;1;1;0;0;0;0;0;1;0;0;-38,571286;-3,768776;;;
259932;11;1;2015;12:12;0;AV SEN FERNANDES TAVORA;;;;;Atropelamento;Luz do Dia;;;Meio de Quadra;;;0;1;1;1;0;0;0;0;0;0;0;0;-38,597339;-3,755300;;;
259938;11;1;2015;17:48;0;AV MR HULL;;;;;Queda;Anoitecer;;;Meio de Quadra;;;0;1;0;0;0;0;0;0;0;1;0;0;;;;;
259941;11;1;2015;19:07;0;AV ZEZE DIOGO;;;;;Colisão;;;;Meio de Quadra;;;0;1;1;1;0;0;0;0;0;1;0;0;;;;;
259942;11;1;2015;19:16;0;RUA MIN ANTONIO COELHO;;;;;Atropelamento;;;;Meio de Quadra;;;0;2;0;0;0;0;0;0;0;1;0;0;;;;;
259944;11;1;2015;21:00;0;RUA AGUA VERDE D30;;;;;Atropelamento;;;;Meio de Quadra;;;0;2;0;0;0;0;0;0;0;1;0;0;;;;;
259945;11;1;2015;22:10;0;AV GAL OSORIO DE PAIVA;;;;;Colisão;;;;Meio de Quadra;;;0;1;1;1;0;0;0;0;0;1;0;0;-38,606907;-3,809754;;;
257659;11;1;2015;23:21;0;AV SEN FERNANDES TAVORA;;;;;Choque c/ Obstáculo Fixo;;;;Meio de Quadra;;;0;1;0;1;0;0;0;0;0;0;0;0;;;;;
257631;11;1;2015;22:12;0;RUA PARAISO;;;1236;;Colisão;;;;Meio de Quadra;;;0;0;3;1;0;0;0;0;0;0;0;0;;;;;
257633;11;1;2015;22:55;0;AV FRE CIRILO;;;;;Colisão;;;;Meio de Quadra;;;0;0;2;0;0;0;0;1;0;1;0;0;;;;;
253280;11;1;2015;09:30;0;RD BR 116;;;6000;KM-06;Colisão Transversal;Luz do Dia;Bom;Seca;Meio de Quadra;Não Há Controle;Comercial;0;1;1;0;0;0;0;0;0;1;0;0;-38,503053;-3,804691;;;
253415;12;1;2015;17:40;0;RD BR 222;;;;KM-02;Colisão Traseira;Anoitecer;Bom;Seca;Meio de Quadra;Não Há Controle;Comercial;0;1;1;0;1;0;0;0;0;1;0;0;-38,586880;-3,738951;;;
257640;12;1;2015;00:43;0;RUA PDE PEDRO DE ALENCAR;;;605;;Colisão;;;;Meio de Quadra;;;0;0;2;1;0;0;0;0;0;0;0;0;-38,494051;-3,833247;;;
257647;12;1;2015;01:16;0;AV GODOFREDO MACIEL;;;1252;;Colisão;;;;Meio de Quadra;;;0;0;2;1;0;0;0;0;0;0;0;0;-38,566802;-3,787168;;;
257653;12;1;2015;01:23;0;RUA OSCAR FRANCA;;;;;Colisão;;;;Meio de Quadra;;;0;0;2;1;0;0;0;0;0;1;0;0;;;;;
257668;12;1;2015;03:00;0;RUA LINO AUGUSTINHO;;;1734;;Choque c/ Obstáculo Fixo;;;;Meio de Quadra;;;0;0;1;1;0;0;0;0;0;0;0;0;;;;;
257669;12;1;2015;03:47;0;AV CEL CARVALHO;;;178;;Colisão;;;;Meio de Quadra;;;0;0;2;1;0;0;0;0;0;0;0;0;-38,591308;-3,704404;;;
257671;12;1;2015;05:20;0;AV JOAO PESSOA;;;;;Choque c/ Obstáculo Fixo;Amanhecer;;;Meio de Quadra;;;0;0;1;1;0;0;0;0;0;0;0;0;;;;;
257673;12;1;2015;09:15;0;AV PRS COSTA E SILVA;;;790;;Colisão;Luz do Dia;;;Meio de Quadra;;;0;0;3;1;0;0;0;0;0;1;0;0;;;;;
257655;12;1;2015;01:39;12404;AV SEN FERNANDES TAVORA;AV LINEU MACHADO;;;;Colisão;;;;Cruz;Não Há Controle;Misto;0;0;2;1;0;0;0;0;0;0;0;0;-38,576540;-3,765199;;;
257656;12;1;2015;01:41;19328;RUA CON DE CASTRO;RUA EDUARDO PERDIGAO;;;;Colisão;;;;Cruz;Não Há Controle;Comercial;0;0;2;1;0;0;0;0;0;0;0;0;-38,564769;-3,775579;;;
257657;12;1;2015;01:55;0;AV OLIVEIRA PAIVA;;;13;;Colisão;;;;Meio de Quadra;;;0;0;2;1;0;0;0;0;0;1;0;0;;;;;
257676;12;1;2015;10:28;0;AV OLIVEIRA PAIVA;;;2939;;Colisão;Luz do Dia;;;Meio de Quadra;;;0;0;2;1;1;0;0;0;0;0;0;0;-38,481169;-3,795829;;;
257677;12;1;2015;10:49;1585;RUA PDE VALDEVINO;RUA TIBURCIO CAVALCANTE;;;;Colisão;Luz do Dia;;;Cruz;Semáforo;Residencial;0;0;2;1;0;0;0;0;0;0;0;0;-38,504815;-3,742915;;;
257681;12;1;2015;10:59;11722;RUA JULIO BRAGA;RUA GUARANI D35 (JOAO XXIII);;;;Colisão;Luz do Dia;;;Outros;Pare;Residencial;0;0;2;0;0;1;0;0;0;1;0;0;-38,585105;-3,773151;;;
257688;12;1;2015;12:30;9575;RUA SAO LUIZ DO OESTE;RUA TEODORO DE CASTRO;;;;Colisão;Luz do Dia;;;Cruz;Pare;Residencial;0;0;2;1;0;0;0;0;0;1;0;0;-38,609112;-3,778623;;;
257700;12;1;2015;13:11;0;RUA MONTE PASCOAL;;;1151;;Colisão;Luz do Dia;;;Meio de Quadra;;;0;0;2;0;0;0;0;0;0;1;0;0;;;;;
257705;12;1;2015;13:59;0;RUA GERMANO FRANCK;;;;;Colisão;Luz do Dia;;;Meio de Quadra;;;0;0;2;0;0;0;0;0;0;1;0;0;;;;;
257706;12;1;2015;14:05;12925;AV AGUANAMBI;AV DOMINGOS OLIMPIO;;;;Colisão;Luz do Dia;;;;;;0;0;2;1;0;0;1;0;0;0;0;0;-38,524628;-3,738683;;;
257710;12;1;2015;14:25;17378;RUA ALBERTO MAGNO;RUA ROMEU MARTINS;;;;Colisão;Luz do Dia;;;Cruz;Pare;Comercial;0;0;2;1;0;0;0;0;0;0;0;0;-38,551758;-3,766914;;;
257712;12;1;2015;14:33;5234;RUA NOGUEIRA ACIOLI;RUA PEREIRA FILGUEIRAS;;;;Colisão;Luz do Dia;;;Cruz;Pare;Residencial;0;0;2;1;0;0;0;0;0;0;0;0;-38,516029;-3,727333;;;
257718;12;1;2015;15:44;0;RUA ANDRE REBOUCAS;;;336;;Colisão;Luz do Dia;;;Meio de Quadra;;;0;0;2;1;0;0;0;0;0;1;0;0;-38,591018;-3,775741;;;
257719;12;1;2015;16:17;0;AV 13 DE MAIO;;;406;;Colisão;Luz do Dia;;;Meio de Quadra;;;0;0;2;1;0;0;0;0;0;1;0;0;-38,525158;-3,752886;;;
257720;12;1;2015;17:05;0;RUA ANTONIO ROCHA;;;605;;Colisão;Anoitecer;;;Meio de Quadra;;;0;0;2;0;0;0;0;0;0;1;0;0;;;;;
257721;12;1;2015;17:43;0;RUA DEMETRIO MENEZES;;;;;Colisão;Anoitecer;;;Meio de Quadra;;;0;0;2;1;0;0;0;0;0;1;0;0;;;;;
257722;12;1;2015;18:13;0;RUA GAL CLARINDO DE QUEIROZ;;;;;Colisão;Anoitecer;;;Meio de Quadra;;;0;0;2;1;0;0;0;0;0;0;0;0;;;;;
257723;12;1;2015;18:40;5328;AV DUQ CAXIAS;AV TRISTAO GONCALVES;;;;Colisão;;;;Cruz;Semáforo;Comercial;0;0;2;1;0;0;0;0;0;0;0;0;-38,534196;-3,730400;;;
257724;12;1;2015;18:45;0;RUA LUIS COSTA FILHO;;;46;;Colisão;;;;Meio de Quadra;;;0;1;1;0;0;0;0;0;0;1;0;0;-38,603128;-3,729833;;;
257727;12;1;2015;19:27;0;RUA GONCALVES LEDO;;;634;;Colisão;;;;;;;0;0;2;1;0;0;0;0;0;0;0;0;-38,515573;-3,729620;;;
257728;12;1;2015;19:27;0;AV DOS EXPEDICIONARIOS;;;4773;;Colisão;;;;Meio de Quadra;;;0;0;2;1;0;0;0;0;0;0;0;0;-38,539970;-3,760917;;;
257729;12;1;2015;19:55;0;AV ENG HUMBERTO MONTE;;;1035;;Colisão;;;;Meio de Quadra;;;0;0;2;0;0;1;0;0;0;1;0;0;-38,559870;-3,749944;;;
257731;12;1;2015;19:58;0;AV SORIANO ALBUQUERQUE;;;;;Colisão;;;;Meio de Quadra;;;0;0;2;1;0;0;0;0;0;0;0;0;;;;;
257732;12;1;2015;20:03;6817;RUA FRANCISCO MATOS;RUA BENTO ALBUQUERQUE;;;;Colisão;;;;Cruz;Pare;Residencial;0;0;2;1;0;0;0;0;0;1;0;0;-38,470436;-3,747862;;;
257733;12;1;2015;20:36;84;AV MR HULL;RUA PDE PERDIGAO SAMPAIO;;;;Colisão;;;;;;;0;0;2;0;0;0;0;1;0;1;0;0;-38,594635;-3,740113;;;
257734;12;1;2015;20:46;0;AV BEIRA MAR;;;;;Colisão;;;;Meio de Quadra;;;0;0;2;1;0;0;0;0;0;1;0;0;;;;;
257716;12;1;2015;15:29;15205;AV ABOLICAO;RUA OSVALDO CRUZ (ALDEOTA);;;;Colisão;Luz do Dia;;;Cruz;Semáforo;Residencial;0;0;2;1;1;0;0;0;0;0;0;0;-38,497445;-3,726690;;;
257738;12;1;2015;20:56;0;RUA GAL LIMA E SILVA;;;620;;Colisão;;;;Meio de Quadra;;;0;0;2;1;0;0;0;0;0;1;0;0;;;;;
257739;12;1;2015;21:06;15105;AV HIS RAIMUNDO GIRAO;RUA BAR ARACATI;;;;Colisão;;;;T;Não Há Controle;Outros;0;0;2;1;0;0;0;0;0;1;0;0;-38,508496;-3,722091;;;