COD_ACIDENTE;DIA;MES;ANO;HORA;INTERSECAO;LOG1;LOG2;LOG3;NUMERO;REFERENCIA;NATUREZA;ILUMINACAO;TEMPO;SUPERFICIEPISTA;TIPOCRUZAMENTO;CONTROLETRAFEGO;USOSOLO;MORTOS;FERIDOS;ILESOS;AUTOMOVEL;ONIBUS;BICICLETA;CAMINHAO;MICROONIBUS;CICLOMOTOR;MOTOCICLETA;TRACAOANIMAL;TREM;LONG;LAT;;;
257741;12;1;2015;21:55;0;RUA PRO VIRGILIO DE MORAIS;;;358;;Choque c/ Obstáculo Fixo;;;;Meio de Quadra;;;0;0;1;0;0;0;0;0;0;1;0;0;-38,596748;-3,751750;;;
257742;12;1;2015;22:00;155;RUA PDE PERDIGAO SAMPAIO;RUA ANARIO BRAGA;;;;Colisão;;;;Cruz;Pare;Comercial;0;0;2;1;0;0;0;0;0;0;0;1;-38,595191;-3,736242;;;
257743;12;1;2015;22:04;340;RUA CESAR FONTENELE;RUA DOM JOSE LOURENCO  D27;;;;Colisão;;;;Cruz;Pare;Residencial;0;0;2;1;0;0;0;0;0;1;0;0;-38,557429;-3,745892;;;
257748;12;1;2015;22:57;0;AV AGUANAMBI;;;;ROTATÓRIA;Colisão;;;;Meio de Quadra;;;0;0;2;1;1;0;0;0;0;0;0;0;-38,523043;-3,755538;;;
257746;12;1;2015;22:37;0;AV CEL CARVALHO;;;;;Colisão;;;;Meio de Quadra;;;0;0;2;1;1;0;0;0;0;0;0;0;;;;;
257756;12;1;2015;23:17;0;AV PRS COSTA E SILVA;;;204;;Colisão;;;;Meio de Quadra;;;0;2;0;0;0;1;0;0;0;1;0;0;;;;;
257759;12;1;2015;23:33;0;AV DR THEBERGE;;;3143;;Colisão;;;;Meio de Quadra;;;0;0;2;1;0;0;0;0;0;1;0;0;;;;;
257760;12;1;2015;23:52;0;RUA MARIA MIRIAN F  DE SOUZA;;;88;;Colisão;;;;;;;0;0;2;1;0;0;0;0;0;0;0;0;-38,568023;-3,733480;;;
257762;12;1;2015;17:08;19596;RUA NEREU RAMOS;RUA TCHECOSLOVAQUIA;;;;Colisão;Anoitecer;;;Cruz;Pare;Comercial;0;1;1;1;0;0;0;0;0;1;0;0;-38,570458;-3,785913;;;
257764;12;1;2015;01:42;24226;RUA DES WALDETARIO P MOTA;RUA FAUSTO CABRAL;;;;Colisão;;;;Cruz;Pare;Misto;0;1;1;1;0;0;0;0;0;1;0;0;-38,478283;-3,733093;;;
257766;12;1;2015;23:12;0;RUA CRISTAIS PAULISTA;;;1155;;Colisão;;;;Meio de Quadra;;;0;1;1;1;0;0;0;0;0;1;0;0;-38,526301;-3,817723;;;
274424;12;1;2015;16:00;15696;RUA TOME DE SOUZA;RUA GUILHERME PESSOA;;;;Colisão Transversal;Luz do Dia;;;Cruz;Pare;Residencial;0;0;2;0;0;1;0;0;0;1;0;0;;;;;
259948;12;1;2015;02:17;0;AV FRANCISCO SA;;;;;Queda;;;;Meio de Quadra;;;0;1;0;0;0;0;0;0;0;1;0;0;-38,554786;-3,718292;;;
259953;12;1;2015;04:12;183;RUA DEMETRIO MENEZES;AV SGT HERMINIO SAMPAIO;;;;Queda;;;;Cruz;Semáforo;Comercial;0;1;0;0;0;0;0;0;0;1;0;0;-38,584591;-3,731488;;;
259954;12;1;2015;07:22;0;RUA PDE GERMANO;;;;;Atropelamento;Luz do Dia;;;Meio de Quadra;;;0;2;0;0;0;0;0;0;0;1;0;0;;;;;
259955;12;1;2015;07:57;0;RUA GUARANI D35 (JOAO XXIII);;;;;Queda;Luz do Dia;;;Meio de Quadra;;;0;1;0;0;0;0;0;0;0;1;0;0;;;;;
259958;12;1;2015;12:10;0;AV JOR JOAO RAMOS;;;;;Colisão;Luz do Dia;;;Meio de Quadra;;;0;1;1;1;0;0;0;0;0;1;0;0;;;;;
247858;12;1;2015;19:24;0;AV PRS COSTA E SILVA;;;3907;;Colisão Lateral;Mal Iluminada;Bom;Seca;Meio de Quadra;Não Há Controle;Comercial;0;3;0;1;0;0;0;0;0;1;0;0;;;;;
247859;12;1;2015;13:00;0;RUA JAIME BENEVOLO;;;704;;Colisão Lateral;Luz do Dia;Bom;Seca;Meio de Quadra;Semáforo;Residencial;0;0;2;1;0;0;1;0;0;0;0;0;-38,527403;-3,738261;;;
247860;12;1;2015;20:30;0;AV PRS COSTA E SILVA;;;3917;;Engavetamento;Mal Iluminada;Bom;Seca;Meio de Quadra;Outros;Comercial;0;1;2;1;0;0;0;0;0;1;0;0;;;;;
247861;12;1;2015;10:00;7479;AV ALBERTO CRAVEIRO;RUA PEDRO DANTAS;;;;Outros;Luz do Dia;Bom;Seca;T;Semáforo Intermitente;Residencial;0;1;1;0;0;0;0;0;0;1;0;0;-38,517220;-3,786753;;;
247862;12;1;2015;20:58;25227;AV A CJ CEARA;AV D CJ CEARA;;;;Colisão Transversal;Via Iluminada;Bom;Seca;Cruz;Outros;Misto;0;2;0;0;0;0;0;0;0;1;0;0;-38,601152;-3,766922;;;
247863;12;1;2015;09:15;0;RUA MENDES JUNIOR;;;344;;Colisão Lateral;Luz do Dia;Bom;Seca;Meio de Quadra;Pare;Residencial;0;0;2;1;0;0;0;0;0;0;0;0;;;;;
247864;12;1;2015;08:20;0;AV DR SILAS MUNGUBA;;;3064;;Choque c/ Obstáculo Fixo;Luz do Dia;Nublado;Seca;Meio de Quadra;Não Há Controle;Comercial;0;1;0;1;0;0;0;0;0;0;0;0;-38,546038;-3,788379;;;
247865;12;1;2015;20:00;19759;RUA AZEVEDO BOLAO;RUA AMADEU FURTADO;;;;Colisão Transversal;Via Iluminada;Bom;Seca;Cruz;Pare;Misto;0;1;1;1;0;0;0;0;0;1;0;0;-38,563588;-3,737863;;;
247866;12;1;2015;10:00;15190;AV ABOLICAO;RUA JOAQUIM NABUCO;;;;Colisão Lateral;Luz do Dia;Bom;Seca;Cruz;Semáforo;Comercial;0;0;2;1;0;0;0;0;0;0;0;0;-38,498436;-3,726373;;;
247867;12;1;2015;08:50;25548;AV JOAO PESSOA;RUA VILA LOBOS;;;;Colisão Lateral;Luz do Dia;Bom;Seca;Outros;Não Há Controle;Misto;0;0;2;0;0;0;1;1;0;0;0;0;-38,561439;-3,771198;;;
247840;12;1;2015;20:31;0;AV PRS COSTA E SILVA;;;2560;;Colisão;Via Iluminada;Bom;Seca;Meio de Quadra;Não Há Controle;Misto;0;0;2;1;0;0;0;0;0;0;0;0;-38,559294;-3,820658;;;
247872;12;1;2015;11:00;22176;AV JOSE BASTOS;AV ENG HUMBERTO MONTE;;;;Colisão Traseira;Luz do Dia;Bom;Seca;T;Semáforo;Comercial;0;0;2;0;0;0;0;0;0;1;0;0;-38,555455;-3,754966;;;
247873;12;1;2015;10:00;25533;AV AUGUSTO DOS ANJOS;RUA MUCUNA;;;;Colisão Transversal;Luz do Dia;Bom;Seca;T;Pare;Comercial;0;1;1;1;0;0;0;0;0;1;0;0;-38,583225;-3,784861;;;
247874;12;1;2015;15:30;0;AV ANTONIO SALES;;;990;;Colisão Lateral;Luz do Dia;Bom;Seca;Meio de Quadra;Semáforo;Comercial;0;0;2;1;0;0;0;0;0;0;0;0;-38,512712;-3,742251;;;
247875;12;1;2015;19:04;0;RUA PRO VIRGILIO DE MORAIS;;;385;;Colisão Lateral;Via Iluminada;Bom;Seca;Meio de Quadra;Não Há Controle;Residencial;0;2;0;0;0;0;0;0;0;1;0;0;-38,596786;-3,751944;;;
247876;12;1;2015;19:00;0;AV DOM LUIS;;;495;;Colisão Lateral;Via Iluminada;Bom;Seca;Meio de Quadra;Pare;Misto;0;0;2;1;0;0;0;0;0;0;0;0;-38,497304;-3,733263;;;
247877;12;1;2015;06:30;22297;AV BEZERRA DE MENEZES;RUA PDE ANCHIETA;;;;Colisão Traseira;Luz do Dia;Bom;Seca;Cruz;Semáforo;Comercial;0;0;2;1;1;0;0;0;0;0;0;0;-38,552298;-3,733155;;;
247878;12;1;2015;21:20;18515;AV GOV PARSIFAL BARROSO;RUA 2 LT SINCOL;;;;Colisão Traseira;Via Iluminada;Bom;Seca;T;Pare;Comercial;0;0;3;1;0;0;0;0;0;0;0;0;-38,568952;-3,735242;;;
247879;12;1;2015;19:00;25515;AV DA INDEPENDENCIA;AV HILDEBRANDO DE MELO;;;;Colisão Traseira;;;;Cruz;Não Há Controle;Residencial;0;0;2;1;0;0;0;0;0;0;0;0;-38,589467;-3,727339;;;
247880;12;1;2015;10:20;4923;RUA PEDESTRE II;RUA J RES FLUMINENSE;;;;Colisão Transversal;;Bom;Seca;Cruz;Pare;Residencial;0;0;2;1;1;0;0;0;0;0;0;0;-38,603128;-3,816471;;;
247881;12;1;2015;15:10;24270;RUA PEREIRA VALENTE;RUA DELMIRO GOUVEIA;;;;Colisão Transversal;Luz do Dia;Bom;Seca;Cruz;Pare;Residencial;0;0;2;1;0;0;0;0;0;0;0;0;-38,488125;-3,734817;;;
247882;12;1;2015;15:00;0;RUA VER PEDRO PAULO MOREIRA;;;;;Colisão Transversal;Luz do Dia;Bom;Seca;Meio de Quadra;Não Há Controle;Comercial;0;0;2;1;1;0;0;0;0;0;0;0;;;;;
247883;12;1;2015;01:00;0;RUA LEONARDO MOTA;;;340;;Colisão Traseira;Via Iluminada;Bom;Seca;Meio de Quadra;Outros;Residencial;0;0;2;1;0;0;0;0;0;0;0;0;-38,494052;-3,729525;;;
247884;12;1;2015;00:10;0;RUA CON DE CASTRO;;;4184;;Choque c/ Obstáculo Fixo;Via Iluminada;Bom;Seca;Meio de Quadra;Pare;Residencial;0;0;1;1;0;0;0;0;0;0;0;0;;;;;
247885;12;1;2015;20:10;9176;AV AGUANAMBI;AV EDUARDO GIRAO;;;;Colisão Lateral;Via Iluminada;Bom;Seca;Rotatória;Não Há Controle;Comercial;0;0;2;1;1;0;0;0;0;0;0;0;-38,523639;-3,755303;;;
247886;12;1;2015;14:00;5433;RUA METON DE ALENCAR;RUA MAJ FACUNDO;;;;Colisão Transversal;Luz do Dia;Bom;Seca;Cruz;Pare;Comercial;0;1;1;1;0;0;0;0;0;1;0;0;-38,529899;-3,733917;;;
247887;12;1;2015;04:40;3219;RUA EMILIO DE MENESES;RUA ANSELMO NOGUEIRA;;;;Colisão Lateral;Amanhecer;Bom;Seca;Cruz;Semáforo Intermitente;Comercial;0;1;1;1;0;0;0;0;0;1;0;0;-38,587374;-3,781760;;;
247888;12;1;2015;12:00;15357;RUA PEREIRA VALENTE;RUA LEONARDO MOTA;;;;Colisão Transversal;Luz do Dia;Bom;Seca;Cruz;Pare;Comercial;0;0;2;1;0;0;0;0;0;0;0;0;-38,495134;-3,732885;;;
247889;12;1;2015;17:30;19942;RUA MOREIRA GOMES;RUA FRANCISCO LORDA;;;;Colisão Transversal;Anoitecer;Bom;Seca;Cruz;Pare;Residencial;0;2;1;1;0;0;0;0;0;1;0;0;-38,534015;-3,761260;;;
247890;12;1;2015;09:00;15139;AV MON TABOSA;RUA BAR ARACATI;;;;Colisão Transversal;Luz do Dia;Bom;Seca;Cruz;Pare;Misto;0;0;2;1;0;0;0;0;0;0;0;0;-38,509158;-3,724226;;;
247891;12;1;2015;09:00;0;AV SANTOS DUMONT;;;55;;Colisão Traseira;Luz do Dia;Bom;Seca;Meio de Quadra;Não Há Controle;Residencial;0;1;1;0;1;0;0;0;0;1;0;0;-38,522748;-3,728291;;;
247892;12;1;2015;11:40;22176;AV JOSE BASTOS;AV ENG HUMBERTO MONTE;;;;Colisão Traseira;Luz do Dia;Bom;Seca;T;Semáforo;Comercial;0;0;2;1;0;0;0;0;0;0;0;0;-38,555455;-3,754966;;;
247893;12;1;2015;18:00;9111;AV EDUARDO GIRAO;RUA DEP OSWALDO STUDART;;;;Colisão Transversal;Via Iluminada;Bom;Seca;Cruz;Semáforo;Comercial;0;0;2;1;0;0;0;1;0;0;0;0;-38,529775;-3,755323;;;
247894;12;1;2015;00:20;15135;AV HIS RAIMUNDO GIRAO;RUA FRANCISCO DIAS RIBEIRO;;;;Colisão;Via Iluminada;Nublado;Seca;Cruz;Pare;Misto;0;1;1;1;0;0;0;0;0;1;0;0;-38,504397;-3,724024;;;
247895;12;1;2015;02:20;0;AV FRE CIRILO;;;3810;;Colisão Lateral;Luz do Dia;Bom;Seca;Meio de Quadra;Não Há Controle;Misto;0;1;1;1;0;0;0;0;0;1;0;0;-38,497342;-3,817458;;;
247896;12;1;2015;16:45;8936;AV DOMINGOS OLIMPIO;RUA PRC ISABEL;;;;Colisão Transversal;Luz do Dia;Bom;Seca;Cruz;Semáforo;Comercial;0;0;2;1;0;0;0;0;0;0;0;0;-38,537790;-3,734438;;;
273558;12;1;2015;18:30;6732;RUA ANDRADE FURTADO;RUA JULIO AZEVEDO;;;;Colisão Transversal;Anoitecer;;;Cruz;Pare;Residencial;0;0;2;1;0;0;0;0;0;0;0;0;-38,483306;-3,744567;;;
259960;12;1;2015;17:04;0;RUA DR LUIS COSTA;;;;;Colisão;Anoitecer;;;Meio de Quadra;;;0;1;0;0;0;0;0;0;0;1;0;0;;;;;
259963;12;1;2015;17:48;0;AV MR HULL;;;;;Colisão;Anoitecer;;;Meio de Quadra;;;0;1;1;0;0;0;0;0;0;0;0;0;-38,578050;-3,737780;;;
259965;12;1;2015;18:42;0;AV H CJ CEARA;;;;;Colisão;;;;Meio de Quadra;;;0;2;0;0;0;0;0;0;0;1;0;0;-38,617692;-3,776637;;;
259969;13;1;2015;06:23;0;RUA PDE PERDIGAO SAMPAIO;;;;;Colisão;Luz do Dia;;;Meio de Quadra;;;0;1;1;1;0;0;0;0;0;1;0;0;-38,594318;-3,742336;;;
259970;13;1;2015;07:37;0;RUA VALPARAISO;;;;;Atropelamento;Luz do Dia;;;Meio de Quadra;;;0;1;1;0;0;0;0;0;0;0;0;0;-38,528208;-3,842239;;;
259972;13;1;2015;10:01;0;RUA CEL VIRGILIO NOGUEIRA (BOM JARDIM);;;;;Colisão;Luz do Dia;;;Meio de Quadra;;;0;1;2;0;0;0;0;0;0;0;0;0;;;;;
259973;13;1;2015;15:36;589;AV PASTEUR;RUA FRE TEOBALDO;;;;Colisão;Luz do Dia;;;Cruz;Pare;Comercial;0;1;1;1;0;0;0;0;0;1;0;0;;;;;
259975;13;1;2015;20:44;0;RUA BAR CRATO;;;;;Queda;;;;Meio de Quadra;;;0;1;0;0;0;0;0;0;0;1;0;0;-38,558731;-3,721018;;;
259976;13;1;2015;22:54;0;AV ABOLICAO;;;;;Colisão;;;;Meio de Quadra;;;0;1;1;1;0;0;0;0;0;1;0;0;-38,493317;-3,726989;;;
258300;13;1;2015;15:11;15149;RUA ANTONIO LIMA;AV MON TABOSA;;;;Colisão;Luz do Dia;;;Cruz;Semáforo;Residencial;0;0;2;1;0;0;0;0;0;0;0;0;-38,504149;-3,724573;;;
258301;13;1;2015;15:15;0;AV DOM LUIS;;;502;PRACA PORTUGAL;Colisão;Luz do Dia;;;Meio de Quadra;;;0;0;2;1;0;0;0;0;0;0;0;0;-38,497304;-3,733243;;;
258255;13;1;2015;09:40;24348;RUA JORGE ACURCIO;RUA ARMANDO MONTEIRO;;;;;Luz do Dia;;;Cruz;Pare;Residencial;0;0;0;0;0;0;0;0;0;0;0;0;-38,531744;-3,765184;;;
258257;13;1;2015;10:41;0;RUA PRO COSTA MENDES;;;685;;Colisão;Luz do Dia;;;Meio de Quadra;;;0;0;2;1;0;0;0;0;0;1;0;0;-38,546657;-3,754927;;;
258258;13;1;2015;10:52;0;AV JOSE BASTOS;;;4400;CENTER BOX;Colisão;Luz do Dia;;;Meio de Quadra;;;0;0;2;0;0;0;0;0;0;1;0;0;-38,555754;-3,755265;;;
258263;13;1;2015;11:31;25794;AV GAL OSORIO DE PAIVA;RUA ARRUDA CAMARA;;;;Colisão;Luz do Dia;;;T;Pare;Misto;0;0;2;1;0;0;1;0;0;0;0;0;-38,585476;-3,787750;;;
258264;13;1;2015;12:28;0;RUA VITORIA DA CONQUISTA;;;1753;;;Luz do Dia;;;Meio de Quadra;;;0;0;2;1;0;0;0;0;0;1;0;0;;;;;
258265;13;1;2015;13:02;0;RUA VIRGILIO NOGUEIRA PAES;;;465;;Colisão Frontal;Luz do Dia;;;Meio de Quadra;;;0;1;1;0;0;0;1;0;0;1;0;0;-38,608310;-3,787465;;;
258268;13;1;2015;13:45;0;AV SGT HERMINIO SAMPAIO;;;1242;;Colisão;Luz do Dia;;;Meio de Quadra;;;0;1;1;1;0;0;0;0;0;1;0;0;-38,551834;-3,724794;;;
258269;13;1;2015;13:49;0;AV PRS COSTA E SILVA;;;3298;;Colisão Lateral;Luz do Dia;;;Meio de Quadra;;;0;0;2;1;0;0;1;0;0;0;0;0;;;;;
258270;13;1;2015;10:55;25861;RUA VIS CAIRU;RUA OLIVEIRA FILHO;;;;Colisão;Luz do Dia;;;;;;0;1;1;1;0;0;0;0;0;1;0;0;-38,464122;-3,726554;;;
258271;13;1;2015;15:01;0;RUA LAURO NOGUEIRA;;;;;Colisão;Luz do Dia;;;Meio de Quadra;;;0;0;2;1;0;0;0;0;0;0;0;0;;;;;
258260;13;1;2015;11:01;0;RUA JOSE HIPOLITO;;;1539;;Colisão;Luz do Dia;;;Meio de Quadra;;;0;0;2;1;0;0;0;0;0;0;0;0;-38,482860;-3,837364;;;
258261;13;1;2015;11:10;606;AV FRANCISCO SA;RUA FRANCISCO SALGADO;;;;Colisão;Luz do Dia;;;T;Pare;Comercial;0;1;1;1;0;0;0;0;0;1;0;0;-38,565540;-3,714640;;;
258190;13;1;2015;05:31;0;AV BEZERRA DE MENEZES;;;1575;;Outros;Amanhecer;;;Meio de Quadra;;;0;0;1;1;0;0;0;0;0;0;0;0;-38,558771;-3,734473;;;
258194;13;1;2015;08:37;0;AV PRS COSTA E SILVA;;;;;Colisão;Luz do Dia;;;Meio de Quadra;;;0;0;2;1;0;0;1;0;0;0;0;0;;;;;
258248;13;1;2015;09:13;0;AV GODOFREDO MACIEL;;;2947;DETRAN;Colisão;Luz do Dia;;;Meio de Quadra;;;0;1;0;1;0;0;0;0;0;1;0;0;-38,571377;-3,801128;;;
258251;13;1;2015;09:23;0;RUA PDE PERDIGAO SAMPAIO;;;655;;Atropelamento;Luz do Dia;;;Meio de Quadra;;;0;1;1;1;0;0;0;0;0;0;0;0;-38,594325;-3,742169;;;
258252;13;1;2015;09:32;19469;AV AUGUSTO DOS ANJOS;AV GAL OSORIO DE PAIVA;;;;Colisão Frontal;Luz do Dia;;;Outros;Pare;Misto;0;0;2;1;1;0;0;0;0;0;0;0;-38,584939;-3,787349;;;
258253;13;1;2015;09:37;12685;AV CEL CARVALHO;AV DA INDEPENDENCIA;;;;Colisão;Luz do Dia;;;Cruz;Semáforo;Comercial;0;1;1;1;0;0;0;0;0;1;0;0;-38,584952;-3,728711;;;
247929;13;1;2015;18:00;7850;RUA CEL ALVES TEIXEIRA;RUA JOSE VILAR;;;;Colisão Lateral;Via Iluminada;Bom;Seca;Cruz;Pare;Residencial;0;0;2;1;0;0;0;0;0;0;0;0;-38,508198;-3,746707;;;
273683;13;1;2015;17:00;23380;RUA NUNES VALENTE;RUA CAP TIBURCIO DA FROTA;;;;Colisão Transversal;Anoitecer;;;Cruz;Pare;Residencial;0;0;2;1;0;0;0;0;0;0;0;0;-38,509109;-3,754506;;;
273725;13;1;2015;16:00;0;AV DOM MANUEL;;;738;;Choque c/ Obstáculo Fixo;Luz do Dia;;;Meio de Quadra;;;0;0;2;1;0;0;1;0;0;0;0;0;-38,521833;-3,730586;;;
247897;13;1;2015;19:20;12954;AV PRS COSTA E SILVA;AV DOS EXPEDICIONARIOS;;;;Colisão Lateral;Via Iluminada;Bom;Seca;Cruz;Semáforo;Comercial;0;0;2;1;0;0;1;0;0;0;0;0;-38,558276;-3,821079;;;
247898;13;1;2015;06:40;19611;RUA NEREU RAMOS;AV GODOFREDO MACIEL;;;;Colisão Traseira;;Chuva;Seca;T;Semáforo;Comercial;0;1;1;1;0;0;0;0;0;0;0;0;-38,566802;-3,787250;;;
247899;13;1;2015;07:00;1605;AV DES MOREIRA;RUA BENI DE CARVALHO;;;;Colisão Lateral;Luz do Dia;Nublado;Seca;Cruz;Semáforo;Comercial;0;0;2;1;0;0;0;1;0;0;0;0;-38,500877;-3,744098;;;
247900;13;1;2015;15:30;15242;RUA OSVALDO CRUZ (ALDEOTA);RUA SILVA JATAHY;;;;Colisão Lateral;Luz do Dia;Bom;Seca;Cruz;Pare;Residencial;0;1;0;1;0;0;0;0;0;1;0;0;-38,497767;-3,727694;;;
247901;13;1;2015;20:30;13021;AV I CJ JOSE WALTER;AV A CJ JOSE WALTER;;;;Colisão Traseira;Via Iluminada;Bom;Seca;Cruz;Não Há Controle;Misto;0;0;2;1;0;0;0;0;0;0;0;0;-38,550935;-3,825834;;;
247902;13;1;2015;08:00;0;AV BEZERRA DE MENEZES;;;58;;Colisão Lateral;Luz do Dia;Bom;Seca;Meio de Quadra;Semáforo;Comercial;0;1;1;1;0;0;0;0;0;1;0;0;-38,540095;-3,730570;;;
247903;13;1;2015;15:30;9243;AV DOS EXPEDICIONARIOS;AV EDUARDO GIRAO;;;;Colisão Transversal;Luz do Dia;Bom;Seca;Cruz;Semáforo;Comercial;0;1;1;1;0;0;0;0;0;1;0;0;-38,536849;-3,750712;;;
247904;13;1;2015;14:00;1376;RUA JOAO CARVALHO;RUA MON BRUNO;;;;Colisão Transversal;Luz do Dia;Bom;Seca;Cruz;Pare;Residencial;0;0;5;1;0;0;0;0;0;0;0;0;-38,510792;-3,736585;;;
247905;13;1;2015;09:45;0;RUA EDITE BRAGA;;;;;Choque c/ Obstáculo Fixo;Luz do Dia;Bom;Seca;Meio de Quadra;Não Há Controle;Residencial;0;1;1;1;0;0;0;0;0;1;0;0;;;;;
247906;13;1;2015;00:15;24392;AV LUCIANO CARNEIRO;RUA TEODORICO BARROSO;;;;Colisão Lateral;Luz do Dia;Nublado;Seca;Cruz;Pare;Comercial;0;0;2;1;0;0;0;0;0;0;0;0;-38,537620;-3,767956;;;
247907;13;1;2015;14:36;0;AV LINEU MACHADO;;;246;;Colisão;Luz do Dia;Bom;Seca;Meio de Quadra;Semáforo;Residencial;0;1;1;1;0;0;0;1;0;0;0;0;-38,574974;-3,762240;;;
247908;13;1;2015;16:30;1376;RUA MON BRUNO;RUA JOAO CARVALHO;;;;Colisão Transversal;Luz do Dia;Bom;Seca;Cruz;Pare;Comercial;0;1;1;1;0;0;0;0;0;1;0;0;-38,510792;-3,736585;;;
247926;13;1;2015;09:45;25964;AV GOV PARSIFAL BARROSO;RUA LICURGO MONTENEGRO;;;;Colisão Traseira;Luz do Dia;Bom;Seca;Duplo T;Não Há Controle;Comercial;0;1;1;1;0;0;0;0;0;1;0;0;-38,568900;-3,734410;;;
247910;13;1;2015;16:40;7771;RUA SILVA PAULET;RUA TOMAS ACIOLI;;;;Colisão Lateral;Luz do Dia;;;Cruz;Pare;Residencial;0;0;2;1;0;0;0;0;0;0;0;0;-38,508890;-3,745151;;;
247911;13;1;2015;15:30;20129;AV DEP PAULINO ROCHA;RUA POMPILIO GOMES;;;;Colisão Lateral;Luz do Dia;Bom;Seca;T;Pare;Residencial;0;0;2;1;0;0;1;0;0;0;0;0;-38,519652;-3,810076;;;
247912;13;1;2015;20:20;0;RUA NUNES VALENTE;;;464;;Colisão Traseira;Via Iluminada;Bom;Seca;Meio de Quadra;Pare;Residencial;0;0;2;1;0;0;0;0;0;0;0;0;-38,501457;-3,729072;;;
247913;13;1;2015;19:05;0;AV GODOFREDO MACIEL;;;2350;;Queda;Via Iluminada;Bom;Seca;Meio de Quadra;Não Há Controle;Comercial;0;1;0;0;0;0;0;0;0;1;0;0;-38,569728;-3,795904;;;
247914;13;1;2015;19:20;11338;AV GODOFREDO MACIEL;RUA FRANCISCO GLICERIO;;;;Colisão Traseira;Via Iluminada;Bom;Seca;Cruz;Não Há Controle;Comercial;0;0;2;1;0;0;0;0;0;0;0;0;-38,569757;-3,795981;;;
247915;13;1;2015;15:45;0;AV OLIVEIRA PAIVA;;;2555;;Colisão Lateral;Luz do Dia;Bom;Seca;Meio de Quadra;Não Há Controle;Comercial;0;0;2;1;1;0;0;0;0;0;0;0;-38,483793;-3,796056;;;
247916;13;1;2015;07:30;24348;RUA JORGE ACURCIO;RUA ARMANDO MONTEIRO;;;;Colisão Transversal;Luz do Dia;Nublado;Molhada;Cruz;Pare;Residencial;0;1;1;1;0;0;0;0;0;0;0;0;-38,531744;-3,765184;;;
247917;13;1;2015;08:20;0;AV JOVITA FEITOSA;;;512;;Colisão;Luz do Dia;Chuva;Molhada;Meio de Quadra;Não Há Controle;Comercial;0;1;1;0;0;0;1;0;0;1;0;0;-38,548589;-3,738222;;;
247918;13;1;2015;05:40;0;AV AGUANAMBI;;;1020;;Colisão Lateral;Amanhecer;Nublado;Seca;Meio de Quadra;Não Há Controle;Comercial;0;0;2;1;0;0;0;0;0;1;0;0;-38,525342;-3,745822;;;
247919;13;1;2015;09:00;0;AV 13 DE MAIO;;;1400;;Colisão Traseira;Luz do Dia;Chuva;Molhada;Meio de Quadra;Não Há Controle;Comercial;0;0;2;1;0;0;0;0;0;0;0;0;-38,531113;-3,747801;;;
247920;13;1;2015;14:00;0;AV BEZERRA DE MENEZES;;;749;;Colisão Traseira;Luz do Dia;Bom;Seca;;;;0;0;2;1;0;0;0;0;0;0;0;0;-38,551581;-3,733005;;;
247922;13;1;2015;08:30;0;RUA BAR RIO BRANCO;;;1421;;Colisão Lateral;Luz do Dia;Nublado;Seca;Meio de Quadra;Não Há Controle;;0;0;2;1;0;0;1;0;0;0;0;0;-38,529620;-3,730716;;;
247923;13;1;2015;14:00;0;AV SEN FERNANDES TAVORA;;;2976;;Colisão Transversal;Luz do Dia;Bom;Seca;Meio de Quadra;Não Há Controle;Comercial;0;0;2;1;0;0;0;0;0;0;0;0;-38,598191;-3,755142;;;
247924;13;1;2015;17:40;0;AV MR HULL;;;4442;TERMINAL ANTONIO BEZERRA;Colisão Traseira;Luz do Dia;Bom;Seca;Outros;Não Há Controle;Comercial;0;1;1;1;0;0;0;0;0;1;0;0;-38,584585;-3,738616;;;
258331;13;1;2015;16:27;0;AV OLIVEIRA PAIVA;;;760;;Colisão;Luz do Dia;;;Meio de Quadra;;;0;0;2;1;0;0;0;0;0;0;0;0;-38,499425;-3,796930;;;
258349;13;1;2015;17:39;15832;RUA PDE PEDRO DE ALENCAR;RUA TEN JURANDIR ALENCAR;;;;Colisão;Anoitecer;;;Cruz;Semáforo;Comercial;0;0;2;1;0;0;1;0;0;0;0;0;-38,494029;-3,832741;;;
258350;13;1;2015;13:39;19783;RUA AZEVEDO BOLAO;RUA ARMANDO OLIVEIRA;;;;Colisão;Luz do Dia;;;Cruz;Pare;Residencial;0;0;2;1;0;0;0;0;0;0;0;0;-38,567475;-3,738662;;;
258351;13;1;2015;17:46;0;AV DOM LUIS;;;1040;;Colisão;Anoitecer;;;Meio de Quadra;;;0;0;2;1;0;0;0;0;0;0;0;0;-38,491844;-3,735039;;;
258338;13;1;2015;17:31;1333;RUA BARBOSA DE FREITAS;RUA MARIA TOMASIA;;;;Colisão;Anoitecer;;;Cruz;Gesto;Comercial;0;0;2;1;0;0;0;0;0;0;0;0;-38,497042;-3,735546;;;
258390;13;1;2015;19:47;0;AV HERACLITO GRACA;;;;;Colisão;;;;Meio de Quadra;;;0;1;1;1;0;0;0;0;0;0;0;0;-38,523826;-3,733731;;;