COD_ACIDENTE;DIA;MES;ANO;HORA;INTERSECAO;LOG1;LOG2;LOG3;NUMERO;REFERENCIA;NATUREZA;ILUMINACAO;TEMPO;SUPERFICIEPISTA;TIPOCRUZAMENTO;CONTROLETRAFEGO;USOSOLO;MORTOS;FERIDOS;ILESOS;AUTOMOVEL;ONIBUS;BICICLETA;CAMINHAO;MICROONIBUS;CICLOMOTOR;MOTOCICLETA;TRACAOANIMAL;TREM;LONG;LAT;;;
258394;13;1;2015;19:58;10863;RUA PRO HERIBALDO COSTA;RUA PORTO VELHO;;;;Colisão;;;;Cruz;Semáforo;Comercial;0;1;1;1;0;0;0;0;0;1;0;0;-38,587014;-3,765974;;;
258398;13;1;2015;20:03;0;AV PRS JUSCELINO KUBITSCHEK (PASSARÉ);;;4500;SARA KUBSTSCHEK;;;;;Meio de Quadra;;;0;0;2;1;0;0;1;0;0;0;0;0;-38,533326;-3,818562;;;
253418;13;1;2015;16:10;0;RD BR 222;;;;KM-01;Colisão Traseira;Luz do Dia;Bom;Seca;Meio de Quadra;Não Há Controle;Comercial;0;0;3;1;1;0;0;0;0;0;0;0;-38,577952;-3,737774;;;
258470;13;1;2015;19:41;15194;RUA ILDEFONSO ALBANO;RUA DEP MOREIRA DA ROCHA;;;;Colisão;;;;Cruz;Pare;Residencial;0;1;1;0;0;0;1;0;0;1;0;0;-38,511072;-3,726480;;;
258471;13;1;2015;19:53;0;AV OLIVEIRA PAIVA;;;941;;Colisão;;;;Meio de Quadra;;;0;0;2;1;0;0;0;0;0;0;0;0;-38,498373;-3,796449;;;
258472;13;1;2015;20:18;10730;AV SEN FERNANDES TAVORA;RUA CEL MATOS DOURADO;;;;Colisão;;;;;;;0;0;3;1;1;0;0;0;0;0;0;0;-38,585903;-3,760193;;;
258474;13;1;2015;20:58;0;AV DA UNIVERSIDADE;;;2910;REITORIA;Colisão;;;;Meio de Quadra;;;0;0;2;0;1;0;0;0;0;0;0;0;-38,539543;-3,741489;;;
258476;13;1;2015;17:58;15940;RUA BAR AQUIRAZ;RUA JOSE CAVALCANTE SOBR;;;;Atropelamento;Anoitecer;;;;;;0;1;1;0;0;0;0;0;1;0;0;0;-38,487085;-3,838708;;;
258481;13;1;2015;21:09;5060;RUA CASTRO E SILVA;AV IMPERADOR;;;;Colisão;;;;Cruz;Semáforo;Comercial;0;0;2;1;1;0;0;0;0;0;0;0;-38,532916;-3,722013;;;
258482;13;1;2015;21:18;0;RUA BAR AQUIRAZ;;;1110;;Colisão;;;;Meio de Quadra;;;0;1;1;1;0;0;0;0;0;1;0;0;-38,487135;-3,838643;;;
258484;13;1;2015;21:32;0;RUA ECA DE QUEIROZ;;;;;Colisão;;;;Meio de Quadra;;;0;0;2;1;1;0;0;0;0;0;0;0;;;;;
258486;13;1;2015;21:47;0;AV GODOFREDO MACIEL;;;2947;DETRAN;Colisão;;;;Meio de Quadra;;;0;0;2;1;0;0;0;0;0;0;0;0;-38,571377;-3,801128;;;
258488;13;1;2015;21:56;0;AV AGUANAMBI;;;;ROTATÓRIA;Colisão;;;;Meio de Quadra;;;0;0;2;1;1;0;0;0;0;0;0;0;-38,523043;-3,755538;;;
258490;13;1;2015;22:30;0;AV CASTELO DE CASTRO;;;1552;JANGURUSSU;Atropelamento;;;;Meio de Quadra;;;0;2;0;0;0;0;0;0;0;1;0;0;-38,521563;-3,843290;;;
258494;13;1;2015;23:24;0;RUA NUNES VALENTE;;;580;;Colisão;;;;Meio de Quadra;;;0;0;2;1;0;0;0;0;0;0;0;0;-38,501613;-3,729573;;;
258514;13;1;2015;15:09;743;AV PRS CASTELO BRANCO;AV PASTEUR;;;;Colisão;Luz do Dia;;;Cruz;Semáforo;Comercial;0;1;1;0;0;0;0;0;0;1;0;0;-38,558856;-3,711181;;;
258515;14;1;2015;09:32;8932;AV DOMINGOS OLIMPIO;RUA CARLOS SEVERO;;;;Colisão;Luz do Dia;;;T;Não Há Controle;Residencial;0;0;2;1;0;0;0;0;0;0;0;0;-38,541606;-3,733228;;;
258511;14;1;2015;07:56;0;AV GODOFREDO MACIEL;;;;;Atropelamento;Luz do Dia;;;Meio de Quadra;;;0;1;1;0;0;0;0;0;0;1;0;0;;;;;
258512;14;1;2015;09:13;1605;AV DES MOREIRA;RUA BENI DE CARVALHO;;;;Colisão;Luz do Dia;;;;;;0;1;1;1;0;0;0;0;0;1;0;0;-38,500877;-3,744098;;;
258528;14;1;2015;16:10;0;RUA BERNARDO MANUEL;;;8852;;Colisão;Luz do Dia;;;Meio de Quadra;;;0;0;2;1;0;0;1;0;0;0;0;0;-38,550887;-3,796950;;;
258530;14;1;2015;16:12;0;AV BEZERRA DE MENEZES;;;502;HIPER BOMPREÇO;Colisão;Luz do Dia;;;Meio de Quadra;;;0;0;2;1;0;0;0;0;0;0;0;0;-38,545486;-3,731698;;;
258517;14;1;2015;09:59;3250;RUA SAO FRANCISCO D34;RUA VERBENA;;;;Colisão;Luz do Dia;;;;;;0;1;1;1;0;0;0;0;0;1;0;0;-38,589619;-3,784113;;;
258518;14;1;2015;10:53;0;RUA ROSINHA SAMPAIO;;;1396;;Colisão;Luz do Dia;;;;;;0;1;1;1;0;0;0;0;0;1;0;0;;;;;
258520;14;1;2015;13:27;0;RUA UM (MONDUBIM);;;348;;Colisão;Luz do Dia;;;Meio de Quadra;;;0;0;2;0;0;0;1;0;0;0;0;0;;;;;
258521;14;1;2015;13:38;7648;AV CARNEIRO DE MENDONCA;RUA PAULO DE FRONTIM;;;;Colisão;Luz do Dia;;;Cruz;Não Há Controle;Comercial;0;0;2;1;0;0;1;0;0;0;0;0;-38,570794;-3,761949;;;
258522;14;1;2015;13:40;0;AV PRO GOMES DE MATOS;;;584;;Colisão;Luz do Dia;;;Meio de Quadra;;;0;0;2;1;1;0;0;0;0;0;0;0;-38,543622;-3,758833;;;
258523;14;1;2015;15:18;0;RUA SAO PAULO;;;1648;;Colisão;Luz do Dia;;;Meio de Quadra;;;0;0;2;1;0;0;0;0;0;0;0;0;-38,539988;-3,721938;;;
258524;14;1;2015;15:31;22665;AV ENG LEAL LIMA VERDE (SAPIRANGA/COITE);AV COS GOMES DE FREITAS (SAPIRANGA/COITE);;;;Colisão;Luz do Dia;;;Rotatória;Dê Preferência;Comercial;0;0;3;1;0;0;0;0;0;0;0;0;-38,475739;-3,795341;;;
258525;14;1;2015;15:39;19667;AV BEZERRA DE MENEZES;RUA ERETIDES MARTINS;;;;Colisão;Luz do Dia;;;;;;0;1;1;1;0;0;0;0;0;1;0;0;-38,557568;-3,734232;;;
258526;14;1;2015;15:57;0;RUA PERDIGAO DE OLIVEIRA;;;890;;Colisão;Luz do Dia;;;Meio de Quadra;;;0;0;2;1;0;0;1;0;0;0;0;0;-38,577378;-3,774762;;;
258495;14;1;2015;00:46;11062;RUA DR PEDRO WILSON D45;RUA JOSE PEDRA;;;;Colisão;;;;Cruz;Pare;Residencial;0;0;2;1;0;0;1;0;0;0;0;0;-38,548121;-3,790406;;;
258503;14;1;2015;03:10;4178;RUA MON ROSA D20/21;RUA STA ROSA D20/21 (JACARECANGA);;;;Colisão;;;;;;;0;0;2;1;0;0;0;0;0;1;0;0;-38,553394;-3,713231;;;
258505;14;1;2015;04:01;0;AV BEZERRA DE MENEZES;;;2275;NORTH SHOPPING;Colisão;;;;Meio de Quadra;;;0;0;2;1;0;0;0;0;0;1;0;0;-38,565086;-3,735810;;;
258508;14;1;2015;05:33;5084;RUA SEN ALENCAR;RUA PRC ISABEL;;;;Choque c/ Obstáculo Fixo;Amanhecer;;;Cruz;Pare;Comercial;0;0;1;1;0;0;0;0;0;0;0;0;-38,534356;-3,722828;;;
258532;14;1;2015;17:13;7762;AV ANTONIO SALES;RUA NUNES VALENTE;;;;Colisão;Anoitecer;;;Cruz;Pare;Residencial;0;0;2;1;0;0;0;0;0;0;0;0;-38,506314;-3,744237;;;
258533;14;1;2015;14:20;0;AV CASTELO DE CASTRO;;;243;;Colisão;Luz do Dia;;;Meio de Quadra;;;0;1;1;1;0;0;0;0;0;1;0;0;;;;;
258535;14;1;2015;17:34;0;AV OLAVO BILAC;;;59;;Colisão;Anoitecer;;;Meio de Quadra;;;0;0;2;1;0;0;0;0;0;0;0;0;-38,566859;-3,721670;;;
258536;14;1;2015;18:20;7694;RUA RIO GRANDE DO NORTE;RUA RIO GRANDE DO SUL;;;;Colisão;Anoitecer;;;Cruz;Pare;Residencial;0;0;2;1;0;0;1;0;0;0;0;0;-38,567559;-3,758617;;;
258537;14;1;2015;18:26;17344;RUA ROMEU MARTINS;RUA ALM RUBIM;;;;Choque c/ Obstáculo Fixo;Anoitecer;;;Cruz;Pare;Residencial;0;0;1;0;0;0;1;0;0;0;0;0;-38,553954;-3,765386;;;
258538;14;1;2015;18:44;0;RUA 107 CJ TUPAN MIRIM;;;;;Colisão;;;;Meio de Quadra;;;0;1;1;0;0;0;0;0;0;1;0;0;;;;;
258540;14;1;2015;18:46;7951;AV PONTES VIEIRA;RUA OSVALDO CRUZ (ALDEOTA);;;;Colisão;;;;Cruz;Semáforo;Comercial;0;0;2;1;0;0;1;0;0;0;0;0;-38,505539;-3,751781;;;
258541;14;1;2015;18:48;1263;RUA PEREIRA FILGUEIRAS;RUA TIBURCIO CAVALCANTE;;;;Colisão;;;;Cruz;Semáforo;Misto;0;0;2;1;0;0;0;0;0;1;0;0;-38,501313;-3,732021;;;
258542;14;1;2015;19:14;0;RUA ANTONIO COSTA MENDES (PQ SÃO JOSÉ);;;1411;;Colisão;;;;Meio de Quadra;;;0;0;2;1;0;0;1;0;0;0;0;0;;;;;
258544;14;1;2015;19:29;0;AV PRS CASTELO BRANCO;;;610;VIADUTO/ALBERTO NEPOMUCENO;Colisão;;;;Meio de Quadra;;;0;0;2;1;0;0;0;0;0;0;0;0;-38,523857;-3,722425;;;
258545;14;1;2015;19:37;8647;AV EDILSON B SOARES;RUA PRO SOLON FARIAS;;;;Colisão;;;;Cruz;Pare;Misto;0;1;1;1;0;0;0;0;0;1;0;0;-38,477116;-3,789155;;;
258546;14;1;2015;19:45;0;AV JOSE BASTOS;;;3390;HEMOCE;Colisão;;;;Meio de Quadra;;;0;0;3;1;0;0;1;0;0;0;0;0;-38,549630;-3,749136;;;
258553;14;1;2015;20:23;0;AV MAE LISBOA;;;;;Colisão;;;;Meio de Quadra;;;0;2;0;0;0;0;0;0;0;1;0;0;;;;;
258554;14;1;2015;20:28;5371;RUA VINTE E QUATRO DE MAIO;RUA GAL CLARINDO DE QUEIROZ;;;;Colisão;;;;Cruz;Pare;Comercial;0;0;2;1;0;0;0;0;0;0;0;0;-38,533532;-3,731621;;;
258555;14;1;2015;20:43;0;RUA ANTONIO GADELHA;;;;;Colisão;;;;Meio de Quadra;;;0;1;1;1;0;0;0;0;0;1;0;0;;;;;
258556;14;1;2015;20:55;0;RUA JULIO BRAGA;;;1855;;Choque c/ Obstáculo Fixo;;;;Meio de Quadra;;;0;1;1;1;0;0;0;0;0;0;0;0;-38,586852;-3,773919;;;
258564;14;1;2015;22:31;13233;AV F CJ JOSE WALTER;AV L CJ JOSE WALTER;;;;Colisão;;;;Cruz;Pare;Residencial;0;0;2;1;0;0;0;0;0;0;0;0;-38,558805;-3,835328;;;
258565;14;1;2015;22:40;4559;RUA PDE PAULINO;RD BR 116;;;;Colisão;;;;T;Pare;Comercial;0;0;2;1;0;0;0;0;0;0;0;0;-38,506589;-3,796988;;;
258566;14;1;2015;19:47;23911;AV JANGADEIROS (MUCURIPE);RUA JUVENCIO VASCONCELOS;;;;Colisão;;;;;;;0;1;1;1;0;0;0;0;0;1;0;0;-38,478248;-3,725259;;;
258561;14;1;2015;21:58;0;RD CE-040;;;;KM-05;Colisão Lateral;Via Iluminada;;Seca;Meio de Quadra;;;0;0;2;0;0;0;1;0;0;0;0;0;-38,480349;-3,790876;;;
258562;14;1;2015;22:09;0;AV ABOLICAO;;;1798;HABBIB´S;Colisão;;;;Meio de Quadra;;;0;0;2;0;1;0;1;0;0;0;0;0;-38,503107;-3,724887;;;
258569;14;1;2015;22:53;13217;AV J CJ JOSE WALTER;AV E CJ JOSE WALTER;;;;Atropelamento;;;;Cruz;Pare;Residencial;1;0;1;0;0;0;0;0;0;1;0;0;-38,556724;-3,834521;;;
258571;14;1;2015;23:07;0;AV BORGES DE MELO;;;124;;Colisão;;;;Meio de Quadra;;;0;0;3;1;0;0;0;0;0;1;0;0;-38,520120;-3,761333;;;
258573;14;1;2015;23:11;0;RUA PRO GOMES BRASIL;;;515;TERMINAL LAGOA;;;;;Meio de Quadra;;;0;0;2;0;0;0;0;0;0;1;0;0;-38,569848;-3,771052;;;
258575;14;1;2015;23:26;0;AV PRS COSTA E SILVA;;;;MOTEL3000;Atropelamento;;;;Meio de Quadra;;;0;1;1;0;0;0;0;0;0;0;0;0;;;;;
258579;14;1;2015;21:48;0;AV DES FAUSTINO ALBUQUERQUE;;;456;;Colisão;;;;Meio de Quadra;;;0;1;1;1;0;0;0;0;0;1;0;0;-38,498829;-3,783703;;;
256894;14;1;2015;22:00;0;RD CE-040;;;;KM-08;Colisão;;;Seca;Meio de Quadra;;;0;1;1;1;0;1;0;0;0;0;0;0;-38,481317;-3,823332;;;
259790;14;1;2015;18:04;0;RUA JAIME BENEVOLO;;;;;Colisão;Anoitecer;;;Meio de Quadra;;;0;0;2;1;0;0;0;0;0;0;0;0;;;;;
273975;14;1;2015;16:00;0;AV DOS EXPEDICIONARIOS;;;;;Colisão Lateral;Luz do Dia;Bom;Seca;Meio de Quadra;Semáforo;Comercial;0;0;2;1;0;0;0;0;0;0;0;0;;;;;
258948;14;1;2015;07:20;0;AV MIN JOSE AMERICO;;;;;Colisão;Luz do Dia;;Seca;Meio de Quadra;;;0;0;2;1;0;0;1;0;0;0;0;0;;;;;
258949;14;1;2015;11:40;0;RD CE-040;;;;KM-06;Colisão;Luz do Dia;;Seca;Meio de Quadra;;;0;0;3;1;0;0;0;0;0;0;0;0;-38,478781;-3,811270;;;
247957;14;1;2015;12:00;9282;AV AGUANAMBI;RD BR 116;;;;Colisão Transversal;Luz do Dia;Bom;Seca;Rotatória;Gesto;Comercial;0;0;2;1;0;0;0;0;0;0;0;0;-38,523010;-3,755596;;;
247958;14;1;2015;14:30;13594;AV PONTES VIEIRA;RUA CAP GUSTAVO;;;;Colisão Traseira;Luz do Dia;Bom;Seca;Cruz;Semáforo;Misto;0;1;1;1;0;0;0;0;0;1;0;0;-38,517125;-3,753153;;;
247959;14;1;2015;12:10;1345;RUA LEONARDO MOTA;RUA MARIA TOMASIA;;;;Colisão Transversal;Luz do Dia;Bom;Seca;Cruz;Pare;Comercial;0;0;2;0;0;0;0;0;0;0;0;0;-38,496070;-3,735853;;;
247953;14;1;2015;14:30;5269;RUA PDE IBIAPINA;AV DUQ CAXIAS;;;;Colisão Lateral;Luz do Dia;Bom;Seca;Cruz;Semáforo;Comercial;0;0;2;0;1;0;0;0;0;0;0;0;-38,540226;-3,728446;;;
247955;14;1;2015;16:50;24270;RUA PEREIRA VALENTE;RUA DELMIRO GOUVEIA;;;;Colisão Transversal;Anoitecer;Bom;Seca;Cruz;Pare;Residencial;0;0;2;1;0;0;0;0;0;0;0;0;-38,488125;-3,734817;;;
247932;14;1;2015;18:20;0;AV PONTES VIEIRA;AV BAR STUDART;;855;;Colisão Transversal;Via Iluminada;Bom;Seca;;;;0;0;2;1;1;0;0;0;0;0;0;0;-38,513460;-3,752724;;;
247933;14;1;2015;06:40;5036;RUA PESSOA ANTA;RUA BORIS;;;;Colisão;;Nublado;Seca;Cruz;;Comercial;0;1;0;0;0;0;1;0;0;1;0;0;-38,521017;-3,720976;;;
247934;14;1;2015;17:20;0;AV ALBERTO CRAVEIRO;;;430;;Colisão Traseira;Luz do Dia;Bom;Seca;Meio de Quadra;Não Há Controle;Comercial;0;0;3;1;0;0;0;0;0;0;0;0;-38,516505;-3,782668;;;
247935;14;1;2015;13:50;9176;AV AGUANAMBI;AV EDUARDO GIRAO;;;;Colisão Transversal;Luz do Dia;Bom;Seca;Rotatória;Não Há Controle;Outros;0;0;2;1;0;0;1;0;0;0;0;0;-38,523639;-3,755303;;;
247936;14;1;2015;19:00;15165;AV HIS RAIMUNDO GIRAO;AV ABOLICAO;;;;Colisão Lateral;Via Iluminada;Bom;Seca;Cruz;Semáforo;Misto;0;0;2;1;1;0;0;0;0;0;0;0;-38,502412;-3,725111;;;
247937;14;1;2015;11:40;1292;AV DES MOREIRA;RUA MARCOS MACEDO;;;;Colisão Lateral;Luz do Dia;Bom;Seca;Cruz;;Comercial;0;4;1;1;0;0;0;0;0;1;0;0;-38,497711;-3,734244;;;
247938;14;1;2015;14:20;20129;AV DEP PAULINO ROCHA;RUA POMPILIO GOMES;;;;Colisão Lateral;Luz do Dia;Bom;Seca;T;Pare;Comercial;0;0;2;1;0;0;1;0;0;0;0;0;-38,519652;-3,810076;;;
247939;14;1;2015;10:00;7806;RUA SILVA PAULET;RUA FRANCISCO HOLANDA;;;;Colisão Transversal;Luz do Dia;Bom;Seca;Cruz;Pare;Residencial;0;0;2;1;0;0;0;0;0;0;0;0;-38,509525;-3,747096;;;
247940;14;1;2015;09:30;9227;RUA JAIME BENEVOLO;RUA MARIO MAMEDE;;;;Colisão Transversal;Luz do Dia;Bom;Seca;Cruz;Semáforo;Residencial;0;2;0;0;0;0;0;0;0;1;0;0;-38,531586;-3,749153;;;
247941;14;1;2015;09:30;129;RUA CEL MATOS DOURADO;AV MR HULL;;;;Colisão Traseira;Luz do Dia;Bom;Seca;Cruz;Não Há Controle;Comercial;0;0;2;0;0;0;1;0;0;0;0;0;-38,585377;-3,738743;;;
247942;14;1;2015;14:30;0;RUA MIN ABNER VASCONCELOS;;;513;;Colisão Lateral;Luz do Dia;Bom;Seca;Meio de Quadra;Não Há Controle;Comercial;0;0;2;1;0;0;0;0;0;0;0;0;-38,479200;-3,794209;;;
247961;14;1;2015;;0;AV OLAVO BILAC;;;59;;Colisão;Luz do Dia;Bom;Seca;Meio de Quadra;Não Há Controle;Comercial;0;0;2;1;0;0;0;0;0;0;0;0;-38,566859;-3,721670;;;
247962;14;1;2015;08:00;12758;RUA JULIO CESAR D12;RUA DELMIRO FARIAS;;;;Colisão Lateral;Luz do Dia;Bom;Seca;Cruz;Pare;Residencial;0;0;2;1;0;0;1;0;0;0;0;0;-38,545070;-3,752508;;;
247963;14;1;2015;20:50;0;AV JOSE BASTOS;;;5073;;Colisão Traseira;Via Iluminada;Bom;Seca;Meio de Quadra;Não Há Controle;Comercial;0;1;1;0;0;0;0;0;0;0;0;0;-38,561685;-3,757505;;;
247964;14;1;2015;09:35;0;AV WENEFRIDO MELO;;;394;;Colisão Traseira;Luz do Dia;Bom;Seca;Meio de Quadra;Não Há Controle;Residencial;0;0;2;0;0;0;1;0;0;0;0;0;-38,575476;-3,811098;;;
247965;14;1;2015;15:00;0;AV ALM MAXIMIANO DA FONSECA;;;956;;Colisão Traseira;Luz do Dia;Bom;Seca;Meio de Quadra;;;0;0;2;1;0;0;0;0;0;0;0;0;;;;;
247966;14;1;2015;15:30;0;RUA MAL LOTT;;;184;;Colisão Traseira;Via Iluminada;Bom;Seca;;;;0;0;3;1;0;0;0;0;0;0;0;0;;;;;
247967;14;1;2015;16:00;19764;RUA DOM MANUEL DE MEDEIROS;RUA DOM JOSE LOURENCO  D27;;;;Colisão Transversal;Luz do Dia;;;Cruz;Pare;Residencial;0;0;2;1;0;0;0;0;0;0;0;0;-38,559052;-3,738059;;;
247968;14;1;2015;17:40;0;RUA BERNARDO MANUEL;;;7770;;Colisão Lateral;Via Iluminada;Bom;Seca;Meio de Quadra;Não Há Controle;Residencial;0;0;2;1;1;0;0;0;0;0;0;0;-38,547531;-3,786101;;;
247969;14;1;2015;20:45;340;RUA CESAR FONTENELE;RUA DOM JOSE LOURENCO  D27;;;;Colisão Transversal;Via Iluminada;Bom;Seca;Cruz;Pare;Residencial;1;0;1;0;1;0;0;0;0;1;0;0;-38,557429;-3,745892;;;
247971;14;1;2015;00:30;9176;AV AGUANAMBI;AV EDUARDO GIRAO;;;;Colisão Transversal;Via Iluminada;Bom;Seca;Rotatória;Não Há Controle;Comercial;0;0;2;1;0;0;0;0;0;0;0;0;-38,523639;-3,755303;;;
247972;14;1;2015;14:20;15360;AV DES MOREIRA;AV DOM LUIS;;;;Colisão Lateral;;Bom;;Rotatória;;Comercial;0;0;2;0;1;0;0;0;0;0;0;0;-38,497383;-3,733239;;;
247973;14;1;2015;11:30;0;RUA ALBERTO MAGNO;;;1580;;Colisão Traseira;Luz do Dia;Bom;Seca;Meio de Quadra;Não Há Controle;Comercial;0;0;2;1;0;0;0;0;0;0;0;0;-38,552367;-3,767889;;;
247975;14;1;2015;10:40;0;RUA ALVES RIBEIRO;;;111;;Colisão Transversal;Luz do Dia;Bom;Seca;Meio de Quadra;Não Há Controle;Residencial;0;1;1;1;0;0;0;0;0;1;0;0;-38,496819;-3,821111;;;
247976;14;1;2015;10:10;0;RUA FLORIANO PEIXOTO;;;458;;Colisão Traseira;Luz do Dia;Bom;Seca;Meio de Quadra;Não Há Controle;Comercial;0;0;2;1;0;0;0;0;0;0;0;0;-38,526869;-3,726520;;;
247977;14;1;2015;10:40;11932;AV PRS COSTA E SILVA;AV CASTELO DE CASTRO;;;;Colisão Traseira;Luz do Dia;Bom;Seca;Cruz;Semáforo;Rural;0;0;2;1;0;0;1;0;0;0;0;0;-38,521435;-3,829012;;;
247978;14;1;2015;19:30;5627;AV JOSE LEON;AV ROGACIANO LEITE;;;;Colisão Lateral;Via Iluminada;Bom;Seca;Cruz;Semáforo;Residencial;0;1;1;0;0;0;1;0;0;1;0;0;-38,503527;-3,787355;;;
247979;14;1;2015;17:08;0;AV GAL MURILO BORGES;AV ROGACIANO LEITE;;;;Colisão Traseira;Anoitecer;Bom;Seca;Meio de Quadra;;;0;1;1;1;0;0;0;0;0;1;0;0;;;;;
247980;14;1;2015;15:00;5279;RUA COSTA BARROS;RUA NOGUEIRA ACIOLI;;;;Colisão Lateral;Luz do Dia;Bom;Seca;Cruz;Pare;Comercial;0;0;2;1;0;0;0;0;0;0;0;0;-38,516481;-3,728753;;;
259978;14;1;2015;01:58;8009;RUA DELMIRO FARIAS;RUA CARLOS CAMARA;;;;Colisão;;;;Cruz;Pare;Comercial;0;1;1;1;0;0;0;0;0;1;0;0;-38,546680;-3,751026;;;
259979;14;1;2015;04:55;0;AV GODOFREDO MACIEL;;;;;Colisão;;;;Meio de Quadra;;;0;1;1;1;0;0;0;0;0;1;0;0;-38,577589;-3,820657;;;
259980;14;1;2015;07:34;0;RUA DR JOAQUIM BENTO;;;;;Queda;Luz do Dia;;;Meio de Quadra;;;0;1;0;0;0;0;0;0;0;1;0;0;;;;;
259982;14;1;2015;07:59;0;RUA URUCUTUBA;;;;;Colisão;Luz do Dia;;;Meio de Quadra;;;0;1;1;1;0;0;0;0;0;1;0;0;-38,614768;-3,798593;;;
259984;14;1;2015;11:44;0;AV DES MOREIRA;;;;;Atropelamento;Luz do Dia;;;Meio de Quadra;;;0;1;1;0;0;0;0;0;0;1;0;0;;;;;
259987;14;1;2015;19:37;0;AV GODOFREDO MACIEL;;;;;Queda;;;;Meio de Quadra;;;0;1;0;0;0;0;0;0;0;1;0;0;-38,577589;-3,820657;;;
259991;14;1;2015;20:31;0;AV JOR THOMAZ COELHO;;;;;Atropelamento;;;;Meio de Quadra;;;0;1;1;1;0;0;0;0;0;0;0;0;;;;;
259992;14;1;2015;20:54;0;RUA DR JOSE LOURENCO;;;;;Colisão;;;;Meio de Quadra;;;0;1;1;0;0;0;0;0;0;0;0;0;;;;;
259989;14;1;2015;20:29;0;AV WASHINGTON SOARES;;;;;Colisão;;;;Meio de Quadra;;;0;1;1;0;0;0;0;0;0;0;0;0;;;;;
259995;15;1;2015;11:33;0;RUA DES FRANCISCO BARROS FONTENELE;;;;;Colisão;Luz do Dia;;;Meio de Quadra;;;0;1;1;1;0;0;0;0;0;1;0;0;;;;;
259996;15;1;2015;12:40;0;AV SEN FERNANDES TAVORA;;;;;Colisão;Luz do Dia;;;Meio de Quadra;;;0;1;1;1;0;0;0;0;0;1;0;0;;;;;
259993;15;1;2015;07:07;0;RUA MARIO A ARARIPE;;;;;Colisão;Luz do Dia;;;Meio de Quadra;;;0;1;1;1;0;0;0;0;0;1;0;0;;;;;
260001;15;1;2015;18:02;0;AV DR SILAS MUNGUBA;;;;;Colisão;Anoitecer;;;Meio de Quadra;;;0;1;1;1;0;0;0;0;0;1;0;0;-38,552153;-3,785332;;;
248314;15;1;2015;19:18;23435;RUA MON SALAZAR;RUA FIS VIEIRA;;;;Colisão Lateral;Anoitecer;Bom;Seca;Cruz;Pare;Comercial;0;0;2;1;0;0;0;0;0;0;0;0;-38,515394;-3,756255;;;
248315;15;1;2015;15:20;7762;AV ANTONIO SALES;RUA NUNES VALENTE;;;;Colisão Transversal;Luz do Dia;Bom;Seca;Cruz;Pare;Residencial;0;0;2;1;0;0;0;0;0;0;0;0;-38,506314;-3,744237;;;
248316;15;1;2015;12:30;15238;RUA TEN BENEVOLO;RUA BAR ARACATI;;;;Colisão Transversal;Luz do Dia;Bom;Seca;Cruz;Pare;Comercial;0;1;1;1;0;0;0;0;0;1;0;0;-38,510266;-3,727628;;;
248317;15;1;2015;11:00;1441;AV SANTOS DUMONT;RUA PRO DIAS DA ROCHA;;;;Colisão Transversal;Luz do Dia;Bom;Seca;Cruz;Pare;Comercial;0;0;2;1;0;0;0;0;0;0;0;0;-38,492502;-3,738113;;;
262015;15;1;2015;08:39;19375;RUA CON DE CASTRO;RUA NAPOLEAO QUEZADO;;;;Colisão;Luz do Dia;;;Cruz;Pare;Misto;0;0;2;0;0;0;0;0;0;0;0;0;-38,566777;-3,777706;;;
262013;15;1;2015;08:34;7897;RUA HENRIQUETA GALENO;RUA MON CATAO;;;;Colisão;Luz do Dia;;;Cruz;Não Há Controle;Comercial;0;0;2;0;0;0;0;0;0;0;0;0;-38,493338;-3,747287;;;
262027;15;1;2015;11:02;0;AV GAL OSORIO DE PAIVA;;;4545;;Colisão;Luz do Dia;;;Meio de Quadra;;;0;0;2;0;0;0;0;0;0;0;0;0;-38,595764;-3,798239;;;
262091;15;1;2015;14:17;0;RUA JUVENTUDE;;;;;Colisão;Luz do Dia;;;Meio de Quadra;;;0;0;2;0;0;0;0;0;0;0;0;0;;;;;
262092;15;1;2015;16:42;9111;AV EDUARDO GIRAO;RUA DEP OSWALDO STUDART;;;;Colisão;Luz do Dia;;;Cruz;Outros;;0;0;2;0;0;0;0;0;0;0;0;0;-38,529775;-3,755323;;;
262097;15;1;2015;17:13;0;AV JOR THOMAZ COELHO;;;1034;;Colisão;Anoitecer;;;Meio de Quadra;;;0;0;2;0;0;0;0;0;0;0;0;0;;;;;
262098;15;1;2015;17:26;0;AV CASTELO DE CASTRO;;;1126;;Colisão;Anoitecer;;;Meio de Quadra;;;0;0;2;0;0;0;0;0;0;0;0;0;-38,521746;-3,838891;;;
262104;15;1;2015;17:34;9170;RUA GAL SILVA JUNIOR;AV EDUARDO GIRAO;;;;Colisão;Anoitecer;;;Cruz;Semáforo;Comercial;0;0;2;0;0;0;0;0;0;0;0;0;-38,530785;-3,754309;;;
262109;15;1;2015;18:03;5209;RUA JOAO CORDEIRO;RUA TEN BENEVOLO;;;;Colisão;Anoitecer;;;Cruz;;Residencial;0;0;2;0;0;0;0;0;0;0;0;0;-38,513424;-3,726514;;;
262115;15;1;2015;18:35;0;AV BAR STUDART;;;;;Colisão;;;;Meio de Quadra;;;0;0;2;0;0;0;0;0;0;0;0;0;;;;;