COD_ACIDENTE;DIA;MES;ANO;HORA;INTERSECAO;LOG1;LOG2;LOG3;NUMERO;REFERENCIA;NATUREZA;ILUMINACAO;TEMPO;SUPERFICIEPISTA;TIPOCRUZAMENTO;CONTROLETRAFEGO;USOSOLO;MORTOS;FERIDOS;ILESOS;AUTOMOVEL;ONIBUS;BICICLETA;CAMINHAO;MICROONIBUS;CICLOMOTOR;MOTOCICLETA;TRACAOANIMAL;TREM;LONG;LAT;;;
248423;15;1;2015;07:20;0;RUA PERNAMBUCO;;;1961;;Colisão Traseira;Luz do Dia;Bom;Seca;Meio de Quadra;Não Há Controle;Residencial;0;0;2;1;0;0;0;0;0;0;0;0;-38,574710;-3,755028;;;
248424;15;1;2015;15:45;0;AV PONTES VIEIRA;;;1599;;Colisão Traseira;Luz do Dia;Bom;Seca;Meio de Quadra;Não Há Controle;Comercial;0;0;2;1;0;0;0;0;0;0;0;0;-38,506546;-3,751905;;;
248421;15;1;2015;07:55;0;RUA CONDE D´EU;;;521;;Colisão Lateral;Luz do Dia;Bom;Seca;Meio de Quadra;;Comercial;0;0;2;1;0;0;0;0;0;0;0;0;-38,525464;-3,725525;;;
248394;15;1;2015;18:39;0;RUA CEL FRANCISCO PEREIRA (MESSEJANA);;;30;;Colisão Lateral;Via Iluminada;Bom;Seca;Meio de Quadra;Não Há Controle;Residencial;0;1;1;1;0;0;0;0;0;1;0;0;-38,492577;-3,829206;;;
248395;15;1;2015;17:00;5300;RUA PEDRO PEREIRA;RUA BAR RIO BRANCO;;;;Colisão Transversal;Luz do Dia;Bom;Seca;Cruz;Semáforo;Comercial;0;0;2;1;0;0;0;0;0;0;0;0;-38,529219;-3,729457;;;
248396;15;1;2015;07:30;22726;RUA EUCLIDES O DE SOUSA;RUA MARIO ALENCAR ARARIPE;;;;Colisão Lateral;Luz do Dia;Bom;Seca;Cruz;Pare;Residencial;0;1;1;1;0;0;0;0;0;1;0;0;-38,478038;-3,798084;;;
248398;15;1;2015;18:04;0;RUA POMPILIO GOMES;;;1126;;Colisão Transversal;Anoitecer;Bom;Seca;Meio de Quadra;Não Há Controle;Residencial;0;0;2;0;0;0;1;0;0;0;0;0;-38,521131;-3,821786;;;
248399;15;1;2015;12:40;17822;RUA 2 PLANALTO ITAPERI;RUA 12 PLANALTO ITAPERI;;;;Colisão Transversal;Luz do Dia;Bom;Seca;Cruz;Outros;Residencial;0;1;1;0;0;0;0;0;0;1;0;0;-38,553056;-3,809795;;;
248403;15;1;2015;09:00;0;RUA CEL DIONISIO ALENCAR;RUA PERGENTINO MAIA;;;;Colisão Traseira;Luz do Dia;Bom;Seca;;;;0;0;2;1;1;0;0;0;0;0;0;0;;;;;
248406;15;1;2015;14:10;26189;AV JOSE LEON;RUA 4 UI 307;;;;Colisão Lateral;Luz do Dia;Bom;Seca;Cruz;Pare;Residencial;0;1;1;1;0;0;0;0;0;1;0;0;;;;;
248408;15;1;2015;12:50;7782;RUA OSVALDO CRUZ (ALDEOTA);RUA JULIO SIQUEIRA;;;;Colisão Lateral;Luz do Dia;Bom;Seca;Cruz;Pare;Residencial;0;0;2;1;0;0;0;0;0;0;0;0;-38,505200;-3,750740;;;
248412;15;1;2015;07:00;22886;RUA BERNARDO MANUEL;RUA INACIO PARENTE;;;;Colisão Transversal;Luz do Dia;Bom;Seca;Cruz;Pare;Comercial;0;1;1;0;1;0;0;0;0;1;0;0;-38,546074;-3,781268;;;
248416;15;1;2015;14:10;13372;RUA JOAO BRIGIDO;RUA NOGUEIRA ACIOLI;;;;Colisão Transversal;Luz do Dia;Bom;Seca;Cruz;Semáforo;Comercial;0;1;1;0;0;0;1;0;0;1;0;0;-38,520044;-3,739259;;;
248418;15;1;2015;17:33;1288;RUA TIBURCIO CAVALCANTE;RUA MARIA TOMASIA;;;;Colisão;Anoitecer;Bom;Seca;Cruz;Pare;Comercial;0;1;1;1;0;1;0;0;0;0;0;0;-38,501926;-3,733956;;;
247956;15;1;2015;07:15;0;AV CARNEIRO DE MENDONCA;;;895;;Colisão Traseira;Luz do Dia;Bom;Seca;Meio de Quadra;Pare;Comercial;0;0;2;1;0;0;0;0;0;0;0;0;-38,567003;-3,763970;;;
248027;15;1;2015;17:30;15246;RUA TEN BENEVOLO;RUA CARLOS VASCONCELOS;;;;Colisão Transversal;Anoitecer;Bom;Seca;Cruz;Semáforo;Comercial;0;0;2;1;0;0;0;0;0;0;0;0;-38,509174;-3,727989;;;
248066;15;1;2015;18:00;7762;AV ANTONIO SALES;RUA NUNES VALENTE;;;;Colisão Transversal;Via Iluminada;Bom;Seca;Cruz;Pare;Comercial;0;0;2;1;0;0;0;0;1;0;0;0;-38,506314;-3,744237;;;
248058;15;1;2015;19:10;7926;AV ANTONIO SALES;RUA BARBOSA DE FREITAS;;;;Colisão Traseira;Via Iluminada;Bom;Seca;Cruz;Semáforo;Misto;0;0;2;1;0;0;0;0;0;0;0;0;-38,500407;-3,746051;;;
258977;15;1;2015;20:10;0;RD CE-040;;;;KM-01;Choque c/ Obstáculo Fixo;;;Seca;Meio de Quadra;;;0;0;1;1;0;0;0;0;0;0;0;0;-38,483270;-3,754877;;;
258961;15;1;2015;15:15;0;RD CE-040;;;;KM-04;Colisão;Luz do Dia;;Seca;Meio de Quadra;;;0;0;2;1;0;0;1;0;0;0;0;0;-38,480251;-3,792050;;;
258975;15;1;2015;17:50;0;RD CE-040;;;;KM-06;Colisão;Anoitecer;;Seca;Meio de Quadra;;;0;0;2;0;1;0;0;0;0;0;0;0;-38,478781;-3,811270;;;
258754;15;1;2015;22:43;0;RUA URUCUTUBA;;;;;Atropelamento;;;;Meio de Quadra;;;0;0;2;0;0;0;0;0;0;0;0;0;;;;;
258755;15;1;2015;23:06;0;AV MAE LISBOA;;;2181;MADEIREIRA COMPASSO;Atropelamento;;;;Meio de Quadra;;;0;1;1;1;0;0;0;0;0;0;0;0;-38,460257;-3,807415;;;
258738;15;1;2015;20:42;0;AV RAD JOSE LIMA VERDE;;;537;;Colisão;;;;Meio de Quadra;;;0;1;1;0;0;0;0;0;0;1;0;0;-38,586383;-3,696108;;;
258723;15;1;2015;23:08;0;RUA JURANDIR L ALENCAR;;;;;Colisão;;;;Meio de Quadra;;;0;0;2;1;0;0;0;0;0;1;0;0;;;;;
254125;15;1;2015;20:13;0;RUA OSCAR ARARIPE;;;;;Colisão;;;;Meio de Quadra;;;0;0;3;1;0;0;0;0;0;0;0;0;;;;;
262121;15;1;2015;19:18;0;RUA SEN POMPEU;;;2324;;Colisão;;;;Meio de Quadra;;;0;0;2;0;0;0;0;0;0;0;0;0;-38,533249;-3,738874;;;
262129;15;1;2015;20:00;19328;RUA CON DE CASTRO;RUA EDUARDO PERDIGAO;;;;Colisão Transversal;Via Iluminada;Bom;Seca;Cruz;Pare;Comercial;0;0;2;1;0;0;0;0;0;0;0;0;-38,564769;-3,775579;;;
262126;15;1;2015;20:25;0;RUA TEN JURANDIR ALENCAR;;;;;Colisão;;;;Meio de Quadra;;;0;0;2;0;0;0;0;0;0;0;0;0;;;;;
262197;15;1;2015;23:26;0;AV SEN FERNANDES TAVORA;;;3256;;Colisão;;;;Meio de Quadra;;;0;0;2;0;0;0;0;0;0;0;0;0;;;;;
256899;15;1;2015;08:27;0;RUA EDUARDO BEZERRA;;;944;;Colisão;Luz do Dia;;;Meio de Quadra;;;0;1;0;1;0;0;0;0;0;0;0;0;-38,511911;-3,753660;;;
256901;15;1;2015;13:45;10182;RUA JOAO VINTE TRES;RUA TRES CORACOES;;;;Colisão;Luz do Dia;;;;;;0;1;0;1;0;0;0;0;0;0;0;0;-38,609145;-3,785028;;;
256904;15;1;2015;15:15;0;AV PLACIDO CASTELO;;;419;;Colisão;Luz do Dia;;;Meio de Quadra;;;0;1;0;1;0;0;0;0;0;1;0;0;-38,508314;-3,783545;;;
258580;15;1;2015;00:51;0;AV AGUANAMBI;;;;ROTATÓRIA;Colisão;;;;Meio de Quadra;;;0;0;2;1;0;0;1;0;0;0;0;0;-38,523043;-3,755538;;;
258581;15;1;2015;04:43;25130;RUA MARIA TOMASIA;RUA FRE MANSUETO;;;;Colisão;;;;Cruz;;Comercial;0;0;2;1;0;0;0;0;0;0;0;0;;;;;
258577;15;1;2015;00:09;15290;RUA JOAQUIM NABUCO;RUA CANUTO DE AGUIAR;;;;Colisão;;;;Cruz;Pare;Residencial;0;0;2;1;0;0;0;0;0;0;0;0;-38,499390;-3,729360;;;
258578;15;1;2015;00:16;0;AV BENJAMIM BARROSO;;;100;;Colisão;;;;Meio de Quadra;;;0;0;2;1;1;0;0;0;0;0;0;0;-38,549811;-3,726058;;;
258583;15;1;2015;06:37;0;AV SGT HERMINIO SAMPAIO;;;3552;;Colisão;Luz do Dia;;;Meio de Quadra;;;0;1;1;1;0;0;0;0;0;1;0;0;-38,572259;-3,728743;;;
258584;15;1;2015;09:57;0;AV PRS CASTELO BRANCO;;;240;SANTA CASA;Colisão;Luz do Dia;;;Meio de Quadra;;;0;0;2;0;0;1;0;0;0;1;0;0;-38,527292;-3,721258;;;
258585;15;1;2015;10:36;1305;RUA MARIA TOMASIA;RUA OSVALDO CRUZ (ALDEOTA);;;;Colisão;Luz do Dia;;;Cruz;Pare;Comercial;0;0;2;1;0;0;0;0;0;0;0;0;-38,499989;-3,734580;;;
258586;15;1;2015;10:58;18298;AV ALM BARROSO;RUA CARIRIS;;;;Colisão;Luz do Dia;;;Cruz;Semáforo;Residencial;0;0;2;1;0;0;0;0;0;0;0;0;-38,517341;-3,720485;;;
258587;15;1;2015;11:20;13771;AV PINTO BANDEIRA D56;RUA LUIZA MIRANDA COELHO;;;;Colisão;Luz do Dia;;;Cruz;Pare;Residencial;0;0;2;1;0;0;0;0;0;0;0;0;-38,487283;-3,774929;;;
258597;15;1;2015;12:03;0;RUA INGLATERRA;;;411;;Atropelamento;Luz do Dia;;;Meio de Quadra;;;0;0;2;0;0;0;0;0;0;1;0;0;-38,559895;-3,783422;;;
258603;15;1;2015;12:54;0;AV TRISTAO GONCALVES;;;1461;;Colisão;Luz do Dia;;;Meio de Quadra;;;0;2;0;0;0;0;0;0;0;1;0;0;-38,535484;-3,734715;;;
258600;15;1;2015;12:16;0;AV ENG SANTANA JUNIOR;;;1185;;Colisão;Luz do Dia;;;Meio de Quadra;;;0;0;2;0;0;0;1;0;0;1;0;0;-38,483392;-3,737752;;;
258607;15;1;2015;13:20;5394;AV TRISTAO GONCALVES;RUA METON DE ALENCAR;;;;Colisão;Luz do Dia;;;Cruz;Semáforo;Comercial;0;0;2;0;0;0;0;0;0;0;0;0;-38,534777;-3,732327;;;
258610;15;1;2015;13:49;18152;AV DIOGUINHO;RUA ANTONIO A RODRIGUES;;;;Colisão;Luz do Dia;;;T;Não Há Controle;Outros;0;1;1;1;0;0;0;0;0;0;0;0;-38,448803;-3,750040;;;
258612;15;1;2015;13:51;0;RUA ARNALDO OSORIO;;;4545;;Colisão;Luz do Dia;;;Meio de Quadra;;;0;0;2;1;0;0;0;0;0;0;0;0;;;;;
258617;15;1;2015;14:18;6745;RUA BENTO ALBUQUERQUE;RUA PRO OTAVIO LOBO;;;;Engavetamento;Luz do Dia;;;Cruz;Semáforo;Residencial;0;0;3;1;0;0;1;0;0;0;0;0;-38,479196;-3,745035;;;
258621;15;1;2015;14:24;0;RUA MARIA QUINTINO;;;930;;Colisão;Luz do Dia;;;Meio de Quadra;;;0;0;2;0;0;1;0;0;0;1;0;0;;;;;
258624;15;1;2015;14:58;7948;AV PONTES VIEIRA;RUA JOAQUIM NABUCO;;;;Colisão;Luz do Dia;;;Cruz;Semáforo Intermitente;Comercial;0;0;2;1;0;0;0;0;0;0;0;0;-38,506628;-3,751917;;;
258632;15;1;2015;16:20;0;RUA JOAO FIRMINO;;;310;;Colisão;Luz do Dia;;;Meio de Quadra;;;0;0;2;1;0;0;0;0;0;0;0;0;-38,553195;-3,761567;;;
258650;15;1;2015;17:12;0;RUA JUVENTUDE;;;;;Colisão;Anoitecer;;;Meio de Quadra;;;0;0;2;1;0;0;0;0;0;0;0;0;;;;;
258651;15;1;2015;18:30;13602;AV ROGACIANO LEITE;AV GAL MURILO BORGES;;;;Colisão;Anoitecer;;;;;;0;0;2;1;0;0;1;0;0;0;0;0;-38,496968;-3,767788;;;
258652;15;1;2015;19:01;11668;RUA PRO HERIBALDO COSTA;RUA CACILDA BECKER;;;;Colisão;;;;Cruz;Pare;Residencial;0;0;2;1;0;0;0;0;0;0;0;0;-38,589464;-3,770715;;;
258653;15;1;2015;16:10;0;AV PRO GOMES DE MATOS;;;1368;;;Luz do Dia;;;Meio de Quadra;;;0;0;2;1;1;0;0;0;0;0;0;0;-38,548214;-3,764172;;;
258654;15;1;2015;19:03;3868;RUA SEN POMPEU;RUA JOAQUIM MAGALHAES;;;;Colisão;;;;Cruz;Não Há Controle;Comercial;0;1;1;1;0;0;0;0;0;1;0;0;-38,533066;-3,738281;;;
248084;15;1;2015;19:45;15233;RUA JULIO IBIAPINA;RUA JUAZEIRO DO NORTE;;;;Colisão Lateral;Via Iluminada;Bom;Seca;Cruz;Pare;Comercial;0;0;1;1;0;0;0;0;0;0;0;0;-38,491155;-3,727527;;;
248100;15;1;2015;10:15;25121;RUA FIRMINO ROCHA AGUIAR;RUA ELISEU UCHOA BECCO;;;;Colisão Transversal;Luz do Dia;Bom;Seca;Cruz;Outros;Residencial;0;0;2;1;1;0;0;0;0;0;0;0;-38,486120;-3,763391;;;
258688;15;1;2015;18:00;0;AV MAE LISBOA;;;4084;;Colisão;Anoitecer;;;Meio de Quadra;;;0;0;2;1;0;0;0;0;0;1;0;0;;;;;
258706;15;1;2015;21:33;0;AV BAR STUDART;;;2237;;Colisão;;;;Meio de Quadra;;;0;0;2;0;1;0;0;0;0;0;0;0;-38,509352;-3,743209;;;
258707;15;1;2015;21:33;22297;AV BEZERRA DE MENEZES;RUA PDE ANCHIETA;;;;Choque c/ Obstáculo Fixo;;;;Cruz;Semáforo;Comercial;0;0;1;0;0;0;0;0;0;1;0;0;-38,552298;-3,733155;;;
258708;15;1;2015;18:45;0;AV PRS JUSCELINO KUBITSCHEK (PASSARÉ);;;4500;SARA KUBSTSCHEK;Colisão;;;;Meio de Quadra;;;0;0;2;1;0;0;0;0;0;1;0;0;-38,533326;-3,818562;;;
258709;15;1;2015;19:28;10072;RUA CEL FABRICIANO;RUA CEL VIRGILIO NOGUEIRA (BOM JARDIM);;;;Atropelamento;;;;;;;0;0;2;0;0;0;0;0;0;0;0;0;-38,606869;-3,783041;;;
258690;15;1;2015;20:49;0;AV GODOFREDO MACIEL;;;4810;;Colisão;;;;Meio de Quadra;;;0;1;1;1;0;0;0;0;0;1;0;0;-38,575005;-3,817769;;;
258703;15;1;2015;18:02;2469;RUA ALBERTO DE OLIVEIRA;AV 20 DE JANEIRO;;;;Colisão;Anoitecer;;;Cruz;Pare;Misto;0;2;1;1;0;0;0;0;0;1;0;0;-38,575648;-3,708286;;;
258704;15;1;2015;18:23;0;RUA CON DE CASTRO;;;5427;;Colisão;Anoitecer;;;Meio de Quadra;;;0;1;1;1;0;0;0;0;0;1;0;0;-38,596327;-3,810142;;;
258700;15;1;2015;18:26;5328;AV DUQ CAXIAS;AV TRISTAO GONCALVES;;;;Colisão;Anoitecer;;;Cruz;Semáforo;Comercial;0;0;2;1;0;0;0;0;0;1;0;0;-38,534196;-3,730400;;;
258716;15;1;2015;23:03;10638;RUA PAULO R PINHEIRO;AV WASHINGTON SOARES;;;;Colisão;;;;T;Pare;Comercial;0;0;2;1;0;0;0;0;0;0;0;0;-38,488829;-3,757606;;;
258714;15;1;2015;22:40;5675;RUA CHICO LEMOS;RUA ALICE;;;;Colisão;;;;Cruz;Pare;Residencial;0;0;2;1;0;0;0;0;0;0;0;0;-38,499726;-3,790026;;;
258628;15;1;2015;15:57;0;AV PDE ANTONIO TOMAS;;;75;;Colisão;Luz do Dia;;;Meio de Quadra;;;0;0;2;1;0;0;0;0;0;0;0;0;-38,502649;-3,739196;;;
258629;15;1;2015;16:03;0;AV SGT HERMINIO SAMPAIO;;;;;Colisão;Luz do Dia;;;Meio de Quadra;;;0;0;2;0;0;0;0;0;0;0;0;0;;;;;
258667;15;1;2015;16:17;9127;AV 13 DE MAIO;RUA ASSUNCAO;;;;Colisão;Luz do Dia;;;T;Pare;Comercial;0;0;2;1;0;0;0;0;0;0;0;0;-38,532687;-3,746449;;;
258670;15;1;2015;19:16;15887;RUA CARLOTA R DA CUNHA (L.CAVALCANTE);RUA CEL GUILHERME ALENCAR;;;;Colisão;;;;;;;0;0;2;1;0;0;0;0;0;0;0;0;-38,492676;-3,835399;;;
258671;15;1;2015;16:37;0;AV ROGACIANO LEITE;;;3065;;Colisão;Luz do Dia;;;Meio de Quadra;;;0;0;2;1;0;0;0;0;0;1;0;0;-38,503177;-3,786257;;;
258672;15;1;2015;16:40;0;AV OLIVEIRA PAIVA;;;530;;Colisão;Luz do Dia;;;Meio de Quadra;;;0;0;4;1;0;0;0;0;0;0;0;0;;;;;
258675;15;1;2015;19:35;0;AV EDUARDO GIRAO;;;;;Colisão;;;;Meio de Quadra;;;0;0;3;1;0;0;0;0;0;0;0;0;;;;;
258676;15;1;2015;16:51;15423;AV FRE CIRILO;RUA SILVEIRA DA MOTA;;;;Colisão;Luz do Dia;;;Cruz;Pare;Comercial;0;0;2;1;0;0;0;0;0;1;0;0;-38,498012;-3,815944;;;
258677;15;1;2015;19:57;19611;AV GODOFREDO MACIEL;RUA NEREU RAMOS;;;;Colisão;;;;T;Semáforo;Comercial;0;0;2;1;0;0;0;0;0;0;0;0;-38,566802;-3,787250;;;
258678;15;1;2015;17:08;0;AV DR THEBERGE;;;1068;;Colisão;Anoitecer;;;Meio de Quadra;;;0;0;2;0;0;0;0;0;0;1;0;0;-38,564159;-3,712221;;;
258683;15;1;2015;17:32;0;RUA PESSOA ANTA;;;345;;Colisão;Anoitecer;;;Meio de Quadra;;;0;0;2;0;0;0;1;0;0;1;0;0;;;;;
253278;15;1;2015;05:10;0;RD BR 116;;;2000;KM-02;Colisão Traseira;Amanhecer;Bom;Seca;Meio de Quadra;Não Há Controle;Comercial;0;0;2;1;1;0;0;0;0;0;0;0;-38,516780;-3,771391;;;
253267;16;1;2015;07:50;0;RD BR 116;;;1000;KM-01;Colisão Lateral;Luz do Dia;Bom;Seca;Meio de Quadra;Não Há Controle;Comercial;0;0;2;0;1;0;0;0;0;0;0;0;-38,518702;-3,762554;;;
253421;16;1;2015;16:00;0;RD BR 020;;;;KM-03;Colisão Lateral;Luz do Dia;Bom;Seca;Meio de Quadra;Não Há Controle;Comercial;0;2;1;1;0;0;0;0;0;1;0;0;;;;;
253403;16;1;2015;13:00;0;RD BR 222;;;2000;KM-02;Colisão Traseira;Luz do Dia;Bom;Seca;Meio de Quadra;Não Há Controle;Comercial;0;0;3;1;1;0;0;0;0;0;0;0;-38,586880;-3,738951;;;
253348;16;1;2015;15:30;0;RD BR 116;;;14000;KM-14;Queda;Luz do Dia;Bom;Seca;Meio de Quadra;Não Há Controle;Comercial;0;2;0;0;0;0;0;0;0;1;0;0;-38,499242;-3,873523;;;
256908;16;1;2015;14:50;2573;AV FRANCISCO SA;RUA GRACA ARANHA;;;;Colisão;Luz do Dia;;;Cruz;Pare;Residencial;0;1;0;1;0;0;0;0;0;1;0;0;-38,574359;-3,711611;;;
256909;16;1;2015;17:40;25724;RUA NIGERIA;RUA SEBASTIAO DE ABREU (MONDUBIM);;;;Colisão;Anoitecer;;;;;;0;1;0;0;0;0;0;0;0;1;0;0;-38,566905;-3,792931;;;
256912;16;1;2015;18:30;0;AV DR SILAS MUNGUBA;;;5000;;Engavetamento;Anoitecer;;;Meio de Quadra;;;0;1;6;1;0;0;0;0;0;1;0;0;-38,531627;-3,797117;;;
259792;16;1;2015;08:35;5464;AV HERACLITO GRACA;RUA GONCALVES LEDO;;;;Colisão;Luz do Dia;;;T;Pare;Comercial;0;0;2;1;0;0;0;0;0;0;0;0;-38,517456;-3,735774;;;
256809;16;1;2015;13:30;0;AV HERACLITO GRACA;;;;;Atropelamento;Luz do Dia;Bom;Seca;Meio de Quadra;Não Há Controle;Comercial;0;1;1;1;0;0;0;0;0;0;0;0;;;;;
262687;16;1;2015;13:59;11084;RUA ACAPULCO;RUA PRA HELOISA F LIMA;;;;Colisão;Luz do Dia;;;;;;0;0;2;0;0;0;0;0;0;0;0;0;-38,547171;-3,792251;;;
262716;16;1;2015;10:32;0;AV ALBERTO CRAVEIRO;;;;;Colisão;Luz do Dia;;;Meio de Quadra;;;0;0;2;0;0;0;0;0;0;0;0;0;;;;;
258739;16;1;2015;00:21;0;RUA SEMPREVIVA;;;;;Atropelamento;;;;Meio de Quadra;;;0;0;2;0;0;0;0;0;0;0;0;0;;;;;
258743;16;1;2015;00:31;577;AV FRANCISCO SA;AV DR THEBERGE;;;;Queda;;;;Cruz;Semáforo;Comercial;0;1;0;0;0;0;0;0;0;1;0;0;-38,565016;-3,714822;;;
258750;16;1;2015;22:02;16082;RUA OLIMPIO NORONHA;RUA JOAO GADELHA;;;;Colisão;;;;;;;0;1;1;0;0;1;0;0;0;1;0;0;-38,562366;-3,811465;;;
258753;16;1;2015;22:12;10300;AV SEN FERNANDES TAVORA;RUA JOSE MENDONCA;;;;Colisão;;;;Cruz;Pare;Comercial;0;0;2;1;0;0;0;0;0;1;0;0;-38,601696;-3,754492;;;
258759;16;1;2015;03:21;0;RUA OSCAR ARARIPE;;;2615;;Colisão;;;;Meio de Quadra;;;0;0;2;1;0;0;0;0;0;1;0;0;-38,613874;-3,786501;;;
258748;16;1;2015;00:47;0;RUA JOAO CORDEIRO;;;374;;Colisão;;;;Meio de Quadra;;;0;1;1;1;0;0;0;0;0;1;0;0;-38,512458;-3,723457;;;
258764;16;1;2015;03:23;12664;RUA CARNAUBAL;RUA ERETIDES ALENCAR;;;;Colisão;Amanhecer;;;;;;0;0;2;1;0;0;0;0;0;1;0;0;-38,582545;-3,722584;;;
258774;16;1;2015;09:53;0;AV DOS EXPEDICIONARIOS;;;10300;;Colisão;Luz do Dia;;;Meio de Quadra;;;0;0;2;1;0;0;0;0;0;1;0;0;-38,554665;-3,809278;;;
258775;16;1;2015;09:57;0;AV PRS CASTELO BRANCO;;;749;PEFOCE;Colisão;Luz do Dia;;;Meio de Quadra;;;0;1;1;1;0;0;0;0;0;1;0;0;-38,535806;-3,718066;;;
258776;16;1;2015;10:46;0;AV PRS CASTELO BRANCO;;;2438;;Atropelamento;Luz do Dia;;;Meio de Quadra;;;0;1;1;0;0;0;0;0;0;0;0;0;-38,549693;-3,713383;;;
259066;16;1;2015;14:57;0;RD CE-040;;;;KM-03;Colisão;Luz do Dia;;Seca;Meio de Quadra;;;0;0;2;0;0;0;1;0;0;1;0;0;-38,481014;-3,783185;;;
258990;16;1;2015;13:38;12445;AV SEN FERNANDES TAVORA;TR HELENA DE MARIA;;;;Colisão;Luz do Dia;;;Cruz;Outros;Comercial;0;0;2;1;0;0;0;0;0;0;0;0;-38,574916;-3,766094;;;
258979;16;1;2015;08:00;0;RD CE-040;;;;;Colisão;Luz do Dia;;Seca;Meio de Quadra;;;0;1;1;1;0;0;0;0;0;1;0;0;;;;;
258983;16;1;2015;12:50;0;AV SEN CARLOS JEREISSATI (AEROPORTO);;;;;Colisão;Luz do Dia;;Seca;Meio de Quadra;;;0;0;2;1;0;0;0;0;0;0;0;0;;;;;
258831;16;1;2015;11:49;0;AV GOV RAUL BARBOSA;;;;;Colisão;Luz do Dia;;;Meio de Quadra;;;0;0;3;1;0;0;1;0;0;0;0;0;;;;;
258837;16;1;2015;09:44;8125;RUA BENTO ALBUQUERQUE;RUA MANUEL DE QUEIROZ;;;;Colisão;Luz do Dia;;;Cruz;Pare;Misto;0;1;1;1;0;0;0;0;0;1;0;0;-38,467393;-3,748837;;;
258844;16;1;2015;10:33;5215;RUA PDE MORORO;RUA PEDRO PEREIRA;;;;Colisão;Luz do Dia;;;Cruz;Semáforo;Comercial;0;0;2;1;0;0;0;0;0;0;0;0;-38,537843;-3,726667;;;
258845;16;1;2015;11:03;0;AV ALBERTO CRAVEIRO;;;1795;;Colisão;Luz do Dia;;;Meio de Quadra;;;0;0;2;1;0;0;0;0;0;1;0;0;-38,518061;-3,795318;;;
258846;16;1;2015;11:28;2205;AV CEL CARVALHO;AV RAD JOSE LIMA VERDE;;;;Colisão;Luz do Dia;;;Y;Não Há Controle;Comercial;0;0;2;0;0;0;1;0;0;0;0;0;-38,591542;-3,703499;;;
258848;16;1;2015;11:29;13267;RUA 60 CJ JOSE WALTER;RUA 87 CJ JOSE WALTER;;;;Colisão;Luz do Dia;;;;;;0;0;2;1;0;0;0;0;0;0;0;0;-38,556629;-3,837280;;;
258849;16;1;2015;13:48;0;RUA 1111 CJ CEARA;;;71;;Queda;Luz do Dia;;;Meio de Quadra;;;0;0;1;0;0;0;0;0;0;1;0;0;-38,613146;-3,764037;;;
258841;16;1;2015;10:38;9952;RUA EMILIO DE MENESES;RUA JOSE TORRES;;;;Colisão;Luz do Dia;;;Cruz;Pare;Comercial;0;1;1;1;0;0;0;0;0;1;0;0;-38,606283;-3,776425;;;
258842;16;1;2015;13:24;0;AV ALBERTO CRAVEIRO;;;2770;CASTELAO;Colisão;Luz do Dia;;;Meio de Quadra;;;0;0;2;1;0;0;0;0;0;1;0;0;-38,523255;-3,805335;;;
258852;16;1;2015;11:42;0;RUA DES GOMES PARENTE;;;1227;;Colisão;Luz do Dia;;;Meio de Quadra;;;0;0;2;1;0;0;0;0;0;0;0;0;-38,580534;-3,772395;;;
258855;16;1;2015;07:49;743;AV PRS CASTELO BRANCO;AV PASTEUR;;;;Atropelamento;Luz do Dia;;;Cruz;Semáforo;Comercial;0;1;1;0;0;0;0;0;0;1;0;0;-38,558856;-3,711181;;;
258771;16;1;2015;09:39;0;AV IMPERADOR;;;1775;;Colisão;Luz do Dia;;;Meio de Quadra;;;0;0;2;1;0;0;0;0;0;0;0;0;-38,537362;-3,737041;;;
258872;16;1;2015;15:09;12954;AV PRS COSTA E SILVA;AV DOS EXPEDICIONARIOS;;;;Colisão;Luz do Dia;;;Cruz;Semáforo;Comercial;0;0;2;1;0;0;1;0;0;0;0;0;-38,558276;-3,821079;;;
258876;16;1;2015;18:54;0;AV TRISTAO GONCALVES;;;746;;Colisão;;;;Meio de Quadra;;;0;0;2;1;0;0;0;0;0;0;0;0;-38,533557;-3,728303;;;
258877;16;1;2015;19:16;0;AV SEN CARLOS JEREISSATI (AEROPORTO);;;;;Colisão;;;;Meio de Quadra;;;0;0;2;0;0;0;0;0;0;1;0;0;;;;;
258878;16;1;2015;19:54;0;AV JOAO DE ARAUJO LIMA;;;;;Colisão;;;;Meio de Quadra;;;0;0;2;1;0;0;0;0;0;0;0;0;;;;;
258879;16;1;2015;20:38;0;RUA PRO GOMES BRASIL;;;360;;Colisão;;;;Meio de Quadra;;;0;1;1;1;0;0;0;0;0;1;0;0;-38,568710;-3,772490;;;
258869;16;1;2015;17:36;0;AV DR THEBERGE;;;1738;;Colisão;Anoitecer;;;Meio de Quadra;;;0;1;1;1;0;0;0;0;0;1;0;0;-38,565711;-3,716936;;;
258898;16;1;2015;21:36;0;RUA PERNAMBUCO;;;1891;UFC;Colisão;;;;Meio de Quadra;;;0;0;2;1;0;0;0;0;0;1;0;0;-38,574317;-3,755450;;;
258899;16;1;2015;22:57;0;AV 13 DE MAIO;;;;;Colisão;;;;Meio de Quadra;;;0;0;2;1;0;0;0;0;0;0;0;0;;;;;
258900;16;1;2015;23:01;0;AV ROGACIANO LEITE;;;2007;;Colisão;;;;Meio de Quadra;;;0;0;2;1;0;0;0;0;0;1;0;0;-38,498646;-3,772359;;;
258902;16;1;2015;21:17;0;RUA RUBIA SAMPAIO;;;1468;;Atropelamento;;;;Meio de Quadra;;;0;0;2;0;0;0;0;0;0;1;0;0;;;;;