COD_ACIDENTE;DIA;MES;ANO;HORA;INTERSECAO;LOG1;LOG2;LOG3;NUMERO;REFERENCIA;NATUREZA;ILUMINACAO;TEMPO;SUPERFICIEPISTA;TIPOCRUZAMENTO;CONTROLETRAFEGO;USOSOLO;MORTOS;FERIDOS;ILESOS;AUTOMOVEL;ONIBUS;BICICLETA;CAMINHAO;MICROONIBUS;CICLOMOTOR;MOTOCICLETA;TRACAOANIMAL;TREM;LONG;LAT;;;
258903;16;1;2015;22:11;0;RUA SEIXAS CORREIA;;;380;;Colisão;;;;Meio de Quadra;;;0;0;2;1;0;0;0;0;0;0;0;0;-38,577976;-3,779709;;;
258904;16;1;2015;22:16;0;RUA AMELIA CONDE;;;1018;;Atropelamento;;;;Meio de Quadra;;;0;0;2;1;0;0;0;0;0;0;0;0;;;;;
247981;16;1;2015;17:45;0;AV ENG HUMBERTO MONTE;RUA GOIAS;;958;;Colisão Traseira;Via Iluminada;Bom;Seca;;;;0;0;2;1;0;0;0;0;0;0;0;0;-38,559463;-3,750441;;;
247982;16;1;2015;15:00;0;RUA MON HIPOLITO BRASIL;;;1381;;Atropelamento;Luz do Dia;Bom;Seca;Meio de Quadra;;;1;0;1;0;1;0;0;0;0;0;0;0;-38,584306;-3,755990;;;
247983;16;1;2015;08:00;0;AV DOS EXPEDICIONARIOS;;;10300;;Colisão Traseira;Luz do Dia;Bom;Seca;Meio de Quadra;Não Há Controle;Residencial;0;1;1;0;0;0;0;0;0;1;0;0;-38,554665;-3,809278;;;
247984;16;1;2015;13:10;3863;AV 13 DE MAIO;RUA SEN POMPEU;;;;Colisão Traseira;Luz do Dia;Bom;Seca;Rotatória;Semáforo;Comercial;0;0;2;1;0;0;0;0;0;0;0;0;-38,534969;-3,744515;;;
247985;16;1;2015;17:00;5099;AV TRISTAO GONCALVES;RUA SEN ALENCAR;;;;Colisão Transversal;;Bom;Seca;Cruz;Não Há Controle;Comercial;0;1;1;1;0;0;0;0;0;1;0;0;-38,532122;-3,723524;;;
247986;16;1;2015;13:00;0;RUA JULIO ABREU;;;;;Colisão Transversal;Luz do Dia;Bom;Seca;;;;0;0;2;1;0;0;0;0;0;0;0;0;;;;;
247987;16;1;2015;22:24;12364;AV CARNEIRO DE MENDONCA;RUA GUARANI D35 (JOAO XXIII);;;;Colisão Lateral;Via Iluminada;Bom;Seca;Cruz;Pare;Residencial;0;1;1;1;0;0;0;0;0;1;0;0;-38,577321;-3,758759;;;
247988;16;1;2015;17:30;10791;RUA PORTO VELHO;RUA NATAL;;;;Colisão Transversal;Luz do Dia;Bom;Seca;Cruz;Não Há Controle;Residencial;0;1;1;0;0;0;1;0;0;1;0;0;-38,592785;-3,762901;;;
247989;16;1;2015;08:00;0;AV GAL OSORIO DE PAIVA;;;1211;;Colisão Traseira;Luz do Dia;Bom;Seca;Meio de Quadra;Não Há Controle;Comercial;0;3;0;1;0;0;0;0;0;1;0;0;-38,572551;-3,779447;;;
247990;16;1;2015;05:00;0;AV GODOFREDO MACIEL;;;21;;Choque c/ Obstáculo Fixo;Amanhecer;Bom;Seca;Meio de Quadra;Não Há Controle;Comercial;1;0;0;0;0;0;0;0;0;1;0;0;;;;;
247991;16;1;2015;09:00;0;RUA CARLOS VASCONCELOS;;;645;;Colisão Lateral;Luz do Dia;Bom;Seca;Meio de Quadra;Não Há Controle;Residencial;0;0;2;1;0;0;1;0;0;0;0;0;-38,509092;-3,727725;;;
247992;16;1;2015;17:30;0;AV ALM MAXIMIANO DA FONSECA;;;1395;;Colisão Traseira;Anoitecer;Bom;Seca;Meio de Quadra;Não Há Controle;Comercial;0;0;3;1;1;0;0;0;0;0;0;0;-38,484045;-3,771600;;;
247993;16;1;2015;10:50;9222;RUA GAL SILVA JUNIOR;RUA GRACILIANO RAMOS;;;;Colisão Transversal;Luz do Dia;Bom;Seca;Cruz;Pare;Residencial;0;0;2;1;0;0;0;0;0;0;0;0;-38,530158;-3,753567;;;
247994;16;1;2015;15:20;326;RUA PRO LINO ENCARNACAO;RUA NESTOR BARBOSA;;;;Colisão Lateral;Luz do Dia;Bom;Seca;Cruz;Pare;Residencial;0;2;1;0;1;0;0;0;0;1;0;0;-38,559892;-3,744954;;;
247995;16;1;2015;08:25;0;AV CARAPINIMA;;;2673;;Colisão Traseira;Luz do Dia;Bom;Seca;Meio de Quadra;Não Há Controle;Residencial;0;0;3;1;1;0;0;0;0;0;0;0;-38,542336;-3,742236;;;
247996;16;1;2015;13:30;5313;RUA VINTE E QUATRO DE MAIO;RUA PEDRO I;;;;Colisão Lateral;Luz do Dia;Bom;Seca;Cruz;Pare;Comercial;0;1;1;1;0;0;0;0;0;1;0;0;-38,532952;-3,729830;;;
247997;16;1;2015;11:00;0;AV DEP PAULINO ROCHA;;;2587;;Colisão Traseira;Luz do Dia;Bom;Seca;Meio de Quadra;Não Há Controle;Comercial;0;0;2;1;0;0;0;0;0;0;0;0;-38,519086;-3,810214;;;
247998;16;1;2015;12:45;11451;AV DES FAUSTINO ALBUQUERQUE;RUA PDE FRANCISCO PITA;;;;Colisão Lateral;Luz do Dia;Bom;Seca;Cruz;Pare;Comercial;0;0;2;1;0;0;0;0;0;0;0;0;-38,498345;-3,781966;;;
247999;16;1;2015;10:00;0;AV JOSE BASTOS;;;6262;;Colisão Lateral;Luz do Dia;Bom;Seca;Meio de Quadra;Semáforo;Comercial;0;1;1;0;0;0;0;0;0;1;0;0;-38,568562;-3,766487;;;
248000;16;1;2015;03:10;9092;RUA LAURO MAIA;RUA DR PEDRO TELES;;;;Colisão Lateral;Via Iluminada;Bom;Seca;Cruz;Pare;Residencial;0;0;2;1;0;0;1;0;0;0;0;0;-38,522958;-3,746914;;;
248001;16;1;2015;16:00;0;RUA DES LEITE ALBUQUERQUE;;;720;;Colisão Lateral;;Bom;Seca;Meio de Quadra;Não Há Controle;Comercial;0;0;2;1;0;0;0;0;0;0;0;0;-38,498221;-3,737371;;;
248002;16;1;2015;20:00;4615;RUA CRISANTO M DA ROCHA;RUA JOSE ANASTACIO DIAS;;;;Colisão Transversal;Mal Iluminada;Bom;Seca;Cruz;Pare;Comercial;0;1;1;1;0;0;0;0;0;1;0;0;-38,480432;-3,797667;;;
248003;16;1;2015;13:40;3859;AV DA UNIVERSIDADE;RUA JUVENAL GALENO;;;;Colisão Traseira;Luz do Dia;Bom;Seca;Cruz;Semáforo Intermitente;Comercial;0;1;1;1;0;0;0;0;0;1;0;0;-38,538143;-3,739893;;;
248004;16;1;2015;16:10;0;AV DOS EXPEDICIONARIOS;;;3616;;Engavetamento;Luz do Dia;Bom;Seca;;;;0;0;3;1;0;0;0;0;0;0;0;0;-38,536795;-3,750523;;;
248005;16;1;2015;14:40;0;AV PRO GOMES DE MATOS;;;781;;Colisão;Luz do Dia;Bom;Seca;Meio de Quadra;;Comercial;0;1;1;1;0;0;0;0;0;1;0;0;-38,544872;-3,760283;;;
248006;16;1;2015;12:55;15326;AV BAR STUDART;RUA PEREIRA FILGUEIRAS;;;;Colisão Lateral;Luz do Dia;Bom;Seca;Cruz;Semáforo;Comercial;0;0;2;1;1;0;0;0;0;0;0;0;-38,505361;-3,730810;;;
248007;16;1;2015;20:00;7762;AV ANTONIO SALES;RUA NUNES VALENTE;;;;Colisão Lateral;Via Iluminada;Bom;Seca;Cruz;Pare;Residencial;0;0;2;1;0;0;0;0;0;0;0;0;-38,506314;-3,744237;;;
248008;16;1;2015;09:00;5357;RUA MAJ FACUNDO;RUA PEDRO I;;;;Colisão Transversal;Luz do Dia;Bom;Seca;Cruz;Pare;Comercial;0;0;2;1;0;0;0;0;0;0;0;0;-38,528990;-3,731113;;;
248009;16;1;2015;11:00;0;AV AGUANAMBI;;;155;;Colisão Lateral;Luz do Dia;Bom;Seca;Meio de Quadra;Semáforo;Comercial;0;0;2;1;0;0;1;0;0;0;0;0;-38,524598;-3,738607;;;
260013;16;1;2015;14:30;0;AV PRO GOMES DE MATOS;;;;;Atropelamento;Luz do Dia;;;Meio de Quadra;;;0;2;0;0;0;0;0;0;0;1;0;0;-38,544874;-3,760286;;;
260014;16;1;2015;16:31;7674;AV JOSE BASTOS;RUA RIO GRANDE DO NORTE;;;;Queda;Luz do Dia;;;Cruz;Semáforo;Comercial;0;1;0;0;0;0;0;0;0;1;0;0;-38,564477;-3,760562;;;
260015;16;1;2015;18:41;0;AV SEN FERNANDES TAVORA;;;;;Queda;;;;Meio de Quadra;;;0;1;0;0;0;0;0;0;0;1;0;0;;;;;
260016;16;1;2015;22:59;0;RUA DEMETRIO MENEZES;;;;;Atropelamento;;;;Meio de Quadra;;;0;1;1;0;0;0;0;0;0;0;0;0;;;;;
260017;16;1;2015;23:55;0;AV JOAO PESSOA;;;;;Colisão;;;;Meio de Quadra;;;0;1;1;1;0;0;0;0;0;1;0;0;;;;;
260009;16;1;2015;08:01;0;AV MAE LISBOA;;;;;Colisão;Luz do Dia;;;Meio de Quadra;;;0;1;1;1;0;0;0;0;0;1;0;0;;;;;
260035;17;1;2015;20:50;0;AV ALM MAXIMIANO DA FONSECA;;;;;Colisão;;;;Meio de Quadra;;;0;1;1;1;0;0;0;0;0;1;0;0;-38,484045;-3,771600;;;
260036;17;1;2015;22:21;0;RUA JOAO AMORA;;;;;Colisão;;;;Meio de Quadra;;;0;2;0;0;0;0;0;0;0;1;0;0;-38,582517;-3,799795;;;
260037;17;1;2015;22:55;0;RUA BOM JESUS (GRANJA LISBOA);;;665;;Colisão;;;;Meio de Quadra;;;0;1;1;1;0;0;0;0;0;1;0;0;-38,599888;-3,794872;;;
260023;17;1;2015;09:49;0;AV WASHINGTON SOARES;;;;;Colisão;Luz do Dia;;;Meio de Quadra;;;0;0;2;0;0;0;0;0;0;0;0;0;;;;;
260024;17;1;2015;10:55;0;RUA COS LAFAYETE;;;;;Colisão;Luz do Dia;;;Meio de Quadra;;;0;1;1;1;0;0;0;0;0;1;0;0;;;;;
260025;17;1;2015;13:35;0;RUA HENRIQUE ELERY;;;;;Colisão;Luz do Dia;;;Meio de Quadra;;;0;1;1;1;0;0;1;0;0;0;0;0;;;;;
260026;17;1;2015;13:39;17349;RUA EDITE BRAGA;RUA CEL ALEXANDRINO;;;;Queda;Luz do Dia;;;Cruz;Pare;Residencial;0;1;0;0;0;0;0;0;0;1;0;0;-38,551861;-3,765675;;;
260027;17;1;2015;14:17;0;RUA MARCELO SANTA FE;;;;;Queda;Luz do Dia;;;Meio de Quadra;;;0;1;0;0;0;0;0;0;0;1;0;0;;;;;
260028;17;1;2015;15:04;0;AV PRO JOSE ARTHUR CARVALHO;;;;;Colisão;Luz do Dia;;;Meio de Quadra;;;0;2;0;0;0;0;0;0;0;1;0;0;;;;;
260029;17;1;2015;16:45;7634;AV CARNEIRO DE MENDONCA;RUA MINAS GERAIS;;;;Colisão;Luz do Dia;;;Cruz;Pare;Residencial;0;1;1;1;0;0;0;0;0;1;0;0;-38,569200;-3,762798;;;
260030;17;1;2015;17:49;0;AV F CJ JOSE WALTER;;;;;Colisão;Anoitecer;;;Meio de Quadra;;;0;1;1;1;0;0;0;0;0;1;0;0;;;;;
260031;17;1;2015;19:13;0;RUA HOLANDA;;;;;Colisão;;;;Meio de Quadra;;;0;1;1;1;0;0;0;0;0;1;0;0;-38,559533;-3,803604;;;
260032;17;1;2015;20:03;0;RUA PORTO ALEGRE;;;;;Atropelamento;;;;Meio de Quadra;;;0;2;0;0;0;0;0;0;0;1;0;0;;;;;
260033;17;1;2015;20:19;10999;RUA 15 DE NOVEMBRO;RUA ALBERTO MAGNO;;;;Colisão;;;;Cruz;Pare;Residencial;0;1;1;1;0;0;0;0;0;1;0;0;-38,553169;-3,769909;;;
260018;17;1;2015;01:10;0;RUA GABRIEL FIUZA;;;;;Queda;;;;Meio de Quadra;;;0;1;0;0;0;0;0;0;0;1;0;0;-38,579697;-3,787264;;;
260019;17;1;2015;02:39;0;RUA SEBASTIAO DE ABREU;;;;;Colisão;;;;Meio de Quadra;;;0;1;1;0;0;0;0;0;0;0;0;0;-38,483255;-3,757160;;;
260020;17;1;2015;05:32;12648;RUA RIO ARAGUAIA;RUA MARIA CLARA;;;;Colisão;Amanhecer;;;Cruz;Pare;Residencial;0;2;0;0;0;0;0;0;0;1;0;0;-38,582119;-3,725741;;;
260021;17;1;2015;06:54;0;RUA PRO GOMES BRASIL;;;;;Queda;Luz do Dia;;;Meio de Quadra;;;0;1;0;0;0;0;0;0;0;1;0;0;;;;;
258314;17;1;2015;13:00;0;AV SEN FERNANDES TAVORA;;;3240;;Colisão Traseira;Luz do Dia;Bom;Seca;Meio de Quadra;;Comercial;0;3;0;1;0;0;0;0;0;0;0;0;-38,600652;-3,754692;;;
248010;17;1;2015;13:09;1337;AV SANTOS DUMONT;RUA OSVALDO CRUZ (ALDEOTA);;;;Colisão Lateral;Luz do Dia;Bom;Seca;Cruz;Semáforo;Comercial;0;0;2;1;1;0;0;0;0;0;0;0;-38,500317;-3,735602;;;
248011;17;1;2015;00:00;6801;RUA PRO OTAVIO LOBO;RUA ANDRADE FURTADO;;;;Colisão Frontal;Via Iluminada;Bom;Seca;Cruz;Semáforo;Comercial;0;0;2;1;0;0;0;0;0;0;0;0;-38,479651;-3,745750;;;
248012;17;1;2015;19:46;748;AV FRANCISCO SA;RUA FRANCISCO CALACA;;;;Colisão Transversal;Via Iluminada;Bom;Seca;Y;Pare;Comercial;0;1;1;1;0;0;0;0;0;1;0;0;-38,572275;-3,712310;;;
248021;17;1;2015;07:00;0;AV ANTONIO SALES;;;905;;Choque c/ Obstáculo Fixo;Luz do Dia;Bom;Seca;Meio de Quadra;;Misto;0;1;0;1;0;0;0;0;0;0;0;0;-38,513630;-3,741971;;;
248022;17;1;2015;06:00;12641;RUA RIO PARAGUAI;RUA MARIA CLARA;;;;Colisão Transversal;Luz do Dia;Bom;Seca;Cruz;Pare;Misto;0;2;0;0;0;0;0;0;0;1;0;0;-38,584245;-3,725526;;;
248023;17;1;2015;13:30;25062;AV DOS EXPEDICIONARIOS;RUA PDE AMBROSIO MACHADO;;;;Colisão Lateral;Luz do Dia;Bom;Seca;Cruz;Pare;Residencial;0;0;2;1;0;0;0;0;0;0;0;0;-38,539946;-3,760838;;;
248024;17;1;2015;12:30;18294;AV HIS RAIMUNDO GIRAO;RUA GUANACES;;;;Colisão Traseira;Luz do Dia;Bom;Seca;T;Pare;Comercial;0;0;3;1;0;0;0;0;0;0;0;0;-38,514623;-3,720375;;;
248025;17;1;2015;10:40;0;AV SANTOS DUMONT;;;5150;;Colisão Traseira;Luz do Dia;Bom;Seca;Meio de Quadra;Não Há Controle;Comercial;0;0;2;0;1;0;0;0;0;0;0;0;-38,485326;-3,740445;;;
248014;17;1;2015;09:24;5146;RUA GUILHERME ROCHA;RUA PRC ISABEL;;;;Colisão Transversal;Luz do Dia;Bom;Seca;Cruz;Pare;Comercial;0;1;2;1;0;1;0;0;0;0;0;0;-38,534931;-3,724720;;;
248015;17;1;2015;00:05;1447;AV DES MOREIRA;RUA TORRES CAMARA;;;;Colisão Lateral;Via Iluminada;Bom;Seca;Cruz;Semáforo;Comercial;0;0;2;1;0;0;0;0;0;0;0;0;;;;;
248017;17;1;2015;19:10;25231;AV PRS COSTA E SILVA;AV I CJ JOSE WALTER;;;;Engavetamento;Via Iluminada;Bom;Seca;Outros;Não Há Controle;Residencial;0;0;3;1;0;0;0;0;0;0;0;0;-38,550232;-3,823494;;;
248018;17;1;2015;17:00;25261;AV LINEU MACHADO;RUA DR SULIANO;;;;Colisão Lateral;Via Iluminada;Bom;Seca;Cruz;Pare;Residencial;0;2;1;0;0;0;0;0;0;1;0;0;;;;;
248019;17;1;2015;19:15;15372;AV DOM LUIS;RUA CEL JUCA;;;;Colisão Traseira;Via Iluminada;Bom;Seca;Cruz;Semáforo;Comercial;0;1;1;0;0;0;0;0;0;1;0;0;-38,490579;-3,735452;;;
257150;17;1;2015;07:35;0;RD CE-040;;;;KM-02;Choque c/ Obstáculo Fixo;Luz do Dia;;;Meio de Quadra;;;0;1;0;1;0;0;0;0;0;0;0;0;-38,481598;-3,776479;;;
257152;17;1;2015;08:50;0;AV DA INDEPENDENCIA;;;;;Colisão;Luz do Dia;;;Meio de Quadra;;;0;1;0;1;0;0;0;0;0;0;0;0;;;;;
262823;17;1;2015;21:55;10385;AV F CJ CEARA;AV E CJ CEARA;;;;Colisão;;;;T;Não Há Controle;Residencial;0;0;2;0;0;0;0;0;0;0;0;0;-38,607655;-3,758693;;;
262828;17;1;2015;22:03;4259;RUA NAT FEIJO;RUA PLACIDO CARVALHO;;;;Colisão;;;;Cruz;Pare;Residencial;0;0;2;0;0;0;0;0;0;0;0;0;-38,555624;-3,721655;;;
262830;17;1;2015;22:51;0;RUA PEDRO LAZAR;;;;;Colisão;;;;Meio de Quadra;;;0;0;2;0;0;0;0;0;0;0;0;0;;;;;
262835;17;1;2015;22:54;5256;RUA COSTA BARROS;RUA DNA LEOPOLDINA;;;;Colisão;;;;Cruz;Gesto;Residencial;0;0;2;0;0;0;0;0;0;0;0;0;-38,518600;-3,728094;;;
262844;17;1;2015;23:21;0;AV PRS COSTA E SILVA;;;;;Atropelamento;;;;Meio de Quadra;;;0;0;2;0;0;0;0;0;0;0;0;0;;;;;
264033;17;1;2015;17:15;0;AV ANTONIO SALES;;;1950;;Engavetamento;Anoitecer;;;Meio de Quadra;;;0;0;3;1;0;0;0;0;0;0;0;0;-38,507234;-3,743950;;;
258908;17;1;2015;02:15;8025;RUA PRO COSTA MENDES;AV JOAO PESSOA;;;;Colisão;;;;Cruz;Semáforo;;0;0;2;1;0;0;0;0;0;1;0;0;-38,549441;-3,752393;;;
258909;17;1;2015;02:36;0;RUA SEN POMPEU;;;350;SANTA CASA DE MISERICORDIA;Colisão;;;;Meio de Quadra;;;0;0;2;1;0;0;0;0;0;0;0;0;-38,528192;-3,722041;;;
258992;17;1;2015;14:15;0;AV CEL CARVALHO;;;;;Colisão;Luz do Dia;;;;;;0;0;2;1;0;0;0;0;0;0;0;0;;;;;
258993;17;1;2015;13:18;0;AV ABOLICAO;;;4813;IATE CLUBE;Colisão;Luz do Dia;;;Meio de Quadra;;;0;0;2;1;0;0;0;0;0;0;0;0;-38,477727;-3,720806;;;
259067;17;1;2015;02:40;0;RD CE-040;;;;KM-02;Choque c/ Obstáculo Fixo;;;Seca;Meio de Quadra;;;0;1;0;1;0;0;0;0;0;0;0;0;-38,481598;-3,776479;;;
259069;17;1;2015;06:35;0;RD CE-040;;;;KM-10;Colisão;Luz do Dia;;Seca;Meio de Quadra;;;0;0;2;1;0;0;0;0;0;0;0;0;-38,480068;-3,838671;;;
259072;17;1;2015;10:20;0;AV MIN JOSE AMERICO;;;;;Colisão Traseira;Luz do Dia;;Seca;Meio de Quadra;;;0;0;2;1;0;0;1;0;0;0;0;0;;;;;
259073;17;1;2015;10:40;0;RD CE-040;;;;KM-08;Colisão Transversal;Luz do Dia;;Seca;Meio de Quadra;;;0;0;2;1;0;0;0;0;0;0;0;0;-38,481317;-3,823332;;;
259076;17;1;2015;14:40;0;RD CE-040;;;;KM-05;Engavetamento;Luz do Dia;;Seca;Meio de Quadra;;;0;0;3;1;0;0;0;0;0;0;0;0;-38,480349;-3,790876;;;
262721;17;1;2015;10:46;0;AV PRS CASTELO BRANCO;;;;;Colisão;Luz do Dia;;;Meio de Quadra;;;0;0;2;0;0;0;0;0;0;0;0;0;;;;;
262723;17;1;2015;13:14;6218;AV C CJ CEARA;RUA 535 CJ CEARA;;;;Colisão;Luz do Dia;;;;;;0;0;2;0;0;0;0;0;0;0;0;0;-38,612034;-3,767534;;;
262728;17;1;2015;14:18;25970;RUA DES OTACILIO PEIXOTO;RUA ANTONIO ALEXANDRINO DOS REIS;;;;Colisão;Luz do Dia;;;Cruz;Pare;Residencial;0;0;2;0;0;0;0;0;0;0;0;0;;;;;
262734;17;1;2015;15:03;12574;RUA CARLOS GONDIM;RUA PDE TEODORO (QUNTINO CUNHA);;;;Colisão;Luz do Dia;;;Cruz;Não Há Controle;Residencial;0;0;2;0;0;0;0;0;0;0;0;0;-38,589920;-3,721131;;;
262735;17;1;2015;15:05;0;AV IMPERADOR;;;478;;Atropelamento;Luz do Dia;;;Meio de Quadra;;;0;0;2;0;0;0;0;0;0;0;0;0;-38,533953;-3,725498;;;
262736;17;1;2015;15:09;0;RUA MANUEL COSTA;;;2899;;Colisão;Luz do Dia;;;Meio de Quadra;;;0;0;2;0;0;0;0;0;0;0;0;0;;;;;
262737;17;1;2015;15:52;12925;AV DOMINGOS OLIMPIO;AV AGUANAMBI;;;;Colisão;Luz do Dia;;;Cruz;Semáforo;Comercial;0;0;2;0;0;0;0;0;0;0;0;0;-38,524628;-3,738683;;;
262738;17;1;2015;15:57;15293;AV BAR STUDART;RUA TEN BENEVOLO;;;;Colisão;Luz do Dia;;;Cruz;Semáforo;Comercial;0;0;2;0;0;0;0;0;0;0;0;0;-38,504908;-3,729390;;;
262739;17;1;2015;16:33;12501;RUA DIAMANTINA;AV JOSE BASTOS;;;;Colisão;Luz do Dia;;;T;Pare;Comercial;0;0;2;0;0;0;0;0;0;0;0;0;-38,567402;-3,764978;;;
262740;17;1;2015;16:42;0;RUA MON VICENTE MARTINS;;;;;Choque c/ Obstáculo Fixo;Luz do Dia;;;Meio de Quadra;;;0;0;2;0;0;0;0;0;0;0;0;0;;;;;
262730;17;1;2015;14:49;6724;AV ENG SANTANA JUNIOR;AV SANTOS DUMONT;;;;Colisão;Luz do Dia;;;Cruz;Pare;Comercial;0;0;2;0;0;0;0;0;0;0;0;0;-38,485132;-3,740506;;;
262732;17;1;2015;15:02;0;RUA MAJ GERARDO MENDES;;;801;;Colisão;Luz do Dia;;;Meio de Quadra;;;0;0;2;0;0;0;0;0;0;0;0;0;-38,512575;-3,769627;;;
262799;17;1;2015;21:09;0;RUA VALPARAISO;;;536;;Colisão;;;;Meio de Quadra;;;0;0;2;0;0;0;0;0;0;0;0;0;-38,525594;-3,844364;;;
262800;17;1;2015;17:02;0;AV AUGUSTO DOS ANJOS;;;944;;Colisão;Anoitecer;;;Meio de Quadra;;;0;0;2;0;0;0;0;0;0;0;0;0;-38,575652;-3,776174;;;
262801;17;1;2015;17:16;0;AV DR SILAS MUNGUBA;;;;;Colisão;Anoitecer;;;Meio de Quadra;;;0;0;2;0;0;0;0;0;0;0;0;0;;;;;
262802;17;1;2015;17:21;0;RUA DANIEL DE CASTRO;;;281;;Colisão;Anoitecer;;;Meio de Quadra;;;0;0;2;0;0;0;0;0;0;0;0;0;;;;;
262803;17;1;2015;18:52;0;AV JOR THOMAZ COELHO;;;;;Colisão;;;;Meio de Quadra;;;0;0;2;0;0;0;0;0;0;0;0;0;;;;;
262804;17;1;2015;19:11;0;RUA JARDIM FLUMINENSE;;;805;;Colisão;;;;Meio de Quadra;;;0;0;2;0;0;0;0;0;0;0;0;0;;;;;
262805;17;1;2015;19:34;0;AV FRE CIRILO;;;;;Colisão;;;;Meio de Quadra;;;0;0;2;0;0;0;0;0;0;0;0;0;;;;;
262806;17;1;2015;19:50;238;RUA GONCALVES DIAS;RUA GAL BERNARDO FIGUEIREDO;;;;Colisão;;;;Cruz;Pare;Comercial;0;0;2;0;0;0;0;0;0;0;0;0;-38,552444;-3,739793;;;
262811;17;1;2015;20:40;0;AV GAL OSORIO DE PAIVA;;;7631;;Colisão;;;;Meio de Quadra;;;0;0;2;0;0;0;0;0;0;0;0;0;;;;;
262816;17;1;2015;20:45;25003;AV DR THEBERGE;AV SGT HERMINIO SAMPAIO;;;;Colisão;;;;Cruz;Semáforo;Residencial;0;0;2;0;0;0;0;0;0;0;0;0;-38,569276;-3,727916;;;
262820;17;1;2015;21:23;0;RUA PDE FRANCISCO PITA;;;537;;Atropelamento;;;;Meio de Quadra;;;0;0;2;0;0;0;0;0;0;0;0;0;-38,500498;-3,781336;;;
256937;17;1;2015;23:41;26215;AV D CJ JOSE WALTER;RUA E CJ JOSE WALTER;;;;Colisão;;;;;;;0;1;0;0;0;0;0;0;0;1;0;0;;;;;
256941;18;1;2015;23:00;0;AV ENG HUMBERTO MONTE;;;1387;;Colisão;;;;Meio de Quadra;;;0;1;1;1;0;0;0;0;0;0;0;0;-38,561592;-3,747751;;;
253349;18;1;2015;13:10;0;RD BR 116;;;5000;KM-05;Colisão Lateral;Luz do Dia;Bom;Seca;Meio de Quadra;Não Há Controle;Comercial;0;0;2;1;0;0;0;0;0;0;0;0;-38,506787;-3,796502;;;
253309;18;1;2015;17:40;0;RD BR 116;;;3000;KM-03;Colisão Lateral;Anoitecer;Bom;Seca;Meio de Quadra;Não Há Controle;Comercial;0;1;1;0;0;0;0;0;0;1;0;0;-38,514372;-3,779838;;;
259081;18;1;2015;17:40;0;RD CE-040;;;;KM-06;Colisão Traseira;Anoitecer;;Seca;Meio de Quadra;;;0;0;2;1;0;0;0;0;0;0;0;0;-38,478781;-3,811270;;;
259078;18;1;2015;10:30;0;RD CE-040;;;;KM-07;Colisão Traseira;Luz do Dia;;Seca;Meio de Quadra;;;0;0;2;1;0;0;0;0;0;0;0;0;-38,483160;-3,817953;;;
258996;18;1;2015;21:17;0;RUA EDUARDO PORTO;;;166;;Colisão;;;;Meio de Quadra;;;0;0;2;1;0;0;0;0;0;0;0;0;;;;;
262857;18;1;2015;00:12;0;AV GODOFREDO MACIEL;;;;;Colisão;;;;Meio de Quadra;;;0;0;2;0;0;0;0;0;0;0;0;0;;;;;
262865;18;1;2015;08:37;0;LOGRADOURO SEM NOME;;;520;;Choque c/ Obstáculo Fixo;Luz do Dia;;;Meio de Quadra;;;0;0;1;0;0;0;0;0;0;0;0;0;;;;;
262866;18;1;2015;09:14;14448;AV SGT HERMINIO SAMPAIO;RUA DEMOSTENES CARVALHO;;;;Choque c/ Obstáculo Fixo;Luz do Dia;;;T;Pare;Misto;0;0;1;0;0;0;0;0;0;0;0;0;-38,559068;-3,726117;;;
262868;18;1;2015;09:43;0;RUA ILDEFONSO ALBANO;;;21;;Colisão;Luz do Dia;;;Meio de Quadra;;;0;0;2;0;0;0;0;0;0;0;0;0;;;;;
262869;18;1;2015;10:33;145;RUA TEN QUEIROZ;RUA DR VALE COSTA;;;;Colisão;Luz do Dia;;;Cruz;Pare;Misto;0;0;2;0;0;0;0;0;0;0;0;0;-38,588654;-3,744815;;;
262871;18;1;2015;10:48;0;RUA BAIXA DO MILAGRE;;;3186;;Colisão;Luz do Dia;;;Meio de Quadra;;;0;0;2;0;0;0;0;0;0;0;0;0;-38,603670;-3,730564;;;
262876;18;1;2015;11:24;0;RUA 09 UI 211;;;110;;Colisão;Luz do Dia;;;Meio de Quadra;;;0;0;2;0;0;0;0;0;0;0;0;0;;;;;
262878;18;1;2015;13:27;5239;RUA PDE IBIAPINA;RUA PEDRO I;;;;Colisão;Luz do Dia;;;T;Pare;Comercial;0;0;2;0;0;0;0;0;0;0;0;0;-38,540384;-3,727485;;;
262880;18;1;2015;18:44;0;RUA RECANTO VERDE;;;1942;;Colisão;;;;Meio de Quadra;;;0;0;2;0;0;0;0;0;0;0;0;0;-38,513812;-3,844060;;;
262881;18;1;2015;19:19;0;RUA CEL QUEIROZ;;;107;;Colisão;;;;Meio de Quadra;;;0;0;2;0;0;0;0;0;0;0;0;0;;;;;
262883;18;1;2015;19:36;0;RUA TULIPA NEGRA;;;700;;Colisão;;;;Meio de Quadra;;;0;0;2;0;0;0;0;0;0;0;0;0;;;;;
262884;18;1;2015;21:07;22176;AV ENG HUMBERTO MONTE;AV JOSE BASTOS;;;;Colisão;;;;T;Semáforo;Comercial;0;0;2;0;0;0;0;0;0;0;0;0;-38,555455;-3,754966;;;
262886;18;1;2015;21:59;15185;AV DES MOREIRA;AV BEIRA MAR;;;;Colisão;;;;T;Pare;Comercial;0;0;2;0;0;0;0;0;0;0;0;0;-38,495100;-3,726073;;;