COD_ACIDENTE;DIA;MES;ANO;HORA;INTERSECAO;LOG1;LOG2;LOG3;NUMERO;REFERENCIA;NATUREZA;ILUMINACAO;TEMPO;SUPERFICIEPISTA;TIPOCRUZAMENTO;CONTROLETRAFEGO;USOSOLO;MORTOS;FERIDOS;ILESOS;AUTOMOVEL;ONIBUS;BICICLETA;CAMINHAO;MICROONIBUS;CICLOMOTOR;MOTOCICLETA;TRACAOANIMAL;TREM;LONG;LAT;;;
262888;18;1;2015;22:06;0;RUA PERDIGAO DE OLIVEIRA;;;784;;Atropelamento;;;;Meio de Quadra;;;0;0;2;0;0;0;0;0;0;0;0;0;-38,576591;-3,774851;;;
262889;18;1;2015;22:34;0;AV SEN FERNANDES TAVORA;;;;;Colisão;;;;Meio de Quadra;;;0;0;2;0;0;0;0;0;0;0;0;0;;;;;
257154;18;1;2015;16:30;0;AV PRS COSTA E SILVA;;;694;;Outros;Luz do Dia;;;Meio de Quadra;;;0;1;0;0;0;0;0;0;0;1;0;0;-38,573149;-3,812345;;;
248026;18;1;2015;19:00;0;AV PDE ANTONIO TOMAS;;;333;;Colisão Traseira;Via Iluminada;Bom;Seca;Meio de Quadra;Não Há Controle;Residencial;0;0;2;1;0;0;0;0;0;0;0;0;-38,485228;-3,744002;;;
248028;18;1;2015;16:50;0;AV ALM HENRIQUE SABOIA;;;;;Colisão Lateral;Via Iluminada;Bom;Seca;Meio de Quadra;Pare;Comercial;0;1;1;1;0;0;0;0;0;1;0;0;;;;;
248029;18;1;2015;07:30;15100;AV HIS RAIMUNDO GIRAO;RUA JOAO CORDEIRO;;;;Colisão Traseira;Luz do Dia;Nublado;Seca;Cruz;Semáforo;Comercial;0;0;2;1;0;0;0;0;0;0;0;0;-38,511630;-3,720835;;;
248030;18;1;2015;08:50;5202;RUA PEREIRA FILGUEIRAS;RUA RODRIGUES JUNIOR;;;;Colisão Lateral;Luz do Dia;Bom;Seca;Cruz;Pare;Misto;0;0;2;1;0;0;0;0;0;0;0;0;-38,519213;-3,726304;;;
248031;18;1;2015;06:55;3771;AV DA UNIVERSIDADE;AV DOMINGOS OLIMPIO;;;;Colisão Lateral;Luz do Dia;Chuva;Molhada;Cruz;Semáforo;Comercial;0;0;2;1;1;0;0;0;0;0;0;0;-38,534216;-3,735594;;;
248032;18;1;2015;19:00;1502;RUA DES LEITE ALBUQUERQUE;RUA MON CATAO;;;;Colisão;;;;Cruz;Pare;Rural;0;0;2;1;0;0;0;0;0;0;0;0;-38,490892;-3,739750;;;
248033;18;1;2015;15:50;4021;AV PRO GOMES DE MATOS;RUA DES PRAXEDES;;;;Colisão Traseira;Luz do Dia;Bom;Seca;Cruz;Semáforo;Comercial;0;0;2;1;0;0;0;0;0;0;0;0;-38,546229;-3,761872;;;
248034;18;1;2015;18:30;15205;AV ABOLICAO;RUA OSVALDO CRUZ (ALDEOTA);;;;Engavetamento;Via Iluminada;Bom;Seca;Rotatória;Não Há Controle;Lazer;0;0;2;1;0;0;0;0;0;0;0;0;-38,497445;-3,726690;;;
248035;18;1;2015;03:15;17326;RUA ALBERTO MAGNO;RUA ALAN KARDEC;;;;Colisão Transversal;Via Iluminada;Chuva;Molhada;Cruz;Pare;Comercial;0;1;1;1;0;0;0;0;0;1;0;0;-38,549918;-3,764796;;;
248036;18;1;2015;15:15;16796;RUA APOCALIPSE (MONDUBIM);RUA PLANALTINA (PL AYRTON SENNA);;;;Colisão Transversal;Luz do Dia;Bom;Seca;Cruz;;Residencial;0;1;1;1;0;0;0;0;0;1;0;0;;;;;
248037;18;1;2015;18:30;15337;RUA JOSE VILAR;RUA PEREIRA FILGUEIRAS;;;;Colisão Traseira;;Bom;Seca;Cruz;Semáforo;Misto;0;0;2;1;0;0;0;0;0;0;0;0;-38,503284;-3,731461;;;
248038;18;1;2015;08:00;6798;RUA VILEBALDO AGUIAR;RUA JULIO AZEVEDO;;;;Colisão Transversal;Luz do Dia;Bom;Seca;Cruz;Pare;Misto;0;1;1;1;0;0;0;0;1;0;0;0;-38,481957;-3,742440;;;
248039;18;1;2015;04:54;24240;RUA FAUSTO CABRAL;RUA JOSE CARLOS GURGEL NOGUEIRA;;;;Colisão Transversal;;Bom;;Cruz;;;0;0;2;1;0;0;0;0;0;0;0;0;-38,474615;-3,734195;;;
248040;18;1;2015;;0;RUA CASTRO E SILVA;;;947;;Choque c/ Obstáculo Fixo;Via Iluminada;Nublado;Seca;Meio de Quadra;Não Há Controle;Comercial;0;1;0;0;0;0;0;0;0;1;0;0;-38,533850;-3,721710;;;
248041;18;1;2015;21:00;65;RUA HUGO VITOR;RUA MARTINS NETO;;;;Colisão Transversal;Via Iluminada;Bom;Seca;Cruz;Pare;Comercial;1;1;1;1;0;0;0;0;0;1;0;0;-38,591458;-3,740726;;;
248042;18;1;2015;03:00;0;AV GOV PARSIFAL BARROSO;;;;;Colisão Traseira;Via Iluminada;Chuva;Molhada;Meio de Quadra;Não Há Controle;Outros;0;1;1;1;0;0;0;0;0;0;0;0;;;;;
248043;18;1;2015;12:30;15141;RUA CARLOS VASCONCELOS;AV MON TABOSA;;;;Colisão Transversal;Luz do Dia;Bom;Seca;Cruz;Semáforo;Misto;0;0;2;1;0;0;0;0;0;0;0;0;-38,507985;-3,724289;;;
248044;18;1;2015;18:20;0;RUA PDE PEDRO DE ALENCAR;;;1850;;Colisão Traseira;Anoitecer;Bom;Seca;Meio de Quadra;Não Há Controle;Misto;0;1;1;1;0;0;0;0;0;1;0;0;-38,494387;-3,843887;;;
248045;18;1;2015;06:30;1242;RUA COSTA BARROS;RUA DR JOSE LOURENCO;;;;Colisão Transversal;Luz do Dia;Bom;Seca;Cruz;Pare;Comercial;0;0;2;1;0;0;0;0;0;0;0;0;-38,506927;-3,731870;;;
260049;18;1;2015;04:22;0;AV ENG LEAL LIMA VERDE (SAPIRANGA/COITE);;;;;Atropelamento;;;;Meio de Quadra;;;0;1;1;0;0;0;0;0;0;0;0;0;;;;;
260050;18;1;2015;05:34;0;AV PERIMETRAL;;;;;Colisão;Amanhecer;;;Meio de Quadra;;;0;1;1;1;0;0;0;0;0;1;0;0;;;;;
260051;18;1;2015;07:51;0;RUA STO AGOSTINHO D71;;;;;Queda;Luz do Dia;;;Meio de Quadra;;;0;1;0;0;0;0;0;0;0;1;0;0;;;;;
260052;18;1;2015;11:59;0;AV DOS EXPEDICIONARIOS;;;;;Colisão;Luz do Dia;;;Meio de Quadra;;;0;1;1;1;0;0;0;0;0;1;0;0;;;;;
260053;18;1;2015;12:12;0;RUA JOAQUIM NABUCO;;;;;Atropelamento;Luz do Dia;;;Meio de Quadra;;;0;1;1;1;0;0;0;0;0;0;0;0;-38,503157;-3,741116;;;
260054;18;1;2015;12:13;0;RUA VALPARAISO;;;;;Colisão;Luz do Dia;;;Meio de Quadra;;;0;1;1;1;0;0;0;0;0;1;0;0;-38,523221;-3,845960;;;
260055;18;1;2015;13:20;0;AV PRS CASTELO BRANCO;;;;;Atropelamento;Luz do Dia;;;Meio de Quadra;;;0;1;1;0;1;0;0;0;0;0;0;0;-38,546120;-3,714703;;;
260056;18;1;2015;16:47;0;RUA NOVA CONQUISTA (BONSUCESSO);;;;;Atropelamento;Luz do Dia;;;Meio de Quadra;;;0;2;0;0;0;0;0;0;0;1;0;0;-38,598549;-3,796363;;;
260057;18;1;2015;17:13;7633;RUA RIO GRANDE DO SUL;AV CARNEIRO DE MENDONCA;;;;Colisão;Anoitecer;;;Cruz;Semáforo;Misto;0;1;1;1;0;0;0;0;0;1;0;0;-38,570011;-3,762374;;;
260044;18;1;2015;00:27;0;RUA FRANCISCO GLICERIO;;;833;;Colisão;;;;Meio de Quadra;;;0;1;1;1;0;0;0;0;0;1;0;0;-38,568949;-3,796218;;;
260047;18;1;2015;02:04;0;AV ENG HUMBERTO MONTE;;;;;Capotamento;;;;Meio de Quadra;;;0;1;0;0;0;0;0;0;0;0;0;0;;;;;
260059;18;1;2015;17:21;0;AV GODOFREDO MACIEL;;;;;Colisão;Anoitecer;;;Meio de Quadra;;;0;2;0;0;0;0;0;0;0;1;0;0;;;;;
260060;18;1;2015;19:17;0;RUA PRO FRANCISCO CARLOS;;;;;Queda;;;;Meio de Quadra;;;0;1;0;0;0;0;0;0;0;1;0;0;;;;;
260064;18;1;2015;18:22;743;AV PRS CASTELO BRANCO;AV PASTEUR;;;;Colisão;Anoitecer;;;Cruz;Semáforo;Comercial;0;0;2;0;0;0;0;0;0;0;0;0;-38,558856;-3,711181;;;
260062;18;1;2015;20:23;0;AV ENG HUMBERTO MONTE;;;1118;;Atropelamento;;;;Meio de Quadra;;;0;2;0;1;0;0;0;0;0;0;0;0;-38,560418;-3,749151;;;
260065;19;1;2015;06:45;0;AV PRO JOSE ARTHUR CARVALHO;;;;;Choque c/ Obstáculo Fixo;Luz do Dia;;;Meio de Quadra;;;0;1;1;1;0;0;0;0;0;1;0;0;-38,463559;-3,825773;;;
260066;19;1;2015;06:55;0;AV PRS CASTELO BRANCO;;;;;Atropelamento;Luz do Dia;;;Meio de Quadra;;;0;1;1;0;1;0;0;0;0;0;0;0;;;;;
260067;19;1;2015;07:03;0;AV TRISTAO GONCALVES;;;;;Colisão;Luz do Dia;;;Meio de Quadra;;;0;1;1;1;0;0;0;0;0;1;0;0;-38,535159;-3,733629;;;
260068;19;1;2015;07:41;0;AV ANTONIO SALES;;;;;Atropelamento;Luz do Dia;;;Meio de Quadra;;;0;1;1;1;0;0;0;0;0;0;0;0;-38,492833;-3,748361;;;
260069;19;1;2015;08:07;0;RUA OTO DE ALENCAR;;;;;Atropelamento;Luz do Dia;;;Meio de Quadra;;;0;1;1;1;0;0;0;0;0;0;0;0;-38,540600;-3,724436;;;
260070;19;1;2015;08:34;0;AV ALBERTO CRAVEIRO;;;;;Queda;Luz do Dia;;;Meio de Quadra;;;0;1;0;0;0;0;0;0;0;1;0;0;;;;;
260071;19;1;2015;09:40;0;AV CARNEIRO DE MENDONCA;;;;;Colisão;Luz do Dia;;;Meio de Quadra;;;0;2;0;1;0;0;0;0;0;1;0;0;-38,562672;-3,766031;;;
260072;19;1;2015;09:50;0;RUA CEL FRANCISCO ALVES RIBEIRO;;;;;Colisão;Luz do Dia;;;Meio de Quadra;;;0;1;1;1;0;0;0;0;0;1;0;0;;;;;
260073;19;1;2015;10:08;0;AV DEP PAULINO ROCHA;;;;;Colisão;Luz do Dia;;;Meio de Quadra;;;0;1;1;0;0;0;0;0;0;0;0;0;-38,508040;-3,804818;;;
260074;19;1;2015;11:56;0;RUA FAUSTO CABRAL;;;;;Atropelamento;Luz do Dia;;;Meio de Quadra;;;0;1;1;0;0;0;0;0;0;0;0;0;-38,474070;-3,734349;;;
260075;19;1;2015;12:42;0;AV WASHINGTON SOARES;;;;;;Luz do Dia;;;Meio de Quadra;;;0;1;1;1;0;0;0;0;0;1;0;0;;;;;
260076;19;1;2015;19:27;0;AV FRANCISCO SA;;;;;Colisão;;;;Meio de Quadra;;;0;1;1;0;0;0;0;0;0;0;0;0;-38,559208;-3,716756;;;
260077;19;1;2015;19:28;0;RUA CANUTO DE AGUIAR;;;;;Atropelamento;;;;Meio de Quadra;;;0;2;0;0;0;0;0;0;0;1;0;0;-38,495374;-3,730649;;;
260079;19;1;2015;19:50;0;AV CASTELO DE CASTRO;;;;;Queda;;;;Meio de Quadra;;;0;1;0;0;0;0;0;0;0;1;0;0;-38,521486;-3,830692;;;
260080;19;1;2015;21:23;0;RUA ERICO MOTA;;;;;Colisão;;;;Meio de Quadra;;;0;1;1;1;0;0;0;0;0;1;0;0;;;;;
248046;19;1;2015;19:40;0;AV PRS COSTA E SILVA;;;;;Colisão Lateral;Via Iluminada;Bom;Seca;Meio de Quadra;Não Há Controle;Residencial;0;1;1;1;0;0;1;0;0;0;0;0;;;;;
248047;19;1;2015;09:30;0;AV PRS CASTELO BRANCO;;;4773;;Colisão Lateral;Luz do Dia;Bom;Seca;Meio de Quadra;Não Há Controle;Residencial;0;0;2;1;0;0;0;0;0;0;0;0;-38,574683;-3,706097;;;
248048;19;1;2015;12:30;0;RUA METON DE ALENCAR;;;;;Colisão Traseira;Luz do Dia;Bom;Seca;Meio de Quadra;;Comercial;0;0;2;0;0;0;0;0;0;1;0;0;;;;;
248049;19;1;2015;21:00;5140;RUA TEN BENEVOLO;AV DOM MANUEL;;;;Colisão Traseira;Mal Iluminada;Bom;Seca;Cruz;Semáforo;Comercial;0;0;3;1;1;0;0;0;0;0;0;0;-38,519888;-3,724540;;;
248050;19;1;2015;20:20;22158;AV JOSE BASTOS;RUA GUSTAVO BRAGA;;;;Atropelamento;Via Iluminada;Bom;Seca;T;Não Há Controle;Comercial;0;1;1;1;0;0;0;0;0;0;0;0;-38,551989;-3,751535;;;
248051;19;1;2015;10:00;5122;RUA SAO PAULO;AV IMPERADOR;;;;Colisão Traseira;Luz do Dia;Bom;Seca;Cruz;Semáforo;Comercial;0;0;2;1;0;0;0;0;0;0;0;0;-38,533522;-3,724049;;;
248052;19;1;2015;14:30;15269;RUA TEN BENEVOLO;AV RUI BARBOSA;;;;Colisão Lateral;Luz do Dia;Bom;Seca;Cruz;Semáforo;Residencial;0;0;2;1;0;0;0;0;0;0;0;0;-38,507048;-3,728685;;;
248053;19;1;2015;09:20;0;AV ANTONIO SALES;;;1340;;Colisão Transversal;Luz do Dia;Bom;Seca;Meio de Quadra;Semáforo;Comercial;0;0;2;1;1;0;0;0;0;0;0;0;-38,512027;-3,742490;;;
248054;19;1;2015;12:40;5543;AV CENTRAL ALA OESTE;AL BOAS NOITES;;;;Colisão;Luz do Dia;Bom;Seca;;;Comercial;0;0;2;1;0;0;0;0;0;0;0;0;-38,471651;-3,749664;;;
248055;19;1;2015;13:06;0;AV GAL OSORIO DE PAIVA;;;;;Colisão Transversal;Luz do Dia;Bom;Seca;Meio de Quadra;Não Há Controle;Comercial;0;0;2;1;1;0;0;0;0;0;0;0;;;;;
248056;19;1;2015;12:30;11057;AV DR SILAS MUNGUBA;AV DOS EXPEDICIONARIOS;;;;Colisão Transversal;Luz do Dia;Bom;Seca;Cruz;Semáforo;Comercial;0;1;1;1;0;0;0;0;0;1;0;0;-38,547960;-3,787538;;;
248057;19;1;2015;06:00;0;RUA DR BERNARDO DE CASTRO FEITOSA;;;;;Colisão Traseira;Luz do Dia;Bom;Seca;Meio de Quadra;Não Há Controle;Rural;0;2;0;1;0;0;1;0;0;0;0;0;;;;;
248059;19;1;2015;09:53;0;AV DEP PAULINO ROCHA;;;850;;Atropelamento;Luz do Dia;Bom;Seca;Meio de Quadra;Não Há Controle;Residencial;0;3;0;0;0;0;0;0;1;0;0;0;-38,508067;-3,805031;;;
248060;19;1;2015;17:00;9077;AV AGUANAMBI;RUA BONFIM SOBRINHO;;;;Colisão Lateral;;Bom;Seca;Cruz;Não Há Controle;Comercial;0;2;0;0;0;0;0;0;0;1;0;0;-38,523551;-3,751039;;;
248061;19;1;2015;13:10;0;RUA TEREZA CRISTINA;;;1177;;Colisão Lateral;Luz do Dia;Bom;Seca;Meio de Quadra;Não Há Controle;Comercial;0;0;2;1;0;0;0;0;0;0;0;0;-38,537905;-3,730852;;;
248062;19;1;2015;17:30;5150;RUA BAR RIO BRANCO;RUA SEN ALENCAR;;;;Colisão Transversal;Mal Iluminada;Bom;Seca;Cruz;Pare;Comercial;0;0;2;1;0;0;0;0;0;0;0;0;-38,527752;-3,724879;;;
248063;19;1;2015;07:00;0;AV ANTONIO SALES;;;;;Colisão Traseira;Luz do Dia;Bom;Seca;Meio de Quadra;Não Há Controle;Comercial;0;0;2;1;0;0;0;0;0;0;0;0;;;;;
248064;19;1;2015;10:37;0;AV ENG SANTANA JUNIOR;;;;;Colisão Lateral;Luz do Dia;Bom;Seca;Meio de Quadra;;Comercial;0;1;1;1;0;0;0;0;0;1;0;0;;;;;
248065;19;1;2015;09:20;0;AV PRS CASTELO BRANCO;;;3780;;Colisão Traseira;Luz do Dia;Bom;Seca;Meio de Quadra;Não Há Controle;Comercial;0;0;3;1;0;0;0;0;0;0;0;0;-38,566189;-3,709166;;;
248067;19;1;2015;07:00;0;AV PRS CASTELO BRANCO;;;4744;;Colisão Traseira;Luz do Dia;Bom;Seca;Meio de Quadra;Semáforo Intermitente;Comercial;0;1;1;1;0;0;0;0;0;1;0;0;-38,574445;-3,706187;;;
248068;19;1;2015;22:15;24372;AV LUCIANO CARNEIRO;RUA ALM RUFINO;;;;Colisão Transversal;Via Iluminada;Bom;Seca;Cruz;Semáforo;Misto;0;1;1;1;0;0;0;0;0;1;0;0;-38,537195;-3,766580;;;
248069;19;1;2015;18:50;0;AV PRO GOMES DE MATOS;;;900;;Colisão Lateral;Via Iluminada;Bom;Seca;Meio de Quadra;Não Há Controle;Comercial;0;0;2;1;0;0;0;0;0;0;0;0;-38,545371;-3,760858;;;
248070;19;1;2015;12:40;5436;RUA GAL CLARINDO DE QUEIROZ;RUA JAIME BENEVOLO;;;;Colisão Transversal;Luz do Dia;Bom;Seca;Cruz;Pare;Misto;0;1;1;1;0;0;0;0;0;1;0;0;-38,526017;-3,734060;;;
248071;19;1;2015;15:30;25020;RUA TEODOMIRO DE CASTRO;RUA FRE ODILON;;;;Colisão Transversal;Luz do Dia;Bom;Seca;T;Não Há Controle;Residencial;0;2;0;1;0;0;0;0;0;1;0;0;-38,569787;-3,720052;;;
248072;19;1;2015;07:00;8930;AV DOMINGOS OLIMPIO;RUA JUSTINIANO DE SERPA;;;;Colisão Frontal;Luz do Dia;Bom;Seca;Outros;Semáforo;Comercial;0;2;0;0;0;0;0;0;0;1;0;0;-38,542468;-3,733011;;;
257156;19;1;2015;13:11;0;RD CE-040;;;10215;KM-10;Atropelamento;Luz do Dia;;Seca;Meio de Quadra;;;0;1;1;0;1;0;0;0;0;0;0;0;-38,479914;-3,839927;;;
262967;19;1;2015;00:16;0;AV GODOFREDO MACIEL;;;;;Colisão;;;;Meio de Quadra;;;0;0;2;0;0;0;0;0;0;0;0;0;;;;;
262968;19;1;2015;00:23;1581;RUA MON CATAO;AV PDE ANTONIO TOMAS;;;;Colisão;;;;Cruz;Semáforo;Comercial;0;0;2;0;0;0;0;0;0;0;0;0;-38,491843;-3,742708;;;
262969;19;1;2015;11:57;10286;RUA GONCALO COELHO D73;RUA PERILIO TEIXEIRA;;;;Choque c/ Obstáculo Fixo;Luz do Dia;;;;;;0;0;1;0;0;0;0;0;0;0;0;0;-38,600837;-3,753280;;;
262970;19;1;2015;22:58;14746;RUA JULIO MACIEL (MANUEL SATIRO);RUA PDE ARIMATEIA D42/71;;;;Colisão;;;;;;;0;0;2;0;0;0;0;0;0;0;0;0;-38,582781;-3,797263;;;
262964;19;1;2015;00:13;0;AV GAL OSORIO DE PAIVA;;;1706;;Colisão;;;;Meio de Quadra;;;0;0;2;0;0;0;0;0;0;0;0;0;-38,577307;-3,782507;;;
262965;19;1;2015;00:15;0;RUA BAR AQUIRAZ;;;1468;;Colisão;;;;Meio de Quadra;;;0;0;2;0;0;0;0;0;0;0;0;0;-38,485405;-3,840409;;;
258998;19;1;2015;04:49;0;RUA MON CATAO;;;;;Colisão;;;;Meio de Quadra;;;0;0;2;1;1;0;0;0;0;0;0;0;;;;;
258999;19;1;2015;09:55;0;AV SEN FERNANDES TAVORA;;;;;Colisão;Luz do Dia;;;Meio de Quadra;;;0;0;2;1;0;0;1;0;0;0;0;0;;;;;
259085;19;1;2015;16:00;0;RD CE-040;;;;KM-08;Colisão;Luz do Dia;;Seca;Meio de Quadra;;;0;0;2;1;0;0;0;0;0;0;0;0;-38,481317;-3,823332;;;
259126;19;1;2015;17:28;183;AV SGT HERMINIO SAMPAIO;AV CEL CARVALHO;;;;Colisão;Anoitecer;;;;;;0;0;2;1;0;0;1;0;0;0;0;0;-38,584591;-3,731488;;;
253307;19;1;2015;08:15;0;RD BR 116;;;2000;KM-02;Colisão Traseira;Luz do Dia;Bom;Seca;Meio de Quadra;Não Há Controle;;0;0;3;1;0;0;0;0;0;0;0;0;-38,516780;-3,771391;;;
253272;19;1;2015;02:30;0;RD BR 116;;;12000;KM-12;Outros;Via Iluminada;Bom;Seca;Meio de Quadra;Não Há Controle;Comercial;0;0;1;1;0;0;0;0;0;0;0;0;-38,496066;-3,855740;;;
253357;19;1;2015;18:20;0;RD BR 222;;;;KM-03;Colisão Traseira;Anoitecer;Bom;Seca;Meio de Quadra;Não Há Controle;Comercial;0;0;4;1;0;0;0;0;0;0;0;0;-38,571997;-3,736999;;;
253364;19;1;2015;15:21;0;RD BR 222;;;;KM-03;Colisão Lateral;Luz do Dia;Bom;Seca;Meio de Quadra;Não Há Controle;Industrial;0;0;2;0;1;0;1;0;0;0;0;0;-38,571997;-3,736999;;;
274863;19;1;2015;19:00;7790;AV DES MOREIRA;RUA JULIO SIQUEIRA;;;;Atropelamento;Via Iluminada;Bom;Seca;Cruz;Não Há Controle;Comercial;0;0;2;0;0;0;0;0;0;1;0;0;;;;;
248073;19;1;2015;12:47;4383;AV JOSE SABOIA;RUA FRANCISCO MONTE;;;;Atropelamento;Luz do Dia;Bom;Seca;Cruz;Não Há Controle;;1;1;1;0;0;0;1;0;0;0;0;0;-38,467502;-3,717084;;;
248074;19;1;2015;17:20;0;RUA SEN POMPEU;;;;;Colisão Traseira;Luz do Dia;Bom;Seca;Meio de Quadra;Não Há Controle;Residencial;0;0;3;1;0;0;0;0;0;0;0;0;;;;;
248075;19;1;2015;18:30;0;RUA PRC ISABEL;;;141;;Choque c/ Obstáculo Fixo;Via Iluminada;Bom;Seca;Meio de Quadra;Não Há Controle;Residencial;0;0;1;1;0;0;0;0;0;0;0;0;-38,534159;-3,722184;;;
248076;19;1;2015;;7909;AV DES MOREIRA;RUA FRANCISCO HOLANDA;;;;Colisão Transversal;Luz do Dia;Bom;Seca;Cruz;Semáforo Manual;Residencial;0;0;3;1;0;0;0;0;0;0;0;0;-38,502540;-3,749355;;;
248078;20;1;2015;08:00;3219;RUA EMILIO DE MENESES;RUA ANSELMO NOGUEIRA;;;;Colisão Lateral;Luz do Dia;Bom;Seca;Cruz;Semáforo;Comercial;0;0;2;0;0;0;0;0;0;1;0;0;-38,587374;-3,781760;;;
248079;20;1;2015;09:00;19061;RUA JOSE CARLOS GURGEL NOGUEIRA;RUA TARCISIO BONFIM;;;;Colisão Transversal;Luz do Dia;Bom;Seca;Cruz;Pare;Residencial;0;2;0;1;0;0;0;1;0;0;0;0;-38,476135;-3,736621;;;
248080;20;1;2015;08:40;12849;RUA SALDANHA MARINHO;RUA ASSUNCAO;;;;Colisão Transversal;Luz do Dia;Bom;Seca;Cruz;Pare;Misto;0;1;1;1;0;0;0;0;0;1;0;0;-38,531231;-3,742314;;;
248081;20;1;2015;20:40;20042;AV DEP PAULINO ROCHA;AV PRS JUSCELINO KUBITSCHEK (PASSARÉ);;;;Colisão Lateral;Via Iluminada;Bom;Seca;Rotatória;Não Há Controle;Residencial;0;0;2;1;0;0;0;0;0;0;0;0;-38,524782;-3,807229;;;
248082;20;1;2015;18:00;4016;RUA PRO COSTA MENDES;RUA JULIO CESAR D12;;;;Colisão Transversal;Via Iluminada;Bom;Seca;Cruz;Não Há Controle;Residencial;0;0;2;1;0;0;0;0;0;0;0;0;-38,546911;-3,754698;;;
248083;20;1;2015;12:21;0;AV DUQ CAXIAS;;;1463;;Atropelamento;Luz do Dia;Bom;Seca;Meio de Quadra;Não Há Controle;Comercial;0;1;1;1;0;0;0;0;0;0;0;0;-38,536993;-3,729489;;;
248101;20;1;2015;16:00;0;AV J CJ JOSE WALTER;;;11;;Colisão Traseira;Luz do Dia;Bom;Seca;Meio de Quadra;;Residencial;0;1;1;1;0;0;0;0;0;1;0;0;-38,553839;-3,825036;;;
248102;20;1;2015;12:40;0;RUA VALPARAISO;;;830;;Colisão Frontal;Luz do Dia;Bom;Seca;Meio de Quadra;Não Há Controle;Comercial;0;0;2;1;0;0;0;0;0;1;0;0;;;;;
248103;20;1;2015;21:00;0;AV ABOLICAO;;;2311;;Colisão Traseira;Via Iluminada;Bom;Seca;Meio de Quadra;Semáforo;Residencial;0;0;2;1;0;0;0;0;0;0;0;0;-38,498514;-3,726348;;;
248104;20;1;2015;07:30;1496;RUA PDE VALDEVINO;RUA ILDEFONSO ALBANO;;;;Colisão Lateral;Luz do Dia;Bom;Seca;Cruz;Semáforo;Comercial;0;0;2;1;0;0;0;0;0;1;0;0;-38,515423;-3,739573;;;
248105;20;1;2015;12:20;5436;RUA GAL CLARINDO DE QUEIROZ;RUA JAIME BENEVOLO;;;;Colisão Transversal;Luz do Dia;Bom;Seca;Cruz;Pare;Comercial;0;0;2;1;0;0;0;0;0;0;0;0;-38,526017;-3,734060;;;
248106;20;1;2015;22:00;0;AV DOMINGOS OLIMPIO;;;123;;Colisão Lateral;Via Iluminada;Bom;Seca;Meio de Quadra;Outros;Comercial;0;0;2;1;0;0;0;0;0;0;0;0;-38,524692;-3,738657;;;
248107;20;1;2015;18:16;17590;RUA MARANHAO;RUA MINAS GERAIS;;;;Colisão Transversal;Anoitecer;;Seca;Cruz;Pare;Misto;0;1;1;1;0;0;0;0;0;1;0;0;-38,565092;-3,756084;;;
248085;20;1;2015;20:20;0;RUA RIO GRANDE DO SUL;;;420;;Outros;Via Iluminada;Bom;Seca;Meio de Quadra;Não Há Controle;Residencial;0;1;2;1;0;0;0;0;0;1;0;0;-38,564025;-3,753087;;;
248086;20;1;2015;20:55;15346;RUA PEREIRA VALENTE;RUA VIS MAUA;;;;Colisão Transversal;Via Iluminada;Bom;Seca;Cruz;Pare;Residencial;0;0;1;1;0;0;0;0;0;0;0;0;-38,498067;-3,731927;;;
248087;20;1;2015;16:00;0;AV ABOLICAO;;;3690;;Colisão Lateral;Luz do Dia;Bom;Seca;Meio de Quadra;Não Há Controle;Residencial;0;1;1;0;0;0;0;0;0;1;0;0;-38,486532;-3,725890;;;
248088;20;1;2015;11:40;3770;RUA MAL DEODORO;AV DOMINGOS OLIMPIO;;;;Colisão Lateral;Luz do Dia;Bom;Seca;T;Pare;Comercial;0;0;2;1;0;0;0;0;0;0;0;0;-38,533360;-3,735847;;;
248089;20;1;2015;10:40;0;AV ALBERTO CRAVEIRO;;;;;Colisão Traseira;Luz do Dia;Bom;Seca;Meio de Quadra;Semáforo;Residencial;0;0;2;1;0;0;0;1;0;0;0;0;;;;;
248090;20;1;2015;13:30;25418;AV ALM MAXIMIANO DA FONSECA;AL DOS TRICOLORES;;;;Colisão Traseira;Luz do Dia;Bom;Seca;T;Não Há Controle;Comercial;0;0;2;1;0;0;0;0;0;0;0;0;-38,482872;-3,771562;;;
248091;20;1;2015;13:15;0;AV JOAO PESSOA;;;4551;;Colisão Lateral;Luz do Dia;Bom;Seca;Meio de Quadra;;Comercial;0;2;1;1;0;0;0;0;0;1;0;0;-38,549495;-3,752454;;;
248092;20;1;2015;12:05;0;RUA GONCALVES LEDO;;;;;Colisão Lateral;Luz do Dia;Bom;Seca;Meio de Quadra;;Escola;0;1;1;1;0;0;0;0;0;1;0;0;-38,517223;-3,734976;;;
248093;20;1;2015;08:30;0;AV JOSE BASTOS;;;3604;;Colisão Traseira;Luz do Dia;Bom;Seca;Meio de Quadra;;Comercial;0;1;1;1;0;0;0;0;0;1;0;0;-38,551129;-3,750666;;;