COD_ACIDENTE;DIA;MES;ANO;HORA;INTERSECAO;LOG1;LOG2;LOG3;NUMERO;REFERENCIA;NATUREZA;ILUMINACAO;TEMPO;SUPERFICIEPISTA;TIPOCRUZAMENTO;CONTROLETRAFEGO;USOSOLO;MORTOS;FERIDOS;ILESOS;AUTOMOVEL;ONIBUS;BICICLETA;CAMINHAO;MICROONIBUS;CICLOMOTOR;MOTOCICLETA;TRACAOANIMAL;TREM;LONG;LAT;;;
248094;20;1;2015;15:50;19533;AV GAL OSORIO DE PAIVA;RUA NEREU RAMOS;;;;Colisão Lateral;Luz do Dia;Bom;Seca;Cruz;Semáforo;Comercial;0;0;2;1;0;0;1;0;0;0;0;0;-38,576828;-3,782196;;;
248095;20;1;2015;06:40;24229;AV ENG SANTANA JUNIOR;AV ENG ALBERTO SA;;;;Colisão Lateral;Luz do Dia;Bom;Seca;Cruz;Semáforo;Rural;0;0;2;1;1;0;0;0;0;0;0;0;-38,480624;-3,733357;;;
248096;20;1;2015;11:00;0;AV AGUANAMBI;;;58;;Colisão Lateral;Luz do Dia;Bom;Seca;Meio de Quadra;Não Há Controle;Comercial;0;0;2;1;0;0;1;0;0;0;0;0;-38,524245;-3,737677;;;
248097;20;1;2015;09:00;7909;AV DES MOREIRA;RUA FRANCISCO HOLANDA;;;;Colisão Transversal;Luz do Dia;Bom;Seca;Cruz;Semáforo;Comercial;0;0;3;1;0;0;0;0;0;0;0;0;-38,502540;-3,749355;;;
248098;20;1;2015;04:50;3894;AV EDUARDO GIRAO;RUA JULIO CESAR D12;;;;Colisão Transversal;Luz do Dia;Bom;Seca;Cruz;Semáforo;Comercial;0;2;0;1;1;0;0;0;0;0;0;0;-38,540636;-3,747630;;;
248099;20;1;2015;14:20;0;AV N CJ JOSE WALTER;;;1010;;Colisão Transversal;Luz do Dia;;Seca;Meio de Quadra;;Comercial;0;2;0;1;0;0;0;0;0;1;0;0;-38,559991;-3,830222;;;
256950;20;1;2015;17:00;12508;AV LINEU MACHADO;RUA ALUISIO AZEVEDO;;;;;Anoitecer;;;Cruz;Semáforo;Residencial;0;1;0;1;0;0;0;0;0;0;0;0;-38,579184;-3,770212;;;
253315;20;1;2015;08:00;0;RD BR 116;;;14000;KM-14;Colisão Traseira;Luz do Dia;Bom;Seca;Meio de Quadra;Não Há Controle;Comercial;0;0;2;1;0;0;0;0;0;0;0;0;-38,499242;-3,873523;;;
253282;20;1;2015;11:00;0;RD BR 116;;;3000;KM-03;Colisão Traseira;Luz do Dia;Bom;Seca;Meio de Quadra;Não Há Controle;Comercial;0;0;2;1;0;0;0;0;0;0;0;0;-38,514372;-3,779838;;;
259128;20;1;2015;14:30;0;AV AMERICO BARREIRA;;;;;Colisão;Luz do Dia;;;Meio de Quadra;;;0;0;2;1;0;0;0;0;0;0;0;0;;;;;
259134;20;1;2015;19:51;0;AV DEP PAULINO ROCHA;;;;;Outros;;;;Meio de Quadra;;;0;0;2;1;0;0;0;0;0;0;0;0;;;;;
274938;20;1;2015;21:28;0;RUA ANARIO BRAGA;;;950;;Colisão Transversal;;Nublado;Molhada;Meio de Quadra;Não Há Controle;Residencial;0;1;1;1;0;0;0;0;0;1;0;0;;;;;
262976;20;1;2015;16:28;0;RUA MARIA CLARA;;;620;;Colisão;Luz do Dia;;;Meio de Quadra;;;0;0;2;0;0;0;0;0;0;0;0;0;;;;;
262978;20;1;2015;18:25;20206;RUA MARIA MIRTES PEREIRA;AV 02 DE MAIO UI 503;;;;Choque c/ Obstáculo Fixo;Anoitecer;;;;;;0;0;1;0;0;0;0;0;0;0;0;0;-38,538463;-3,813442;;;
262980;20;1;2015;20:17;11630;RUA PRO HERIBALDO COSTA;RUA BOA VISTA;;;;Colisão;;;;Cruz;Pare;Residencial;0;0;2;0;0;0;0;0;0;0;0;0;-38,588035;-3,767974;;;
262971;20;1;2015;08:32;0;RUA ZAMENHOF;;;400;;Colisão;Luz do Dia;;;Meio de Quadra;;;0;0;2;0;0;0;0;0;0;0;0;0;-38,476722;-3,745179;;;
262972;20;1;2015;11:24;1441;AV SANTOS DUMONT;RUA PRO DIAS DA ROCHA;;;;Colisão;Luz do Dia;;;Cruz;Pare;Comercial;0;0;2;0;0;0;0;0;0;0;0;0;-38,492502;-3,738113;;;
262973;20;1;2015;11:28;0;RUA VALPARAISO;;;;;Colisão;Luz do Dia;;;Meio de Quadra;;;0;0;2;0;0;0;0;0;0;0;0;0;;;;;
260081;20;1;2015;06:43;22951;AV DR SILAS MUNGUBA;RUA DR JUSTA ARAUJO D45;;;;Colisão;Luz do Dia;;;Cruz;Outros;Comercial;0;1;1;1;0;0;0;0;0;1;0;0;-38,553426;-3,784586;;;
260082;20;1;2015;07:44;0;AV GAL OSORIO DE PAIVA;;;;;Colisão;Luz do Dia;;;Meio de Quadra;;;0;1;1;1;0;0;0;0;0;1;0;0;;;;;
260083;20;1;2015;07:59;5148;RUA SAO PAULO;RUA VINTE E QUATRO DE MAIO;;;;Queda;Luz do Dia;;;Cruz;Semáforo;Comercial;0;1;0;0;0;0;0;0;0;1;0;0;-38,531314;-3,724772;;;
260084;20;1;2015;08:24;4080;AV JOSE BASTOS;RUA CEARA;;;;Colisão;Luz do Dia;;;Cruz;Pare;;0;2;0;0;0;0;0;0;0;1;0;0;-38,564112;-3,760008;;;
260085;20;1;2015;09:52;0;AV 13 DE MAIO;;;;;Colisão;Luz do Dia;;;Meio de Quadra;;;0;1;1;1;0;0;0;0;0;1;0;0;;;;;
260086;20;1;2015;11:43;0;RUA BRAGANCA;;;;;Colisão;Luz do Dia;;;Meio de Quadra;;;0;1;1;0;0;0;0;0;0;0;0;0;-38,597148;-3,782916;;;
260087;20;1;2015;12:02;0;AV CEL CARVALHO;;;;;Colisão;Luz do Dia;;;Meio de Quadra;;;0;1;1;1;0;0;0;0;0;1;0;0;;;;;
260088;20;1;2015;12:07;0;AV GODOFREDO MACIEL;;;;;Colisão;Luz do Dia;;;Meio de Quadra;;;0;1;1;1;0;0;0;0;0;1;0;0;-38,571722;-3,802245;;;
260101;20;1;2015;12:34;0;RUA MONTE LIBANO;;;;;Colisão;Luz do Dia;;;Meio de Quadra;;;0;1;1;1;0;1;0;0;0;0;0;0;;;;;
260102;20;1;2015;15:10;0;RUA CANDIDO MAIA;;;;;Atropelamento;Luz do Dia;;;Meio de Quadra;;;0;1;1;0;0;0;0;0;0;0;0;0;;;;;
260103;20;1;2015;15:40;0;AV ROGACIANO LEITE;;;;;Colisão;Luz do Dia;;;Meio de Quadra;;;0;2;0;0;0;0;0;0;0;1;0;0;-38,502518;-3,783683;;;
260104;20;1;2015;15:43;35;RUA PEDRO MELO;RUA JOAQUIM LEITAO;;;;Colisão;Luz do Dia;;;Cruz;Pare;Residencial;0;1;1;1;0;0;0;0;0;1;0;0;-38,592100;-3,744174;;;
260105;20;1;2015;16:41;0;RUA PRO COSTA MENDES;;;;;Colisão;Luz do Dia;;;Meio de Quadra;;;0;1;1;1;0;0;0;0;0;1;0;0;-38,548444;-3,753310;;;
260106;20;1;2015;17:20;0;AV PRS CASTELO BRANCO;;;400;;Atropelamento;Anoitecer;;;Meio de Quadra;;;1;1;0;0;0;0;0;0;0;1;0;0;-38,530144;-3,720316;;;
260107;20;1;2015;18:28;0;RUA ESTADO DO RIO;;;;;Colisão;Anoitecer;;;Meio de Quadra;;;0;0;2;0;0;0;0;0;0;0;0;0;;;;;
260108;20;1;2015;19:28;0;RUA MARIO STUDART;;;;;Colisão;;;;Meio de Quadra;;;0;1;1;1;0;0;0;0;0;1;0;0;-38,551839;-3,723454;;;
260109;20;1;2015;19:49;0;AV DR SILAS MUNGUBA;;;;;Atropelamento;;;;Meio de Quadra;;;0;2;0;0;0;0;0;0;0;1;0;0;;;;;
260110;20;1;2015;20:05;0;AV AUGUSTO DOS ANJOS;;;;;Atropelamento;;;;Meio de Quadra;;;0;2;0;0;0;0;0;0;0;1;0;0;;;;;
260111;20;1;2015;22:21;7766;AV ANTONIO SALES;RUA TIBURCIO CAVALCANTE;;;;Colisão;;;;Cruz;Semáforo;Comercial;0;1;1;1;0;0;0;0;0;1;0;0;-38,505333;-3,744543;;;
260114;21;1;2015;09:15;0;AV ALBERTO CRAVEIRO;;;;;Colisão;Luz do Dia;;;Meio de Quadra;;;0;1;1;1;0;0;0;0;0;1;0;0;;;;;
260116;21;1;2015;12:47;0;RUA GUILHERME ROCHA;;;;;Colisão;Luz do Dia;;;Meio de Quadra;;;0;1;1;1;0;0;0;0;0;1;0;0;-38,540734;-3,722842;;;
260117;21;1;2015;14:45;0;RUA NEREU RAMOS;;;;;Colisão;Luz do Dia;;;Meio de Quadra;;;0;0;2;0;0;0;0;0;0;0;0;0;;;;;
260118;21;1;2015;16:38;0;RUA CESAR ROSSAS;;;;;Colisão;Luz do Dia;;;Meio de Quadra;;;0;1;1;1;0;0;0;0;0;1;0;0;;;;;
260119;21;1;2015;16:41;22677;AV COS GOMES DE FREITAS (SAPIRANGA/COITE);RUA MARIO ALENCAR ARARIPE;;;;Colisão;Luz do Dia;;;T;Pare;Comercial;0;1;1;1;0;0;0;0;0;1;0;0;-38,478257;-3,795569;;;
260124;21;1;2015;19:15;0;RUA DEMETRIO MENEZES;AV CEL CARVALHO;;;;Atropelamento;;;;Meio de Quadra;;;0;1;1;0;1;0;0;0;0;0;0;0;;;;;
260121;21;1;2015;17:10;0;RUA PDE PEDRO DE ALENCAR;;;;;Colisão;Anoitecer;;;Meio de Quadra;;;0;1;1;1;0;0;0;0;0;1;0;0;;;;;
260122;21;1;2015;18:36;0;RUA JOSE MENDONCA;;;;;Atropelamento;;;;Meio de Quadra;;;0;1;1;0;0;0;0;0;0;0;0;0;-38,602634;-3,759517;;;
260131;21;1;2015;19:39;0;RUA TRAJANO ALVES DE AGUIAR;AV OLIVEIRA PAIVA;;;;Colisão;;;;;;;0;1;1;1;0;0;0;0;0;1;0;0;;;;;
260132;21;1;2015;21:03;0;RUA VIRIATO RIBEIRO;;;;;Colisão;;;;;;;0;1;1;1;0;0;0;0;0;1;0;0;;;;;
260133;21;1;2015;22:43;0;RUA MAJ WEYNE;;;;;Colisão;;;;Meio de Quadra;;;0;1;1;1;0;0;0;0;0;1;0;0;-38,542337;-3,750409;;;
260137;21;1;2015;22:59;0;AV AUGUSTO DOS ANJOS;;;;;Colisão;;;;Meio de Quadra;;;0;1;1;1;0;0;0;0;0;1;0;0;;;;;
262985;21;1;2015;08:06;19611;AV GODOFREDO MACIEL;RUA NEREU RAMOS;;;;Colisão;Luz do Dia;;;T;Semáforo;Residencial;0;0;2;0;0;0;0;0;0;0;0;0;-38,566802;-3,787250;;;
262989;21;1;2015;08:20;0;RUA JOAQUIM PINTO;;;699;;Colisão;Luz do Dia;;;Meio de Quadra;;;0;0;2;0;0;0;0;0;0;0;0;0;-38,507843;-3,812842;;;
262994;21;1;2015;10:09;5213;RUA SAO PAULO;RUA SENA MADUREIRA;;;;Colisão;Luz do Dia;;;;;;0;0;2;0;0;0;0;0;0;0;0;0;-38,525915;-3,726579;;;
262995;21;1;2015;11:05;0;RUA MON SALAZAR;;;199;;Colisão;Luz do Dia;;;Meio de Quadra;;;0;0;2;0;0;0;0;0;0;0;0;0;-38,517786;-3,756489;;;
262998;21;1;2015;13:01;8838;RUA CELESTE ARRUDA;RUA BRI HAROLDO VELOSO;;;;Colisão;Luz do Dia;;;;;;0;0;2;0;0;0;0;0;0;0;0;0;-38,464452;-3,787474;;;
263005;21;1;2015;16:50;0;AV PRS CASTELO BRANCO;;;5136;;Colisão;Luz do Dia;;;Meio de Quadra;;;0;0;2;0;0;0;0;0;0;0;0;0;-38,577369;-3,704888;;;
263002;21;1;2015;14:50;0;RUA NEREU RAMOS;;;196;;Atropelamento;Luz do Dia;;;Meio de Quadra;;;0;0;2;0;0;0;0;0;0;0;0;0;-38,568653;-3,786581;;;
263011;21;1;2015;17:31;0;RUA CON DE CASTRO;;;;;Colisão;Anoitecer;;;Meio de Quadra;;;0;0;2;0;0;0;0;0;0;0;0;0;;;;;
263015;21;1;2015;18:37;0;RUA JOSE MENDONCA;;;220;;Colisão;;;;Meio de Quadra;;;0;0;2;0;0;0;0;0;0;0;0;0;-38,602639;-3,759541;;;
263020;21;1;2015;21:07;0;RUA PRIMEIRO DE JANEIRO;;;;;Colisão;;;;Meio de Quadra;;;0;0;2;0;0;0;0;0;0;0;0;0;;;;;
263026;21;1;2015;21:24;0;RUA VALPARAISO;;;346;;Colisão;;;;Meio de Quadra;;;0;0;2;0;0;0;0;0;0;0;0;0;-38,507542;-3,850587;;;
263028;21;1;2015;22:05;0;AV CONTORNO SUL;;;;;Colisão;;;;Meio de Quadra;;;0;0;2;0;0;0;0;0;0;0;0;0;;;;;
257159;21;1;2015;10:00;0;RUA BAR SOBRAL;;;1425;;Colisão;Luz do Dia;;;Meio de Quadra;;;0;1;0;1;0;0;0;0;0;0;0;0;-38,560835;-3,763161;;;
257330;21;1;2015;02:05;0;AV PERIMETRAL;;;1428;;Colisão;;;;Meio de Quadra;;;0;2;0;1;0;0;0;0;0;0;0;0;;;;;
259142;21;1;2015;09:27;0;AV PRS COSTA E SILVA;;;;;Colisão;Luz do Dia;;;Meio de Quadra;;;0;0;2;0;1;0;0;0;0;0;0;0;;;;;
259145;21;1;2015;09:24;5436;RUA GAL CLARINDO DE QUEIROZ;RUA JAIME BENEVOLO;;;;Colisão;Luz do Dia;;;Cruz;Pare;Residencial;0;0;2;1;0;0;0;0;0;0;0;0;-38,526017;-3,734060;;;
259149;21;1;2015;21:06;0;AV CARNEIRO DE MENDONCA;RUA PDE ANTONIO VIEIRA D37;;;;Colisão;;;;;;;0;0;2;1;0;0;0;0;0;1;0;0;;;;;
259102;21;1;2015;16:45;0;RD CE-040;;;;KM-07;Colisão;Luz do Dia;;Seca;Meio de Quadra;;;0;0;2;1;0;0;0;0;0;0;0;0;-38,483160;-3,817953;;;
259103;21;1;2015;19:26;0;AV SEN CARLOS JEREISSATI (AEROPORTO);;;;KM 01;Colisão;;;Seca;Meio de Quadra;;;0;0;2;1;1;0;0;0;0;0;0;0;-38,520356;-3,783803;;;
275706;21;1;2015;17:40;0;RD BR 116;;;800;KM-11;Colisão Lateral;Anoitecer;Bom;Seca;Meio de Quadra;;;0;0;2;1;1;0;0;0;0;0;0;0;;;;;
248108;21;1;2015;16:00;0;AV CEL CARVALHO;;;3044;;Colisão Traseira;Luz do Dia;Bom;Seca;Meio de Quadra;;Comercial;0;0;2;1;0;0;0;0;0;0;0;0;-38,584790;-3,729851;;;
248109;21;1;2015;18:40;0;AV DIOGUINHO;;;1995;;Colisão Traseira;Via Iluminada;Bom;Seca;Meio de Quadra;Não Há Controle;Residencial;0;1;1;1;0;0;0;0;0;1;0;0;-38,457781;-3,733453;;;
248110;21;1;2015;15:00;22200;AV SGT HERMINIO SAMPAIO;RUA MAJ VERISSIMO;;;;Colisão Traseira;Luz do Dia;Bom;Seca;Cruz;Pare;Residencial;0;1;1;0;0;0;1;1;0;0;0;0;-38,561327;-3,726516;;;
248112;21;1;2015;12:40;22886;RUA BERNARDO MANUEL;RUA INACIO PARENTE;;;;Colisão Frontal;Luz do Dia;Bom;Seca;Cruz;Pare;Comercial;0;1;1;1;0;0;0;0;0;1;0;0;-38,546074;-3,781268;;;
248114;21;1;2015;19:00;1337;AV SANTOS DUMONT;RUA OSVALDO CRUZ (ALDEOTA);;;;Colisão Lateral;Via Iluminada;Bom;Seca;Cruz;;Residencial;0;0;2;1;1;0;0;0;0;0;0;0;-38,500317;-3,735602;;;
248115;21;1;2015;08:45;0;AV DOS EXPEDICIONARIOS;;;7575;;Colisão Traseira;Luz do Dia;Bom;Seca;Meio de Quadra;Não Há Controle;Comercial;0;2;0;0;0;0;0;0;0;1;0;0;-38,547018;-3,784378;;;
248116;21;1;2015;07:45;0;RUA DOM SEBASTIAO LEME;;;110;;Colisão Lateral;Luz do Dia;Bom;Seca;Meio de Quadra;Não Há Controle;Comercial;0;0;1;1;0;1;0;0;0;0;0;0;-38,526952;-3,742004;;;
248117;21;1;2015;10:00;9169;AV LUCIANO CARNEIRO;RUA DR ALFREDO WEYNE D14;;;;Outros;Luz do Dia;Bom;Seca;Cruz;Pare;Comercial;0;1;0;0;0;0;0;0;0;1;0;0;-38,533556;-3,754682;;;
248118;21;1;2015;16:00;15227;AV ABOLICAO;AV DES MOREIRA;;;;Colisão Traseira;Luz do Dia;Bom;Seca;Cruz;Semáforo;Comercial;0;0;2;1;0;0;0;0;0;0;0;0;-38,495474;-3,727331;;;
248119;21;1;2015;07:20;0;AV PRO JOSE ARTHUR CARVALHO;;;;;Colisão Lateral;Luz do Dia;Bom;Seca;Meio de Quadra;Pare;Comercial;0;1;1;0;0;0;0;0;0;1;0;0;;;;;
248120;21;1;2015;11:00;0;RUA 2 CJ T JEREISSATI;;;;;Colisão Lateral;Luz do Dia;Bom;Seca;Meio de Quadra;Não Há Controle;Residencial;0;0;2;1;0;0;1;0;0;0;0;0;;;;;
248121;21;1;2015;16:00;23041;AV DR SILAS MUNGUBA;RUA BRUNO VALENTE;;;;Colisão Lateral;Luz do Dia;Bom;Seca;Cruz;Não Há Controle;Comercial;0;0;2;1;0;0;0;0;0;0;0;0;-38,540009;-3,790483;;;
248122;21;1;2015;20:00;7623;RUA RIO GRANDE DO SUL;RUA PERNAMBUCO;;;;Colisão Lateral Sentido Oposto;;Bom;Seca;Cruz;Pare;Residencial;0;1;1;1;1;0;0;0;0;0;0;0;-38,568467;-3,760011;;;
248123;21;1;2015;07:30;0;AV 13 DE MAIO;;;1119;;Colisão Lateral;Luz do Dia;Bom;Seca;Meio de Quadra;Não Há Controle;Comercial;0;0;2;1;0;0;0;0;0;0;0;0;-38,529205;-3,749429;;;
248124;21;1;2015;09:20;5389;RUA FLORIANO PEIXOTO;AV DUQ CAXIAS;;;;Colisão Transversal;Luz do Dia;Bom;Seca;Cruz;Pare;Comercial;0;0;2;1;1;0;0;0;0;0;0;0;-38,528731;-3,732162;;;
248125;21;1;2015;15:00;1458;RUA CEL LINHARES;RUA DES LEITE ALBUQUERQUE;;;;Colisão Transversal;Luz do Dia;Bom;Seca;Cruz;Pare;Misto;0;0;2;1;0;0;0;0;0;0;0;0;-38,494769;-3,738494;;;
248126;21;1;2015;18:20;5371;RUA VINTE E QUATRO DE MAIO;RUA GAL CLARINDO DE QUEIROZ;;;;Colisão Transversal;Via Iluminada;Bom;Seca;Cruz;Pare;Comercial;0;0;2;1;0;0;0;0;0;0;0;0;-38,533532;-3,731621;;;
248127;21;1;2015;18:55;0;AV HIS RAIMUNDO GIRAO;;;76;;Colisão Traseira;Via Iluminada;Bom;Seca;Meio de Quadra;Pare;Lazer;0;1;1;1;0;0;0;0;0;1;0;0;;;;;
248128;21;1;2015;21:00;7829;RUA JOSE VILAR;RUA PINHO PESSOA;;;;Colisão Transversal;Via Iluminada;Bom;Seca;T;Pare;Residencial;0;0;2;1;0;0;0;0;0;0;0;0;-38,507986;-3,746019;;;
248129;21;1;2015;14:10;5451;RUA BARBARA DE ALENCAR;AV DOM MANUEL;;;;Colisão;Luz do Dia;Bom;Seca;Cruz;Semáforo;Comercial;0;0;2;1;1;0;0;0;0;0;0;0;-38,523262;-3,734972;;;
248130;21;1;2015;06:37;25516;AV ROGACIANO LEITE;RUA JOR CESAR MAGALHAES;;;;Colisão Lateral;Luz do Dia;Bom;Seca;;Pare;Comercial;0;0;2;1;0;0;1;0;0;0;0;0;-38,493044;-3,761023;;;
248131;21;1;2015;16:00;5343;AV BEZERRA DE MENEZES;RUA PDE IBIAPINA;;;;Colisão Lateral;Luz do Dia;Bom;Seca;Cruz;Semáforo;Comercial;0;1;1;1;0;0;0;0;0;0;0;0;-38,539973;-3,730548;;;
248132;21;1;2015;09:15;0;RUA SILVA PAULET;;;1151;;Colisão Lateral;Luz do Dia;Bom;Seca;Meio de Quadra;Não Há Controle;Residencial;0;0;2;1;0;0;0;0;0;0;0;0;-38,505626;-3,735104;;;
248133;21;1;2015;14:30;0;AV PRS CASTELO BRANCO;;;;;Colisão Lateral;Luz do Dia;Bom;Seca;Meio de Quadra;;Comercial;0;0;2;1;0;0;1;0;0;0;0;0;;;;;
248134;21;1;2015;15:09;5433;RUA METON DE ALENCAR;RUA MAJ FACUNDO;;;;Colisão Transversal;Luz do Dia;Bom;Seca;Cruz;Pare;Comercial;0;1;1;1;0;0;0;0;0;1;0;0;-38,529899;-3,733917;;;
248135;21;1;2015;13:29;13542;AV SORIANO ALBUQUERQUE;RUA BAR ARACATI;;;;Colisão Traseira;Luz do Dia;Bom;Seca;Cruz;Pare;Comercial;0;2;1;1;0;0;0;0;0;1;0;0;-38,517030;-3,748453;;;
248136;21;1;2015;15:41;0;AV EDUARDO GIRAO;;;;;Colisão Traseira;Luz do Dia;Bom;Seca;Meio de Quadra;Semáforo;Comercial;0;0;2;1;0;0;0;0;0;0;0;0;;;;;
248137;21;1;2015;13:50;13345;AV J CJ JOSE WALTER;AV H CJ JOSE WALTER;;;;Colisão Transversal;Luz do Dia;Bom;Seca;T;Pare;Residencial;0;1;1;1;0;0;0;0;0;1;0;0;-38,558743;-3,841244;;;
248138;21;1;2015;18:10;0;AV ROGACIANO LEITE;;;900;;Colisão Lateral;Via Iluminada;Bom;Seca;Meio de Quadra;Não Há Controle;Residencial;0;1;1;0;0;0;0;0;0;1;0;0;-38,495042;-3,764269;;;
248139;21;1;2015;07:15;581;AV PASTEUR;AV FRANCISCO SA;;;;Colisão Transversal;;Bom;Seca;Cruz;;Comercial;0;1;1;1;0;0;0;0;0;1;0;0;-38,560567;-3,716325;;;
248140;21;1;2015;18:00;0;AV PRS CASTELO BRANCO;;;;;Colisão Lateral;Via Iluminada;Bom;Seca;Outros;Pare;Outros;0;0;2;1;1;0;0;0;0;0;0;0;;;;;
259795;21;1;2015;08:37;0;RUA JOSE HIPOLITO;;;;;Colisão;Luz do Dia;;;Meio de Quadra;;;0;0;2;1;0;0;0;0;0;0;0;0;;;;;
259796;21;1;2015;08:43;0;RUA CEZIDIO ALBUQUERQUE;;;;;Colisão;Luz do Dia;;;Meio de Quadra;;;0;0;2;1;0;0;0;0;0;0;0;0;;;;;
259800;21;1;2015;09:47;25070;AV DOS EXPEDICIONARIOS;RUA ALM RUFINO;;;;Colisão;Luz do Dia;;;Cruz;Semáforo Intermitente;Comercial;0;0;2;1;0;0;0;0;0;0;0;0;-38,541286;-3,765289;;;
259801;22;1;2015;07:44;0;AV LUCIANO CARNEIRO;;;;;Colisão;Luz do Dia;;;Meio de Quadra;;;0;0;2;1;0;0;0;0;0;0;0;0;;;;;
259805;22;1;2015;09:00;0;RUA 137 CJ CEARA;;;;;Colisão;;;;Meio de Quadra;;;0;0;2;1;0;0;0;0;0;1;0;0;;;;;
259806;22;1;2015;17:30;3074;RUA 12 DE JULHO;RUA MARIA QUINTELA;;;;Colisão;Anoitecer;;;;;;0;0;2;1;0;0;0;0;0;0;0;0;-38,585840;-3,776106;;;
248141;22;1;2015;08:50;0;AV PRS CASTELO BRANCO;;;;;Colisão Lateral;Luz do Dia;Bom;Seca;;;;0;0;2;1;0;0;1;0;0;0;0;0;;;;;
248143;22;1;2015;07:45;0;RUA HONORIO VIEIRA;;;31;;Colisão Transversal;Luz do Dia;Bom;Seca;Meio de Quadra;Pare;;0;0;2;1;0;0;0;0;0;0;0;0;-38,486586;-3,787591;;;
248144;22;1;2015;20:30;0;RUA DAMASCENO GIRAO;;;1500;;Colisão Traseira;Via Iluminada;Bom;Seca;Meio de Quadra;Semáforo;Outros;0;0;2;1;1;0;0;0;0;0;0;0;-38,539314;-3,749336;;;
248145;22;1;2015;18:50;0;AV AUGUSTO DOS ANJOS;;;2250;;Colisão Traseira;Via Iluminada;Bom;Seca;Meio de Quadra;Não Há Controle;Comercial;0;1;1;0;1;0;0;0;1;0;0;0;-38,584276;-3,786270;;;
248146;22;1;2015;17:40;0;RUA ANTONIO POMPEU;;;;IJF;Atropelamento;Via Iluminada;Bom;Seca;Meio de Quadra;;Outros;0;1;1;0;1;0;0;0;0;0;0;0;;;;;
248147;22;1;2015;20:00;1380;RUA TORRES CAMARA;RUA NUNES VALENTE;;;;Colisão Lateral;Via Iluminada;Bom;Seca;Cruz;Pare;Residencial;0;0;2;1;0;0;0;0;0;0;0;0;-38,503856;-3,736618;;;
248148;22;1;2015;13:00;0;AV JOSE BASTOS;;;;;Colisão Traseira;Luz do Dia;Bom;Seca;Meio de Quadra;Semáforo Intermitente;Comercial;0;0;3;1;0;0;0;0;0;0;0;0;;;;;
248149;22;1;2015;14:50;25149;AV DOM LUIS;RUA MON CATAO;;;;Colisão Lateral;Luz do Dia;Bom;Seca;T;Pare;Comercial;0;0;2;1;0;0;0;0;0;0;0;0;-38,489602;-3,735758;;;
248150;22;1;2015;13:00;8025;AV JOAO PESSOA;RUA PRO COSTA MENDES;;;;Colisão Traseira;Luz do Dia;Bom;Seca;Cruz;Semáforo;Comercial;0;0;2;1;0;0;0;0;0;0;0;0;-38,549441;-3,752393;;;
248151;22;1;2015;09:30;19608;RUA NEREU RAMOS;RUA TEN COSTA;;;;Colisão;Luz do Dia;Bom;Seca;T;Pare;Residencial;0;1;3;1;0;0;1;0;0;0;0;0;-38,567885;-3,786862;;;
248152;22;1;2015;15:20;0;AV HEROIS DO ACRE;;;1040;;Outros;Luz do Dia;Bom;Seca;Meio de Quadra;Não Há Controle;Residencial;0;0;1;0;0;0;0;0;0;0;0;0;-38,536500;-3,803156;;;
248153;22;1;2015;20:20;17469;AV BEIRA MAR;RUA MANUEL JACARE;;;;Colisão Traseira;Via Iluminada;Bom;Seca;T;Não Há Controle;Misto;0;0;2;1;0;0;0;0;0;0;0;0;-38,487276;-3,723328;;;
248154;22;1;2015;19:00;0;AV ENG LUIS VIEIRA;;;555;;Atropelamento;;Bom;;Meio de Quadra;Gesto;;0;1;1;1;0;0;0;0;0;0;0;0;-38,466804;-3,732652;;;
248155;22;1;2015;16:00;0;AV ANTONIO SALES;;;2850;;Colisão Transversal;Luz do Dia;Bom;Seca;Meio de Quadra;Não Há Controle;Misto;0;0;2;1;0;0;0;0;0;0;0;0;-38,498546;-3,746632;;;
248156;22;1;2015;05:45;0;AV GODOFREDO MACIEL;;;2106;;Colisão Traseira;;Bom;Seca;Meio de Quadra;;Residencial;0;0;2;1;1;0;0;0;0;0;0;0;-38,569022;-3,793838;;;
248157;22;1;2015;08:30;26220;RUA JOSE DUTRA;RUA WALDIR DIOGO;;;;Colisão Lateral;Luz do Dia;Bom;Seca;;;;0;0;2;0;1;0;0;0;0;1;0;0;;;;;
248158;22;1;2015;20:00;0;AV SEN FERNANDES TAVORA;;;541;;Colisão Lateral;Via Iluminada;Bom;Seca;Meio de Quadra;Não Há Controle;Residencial;0;0;2;1;1;0;0;0;0;0;0;0;-38,577416;-3,764720;;;
248159;22;1;2015;08:30;18508;AV GOV PARSIFAL BARROSO;RUA 3 LT SINCOL;;;;Colisão Transversal;Luz do Dia;Bom;Seca;Duplo T;Pare;Comercial;0;1;2;0;0;0;1;0;0;0;0;0;-38,568890;-3,734636;;;
248160;22;1;2015;07:40;18404;AV SGT HERMINIO SAMPAIO;AV GOV PARSIFAL BARROSO;;;;Colisão;Luz do Dia;Bom;Seca;Cruz;Semáforo;Comercial;0;0;2;1;1;0;0;0;0;0;0;0;-38,569276;-3,727916;;;
248161;22;1;2015;09:30;24392;AV LUCIANO CARNEIRO;RUA TEODORICO BARROSO;;;;Colisão Transversal;Luz do Dia;Bom;Seca;Cruz;Pare;Misto;0;0;2;1;0;0;0;0;0;0;0;0;-38,537620;-3,767956;;;
248162;22;1;2015;15:50;0;AV SANTOS DUMONT;;;;;Colisão Traseira;Luz do Dia;Bom;Seca;Meio de Quadra;Não Há Controle;Misto;0;0;2;1;0;0;1;0;0;0;0;0;;;;;