COD_ACIDENTE;DIA;MES;ANO;HORA;INTERSECAO;LOG1;LOG2;LOG3;NUMERO;REFERENCIA;NATUREZA;ILUMINACAO;TEMPO;SUPERFICIEPISTA;TIPOCRUZAMENTO;CONTROLETRAFEGO;USOSOLO;MORTOS;FERIDOS;ILESOS;AUTOMOVEL;ONIBUS;BICICLETA;CAMINHAO;MICROONIBUS;CICLOMOTOR;MOTOCICLETA;TRACAOANIMAL;TREM;LONG;LAT;;;
248163;22;1;2015;11:00;0;RUA TAVARES COUTINHO;;;2050;;Colisão Traseira;Luz do Dia;Bom;Seca;Meio de Quadra;Não Há Controle;Misto;0;0;2;1;0;0;0;0;0;0;0;0;-38,484505;-3,732469;;;
248164;22;1;2015;17:40;0;RUA JACINTO MATOS;;;;;Colisão Traseira;Via Iluminada;Bom;Seca;Meio de Quadra;Semáforo;Misto;0;0;2;1;0;0;0;0;0;0;0;0;;;;;
248165;22;1;2015;09:00;0;RUA ALVES BATISTA;;;419;;Capotamento;Luz do Dia;Bom;Seca;Meio de Quadra;Não Há Controle;Residencial;0;1;0;1;0;0;0;0;0;0;0;0;-38,601364;-3,760787;;;
248166;22;1;2015;12:30;0;RUA JAIME BENEVOLO;;;1020;;Colisão Transversal;Luz do Dia;Bom;Seca;Meio de Quadra;Não Há Controle;Residencial;0;0;2;1;0;0;0;0;0;0;0;0;-38,528361;-3,741142;;;
253287;22;1;2015;15:30;0;RD BR 116;;;2000;KM-02;Colisão Lateral;Luz do Dia;Bom;Seca;Meio de Quadra;Não Há Controle;Comercial;0;0;2;1;0;0;0;0;0;1;0;0;-38,516780;-3,771391;;;
253344;22;1;2015;08:35;0;RD BR 116;;;2000;KM-02;Colisão Lateral;Luz do Dia;Bom;Seca;Meio de Quadra;Não Há Controle;Comercial;0;0;2;1;0;0;0;0;0;1;0;0;-38,516780;-3,771391;;;
253346;22;1;2015;23:00;0;RD BR 116;;;3000;KM-03;Colisão Lateral;Via Iluminada;Bom;Seca;Meio de Quadra;Não Há Controle;Comercial;0;1;1;0;0;0;1;0;0;1;0;0;-38,514372;-3,779838;;;
253319;22;1;2015;07:30;0;RD BR 116;;;3000;KM-03;Colisão Traseira;Luz do Dia;Bom;Seca;Meio de Quadra;Não Há Controle;Comercial;0;0;2;0;1;0;0;0;0;0;0;0;-38,514372;-3,779838;;;
253355;22;1;2015;09:50;0;RD BR 116;;;7000;KM-07;Colisão Lateral;Luz do Dia;Bom;Outros;Meio de Quadra;Não Há Controle;;0;0;2;1;0;0;0;0;0;0;0;0;-38,501101;-3,813246;;;
259110;22;1;2015;10:30;0;RD CE-040;;;;KM-06;Colisão;Luz do Dia;;Seca;Meio de Quadra;;;0;0;2;1;0;0;1;0;0;0;0;0;-38,478781;-3,811270;;;
259111;22;1;2015;12:10;0;RD CE-040;;;;KM-05;Colisão Traseira;Luz do Dia;;Seca;Meio de Quadra;;;0;0;2;1;0;0;0;0;0;0;0;0;-38,480349;-3,790876;;;
259153;22;1;2015;10:15;0;RUA BARBOSA DE FREITAS;;;;;Colisão;Luz do Dia;;;;;;0;0;2;1;0;0;0;0;0;0;0;0;;;;;
259154;22;1;2015;13:33;0;RUA GONCALVES LEDO;;;;;Colisão;Luz do Dia;;;Meio de Quadra;;;0;0;2;1;0;0;0;0;0;0;0;0;;;;;
259159;22;1;2015;13:56;0;AV JOSE BASTOS;;;;;Colisão;Luz do Dia;;;Meio de Quadra;;;0;0;3;1;0;0;0;0;0;0;0;0;;;;;
263049;22;1;2015;10:05;0;AV ROGACIANO LEITE;;;2851;;Colisão;Luz do Dia;;;Meio de Quadra;;;0;0;2;0;0;0;0;0;0;0;0;0;-38,502496;-3,783697;;;
263050;22;1;2015;10:45;0;AV DR SILAS MUNGUBA;;;;;Colisão;Luz do Dia;;;Meio de Quadra;;;0;0;2;0;0;0;0;0;0;0;0;0;;;;;
263051;22;1;2015;10:46;0;AV JOSE BASTOS;;;2633;;Colisão;Luz do Dia;;;Meio de Quadra;;;0;0;2;0;0;0;0;0;0;0;0;0;;;;;
263052;22;1;2015;11:35;0;RUA TEODOMIRO DE CASTRO;;;6404;;Colisão;Luz do Dia;;;Meio de Quadra;;;0;0;2;0;0;0;0;0;0;0;0;0;-38,577502;-3,716589;;;
263053;22;1;2015;14:53;0;AV OLIVEIRA PAIVA;;;;;Colisão;Luz do Dia;;;Meio de Quadra;;;0;0;2;0;0;0;0;0;0;0;0;0;;;;;
263054;22;1;2015;17:08;0;RUA MANUEL ARRUDA;;;991;;Colisão;Anoitecer;;;Meio de Quadra;;;0;0;2;0;0;0;0;0;0;0;0;0;;;;;
263055;22;1;2015;19:11;0;RUA JOSE VILAR;;;;;Colisão;;;;Meio de Quadra;;;0;0;2;0;0;0;0;0;0;0;0;0;;;;;
263043;22;1;2015;08:22;7892;RUA PRO DIAS DA ROCHA;RUA PRO FRANCISCO GONCALVES;;;;Colisão;Luz do Dia;;;Cruz;Pare;Comercial;0;0;2;0;0;0;0;0;0;0;0;0;-38,495852;-3,748582;;;
263044;22;1;2015;09:48;0;RUA BILL CARTAXO;;;1321;;Colisão;Luz do Dia;;;Meio de Quadra;;;0;0;2;0;0;0;0;0;0;0;0;0;;;;;
263047;22;1;2015;09:51;0;AV PINTO BANDEIRA D56;;;;;Colisão;Luz do Dia;;;Meio de Quadra;;;0;0;2;0;0;0;0;0;0;0;0;0;;;;;
260148;22;1;2015;03:41;0;AV GODOFREDO MACIEL;;;;;Queda;;;;Meio de Quadra;;;0;1;0;0;0;0;0;0;0;1;0;0;-38,573641;-3,808424;;;
260149;22;1;2015;07:05;0;RUA RAIMUNDO NERY;;;;;Queda;Luz do Dia;;;Meio de Quadra;;;0;1;0;0;0;0;0;0;0;1;0;0;-38,587217;-3,792286;;;
260150;22;1;2015;07:59;0;AV GODOFREDO MACIEL;;;;;Colisão;Luz do Dia;;;Meio de Quadra;;;0;1;1;1;0;0;0;0;0;1;0;0;;;;;
260152;22;1;2015;08:55;0;AV SEN CARLOS JEREISSATI (AEROPORTO);;;;;Queda;Luz do Dia;;;Meio de Quadra;;;0;0;1;0;0;0;0;0;0;1;0;0;;;;;
260153;22;1;2015;09:10;0;AV EDILSON B SOARES;;;;;Colisão;Luz do Dia;;;Meio de Quadra;;;0;1;1;1;0;0;0;0;0;1;0;0;-38,474232;-3,788902;;;
260154;22;1;2015;09:19;0;RUA ALBANO AMARAL;;;;;Colisão;Luz do Dia;;;Meio de Quadra;;;0;1;1;1;0;0;0;0;0;1;0;0;-38,584714;-3,797862;;;
260165;22;1;2015;17:07;0;AV PERIMETRAL;;;;;Colisão;Anoitecer;;;Meio de Quadra;;;0;1;1;1;0;0;0;0;0;1;0;0;;;;;
260166;22;1;2015;18:54;0;AV ENG ALBERTO SA;;;;;Atropelamento;;;;Meio de Quadra;;;0;1;1;1;0;0;0;0;0;0;0;0;-38,473803;-3,735144;;;
260167;22;1;2015;19:17;10503;RUA ANTONIO CANDEIA;RUA JOSE BELCHIOR;;;;Colisão;;;;Cruz;Pare;;0;2;0;0;0;0;0;0;0;1;0;0;-38,480362;-3,829187;;;
260168;22;1;2015;20:09;0;RUA ILDEFONSO ALBANO;;;;;Colisão;;;;Meio de Quadra;;;0;1;1;1;0;0;0;0;0;1;0;0;-38,516367;-3,742607;;;
260169;22;1;2015;21:02;0;RUA SILVA PAULET;;;;;Queda;;;;Meio de Quadra;;;0;1;0;0;0;0;0;0;0;1;0;0;-38,509933;-3,748384;;;
260170;22;1;2015;22:22;0;AV ABOLICAO;;;;;Colisão;;;;Meio de Quadra;;;0;1;1;1;0;0;0;0;0;1;0;0;;;;;
260160;22;1;2015;12:00;0;AV OLIVEIRA PAIVA;;;;;Colisão;Luz do Dia;;;Meio de Quadra;;;0;1;1;1;0;0;0;0;0;1;0;0;-38,488305;-3,796180;;;
260161;22;1;2015;16:34;19469;AV AUGUSTO DOS ANJOS;AV GAL OSORIO DE PAIVA;;;;Colisão;Luz do Dia;;;Outros;Pare;Misto;0;0;2;0;0;0;0;0;0;0;0;0;-38,584939;-3,787349;;;
260162;22;1;2015;17:01;0;AV PERIMETRAL;;;;;Colisão;Anoitecer;;;Meio de Quadra;;;0;1;1;1;0;0;0;0;0;1;0;0;;;;;
260157;22;1;2015;10:42;0;RUA PE CARLOS DE ALENCAR;;;;;Colisão;Luz do Dia;;;Meio de Quadra;;;0;1;1;1;0;0;0;0;0;1;0;0;-38,493130;-3,828742;;;
260158;22;1;2015;11:24;0;AV PRS CASTELO BRANCO;;;;;Atropelamento;Luz do Dia;;;Meio de Quadra;;;0;1;1;1;0;0;0;0;0;0;0;0;;;;;
260175;23;1;2015;15:01;0;RUA APOCALIPSE (MONDUBIM);RUA QUIXADA D06;;;;Colisão;Luz do Dia;;;;;;0;2;1;1;0;0;0;0;0;1;0;0;;;;;
260176;23;1;2015;13:33;0;AV PERIMETRAL;;;;;Colisão;Luz do Dia;;;Meio de Quadra;;;0;1;1;1;0;0;0;0;0;1;0;0;;;;;
260178;23;1;2015;17:45;0;RD BR 116;;;10000;KM-10;Colisão;Anoitecer;;;Meio de Quadra;;;0;1;1;1;0;0;0;0;0;1;0;0;-38,503373;-3,834435;;;
260180;23;1;2015;19:12;21611;RUA JOAO RAMALHO;RUA COM GARCIA;;;;Colisão;;;;Cruz;Pare;Residencial;0;1;1;0;0;0;0;0;0;0;0;0;-38,588536;-3,799067;;;
260181;23;1;2015;19:36;0;AV WASHINGTON SOARES;;;;;Atropelamento;;;;Meio de Quadra;;;0;1;1;1;0;0;0;0;0;0;0;0;-38,478772;-3,809556;;;
260184;23;1;2015;21:37;0;RUA PDE PEDRO DE ALENCAR;;;;;Colisão;;;;Meio de Quadra;;;0;1;1;1;0;0;0;0;0;1;0;0;-38,494171;-3,837197;;;
260185;23;1;2015;22:00;0;RUA 15 DE NOVEMBRO;;;808;;Colisão;;;;Meio de Quadra;;;0;1;1;1;0;0;0;0;0;1;0;0;-38,553072;-3,769943;;;
260186;23;1;2015;22:26;0;AV PERIMETRAL;;;;;Queda;;;;Meio de Quadra;;;0;1;0;0;0;0;0;0;0;1;0;0;;;;;
260171;23;1;2015;00:38;0;AV HEROIS DO ACRE;;;1040;;Colisão;;;;Meio de Quadra;;;0;1;1;0;0;0;0;0;0;0;0;0;-38,536500;-3,803156;;;
260172;23;1;2015;02:12;0;AV ENG HUMBERTO MONTE;;;;;Queda;;;;Meio de Quadra;;;0;1;0;0;0;0;0;0;0;1;0;0;;;;;
260173;23;1;2015;07:31;21787;RUA JOAO TINOCO;RUA ROSALVO QUINDERE;;;;Colisão;Luz do Dia;;;;;;0;1;1;1;0;1;0;0;0;0;0;0;-38,591825;-3,729681;;;
260190;23;1;2015;23:20;0;AV JOSE BASTOS;;;;;Colisão;;;;Meio de Quadra;;;0;1;1;1;0;0;0;0;0;1;0;0;;;;;
263135;23;1;2015;00:29;23519;RUA ANA GONCALVES;RUA CAP GUSTAVO;;;;Colisão;;;;Cruz;Pare;Residencial;0;0;2;0;0;0;0;0;0;0;0;0;-38,515797;-3,759819;;;
263136;23;1;2015;09:55;0;RUA BAIXA DO MILAGRE;;;3200;;Colisão Frontal;Luz do Dia;;;Meio de Quadra;;;0;0;2;0;0;0;0;0;0;0;0;0;-38,603636;-3,730652;;;
263137;23;1;2015;10:22;13564;RUA CASTRO ALVES;RUA CAP GUSTAVO;;;;Colisão;Luz do Dia;;;Cruz;Pare;Residencial;0;0;2;0;0;0;0;0;0;0;0;0;-38,517747;-3,749887;;;
263140;23;1;2015;10:58;0;RUA JOAQUIM FROTA;;;1390;;Colisão;Luz do Dia;;;Meio de Quadra;;;0;0;2;0;0;0;0;0;0;0;0;0;-38,466066;-3,800804;;;
263143;23;1;2015;10:58;0;AV DOM MANUEL;;;591;;Colisão;Luz do Dia;;;Meio de Quadra;;;0;0;2;0;0;0;0;0;0;0;0;0;-38,521396;-3,729250;;;
263147;23;1;2015;15:27;0;AV ZUCA ACIOLY;;;275;;Colisão;Luz do Dia;;;Meio de Quadra;;;0;0;2;0;0;0;0;0;0;0;0;0;-38,466246;-3,748832;;;
263149;23;1;2015;17:11;0;RUA JORGE FIGUEIREDO (ANCURI);;;1772;;Colisão;Anoitecer;;;Meio de Quadra;;;0;0;2;0;0;0;0;0;0;0;0;0;;;;;
263151;23;1;2015;22:22;0;RUA GABRIEL FIUZA;;;;;Colisão;;;;Meio de Quadra;;;0;0;2;0;0;0;0;0;0;0;0;0;;;;;
263158;23;1;2015;20:25;17921;RUA PDE GUILHERME;RUA SEN ALVARO ADOLFO;;;;Colisão;;;;;;;0;0;2;0;0;0;0;0;0;0;0;0;-38,578264;-3,733086;;;
263159;23;1;2015;22:01;9131;AV 13 DE MAIO;AV LUCIANO CARNEIRO;;;;Colisão;;;;;;;0;0;2;0;0;0;0;0;0;0;0;0;-38,531331;-3,747615;;;
263161;23;1;2015;22:31;0;AV CASTELO DE CASTRO;;;;;Queda;;;;Meio de Quadra;;;0;0;1;0;0;0;0;0;0;1;0;0;;;;;
263175;23;1;2015;22:45;0;AV ALM HENRIQUE SABOIA;;;;;Queda;;;;Meio de Quadra;;;0;0;1;0;0;0;0;0;0;1;0;0;;;;;
253407;23;1;2015;20:15;0;RD BR 222;;;;KM 00;Colisão Lateral;Via Iluminada;Bom;Seca;Meio de Quadra;Não Há Controle;Escola;0;1;1;1;0;0;0;0;0;1;0;0;-38,569072;-3,736611;;;
248167;23;1;2015;09:50;0;RUA TIBURCIO CAVALCANTE;;;1400;;Colisão;Luz do Dia;Bom;Seca;Meio de Quadra;Não Há Controle;Residencial;0;0;2;1;0;0;0;0;0;0;0;0;-38,502928;-3,737012;;;
248168;23;1;2015;10:40;7762;AV ANTONIO SALES;RUA NUNES VALENTE;;;;Colisão Transversal;Luz do Dia;Bom;Seca;Cruz;Pare;Residencial;0;0;2;1;0;0;0;0;0;0;0;0;-38,506314;-3,744237;;;
248169;23;1;2015;09:00;8886;RUA BELA CRUZ;RUA JUSTINIANO DE SERPA;;;;Colisão Transversal;Luz do Dia;Bom;Seca;Cruz;Pare;Residencial;0;0;2;1;0;0;0;0;0;0;0;0;-38,542256;-3,734024;;;
248170;23;1;2015;15:29;0;RUA NELSON COELHO;;;;;Colisão Transversal;Luz do Dia;Bom;Seca;Meio de Quadra;Pare;Residencial;0;1;1;0;1;0;0;0;0;1;0;0;-38,463794;-3,828068;;;
248171;23;1;2015;16:00;23557;RUA BELISARIO TAVORA;AV GOV RAUL BARBOSA;;;;Colisão Traseira;Luz do Dia;Bom;Seca;T;Pare;Comercial;0;0;2;1;0;0;0;0;0;0;0;0;-38,505537;-3,761108;;;
248172;23;1;2015;07:00;19935;RUA JORGE ACURCIO;RUA FRANCISCO LORDA;;;;Colisão Transversal;Luz do Dia;Bom;Seca;Cruz;Cancela;Residencial;0;1;1;1;0;0;0;0;0;1;0;0;-38,530533;-3,762325;;;
248173;23;1;2015;10:45;25125;RUA DNA LEOPOLDINA;RUA ROCHA LIMA;;;;Colisão Transversal;Luz do Dia;Bom;Seca;Cruz;Pare;Comercial;0;0;3;1;0;0;0;0;0;0;0;0;-38,521427;-3,736665;;;
248174;23;1;2015;09:40;13410;RUA ANTONIO AUGUSTO;RUA JOAQUIM TORRES;;;;Colisão Transversal;Luz do Dia;Bom;Seca;Cruz;Pare;Residencial;0;0;2;1;0;0;0;0;0;0;0;0;-38,517263;-3,741755;;;
248175;23;1;2015;10:00;19611;AV GODOFREDO MACIEL;RUA NEREU RAMOS;;;;Colisão Transversal;Luz do Dia;Bom;Seca;T;Semáforo;Comercial;0;1;1;1;0;0;0;0;0;1;0;0;-38,566802;-3,787250;;;
248176;23;1;2015;16:40;15124;AV BEIRA MAR;RUA FRANCISCO DIAS RIBEIRO;;;;Colisão Lateral;Luz do Dia;Bom;Seca;T;Pare;Residencial;0;1;1;1;0;0;0;0;0;1;0;0;-38,504211;-3,723428;;;
248177;23;1;2015;14:15;0;RUA CEL MATOS DOURADO;;;;;Colisão Traseira;Luz do Dia;Bom;Seca;Meio de Quadra;Pare;Misto;0;0;2;1;0;0;0;0;0;0;0;0;;;;;
248178;23;1;2015;;0;AV DOS EXPEDICIONARIOS;;;;;Colisão Traseira;Luz do Dia;Bom;Seca;Meio de Quadra;Não Há Controle;Comercial;0;2;0;1;0;0;0;0;0;0;0;0;;;;;
248179;23;1;2015;17:30;15399;AV FRE CIRILO;RUA ALMEIDA REGO;;;;Colisão;Via Iluminada;Bom;Seca;T;Semáforo;Comercial;0;0;2;1;0;0;0;0;0;0;0;0;-38,498444;-3,814967;;;
248180;23;1;2015;18:00;1661;RUA JOAQUIM NABUCO;RUA VICENTE LINHARES;;;;Colisão Lateral;Anoitecer;Bom;Seca;Cruz;Pare;Comercial;0;0;3;1;0;0;0;0;0;0;0;0;-38,503180;-3,741195;;;
248181;23;1;2015;13:40;0;AV GAL OSORIO DE PAIVA;;;7037;;Colisão Lateral;;Bom;Seca;Meio de Quadra;Não Há Controle;Comercial;0;0;2;1;0;0;1;0;0;0;0;0;-38,612459;-3,815435;;;
248182;23;1;2015;18:30;0;AV 13 DE MAIO;;;2386;;Choque c/ Obstáculo Fixo;Anoitecer;Bom;Seca;Meio de Quadra;Não Há Controle;Comercial;0;0;2;0;0;0;1;0;0;0;0;0;-38,537678;-3,742181;;;
248183;23;1;2015;;12745;RUA JULIO CESAR D12;RUA ANA NERY;;;;Colisão Transversal;Luz do Dia;Bom;Seca;Cruz;Pare;Misto;0;0;2;1;0;0;0;0;0;0;0;0;-38,544349;-3,751712;;;
248184;23;1;2015;18:00;18024;RUA RENATO BRAGA;AV ZEZE DIOGO;;;;Colisão;Via Iluminada;Bom;Seca;Cruz;Semáforo;Comercial;0;0;2;1;0;0;0;0;0;0;0;0;-38,457388;-3,731905;;;
248185;23;1;2015;15:40;15327;AV SEN VIRGILIO TAVORA;RUA ANA BILHAR;;;;Colisão Lateral;Luz do Dia;Bom;Seca;Cruz;Semáforo Intermitente;Comercial;0;1;1;1;0;0;0;0;0;1;0;0;-38,491262;-3,730893;;;
248186;23;1;2015;19:00;1451;RUA ROCHA LIMA;RUA ANTONIO AUGUSTO;;;;Colisão Transversal;Via Iluminada;Bom;Seca;Cruz;Pare;Misto;0;0;2;1;0;0;0;0;0;0;0;0;-38,516207;-3,738344;;;
248187;23;1;2015;07:00;1423;RUA TORRES CAMARA;RUA OSVALDO CRUZ (ALDEOTA);;;;Colisão Transversal;Luz do Dia;Bom;Seca;Cruz;Semáforo;Residencial;0;0;2;1;0;0;0;0;0;0;0;0;-38,500953;-3,737574;;;
248188;23;1;2015;17:30;0;RUA STO AMARO DO PICI;;;362;;Colisão Lateral;Mal Iluminada;Bom;Seca;Meio de Quadra;;Residencial;0;0;2;1;0;0;0;0;0;0;0;0;-38,578369;-3,754616;;;
248189;23;1;2015;12:10;0;RUA JOSE VILAR;;;1939;;Colisão Lateral;Luz do Dia;Bom;Seca;Meio de Quadra;Semáforo Intermitente;Residencial;0;0;2;1;0;0;0;0;0;0;0;0;-38,506410;-3,741191;;;
248190;23;1;2015;16:20;1512;AV RUI BARBOSA;RUA ROCHA LIMA;;;;Colisão Lateral;Luz do Dia;Bom;Seca;Cruz;Pare;Comercial;0;1;1;1;0;0;0;0;0;1;0;0;-38,510753;-3,740096;;;
248191;23;1;2015;16:40;0;AV RUI BARBOSA;;;1921;;Colisão Traseira;Luz do Dia;Bom;Seca;Meio de Quadra;Não Há Controle;Comercial;0;1;1;1;0;0;0;0;0;1;0;0;-38,510549;-3,739471;;;
248192;23;1;2015;19:00;0;AV ALBERTO CRAVEIRO;;;;;Engavetamento;Via Iluminada;Bom;Seca;Meio de Quadra;Não Há Controle;Comercial;0;0;3;1;0;0;1;0;0;0;0;0;;;;;
248193;23;1;2015;10:00;21377;RUA PRO ANACLETO;RUA ANTERO COELHO;;;;Colisão Lateral;Luz do Dia;Bom;Seca;T;Pare;Misto;0;0;2;1;0;0;0;0;0;0;0;0;-38,552197;-3,738399;;;
248194;23;1;2015;10:00;0;RUA JOAQUIM NABUCO;;;970;;Colisão Lateral;Luz do Dia;Bom;Seca;Meio de Quadra;Não Há Controle;Residencial;0;1;1;1;0;0;0;0;0;1;0;0;-38,500887;-3,734034;;;
248202;23;1;2015;19:20;0;AV PRS COSTA E SILVA;;;61;JOSE WALTER;Colisão Traseira;Luz do Dia;Bom;Seca;Meio de Quadra;Não Há Controle;Misto;0;0;1;1;0;0;0;0;0;1;0;0;-38,551015;-3,823282;;;
248203;23;1;2015;15:10;20042;AV DEP PAULINO ROCHA;AV PRS JUSCELINO KUBITSCHEK (PASSARÉ);;;;Colisão Lateral;Luz do Dia;Bom;Seca;Rotatória;Pare;Comercial;0;0;2;1;0;0;0;0;0;0;0;0;-38,524782;-3,807229;;;
248196;23;1;2015;13:00;9155;AV LUCIANO CARNEIRO;AV EDUARDO GIRAO;;;;Colisão Traseira;Luz do Dia;Bom;Seca;Cruz;Semáforo;Residencial;0;0;2;1;0;0;0;0;0;0;0;0;-38,532811;-3,752275;;;
248197;23;1;2015;13:45;0;RUA FRANCISCA CLOTILDE;;;1120;;Colisão Traseira;Via Iluminada;Bom;Seca;;;;0;0;2;1;0;0;0;0;0;0;0;0;-38,556183;-3,746390;;;
248205;23;1;2015;08:30;5109;AV ALBERTO NEPOMUCENO;RUA DR JOAO MOREIRA;;;;Colisão Lateral;Luz do Dia;Bom;Seca;Cruz;Semáforo;Comercial;0;0;2;1;0;0;0;0;0;0;0;0;-38,524608;-3,723737;;;
256958;23;1;2015;00:10;25131;AV AUGUSTO DOS ANJOS;RUA PLANALTINA (BONSUCESSO);;;;Colisão;;;;T;Pare;Comercial;0;1;0;1;0;0;0;0;0;1;0;0;-38,584454;-3,786544;;;
259807;23;1;2015;12:36;13939;RUA VER PEDRO PAULO MOREIRA;RUA HONORIO VIEIRA;;;;Colisão;Luz do Dia;;;Cruz;Pare;Residencial;0;0;2;1;0;0;0;0;0;0;0;0;-38,486544;-3,787289;;;
259811;23;1;2015;16:26;3820;AV CARAPINIMA;AV 13 DE MAIO;;;;Colisão;Luz do Dia;;;Cruz;Semáforo;Comercial;0;0;2;1;1;0;0;0;0;0;0;0;-38,540239;-3,740001;;;
249867;23;1;2015;13:00;0;RUA ERICO MOTA;;;464;;Colisão Traseira;Luz do Dia;Bom;Seca;Meio de Quadra;Não Há Controle;Residencial;0;1;1;1;0;0;0;0;0;0;0;0;-38,562043;-3,739996;;;
259812;24;1;2015;09:08;25018;RUA TEODOMIRO DE CASTRO;RUA FRANCISCO CALACA;;;;Colisão;Luz do Dia;;;T;Pare;Comercial;0;0;2;1;1;0;0;0;0;0;0;0;-38,574380;-3,717748;;;
259814;24;1;2015;10:56;0;RUA TAVARES COUTINHO;AV ALM HENRIQUE SABOIA;;;;Colisão;Luz do Dia;;;;;;0;0;2;1;0;0;1;0;0;0;0;0;;;;;
259816;24;1;2015;11:23;0;RUA PEDRO PEREIRA;;;636;;Colisão;Luz do Dia;;;Meio de Quadra;;;0;0;2;1;1;0;0;0;0;0;0;0;-38,531059;-3,728864;;;
256963;24;1;2015;10:25;0;AV PRS CASTELO BRANCO;;;1001;;Colisão;Luz do Dia;;;Meio de Quadra;;;0;1;1;1;0;0;0;0;0;1;0;0;-38,532533;-3,719131;;;
256964;24;1;2015;18:54;9155;AV EDUARDO GIRAO;AV LUCIANO CARNEIRO;;;;Colisão;;;;Cruz;Semáforo;Comercial;0;0;2;0;0;0;0;0;0;0;0;0;-38,532811;-3,752275;;;
248206;24;1;2015;15:01;5109;RUA DR JOAO MOREIRA;AV ALBERTO NEPOMUCENO;;;;Colisão Lateral;Luz do Dia;Bom;Seca;T;Semáforo;Comercial;0;0;2;1;1;0;0;0;0;0;0;0;-38,524608;-3,723737;;;
248207;24;1;2015;06:45;0;RUA BAR ARATANHA;;;999;;Choque c/ Obstáculo Fixo;Luz do Dia;Bom;Seca;Meio de Quadra;Não Há Controle;Residencial;0;0;1;1;0;0;0;0;0;0;0;0;-38,529326;-3,741701;;;
248198;24;1;2015;22:00;0;AV BEZERRA DE MENEZES;RUA PRO JOSE DE BARCELOS;;;;Colisão Lateral;Via Iluminada;Bom;Seca;Meio de Quadra;Semáforo;Comercial;0;0;2;1;0;0;0;0;0;0;0;0;;;;;
248199;24;1;2015;10:45;0;AV SEN FERNANDES TAVORA;;;3227;;Colisão Lateral;Luz do Dia;Bom;Seca;Meio de Quadra;Não Há Controle;Comercial;0;0;2;1;1;0;0;0;0;0;0;0;-38,600903;-3,754643;;;
248200;24;1;2015;16:15;5433;RUA METON DE ALENCAR;RUA MAJ FACUNDO;;;;Colisão Transversal;Mal Iluminada;Bom;Seca;Cruz;Pare;Rural;0;0;2;1;0;0;1;0;0;0;0;0;-38,529899;-3,733917;;;
248201;24;1;2015;15:30;0;AV JOSE SABOIA;;;400;;Colisão Lateral;Luz do Dia;Bom;Seca;Meio de Quadra;Não Há Controle;Industrial;0;1;2;0;0;0;0;0;0;1;0;0;-38,467586;-3,717020;;;
248204;24;1;2015;16:30;10420;RUA DAS PEDRINHAS;RUA LUIZ MARIANO;;;;Colisão Transversal;Via Iluminada;Bom;Seca;Cruz;Não Há Controle;Residencial;0;0;2;1;0;0;0;0;0;1;0;0;-38,600122;-3,761937;;;
248195;24;1;2015;05:40;5460;AV HERACLITO GRACA;RUA NOGUEIRA ACIOLI;;;;Colisão Transversal;Amanhecer;Bom;;Cruz;Semáforo;Comercial;0;1;1;1;0;0;0;0;0;1;0;0;-38,518518;-3,735440;;;
253409;24;1;2015;10:00;0;RD BR 222;;;;KM-02;Colisão Lateral;Luz do Dia;Bom;Seca;Meio de Quadra;Não Há Controle;Comercial;0;0;3;1;1;0;0;1;0;0;0;0;-38,586880;-3,738951;;;
263192;24;1;2015;00:57;0;RUA COS TRISTAO;;;1032;;Colisão;;;;Meio de Quadra;;;0;0;2;0;0;0;0;0;0;0;0;0;-38,528108;-3,743177;;;
263194;24;1;2015;07:00;0;RUA TEBAS;;;;;Atropelamento;Luz do Dia;;;Meio de Quadra;;;0;0;2;0;0;0;0;0;0;0;0;0;;;;;
263204;24;1;2015;09:41;0;AV DA UNIVERSIDADE;;;2932;;Colisão;Luz do Dia;;;Meio de Quadra;;;0;0;2;0;0;0;0;0;0;0;0;0;-38,539900;-3,741798;;;
259165;24;1;2015;11:03;0;AV JOAO PESSOA;;;;;Colisão;Luz do Dia;;;Meio de Quadra;;;0;0;2;1;1;0;0;0;0;0;0;0;;;;;
259169;24;1;2015;22:39;0;AV DOM LUIS;;;;;Colisão;;;;Meio de Quadra;;;0;0;2;1;1;0;0;0;0;0;0;0;;;;;
259167;24;1;2015;22:36;5177;RUA SEN POMPEU;RUA SAO PAULO;;;;Colisão;;;;Cruz;Semáforo;Comercial;0;0;2;1;0;0;0;0;0;0;0;0;-38,529196;-3,725486;;;
263215;24;1;2015;09:57;0;RUA EMILIO DE MENESES;;;1820;;Colisão;Luz do Dia;;;Meio de Quadra;;;0;0;2;0;0;0;0;0;0;0;0;0;-38,597445;-3,778921;;;
263217;24;1;2015;10:32;0;RUA CON DE CASTRO;;;3701;;Colisão;Luz do Dia;;;Meio de Quadra;;;0;0;2;0;0;0;0;0;0;0;0;0;;;;;
263220;24;1;2015;10:37;0;RUA ANTONIO CORREIA LIMA;;;3946;;Colisão;Luz do Dia;;;Meio de Quadra;;;0;0;2;0;0;0;0;0;0;0;0;0;-38,543791;-3,768509;;;
263221;24;1;2015;11:05;10072;RUA CEL FABRICIANO;RUA CEL VIRGILIO NOGUEIRA (BOM JARDIM);;;;Colisão;Luz do Dia;;;;;;0;0;2;0;0;0;0;0;0;0;0;0;-38,606869;-3,783041;;;