COD_ACIDENTE;DIA;MES;ANO;HORA;INTERSECAO;LOG1;LOG2;LOG3;NUMERO;REFERENCIA;NATUREZA;ILUMINACAO;TEMPO;SUPERFICIEPISTA;TIPOCRUZAMENTO;CONTROLETRAFEGO;USOSOLO;MORTOS;FERIDOS;ILESOS;AUTOMOVEL;ONIBUS;BICICLETA;CAMINHAO;MICROONIBUS;CICLOMOTOR;MOTOCICLETA;TRACAOANIMAL;TREM;LONG;LAT;;;
263222;24;1;2015;11:24;0;AV CEL CARVALHO;;;968;;Colisão;Luz do Dia;;;Meio de Quadra;;;0;0;2;0;0;0;0;0;0;0;0;0;-38,589646;-3,710772;;;
263223;24;1;2015;11:26;0;RUA COS LAFAYETE;;;856;;Colisão;Luz do Dia;;;Meio de Quadra;;;0;0;2;0;0;0;0;0;0;0;0;0;-38,585742;-3,717709;;;
263224;24;1;2015;11:29;0;LOGRADOURO SEM NOME;;;;;Colisão;Luz do Dia;;;Meio de Quadra;;;0;0;2;0;0;0;0;0;0;0;0;0;;;;;
263225;24;1;2015;11:35;19651;AV GAL OSORIO DE PAIVA;RUA AFRANIO PEIXOTO;;;;Colisão;Luz do Dia;;;Duplo T;Semáforo;Comercial;0;0;2;0;0;0;0;0;0;0;0;0;-38,573584;-3,780072;;;
263226;24;1;2015;12:34;0;RUA PERGENTINO MAIA;;;;;Colisão;Luz do Dia;;;Meio de Quadra;;;0;0;2;0;0;0;0;0;0;0;0;0;;;;;
263227;24;1;2015;12:36;0;RUA PLANALTINA (BONSUCESSO);;;270;;Colisão;Luz do Dia;;;Meio de Quadra;;;0;0;2;0;0;0;0;0;0;0;0;0;-38,586118;-3,785108;;;
263299;24;1;2015;13:20;0;RUA COS GALVAO;;;180;;Colisão;Luz do Dia;;;Meio de Quadra;;;0;0;2;0;0;0;0;0;0;0;0;0;-38,567625;-3,780995;;;
263300;24;1;2015;14:30;0;RUA JOSE PEDRA;;;1433;;Colisão;Luz do Dia;;;Meio de Quadra;;;0;0;2;0;0;0;0;0;0;0;0;0;-38,551093;-3,800175;;;
263301;24;1;2015;15:06;16057;AV PRS COSTA E SILVA;AV GODOFREDO MACIEL;;;;Colisão;Luz do Dia;;;Cruz;Semáforo;Comercial;0;0;2;0;0;0;0;0;0;0;0;0;-38,574739;-3,811743;;;
263303;24;1;2015;15:48;0;AV DR SILAS MUNGUBA;;;1534;;Colisão;Luz do Dia;;;Meio de Quadra;;;0;0;2;0;0;0;0;0;0;0;0;0;-38,553475;-3,784520;;;
263304;24;1;2015;19:44;1576;RUA CEL JUCA;AV PDE ANTONIO TOMAS;;;;Colisão;;;;Cruz;Semáforo;Misto;0;0;2;0;0;0;0;0;0;0;0;0;-38,492803;-3,742392;;;
263305;24;1;2015;16:51;0;RUA PAULO FIRMEZA;;;889;;Colisão;Luz do Dia;;;Meio de Quadra;;;0;0;2;0;0;0;0;0;0;0;0;0;-38,511767;-3,757023;;;
263306;24;1;2015;16:53;3324;RUA URUGUAI;RUA VIRIATO RIBEIRO;;;;Colisão;Luz do Dia;;;Cruz;Pare;Residencial;0;0;2;0;0;0;0;0;0;0;0;0;-38,563322;-3,748176;;;
263307;24;1;2015;17:02;5099;AV TRISTAO GONCALVES;RUA SEN ALENCAR;;;;Colisão;Anoitecer;;;Cruz;Pare;Comercial;0;0;2;0;0;0;0;0;0;0;0;0;-38,532122;-3,723524;;;
263308;24;1;2015;17:07;0;RUA TULIPA NEGRA;;;2257;;Colisão;Anoitecer;;;Meio de Quadra;;;0;0;2;0;0;0;0;0;0;0;0;0;-38,599563;-3,818117;;;
263309;24;1;2015;17:09;0;RUA TEN BENEVOLO;;;382;;Colisão;Anoitecer;;;Meio de Quadra;;;0;0;2;0;0;0;0;0;0;0;0;0;-38,517653;-3,725222;;;
263310;24;1;2015;18:36;0;AV AGUANAMBI;;;;;Colisão;;;;Meio de Quadra;;;0;0;2;0;0;0;0;0;0;0;0;0;;;;;
263311;24;1;2015;18:43;0;RUA PRS PRUDENTE;;;;;Colisão;;;;Meio de Quadra;;;0;1;1;0;0;0;0;0;0;0;0;0;;;;;
263312;24;1;2015;18:56;0;AV PRS CASTELO BRANCO;;;103;;Colisão;;;;Meio de Quadra;;;0;0;2;0;0;0;0;0;0;0;0;0;;;;;
263313;24;1;2015;19:05;9755;RUA EDSON MARTINS;RUA TRES CORACOES;;;;Colisão;;;;;;;0;0;2;0;0;0;0;0;0;0;0;0;-38,609844;-3,787046;;;
263314;24;1;2015;19:07;0;AV CONTORNO NORTE D71;;;306;;Colisão;;;;Meio de Quadra;;;0;0;2;0;0;0;0;0;0;0;0;0;;;;;
263315;24;1;2015;20:18;0;AV LUCIANO CARNEIRO;;;635;;Colisão;;;;Meio de Quadra;;;0;0;2;0;0;0;0;0;0;0;0;0;-38,533531;-3,754604;;;
263316;24;1;2015;20:22;23493;RUA SABINO MONTE;RUA CARVALHO JUNIOR;;;;Colisão;;;;Cruz;Pare;Residencial;0;0;2;0;0;0;0;0;0;0;0;0;-38,511538;-3,758605;;;
263317;24;1;2015;20:27;0;RUA CRUZEIRO VELHO;;;177;;Colisão;;;;Meio de Quadra;;;0;0;2;0;0;0;0;0;0;0;0;0;;;;;
263318;24;1;2015;20:49;0;AV N CJ JOSE WALTER;;;;;Colisão;;;;Meio de Quadra;;;0;0;2;0;0;0;0;0;0;0;0;0;;;;;
263319;24;1;2015;20:54;0;AV SGT HERMINIO SAMPAIO;;;;;Colisão;;;;Meio de Quadra;;;0;0;2;0;0;0;0;0;0;0;0;0;;;;;
263320;24;1;2015;21:02;0;AV RUI BARBOSA;;;2370;;Colisão;;;;Meio de Quadra;;;0;0;2;0;0;0;0;0;0;0;0;0;-38,511594;-3,742689;;;
263321;24;1;2015;21:36;3408;RUA MATOS VASCONCELOS;RUA DES PRAXEDES;;;;Colisão;;;;Cruz;Pare;Residencial;0;0;2;0;0;0;0;0;0;0;0;0;-38,554688;-3,755879;;;
263322;24;1;2015;22:21;0;AV SEN FERNANDES TAVORA;;;;;Colisão;;;;Meio de Quadra;;;0;0;2;0;0;0;0;0;0;0;0;0;;;;;
263323;24;1;2015;22:58;0;AV PRS JUSCELINO KUBITSCHEK (PASSARÉ);;;3653;;Colisão;;;;Meio de Quadra;;;0;0;2;0;0;0;0;0;0;0;0;0;-38,530095;-3,814189;;;
263324;24;1;2015;23:08;15370;AV DOM LUIS;AV SEN VIRGILIO TAVORA;;;;Colisão;;;;Cruz;Semáforo;Comercial;0;0;2;0;0;0;0;0;0;0;0;0;-38,492507;-3,734829;;;
263325;24;1;2015;23:09;16144;RUA ARTUR DE SOUZA;AV GODOFREDO MACIEL;;;;Colisão;;;;;;;0;0;2;0;0;0;0;0;0;0;0;0;-38,578525;-3,823532;;;
263297;24;1;2015;12:44;0;RUA ITAPOA;;;;;Colisão;Luz do Dia;;;Meio de Quadra;;;0;0;2;0;0;0;0;0;0;0;0;0;;;;;
259112;24;1;2015;09:38;0;AV SEN CARLOS JEREISSATI (AEROPORTO);;;;KM 03;Colisão;Luz do Dia;;Seca;Meio de Quadra;;;0;0;2;1;0;0;0;0;0;0;0;0;-38,541414;-3,780382;;;
260238;24;1;2015;16:06;0;AV DEP PAULINO ROCHA;;;;;Colisão;Luz do Dia;;;Meio de Quadra;;;0;1;1;1;0;0;0;0;0;1;0;0;;;;;
260242;24;1;2015;16:50;0;AV PRS CASTELO BRANCO;;;;;Queda;Luz do Dia;;;Meio de Quadra;;;0;1;0;0;0;1;0;0;0;0;0;0;-38,579797;-3,703762;;;
260244;24;1;2015;17:21;0;RUA 1 LT ARVOREDO;;;;;Queda;Anoitecer;;;Meio de Quadra;;;0;1;0;0;0;0;0;0;0;1;0;0;;;;;
260246;24;1;2015;17:26;0;RUA CESAR FONTENELE;;;121;;Colisão;Anoitecer;;;Meio de Quadra;;;0;1;1;1;0;0;0;0;0;1;0;0;-38,557644;-3,745934;;;
260248;24;1;2015;17:53;0;RUA 30 DE MAIO D73;RUA ALVES BATISTA;;;;Colisão;Anoitecer;;;;;;0;2;1;1;0;0;0;0;0;1;0;0;;;;;
260260;24;1;2015;21:12;0;AV ALBERTO CRAVEIRO;;;;;Colisão;;;;Meio de Quadra;;;0;1;1;1;0;0;0;0;0;0;0;0;;;;;
260261;24;1;2015;21:35;0;RUA PRO COSTA MENDES;;;;;Colisão;;;;Meio de Quadra;;;0;1;1;1;0;0;0;0;0;1;0;0;-38,550428;-3,751524;;;
260262;24;1;2015;22:38;0;AV GAL OSORIO DE PAIVA;;;;;Colisão;;;;Meio de Quadra;;;0;1;1;1;0;0;0;0;0;1;0;0;-38,602495;-3,805131;;;
260263;24;1;2015;22:50;0;AV DR SILAS MUNGUBA;;;;;Queda;;;;Meio de Quadra;;;0;1;0;0;0;0;0;0;0;1;0;0;-38,553475;-3,784520;;;
260264;24;1;2015;23:03;0;AV EDILSON B SOARES;;;;;Colisão;;;;Meio de Quadra;;;0;1;1;1;0;0;0;0;0;1;0;0;-38,479547;-3,789371;;;
260265;24;1;2015;23:07;0;RUA HOLANDA;;;;;Colisão;;;;Meio de Quadra;;;0;1;1;1;0;0;0;0;0;1;0;0;-38,558788;-3,804815;;;
260257;24;1;2015;20:32;0;RUA 860 CJ CEARA;;;;;Atropelamento;;;;Meio de Quadra;;;0;1;1;0;0;0;0;0;0;1;0;0;;;;;
260258;24;1;2015;20:50;0;RUA TRES CORACOES;;;;;Queda;;;;Meio de Quadra;;;0;1;0;0;0;0;0;0;0;1;0;0;;;;;
260192;24;1;2015;00:15;0;RUA MARIA JULIA;;;;;Colisão;;;;Meio de Quadra;;;0;2;0;0;0;0;0;0;0;1;0;0;;;;;
260193;24;1;2015;01:45;0;AV GODOFREDO MACIEL;;;;;;;;;Meio de Quadra;;;0;1;1;1;0;0;0;0;0;1;0;0;;;;;
260200;24;1;2015;06:09;0;AV EDUARDO GIRAO;;;;;Colisão;Luz do Dia;;;Meio de Quadra;;;0;1;1;0;0;0;0;0;0;0;0;0;;;;;
260201;24;1;2015;06:57;0;AV JOSE BASTOS;;;;;Colisão;Luz do Dia;;;Meio de Quadra;;;0;1;1;0;0;0;0;0;0;0;0;0;;;;;
260202;24;1;2015;07:22;0;RUA RAUL CABRAL;;;;;Atropelamento;Luz do Dia;;;Meio de Quadra;;;0;2;0;0;0;0;0;0;0;1;0;0;-38,546067;-3,768019;;;
260196;24;1;2015;04:50;0;AV GODOFREDO MACIEL;;;;;Queda;;;;Meio de Quadra;;;0;1;0;0;0;0;0;0;0;1;0;0;;;;;
260225;24;1;2015;07:59;0;RD BR 116;;;3000;KM-03;Atropelamento;Luz do Dia;;;Meio de Quadra;;;0;2;0;0;0;0;0;0;0;1;0;0;-38,514372;-3,779838;;;
260227;24;1;2015;09:28;17389;RUA ISAIE BORIS;RUA IRM BAZET;;;;Colisão;Luz do Dia;;;;Pare;Comercial;0;2;0;1;0;0;0;0;0;1;0;0;-38,548585;-3,767093;;;
260229;24;1;2015;12:00;12835;RUA SOLON PINHEIRO;AV DOMINGOS OLIMPIO;;;;Colisão;Luz do Dia;;;Cruz;Semáforo;Comercial;0;0;2;0;0;0;0;0;0;0;0;0;-38,528650;-3,737409;;;
260232;24;1;2015;13:52;0;AV AUGUSTO DOS ANJOS;;;;;Colisão;Luz do Dia;;;Meio de Quadra;;;0;2;0;0;0;0;0;0;0;1;0;0;-38,571396;-3,771565;;;
260236;24;1;2015;15:50;0;RUA TEN MOACIR MATOS;;;406;;Colisão;Luz do Dia;;;Meio de Quadra;;;0;1;1;1;0;0;0;0;0;1;0;0;-38,555161;-3,765493;;;
248209;24;1;2015;08:00;0;AV JOSE BASTOS;;;4400;CENTER BOX;Colisão Lateral;Luz do Dia;Bom;Seca;Meio de Quadra;Não Há Controle;Residencial;0;1;1;0;1;0;0;0;0;1;0;0;-38,555754;-3,755265;;;
248210;24;1;2015;09:30;5324;RUA GAL SAMPAIO;RUA PEDRO I;;;;Colisão Traseira;Luz do Dia;Bom;Seca;Cruz;Semáforo Danificado;Comercial;0;0;2;1;0;0;0;0;0;0;0;0;-38,531758;-3,730182;;;
248212;24;1;2015;07:45;21983;RUA GAL BERNARDO FIGUEIREDO;RUA TIRADENTES;;;;Colisão Transversal;Luz do Dia;Bom;Seca;Duplo T;Pare;Residencial;0;2;1;1;0;0;0;0;0;1;0;0;-38,551719;-3,739647;;;
248214;24;1;2015;14:30;0;AV CARAPINIMA;;;2600;;Colisão Lateral;Luz do Dia;Bom;Seca;Meio de Quadra;Não Há Controle;Residencial;0;0;2;1;0;0;0;0;0;0;0;0;-38,542017;-3,741779;;;
248215;24;1;2015;13:40;0;AV PRS COSTA E SILVA;;;;;Colisão Traseira;Luz do Dia;Bom;Seca;Meio de Quadra;Não Há Controle;Residencial;0;1;1;1;0;0;0;0;1;0;0;0;;;;;
248216;24;1;2015;11:33;5198;RUA GAL SAMPAIO;RUA GUILHERME ROCHA;;;;Colisão Traseira;Luz do Dia;Bom;Seca;T;Pare;Comercial;0;0;2;1;0;0;0;0;0;0;0;0;-38,530580;-3,726147;;;
248218;24;1;2015;06:00;0;AV EDUARDO GIRAO;;;;;Choque c/ Obstáculo Fixo;Luz do Dia;Bom;Seca;Meio de Quadra;Não Há Controle;Residencial;0;1;0;1;0;0;0;0;0;0;0;0;;;;;
248222;25;1;2015;17:30;0;RUA CON PINTO MENDONCA;;;;;Colisão;Luz do Dia;Bom;Seca;Meio de Quadra;Não Há Controle;Residencial;0;0;2;1;0;0;0;0;0;0;0;0;;;;;
248223;25;1;2015;23:45;0;AV JOAO DE ARAUJO LIMA;;;1478;;Colisão Lateral;Via Iluminada;Bom;Seca;Outros;Outros;Comercial;0;1;1;0;1;0;0;0;0;1;0;0;-38,560894;-3,834365;;;
248217;25;1;2015;13:00;16672;AV 1 LOT ARVOREDO;RUA IPAUMIRIM D72;;;;Colisão Transversal;Luz do Dia;Nublado;Seca;Cruz;Não Há Controle;Comercial;0;1;0;0;0;0;0;0;0;1;0;0;-38,570619;-3,827291;;;
248213;25;1;2015;16:40;19603;RUA NEREU RAMOS;RUA BELO VALE;;;;Colisão;Luz do Dia;Bom;Seca;T;Não Há Controle;Comercial;0;2;1;1;0;0;0;0;0;1;0;0;-38,568730;-3,786554;;;
248211;25;1;2015;15:00;0;RUA ESPIRITO SANTO;;;812;;Colisão Traseira;Luz do Dia;Bom;Seca;Meio de Quadra;Não Há Controle;Residencial;0;2;1;1;0;0;0;0;0;1;0;0;-38,569576;-3,755141;;;
248227;25;1;2015;20:20;0;RUA PEDRO DANTAS;;;1015;;Colisão;Anoitecer;Bom;Seca;Meio de Quadra;Não Há Controle;Residencial;0;2;1;0;0;1;0;0;0;0;0;0;-38,526794;-3,785035;;;
248228;25;1;2015;16:20;0;AV DOMINGOS OLIMPIO;;;247;;Colisão Traseira;Luz do Dia;Bom;Seca;Meio de Quadra;Semáforo;Comercial;0;0;2;1;0;0;0;0;0;0;0;0;-38,527167;-3,737804;;;
248229;25;1;2015;18:30;0;AV 13 DE MAIO;;;1485;;Colisão Traseira;Amanhecer;Bom;Seca;Meio de Quadra;Não Há Controle;Residencial;0;1;2;1;0;1;0;0;0;0;0;0;-38,531557;-3,747420;;;
248231;25;1;2015;20:37;0;AV PRS JUSCELINO KUBITSCHEK (PASSARÉ);;;5213;;Choque c/ Obstáculo Fixo;Via Iluminada;Bom;Seca;Meio de Quadra;Não Há Controle;Comercial;0;1;0;1;0;0;0;0;0;0;0;0;-38,535799;-3,822044;;;
248232;25;1;2015;18:30;5107;AV MON TABOSA;RUA SEN ALMINO;;;;Colisão Transversal;Via Iluminada;Bom;Seca;Cruz;Pare;Comercial;0;1;1;1;0;0;0;0;0;1;0;0;-38,518035;-3,723661;;;
248234;25;1;2015;08:30;1716;AV GOV RAUL BARBOSA;AV GAL MURILO BORGES;;;;Colisão Traseira;Luz do Dia;Bom;Seca;Cruz;Semáforo;Residencial;0;0;2;1;0;0;0;0;0;0;0;0;-38,508802;-3,763977;;;
248235;25;1;2015;15:30;0;AV EDUARDO GIRAO;;;510;;Engavetamento;Anoitecer;Bom;Seca;Meio de Quadra;Não Há Controle;Residencial;0;0;3;1;0;0;1;0;0;0;0;0;;;;;
248237;25;1;2015;;13564;RUA CAP GUSTAVO;RUA CASTRO ALVES;;;;Colisão Lateral;Via Iluminada;Bom;Seca;Cruz;Pare;Comercial;0;0;2;1;0;0;0;0;0;0;0;0;-38,517747;-3,749887;;;
248238;25;1;2015;20:23;0;RUA LUIS VIEIRA;;;360;;Choque c/ Obstáculo Fixo;;Bom;Seca;Meio de Quadra;Não Há Controle;Residencial;0;1;0;1;0;0;0;0;0;0;0;0;-38,586915;-3,795221;;;
260266;25;1;2015;00:39;0;RUA OSCAR ARARIPE;;;;;Colisão;;;;Meio de Quadra;;;0;0;2;0;0;0;0;0;0;0;0;0;;;;;
260273;25;1;2015;00:47;0;AV JOR THOMAZ COELHO;;;;;Atropelamento;;;;Meio de Quadra;;;0;2;0;0;0;0;0;0;0;1;0;0;-38,500136;-3,832385;;;
260274;25;1;2015;03:21;0;AV MR HULL;;;;;Queda;;;;Meio de Quadra;;;0;1;0;0;0;0;0;0;0;1;0;0;-38,571208;-3,736889;;;
260275;25;1;2015;05:34;0;AV GODOFREDO MACIEL;;;;;Queda;Amanhecer;;;Meio de Quadra;;;0;1;0;0;0;0;0;0;0;1;0;0;-38,576140;-3,818755;;;
260276;25;1;2015;06:53;0;AV PERIMETRAL;;;;;Colisão;Luz do Dia;;;Meio de Quadra;;;0;0;2;0;0;0;0;0;0;0;0;0;;;;;
260277;25;1;2015;08:05;0;RUA JOSE MENDONCA;;;;;Colisão;Luz do Dia;;;Meio de Quadra;;;0;1;1;1;0;0;0;0;0;1;0;0;;;;;
260278;25;1;2015;08:18;0;RUA BETEL;;;;;Atropelamento;Luz do Dia;;;Meio de Quadra;;;0;1;1;0;0;0;0;0;0;1;0;0;;;;;
260279;25;1;2015;08:20;0;RUA HIPOLITO PAMPLONA;;;;;Colisão;Luz do Dia;;;Meio de Quadra;;;0;1;1;0;0;0;0;0;0;0;0;0;-38,596303;-3,743777;;;
260280;25;1;2015;09:29;0;AV SEN CARLOS JEREISSATI (AEROPORTO);;;;;Colisão;Luz do Dia;;;Meio de Quadra;;;0;1;1;0;0;0;0;0;0;0;0;0;;;;;
260281;25;1;2015;10:02;0;AV PDE ANTONIO TOMAS;;;;;Queda;Luz do Dia;;;Meio de Quadra;;;0;1;0;0;0;1;0;0;0;0;0;0;;;;;
260282;25;1;2015;11:41;0;AV PERIMETRAL;;;;;Colisão;Luz do Dia;;;Meio de Quadra;;;0;1;1;1;0;0;0;0;0;1;0;0;;;;;
260287;25;1;2015;15:15;0;RUA TEN JOSE BARREIRA;;;;;Queda;Luz do Dia;;;Meio de Quadra;;;0;1;0;0;0;0;0;0;0;1;0;0;;;;;
260288;25;1;2015;16:07;12496;AV CARNEIRO DE MENDONCA;AV LINEU MACHADO;;;;Colisão;Luz do Dia;;;T;Semáforo;Comercial;0;1;1;1;0;0;0;0;0;1;0;0;-38,574021;-3,760403;;;
260289;25;1;2015;17:06;25170;AV LINEU MACHADO;RUA PRO EDGAR DE ARRUDA;;;;Colisão;Anoitecer;;;Cruz;Pare;Misto;0;1;1;0;0;0;0;0;0;1;0;0;-38,575480;-3,763209;;;
260290;25;1;2015;20:26;0;RUA MAL BITENCOURT;;;;;Atropelamento;;;;Meio de Quadra;;;0;1;1;0;0;0;0;0;0;0;0;0;;;;;
260291;25;1;2015;21:32;0;AV PERIMETRAL;;;;;Colisão;;;;Meio de Quadra;;;0;1;1;1;0;0;0;0;0;1;0;0;;;;;
260292;25;1;2015;23:48;0;AV CASTELO DE CASTRO;;;;;Colisão;;;;Meio de Quadra;;;0;2;0;0;1;0;0;0;0;0;0;0;;;;;
260271;25;1;2015;00:43;24943;AV ALM HENRIQUE SABOIA;AV ABOLICAO;;;;Colisão;;;;T;Semáforo;Comercial;0;1;1;0;0;0;0;0;0;0;0;0;-38,479798;-3,722615;;;
260284;25;1;2015;12:45;0;AV D CJ ESPERANCA;;;;;Colisão;Luz do Dia;;;Meio de Quadra;;;0;1;1;1;0;0;0;0;0;1;0;0;-38,587593;-3,816589;;;
260285;25;1;2015;13:19;0;AV RAD JOSE LIMA VERDE;;;;;Colisão;Luz do Dia;;;Meio de Quadra;;;0;2;0;0;0;0;0;0;0;1;0;0;-38,587235;-3,698971;;;
257096;25;1;2015;15:30;0;AV MOZART PINHEIRO DE LUCENA;;;2575;;Atropelamento;Luz do Dia;;;Meio de Quadra;;;1;0;1;1;0;0;0;0;0;0;0;0;-38,598078;-3,726619;;;
274271;25;1;2015;20:40;1424;RUA CARLOS VASCONCELOS;AV HERACLITO GRACA;;;;Colisão Lateral;Via Iluminada;Bom;Seca;Cruz;Semáforo;Comercial;0;0;2;1;0;0;1;0;0;0;0;0;-38,512285;-3,737590;;;
274315;25;1;2015;14:00;3859;AV DA UNIVERSIDADE;RUA JUVENAL GALENO;;;;Colisão Transversal;Luz do Dia;Bom;Seca;Cruz;Semáforo;Comercial;0;0;2;1;0;0;0;0;0;0;0;0;-38,538143;-3,739893;;;
259113;25;1;2015;13:00;0;RD CE-025;;;;KM-02;Colisão;Luz do Dia;;Seca;Meio de Quadra;;;0;0;2;0;0;0;0;0;0;1;0;0;-38,460957;-3,807584;;;
263326;25;1;2015;01:05;1496;RUA ILDEFONSO ALBANO;RUA PDE VALDEVINO;;;;Colisão;;;;Cruz;Semáforo;Comercial;0;0;2;0;0;0;0;0;0;0;0;0;-38,515423;-3,739573;;;
263327;25;1;2015;04:06;0;AV GOV RAUL BARBOSA;;;4240;;Choque c/ Obstáculo Fixo;;;;Meio de Quadra;;;0;0;1;0;0;0;0;0;0;0;0;0;-38,507477;-3,761579;;;
263328;25;1;2015;09:12;0;RUA VICENTE CELESTINO;;;1040;;Colisão;Luz do Dia;;;Meio de Quadra;;;0;0;2;0;0;0;0;0;0;0;0;0;-38,595622;-3,821713;;;
263329;25;1;2015;14:49;0;AV TRAJANO DE MEDEIROS;;;80;;Colisão;Luz do Dia;;;Meio de Quadra;;;0;0;2;0;0;0;0;0;0;0;0;0;;;;;
263330;25;1;2015;16:11;0;AV LINEU MACHADO;;;1230;;Colisão;Luz do Dia;;;Meio de Quadra;;;0;0;2;0;0;0;0;0;0;0;0;0;-38,579315;-3,770489;;;
263331;25;1;2015;18:25;0;RUA BAR AQUIRAZ;;;;;Colisão;Anoitecer;;;Meio de Quadra;;;0;0;2;0;0;0;0;0;0;0;0;0;;;;;
263332;25;1;2015;18:27;0;RUA VALPARAISO;;;2010;;Colisão;Anoitecer;;;Meio de Quadra;;;0;0;2;0;0;0;0;0;0;0;0;0;-38,519878;-3,846396;;;
263333;25;1;2015;19:42;3263;RUA POMAR CARIOCA;AV PERIMETRAL;;;;Colisão;;;;Cruz;Outros;Residencial;0;0;2;0;0;0;0;0;0;0;0;0;-38,589809;-3,784820;;;
263334;25;1;2015;20:25;21293;RUA NOSSA SRA DAS GRACAS;RUA ALVARO DE ALENCAR;;;;Atropelamento;;;;Cruz;Não Há Controle;Residencial;0;0;2;0;0;0;0;0;0;0;0;0;-38,556571;-3,709334;;;
263335;25;1;2015;20:49;0;RUA JOAQUIM MOREIRA D36;;;183;;Colisão;;;;Meio de Quadra;;;0;0;2;0;0;0;0;0;0;0;0;0;;;;;
263336;25;1;2015;23:04;0;RUA DR FERNANDO AUGUSTO;;;1344;;Choque c/ Obstáculo Fixo;;;;Meio de Quadra;;;0;0;1;0;0;0;0;0;0;0;0;0;-38,604556;-3,792586;;;
263337;25;1;2015;23:13;0;RUA ISABEL MAIA ALENCAR;;;;;Choque c/ Obstáculo Fixo;;;;Meio de Quadra;;;0;0;1;0;0;0;0;0;0;0;0;0;;;;;
259170;25;1;2015;15:30;3121;AV LINEU MACHADO;RUA MARIA QUINTELA;;;;Colisão;Luz do Dia;;;;;;0;0;2;1;1;0;0;0;0;0;0;0;-38,583045;-3,777615;;;
253337;25;1;2015;21:30;0;RD BR 116;;;16000;KM-16;Choque c/ Obstáculo Fixo;Via Iluminada;Bom;Seca;Meio de Quadra;Não Há Controle;Comercial;0;0;1;0;0;0;1;0;0;0;0;0;;;;;
248208;25;1;2015;14:00;0;AV DIOGUINHO;;;5532;;Colisão Transversal;Luz do Dia;Bom;Seca;Meio de Quadra;Não Há Controle;Misto;0;0;2;1;0;0;0;0;0;0;0;0;-38,443934;-3,760063;;;
256971;25;1;2015;08:25;0;AV MON HELIO CAMPOS D22;;;381;;Colisão Lateral;Luz do Dia;;;Meio de Quadra;;;0;1;0;1;0;0;0;0;0;0;0;0;-38,566181;-3,704667;;;
254268;25;1;2015;09:52;0;RUA DR JOAQUIM BENTO;;;863;;Colisão;Luz do Dia;;;Meio de Quadra;;;0;0;2;1;0;0;0;0;0;0;0;0;-38,483679;-3,828302;;;
254236;26;1;2015;00:11;0;AV MR HULL;;;5444;;Colisão;;;;Meio de Quadra;;;0;0;2;1;0;0;0;0;0;0;0;0;-38,593126;-3,739892;;;
259871;26;1;2015;00:47;0;AV DEP PAULINO ROCHA;;;2604;;Colisão;;;;Meio de Quadra;;;0;0;2;0;1;0;0;0;0;1;0;0;-38,519572;-3,810095;;;
256975;26;1;2015;19:11;11160;RUA SUECIA;RUA JOSE MENELEU D41;;;;;;;;Cruz;Pare;Residencial;0;1;0;0;1;0;0;0;0;0;0;0;-38,559334;-3,782586;;;
253322;26;1;2015;08:00;0;RD BR 116;;;16000;KM-16;Colisão Traseira;Luz do Dia;Bom;Seca;Meio de Quadra;Não Há Controle;Comercial;0;0;2;0;0;0;1;0;0;0;0;0;;;;;
253312;26;1;2015;10:30;0;RD BR 116;;;5000;KM-05;Colisão Traseira;Luz do Dia;Bom;Seca;Meio de Quadra;Não Há Controle;;0;0;2;1;0;0;1;0;0;0;0;0;-38,506787;-3,796502;;;
253306;26;1;2015;08:35;0;RD BR 116;;;5000;KM-05;Colisão Traseira;Luz do Dia;Bom;Seca;Meio de Quadra;Não Há Controle;Comercial;0;0;2;1;0;0;0;0;0;0;0;0;-38,506787;-3,796502;;;
253275;26;1;2015;17:12;0;RD BR 116;;;14000;KM-14;Colisão Traseira;Anoitecer;Bom;Seca;Meio de Quadra;Não Há Controle;Comercial;0;0;3;1;0;0;0;0;0;0;0;0;-38,499242;-3,873523;;;
259184;26;1;2015;23:07;0;RUA MARIA GOMES DE SA;;;1995;;Colisão;;;;Meio de Quadra;;;0;0;2;1;1;0;0;0;0;0;0;0;-38,585504;-3,821552;;;
259176;26;1;2015;09:02;0;RUA ALVARES CABRAL;;;1125;;Colisão;Luz do Dia;;;Meio de Quadra;;;0;0;2;1;0;0;1;0;0;0;0;0;;;;;
259178;26;1;2015;11:59;0;RUA ESTEVAO DE CAMPOS;;;;;Colisão;Luz do Dia;;;;;;0;0;2;1;0;0;1;0;0;0;0;0;;;;;
259180;26;1;2015;16:59;0;AV PRS JUSCELINO KUBITSCHEK (PASSARÉ);;;;;Colisão;Luz do Dia;;;Meio de Quadra;;;0;0;2;1;0;0;1;0;0;0;0;0;;;;;
263338;26;1;2015;11:04;0;AV OLIVEIRA PAIVA;;;;;Colisão;Luz do Dia;;;Meio de Quadra;;;0;0;2;0;0;0;0;0;0;0;0;0;;;;;
263339;26;1;2015;16:48;0;RUA PDE PERDIGAO SAMPAIO;;;466;;Colisão;Luz do Dia;;;Meio de Quadra;;;0;0;2;0;0;0;0;0;0;0;0;0;-38,594602;-3,740326;;;
263340;26;1;2015;17:57;0;AV N CJ JOSE WALTER;;;941;;Colisão;Anoitecer;;;Meio de Quadra;;;0;0;2;0;0;0;0;0;0;0;0;0;-38,559991;-3,830222;;;
263341;26;1;2015;18:51;0;AV CARAPINIMA;;;1676;;Colisão;;;;Meio de Quadra;;;0;0;2;0;0;0;0;0;0;0;0;0;-38,536814;-3,736689;;;
263342;26;1;2015;18:58;23514;RUA CAP MELO;RUA ANA GONCALVES;;;;Colisão;;;;Cruz;Pare;Residencial;0;0;2;0;0;0;0;0;0;0;0;0;-38,512491;-3,759519;;;