COD_ACIDENTE;DIA;MES;ANO;HORA;INTERSECAO;LOG1;LOG2;LOG3;NUMERO;REFERENCIA;NATUREZA;ILUMINACAO;TEMPO;SUPERFICIEPISTA;TIPOCRUZAMENTO;CONTROLETRAFEGO;USOSOLO;MORTOS;FERIDOS;ILESOS;AUTOMOVEL;ONIBUS;BICICLETA;CAMINHAO;MICROONIBUS;CICLOMOTOR;MOTOCICLETA;TRACAOANIMAL;TREM;LONG;LAT;;;
263343;26;1;2015;20:24;17419;RUA PRO TEODORICO;RUA EUZEBIO DE QUEIROS;;;;Colisão;;;;Cruz;Pare;Comercial;0;0;2;0;0;0;0;0;0;0;0;0;-38,554679;-3,768327;;;
259115;26;1;2015;13:00;0;RD CE-040;;;;KM-03;Colisão Traseira;Luz do Dia;;Seca;Meio de Quadra;;;0;0;2;1;0;0;0;0;0;0;0;0;-38,481014;-3,783185;;;
259116;26;1;2015;11:50;0;RD CE-060;;;;KM-03;Colisão Transversal;Luz do Dia;;Seca;Meio de Quadra;;;0;1;1;1;0;0;0;0;0;1;0;0;-38,582776;-3,836637;;;
274385;26;1;2015;16:00;5352;AV DOM MANUEL;RUA PINTO MADEIRA;;;;Colisão Transversal;Luz do Dia;Bom;Seca;Cruz;Semáforo;Misto;0;0;2;1;0;0;0;0;0;0;0;0;;;;;
260295;26;1;2015;00:52;0;AV DEP PAULINO ROCHA;;;;;Colisão;;;;Meio de Quadra;;;0;1;1;1;0;0;0;0;0;1;0;0;;;;;
260296;26;1;2015;02:40;0;AV PRS COSTA E SILVA;;;;;Colisão;;;;Meio de Quadra;;;0;1;1;1;0;0;0;0;0;1;0;0;;;;;
260297;26;1;2015;05:25;0;RUA JOSE HIPOLITO;;;;;Colisão;Amanhecer;;;Meio de Quadra;;;0;0;2;0;0;0;0;0;0;0;0;0;;;;;
260298;26;1;2015;07:29;0;RUA JORGE DUMAR;;;;;Atropelamento;Luz do Dia;;;Meio de Quadra;;;0;1;1;1;0;0;0;0;0;0;0;0;;;;;
260301;26;1;2015;11:14;0;RUA CAP BRASIL;;;;;Colisão;Luz do Dia;;;Meio de Quadra;;;0;1;1;1;0;0;0;0;0;1;0;0;-38,586336;-3,737055;;;
260303;26;1;2015;12:50;0;RUA VALPARAISO;;;;;Colisão;Luz do Dia;;;Meio de Quadra;;;0;1;1;1;0;0;0;0;0;1;0;0;-38,530423;-3,840397;;;
260304;26;1;2015;15:31;0;AV HIS RAIMUNDO GIRAO;;;;;Colisão;Luz do Dia;;;Meio de Quadra;;;0;1;1;1;0;0;0;0;0;1;0;0;-38,504321;-3,724056;;;
260306;26;1;2015;15:50;0;RUA HUGO VITOR;;;;;Colisão;Luz do Dia;;;Meio de Quadra;;;0;1;1;1;0;0;0;0;0;1;0;0;-38,591469;-3,740645;;;
260307;26;1;2015;16:01;0;AV OLIVEIRA PAIVA;;;;;Colisão;Luz do Dia;;;Meio de Quadra;;;0;0;2;0;0;0;0;0;0;0;0;0;;;;;
260312;26;1;2015;16:24;19787;RUA PDE GUERRA;RUA DOM LINO;;;;Colisão;Luz do Dia;;;Cruz;Pare;Residencial;0;1;1;1;0;0;0;0;0;1;0;0;-38,556643;-3,738718;;;
260316;26;1;2015;21:25;0;AV PERIMETRAL;;;;;Queda;;;;Meio de Quadra;;;0;1;0;0;0;0;0;0;0;1;0;0;;;;;
257163;26;1;2015;10:30;0;AV CEL CARVALHO;;;125;;Colisão;Luz do Dia;;;Meio de Quadra;;;0;1;0;1;0;0;0;0;0;1;0;0;-38,591396;-3,704062;;;
248239;26;1;2015;16:00;0;RUA DOS PRACINHAS;;;839;;Colisão Lateral;Luz do Dia;Bom;Seca;Meio de Quadra;Semáforo;Residencial;0;0;2;1;0;0;1;0;0;0;0;0;-38,541899;-3,737317;;;
248241;26;1;2015;20:30;0;RUA OSCAR FRANCA;;;;;Colisão Lateral;Via Iluminada;Bom;Seca;Meio de Quadra;Não Há Controle;Residencial;0;0;2;1;0;0;0;0;0;0;0;0;;;;;
248244;26;1;2015;00:15;0;RUA BERNARDO MANUEL;;;9940;;Colisão Lateral;Via Iluminada;Bom;Seca;Meio de Quadra;Pare;Residencial;0;0;2;1;0;0;0;0;0;1;0;0;-38,553041;-3,804150;;;
248236;26;1;2015;17:00;15310;AV BAR STUDART;RUA EDGAR DAMASCENO;;;;;Anoitecer;Bom;Seca;T;Pare;Comercial;0;1;2;1;0;0;0;0;0;1;0;0;-38,505124;-3,730068;;;
248233;26;1;2015;10:15;2442;RUA MAL NAPION;RUA CANDIDO CASTELO BRANCO;;;;Colisão Transversal;Luz do Dia;Bom;Seca;Cruz;Não Há Controle;Residencial;0;1;1;1;0;0;0;0;0;1;0;0;-38,582803;-3,706942;;;
248230;26;1;2015;16:00;0;AV AGUANAMBI;;;252;;Engavetamento;Luz do Dia;Bom;Seca;Meio de Quadra;Semáforo;Comercial;0;1;2;1;0;0;0;0;0;1;0;0;-38,524645;-3,738763;;;
248224;26;1;2015;17:30;9190;AV 13 DE MAIO;RUA CAMPO AMOR ROCHA;;;;Colisão Transversal;Anoitecer;Bom;Seca;T;Pare;Residencial;0;0;2;1;0;0;0;0;0;0;0;0;-38,524600;-3,753375;;;
248225;26;1;2015;01:30;20129;AV DEP PAULINO ROCHA;RUA POMPILIO GOMES;;;;Colisão Transversal;Via Iluminada;Bom;Seca;T;Pare;Comercial;0;1;1;0;0;0;0;0;0;1;0;0;-38,519652;-3,810076;;;
248226;26;1;2015;11:30;11851;AV FRANCISCO SA;RUA DNA MAROQUINHA;;;;Colisão Transversal;Luz do Dia;Bom;Seca;T;Pare;Comercial;0;1;1;1;0;0;0;0;0;0;0;0;-38,546177;-3,721080;;;
248219;26;1;2015;09:30;0;AV AGUANAMBI;;;;ROTATÓRIA;Colisão Lateral Sentido Oposto;Luz do Dia;Bom;Seca;Meio de Quadra;Semáforo;Comercial;0;0;2;1;0;0;1;0;0;0;0;0;-38,523043;-3,755538;;;
248220;26;1;2015;21:00;0;RUA EDUARDO PERDIGAO;;;62;CENTRO ESPORTIVO;;Via Iluminada;Bom;Seca;Outros;Dê Preferência;Comercial;0;0;2;1;0;0;0;0;0;0;0;0;-38,565738;-3,774471;;;
248221;26;1;2015;13:15;246;AV JOVITA FEITOSA;RUA DOM LINO;;;;Colisão Lateral;Luz do Dia;Bom;Seca;Cruz;Semáforo;Comercial;0;0;2;1;0;0;1;0;0;0;0;0;-38,556413;-3,739850;;;
248246;26;1;2015;09:30;0;AV PRS COSTA E SILVA;;;3601;;Colisão Traseira;Luz do Dia;Bom;Seca;Meio de Quadra;Não Há Controle;Residencial;0;0;2;1;1;0;0;0;0;0;0;0;-38,548554;-3,823879;;;
248248;26;1;2015;07:50;7887;AV DES MOREIRA;RUA ASSIS CHATEAUBRIAND;;;;Colisão Transversal;Luz do Dia;Bom;Seca;T;Pare;Comercial;0;0;3;1;0;0;0;0;0;0;0;0;-38,501697;-3,746685;;;
248251;26;1;2015;12:00;13396;RUA BAR ARACATI;RUA JOAO BRIGIDO;;;;Colisão Transversal;Luz do Dia;Bom;Seca;Cruz;Pare;Residencial;0;1;3;1;0;0;0;0;0;0;0;0;-38,514697;-3,740939;;;
248254;26;1;2015;13:50;15334;RUA CANUTO DE AGUIAR;RUA VICENTE LEITE;;;;Colisão Lateral;Luz do Dia;Bom;Seca;Cruz;Pare;Residencial;0;0;2;1;0;0;0;0;0;0;0;0;-38,493529;-3,731247;;;
248258;26;1;2015;12:40;0;AV ABOLICAO;;;3877;;Colisão Transversal;Luz do Dia;Bom;Seca;Meio de Quadra;Pare;Residencial;0;0;2;1;1;0;0;0;0;0;0;0;-38,483509;-3,725074;;;
248259;26;1;2015;14:50;5307;AV DUQ CAXIAS;RUA PRC ISABEL;;;;Colisão Lateral;Luz do Dia;Bom;Seca;Cruz;Semáforo;Comercial;0;1;1;1;0;0;0;0;0;1;0;0;-38,536407;-3,729687;;;
248260;26;1;2015;12:50;0;RUA NUNES VALENTE;;;894;;Colisão Lateral;Luz do Dia;Bom;Seca;Meio de Quadra;Não Há Controle;Residencial;0;0;2;1;1;0;0;0;0;0;0;0;-38,502404;-3,732088;;;
248261;26;1;2015;12:45;5269;RUA PDE IBIAPINA;AV DUQ CAXIAS;;;;Colisão Transversal;Luz do Dia;Bom;Seca;Cruz;Semáforo;Comercial;0;0;3;1;0;0;0;0;0;0;0;0;-38,540226;-3,728446;;;
248262;26;1;2015;21:05;15170;AV ABOLICAO;RUA JOSE VILAR;;;;Colisão Transversal;Via Iluminada;Bom;Seca;Cruz;Pare;Residencial;0;1;1;0;0;0;0;0;0;1;0;0;-38,501373;-3,725435;;;
248263;26;1;2015;06:50;0;AV JOAO PESSOA;;;4974;;Atropelamento;Luz do Dia;Bom;Seca;Meio de Quadra;Não Há Controle;Comercial;1;0;1;0;1;0;0;0;0;0;0;0;-38,552098;-3,755381;;;
248264;26;1;2015;13:30;0;AV DUQ CAXIAS;;;1529;;Colisão Traseira;Via Iluminada;Bom;Seca;Meio de Quadra;Não Há Controle;Comercial;0;0;2;1;0;0;0;0;0;0;0;0;-38,537767;-3,729239;;;
248256;26;1;2015;15:30;7862;AV ANTONIO SALES;RUA PRO DIAS DA ROCHA;;;;Colisão Transversal;Luz do Dia;Bom;Seca;Cruz;Pare;Comercial;0;0;3;1;0;0;0;0;0;0;0;0;-38,495535;-3,747586;;;
248266;26;1;2015;13:50;0;RUA BERNARDO MANUEL;;;8259;;;Luz do Dia;Bom;Seca;Meio de Quadra;Não Há Controle;Comercial;0;0;3;1;0;0;0;0;0;1;0;0;-38,549248;-3,791601;;;
248268;26;1;2015;16:40;0;AV DEP PAULINO ROCHA;;;1637;;;Luz do Dia;Bom;Seca;Meio de Quadra;Não Há Controle;Comercial;0;1;1;0;1;0;0;0;0;1;0;0;-38,511115;-3,811617;;;
248270;26;1;2015;06:50;9602;RUA VITAL BRASIL;RUA JOSE TORRES;;;;Choque c/ Obstáculo Fixo;Luz do Dia;Bom;Seca;Cruz;Pare;Comercial;0;1;0;0;0;0;0;0;0;0;0;0;-38,606089;-3,775727;;;
248271;26;1;2015;17:00;0;AV ANTONIO SALES;;;1410;;Colisão Transversal;Luz do Dia;Bom;Seca;Meio de Quadra;Semáforo;Comercial;0;0;2;1;0;0;0;0;0;0;0;0;;;;;
248273;26;1;2015;19:00;15238;RUA BAR ARACATI;RUA TEN BENEVOLO;;;;Colisão Traseira;Via Iluminada;Bom;Seca;Cruz;Não Há Controle;Comercial;0;0;2;1;0;0;0;0;0;0;0;0;-38,510266;-3,727628;;;
248274;26;1;2015;21:00;0;RUA EDUARDO PERDIGAO;;;62;CENTRO ESPORTIVO;Colisão Traseira;Via Iluminada;Bom;Seca;Meio de Quadra;Dê Preferência;Comercial;0;0;2;1;0;0;0;0;0;0;0;0;-38,565738;-3,774471;;;
248275;26;1;2015;08:30;0;RUA STA FILOMENA;;;150;;Colisão Traseira;Luz do Dia;Bom;Seca;Meio de Quadra;Não Há Controle;Residencial;0;0;3;1;0;0;1;0;0;0;0;0;;;;;
248279;26;1;2015;18:15;22951;RUA DR JUSTA ARAUJO D45;AV DR SILAS MUNGUBA;;;;Atropelamento;Via Iluminada;Bom;Seca;Cruz;Semáforo;Misto;0;1;1;1;0;0;0;0;0;0;0;0;-38,553426;-3,784586;;;
248280;26;1;2015;14:43;0;AV AGUANAMBI;;;1324;;Atropelamento;Luz do Dia;Bom;Seca;Meio de Quadra;Não Há Controle;Comercial;0;2;0;0;0;0;0;0;0;1;0;0;-38,524225;-3,748257;;;
248283;26;1;2015;11:40;5413;RUA GAL SAMPAIO;RUA METON DE ALENCAR;;;;Colisão Lateral;Luz do Dia;;;Cruz;Semáforo;Comercial;0;0;2;0;0;0;0;0;0;0;0;0;-38,532600;-3,733033;;;
248284;26;1;2015;16:10;5168;RUA JOAO CORDEIRO;RUA PDE CLIMERIO;;;;Colisão Traseira;Luz do Dia;Bom;Seca;Cruz;Pare;Comercial;0;0;2;1;0;0;0;0;0;0;0;0;-38,513034;-3,725241;;;
248277;26;1;2015;16:15;12925;AV AGUANAMBI;AV DOMINGOS OLIMPIO;;;;Colisão Traseira;Luz do Dia;Bom;Seca;Cruz;Semáforo;Comercial;0;0;2;1;0;0;0;0;0;0;0;0;-38,524628;-3,738683;;;
248278;27;1;2015;12:00;7888;AV DES MOREIRA;RUA TOMAS ACIOLI;;;;Colisão Traseira;;Nublado;Seca;Cruz;Semáforo;Comercial;0;0;2;1;0;0;0;0;0;0;0;0;-38,501963;-3,747526;;;
248287;27;1;2015;13:45;12849;RUA ASSUNCAO;RUA SALDANHA MARINHO;;;;Colisão Lateral;Luz do Dia;Bom;Seca;Cruz;Pare;Misto;0;0;2;1;0;0;0;0;0;0;0;0;-38,531231;-3,742314;;;
248285;27;1;2015;11:50;3953;RUA AQUIRAZ;RUA PEDRO MACHADO;;;;Colisão Lateral;Luz do Dia;Bom;Seca;Cruz;Pare;Misto;0;0;2;1;0;0;1;0;0;0;0;0;-38,546574;-3,757132;;;
248292;27;1;2015;08:45;23016;AV DR SILAS MUNGUBA;RUA PRA HELOISA F LIMA;;;;Colisão Traseira;Luz do Dia;Chuva;Molhada;Cruz;Semáforo Intermitente;Comercial;0;0;2;1;0;0;0;0;0;1;0;0;-38,545961;-3,788406;;;
248335;27;1;2015;15:30;13937;RUA VER PEDRO PAULO MOREIRA;RUA IEDA PEREIRA;;;;Colisão Transversal;Luz do Dia;Bom;Seca;Cruz;Pare;Comercial;0;0;2;1;0;0;0;0;0;0;0;0;-38,488151;-3,787070;;;
248337;27;1;2015;07:16;11836;RUA JACINTO MATOS;RUA MON DANTAS;;;;Colisão Transversal;Luz do Dia;Chuva;Seca;Cruz;Pare;Residencial;0;2;1;1;0;0;0;0;0;1;0;0;-38,546800;-3,719714;;;
248290;27;1;2015;16:00;2356;RUA ESTEVAO DE CAMPOS;RUA SEN ROBERT KENNEDY;;;;Colisão Transversal;Luz do Dia;Bom;Seca;Cruz;Pare;Residencial;0;1;1;1;0;0;0;0;0;1;0;0;-38,579516;-3,705131;;;
248330;27;1;2015;08:45;13771;RUA LUIZA MIRANDA COELHO;AV PINTO BANDEIRA D56;;;;Colisão Transversal;Luz do Dia;Bom;Seca;Cruz;Pare;Residencial;0;1;1;0;0;0;0;0;0;1;0;0;-38,487283;-3,774929;;;
248331;27;1;2015;07:05;1219;RUA COSTA BARROS;RUA JOAO CORDEIRO;;;;Colisão Transversal;Luz do Dia;Bom;Seca;Cruz;Semáforo;Residencial;0;1;1;1;0;0;0;0;0;1;0;0;-38,514331;-3,729449;;;
248332;27;1;2015;13:30;0;RUA ALBERTO MAGNO;;;1440;;Colisão Traseira;Luz do Dia;Bom;Seca;Meio de Quadra;Não Há Controle;Comercial;0;0;2;1;0;0;0;0;0;0;0;0;-38,551690;-3,766841;;;
248333;27;1;2015;19:10;0;AV PRS COSTA E SILVA;;;;;Colisão Traseira;Via Iluminada;Bom;Seca;Meio de Quadra;Gesto;Residencial;0;0;2;1;1;0;0;0;0;0;0;0;;;;;
248313;27;1;2015;12:40;1219;RUA COSTA BARROS;RUA JOAO CORDEIRO;;;;Colisão Traseira;Luz do Dia;Nublado;Seca;Cruz;Semáforo;Residencial;0;0;2;1;1;0;0;0;0;0;0;0;-38,514331;-3,729449;;;
248281;27;1;2015;15:45;0;AV SANTOS DUMONT;;;3371;;Engavetamento;Luz do Dia;Bom;Seca;Meio de Quadra;Não Há Controle;Comercial;0;1;2;1;0;0;0;0;0;1;0;0;-38,494671;-3,737398;;;
248282;27;1;2015;09:00;0;RUA BAR RIO BRANCO;;;;;;Luz do Dia;Bom;Seca;Meio de Quadra;;Misto;0;0;2;1;0;0;0;0;0;1;0;0;;;;;
248276;27;1;2015;08:00;3314;RUA 21 DE ABRIL D27;RUA CHILE;;;;Colisão Transversal;Luz do Dia;;Seca;Cruz;Pare;Residencial;0;0;2;1;0;0;0;0;0;0;0;0;-38,564765;-3,745698;;;
248269;27;1;2015;13:30;0;AV WENEFRIDO MELO;;;381;;Colisão Transversal;Luz do Dia;Bom;Seca;Meio de Quadra;Não Há Controle;Misto;0;2;0;1;0;0;0;0;0;1;0;0;-38,575476;-3,811098;;;
248267;27;1;2015;12:30;0;RUA ROMEU MARTINS;;;3831;;Colisão Transversal;Luz do Dia;Bom;Seca;Meio de Quadra;Gesto;Residencial;0;0;2;1;0;0;0;0;0;0;0;0;;;;;
248257;27;1;2015;14:42;0;AV ROGACIANO LEITE;;;2001;;Colisão Traseira;Luz do Dia;Bom;Seca;Meio de Quadra;Semáforo Intermitente;Comercial;0;0;2;1;0;0;0;0;0;0;0;0;-38,498551;-3,772065;;;
248265;27;1;2015;18:30;0;AV AGUANAMBI;;;;;Colisão Lateral;Via Iluminada;Bom;Seca;Outros;Não Há Controle;Comercial;0;0;2;1;1;0;0;0;0;0;0;0;;;;;
248255;27;1;2015;23:00;0;AV PRS COSTA E SILVA;;;;;Choque c/ Obstáculo Fixo;Via Iluminada;Bom;Seca;Meio de Quadra;Não Há Controle;Residencial;0;2;0;1;0;0;0;0;0;0;0;0;;;;;
248252;27;1;2015;16:05;0;RUA CON DE CASTRO;RUA EDUARDO PERDIGAO;;89;;Outros;Luz do Dia;Bom;Seca;;;;0;0;2;1;0;0;0;0;0;0;0;0;-38,564711;-3,775519;;;
248253;27;1;2015;15:40;0;RUA EDUARDO PERDIGAO;RUA CON DE CASTRO;;110;;Colisão Traseira;Luz do Dia;Bom;Seca;;;;0;0;2;1;0;0;0;0;0;1;0;0;-38,564820;-3,775515;;;
248249;27;1;2015;17:30;0;AV DEP PAULINO ROCHA;;;1360;;Colisão Lateral;Anoitecer;Bom;Seca;Meio de Quadra;Outros;Comercial;0;0;2;1;0;0;0;0;0;0;0;0;-38,509545;-3,810526;;;
248250;27;1;2015;19:00;0;RUA BENTO ALBUQUERQUE;;;2182;;Colisão Lateral;Via Iluminada;Bom;Seca;;;;0;0;2;1;0;0;0;0;0;0;0;0;-38,470356;-3,747886;;;
248247;27;1;2015;06:07;1542;RUA PDE VALDEVINO;AV RUI BARBOSA;;;;Colisão Transversal;Luz do Dia;Bom;Seca;Cruz;Semáforo;Outros;0;1;1;1;0;0;0;0;0;1;0;0;-38,511029;-3,740964;;;
248245;27;1;2015;08:00;15785;RUA PEDRO II;RUA JOAQUIM FELICIO;;;;Colisão Transversal;Luz do Dia;Bom;Seca;Cruz;Pare;Residencial;0;0;2;1;0;0;0;0;0;0;0;0;-38,487935;-3,830629;;;
248242;27;1;2015;17:00;12554;RUA ROSINHA SAMPAIO;AV HILDEBRANDO DE MELO;;;;Colisão Lateral;Via Iluminada;Bom;Seca;Cruz;Pare;Misto;0;0;2;1;0;0;0;0;0;0;0;0;-38,589369;-3,726559;;;
248243;27;1;2015;11:50;0;AV IMPERADOR;;;1330;;Colisão Lateral;Luz do Dia;Bom;Seca;Meio de Quadra;Não Há Controle;Escola;0;0;2;0;1;0;0;0;0;0;0;0;-38,536157;-3,732966;;;
248240;27;1;2015;18:50;25141;RUA ARARIPE PRATA;RUA PDE ELIAS SARAIVA;;;;Colisão Traseira;Via Iluminada;Bom;Seca;T;Pare;Residencial;0;0;2;1;1;0;0;0;0;0;0;0;-38,568551;-3,775806;;;
248354;27;1;2015;12:40;0;AV CARAPINIMA;;;2435;;Engavetamento;Luz do Dia;Bom;Seca;Meio de Quadra;Não Há Controle;Misto;0;0;3;1;0;0;0;0;0;0;0;0;-38,541726;-3,741493;;;
248355;27;1;2015;15:05;1349;RUA VIS MAUA;AV SANTOS DUMONT;;;;Colisão Lateral;Luz do Dia;Bom;Seca;Cruz;Pare;Misto;0;1;2;1;0;0;0;0;0;1;0;0;-38,499371;-3,735909;;;
248356;27;1;2015;07:55;8030;RUA PRO COSTA MENDES;RUA CARLOS CAMARA;;;;Colisão Lateral;Luz do Dia;Bom;Seca;Cruz;Não Há Controle;Residencial;0;1;1;1;0;0;0;0;0;1;0;0;-38,548622;-3,753143;;;
248357;27;1;2015;19:00;0;AV BAR STUDART;;;1486;;Engavetamento;Via Iluminada;Bom;Seca;Meio de Quadra;;Comercial;0;0;3;1;0;0;0;0;0;0;0;0;-38,507391;-3,737067;;;
248341;27;1;2015;10:00;5361;RUA PEDRO I;RUA FLORIANO PEIXOTO;;;;Colisão Transversal;Luz do Dia;Bom;Seca;Cruz;Pare;Comercial;0;0;2;1;0;0;0;0;0;0;0;0;-38,528436;-3,731284;;;
248343;27;1;2015;08:00;25107;RUA DEMETRIO MENEZES;RUA JOAQUIM ALBANO;;;;Colisão Transversal;Luz do Dia;Nublado;Seca;Duplo T;Pare;Comercial;0;0;2;1;0;0;0;0;0;0;0;0;-38,584096;-3,735910;;;
248345;27;1;2015;11:10;0;RUA PESSOA ANTA;;;501;;Colisão Lateral;Luz do Dia;Bom;Seca;Meio de Quadra;Semáforo;Comercial;0;0;2;1;0;0;1;0;0;0;0;0;-38,519637;-3,720820;;;
248352;27;1;2015;12:20;19935;RUA FRANCISCO LORDA;RUA JORGE ACURCIO;;;;Colisão Lateral;Luz do Dia;Bom;Seca;Cruz;Pare;Residencial;0;0;2;0;1;0;0;0;0;0;0;0;-38,530533;-3,762325;;;
257164;27;1;2015;04:46;0;RUA ALM JACEGUAI;;;160;;Colisão;;;;Meio de Quadra;;;0;1;0;1;0;0;0;0;0;1;0;0;;;;;
257165;27;1;2015;09:30;0;AV ENG HUMBERTO MONTE;;;;UFC;Outros;Luz do Dia;;;Meio de Quadra;;;0;1;0;0;0;0;0;0;0;1;0;0;;;;;
257166;27;1;2015;14:25;0;RUA VITAL BRASIL;;;656;;Colisão;Luz do Dia;;;Meio de Quadra;;;0;1;0;1;0;0;0;0;0;0;0;0;;;;;
260325;27;1;2015;01:06;0;AV JOSE BASTOS;;;;;Colisão;;;;Meio de Quadra;;;0;1;1;1;0;0;0;0;0;1;0;0;-38,569681;-3,767496;;;
260330;27;1;2015;06:23;0;AV PERIMETRAL;;;;;Atropelamento;Luz do Dia;;;;;;0;1;1;1;0;0;0;0;0;0;0;0;;;;;
260333;27;1;2015;07:57;0;AV GAL OSORIO DE PAIVA;;;;;Colisão;Luz do Dia;;;Meio de Quadra;;;0;0;2;0;0;0;0;0;0;0;0;0;;;;;
260336;27;1;2015;08:00;0;AV PRS CASTELO BRANCO;;;;;Colisão;Luz do Dia;;;Meio de Quadra;;;0;1;1;1;0;0;0;0;0;1;0;0;;;;;
260337;27;1;2015;13:04;0;AV PRS CASTELO BRANCO;;;;;Atropelamento;Luz do Dia;;;Meio de Quadra;;;0;1;1;0;0;0;0;0;0;0;0;0;;;;;
260340;27;1;2015;17:37;0;RUA NOSSA SRA DAS GRACAS;;;;;Colisão;Anoitecer;;;Meio de Quadra;;;0;1;1;0;0;0;0;0;0;0;0;0;-38,555447;-3,709605;;;
260341;27;1;2015;18:38;0;RUA NUNES VALENTE;;;;;Colisão;;;;Meio de Quadra;;;0;1;1;1;0;0;0;0;0;1;0;0;-38,504138;-3,737503;;;
260343;27;1;2015;18:57;0;AV CONTORNO NORTE D71;;;;;Colisão;;;;Meio de Quadra;;;0;0;2;1;0;0;0;0;0;1;0;0;;;;;
260344;27;1;2015;19:36;0;RUA ARTUR DE CARVALHO;;;;;Colisão;;;;Meio de Quadra;;;0;1;2;1;0;0;0;0;0;1;0;0;;;;;
260346;27;1;2015;21:12;0;RUA ISRAEL BEZERRA;;;;;Colisão;;;;Meio de Quadra;;;0;1;1;0;0;0;0;0;0;1;0;0;;;;;
260365;27;1;2015;23:01;0;AV PERIMETRAL;;;;;Choque c/ Obstáculo Fixo;;;;Meio de Quadra;;;0;1;0;1;0;0;0;0;0;0;0;0;;;;;
259117;27;1;2015;12:30;0;RD CE-040;;;;KM-06;Colisão Traseira;Luz do Dia;;Seca;Meio de Quadra;;;0;0;2;1;0;0;0;0;0;0;0;0;-38,478781;-3,811270;;;
263344;27;1;2015;08:00;5458;RUA BARBARA DE ALENCAR;RUA RODRIGUES JUNIOR;;;;Colisão;Luz do Dia;;;Cruz;Pare;Comercial;0;0;2;0;0;0;0;0;0;0;0;0;-38,522156;-3,735343;;;
263345;27;1;2015;09:20;6343;AV C CJ CEARA;RUA 1084 CJ CEARA;;;;Colisão;Luz do Dia;;;Cruz;Não Há Controle;Residencial;0;0;2;0;0;0;0;0;0;0;0;0;;;;;
259185;27;1;2015;12:16;0;RUA IGUAPE;;;;;Colisão;Luz do Dia;;;Meio de Quadra;;;0;0;2;1;0;0;0;0;0;1;0;0;;;;;
253318;27;1;2015;20:10;0;RD BR 116;;;11000;KM-11;Colisão Transversal;Via Iluminada;Bom;Seca;Meio de Quadra;Não Há Controle;;0;0;2;1;1;0;0;0;0;0;0;0;-38,497176;-3,847160;;;
259902;27;1;2015;19:05;0;AV DES GONZAGA;;;;;Colisão;;;;Meio de Quadra;;;0;0;2;1;0;0;1;0;0;0;0;0;;;;;
259897;27;1;2015;08:47;0;RUA ANDRADE FURTADO;;;;;Colisão;Luz do Dia;;;Meio de Quadra;;;0;0;2;1;0;0;0;0;0;0;0;0;;;;;
259906;28;1;2015;13:05;0;RUA PDE PEDRO DE ALENCAR;;;;;Colisão;Luz do Dia;;;Meio de Quadra;;;0;0;2;1;0;0;0;1;0;0;0;0;;;;;
259904;28;1;2015;11:28;0;RUA VALPARAISO;;;;;Colisão;Luz do Dia;;;Meio de Quadra;;;0;0;2;1;0;0;0;0;0;0;0;0;;;;;
253427;28;1;2015;00:50;0;RD BR 020;;;;KM-03;Choque c/ Obstáculo Fixo;Via Iluminada;Bom;Seca;Meio de Quadra;Não Há Controle;Comercial;0;1;0;1;0;0;0;0;0;0;0;0;;;;;
259192;28;1;2015;11:12;0;RUA PIERRE LUZ;;;771;;Colisão;Luz do Dia;;;Meio de Quadra;;;0;0;6;1;0;0;1;0;0;1;0;0;-38,588393;-3,724239;;;
259493;28;1;2015;12:27;0;RUA LUIS ALVES MAIA;;;;;Colisão;Luz do Dia;;;Meio de Quadra;;;0;0;2;1;0;0;0;0;0;0;0;0;;;;;
263346;28;1;2015;10:24;1544;RUA PAULA NEI;RUA PRO DIAS DA ROCHA;;;;Colisão;Luz do Dia;;;Cruz;Pare;Misto;0;0;2;0;0;0;0;0;0;0;0;0;-38,493448;-3,741062;;;
263347;28;1;2015;10:38;0;RUA G CJ VILA VELHA;;;249;;Colisão;Luz do Dia;;;Meio de Quadra;;;0;0;2;0;0;0;0;0;0;0;0;0;;;;;
263348;28;1;2015;12:44;10045;RUA EMILIO DE MENESES;RUA TAUBATE;;;;Colisão;Luz do Dia;;;Cruz;Pare;Misto;0;0;2;0;0;0;0;0;0;0;0;0;-38,598188;-3,778717;;;
263350;28;1;2015;12:46;5303;RUA DNA LEOPOLDINA;AV SANTOS DUMONT;;;;Colisão;Luz do Dia;;;T;Semáforo;Comercial;0;0;2;0;0;0;0;0;0;0;0;0;-38,519029;-3,729515;;;
263351;28;1;2015;13:07;22134;RUA ALEXANDRE BARAUNA;RUA MAJ PEDRO SAMPAIO;;;;Colisão;Luz do Dia;;;Cruz;Pare;Rural;0;0;2;0;0;0;0;0;0;0;0;0;-38,553493;-3,746361;;;
263352;28;1;2015;15:32;0;RUA JULIO BRAGA;;;1356;;Colisão;Luz do Dia;;;Meio de Quadra;;;0;0;2;0;0;0;0;0;0;0;0;0;-38,583063;-3,774376;;;
263353;28;1;2015;21:57;0;AV DR SILAS MUNGUBA;;;5006;;Colisão;;;;Meio de Quadra;;;0;0;2;0;0;0;0;0;0;0;0;0;-38,531608;-3,797167;;;