COD_ACIDENTE;DIA;MES;ANO;HORA;INTERSECAO;LOG1;LOG2;LOG3;NUMERO;REFERENCIA;NATUREZA;ILUMINACAO;TEMPO;SUPERFICIEPISTA;TIPOCRUZAMENTO;CONTROLETRAFEGO;USOSOLO;MORTOS;FERIDOS;ILESOS;AUTOMOVEL;ONIBUS;BICICLETA;CAMINHAO;MICROONIBUS;CICLOMOTOR;MOTOCICLETA;TRACAOANIMAL;TREM;LONG;LAT;;;
263354;28;1;2015;22:20;5710;AV OLIVEIRA PAIVA;RUA CON BRAVEZA;;;;Colisão;;;;Cruz;Não Há Controle;Comercial;0;0;2;0;0;0;0;0;0;0;0;0;-38,498448;-3,796485;;;
259118;28;1;2015;10:30;0;RD CE-040;;;;KM-03;Colisão;Luz do Dia;;Seca;Meio de Quadra;;;0;1;1;1;0;0;0;0;0;1;0;0;-38,481014;-3,783185;;;
260367;28;1;2015;00:57;0;AV BEZERRA DE MENEZES;;;;;Colisão;;;;Meio de Quadra;;;0;1;1;0;0;0;0;0;0;0;0;0;;;;;
260370;28;1;2015;11:09;0;AV J CJ CEARA;;;;;Colisão;Luz do Dia;;;Meio de Quadra;;;0;1;1;1;0;0;0;0;0;1;0;0;-38,611852;-3,757883;;;
260372;28;1;2015;14:01;0;RUA RAUL CABRAL;;;;;Colisão;Luz do Dia;;;Meio de Quadra;;;0;1;1;1;0;0;0;0;0;1;0;0;-38,539327;-3,770588;;;
260374;28;1;2015;14:52;0;RUA JOSE DE ALENCAR RAMOS;;;;;Queda;Luz do Dia;;;Meio de Quadra;;;0;1;0;0;0;0;0;0;0;1;0;0;;;;;
260376;28;1;2015;15:38;7957;AV PONTES VIEIRA;AV BAR STUDART;;;;Atropelamento;Luz do Dia;;;T;Semáforo Intermitente;Comercial;0;2;0;0;0;0;0;0;0;1;0;0;-38,512361;-3,752590;;;
260377;28;1;2015;16:41;0;RD QUARTO ANEL VIARIO;;;;;Colisão;Luz do Dia;;;Meio de Quadra;;;0;1;1;0;0;0;1;0;0;1;0;0;;;;;
260379;28;1;2015;17:21;0;AV IMPERADOR;;;;;Colisão;Anoitecer;;;Meio de Quadra;;;0;1;1;1;0;0;0;0;0;1;0;0;-38,536277;-3,733390;;;
260380;28;1;2015;17:54;0;RUA PASSO FUNDO;;;;;Atropelamento;Anoitecer;;;Meio de Quadra;;;0;1;1;1;0;0;0;0;0;0;0;0;;;;;
260385;28;1;2015;18:50;5328;AV TRISTAO GONCALVES;AV DUQ CAXIAS;;;;Atropelamento;;;;Cruz;Semáforo;Comercial;0;1;1;1;0;0;0;0;0;0;0;0;-38,534196;-3,730400;;;
260387;28;1;2015;20:02;0;AV PERIMETRAL;;;;;Colisão;;;;Meio de Quadra;;;0;1;1;1;0;0;0;0;0;1;0;0;;;;;
260394;28;1;2015;05:56;0;AV DEP PAULINO ROCHA;;;;;Colisão;Amanhecer;;;Meio de Quadra;;;0;1;1;1;0;0;0;0;0;0;0;0;;;;;
257077;28;1;2015;18:15;1716;AV GAL MURILO BORGES;AV GOV RAUL BARBOSA;;;;Colisão;Anoitecer;;;;Semáforo;Outros;0;1;0;0;0;0;0;0;0;1;0;0;-38,508802;-3,763977;;;
248348;28;1;2015;06:40;10194;RUA EMILIO DE MENESES;RUA ITAJAI;;;;Colisão Lateral;;Bom;Seca;T;Pare;Residencial;0;0;2;1;0;0;1;0;0;0;0;0;-38,594656;-3,779711;;;
248350;28;1;2015;07:00;23653;AV OLAVO BILAC;RUA BAR CRATO;;;;Colisão Transversal;Luz do Dia;Bom;Seca;T;Pare;Residencial;0;0;2;1;0;0;0;0;0;0;0;0;-38,566370;-3,723036;;;
248358;28;1;2015;01:00;0;AV BEZERRA DE MENEZES;;;549;;Choque c/ Obstáculo Fixo;Via Iluminada;Bom;Seca;Meio de Quadra;Não Há Controle;Comercial;1;0;0;0;0;0;0;0;0;1;0;0;-38,549771;-3,732621;;;
248272;28;1;2015;12:15;18528;AV GOV PARSIFAL BARROSO;AV BEZERRA DE MENEZES;;;;Colisão Lateral;Luz do Dia;Bom;Seca;Outros;Pare;Escola;0;0;2;1;0;0;1;0;0;0;0;0;-38,569025;-3,736609;;;
248291;28;1;2015;08:30;25485;AV DOS EXPEDICIONARIOS;AV II LOT EXPEDICIONARIOS II;;;;Colisão Transversal;Luz do Dia;Bom;Seca;T;Pare;Comercial;0;1;1;1;0;0;0;0;0;1;0;0;-38,553210;-3,804702;;;
248293;28;1;2015;14:30;8044;AV JOAO PESSOA;RUA PEDRO MACHADO;;;;Colisão Traseira;Luz do Dia;Bom;Seca;;Semáforo;Comercial;0;1;1;1;0;0;0;0;0;1;0;0;-38,551092;-3,754230;;;
248294;28;1;2015;15:00;12892;AV DOMINGOS OLIMPIO;RUA BAR RIO BRANCO;;;;Colisão Traseira;Luz do Dia;Bom;Seca;Cruz;Semáforo;Comercial;0;0;2;1;0;0;0;0;0;0;0;0;-38,531494;-3,736579;;;
248295;28;1;2015;15:30;0;RUA BERNARDO MANUEL;;;8591;;Colisão Lateral;Luz do Dia;Bom;Seca;Meio de Quadra;Não Há Controle;Comercial;0;1;1;0;0;0;0;0;0;1;0;0;-38,550173;-3,794640;;;
248296;28;1;2015;08:40;0;AV ANTONIO SALES;;;1654;;Colisão Lateral;Luz do Dia;Bom;Seca;Meio de Quadra;;Comercial;0;0;2;1;1;0;0;0;0;0;0;0;;;;;
248297;28;1;2015;07:50;5844;AV DES GONZAGA;RUA ENF JOAQUIM PINTO;;;;Colisão Transversal;Luz do Dia;Bom;Seca;Cruz;Pare;Lazer;0;0;2;1;0;0;0;0;0;0;0;0;-38,497696;-3,800396;;;
248298;28;1;2015;08:45;0;RUA PRO HERIBALDO COSTA;;;1822;;Colisão Lateral;Luz do Dia;Bom;Seca;Meio de Quadra;Não Há Controle;Residencial;0;0;2;1;0;0;0;0;0;0;0;0;-38,587854;-3,767607;;;
248299;28;1;2015;06:20;0;AV AUGUSTO DOS ANJOS;;;1388;;Colisão Lateral;Luz do Dia;Bom;Seca;Meio de Quadra;Não Há Controle;Comercial;0;0;2;1;0;0;0;0;0;1;0;0;-38,578018;-3,778877;;;
248300;28;1;2015;12:30;0;AV JOSE BASTOS;;;2670;;Colisão Transversal;Luz do Dia;Bom;Seca;Meio de Quadra;Gesto;Residencial;0;0;2;1;0;0;0;0;0;1;0;0;;;;;
248301;28;1;2015;09:00;0;AV TRISTAO GONCALVES;;;1133;;Colisão Lateral;Luz do Dia;Bom;Seca;Meio de Quadra;Não Há Controle;Comercial;1;0;1;1;1;0;0;0;0;0;0;0;-38,534577;-3,731660;;;
248302;28;1;2015;18:45;15216;AV ABOLICAO;RUA VIS MAUA;;;;Colisão Lateral;Mal Iluminada;Bom;Seca;Cruz;Pare;Comercial;0;0;2;1;1;0;0;0;0;0;0;0;-38,496477;-3,727006;;;
248303;28;1;2015;19:23;0;RUA IRM BAZET;;;564;;Colisão Frontal;Via Iluminada;Bom;Seca;Meio de Quadra;Não Há Controle;Residencial;0;0;2;1;0;0;0;0;0;0;0;0;-38,552930;-3,763794;;;
248304;28;1;2015;14:50;1337;AV SANTOS DUMONT;RUA OSVALDO CRUZ (ALDEOTA);;;;Colisão Lateral;Luz do Dia;Bom;Seca;Cruz;Semáforo;Comercial;0;0;2;1;1;0;0;0;0;0;0;0;-38,500317;-3,735602;;;
248305;28;1;2015;13:00;18515;AV GOV PARSIFAL BARROSO;RUA 2 LT SINCOL;;;;Colisão Traseira;Luz do Dia;Bom;Seca;T;Pare;Residencial;0;1;1;0;0;0;0;0;0;1;0;0;-38,568952;-3,735242;;;
248306;28;1;2015;20:19;0;AV DEP PAULINO ROCHA;;;;ROTATÓRIA;Colisão Traseira;Via Iluminada;Bom;Seca;Outros;;Lazer;0;0;2;1;0;0;0;0;0;0;0;0;;;;;
248286;28;1;2015;10:00;25138;AV 13 DE MAIO;AV FELINO BARROSO;;;;Colisão Traseira;Luz do Dia;Bom;Seca;T;Outros;Comercial;0;0;2;1;0;0;0;0;0;0;0;0;-38,527991;-3,750472;;;
248288;28;1;2015;13:00;10999;RUA 15 DE NOVEMBRO;RUA ALBERTO MAGNO;;;;Colisão Transversal;Luz do Dia;Bom;Seca;Cruz;Pare;Residencial;0;0;2;1;0;0;0;0;0;0;0;0;-38,553169;-3,769909;;;
248289;28;1;2015;06:50;15973;AV GODOFREDO MACIEL;RUA GAL ONOFRE;;;;Engavetamento;Luz do Dia;Bom;Seca;T;Não Há Controle;Residencial;0;0;3;1;0;0;0;0;0;0;0;0;-38,573268;-3,807218;;;
248318;29;1;2015;23:40;19328;RUA EDUARDO PERDIGAO;RUA CON DE CASTRO;;;;Colisão Transversal;Via Iluminada;Bom;Seca;Cruz;Não Há Controle;Residencial;0;1;2;1;1;0;0;0;0;0;0;0;-38,564769;-3,775579;;;
248319;29;1;2015;12:50;1434;AV RUI BARBOSA;RUA CATAO MAMEDE;;;;Atropelamento;Luz do Dia;Bom;Seca;Cruz;Não Há Controle;Residencial;0;1;1;0;0;0;0;0;0;1;0;0;-38,510042;-3,737879;;;
248320;29;1;2015;11:15;4021;AV PRO GOMES DE MATOS;RUA DES PRAXEDES;;;;Colisão Lateral;Luz do Dia;Bom;Seca;Cruz;Semáforo;Comercial;0;1;1;0;0;0;0;0;0;1;0;0;-38,546229;-3,761872;;;
248321;29;1;2015;14:30;0;RUA CON DE CASTRO;;;820;;Colisão Frontal;Luz do Dia;Bom;Seca;Meio de Quadra;Não Há Controle;Residencial;0;1;1;1;0;0;0;0;0;1;0;0;-38,569361;-3,780586;;;
248322;29;1;2015;18:30;3419;AV JOAO PESSOA;RUA MIGUEL GONCALVES;;;;Colisão Transversal;Anoitecer;Bom;Seca;Cruz;Não Há Controle;Residencial;0;2;1;1;0;0;0;0;0;1;0;0;-38,555080;-3,758710;;;
248323;29;1;2015;09:20;15269;RUA TEN BENEVOLO;AV RUI BARBOSA;;;;Engavetamento;Luz do Dia;Bom;Seca;;Semáforo;Residencial;0;0;3;1;0;0;0;0;0;0;0;0;-38,507048;-3,728685;;;
248324;29;1;2015;02:57;5504;RUA PDE VALDEVINO;RUA JOAO CORDEIRO;;;;Colisão Transversal;Luz do Dia;Bom;Seca;Cruz;Semáforo;Residencial;0;2;0;1;0;0;0;0;0;0;0;0;-38,517550;-3,738896;;;
248325;29;1;2015;14:30;0;AV DEP PAULINO ROCHA;;;2177;;Outros;Luz do Dia;Bom;Seca;Meio de Quadra;Não Há Controle;Comercial;0;1;1;1;0;0;0;0;0;0;0;0;-38,516761;-3,810791;;;
248326;29;1;2015;08:00;3189;RUA CARLOS CHAGAS;RUA JOSE ARISTOTELES GONDIM;;;;Colisão Transversal;Luz do Dia;Bom;Seca;Cruz;Pare;Residencial;0;1;1;1;0;0;0;0;0;0;0;0;-38,585335;-3,780113;;;
248327;29;1;2015;13:45;0;AV IMPERADOR;;;122;;Colisão Lateral;Luz do Dia;Bom;Seca;Meio de Quadra;Não Há Controle;Comercial;0;0;2;1;1;0;0;0;0;0;0;0;-38,533016;-3,722355;;;
248328;29;1;2015;15:00;0;RUA PRO HERIBALDO COSTA;;;681;;Colisão Transversal;Luz do Dia;Bom;Seca;Meio de Quadra;Pare;Residencial;0;1;1;0;0;0;0;0;0;1;0;0;-38,583141;-3,758652;;;
248329;29;1;2015;16:40;0;RUA 15 DE NOVEMBRO;;;230;;Colisão Traseira;Luz do Dia;Bom;Seca;Meio de Quadra;Não Há Controle;Comercial;0;0;2;1;0;0;1;0;0;0;0;0;-38,558040;-3,768162;;;
248308;29;1;2015;07:46;22849;RUA CON LIMA SUCUPIRA;RUA DR JUSTA ARAUJO D45;;;;Outros;Luz do Dia;Bom;Seca;Cruz;Pare;Residencial;0;1;1;0;1;1;0;0;0;0;0;0;-38,550832;-3,778167;;;
248309;29;1;2015;19:40;26083;AV BEZERRA DE MENEZES;AV JOSE JATAHY;;;;Colisão Lateral;Anoitecer;Bom;Seca;Cruz;Pare;Comercial;0;0;2;1;1;0;0;0;0;0;0;0;;;;;
248334;29;1;2015;19:45;22635;AV PRS ARTUR BERNARDES;RUA JOSE VILAR DE ANDRADE;;;;Colisão Transversal;Via Iluminada;Bom;Seca;T;Pare;Residencial;0;0;2;1;0;0;0;0;0;0;0;0;-38,471568;-3,793729;;;
248336;29;1;2015;19:45;1521;RUA DES LEITE ALBUQUERQUE;RUA MAL RONDON;;;;Colisão Lateral;Via Iluminada;Bom;Seca;Cruz;Pare;Comercial;0;1;1;0;0;0;0;0;0;1;0;0;-38,488952;-3,740372;;;
248311;29;1;2015;09:50;0;AV GAL OSORIO DE PAIVA;;;5840;;Colisão Traseira;Luz do Dia;Bom;Seca;Meio de Quadra;Semáforo;Comercial;0;0;2;0;0;0;0;0;0;0;0;0;-38,604625;-3,807352;;;
248312;29;1;2015;16:00;4319;AV VICENTE DE CASTRO;AV JOSE SABOIA;;;;Colisão Lateral;Luz do Dia;Bom;Seca;Cruz;Pare;Comercial;0;1;1;1;0;0;1;0;0;0;0;0;-38,473200;-3,713785;;;
248349;29;1;2015;09:15;20575;RUA CEL XAVIER CHAVES;RUA SIMAO SANTOS;;;;Colisão Transversal;Luz do Dia;Bom;Seca;Cruz;Não Há Controle;Residencial;0;1;1;0;0;0;0;0;0;1;0;0;-38,493196;-3,862078;;;
248353;29;1;2015;12:30;0;RUA MACHADO DE ASSIS;;;606;;Engavetamento;Luz do Dia;Bom;Seca;Meio de Quadra;Gesto;Residencial;0;0;4;1;0;0;0;0;0;0;0;0;-38,549826;-3,751145;;;
248382;29;1;2015;12:30;0;RUA MACHADO DE ASSIS;;;606;;;Luz do Dia;;;Meio de Quadra;;;0;0;1;1;0;0;0;0;0;0;0;0;-38,549826;-3,751145;;;
248346;29;1;2015;12:10;5298;RUA FRANKLIN TAVORA;RUA CEL FERRAZ;;;;Colisão Lateral;Luz do Dia;Bom;Seca;T;Não Há Controle;Residencial;0;0;2;1;0;0;0;0;0;0;0;0;-38,523681;-3,729346;;;
248347;29;1;2015;12:00;0;RUA JULIO LIMA;;;637;;Colisão Frontal;Luz do Dia;Bom;Seca;Meio de Quadra;Não Há Controle;Comercial;0;0;2;1;0;0;0;0;0;1;0;0;-38,499647;-3,795789;;;
248344;29;1;2015;20:50;19596;RUA NEREU RAMOS;RUA TCHECOSLOVAQUIA;;;;Colisão Lateral;Via Iluminada;Bom;Seca;Cruz;Pare;Comercial;0;1;1;1;0;0;0;0;0;1;0;0;-38,570458;-3,785913;;;
248342;29;1;2015;19:00;25346;AV OLIVEIRA PAIVA;RUA LUIS GIRAO;;;;Colisão Lateral;Via Iluminada;Bom;Seca;Cruz;Pare;Comercial;0;0;2;0;1;0;0;1;0;0;0;0;-38,481549;-3,795862;;;
248338;29;1;2015;12:40;0;RUA PDE IBIAPINA;;;193;;Colisão Lateral;Luz do Dia;Bom;Seca;Meio de Quadra;Não Há Controle;Comercial;0;0;2;1;0;0;1;0;0;0;0;0;;;;;
248339;29;1;2015;21:00;0;RUA PERNAMBUCO;;;3001;;Colisão Frontal;Anoitecer;Bom;Seca;Meio de Quadra;Não Há Controle;Residencial;0;2;0;0;0;0;0;0;0;1;0;0;-38,579862;-3,749562;;;
248340;29;1;2015;10:30;5499;RUA PDE VALDEVINO;RUA J DA PENHA;;;;Colisão Traseira;Luz do Dia;Bom;Seca;Cruz;Pare;Comercial;0;0;2;1;0;0;0;0;0;0;0;0;-38,520695;-3,737911;;;
248384;29;1;2015;17:40;0;AV PRS COSTA E SILVA;;;3601;;Colisão Traseira;Anoitecer;Bom;Seca;Meio de Quadra;Gesto;Residencial;0;0;2;0;0;0;1;0;0;0;0;0;-38,548554;-3,823879;;;
248386;29;1;2015;17:30;0;AV PRS COSTA E SILVA;;;3601;;Colisão Lateral;Anoitecer;Bom;Seca;Meio de Quadra;Gesto;Residencial;0;1;2;1;0;0;0;0;0;1;0;0;-38,548554;-3,823879;;;
248388;29;1;2015;17:00;0;AV PRS COSTA E SILVA;;;;;Colisão Traseira;Luz do Dia;Nublado;Seca;Meio de Quadra;Outros;Residencial;0;0;2;1;0;0;0;0;0;0;0;0;;;;;
248389;29;1;2015;17:07;12445;AV SEN FERNANDES TAVORA;TR HELENA DE MARIA;;;;Colisão Lateral;Anoitecer;Bom;Seca;T;Não Há Controle;Comercial;0;2;1;1;0;0;0;0;0;1;0;0;-38,574916;-3,766094;;;
248390;29;1;2015;19:40;0;RUA CON LIMA SUCUPIRA;;;2328;;Colisão Lateral;Mal Iluminada;Bom;Seca;Meio de Quadra;Outros;Residencial;0;0;3;1;0;0;0;0;0;1;0;0;-38,555949;-3,776505;;;
257078;29;1;2015;02:15;24984;AV ALM HENRIQUE SABOIA;RUA BENTO ALBUQUERQUE;;;;Colisão;;;;T;Não Há Controle;Residencial;0;2;0;0;0;0;1;0;0;0;0;0;-38,488529;-3,742019;;;
260395;29;1;2015;06:12;0;AV JANGADEIROS (MUCURIPE);;;;;Atropelamento;Luz do Dia;;;Meio de Quadra;;;0;2;0;0;0;0;0;0;0;1;0;0;;;;;
260406;29;1;2015;21:50;0;AV DR THEBERGE;;;;;Colisão;;;;Meio de Quadra;;;0;1;1;0;0;0;1;0;0;1;0;0;;;;;
260407;29;1;2015;22:42;0;RUA ITU;;;;;Atropelamento;;;;Meio de Quadra;;;0;1;1;0;0;0;0;0;0;0;0;0;;;;;
260397;29;1;2015;07:51;0;AV ROGACIANO LEITE;;;;;Colisão;Luz do Dia;;;Meio de Quadra;;;0;1;1;1;0;0;0;0;0;1;0;0;-38,493409;-3,761667;;;
260398;29;1;2015;07:57;26077;AV DUQ CAXIAS;AV JOSE JATAHY;;;;Colisão;Luz do Dia;;;T;Pare;Comercial;0;1;1;1;0;0;0;0;0;1;0;0;;;;;
260399;29;1;2015;09:47;0;RUA CEL ANTONIO SAMPAIO;;;;;Colisão;Luz do Dia;;;Meio de Quadra;;;0;1;1;1;0;0;0;0;0;1;0;0;;;;;
260402;29;1;2015;10:58;0;AV GOV PARSIFAL BARROSO;RUA MARIA MIRIAN F  DE SOUZA;;;;Colisão;Luz do Dia;;;;;;0;1;1;0;0;0;0;0;0;0;0;0;-38,569183;-3,729806;;;
260403;29;1;2015;14:43;0;RUA CON DE CASTRO;;;;;Colisão;Luz do Dia;;;Meio de Quadra;;;0;1;1;1;0;0;0;0;0;1;0;0;-38,569361;-3,780586;;;
260404;29;1;2015;19:57;0;AV DOMINGOS OLIMPIO;;;;;Queda;;;;Meio de Quadra;;;0;1;0;0;0;0;0;0;0;1;0;0;;;;;
263355;29;1;2015;06:26;0;RUA SANTANA D48;;;328;;Colisão;Luz do Dia;;;Meio de Quadra;;;0;0;2;0;0;0;0;0;0;0;0;0;;;;;
263356;29;1;2015;06:38;6584;AV H CJ CEARA;AV J CJ CEARA;;;;Colisão;Luz do Dia;;;Cruz;Outros;Residencial;0;0;2;0;0;0;0;0;0;0;0;0;-38,621543;-3,777092;;;
259495;29;1;2015;06:47;0;RUA SANTANA;;;;;Colisão;Luz do Dia;;;;;;0;0;2;1;0;0;1;0;0;0;0;0;;;;;
259629;29;1;2015;08:53;0;AV ALBERTO CRAVEIRO;;;;;Colisão;Luz do Dia;;;Meio de Quadra;;;0;0;2;1;0;0;0;0;0;0;0;0;;;;;
259631;29;1;2015;10:00;0;RUA PDE PEDRO DE ALENCAR;;;;;Colisão;Luz do Dia;;;Meio de Quadra;;;0;0;2;1;0;0;1;0;0;0;0;0;;;;;
259633;29;1;2015;18:31;0;AV JOSE LEON;;;;;Colisão;;;;Meio de Quadra;;;0;0;2;1;0;0;0;0;0;0;0;0;;;;;
263427;29;1;2015;08:40;15832;RUA EDUARDO PORTO;RUA PDE PEDRO DE ALENCAR;;;;Colisão;Luz do Dia;;;;;;0;0;2;0;0;0;0;0;0;0;0;0;-38,494029;-3,832741;;;
263428;29;1;2015;08:45;0;RUA 99 CJ JOSE WALTER;;;40;;Colisão;Luz do Dia;;;Meio de Quadra;;;0;0;2;0;0;0;0;0;0;0;0;0;-38,557686;-3,836502;;;
263429;29;1;2015;09:18;0;AV PRS CASTELO BRANCO;;;2210;;Colisão;Luz do Dia;;;Meio de Quadra;;;0;0;2;0;0;0;0;0;0;0;0;0;-38,547728;-3,713994;;;
263430;29;1;2015;09:26;8660;AV EDILSON B SOARES;AV WASHINGTON SOARES;;;;Colisão;Luz do Dia;;;Outros;Semáforo;Comercial;0;0;2;0;0;0;0;0;0;0;0;0;-38,480489;-3,789444;;;
263431;29;1;2015;09:27;0;AV RAD JOSE LIMA VERDE;;;520;;Colisão;Luz do Dia;;;Meio de Quadra;;;0;0;2;0;0;0;0;0;0;0;0;0;-38,586407;-3,696343;;;
263432;29;1;2015;10:01;0;RUA DRAGAO DO MAR;;;218;;Colisão;Luz do Dia;;;Meio de Quadra;;;0;0;2;0;0;0;0;0;0;0;0;0;-38,519181;-3,721833;;;
263433;29;1;2015;10:58;18528;AV GOV PARSIFAL BARROSO;AV BEZERRA DE MENEZES;;;;Atropelamento;Luz do Dia;;;Outros;Pare;Escola;0;0;2;0;0;0;0;0;0;0;0;0;-38,569025;-3,736609;;;
263434;29;1;2015;13:47;0;RUA ROSA CORDEIRO;;;190;;Colisão;Luz do Dia;;;Meio de Quadra;;;0;0;2;0;0;0;0;0;0;0;0;0;;;;;
263435;29;1;2015;22:00;0;AV JANGADEIROS (MUCURIPE);;;;;Colisão;;;;Meio de Quadra;;;0;0;2;0;0;0;0;0;0;0;0;0;;;;;
263436;29;1;2015;23:18;11190;RUA JOSE MENELEU D41;RUA ALEMANHA;;;;Choque c/ Obstáculo Fixo;;;;Cruz;Pare;Residencial;0;0;1;0;0;0;0;0;0;0;0;0;-38,558642;-3,781735;;;
253366;29;1;2015;21:15;0;RD BR 222;;;;KM 00;Colisão Lateral;Via Iluminada;Bom;Seca;Meio de Quadra;Não Há Controle;Comercial;0;1;1;0;0;0;0;0;0;1;0;0;-38,569072;-3,736611;;;
253268;29;1;2015;08:40;0;RD BR 116;;;7000;KM-07;Colisão Traseira;Luz do Dia;Bom;Seca;Meio de Quadra;Não Há Controle;Comercial;0;1;1;1;0;0;0;0;0;0;0;0;-38,501101;-3,813246;;;
259916;29;1;2015;14:06;12457;AV AUGUSTO DOS ANJOS;RUA PRO GOMES BRASIL;;;;Colisão;Luz do Dia;;;Cruz;Semáforo;Comercial;0;0;2;1;0;0;1;0;0;0;0;0;-38,570427;-3,770153;;;
259912;29;1;2015;08:36;0;RUA GOV JOAO CARLOS;;;;;Colisão;Luz do Dia;;;Meio de Quadra;;;0;0;2;1;0;0;1;0;0;0;0;0;;;;;
259910;29;1;2015;07:46;0;AV ALBERTO CRAVEIRO;;;507;MAKRO;Colisão;Luz do Dia;;;Meio de Quadra;;;0;0;3;1;0;0;1;0;0;0;0;0;-38,515910;-3,781154;;;
253304;30;1;2015;09:15;0;RD BR 116;;;3000;KM-03;Colisão Lateral;Luz do Dia;Bom;Seca;Meio de Quadra;Não Há Controle;Comercial;0;0;2;0;0;0;0;0;0;1;0;0;-38,514372;-3,779838;;;
253367;30;1;2015;01:20;0;RD BR 222;;;;KM-02;Colisão Transversal;Via Iluminada;Bom;Seca;Meio de Quadra;Não Há Controle;Comercial;0;3;1;1;0;0;0;0;0;0;0;0;-38,586880;-3,738951;;;
253342;30;1;2015;17:50;0;RD BR 116;;;15000;KM-15;Colisão Lateral;Anoitecer;Bom;Material Derrapante;Meio de Quadra;Não Há Controle;;0;0;2;1;0;0;1;0;0;0;0;0;-38,501113;-3,882329;;;
263437;30;1;2015;08:14;0;RUA 12 UI 301;;;141;;Colisão;Luz do Dia;;;Meio de Quadra;;;0;0;2;0;0;0;0;0;0;0;0;0;;;;;
263438;30;1;2015;10:43;0;AV IMPERADOR;;;454;;Colisão;Luz do Dia;;;Meio de Quadra;;;0;0;2;0;0;0;0;0;0;0;0;0;-38,533872;-3,725227;;;
263439;30;1;2015;11:16;0;AV SEN FERNANDES TAVORA;;;1326;;Colisão;Luz do Dia;;;Meio de Quadra;;;0;0;2;0;0;0;0;0;0;0;0;0;-38,584652;-3,760862;;;
263440;30;1;2015;11:24;0;RUA PRO COSTA MENDES;;;262;;Colisão;Luz do Dia;;;Meio de Quadra;;;0;0;2;0;0;0;0;0;0;0;0;0;-38,543753;-3,757358;;;
263441;30;1;2015;11:41;0;RUA VALMIR PONTES;;;;;Colisão;Luz do Dia;;;Meio de Quadra;;;0;0;2;0;0;0;0;0;0;0;0;0;;;;;
263442;30;1;2015;11:58;10749;AV SEN FERNANDES TAVORA;RUA PRO HERIBALDO COSTA;;;;Colisão;Luz do Dia;;;Cruz;Semáforo;Comercial;0;0;2;0;0;0;0;0;0;0;0;0;-38,584384;-3,761006;;;
259636;30;1;2015;;3860;AV 13 DE MAIO;AV DA UNIVERSIDADE;;;;Colisão;;;;Cruz;Semáforo Danificado;Comercial;0;1;2;1;0;0;0;0;0;0;0;0;-38,539107;-3,740962;;;
259638;30;1;2015;05:47;183;AV CEL CARVALHO;RUA DEMETRIO MENEZES;;;;Colisão;Amanhecer;;;;;;0;0;2;1;1;0;0;0;0;0;0;0;-38,584591;-3,731488;;;
263445;30;1;2015;13:49;0;AV OLIVEIRA PAIVA;;;2800;;Colisão;Luz do Dia;;;Meio de Quadra;;;0;0;2;0;0;0;0;0;0;0;0;0;-38,482564;-3,795949;;;
263446;30;1;2015;16:01;0;RUA 106 CJ ESPERANCA;;;;;Colisão;Luz do Dia;;;Meio de Quadra;;;0;0;2;0;0;0;0;0;0;0;0;0;;;;;
263447;30;1;2015;16:02;0;RUA SORRISO DE MARIA;;;114;;Colisão;Luz do Dia;;;Meio de Quadra;;;0;0;2;0;0;0;0;0;0;0;0;0;;;;;
263448;30;1;2015;16:12;0;AV JOR THOMAZ COELHO;;;;;Colisão;Luz do Dia;;;Meio de Quadra;;;0;0;2;0;0;0;0;0;0;0;0;0;;;;;
263452;30;1;2015;17:51;0;RUA CRUZEIRO D69;;;;;Colisão;Anoitecer;;;Meio de Quadra;;;0;0;2;0;0;0;0;0;0;0;0;0;;;;;
263453;30;1;2015;19:34;0;RUA PDE PERDIGAO SAMPAIO;;;241;;Colisão;;;;Meio de Quadra;;;0;0;2;0;0;0;0;0;0;0;0;0;-38,594994;-3,737532;;;
263454;30;1;2015;19:52;0;AV COLOMBO DE SOUZA;;;352;;Atropelamento;;;;Meio de Quadra;;;0;0;2;0;0;0;0;0;0;0;0;0;;;;;
263455;30;1;2015;21:26;0;AV COS GOMES DE FREITAS (SAPIRANGA/COITE);;;3336;;Colisão;;;;Meio de Quadra;;;0;0;2;0;0;0;0;0;0;0;0;0;;;;;
263459;30;1;2015;21:29;0;RUA COS LAFAYETE;;;;;Colisão;;;;Meio de Quadra;;;0;0;2;0;0;0;0;0;0;0;0;0;;;;;
263460;30;1;2015;21:35;0;AV ENG LEAL LIMA VERDE (SAPIRANGA/COITE);;;3339;;Colisão;;;;Meio de Quadra;;;0;0;2;0;0;0;0;0;0;0;0;0;;;;;
263461;30;1;2015;22:37;0;AV SGT HERMINIO SAMPAIO;;;;;Atropelamento;;;;Meio de Quadra;;;0;0;2;0;0;0;0;0;0;0;0;0;;;;;
263462;30;1;2015;22:54;0;RUA PLANALTINA (BONSUCESSO);;;1590;;Colisão;;;;Meio de Quadra;;;0;0;2;0;0;0;0;0;0;0;0;0;;;;;
263450;30;1;2015;16:35;0;RUA SAO LEOPOLDO D69;;;;;Colisão;Luz do Dia;;;Meio de Quadra;;;0;0;2;0;0;0;0;0;0;0;0;0;;;;;