COD_ACIDENTE;DIA;MES;ANO;HORA;INTERSECAO;LOG1;LOG2;LOG3;NUMERO;REFERENCIA;NATUREZA;ILUMINACAO;TEMPO;SUPERFICIEPISTA;TIPOCRUZAMENTO;CONTROLETRAFEGO;USOSOLO;MORTOS;FERIDOS;ILESOS;AUTOMOVEL;ONIBUS;BICICLETA;CAMINHAO;MICROONIBUS;CICLOMOTOR;MOTOCICLETA;TRACAOANIMAL;TREM;LONG;LAT;;;
263464;30;1;2015;23:32;0;RUA ALBERTO MAGNO;;;1640;;Colisão;;;;Meio de Quadra;;;0;0;2;0;0;0;0;0;0;0;0;0;-38,552536;-3,768226;;;
263466;30;1;2015;23:33;0;RUA BENTO ALBUQUERQUE;;;1555;;Colisão;;;;Meio de Quadra;;;0;0;2;0;0;0;0;0;0;0;0;0;-38,475914;-3,746101;;;
259119;30;1;2015;07:40;0;AV MIN JOSE AMERICO;;;;;Colisão Traseira;Luz do Dia;;Seca;Meio de Quadra;;;0;0;2;1;0;0;0;0;0;1;0;0;;;;;
260409;30;1;2015;07:22;0;RUA OLIVEIRA SOBRINHO;;;;;Atropelamento;Luz do Dia;;;Meio de Quadra;;;0;2;0;1;0;0;0;0;0;0;0;0;-38,598205;-3,779453;;;
260411;30;1;2015;07:46;17328;RUA DES PRAXEDES;RUA ANTONIO CORREIA LIMA;;;;Colisão;Luz do Dia;;;Cruz;Pare;Misto;0;1;1;1;0;0;0;0;0;1;0;0;-38,542197;-3,763245;;;
260412;30;1;2015;08:50;0;AV GAL OSORIO DE PAIVA;;;;;Colisão;Luz do Dia;;;Meio de Quadra;;;0;1;1;0;0;0;1;0;0;1;0;0;-38,590234;-3,792564;;;
260414;30;1;2015;10:44;0;AV PRS COSTA E SILVA;;;;;Colisão;Luz do Dia;;;Meio de Quadra;;;0;1;1;0;0;0;0;0;0;0;0;0;;;;;
260415;30;1;2015;10:59;0;AV PRO GOMES DE MATOS;;;;;;Luz do Dia;;;Meio de Quadra;;;0;1;1;0;0;0;0;0;0;0;0;0;;;;;
260416;30;1;2015;11:40;3323;RUA MARIO DE ANDRADE;RUA ARGENTINA;;;;Colisão;Luz do Dia;;;Cruz;Pare;Residencial;0;1;1;1;0;0;0;0;0;1;0;0;-38,564812;-3,747688;;;
260420;30;1;2015;14:27;0;RUA PDE PEDRO DE ALENCAR;;;1792;;Colisão;Luz do Dia;;;Meio de Quadra;;;0;1;1;0;0;0;0;0;0;0;0;0;;;;;
260421;30;1;2015;15:24;13432;AV RUI BARBOSA;AV ANTONIO SALES;;;;Colisão;Luz do Dia;;;Cruz;Semáforo;Misto;0;1;1;1;0;0;0;0;0;1;0;0;-38,511569;-3,742611;;;
260425;30;1;2015;19:37;0;AV ALM HENRIQUE SABOIA;;;;;Atropelamento;;;;Meio de Quadra;;;0;1;1;1;0;0;0;0;0;0;0;0;;;;;
260427;30;1;2015;19:44;0;AV C CJ NOVA ASSUNCAO;;;;;Colisão;;;;Meio de Quadra;;;0;0;2;0;0;0;0;0;0;0;0;0;;;;;
260429;30;1;2015;20:12;0;RUA ANA BRITO;;;96;;Colisão;;;;Meio de Quadra;;;0;1;1;1;0;0;0;0;0;1;0;0;;;;;
260430;30;1;2015;20:27;21596;RUA LUIS VIEIRA;RUA COM GARCIA;;;;Colisão;;;;Cruz;Outros;Residencial;0;1;1;1;0;0;0;0;0;1;0;0;-38,586346;-3,796632;;;
260431;30;1;2015;20:59;0;AV ENG SANTANA JUNIOR;;;;;Queda;;;;Meio de Quadra;;;0;1;0;0;0;0;0;0;0;1;0;0;;;;;
260432;30;1;2015;22:03;0;RUA PLANALTINA (PL AYRTON SENNA);;;;;Colisão;;;;Meio de Quadra;;;0;2;0;0;0;0;0;0;0;1;0;0;;;;;
257081;30;1;2015;22:55;0;AV AUGUSTO DOS ANJOS;;;489;;Colisão;;;;Meio de Quadra;;;0;1;1;1;0;0;0;0;0;1;0;0;-38,572751;-3,772994;;;
257083;30;1;2015;16:00;0;AV HERACLITO GRACA;;;1120;;Colisão;Luz do Dia;;;Meio de Quadra;;;0;1;0;1;1;0;0;0;0;0;0;0;-38,514800;-3,736637;;;
248392;30;1;2015;06:00;0;RUA ALMEIDA PRADO;;;1012;;Colisão Lateral;Luz do Dia;Bom;Seca;Meio de Quadra;Não Há Controle;Residencial;0;1;1;0;0;0;0;0;0;1;0;0;-38,475757;-3,745608;;;
248393;30;1;2015;11:20;5283;AV DOM MANUEL;AV SANTOS DUMONT;;;;Colisão Lateral;Luz do Dia;;;Cruz;Pare;;0;0;2;1;0;0;0;0;0;0;0;0;-38,521250;-3,728774;;;
248387;30;1;2015;12:30;0;AV AGUANAMBI;;;;;Colisão Transversal;Luz do Dia;Bom;Seca;Meio de Quadra;Não Há Controle;Comercial;0;0;2;1;0;0;1;0;0;0;0;0;;;;;
248385;30;1;2015;11:30;5418;RUA ASSUNCAO;RUA GAL CLARINDO DE QUEIROZ;;;;Colisão;Luz do Dia;Bom;Seca;Cruz;Pare;Comercial;0;1;1;0;1;1;0;0;0;0;0;0;-38,528262;-3,733329;;;
248400;30;1;2015;13:20;13414;AV ANTONIO SALES;RUA CARLOS VASCONCELOS;;;;Colisão Traseira;Luz do Dia;Bom;Seca;Cruz;Semáforo Intermitente;Comercial;0;0;2;1;0;0;0;0;0;0;0;0;-38,513726;-3,741942;;;
248401;30;1;2015;19:00;9222;RUA GAL SILVA JUNIOR;RUA GRACILIANO RAMOS;;;;Colisão Transversal;Via Iluminada;Bom;;Cruz;Pare;Residencial;0;0;2;1;0;0;0;0;0;0;0;0;-38,530158;-3,753567;;;
248402;30;1;2015;18:10;7671;AV JOSE BASTOS;RUA PARAIBA;;;;Engavetamento;Via Iluminada;Bom;Seca;Cruz;Pare;Comercial;0;0;3;1;0;0;0;0;0;0;0;0;-38,564955;-3,761294;;;
248397;30;1;2015;14:00;1273;AV SANTOS DUMONT;RUA DR JOSE LOURENCO;;;;Colisão Lateral;Luz do Dia;Bom;Seca;Cruz;Pare;Comercial;0;1;1;1;0;0;0;0;0;1;0;0;-38,507380;-3,733299;;;
248383;30;1;2015;20:30;0;AV DR SILAS MUNGUBA;;;4392;;Choque c/ Obstáculo Fixo;Via Iluminada;;Seca;Meio de Quadra;Não Há Controle;Comercial;0;0;2;1;0;0;0;0;0;0;0;0;-38,535227;-3,792890;;;
248351;30;1;2015;21:00;0;AV GOV PARSIFAL BARROSO;;;;;Colisão Lateral;Via Iluminada;Bom;Seca;Meio de Quadra;Outros;Residencial;0;0;2;0;0;0;1;0;0;1;0;0;;;;;
248359;30;1;2015;18:50;0;AV ALM BARROSO;;;701;;Colisão Lateral;Via Iluminada;Bom;Seca;Meio de Quadra;Não Há Controle;Misto;0;0;2;1;0;0;0;0;0;0;0;0;-38,516831;-3,720396;;;
248360;30;1;2015;07:30;0;AV DA UNIVERSIDADE;;;2118;;Colisão Lateral;Luz do Dia;Bom;Seca;Meio de Quadra;Semáforo;Comercial;0;0;2;1;1;0;0;0;0;0;0;0;-38,534955;-3,736403;;;
248361;30;1;2015;07:10;5437;RUA METON DE ALENCAR;RUA FLORIANO PEIXOTO;;;;Colisão Transversal;Luz do Dia;Bom;Seca;Cruz;Pare;Comercial;0;0;3;1;0;0;0;0;0;0;0;0;-38,529358;-3,734071;;;
248362;30;1;2015;16:45;0;AV ANTONIO SALES;;;1419;;Colisão Traseira;Luz do Dia;Bom;Seca;Meio de Quadra;Semáforo;Comercial;0;1;1;1;0;0;0;0;0;1;0;0;-38,511490;-3,742635;;;
248363;30;1;2015;06:30;11760;AV PRS CASTELO BRANCO;RUA ADRIANO MARTINS;;;;Colisão Lateral;Luz do Dia;Bom;Seca;T;Não Há Controle;Comercial;0;0;2;1;1;0;0;0;0;0;0;0;-38,545645;-3,714864;;;
248364;30;1;2015;09:20;0;RUA MAL DEODORO;;;;;Engavetamento;Luz do Dia;Bom;Seca;Meio de Quadra;Não Há Controle;Escola;0;0;3;1;0;0;0;0;0;0;0;0;;;;;
248365;30;1;2015;09:00;5159;AV IMPERADOR;RUA GUILHERME ROCHA;;;;Colisão Traseira;Luz do Dia;Bom;Seca;Cruz;Semáforo;Comercial;0;0;2;1;0;0;1;0;0;0;0;0;-38,533829;-3,725081;;;
248366;30;1;2015;11:00;5211;AV IMPERADOR;RUA LIBERATO BARROSO;;;;Colisão Transversal;Luz do Dia;Bom;Seca;Cruz;Semáforo;Comercial;0;0;2;1;0;0;0;0;0;0;0;0;-38,534257;-3,726511;;;
248367;30;1;2015;07:55;0;AV DA UNIVERSIDADE;;;2471;;Colisão Traseira;Luz do Dia;Bom;Seca;Meio de Quadra;;Comercial;0;0;2;1;0;0;0;0;0;0;0;0;-38,537068;-3,738714;;;
248368;30;1;2015;13:50;13389;AV ANTONIO SALES;RUA JOAO CORDEIRO;;;;Colisão Lateral;;Bom;Seca;Cruz;;Comercial;0;1;1;1;0;0;0;0;0;1;0;0;-38,518068;-3,740588;;;
248369;30;1;2015;15:30;5392;RUA PINTO MADEIRA;RUA NOGUEIRA ACIOLI;;;;Colisão Lateral;;Bom;Seca;Cruz;Pare;Residencial;0;0;2;1;0;0;0;0;0;0;0;0;-38,517559;-3,732292;;;
248370;30;1;2015;19:00;5194;RUA MAJ FACUNDO;RUA SAO PAULO;;;;Colisão Lateral;Via Iluminada;Bom;Seca;Cruz;Semáforo;Comercial;0;0;2;1;1;0;0;0;0;0;0;0;-38,527355;-3,726091;;;
248371;30;1;2015;14:15;12173;AV CASTELO DE CASTRO;AV CONTORNO SUL;;;;Colisão Lateral;Luz do Dia;Bom;Seca;Cruz;Pare;Comercial;0;1;1;0;0;0;0;0;0;1;0;0;-38,521744;-3,838809;;;
248372;30;1;2015;12:00;15300;RUA NUNES VALENTE;RUA REPUBLICA DO LIBANO;;;;Colisão Transversal;Luz do Dia;Bom;Seca;T;Pare;Misto;0;0;2;1;0;0;0;0;0;0;0;0;-38,501646;-3,729677;;;
248373;30;1;2015;14:10;0;RUA MON CATAO;;;1283;;Colisão Lateral;Luz do Dia;Bom;Seca;Meio de Quadra;Não Há Controle;Misto;0;1;1;1;0;0;0;0;0;1;0;0;-38,492142;-3,743618;;;
248374;30;1;2015;10:30;0;RUA COS LAFAYETE;;;963;;Colisão Transversal;Luz do Dia;Bom;Seca;Meio de Quadra;Não Há Controle;Residencial;0;0;2;1;0;0;0;0;0;0;0;0;-38,587023;-3,717589;;;
248375;30;1;2015;20:00;12604;RUA FENELON BOMILCAR;RUA SEMPREVIVA;;;;Colisão Lateral;Via Iluminada;Bom;Seca;Cruz;Pare;Residencial;0;1;1;0;0;0;0;0;0;1;0;0;-38,581135;-3,715943;;;
248376;30;1;2015;09:00;0;RUA GERMANO FRANCK;;;1005;;Colisão Lateral;Luz do Dia;Bom;Seca;Meio de Quadra;Semáforo;Misto;0;0;2;1;0;0;0;0;0;0;0;0;-38,564653;-3,779479;;;
248377;30;1;2015;09:30;19596;RUA NEREU RAMOS;RUA TCHECOSLOVAQUIA;;;;Colisão;Luz do Dia;Bom;Seca;Cruz;Pare;Comercial;0;1;1;1;0;0;0;0;0;1;0;0;-38,570458;-3,785913;;;
248378;30;1;2015;08:30;0;RUA PAULA RODRIGUES;;;55;;Colisão Lateral;Luz do Dia;Bom;Seca;Meio de Quadra;Não Há Controle;Comercial;0;0;2;1;0;0;1;0;0;0;0;0;-38,526255;-3,752717;;;
248379;30;1;2015;09:30;25268;AV BORGES DE MELO;RUA JORGE ACURCIO;;;;Colisão Lateral;Luz do Dia;Bom;Seca;T;Não Há Controle;Comercial;0;2;0;1;0;0;0;0;0;1;0;0;-38,529837;-3,760118;;;
248380;30;1;2015;14:11;22124;RUA PRO COSTA MENDES;RUA MAJ PEDRO SAMPAIO;;;;Colisão Lateral;Luz do Dia;Bom;Seca;Cruz;Pare;Comercial;0;1;1;1;0;0;0;0;0;1;0;0;-38,554665;-3,747674;;;
248381;30;1;2015;17:50;1510;AV JULIO VENTURA;RUA JOSE VILAR;;;;Colisão Transversal;Anoitecer;Bom;Seca;Cruz;Semáforo Intermitente;Comercial;0;1;1;0;0;0;0;0;0;1;0;0;-38,506014;-3,739985;;;
248419;31;1;2015;;0;RUA BAR ARACATI;;;561;;Colisão Lateral;Luz do Dia;Bom;Seca;Meio de Quadra;Não Há Controle;Residencial;0;0;2;0;1;0;0;0;0;0;0;0;-38,509868;-3,726425;;;
248420;31;1;2015;16:55;0;AV DOS EXPEDICIONARIOS;;;9964;;Colisão Lateral;Luz do Dia;Bom;Seca;Meio de Quadra;Não Há Controle;Comercial;0;1;1;0;1;1;0;0;0;0;0;0;-38,553137;-3,804464;;;
248417;31;1;2015;08:53;5045;AV FILOMENO GOMES;RUA SAO PAULO;;;;Colisão Lateral;Luz do Dia;Bom;Seca;Cruz;Semáforo;Comercial;0;1;1;1;0;0;0;0;0;1;0;0;-38,541200;-3,721539;;;
248413;31;1;2015;16:08;251;RUA GAL BERNARDO FIGUEIREDO;RUA DOM JOSE LOURENCO  D27;;;;Colisão Frontal;Luz do Dia;;Seca;Cruz;Pare;Residencial;0;0;2;1;0;0;0;0;0;0;0;0;-38,558444;-3,740999;;;
248414;31;1;2015;06:45;0;RUA JORGE DUMAR;;;2009;;Choque c/ Obstáculo Fixo;Luz do Dia;Bom;Seca;Meio de Quadra;Não Há Controle;Misto;0;1;0;1;0;0;0;0;0;0;0;0;-38,539561;-3,753515;;;
248415;31;1;2015;06:29;10180;RUA CEL FABRICIANO;RUA JOSE TORRES;;;;Colisão Transversal;Luz do Dia;Bom;Seca;Cruz;Pare;Comercial;0;2;1;0;0;0;0;0;0;1;0;0;-38,608037;-3,782694;;;
248409;31;1;2015;15:15;0;RUA JOAQUIM LIMA;;;1315;;Colisão Traseira;Luz do Dia;Bom;Seca;Meio de Quadra;Não Há Controle;Residencial;0;0;2;0;0;0;0;0;0;0;0;0;-38,475640;-3,742644;;;
248410;31;1;2015;;15343;RUA PEREIRA FILGUEIRAS;RUA NUNES VALENTE;;;;Colisão Transversal;Via Iluminada;Bom;Seca;Cruz;Semáforo;Comercial;0;0;3;1;1;0;0;0;0;0;0;0;-38,502310;-3,731786;;;
248411;31;1;2015;20:30;0;RUA PESSOA ANTA;;;287;CAIXA ECONOMICA;Colisão Transversal;Via Iluminada;Bom;Seca;Meio de Quadra;Não Há Controle;Comercial;0;0;2;1;0;0;0;0;0;0;0;0;-38,520444;-3,720865;;;
248407;31;1;2015;05:51;9142;RUA MON OTAVIO CASTRO;RUA GUILHERME MOREIRA;;;;Colisão Transversal;Amanhecer;Bom;Seca;Cruz;Pare;Residencial;0;2;0;1;0;0;0;0;0;1;0;0;-38,526504;-3,750182;;;
248404;31;1;2015;18:00;0;AV SANTOS DUMONT;;;;;Tombamento;Via Iluminada;Bom;Seca;Meio de Quadra;Não Há Controle;Outros;0;0;1;1;0;0;0;0;0;0;0;0;;;;;
248405;31;1;2015;12:54;0;RUA JOAO CORDEIRO;;;1670;;Colisão Lateral;Luz do Dia;Bom;Seca;Meio de Quadra;Não Há Controle;Residencial;0;0;2;1;0;0;0;0;0;0;0;0;-38,516066;-3,735008;;;
248422;31;1;2015;07:30;0;RUA AMERICO ROCHA LIMA;;;455;;Choque c/ Obstáculo Fixo;Luz do Dia;Bom;Seca;Meio de Quadra;Não Há Controle;Residencial;0;1;1;1;0;0;0;0;0;0;0;0;-38,579467;-3,799039;;;
257084;31;1;2015;22:02;18744;RUA CODO;RUA DALVA DE OLIVEIRA;;;;Colisão;;;;;;;1;1;0;0;0;0;0;0;0;1;0;0;-38,521891;-3,848308;;;
257082;31;1;2015;11:00;0;AV CARNEIRO DE MENDONCA;;;1201;;Colisão;Luz do Dia;;;Meio de Quadra;;;0;1;1;1;0;0;0;0;0;1;0;0;-38,569712;-3,762535;;;
257093;31;1;2015;06:00;0;AV 13 DE MAIO;;;2358;REITORIA;Atropelamento;Luz do Dia;;;Meio de Quadra;;;1;0;1;0;0;0;0;0;0;1;0;0;-38,539082;-3,740984;;;
257172;31;1;2015;16:48;4099;RUA LUCAS PINTO;RUA OLIMPIO DE PAIVA;;;;Colisão;Luz do Dia;;;Cruz;Não Há Controle;Residencial;0;1;1;1;0;0;0;0;0;1;0;0;-38,559618;-3,717822;;;
257169;31;1;2015;14:00;7637;AV CARNEIRO DE MENDONCA;RUA NETUNO;;;;Colisão;Luz do Dia;;;T;Não Há Controle;Comercial;0;1;0;0;0;0;0;0;0;1;0;0;-38,571592;-3,761518;;;
257179;31;1;2015;17:50;0;RUA CARLOS AMORA;;;;;Colisão;Anoitecer;;;Meio de Quadra;;;0;1;0;1;0;0;0;0;0;0;0;0;;;;;
260437;31;1;2015;01:46;0;AV EDUARDO GIRAO;RUA GAL SILVA JUNIOR;;;;Choque c/ Obstáculo Fixo;;;;;;;0;0;1;1;0;0;0;0;0;0;0;0;;;;;
260439;31;1;2015;03:57;0;AV GAL OSORIO DE PAIVA;;;5384;;Colisão;;;;Meio de Quadra;;;0;1;1;1;0;0;0;0;0;0;0;0;-38,601896;-3,804551;;;
260443;31;1;2015;06:25;6988;AV C CJ ESPERANCA;AV CONTORNO LESTE D71;;;;Atropelamento;Luz do Dia;;;;;;0;1;1;0;0;0;0;0;0;0;0;0;-38,586607;-3,818281;;;
260448;31;1;2015;07:06;0;RUA DA SAUDADE D04;;;;;Atropelamento;Luz do Dia;;;Meio de Quadra;;;0;2;0;0;0;0;0;0;0;1;0;0;;;;;
260449;31;1;2015;07:35;0;RUA PERNAMBUCO;;;2861;;Colisão;Luz do Dia;;;Meio de Quadra;;;0;1;1;1;0;0;0;0;0;1;0;0;-38,578932;-3,750566;;;
260451;31;1;2015;07:40;0;AV SEN FERNANDES TAVORA;;;;;Queda;Luz do Dia;;;Meio de Quadra;;;0;1;0;0;0;0;0;0;0;1;0;0;-38,574844;-3,766132;;;
260452;31;1;2015;08:20;0;AV JOSE BASTOS;;;;;Colisão;Luz do Dia;;;Meio de Quadra;;;0;1;0;0;0;0;0;0;0;0;0;0;;;;;
260454;31;1;2015;11:34;0;RUA DR JOAQUIM BENTO;RUA VICENTE NOBRE MACEDO;;;;Colisão;Luz do Dia;;;;;;0;1;1;1;0;0;0;0;0;1;0;0;-38,484682;-3,828294;;;
260455;31;1;2015;12:52;0;AV BEIRA MAR;;;;;Colisão;Luz do Dia;;;Meio de Quadra;;;0;1;1;1;0;0;0;0;0;1;0;0;;;;;
260459;31;1;2015;15:23;1492;RUA BARBOSA DE FREITAS;RUA PAULA NEI;;;;Choque c/ Obstáculo Fixo;Luz do Dia;;;T;Não Há Controle;Misto;0;1;0;1;0;0;0;0;0;0;0;0;-38,498298;-3,739481;;;
260471;31;1;2015;20:39;0;RUA MOURA MATOS;;;;;Atropelamento;;;;Meio de Quadra;;;0;1;1;0;0;0;0;0;0;1;0;0;-38,540218;-3,815377;;;
260472;31;1;2015;23:15;0;AV DA INDEPENDENCIA;;;2583;;Atropelamento;;;;Meio de Quadra;;;0;1;1;1;0;0;0;0;0;0;0;0;;;;;
260473;31;1;2015;21:17;0;RUA LUCIANO ALVES;;;;;Queda;;;;Meio de Quadra;;;0;1;0;0;0;0;0;0;0;1;0;0;;;;;
260474;31;1;2015;21:21;0;AV GODOFREDO MACIEL;;;538;;Atropelamento;;;;Meio de Quadra;;;0;1;1;0;0;0;0;0;0;1;0;0;-38,565158;-3,781007;;;
260475;31;1;2015;22:33;0;RUA OLIMPIO LEITE;RUA MANUEL TEIXEIRA;;;;Colisão;;;;;;;0;1;1;1;0;0;0;0;0;1;0;0;;;;;
260463;31;1;2015;17:36;0;AV PASTEUR;RUA GOMES PASSOS;;;;Colisão;Anoitecer;;;;;;0;0;2;1;0;0;0;0;0;1;0;0;;;;;
260464;31;1;2015;17:18;0;AV PERIMETRAL;;;;;Queda;Anoitecer;;;Meio de Quadra;;;0;1;0;0;0;0;0;0;0;1;0;0;;;;;
260466;31;1;2015;19:18;0;AV MIN JOSE AMERICO;;;;;Colisão;;;;Meio de Quadra;;;0;1;1;0;0;0;0;0;0;0;0;0;;;;;
260469;31;1;2015;17:38;0;AV PERIMETRAL;;;7553;;Colisão;Anoitecer;;;Meio de Quadra;;;0;1;1;1;0;0;0;0;0;1;0;0;;;;;
263473;31;1;2015;01:40;0;RUA AMERICO ROCHA LIMA;;;455;;Colisão;;;;Meio de Quadra;;;0;0;2;0;0;0;0;0;0;0;0;0;-38,579467;-3,799039;;;
263471;31;1;2015;00:24;3814;RUA PAULINO NOGUEIRA;RUA WALDERY UCHOA;;;;Colisão;;;;Cruz;Pare;Residencial;0;0;2;0;0;0;0;0;0;0;0;0;-38,538372;-3,743449;;;
263487;31;1;2015;10:21;15137;RUA ILDEFONSO ALBANO;AV MON TABOSA;;;;Colisão;Luz do Dia;;;Cruz;Semáforo;Comercial;0;0;2;0;0;0;0;0;0;0;0;0;-38,510333;-3,724155;;;
263488;31;1;2015;10:39;0;AV ZEZE DIOGO;;;;;Colisão;Luz do Dia;;;Meio de Quadra;;;0;0;2;0;0;0;0;0;0;0;0;0;;;;;
263480;31;1;2015;06:22;7130;RUA NOSSA SRA DAS GRACAS;AV DR THEBERGE;;;;Colisão;Luz do Dia;;;Cruz;Não Há Controle;Residencial;0;0;2;0;0;0;0;0;0;0;0;0;-38,562576;-3,707420;;;
263481;31;1;2015;06:39;0;AV GAL OSORIO DE PAIVA;;;7738;;Colisão;Luz do Dia;;;Meio de Quadra;;;0;0;2;0;0;0;0;0;0;0;0;0;-38,617155;-3,820297;;;
263482;31;1;2015;07:34;0;AV SAUDADE D68;;;240;;Atropelamento;Luz do Dia;;;Meio de Quadra;;;0;0;2;0;0;0;0;0;0;0;0;0;-38,537875;-3,819411;;;
263484;31;1;2015;09:21;1887;RUA PDE PEDRO DE ALENCAR;RUA LUIS ALVES TOMAS;;;;Colisão;Luz do Dia;;;Cruz;Pare;Residencial;0;0;2;0;0;0;0;0;0;0;0;0;-38,494436;-3,844646;;;
263485;31;1;2015;09:24;0;RUA PARANAI;;;1450;;Colisão;Luz do Dia;;;Meio de Quadra;;;0;0;2;0;0;0;0;0;0;0;0;0;;;;;
263572;31;1;2015;11:35;0;AV 13 DE MAIO;;;1776;;Colisão;Luz do Dia;;;Meio de Quadra;;;0;0;2;0;0;0;0;0;0;0;0;0;-38,533607;-3,745675;;;
263573;31;1;2015;11:56;0;RUA PRO FRANCISCO GONCALVES;;;1400;;Colisão;Luz do Dia;;;Meio de Quadra;;;0;0;2;0;0;0;0;0;0;0;0;0;;;;;
263574;31;1;2015;12:49;0;AV DES MOREIRA;;;1011;;Colisão;Luz do Dia;;;Meio de Quadra;;;0;0;2;0;0;0;0;0;0;0;0;0;-38,497860;-3,734711;;;
263575;31;1;2015;12:51;15312;RUA PRO DIAS DA ROCHA;RUA SILVA JATAHY;;;;Colisão;Luz do Dia;;;Cruz;Pare;Comercial;0;0;2;0;0;0;0;0;0;0;0;0;-38,489982;-3,730205;;;
263576;31;1;2015;13:25;12985;AV A CJ JOSE WALTER;AV L CJ JOSE WALTER;;;;Colisão;Luz do Dia;;;Cruz;Pare;Residencial;0;1;1;0;0;0;0;0;0;0;0;0;-38,555532;-3,824443;;;
263577;31;1;2015;13:27;0;RUA JOAQUIM FROTA;;;909;;Colisão;Luz do Dia;;;Meio de Quadra;;;0;0;2;0;0;0;0;0;0;0;0;0;-38,470756;-3,801234;;;
263578;31;1;2015;13:28;0;AV SIQUEIRA CAMPOS;;;836;;Colisão;Luz do Dia;;;Meio de Quadra;;;0;0;2;0;0;0;0;0;0;0;0;0;-38,622825;-3,817679;;;
263579;31;1;2015;13:30;5099;AV TRISTAO GONCALVES;RUA SEN ALENCAR;;;;Colisão;Luz do Dia;;;Cruz;Pare;Comercial;0;0;2;0;0;0;0;0;0;0;0;0;-38,532122;-3,723524;;;
263580;31;1;2015;14:33;0;RUA PINHO PESSOA;;;1034;;Colisão;Luz do Dia;;;Meio de Quadra;;;0;0;2;0;0;0;0;0;0;0;0;0;-38,512991;-3,745337;;;
263581;31;1;2015;14:40;0;RUA FRANKLIN TAVORA;;;548;;Colisão;Luz do Dia;;;Meio de Quadra;;;0;0;2;0;0;0;0;0;0;0;0;0;-38,519517;-3,730585;;;
263582;31;1;2015;15:01;7790;AV PONTES VIEIRA;AV DES MOREIRA;;;;Colisão;Luz do Dia;;;Cruz;Semáforo;Comercial;0;0;2;0;0;0;0;0;0;0;0;0;-38,503254;-3,751526;;;
263583;31;1;2015;22:04;0;RUA CODO;;;214;;Atropelamento;;;;Meio de Quadra;;;0;0;2;0;0;0;0;0;0;0;0;0;-38,521365;-3,846378;;;
263584;31;1;2015;15:48;0;AV MARIO LINHARES (SAPIRANGA);;;11;;Choque c/ Obstáculo Fixo;Luz do Dia;;;Meio de Quadra;;;0;0;1;0;0;0;0;0;0;0;0;0;;;;;
263585;31;1;2015;15:49;1381;AV HERACLITO GRACA;RUA ILDEFONSO ALBANO;;;;Colisão;Luz do Dia;;;Duplo T;Semáforo;Comercial;0;0;2;0;0;0;0;0;0;0;0;0;-38,514339;-3,736795;;;
263586;31;1;2015;15:51;0;AV ZEZE DIOGO;;;;;Colisão;Luz do Dia;;;Meio de Quadra;;;0;0;2;0;0;0;0;0;0;0;0;0;;;;;
263587;31;1;2015;15:52;7328;RUA MANAUS;RUA PRO EDGAR DE ARRUDA;;;;Colisão;Luz do Dia;;;Cruz;Pare;Residencial;0;0;2;0;0;0;0;0;0;0;0;0;-38,591676;-3,754542;;;
263588;31;1;2015;17:50;0;AV DIOGUINHO;;;5735;;Colisão;Anoitecer;;;Meio de Quadra;;;0;0;2;0;0;0;0;0;0;0;0;0;;;;;
263589;31;1;2015;17:12;0;AV WASHINGTON LUIS;;;562;;Colisão;Anoitecer;;;Meio de Quadra;;;0;0;2;0;0;0;0;0;0;0;0;0;-38,593686;-3,716294;;;
263590;31;1;2015;17:32;0;AV SORIANO ALBUQUERQUE;;;;;Colisão;Anoitecer;;;Meio de Quadra;;;0;0;2;0;0;0;0;0;0;0;0;0;;;;;
263591;31;1;2015;17:37;0;AV SGT HERMINIO SAMPAIO;;;4312;;Colisão;Anoitecer;;;Meio de Quadra;;;0;0;2;0;0;0;0;0;0;0;0;0;-38,578684;-3,731289;;;
263592;31;1;2015;18:15;5303;AV SANTOS DUMONT;RUA DNA LEOPOLDINA;;;;Colisão;Anoitecer;;;T;Semáforo;Comercial;0;0;2;0;0;0;0;0;0;0;0;0;-38,519029;-3,729515;;;
263593;31;1;2015;18:17;0;LOGRADOURO SEM NOME;;;1347;;Colisão;Anoitecer;;;Meio de Quadra;;;0;0;2;0;0;0;0;0;0;0;0;0;;;;;
263594;31;1;2015;19:55;0;AV BEZERRA DE MENEZES;;;1818;;Colisão;;;;Meio de Quadra;;;0;0;2;0;0;0;0;0;0;0;0;0;;;;;
263595;31;1;2015;21:04;0;AV PRS COSTA E SILVA;;;1720;;Colisão;;;;Meio de Quadra;;;0;0;2;0;0;0;0;0;0;0;0;0;-38,566971;-3,816838;;;
263596;31;1;2015;21:20;5343;AV BEZERRA DE MENEZES;RUA PDE IBIAPINA;;;;Colisão;;;;Cruz;Semáforo;Comercial;0;0;2;0;0;0;0;0;0;0;0;0;-38,539973;-3,730548;;;
263597;31;1;2015;23:30;0;AV CEL CARVALHO;;;;;Colisão;;;;Meio de Quadra;;;0;0;2;0;0;0;0;0;0;0;0;0;;;;;
263598;31;1;2015;22:21;0;AV 13 DE MAIO;;;;;Atropelamento;;;;Meio de Quadra;;;0;0;2;0;0;0;0;0;0;0;0;0;;;;;
263599;31;1;2015;22:32;0;AV MOZART PINHEIRO DE LUCENA;;;2946;;Colisão;;;;Meio de Quadra;;;0;0;2;0;0;0;0;0;0;0;0;0;-38,599105;-3,730292;;;
263600;31;1;2015;22:48;1357;RUA ILDEFONSO ALBANO;RUA MILAGRES;;;;Colisão;;;;T;Pare;Comercial;0;0;2;0;0;0;0;0;0;0;0;0;-38,514147;-3,736234;;;