COD_ACIDENTE;DIA;MES;ANO;HORA;INTERSECAO;LOG1;LOG2;LOG3;NUMERO;REFERENCIA;NATUREZA;ILUMINACAO;TEMPO;SUPERFICIEPISTA;TIPOCRUZAMENTO;CONTROLETRAFEGO;USOSOLO;MORTOS;FERIDOS;ILESOS;AUTOMOVEL;ONIBUS;BICICLETA;CAMINHAO;MICROONIBUS;CICLOMOTOR;MOTOCICLETA;TRACAOANIMAL;TREM;LONG;LAT;;;
263601;31;1;2015;23:08;0;RUA MEM DE SA;;;626;;Colisão;;;;Meio de Quadra;;;0;0;2;0;0;0;0;0;0;0;0;0;-38,485433;-3,827921;;;
263602;31;1;2015;23:38;0;RUA GOIANESA;;;170;;Atropelamento;;;;Meio de Quadra;;;0;0;2;0;0;0;0;0;0;0;0;0;;;;;
259918;31;1;2015;13:32;0;AV GAL OSORIO DE PAIVA;;;5830;IGREJA DO CANINDEZINHO;Colisão;Luz do Dia;;;Meio de Quadra;;;0;0;2;1;0;0;0;0;0;0;0;0;-38,604645;-3,807372;;;
259642;31;1;2015;10:42;0;RUA OSVALDO CRUZ;;;;;Colisão;Luz do Dia;;;;;;0;0;2;1;0;0;0;0;0;0;0;0;;;;;
259643;31;1;2015;11:20;0;AV GODOFREDO MACIEL;;;2575;;Colisão;Luz do Dia;;;Meio de Quadra;;;0;0;2;1;0;0;0;0;0;0;0;0;-38,570470;-3,798278;;;
259646;31;1;2015;11:14;0;AV GAL OSORIO DE PAIVA;;;;;Colisão;Luz do Dia;;;Meio de Quadra;;;0;0;3;1;0;0;0;0;0;0;0;0;;;;;
259648;31;1;2015;16:20;0;AV JOR THOMAZ COELHO;;;;;Colisão;Luz do Dia;;;Meio de Quadra;;;0;1;1;0;1;0;0;0;0;0;0;0;-38,509057;-3,829923;;;
259698;1;2;2015;11:14;0;VL COS LAFAYETE;;;;;Colisão;Luz do Dia;;;Meio de Quadra;;;0;0;3;1;1;0;0;0;0;0;0;0;;;;;
259711;1;2;2015;15:02;0;AV JOR THOMAZ COELHO;;;;;Colisão;Luz do Dia;;;Meio de Quadra;;;0;0;2;1;1;0;0;0;0;0;0;0;;;;;
259716;1;2;2015;18:06;4188;AV PRS CASTELO BRANCO;RUA STA ROSA D20/21 (JACARECANGA);;;;;Anoitecer;;;T;Não Há Controle;Residencial;0;0;2;1;0;0;0;0;0;0;0;0;-38,553260;-3,712336;;;
259935;1;2;2015;18:02;3480;RUA CAP HUGO BEZERRA;RUA CONFIANCA D63;;;;Atropelamento;Anoitecer;;;Rotatória;Pare;Residencial;0;1;1;0;0;0;0;0;0;1;0;0;-38,511686;-3,820548;;;
259936;1;2;2015;17:44;25200;RUA TULIPA;RUA ASTROGILDO FONTOURA;;;;Colisão;Anoitecer;;;T;Pare;Misto;0;1;1;1;0;0;0;0;0;1;0;0;-38,578915;-3,712792;;;
259937;1;2;2015;18:04;0;RUA CASTRO MEIRELES;;;;;Colisão;Anoitecer;;;Meio de Quadra;;;0;2;0;0;0;0;0;0;0;1;0;0;;;;;
259943;1;2;2015;18:34;0;AV JOR THOMAZ COELHO;;;;;Atropelamento;;;;Meio de Quadra;;;0;1;1;0;0;0;0;0;0;0;0;0;-38,509057;-3,829923;;;
259846;1;2;2015;04:11;0;RUA MANUEL COSTA;;;639;;Choque c/ Obstáculo Fixo;;;;Meio de Quadra;;;1;0;1;1;0;0;0;0;1;0;0;0;;;;;
259950;1;2;2015;20:14;0;AV CEL CARVALHO;;;;;Atropelamento;;;;Meio de Quadra;;;0;1;1;0;0;0;0;0;0;0;0;0;;;;;
259951;1;2;2015;22:00;0;AV PRS CASTELO BRANCO;;;;;Queda;;;;Meio de Quadra;;;0;1;0;0;0;0;0;0;0;1;0;0;-38,578258;-3,704485;;;
259947;1;2;2015;20:11;12431;RUA RIO GRANDE DO SUL;RUA MARIO DA SILVEIRA;;;;Atropelamento;;;;Cruz;Pare;Comercial;0;1;1;0;0;0;0;0;0;1;0;0;-38,571640;-3,765984;;;
263603;1;2;2015;00:12;15261;RUA CANUTO DE AGUIAR;RUA JOSE VILAR;;;;Colisão;;;;T;Não Há Controle;Residencial;0;0;2;0;0;0;0;0;0;0;0;0;-38,502288;-3,728393;;;
263604;1;2;2015;00:49;0;AV BENJAMIM BRASIL;;;;;Choque c/ Obstáculo Fixo;;;;Meio de Quadra;;;0;0;1;0;0;0;0;0;0;0;0;0;;;;;
263605;1;2;2015;01:18;0;AV JOSE BASTOS;;;;;Colisão;;;;Meio de Quadra;;;0;0;2;0;0;0;0;0;0;0;0;0;;;;;
263606;1;2;2015;02:16;0;AV CASTANHOLEIRAS;;;;;Colisão;;;;Meio de Quadra;;;0;0;2;0;0;0;0;0;0;0;0;0;;;;;
263607;1;2;2015;02:20;0;AV AGUANAMBI;;;;;Atropelamento;;;;Meio de Quadra;;;0;0;2;0;0;0;0;0;0;0;0;0;;;;;
263608;1;2;2015;07:11;21591;RUA DES FROTA D71;RUA COSTA FREIRE;;;;Colisão;Luz do Dia;;;Cruz;;Residencial;0;0;2;0;0;0;0;0;0;0;0;0;-38,588182;-3,796108;;;
263609;1;2;2015;09:38;19331;AV GAL OSORIO DE PAIVA;RUA PRO GOMES BRASIL;;;;Colisão;Luz do Dia;;;Cruz;Semáforo;Comercial;0;0;2;0;0;0;0;0;0;0;0;0;-38,566451;-3,775618;;;
263611;1;2;2015;09:53;0;RUA COS LAFAYETE;;;254;;Colisão;Luz do Dia;;;Meio de Quadra;;;0;0;2;0;0;0;0;0;0;0;0;0;-38,580256;-3,718221;;;
263612;1;2;2015;10:12;0;RUA CAP HUGO BEZERRA;;;;;Colisão;Luz do Dia;;;Meio de Quadra;;;0;0;2;0;0;0;0;0;0;0;0;0;;;;;
263614;1;2;2015;11:05;0;RUA COS LAFAYETE;;;406;;Colisão;Luz do Dia;;;Meio de Quadra;;;0;0;2;0;0;0;0;0;0;0;0;0;-38,581572;-3,718107;;;
263616;1;2;2015;11:14;0;AV COS GOMES DE FREITAS (SAPIRANGA/COITE);;;3333;;Colisão;Luz do Dia;;;Meio de Quadra;;;0;0;2;0;0;0;0;0;0;0;0;0;-38,479007;-3,795633;;;
263618;1;2;2015;11:39;9132;AV 13 DE MAIO;RUA JAIME BENEVOLO;;;;Colisão;Luz do Dia;;;Cruz;Semáforo;Comercial;0;0;2;0;0;0;0;0;0;0;0;0;-38,530741;-3,748122;;;
263622;1;2;2015;11:57;0;AV JOR THOMAZ COELHO;;;;;Colisão;Luz do Dia;;;Meio de Quadra;;;0;0;2;0;0;0;0;0;0;0;0;0;;;;;
263624;1;2;2015;12:45;19157;RUA JOAQUIM LIMA;RUA DES WALDETARIO P MOTA;;;;Colisão;Luz do Dia;;;Cruz;Pare;Misto;0;0;2;0;0;0;0;0;0;0;0;0;-38,482830;-3,740333;;;
263627;1;2;2015;14:20;0;RUA SOUSA PINTO;;;546;;Atropelamento;Luz do Dia;;;Meio de Quadra;;;0;0;2;0;0;0;0;0;0;0;0;0;-38,514160;-3,762660;;;
263628;1;2;2015;14:22;0;RUA LOURDES VIDAL ALVES;;;622;;Colisão;Luz do Dia;;;Meio de Quadra;;;0;0;2;0;0;0;0;0;0;0;0;0;;;;;
263629;1;2;2015;16:07;0;RUA VALPARAISO;;;680;;Colisão;Luz do Dia;;;Meio de Quadra;;;0;0;2;0;0;0;0;0;0;0;0;0;-38,526224;-3,843856;;;
263630;1;2;2015;16:11;9304;RUA TULIPA;RUA GAL MARIO HERMES;;;;Colisão;Luz do Dia;;;T;Pare;Residencial;0;0;2;0;0;0;0;0;0;0;0;0;-38,579159;-3,713445;;;
263634;1;2;2015;17:03;0;RUA PAULO CANDIDO;;;357;;Atropelamento;Anoitecer;;;Meio de Quadra;;;0;0;2;0;0;0;0;0;0;0;0;0;-38,565871;-3,801826;;;
263636;1;2;2015;18:10;0;RUA PESC CHICO BINDA;;;;;Choque c/ Obstáculo Fixo;Anoitecer;;;Meio de Quadra;;;0;0;1;0;0;0;0;0;0;0;0;0;;;;;
263632;1;2;2015;16:19;5060;RUA CASTRO E SILVA;AV IMPERADOR;;;;Colisão;Luz do Dia;;;Cruz;Semáforo;Comercial;0;0;2;0;0;0;0;0;0;0;0;0;-38,532916;-3,722013;;;
263641;1;2;2015;19:40;0;RUA JOSE ONOFRE;;;;;Colisão;;;;Meio de Quadra;;;0;0;2;0;0;0;0;0;0;0;0;0;;;;;
263643;1;2;2015;21:43;0;AV PRS CASTELO BRANCO;;;5288;;Colisão;;;;Meio de Quadra;;;0;0;2;0;0;0;0;0;0;0;0;0;-38,578258;-3,704485;;;
253430;1;2;2015;18:50;0;RD BR 116;;;9000;KM-09;Colisão Lateral;Via Iluminada;Bom;Seca;Meio de Quadra;Não Há Controle;Comercial;0;1;2;1;0;0;0;0;0;1;0;0;-38,504865;-3,830837;;;
257187;1;2;2015;18:35;9814;RUA MANOEL B DOS SANTOS;RUA DALAS;;;;Colisão;;;;Cruz;Não Há Controle;Residencial;0;1;0;0;0;0;0;0;0;1;0;0;-38,614169;-3,795525;;;
248450;1;2;2015;06:10;19667;AV BEZERRA DE MENEZES;RUA ERETIDES MARTINS;;;;Colisão Frontal;Luz do Dia;Bom;Seca;Cruz;Semáforo;Comercial;0;1;2;1;1;0;0;0;0;1;0;0;-38,557568;-3,734232;;;
248451;1;2;2015;12:40;19144;RUA DES WALDETARIO P MOTA;RUA PEREIRA DE MIRANDA;;;;Colisão Transversal;Luz do Dia;Bom;Seca;Cruz;Pare;Residencial;0;2;0;1;0;0;0;0;0;0;0;0;-38,482385;-3,739627;;;
248452;1;2;2015;13:00;0;AV PRS CASTELO BRANCO;;;4547;;Colisão Traseira;Luz do Dia;Bom;Seca;Meio de Quadra;Não Há Controle;Comercial;0;0;2;1;0;0;0;0;0;0;0;0;-38,572732;-3,706827;;;
248453;1;2;2015;14:00;0;RUA LAURO NOGUEIRA;;;1215;;Choque c/ Obstáculo Fixo;Luz do Dia;Bom;Seca;Meio de Quadra;Pare;Misto;0;2;0;0;0;0;0;0;1;0;0;0;;;;;
248454;1;2;2015;08:30;5065;AV ALBERTO NEPOMUCENO;RUA JOSE AVELINO;;;;Colisão Lateral;Luz do Dia;Bom;Seca;Rotatória;Não Há Controle;Comercial;0;0;2;1;0;0;1;0;0;0;0;0;-38,523662;-3,722081;;;
248455;1;2;2015;03:00;6729;RUA BENTO ALBUQUERQUE;RUA DES WALDETARIO P MOTA;;;;Colisão Transversal;Via Iluminada;Bom;Seca;Cruz;Semáforo;Residencial;0;1;1;1;0;0;0;0;0;0;0;0;-38,484685;-3,743274;;;
248456;1;2;2015;17:00;10005;RUA TAQUARI;RUA DUAS NACOES;;;;Colisão Transversal;Luz do Dia;Bom;Seca;Cruz;Pare;Residencial;0;1;1;1;0;0;0;0;0;1;0;0;-38,601822;-3,776149;;;
248457;1;2;2015;13:30;0;RUA PEDRO SAMPAIO;;;1243;;Colisão Lateral;Via Iluminada;Bom;Seca;Meio de Quadra;Não Há Controle;Residencial;0;1;1;0;0;0;0;0;0;1;0;0;;;;;
248458;1;2;2015;14:25;0;AV JOSE BASTOS;;;3204;;Colisão Lateral;Luz do Dia;Bom;Seca;Meio de Quadra;Não Há Controle;Comercial;0;0;2;1;1;0;0;0;0;0;0;0;;;;;
248459;1;2;2015;19:50;9169;AV LUCIANO CARNEIRO;RUA DR ALFREDO WEYNE D14;;;;Colisão Frontal;Anoitecer;Bom;Seca;;Pare;Comercial;0;2;0;1;0;0;0;0;0;1;0;0;-38,533556;-3,754682;;;
253496;1;2;2015;10:45;0;RD BR 116;;;3000;KM-03;Colisão Traseira;Luz do Dia;Bom;Seca;Meio de Quadra;Não Há Controle;Comercial;0;0;2;1;0;0;0;0;0;0;0;0;-38,514372;-3,779838;;;
253514;1;2;2015;17:40;0;RD BR 116;;;16000;KM-16;Colisão Traseira;Anoitecer;Bom;Seca;Meio de Quadra;Não Há Controle;;0;0;2;1;0;0;0;0;0;0;0;0;;;;;
253539;1;2;2015;15:00;0;RD BR 222;;;;KM-01;Colisão Traseira;Luz do Dia;Bom;Seca;Meio de Quadra;Não Há Controle;Comercial;0;0;2;1;0;0;0;0;0;0;0;0;-38,577952;-3,737774;;;
253566;1;2;2015;18:20;0;RD BR 222;;;;KM-03;Colisão Traseira;Via Iluminada;Bom;Seca;Meio de Quadra;Não Há Controle;Residencial;0;0;3;1;0;0;0;0;0;0;0;0;-38,571997;-3,736999;;;
260096;1;2;2015;08:33;25107;RUA DEMETRIO MENEZES;RUA JOAQUIM ALBANO;;;;Colisão;Luz do Dia;;;Duplo T;Pare;Comercial;0;0;2;1;1;0;0;0;0;0;0;0;-38,584096;-3,735910;;;
260097;1;2;2015;21:05;0;RUA ULISSES BEZERRA;;;;;Colisão;;;;Meio de Quadra;;;0;0;2;0;0;0;0;0;0;0;0;0;;;;;
260197;1;2;2015;22:00;0;RUA SEN ROBERT KENNEDY;;;;;Queda;;;;Meio de Quadra;;;0;1;0;0;0;0;0;0;0;1;0;0;-38,578312;-3,702584;;;
260209;2;2;2015;09:18;13474;RUA DR JOSE LOURENCO;RUA TOMAS ACIOLI;;;;Atropelamento;Luz do Dia;;;Cruz;Pare;Comercial;0;1;1;1;0;0;0;0;0;0;0;0;-38,510934;-3,744447;;;
260210;2;2;2015;11:41;0;AV DOS EXPEDICIONARIOS;;;;;Colisão;Luz do Dia;;;Meio de Quadra;;;0;1;1;1;0;0;0;0;0;1;0;0;-38,538042;-3,754596;;;
260199;2;2;2015;06:12;0;AV GODOFREDO MACIEL;;;;;Queda;Luz do Dia;;;Meio de Quadra;;;0;1;0;0;0;0;0;0;0;1;0;0;;;;;
260212;2;2;2015;11:57;0;RUA ANTONIO BARBOSA;;;;;Colisão;Luz do Dia;;;Meio de Quadra;;;0;1;1;1;0;0;0;0;0;1;0;0;;;;;
260213;2;2;2015;12:29;0;RUA BETEL;;;;;Queda;Luz do Dia;;;Meio de Quadra;;;0;1;0;0;0;0;0;0;0;1;0;0;;;;;
260214;2;2;2015;18:04;22084;RUA CAP FRANCISCO PEDRO;RUA ANA NERY;;;;Queda;Anoitecer;;;Cruz;Pare;Residencial;0;1;0;0;0;1;0;0;0;0;0;0;-38,549085;-3,747399;;;
260204;2;2;2015;08:05;0;AV PRS CASTELO BRANCO;;;;;Atropelamento;Luz do Dia;;;Meio de Quadra;;;0;1;1;0;0;0;0;0;0;1;0;0;-38,570575;-3,707613;;;
260112;2;2;2015;13:18;0;RUA CEL FERRAZ;;;;;Colisão;Luz do Dia;;;;;;0;0;2;0;0;0;0;0;0;0;0;0;;;;;
253527;2;2;2015;07:20;0;RD BR 116;;;10000;KM-10;Colisão Lateral;Luz do Dia;Bom;Seca;Meio de Quadra;Não Há Controle;Residencial;0;1;1;1;0;0;0;0;0;1;0;0;-38,503373;-3,834435;;;
248460;2;2;2015;08:40;0;AV ANTONIO JUSTA;;;3113;;Colisão Traseira;Luz do Dia;Bom;Seca;Meio de Quadra;Não Há Controle;Residencial;0;2;0;1;0;0;0;0;0;1;0;0;-38,493476;-3,727972;;;
248461;2;2;2015;12:40;15254;AV ANTONIO JUSTA;RUA VICENTE LEITE;;;;Colisão Traseira;Luz do Dia;Bom;Seca;Cruz;Pare;Residencial;0;1;1;0;0;0;0;0;0;1;0;0;-38,492584;-3,728280;;;
248462;2;2;2015;21:45;1323;AV DES MOREIRA;RUA MARIA TOMASIA;;;;Colisão Traseira;Via Iluminada;Bom;Seca;Cruz;Pare;Comercial;0;0;2;1;1;0;0;0;0;0;0;0;-38,498026;-3,735221;;;
248463;2;2;2015;16:30;5364;AV TRISTAO GONCALVES;RUA GAL CLARINDO DE QUEIROZ;;;;Colisão Transversal;Luz do Dia;Bom;Seca;Cruz;Pare;Comercial;0;0;2;1;0;0;0;0;0;0;0;0;-38,534472;-3,731314;;;
248464;2;2;2015;13:20;9176;AV AGUANAMBI;AV EDUARDO GIRAO;;;;Colisão Traseira;Luz do Dia;Bom;Seca;Rotatória;Não Há Controle;Outros;0;0;2;1;0;0;0;0;0;0;0;0;-38,523639;-3,755303;;;
248465;2;2;2015;00:15;5394;AV TRISTAO GONCALVES;RUA METON DE ALENCAR;;;;Colisão Transversal;Via Iluminada;Bom;Seca;Cruz;Semáforo;Comercial;0;0;2;1;0;0;0;0;0;0;0;0;-38,534777;-3,732327;;;
248466;2;2;2015;06:50;0;AV LUCIANO CARNEIRO;;;1350;;Colisão Traseira;Luz do Dia;Nublado;Seca;Meio de Quadra;Não Há Controle;Comercial;0;0;2;1;0;0;0;0;0;0;0;0;-38,535315;-3,760457;;;
248468;2;2;2015;08:50;19833;AV ENG HUMBERTO MONTE;AV JOVITA FEITOSA;;;;Colisão Frontal;Luz do Dia;Bom;Seca;Cruz;Semáforo;Comercial;0;0;2;1;0;0;0;0;0;0;0;0;-38,566544;-3,741963;;;
248471;2;2;2015;07:50;11164;RUA JULIO GASPAR;RUA FAGUNDES VARELA;;;;Colisão Lateral;Luz do Dia;Bom;Seca;Cruz;Pare;Residencial;0;2;1;1;0;0;0;0;0;1;0;0;-38,562332;-3,783086;;;
248473;2;2;2015;08:40;0;AV SGT HERMINIO SAMPAIO;;;725;;Colisão Traseira;Luz do Dia;Bom;Seca;Meio de Quadra;;Residencial;0;0;2;1;0;0;0;0;0;0;0;0;-38,547354;-3,724577;;;
248477;2;2;2015;14:34;23607;RUA BAR CRATO;RUA CAP NESTOR GOIS;;;;Colisão Transversal;Luz do Dia;Bom;Seca;Cruz;Pare;Comercial;0;1;1;1;0;0;0;0;0;1;0;0;-38,561703;-3,721812;;;
248478;2;2;2015;08:36;1258;AV SANTOS DUMONT;RUA MON BRUNO;;;;Choque c/ Obstáculo Fixo;Luz do Dia;Nublado;Seca;Cruz;Pare;Comercial;0;0;2;1;1;0;0;0;0;0;0;0;-38,509506;-3,732595;;;
248479;2;2;2015;08:40;0;RUA MARIA ALICE FERRAZ;;;1150;;Colisão Lateral;Luz do Dia;Nublado;Seca;Meio de Quadra;Outros;Comercial;0;0;2;1;0;0;0;0;0;0;0;0;-38,490638;-3,773193;;;
248480;2;2;2015;21:30;0;RUA PEDRO WILSON (ITAPERI);;;;;Colisão Transversal;Via Iluminada;Bom;Seca;Meio de Quadra;Pare;Residencial;0;0;2;1;0;0;0;0;0;0;0;0;;;;;
248482;2;2;2015;20:30;1658;RUA MON CATAO;RUA BENI DE CARVALHO;;;;Colisão Lateral;Anoitecer;Bom;Seca;Cruz;Não Há Controle;Escola;0;0;2;1;0;0;0;0;0;0;0;0;-38,493113;-3,746618;;;
248483;2;2;2015;10:30;9111;AV EDUARDO GIRAO;RUA DEP OSWALDO STUDART;;;;Engavetamento;Luz do Dia;Nublado;Seca;Cruz;Semáforo;Misto;0;0;3;1;0;0;0;0;0;0;0;0;-38,529775;-3,755323;;;
248475;2;2;2015;16:20;1432;AV SANTOS DUMONT;AV SEN VIRGILIO TAVORA;;;;Colisão Traseira;;Bom;Seca;Cruz;;Comercial;0;0;2;1;1;0;0;0;0;0;0;0;-38,493482;-3,737828;;;
258718;2;2;2015;12:10;0;RD CE-060;;;;KM-03;Tombamento;Luz do Dia;;Seca;Meio de Quadra;;;0;0;1;0;0;0;1;0;0;0;0;0;-38,582776;-3,836637;;;
248492;2;2;2015;07:20;25903;RUA ECA DE QUEIROZ;RUA DARCY VARGAS;;;;Colisão Transversal;Luz do Dia;Bom;Seca;Cruz;Pare;Misto;0;1;1;1;0;0;0;0;0;1;0;0;;;;;
248493;2;2;2015;19:20;5279;RUA COSTA BARROS;RUA NOGUEIRA ACIOLI;;;;Colisão Traseira;Via Iluminada;Bom;Seca;Cruz;Pare;Misto;0;0;2;1;0;0;0;0;0;0;0;0;-38,516481;-3,728753;;;
248494;2;2;2015;12:25;2830;AV GAL OSORIO DE PAIVA;RUA OSCAR FRANCA;;;;Colisão Transversal;Luz do Dia;;;Outros;Semáforo;Comercial;0;1;2;1;0;0;0;0;0;1;0;0;-38,592113;-3,794473;;;
248489;2;2;2015;12:45;0;RUA J DA PENHA;;;640;;Colisão Transversal;Luz do Dia;Bom;Seca;Meio de Quadra;Não Há Controle;Misto;0;1;1;1;0;0;0;0;0;1;0;0;-38,520175;-3,736322;;;
248490;2;2;2015;08:10;17311;RUA JOAO FIRMINO;RUA ROMEU MARTINS;;;;Colisão Transversal;Luz do Dia;Bom;Seca;Cruz;Pare;Residencial;0;1;1;1;0;0;0;0;0;1;0;0;-38,555582;-3,764274;;;
248497;2;2;2015;;0;AV BEZERRA DE MENEZES;;;2711;;Colisão Traseira;Luz do Dia;Bom;Seca;Meio de Quadra;Semáforo;Comercial;0;1;1;0;0;0;0;1;0;1;0;0;-38,568741;-3,736550;;;
248507;2;2;2015;17:30;14670;RUA HERMINIO DE CASTRO;RUA DES AVELAR;;;;Colisão Frontal;Via Iluminada;Bom;Seca;T;Pare;Residencial;0;1;1;1;0;0;0;0;0;1;0;0;-38,486649;-3,794786;;;
248510;2;2;2015;14:20;24104;AV CESAR CALS;RUA HERMINIA BONAVIDES;;;;Colisão Transversal;Luz do Dia;Bom;Seca;T;Não Há Controle;Residencial;0;1;1;1;0;0;0;0;0;1;0;0;-38,459926;-3,729537;;;
248512;2;2;2015;18:00;5334;RUA DNA LEOPOLDINA;RUA FRANKLIN TAVORA;;;;Colisão Lateral;Via Iluminada;Bom;Seca;Cruz;Não Há Controle;Misto;0;0;2;1;1;0;0;0;0;0;0;0;-38,519361;-3,730619;;;
248514;2;2;2015;07:30;24240;RUA FAUSTO CABRAL;RUA JOSE CARLOS GURGEL NOGUEIRA;;;;Colisão Lateral;Luz do Dia;Bom;Seca;Cruz;Pare;Residencial;0;1;1;0;0;0;0;0;1;0;0;0;-38,474615;-3,734195;;;
248519;2;2;2015;13:05;0;AV GOV RAUL BARBOSA;;;7140;;Colisão Traseira;Luz do Dia;Bom;Seca;Meio de Quadra;Semáforo;Comercial;0;0;2;0;0;0;1;0;0;0;0;0;-38,512975;-3,775123;;;
248523;2;2;2015;15:45;15834;RUA CEL FRANCISCO PEREIRA (MESSEJANA);RUA TEN JURANDIR ALENCAR;;;;Colisão Lateral;Luz do Dia;Bom;Seca;Cruz;Semáforo;Comercial;0;0;2;1;1;0;0;0;0;0;0;0;-38,492929;-3,831773;;;
248524;2;2;2015;19:40;0;AV LINEU MACHADO;;;358;;Outros;Via Iluminada;Bom;Seca;Meio de Quadra;Semáforo;Comercial;0;0;1;1;0;0;0;0;0;0;0;0;-38,575614;-3,763463;;;
248525;2;2;2015;20:00;0;RUA NELSON COELHO;;;;;Colisão Transversal;Via Iluminada;Bom;Seca;Meio de Quadra;Pare;Misto;0;1;1;1;0;0;0;0;0;1;0;0;-38,463794;-3,828068;;;
248526;2;2;2015;09:20;5269;AV DUQ CAXIAS;RUA PDE IBIAPINA;;;;Colisão Transversal;Luz do Dia;Bom;Seca;Cruz;Semáforo;Comercial;0;0;2;1;0;0;0;0;0;0;0;0;-38,540226;-3,728446;;;
248527;2;2;2015;11:30;0;AV DOMINGOS OLIMPIO;;;123;;Colisão Traseira;Luz do Dia;Bom;Seca;Meio de Quadra;Semáforo;Comercial;0;1;1;1;0;0;0;0;0;1;0;0;-38,524692;-3,738657;;;
248528;2;2;2015;19:00;5737;RUA BENJAMIM MOURA;RUA VICENTE LOPES;;;;Colisão Lateral;Anoitecer;Bom;Seca;Cruz;Pare;Residencial;0;0;2;1;1;0;0;0;0;0;0;0;-38,495443;-3,797497;;;
248529;2;2;2015;07:20;3768;AV DOMINGOS OLIMPIO;AV TRISTAO GONCALVES;;;;Engavetamento;Luz do Dia;Bom;Seca;Cruz;Semáforo;Comercial;0;0;3;1;0;0;0;0;0;0;0;0;-38,535613;-3,735133;;;
248530;2;2;2015;15:00;15357;RUA LEONARDO MOTA;RUA PEREIRA VALENTE;;;;Colisão Transversal;Luz do Dia;Bom;Seca;Cruz;Pare;Misto;0;0;2;0;0;0;0;0;0;0;0;0;-38,495134;-3,732885;;;
248531;2;2;2015;14:00;0;RUA CEL LINHARES;;;931;;Colisão Lateral;Amanhecer;Bom;Seca;Meio de Quadra;Não Há Controle;Misto;0;0;2;1;0;0;0;0;0;0;0;0;-38,494157;-3,736564;;;
248533;2;2;2015;13:25;0;RUA PINTO MADEIRA;;;437;;Colisão Traseira;Luz do Dia;Bom;Seca;Meio de Quadra;Não Há Controle;Misto;0;1;1;1;0;0;0;0;0;1;0;0;-38,520926;-3,731276;;;
248534;2;2;2015;08:30;1258;AV SANTOS DUMONT;RUA MON BRUNO;;;;Colisão Transversal;Luz do Dia;Chuva;Molhada;Cruz;Não Há Controle;Comercial;0;0;2;0;1;0;0;0;0;0;0;0;-38,509506;-3,732595;;;
248535;2;2;2015;19:30;0;RUA TAB FABIAO;;;220;;Colisão Lateral;Via Iluminada;Bom;Seca;Meio de Quadra;Não Há Controle;Comercial;0;0;2;1;0;0;0;0;0;0;0;0;-38,566380;-3,733867;;;
248536;2;2;2015;06:00;21364;RUA PRO CASTELO BRANCO D08;RUA PDE GUERRA;;;;Colisão Transversal;Luz do Dia;Bom;Seca;Cruz;Pare;Residencial;0;0;2;1;1;0;0;0;0;0;0;0;-38,548270;-3,736986;;;
248537;2;2;2015;04:50;5352;AV DOM MANUEL;RUA PINTO MADEIRA;;;;Colisão Traseira;Amanhecer;Bom;Seca;Cruz;Semáforo;Comercial;0;0;2;1;0;0;1;0;0;0;0;0;-38,521957;-3,730964;;;
248538;2;2;2015;20:00;0;AV ABOLICAO;;;2030;;Colisão Traseira;Via Iluminada;Bom;Seca;Meio de Quadra;Não Há Controle;Comercial;0;1;1;1;0;0;0;0;0;1;0;0;-38,500915;-3,725578;;;
248516;2;2;2015;13:00;0;AV 13 DE MAIO;;;623;IGREJA NOSSA SENHORA DE FATIMA;Colisão Traseira;Luz do Dia;Bom;Seca;Meio de Quadra;Não Há Controle;Residencial;0;1;1;1;0;0;0;0;0;1;0;0;-38,526219;-3,751983;;;
248517;2;2;2015;19:00;5710;AV OLIVEIRA PAIVA;RUA CON BRAVEZA;;;;Colisão Lateral;Via Iluminada;Bom;Seca;Cruz;Pare;Comercial;0;0;2;1;1;0;0;0;0;0;0;0;-38,498448;-3,796485;;;
248540;2;2;2015;14:30;9034;AV AGUANAMBI;RUA CEL SOLON;;;;Colisão Traseira;Luz do Dia;Bom;Seca;Cruz;Semáforo;Comercial;0;0;2;0;1;0;0;0;0;0;0;0;-38,525818;-3,742854;;;
248542;2;2;2015;10:20;25174;RUA PDE VALDEVINO;RUA RODRIGUES JUNIOR;;;;Colisão Traseira;Luz do Dia;Nublado;Molhada;T;Pare;Comercial;0;0;2;1;1;0;0;0;0;0;0;0;-38,522800;-3,737243;;;
253436;2;2;2015;18:30;0;RD BR 116;;;2000;KM-02;Colisão Transversal;Luz do Dia;Bom;Seca;Meio de Quadra;Não Há Controle;Comercial;0;0;2;1;1;0;0;0;0;0;0;0;-38,516780;-3,771391;;;
253439;2;2;2015;14:50;0;RD BR 116;;;3000;KM-03;Colisão Traseira;Luz do Dia;Bom;Seca;Meio de Quadra;Não Há Controle;;0;0;2;1;0;0;1;0;0;0;0;0;-38,514372;-3,779838;;;
263644;2;2;2015;00:08;7211;AV PRS CASTELO BRANCO;AV DR THEBERGE;;;;Colisão;;;;Cruz;Semáforo;Comercial;0;0;2;0;0;0;0;0;0;0;0;0;-38,563456;-3,710079;;;
263645;2;2;2015;00:31;0;AV CEL CARVALHO;;;1358;;Colisão;;;;Meio de Quadra;;;0;0;2;0;0;0;0;0;0;0;0;0;-38,588684;-3,714454;;;