COD_ACIDENTE;DIA;MES;ANO;HORA;INTERSECAO;LOG1;LOG2;LOG3;NUMERO;REFERENCIA;NATUREZA;ILUMINACAO;TEMPO;SUPERFICIEPISTA;TIPOCRUZAMENTO;CONTROLETRAFEGO;USOSOLO;MORTOS;FERIDOS;ILESOS;AUTOMOVEL;ONIBUS;BICICLETA;CAMINHAO;MICROONIBUS;CICLOMOTOR;MOTOCICLETA;TRACAOANIMAL;TREM;LONG;LAT;;;
263647;2;2;2015;08:57;0;AV JOSE LEON;;;1115;;Colisão;Luz do Dia;;;Meio de Quadra;;;0;0;2;0;0;0;0;0;0;0;0;0;-38,502063;-3,787754;;;
263653;2;2;2015;09:00;0;RUA EFESIO;;;535;;Atropelamento;Luz do Dia;;;Meio de Quadra;;;0;0;2;0;0;0;0;0;0;0;0;0;-38,488374;-3,775070;;;
263655;2;2;2015;09:53;0;AV PRS COSTA E SILVA;;;671;;Colisão;Luz do Dia;;;Meio de Quadra;;;0;0;2;0;0;0;0;0;0;0;0;0;;;;;
263658;2;2;2015;11:14;0;RUA LUIS DE CASTRO;;;676;;Colisão;Luz do Dia;;;Meio de Quadra;;;0;0;2;0;0;0;0;0;0;0;0;0;;;;;
263665;2;2;2015;13:09;16281;RUA ANTONIO PEREIRA;RUA ANTONIO BARBOSA;;;;Atropelamento;Luz do Dia;;;Cruz;Pare;Residencial;0;0;2;0;0;0;0;0;0;0;0;0;-38,565289;-3,832952;;;
263667;2;2;2015;13:10;0;RUA DAS PEDRINHAS;;;194;;Atropelamento;Luz do Dia;;;Meio de Quadra;;;0;0;2;0;0;0;0;0;0;0;0;0;-38,600794;-3,765420;;;
263669;2;2;2015;15:04;0;AV ABOLICAO;;;;;Colisão;Luz do Dia;;;Meio de Quadra;;;0;0;2;0;0;0;0;0;0;0;0;0;;;;;
263670;2;2;2015;16:12;0;RUA SILVA PAULET;;;1212;;Colisão;Luz do Dia;;;Meio de Quadra;;;0;0;2;0;0;0;0;0;0;0;0;0;-38,505799;-3,735637;;;
263672;2;2;2015;16:16;23993;RUA BRISA DO MAR;RUA JOSIAS PAULA DE SOUZA;;;;Colisão;Luz do Dia;;;;;;0;0;2;0;0;0;0;0;0;0;0;0;-38,468719;-3,727189;;;
258715;2;2;2015;15:00;0;RD CE-040;;;;KM-08;Choque c/ Obstáculo Fixo;Luz do Dia;;Seca;Meio de Quadra;;;0;1;0;0;0;0;0;0;0;1;0;0;-38,481317;-3,823332;;;
258717;2;2;2015;19:40;0;RD CE-040;;;;KM-06;Colisão;Via Iluminada;;Seca;Meio de Quadra;;;0;0;2;1;1;0;0;0;0;0;0;0;-38,478781;-3,811270;;;
258712;2;2;2015;11:40;0;AV SEN CARLOS JEREISSATI (AEROPORTO);;;;KM 03;Colisão;Luz do Dia;;Seca;Meio de Quadra;;;0;0;2;1;0;0;0;0;0;0;0;0;-38,541414;-3,780382;;;
259717;2;2;2015;08:07;0;AV SEN FERNANDES TAVORA;;;;;Colisão;Luz do Dia;;;Meio de Quadra;;;0;0;3;1;0;0;0;0;0;0;0;0;;;;;
259719;2;2;2015;10:09;4082;RUA CEARA;AV JOAO PESSOA;;;;Colisão;Luz do Dia;;;T;Semáforo;Comercial;0;0;2;1;0;0;0;0;0;0;0;0;-38,558244;-3,763434;;;
259721;2;2;2015;18:50;12496;AV CARNEIRO DE MENDONCA;AV LINEU MACHADO;;;;;;;;T;Semáforo;Comercial;0;0;2;1;1;0;0;0;0;0;0;0;-38,574021;-3,760403;;;
259723;3;2;2015;18:38;0;RUA BERNARDO MANUEL;;;;;Colisão;;;;Meio de Quadra;;;0;0;2;1;0;0;0;0;0;0;0;0;;;;;
263678;3;2;2015;09:30;0;RUA ESTEVAO DE CAMPOS;;;262;;Atropelamento;Luz do Dia;;;Meio de Quadra;;;0;0;2;0;0;0;0;0;0;0;0;0;;;;;
263674;3;2;2015;00:09;23375;RUA CAP TIBURCIO DA FROTA;RUA JOAQUIM NABUCO;;;;Choque c/ Obstáculo Fixo;;;;Cruz;Pare;Residencial;0;0;1;0;0;0;0;0;0;0;0;0;-38,507482;-3,754360;;;
263675;3;2;2015;00:18;0;AV HIS RAIMUNDO GIRAO;;;365;;Colisão;;;;Meio de Quadra;;;0;0;2;0;0;0;0;0;0;0;0;0;-38,512578;-3,720638;;;
263676;3;2;2015;00:28;0;TR VITORIA DA CONQUISTA;;;800;;Choque c/ Obstáculo Fixo;;;;Meio de Quadra;;;0;0;1;0;0;0;0;0;0;0;0;0;;;;;
263681;3;2;2015;10:50;5383;AV DUQ CAXIAS;RUA MAJ FACUNDO;;;;Colisão;Luz do Dia;;;Cruz;Semáforo;Comercial;0;0;2;0;0;0;0;0;0;0;0;0;-38,529285;-3,731981;;;
263682;3;2;2015;10:53;0;AV GODOFREDO MACIEL;;;3440;;Atropelamento;Luz do Dia;;;Meio de Quadra;;;0;0;2;0;0;0;0;0;0;0;0;0;-38,572755;-3,805565;;;
248543;3;2;2015;18:59;24104;AV CESAR CALS;RUA HERMINIA BONAVIDES;;;;Colisão Transversal;Amanhecer;Bom;Seca;T;Pare;Residencial;0;1;1;1;0;0;0;0;0;1;0;0;-38,459926;-3,729537;;;
248544;3;2;2015;07:40;329;RUA FRANCISCA CLOTILDE;RUA ALEXANDRE BARAUNA;;;;Colisão Transversal;Luz do Dia;Bom;Seca;Cruz;Pare;Residencial;0;0;2;1;0;0;0;0;0;0;0;0;-38,554975;-3,745033;;;
248549;3;2;2015;18:00;26202;AV GAL OSORIO DE PAIVA;RUA SOL;;;;Colisão Traseira;Anoitecer;Bom;Seca;;Semáforo;Residencial;0;0;3;1;0;0;0;0;0;1;0;0;;;;;
248551;3;2;2015;07:40;0;AV PRS COSTA E SILVA;;;681;;Engavetamento;Luz do Dia;Bom;Seca;Meio de Quadra;Não Há Controle;Comercial;0;0;3;1;0;0;0;0;0;0;0;0;;;;;
248541;3;2;2015;11:30;19833;AV JOVITA FEITOSA;AV ENG HUMBERTO MONTE;;;;Colisão Traseira;Luz do Dia;Bom;Seca;Cruz;Semáforo;Comercial;0;1;1;1;0;0;0;0;0;1;0;0;-38,566544;-3,741963;;;
248518;3;2;2015;09:00;25231;AV PRS COSTA E SILVA;AV I CJ JOSE WALTER;;;;Colisão Traseira;Luz do Dia;Bom;Seca;T;Não Há Controle;Comercial;0;0;2;1;0;0;0;0;0;0;0;0;-38,550232;-3,823494;;;
248539;3;2;2015;22:00;0;AV HERACLITO GRACA;RUA NOGUEIRA ACIOLI;;653;;Colisão Traseira;Via Iluminada;Bom;Seca;Meio de Quadra;Semáforo;Comercial;0;1;1;0;0;0;0;0;0;1;0;0;-38,518772;-3,735353;;;
248554;3;2;2015;10:00;0;AV PRS COSTA E SILVA;;;3021;;Colisão Traseira;Luz do Dia;Bom;Seca;Meio de Quadra;Não Há Controle;Residencial;0;0;2;0;0;0;0;0;0;1;0;0;;;;;
248556;3;2;2015;08:30;9612;RUA OSCAR ARARIPE;RUA SGT JOAO PINHEIRO;;;;Colisão Lateral;Luz do Dia;Bom;Seca;Cruz;Pare;Comercial;0;0;2;0;0;0;1;0;0;0;0;0;-38,623073;-3,783833;;;
248558;3;2;2015;12:50;15005;AV GODOFREDO MACIEL;RUA SUICA;;;;Colisão Transversal;Luz do Dia;Bom;Seca;T;Pare;Comercial;0;1;1;1;0;0;0;0;0;1;0;0;-38,568361;-3,792859;;;
248559;3;2;2015;07:00;0;AV GODOFREDO MACIEL;;;2915;;Engavetamento;Luz do Dia;Bom;Seca;Meio de Quadra;Semáforo;Comercial;0;1;2;1;1;0;0;0;0;0;0;0;-38,571327;-3,800964;;;
248563;3;2;2015;14:10;23435;RUA MON SALAZAR;RUA FIS VIEIRA;;;;Colisão Transversal;Luz do Dia;Bom;Seca;Cruz;Não Há Controle;Residencial;0;0;2;1;0;0;0;0;0;0;0;0;-38,515394;-3,756255;;;
248565;3;2;2015;12:05;4250;AV FRANCISCO SA;RUA PEDRO C FERNANDES;;;;Colisão Traseira;Luz do Dia;Bom;Seca;;Não Há Controle;Residencial;0;0;2;1;1;0;0;0;0;0;0;0;-38,549538;-3,719988;;;
248566;3;2;2015;15:30;17395;RUA ALBERTO MAGNO;RUA TEN MOACIR MATOS;;;;Colisão Lateral;Luz do Dia;Bom;Seca;Cruz;Pare;Comercial;0;0;2;1;0;0;0;0;0;0;0;0;-38,552117;-3,767411;;;
248568;3;2;2015;09:20;0;RUA VINTE E QUATRO DE MAIO;;;72;PRAÇA DA ESTAÇÃO;Colisão Lateral;Luz do Dia;Bom;Seca;Meio de Quadra;Semáforo;Comercial;0;0;2;1;0;0;1;0;0;0;0;0;-38,530500;-3,722287;;;
248532;3;2;2015;06:45;0;RUA BERNARDO MANUEL;;;8099;;Colisão;Luz do Dia;Bom;Seca;Meio de Quadra;Não Há Controle;Comercial;0;1;1;0;0;0;0;0;0;1;0;0;-38,549021;-3,790845;;;
248520;3;2;2015;21:00;0;RUA AURELIANO LEAL;;;15;;Colisão Frontal;Luz do Dia;Bom;Seca;Meio de Quadra;Não Há Controle;;0;1;1;0;0;0;0;0;0;1;0;0;;;;;
248521;3;2;2015;11:20;0;RUA DR JOSE FURTADO;;;1671;;Colisão Traseira;Luz do Dia;Bom;Seca;Meio de Quadra;Não Há Controle;Residencial;0;0;2;1;0;0;0;0;0;1;0;0;;;;;
248522;3;2;2015;11:30;0;RUA DES JOSE PASSOS FILHO;;;;;Colisão Transversal;Luz do Dia;Bom;Seca;Meio de Quadra;Pare;Comercial;0;0;2;1;0;0;0;0;0;0;0;0;;;;;
248515;3;2;2015;08:05;0;AV HIS RAIMUNDO GIRAO;;;;;Engavetamento;Luz do Dia;Bom;Seca;Meio de Quadra;Não Há Controle;Comercial;0;0;3;1;0;0;1;0;0;0;0;0;;;;;
248513;3;2;2015;14:00;0;RUA PDE MIGUELINHO;;;940;;Colisão Lateral;Luz do Dia;Bom;Seca;Meio de Quadra;Pare;Residencial;0;0;2;1;0;0;0;0;0;0;0;0;-38,531763;-3,743291;;;
248511;3;2;2015;08:00;246;AV JOVITA FEITOSA;RUA DOM LINO;;;;;Luz do Dia;Bom;Seca;Cruz;Semáforo;Residencial;0;1;1;1;0;0;0;0;0;1;0;0;-38,556413;-3,739850;;;
248508;3;2;2015;20:10;0;AV JOR THOMAZ COELHO;;;;;Colisão Lateral;Via Iluminada;Bom;Seca;Meio de Quadra;Não Há Controle;Comercial;0;0;2;1;0;0;1;0;0;0;0;0;;;;;
248509;3;2;2015;10:00;0;AV GOV PARSIFAL BARROSO;;;300;;Colisão Traseira;Luz do Dia;Bom;Seca;Meio de Quadra;Não Há Controle;Residencial;0;1;1;1;0;0;0;0;0;1;0;0;-38,569183;-3,729806;;;
248500;3;2;2015;10:30;0;AV PERIMETRAL;;;;LANCHONETE PEIXE VIVO;Colisão Traseira;Luz do Dia;Bom;Seca;Meio de Quadra;Outros;Residencial;0;0;2;1;0;0;0;0;0;0;0;0;-38,554516;-3,822212;;;
248501;3;2;2015;22:50;3875;RUA SEN POMPEU;RUA PDE MIGUELINHO;;;;Engavetamento;Via Iluminada;Bom;Seca;Cruz;Pare;Comercial;0;0;4;1;0;0;0;0;0;0;0;0;-38,534332;-3,742469;;;
248503;3;2;2015;14:26;0;RUA TIP SALES;;;53;;Colisão Lateral;Luz do Dia;Bom;Seca;Meio de Quadra;Não Há Controle;Misto;0;0;2;1;0;0;1;0;0;0;0;0;-38,565056;-3,736303;;;
248504;3;2;2015;17:00;5450;RUA ANTONIO POMPEU;RUA MAJ FACUNDO;;;;Colisão Transversal;Anoitecer;Bom;Seca;Cruz;Pare;Misto;0;0;3;1;0;0;0;0;0;1;0;0;-38,530216;-3,734923;;;
248505;3;2;2015;17:25;24980;AV ALM HENRIQUE SABOIA;RUA GAL TERTULIANO POTYGUARA;;;;Colisão Traseira;Anoitecer;Bom;Seca;T;Não Há Controle;Misto;0;0;2;0;0;0;0;0;0;0;0;0;-38,491196;-3,746088;;;
248506;3;2;2015;08:00;25101;AV GAL OSORIO DE PAIVA;RUA NAPOLEAO QUEZADO;;;;Colisão Transversal;Luz do Dia;Bom;Seca;Cruz;Não Há Controle;Comercial;0;1;1;0;1;0;0;0;0;1;0;0;-38,568029;-3,776593;;;
248498;3;2;2015;20:45;17584;RUA MATO GROSSO;RUA PARA;;;;Colisão Transversal;Via Iluminada;Bom;Seca;Cruz;Pare;Residencial;0;0;2;0;1;0;0;0;0;0;0;0;-38,563131;-3,755657;;;
248491;3;2;2015;14:25;0;AV ENG ALBERTO SA;AV ALM HENRIQUE SABOIA;;33;;Colisão Transversal;Luz do Dia;Bom;Seca;Meio de Quadra;Semáforo;Residencial;0;0;2;1;0;0;1;0;0;0;0;0;-38,482799;-3,732533;;;
248495;3;2;2015;08:10;0;AV JOR THOMAZ COELHO;;;;;Colisão Traseira;Luz do Dia;Bom;Seca;Meio de Quadra;;Comercial;0;0;2;1;1;0;0;0;0;0;0;0;;;;;
248496;3;2;2015;10:15;11768;AV PRS CASTELO BRANCO;AV FILOMENO GOMES;;;;Colisão Traseira;Luz do Dia;Bom;Seca;T;Semáforo;Comercial;0;0;2;1;0;0;0;0;0;0;0;0;-38,541982;-3,715542;;;
248488;3;2;2015;06:50;15676;RUA MEM DE SA;RUA EUDES CARDOSO;;;;Colisão Transversal;Luz do Dia;Bom;Seca;Cruz;Pare;Misto;0;0;2;1;0;0;0;0;0;0;0;0;-38,485204;-3,826403;;;
258719;3;2;2015;18:20;0;AV SEN CARLOS JEREISSATI (AEROPORTO);;;;KM 02;Colisão;Anoitecer;;Seca;Meio de Quadra;;;0;0;2;1;0;0;0;0;0;0;0;0;-38,529156;-3,783932;;;
260259;3;2;2015;22:48;0;RUA JULIO SILVA;;;;;Colisão;;;;Meio de Quadra;;;0;1;1;1;0;0;0;0;0;1;0;0;;;;;
260255;3;2;2015;20:23;0;AV WASHINGTON SOARES;;;;;Colisão;;;;Meio de Quadra;;;0;1;1;1;0;0;0;0;0;1;0;0;-38,483146;-3,817668;;;
260243;3;2;2015;19:27;1586;AV PDE ANTONIO TOMAS;RUA FONSECA LOBO;;;;Atropelamento;;;;Cruz;Pare;Residencial;0;1;1;0;0;0;0;0;0;0;0;0;-38,490871;-3,743025;;;
260239;3;2;2015;18:29;0;RUA SILVA PAULET;;;;;Colisão;Anoitecer;;;Meio de Quadra;;;0;1;1;0;0;0;0;0;0;1;0;0;-38,509933;-3,748384;;;
248487;3;2;2015;09:30;0;AV ALBERTO CRAVEIRO;;;430;;Engavetamento;Luz do Dia;Bom;Seca;Meio de Quadra;Não Há Controle;Comercial;0;0;4;1;0;0;0;0;0;0;0;0;-38,516505;-3,782668;;;
248484;3;2;2015;08:20;12849;RUA SALDANHA MARINHO;RUA ASSUNCAO;;;;Colisão Lateral;Luz do Dia;Bom;Seca;Cruz;Pare;Comercial;0;2;1;1;0;0;0;0;0;0;0;0;-38,531231;-3,742314;;;
248485;3;2;2015;18:40;0;AV FRANCISCO SA;;;4722;;Colisão Traseira;;Bom;Seca;Meio de Quadra;Não Há Controle;Residencial;0;0;3;1;0;0;0;0;0;1;0;0;-38,566769;-3,714207;;;
248474;3;2;2015;06:50;7911;AV ANTONIO SALES;RUA OSVALDO CRUZ (ALDEOTA);;;;Colisão Transversal;Luz do Dia;Bom;Seca;Cruz;Semáforo;Residencial;0;0;3;1;0;0;0;0;0;0;0;0;-38,503390;-3,745139;;;
248469;3;2;2015;08:30;12871;RUA BAR ARATANHA;RUA JOAQUIM MAGALHAES;;;;;Luz do Dia;Bom;Seca;Cruz;Pare;Residencial;0;0;2;1;0;0;0;0;0;0;0;0;-38,528666;-3,739716;;;
248470;3;2;2015;10:00;1378;RUA DES LEITE ALBUQUERQUE;RUA OSVALDO CRUZ (ALDEOTA);;;;Colisão Transversal;Luz do Dia;Bom;Seca;Cruz;Pare;Residencial;0;0;2;1;0;0;0;0;0;0;0;0;-38,500640;-3,736598;;;
248467;3;2;2015;13:25;0;AV ENG SANTANA JUNIOR;;;1315;VIADUTO;Colisão Frontal;Luz do Dia;Bom;Seca;Meio de Quadra;Não Há Controle;Comercial;0;0;2;1;0;0;0;0;0;0;0;0;-38,484352;-3,739266;;;
260115;3;2;2015;11:04;0;AV GOV RAUL BARBOSA;;;;;Colisão;Luz do Dia;;;Meio de Quadra;;;0;0;2;0;0;0;0;0;0;0;0;0;;;;;
260215;3;2;2015;00:07;5359;RUA METON DE ALENCAR;RUA TEREZA CRISTINA;;;;Colisão;;;;Cruz;Não Há Controle;Comercial;0;1;1;1;0;0;0;0;0;1;0;0;-38,538031;-3,731262;;;
260216;3;2;2015;02:16;0;AV JOR JOAO RAMOS;;;620;;Queda;;;;Meio de Quadra;;;0;1;0;0;0;0;0;0;0;1;0;0;;;;;
260217;3;2;2015;06:27;0;AV DEP PAULINO ROCHA;;;;;Queda;Luz do Dia;;;Meio de Quadra;;;0;1;0;0;0;0;0;0;0;1;0;0;;;;;
260218;3;2;2015;06:44;0;RUA PRO JOAQUIM NOGUEIRA D29;;;;;Colisão;Luz do Dia;;;Meio de Quadra;;;0;1;1;1;0;0;0;0;0;1;0;0;;;;;
260219;3;2;2015;07:14;0;RUA CEARA;;;;;Colisão;Luz do Dia;;;Meio de Quadra;;;0;1;1;1;0;0;0;0;0;1;0;0;-38,561663;-3,761638;;;
260220;3;2;2015;07:33;0;RUA PRO VIRGILIO DE MORAIS;;;;;Colisão;Luz do Dia;;;Meio de Quadra;;;0;1;1;0;0;0;1;0;0;1;0;0;-38,596780;-3,751911;;;
260221;3;2;2015;08:10;0;AV PRS CASTELO BRANCO;;;;;Atropelamento;Luz do Dia;;;Meio de Quadra;;;0;1;1;1;0;0;0;0;0;0;0;0;;;;;
260222;3;2;2015;08:59;0;AV DR THEBERGE;;;;;Colisão;Luz do Dia;;;Meio de Quadra;;;0;1;1;1;0;0;0;0;0;1;0;0;-38,562456;-3,707061;;;
260224;3;2;2015;09:55;0;RUA SGT JOAO PINHEIRO;;;;;Colisão;Luz do Dia;;;Meio de Quadra;;;0;1;1;1;0;0;0;0;0;1;0;0;;;;;
260226;3;2;2015;10:21;0;AV GODOFREDO MACIEL;;;;;Colisão;Luz do Dia;;;Meio de Quadra;;;0;1;1;1;0;0;0;0;0;1;0;0;;;;;
260237;3;2;2015;16:47;0;AV ABOLICAO;;;;;Colisão;Luz do Dia;;;Meio de Quadra;;;0;1;1;1;0;0;0;0;0;1;0;0;-38,491208;-3,726666;;;
260234;3;2;2015;14:29;0;RUA DR QUIXADA FELICIO;;;272;;Colisão;Luz do Dia;;;Meio de Quadra;;;0;1;1;1;0;0;0;0;0;1;0;0;;;;;
260230;3;2;2015;10:44;0;RUA SGT JOAO PINHEIRO;;;633;;Colisão;Luz do Dia;;;Meio de Quadra;;;0;1;1;1;0;0;0;0;0;1;0;0;-38,622260;-3,780981;;;
260231;3;2;2015;12:22;0;RUA DOM GERONIMO;;;;;Queda;Luz do Dia;;;Meio de Quadra;;;0;1;0;0;0;0;0;0;0;1;0;0;;;;;
260134;4;2;2015;18:59;0;AV PRS COSTA E SILVA;;;;;Colisão;;;;Meio de Quadra;;;0;0;2;0;0;0;0;0;0;0;0;0;;;;;
253508;4;2;2015;19:00;0;RD BR 116;;;7000;KM-07;Atropelamento;Via Iluminada;Bom;Seca;Meio de Quadra;Não Há Controle;Comercial;1;1;1;1;0;0;0;0;0;0;0;0;-38,501101;-3,813246;;;
253524;4;2;2015;01:10;0;RD BR 116;;;3000;KM-03;Choque c/ Obstáculo Fixo;Via Iluminada;Bom;Seca;Meio de Quadra;Não Há Controle;Residencial;0;1;0;1;0;0;0;0;0;0;0;0;-38,514372;-3,779838;;;
253574;4;2;2015;07:10;0;RD BR 222;;;;KM 00;Colisão Lateral;Luz do Dia;Bom;Seca;Meio de Quadra;Não Há Controle;Comercial;0;0;2;0;1;0;0;0;0;0;0;0;-38,569072;-3,736611;;;
248472;4;2;2015;16:20;5189;RUA PDE IBIAPINA;RUA PEDRO PEREIRA;;;;Colisão Lateral;Luz do Dia;Nublado;Seca;Outros;;Comercial;0;1;1;1;0;0;0;0;0;0;0;0;-38,540601;-3,725940;;;
248486;4;2;2015;17:22;10853;RUA PORTO VELHO;RUA PRO MIRAMAR DA PONTE;;;;Colisão Lateral;Anoitecer;Bom;Seca;Cruz;Pare;Residencial;0;0;2;1;0;0;0;0;0;0;0;0;-38,587780;-3,765567;;;
248481;4;2;2015;19:25;15185;AV BEIRA MAR;AV DES MOREIRA;;;;Colisão Traseira;Via Iluminada;Bom;Seca;T;Pare;Comercial;0;0;2;1;0;0;0;0;0;0;0;0;-38,495100;-3,726073;;;
248476;4;2;2015;07:30;0;AV BEIRA MAR;;;3190;;Colisão Traseira;Luz do Dia;Nublado;Seca;Meio de Quadra;Não Há Controle;Misto;0;0;3;1;0;0;0;1;0;0;0;0;-38,492397;-3,725745;;;
260269;4;2;2015;06:25;0;RUA BERNARDO MANUEL;AV DR SILAS MUNGUBA;;;;Colisão;Luz do Dia;;;Meio de Quadra;;;0;1;1;1;0;0;0;0;0;1;0;0;;;;;
260270;4;2;2015;07:26;0;RUA BERNARDO MANUEL;;;;;Atropelamento;Luz do Dia;;;Meio de Quadra;;;0;1;1;0;0;0;0;0;0;1;0;0;-38,551301;-3,798325;;;
260267;4;2;2015;05:36;0;RUA BERNARDO MANUEL;;;;;Queda;Amanhecer;;;Meio de Quadra;;;0;1;0;0;0;0;0;0;0;1;0;0;-38,551301;-3,798325;;;
260348;4;2;2015;19:38;0;RUA CEL VIRGILIO NOGUEIRA (BOM JARDIM);RUA BOM JESUS (GRANJA LISBOA);;;;Atropelamento;;;;;;;0;1;1;1;0;0;0;0;0;0;0;0;;;;;
260350;4;2;2015;21:24;0;RUA CACHOEIRA ALEGRE;;;;;Queda;;;;Meio de Quadra;;;0;1;0;0;0;0;0;0;0;1;0;0;;;;;
260326;4;2;2015;18:17;0;AV MAE LISBOA;;;;;Colisão;Anoitecer;;;Meio de Quadra;;;0;1;1;1;0;0;0;0;0;1;0;0;;;;;
260320;4;2;2015;11:05;0;RUA ANA FACO;;;;;Atropelamento;Luz do Dia;;;Meio de Quadra;;;0;1;1;0;0;0;0;0;0;1;0;0;;;;;
260322;4;2;2015;11:19;5442;RUA GAL CLARINDO DE QUEIROZ;AV VIS RIO BRANCO;;;;Colisão;Luz do Dia;;;Cruz;Semáforo;Comercial;0;1;1;1;0;0;0;0;0;1;0;0;-38,524385;-3,734584;;;
260323;4;2;2015;16:50;0;RUA CEL LINHARES;;;;;Colisão;Luz do Dia;;;Meio de Quadra;;;0;1;1;1;0;0;0;0;0;1;0;0;;;;;
260324;4;2;2015;17:16;0;AV WASHINGTON SOARES;;;;;Queda;Anoitecer;;;Meio de Quadra;;;0;1;0;0;0;0;0;0;0;1;0;0;-38,484476;-3,758726;;;
260300;4;2;2015;08:46;0;RUA CON DE CASTRO;;;;;Queda;Luz do Dia;;;Meio de Quadra;;;0;1;0;0;0;0;0;0;0;1;0;0;-38,596428;-3,810298;;;
257220;4;2;2015;16:00;26130;AV VIS RIO BRANCO;RUA PINHO PESSOA;;;;Engavetamento;Luz do Dia;;;T;Não Há Controle;Residencial;0;1;0;1;0;0;0;0;0;1;0;0;-38,522340;-3,744525;;;
257226;4;2;2015;22:18;0;AV SGT HERMINIO SAMPAIO;;;744;;Colisão;;;;Meio de Quadra;;;0;1;1;1;0;0;0;0;0;1;0;0;-38,547354;-3,724577;;;
258720;4;2;2015;06:40;0;AV SEN CARLOS JEREISSATI (AEROPORTO);;;;KM 01;Colisão;Luz do Dia;;Seca;Meio de Quadra;;;0;0;2;1;0;0;1;0;0;0;0;0;-38,520356;-3,783803;;;
258724;4;2;2015;07:15;0;RD CE-040;;;;KM-12;Colisão;Luz do Dia;;Seca;Meio de Quadra;;;0;0;2;1;0;0;0;0;0;0;0;0;-38,476237;-3,848945;;;
258725;4;2;2015;20:50;0;RD CE-040;;;;KM-04;Colisão;;;;Meio de Quadra;;;0;0;4;1;0;0;0;0;0;0;0;0;-38,480251;-3,792050;;;
258727;4;2;2015;18:30;0;RD CE-040;;;;KM-05;Colisão;Anoitecer;;Seca;Meio de Quadra;;;0;0;2;1;0;0;0;0;0;0;0;0;-38,480349;-3,790876;;;
258722;4;2;2015;09:20;0;RD CE-040;;;;KM-06;Colisão;Luz do Dia;;Seca;Meio de Quadra;;;0;0;4;1;0;0;0;0;0;0;0;0;-38,478781;-3,811270;;;
248499;4;2;2015;20:00;22055;AV JOSE BASTOS;RUA PDE CICERO;;;;Atropelamento;Via Iluminada;Bom;Seca;T;Semáforo;Comercial;0;2;0;0;0;0;0;0;0;1;0;0;-38,544887;-3,744462;;;
248570;4;2;2015;07:30;25051;AV ALBERTO NEPOMUCENO;RUA CASTRO E SILVA;;;;Colisão Lateral;Luz do Dia;Bom;Seca;T;Semáforo;Comercial;0;0;2;0;1;0;0;0;0;0;0;0;-38,525072;-3,724606;;;
248550;4;2;2015;12:15;9183;AV FELINO BARROSO;RUA CARLOS RIBEIRO;;;;Colisão Transversal;Luz do Dia;Bom;Seca;Cruz;Pare;Comercial;0;0;2;0;0;0;0;1;0;0;0;0;-38,528224;-3,746736;;;
248573;4;2;2015;07:36;7862;AV ANTONIO SALES;RUA PRO DIAS DA ROCHA;;;;Colisão;Luz do Dia;Bom;Seca;Cruz;Pare;Comercial;0;1;1;1;0;1;0;0;0;0;0;0;-38,495535;-3,747586;;;
248579;4;2;2015;07:30;0;AV ANTONIO SALES;;;1431;;Colisão Traseira;Luz do Dia;Bom;Seca;Meio de Quadra;Outros;Comercial;0;0;2;1;0;0;0;0;0;0;0;0;-38,511239;-3,742711;;;
248582;4;2;2015;18:20;24991;AV GAL OSORIO DE PAIVA;RUA ABEL RIBEIRO;;;;Colisão Lateral;Anoitecer;Bom;Seca;Cruz;Pare;Comercial;0;0;2;1;0;0;0;0;0;1;0;0;-38,576252;-3,781799;;;
248625;4;2;2015;18:45;12445;AV SEN FERNANDES TAVORA;TR HELENA DE MARIA;;;;Colisão;Luz do Dia;Bom;Seca;T;Não Há Controle;Comercial;0;1;2;0;0;0;0;0;0;1;0;0;-38,574916;-3,766094;;;
248632;4;2;2015;18:00;0;RUA MON SALAZAR;;;;;Colisão Lateral;Anoitecer;Bom;Seca;Meio de Quadra;Não Há Controle;Misto;0;0;2;1;0;0;0;0;0;0;0;0;;;;;
248643;4;2;2015;09:30;0;AV PRS CASTELO BRANCO;;;;;Colisão Traseira;Luz do Dia;Bom;Seca;Meio de Quadra;Não Há Controle;Comercial;0;0;2;1;0;0;0;0;0;0;0;0;;;;;
248646;4;2;2015;13:00;0;RUA CASTRO E SILVA;;;417;;Colisão Lateral;Luz do Dia;Bom;Seca;Meio de Quadra;Semáforo;Comercial;0;0;2;1;1;0;0;0;0;0;0;0;-38,528923;-3,723360;;;
248668;4;2;2015;07:25;17564;RUA PARA;RUA ESTADO DO RIO;;;;Colisão Transversal;Luz do Dia;Bom;Seca;Cruz;Pare;Residencial;0;1;1;1;0;0;0;0;0;1;0;0;-38,567337;-3,752973;;;
248703;4;2;2015;06:45;1467;AV SANTOS DUMONT;RUA MON CATAO;;;;Colisão Transversal;Luz do Dia;Nublado;Seca;Rotatória;Semáforo;Comercial;0;1;1;1;0;0;0;0;0;0;0;0;-38,490564;-3,738745;;;
248704;4;2;2015;16:55;0;AV FRANCISCO SA;;;;;Colisão Lateral;Luz do Dia;Bom;Seca;Meio de Quadra;Pare;Lazer;0;0;2;1;0;0;0;0;0;0;0;0;;;;;
248708;4;2;2015;08:50;16057;AV PRS COSTA E SILVA;AV GODOFREDO MACIEL;;;;Colisão Traseira;Luz do Dia;Bom;Seca;Cruz;Semáforo;Comercial;0;0;2;1;0;0;1;0;0;0;0;0;-38,574739;-3,811743;;;