COD_ACIDENTE;DIA;MES;ANO;HORA;INTERSECAO;LOG1;LOG2;LOG3;NUMERO;REFERENCIA;NATUREZA;ILUMINACAO;TEMPO;SUPERFICIEPISTA;TIPOCRUZAMENTO;CONTROLETRAFEGO;USOSOLO;MORTOS;FERIDOS;ILESOS;AUTOMOVEL;ONIBUS;BICICLETA;CAMINHAO;MICROONIBUS;CICLOMOTOR;MOTOCICLETA;TRACAOANIMAL;TREM;LONG;LAT;;;
248717;4;2;2015;07:45;0;AV PRS COSTA E SILVA;;;3475;;Colisão Traseira;Luz do Dia;Bom;Seca;Meio de Quadra;Não Há Controle;Misto;0;1;1;1;0;0;0;0;0;1;0;0;-38,527262;-3,829502;;;
248734;4;2;2015;06:00;25185;AV DOS EXPEDICIONARIOS;RUA MAJ TELESFORO;;;;Colisão Lateral;Luz do Dia;Bom;Seca;T;Pare;Rural;0;1;1;1;0;0;0;0;0;1;0;0;-38,551222;-3,798059;;;
248739;4;2;2015;08:40;0;AV DOS EXPEDICIONARIOS;;;3100;;Engavetamento;Luz do Dia;Bom;Seca;Meio de Quadra;Não Há Controle;;0;0;3;1;0;0;0;0;0;0;0;0;-38,535405;-3,745892;;;
248743;4;2;2015;07:15;0;AV GAL OSORIO DE PAIVA;;;5883;;Colisão Traseira;Luz do Dia;Bom;Seca;Meio de Quadra;Semáforo Manual;Misto;0;0;2;1;0;0;0;0;0;0;0;0;-38,605198;-3,807958;;;
248747;4;2;2015;15:20;20042;AV ALBERTO CRAVEIRO;AV DR SILAS MUNGUBA;;;;Colisão Traseira;Luz do Dia;Bom;Seca;Rotatória;Dê Preferência;Comercial;0;0;2;1;0;0;1;0;0;0;0;0;-38,524782;-3,807229;;;
248748;4;2;2015;10:00;0;AV ALBERTO CRAVEIRO;;;430;;Colisão Traseira;Luz do Dia;Nublado;Seca;Meio de Quadra;Não Há Controle;Comercial;0;1;1;1;0;0;0;0;0;1;0;0;-38,516505;-3,782668;;;
248749;4;2;2015;18:20;0;AV PRS COSTA E SILVA;;;3021;;Colisão Lateral;Anoitecer;Bom;Seca;Meio de Quadra;Não Há Controle;Residencial;0;0;2;1;0;0;1;0;0;0;0;0;;;;;
248745;4;2;2015;16:00;3209;RUA VITAL BRASIL;RUA ANSELMO NOGUEIRA;;;;Colisão Transversal;Luz do Dia;Bom;Seca;Cruz;Semáforo;Residencial;0;0;2;1;0;0;1;0;0;0;0;0;-38,587181;-3,781072;;;
253447;4;2;2015;07:30;0;RD BR 116;;;4000;KM-04;Colisão Lateral;Luz do Dia;Bom;Seca;Meio de Quadra;Não Há Controle;Comercial;0;0;2;0;0;0;0;0;0;1;0;0;-38,510646;-3,788331;;;
253471;4;2;2015;10:30;0;RD BR 116;;;6000;KM-06;Colisão Lateral;Luz do Dia;Bom;Seca;Meio de Quadra;Não Há Controle;Comercial;0;0;2;1;0;0;0;0;0;0;0;0;-38,503053;-3,804691;;;
263685;4;2;2015;07:27;0;AV FRE CIRILO;;;;;Colisão;Luz do Dia;;;Meio de Quadra;;;0;0;2;0;0;0;0;0;0;0;0;0;;;;;
263688;4;2;2015;07:42;0;RUA VALPARAISO;;;;;Colisão;Luz do Dia;;;Meio de Quadra;;;0;0;2;0;0;0;0;0;0;0;0;0;;;;;
263691;4;2;2015;10:49;0;RUA CAP ARAGAO;;;927;;Colisão;Luz do Dia;;;Meio de Quadra;;;0;0;2;0;0;0;0;0;0;0;0;0;-38,509690;-3,764229;;;
263693;4;2;2015;11:37;0;AV ALBERTO NEPOMUCENO;;;308;;Colisão;Luz do Dia;;;Meio de Quadra;;;0;0;2;0;0;0;0;0;0;0;0;0;;;;;
263695;4;2;2015;11:38;0;RUA VICENTE SABOIA;;;238;;Colisão;Luz do Dia;;;Meio de Quadra;;;0;0;2;0;0;0;0;0;0;0;0;0;-38,560377;-3,712565;;;
263697;4;2;2015;14:27;1712;RUA CAP OLAVO;RUA DJALMA PETIT;;;;Colisão;Luz do Dia;;;Cruz;Pare;Residencial;0;0;2;0;0;0;0;0;0;0;0;0;-38,515806;-3,766206;;;
263698;4;2;2015;16:46;0;LOGRADOURO SEM NOME;;;;;Colisão;Luz do Dia;;;Meio de Quadra;;;0;0;2;0;0;0;0;0;0;0;0;0;;;;;
263703;4;2;2015;17:21;0;AV DEP PAULINO ROCHA;;;;;Colisão;Anoitecer;;;Meio de Quadra;;;0;0;2;0;0;0;0;0;0;0;0;0;;;;;
263704;4;2;2015;19:18;0;RUA OLIVEIRA SOBRINHO;;;1611;;Colisão;;;;Meio de Quadra;;;0;0;2;0;0;0;0;0;0;0;0;0;-38,595968;-3,780070;;;
263705;4;2;2015;19:37;9892;RUA SGT JOAO PINHEIRO;RUA BOM JESUS (GRANJA LISBOA);;;;Colisão;;;;Cruz;Outros;Comercial;0;0;2;0;0;0;0;0;0;0;0;0;-38,624041;-3,787299;;;
263707;4;2;2015;21:34;7633;AV CARNEIRO DE MENDONCA;RUA RIO GRANDE DO SUL;;;;Colisão;;;;Cruz;Semáforo;Misto;0;0;2;0;0;0;0;0;0;0;0;0;-38,570011;-3,762374;;;
263708;4;2;2015;21:52;0;RUA 616 CJ CEARA;;;;;Colisão;;;;Meio de Quadra;;;0;0;2;0;0;0;0;0;0;0;0;0;;;;;
263709;4;2;2015;22:02;0;AV OLIVEIRA PAIVA;;;1170;;Colisão;;;;Meio de Quadra;;;0;0;2;0;0;0;0;0;0;0;0;0;-38,496068;-3,795486;;;
259726;4;2;2015;11:36;11549;RUA REINO UNIDO;RUA VALE FORMOSO;;;;Colisão;Luz do Dia;;;Cruz;Pare;Comercial;0;0;2;0;0;0;0;0;0;0;0;0;-38,504368;-3,785081;;;
259727;4;2;2015;14:45;25000;RUA COSTA BARROS;AV DOM MANUEL;;;;Colisão;Luz do Dia;;;Cruz;Semáforo;Residencial;0;0;3;1;0;0;0;0;0;0;0;0;-38,520793;-3,727381;;;
248752;4;2;2015;19:30;15181;AV RUI BARBOSA;RUA TOMAS POMPEU;;;;Colisão Lateral;Mal Iluminada;Bom;Seca;Cruz;Não Há Controle;Residencial;0;0;2;1;1;0;0;0;0;0;0;0;-38,506160;-3,725871;;;
254480;5;2;2015;15:28;0;AV WASHINGTON SOARES;;;85;IGUATEMI;Colisão;Luz do Dia;;;Meio de Quadra;;;0;0;2;1;1;0;0;0;0;0;0;0;-38,488576;-3,757652;;;
259741;5;2;2015;16:47;0;RUA 8 DE SETEMBRO;;;;;Colisão;Luz do Dia;;;Meio de Quadra;;;0;0;2;1;0;0;0;0;0;0;0;0;;;;;
263711;5;2;2015;11:09;0;AV PONTES VIEIRA;;;;;Colisão;Luz do Dia;;;Meio de Quadra;;;0;0;2;0;0;0;0;0;0;0;0;0;;;;;
263712;5;2;2015;14:01;0;RUA DR GILBERTO STUDART;;;133;;Colisão;Luz do Dia;;;Meio de Quadra;;;0;0;2;0;0;0;0;0;0;0;0;0;;;;;
253480;5;2;2015;08:00;0;RD BR 116;;;6000;KM-06;Colisão Traseira;Luz do Dia;Bom;Seca;Meio de Quadra;Não Há Controle;;0;1;1;0;0;0;1;0;0;0;0;0;-38,503053;-3,804691;;;
275900;5;2;2015;08:05;0;RD BR 116;;;5000;KM-05;Colisão Frontal;Luz do Dia;Bom;Seca;Meio de Quadra;;;0;1;1;1;0;0;0;0;0;1;0;0;;;;;
248583;5;2;2015;07:30;0;AV PRS COSTA E SILVA;;;;;Colisão Lateral;Luz do Dia;Nublado;Seca;Meio de Quadra;Não Há Controle;Comercial;0;2;0;0;0;0;0;0;0;1;0;0;;;;;
248584;5;2;2015;10:30;0;RUA ROSA CORDEIRO;;;80;;Colisão;Luz do Dia;Bom;Seca;Meio de Quadra;Não Há Controle;Residencial;0;0;3;0;1;0;0;0;0;1;0;0;-38,469989;-3,772818;;;
248586;5;2;2015;07:00;12455;AV SEN FERNANDES TAVORA;RUA RIO GRANDE DO SUL;;;;Choque c/ Obstáculo Fixo;Luz do Dia;Nublado;Seca;Cruz;Semáforo;Misto;0;1;0;1;0;0;0;0;0;0;0;0;-38,572159;-3,768083;;;
248587;5;2;2015;07:20;7805;RUA OSVALDO CRUZ (ALDEOTA);RUA FRANCISCO HOLANDA;;;;Colisão Lateral;Luz do Dia;Bom;Seca;Cruz;Pare;Residencial;0;0;2;1;0;0;0;0;0;0;0;0;-38,504543;-3,748713;;;
248588;5;2;2015;11:30;281;AV JOVITA FEITOSA;RUA PRO RAIMUNDO VITOR;;;;Colisão Traseira;Luz do Dia;Bom;Seca;Cruz;Pare;Comercial;0;1;2;1;0;0;0;0;0;1;0;0;-38,565085;-3,741618;;;
248580;5;2;2015;16:00;1375;AV SANTOS DUMONT;RUA BARBOSA DE FREITAS;;;;Colisão Transversal;Luz do Dia;Bom;Seca;Cruz;Semáforo;Comercial;0;1;1;1;0;0;0;0;0;1;0;0;-38,497363;-3,736551;;;
248577;5;2;2015;15:35;5303;AV SANTOS DUMONT;RUA DNA LEOPOLDINA;;;;Colisão Lateral;Luz do Dia;Bom;Seca;Cruz;Semáforo;Misto;0;0;2;1;1;0;0;0;0;0;0;0;-38,519029;-3,729515;;;
248575;5;2;2015;10:50;5411;AV DUQ CAXIAS;RUA BAR ARATANHA;;;;Engavetamento;Luz do Dia;Bom;Seca;T;Pare;Misto;0;1;3;1;0;0;1;0;0;1;0;0;-38,526380;-3,732920;;;
248594;5;2;2015;15:40;0;AV JOSE SABOIA;;;;;Colisão Traseira;Luz do Dia;Bom;Seca;Meio de Quadra;Não Há Controle;Comercial;0;0;2;1;0;0;1;0;0;0;0;0;;;;;
248595;5;2;2015;19:15;0;AV JOSE BASTOS;;;6590;;Colisão Traseira;Via Iluminada;Bom;Seca;Meio de Quadra;Não Há Controle;Misto;0;1;1;1;0;0;0;0;0;1;0;0;;;;;
248596;5;2;2015;13:45;12925;AV DOMINGOS OLIMPIO;AV AGUANAMBI;;;;Colisão Traseira;Luz do Dia;Bom;Seca;Cruz;Semáforo Intermitente;Comercial;0;0;2;1;0;0;0;0;0;0;0;0;-38,524628;-3,738683;;;
248591;5;2;2015;13:00;0;AV JOSE SABOIA;;;;;Colisão Traseira;Luz do Dia;Bom;Seca;;;Industrial;0;0;2;1;0;0;1;0;0;0;0;0;;;;;
248611;5;2;2015;11:30;4021;AV PRO GOMES DE MATOS;RUA DES PRAXEDES;;;;Colisão Transversal;Luz do Dia;Bom;Seca;Cruz;Semáforo;Comercial;0;1;1;1;0;0;0;0;0;0;0;0;-38,546229;-3,761872;;;
248617;5;2;2015;11:37;0;AV PRS COSTA E SILVA;;;2145;;Choque c/ Obstáculo Fixo;Luz do Dia;Bom;Seca;Meio de Quadra;;;0;1;0;1;0;0;0;0;0;0;0;0;-38,562204;-3,819269;;;
248552;5;2;2015;13:50;15216;AV ABOLICAO;RUA VIS MAUA;;;;Colisão Traseira;Luz do Dia;Bom;Seca;Cruz;Outros;Comercial;0;0;2;0;0;0;1;0;0;0;0;0;-38,496477;-3,727006;;;
248545;5;2;2015;08:30;4021;AV PRO GOMES DE MATOS;RUA DES PRAXEDES;;;;Colisão Traseira;Luz do Dia;Nublado;Seca;Cruz;Semáforo;Comercial;0;0;2;1;1;0;0;0;0;0;0;0;-38,546229;-3,761872;;;
248546;5;2;2015;18:40;0;AV SANTOS DUMONT;;;;;Colisão Traseira;Via Iluminada;Bom;Seca;Meio de Quadra;Não Há Controle;Comercial;0;0;2;1;0;0;0;0;0;0;0;0;;;;;
248547;5;2;2015;16:20;9131;AV 13 DE MAIO;RUA BAR ARATANHA;;;;Engavetamento;Luz do Dia;Bom;Seca;Cruz;Semáforo;Comercial;0;0;3;1;0;0;0;0;0;0;0;0;-38,531331;-3,747615;;;
248548;5;2;2015;13:50;5302;AV TRISTAO GONCALVES;RUA PEDRO I;;;;Colisão Lateral;Luz do Dia;Bom;Seca;Cruz;Semáforo;Comercial;0;0;2;1;1;0;0;0;0;0;0;0;-38,533927;-3,729523;;;
248571;5;2;2015;10:00;3810;RUA JUVENAL GALENO;RUA TEREZA CRISTINA;;;;Colisão Transversal;Luz do Dia;Nublado;Seca;Cruz;Semáforo;Comercial;0;0;2;1;0;0;0;0;0;0;0;0;-38,540098;-3,738203;;;
248569;5;2;2015;07:50;0;RUA CASTRO E SILVA;;;55;;Colisão Lateral;Luz do Dia;Bom;Seca;Meio de Quadra;Não Há Controle;Comercial;0;0;2;1;1;0;0;0;0;0;0;0;-38,526032;-3,724298;;;
248567;5;2;2015;22:30;19328;RUA EDUARDO PERDIGAO;RUA CON DE CASTRO;;;;Colisão Transversal;Via Iluminada;Bom;Seca;Cruz;Pare;Comercial;0;1;1;1;1;0;0;0;0;0;0;0;-38,564769;-3,775579;;;
248564;5;2;2015;19:45;0;RUA SAO PAULO;;;1886;;Colisão Traseira;Anoitecer;Bom;Seca;Meio de Quadra;Não Há Controle;Residencial;0;0;2;1;0;0;0;0;0;0;0;0;-38,541844;-3,721325;;;
248560;5;2;2015;14:20;3408;RUA DES PRAXEDES;RUA MATOS VASCONCELOS;;;;Colisão Transversal;Luz do Dia;Bom;Seca;Cruz;Pare;Residencial;0;0;2;1;0;0;0;0;0;0;0;0;-38,554688;-3,755879;;;
248561;5;2;2015;12:30;7718;AV JOSE BASTOS;AV CARNEIRO DE MENDONCA;;;;Colisão Traseira;Luz do Dia;Bom;Seca;Cruz;Semáforo;Comercial;0;0;2;1;0;0;0;0;0;0;0;0;-38,566759;-3,764109;;;
248562;5;2;2015;13:16;7718;AV CARNEIRO DE MENDONCA;AV JOSE BASTOS;;;;Outros;Luz do Dia;Bom;Seca;Cruz;Pare;Comercial;0;0;2;1;0;0;0;0;0;0;0;0;-38,566759;-3,764109;;;
248557;5;2;2015;08:00;0;RUA PEDRO PEREIRA;;;155;;Colisão Lateral;Luz do Dia;Nublado;Seca;Meio de Quadra;Não Há Controle;Comercial;0;0;2;1;0;0;1;0;0;0;0;0;-38,526906;-3,730210;;;
248555;5;2;2015;23:00;4339;AV ZEZE DIOGO;RUA FRANCISCO MONTE;;;;Colisão Transversal;Via Iluminada;Bom;Seca;T;Não Há Controle;Lazer;0;2;0;1;0;0;0;0;0;1;0;0;-38,465825;-3,714559;;;
258730;5;2;2015;17:00;0;RD CE-040;;;;KM-11;Colisão;Anoitecer;;Seca;Meio de Quadra;;;0;1;1;1;0;0;0;0;0;1;0;0;-38,480252;-3,844873;;;
258732;5;2;2015;17:10;0;RD CE-065;;;;KM-01;Colisão;Anoitecer;;;Meio de Quadra;;;0;0;2;1;0;0;0;0;0;0;0;0;;;;;
258728;5;2;2015;08:00;0;RD CE-040;;;;KM-09;Colisão;Luz do Dia;;Seca;Meio de Quadra;;;0;0;2;1;0;0;1;0;0;0;0;0;-38,481431;-3,824774;;;
257227;5;2;2015;08:45;1574;RUA PDE VALDEVINO;RUA JOSE VILAR;;;;;Luz do Dia;;;Cruz;Semáforo;Comercial;0;1;0;0;0;0;1;0;0;1;0;0;-38,506779;-3,742300;;;
257230;5;2;2015;14:00;7217;TR JOAO TEIXEIRA;RUA VICENTE SABOIA;;;;Choque c/ Obstáculo Fixo;Luz do Dia;;;;;;0;1;0;1;0;0;0;0;0;0;0;0;-38,559937;-3,710214;;;
260351;5;2;2015;00:43;9130;AV 13 DE MAIO;RUA SOLON PINHEIRO;;;;Colisão;;;;T;Não Há Controle;Lazer;0;1;1;1;0;0;0;0;0;0;0;0;-38,531934;-3,747100;;;
260352;5;2;2015;01:45;0;AV ENG HUMBERTO MONTE;;;;;Colisão;;;;Meio de Quadra;;;0;1;1;1;0;0;0;0;0;1;0;0;;;;;
260371;5;2;2015;23:51;0;AV DIOGUINHO;;;;;Colisão;;;;Meio de Quadra;;;0;1;1;1;0;0;0;0;0;1;0;0;;;;;
260368;5;2;2015;23:12;0;RUA MAJ VERISSIMO;;;;;Colisão;;;;Meio de Quadra;;;0;1;1;0;0;0;0;0;0;1;0;0;-38,563096;-3,720830;;;
260369;5;2;2015;23:18;0;AV OLIVEIRA PAIVA;;;;;Queda;;;;Meio de Quadra;;;0;1;0;0;0;0;0;0;0;1;0;0;-38,496543;-3,795651;;;
260354;5;2;2015;07:22;0;RUA FRANCISCO HOLANDA;;;;;Colisão;Luz do Dia;;;Meio de Quadra;;;0;1;1;1;0;0;0;0;0;1;0;0;;;;;
260355;5;2;2015;07:38;1488;RUA ROCHA LIMA;RUA CARLOS VASCONCELOS;;;;Colisão;Luz do Dia;;;Cruz;Pare;Residencial;0;1;1;1;0;1;0;0;0;0;0;0;-38,512902;-3,739419;;;
260356;5;2;2015;09:29;0;AV AUGUSTO DOS ANJOS;;;;;Colisão;Luz do Dia;;;Meio de Quadra;;;0;1;1;1;0;0;0;0;0;1;0;0;-38,575233;-3,775714;;;
260357;5;2;2015;10:42;0;RUA ROSA CORDEIRO;;;;;Atropelamento;Luz do Dia;;;Meio de Quadra;;;0;1;1;0;0;0;0;0;0;1;0;0;-38,469989;-3,772818;;;
260358;5;2;2015;11:23;0;RUA PEREIRA FILGUEIRAS;;;;;Colisão;Luz do Dia;;;Meio de Quadra;;;0;1;1;1;0;0;0;0;0;1;0;0;-38,517176;-3,726966;;;
260359;5;2;2015;12:45;0;AV JOSE SABOIA;;;;;Colisão;Luz do Dia;;;Meio de Quadra;;;0;1;1;1;0;0;0;0;0;0;0;0;;;;;
260360;5;2;2015;17:33;0;RD BR 116;;;;;Colisão;Anoitecer;;;Meio de Quadra;;;0;1;1;1;0;0;0;0;0;1;0;0;-38,516525;-3,772244;;;
260361;5;2;2015;19:27;12652;RUA RIO PARAGUAI;AV MAJ ASSIS;;;;Colisão;;;;Cruz;Pare;Residencial;0;1;1;0;0;0;0;0;0;1;0;0;-38,584107;-3,723988;;;
260362;5;2;2015;09:48;0;AV MR HULL;;;;;Atropelamento;Luz do Dia;;;Meio de Quadra;;;0;1;1;0;0;0;0;0;0;1;0;0;;;;;
260363;5;2;2015;21:36;0;RUA GERMANO FRANCK;;;;;Colisão;;;;Meio de Quadra;;;0;1;1;1;0;0;0;0;0;1;0;0;-38,559647;-3,775249;;;
260364;5;2;2015;22:35;0;RUA CEL FABRICIANO;;;;;Colisão;;;;Meio de Quadra;;;0;1;1;0;0;0;0;0;0;1;0;0;-38,621645;-3,778987;;;
253487;5;2;2015;18:45;0;RD BR 116;;;5000;KM-05;Colisão Traseira;Anoitecer;Bom;Seca;Meio de Quadra;Não Há Controle;Comercial;0;0;2;1;0;0;0;0;0;0;0;0;-38,506787;-3,796502;;;
260147;5;2;2015;19:07;0;RUA DES LEITE ALBUQUERQUE;;;;;Colisão;;;;Meio de Quadra;;;0;0;2;0;0;0;0;0;0;0;0;0;;;;;
260205;6;2;2015;19:05;0;RUA TEN JURANDIR ALENCAR;;;;;Colisão;;;;Meio de Quadra;;;0;0;2;0;1;0;0;0;0;0;0;0;;;;;
260223;6;2;2015;20:22;0;AV GOV RAUL BARBOSA;;;;;Colisão;;;;Meio de Quadra;;;0;0;2;0;0;0;0;0;0;0;0;0;;;;;
260155;6;2;2015;11:01;0;AV ROGACIANO LEITE;;;900;;Colisão;Luz do Dia;;;Meio de Quadra;;;0;0;2;1;0;0;1;0;0;0;0;0;-38,495042;-3,764269;;;
260159;6;2;2015;17:00;0;AV PRS COSTA E SILVA;;;;;Colisão;Anoitecer;;;Meio de Quadra;;;0;0;2;0;1;0;0;0;0;0;0;0;;;;;
260373;6;2;2015;06:59;0;AV OLIVEIRA PAIVA;;;;;Queda;Luz do Dia;;;Meio de Quadra;;;0;1;0;0;0;0;0;0;0;1;0;0;-38,500575;-3,797419;;;
260381;6;2;2015;11:16;0;RUA DUAS NACOES;;;;;Colisão;Luz do Dia;;;Meio de Quadra;;;0;1;1;1;1;0;0;0;0;0;0;0;;;;;
260382;6;2;2015;11:18;0;RUA TEN ELIEZER COSTA;;;;;Colisão;Luz do Dia;;;Meio de Quadra;;;0;1;1;0;0;0;0;0;0;0;0;0;;;;;
260383;6;2;2015;12:20;0;AV CARNEIRO DE MENDONCA;;;;;Atropelamento;Luz do Dia;;;Meio de Quadra;;;0;1;1;0;0;0;0;0;0;1;0;0;-38,563950;-3,765497;;;
260378;6;2;2015;11:09;0;RUA BRAGANCA;;;1089;;Colisão;Luz do Dia;;;Meio de Quadra;;;0;1;1;0;0;0;0;0;0;1;0;0;-38,597148;-3,782916;;;
260375;6;2;2015;11:02;0;AV PRS COSTA E SILVA;;;;;Colisão;Luz do Dia;;;Meio de Quadra;;;0;1;1;0;0;0;0;0;0;0;0;0;;;;;
260510;6;2;2015;14:11;0;AV CEL CARVALHO;;;;;Queda;Luz do Dia;;;Meio de Quadra;;;0;1;0;0;0;0;0;0;0;1;0;0;-38,589695;-3,710465;;;
260511;6;2;2015;16:18;0;AV AGUANAMBI;;;272;JORNAL O POVO;Colisão;Luz do Dia;;;Meio de Quadra;;;1;0;1;1;0;0;0;0;0;1;0;0;-38,524730;-3,739144;;;
260515;6;2;2015;16:59;0;AV 13 DE MAIO;;;;;Colisão;Luz do Dia;;;Meio de Quadra;;;0;1;1;1;0;0;0;0;0;1;0;0;-38,533845;-3,745477;;;
260529;6;2;2015;23:20;0;AV SEN FERNANDES TAVORA;;;;;Colisão;;;;Meio de Quadra;;;0;1;1;1;0;0;0;0;0;1;0;0;-38,580535;-3,763060;;;
260530;6;2;2015;23:26;0;RUA DR JOAQUIM BENTO;;;;;Atropelamento;;;;Meio de Quadra;;;0;1;1;1;0;0;0;0;0;0;0;0;-38,488213;-3,828565;;;
260517;6;2;2015;17:28;10094;RUA LUMINOSA;RUA ZACARIAS FLORINDO;;;;Colisão;Anoitecer;;;;;;0;1;0;0;0;0;0;0;0;0;0;0;-38,605447;-3,784683;;;
260518;6;2;2015;19:32;0;RUA FRANCO ROCHA;;;464;;Colisão;;;;Meio de Quadra;;;0;1;1;0;0;0;0;0;0;1;0;0;-38,580811;-3,754525;;;
260521;6;2;2015;21:54;2479;AV CEL CARVALHO;RUA FLORENCIO ALENCAR;;;;Colisão;;;;Cruz;Não Há Controle;;0;1;1;1;0;0;0;0;0;1;0;0;;;;;
260524;6;2;2015;22:39;0;AV GAL OSORIO DE PAIVA;;;;;Atropelamento;;;;Meio de Quadra;;;0;1;1;1;0;0;0;0;0;0;0;0;-38,569283;-3,777382;;;
260526;6;2;2015;22:58;0;RUA 127 CJ CEARA;;;;;Queda;;;;Meio de Quadra;;;0;1;0;0;0;0;0;0;0;1;0;0;;;;;
257234;6;2;2015;09:45;0;RUA GERMANO FRANCK;;;935;;Colisão;Luz do Dia;;;Meio de Quadra;;;0;1;0;1;0;0;0;0;0;1;0;0;-38,564127;-3,779024;;;
257236;6;2;2015;21:10;25335;AV WASHINGTON SOARES;RUA EGIDIO DE OLIVEIRA;;;;Colisão;;;;T;;Comercial;0;1;0;1;0;0;1;0;0;0;0;0;-38,478714;-3,810766;;;
274706;6;2;2015;08:55;19377;RUA EDUARDO PERDIGAO;RUA GERMANO FRANCK;;;;Colisão Lateral;Luz do Dia;Bom;Seca;Cruz;Semáforo;Residencial;0;0;2;1;1;0;0;0;0;0;0;0;;;;;
258733;6;2;2015;13:00;0;RD CE-040;;;;KM-07;Colisão;Luz do Dia;Bom;Seca;Meio de Quadra;Não Há Controle;;0;0;3;1;0;0;0;0;0;0;0;0;-38,483160;-3,817953;;;
258734;6;2;2015;15:00;0;RD CE-040;;;;KM-09;Colisão;Luz do Dia;;Seca;Meio de Quadra;;;0;0;2;1;0;0;0;0;0;0;0;0;-38,481431;-3,824774;;;
248572;6;2;2015;19:30;1716;AV GOV RAUL BARBOSA;RUA CAP ARAGAO;;;;Colisão Traseira;Via Iluminada;Bom;Seca;Cruz;Semáforo;Misto;0;1;1;1;0;0;0;0;0;1;0;0;-38,508802;-3,763977;;;
248615;6;2;2015;13:50;0;RUA SEN ALENCAR;;;248;;Colisão Lateral;Luz do Dia;Bom;Seca;Meio de Quadra;Não Há Controle;Comercial;0;1;2;1;0;0;0;0;0;1;0;0;-38,527830;-3,724855;;;
248592;6;2;2015;09:00;17375;AV JOSE DO PATROCINIO;RUA ALAN KARDEC;;;;Colisão Traseira;Luz do Dia;Bom;Seca;Duplo T;Pare;Comercial;0;1;1;0;0;0;0;1;0;1;0;0;-38,547462;-3,766831;;;
248593;6;2;2015;12:30;0;AV 13 DE MAIO;;;2400;;Colisão Traseira;Luz do Dia;Bom;Seca;Meio de Quadra;Semáforo;Escola;0;0;2;1;0;0;0;0;0;0;0;0;-38,537898;-3,741992;;;
248605;6;2;2015;19:00;0;RUA COSTA BARROS;;;1227;;Colisão Lateral;Amanhecer;Bom;Seca;Outros;Outros;Comercial;0;0;2;1;0;0;0;0;0;0;0;0;-38,512305;-3,730109;;;
248607;6;2;2015;13:30;0;RUA GERMANO FRANCK;;;860;;Colisão Lateral;Luz do Dia;Bom;Seca;Meio de Quadra;Não Há Controle;Misto;0;0;2;1;0;0;1;0;0;0;0;0;-38,563808;-3,778750;;;
248609;6;2;2015;15:25;0;RUA JULIO LIMA;AV DES GONZAGA;;501;;Colisão Frontal;Luz do Dia;Bom;Seca;Meio de Quadra;Não Há Controle;Residencial;0;0;2;1;0;0;0;0;0;1;0;0;-38,500551;-3,796209;;;
248597;6;2;2015;08:15;0;AV IMPERADOR;;;;;Colisão Lateral;Luz do Dia;Bom;Seca;Meio de Quadra;Outros;Comercial;0;0;2;1;1;0;0;0;0;0;0;0;;;;;
248576;6;2;2015;17:00;0;RUA BAR AQUIRAZ;;;1000;;Colisão Frontal;Mal Iluminada;Bom;Seca;Meio de Quadra;Não Há Controle;Comercial;0;1;1;0;0;0;0;0;0;1;0;0;-38,487948;-3,837508;;;
248574;6;2;2015;23:00;24984;AV ALM HENRIQUE SABOIA;RUA BENTO ALBUQUERQUE;;;;Colisão Lateral;Via Iluminada;Bom;Seca;T;Não Há Controle;Residencial;0;0;2;1;0;0;0;0;0;0;0;0;-38,488529;-3,742019;;;
248578;6;2;2015;18:00;0;AV ENG SANTANA JUNIOR;;;1002;;Colisão Lateral;Anoitecer;Bom;Seca;Meio de Quadra;Semáforo;Comercial;0;0;2;0;1;0;0;0;0;0;0;0;;;;;
248581;6;2;2015;15:30;0;AV DOS EXPEDICIONARIOS;;;3144;23-BC;Engavetamento;Luz do Dia;Bom;Seca;Meio de Quadra;Não Há Controle;Comercial;0;1;3;1;0;0;0;0;0;0;0;0;-38,535500;-3,746232;;;
248589;6;2;2015;06:15;0;AV SANTOS DUMONT;RUA JOAQUIM NABUCO;;2626;;Outros;Luz do Dia;Bom;Seca;Meio de Quadra;Semáforo;Comercial;0;0;1;0;1;0;0;0;0;0;0;0;-38,501363;-3,735269;;;
248590;6;2;2015;14:20;9168;AV BORGES DE MELO;AV LUCIANO CARNEIRO;;;;Colisão Lateral;Luz do Dia;Bom;Seca;Cruz;Semáforo;Comercial;0;0;2;1;0;0;0;1;0;0;0;0;-38,534097;-3,756465;;;
248585;6;2;2015;19:15;6721;AV ENG SANTANA JUNIOR;RUA BENTO ALBUQUERQUE;;;;Atropelamento;Via Iluminada;Bom;Seca;Cruz;Semáforo;Misto;0;2;0;0;0;0;0;0;0;1;0;0;-38,486538;-3,742678;;;
253445;6;2;2015;17:50;0;RD BR 116;;;5000;KM-05;Colisão Traseira;Anoitecer;Bom;Seca;Meio de Quadra;Não Há Controle;;0;0;2;0;0;0;0;0;0;1;0;0;-38,506787;-3,796502;;;
248642;6;2;2015;18:42;23558;RUA JOSE JUSTA;RUA EVARISTO REIS;;;;Colisão Transversal;Anoitecer;Bom;Seca;T;Pare;Residencial;0;1;1;1;0;0;0;0;0;1;0;0;-38,508235;-3,761416;;;
248678;6;2;2015;15:30;25029;AV CEL CARVALHO;RUA TEN ELIEZER COSTA;;;;Colisão Transversal;Luz do Dia;Bom;Seca;Cruz;Pare;Comercial;0;1;1;0;0;0;0;0;0;1;0;0;-38,589633;-3,710718;;;