COD_ACIDENTE;DIA;MES;ANO;HORA;INTERSECAO;LOG1;LOG2;LOG3;NUMERO;REFERENCIA;NATUREZA;ILUMINACAO;TEMPO;SUPERFICIEPISTA;TIPOCRUZAMENTO;CONTROLETRAFEGO;USOSOLO;MORTOS;FERIDOS;ILESOS;AUTOMOVEL;ONIBUS;BICICLETA;CAMINHAO;MICROONIBUS;CICLOMOTOR;MOTOCICLETA;TRACAOANIMAL;TREM;LONG;LAT;;;
248657;6;2;2015;09:30;3316;RUA VIRIATO RIBEIRO;RUA CHILE;;;;Colisão Transversal;Luz do Dia;Bom;Seca;Cruz;Pare;Residencial;0;0;2;1;0;0;0;0;0;0;0;0;-38,565276;-3,746178;;;
248658;6;2;2015;13:40;12745;RUA JULIO CESAR D12;RUA ANA NERY;;;;Colisão Transversal;Luz do Dia;Bom;Seca;Cruz;Pare;Comercial;0;1;2;1;0;0;0;0;0;0;0;0;-38,544349;-3,751712;;;
248675;6;2;2015;13:50;22073;RUA JOSE FACANHA;RUA MAJ PEDRO SAMPAIO;;;;Colisão Transversal;Luz do Dia;Bom;Seca;Cruz;Pare;Misto;0;0;2;1;0;0;0;0;0;0;0;0;-38,558312;-3,751200;;;
248653;6;2;2015;09:30;0;AV JOVITA FEITOSA;;;185;;Engavetamento;Luz do Dia;Bom;Seca;Meio de Quadra;Não Há Controle;Comercial;0;0;3;1;0;0;0;0;0;0;0;0;-38,545574;-3,737603;;;
248655;6;2;2015;11:30;3860;AV DA UNIVERSIDADE;AV 13 DE MAIO;;;;Colisão Lateral;Luz do Dia;Bom;Seca;Cruz;Semáforo;Comercial;0;0;2;1;0;0;0;0;0;1;0;0;-38,539107;-3,740962;;;
248681;6;2;2015;13:45;7775;AV BAR STUDART;AV ANTONIO SALES;;;;Colisão Traseira;Luz do Dia;Bom;Seca;Cruz;Semáforo Intermitente;Comercial;0;0;2;1;0;0;0;0;0;0;0;0;-38,509378;-3,743288;;;
248649;6;2;2015;19:15;8931;RUA ANTONIO POMPEU;RUA JUSTINIANO DE SERPA;;;;Colisão Lateral;Via Iluminada;Bom;Seca;Cruz;Pare;Comercial;0;0;2;1;0;0;0;0;0;0;0;0;-38,542672;-3,732034;;;
248650;6;2;2015;08:00;5318;RUA GAL CLARINDO DE QUEIROZ;RUA PDE IBIAPINA;;;;Colisão Transversal;Luz do Dia;Bom;Seca;Cruz;Pare;Comercial;0;0;2;1;0;0;0;0;0;1;0;0;-38,540084;-3,729518;;;
248660;6;2;2015;11:15;10005;RUA DUAS NACOES;RUA TAQUARI;;;;Colisão Transversal;Luz do Dia;Bom;Seca;Cruz;Pare;Residencial;0;1;2;0;1;0;0;0;0;1;0;0;-38,601822;-3,776149;;;
248633;6;2;2015;16:40;9147;RUA DOM SEBASTIAO LEME;RUA CARLOS RIBEIRO;;;;Colisão Transversal;Luz do Dia;Bom;Seca;Cruz;Pare;Residencial;0;0;2;1;0;0;0;0;0;1;0;0;-38,526198;-3,746500;;;
248634;6;2;2015;20:00;0;RUA MAL BITENCOURT;;;1019;;Atropelamento;Via Iluminada;Bom;Seca;Meio de Quadra;Não Há Controle;Comercial;0;2;0;0;0;0;0;0;0;1;0;0;-38,530173;-3,792521;;;
248635;6;2;2015;15:30;11630;RUA PRO HERIBALDO COSTA;RUA BOA VISTA;;;;Colisão Transversal;Luz do Dia;Bom;Seca;Cruz;Pare;Residencial;0;1;1;1;0;0;0;0;0;1;0;0;-38,588035;-3,767974;;;
248630;6;2;2015;19:05;22994;AV DR SILAS MUNGUBA;RUA ANTONIO BENTO;;;;Colisão Traseira;Via Iluminada;Bom;Seca;Cruz;Pare;Comercial;0;1;3;1;1;0;0;0;0;1;0;0;;;;;
248639;6;2;2015;08:45;0;AV CARAPINIMA;;;2415;;Colisão Traseira;Luz do Dia;Bom;Seca;Meio de Quadra;Não Há Controle;Comercial;0;0;2;1;0;0;0;0;0;0;0;0;-38,540886;-3,740648;;;
248627;6;2;2015;17:50;0;AV AGUANAMBI;;;;ROTATÓRIA;Colisão Lateral;Via Iluminada;Bom;Seca;Meio de Quadra;Não Há Controle;Comercial;0;0;2;1;0;0;1;0;0;0;0;0;-38,523043;-3,755538;;;
248619;6;2;2015;22:00;3771;AV DOMINGOS OLIMPIO;AV DA UNIVERSIDADE;;;;Colisão Lateral;Via Iluminada;Bom;Seca;Cruz;Semáforo;Comercial;0;0;2;1;0;0;0;0;0;0;0;0;-38,534216;-3,735594;;;
263768;6;2;2015;09:27;0;RUA PRC ISABEL;;;1139;;Colisão;Luz do Dia;;;Meio de Quadra;;;0;0;2;0;0;0;0;0;0;0;0;0;-38,536765;-3,730838;;;
263769;6;2;2015;10:40;7847;RUA JOAQUIM SA;RUA JOSE VILAR;;;;Colisão;Luz do Dia;;;Cruz;Pare;Residencial;0;0;2;0;0;0;0;0;0;0;0;0;-38,508665;-3,748119;;;
263770;6;2;2015;11:03;0;AV CASTELO DE CASTRO;;;136;;Colisão;Luz do Dia;;;Meio de Quadra;;;0;0;2;0;0;0;0;0;0;0;0;0;-38,521467;-3,830129;;;
263771;6;2;2015;11:04;0;AV JOR THOMAZ COELHO;;;;;Atropelamento;Luz do Dia;;;Meio de Quadra;;;0;0;2;0;0;0;0;0;0;0;0;0;;;;;
263772;6;2;2015;11:06;1900;RUA MARIA QUINTINO;RUA AUGUSTA BENEVIDES;;;;Choque c/ Obstáculo Fixo;Luz do Dia;;;Cruz;Não Há Controle;Comercial;0;0;1;0;0;0;0;0;0;0;0;0;-38,499690;-3,849445;;;
263773;6;2;2015;11:53;0;AV N CJ JOSE WALTER;;;1478;;Colisão;Luz do Dia;;;Meio de Quadra;;;0;0;2;0;0;0;0;0;0;0;0;0;-38,560894;-3,834365;;;
263774;6;2;2015;12:18;0;RUA PASSEIO DOS CAJUEIROS;;;;;Colisão;Luz do Dia;;;Meio de Quadra;;;0;0;2;0;0;0;0;0;0;0;0;0;;;;;
263775;6;2;2015;13:53;15848;RUA CEL GUILHERME ALENCAR;RUA PDE SEVERIANO;;;;Colisão;Luz do Dia;;;;;;0;0;2;0;0;0;0;0;0;0;0;0;-38,492064;-3,833499;;;
263776;6;2;2015;14:34;5130;RUA CASTRO E SILVA;RUA FLORIANO PEIXOTO;;;;Colisão;Luz do Dia;;;Duplo T;Pare;Comercial;0;0;2;0;0;0;0;0;0;0;0;0;-38,526110;-3,724272;;;
263777;6;2;2015;14:38;0;AV DES MOREIRA;;;3050;;Colisão;Luz do Dia;;;Meio de Quadra;;;0;0;2;0;0;0;0;0;0;0;0;0;-38,504221;-3,754164;;;
263778;6;2;2015;15:04;25643;RUA CON DE CASTRO;RUA TULIPA NEGRA;;;;Colisão;Luz do Dia;;;T;Pare;Rural;0;0;2;0;0;0;0;0;0;0;0;0;-38,600788;-3,817310;;;
263779;6;2;2015;15:04;0;RUA JOSE MENDONCA;;;524;;Colisão;Luz do Dia;;;Meio de Quadra;;;0;0;2;0;0;0;0;0;0;0;0;0;-38,602317;-3,757839;;;
263780;6;2;2015;16:29;0;RUA CON DE CASTRO;;;6014;;Colisão;Luz do Dia;;;Meio de Quadra;;;0;0;3;0;0;0;0;0;0;0;0;0;-38,599151;-3,815077;;;
263781;6;2;2015;16:52;0;RUA 03 UI;;;137;;Colisão;Luz do Dia;;;Meio de Quadra;;;0;0;2;0;0;0;0;0;0;0;0;0;;;;;
263782;6;2;2015;19:54;12032;AV CASTELO DE CASTRO;AV BULEVAR I;;;;Atropelamento;;;;Cruz;Pare;Comercial;0;0;2;0;0;0;0;0;0;0;0;0;-38,521582;-3,833689;;;
263783;6;2;2015;20:15;0;RUA CEL MATOS DOURADO;;;;;Colisão;;;;Meio de Quadra;;;0;0;2;0;0;0;0;0;0;0;0;0;;;;;
263784;6;2;2015;20:31;0;AV ALM HENRIQUE SABOIA;;;1028;;Colisão;;;;Meio de Quadra;;;0;0;2;0;0;0;0;0;0;0;0;0;;;;;
263785;6;2;2015;20:44;0;AV MAJ ASSIS;;;1624;;Colisão;;;;Meio de Quadra;;;0;0;2;0;0;0;0;0;0;0;0;0;-38,593910;-3,722238;;;
263786;6;2;2015;20:46;0;RUA MONTE LIBANO;;;1069;;Colisão;;;;Meio de Quadra;;;0;0;2;0;0;0;0;0;0;0;0;0;-38,565546;-3,829352;;;
263787;6;2;2015;21:32;0;RUA 03 UI 508;;;5679;;Colisão;;;;Meio de Quadra;;;0;0;2;0;0;0;0;0;0;0;0;0;;;;;
263791;6;2;2015;23:07;0;AV PRS COSTA E SILVA;;;;;Colisão;;;;Meio de Quadra;;;0;0;2;0;0;0;0;0;0;0;0;0;;;;;
259784;6;2;2015;14:33;15313;RUA ANA BILHAR;RUA VICENTE LEITE;;;;Colisão;Luz do Dia;;;Cruz;Pare;Residencial;0;0;2;1;0;0;1;0;0;0;0;0;-38,493215;-3,730261;;;
259743;6;2;2015;08:40;25455;RUA PEDRO LAZAR;AV ENG JOSÉ GUIMARÃES;;;;Colisão;Luz do Dia;;;Cruz;Pare;Residencial;0;0;2;1;0;0;0;0;0;1;0;0;;;;;
259760;6;2;2015;12:42;0;RUA VITAL BRASIL;;;;;Colisão;Luz do Dia;;;Meio de Quadra;;;0;0;2;1;0;0;1;0;0;0;0;0;;;;;
259808;6;2;2015;22:43;19831;AV ENG HUMBERTO MONTE;RUA MOREIRA DE SOUSA;;;;Colisão;;;;Cruz;Outros;Residencial;0;0;2;1;0;0;0;0;0;0;0;0;-38,566942;-3,741592;;;
259892;6;2;2015;18:00;0;RUA ROSA CORDEIRO;;;80;;Atropelamento;Anoitecer;;;Meio de Quadra;;;1;0;1;0;0;0;0;0;0;1;0;0;-38,469989;-3,772818;;;
259810;7;2;2015;07:01;24208;RUA OLIVEIRA VIANA;RUA JOSE CARLOS GURGEL NOGUEIRA;;;;Colisão;Luz do Dia;;;;;;0;0;2;1;1;0;0;0;0;0;0;0;-38,473521;-3,732376;;;
259817;7;2;2015;14:07;9176;AV EDUARDO GIRAO;AV AGUANAMBI;;;;Colisão;Luz do Dia;;;Rotatória;Cancela;Comercial;0;0;2;1;0;0;0;0;0;0;0;0;-38,523639;-3,755303;;;
263800;7;2;2015;03:14;0;RUA SABIAGUABA;;;690;;Choque c/ Obstáculo Fixo;;;;Meio de Quadra;;;0;0;1;0;0;0;0;0;0;0;0;0;-38,436493;-3,781814;;;
263804;7;2;2015;08:03;0;RUA RUI MONTE;;;1070;;Colisão;Luz do Dia;;;Meio de Quadra;;;0;0;2;0;0;0;0;0;0;0;0;0;;;;;
263807;7;2;2015;08:50;6743;AV SANTOS DUMONT;RUA ALMEIDA PRADO;;;;Colisão;Luz do Dia;;;Cruz;Semáforo;Comercial;0;0;2;0;0;0;0;0;0;0;0;0;-38,475153;-3,743712;;;
263809;7;2;2015;09:30;24270;RUA DELMIRO GOUVEIA;RUA PEREIRA VALENTE;;;;Colisão;Luz do Dia;;;Cruz;Pare;Residencial;0;0;2;0;0;0;0;0;0;0;0;0;-38,488125;-3,734817;;;
263817;7;2;2015;09:46;0;RUA CARLOS RIBEIRO;;;562;;Colisão;Luz do Dia;;;Meio de Quadra;;;0;0;2;0;0;0;0;0;0;0;0;0;-38,527734;-3,746692;;;
263820;7;2;2015;10:35;0;AV C CJ JOSE WALTER;AV JOAO DE ARAUJO LIMA;;;;Atropelamento;Luz do Dia;;;;Semáforo;Residencial;0;0;2;0;0;0;0;0;0;0;0;0;;;;;
263824;7;2;2015;12:32;0;AV DIOGUINHO;;;;;Atropelamento;Luz do Dia;;;Meio de Quadra;;;0;0;2;0;0;0;0;0;0;0;0;0;;;;;
263825;7;2;2015;10:30;0;RUA CON DE CASTRO;;;5216;;Colisão;Luz do Dia;;;Meio de Quadra;;;0;0;2;0;0;0;0;0;0;0;0;0;-38,595399;-3,808913;;;
263827;7;2;2015;14:16;0;TR TR ANTENOR ALMEIDA;;;92;;Colisão;Luz do Dia;;;Meio de Quadra;;;0;0;2;0;0;0;0;0;0;0;0;0;;;;;
263829;7;2;2015;14:35;0;RUA JAIME BENEVOLO;;;;;Colisão;Luz do Dia;;;Meio de Quadra;;;0;0;2;0;0;0;0;0;0;0;0;0;;;;;
263830;7;2;2015;14:45;5436;RUA JAIME BENEVOLO;RUA GAL CLARINDO DE QUEIROZ;;;;Colisão;Luz do Dia;;;Cruz;Pare;Comercial;0;0;2;0;0;0;0;0;0;0;0;0;-38,526017;-3,734060;;;
263831;7;2;2015;14:47;15308;RUA REPUBLICA DO LIBANO;RUA TIBURCIO CAVALCANTE;;;;Colisão;Luz do Dia;;;Cruz;Dê Preferência;Residencial;0;0;2;0;0;0;0;0;0;0;0;0;-38,500668;-3,730002;;;
263832;7;2;2015;14:51;1658;RUA BENI DE CARVALHO;RUA MON CATAO;;;;Colisão;Luz do Dia;;;Cruz;Pare;Comercial;0;0;2;0;0;0;0;0;0;0;0;0;-38,493113;-3,746618;;;
263833;7;2;2015;15:54;0;AV PRS CASTELO BRANCO;;;4246;;Atropelamento;Luz do Dia;;;Meio de Quadra;;;0;0;2;0;0;0;0;0;0;0;0;0;-38,570320;-3,707681;;;
263834;7;2;2015;16:24;0;RUA TIBURCIO CAVALCANTE;;;500;;Colisão;Luz do Dia;;;Meio de Quadra;;;0;0;2;0;0;0;0;0;0;0;0;0;;;;;
263836;7;2;2015;16:43;9995;RUA AIRES DA CUNHA;RUA EMILIO DE MENESES;;;;Colisão;Luz do Dia;;;Cruz;Pare;Residencial;0;0;2;0;0;0;0;0;0;0;0;0;-38,604241;-3,777019;;;
263838;7;2;2015;16:44;0;RUA ALBERTO FERREIRA;;;1579;;Colisão;Luz do Dia;;;Meio de Quadra;;;0;0;2;0;0;0;0;0;0;0;0;0;;;;;
263841;7;2;2015;16:52;0;AV F CJ ESPERANCA;;;102;;Colisão;Luz do Dia;;;Meio de Quadra;;;0;0;2;0;0;0;0;0;0;0;0;0;-38,586844;-3,815768;;;
263842;7;2;2015;18:41;12479;AV AUGUSTO DOS ANJOS;RUA PERDIGAO DE OLIVEIRA;;;;Colisão;;;;Cruz;Semáforo;Misto;0;0;2;0;0;0;0;0;0;0;0;0;-38,574712;-3,775131;;;
263843;7;2;2015;18:44;0;AV ENG HUMBERTO MONTE;;;;;Colisão;;;;Meio de Quadra;;;0;0;2;0;0;0;0;0;0;0;0;0;;;;;
263844;7;2;2015;18:47;0;AV BEZERRA DE MENEZES;;;1571;;Colisão;;;;Meio de Quadra;;;0;0;2;0;0;0;0;0;0;0;0;0;-38,558731;-3,734465;;;
263846;7;2;2015;18:49;0;AV PASTEUR;;;1137;;Atropelamento;;;;Meio de Quadra;;;0;0;2;0;0;0;0;0;0;0;0;0;-38,560307;-3,715548;;;
263856;7;2;2015;19:42;2726;RUA OSCAR ARARIPE;RUA ITU;;;;Colisão;;;;Cruz;Pare;Residencial;0;0;2;0;0;0;0;0;0;0;0;0;-38,602413;-3,790208;;;
263857;7;2;2015;19:49;15170;RUA JOSE VILAR;AV ABOLICAO;;;;Colisão;;;;Cruz;Pare;Residencial;0;0;2;0;0;0;0;0;0;0;0;0;-38,501373;-3,725435;;;
263862;7;2;2015;20:24;25000;AV DOM MANUEL;RUA COSTA BARROS;;;;Colisão;;;;Cruz;Semáforo;Residencial;0;0;2;0;0;0;0;0;0;0;0;0;-38,520793;-3,727381;;;
263863;7;2;2015;21:02;0;RUA MANOEL VIRINO;;;36;;Choque c/ Obstáculo Fixo;;;;Meio de Quadra;;;0;0;2;0;0;0;0;0;0;0;0;0;;;;;
263864;7;2;2015;21:03;0;RUA PDE PEDRO DE ALENCAR;;;1530;;Colisão;;;;Meio de Quadra;;;0;0;2;0;0;0;0;0;0;0;0;0;-38,494300;-3,841788;;;
263865;7;2;2015;21:09;0;RUA MON AGOSTINHO;;;800;;Colisão;;;;Meio de Quadra;;;0;0;2;0;0;0;0;0;0;0;0;0;;;;;
263866;7;2;2015;21:15;0;RUA BETA CJ VILA VELHA;;;;;Colisão;;;;Meio de Quadra;;;0;0;2;0;0;0;0;0;0;0;0;0;;;;;
263867;7;2;2015;21:18;0;AV F CJ CEARA;;;;;Colisão;;;;Meio de Quadra;;;0;0;2;0;0;0;0;0;0;0;0;0;;;;;
263848;7;2;2015;19:16;0;RUA LAGO AZUL;;;265;;Colisão;;;;Meio de Quadra;;;0;0;2;0;0;0;0;0;0;0;0;0;;;;;
263860;7;2;2015;19:58;25648;RUA EDGAR FALCAO;RUA FRE ODILON;;;;Colisão;;;;;;;0;0;2;0;0;0;0;0;0;0;0;0;-38,572629;-3,732485;;;
263932;7;2;2015;21:40;0;RUA ROSINHA SAMPAIO;;;1596;;Colisão;;;;Meio de Quadra;;;0;0;2;0;0;0;0;0;0;0;0;0;-38,592973;-3,725511;;;
263937;7;2;2015;21:55;5709;AV DES GONZAGA;AV OLIVEIRA PAIVA;;;;Colisão;;;;Cruz;Semáforo;Lazer;0;0;2;0;0;0;0;0;0;0;0;0;-38,499953;-3,797165;;;
263938;7;2;2015;21:57;12496;AV CARNEIRO DE MENDONCA;AV LINEU MACHADO;;;;Choque c/ Obstáculo Fixo;;;;T;Semáforo;Comercial;0;0;1;0;0;0;0;0;0;0;0;0;-38,574021;-3,760403;;;
263940;7;2;2015;22:32;0;RUA PORTO ALEGRE;;;1510;;Colisão;;;;Meio de Quadra;;;0;0;2;0;0;0;0;0;0;0;0;0;-38,591771;-3,759619;;;
263941;7;2;2015;22:36;0;RUA OTACILIO AMARAL;;;;;Colisão;;;;Meio de Quadra;;;0;0;2;0;0;0;0;0;0;0;0;0;;;;;
263942;7;2;2015;23:05;19669;RUA PRO RAIMUNDO ARRUDA;RUA GUSTAVO SAMPAIO;;;;Colisão;;;;Cruz;Pare;Residencial;0;0;2;0;0;0;0;0;0;0;0;0;-38,551915;-3,734328;;;
263947;7;2;2015;23:37;0;AV AGUANAMBI;;;;;Colisão;;;;Meio de Quadra;;;0;0;2;0;0;0;0;0;0;0;0;0;;;;;
263944;7;2;2015;23:08;0;AV CENTRAL OESTE;;;;;Choque c/ Obstáculo Fixo;;;;Meio de Quadra;;;0;0;1;0;0;0;0;0;0;0;0;0;;;;;
248620;7;2;2015;10:15;0;AV JOR THOMAZ COELHO;;;;;Colisão Lateral;Luz do Dia;Bom;Seca;Meio de Quadra;Não Há Controle;Misto;0;1;1;1;0;0;0;0;0;1;0;0;;;;;
248621;7;2;2015;12:35;1623;AV SEN VIRGILIO TAVORA;RUA GAL TERTULIANO POTYGUARA;;;;Colisão;Luz do Dia;Bom;Seca;T;Pare;Misto;0;1;1;0;0;0;0;0;0;1;0;0;-38,495684;-3,744710;;;
248618;7;2;2015;12:20;0;RUA PDE BARBOSA DE JESUS;;;799;;Colisão Traseira;Luz do Dia;Bom;Seca;Meio de Quadra;Não Há Controle;Residencial;0;1;1;1;0;0;0;0;0;1;0;0;;;;;
248676;7;2;2015;;0;AV AGUANAMBI;;;;;Colisão Lateral;Via Iluminada;Bom;Seca;Meio de Quadra;Semáforo;Comercial;0;1;1;1;0;0;0;0;0;1;0;0;;;;;
248598;7;2;2015;02:21;0;AV SANTOS DUMONT;;;8997;;Colisão;Via Iluminada;Bom;Seca;Meio de Quadra;Não Há Controle;Residencial;0;1;1;1;0;0;0;0;0;0;0;0;;;;;
248599;7;2;2015;14:00;25068;AV DOS EXPEDICIONARIOS;RUA STA QUITERIA;;;;Colisão Transversal;Luz do Dia;Bom;Seca;Cruz;Semáforo;Residencial;0;1;2;1;0;0;0;0;0;1;0;0;-38,539477;-3,759299;;;
248600;7;2;2015;12:10;0;AV SANTOS DUMONT;;;;;Colisão Transversal;Luz do Dia;Bom;Seca;Outros;Não Há Controle;Misto;0;0;2;1;0;0;0;0;0;0;0;0;;;;;
248601;7;2;2015;06:23;1250;AV BAR STUDART;RUA COSTA BARROS;;;;Choque c/ Obstáculo Fixo;Luz do Dia;Bom;;Cruz;Semáforo;Comercial;0;0;1;1;0;0;0;0;0;0;0;0;-38,505837;-3,732231;;;
248602;7;2;2015;04:20;5351;AV IMPERADOR;RUA GAL CLARINDO DE QUEIROZ;;;;Colisão Transversal;Amanhecer;Bom;Seca;Cruz;Semáforo;Comercial;0;1;1;1;0;0;0;0;0;1;0;0;-38,535566;-3,730962;;;
248603;7;2;2015;06:30;10420;RUA DAS PEDRINHAS;RUA LUIZ MARIANO;;;;Colisão Transversal;Luz do Dia;Bom;Seca;Cruz;Não Há Controle;Residencial;0;2;1;1;0;0;0;0;0;1;0;0;-38,600122;-3,761937;;;
248604;7;2;2015;14:50;14711;RUA JOAO AREAS;RUA SUICA;;;;Colisão Transversal;Luz do Dia;Bom;Seca;Cruz;Não Há Controle;Residencial;0;1;1;1;0;0;0;0;0;1;0;0;-38,576036;-3,793895;;;
248610;7;2;2015;14:00;13593;AV PONTES VIEIRA;RUA FIS VIEIRA;;;;Colisão Traseira;Luz do Dia;Bom;Seca;Com Via Férrea;Pare;Comercial;0;0;2;1;0;0;0;1;0;0;0;0;-38,516023;-3,753016;;;
248608;7;2;2015;14:50;9952;RUA EMILIO DE MENESES;RUA JOSE TORRES;;;;Colisão Lateral;Luz do Dia;Bom;Seca;Cruz;Pare;Comercial;0;1;1;0;0;1;1;0;0;0;0;0;-38,606283;-3,776425;;;
248606;7;2;2015;02:10;0;AV JOR THOMAZ COELHO;;;1860;;Colisão Lateral;Via Iluminada;Bom;Seca;Meio de Quadra;Não Há Controle;Misto;0;1;1;1;0;0;0;0;0;1;0;0;-38,511822;-3,829076;;;
248616;7;2;2015;13:00;0;RUA SOLON PINHEIRO;;;;;Atropelamento;Luz do Dia;Bom;Seca;Meio de Quadra;Semáforo;Comercial;0;1;1;1;0;0;0;0;0;0;0;0;;;;;
248612;7;2;2015;14:00;2523;AV FRANCISCO SA;RUA TULIPA;;;;Colisão Transversal;Luz do Dia;Bom;Seca;T;Pare;Residencial;0;0;2;1;0;0;0;0;0;0;0;0;-38,577954;-3,710359;;;
248614;7;2;2015;08:00;25395;RUA TULIPA;RUA SAO BERNARDO;;;;Colisão;Via Iluminada;Bom;Seca;T;Outros;Misto;0;2;1;1;1;0;0;0;0;0;0;0;-38,578675;-3,712139;;;
258735;7;2;2015;05:00;0;RD CE-040;;;;KM-02;Colisão;Amanhecer;;Seca;Meio de Quadra;;;0;0;2;1;1;0;0;0;0;0;0;0;-38,481598;-3,776479;;;
258740;7;2;2015;16:00;0;RD CE-040;;;;KM-07;Colisão;Luz do Dia;;Seca;Meio de Quadra;;;0;0;4;1;0;0;0;0;0;0;0;0;-38,483160;-3,817953;;;
276086;7;2;2015;05:11;0;AV GAL OSORIO DE PAIVA;;;4153;PONTE DO SIQUEIRA;Queda;Amanhecer;;;Meio de Quadra;;;0;1;0;0;0;0;0;0;0;1;0;0;;;;;
257239;7;2;2015;08:20;12479;AV AUGUSTO DOS ANJOS;RUA PERDIGAO DE OLIVEIRA;;;;Colisão;Luz do Dia;;;Cruz;Semáforo;Misto;0;1;0;0;1;0;0;0;0;1;0;0;-38,574712;-3,775131;;;
257240;7;2;2015;09:45;12599;RUA COS LAFAYETE;RUA JANDIRA;;;;Colisão;Luz do Dia;;;Cruz;Pare;Comercial;0;1;0;1;0;0;0;0;0;0;0;0;-38,587105;-3,717584;;;
257242;7;2;2015;20:30;3844;RUA JOAO GENTIL;RUA ADOLFO HERBSTER;;;;Colisão;;;;Cruz;Pare;Residencial;0;1;0;1;0;0;0;0;0;1;0;0;-38,539577;-3,745475;;;
257243;7;2;2015;21:55;19961;RUA DES PRAXEDES;AV EXPEDICIONARIOS (INVALIDA);;;;Colisão;;;;;;;0;0;1;1;0;0;0;0;0;1;0;0;;;;;
260241;7;2;2015;00:27;0;AV GAL OSORIO DE PAIVA;;;;;;;;;Meio de Quadra;;;0;0;2;0;0;0;0;0;0;0;0;0;;;;;
260252;7;2;2015;14:39;0;RUA QUEIROZ RIBEIRO;;;;;Colisão;Luz do Dia;;;Meio de Quadra;;;0;0;2;1;0;0;0;0;0;0;0;0;;;;;
260247;7;2;2015;08:12;9070;AV VIS RIO BRANCO;RUA GUILHERME MOREIRA;;;;Colisão;Luz do Dia;;;T;Pare;Residencial;0;0;2;1;0;0;0;0;0;0;0;0;-38,521314;-3,749365;;;
260548;7;2;2015;19:06;25067;AV DOS EXPEDICIONARIOS;RUA DES PRAXEDES;;;;Colisão;;;;;Outros;Misto;0;1;1;1;0;0;0;0;0;1;0;0;-38,540839;-3,763679;;;
260549;7;2;2015;19:07;0;RUA EDSON MARTINS;;;;;Colisão;;;;Meio de Quadra;;;0;1;1;1;0;0;0;0;0;1;0;0;-38,596617;-3,791311;;;
260551;7;2;2015;19:57;0;RUA MANUEL JESUINO;RUA TAVARES COUTINHO;;;;Colisão;;;;;;;0;1;1;1;0;0;0;0;0;1;0;0;-38,484968;-3,732418;;;
260553;7;2;2015;20:39;0;RUA TULIPA;;;;;Choque c/ Obstáculo Fixo;;;;Meio de Quadra;;;0;1;0;1;0;0;0;0;0;0;0;0;-38,578784;-3,712437;;;
260554;7;2;2015;20:49;0;RUA PDE PEDRO DE ALENCAR;;;;;Atropelamento;;;;Meio de Quadra;;;0;1;1;1;0;0;0;0;0;0;0;0;-38,494275;-3,841185;;;
260531;7;2;2015;01:56;15269;RUA TEN BENEVOLO;AV RUI BARBOSA;;;;Colisão;;;;Cruz;Semáforo;Residencial;0;1;1;1;0;0;0;0;0;1;0;0;-38,507048;-3,728685;;;
260532;7;2;2015;02:38;19224;AV SANTOS DUMONT;RUA FRANCISCO MATOS;;;;Choque c/ Obstáculo Fixo;;;;Cruz;Semáforo;Comercial;0;1;0;1;0;0;0;0;0;0;0;0;-38,469675;-3,745497;;;
260533;7;2;2015;03:56;0;RUA DES PRAXEDES;;;480;;Choque c/ Obstáculo Fixo;;;;Meio de Quadra;;;0;1;0;1;0;0;0;0;0;0;0;0;-38,549547;-3,759317;;;
260534;7;2;2015;09:53;17352;AV JOAO PESSOA;RUA ELVIRA PINHO;;;;Colisão;Luz do Dia;;;Cruz;Pare;Misto;0;1;1;1;0;0;0;0;0;1;0;0;-38,559092;-3,765499;;;
260535;7;2;2015;10:31;0;RUA MONTE LIBANO;;;;;Colisão;Luz do Dia;;;Meio de Quadra;;;0;1;1;0;0;0;0;0;0;0;0;0;;;;;
260536;7;2;2015;10:36;0;RUA MARIA CLARA;;;278;;Atropelamento;Luz do Dia;;;Meio de Quadra;;;0;1;1;1;0;0;0;0;0;0;0;0;;;;;
260537;7;2;2015;11:00;0;AV N CJ JOSE WALTER;;;;;Colisão;Luz do Dia;;;Meio de Quadra;;;0;1;1;1;0;0;0;0;0;1;0;0;;;;;
260538;7;2;2015;11:51;0;AV JOSE BASTOS;;;;;Atropelamento;Luz do Dia;;;Meio de Quadra;;;0;1;1;0;1;0;0;0;0;0;0;0;;;;;
260539;7;2;2015;12:26;0;AV JOSE BASTOS;;;;;Colisão;Luz do Dia;;;Meio de Quadra;;;0;1;1;1;0;0;0;0;0;1;0;0;;;;;
260540;7;2;2015;14:43;0;RUA VITAL BRASIL;;;;;Colisão;Luz do Dia;;;Meio de Quadra;;;0;1;1;1;0;0;0;0;0;1;0;0;-38,597916;-3,778033;;;
260541;7;2;2015;11:44;0;RUA CAP HUGO BEZERRA;;;;;Queda;Luz do Dia;;;Meio de Quadra;;;0;1;0;0;0;0;0;0;0;1;0;0;;;;;
260542;7;2;2015;15:20;1311;RUA LEONARDO MOTA;RUA MARCOS MACEDO;;;;Colisão;Luz do Dia;;;Cruz;Semáforo;Residencial;0;1;1;1;0;0;0;0;0;1;0;0;-38,495763;-3,734885;;;
260543;7;2;2015;15:40;0;AV PRS CASTELO BRANCO;;;;;Colisão;Luz do Dia;;;Meio de Quadra;;;0;1;1;0;0;0;0;0;0;0;0;0;;;;;
260544;7;2;2015;18:36;0;RUA MALMEQUER;;;;;Colisão;;;;Meio de Quadra;;;0;1;1;0;0;0;0;0;0;0;0;0;;;;;
260545;7;2;2015;18:45;0;AV PASTEUR;;;;;Colisão;;;;Meio de Quadra;;;0;1;1;0;0;0;0;0;0;0;0;0;-38,560335;-3,715633;;;
260556;7;2;2015;21:00;0;AV DR THEBERGE;;;826;;Atropelamento;;;;Meio de Quadra;;;0;1;1;1;0;0;0;0;0;0;0;0;-38,563605;-3,710550;;;