COD_ACIDENTE;DIA;MES;ANO;HORA;INTERSECAO;LOG1;LOG2;LOG3;NUMERO;REFERENCIA;NATUREZA;ILUMINACAO;TEMPO;SUPERFICIEPISTA;TIPOCRUZAMENTO;CONTROLETRAFEGO;USOSOLO;MORTOS;FERIDOS;ILESOS;AUTOMOVEL;ONIBUS;BICICLETA;CAMINHAO;MICROONIBUS;CICLOMOTOR;MOTOCICLETA;TRACAOANIMAL;TREM;LONG;LAT;;;
260558;7;2;2015;21:24;0;AV MR HULL;;;;;Colisão;;;;Meio de Quadra;;;0;1;1;1;0;0;0;0;0;0;0;0;;;;;
260559;7;2;2015;21:38;14871;RUA PDE RODOLFO;TR JOAQUIM ALFREDO;;;;Colisão;;;;;;;0;1;1;1;0;0;0;0;0;1;0;0;-38,582093;-3,807368;;;
260560;7;2;2015;21:55;7708;AV CARNEIRO DE MENDONCA;RUA RODRIGUES ANDRADE;;;;Colisão;;;;T;Não Há Controle;Comercial;0;1;1;1;0;0;0;0;0;1;0;0;-38,565006;-3,765021;;;
260561;7;2;2015;23:03;0;AV HILDEBRANDO DE MELO;;;;;Colisão;;;;Meio de Quadra;;;0;1;1;1;0;0;0;0;0;1;0;0;-38,589281;-3,725280;;;
253485;7;2;2015;17:15;0;RD BR 116;;;;KM 00;Colisão Traseira;Anoitecer;Bom;Seca;Meio de Quadra;Não Há Controle;Comercial;0;0;3;1;0;0;0;1;0;1;0;0;;;;;
253571;7;2;2015;20:50;0;RD BR 222;;;;KM-03;Choque c/ Obstáculo Fixo;Via Iluminada;Bom;Seca;Meio de Quadra;Não Há Controle;Residencial;1;4;0;1;0;0;0;0;0;0;0;0;-38,571997;-3,736999;;;
260585;8;2;2015;16:59;0;RUA PRO HERIBALDO COSTA;;;;;Colisão;Luz do Dia;;;Meio de Quadra;;;0;1;1;1;0;0;0;0;0;1;0;0;;;;;
260586;8;2;2015;17:24;9597;RUA LONDRINA;RUA JOSE TORRES;;;;Colisão;Anoitecer;;;Cruz;Não Há Controle;Rural;0;1;1;1;0;0;0;0;0;1;0;0;-38,607258;-3,779916;;;
260587;8;2;2015;17:46;0;AV JOR THOMAZ COELHO;;;;;Queda;Anoitecer;;;Meio de Quadra;;;0;1;0;0;0;0;0;0;0;1;0;0;-38,509057;-3,829923;;;
260588;8;2;2015;19:02;0;AV PRUDENTE BRASIL;;;1064;;Colisão;;;;Meio de Quadra;;;0;1;1;0;0;0;0;0;0;1;0;0;-38,535001;-3,811417;;;
260589;8;2;2015;20:39;0;AV DOM LUIS;;;73;;Queda;;;;Meio de Quadra;;;1;0;0;0;0;1;0;0;0;0;0;0;-38,500646;-3,732210;;;
260590;8;2;2015;20:45;24593;RUA GAMA;RUA G CJ VILA VELHA;;;;Colisão;;;;;;;0;1;1;1;0;0;0;0;0;1;0;0;-38,602224;-3,712028;;;
260591;8;2;2015;20:53;0;RUA FRANCISCO LEANDRO;;;;;Colisão;;;;Meio de Quadra;;;0;1;1;0;0;0;0;0;0;1;0;0;;;;;
260593;8;2;2015;21:19;0;AV PRO JOSE ARTHUR CARVALHO;;;;;Colisão;;;;Meio de Quadra;;;0;1;1;1;0;0;0;0;0;0;0;0;-38,461432;-3,825048;;;
260594;8;2;2015;22:02;0;RUA POE MARIO LINHARES (J.WALTER);;;;;Colisão;;;;Meio de Quadra;;;0;1;1;1;0;0;0;0;0;1;0;0;;;;;
260562;8;2;2015;00:10;0;AV J CJ POLAR;;;;;Atropelamento;;;;Meio de Quadra;;;0;1;1;1;0;0;0;0;0;0;0;0;;;;;
260563;8;2;2015;05:10;0;RUA CEL DIONISIO ALENCAR;RUA JOAQUIM FELICIO;;281;;Choque c/ Obstáculo Fixo;Amanhecer;;;;;;0;1;0;1;0;0;0;0;0;0;0;0;-38,487364;-3,830772;;;
260564;8;2;2015;05:44;4080;AV JOSE BASTOS;RUA CEARA;;;;Colisão;Amanhecer;;;Cruz;Pare;;0;1;1;1;0;0;0;0;0;0;0;0;-38,564112;-3,760008;;;
260565;8;2;2015;05:59;0;RUA COS LAFAYETE;;;;;Colisão;Amanhecer;;;;;;0;1;1;1;0;0;0;0;0;1;0;0;-38,585043;-3,717774;;;
260566;8;2;2015;08:58;0;RUA COS DA SILVA;;;;;Colisão;Luz do Dia;;;Meio de Quadra;;;0;1;1;1;0;0;0;0;0;1;0;0;;;;;
260567;8;2;2015;10:34;0;AV PRS CASTELO BRANCO;;;2556;;Atropelamento;Luz do Dia;;;Meio de Quadra;;;0;1;1;0;0;0;0;0;0;0;0;0;-38,550813;-3,713045;;;
260568;8;2;2015;11:15;0;AV DR THEBERGE;;;;;Colisão;Luz do Dia;;;;;;0;1;1;0;0;0;0;0;0;0;0;0;;;;;
260569;8;2;2015;11:26;9543;RUA CEL FABRICIANO;RUA ARI MAIA;;;;Colisão;Luz do Dia;;;Cruz;Pare;Residencial;0;1;1;0;0;0;0;0;0;0;0;0;-38,620267;-3,779362;;;
260570;8;2;2015;13:44;0;AV HIS RAIMUNDO GIRAO;;;;;Atropelamento;Luz do Dia;;;Meio de Quadra;;;0;1;1;1;0;0;0;0;0;0;0;0;-38,506701;-3,722939;;;
260571;8;2;2015;14:56;595;RUA COELHO DA FONSECA;RUA ORIENTE D21;;;;Colisão;Luz do Dia;;;;;;0;1;1;0;0;0;0;0;0;0;0;0;-38,561539;-3,711761;;;
263963;8;2;2015;01:00;13529;RUA PDE ANTONINO;AV SORIANO ALBUQUERQUE;;;;Colisão;;;;Cruz;Não Há Controle;Residencial;0;0;2;0;0;0;0;0;0;0;0;0;-38,520476;-3,747537;;;
263970;8;2;2015;02:30;0;AV ANTONIO JUSTA;;;2990;;Choque c/ Obstáculo Fixo;;;;Meio de Quadra;;;0;0;1;0;0;0;0;0;0;0;0;0;-38,493476;-3,727972;;;
263977;8;2;2015;02:31;19667;RUA DOM LINO;AV BEZERRA DE MENEZES;;;;Colisão;;;;Cruz;Semáforo;Comercial;0;0;2;0;0;0;0;0;0;0;0;0;-38,557568;-3,734232;;;
263978;8;2;2015;03:33;0;AV JOR THOMAZ COELHO;;;;;Choque c/ Obstáculo Fixo;;;;Meio de Quadra;;;0;0;1;0;0;0;0;0;0;0;0;0;;;;;
263979;8;2;2015;05:05;0;RUA PESSOA ANTA;;;218;;Colisão;Amanhecer;;;Meio de Quadra;;;0;0;2;0;0;0;0;0;0;0;0;0;;;;;
263967;8;2;2015;02:27;0;RUA PRO DIAS DA ROCHA;;;700;;Atropelamento;;;;Meio de Quadra;;;0;0;2;0;0;0;0;0;0;0;0;0;-38,491859;-3,736088;;;
263985;8;2;2015;05:10;0;AV AUGUSTO DOS ANJOS;;;1742;;Colisão;Amanhecer;;;Meio de Quadra;;;0;0;2;0;0;0;0;0;0;0;0;0;-38,580279;-3,781451;;;
263988;8;2;2015;05:48;7674;RUA RIO GRANDE DO NORTE;AV JOSE BASTOS;;;;Colisão;Amanhecer;;;Cruz;Semáforo;Comercial;0;0;2;0;0;0;0;0;0;0;0;0;-38,564477;-3,760562;;;
263994;8;2;2015;06:45;0;AV GODOFREDO MACIEL;;;;;Choque c/ Obstáculo Fixo;Luz do Dia;;;Meio de Quadra;;;0;0;1;0;0;0;0;0;0;0;0;0;;;;;
264000;8;2;2015;11:21;0;RUA MANUEL CASTELO BRANCO;;;384;;Colisão;Luz do Dia;;;Meio de Quadra;;;0;0;2;0;0;0;0;0;0;0;0;0;;;;;
264001;8;2;2015;11:47;0;RUA CEL FABRICIANO;;;3638;;Atropelamento;Luz do Dia;;;Meio de Quadra;;;0;0;2;0;0;0;0;0;0;0;0;0;-38,620616;-3,779269;;;
264002;8;2;2015;14:45;0;AV CASTELO DE CASTRO;;;1668;;Colisão;Luz do Dia;;;Meio de Quadra;;;0;0;2;0;0;0;0;0;0;0;0;0;-38,521195;-3,826091;;;
264004;8;2;2015;11:53;3320;RUA ARGENTINA;RUA VIRIATO RIBEIRO;;;;Colisão;Luz do Dia;;;Cruz;Pare;Comercial;0;0;2;0;0;0;0;0;0;0;0;0;-38,564284;-3,747181;;;
264005;8;2;2015;13:09;0;RUA BOM JESUS (GRANJA LISBOA);;;2846;;Atropelamento;Luz do Dia;;;Meio de Quadra;;;0;0;2;0;0;0;0;0;0;0;0;0;-38,619039;-3,788719;;;
263998;8;2;2015;11:15;0;RUA MIN ALBUQUERQUE LIMA;;;178;;Colisão;Luz do Dia;;;Meio de Quadra;;;0;0;2;0;0;0;0;0;0;0;0;0;-38,609577;-3,767381;;;
264008;8;2;2015;14:40;2975;AV GAL OSORIO DE PAIVA;RUA PEDRO MARTINS;;;;Colisão;Luz do Dia;;;Cruz;Semáforo;Comercial;0;0;2;0;0;0;0;0;0;0;0;0;-38,598322;-3,800862;;;
264011;8;2;2015;14:44;16230;RUA MONTE LIBANO;AV PRS COSTA E SILVA;;;;Choque c/ Obstáculo Fixo;Luz do Dia;;;;;;0;0;1;0;0;0;0;0;0;0;0;0;-38,558802;-3,820898;;;
264012;8;2;2015;14:59;0;RUA ORIENTE;;;620;;Colisão;Luz do Dia;;;Meio de Quadra;;;0;0;2;0;0;0;0;0;0;0;0;0;;;;;
264016;8;2;2015;15:05;17350;RUA JOAO FIRMINO;RUA BAR SOBRAL;;;;Colisão;Luz do Dia;;;Cruz;Pare;Residencial;0;0;2;0;0;0;0;0;0;0;0;0;-38,556531;-3,765714;;;
264017;8;2;2015;15:19;0;LOGRADOURO SEM NOME;;;399;;Colisão;Luz do Dia;;;Meio de Quadra;;;0;0;2;0;0;0;0;0;0;0;0;0;;;;;
264020;8;2;2015;16:06;0;RUA L CJ VILA VELHA;;;;;Colisão;Luz do Dia;;;Meio de Quadra;;;0;0;2;0;0;0;0;0;0;0;0;0;;;;;
264022;8;2;2015;16:55;0;RUA CEL VIRGILIO NOGUEIRA (BOM JARDIM);;;1350;;Choque c/ Obstáculo Fixo;Luz do Dia;;;Meio de Quadra;;;0;0;1;0;0;0;0;0;0;0;0;0;-38,610812;-3,795195;;;
264025;8;2;2015;18:29;0;RUA D CJ VILA VELHA;;;;;Colisão;Anoitecer;;;Meio de Quadra;;;0;0;2;0;0;0;0;0;0;0;0;0;;;;;
264048;8;2;2015;21:19;19833;AV JOVITA FEITOSA;AV ENG HUMBERTO MONTE;;;;Colisão;;;;Cruz;Semáforo;Comercial;0;0;2;0;0;0;0;0;0;0;0;0;-38,566544;-3,741963;;;
264049;8;2;2015;21:42;13343;AV I CJ JOSE WALTER;RUA 68 CJ JOSE WALTER;;;;Colisão;;;;;;;0;0;2;0;0;0;0;0;0;0;0;0;-38,555585;-3,841143;;;
264050;8;2;2015;22:01;0;AV CEL CARVALHO;;;581;;Colisão;;;;Meio de Quadra;;;0;0;2;0;0;0;0;0;0;0;0;0;-38,590548;-3,707281;;;
264051;8;2;2015;22:12;0;RUA DOIS;;;691;;Colisão;;;;Meio de Quadra;;;0;0;2;0;0;0;0;0;0;0;0;0;;;;;
260256;8;2;2015;18:42;0;AV GOV RAUL BARBOSA;;;;;Colisão;;;;Meio de Quadra;;;0;0;2;0;0;0;0;0;0;0;0;0;;;;;
260268;8;2;2015;19:25;0;RD DR MENDEL STEINBRUCH;;;;;Colisão;;;;Meio de Quadra;;;0;0;2;0;0;0;0;0;0;0;0;0;;;;;
260272;8;2;2015;20:40;0;AV ZEZE DIOGO;;;;;Colisão;;;;Meio de Quadra;;;0;0;2;0;0;0;0;0;0;0;0;0;;;;;
257253;8;2;2015;16:55;26222;RUA TIBURCIO ALBANO;RUA STO AMARO DO PICI;;;;Colisão;Luz do Dia;;;;;;0;1;0;1;0;0;0;0;0;0;0;0;;;;;
257255;8;2;2015;22:16;0;RUA DOM LUSTOSA;;;3413;;Choque c/ Obstáculo Fixo;;;;Meio de Quadra;;;0;2;0;1;0;0;0;0;0;0;0;0;;;;;
258745;8;2;2015;16:30;0;RD CE-040;;;;KM-12;Choque c/ Obstáculo Fixo;Luz do Dia;;Seca;Meio de Quadra;;;0;1;0;1;0;0;0;0;0;0;0;0;-38,476237;-3,848945;;;
258746;8;2;2015;16:45;0;RD CE-040;;;;KM-05;Colisão;Luz do Dia;;Seca;Meio de Quadra;;;0;0;2;1;0;0;0;0;0;0;0;0;-38,480349;-3,790876;;;
258747;8;2;2015;17:05;0;RD CE-040;;;;KM-04;Colisão;Anoitecer;;Seca;Meio de Quadra;;;0;0;2;0;1;0;0;0;0;0;0;0;-38,480251;-3,792050;;;
248622;8;2;2015;05:30;24913;AV DA INDEPENDENCIA;AV MOZART PINHEIRO DE LUCENA;;;;Colisão Transversal;Luz do Dia;Nublado;Seca;Cruz;Semáforo;Residencial;0;2;0;1;0;0;0;0;0;0;0;0;-38,597615;-3,724957;;;
248623;8;2;2015;18:00;2412;AV FRANCISCO SA;RUA IRAPUA;;;;Colisão Transversal;Luz do Dia;Bom;Seca;Cruz;Não Há Controle;Residencial;0;0;2;1;0;0;0;0;0;0;0;0;-38,586099;-3,706356;;;
248624;8;2;2015;14:00;0;AV BEIRA MAR;;;2500;;Colisão Traseira;Luz do Dia;Bom;Seca;Meio de Quadra;Pare;Residencial;0;1;1;1;0;0;0;0;0;1;0;0;-38,499029;-3,725147;;;
248628;8;2;2015;06:05;9192;RUA MARIO MAMEDE;RUA PAULA RODRIGUES;;;;Colisão Transversal;Luz do Dia;Bom;Seca;Cruz;Semáforo;Misto;0;0;2;1;0;0;0;0;0;0;0;0;-38,526739;-3,753285;;;
248629;8;2;2015;09:10;0;RUA STA ELISA D21;;;1063;;Choque c/ Obstáculo Fixo;Luz do Dia;Bom;Seca;Meio de Quadra;Não Há Controle;Residencial;0;0;1;1;0;0;0;0;0;0;0;0;-38,562335;-3,705416;;;
248626;8;2;2015;21:00;15144;AV MON TABOSA;AV RUI BARBOSA;;;;Colisão Lateral;;Bom;Seca;Cruz;;Residencial;0;1;1;1;0;0;0;0;0;0;0;0;-38,505696;-3,724441;;;
248640;8;2;2015;20:10;11057;AV DR SILAS MUNGUBA;AV DOS EXPEDICIONARIOS;;;;Colisão Transversal;Via Iluminada;Bom;Seca;Cruz;Semáforo;Comercial;0;0;2;1;0;0;0;0;0;0;0;0;-38,547960;-3,787538;;;
248641;8;2;2015;18:30;17600;RUA MATO GROSSO;RUA MARANHAO;;;;Colisão Transversal;Via Iluminada;Bom;Seca;Cruz;Pare;Residencial;0;0;2;0;0;0;0;0;0;0;0;0;-38,563891;-3,756852;;;
248631;8;2;2015;19:46;0;AV ALBERTO CRAVEIRO;;;;;Engavetamento;Via Iluminada;Bom;Seca;Meio de Quadra;Não Há Controle;Residencial;0;0;3;1;0;0;0;0;0;0;0;0;;;;;
248636;8;2;2015;12:00;25190;AV VIS RIO BRANCO;RUA PAULO FIRMEZA;;;;Colisão Transversal;Luz do Dia;Bom;Seca;T;;Residencial;0;0;2;1;0;0;0;0;0;1;0;0;-38,519684;-3,757629;;;
248638;8;2;2015;11:30;0;AV DR THEBERGE;;;;;Colisão Traseira;Luz do Dia;Bom;Seca;Meio de Quadra;;Residencial;0;0;2;1;0;0;0;0;0;0;0;0;;;;;
248647;8;2;2015;17:00;0;AL PAPOULAS;;;154;;Choque c/ Obstáculo Fixo;;Bom;Seca;Meio de Quadra;Não Há Controle;Residencial;0;0;1;1;0;0;0;0;0;0;0;0;-38,470199;-3,752554;;;
248644;8;2;2015;15:30;3323;RUA ARGENTINA;RUA MARIO DE ANDRADE;;;;Colisão Lateral;Luz do Dia;Bom;Seca;Cruz;Pare;Residencial;0;0;2;1;0;0;0;0;0;0;0;0;-38,564812;-3,747688;;;
248645;8;2;2015;14:00;4612;RUA CRISANTO M DA ROCHA;AV WASHINGTON SOARES;;;;Colisão Lateral;Luz do Dia;Bom;Seca;Y;Semáforo;Comercial;0;0;2;1;0;0;0;0;0;0;0;0;-38,479908;-3,795695;;;
263959;8;2;2015;00:58;18296;RUA JOSE AVELINO;RUA TOMAS LOPES;;;;Colisão;;;;;;;0;0;2;0;0;0;0;0;0;0;0;0;-38,515757;-3,722620;;;
263954;8;2;2015;00:20;9257;AV AGUANAMBI;RUA CEL PERGENTINO FERREIRA;;;;Colisão;;;;Cruz;Semáforo;Comercial;0;0;2;0;0;0;0;0;0;0;0;0;-38,524049;-3,748634;;;
263955;8;2;2015;00:22;16057;AV GODOFREDO MACIEL;AV PRS COSTA E SILVA;;;;Colisão;;;;Cruz;Semáforo;Comercial;0;0;2;0;0;0;0;0;0;0;0;0;-38,574739;-3,811743;;;
263956;8;2;2015;00:24;5934;AV J CJ CEARA;RUA 1121 CJ CEARA;;;;Atropelamento;;;;;;;0;0;2;0;0;0;0;0;0;0;0;0;-38,613586;-3,761754;;;
259833;8;2;2015;23:47;0;AV AGUANAMBI;;;;;Colisão;;;;Meio de Quadra;;;0;0;2;1;0;0;0;0;0;0;0;0;;;;;
259829;8;2;2015;02:25;0;AV AGUANAMBI;;;;;Colisão;;;;Meio de Quadra;;;0;0;3;1;0;0;0;0;0;0;0;0;;;;;
259830;8;2;2015;12:58;0;AV ABOLICAO;;;;;Colisão;Luz do Dia;;;Meio de Quadra;;;0;0;2;1;0;0;0;0;0;0;0;0;;;;;
259827;8;2;2015;01:27;0;RUA FRE ODILON;;;;;Colisão;;;;;;;0;0;2;1;0;0;0;0;0;0;0;0;;;;;
248779;9;2;2015;14:30;25481;AV AUGUSTO DOS ANJOS;RUA RISO DO PRADO;;;;Colisão Lateral;Luz do Dia;Bom;Seca;;Outros;Residencial;0;0;2;0;0;0;0;0;0;0;0;0;-38,578766;-3,779722;;;
248648;9;2;2015;11:35;12892;RUA BAR RIO BRANCO;AV DOMINGOS OLIMPIO;;;;Colisão Traseira;Luz do Dia;Bom;Seca;Cruz;Semáforo;Comercial;0;0;2;1;0;0;0;0;0;0;0;0;-38,531494;-3,736579;;;
248651;9;2;2015;17:50;22991;RUA VILA RICA;RUA BERNARDO MANUEL;;;;Colisão Frontal;Anoitecer;Bom;Seca;Cruz;Não Há Controle;Misto;1;1;1;0;1;0;0;0;0;1;0;0;-38,547746;-3,786824;;;
248652;9;2;2015;21:00;10828;RUA PORTO VELHO;RUA ARACAJU;;;;Colisão Traseira;Via Iluminada;Bom;Seca;Cruz;Pare;Residencial;0;1;1;1;0;0;0;0;0;1;0;0;-38,589992;-3,764365;;;
248661;9;2;2015;15:36;21620;RUA CON DE CASTRO;RUA BERNARDINO CAMPOS;;;;Colisão Lateral;Luz do Dia;Bom;Seca;T;Pare;Misto;0;0;2;1;0;0;0;0;0;0;0;0;-38,588350;-3,801030;;;
248662;9;2;2015;08:40;0;AV JOAO PESSOA;;;5508;;Atropelamento;Luz do Dia;Bom;Seca;Meio de Quadra;Não Há Controle;Residencial;0;1;1;0;1;0;0;0;0;0;0;0;-38,555446;-3,759120;;;
248663;9;2;2015;14:30;17483;RUA DA PAZ;RUA MANUEL JACARE;;;;Colisão Lateral;Luz do Dia;Bom;Seca;Cruz;Pare;Residencial;0;0;2;1;0;0;0;0;0;0;0;0;-38,487520;-3,724748;;;
248664;9;2;2015;18:30;13217;AV J CJ JOSE WALTER;AV E CJ JOSE WALTER;;;;Colisão Lateral;Anoitecer;Bom;Seca;Cruz;Pare;Residencial;0;2;1;1;0;0;0;0;0;0;0;0;-38,556724;-3,834521;;;
248665;9;2;2015;14:00;8011;AV JOAO PESSOA;RUA ALEXANDRE BARAUNA;;;;Colisão Transversal;Luz do Dia;Bom;Seca;Cruz;Semáforo;Escola;0;0;2;1;1;0;0;0;0;0;0;0;-38,548267;-3,751089;;;
248666;9;2;2015;08:00;0;AV ANTONIO SALES;;;2933;;Colisão Traseira;Luz do Dia;Bom;Seca;Meio de Quadra;Não Há Controle;Comercial;0;0;2;1;0;0;0;0;0;0;0;0;-38,497805;-3,746862;;;
248667;9;2;2015;14:30;0;AV H CJ CEARA;;;901;;Colisão Traseira;Luz do Dia;Bom;Seca;Meio de Quadra;Semáforo;Comercial;0;0;2;1;0;0;0;0;0;0;0;0;;;;;
248677;9;2;2015;19:10;0;RUA MON OTAVIO CASTRO;;;318;;Colisão Traseira;Via Iluminada;Bom;Seca;Meio de Quadra;Outros;Misto;0;0;2;1;0;0;0;0;0;0;0;0;-38,527171;-3,746182;;;
248659;9;2;2015;06:50;0;AV OLIVEIRA PAIVA;;;203;;Colisão;Luz do Dia;Bom;Seca;Meio de Quadra;Não Há Controle;Comercial;1;1;1;0;0;0;1;0;0;1;0;0;-38,503321;-3,798677;;;
248656;9;2;2015;15:10;1458;RUA CEL LINHARES;RUA DES LEITE ALBUQUERQUE;;;;Colisão Transversal;Luz do Dia;Bom;Seca;Cruz;Pare;Comercial;0;1;1;1;0;0;0;0;0;1;0;0;-38,494769;-3,738494;;;
248654;9;2;2015;13:15;0;AV GOV RAUL BARBOSA;;;3059;;Colisão Traseira;Luz do Dia;Bom;Seca;Meio de Quadra;Não Há Controle;Comercial;0;0;2;1;0;0;0;0;0;0;0;0;-38,504243;-3,754215;;;
248669;9;2;2015;08:00;11002;RUA EQUADOR;RUA ELCIAS LOPES;;;;Colisão Lateral;Luz do Dia;Bom;Seca;Cruz;Pare;Misto;0;3;0;0;0;0;0;0;0;1;0;0;-38,551915;-3,772451;;;
248670;9;2;2015;10:30;11010;RUA JULIO VERNE;RUA PERU;;;;Colisão Transversal;Luz do Dia;;;Cruz;Não Há Controle;Residencial;0;2;0;0;0;0;0;0;0;1;0;0;-38,552009;-3,775725;;;
248671;9;2;2015;03:40;22353;AV BEZERRA DE MENEZES;AV OLAVO BILAC;;;;Colisão Transversal;Via Iluminada;Bom;Seca;Cruz;Semáforo;Comercial;0;1;1;0;0;0;0;0;1;0;0;0;-38,564151;-3,735601;;;
248672;9;2;2015;14:00;0;RUA JUVENAL DE CARVALHO;;;;;Colisão Frontal;Luz do Dia;Bom;Seca;Meio de Quadra;Não Há Controle;Residencial;0;0;2;1;0;0;0;0;0;0;0;0;;;;;
248673;9;2;2015;21:30;1236;AV RUI BARBOSA;RUA COSTA BARROS;;;;Colisão Transversal;Via Iluminada;Bom;Seca;Cruz;Gesto;Comercial;0;1;1;1;0;0;0;0;0;0;0;0;-38,507984;-3,731526;;;
248674;9;2;2015;20:00;0;AV HERACLITO GRACA;;;1611;;Colisão Traseira;Via Iluminada;Bom;Seca;Meio de Quadra;Semáforo;Comercial;0;0;3;1;0;0;0;0;0;0;0;0;-38,510158;-3,738369;;;
248683;9;2;2015;13:20;0;AV SANTOS DUMONT;;;6350;;Colisão Traseira;Luz do Dia;Bom;Seca;Meio de Quadra;Não Há Controle;Comercial;0;0;2;1;0;0;0;0;0;0;0;0;-38,475422;-3,743624;;;
248684;9;2;2015;14:25;0;AV AGUANAMBI;;;;ROTATÓRIA;Colisão Lateral;Luz do Dia;Bom;Seca;Meio de Quadra;Não Há Controle;Comercial;0;0;2;1;0;0;0;1;0;0;0;0;-38,523043;-3,755538;;;
248685;9;2;2015;22:00;19694;AV BEZERRA DE MENEZES;RUA TIP SALES;;;;Colisão Transversal;Via Iluminada;Bom;Seca;T;Pare;Comercial;0;1;2;1;0;0;0;0;0;0;0;0;-38,565167;-3,735828;;;
248686;9;2;2015;16:45;18298;RUA CARIRIS;AV ALM BARROSO;;;;Colisão Transversal;Anoitecer;Bom;Seca;Cruz;Semáforo;Residencial;0;0;2;1;0;0;0;0;0;0;0;0;-38,517341;-3,720485;;;
248687;9;2;2015;10:50;9072;AV PONTES VIEIRA;AV VIS RIO BRANCO;;;;Colisão Lateral;Luz do Dia;Bom;Seca;Cruz;Semáforo;Comercial;0;0;2;1;1;0;0;0;0;0;0;0;-38,520486;-3,753544;;;
248688;9;2;2015;07:40;0;AV JOSE LEON;;;2426;;Colisão Traseira;;Bom;Seca;Meio de Quadra;Não Há Controle;Residencial;0;1;1;1;0;0;0;0;0;0;0;0;-38,490066;-3,790657;;;
248689;9;2;2015;07:50;7949;RUA OSVALDO CRUZ (ALDEOTA);RUA ISAC AMARAL;;;;Colisão Transversal;Luz do Dia;Bom;Seca;Cruz;Pare;Misto;0;0;2;1;0;0;0;0;0;0;0;0;-38,505756;-3,752487;;;
248690;9;2;2015;13:00;24968;AV ALM HENRIQUE SABOIA;RUA VILEBALDO AGUIAR;;;;Colisão Lateral;Luz do Dia;Bom;Seca;Cruz;Pare;Misto;0;0;2;0;0;0;1;0;0;0;0;0;-38,487544;-3,740626;;;
248691;9;2;2015;19:20;0;RUA ANSELMO NOGUEIRA;;;122;;Atropelamento;Via Iluminada;Bom;Seca;Meio de Quadra;Não Há Controle;Residencial;0;1;1;1;0;0;0;0;0;0;0;0;-38,586927;-3,780166;;;
248692;9;2;2015;17:40;25231;AV PRS COSTA E SILVA;AV I CJ JOSE WALTER;;;;Colisão Transversal;Anoitecer;Bom;Seca;T;Pare;Residencial;0;0;3;1;0;0;1;0;0;0;0;0;-38,550232;-3,823494;;;
248693;9;2;2015;17:00;0;AV PRS COSTA E SILVA;;;1347;;Colisão Traseira;Luz do Dia;Bom;Seca;Meio de Quadra;Não Há Controle;Residencial;0;0;3;0;0;0;1;0;0;0;0;0;-38,545586;-3,824307;;;
248694;9;2;2015;19:40;24990;AV PRS COSTA E SILVA;AV PRS JUSCELINO KUBITSCHEK (PASSARÉ);;;;Colisão Traseira;Via Iluminada;Bom;Seca;T;Semáforo;Comercial;0;0;2;1;0;0;0;0;0;0;0;0;-38,539516;-3,825648;;;
248695;9;2;2015;21:30;19260;RUA PRO GOMES BRASIL;RUA CANDIDO HOLANDA;;;;Colisão Transversal;Via Iluminada;Bom;Seca;T;Pare;Comercial;0;0;2;1;0;0;0;0;0;0;0;0;-38,569423;-3,771573;;;
248696;9;2;2015;07:30;7190;RUA CAMELIA;AV DR THEBERGE;;;;Colisão Lateral;Luz do Dia;Bom;Seca;Cruz;Dê Preferência;Residencial;0;0;2;1;0;0;1;0;0;0;0;0;-38,563147;-3,709175;;;
248697;9;2;2015;10:15;0;AV JOAO PESSOA;;;6745;;Colisão Traseira;Luz do Dia;Bom;Seca;Meio de Quadra;Não Há Controle;Misto;0;1;2;1;0;0;0;0;0;0;0;0;-38,561031;-3,770199;;;
248698;9;2;2015;15:45;1599;AV SEN VIRGILIO TAVORA;RUA VICENTE LINHARES;;;;Colisão Transversal;Anoitecer;Bom;Seca;Cruz;Semáforo Manual;Comercial;0;1;1;1;0;0;0;0;0;1;0;0;-38,495370;-3,743743;;;
248699;9;2;2015;16:00;0;AV LAURO VIEIRA CHAVES;;;727;;Atropelamento;Luz do Dia;Bom;Seca;Meio de Quadra;Não Há Controle;Residencial;0;1;1;0;0;0;0;0;0;1;0;0;-38,532680;-3,772430;;;
248700;9;2;2015;17:00;0;AV DR THEBERGE;;;1637;;Colisão Traseira;Via Iluminada;Bom;Seca;Meio de Quadra;Não Há Controle;Residencial;0;0;3;1;0;0;0;0;0;0;0;0;-38,565362;-3,715911;;;
248701;9;2;2015;12:00;0;AV 13 DE MAIO;;;465;;Colisão Traseira;Luz do Dia;Bom;Seca;Meio de Quadra;Semáforo;Comercial;0;0;2;1;0;0;0;0;0;0;0;0;-38,525563;-3,752537;;;
248702;9;2;2015;19:35;15778;RUA TAQUATIARA;RUA STA CLARA DE ASSIS;;;;Colisão Lateral;Via Iluminada;Bom;Seca;Cruz;Pare;Comercial;0;0;2;1;1;0;0;0;0;0;0;0;-38,502459;-3,830267;;;
248679;9;2;2015;21:40;15311;RUA PEREIRA FILGUEIRAS;AV RUI BARBOSA;;;;Colisão Transversal;Via Iluminada;Bom;Seca;Cruz;Semáforo;Comercial;0;0;2;1;0;0;0;0;0;0;0;0;-38,507546;-3,730106;;;
248680;9;2;2015;18:00;25070;RUA ALM RUFINO;AV DOS EXPEDICIONARIOS;;;;Colisão Lateral;Via Iluminada;Bom;Seca;Cruz;Semáforo Intermitente;Comercial;0;2;0;1;0;0;0;0;0;1;0;0;-38,541286;-3,765289;;;