COD_ACIDENTE;DIA;MES;ANO;HORA;INTERSECAO;LOG1;LOG2;LOG3;NUMERO;REFERENCIA;NATUREZA;ILUMINACAO;TEMPO;SUPERFICIEPISTA;TIPOCRUZAMENTO;CONTROLETRAFEGO;USOSOLO;MORTOS;FERIDOS;ILESOS;AUTOMOVEL;ONIBUS;BICICLETA;CAMINHAO;MICROONIBUS;CICLOMOTOR;MOTOCICLETA;TRACAOANIMAL;TREM;LONG;LAT;;;
258749;9;2;2015;12:00;0;AV SEN CARLOS JEREISSATI (AEROPORTO);;;;KM 03;Colisão;Luz do Dia;;Seca;Meio de Quadra;;;0;0;2;1;0;0;0;0;0;0;0;0;-38,541414;-3,780382;;;
258760;9;2;2015;17:45;0;RD CE-040;;;;KM-06;Colisão;Anoitecer;;Seca;Meio de Quadra;;;0;0;2;1;1;0;0;0;0;0;0;0;-38,478781;-3,811270;;;
258758;9;2;2015;14:00;0;RD CE-040;;;;KM-10;Colisão;Luz do Dia;;Seca;Meio de Quadra;;;0;0;2;1;0;0;0;0;0;0;0;0;-38,480068;-3,838671;;;
258763;9;2;2015;19:40;0;RD CE-040;;;;KM-09;Colisão;;;Seca;Meio de Quadra;;;0;0;2;1;0;0;1;0;0;0;0;0;-38,481431;-3,824774;;;
257258;9;2;2015;13:00;18387;AV SGT HERMINIO SAMPAIO;AV OLAVO BILAC;;;;Colisão;Luz do Dia;;;Cruz;Semáforo;Residencial;0;1;0;1;0;0;0;0;0;0;0;0;-38,565080;-3,727179;;;
257259;9;2;2015;16:00;6664;RUA MIGUEL GURGEL;RUA JOSE HIPOLITO;;;;Colisão;Luz do Dia;;;T;Pare;Comercial;0;1;0;1;0;0;0;0;0;1;0;0;-38,481367;-3,838126;;;
264052;9;2;2015;00:10;0;RUA PDE FRANCISCO PITA;;;846;;Atropelamento;;;;Meio de Quadra;;;0;0;2;0;0;0;0;0;0;0;0;0;-38,498205;-3,782007;;;
264053;9;2;2015;09:25;9543;RUA CEL FABRICIANO;RUA ARI MAIA;;;;Colisão;Luz do Dia;;;Cruz;Pare;Residencial;0;0;2;0;0;0;0;0;0;0;0;0;-38,620267;-3,779362;;;
264054;9;2;2015;10:58;0;AV BEIRA MAR;;;;;Colisão;Luz do Dia;;;Meio de Quadra;;;0;0;2;0;0;0;0;0;0;0;0;0;;;;;
264055;9;2;2015;11:18;0;AV B CJ ESPERANCA;;;104;;Colisão;Luz do Dia;;;Meio de Quadra;;;0;0;2;0;0;0;0;0;0;0;0;0;-38,589806;-3,816204;;;
260597;9;2;2015;00:30;0;RUA BALDUINO FREIRE;;;;;Colisão;;;;Meio de Quadra;;;0;1;1;0;0;0;0;0;0;0;0;0;;;;;
260599;9;2;2015;06:48;0;AV CARNEIRO DE MENDONCA;;;;;Queda;Luz do Dia;;;Meio de Quadra;;;0;1;0;0;0;0;0;0;0;1;0;0;-38,568322;-3,763261;;;
260601;9;2;2015;09:26;0;AV OLIVEIRA PAIVA;;;;;Colisão;Luz do Dia;;;Meio de Quadra;;;0;1;1;1;0;0;0;0;0;1;0;0;-38,503354;-3,798688;;;
260606;9;2;2015;18:49;0;AV PERIMETRAL;;;;;Colisão;;;;Meio de Quadra;;;0;1;1;0;0;0;0;0;0;0;0;0;;;;;
260607;9;2;2015;19:51;0;RUA PORTO ALEGRE;;;;;Colisão;;;;Meio de Quadra;;;0;1;1;0;0;0;0;0;0;0;0;0;-38,582365;-3,764637;;;
260608;9;2;2015;09:20;0;RUA 2;;;;;Colisão;Luz do Dia;;;Meio de Quadra;;;0;1;1;0;0;0;0;0;0;0;0;0;;;;;
260609;9;2;2015;23:09;0;RUA BETEL;;;;;Atropelamento;;;;Meio de Quadra;;;0;1;1;1;0;0;0;0;0;0;0;0;;;;;
260603;9;2;2015;14:53;23728;RUA LEBOM MAIA;RUA MON AGOSTINHO;;;;Colisão;Luz do Dia;;;Cruz;Não Há Controle;Misto;0;1;1;0;0;0;0;0;0;1;0;0;-38,579197;-3,785799;;;
253538;9;2;2015;06:50;0;RD BR 222;;;;KM-03;Colisão Traseira;Luz do Dia;Bom;Seca;Meio de Quadra;Não Há Controle;Residencial;0;0;2;1;0;0;0;0;0;1;0;0;-38,571997;-3,736999;;;
253545;10;2;2015;22:30;0;RD BR 222;;;;KM 00;Colisão Traseira;Via Iluminada;Bom;Seca;Meio de Quadra;Não Há Controle;Residencial;0;2;1;0;0;0;0;0;0;1;0;0;-38,569072;-3,736611;;;
253525;10;2;2015;07:30;0;RD BR 116;;;7000;KM-07;Colisão Lateral;Luz do Dia;Bom;Seca;Meio de Quadra;Não Há Controle;Comercial;0;0;3;1;0;0;1;0;0;0;0;0;-38,501101;-3,813246;;;
253541;10;2;2015;18:00;0;RD BR 222;;;;KM 00;Colisão Lateral;Anoitecer;Bom;Seca;Meio de Quadra;Não Há Controle;Comercial;0;0;2;0;0;0;0;0;0;0;0;0;-38,569072;-3,736611;;;
260614;10;2;2015;08:11;0;RUA CANDIDO MAIA;;;;;Queda;Luz do Dia;;;Meio de Quadra;;;0;1;0;0;0;0;0;0;0;1;0;0;;;;;
260615;10;2;2015;08:16;0;RUA JOAQUIM NABUCO;;;;;Colisão;Luz do Dia;;;Meio de Quadra;;;0;1;1;1;0;0;0;0;0;1;0;0;-38,502276;-3,738329;;;
260616;10;2;2015;10:27;0;RUA COSTA BARROS;;;;;Colisão;Luz do Dia;;;Meio de Quadra;;;0;1;1;1;0;0;0;0;0;1;0;0;-38,507385;-3,731720;;;
260628;10;2;2015;16:47;0;AV PRS CASTELO BRANCO;;;;;Atropelamento;Luz do Dia;;;Meio de Quadra;;;0;1;1;1;0;0;0;0;0;0;0;0;;;;;
260629;10;2;2015;17:50;0;AV SEN FERNANDES TAVORA;;;;;Queda;Anoitecer;;;Meio de Quadra;;;0;1;0;0;0;0;0;0;0;1;0;0;;;;;
260630;10;2;2015;17:52;0;AV BEZERRA DE MENEZES;;;;;Atropelamento;Anoitecer;;;Meio de Quadra;;;0;2;0;0;0;0;0;0;0;1;0;0;-38,554018;-3,733521;;;
260631;10;2;2015;18:26;0;AV SANTOS DUMONT;;;;;Colisão;Anoitecer;;;Meio de Quadra;;;0;1;1;0;0;0;0;0;0;0;0;0;-38,491712;-3,738405;;;
260632;10;2;2015;18:49;11068;RUA EQUADOR;RUA ALEMANHA;;;;Colisão;;;;Cruz;Pare;Residencial;0;1;1;0;0;0;0;0;0;0;0;0;-38,556406;-3,783589;;;
260633;10;2;2015;19:10;0;AV CARAPINIMA;;;;;Queda;;;;Meio de Quadra;;;0;1;0;0;0;0;0;0;0;1;0;0;-38,536362;-3,736236;;;
260634;10;2;2015;19:47;0;AV ODILON GUIMARAES;;;;;Colisão;;;;Meio de Quadra;;;0;1;1;1;0;0;0;0;0;1;0;0;-38,477512;-3,822871;;;
260635;10;2;2015;20:51;0;AV WASHINGTON SOARES;;;;;Choque c/ Obstáculo Fixo;;;;Meio de Quadra;;;0;1;0;1;0;0;0;0;0;0;0;0;;;;;
260621;10;2;2015;12:39;0;AV GODOFREDO MACIEL;;;;;Colisão;Luz do Dia;;;Meio de Quadra;;;0;1;1;1;0;0;0;0;0;1;0;0;-38,571277;-3,800806;;;
260623;10;2;2015;13:39;0;RUA COSTA BARROS;;;;;Colisão;Luz do Dia;;;Meio de Quadra;;;0;1;1;1;0;0;0;0;0;1;0;0;;;;;
260625;10;2;2015;15:19;2353;RUA SEIS COMPANHEIROS;AV PRS CASTELO BRANCO;;;;Colisão;Luz do Dia;;;;Não Há Controle;Comercial;0;1;1;0;0;0;0;0;0;1;0;0;-38,577075;-3,705030;;;
260626;10;2;2015;16:19;0;AV PERIMETRAL;;;;;Colisão;Luz do Dia;;;Meio de Quadra;;;0;1;1;1;0;0;0;0;0;1;0;0;;;;;
264056;10;2;2015;08:00;0;AV GOV RAUL BARBOSA;;;5900;;Colisão;Luz do Dia;;;Meio de Quadra;;;0;0;2;0;0;0;0;0;0;0;0;0;-38,510339;-3,769466;;;
264057;10;2;2015;09:26;0;RUA DR SOCORRO AZEVEDO;;;425;;Colisão;Luz do Dia;;;Meio de Quadra;;;0;0;2;0;0;0;0;0;0;0;0;0;-38,494296;-3,767899;;;
264058;10;2;2015;10:23;12699;AV CEL CARVALHO;AV MAJ ASSIS;;;;Colisão;Luz do Dia;;;Cruz;Semáforo;Residencial;0;0;2;0;0;0;0;0;0;0;0;0;-38,586255;-3,723796;;;
264059;10;2;2015;10:53;15238;RUA BAR ARACATI;RUA TEN BENEVOLO;;;;Colisão;Luz do Dia;;;Cruz;Pare;Comercial;0;0;2;0;0;0;0;0;0;0;0;0;-38,510266;-3,727628;;;
264060;10;2;2015;15:56;23771;RUA COSTA FREIRE;RUA LEAO DO NORTE;;;;Colisão;Luz do Dia;;;Cruz;Pare;Rural;0;0;2;0;0;0;0;0;0;0;0;0;-38,577180;-3,783935;;;
264061;10;2;2015;15:58;23730;RUA CARDOSO DE BARROS;RUA ANTONIO COSTA MENDES (PQ SÃO JOSÉ);;;;Colisão;Luz do Dia;;;;;;0;0;2;0;0;0;0;0;0;0;0;0;-38,582487;-3,788624;;;
264062;10;2;2015;19:15;0;RUA GAL SAMPAIO;;;1634;;Colisão;;;;Meio de Quadra;;;0;0;2;0;0;0;0;0;0;0;0;0;-38,532442;-3,732506;;;
264063;10;2;2015;19:21;0;AV PLACIDO CASTELO;;;;;Colisão;;;;Meio de Quadra;;;0;0;2;0;0;0;0;0;0;0;0;0;;;;;
264064;10;2;2015;19:32;0;RUA MARTINS CARVALHO;;;;;Colisão;;;;Meio de Quadra;;;0;0;2;0;0;0;0;0;0;0;0;0;;;;;
264065;10;2;2015;20:06;0;RUA MARIA ALICE FERRAZ;;;;;Colisão;;;;Meio de Quadra;;;0;0;2;0;0;0;0;0;0;0;0;0;;;;;
264066;10;2;2015;21:23;9892;RUA BOM JESUS (GRANJA LISBOA);RUA SGT JOAO PINHEIRO;;;;Colisão;;;;Cruz;Outros;Comercial;0;0;2;0;0;0;0;0;0;0;0;0;-38,624041;-3,787299;;;
264067;10;2;2015;22:15;9750;RUA CEL FABRICIANO;RUA SAO LUIZ DO OESTE;;;;Colisão;;;;Cruz;Pare;Comercial;0;0;2;0;0;0;0;0;0;0;0;0;-38,610116;-3,782125;;;
257278;10;2;2015;21:20;0;AV N CJ JOSE WALTER;;;1766;;Colisão;;;;Meio de Quadra;;;0;1;0;0;0;0;0;0;0;1;0;0;-38,561420;-3,836752;;;
257274;10;2;2015;09:50;0;RUA CON DE CASTRO;;;956;;Colisão;Luz do Dia;;;Meio de Quadra;;;0;1;0;1;0;0;0;0;0;1;0;0;-38,570245;-3,781544;;;
258765;10;2;2015;10:00;0;AV SEN CARLOS JEREISSATI (AEROPORTO);;;;KM 02;Colisão;Luz do Dia;;Seca;Meio de Quadra;;;0;0;2;1;0;0;0;0;0;0;0;0;-38,529156;-3,783932;;;
258767;10;2;2015;15:00;0;RD CE-040;;;;KM-10;Colisão;Luz do Dia;;Seca;Meio de Quadra;Não Há Controle;;0;0;2;1;0;0;0;0;0;1;0;0;-38,480068;-3,838671;;;
248711;10;2;2015;08:00;0;AV PRO GOMES DE MATOS;;;;;Outros;Luz do Dia;Bom;Seca;Meio de Quadra;Semáforo;Comercial;0;0;2;1;0;0;1;0;0;0;0;0;;;;;
248712;10;2;2015;08:40;9243;AV DOS EXPEDICIONARIOS;AV EDUARDO GIRAO;;;;Colisão Transversal;Luz do Dia;Bom;Seca;Cruz;Semáforo;Comercial;0;0;2;1;0;0;0;0;0;0;0;0;-38,536849;-3,750712;;;
248714;10;2;2015;12:30;3189;RUA CARLOS CHAGAS;RUA JOSE ARISTOTELES GONDIM;;;;Colisão Transversal;Luz do Dia;Bom;Seca;Cruz;Pare;Residencial;0;0;2;1;0;0;0;0;0;0;0;0;-38,585335;-3,780113;;;
248715;10;2;2015;07:30;5715;AV DES GONZAGA;RUA ULISSES BEZERRA;;;;Colisão Traseira;Luz do Dia;Bom;Seca;T;Pare;Comercial;0;0;2;1;0;0;0;0;0;0;0;0;-38,499492;-3,798159;;;
248720;10;2;2015;07:40;3860;AV 13 DE MAIO;AV DA UNIVERSIDADE;;;;Colisão Lateral;Luz do Dia;Bom;Seca;;Semáforo;Comercial;0;0;2;1;0;0;0;0;0;1;0;0;-38,539107;-3,740962;;;
248722;10;2;2015;20:40;13304;AV I CJ JOSE WALTER;AV G CJ JOSE WALTER;;;;Colisão Transversal;Mal Iluminada;Bom;Seca;T;Pare;Residencial;0;1;2;1;0;0;0;0;0;1;0;0;-38,554956;-3,839061;;;
248723;10;2;2015;08:50;0;AV GAL OSORIO DE PAIVA;;;7017;;;Luz do Dia;Bom;Seca;Meio de Quadra;Outros;Misto;0;0;2;1;0;0;0;0;0;0;0;0;-38,611970;-3,814927;;;
248733;10;2;2015;14:40;0;AV CARAPINIMA;;;2425;;Colisão Traseira;Luz do Dia;Bom;Seca;Meio de Quadra;Não Há Controle;Comercial;0;0;2;1;1;0;0;0;0;0;0;0;-38,541304;-3,741071;;;
248735;10;2;2015;15:40;19651;AV GAL OSORIO DE PAIVA;RUA AFRANIO PEIXOTO;;;;Engavetamento;Luz do Dia;Bom;Seca;T;Semáforo;Comercial;0;1;2;1;0;0;1;0;0;0;0;0;-38,573584;-3,780072;;;
248728;10;2;2015;19:15;0;AV CARAPINIMA;;;1654;;Colisão Traseira;Via Iluminada;Bom;Seca;Meio de Quadra;Não Há Controle;Comercial;0;1;1;0;0;0;0;0;0;1;0;0;-38,536732;-3,736609;;;
248730;10;2;2015;14:30;21372;AV JOVITA FEITOSA;RUA JOSE SOMBRA;;;;Engavetamento;Luz do Dia;Bom;Seca;Cruz;Semáforo;Comercial;0;0;3;1;0;0;0;0;0;0;0;0;-38,546301;-3,737763;;;
248731;10;2;2015;10:15;0;RUA COSTA BARROS;;;1830;;Colisão Lateral;Luz do Dia;;;Meio de Quadra;;;0;0;3;0;0;0;0;0;0;1;0;0;-38,507385;-3,731720;;;
248744;10;2;2015;08:05;0;AV BEZERRA DE MENEZES;;;1351;;Colisão Transversal;Luz do Dia;Bom;Seca;Meio de Quadra;Não Há Controle;Comercial;0;0;2;0;1;0;0;0;0;0;0;0;-38,556650;-3,734047;;;
248741;10;2;2015;10:00;12699;AV CEL CARVALHO;AV MAJ ASSIS;;;;Engavetamento;Luz do Dia;Bom;Seca;Cruz;Semáforo;Comercial;0;0;3;1;1;0;0;0;0;0;0;0;-38,586255;-3,723796;;;
248737;10;2;2015;12:30;1508;RUA TIBURCIO CAVALCANTE;RUA CATAO MAMEDE;;;;Colisão Transversal;Luz do Dia;Bom;Seca;Cruz;Pare;Residencial;0;0;2;1;0;0;0;0;0;0;0;0;-38,503842;-3,739901;;;
248746;10;2;2015;19:00;1456;AV SANTOS DUMONT;RUA CEL JUCA;;;;Atropelamento;Via Iluminada;Bom;Seca;Cruz;Semáforo;Comercial;0;1;1;1;0;0;0;0;0;0;0;0;-38,491530;-3,738438;;;
248750;10;2;2015;21:00;15139;AV MON TABOSA;RUA BAR ARACATI;;;;Colisão Lateral;Via Iluminada;Bom;Seca;Cruz;Pare;Comercial;0;0;2;1;0;0;0;0;0;0;0;0;-38,509158;-3,724226;;;
248781;10;2;2015;10:50;0;AV PRO GOMES DE MATOS;;;1536;;Colisão Traseira;Luz do Dia;Bom;Seca;Meio de Quadra;Não Há Controle;Comercial;0;0;2;1;0;0;0;0;0;0;0;0;-38,548789;-3,764830;;;
248783;10;2;2015;15:00;17352;AV JOAO PESSOA;RUA ELVIRA PINHO;;;;Colisão Traseira;Luz do Dia;Bom;Seca;T;Pare;Comercial;0;0;2;1;0;0;0;0;0;1;0;0;-38,559092;-3,765499;;;
248787;10;2;2015;19:20;22117;RUA PRO COSTA MENDES;RUA PAPI JUNIOR;;;;Colisão Lateral;Via Iluminada;Bom;Seca;Cruz;Pare;Misto;0;1;1;1;0;0;0;0;0;1;0;0;-38,553931;-3,748342;;;
248788;10;2;2015;05:20;25101;AV GAL OSORIO DE PAIVA;RUA ARARIPE PRATA;;;;Colisão Lateral;Luz do Dia;Bom;Seca;Cruz;Pare;Comercial;0;2;1;0;1;0;0;0;0;1;0;0;-38,568029;-3,776593;;;
248753;10;2;2015;14:00;5206;RUA SEN ALMIR PINTO;RUA SAO JOSE D03;;;;Colisão Transversal;Luz do Dia;Bom;Seca;Cruz;Pare;Comercial;0;1;1;1;0;0;0;0;0;1;0;0;-38,523664;-3,726414;;;
248754;10;2;2015;12:30;1032;AV ENG LEAL LIMA VERDE (SAPIRANGA/COITE);RUA JOAQUIM FROTA;;;;Colisão Transversal;Luz do Dia;Bom;Seca;Rotatória;Dê Preferência;Residencial;0;0;2;0;0;0;0;0;0;0;0;0;-38,475166;-3,801619;;;
248759;10;2;2015;10:00;18024;AV ZEZE DIOGO;RUA RENATO BRAGA;;;;;Luz do Dia;Bom;Seca;Cruz;Semáforo;Comercial;0;0;2;1;0;0;0;0;0;0;0;0;-38,457388;-3,731905;;;
248751;10;2;2015;07:30;5801;AV DES GONZAGA;RUA ALICE;;;;Colisão Lateral;Luz do Dia;Bom;Seca;T;Não Há Controle;Residencial;0;1;1;1;0;0;0;0;0;1;0;0;-38,502595;-3,791340;;;
248763;10;2;2015;15:30;1424;AV HERACLITO GRACA;RUA CARLOS VASCONCELOS;;;;Colisão Frontal;Luz do Dia;Bom;Seca;Cruz;Semáforo;Comercial;0;1;1;1;0;0;0;0;0;1;0;0;-38,512285;-3,737590;;;
248764;10;2;2015;17:10;0;RUA ANTONIO DIVINO;;;113;;Colisão Lateral;Anoitecer;Bom;Seca;Meio de Quadra;Não Há Controle;Residencial;0;1;2;1;0;0;0;0;0;1;0;0;-38,560326;-3,804235;;;
248757;10;2;2015;12:15;7762;AV ANTONIO SALES;RUA NUNES VALENTE;;;;Colisão Lateral;Luz do Dia;Bom;Seca;Cruz;Pare;Comercial;0;1;1;1;0;0;0;0;0;1;0;0;-38,506314;-3,744237;;;
248767;10;2;2015;16:00;1285;AV DOM LUIS;RUA VIS MAUA;;;;Colisão Transversal;Luz do Dia;Bom;Seca;Cruz;Pare;Comercial;0;0;2;1;0;0;0;0;0;0;0;0;-38,498390;-3,732923;;;
248768;10;2;2015;08:00;0;RUA BERNARDO MANUEL;;;11464;;Colisão Traseira;Luz do Dia;Bom;Seca;Meio de Quadra;Não Há Controle;Comercial;0;0;2;1;0;0;0;0;0;0;0;0;;;;;
248770;10;2;2015;18:00;3894;AV EDUARDO GIRAO;RUA JULIO CESAR D12;;;;Colisão Transversal;Via Iluminada;Bom;Seca;Cruz;Semáforo;Residencial;0;1;1;1;0;0;0;0;0;1;0;0;-38,540636;-3,747630;;;
248772;10;2;2015;16:00;14421;AV SGT HERMINIO SAMPAIO;RUA PDE ANCHIETA;;;;Colisão Transversal;Luz do Dia;Bom;Seca;Cruz;Semáforo;Comercial;0;1;1;1;1;0;0;0;0;0;0;0;-38,551079;-3,724693;;;
248774;10;2;2015;12:50;25067;AV DOS EXPEDICIONARIOS;RUA DES PRAXEDES;;;;Colisão Traseira;Luz do Dia;Bom;Seca;;Outros;Misto;0;0;2;1;1;0;0;0;0;0;0;0;-38,540839;-3,763679;;;
248777;10;2;2015;09:30;7752;AV JOAO PESSOA;AV CARNEIRO DE MENDONCA;;;;Colisão Traseira;Luz do Dia;Bom;Seca;T;Semáforo;Misto;0;0;2;1;0;0;0;0;0;0;0;0;-38,559808;-3,767222;;;
248790;10;2;2015;16:15;0;RUA FRANCISCO LEANDRO;;;;;Colisão Lateral;Luz do Dia;Bom;Seca;Meio de Quadra;Não Há Controle;Comercial;0;0;2;1;1;0;0;0;0;0;0;0;;;;;
248791;10;2;2015;17:40;0;AV JOSE BASTOS;;;2472;;Colisão Traseira;Anoitecer;Bom;Seca;Meio de Quadra;Não Há Controle;Comercial;0;0;2;1;0;0;0;0;0;1;0;0;-38,543909;-3,743275;;;
248778;11;2;2015;20:00;23952;AV CESAR CALS;RUA MIGUEL CALMON;;;;Colisão Transversal;Via Iluminada;Bom;Seca;Cruz;Não Há Controle;Residencial;1;1;0;0;0;1;0;0;0;1;0;0;-38,461558;-3,726534;;;
248775;11;2;2015;14:00;0;AV AGUANAMBI;;;;;Colisão;Luz do Dia;Bom;Seca;Meio de Quadra;;Comercial;0;0;2;1;0;0;0;0;0;0;0;0;;;;;
248776;11;2;2015;15:40;25071;AV DOS EXPEDICIONARIOS;RUA TEODORICO BARROSO;;;;Colisão Transversal;Luz do Dia;Bom;Seca;Cruz;Pare;Comercial;0;1;1;1;0;0;0;0;0;1;0;0;-38,541696;-3,766646;;;
248773;11;2;2015;09:45;0;RUA GERMANO FRANCK;;;880;;Colisão Lateral;Luz do Dia;Bom;Seca;Meio de Quadra;Outros;Misto;0;0;2;1;0;0;0;0;0;0;0;0;-38,563996;-3,778911;;;
248771;11;2;2015;10:00;12766;RUA ALEXANDRE BARAUNA;RUA QUINTINO CUNHA;;;;Colisão Transversal;Luz do Dia;Bom;Seca;Cruz;Pare;Residencial;0;0;2;1;0;0;0;0;0;0;0;0;-38,546214;-3,752943;;;
248769;11;2;2015;19:20;0;AV PRS COSTA E SILVA;;;;JOSE WALTER;Colisão Lateral;Mal Iluminada;Bom;Seca;Meio de Quadra;Não Há Controle;Residencial;0;1;1;1;0;0;0;0;0;1;0;0;;;;;
248758;11;2;2015;07:00;5065;AV ALBERTO NEPOMUCENO;RUA JOSE AVELINO;;;;Colisão Traseira;Luz do Dia;Nublado;Seca;Cruz;Não Há Controle;Comercial;0;0;2;1;0;0;0;0;0;0;0;0;-38,523662;-3,722081;;;
248765;11;2;2015;20:00;1571;RUA CAROLINA SUCUPIRA;RUA VICENTE LEITE;;;;Colisão Transversal;Via Iluminada;Bom;Seca;Cruz;Pare;Residencial;0;0;2;1;0;0;0;0;0;0;0;0;-38,497020;-3,742124;;;
248766;11;2;2015;13:00;15370;AV DOM LUIS;AV SEN VIRGILIO TAVORA;;;;Colisão Transversal;Luz do Dia;Bom;Seca;Cruz;Semáforo;Comercial;0;0;2;1;1;0;0;0;0;0;0;0;-38,492507;-3,734829;;;
248760;11;2;2015;16:15;23727;RUA GABRIEL FIUZA;RUA MON AGOSTINHO;;;;Colisão Transversal;Luz do Dia;Bom;Seca;Cruz;Pare;Misto;0;0;2;1;0;0;0;0;0;0;0;0;-38,580412;-3,786587;;;
248761;11;2;2015;20:50;19465;RUA JOSE CAMELO;RUA PEDRO RIQUET;;;;Colisão Transversal;Via Iluminada;Bom;Seca;Cruz;Não Há Controle;Residencial;0;1;1;1;0;0;1;0;0;0;0;0;-38,556321;-3,780396;;;
248762;11;2;2015;18:50;19068;AV ENG SANTANA JUNIOR;RUA PRO SILAS RIBEIRO;;;;Colisão Traseira;;Bom;Seca;Cruz;Semáforo Intermitente;Comercial;0;0;2;1;0;0;0;0;0;0;0;0;-38,482901;-3,736968;;;
248755;11;2;2015;13:55;23889;AV PRO MURILO DA SILVEIRA;RUA OLIVEIRA FILHO;;;;Colisão Transversal;Luz do Dia;Bom;Seca;Cruz;Não Há Controle;Residencial;0;1;1;0;1;0;0;0;0;1;0;0;-38,465091;-3,724546;;;
248756;11;2;2015;06:20;0;AV RUI BARBOSA;;;;;Capotamento;Luz do Dia;Bom;Seca;Meio de Quadra;Semáforo;Residencial;0;0;2;1;0;0;0;0;0;0;0;0;;;;;
248780;11;2;2015;02:30;0;AV BEIRA MAR;;;3666;;Colisão Traseira;Via Iluminada;Bom;Seca;Meio de Quadra;Não Há Controle;Residencial;0;1;1;1;0;0;0;0;0;1;0;0;-38,487957;-3,723409;;;
259870;11;2;2015;13:48;0;RUA CON BRAVEZA;;;;;Colisão;Luz do Dia;;;Meio de Quadra;;;0;0;2;1;0;0;0;0;0;0;0;0;;;;;
259866;11;2;2015;12:45;0;AV SGT HERMINIO SAMPAIO;;;;;;Luz do Dia;;;Meio de Quadra;;;0;0;2;1;0;0;0;0;0;0;0;0;;;;;
259854;11;2;2015;09:48;0;AV FRE CIRILO;;;;;Colisão;Luz do Dia;;;Meio de Quadra;;;0;0;2;1;0;0;0;0;0;0;0;0;;;;;
259881;11;2;2015;16:03;0;AV BORGES DE MELO;;;;;Colisão;Luz do Dia;;;Meio de Quadra;;;0;0;2;1;0;0;0;0;0;0;0;0;;;;;
248738;11;2;2015;15:50;7862;AV ANTONIO SALES;RUA PRO DIAS DA ROCHA;;;;Colisão Transversal;Luz do Dia;Bom;Seca;Cruz;Pare;Comercial;0;0;2;1;0;0;0;0;0;1;0;0;-38,495535;-3,747586;;;
248740;11;2;2015;10:00;19759;RUA AMADEU FURTADO;RUA AZEVEDO BOLAO;;;;Colisão Lateral;Luz do Dia;Bom;Seca;Cruz;Pare;Residencial;0;0;2;1;0;0;0;0;0;0;0;0;-38,563588;-3,737863;;;
248742;11;2;2015;13:50;15225;RUA TEN BENEVOLO;RUA ILDEFONSO ALBANO;;;;Colisão Lateral;Luz do Dia;Bom;Seca;Cruz;Semáforo;Comercial;0;0;2;0;1;0;0;0;0;0;0;0;-38,511332;-3,727294;;;
248732;11;2;2015;05:50;22287;RUA JOSE CANDIDO D08;RUA JOSE MARROCOS;;;;Colisão Traseira;Luz do Dia;Bom;Seca;Cruz;Pare;Residencial;0;0;2;1;0;0;0;0;0;0;0;0;-38,551245;-3,731044;;;
248729;11;2;2015;05:30;4006;RUA DES PRAXEDES;RUA EDITE BRAGA;;;;Colisão Traseira;Luz do Dia;Bom;Seca;Cruz;Pare;Residencial;0;0;2;1;0;0;1;0;0;0;0;0;-38,547472;-3,760633;;;
248736;11;2;2015;13:30;1432;AV SANTOS DUMONT;AV SEN VIRGILIO TAVORA;;;;Colisão Traseira;Luz do Dia;Bom;Seca;Cruz;Semáforo;Misto;0;0;2;1;0;0;0;0;0;0;0;0;-38,493482;-3,737828;;;
248724;11;2;2015;16:00;0;AV DOMINGOS OLIMPIO;;;1050;;Colisão Lateral;Luz do Dia;Bom;Seca;Meio de Quadra;;Residencial;0;1;1;0;0;0;0;0;0;1;0;0;-38,533283;-3,735873;;;
248725;11;2;2015;09:00;0;AV DOMINGOS OLIMPIO;;;;;Colisão Transversal;Luz do Dia;Bom;Seca;Meio de Quadra;Semáforo;Comercial;0;0;2;1;0;0;0;0;0;0;0;0;;;;;
248726;11;2;2015;15:20;15812;RUA CEL FRANCISCO PEREIRA (MESSEJANA);RUA MANUEL CASTELO BRANCO;;;;Colisão Lateral;Luz do Dia;Bom;Seca;Cruz;Semáforo;Comercial;0;0;2;1;0;0;1;0;0;0;0;0;-38,492929;-3,831773;;;
248727;11;2;2015;12:00;15501;AV FRE CIRILO;RUA FREDERICO SEVERO;;;;Colisão Traseira;Luz do Dia;Bom;Seca;T;Pare;Comercial;0;0;2;1;0;0;0;0;0;0;0;0;-38,496307;-3,819870;;;
248721;11;2;2015;09:40;0;AV DOS EXPEDICIONARIOS;;;2771;;Colisão Traseira;Luz do Dia;Bom;Seca;Meio de Quadra;Não Há Controle;Comercial;0;0;2;1;0;0;0;0;0;0;0;0;;;;;
248718;11;2;2015;13:00;0;RUA DR THOMPSON BULCAO;;;830;;Atropelamento;Luz do Dia;Bom;Seca;Meio de Quadra;Não Há Controle;Comercial;0;1;1;0;0;0;0;0;0;1;0;0;;;;;
248719;11;2;2015;07:40;0;RUA PDE PEDRO DE ALENCAR;;;1537;;Colisão Traseira;Luz do Dia;Bom;Seca;Meio de Quadra;Não Há Controle;Residencial;0;0;2;1;0;0;0;0;0;0;0;0;-38,494281;-3,841408;;;