COD_ACIDENTE;DIA;MES;ANO;HORA;INTERSECAO;LOG1;LOG2;LOG3;NUMERO;REFERENCIA;NATUREZA;ILUMINACAO;TEMPO;SUPERFICIEPISTA;TIPOCRUZAMENTO;CONTROLETRAFEGO;USOSOLO;MORTOS;FERIDOS;ILESOS;AUTOMOVEL;ONIBUS;BICICLETA;CAMINHAO;MICROONIBUS;CICLOMOTOR;MOTOCICLETA;TRACAOANIMAL;TREM;LONG;LAT;;;
248716;11;2;2015;15:32;0;AV BEZERRA DE MENEZES;;;2662;;Colisão Transversal;Luz do Dia;Bom;Seca;Meio de Quadra;Não Há Controle;Comercial;0;0;2;1;0;0;0;0;0;0;0;0;-38,568404;-3,736479;;;
248713;11;2;2015;08:00;17379;RUA TEN MOACIR MATOS;RUA EDITE BRAGA;;;;Colisão Transversal;Luz do Dia;Bom;Seca;Cruz;Pare;Residencial;0;0;2;1;0;0;0;0;0;0;0;0;-38,552921;-3,766915;;;
248709;11;2;2015;16:30;0;AV ANTONIO SALES;;;;;Engavetamento;Luz do Dia;Bom;Seca;Meio de Quadra;Semáforo;Comercial;0;0;3;1;0;0;0;0;0;0;0;0;;;;;
248710;11;2;2015;08:25;15349;RUA VICENTE LEITE;RUA REPUBLICA DO LIBANO;;;;Colisão Transversal;Luz do Dia;Nublado;Seca;Cruz;Pare;Residencial;0;0;2;1;0;0;0;0;0;0;0;0;-38,493841;-3,732224;;;
248705;11;2;2015;11:10;0;AV JOSE BASTOS;;;5130;;Colisão Traseira;Luz do Dia;Bom;Seca;Meio de Quadra;Não Há Controle;Comercial;0;0;2;1;0;0;0;0;0;0;0;0;-38,562297;-3,757774;;;
248706;11;2;2015;10:30;22082;RUA CAP FRANCISCO PEDRO;RUA ALEXANDRE BARAUNA;;;;Colisão Transversal;Luz do Dia;Bom;Seca;Cruz;Pare;Comercial;0;2;0;1;0;0;0;0;0;1;0;0;-38,550539;-3,749020;;;
248707;11;2;2015;13:20;15225;RUA TEN BENEVOLO;RUA ILDEFONSO ALBANO;;;;Colisão Lateral;Luz do Dia;Bom;Seca;Cruz;Semáforo;Misto;0;0;2;1;0;0;0;0;0;0;0;0;-38,511332;-3,727294;;;
258769;11;2;2015;11:55;0;AV WASHINGTON SOARES;;;1141;;Colisão;Luz do Dia;Bom;Seca;Meio de Quadra;;;0;1;1;1;0;0;0;0;0;1;0;0;-38,482366;-3,767271;;;
258770;11;2;2015;14:30;0;AV SEN CARLOS JEREISSATI (AEROPORTO);;;;KM 02;Colisão;Luz do Dia;;Seca;Meio de Quadra;;;0;0;2;1;0;0;0;0;0;0;0;0;-38,529156;-3,783932;;;
258777;11;2;2015;14:30;0;RD CE-040;;;;KM-11;Colisão;Luz do Dia;;Seca;Meio de Quadra;;;0;0;2;1;0;0;1;0;0;0;0;0;-38,480252;-3,844873;;;
258778;11;2;2015;17:00;0;RD CE-040;;;;KM-02;Colisão;Anoitecer;;Seca;Meio de Quadra;;;0;0;2;0;0;0;1;0;0;0;0;0;-38,481598;-3,776479;;;
275957;11;2;2015;06:50;0;RD BR 116;;;4000;KM-04;Colisão Traseira;Luz do Dia;Bom;Seca;Meio de Quadra;;;0;3;3;1;0;0;0;0;0;0;0;0;;;;;
257279;11;2;2015;00:11;0;RUA URUCUTUBA;;;1471;;Colisão;;;;Meio de Quadra;;;0;1;0;0;0;0;0;0;0;1;0;0;-38,607755;-3,797499;;;
257286;11;2;2015;15:40;0;RUA JULIO CESAR D04;;;580;;Colisão Lateral;Luz do Dia;;;Meio de Quadra;;;0;1;0;0;0;0;0;0;0;1;0;0;;;;;
257288;11;2;2015;20:20;0;AV WASHINGTON SOARES;;;1321;UNIFOR;Colisão Lateral;;;;Meio de Quadra;;;0;1;0;1;0;0;1;0;0;0;0;0;-38,482138;-3,769811;;;
260286;11;2;2015;18:45;19224;AV SANTOS DUMONT;RUA FRANCISCO MATOS;;;;Colisão;;;;Cruz;Semáforo;Comercial;0;0;2;0;0;0;0;0;0;0;0;0;-38,469675;-3,745497;;;
260293;11;2;2015;19:53;13592;AV PONTES VIEIRA;RUA PRO CARVALHO;;;;Colisão;;;;Cruz;Semáforo;Comercial;0;0;2;0;1;0;0;0;0;0;0;0;-38,514949;-3,752890;;;
260283;11;2;2015;13:23;8930;AV DOMINGOS OLIMPIO;RUA JUSTINIANO DE SERPA;;;;Colisão;Luz do Dia;;;Outros;Semáforo;Residencial;0;0;2;0;1;0;0;0;0;0;0;0;-38,542468;-3,733011;;;
264068;11;2;2015;07:28;0;RUA MISERICORDIA;;;288;;Colisão;Luz do Dia;;;Meio de Quadra;;;0;0;2;0;0;0;0;0;0;0;0;0;;;;;
264069;11;2;2015;09:37;0;AV DOS EXPEDICIONARIOS;;;7142;;Colisão;Luz do Dia;;;Meio de Quadra;;;0;0;2;0;0;0;0;0;0;0;0;0;-38,545751;-3,780200;;;
264070;11;2;2015;09:37;0;AV BEZERRA DE MENEZES;;;109;;Queda;Luz do Dia;;;Meio de Quadra;;;0;0;1;0;0;0;0;0;0;1;0;0;-38,545661;-3,731762;;;
264071;11;2;2015;10:06;0;RUA AMADEU FURTADO;;;298;;Colisão;Luz do Dia;;;Meio de Quadra;;;0;0;2;0;0;0;0;0;0;0;0;0;-38,563531;-3,738160;;;
264072;11;2;2015;10:16;0;LOGRADOURO SEM NOME;;;279;;Choque c/ Obstáculo Fixo;Luz do Dia;;;Meio de Quadra;;;0;0;1;0;0;0;0;0;0;0;0;0;;;;;
264073;11;2;2015;10:39;0;RUA RODRIGUES ANDRADE;;;;;Colisão;Luz do Dia;;;Meio de Quadra;;;0;0;2;0;0;0;0;0;0;0;0;0;;;;;
264074;11;2;2015;10:56;0;AV AGUANAMBI;;;;;Colisão;Luz do Dia;;;Meio de Quadra;;;0;0;2;0;0;0;0;0;0;0;0;0;;;;;
264075;11;2;2015;13:04;5450;RUA MAJ FACUNDO;RUA ANTONIO POMPEU;;;;Colisão;Luz do Dia;;;Cruz;Pare;Comercial;0;0;2;0;0;0;0;0;0;0;0;0;-38,530216;-3,734923;;;
264076;11;2;2015;14:02;0;AV ROGACIANO LEITE;;;250;;Colisão;Luz do Dia;;;Meio de Quadra;;;0;0;2;0;0;0;0;0;0;0;0;0;-38,492436;-3,759956;;;
264077;11;2;2015;16:26;19081;RUA DES WALDETARIO P MOTA;RUA EDUARDO SABOIA;;;;Colisão;Luz do Dia;;;Cruz;Pare;Comercial;0;0;2;0;0;0;0;0;0;0;0;0;-38,480948;-3,737338;;;
264078;11;2;2015;15:08;0;AV FRE CIRILO;;;4100;;Colisão;Luz do Dia;;;Meio de Quadra;;;0;0;2;0;0;0;0;0;0;0;0;0;-38,496273;-3,819945;;;
264079;11;2;2015;21:51;6059;RUA MIN ALBUQUERQUE LIMA;AV C CJ CEARA;;;;Colisão;;;;Com Via Férrea;Pare;Comercial;0;0;2;0;0;0;0;0;0;0;0;0;-38,604700;-3,770669;;;
264080;11;2;2015;21:54;0;RUA ANA GONCALVES;;;630;;Colisão;;;;Meio de Quadra;;;0;0;2;0;0;0;0;0;0;0;0;0;-38,510522;-3,759356;;;
264081;11;2;2015;21:55;5712;RUA ULISSES BEZERRA;RUA MELO CESAR;;;;Colisão;;;;;;;0;0;2;0;0;0;0;0;0;0;0;0;-38,502151;-3,799364;;;
264082;11;2;2015;21:57;0;AV PRO JOSE ARTHUR CARVALHO;;;;;Atropelamento;;;;Meio de Quadra;;;0;0;2;0;0;0;0;0;0;0;0;0;;;;;
264083;11;2;2015;22:12;0;RUA EMILIA GONCALVES;;;843;;Colisão;;;;Meio de Quadra;;;0;0;2;0;0;0;0;0;0;0;0;0;;;;;
260640;11;2;2015;13:40;0;AV GAL OSORIO DE PAIVA;;;;;Colisão;Luz do Dia;;;Meio de Quadra;;;0;1;1;0;0;0;0;0;0;0;0;0;-38,617160;-3,820302;;;
260643;11;2;2015;16:05;0;AV GAL OSORIO DE PAIVA;;;6020;;Colisão;Luz do Dia;;;Meio de Quadra;;;0;1;1;1;0;0;0;0;0;1;0;0;-38,605698;-3,808490;;;
260646;11;2;2015;18:58;0;RUA OSCAR FRANCA;;;;;Colisão;;;;Meio de Quadra;;;0;1;1;0;0;0;0;0;0;0;0;0;;;;;
260648;11;2;2015;20:51;0;AV FRANCISCO SA;;;;;Atropelamento;;;;Meio de Quadra;;;0;1;1;0;0;0;0;0;0;1;0;0;-38,556503;-3,717662;;;
260651;11;2;2015;21:02;0;AV CESAR CALS;;;;;Colisão;;;;Meio de Quadra;;;0;2;0;0;0;0;0;0;0;0;0;0;-38,461598;-3,726462;;;
260652;11;2;2015;21:39;0;AV CENTRAL;;;;;Colisão;;;;Meio de Quadra;;;0;1;1;1;0;0;0;0;0;1;0;0;;;;;
260653;11;2;2015;22:48;1437;RUA SILVA PAULET;RUA JOAO CARVALHO;;;;Colisão;;;;Cruz;Pare;Comercial;0;1;1;1;0;0;0;0;0;1;0;0;-38,506557;-3,737966;;;
260636;11;2;2015;08:36;24388;RUA LINEU JUCA;RUA MOREIRA GOMES;;;;Colisão;Luz do Dia;;;;;;0;1;1;1;0;0;0;0;0;1;0;0;-38,536319;-3,767720;;;
260637;11;2;2015;09:09;0;AV PRS CASTELO BRANCO;;;1001;;Colisão;Luz do Dia;;;Meio de Quadra;;;0;1;1;1;0;0;0;0;0;1;0;0;-38,532533;-3,719131;;;
260638;11;2;2015;09:33;0;RUA PAPI JUNIOR;RUA PRO COSTA MENDES;;;;Atropelamento;Luz do Dia;;;;;;0;1;1;0;1;0;0;0;0;0;0;0;;;;;
253540;11;2;2015;18:10;0;RD BR 222;;;;KM-02;Colisão Lateral;Anoitecer;Bom;Seca;Meio de Quadra;Não Há Controle;Comercial;0;0;2;1;0;0;0;0;0;0;0;0;-38,586880;-3,738951;;;
253576;11;2;2015;17:45;0;RD BR 222;;;;KM-02;Colisão Lateral;Anoitecer;Bom;Seca;Meio de Quadra;Não Há Controle;Comercial;0;1;1;1;0;0;0;0;0;1;0;0;-38,586880;-3,738951;;;
253577;11;2;2015;15:20;0;RD BR 222;;;;KM-03;Colisão Traseira;Luz do Dia;Bom;Seca;Meio de Quadra;Não Há Controle;Comercial;0;0;3;1;0;0;0;0;0;0;0;0;-38,571997;-3,736999;;;
253513;12;2;2015;18:40;0;RD BR 116;;;1000;KM-01;Colisão Traseira;Via Iluminada;Bom;Seca;Meio de Quadra;Não Há Controle;Comercial;0;0;2;1;0;0;0;0;0;0;0;0;-38,518702;-3,762554;;;
253499;12;2;2015;08:00;0;RD BR 116;;;5000;KM-05;Tombamento;Luz do Dia;Nublado;Molhada;Meio de Quadra;Não Há Controle;Comercial;0;1;0;0;0;0;0;0;0;1;0;0;-38,506787;-3,796502;;;
260660;12;2;2015;05:54;0;AV SGT HERMINIO SAMPAIO;;;;;Colisão;Amanhecer;;;Meio de Quadra;;;0;1;1;0;0;0;0;0;0;0;0;0;;;;;
260662;12;2;2015;06:22;0;RUA ANTONIO POMPEU;;;;;Colisão;Luz do Dia;;;Meio de Quadra;;;0;1;1;0;0;0;0;0;0;0;0;0;;;;;
260667;12;2;2015;06:36;0;AV BEZERRA DE MENEZES;;;;;Colisão;Luz do Dia;;;Meio de Quadra;;;0;1;1;0;0;0;0;0;0;0;0;0;-38,555321;-3,733780;;;
260670;12;2;2015;06:39;0;AV CEL CARVALHO;;;;;Colisão;Luz do Dia;;;Meio de Quadra;;;0;1;1;0;0;0;0;0;0;0;0;0;;;;;
260672;12;2;2015;06:52;0;AV PRS COSTA E SILVA;;;;JOSE WALTER;Colisão;Luz do Dia;;;Meio de Quadra;;;0;1;1;0;0;0;0;0;0;0;0;0;;;;;
260673;12;2;2015;07:32;0;AV PRS JUSCELINO KUBITSCHEK (PASSARÉ);;;;;Colisão;Luz do Dia;;;Meio de Quadra;;;0;1;1;0;0;0;0;0;0;1;0;0;;;;;
260674;12;2;2015;07:45;0;AV CHANC EDSON QUEIROZ;;;;;Colisão;Luz do Dia;;;Meio de Quadra;;;0;1;1;1;0;0;0;0;0;1;0;0;;;;;
260689;12;2;2015;07:57;0;AV OLIVEIRA PAIVA;;;;;Queda;Luz do Dia;;;Meio de Quadra;;;0;1;0;0;0;0;0;0;0;1;0;0;-38,503389;-3,798775;;;
260691;12;2;2015;08:05;0;AV OLIVEIRA PAIVA;;;202;VIADUTO - BR-116;Queda;Luz do Dia;;;Meio de Quadra;;;0;1;0;0;0;0;0;0;0;1;0;0;-38,503354;-3,798688;;;
260693;12;2;2015;08:22;0;RUA HOLANDA;;;;;Queda;Luz do Dia;;;Meio de Quadra;;;0;1;0;0;0;0;0;0;0;1;0;0;-38,561885;-3,799411;;;
260695;12;2;2015;08:47;0;AV LAURO VIEIRA CHAVES;;;;;Colisão;Luz do Dia;;;Meio de Quadra;;;0;1;1;1;0;0;0;0;0;1;0;0;-38,542723;-3,771195;;;
260697;12;2;2015;09:22;0;RUA CESAR CORREIA;;;346;;Colisão;Luz do Dia;;;Meio de Quadra;;;0;1;1;1;0;0;0;0;0;1;0;0;-38,572143;-3,708609;;;
260698;12;2;2015;09:43;0;RUA JACINTO MATOS;;;;;Colisão;Luz do Dia;;;Meio de Quadra;;;0;1;1;0;0;0;0;0;0;0;0;0;-38,546726;-3,718844;;;
260703;12;2;2015;12:12;0;AV TEN LISBOA;;;;;Outros;Luz do Dia;;;Meio de Quadra;;;0;1;0;1;0;0;0;0;0;0;0;1;;;;;
260707;12;2;2015;12:21;13402;AV ANTONIO SALES;RUA ILDEFONSO ALBANO;;;;Atropelamento;Luz do Dia;;;Cruz;Não Há Controle;Comercial;0;1;1;0;1;0;0;0;0;0;0;0;-38,515947;-3,741238;;;
260712;12;2;2015;13:50;0;AV H CJ CEARA;;;;;Colisão;Luz do Dia;;;Meio de Quadra;;;0;1;1;1;0;0;0;0;0;1;0;0;;;;;
260713;12;2;2015;13:52;0;AV EDILSON B SOARES;;;;;Colisão;Luz do Dia;;;Meio de Quadra;;;0;1;1;0;0;0;0;0;0;0;0;0;-38,462599;-3,787908;;;
260714;12;2;2015;15:44;0;AV JOVITA FEITOSA;;;;;Colisão;Luz do Dia;;;Meio de Quadra;;;0;1;1;0;0;0;0;0;0;0;0;0;-38,547289;-3,737959;;;
260716;12;2;2015;16:38;0;AV GOV RAUL BARBOSA;;;;;Colisão;Luz do Dia;;;Meio de Quadra;;;0;1;1;1;0;0;0;0;0;0;0;0;-38,512345;-3,772572;;;
260717;12;2;2015;17:19;0;RUA ANDRE REBOUCAS;;;306;;Colisão;Anoitecer;;;Meio de Quadra;;;0;1;1;1;0;0;0;0;0;1;0;0;-38,590726;-3,775539;;;
260718;12;2;2015;19:09;0;RUA METON DE ALENCAR;;;;;Colisão;;;;Meio de Quadra;;;0;1;1;0;0;0;0;0;0;0;0;0;-38,539426;-3,730804;;;
260710;12;2;2015;12:25;0;RUA JACINTO MATOS;;;;;Outros;Luz do Dia;;;Meio de Quadra;;;0;1;0;1;0;0;0;0;0;0;0;1;;;;;
260722;12;2;2015;20:28;0;AV PRS CASTELO BRANCO;;;4300;;Colisão;;;;Meio de Quadra;;;0;1;1;0;0;0;0;0;0;0;0;0;-38,570575;-3,707613;;;
260724;12;2;2015;21:07;0;RUA JOSE PEDRA;RUA JOSE LITO OLIVEIRA;;;;Colisão;;;;;;;0;1;1;1;0;0;0;0;0;1;0;0;-38,549215;-3,794035;;;
264084;12;2;2015;00:44;0;AV CENTRAL;;;;;Colisão;;;;Meio de Quadra;;;0;0;2;0;0;0;0;0;0;0;0;0;;;;;
264085;12;2;2015;00:45;9186;RUA NAPOLEAO LAUREANO;RUA MIN JOAQUIM BASTOS D14;;;;Colisão;;;;Cruz;Pare;Residencial;0;0;2;0;0;0;0;0;0;0;0;0;-38,530508;-3,751813;;;
264086;12;2;2015;10:28;0;RUA ROSA LEITE OLIVEIRA;;;526;;Colisão;Luz do Dia;;;Meio de Quadra;;;0;0;2;0;0;0;0;0;0;0;0;0;-38,586841;-3,722414;;;
264087;12;2;2015;11:00;0;RUA BAR ARACATI;;;2150;;Colisão;Luz do Dia;;;Meio de Quadra;;;0;0;2;0;0;0;0;0;0;0;0;0;-38,514402;-3,739976;;;
264088;12;2;2015;12:39;23448;RUA ALVARO BOMILCAR;RUA PAULO FIRMEZA;;;;Colisão;Luz do Dia;;;Cruz;Pare;Residencial;0;0;2;0;0;0;0;0;0;0;0;0;-38,509917;-3,756867;;;
264089;12;2;2015;13:18;9138;RUA MON OTAVIO CASTRO;RUA DR JOSE VITOR;;;;Colisão;Luz do Dia;;;Cruz;Pare;Outros;0;0;2;0;0;0;0;0;0;0;0;0;-38,526895;-3,747812;;;
264091;12;2;2015;13:57;1242;RUA DR JOSE LOURENCO;RUA COSTA BARROS;;;;Colisão;Luz do Dia;;;Cruz;Pare;Misto;0;0;2;0;0;0;0;0;0;0;0;0;-38,506927;-3,731870;;;
264092;12;2;2015;14:36;0;AV LAURO VIEIRA CHAVES;;;;;Colisão;Luz do Dia;;;Meio de Quadra;;;0;0;2;0;0;0;0;0;0;0;0;0;;;;;
264093;12;2;2015;16:22;0;RUA PEDRO SAMPAIO;;;;;Atropelamento;Luz do Dia;;;Meio de Quadra;;;0;0;2;0;0;0;0;0;0;0;0;0;;;;;
264094;12;2;2015;17:35;21704;RUA CARLOS ARAUJO;RUA DR JOSE GOIANA;;;;Colisão;Anoitecer;;;Cruz;Não Há Controle;Residencial;0;0;2;0;0;0;0;0;0;0;0;0;-38,590442;-3,727401;;;
264096;12;2;2015;19:06;0;RUA JOSE TORRES;;;855;;Colisão;;;;Meio de Quadra;;;0;0;2;0;0;0;0;0;0;0;0;0;-38,606898;-3,778638;;;
264102;12;2;2015;21:59;15144;AV MON TABOSA;AV RUI BARBOSA;;;;Colisão;;;;Cruz;Pare;Comercial;0;0;2;0;0;0;0;0;0;0;0;0;-38,505696;-3,724441;;;
264103;12;2;2015;22:22;24988;RUA FRE MANSUETO;RUA TAVARES COUTINHO;;;;Colisão;;;;Cruz;Semáforo Intermitente;Comercial;0;0;2;0;0;0;0;0;0;0;0;0;-38,488784;-3,732638;;;
264099;12;2;2015;21:36;0;AV CASTELO DE CASTRO;;;;;Colisão;;;;Meio de Quadra;;;0;0;2;0;0;0;0;0;0;0;0;0;;;;;
264100;12;2;2015;21:49;0;RUA CEL MANUEL ANTONIO LEITE;;;330;;Colisão;;;;Meio de Quadra;;;0;0;2;0;0;0;0;0;0;0;0;0;-38,592708;-3,774096;;;
260294;12;2;2015;09:38;21343;RUA DOM MANUEL DE MEDEIROS;RUA CARVALHO MOTA;;;;Colisão;Luz do Dia;;;Cruz;Pare;Residencial;0;0;2;0;0;0;0;0;0;0;0;0;-38,545126;-3,735202;;;
257297;12;2;2015;12:20;12404;AV LINEU MACHADO;AV SEN FERNANDES TAVORA;;;;Choque c/ Obstáculo Fixo;Luz do Dia;;;Cruz;Não Há Controle;Misto;0;1;0;1;0;0;0;0;0;0;0;0;-38,576540;-3,765199;;;
257298;12;2;2015;13:40;0;AV AGUANAMBI;;;1555;;Colisão;Luz do Dia;;;Meio de Quadra;;;0;1;0;1;0;0;0;0;0;1;0;0;-38,523573;-3,750899;;;
274719;12;2;2015;21:00;0;AV ALBERTO CRAVEIRO;;;1151;;Queda;;;;Meio de Quadra;;;0;0;1;0;0;0;0;0;0;1;0;0;;;;;
258780;12;2;2015;06:00;0;AV SEN CARLOS JEREISSATI (AEROPORTO);;;;;Colisão;Luz do Dia;;Seca;Meio de Quadra;;;0;0;2;1;1;0;0;0;0;0;0;0;;;;;
258781;12;2;2015;18:50;0;RD CE-040;;;;KM-02;Colisão;Via Iluminada;;Seca;Meio de Quadra;;;0;0;2;1;1;0;0;0;0;0;0;0;-38,481598;-3,776479;;;
274738;12;2;2015;16:00;23378;RUA CAP TIBURCIO DA FROTA;RUA TIBURCIO CAVALCANTE;;;;Colisão Transversal;Luz do Dia;;;T;Pare;Residencial;0;3;0;0;0;0;0;0;1;1;0;0;;;;;
248885;12;2;2015;12:50;8613;AV EDILSON B SOARES;RUA EUNICE WEVER D57;;;;Colisão Transversal;Via Iluminada;Bom;Seca;Cruz;Pare;Residencial;0;1;1;0;1;0;0;0;0;0;0;0;-38,462681;-3,787916;;;
259898;12;2;2015;10:06;0;RUA URUCUTUBA;;;1336;;Colisão;Luz do Dia;;;Meio de Quadra;;;0;0;2;0;0;0;0;0;0;0;0;0;-38,606298;-3,797330;;;
259929;12;2;2015;10:06;0;RUA PEREIRA DE MIRANDA;;;;;Colisão;Luz do Dia;;;Meio de Quadra;;;0;0;2;1;0;0;0;0;0;0;0;0;;;;;
248782;12;2;2015;19:00;13383;AV ANTONIO SALES;RUA GONCALVES LEDO;;;;Colisão Transversal;Via Iluminada;Bom;Seca;Cruz;Pare;Comercial;0;1;1;1;0;0;0;0;0;1;0;0;-38,519165;-3,740227;;;
248784;12;2;2015;06:20;0;AV RAD JOSE LIMA VERDE;;;1348;;Colisão Transversal;Amanhecer;Bom;Seca;Meio de Quadra;Pare;Misto;1;0;1;0;1;0;0;0;0;1;0;0;;;;;
248785;12;2;2015;19:00;5424;RUA BAR RIO BRANCO;RUA METON DE ALENCAR;;;;Colisão Lateral;Anoitecer;Bom;Seca;Cruz;Semáforo;Comercial;0;1;1;1;0;0;0;0;0;1;0;0;-38,530563;-3,733701;;;
248786;12;2;2015;15:40;0;AV 13 DE MAIO;;;1271;;Colisão Traseira;Luz do Dia;Bom;Seca;Meio de Quadra;Não Há Controle;Comercial;0;0;1;1;1;0;0;0;0;0;0;0;-38,530460;-3,748355;;;
248789;12;2;2015;09:30;0;AV ALBERTO CRAVEIRO;;;;;Colisão Traseira;Luz do Dia;Bom;Seca;Meio de Quadra;Semáforo;Comercial;0;0;2;1;0;0;0;0;0;0;0;0;;;;;
248814;12;2;2015;20:00;0;AV SEN FERNANDES TAVORA;;;471;;Engavetamento;Via Iluminada;Bom;Seca;Meio de Quadra;Semáforo;Comercial;0;0;3;1;0;0;0;0;0;0;0;0;-38,576612;-3,765159;;;
248808;12;2;2015;11:30;0;AV AGUANAMBI;;;1770;;Colisão Lateral;Luz do Dia;Bom;Seca;Meio de Quadra;;Comercial;0;1;1;1;0;0;0;0;0;1;0;0;-38,523386;-3,752151;;;
248809;12;2;2015;08:20;25261;AV LINEU MACHADO;RUA DR SULIANO;;;;Colisão Traseira;Luz do Dia;Nublado;Seca;Cruz;Pare;Misto;0;1;1;1;0;0;0;0;0;1;0;0;;;;;
248810;12;2;2015;10:30;5109;AV ALBERTO NEPOMUCENO;RUA DR JOAO MOREIRA;;;;Colisão Lateral;Luz do Dia;Bom;Seca;T;Semáforo;Comercial;0;0;2;1;0;0;1;0;0;0;0;0;-38,524608;-3,723737;;;
248811;12;2;2015;07:00;0;AV LUCIANO CARNEIRO;;;625;;Colisão Traseira;Luz do Dia;Bom;Seca;Meio de Quadra;Semáforo;Residencial;0;0;2;1;0;0;0;0;0;0;0;0;-38,533293;-3,753855;;;
248812;12;2;2015;07:00;8937;RUA ANTONIO POMPEU;RUA CARLOS SEVERO;;;;Colisão Transversal;Luz do Dia;Nublado;Seca;Cruz;Pare;Comercial;0;2;0;0;0;0;0;0;0;1;0;0;-38,541865;-3,731863;;;
248817;12;2;2015;13:40;12762;AV BORGES DE MELO;RUA JORGE DUMAR;;;;Colisão Traseira;Luz do Dia;Bom;Seca;Cruz;Semáforo;Misto;0;0;2;1;0;0;0;0;0;0;0;0;-38,539369;-3,752695;;;
248820;12;2;2015;18:30;5965;AV C CJ CEARA;AV F CJ CEARA;;;;Colisão Transversal;Luz do Dia;Bom;Seca;T;Pare;Residencial;0;0;2;1;0;0;0;0;0;0;0;0;-38,609559;-3,762701;;;
248824;12;2;2015;13:30;0;AV A CJ CEARA;;;2332;;Choque c/ Obstáculo Fixo;Luz do Dia;Bom;Seca;Meio de Quadra;Não Há Controle;Misto;0;1;0;0;0;0;0;0;0;1;0;0;;;;;
248825;12;2;2015;12:38;14847;TR WALDIR DIOGO;RUA WALDIR DIOGO;;;;Colisão Lateral;Luz do Dia;Bom;Seca;Cruz;Pare;Residencial;0;0;2;1;1;0;0;0;0;0;0;0;-38,581050;-3,807105;;;
248822;12;2;2015;23:10;0;AV PRS COSTA E SILVA;;;1342;;Queda;Via Iluminada;Bom;Seca;Meio de Quadra;Não Há Controle;Comercial;0;1;0;0;0;0;0;0;0;1;0;0;;;;;
248828;12;2;2015;13:40;15357;RUA PEREIRA VALENTE;RUA LEONARDO MOTA;;;;Colisão Transversal;Luz do Dia;Bom;Seca;Cruz;Pare;Misto;0;0;2;1;0;0;0;0;0;0;0;0;-38,495134;-3,732885;;;
248832;12;2;2015;07:00;0;AV CARAPINIMA;;;1821;;Colisão Lateral;Luz do Dia;Bom;Seca;Outros;Outros;Misto;0;2;1;1;0;0;0;0;0;1;0;0;-38,537474;-3,737342;;;
248833;12;2;2015;20:37;14677;AV OLIVEIRA PAIVA;RUA GAL CAIADO DE CASTRO;;;;Colisão Traseira;Via Iluminada;Bom;Seca;Cruz;Não Há Controle;Comercial;0;0;3;1;0;0;0;0;0;0;0;0;-38,490473;-3,795928;;;
248830;12;2;2015;07:45;7576;AV DR SILAS MUNGUBA;RUA XII UI 611;;;;Colisão Traseira;Luz do Dia;Bom;Seca;Cruz;Outros;Misto;0;0;3;1;0;0;0;0;0;0;0;0;-38,533448;-3,794723;;;
248836;12;2;2015;19:30;19062;RUA DES WALDETARIO P MOTA;RUA PAULO MORAIS;;;;Colisão Lateral;Anoitecer;Bom;Seca;Cruz;Pare;Residencial;0;0;2;1;0;0;0;0;0;0;0;0;-38,480491;-3,736632;;;
248792;12;2;2015;17:00;0;AV GOV RAUL BARBOSA;;;6666;;Choque c/ Obstáculo Fixo;Anoitecer;Bom;Seca;Meio de Quadra;Não Há Controle;Misto;0;1;0;1;0;0;0;0;0;0;0;0;-38,512345;-3,772572;;;
248793;12;2;2015;09:50;15360;AV DES MOREIRA;AV DOM LUIS;;;;Colisão Lateral;Luz do Dia;Chuva;Seca;Rotatória;;Misto;0;0;2;1;0;0;0;0;0;0;0;0;-38,497383;-3,733239;;;
248794;12;2;2015;19:10;5742;AV OLIVEIRA PAIVA;RUA MANUEL MONTEIRO;;;;Colisão Traseira;Via Iluminada;Bom;Seca;Cruz;Semáforo;Comercial;0;0;2;1;0;0;0;0;0;0;0;0;-38,494140;-3,795496;;;
248795;12;2;2015;14:00;0;RUA ANTONIO BARROS;;;;;Colisão Transversal;Luz do Dia;Bom;Seca;Meio de Quadra;Pare;Residencial;0;0;2;1;0;0;0;0;0;0;0;0;;;;;
248796;12;2;2015;15:30;0;RUA PDE PEDRO DE ALENCAR;;;523;;Colisão Traseira;Luz do Dia;Bom;Seca;Meio de Quadra;Não Há Controle;Misto;0;0;2;1;0;0;0;0;0;0;0;0;-38,494025;-3,832658;;;
248797;12;2;2015;12:00;0;AV DOS EXPEDICIONARIOS;;;;;Colisão Traseira;Luz do Dia;Bom;Seca;Meio de Quadra;Semáforo;Comercial;0;0;2;1;0;0;0;0;0;0;0;0;;;;;
248798;12;2;2015;12:30;0;RUA OLIVEIRA SOBRINHO;;;;;Choque c/ Obstáculo Fixo;Luz do Dia;Bom;Seca;Meio de Quadra;;Comercial;0;0;1;0;0;0;1;0;0;0;0;0;;;;;
248799;12;2;2015;18:20;3811;RUA TEREZA CRISTINA;RUA LUIS DE MIRANDA;;;;Colisão Transversal;Via Iluminada;Bom;Seca;Cruz;Pare;Residencial;0;0;2;1;0;0;0;0;0;0;0;0;-38,539896;-3,737524;;;
248800;12;2;2015;13:30;0;RUA HENRIQUETA GALENO;;;1080;;Colisão Lateral;Luz do Dia;Bom;Seca;Meio de Quadra;Não Há Controle;Residencial;0;0;2;0;0;0;0;0;0;0;0;0;-38,490016;-3,748266;;;