COD_ACIDENTE;DIA;MES;ANO;HORA;INTERSECAO;LOG1;LOG2;LOG3;NUMERO;REFERENCIA;NATUREZA;ILUMINACAO;TEMPO;SUPERFICIEPISTA;TIPOCRUZAMENTO;CONTROLETRAFEGO;USOSOLO;MORTOS;FERIDOS;ILESOS;AUTOMOVEL;ONIBUS;BICICLETA;CAMINHAO;MICROONIBUS;CICLOMOTOR;MOTOCICLETA;TRACAOANIMAL;TREM;LONG;LAT;;;
248801;12;2;2015;22:00;15333;RUA PRO DIAS DA ROCHA;RUA ANA BILHAR;;;;Colisão Lateral;Via Iluminada;Bom;Seca;Cruz;Pare;Lazer;0;0;2;1;0;0;0;0;0;0;0;0;-38,490300;-3,731209;;;
248802;12;2;2015;16:00;1564;RUA CAROLINA SUCUPIRA;RUA LEONARDO MOTA;;;;Colisão Lateral;Luz do Dia;;;Cruz;Pare;Rural;0;0;2;1;0;0;0;0;0;0;0;0;-38,497995;-3,741825;;;
248803;13;2;2015;09:00;0;AV PRS COSTA E SILVA;;;4284;;Colisão Transversal;Luz do Dia;Bom;Seca;Meio de Quadra;;;1;1;0;0;0;0;0;0;0;1;0;0;;;;;
248804;13;2;2015;17:00;99;RUA MARTINS NETO;RUA TOMAS RODRIGUES;;;;Colisão Lateral;Anoitecer;Bom;Seca;Cruz;Outros;Residencial;0;0;2;1;1;0;0;0;0;0;0;0;-38,593771;-3,741063;;;
248805;13;2;2015;04:40;19330;RUA PERDIGAO DE OLIVEIRA;RUA STA LIGIA;;;;Colisão Transversal;Amanhecer;Bom;Seca;Cruz;Não Há Controle;Misto;1;0;1;0;0;0;0;0;0;1;0;0;-38,573950;-3,775620;;;
248806;13;2;2015;15:00;0;RUA BAR RIO BRANCO;;;2540;;Colisão Traseira;Luz do Dia;Bom;Seca;Meio de Quadra;Pare;Comercial;0;0;2;1;0;0;0;0;0;1;0;0;-38,532702;-3,740395;;;
248807;13;2;2015;00:10;10999;RUA 15 DE NOVEMBRO;RUA ALBERTO MAGNO;;;;Colisão Transversal;Via Iluminada;Bom;Seca;Cruz;Pare;Residencial;0;1;1;1;0;0;0;0;0;1;0;0;-38,553169;-3,769909;;;
248831;13;2;2015;20:54;15233;RUA JULIO IBIAPINA;RUA JUAZEIRO DO NORTE;;;;Colisão Transversal;Via Iluminada;Bom;Seca;Cruz;Pare;Comercial;0;0;2;1;0;0;0;0;0;1;0;0;-38,491155;-3,727527;;;
248840;13;2;2015;09:20;0;AV BAR STUDART;;;671;;Colisão Transversal;Luz do Dia;Bom;Seca;Meio de Quadra;Não Há Controle;Comercial;0;0;2;1;0;0;0;0;0;0;0;0;-38,505080;-3,729933;;;
248841;13;2;2015;16:00;0;AV BEZERRA DE MENEZES;;;25;;Colisão Traseira;Luz do Dia;Bom;Seca;Meio de Quadra;Semáforo;Comercial;0;1;1;1;0;0;1;0;0;0;0;0;-38,540036;-3,730585;;;
248843;13;2;2015;19:30;0;RUA JUSTINIANO DE SERPA;;;115;;Colisão Lateral;Via Iluminada;Bom;Seca;Meio de Quadra;Outros;Misto;0;0;2;1;1;0;0;0;0;0;0;0;-38,542654;-3,732114;;;
248848;13;2;2015;10:30;12857;RUA FLORIANO PEIXOTO;RUA CARLOS GOMES;;;;Colisão Transversal;Luz do Dia;Bom;Seca;Cruz;Pare;Comercial;0;0;2;1;0;0;0;0;0;1;0;0;-38,531321;-3,739998;;;
248849;13;2;2015;06:45;0;AV DOMINGOS OLIMPIO;;;123;;Colisão Lateral;Luz do Dia;Bom;Seca;Meio de Quadra;;Comercial;0;1;1;1;0;0;0;0;0;1;0;0;-38,524692;-3,738657;;;
248850;13;2;2015;11:30;1510;RUA JOSE VILAR;AV JULIO VENTURA;;;;Queda;Luz do Dia;Bom;Seca;Cruz;;Comercial;0;0;1;1;0;0;0;0;0;0;0;0;-38,506014;-3,739985;;;
248852;13;2;2015;10:00;5287;RUA COSTA BARROS;TR CASTRO ALVES;;;;Colisão Transversal;Luz do Dia;Bom;Seca;T;Cancela Danificada;Misto;0;1;1;1;0;0;0;0;0;1;0;0;-38,515944;-3,728880;;;
248853;13;2;2015;17:20;5136;RUA SAO JOSE D03;RUA RUFINO DE ALENCAR;;;;Colisão Lateral;Luz do Dia;Bom;Seca;T;Não Há Controle;Comercial;0;0;2;1;0;0;0;0;0;0;0;0;-38,523826;-3,724460;;;
248854;13;2;2015;19:30;5249;RUA SEN ALMIR PINTO;RUA COSTA BARROS;;;;Colisão Lateral;Via Iluminada;Bom;Seca;;Pare;Comercial;0;0;2;0;0;0;0;0;0;0;0;0;-38,519688;-3,727742;;;
248855;13;2;2015;20:00;9018;RUA SOLON PINHEIRO;RUA SALDANHA MARINHO;;;;Colisão Transversal;Via Iluminada;Bom;Seca;Cruz;Pare;Residencial;0;0;2;1;0;0;0;0;0;1;0;0;-38,530406;-3,742594;;;
248856;13;2;2015;13:15;0;AV N CJ JOSE WALTER;;;531;;Colisão Lateral;Luz do Dia;Bom;Seca;Outros;Não Há Controle;Residencial;0;1;1;1;1;0;0;0;0;0;0;0;-38,559064;-3,826341;;;
248846;13;2;2015;18:00;0;AV PONTES VIEIRA;;;1485;;Engavetamento;Via Iluminada;Bom;Seca;Meio de Quadra;Semáforo;Comercial;0;0;3;1;0;0;0;0;0;0;0;0;-38,507830;-3,752061;;;
248859;13;2;2015;19:40;0;AV SEN FERNANDES TAVORA;;;963;;Colisão Traseira;Via Iluminada;Bom;Seca;Meio de Quadra;Não Há Controle;Comercial;0;0;2;1;0;0;0;0;0;0;0;0;-38,581749;-3,762412;;;
248834;13;2;2015;20:30;0;AV GOV RAUL BARBOSA;;;7140;;Colisão Traseira;Via Iluminada;Bom;Seca;Meio de Quadra;Semáforo;Residencial;0;0;2;1;0;0;0;0;0;0;0;0;-38,512975;-3,775123;;;
248835;13;2;2015;05:00;0;AV GOV RAUL BARBOSA;;;5106;;Colisão Traseira;Via Iluminada;Bom;Seca;Meio de Quadra;Semáforo;Outros;0;1;1;0;0;0;1;0;0;0;0;0;-38,508548;-3,763122;;;
248829;13;2;2015;18:30;0;AV ALM HENRIQUE SABOIA;;;1102;VIADUTO;Colisão Traseira;Via Iluminada;Bom;Seca;Outros;Não Há Controle;Residencial;0;1;3;1;0;0;1;0;0;1;0;0;-38,485152;-3,736032;;;
248823;13;2;2015;16:00;0;AV PERIMETRAL;;;1901;;Colisão Traseira;Luz do Dia;Bom;Seca;Meio de Quadra;Outros;Misto;0;1;1;0;0;0;0;0;0;1;0;0;;;;;
248826;13;2;2015;11:00;0;RUA TEN BENEVOLO;;;847;;Colisão Traseira;Luz do Dia;Bom;Seca;Meio de Quadra;Não Há Controle;Residencial;0;0;2;1;0;0;0;0;0;0;0;0;-38,513966;-3,726353;;;
248827;13;2;2015;14:30;15258;RUA PEREIRA FILGUEIRAS;RUA ANTONIO AUGUSTO;;;;Colisão Transversal;Luz do Dia;Bom;Seca;Cruz;Pare;Comercial;0;1;1;1;0;0;0;0;0;1;0;0;-38,512866;-3,728380;;;
248821;13;2;2015;21:40;16040;AV PRS COSTA E SILVA;RUA GAL CORDEIRO NETO;;;;Colisão Lateral;Via Iluminada;Bom;Seca;T;Pare;Comercial;0;1;1;1;0;0;0;0;0;0;0;0;-38,572642;-3,812510;;;
248818;13;2;2015;20:30;14588;AV EDILSON B SOARES;RUA JOAO REGINO;;;;Colisão Lateral;Via Iluminada;Bom;Seca;Cruz;Pare;Misto;0;0;2;1;0;0;0;0;0;1;0;0;-38,483001;-3,789663;;;
248819;13;2;2015;18:30;0;AV PRS COSTA E SILVA;;;9636;CASA DO PEIXE VIVO;Colisão Traseira;Via Iluminada;Bom;Seca;Meio de Quadra;Semáforo;Residencial;0;0;2;1;0;0;0;0;0;0;0;0;-38,554549;-3,822206;;;
248813;13;2;2015;12:05;0;AV CARAPINIMA;;;1756;;Colisão Transversal;Luz do Dia;Bom;Seca;Meio de Quadra;Outros;Comercial;0;1;1;1;0;0;0;0;0;1;0;0;-38,537345;-3,737199;;;
248815;13;2;2015;07:45;1333;RUA MARIA TOMASIA;RUA BARBOSA DE FREITAS;;;;Colisão Traseira;Luz do Dia;Bom;Seca;Cruz;Gesto;Comercial;0;0;2;1;0;0;0;0;0;0;0;0;-38,497042;-3,735546;;;
248816;13;2;2015;06:20;1333;RUA BARBOSA DE FREITAS;RUA MARIA TOMASIA;;;;Colisão Transversal;Luz do Dia;Bom;Seca;Cruz;Pare;Comercial;0;0;2;1;0;0;0;0;0;0;0;0;-38,497042;-3,735546;;;
259949;13;2;2015;09:37;0;AV PONTES VIEIRA;;;;;Colisão;Luz do Dia;;;Meio de Quadra;;;0;0;2;0;0;0;0;0;0;0;0;0;;;;;
268186;13;2;2015;18:30;1325;RUA JOAQUIM NABUCO;AV SANTOS DUMONT;;;;Colisão Traseira;Anoitecer;;;Cruz;Semáforo;Comercial;0;0;2;1;0;0;0;0;0;0;0;0;-38,501285;-3,735295;;;
253482;13;2;2015;11:35;0;RD BR 116;;;6000;KM-06;Colisão Transversal;Luz do Dia;Bom;Seca;Meio de Quadra;Não Há Controle;Comercial;0;0;2;0;0;0;1;0;0;0;0;0;-38,503053;-3,804691;;;
258785;13;2;2015;05:30;0;RD CE-040;;;;KM-01;Choque c/ Obstáculo Fixo;Amanhecer;;Seca;Meio de Quadra;;;0;0;1;1;0;0;0;0;0;0;0;0;-38,483270;-3,754877;;;
258786;13;2;2015;14:40;0;RD CE-040;;;;KM-02;Colisão;Luz do Dia;;Seca;Meio de Quadra;;;0;2;0;0;0;0;0;0;0;1;0;0;-38,481598;-3,776479;;;
258787;13;2;2015;16:20;0;AV SEN CARLOS JEREISSATI (AEROPORTO);;;;;Colisão;Luz do Dia;;Seca;Meio de Quadra;;;0;0;2;1;0;0;0;0;0;0;0;0;;;;;
258788;13;2;2015;22:00;0;RD CE-040;;;;KM-06;Colisão;;;Seca;Meio de Quadra;;;0;0;2;1;0;0;0;0;0;0;0;0;-38,478781;-3,811270;;;
265633;13;2;2015;21:30;14486;RUA FRANCISCO VILELA;RUA JABAQUARA;;;;Colisão;;;;;;;1;0;1;1;0;0;0;0;0;1;0;0;-38,515149;-3,798041;;;
260318;13;2;2015;15:28;0;RUA DR JUSTA ARAUJO D45;;;;;Colisão;Luz do Dia;;;Meio de Quadra;;;0;0;2;0;0;0;0;0;0;0;0;0;;;;;
260314;13;2;2015;12:41;0;AV LINEU MACHADO;;;1210;;Colisão;Luz do Dia;;;Meio de Quadra;;;0;0;2;0;0;0;0;0;0;0;0;0;-38,579219;-3,770286;;;
260332;13;2;2015;13:02;0;AV GOV RAUL BARBOSA;;;6612;;Colisão;Luz do Dia;;;Meio de Quadra;;;0;0;2;0;0;0;1;0;0;0;0;0;-38,511857;-3,772069;;;
257302;13;2;2015;20:00;0;AV BEZERRA DE MENEZES;;;1802;COLEGIO MASTER;Atropelamento;;;;Meio de Quadra;;;1;0;1;1;0;0;0;0;0;0;0;0;-38,560286;-3,734772;;;
264110;13;2;2015;08:20;312;RUA DOM LINO;RUA NESTOR BARBOSA;;;;Colisão;Luz do Dia;;;;;;0;0;2;0;0;0;0;0;0;0;0;0;-38,555554;-3,744046;;;
264113;13;2;2015;08:38;0;RUA AMADEU FURTADO;;;200;;Colisão;Luz do Dia;;;Meio de Quadra;;;0;0;2;0;0;0;0;0;0;0;0;0;-38,563707;-3,737316;;;
264114;13;2;2015;08:58;0;AV AGUANAMBI;;;;;Colisão;Luz do Dia;;;Meio de Quadra;;;0;0;2;0;0;0;0;0;0;0;0;0;;;;;
264115;13;2;2015;09:37;0;RUA JOSE HIPOLITO;;;;;Colisão;Luz do Dia;;;Meio de Quadra;;;0;0;2;0;0;0;0;0;0;0;0;0;;;;;
264117;13;2;2015;10:48;5402;RUA METON DE ALENCAR;RUA VINTE E QUATRO DE MAIO;;;;Colisão;Luz do Dia;;;Cruz;Pare;Escola;0;0;2;0;0;0;0;0;0;0;0;0;-38,533848;-3,732626;;;
264118;13;2;2015;10:55;0;AV PRS CASTELO BRANCO;;;3746;;Colisão;Luz do Dia;;;Meio de Quadra;;;0;0;2;0;0;0;0;0;0;0;0;0;-38,565802;-3,709294;;;
264120;13;2;2015;11:45;0;AV SEN FERNANDES TAVORA;;;;;Colisão;Luz do Dia;;;Meio de Quadra;;;0;0;2;0;0;0;0;0;0;0;0;0;;;;;
264122;13;2;2015;12:31;0;RUA PRO SILAS RIBEIRO;;;340;;Colisão;Luz do Dia;;;Meio de Quadra;;;0;0;2;0;0;0;0;0;0;0;0;0;-38,481914;-3,737671;;;
264126;13;2;2015;14:34;14588;AV EDILSON B SOARES;RUA JOAO REGINO;;;;Colisão;Luz do Dia;;;Cruz;Pare;Misto;0;0;2;0;0;0;0;0;0;0;0;0;-38,483001;-3,789663;;;
264129;13;2;2015;13:04;22176;AV JOSE BASTOS;AV ENG HUMBERTO MONTE;;;;Colisão;Luz do Dia;;;T;Semáforo;Comercial;0;0;2;0;0;0;0;0;0;0;0;0;-38,555455;-3,754966;;;
264135;13;2;2015;14:37;0;RUA PRO HERIBALDO COSTA;;;;;Colisão;Luz do Dia;;;Meio de Quadra;;;0;0;2;0;0;0;0;0;0;0;0;0;;;;;
264136;13;2;2015;14:38;15597;RUA VICENTE NOBRE MACEDO;RUA CEL JOAO OLIVEIRA;;;;Colisão;Luz do Dia;;;Cruz;Pare;Residencial;0;0;2;0;0;0;0;0;0;0;0;0;-38,484102;-3,823327;;;
264138;13;2;2015;14:43;0;AV DR SILAS MUNGUBA;;;;;Colisão;Luz do Dia;;;Meio de Quadra;;;0;0;2;0;0;0;0;0;0;0;0;0;;;;;
264139;13;2;2015;15:26;0;RUA OSCAR FRANCA;;;2695;;Colisão;Luz do Dia;;;Meio de Quadra;;;0;0;2;0;0;0;0;0;0;0;0;0;-38,614572;-3,787059;;;
264140;13;2;2015;16:37;0;AV DOS EXPEDICIONARIOS;;;4127;;Colisão;Luz do Dia;;;Meio de Quadra;;;0;0;2;0;0;0;0;0;0;0;0;0;-38,537992;-3,754429;;;
264142;13;2;2015;16:54;0;RUA BERNARDO MANUEL;;;;;Colisão;Luz do Dia;;;Meio de Quadra;;;0;0;2;0;0;0;0;0;0;0;0;0;;;;;
264143;13;2;2015;18:41;0;AV CAP WALDEMAR PAULA LIMA;;;;;Colisão;;;;Meio de Quadra;;;0;0;2;0;0;0;0;0;0;0;0;0;;;;;
264144;13;2;2015;18:43;7420;RUA CEL MATOS DOURADO;RUA MON HIPOLITO BRASIL;;;;Colisão;;;;Cruz;Pare;Residencial;0;0;2;0;0;0;0;0;0;0;0;0;-38,583823;-3,756247;;;
264133;13;2;2015;14:31;8951;RUA RUBIA SAMPAIO;RUA ANTONIO POMPEU;;;;Colisão;Luz do Dia;;;Cruz;Pare;Comercial;0;0;2;0;0;0;0;0;0;0;0;0;-38,540544;-3,731652;;;
264153;13;2;2015;18:52;0;AV AREIA BRANCA;;;;;Colisão;;;;Meio de Quadra;;;0;0;2;0;0;0;0;0;0;0;0;0;;;;;
264155;13;2;2015;20:03;0;AV ZEZE DIOGO;;;;;Colisão;;;;Meio de Quadra;;;0;0;2;0;0;0;0;0;0;0;0;0;;;;;
264156;13;2;2015;21:39;14744;RUA JULIO MACIEL (MANUEL SATIRO);RUA MANUEL DA NOBREGA;;;;Colisão;;;;Cruz;Não Há Controle;Residencial;0;0;2;0;0;0;0;0;0;0;0;0;-38,583882;-3,797192;;;
264157;13;2;2015;22:06;4979;RUA JOSE MESSIAS MATOS;RUA QUATRO IRMAOS;;;;Colisão;;;;;;;0;0;2;0;0;0;0;0;0;0;0;0;-38,516070;-3,794125;;;
264158;13;2;2015;22:13;0;RUA PDE IBIAPINA;;;;;Atropelamento;;;;Meio de Quadra;;;0;0;2;0;0;0;0;0;0;0;0;0;;;;;
264159;13;2;2015;22:28;0;RUA MONTE LIBANO;;;;;Colisão;;;;Meio de Quadra;;;0;0;2;0;0;0;0;0;0;0;0;0;;;;;
264160;13;2;2015;22:30;0;RUA ROMEU MARTINS;;;181;;Colisão;;;;Meio de Quadra;;;0;0;2;0;0;0;0;0;0;0;0;0;;;;;
260734;13;2;2015;06:38;0;RD BR 116;;;6000;KM-06;Colisão;Luz do Dia;;;Meio de Quadra;;;0;1;1;1;0;0;0;0;0;1;0;0;-38,503053;-3,804691;;;
260735;13;2;2015;08:29;0;RUA PDE VALDEVINO;;;;;Colisão;Luz do Dia;;;Meio de Quadra;;;0;1;0;0;0;0;0;0;0;0;0;0;-38,517552;-3,738905;;;
260739;13;2;2015;09:41;0;RUA AFONSO LOPES;;;;;Atropelamento;Luz do Dia;;;Meio de Quadra;;;0;1;1;0;0;0;0;0;0;0;0;0;-38,547061;-3,789309;;;
260740;13;2;2015;11:11;0;RUA VALPARAISO;;;;;Queda;Luz do Dia;;;Meio de Quadra;;;0;1;0;0;0;0;0;0;0;1;0;0;;;;;
260741;13;2;2015;11:54;0;AV GODOFREDO MACIEL;;;;;Colisão;Luz do Dia;;;Meio de Quadra;;;0;1;1;0;0;0;0;0;0;0;0;0;-38,568844;-3,793505;;;
260742;13;2;2015;12:34;0;AV EDILSON B SOARES;;;;;Colisão;Luz do Dia;;;Meio de Quadra;;;0;1;1;0;0;0;0;0;0;0;0;0;-38,482918;-3,789655;;;
260749;13;2;2015;15:23;0;RUA EMILIO DE MENESES;;;;;Colisão;Luz do Dia;;;Meio de Quadra;;;0;1;1;0;0;0;0;0;0;0;0;0;-38,586199;-3,782097;;;
260750;13;2;2015;15:26;0;RUA BARTOLOMEU;;;;;Queda;Luz do Dia;;;Meio de Quadra;;;0;1;0;0;0;0;0;0;0;1;0;0;-38,603858;-3,724169;;;
260751;13;2;2015;15:39;0;RUA EUCLIDES O DE SOUSA;;;;;Colisão;Luz do Dia;;;Meio de Quadra;;;0;1;0;0;0;0;0;0;0;1;0;0;-38,472051;-3,797557;;;
260752;13;2;2015;16:34;0;AV WASHINGTON SOARES;;;;;Colisão;Luz do Dia;;;Meio de Quadra;;;0;1;1;1;0;0;0;0;0;1;0;0;-38,479293;-3,803414;;;
260753;13;2;2015;17:51;16241;RUA MONTE LIBANO;RUA JABUTICABA;;;;Colisão;Anoitecer;;;;;;0;1;1;1;0;0;0;0;0;1;0;0;;;;;
260754;13;2;2015;18:23;0;AV ALM HENRIQUE SABOIA;;;;;Colisão;Anoitecer;;;Meio de Quadra;;;0;1;1;1;0;0;0;0;0;1;0;0;;;;;
260755;13;2;2015;18:25;0;RUA GAL PIRAGIBE;;;;;Colisão;Anoitecer;;;Meio de Quadra;;;0;1;1;1;0;0;0;0;0;1;0;0;;;;;
260756;13;2;2015;18:46;0;AV PRS CASTELO BRANCO;;;2958;;Colisão;;;;Meio de Quadra;;;0;1;1;1;0;0;0;0;0;1;0;0;-38,555171;-3,711930;;;
260757;13;2;2015;20:43;0;RUA CAP ARAGAO;;;;;Queda;;;;Meio de Quadra;;;0;1;0;0;0;0;0;0;0;1;0;0;-38,513360;-3,764956;;;
260758;13;2;2015;21:20;25757;RUA PAULO RUBENS;RUA GAMA;;;;Colisão;;;;;;;0;1;1;1;0;1;0;0;0;0;0;0;;;;;
260759;13;2;2015;22:57;0;AV SEN FERNANDES TAVORA;;;;;Atropelamento;;;;Meio de Quadra;;;0;1;1;0;0;0;0;0;0;1;0;0;-38,585550;-3,760382;;;
260737;13;2;2015;09:24;0;AV PRS COSTA E SILVA;;;;JOSE WALTER;Colisão;Luz do Dia;;;Meio de Quadra;;;0;1;1;0;0;0;0;0;0;1;0;0;;;;;
260744;13;2;2015;13:15;0;AV N CJ JOSE WALTER;;;;;Colisão;Luz do Dia;;;Meio de Quadra;;;0;1;1;1;1;0;0;0;0;0;0;0;;;;;
260746;13;2;2015;13:38;2815;RUA MARIA JULIA;RUA DR FERNANDO AUGUSTO;;;;Colisão;Luz do Dia;;;Cruz;Pare;Residencial;0;1;1;0;0;0;0;0;0;0;0;0;-38,600388;-3,793971;;;
260747;13;2;2015;14:24;2755;RUA CEL VIRGILIO NOGUEIRA (BOM JARDIM);RUA BOM JESUS (GRANJA LISBOA);;;;Colisão;Luz do Dia;;;Cruz;Cancela;Misto;0;1;1;1;0;0;0;0;0;1;0;0;-38,609686;-3,791684;;;
253521;13;2;2015;10:15;0;RD BR 116;;;9000;KM-09;Colisão Traseira;Luz do Dia;Bom;Seca;Meio de Quadra;Não Há Controle;Comercial;0;0;2;1;0;0;0;0;0;0;0;0;-38,504865;-3,830837;;;
259962;13;2;2015;12:47;0;AV ANTONIO SALES;;;;;Colisão;Luz do Dia;;;Meio de Quadra;;;0;0;2;0;0;0;0;0;0;0;0;0;;;;;
259966;13;2;2015;13:55;0;AV BEZERRA DE MENEZES;;;1735;;Colisão;Luz do Dia;;;Meio de Quadra;;;0;0;2;0;0;0;0;0;0;0;0;0;-38,560083;-3,734751;;;
253535;14;2;2015;22:30;0;RD BR 222;;;;KM-02;Colisão Lateral;Via Iluminada;Nublado;Seca;Meio de Quadra;Não Há Controle;Comercial;0;0;2;1;0;0;0;0;0;0;0;0;-38,586880;-3,738951;;;
253547;14;2;2015;17:15;0;RD BR 222;;;;KM-03;Colisão Traseira;Anoitecer;Bom;Seca;Meio de Quadra;Não Há Controle;;0;0;3;1;1;0;0;0;0;0;0;0;-38,571997;-3,736999;;;
253564;14;2;2015;14:25;0;RD BR 222;;;;KM 00;Colisão Lateral;Luz do Dia;Bom;Seca;Meio de Quadra;Não Há Controle;Residencial;0;0;2;1;1;0;0;0;0;0;0;0;-38,569072;-3,736611;;;
264161;14;2;2015;08:07;0;RUA 02 UI;;;;;Choque c/ Obstáculo Fixo;Luz do Dia;;;Meio de Quadra;;;0;0;1;0;0;0;0;0;0;0;0;0;;;;;
264169;14;2;2015;21:19;0;RUA MARIA JULIA ROCHA;;;1608;;Colisão;;;;Meio de Quadra;;;0;0;2;0;0;0;0;0;0;0;0;0;-38,601817;-3,799008;;;
264170;14;2;2015;21:43;0;RUA PRO JOAQUIM ANTONIO;;;14;;Colisão;;;;Meio de Quadra;;;0;0;2;0;0;0;0;0;0;0;0;0;-38,565829;-3,720829;;;
264171;14;2;2015;21:55;0;RUA AMAZONAS;;;803;;Colisão;;;;Meio de Quadra;;;0;0;2;0;0;0;0;0;0;0;0;0;-38,563893;-3,753481;;;
264172;14;2;2015;22:22;5308;RUA FRANKLIN TAVORA;RUA VINTE E CINCO DE MARCO;;;;Colisão;;;;Cruz;Pare;Residencial;0;0;2;0;0;0;0;0;0;0;0;0;-38,522616;-3,729680;;;
264163;14;2;2015;13:36;0;RUA 5;;;193;;Colisão;Luz do Dia;;;Meio de Quadra;;;0;0;2;0;0;0;0;0;0;0;0;0;;;;;
264164;14;2;2015;16:22;10725;RUA NATAL;RUA PORTO ALEGRE;;;;Colisão;Luz do Dia;;;Cruz;Pare;Residencial;0;0;2;0;0;0;0;0;0;0;0;0;-38,591222;-3,759915;;;
264166;14;2;2015;17:43;0;RUA OSCARITO;;;;;Colisão;Anoitecer;;;Meio de Quadra;;;0;0;2;0;0;0;0;0;0;0;0;0;;;;;
264167;14;2;2015;18:51;0;AV MAJ ASSIS;;;2324;;Colisão;;;;Meio de Quadra;;;0;0;2;0;0;0;0;0;0;0;0;0;;;;;
258790;14;2;2015;12:00;0;RD CE-040;;;;KM-11;Colisão;Luz do Dia;;Seca;Meio de Quadra;;;0;0;3;1;0;0;0;0;0;0;0;0;-38,480252;-3,844873;;;
258791;14;2;2015;13:30;0;RD CE-040;;;;KM-10;Colisão;Luz do Dia;;Seca;Meio de Quadra;;;0;0;2;1;0;0;0;0;0;0;0;0;-38,480068;-3,838671;;;
253442;14;2;2015;07:42;0;RD BR 116;;;1000;KM-01;Outros;Luz do Dia;Bom;Seca;Meio de Quadra;Não Há Controle;;0;0;2;0;1;0;0;0;0;0;0;0;-38,518702;-3,762554;;;
268514;14;2;2015;07:00;1534;RUA MON CATAO;RUA EDUARDO GARCIA;;;;Colisão Transversal;Luz do Dia;;;Cruz;Pare;Residencial;0;1;1;1;0;0;0;0;0;1;0;0;-38,491196;-3,740726;;;
249012;14;2;2015;13:10;11777;RUA JACINTO MATOS;RUA PDE CONSTANTINO;;;;Colisão Lateral;Luz do Dia;Bom;Seca;Cruz;Não Há Controle;Residencial;0;0;2;1;0;0;0;0;0;0;0;0;-38,546479;-3,716277;;;
248847;14;2;2015;03:00;25942;AV SGT HERMINIO SAMPAIO;AV JOSE BASTOS;;;;Colisão Lateral;Via Iluminada;Bom;Seca;Cruz;Semáforo;Residencial;0;1;1;1;0;0;0;0;0;1;0;0;-38,545900;-3,724690;;;
248861;14;2;2015;18:00;9097;RUA CEL PERGENTINO FERREIRA;RUA LAURO MAIA;;;;Colisão Transversal;Luz do Dia;Bom;Seca;Cruz;Semáforo;Comercial;0;1;2;1;0;0;0;0;0;0;0;0;-38,522736;-3,748036;;;
248865;14;2;2015;22:10;11339;AV GODOFREDO MACIEL;AV BENJAMIM BRASIL;;;;Colisão Transversal;Via Iluminada;Bom;Seca;Cruz;Semáforo Intermitente;Comercial;0;1;1;1;0;0;0;0;0;0;0;0;-38,572040;-3,803264;;;
248869;14;2;2015;07:30;5130;RUA CASTRO E SILVA;RUA FLORIANO PEIXOTO;;;;Colisão Lateral;Luz do Dia;Bom;Seca;Cruz;Pare;Comercial;0;1;1;1;0;0;0;0;0;0;0;0;-38,526110;-3,724272;;;
248870;14;2;2015;21:00;14744;RUA JULIO MACIEL (MANUEL SATIRO);RUA MANUEL DA NOBREGA;;;;Colisão Transversal;Via Iluminada;Bom;Seca;Cruz;Não Há Controle;Residencial;0;1;1;1;0;0;0;0;0;1;0;0;-38,583882;-3,797192;;;
248857;14;2;2015;05:40;26224;RUA MARIA JULIA ROCHA;RUA BOM JESUS (GRANJA LISBOA);;;;Colisão Lateral;Luz do Dia;Bom;Seca;;;;0;2;0;0;0;0;0;0;0;1;0;0;;;;;
248858;14;2;2015;20:52;5099;AV TRISTAO GONCALVES;RUA SEN ALENCAR;;;;Colisão;Via Iluminada;Bom;Seca;Cruz;Pare;Comercial;0;1;1;0;1;0;0;0;0;1;0;0;-38,532122;-3,723524;;;
248851;14;2;2015;17:45;5077;AV MON TABOSA;AV PRS CASTELO BRANCO;;;;Choque c/ Obstáculo Fixo;Anoitecer;Bom;Seca;Cruz;Semáforo;Comercial;0;0;1;0;0;0;1;0;0;0;0;0;-38,523857;-3,722425;;;
248844;14;2;2015;05:15;0;AV SEN VIRGILIO TAVORA;;;1461;;Choque c/ Obstáculo Fixo;Via Iluminada;Bom;Seca;Meio de Quadra;Não Há Controle;Comercial;1;1;0;1;0;0;0;0;0;0;0;0;-38,493820;-3,738889;;;
248845;14;2;2015;06:30;3233;RUA EMILIO DE MENESES;RUA ARACA;;;;Colisão Transversal;Luz do Dia;Bom;Seca;Cruz;Pare;Comercial;0;2;1;0;0;0;0;0;0;1;0;0;-38,584038;-3,782708;;;
248842;14;2;2015;13:00;0;RUA CACILDA BECKER;;;436;;Colisão Transversal;;Bom;Seca;Outros;Outros;Comercial;0;1;1;1;0;0;0;0;0;1;0;0;-38,589056;-3,771530;;;
248838;14;2;2015;21:50;0;AV ABOLICAO;;;3090;;Colisão Traseira;Via Iluminada;Bom;Seca;Meio de Quadra;Semáforo;Comercial;0;0;2;1;0;0;0;0;0;0;0;0;-38,491371;-3,726692;;;
248839;14;2;2015;13:20;19599;RUA NEREU RAMOS;RUA MONACO;;;;Colisão Lateral;Luz do Dia;Bom;Seca;Cruz;Pare;Comercial;0;0;2;1;0;0;0;0;0;0;0;0;-38,569609;-3,786229;;;