COD_ACIDENTE;DIA;MES;ANO;HORA;INTERSECAO;LOG1;LOG2;LOG3;NUMERO;REFERENCIA;NATUREZA;ILUMINACAO;TEMPO;SUPERFICIEPISTA;TIPOCRUZAMENTO;CONTROLETRAFEGO;USOSOLO;MORTOS;FERIDOS;ILESOS;AUTOMOVEL;ONIBUS;BICICLETA;CAMINHAO;MICROONIBUS;CICLOMOTOR;MOTOCICLETA;TRACAOANIMAL;TREM;LONG;LAT;;;
248877;14;2;2015;10:10;15196;RUA DEP MOREIRA DA ROCHA;RUA BAR ARACATI;;;;Colisão Traseira;Luz do Dia;Bom;Seca;Cruz;Pare;Residencial;0;0;2;1;0;0;0;0;0;0;0;0;-38,509905;-3,726543;;;
248878;14;2;2015;15:45;0;RUA PEDRO CAMELO;;;1201;;Choque c/ Obstáculo Fixo;Luz do Dia;Bom;Seca;Meio de Quadra;;Residencial;0;1;1;1;0;0;0;0;0;0;0;0;;;;;
248875;14;2;2015;16:00;17605;RUA MARANHAO;RUA ACRE;;;;Colisão Lateral;Luz do Dia;Bom;Seca;Cruz;;Residencial;0;0;2;1;0;0;0;0;0;0;0;0;-38,563292;-3,757241;;;
260828;14;2;2015;03:05;0;RUA PDE MORORO;;;;;Colisão;;;;Meio de Quadra;;;0;1;1;0;0;0;0;0;0;0;0;0;-38,536142;-3,721150;;;
260833;14;2;2015;06:40;0;AV 2 LT ARVOREDO;;;;;Choque c/ Obstáculo Fixo;Luz do Dia;;;Meio de Quadra;;;0;1;0;1;0;0;0;0;0;0;0;0;;;;;
260836;14;2;2015;07:51;12699;AV CEL CARVALHO;AV MAJ ASSIS;;;;Colisão;Luz do Dia;;;Cruz;Semáforo;Residencial;0;1;1;1;0;0;0;0;0;1;0;0;-38,586255;-3,723796;;;
260845;14;2;2015;08:10;15738;RUA JOSE BELCHIOR;RUA INACIO ORIA;;;;Colisão;Luz do Dia;;;Cruz;Pare;Residencial;0;1;0;0;0;0;0;0;0;1;0;0;-38,483978;-3,828791;;;
260847;14;2;2015;09:26;0;RUA CEL FABRICIANO;;;;;Colisão;Luz do Dia;;;Meio de Quadra;;;0;1;1;1;0;0;0;0;0;1;0;0;-38,616735;-3,780316;;;
260849;14;2;2015;10:45;18445;AV SGT HERMINIO SAMPAIO;RUA PDE MAXIMO FEITOSA;;;;Colisão;Luz do Dia;;;Cruz;Pare;Comercial;0;1;1;1;0;0;0;0;0;1;0;0;-38,574930;-3,729827;;;
260850;14;2;2015;10:54;0;AV DR SILAS MUNGUBA;;;;;Colisão;Luz do Dia;;;Meio de Quadra;;;0;1;1;1;0;0;0;0;0;1;0;0;;;;;
260852;14;2;2015;11:59;0;RUA OSCAR ARARIPE;;;;;Colisão;Luz do Dia;;;Meio de Quadra;;;0;1;1;0;0;0;0;0;0;0;0;0;-38,602695;-3,790117;;;
260855;14;2;2015;13:39;0;AV PRS CASTELO BRANCO;;;;;Queda;Luz do Dia;;;Meio de Quadra;;;0;1;0;0;0;0;0;0;0;1;0;0;;;;;
260856;14;2;2015;16:08;0;RUA CAP BRASIL;;;;;Queda;Luz do Dia;;;Meio de Quadra;;;0;1;0;0;0;0;0;0;0;1;0;0;;;;;
260858;14;2;2015;16:51;10778;RUA CUIABA;RUA STA FILOMENA;;;;Colisão;Luz do Dia;;;;;;0;1;1;1;0;0;0;0;0;1;0;0;-38,591629;-3,762204;;;
260861;14;2;2015;17:32;0;RUA TEODORO DE CASTRO;;;;;Queda;Anoitecer;;;Meio de Quadra;;;0;1;0;0;0;0;0;0;0;1;0;0;-38,609191;-3,778601;;;
260862;14;2;2015;20:15;9567;RUA SGT JOAO PINHEIRO;RUA CEL FABRICIANO;;;;Colisão;;;;Cruz;Não Há Controle;Residencial;0;1;1;1;0;0;0;0;0;1;0;0;-38,621724;-3,778965;;;
260863;14;2;2015;21:01;2962;RUA MARIA JULIA;RUA PEDRO MARTINS;;;;Colisão;;;;Cruz;Gesto;Comercial;0;1;1;1;0;0;0;0;0;1;0;0;-38,601929;-3,799245;;;
260864;14;2;2015;21:48;0;RUA DR HUGO ROCHA;;;;;Colisão;;;;Meio de Quadra;;;0;1;1;1;0;0;0;0;0;1;0;0;-38,570431;-3,716751;;;
260865;14;2;2015;21:56;0;AV JOR THOMAZ COELHO;;;;;Colisão;;;;Meio de Quadra;;;0;1;1;0;0;0;0;0;0;0;0;0;;;;;
260866;14;2;2015;23:05;0;RUA RAIMUNDO PINHEIRO;RUA JOAO VINTE TRES;;;;Colisão;;;;;;;0;1;1;0;0;0;0;0;0;1;0;0;;;;;
260867;14;2;2015;23:08;0;RUA JOR ANTONIO P TAVARES;;;;;Colisão;;;;Meio de Quadra;;;0;1;1;0;0;0;0;0;0;1;0;0;-38,507226;-3,813683;;;
260868;14;2;2015;23:17;0;RUA CON DE CASTRO;;;;;Colisão;;;;Meio de Quadra;;;0;1;1;0;0;0;0;0;0;1;0;0;;;;;
260875;15;2;2015;01:33;0;RUA DR THOMPSON BULCAO;;;;;Queda;;;;Meio de Quadra;;;0;1;0;0;0;1;0;0;0;0;0;0;;;;;
260876;15;2;2015;08:08;0;AV CONTORNO (CASTELÃO);;;;;Colisão;Luz do Dia;;;Meio de Quadra;;;0;1;1;0;0;0;0;0;0;0;0;0;;;;;
260878;15;2;2015;09:55;0;AV SEN FERNANDES TAVORA;;;;;Colisão;Luz do Dia;;;Meio de Quadra;;;0;1;1;1;0;0;0;0;0;1;0;0;;;;;
260892;15;2;2015;11:08;0;AV PRS COSTA E SILVA;;;;;Colisão;Luz do Dia;;;Meio de Quadra;;;0;1;1;0;0;0;0;0;0;1;0;0;;;;;
260893;15;2;2015;12:13;0;AV CASTELO DE CASTRO;;;;;Colisão;Luz do Dia;;;Meio de Quadra;;;0;1;1;1;0;0;0;0;0;1;0;0;;;;;
260895;15;2;2015;13:37;0;AV C CJ CEARA;;;;;Colisão;Luz do Dia;;;Meio de Quadra;;;0;1;0;0;0;0;0;0;0;1;0;0;-38,616439;-3,775552;;;
260903;15;2;2015;16:37;0;AV DIOGUINHO;;;;;Colisão;Luz do Dia;;;Meio de Quadra;;;0;1;0;0;0;0;0;0;0;1;0;0;-38,445893;-3,756047;;;
260904;15;2;2015;17:18;0;AV ROGACIANO LEITE;;;;;Colisão;Anoitecer;;;Meio de Quadra;;;0;1;1;0;0;0;0;0;0;1;0;0;-38,499854;-3,774929;;;
260905;15;2;2015;17:43;0;RUA PENSAMENTO;;;;;Queda;Anoitecer;;;Meio de Quadra;;;0;1;0;0;0;0;0;0;0;1;0;0;-38,526574;-3,844252;;;
260907;15;2;2015;18:29;0;RUA EMILIO DE MENESES;;;;;Colisão;Anoitecer;;;Meio de Quadra;;;0;1;1;1;0;0;0;0;0;1;0;0;;;;;
260908;15;2;2015;19:28;0;RUA DR ZELITO PAMPLONA;AV DIOGUINHO;;;;Colisão;;;;;;;0;1;1;0;0;0;0;0;0;0;0;0;;;;;
260909;15;2;2015;20:15;2955;RUA MARIA JULIA;RUA SAO FRANCISCO D21;;;;Colisão;;;;Cruz;Pare;Comercial;0;1;1;1;0;0;0;0;0;1;0;0;-38,601633;-3,798608;;;
260910;15;2;2015;22:03;6817;RUA FRANCISCO MATOS;RUA BENTO ALBUQUERQUE;;;;Colisão;;;;Cruz;Pare;Residencial;0;1;0;1;0;0;0;0;0;0;0;0;-38,470436;-3,747862;;;
248874;15;2;2015;19:30;22840;RUA DR JUSTA ARAUJO D45;RUA GALILEU;;;;Colisão Lateral;Mal Iluminada;Bom;Seca;Cruz;Pare;Residencial;0;1;1;1;0;0;0;0;0;0;0;0;-38,550424;-3,777127;;;
248872;15;2;2015;23:10;15289;AV DES MOREIRA;RUA ANA BILHAR;;;;Choque c/ Obstáculo Fixo;Via Iluminada;Bom;Seca;Cruz;Semáforo;Misto;0;0;1;1;0;0;0;0;0;0;0;0;-38,496113;-3,729331;;;
248866;15;2;2015;18:40;0;RUA POMPILIO GOMES;;;839;;Colisão Traseira;Via Iluminada;Bom;Seca;Meio de Quadra;Pare;Residencial;0;0;2;1;0;0;0;0;0;0;0;0;;;;;
248862;15;2;2015;02:00;0;AV PRO JOSE ARTHUR CARVALHO;;;2200;;Colisão Transversal;Via Iluminada;Bom;Seca;Meio de Quadra;Não Há Controle;Comercial;0;0;2;1;0;0;0;0;0;0;0;0;-38,459699;-3,824586;;;
249024;15;2;2015;09:30;0;RUA DO CONTORNO UI 302;;;;;Colisão Transversal;Luz do Dia;Nublado;Seca;Meio de Quadra;Pare;Comercial;0;1;1;1;0;0;0;0;0;1;0;0;;;;;
249026;15;2;2015;13:00;1242;RUA COSTA BARROS;RUA DR JOSE LOURENCO;;;;Colisão Transversal;Luz do Dia;Nublado;Seca;Cruz;Pare;Comercial;0;2;0;1;0;0;0;0;0;0;0;0;-38,506927;-3,731870;;;
248887;15;2;2015;19:30;3809;AV CARAPINIMA;RUA PDE FRANCISCO PINTO;;;;Colisão Transversal;Via Iluminada;Bom;Seca;Cruz;Outros;Residencial;0;0;2;1;1;0;0;0;0;0;0;0;-38,541958;-3,741723;;;
248888;15;2;2015;06:00;6737;AV ENG SANTANA JUNIOR;AV PDE ANTONIO TOMAS;;;;Colisão Transversal;Luz do Dia;Nublado;Seca;Cruz;Semáforo;Comercial;0;0;2;1;0;0;0;0;0;0;0;0;-38,488012;-3,743981;;;
248884;15;2;2015;22:00;6817;RUA BENTO ALBUQUERQUE;RUA FRANCISCO MATOS;;;;Colisão Lateral;Via Iluminada;Bom;Seca;Cruz;Pare;Residencial;0;0;2;1;0;0;0;0;0;0;0;0;-38,470436;-3,747862;;;
248932;15;2;2015;20:00;5188;RUA NOGUEIRA ACIOLI;RUA TEN BENEVOLO;;;;Colisão Lateral;Via Iluminada;Bom;Seca;Cruz;Pare;Comercial;0;0;2;1;0;0;0;0;0;0;0;0;-38,515591;-3,725858;;;
248929;15;2;2015;14:20;0;RUA AUDISIO PINHEIRO;;;1837;;Choque c/ Obstáculo Fixo;Luz do Dia;Bom;Seca;Meio de Quadra;Não Há Controle;Residencial;0;1;0;0;0;0;0;0;0;0;0;0;-38,593058;-3,766738;;;
248971;15;2;2015;04:20;12403;AV SEN FERNANDES TAVORA;RUA ERNESTO PEDRO SANTOS;;;;Choque c/ Obstáculo Fixo;Luz do Dia;Bom;Seca;Cruz;Pare;Residencial;0;0;1;1;0;0;0;0;0;0;0;0;-38,577396;-3,764729;;;
248974;15;2;2015;18:00;19994;RUA DES OTACILIO PEIXOTO;RUA ARMANDO LOUZADA;;;;Colisão Lateral;Anoitecer;Bom;Seca;Cruz;Pare;Residencial;0;0;2;1;0;0;0;0;0;0;0;0;-38,537101;-3,800143;;;
249001;15;2;2015;00:50;15820;AV JOR THOMAZ COELHO;RUA GRANJA CASTELO;;;;Colisão Transversal;Via Iluminada;Bom;Seca;T;Semáforo;Comercial;0;1;1;0;1;0;0;0;1;0;0;0;-38,500218;-3,832383;;;
249004;15;2;2015;18:10;0;RUA DELMIRO GOUVEIA;;;1378;;Colisão Lateral;Anoitecer;Bom;Seca;Meio de Quadra;Não Há Controle;Residencial;0;0;2;1;0;0;0;0;0;0;0;0;-38,487935;-3,739525;;;
249009;15;2;2015;;4668;RUA CRISANTO M DA ROCHA;RUA CARRAPICHO;;;;Colisão Transversal;Via Iluminada;Bom;Seca;;Não Há Controle;Residencial;0;3;0;0;0;0;0;0;0;1;0;0;-38,482722;-3,807069;;;
258792;15;2;2015;14:50;0;RD CE-040;;;;KM-07;Colisão;Luz do Dia;;Seca;Meio de Quadra;;;0;0;2;1;0;0;0;0;0;0;0;0;-38,483160;-3,817953;;;
264173;15;2;2015;08:54;0;RUA OSCAR ARARIPE;;;2825;;Colisão;Luz do Dia;;;Meio de Quadra;;;0;0;2;0;0;0;0;0;0;0;0;0;-38,615977;-3,785855;;;
264174;15;2;2015;06:26;0;RUA PDE PEDRO DE ALENCAR;;;;;Choque c/ Obstáculo Fixo;Luz do Dia;;;Meio de Quadra;;;0;0;1;0;0;0;0;0;0;0;0;0;;;;;
264175;15;2;2015;07:34;0;AV PRO JOSE ARTHUR CARVALHO;;;;;Colisão;Luz do Dia;;;Meio de Quadra;;;0;0;2;0;0;0;0;0;0;0;0;0;;;;;
264214;15;2;2015;09:29;0;RUA MIGUEL GURGEL;;;;;Colisão;Luz do Dia;;;Meio de Quadra;;;0;0;2;0;0;0;0;0;0;0;0;0;;;;;
264215;15;2;2015;11:15;0;AV JOR THOMAZ COELHO;;;5287;;Colisão;Luz do Dia;;;Meio de Quadra;;;0;0;2;0;0;0;0;0;0;0;0;0;;;;;
264216;15;2;2015;11:17;25959;RUA COLETORA A (MONDUBIM);RUA 1 UI 512;;;;Colisão;Luz do Dia;;;Cruz;Não Há Controle;Rural;0;0;2;0;0;0;0;0;0;0;0;0;;;;;
264217;15;2;2015;13:02;0;AV PRS CASTELO BRANCO;;;1600;;Colisão;Luz do Dia;;;Meio de Quadra;;;0;0;2;0;0;0;0;0;0;0;0;0;;;;;
264218;15;2;2015;13:17;9571;RUA 23 DE JUNHO;RUA JOSE TORRES;;;;Colisão;Luz do Dia;;;Cruz;Não Há Controle;Misto;0;0;2;0;0;0;0;0;0;0;0;0;-38,607818;-3,781979;;;
264219;15;2;2015;15:55;0;AV COSTA OESTE;;;;;Colisão;Luz do Dia;;;Meio de Quadra;;;0;0;2;0;0;0;0;0;0;0;0;0;;;;;
264220;15;2;2015;19:05;25345;RUA PORTO VELHO;RUA VITORIA (AV. PERIMETRAL);;;;Colisão;;;;Cruz;Semáforo;Residencial;0;0;2;0;0;0;0;0;0;0;0;0;-38,588528;-3,765170;;;
264221;15;2;2015;19:31;0;RUA CRISTAIS PAULISTA;;;;;Colisão;;;;Meio de Quadra;;;0;0;2;0;0;0;0;0;0;0;0;0;;;;;
264222;15;2;2015;19:41;0;RUA PDE PEDRO DE ALENCAR;;;1091;;Colisão;;;;Meio de Quadra;;;0;0;2;0;0;0;0;0;0;0;0;0;-38,494171;-3,837197;;;
264223;15;2;2015;19:58;0;AV CEL CARVALHO;;;195;;Colisão;;;;Meio de Quadra;;;0;0;2;0;0;0;0;0;0;0;0;0;-38,591234;-3,704688;;;
260390;15;2;2015;13:02;0;RUA ALVES BATISTA;;;;;Colisão;Luz do Dia;;;;;;0;0;2;1;0;0;0;0;0;0;0;0;;;;;
260353;15;2;2015;12:02;0;RUA MARIA GOMES DE SA;;;;;Colisão;Luz do Dia;;;Meio de Quadra;;;0;0;2;0;0;0;0;0;0;0;0;0;;;;;
259967;15;2;2015;09:05;0;RUA OSCAR ARARIPE;;;388223;;;Luz do Dia;;;Meio de Quadra;;;0;0;2;1;0;0;0;0;0;0;0;0;;;;;
260393;16;2;2015;11:13;14870;RUA WALDIR DIOGO;RUA ALFREDO MAMEDE;;;;Colisão;Luz do Dia;;;Cruz;Semáforo;Residencial;0;0;2;1;0;0;1;0;0;0;0;0;-38,580084;-3,807367;;;
264224;16;2;2015;16:27;0;AV PRS CASTELO BRANCO;;;;;Atropelamento;Luz do Dia;;;Meio de Quadra;;;0;0;2;0;0;0;0;0;0;0;0;0;;;;;
264225;16;2;2015;20:23;0;AV PRS CASTELO BRANCO;;;1084;;Colisão;;;;Meio de Quadra;;;0;0;2;0;0;0;0;0;0;0;0;0;;;;;
264226;16;2;2015;21:24;0;AV RECREIO D64;;;900;;Queda;;;;Meio de Quadra;;;0;0;1;0;0;0;0;0;0;1;0;0;-38,449651;-3,813436;;;
264227;16;2;2015;22:12;15169;AV BEIRA MAR;RUA JOAQUIM NABUCO;;;;Colisão;;;;T;Pare;Outros;0;0;2;0;0;0;0;0;0;0;0;0;-38,498120;-3,725387;;;
264228;16;2;2015;22:40;15306;RUA LEONARDO MOTA;RUA ANA BILHAR;;;;Colisão;;;;Cruz;Semáforo;Residencial;0;0;2;0;0;0;0;0;0;0;0;0;-38,494191;-3,729944;;;
264229;16;2;2015;23:31;0;RUA FRANCISCA N RAMOS;;;266;;Choque c/ Obstáculo Fixo;;;;Meio de Quadra;;;0;0;1;0;0;0;0;0;0;0;0;0;-38,503895;-3,807000;;;
258794;16;2;2015;12:30;0;AV SEN CARLOS JEREISSATI (AEROPORTO);;;;KM 01;Colisão;Luz do Dia;;Seca;Meio de Quadra;;;0;0;2;1;0;0;1;0;0;0;0;0;-38,520356;-3,783803;;;
258795;16;2;2015;18:45;0;RD CE-040;;;;KM-08;;;;Seca;Meio de Quadra;;;0;1;1;1;0;0;0;0;0;1;0;0;-38,481317;-3,823332;;;
248997;16;2;2015;20:15;0;AV DR SILAS MUNGUBA;;;;;Colisão Traseira;Via Iluminada;Bom;Seca;Meio de Quadra;;Residencial;0;0;3;1;0;0;0;0;0;0;0;0;;;;;
248882;16;2;2015;03:30;24347;AV LUCIANO CARNEIRO;RUA DES PRAXEDES;;;;Colisão;Amanhecer;Bom;Seca;Cruz;Semáforo;Misto;1;2;0;0;0;0;0;0;0;1;0;0;-38,536679;-3,764934;;;
253461;16;2;2015;16:30;0;RD BR 116;;;3000;KM-03;Colisão Lateral;Luz do Dia;Bom;Seca;Meio de Quadra;Não Há Controle;Comercial;0;0;2;1;0;0;1;0;0;0;0;0;-38,514372;-3,779838;;;
248863;16;2;2015;01:30;3820;AV 13 DE MAIO;AV CARAPINIMA;;;;Colisão Transversal;Via Iluminada;Bom;Seca;Cruz;Semáforo;Comercial;0;1;1;1;0;0;0;0;0;1;0;0;-38,540239;-3,740001;;;
248864;16;2;2015;22:30;3901;AV EDUARDO GIRAO;RUA JORGE DUMAR;;;;Colisão Transversal;Via Iluminada;Bom;Seca;Cruz;Semáforo;Comercial;0;0;2;1;0;0;0;0;0;0;0;0;-38,538695;-3,749691;;;
248860;16;2;2015;18:30;0;AV 13 DE MAIO;;;2660;;Choque c/ Obstáculo Fixo;Via Iluminada;Bom;Seca;Meio de Quadra;;Escola;0;0;1;1;0;0;0;0;0;0;0;0;-38,538984;-3,741067;;;
248867;16;2;2015;01:20;0;RUA JOAO CARVALHO;;;897;;Choque c/ Obstáculo Fixo;Via Iluminada;Bom;Seca;Meio de Quadra;Não Há Controle;Residencial;0;0;1;1;0;0;0;0;0;0;0;0;-38,504422;-3,738644;;;
248868;16;2;2015;20:40;12925;AV AGUANAMBI;AV DOMINGOS OLIMPIO;;;;Colisão Traseira;Via Iluminada;Bom;Seca;Cruz;Semáforo;Comercial;0;0;2;1;0;0;0;0;0;0;0;0;-38,524628;-3,738683;;;
248873;16;2;2015;15:50;0;AV DIOGUINHO;;;5830;;Atropelamento;Luz do Dia;Bom;Seca;Meio de Quadra;;Comercial;0;2;0;0;0;0;0;0;0;1;0;0;-38,441634;-3,764765;;;
248871;16;2;2015;12:30;5450;RUA ANTONIO POMPEU;RUA MAJ FACUNDO;;;;Colisão Transversal;Luz do Dia;Bom;Seca;Cruz;Pare;Comercial;0;0;2;0;0;0;0;0;0;0;0;0;-38,530216;-3,734923;;;
248876;16;2;2015;08:30;12818;RUA ALBERTO MAGNO;RUA ANDRE CHAVES;;;;Queda;Luz do Dia;Nublado;Seca;Cruz;Pare;Comercial;0;1;1;1;0;0;0;0;0;1;0;0;-38,542230;-3,756035;;;
248879;16;2;2015;13:50;7975;RUA CARLOS CAMARA;RUA ALVARO MARTINS;;;;Colisão Transversal;Luz do Dia;Bom;Seca;Cruz;Pare;Residencial;0;0;3;1;0;0;0;1;0;0;0;0;-38,543554;-3,747550;;;
248880;16;2;2015;11:30;11057;AV DR SILAS MUNGUBA;AV DOS EXPEDICIONARIOS;;;;Colisão Traseira;Luz do Dia;Bom;Seca;Cruz;Semáforo;Misto;0;0;2;1;0;0;0;0;0;0;0;0;-38,547960;-3,787538;;;
260923;16;2;2015;01:35;0;AV I CJ CEARA;;;;;Queda;;;;Meio de Quadra;;;0;1;0;0;0;0;0;0;0;1;0;0;;;;;
260947;16;2;2015;23:13;0;RUA 202 B CJ CEARA;;;;;Colisão;;;;Meio de Quadra;;;0;1;1;0;0;0;0;0;0;1;0;0;-38,608458;-3,766580;;;
260942;16;2;2015;06:14;0;AV GAL OSORIO DE PAIVA;;;;;Queda;Luz do Dia;;;Meio de Quadra;;;0;1;0;0;0;0;0;0;0;1;0;0;-38,610780;-3,813718;;;
260943;16;2;2015;14:53;0;AV OLIVEIRA PAIVA;;;;;Colisão;Luz do Dia;;;Meio de Quadra;;;0;1;1;1;0;0;0;0;0;1;0;0;;;;;
260944;16;2;2015;20:51;0;AV OLIVEIRA PAIVA;;;;;Queda;;;;Meio de Quadra;;;0;1;0;0;0;0;0;0;0;1;0;0;-38,500575;-3,797419;;;
260945;16;2;2015;20:59;0;RUA NOSSA SRA DAS GRACAS;;;1146;;Atropelamento;;;;Meio de Quadra;;;0;1;1;0;0;0;0;0;0;1;0;0;-38,560203;-3,708142;;;
260948;17;2;2015;06:13;0;AV DA UNIVERSIDADE;;;;;Colisão;Luz do Dia;;;Meio de Quadra;;;0;1;1;0;0;0;0;0;0;0;0;0;-38,541606;-3,743710;;;
260949;17;2;2015;06:53;0;AV BEZERRA DE MENEZES;;;;;Colisão;Luz do Dia;;;Meio de Quadra;;;0;1;0;0;0;0;0;0;0;0;0;0;;;;;
260950;17;2;2015;13:36;0;RUA JOAO GENTIL;;;;;Queda;Luz do Dia;;;Meio de Quadra;;;0;1;0;0;0;0;0;0;0;1;0;0;-38,539816;-3,745748;;;
260951;17;2;2015;14:21;3328;RUA MARIO DE ANDRADE;RUA URUGUAI;;;;Colisão;Luz do Dia;;;;;;0;1;1;1;0;0;0;0;0;1;0;0;-38,563832;-3,748673;;;
260952;17;2;2015;16:39;0;RUA PRO EDGAR DE ARRUDA;;;;;Queda;Luz do Dia;;;Meio de Quadra;;;0;1;0;0;0;0;0;0;0;1;0;0;;;;;
260953;17;2;2015;17:00;0;AV MAJ ASSIS;;;;;Queda;Anoitecer;;;Meio de Quadra;;;0;1;0;0;0;0;0;0;0;1;0;0;-38,583694;-3,724020;;;
260954;17;2;2015;17:53;0;AV JOR THOMAZ COELHO;;;;;Queda;Anoitecer;;;Meio de Quadra;;;0;1;0;0;0;0;0;0;0;1;0;0;-38,509057;-3,829923;;;
260955;17;2;2015;19:08;0;AV MIN JOSE AMERICO;;;;;Queda;;;;Meio de Quadra;;;0;1;0;0;0;0;0;0;0;1;0;0;-38,497411;-3,811959;;;
260956;17;2;2015;19:22;0;RUA BERNARDO MANUEL;;;;;Colisão;;;;Meio de Quadra;;;0;1;1;1;0;0;0;0;0;1;0;0;-38,552986;-3,803967;;;
260957;17;2;2015;19:48;0;RUA 101 CJ ESPERANCA;;;;;Colisão;;;;Meio de Quadra;;;0;1;0;0;0;0;1;0;0;1;0;0;;;;;
260958;17;2;2015;19:57;0;RUA 1032 CJ CEARA;;;;;Colisão;;;;Meio de Quadra;;;0;1;1;0;0;0;0;0;0;0;0;0;;;;;
260959;17;2;2015;20:12;7333;RUA COS ARAUJO LIMA;RUA FRANCISCO BENTO;;;;Queda;;;;;;;0;1;0;0;0;0;0;0;0;1;0;0;;;;;
260960;17;2;2015;20:33;24913;AV MOZART PINHEIRO DE LUCENA;AV DA INDEPENDENCIA;;;;Colisão;;;;Cruz;Semáforo Intermitente;Misto;0;1;1;0;0;0;0;0;0;0;0;0;-38,597615;-3,724957;;;
248881;17;2;2015;09:30;0;AV ENG ALBERTO SA;;;1111;;Colisão Transversal;Luz do Dia;Bom;Seca;Meio de Quadra;Não Há Controle;Comercial;0;0;2;0;0;0;0;0;0;0;0;0;-38,473066;-3,735338;;;
248883;17;2;2015;06:30;3856;AV DA UNIVERSIDADE;RUA PDE FRANCISCO PINTO;;;;Colisão Transversal;Luz do Dia;Nublado;Seca;Cruz;Semáforo;Comercial;0;1;1;0;0;0;0;1;0;1;0;0;-38,540777;-3,742799;;;
248889;17;2;2015;14:30;15158;RUA JOSE NAPOLEAO;AV BEIRA MAR;;;;Colisão Traseira;Luz do Dia;Nublado;Molhada;T;Pare;Residencial;0;0;2;1;0;0;0;0;0;0;0;0;-38,490598;-3,724949;;;
248890;17;2;2015;14:35;15571;AV FRE CIRILO;RUA LEONCIO TABOSA;;;;Colisão Traseira;Luz do Dia;Nublado;Molhada;Cruz;Semáforo;Residencial;0;0;2;1;0;0;0;0;0;0;0;0;-38,495262;-3,822257;;;
248891;17;2;2015;12:10;0;AV BEZERRA DE MENEZES;;;1001;;Colisão Traseira;Luz do Dia;Chuva;Molhada;Meio de Quadra;Não Há Controle;Misto;0;0;2;1;0;0;0;1;0;0;0;0;-38,554018;-3,733521;;;
248886;17;2;2015;11:40;5462;RUA SOLON PINHEIRO;RUA ANTONIO POMPEU;;;;Colisão Lateral;Luz do Dia;Nublado;Seca;Cruz;Semáforo;Comercial;0;0;2;1;1;0;0;0;0;0;0;0;-38,528028;-3,735609;;;
248906;17;2;2015;;0;AV PRO GOMES DE MATOS;;;278;;Colisão Traseira;Luz do Dia;Chuva;Molhada;Meio de Quadra;Semáforo;Comercial;0;0;2;1;0;0;0;0;0;0;0;0;-38,541682;-3,756569;;;
248907;17;2;2015;17:00;0;RUA PORTO VELHO;;;1374;;Colisão Traseira;Luz do Dia;Nublado;Seca;Meio de Quadra;Não Há Controle;Residencial;0;0;2;1;0;0;0;0;0;0;0;0;-38,590799;-3,763929;;;
248910;17;2;2015;20:50;0;AV ALM HENRIQUE SABOIA;;;;;Engavetamento;Via Iluminada;Bom;Seca;Meio de Quadra;Não Há Controle;Residencial;0;0;3;1;0;0;0;0;0;0;0;0;;;;;
248894;17;2;2015;00:05;19328;RUA EDUARDO PERDIGAO;RUA CON DE CASTRO;;;;Colisão Transversal;Via Iluminada;Bom;Seca;Cruz;Outros;Comercial;0;0;2;1;0;0;0;0;0;0;0;0;-38,564769;-3,775579;;;
248895;17;2;2015;12:10;0;RUA SEN ALENCAR;;;1649;;Colisão Lateral;;Nublado;Seca;Meio de Quadra;;Residencial;0;0;2;1;0;0;0;0;0;0;0;0;-38,540024;-3,721035;;;
248896;17;2;2015;18:40;12483;AV AUGUSTO DOS ANJOS;RUA DES GOMES PARENTE;;;;Colisão Lateral;Via Iluminada;Chuva;Molhada;Cruz;Pare;Residencial;0;0;2;1;0;0;0;0;0;0;0;0;-38,574025;-3,774371;;;
248897;17;2;2015;15:00;0;RUA BAR ARACATI;;;1685;;Outros;Luz do Dia;Nublado;Seca;Outros;Não Há Controle;Comercial;0;0;2;1;0;0;0;0;0;0;0;0;-38,513167;-3,736760;;;
248900;17;2;2015;12:20;15114;AV HIS RAIMUNDO GIRAO;RUA CAMOCIM;;;;Colisão Traseira;;Bom;Seca;T;;Residencial;0;0;2;1;0;0;0;0;0;0;0;0;-38,506776;-3,722904;;;
248901;17;2;2015;17:00;1558;AV BAR STUDART;RUA PDE VALDEVINO;;;;Colisão Transversal;Anoitecer;Bom;Seca;Cruz;Não Há Controle;Comercial;0;0;2;1;0;0;0;0;0;0;0;0;-38,508855;-3,741641;;;
248902;17;2;2015;20:20;20005;AV DR SILAS MUNGUBA;RUA DES OTACILIO PEIXOTO;;;;Colisão Frontal;Via Iluminada;Bom;Seca;T;Não Há Controle;Comercial;0;3;0;0;0;0;0;0;0;1;0;0;-38,530329;-3,800419;;;
248903;17;2;2015;19:00;15139;AV MON TABOSA;RUA BAR ARACATI;;;;Colisão Transversal;Via Iluminada;Bom;Seca;Cruz;Pare;Residencial;0;0;2;1;0;0;0;0;0;1;0;0;-38,509158;-3,724226;;;
248922;17;2;2015;;7752;AV JOAO PESSOA;AV CARNEIRO DE MENDONCA;;;;Colisão Traseira;Luz do Dia;Chuva;Molhada;Cruz;Semáforo;Misto;0;0;2;1;0;0;0;0;0;0;0;0;-38,559808;-3,767222;;;
258796;17;2;2015;09:10;0;RD CE-040;;;;KM-10;Colisão;Luz do Dia;;Seca;Meio de Quadra;;;0;0;2;1;0;0;0;0;0;0;0;0;-38,480068;-3,838671;;;