COD_ACIDENTE;DIA;MES;ANO;HORA;INTERSECAO;LOG1;LOG2;LOG3;NUMERO;REFERENCIA;NATUREZA;ILUMINACAO;TEMPO;SUPERFICIEPISTA;TIPOCRUZAMENTO;CONTROLETRAFEGO;USOSOLO;MORTOS;FERIDOS;ILESOS;AUTOMOVEL;ONIBUS;BICICLETA;CAMINHAO;MICROONIBUS;CICLOMOTOR;MOTOCICLETA;TRACAOANIMAL;TREM;LONG;LAT;;;
265689;17;2;2015;05:00;4429;RUA ISMAEL PORDEUS;AV CESAR CALS;;;;Colisão;Amanhecer;;;Cruz;Não Há Controle;Residencial;1;0;1;1;0;0;0;0;0;0;0;0;-38,464577;-3,720638;;;
264230;17;2;2015;03:57;9005;AV JOSE BASTOS;AV DUQ CAXIAS;;;;Choque c/ Obstáculo Fixo;;;;T;Pare;Misto;0;0;1;0;0;0;0;0;0;0;0;0;-38,545549;-3,726670;;;
264231;17;2;2015;08:01;0;AV PENETRACAO NORTE SUL;;;1548;;Colisão;Luz do Dia;;;Meio de Quadra;;;0;0;2;0;0;0;0;0;0;0;0;0;;;;;
264232;17;2;2015;11:29;9654;RUA OSCAR ARARIPE;RUA FRANCISCO PAIVA;;;;Colisão;Luz do Dia;;;Cruz;Pare;;0;0;2;0;0;0;0;0;0;0;0;0;-38,612966;-3,786795;;;
264233;17;2;2015;14:13;0;AV CEL CARVALHO;;;125;;Colisão;Luz do Dia;;;Meio de Quadra;;;0;0;2;0;0;0;0;0;0;0;0;0;-38,591396;-3,704062;;;
264234;17;2;2015;15:53;4016;RUA PRO COSTA MENDES;RUA JULIO CESAR D12;;;;Colisão;Luz do Dia;;;Cruz;Pare;Residencial;0;0;2;0;0;0;0;0;0;0;0;0;-38,546911;-3,754698;;;
264235;17;2;2015;16:12;10995;RUA 15 DE NOVEMBRO;RUA ALM RUBIM;;;;Colisão;Luz do Dia;;;Cruz;Semáforo;Comercial;0;0;2;0;0;0;0;0;0;0;0;0;-38,555939;-3,768907;;;
257314;17;2;2015;09:00;183;AV CEL CARVALHO;RUA DEMETRIO MENEZES;;;;Choque c/ Obstáculo Fixo;Luz do Dia;;;;;;0;1;0;1;0;0;0;0;0;0;0;0;-38,584591;-3,731488;;;
257320;17;2;2015;18:20;5235;RUA PEDRO PEREIRA;RUA PRC ISABEL;;;;Colisão;Anoitecer;;;Cruz;Pare;Comercial;0;1;0;1;0;0;0;0;0;0;0;0;-38,535705;-3,727353;;;
257321;17;2;2015;22:32;0;AV GODOFREDO MACIEL;;;2160;;Outros;;;;Meio de Quadra;;;0;1;0;0;0;0;0;0;0;1;0;0;-38,569329;-3,794606;;;
253519;17;2;2015;10:10;0;RD BR 116;;;15000;KM-15;Colisão Transversal;Luz do Dia;Bom;Seca;Meio de Quadra;Não Há Controle;Comercial;0;2;1;1;0;0;0;0;1;0;0;0;-38,501113;-3,882329;;;
264236;17;2;2015;17:05;0;RUA TEODOMIRO DE CASTRO;;;4507;;Atropelamento;Anoitecer;;;Meio de Quadra;;;0;0;2;0;0;0;0;0;0;0;0;0;-38,573285;-3,718247;;;
264237;17;2;2015;19:59;5887;AV J CJ CEARA;RUA 1131 CJ CEARA;;;;Colisão;;;;;;;0;0;2;0;0;0;0;0;0;0;0;0;-38,612751;-3,759853;;;
264238;17;2;2015;20:57;0;RUA MANGUESAIS;;;;;Choque c/ Obstáculo Fixo;;;;Meio de Quadra;;;0;0;1;0;0;0;0;0;0;0;0;0;;;;;
264239;18;2;2015;01:58;0;RUA CON DE CASTRO;;;4683;;Choque c/ Obstáculo Fixo;;;;Meio de Quadra;;;0;0;1;0;0;0;0;0;0;0;0;0;-38,593277;-3,806474;;;
264240;18;2;2015;08:33;0;RUA 21 UI 412;;;133;;Colisão;Luz do Dia;;;Meio de Quadra;;;0;0;2;0;0;0;0;0;0;0;0;0;-38,516644;-3,825843;;;
264241;18;2;2015;17:35;0;AV E CJ CEARA;;;147;;Colisão;Anoitecer;;;Meio de Quadra;;;0;0;2;0;0;0;0;0;0;0;0;0;;;;;
259971;18;2;2015;;0;RUA TAQUATIARA;;;;;Colisão;;;;Meio de Quadra;;;0;0;2;1;0;0;1;0;0;0;0;0;;;;;
257323;18;2;2015;09:20;0;AV EDILSON B SOARES;;;;;Choque c/ Obstáculo Fixo;Luz do Dia;;;Meio de Quadra;;;0;1;0;0;0;0;0;0;0;0;0;0;;;;;
258797;18;2;2015;10:30;0;AV SEN CARLOS JEREISSATI (AEROPORTO);;;;KM 03;Colisão;Luz do Dia;;Seca;Meio de Quadra;;;0;0;2;1;0;0;0;0;0;0;0;0;-38,541414;-3,780382;;;
248923;18;2;2015;09:00;5468;RUA ANTONIO POMPEU;RUA BAR ARATANHA;;;;Colisão Transversal;Luz do Dia;Bom;Seca;Cruz;Semáforo;Comercial;0;0;2;1;0;0;0;0;0;0;0;0;-38,527351;-3,735826;;;
248928;18;2;2015;08:20;0;AV DR SILAS MUNGUBA;;;4629;;Colisão Lateral;Luz do Dia;Bom;Seca;Meio de Quadra;Não Há Controle;Residencial;0;0;2;1;1;0;0;0;0;0;0;0;-38,534271;-3,793945;;;
248926;18;2;2015;18:50;1321;RUA VICENTE LEITE;RUA MARCOS MACEDO;;;;Colisão Transversal;Via Iluminada;Bom;Seca;Cruz;Pare;Misto;0;0;2;1;0;0;0;0;0;0;0;0;-38,494787;-3,735201;;;
248914;18;2;2015;15:20;9117;RUA DR ALFREDO WEYNE D14;RUA DR RATISBONA;;;;Outros;Luz do Dia;Bom;Seca;Cruz;Pare;Residencial;0;0;2;1;0;0;1;0;0;0;0;0;-38,531575;-3,756355;;;
248915;18;2;2015;06:40;25027;AV DR SILAS MUNGUBA;RUA PRA STELLA COCHRANE;;;;Colisão Traseira;Luz do Dia;Bom;Seca;Cruz;Semáforo;Comercial;0;0;3;1;1;0;0;0;0;0;0;0;-38,535043;-3,793090;;;
248916;18;2;2015;13:30;3767;AV IMPERADOR;AV DOMINGOS OLIMPIO;;;;Colisão Lateral;Luz do Dia;Bom;Seca;Cruz;Semáforo;Residencial;0;0;2;1;0;0;0;0;0;0;0;0;-38,536697;-3,734790;;;
248917;18;2;2015;17:25;0;AV PRS CASTELO BRANCO;;;989;;Capotamento;Via Iluminada;Bom;Seca;Meio de Quadra;Não Há Controle;Lazer;1;1;0;0;0;0;0;0;0;0;0;0;-38,532394;-3,719193;;;
248930;18;2;2015;14:30;19583;RUA CON DE CASTRO;RUA NEREU RAMOS;;;;Colisão Transversal;Luz do Dia;Bom;Seca;Cruz;Pare;Comercial;0;0;2;0;0;0;0;0;0;1;0;0;-38,573285;-3,784820;;;
248931;18;2;2015;21:15;0;AV PRS COSTA E SILVA;;;141;;Colisão Traseira;Via Iluminada;Bom;Seca;Meio de Quadra;Não Há Controle;Residencial;0;0;2;1;0;0;0;0;0;1;0;0;-38,551756;-3,823068;;;
248936;18;2;2015;13:50;0;AV DES MOREIRA;;;2620;;Colisão Traseira;Luz do Dia;Bom;Seca;Meio de Quadra;Não Há Controle;Comercial;0;0;2;1;0;0;0;0;0;0;0;0;-38,502230;-3,748373;;;
248933;18;2;2015;14:24;0;AV 13 DE MAIO;;;1251;;Atropelamento;Luz do Dia;Bom;Seca;Meio de Quadra;Semáforo;Comercial;0;1;1;1;0;0;0;0;0;0;0;0;-38,530043;-3,748709;;;
248934;18;2;2015;18:40;21336;RUA AZEVEDO BOLAO;RUA PRO CASTELO BRANCO D08;;;;Outros;Via Iluminada;Bom;Seca;Duplo T;Pare;Residencial;0;0;1;0;0;0;1;0;0;0;0;0;-38,548702;-3,734806;;;
248938;18;2;2015;08:55;0;AV BEZERRA DE MENEZES;;;1219;;Colisão Frontal;Luz do Dia;Bom;Seca;Meio de Quadra;Não Há Controle;Comercial;0;1;1;1;0;0;0;0;0;1;0;0;-38,555794;-3,733873;;;
248940;18;2;2015;02:30;0;RUA PESSOA ANTA;;;435;;Atropelamento;Via Iluminada;Bom;Seca;Meio de Quadra;Pare;Comercial;0;1;1;1;0;0;0;0;0;0;0;0;;;;;
248944;18;2;2015;18:40;0;AV LUCIANO CARNEIRO;;;635;;Outros;Via Iluminada;Bom;Seca;Meio de Quadra;Não Há Controle;Residencial;0;0;2;1;0;0;0;0;0;0;0;0;-38,533531;-3,754604;;;
248942;18;2;2015;16:30;0;AV AGUANAMBI;;;;ROTATÓRIA;Colisão Lateral;Luz do Dia;Bom;Seca;Meio de Quadra;Semáforo;Comercial;0;0;2;1;0;0;0;1;0;0;0;0;-38,523043;-3,755538;;;
248904;18;2;2015;21:45;5504;RUA JOAO CORDEIRO;RUA PDE VALDEVINO;;;;Colisão Transversal;Via Iluminada;Nublado;Seca;Cruz;Semáforo;Misto;0;0;2;1;0;1;0;0;0;0;0;0;-38,517550;-3,738896;;;
248905;18;2;2015;20:00;5075;RUA ALM JACEGUAI;RUA JOSE AVELINO;;;;Colisão Transversal;Via Iluminada;Bom;Seca;Cruz;Pare;Comercial;0;2;1;1;0;1;0;0;0;0;0;0;-38,519311;-3,722395;;;
248898;18;2;2015;15:45;24195;RUA PASCOAL CASTRO ALVES;AV ENG SANTANA JUNIOR;;;;Colisão Lateral;Luz do Dia;Bom;Seca;Cruz;Pare;Residencial;0;0;2;1;0;0;0;0;0;0;0;0;-38,479778;-3,731999;;;
248899;18;2;2015;09:45;15204;RUA JULIO IBIAPINA;AV ABOLICAO;;;;Colisão Transversal;Luz do Dia;Bom;Seca;Cruz;Semáforo;Misto;0;0;2;1;0;0;0;0;0;0;0;0;-38,491290;-3,726679;;;
248911;18;2;2015;14:20;0;AV BEZERRA DE MENEZES;;;2461;;Engavetamento;Luz do Dia;Bom;Seca;Meio de Quadra;Não Há Controle;Comercial;0;0;3;1;0;0;0;0;0;0;0;0;-38,566326;-3,736062;;;
248912;18;2;2015;13:15;1475;AV SANTOS DUMONT;RUA FONSECA LOBO;;;;Colisão Traseira;Luz do Dia;Bom;Seca;Cruz;Pare;Comercial;0;0;2;1;1;0;0;0;0;0;0;0;-38,489602;-3,739062;;;
248908;18;2;2015;13:20;11840;RUA DNA MAROQUINHA;RUA MON DANTAS;;;;Colisão Transversal;Luz do Dia;Bom;Seca;Cruz;Pare;Comercial;0;1;1;1;0;0;0;0;0;1;0;0;-38,545833;-3,720021;;;
248892;18;2;2015;15:15;5114;AV MON TABOSA;RUA NOGUEIRA ACIOLI;;;;Colisão Lateral;Luz do Dia;Bom;Seca;Cruz;Pare;Comercial;0;1;1;1;0;0;0;0;0;1;0;0;-38,514949;-3,723850;;;
248893;18;2;2015;18:00;0;AV DR SILAS MUNGUBA;;;1963;;Colisão Traseira;Via Iluminada;Bom;Seca;Meio de Quadra;Semáforo Intermitente;Residencial;0;0;3;1;0;0;0;0;0;0;0;0;-38,552151;-3,785313;;;
260962;18;2;2015;06:45;0;RUA 24 DE OUTUBRO;;;;;Colisão;Luz do Dia;;;Meio de Quadra;;;0;1;1;1;0;0;0;0;0;1;0;0;-38,603225;-3,755018;;;
260965;18;2;2015;12:37;0;AV ENG HUMBERTO MONTE;;;;;Colisão;Luz do Dia;;;Meio de Quadra;;;0;1;1;0;0;0;0;0;0;0;0;0;;;;;
260970;18;2;2015;12:47;5135;RUA SAO PAULO;AV TRISTAO GONCALVES;;;;Colisão;Luz do Dia;;;Cruz;Semáforo;Comercial;0;1;1;1;0;0;0;0;0;1;0;0;-38,532395;-3,724419;;;
260973;18;2;2015;13:35;0;RUA OSCAR FRANCA;;;;;Atropelamento;Luz do Dia;;;Meio de Quadra;;;0;1;1;0;0;0;0;0;0;1;0;0;-38,594647;-3,793547;;;
260974;18;2;2015;15:30;10818;RUA PORTO VELHO;RUA MACEIO;;;;Colisão;Luz do Dia;;;Cruz;Pare;Residencial;0;1;1;0;0;0;0;0;0;0;0;0;-38,590726;-3,763967;;;
260975;18;2;2015;16:08;3242;RUA JOSE ARISTOTELES GONDIM;RUA PRIMEIRO DE MAIO D34;;;;Colisão;Luz do Dia;;;Cruz;Pare;Residencial;0;1;1;1;0;0;0;0;0;1;0;0;-38,586280;-3,783524;;;
260976;18;2;2015;19:03;5075;RUA JOSE AVELINO;RUA ALM JACEGUAI;;;;Colisão;;;;Cruz;Pare;Comercial;0;1;1;1;0;0;0;0;0;1;0;0;-38,519311;-3,722395;;;
260977;18;2;2015;22:03;0;AV WASHINGTON SOARES;;;;;Colisão;;;;Meio de Quadra;;;0;1;1;1;0;1;0;0;0;0;0;0;;;;;
260979;19;2;2015;06:28;0;AV HIS RAIMUNDO GIRAO;;;;;Colisão;Luz do Dia;;;Meio de Quadra;;;0;1;1;1;0;0;0;0;0;1;0;0;;;;;
260980;19;2;2015;06:47;0;AV MR HULL;;;;;Colisão;Luz do Dia;;;Meio de Quadra;;;0;1;1;1;0;0;0;0;0;1;0;0;;;;;
260981;19;2;2015;06:57;0;AV GAL OSORIO DE PAIVA;;;4505;;Colisão;Luz do Dia;;;Meio de Quadra;;;1;1;0;1;0;0;0;0;0;0;0;0;-38,595561;-3,798017;;;
260982;19;2;2015;07:00;5303;AV SANTOS DUMONT;RUA DNA LEOPOLDINA;;;;Queda;Luz do Dia;;;T;Semáforo;Comercial;0;1;0;0;0;0;0;0;0;1;0;0;-38,519029;-3,729515;;;
248913;19;2;2015;18:30;4080;AV JOSE BASTOS;RUA CEARA;;;;Colisão Traseira;Via Iluminada;Chuva;Seca;Cruz;Semáforo;Comercial;0;1;1;1;0;0;0;0;0;1;0;0;-38,564112;-3,760008;;;
248943;19;2;2015;19:48;3030;RUA ANDRE REBOUCAS;RUA DIOGO CORREIA;;;;Colisão Transversal;Via Iluminada;Bom;Seca;Cruz;Semáforo;Comercial;0;1;1;1;0;0;0;0;0;1;0;0;-38,588606;-3,774008;;;
248948;19;2;2015;11:00;7760;AV ANTONIO SALES;RUA SILVA PAULET;;;;Colisão Transversal;Luz do Dia;Bom;Seca;Cruz;Pare;Comercial;0;0;2;1;0;0;0;0;0;0;0;0;-38,508383;-3,743595;;;
248950;19;2;2015;18:30;17338;RUA ZACARIAS GONDIM;RUA BAR SOBRAL;;;;Colisão Traseira;Via Iluminada;Bom;Seca;Cruz;Pare;Comercial;0;0;2;1;0;0;0;0;0;0;0;0;-38,557307;-3,765280;;;
248952;19;2;2015;08:10;0;AV SANTOS DUMONT;;;2727;;Colisão Lateral;;Nublado;;Meio de Quadra;;Comercial;0;0;2;1;0;0;0;0;0;0;0;0;-38,500642;-3,735498;;;
248954;19;2;2015;09:10;4080;AV JOSE BASTOS;RUA CEARA;;;;Colisão Lateral;Luz do Dia;Bom;Seca;Cruz;Semáforo;Comercial;0;0;2;0;1;0;1;0;0;0;0;0;-38,564112;-3,760008;;;
248956;19;2;2015;05:00;25181;AV DR SILAS MUNGUBA;RUA FIS ASSIS SARAIVA;;;;Colisão Traseira;Amanhecer;Chuva;Molhada;Cruz;Pare;Comercial;0;0;2;1;1;0;0;0;0;0;0;0;-38,528831;-3,802717;;;
248957;19;2;2015;11:30;17909;RUA HAROLDO TORRES;RUA PDE GUILHERME;;;;Choque c/ Obstáculo Fixo;Luz do Dia;Bom;Seca;T;Pare;Residencial;0;0;1;0;0;0;1;0;0;0;0;0;-38,578387;-3,732290;;;
248959;19;2;2015;07:25;0;AV EDUARDO GIRAO;;;;;Colisão Traseira;Luz do Dia;Nublado;Molhada;Meio de Quadra;Não Há Controle;Comercial;0;0;2;1;0;0;0;0;0;0;0;0;;;;;
248960;19;2;2015;09:20;7712;AV CARNEIRO DE MENDONCA;RUA JOAO CAPOTE;;;;Colisão Transversal;Luz do Dia;Bom;Seca;Cruz;Pare;Residencial;0;0;2;1;0;0;0;0;0;0;0;0;-38,561662;-3,766458;;;
248962;19;2;2015;06:00;9174;AV 13 DE MAIO;RUA MON OTAVIO CASTRO;;;;Colisão Traseira;Luz do Dia;Nublado;Molhada;Cruz;Semáforo;Comercial;0;0;2;1;0;0;0;0;0;0;0;0;-38,526507;-3,751738;;;
248968;19;2;2015;09:00;12849;RUA SALDANHA MARINHO;RUA ASSUNCAO;;;;Colisão Transversal;Luz do Dia;Bom;Seca;Cruz;Pare;Comercial;0;2;0;1;0;0;0;0;0;0;0;0;-38,531231;-3,742314;;;
248969;19;2;2015;15:10;3347;AV ENG HUMBERTO MONTE;RUA GOIAS;;;;Colisão Transversal;Luz do Dia;Nublado;Seca;Cruz;Pare;Misto;0;0;2;1;0;0;0;0;0;0;0;0;-38,559425;-3,750494;;;
248970;19;2;2015;10:00;20135;RUA PRO JOSE SILVEIRA;RUA AMANCIO PEREIRA;;;;Colisão Transversal;Luz do Dia;Bom;Seca;Cruz;Pare;Residencial;0;0;2;1;0;0;0;0;0;0;0;0;-38,521662;-3,810520;;;
248964;19;2;2015;07:00;100;RUA TOMAS RODRIGUES;AV MR HULL;;;;Colisão Lateral;Luz do Dia;Bom;Seca;Cruz;Semáforo;Comercial;0;0;2;1;0;0;1;0;0;0;0;0;-38,593915;-3,740004;;;
248966;19;2;2015;16:50;5030;AV ALM BARROSO;RUA ALM JACEGUAI;;;;Colisão Lateral;Via Iluminada;Bom;Seca;Cruz;Semáforo;Comercial;0;0;2;0;1;0;0;0;0;0;0;0;-38,519363;-3,720749;;;
248945;19;2;2015;18:00;13576;AV RUI BARBOSA;RUA FRE BERNARDINO;;;;Colisão;Via Iluminada;Bom;Seca;Outros;Pare;Residencial;0;0;2;1;0;0;0;0;0;0;0;0;-38,514146;-3,750601;;;
248946;19;2;2015;20:30;0;AV EDUARDO GIRAO;;;;;Colisão Lateral;Via Iluminada;Bom;Seca;Meio de Quadra;Semáforo;Outros;0;0;2;1;0;0;0;0;0;0;0;0;;;;;
248941;19;2;2015;10:15;1032;AV ENG LEAL LIMA VERDE (SAPIRANGA/COITE);RUA JOAQUIM FROTA;;;;Colisão Traseira;Luz do Dia;Bom;Seca;Rotatória;Dê Preferência;Residencial;0;1;1;1;0;0;0;0;0;1;0;0;-38,475166;-3,801619;;;
248939;19;2;2015;13:59;0;RUA JORGE ACURCIO;;;312;;Colisão;Luz do Dia;Bom;Seca;Meio de Quadra;Não Há Controle;Residencial;0;0;2;1;0;0;0;0;0;0;0;0;-38,530574;-3,762461;;;
248935;19;2;2015;21:00;25615;AV EDILSON B SOARES;RUA NADIR SABOYA (EDSON QUEIROZ/SAPIRANGA);;;;Colisão Lateral;Via Iluminada;Bom;Seca;Cruz;Pare;Residencial;0;0;2;1;0;0;0;0;0;0;0;0;-38,465199;-3,788125;;;
248937;19;2;2015;18:15;0;RUA DR THOMPSON BULCAO;;;12;;Colisão Lateral;Via Iluminada;Bom;Seca;Meio de Quadra;Não Há Controle;Comercial;0;1;1;1;0;0;0;0;1;0;0;0;-38,494305;-3,769020;;;
248918;19;2;2015;09:30;8768;RUA CRISANTO M DA ROCHA;RUA PRO SOLON FARIAS;;;;Colisão Transversal;Luz do Dia;Bom;Seca;Cruz;Não Há Controle;Residencial;0;1;1;1;0;0;0;0;0;1;0;0;-38,476878;-3,792049;;;
248919;19;2;2015;11:15;0;AV AGUANAMBI;;;;;Colisão Lateral;Luz do Dia;Nublado;Seca;Meio de Quadra;Dê Preferência;Comercial;0;1;1;1;0;0;0;0;0;0;0;0;;;;;
248920;19;2;2015;09:20;5410;RUA MAJ FACUNDO;RUA GAL CLARINDO DE QUEIROZ;;;;Colisão Transversal;Luz do Dia;Bom;Seca;Cruz;Semáforo;Comercial;0;0;2;1;0;0;0;0;0;0;0;0;-38,529587;-3,732895;;;
248921;19;2;2015;19:55;23311;RUA SAO GABRIEL D56;RUA PRO FRANCISCO GONCALVES;;;;Colisão Transversal;Via Iluminada;Bom;Seca;Cruz;Pare;Residencial;0;2;1;1;0;0;0;0;0;1;0;0;-38,492916;-3,749523;;;
248927;19;2;2015;11:00;0;RUA JUVENCIO PORFIRIO SALES;;;110;;Colisão Frontal;Luz do Dia;Bom;Seca;Meio de Quadra;;;0;1;1;1;0;0;0;0;0;1;0;0;;;;;
248924;19;2;2015;20:00;5246;RUA GONCALVES LEDO;RUA PEREIRA FILGUEIRAS;;;;Colisão Transversal;Via Iluminada;Bom;Seca;Cruz;Pare;Misto;0;1;1;1;0;0;0;0;0;1;0;0;-38,515004;-3,727667;;;
248925;19;2;2015;07:30;0;RUA AFONSO CELSO;;;196;;Colisão;Luz do Dia;;;Meio de Quadra;;;0;0;2;1;0;0;0;0;0;0;0;0;-38,509552;-3,736051;;;
261234;19;2;2015;07:34;0;AV MR HULL;;;;;Colisão;Luz do Dia;;;Meio de Quadra;;;0;1;1;1;0;0;0;0;0;1;0;0;;;;;
261235;19;2;2015;09:47;0;RUA PRO HERIBALDO COSTA;;;2288;;Colisão;Luz do Dia;;;Meio de Quadra;;;0;1;1;0;0;0;0;0;0;1;0;0;-38,590414;-3,771510;;;
261240;19;2;2015;11:27;5436;RUA JAIME BENEVOLO;RUA GAL CLARINDO DE QUEIROZ;;;;Colisão;Luz do Dia;;;Cruz;Pare;Comercial;0;1;1;1;0;0;0;0;0;1;0;0;-38,526017;-3,734060;;;
261241;19;2;2015;13:10;0;AV CEL CARVALHO;RUA DES HERMES PARAHYBA;;;;Atropelamento;Luz do Dia;;;;;;0;1;1;0;0;0;0;0;0;1;0;0;-38,588811;-3,713935;;;
261242;19;2;2015;15:14;0;RUA 860 CJ CEARA;;;;;Atropelamento;Luz do Dia;;;Meio de Quadra;;;0;1;1;0;0;0;0;0;0;1;0;0;;;;;
261246;19;2;2015;16:43;24307;RUA 8 DE SETEMBRO;RUA ALFREDO LADISLAU;;;;Colisão;Luz do Dia;;;Cruz;Pare;Residencial;0;1;1;1;0;0;0;0;0;1;0;0;-38,486952;-3,738110;;;
261247;19;2;2015;16:14;1381;AV HERACLITO GRACA;RUA ILDEFONSO ALBANO;;;;Colisão;Luz do Dia;;;Duplo T;Semáforo;Residencial;0;1;1;1;0;0;0;0;0;1;0;0;-38,514339;-3,736795;;;
261248;19;2;2015;16:34;0;AV GAL OSORIO DE PAIVA;;;;;Queda;Luz do Dia;;;Meio de Quadra;;;0;1;0;0;0;0;0;0;0;1;0;0;;;;;
261250;19;2;2015;16:54;0;AV SGT HERMINIO SAMPAIO;;;;;Colisão;Luz do Dia;;;Meio de Quadra;;;0;1;1;0;0;0;0;0;0;0;0;0;-38,572767;-3,728953;;;
261251;19;2;2015;17:07;0;RUA DIOGO CORREIA;;;;;Colisão;Anoitecer;;;Meio de Quadra;;;0;1;1;1;0;0;0;0;0;1;0;0;-38,588580;-3,774086;;;
261252;19;2;2015;17:21;24872;RUA ANTONIO ARRUDA;RUA CREUSA ROCHA;;;;Queda;Anoitecer;;;;;;0;1;0;0;0;0;0;0;0;1;0;0;-38,594151;-3,720645;;;
261254;19;2;2015;17:29;0;RUA PIERRE LUZ;;;;;Colisão;Anoitecer;;;Meio de Quadra;;;0;1;1;0;0;0;0;0;0;0;0;0;;;;;
261255;19;2;2015;17:59;0;RUA STA MARIA GORETE;;;;;Colisão;Anoitecer;;;Meio de Quadra;;;0;1;1;0;0;0;0;0;0;0;0;0;;;;;
261256;19;2;2015;19:15;0;AV IMPERADOR;;;;;Atropelamento;;;;Meio de Quadra;;;0;1;1;0;1;0;0;0;0;0;0;0;-38,535762;-3,731597;;;
261257;19;2;2015;19:23;0;AV GOV RAUL BARBOSA;;;;;Queda;;;;Meio de Quadra;;;0;1;0;0;0;0;0;0;0;1;0;0;;;;;
261258;19;2;2015;19:27;22070;RUA JOSE FACANHA;RUA PAPI JUNIOR;;;;Queda;;;;Cruz;Outros;Residencial;0;1;0;0;0;0;0;0;0;1;0;0;-38,557265;-3,752136;;;
261259;19;2;2015;19:35;5246;RUA PEREIRA FILGUEIRAS;RUA GONCALVES LEDO;;;;Colisão;;;;Cruz;Pare;Comercial;0;1;1;1;0;0;0;0;0;0;0;0;-38,515004;-3,727667;;;
261260;19;2;2015;19:59;0;AV WASHINGTON SOARES;;;;;Colisão;;;;Meio de Quadra;;;0;1;1;1;0;0;0;0;0;0;0;0;-38,481442;-3,777820;;;
261261;19;2;2015;20:12;0;RUA SAO GABRIEL (COCO);;;;;Colisão;;;;Meio de Quadra;;;0;1;1;1;0;0;0;0;0;1;0;0;;;;;
261262;19;2;2015;20:28;0;AV F CJ CEARA;;;;;Queda;;;;Meio de Quadra;;;0;1;0;0;0;0;0;0;0;1;0;0;;;;;
253453;19;2;2015;14:00;0;RD BR 116;;;14000;KM-14;Colisão Traseira;Luz do Dia;Bom;Seca;Meio de Quadra;Não Há Controle;Comercial;0;0;4;1;0;0;1;0;0;0;0;0;-38,499242;-3,873523;;;
258798;19;2;2015;13:02;0;RD CE-060;;;;KM-02;Colisão;Luz do Dia;;Seca;Meio de Quadra;;;0;1;1;0;0;0;0;0;0;1;0;0;-38,580009;-3,828028;;;
258799;19;2;2015;18:02;0;AV SEN CARLOS JEREISSATI (AEROPORTO);;;;KM 01;Colisão;Anoitecer;;Seca;Meio de Quadra;;;0;0;2;1;0;0;0;0;0;0;0;0;-38,520356;-3,783803;;;
258800;19;2;2015;19:20;0;AV WASHINGTON SOARES;;;2100;;Engavetamento;;;Seca;Meio de Quadra;;;0;1;3;1;0;0;0;0;0;0;0;0;-38,481530;-3,777502;;;
260417;19;2;2015;19:02;11259;AV BENJAMIM BRASIL;RUA PAURILO BARROSO;;;;Capotamento;;;;Cruz;Não Há Controle;Residencial;0;0;2;1;0;0;0;0;0;0;0;0;-38,570528;-3,803725;;;
259981;19;2;2015;16:07;15700;RUA GUILHERME PESSOA;RUA VICENTE NOBRE MACEDO;;;;Colisão;Luz do Dia;;;Cruz;Pare;Residencial;0;0;2;1;1;0;0;0;0;0;0;0;-38,484654;-3,827498;;;
253531;19;2;2015;06:45;0;RD BR 222;;;;KM-03;Colisão Traseira;Luz do Dia;Nublado;Molhada;Meio de Quadra;Não Há Controle;Comercial;0;2;1;1;0;0;0;0;0;1;0;0;-38,571997;-3,736999;;;
264242;19;2;2015;07:15;15152;AV BAR STUDART;AV ABOLICAO;;;;Colisão;Luz do Dia;;;;;;0;0;2;0;0;0;0;0;0;0;0;0;-38,503445;-3,724762;;;
264243;19;2;2015;09:32;35;RUA JOAQUIM LEITAO;RUA PEDRO MELO;;;;Colisão;Luz do Dia;;;Cruz;Pare;Residencial;0;0;2;0;0;0;0;0;0;0;0;0;-38,592100;-3,744174;;;
264244;19;2;2015;11:01;0;RUA PDE IBIAPINA;;;1640;;Colisão;Luz do Dia;;;Meio de Quadra;;;0;0;2;0;0;0;0;0;0;0;0;0;-38,540002;-3,730187;;;
264245;19;2;2015;11:23;0;RUA MIGUEL ARAGAO;;;1160;;Colisão;Luz do Dia;;;Meio de Quadra;;;0;0;2;0;0;0;0;0;0;0;0;0;;;;;
264246;19;2;2015;11:43;5709;AV DES GONZAGA;AV OLIVEIRA PAIVA;;;;Colisão;Luz do Dia;;;Cruz;Semáforo;Lazer;0;0;2;0;0;0;0;0;0;0;0;0;-38,499953;-3,797165;;;
264247;19;2;2015;12:00;0;RUA SAO JOAO D34 (BONSUCESSO);;;;;Colisão;Luz do Dia;;;Meio de Quadra;;;0;0;2;0;0;0;0;0;0;0;0;0;;;;;
264248;19;2;2015;12:20;5717;RUA FIS PERDIGAO;RUA CON BRAVEZA;;;;Colisão;Luz do Dia;;;Cruz;Pare;Residencial;0;0;2;0;0;0;0;0;0;0;0;0;-38,497098;-3,799470;;;
264249;19;2;2015;13:44;12837;RUA JAIME BENEVOLO;AV DOMINGOS OLIMPIO;;;;Colisão;Luz do Dia;;;Cruz;Semáforo;Comercial;0;0;2;0;0;0;0;0;0;0;0;0;-38,527245;-3,737780;;;