COD_ACIDENTE;DIA;MES;ANO;HORA;INTERSECAO;LOG1;LOG2;LOG3;NUMERO;REFERENCIA;NATUREZA;ILUMINACAO;TEMPO;SUPERFICIEPISTA;TIPOCRUZAMENTO;CONTROLETRAFEGO;USOSOLO;MORTOS;FERIDOS;ILESOS;AUTOMOVEL;ONIBUS;BICICLETA;CAMINHAO;MICROONIBUS;CICLOMOTOR;MOTOCICLETA;TRACAOANIMAL;TREM;LONG;LAT;;;
264250;19;2;2015;16:44;0;RUA OSCAR FRANCA;;;2161;;Colisão;Luz do Dia;;;Meio de Quadra;;;0;0;2;0;0;0;0;0;0;0;0;0;-38,610222;-3,788464;;;
264251;19;2;2015;19:05;0;RUA PORTO VELHO;;;531;;Colisão;;;;Meio de Quadra;;;0;0;2;0;0;0;0;0;0;0;0;0;-38,585778;-3,766627;;;
264252;19;2;2015;19:21;0;RUA PRO VIRGILIO DE MORAIS;;;;;Colisão;;;;Meio de Quadra;;;0;0;2;0;0;0;0;0;0;0;0;0;;;;;
264253;19;2;2015;20:49;0;RUA CEL VIRGILIO NOGUEIRA (BOM JARDIM);;;1174;;Colisão;;;;Meio de Quadra;;;0;0;2;0;0;0;0;0;0;0;0;0;;;;;
264254;19;2;2015;21:45;0;RUA NOSSA SRA DAS GRACAS;;;300;;Colisão;;;;Meio de Quadra;;;0;0;2;0;0;0;0;0;0;0;0;0;-38,551071;-3,710930;;;
264255;19;2;2015;23:07;0;AV GODOFREDO MACIEL;;;;;Queda;;;;Meio de Quadra;;;0;0;1;0;0;0;0;0;0;1;0;0;;;;;
264256;19;2;2015;23:09;19539;AV DR SILAS MUNGUBA;RUA EQUADOR;;;;Colisão;;;;Cruz;Semáforo;Comercial;0;0;2;0;0;0;0;0;0;0;0;0;-38,555434;-3,782377;;;
264257;20;2;2015;06:51;0;AV ALBERTO CRAVEIRO;;;;;Colisão;Luz do Dia;;;Meio de Quadra;;;0;0;2;0;0;0;0;0;0;0;0;0;;;;;
264258;20;2;2015;07:27;0;RUA PRO JOSE SILVEIRA;;;528;;Colisão;Luz do Dia;;;Meio de Quadra;;;0;0;2;0;0;0;0;0;0;0;0;0;;;;;
264259;20;2;2015;10:53;0;RUA MARCELINO MELO;;;328;;Choque c/ Obstáculo Fixo;Luz do Dia;;;Meio de Quadra;;;0;0;1;0;0;0;0;0;0;0;0;0;;;;;
264260;20;2;2015;14:03;22082;RUA CAP FRANCISCO PEDRO;RUA ALEXANDRE BARAUNA;;;;Colisão;Luz do Dia;;;Cruz;Pare;Comercial;0;0;2;0;0;0;0;0;0;0;0;0;-38,550539;-3,749020;;;
264261;20;2;2015;15:59;0;LOGRADOURO SEM NOME;;;;;Colisão;Luz do Dia;;;Meio de Quadra;;;0;0;2;0;0;0;0;0;0;0;0;0;;;;;
264262;20;2;2015;16:19;0;AV BEZERRA DE MENEZES;;;;;Colisão;Luz do Dia;;;Meio de Quadra;;;0;0;2;0;0;0;0;0;0;0;0;0;;;;;
264263;20;2;2015;16:50;0;AV GAL MURILO BORGES;;;;;Colisão;Luz do Dia;;;Meio de Quadra;;;0;0;2;0;0;0;0;0;0;0;0;0;;;;;
264264;20;2;2015;16:55;0;RUA ALINE VIEIRA COLARES;;;;;Colisão;Luz do Dia;;;Meio de Quadra;;;0;0;2;0;0;0;0;0;0;0;0;0;;;;;
264265;20;2;2015;18:31;0;AV FRANCISCO SA;;;3190;;Colisão;;;;Meio de Quadra;;;0;0;2;0;0;0;0;0;0;0;0;0;-38,555264;-3,718106;;;
253556;20;2;2015;06:40;0;RD BR 222;;;;KM-03;Colisão Transversal;Luz do Dia;Nublado;Seca;Meio de Quadra;Não Há Controle;Comercial;0;1;1;0;0;0;0;0;0;1;0;0;-38,571997;-3,736999;;;
259998;20;2;2015;15:54;8947;RUA GAL CLARINDO DE QUEIROZ;RUA EURICO FACO;;;;Colisão;Luz do Dia;;;Cruz;Pare;Misto;0;0;2;1;0;0;0;1;0;0;0;0;-38,541099;-3,729201;;;
260423;20;2;2015;20:02;22158;AV JOSE BASTOS;RUA GUSTAVO BRAGA;;;;Colisão;;;;T;Não Há Controle;Comercial;0;0;2;0;0;0;0;0;0;0;0;0;-38,551989;-3,751535;;;
260419;20;2;2015;20:02;0;AV DEP PAULINO ROCHA;;;;;Colisão;;;;Meio de Quadra;;;0;0;2;0;0;0;0;0;0;0;0;0;;;;;
257326;20;2;2015;10:30;14863;RUA JOAQUIM ALFREDO;TR WALDIR DIOGO;;;;Colisão;Luz do Dia;;;;;;0;1;0;1;0;0;0;0;0;1;0;0;-38,583907;-3,807043;;;
257327;20;2;2015;12:30;0;RD CE-025;;;;KM-05;Colisão;Luz do Dia;;;Meio de Quadra;;;0;1;0;0;0;0;0;0;0;1;0;0;-38,433120;-3,810070;;;
257340;20;2;2015;16:20;16297;RUA JOSE LUCAS;RUA IPAUMIRIM D72;;;;Colisão;Luz do Dia;;;;;;0;1;1;1;0;0;0;0;0;0;0;0;-38,562291;-3,832018;;;
257329;20;2;2015;16:07;0;RUA VALPARAISO;;;500;;Colisão;Luz do Dia;;;Meio de Quadra;;;0;1;0;0;0;0;0;0;0;1;0;0;-38,525575;-3,844378;;;
261266;20;2;2015;07:56;0;RUA TAB JOAQUIM COELHO;;;;;Colisão;Luz do Dia;;;Meio de Quadra;;;0;1;1;0;0;0;0;0;0;1;0;0;-38,480729;-3,796810;;;
261268;20;2;2015;08:56;0;RUA BAR RIO BRANCO;;;;;Colisão;Luz do Dia;;;Meio de Quadra;;;0;1;1;0;0;0;0;0;0;0;0;0;-38,531157;-3,735534;;;
261269;20;2;2015;09:10;0;RUA WALDIR DIOGO;;;;;Colisão;Luz do Dia;;;Meio de Quadra;;;0;1;1;0;0;0;0;0;0;0;0;0;-38,581586;-3,806800;;;
261272;20;2;2015;13:14;0;AV DR SILAS MUNGUBA;;;;;Colisão;Luz do Dia;;;Meio de Quadra;;;0;1;1;1;0;0;0;0;0;1;0;0;;;;;
261274;20;2;2015;13:54;15289;AV DES MOREIRA;RUA ANA BILHAR;;;;Queda;Luz do Dia;;;Cruz;Semáforo;Residencial;0;1;0;0;0;0;0;0;0;1;0;0;-38,496113;-3,729331;;;
261277;20;2;2015;14:03;0;RUA DELMIRO FARIAS;;;;;Atropelamento;Luz do Dia;;;Meio de Quadra;;;0;1;1;0;0;0;0;0;0;1;0;0;-38,549878;-3,748167;;;
261279;20;2;2015;14:24;12745;RUA ANA NERY;RUA JULIO CESAR D12;;;;Colisão;Luz do Dia;;;Cruz;Pare;Misto;0;1;1;1;0;0;0;0;0;1;0;0;-38,544349;-3,751712;;;
261281;20;2;2015;15:09;0;AV JOSE BASTOS;;;;;Colisão;Luz do Dia;;;Meio de Quadra;;;0;1;1;1;0;0;0;0;0;1;0;0;-38,546954;-3,746523;;;
261284;20;2;2015;16:27;0;RUA ALBERTO MAGNO;;;;;Colisão;Luz do Dia;;;Meio de Quadra;;;0;1;1;1;0;0;0;0;0;1;0;0;;;;;
261286;20;2;2015;16:55;0;AV ENG SANTANA JUNIOR;;;2591;;Colisão;Luz do Dia;;;Meio de Quadra;;;1;0;1;1;0;0;0;0;0;1;0;0;-38,489543;-3,747137;;;
261288;20;2;2015;20:20;0;RUA BRI TORRES;;;;;Colisão;;;;Meio de Quadra;;;0;1;1;1;0;0;0;0;0;1;0;0;;;;;
261292;20;2;2015;22:41;0;RUA PRO GOMES BRASIL;;;;;Colisão;;;;Meio de Quadra;;;0;1;1;1;0;1;0;0;0;0;0;0;-38,568488;-3,772774;;;
261290;20;2;2015;21:22;21060;RUA PERNAMBUCO;RUA STO AMARO DO PICI;;;;Colisão;;;;T;Não Há Controle;Residencial;0;1;1;1;0;0;0;0;0;1;0;0;-38,577179;-3,752417;;;
248947;20;2;2015;00:00;0;AV PONTES VIEIRA;RUA BARROS LEAL;;657;BRADESCO;Colisão Traseira;Via Iluminada;Bom;Seca;Meio de Quadra;Não Há Controle;Comercial;0;1;1;1;0;0;0;0;0;1;0;0;-38,515262;-3,752931;;;
248967;20;2;2015;19:45;19061;RUA JOSE CARLOS GURGEL NOGUEIRA;RUA TARCISIO BONFIM;;;;Colisão Transversal;Via Iluminada;Bom;Seca;Cruz;Pare;Residencial;0;0;2;1;1;0;0;0;0;0;0;0;-38,476135;-3,736621;;;
248965;20;2;2015;07:00;0;RUA PRO COSTA MENDES;;;;;Colisão Lateral;Luz do Dia;;Seca;Meio de Quadra;Pare;;0;0;2;1;1;0;0;0;0;0;0;0;;;;;
248975;20;2;2015;17:00;0;AV PRS COSTA E SILVA;;;;;Colisão Traseira;Anoitecer;Bom;Seca;Meio de Quadra;Não Há Controle;Residencial;0;0;2;0;0;0;0;0;0;0;0;0;;;;;
248976;20;2;2015;15:00;0;RUA PRO GOMES BRASIL;;;;;Colisão Transversal;Luz do Dia;Bom;Seca;Meio de Quadra;Dê Preferência;Lazer;0;0;2;1;1;0;0;0;0;0;0;0;;;;;
248977;20;2;2015;17:30;18440;AV SGT HERMINIO SAMPAIO;RUA CARLINDO CRUZ;;;;Colisão Lateral;Anoitecer;Bom;Seca;T;Pare;Comercial;0;0;2;1;0;0;0;0;0;1;0;0;-38,574437;-3,729636;;;
248979;20;2;2015;13:30;0;AV DR SILAS MUNGUBA;RUA GERMANO FRANCK;;;;Queda;Luz do Dia;Bom;Seca;Meio de Quadra;Não Há Controle;Comercial;0;1;0;0;0;0;0;0;0;1;0;0;;;;;
248981;20;2;2015;15:40;7637;AV CARNEIRO DE MENDONCA;RUA NETUNO;;;;Colisão Lateral;Luz do Dia;Bom;Seca;T;Não Há Controle;Comercial;0;1;1;1;0;0;0;0;0;1;0;0;-38,571592;-3,761518;;;
248963;20;2;2015;21:00;5500;RUA PDE VALDEVINO;RUA NOGUEIRA ACIOLI;;;;Colisão Transversal;Luz do Dia;Bom;Seca;Cruz;Semáforo;Misto;0;1;1;0;0;0;0;0;0;1;0;0;-38,519630;-3,738246;;;
248961;20;2;2015;17:30;1732;RUA CAP ARAGAO;RUA MAJ GERARDO MENDES;;;;Colisão Transversal;Anoitecer;Bom;Seca;Cruz;Pare;Residencial;0;0;2;1;0;0;0;0;0;0;0;0;-38,513441;-3,764975;;;
248958;20;2;2015;20:50;0;AV BORGES DE MELO;;;60;;Colisão Transversal;Via Iluminada;Bom;Seca;Outros;Pare;Comercial;0;1;1;1;0;0;0;0;1;0;0;0;-38,517871;-3,761561;;;
248955;20;2;2015;08:40;17342;AV PRO GOMES DE MATOS;RUA ALAN KARDEC;;;;Engavetamento;Luz do Dia;Bom;Seca;Cruz;Semáforo;Comercial;0;1;2;1;0;0;0;0;0;1;0;0;-38,549213;-3,765321;;;
248953;20;2;2015;18:10;7622;RUA PERNAMBUCO;RUA STA CATARINA (BELA VISTA / PAN AMERICANO);;;;Colisão Transversal;Via Iluminada;Bom;Seca;Cruz;Pare;Residencial;0;2;0;1;0;0;0;0;0;1;0;0;-38,569067;-3,759605;;;
248951;20;2;2015;22:15;19183;RUA LAURO NOGUEIRA;RUA CESAR FONSECA;;;;Colisão Transversal;Via Iluminada;Bom;Seca;T;Semáforo;Comercial;0;1;1;1;0;0;0;0;0;1;0;0;-38,472579;-3,741946;;;
248949;20;2;2015;10:00;0;AV ZEZE DIOGO;;;4930;CHICO DO CARANGUEJO;Colisão Lateral;Luz do Dia;Bom;Seca;Meio de Quadra;Não Há Controle;Lazer;0;0;2;1;0;0;0;0;0;0;0;0;-38,445495;-3,754305;;;
248982;21;2;2015;18:50;0;RUA ALBERTO MAGNO;;;555;;Choque c/ Obstáculo Fixo;Via Iluminada;Bom;Seca;Meio de Quadra;Não Há Controle;Comercial;0;0;1;1;0;0;0;0;0;0;0;0;-38,546317;-3,760679;;;
248980;21;2;2015;16:00;0;AV JOSE BASTOS;;;6670;;Colisão Traseira;Anoitecer;Nublado;Seca;Meio de Quadra;Não Há Controle;Comercial;0;0;2;1;0;0;0;0;0;0;0;0;-38,570173;-3,769089;;;
248978;21;2;2015;13:30;1432;AV SANTOS DUMONT;AV SEN VIRGILIO TAVORA;;;;Colisão Traseira;Luz do Dia;Nublado;Seca;Cruz;Semáforo;Comercial;0;0;2;1;0;0;0;0;0;0;0;0;-38,493482;-3,737828;;;
248972;21;2;2015;11:20;23191;AV GAL OSORIO DE PAIVA;RUA ITAPOA;;;;Colisão Transversal;Luz do Dia;Nublado;Molhada;;Pare;;0;1;1;1;0;0;0;0;0;1;0;0;;;;;
248973;21;2;2015;06:40;0;RUA VALPARAISO;;;;;Colisão Lateral;Luz do Dia;Chuva;Molhada;Meio de Quadra;Pare;Residencial;0;0;2;1;1;0;0;0;0;0;0;0;;;;;
248994;21;2;2015;11:40;0;AV DUQ CAXIAS;;;638;;Colisão Lateral;Luz do Dia;Nublado;Seca;Meio de Quadra;Não Há Controle;Comercial;0;0;2;1;1;0;0;0;0;0;0;0;-38,530242;-3,731665;;;
248995;21;2;2015;06:00;25092;AV 13 DE MAIO;RUA VICENTE AGUIAR;;;;Choque c/ Obstáculo Fixo;Luz do Dia;Chuva;Molhada;Cruz;Pare;Comercial;0;0;1;1;0;0;0;0;0;0;0;0;;;;;
248996;21;2;2015;09:15;8954;AV DOMINGOS OLIMPIO;RUA DOM JERONIMO D06;;;;Colisão Transversal;Luz do Dia;Chuva;Molhada;Cruz;Semáforo;Comercial;0;0;2;1;0;0;0;0;0;0;0;0;-38,543457;-3,733201;;;
248984;21;2;2015;12:20;1309;RUA ILDEFONSO ALBANO;RUA FIUZA DE PONTES;;;;Colisão Lateral;Luz do Dia;Nublado;Seca;Cruz;;Misto;0;1;0;1;0;0;0;0;0;1;0;0;-38,513672;-3,734722;;;
248987;21;2;2015;16:15;23419;RUA MON SALAZAR;RUA NUNES VALENTE;;;;Colisão Transversal;Luz do Dia;Bom;Seca;Cruz;Pare;Residencial;0;0;2;1;0;0;0;0;0;0;0;0;-38,508961;-3,755627;;;
248989;21;2;2015;07:40;19360;RUA EDUARDO PERDIGAO;AV GODOFREDO MACIEL;;;;Colisão Transversal;;Chuva;Molhada;Cruz;Pare;Comercial;0;1;1;0;1;0;0;0;0;1;0;0;-38,563845;-3,776654;;;
248992;21;2;2015;07:00;7718;AV CARNEIRO DE MENDONCA;AV JOSE BASTOS;;;;Colisão Traseira;Luz do Dia;Chuva;Molhada;Cruz;Semáforo;Comercial;0;0;2;1;0;0;0;0;0;0;0;0;-38,566759;-3,764109;;;
261297;21;2;2015;04:59;0;AV GODOFREDO MACIEL;;;;;Queda;;;;Meio de Quadra;;;0;1;0;0;0;0;0;0;0;1;0;0;-38,564883;-3,780099;;;
261299;21;2;2015;09:01;0;AV FRANCISCO SA;;;;;Queda;Luz do Dia;;;Meio de Quadra;;;0;1;0;0;0;0;0;0;0;1;0;0;-38,574436;-3,711583;;;
261301;21;2;2015;09:25;0;RUA NAPOLEAO LAUREANO;;;;;Queda;Luz do Dia;;;Meio de Quadra;;;0;1;0;0;0;0;0;0;0;1;0;0;;;;;
261305;21;2;2015;13:21;0;AV CASTELO DE CASTRO;;;;;Queda;Luz do Dia;;;Meio de Quadra;;;0;1;0;0;0;0;0;0;0;1;0;0;;;;;
261306;21;2;2015;15:10;10409;AV GENIBAU;RUA DAS PEDRINHAS;;;;Colisão;Luz do Dia;;;Cruz;Pare;Residencial;1;0;1;1;0;0;0;0;0;1;0;0;-38,599888;-3,760779;;;
261308;21;2;2015;17:12;0;RUA ENG LUIS MONTENEGRO;;;;;Colisão;Anoitecer;;;Meio de Quadra;;;0;1;1;1;0;0;0;0;0;1;0;0;;;;;
261310;21;2;2015;17:47;0;AV DES FAUSTINO ALBUQUERQUE;;;;;Queda;Anoitecer;;;Meio de Quadra;;;0;1;0;0;0;1;0;0;0;0;0;0;-38,498635;-3,782980;;;
261311;21;2;2015;19:02;22102;RUA JOSE FACANHA;RUA MON FURTADO;;;;Colisão;;;;Cruz;Pare;Residencial;0;1;1;1;0;0;0;0;0;1;0;0;-38,555590;-3,753672;;;
261312;21;2;2015;19:04;0;AV CASTELO DE CASTRO;;;;;Colisão;;;;Meio de Quadra;;;0;1;1;1;0;0;0;0;0;1;0;0;-38,521508;-3,831362;;;
261313;21;2;2015;19:58;0;AV PRS COSTA E SILVA;;;;;Atropelamento;;;;Meio de Quadra;;;0;1;1;0;0;1;0;0;0;0;0;0;;;;;
261318;21;2;2015;20:59;0;RUA VITORIA (AV. PERIMETRAL);;;;;Colisão;;;;Meio de Quadra;;;0;1;1;1;0;0;0;0;0;1;0;0;;;;;
261319;21;2;2015;22:09;10995;RUA ALM RUBIM;RUA 15 DE NOVEMBRO;;;;Colisão;;;;Cruz;Semáforo;Comercial;0;1;1;1;0;0;0;0;0;1;0;0;-38,555939;-3,768907;;;
261320;21;2;2015;23:05;10005;RUA TAQUARI;RUA DUAS NACOES;;;;Colisão;;;;Cruz;Pare;Residencial;0;1;1;0;0;0;0;0;0;0;0;0;-38,601822;-3,776149;;;
261315;21;2;2015;20:15;0;RUA 18 CJ JOSE WALTER;;;;;Colisão;;;;Meio de Quadra;;;0;1;1;1;0;0;0;0;0;1;0;0;-38,553037;-3,826108;;;
273174;21;2;2015;11:00;0;RUA URUCUTUBA;;;30;CEMITÉRIO BOM JARDIM;Queda;Luz do Dia;;;Meio de Quadra;;;1;0;0;0;0;1;0;0;0;0;0;0;-38,596395;-3,798540;;;
249029;21;2;2015;11:00;0;AV DOMINGOS OLIMPIO;;;;;Colisão Traseira;Luz do Dia;Chuva;Molhada;Meio de Quadra;Não Há Controle;Comercial;0;1;1;1;0;0;0;0;0;0;0;0;;;;;
249030;21;2;2015;08:30;0;RUA CEL VIRGILIO NOGUEIRA (BOM JARDIM);;;;;;Luz do Dia;;;Meio de Quadra;;;0;1;1;1;0;0;0;0;0;1;0;0;;;;;
260428;21;2;2015;19:08;20403;RUA PDE PEDRO DE ALENCAR;RUA LUCIOLA;;;;Colisão;;;;T;Não Há Controle;Residencial;0;0;2;0;1;0;0;0;0;0;0;0;-38,494322;-3,842251;;;
265748;21;2;2015;19:20;0;AV WASHINGTON SOARES;;;8121;;Colisão;;;;Meio de Quadra;;;1;1;0;1;0;0;0;0;0;0;0;0;-38,481283;-3,822732;;;
260022;21;2;2015;11:27;1437;RUA JOAO CARVALHO;RUA SILVA PAULET;;;;;Luz do Dia;;;Cruz;Pare;Comercial;0;0;2;0;0;0;1;0;0;0;0;0;-38,506557;-3,737966;;;
260005;21;2;2015;05:21;0;RUA ANTONIO POMPEU;;;;;Colisão;Amanhecer;;;Meio de Quadra;;;0;0;2;1;0;0;0;0;0;0;0;0;;;;;
260012;21;2;2015;10:59;0;AV GAL OSORIO DE PAIVA;;;;;Colisão;Luz do Dia;;;Meio de Quadra;;;0;0;2;1;1;0;0;0;0;0;0;0;;;;;
264266;21;2;2015;09:21;0;AV GAL OSORIO DE PAIVA;;;1864;;Colisão;Luz do Dia;;;Meio de Quadra;;;0;0;2;0;0;0;0;0;0;0;0;0;-38,578364;-3,783146;;;
264267;21;2;2015;10:00;0;RUA TEODOMIRO DE CASTRO;;;4190;;Colisão;Luz do Dia;;;Meio de Quadra;;;0;0;2;0;0;0;0;0;0;0;0;0;-38,571527;-3,719159;;;
264268;21;2;2015;11:07;19611;RUA NEREU RAMOS;AV GODOFREDO MACIEL;;;;Colisão;Luz do Dia;;;T;Semáforo;Residencial;0;0;2;0;0;0;0;0;0;0;0;0;-38,566802;-3,787250;;;
264269;21;2;2015;13:13;12371;RUA MON HIPOLITO BRASIL;RUA TUPI D35;;;;Colisão;Luz do Dia;;;Cruz;Pare;Residencial;0;0;2;0;0;0;0;0;0;0;0;0;-38,578520;-3,759076;;;
264270;21;2;2015;13:14;0;TR CAP ARAGAO;;;710;;Colisão;Luz do Dia;;;Meio de Quadra;;;0;0;2;0;0;0;0;0;0;0;0;0;;;;;
264271;21;2;2015;14:10;0;RUA JOSE CARLOS GURGEL NOGUEIRA;;;211;;Colisão;Luz do Dia;;;Meio de Quadra;;;0;0;2;0;0;0;0;0;0;0;0;0;-38,474659;-3,734264;;;
264272;21;2;2015;14:47;17338;RUA ZACARIAS GONDIM;RUA BAR SOBRAL;;;;Colisão;Luz do Dia;;;Cruz;Pare;Residencial;0;0;2;0;0;0;0;0;0;0;0;0;-38,557307;-3,765280;;;
264273;21;2;2015;14:50;1432;AV SANTOS DUMONT;AV SEN VIRGILIO TAVORA;;;;Colisão;Luz do Dia;;;Cruz;Semáforo;Comercial;0;0;2;0;0;0;0;0;0;0;0;0;-38,493482;-3,737828;;;
264274;21;2;2015;15:31;14787;RUA JOAO AMORA;RUA MANUEL DA NOBREGA;;;;Colisão;Luz do Dia;;;;;;0;0;2;0;0;0;0;0;0;0;0;0;-38,584006;-3,799715;;;
264275;21;2;2015;15:32;0;RUA HOMEM DE MELO;;;555;;Colisão;Luz do Dia;;;Meio de Quadra;;;0;0;2;0;0;0;0;0;0;0;0;0;-38,493520;-3,815205;;;
264276;21;2;2015;16:54;2740;RUA EDSON MARTINS;RUA RAIMUNDO PINHEIRO;;;;Colisão;Luz do Dia;;;;;;0;0;2;0;0;0;0;0;0;0;0;0;-38,597621;-3,790975;;;
264277;21;2;2015;17:28;0;RUA MAJ MONTENEGRO;;;;;Colisão;Anoitecer;;;Meio de Quadra;;;0;0;2;0;0;0;0;0;0;0;0;0;;;;;
264278;21;2;2015;17:47;0;RUA NEUDELIA MONTE;;;;;Atropelamento;Anoitecer;;;Meio de Quadra;;;0;0;2;0;0;0;0;0;0;0;0;0;;;;;
264280;21;2;2015;18:49;0;AV PDE ANTONIO TOMAS;;;3206;;Colisão;;;;Meio de Quadra;;;0;0;2;0;0;0;0;0;0;0;0;0;-38,482775;-3,745665;;;
264282;21;2;2015;20:40;0;RUA EMILIO DE MENESES;;;;;Colisão;;;;Meio de Quadra;;;0;0;2;0;0;0;0;0;0;0;0;0;;;;;
264283;21;2;2015;21:02;24240;RUA FAUSTO CABRAL;RUA JOSE CARLOS GURGEL NOGUEIRA;;;;Colisão;;;;Cruz;Pare;Misto;0;0;2;0;0;0;0;0;0;0;0;0;-38,474615;-3,734195;;;
264285;21;2;2015;21:10;0;RUA 7 CJ JOSE WALTER;;;;;Colisão;;;;Meio de Quadra;;;0;0;2;0;0;0;0;0;0;0;0;0;;;;;
264287;21;2;2015;21:42;19533;RUA NEREU RAMOS;AV GAL OSORIO DE PAIVA;;;;Colisão;;;;Cruz;Semáforo;Comercial;0;0;2;0;0;0;0;0;0;0;0;0;-38,576828;-3,782196;;;
264293;21;2;2015;22:10;0;RUA MOURA MATOS;;;1412;;Atropelamento;;;;Meio de Quadra;;;0;0;2;0;0;0;0;0;0;0;0;0;-38,541760;-3,814019;;;
264294;21;2;2015;23:34;0;RUA LAURO NOGUEIRA;;;1500;;Capotamento;;;;Meio de Quadra;;;0;0;1;0;0;0;0;0;0;0;0;0;-38,472139;-3,742066;;;
264295;21;2;2015;23:48;1558;RUA PDE VALDEVINO;AV BAR STUDART;;;;Colisão;;;;Cruz;Semáforo;Misto;0;0;2;0;0;0;0;0;0;0;0;0;-38,508855;-3,741641;;;
264290;21;2;2015;22:05;0;RUA JOSE CARLOS GURGEL NOGUEIRA;;;210;;Colisão;;;;Meio de Quadra;;;0;0;2;0;0;0;0;0;0;0;0;0;-38,474659;-3,734264;;;
264298;22;2;2015;02:43;0;RUA BAR ARACATI;;;1932;;Colisão;;;;Meio de Quadra;;;0;0;2;0;0;0;0;0;0;0;0;0;-38,513715;-3,738484;;;
264301;22;2;2015;10:34;21605;RUA ANTONIO COSTA MENDES (PQ SÃO JOSÉ);RUA JOAO RAMALHO;;;;Colisão;Luz do Dia;;;;;;0;0;2;0;0;0;0;0;0;0;0;0;;;;;
264302;22;2;2015;13:24;13771;RUA LUIZA MIRANDA COELHO;AV PINTO BANDEIRA D56;;;;Colisão;Luz do Dia;;;Cruz;Pare;Residencial;0;0;2;0;0;0;0;0;0;0;0;0;-38,487283;-3,774929;;;
264304;22;2;2015;13:54;0;AV JOSE BASTOS;;;;;Colisão;Luz do Dia;;;Meio de Quadra;;;0;0;2;0;0;0;0;0;0;0;0;0;;;;;
264305;22;2;2015;14:11;8953;AV BEZERRA DE MENEZES;RUA TEOFILO GURGEL;;;;Colisão;Luz do Dia;;;Cruz;Não Há Controle;Comercial;0;0;2;0;0;0;0;0;0;0;0;0;-38,546109;-3,731856;;;
264307;22;2;2015;14:45;0;RUA HIPOLITO PAMPLONA;;;740;;Colisão;Luz do Dia;;;Meio de Quadra;;;0;0;2;0;0;0;0;0;0;0;0;0;-38,595773;-3,747558;;;
264309;22;2;2015;15:25;6376;AV A CJ CEARA;RUA 103 CJ CEARA;;;;Colisão;Luz do Dia;;;T;Não Há Controle;Residencial;0;0;2;0;0;0;0;0;0;0;0;0;-38,604985;-3,771719;;;
264311;22;2;2015;16:16;12833;AV EDUARDO GIRAO;RUA DAMASCENO GIRAO;;;;Colisão;Luz do Dia;;;Cruz;Semáforo;Comercial;0;0;2;0;0;0;0;0;0;0;0;0;-38,539292;-3,749257;;;
264313;22;2;2015;17:20;0;RUA CAP JOAO FERREIRA LIMA;;;;;Atropelamento;Anoitecer;;;Meio de Quadra;;;0;0;2;0;0;0;0;0;0;0;0;0;;;;;
264315;22;2;2015;18:08;6558;RUA 301 CJ CEARA;RUA 343 A CJ CEARA;;;;Colisão;Anoitecer;;;;;;0;0;2;0;0;0;0;0;0;0;0;0;-38,611526;-3,775440;;;
264318;22;2;2015;18:53;0;RUA JOSE SETUBAL PESSOA;;;;;Colisão;;;;Meio de Quadra;;;0;0;2;0;0;0;0;0;0;0;0;0;;;;;
264321;22;2;2015;21:17;0;RUA CAP HUGO BEZERRA;;;;;Colisão;;;;Meio de Quadra;;;0;0;2;0;0;0;0;0;0;0;0;0;;;;;
264323;22;2;2015;21:40;0;AV JOSE BASTOS;;;4150;;Colisão;;;;Meio de Quadra;;;0;0;2;0;0;0;0;0;0;0;0;0;-38,554467;-3,754005;;;
264325;22;2;2015;22:11;0;RUA 5;;;;;Colisão;;;;Meio de Quadra;;;0;0;2;0;0;0;0;0;0;0;0;0;;;;;
264326;22;2;2015;22:14;0;AV PAROARAS;;;;;Atropelamento;;;;Meio de Quadra;;;0;0;2;0;0;0;0;0;0;0;0;0;;;;;
257332;22;2;2015;00:15;0;AV PRS CASTELO BRANCO;;;2353;;Atropelamento;;;;Meio de Quadra;;;1;0;1;1;0;0;0;0;0;0;0;0;-38,548957;-3,713603;;;
261339;22;2;2015;02:03;0;RUA JOSE JUSTA;;;;;Queda;;;;Meio de Quadra;;;0;1;0;0;0;1;0;0;0;0;0;0;-38,508406;-3,759826;;;
261340;22;2;2015;10:37;10999;RUA 15 DE NOVEMBRO;RUA ALBERTO MAGNO;;;;Colisão;Luz do Dia;;;Cruz;Pare;Residencial;0;1;1;1;0;0;0;0;0;0;0;0;-38,553169;-3,769909;;;
261334;22;2;2015;00:07;0;RUA ALEXANDRE BARAUNA;;;;;Colisão;;;;Meio de Quadra;;;0;1;1;0;0;0;0;0;0;0;0;0;-38,553052;-3,746758;;;
261335;22;2;2015;00:12;0;RUA ALM RUBIM;;;;;Queda;;;;Meio de Quadra;;;0;1;0;0;0;0;0;0;0;1;0;0;;;;;
261337;22;2;2015;01:39;0;AV ENG SANTANA JUNIOR;;;;;Colisão;;;;;;;0;1;1;1;0;0;0;0;0;1;0;0;-38,486614;-3,742741;;;
261342;22;2;2015;11:46;0;RUA PDE PEDRO DE ALENCAR;;;;;Queda;Luz do Dia;;;Meio de Quadra;;;0;1;0;0;0;0;0;0;0;1;0;0;;;;;
261343;22;2;2015;12:09;0;RUA BELISARIO TAVORA;;;;;Atropelamento;Luz do Dia;;;Meio de Quadra;;;0;1;1;0;0;0;0;0;0;1;0;0;;;;;
261344;22;2;2015;12:24;0;RUA BAR SOBRAL;;;;;Colisão;Luz do Dia;;;Meio de Quadra;;;0;1;1;1;0;1;0;0;0;0;0;0;-38,552184;-3,768118;;;
261345;22;2;2015;13:40;18169;RUA FRANCISCO D PERDIGAO;AV DIOGUINHO;;;;Colisão;Luz do Dia;;;Outros;Não Há Controle;Comercial;0;1;1;1;0;0;0;0;0;1;0;0;-38,442522;-3,762963;;;