COD_ACIDENTE;DIA;MES;ANO;HORA;INTERSECAO;LOG1;LOG2;LOG3;NUMERO;REFERENCIA;NATUREZA;ILUMINACAO;TEMPO;SUPERFICIEPISTA;TIPOCRUZAMENTO;CONTROLETRAFEGO;USOSOLO;MORTOS;FERIDOS;ILESOS;AUTOMOVEL;ONIBUS;BICICLETA;CAMINHAO;MICROONIBUS;CICLOMOTOR;MOTOCICLETA;TRACAOANIMAL;TREM;LONG;LAT;;;
261347;22;2;2015;14:20;0;AV AUGUSTO DOS ANJOS;;;;;Atropelamento;Luz do Dia;;;Meio de Quadra;;;0;1;1;0;0;0;0;0;0;1;0;0;-38,580237;-3,781404;;;
261349;22;2;2015;14:51;0;RUA VIRGILIO BRANDAO;;;;;Colisão;Luz do Dia;;;Meio de Quadra;;;0;1;1;0;0;0;0;0;0;0;0;0;-38,595614;-3,748918;;;
261358;22;2;2015;22:41;0;AV JOR THOMAZ COELHO;;;;;Colisão;;;;Meio de Quadra;;;0;1;1;1;0;0;0;0;0;1;0;0;-38,509057;-3,829923;;;
261359;22;2;2015;22:43;0;AV CASTELO DE CASTRO;;;;;Atropelamento;;;;Meio de Quadra;;;0;1;1;0;0;0;0;0;0;0;0;0;;;;;
261360;22;2;2015;23:01;3985;RUA AFRODISIO GONDIM;RUA ALBERTO MAGNO;;;;Colisão;;;;Cruz;Pare;Comercial;0;1;1;1;0;0;0;0;0;1;0;0;-38,544286;-3,758370;;;
261353;22;2;2015;16:18;21546;RUA TULIPA NEGRA;RUA CEREJEIRAS;;;;Colisão;Luz do Dia;;;Cruz;Pare;Comercial;0;1;1;0;0;0;0;0;0;1;0;0;-38,597655;-3,819417;;;
261354;22;2;2015;19:08;0;RUA DORALICE COSTA;AV ROGACIANO LEITE;;;;Colisão;;;;;;;0;1;1;0;0;0;0;0;0;0;0;0;;;;;
261355;22;2;2015;21:48;0;RUA PRE NOVE;;;;;Colisão;;;;Meio de Quadra;;;0;1;1;1;0;1;0;0;0;0;0;0;-38,539233;-3,754785;;;
261356;22;2;2015;22:21;0;RUA VALPARAISO;;;1636;;Colisão;;;;Meio de Quadra;;;0;1;1;0;0;0;0;0;0;1;0;0;-38,530960;-3,839956;;;
261351;22;2;2015;14:58;65;RUA HUGO VITOR;RUA MARTINS NETO;;;;Colisão;Luz do Dia;;;Cruz;Pare;Misto;0;1;1;1;0;0;0;0;0;1;0;0;-38,591458;-3,740726;;;
248993;22;2;2015;18:00;1585;RUA PDE VALDEVINO;RUA TIBURCIO CAVALCANTE;;;;Colisão Transversal;Anoitecer;Bom;Seca;Cruz;Semáforo;Residencial;0;1;1;1;0;0;0;0;0;1;0;0;-38,504815;-3,742915;;;
248990;22;2;2015;07:00;5472;RUA JAIME BENEVOLO;RUA ANTONIO POMPEU;;;;Colisão Traseira;Luz do Dia;Bom;Seca;Cruz;Semáforo;Residencial;0;0;2;1;0;0;0;0;0;0;0;0;-38,526664;-3,736033;;;
248991;22;2;2015;06:30;25345;RUA PORTO VELHO;RUA VITORIA (AV. PERIMETRAL);;;;Colisão Transversal;Luz do Dia;Bom;Seca;Cruz;Semáforo;Residencial;0;1;1;0;0;0;0;0;0;1;0;0;-38,588528;-3,765170;;;
248988;22;2;2015;18:50;22773;RUA ELISEU ORIA;RUA EDUARDO NOVAES;;;;Colisão Lateral;Via Iluminada;Bom;Seca;Cruz;Não Há Controle;Residencial;0;0;2;1;0;0;0;0;0;0;0;0;-38,476996;-3,800489;;;
248985;22;2;2015;15:20;23433;RUA MON SALAZAR;RUA PRO CARVALHO;;;;Colisão Transversal;Luz do Dia;Bom;Seca;Cruz;Pare;Misto;0;0;2;1;0;0;0;0;0;0;0;0;-38,514308;-3,756146;;;
248986;22;2;2015;11:40;0;RUA ADOLFO CAMINHA;;;17;;Colisão Lateral;Luz do Dia;Bom;Seca;Meio de Quadra;Não Há Controle;Comercial;0;0;2;1;0;0;0;0;0;0;0;0;-38,523431;-3,721223;;;
248983;22;2;2015;22:05;0;RUA JOSE MENDONCA;;;1037;;Colisão Transversal;Via Iluminada;Bom;Seca;Meio de Quadra;Não Há Controle;Residencial;0;2;1;0;0;0;0;0;0;1;0;0;-38,601734;-3,754695;;;
249005;23;2;2015;15:10;1888;RUA PDE PEDRO DE ALENCAR;RUA LUIZ FERNANDES;;;;;Luz do Dia;Bom;Seca;;Pare;Comercial;0;1;1;0;0;0;1;0;0;1;0;0;-38,494485;-3,845171;;;
249007;23;2;2015;20:45;0;AV BORGES DE MELO;;;;;Colisão Lateral;Via Iluminada;Bom;Seca;Outros;;Outros;0;1;1;0;1;0;0;0;0;1;0;0;-38,520773;-3,761269;;;
261372;23;2;2015;17:21;0;RUA RAFAEL TOBIAS;;;;;Colisão;Anoitecer;;;Meio de Quadra;;;0;1;1;1;0;0;0;0;0;1;0;0;;;;;
261375;23;2;2015;20:08;11768;AV PRS CASTELO BRANCO;AV FILOMENO GOMES;;;;Atropelamento;;;;Cruz;Semáforo;Lazer;0;1;1;1;0;0;0;0;0;0;0;0;-38,541982;-3,715542;;;
261376;23;2;2015;21:40;0;AV PRS CASTELO BRANCO;RUA ARAQUEM;;;;Queda;;;;;;;0;1;0;0;0;0;0;0;0;1;0;0;;;;;
261366;23;2;2015;12:41;5060;RUA CASTRO E SILVA;AV IMPERADOR;;;;Colisão;Luz do Dia;;;Cruz;Semáforo;Comercial;0;1;1;0;0;0;0;0;0;0;0;0;-38,532916;-3,722013;;;
261367;23;2;2015;15:27;0;AV SEN FERNANDES TAVORA;;;;;Queda;Luz do Dia;;;Meio de Quadra;;;0;1;0;0;0;0;0;0;0;1;0;0;;;;;
261368;23;2;2015;17:07;0;RUA CAP FRANCISCO PEDRO;;;;;Atropelamento;Anoitecer;;;Meio de Quadra;;;0;1;1;1;0;0;0;0;0;0;0;0;;;;;
261361;23;2;2015;06:19;0;RUA JULIO BRAGA;;;;;Colisão;Luz do Dia;;;Meio de Quadra;;;0;1;1;1;0;0;0;0;0;1;0;0;;;;;
261362;23;2;2015;07:40;0;AV TRISTAO GONCALVES;;;;;Colisão;Luz do Dia;;;Meio de Quadra;;;0;1;1;1;0;0;0;0;0;1;0;0;;;;;
261363;23;2;2015;08:54;0;AV SEN CARLOS JEREISSATI (AEROPORTO);;;;;Colisão;Luz do Dia;;;Meio de Quadra;;;0;1;1;1;0;0;0;0;0;1;0;0;;;;;
249031;23;2;2015;08:45;5030;AV ALM BARROSO;RUA ALM JACEGUAI;;;;Colisão Traseira;Luz do Dia;Bom;Seca;T;Semáforo Danificado;Comercial;0;0;2;1;0;0;1;0;0;0;0;0;-38,519363;-3,720749;;;
249033;23;2;2015;07:00;25018;RUA TEODOMIRO DE CASTRO;RUA FRANCISCO CALACA;;;;Colisão Frontal;Luz do Dia;Bom;Seca;T;Pare;Comercial;0;1;1;0;1;0;0;0;0;1;0;0;-38,574380;-3,717748;;;
249021;23;2;2015;08:00;4190;RUA DOM HELIO CAMPOS D21;RUA MON ROSA D20/21;;;;Colisão Lateral;Luz do Dia;Bom;Seca;Cruz;Não Há Controle;Residencial;0;0;2;1;0;0;0;0;0;0;0;0;-38,555141;-3,712790;;;
249016;23;2;2015;12:15;11840;RUA MON DANTAS;RUA DNA MAROQUINHA;;;;Colisão Transversal;Luz do Dia;Bom;Seca;Cruz;Pare;Misto;0;0;2;1;0;0;0;0;0;0;0;0;-38,545833;-3,720021;;;
249018;23;2;2015;13:42;0;AV PRS CASTELO BRANCO;;;2556;;Colisão Traseira;Luz do Dia;Bom;Seca;Meio de Quadra;Semáforo;Misto;0;0;2;1;0;0;0;0;0;0;0;0;-38,550813;-3,713045;;;
249019;23;2;2015;08:40;1393;AV RUI BARBOSA;RUA JOAO CARVALHO;;;;Colisão Lateral;Luz do Dia;Bom;Seca;Cruz;Semáforo;Residencial;0;0;2;1;0;0;0;0;0;0;0;0;-38,509731;-3,736928;;;
249036;23;2;2015;13:50;5468;RUA BAR ARATANHA;RUA ANTONIO POMPEU;;;;Colisão Transversal;Luz do Dia;Bom;Seca;Cruz;Semáforo;Comercial;0;1;1;1;0;0;0;0;0;1;0;0;-38,527351;-3,735826;;;
249038;23;2;2015;08:00;10956;RUA EUZEBIO DE QUEIROS;RUA LIVINO DE CARVALHO;;;;;Luz do Dia;Bom;Seca;Cruz;;Misto;0;1;1;1;0;0;0;0;0;0;0;0;-38,555978;-3,771892;;;
249040;23;2;2015;11:20;19278;RUA 7 DE SETEMBRO;RUA CAIO PRADO;;;;Colisão Lateral;Luz do Dia;Bom;Seca;Cruz;Semáforo;Misto;0;0;2;1;1;0;0;0;0;0;0;0;-38,563028;-3,773724;;;
249042;23;2;2015;13:00;3769;AV DOMINGOS OLIMPIO;RUA SEN POMPEU;;;;Colisão Traseira;Luz do Dia;Bom;Seca;Cruz;Semáforo;Misto;0;0;2;1;0;0;0;0;0;0;0;0;-38,532455;-3,736254;;;
249043;23;2;2015;12:55;1324;RUA TORRES CAMARA;RUA DR JOSE LOURENCO;;;;Colisão Lateral;Luz do Dia;Bom;Seca;Cruz;Pare;Comercial;0;0;2;1;0;0;0;0;0;0;0;0;-38,508053;-3,735281;;;
249023;23;2;2015;18:00;16039;AV PRS COSTA E SILVA;RUA CEL TIBURCIO;;;;Colisão Lateral;Via Iluminada;Bom;Seca;Cruz;Semáforo;Outros;0;1;1;0;0;0;1;0;1;0;0;0;-38,573703;-3,812167;;;
249046;23;2;2015;11:40;0;AV ABOLICAO;;;2727;;Colisão Traseira;Luz do Dia;Bom;Seca;Meio de Quadra;Não Há Controle;Comercial;0;0;2;1;0;0;0;0;0;0;0;0;-38,495392;-3,727318;;;
249049;23;2;2015;20:30;930;AV AGUANAMBI;AV BORGES DE MELO;;;;Colisão Traseira;Mal Iluminada;Bom;Seca;T;Semáforo;Outros;0;0;2;1;0;0;0;0;0;0;0;0;-38,523880;-3,760928;;;
249052;23;2;2015;14:00;7909;AV DES MOREIRA;RUA FRANCISCO HOLANDA;;;;Choque c/ Obstáculo Fixo;Luz do Dia;Bom;Seca;Cruz;Semáforo;Comercial;0;0;1;1;0;0;0;0;0;0;0;0;-38,502540;-3,749355;;;
249053;23;2;2015;13:00;15205;AV ABOLICAO;RUA OSVALDO CRUZ (ALDEOTA);;;;Colisão;Luz do Dia;Bom;Seca;Cruz;Semáforo;Comercial;0;1;1;0;0;0;0;0;0;1;0;0;-38,497445;-3,726690;;;
249057;23;2;2015;08:00;22124;RUA PRO COSTA MENDES;RUA MAJ PEDRO SAMPAIO;;;;Colisão Lateral;Luz do Dia;Bom;Seca;Cruz;Pare;Comercial;0;1;1;1;1;0;0;0;0;0;0;0;-38,554665;-3,747674;;;
249058;23;2;2015;09:00;0;AV PRS COSTA E SILVA;;;121;;Colisão Traseira;Luz do Dia;Nublado;Molhada;Meio de Quadra;;Residencial;0;1;1;0;1;0;0;0;0;1;0;0;;;;;
249059;23;2;2015;15:30;11339;AV GODOFREDO MACIEL;AV BENJAMIM BRASIL;;;;Colisão Lateral;Luz do Dia;Chuva;Molhada;Cruz;Semáforo Intermitente;Comercial;0;0;2;1;0;0;0;0;0;0;0;0;-38,572040;-3,803264;;;
249060;23;2;2015;08:30;7760;AV ANTONIO SALES;RUA SILVA PAULET;;;;Colisão Lateral;Luz do Dia;Bom;Seca;Cruz;Pare;Comercial;0;0;2;1;0;0;0;0;0;0;0;0;-38,508383;-3,743595;;;
249061;23;2;2015;11:20;13431;RUA HENRIQUE RABELO;RUA ADOLFO SILVEIRA;;;;Colisão Traseira;Luz do Dia;Bom;Seca;T;Pare;Residencial;0;0;2;1;0;0;0;0;0;0;0;0;-38,521608;-3,742598;;;
249055;23;2;2015;13:30;12352;RUA MON HIPOLITO BRASIL;RUA ERNESTO PEDRO SANTOS;;;;Colisão Transversal;Luz do Dia;Bom;Seca;Cruz;Pare;Misto;0;0;2;1;0;0;0;0;0;1;0;0;-38,575314;-3,760775;;;
249064;23;2;2015;20:00;17677;RUA E VENEZA TROPICAL;RUA 8 VENEZA TROPICAL;;;;Colisão Transversal;Via Iluminada;Bom;Seca;T;Pare;Comercial;0;2;1;1;0;0;0;0;0;1;0;0;-38,541209;-3,798273;;;
249065;23;2;2015;21:30;12835;AV DOMINGOS OLIMPIO;RUA SOLON PINHEIRO;;;;Colisão Traseira;Via Iluminada;Bom;Seca;Cruz;Semáforo;Comercial;0;0;2;1;0;0;0;0;0;0;0;0;-38,528650;-3,737409;;;
257333;23;2;2015;09:10;2869;RUA BARRA MANSA;RUA CEL VIRGILIO NOGUEIRA (BOM JARDIM);;;;Colisão;Luz do Dia;;;;;;0;1;0;1;0;0;0;0;0;1;0;0;-38,610986;-3,795808;;;
257335;23;2;2015;14:20;170;AV ENG SERRAINE;AV SGT HERMINIO SAMPAIO;;;;Colisão;Luz do Dia;;;;;;0;1;0;1;0;0;0;0;0;0;0;0;-38,585621;-3,734139;;;
258802;23;2;2015;16:10;0;RD CE-040;;;;KM-01;Choque c/ Obstáculo Fixo;Luz do Dia;;Seca;Meio de Quadra;;;0;0;1;1;0;0;0;0;0;0;0;0;-38,483270;-3,754877;;;
264328;23;2;2015;10:42;0;RUA SAMUEL UCHOA;;;758;;Colisão;Luz do Dia;;;Meio de Quadra;;;0;0;2;0;0;0;0;0;0;0;0;0;-38,546711;-3,753615;;;
264329;23;2;2015;11:07;12857;RUA FLORIANO PEIXOTO;RUA CARLOS GOMES;;;;Colisão;Luz do Dia;;;Cruz;Pare;Residencial;0;0;2;0;0;0;0;0;0;0;0;0;-38,531321;-3,739998;;;
264330;23;2;2015;11:25;1405;AV SANTOS DUMONT;RUA VICENTE LEITE;;;;Colisão;Luz do Dia;;;Cruz;Semáforo;Comercial;0;0;2;0;0;0;0;0;0;0;0;0;-38,495419;-3,737173;;;
264331;23;2;2015;11:44;0;LOGRADOURO SEM NOME;;;;;Atropelamento;Luz do Dia;;;Meio de Quadra;;;0;0;2;0;0;0;0;0;0;0;0;0;;;;;
264332;23;2;2015;14:07;0;RUA JOSE VILAR;;;2;;Colisão;Luz do Dia;;;Meio de Quadra;;;0;0;2;0;0;0;0;0;0;0;0;0;;;;;
264334;23;2;2015;21:55;0;AV ALM HENRIQUE SABOIA;;;;;Colisão;;;;Meio de Quadra;;;0;0;2;0;0;0;0;0;0;0;0;0;;;;;
260038;23;2;2015;10:06;0;RUA ALM RUBIM;;;;;Colisão;Luz do Dia;;;Meio de Quadra;;;0;0;3;0;0;0;0;0;0;0;0;0;;;;;
260034;23;2;2015;08:20;20839;AV JOVITA FEITOSA;RUA 21 DE ABRIL D27;;;;Colisão;Luz do Dia;;;Cruz;Não Há Controle;Residencial;0;0;2;1;0;0;0;0;0;0;0;0;-38,567358;-3,742913;;;
253554;23;2;2015;12:50;0;RD BR 222;;;;KM 00;Colisão Traseira;Luz do Dia;Nublado;Seca;Meio de Quadra;Não Há Controle;Comercial;0;0;2;1;0;0;0;0;0;0;0;0;-38,569072;-3,736611;;;
260039;24;2;2015;11:22;0;RUA ALM RUBIM;;;;;Colisão;Luz do Dia;;;Meio de Quadra;;;0;0;2;0;0;0;0;0;0;0;0;0;;;;;
260048;24;2;2015;19:45;0;RUA GAL SILVA JUNIOR;;;;;;;;;Meio de Quadra;;;0;0;2;1;0;0;0;0;0;0;0;0;;;;;
260042;24;2;2015;15:35;0;RUA CEL SOLON;;;;;;Luz do Dia;;;Meio de Quadra;;;0;0;2;0;0;0;0;0;0;0;0;0;;;;;
260063;24;2;2015;19:59;15342;RUA PEREIRA VALENTE;RUA OSVALDO CRUZ (ALDEOTA);;;;;;;;Cruz;Pare;Residencial;0;0;2;0;0;0;0;0;0;0;0;0;-38,499032;-3,731621;;;
264335;24;2;2015;09:45;0;AV BENJAMIM BRASIL;;;1685;;Colisão;Luz do Dia;;;Meio de Quadra;;;0;0;2;0;0;0;0;0;0;0;0;0;-38,560749;-3,807022;;;
264336;24;2;2015;09:49;0;RUA JOAQUIM DOS ANJOS;;;584;;Colisão;Luz do Dia;;;Meio de Quadra;;;0;0;2;0;0;0;0;0;0;0;0;0;-38,567575;-3,831647;;;
264338;24;2;2015;10:39;8790;RUA ELISEU ORIA;RUA MARCELINO LOPES;;;;Colisão;Luz do Dia;;;Outros;Pare;Misto;0;0;2;0;0;0;0;0;0;0;0;0;-38,477633;-3,792999;;;
264339;24;2;2015;10:44;0;RUA BAR SOBRAL;;;645;;Colisão;Luz do Dia;;;Meio de Quadra;;;0;0;2;0;0;0;0;0;0;0;0;0;-38,554801;-3,766667;;;
264341;24;2;2015;10:49;1527;RUA OSVALDO CRUZ (ALDEOTA);RUA CAROLINA SUCUPIRA;;;;Colisão;Luz do Dia;;;Cruz;Pare;Misto;0;0;2;0;0;0;0;0;0;0;0;0;-38,501914;-3,740552;;;
264345;24;2;2015;11:17;266;AV JOVITA FEITOSA;RUA ERICO MOTA;;;;Colisão;Luz do Dia;;;Cruz;Semáforo;Comercial;0;0;2;0;0;0;0;0;0;0;0;0;-38,561850;-3,740938;;;
264347;24;2;2015;15:00;0;AV DR SILAS MUNGUBA;;;;;Colisão;Luz do Dia;;;Meio de Quadra;;;0;0;2;0;0;0;0;0;0;0;0;0;;;;;
264350;24;2;2015;21:39;5742;AV OLIVEIRA PAIVA;RUA MANUEL MONTEIRO;;;;Colisão;;;;Cruz;Semáforo;Comercial;0;0;2;0;0;0;0;0;0;0;0;0;-38,494140;-3,795496;;;
264352;24;2;2015;21:43;0;AV DOS EXPEDICIONARIOS;;;8259;;Colisão;;;;Meio de Quadra;;;0;0;2;0;0;0;0;0;0;0;0;0;-38,549248;-3,791601;;;
264356;24;2;2015;22:05;0;RUA SGT JOAO PINHEIRO;;;1350;;Colisão;;;;Meio de Quadra;;;0;0;2;0;0;0;0;0;0;0;0;0;-38,623362;-3,784760;;;
261387;24;2;2015;18:25;10936;RUA ZACARIAS GONDIM;RUA ELCIAS LOPES;;;;Queda;Anoitecer;;;;;;0;1;0;0;0;0;0;0;0;1;0;0;-38,559103;-3,769876;;;
261388;24;2;2015;19:37;0;RUA MARTINS NETO;;;;;Queda;;;;Meio de Quadra;;;0;1;0;0;0;0;0;0;0;1;0;0;-38,591193;-3,740692;;;
261389;24;2;2015;19:42;6809;RUA BENTO ALBUQUERQUE;RUA CESAR FONSECA;;;;Colisão;;;;Cruz;Pare;Residencial;0;1;1;1;0;0;0;0;0;1;0;0;-38,474090;-3,746679;;;
261411;24;2;2015;21:35;0;RUA VITAL BRASIL;;;;;Colisão;;;;Meio de Quadra;;;0;1;1;0;0;0;0;0;0;1;0;0;;;;;
260434;24;2;2015;08:08;25815;RUA ENG EDMUNDO ALMEIDA FILHO;RUA 13 DE ABRIL;;;;Colisão;Luz do Dia;;;T;Não Há Controle;Misto;0;0;2;0;1;0;0;0;0;0;0;0;-38,530522;-3,764695;;;
260435;24;2;2015;11:46;12455;RUA RIO GRANDE DO SUL;AV SEN FERNANDES TAVORA;;;;Colisão;Luz do Dia;;;T;Semáforo;Comercial;0;0;2;1;0;0;0;0;0;0;0;0;-38,572159;-3,768083;;;
249070;24;2;2015;15:30;5063;RUA BAR RIO BRANCO;AV PRS CASTELO BRANCO;;;;Colisão Transversal;Luz do Dia;Bom;Seca;T;Pare;Outros;0;1;1;0;0;0;0;0;0;1;0;0;-38,526642;-3,721459;;;
249071;24;2;2015;10:00;0;RUA EDUARDO PERDIGAO;;;;;Colisão Lateral;Luz do Dia;Nublado;Molhada;Meio de Quadra;Pare;Comercial;0;0;2;0;1;0;1;0;0;0;0;0;;;;;
249056;24;2;2015;16:30;13393;RUA HENRIQUE RABELO;RUA JOAQUIM TORRES;;;;Colisão Transversal;Luz do Dia;Bom;Seca;Cruz;Pare;Misto;0;0;2;1;0;0;0;0;0;0;0;0;-38,521515;-3,740897;;;
249048;24;2;2015;12:50;3820;AV 13 DE MAIO;AV CARAPINIMA;;;;Engavetamento;Luz do Dia;Nublado;Seca;Cruz;Semáforo;Comercial;0;0;4;1;0;0;0;0;0;0;0;0;-38,540239;-3,740001;;;
249063;24;2;2015;19:12;9572;RUA JOSE TORRES;RUA OLIVEIRA SOBRINHO;;;;Colisão Lateral;Via Iluminada;Bom;Seca;Cruz;Pare;Residencial;0;0;2;0;0;0;1;0;0;0;0;0;-38,606477;-3,777129;;;
249068;24;2;2015;13:40;0;RUA MAL DEODORO;;;;;Colisão;Luz do Dia;;;Meio de Quadra;;;0;0;2;1;0;0;0;0;0;0;0;0;;;;;
249074;24;2;2015;18:15;5130;RUA CASTRO E SILVA;RUA FLORIANO PEIXOTO;;;;Colisão Lateral;Via Iluminada;Bom;Seca;Cruz;Pare;Comercial;0;0;2;1;0;0;0;0;0;0;0;0;-38,526110;-3,724272;;;
249054;24;2;2015;14:00;22060;RUA CARVALHO MOTA;RUA PAPI JUNIOR;;;;Colisão Lateral;Luz do Dia;Bom;Seca;Cruz;Pare;Residencial;0;1;1;1;0;0;0;0;0;0;0;0;-38,544669;-3,738097;;;
249050;24;2;2015;15:00;21383;AV JOVITA FEITOSA;AV JOSE BASTOS;;;;Colisão Traseira;Luz do Dia;Nublado;Seca;Cruz;Pare;Comercial;0;0;2;1;0;0;0;0;0;0;0;0;-38,543936;-3,737273;;;
249045;24;2;2015;15:45;21485;AV FRE CIRILO;AV MIN JOSE AMERICO;;;;Colisão Traseira;Luz do Dia;Nublado;Seca;Cruz;Semáforo;;0;0;2;1;0;0;0;0;0;0;0;0;-38,499500;-3,812905;;;
249041;24;2;2015;00:05;3589;RUA TAQUATIARA;RD BR 116;;;;Colisão Lateral;Via Iluminada;Bom;Seca;T;Pare;Comercial;0;1;1;0;0;0;0;0;0;1;0;0;-38,505021;-3,829627;;;
249039;24;2;2015;20:20;1337;AV SANTOS DUMONT;RUA OSVALDO CRUZ (ALDEOTA);;;;Colisão Lateral;Via Iluminada;Nublado;Seca;Cruz;Semáforo;Comercial;0;0;2;1;0;0;0;0;0;0;0;0;-38,500317;-3,735602;;;
249020;24;2;2015;08:00;22093;AV JOSE BASTOS;RUA ALEXANDRE BARAUNA;;;;Colisão Transversal;Luz do Dia;Nublado;Seca;Cruz;Semáforo;Misto;0;0;2;0;1;0;0;1;0;0;0;0;-38,549978;-3,749516;;;
249017;24;2;2015;10:00;3863;AV DOS EXPEDICIONARIOS;AV 13 DE MAIO;;;;Colisão;Luz do Dia;Nublado;Molhada;;Pare;Outros;0;0;2;1;0;0;0;0;0;0;0;0;-38,534969;-3,744515;;;
249022;24;2;2015;13:30;6837;AV ANTONIO SALES;RUA SAO GABRIEL (COCO);;;;Colisão Lateral;Luz do Dia;Bom;Seca;T;Pare;Comercial;0;1;1;1;0;0;0;0;1;0;0;0;-38,492552;-3,748462;;;
249025;24;2;2015;15:40;17464;AV BEIRA MAR;RUA BAUXITA;;;;Colisão Traseira;Luz do Dia;Nublado;Seca;T;Não Há Controle;Comercial;0;0;2;1;0;0;0;0;0;0;0;0;-38,481648;-3,722583;;;
249034;24;2;2015;13:00;22865;RUA CON LIMA SUCUPIRA;RUA BERNARDO MANUEL;;;;Colisão Transversal;Luz do Dia;Chuva;Molhada;Cruz;Não Há Controle;Comercial;0;0;2;1;0;0;0;0;0;0;0;0;-38,545656;-3,779874;;;
249035;24;2;2015;11:50;0;AV AGUANAMBI;;;;ROTATÓRIA;Colisão Lateral;Luz do Dia;Nublado;Seca;Meio de Quadra;Semáforo;Comercial;0;0;2;1;0;0;1;0;0;0;0;0;-38,523043;-3,755538;;;
249027;24;2;2015;07:40;25044;AV ENG HUMBERTO MONTE;RUA ARGENTINA;;;;Colisão Lateral;Luz do Dia;Chuva;Molhada;Cruz;Semáforo;Residencial;0;1;1;1;0;0;0;0;0;1;0;0;-38,563090;-3,746008;;;
249028;24;2;2015;17:30;0;RUA ROTARY;;;330;;Colisão Transversal;Via Iluminada;Nublado;Seca;Meio de Quadra;Não Há Controle;Residencial;0;0;2;0;0;0;0;0;0;0;0;0;-38,556783;-3,742130;;;
249032;24;2;2015;08:10;19596;RUA NEREU RAMOS;RUA TCHECOSLOVAQUIA;;;;Colisão Lateral;Luz do Dia;Bom;Seca;Cruz;Pare;Comercial;0;1;1;1;0;0;0;0;0;1;0;0;-38,570458;-3,785913;;;
249013;24;2;2015;08:00;5305;RUA SENA MADUREIRA;RUA MON LUIS ROCHA;;;;Colisão Lateral;;Bom;Seca;T;Não Há Controle;Comercial;0;0;2;1;0;0;0;0;0;1;0;0;-38,525666;-3,729618;;;
249014;24;2;2015;;19746;RUA ARMANDO OLIVEIRA;RUA GUSTAVO SAMPAIO;;;;Colisão Transversal;Via Iluminada;Bom;Seca;Cruz;Pare;Misto;0;0;2;1;0;0;1;0;0;0;0;0;-38,567382;-3,737521;;;
249015;24;2;2015;13:00;5431;RUA GAL CLARINDO DE QUEIROZ;RUA BAR ARATANHA;;;;Colisão Traseira;Luz do Dia;Nublado;Seca;Cruz;Não Há Controle;Comercial;0;0;2;1;0;0;0;0;0;0;0;0;-38,526693;-3,733844;;;
249010;24;2;2015;11:00;0;AV CARAPINIMA;;;2298;;Colisão Traseira;Luz do Dia;Chuva;Molhada;Meio de Quadra;Semáforo;Comercial;0;0;2;0;0;0;0;1;0;0;0;0;-38,540297;-3,740058;;;
249011;24;2;2015;16:30;25037;AV LUCIANO CARNEIRO;RUA JULIO DA SILVEIRA;;;;Colisão Traseira;Luz do Dia;Bom;Seca;T;Pare;Comercial;0;0;2;1;0;0;0;0;0;0;0;0;-38,535029;-3,759514;;;
261382;24;2;2015;14:10;0;AV JOSE BASTOS;;;;;Colisão;Luz do Dia;;;Meio de Quadra;;;0;1;1;1;0;0;0;0;0;1;0;0;-38,554763;-3,754300;;;
261383;24;2;2015;16:35;0;AV PRS CASTELO BRANCO;;;;;Queda;Luz do Dia;;;Meio de Quadra;;;0;1;0;0;0;0;0;0;0;1;0;0;-38,569356;-3,708056;;;
261384;24;2;2015;16:46;0;AV PRS COSTA E SILVA;;;;;Queda;Luz do Dia;;;Meio de Quadra;;;0;1;0;0;0;1;0;0;0;0;0;0;;;;;
261385;24;2;2015;17:26;0;RUA GAL CLARINDO DE QUEIROZ;;;;;Colisão;Anoitecer;;;Meio de Quadra;;;0;1;1;1;0;1;0;0;0;0;0;0;;;;;
261386;24;2;2015;18:04;0;AV PRS CASTELO BRANCO;;;;;Atropelamento;Anoitecer;;;Meio de Quadra;;;0;1;1;0;0;0;0;0;0;1;0;0;;;;;
261378;24;2;2015;07:57;0;AV DR SILAS MUNGUBA;;;;;Atropelamento;Luz do Dia;;;Meio de Quadra;;;0;1;1;0;0;0;0;0;0;1;0;0;-38,542100;-3,789771;;;
261379;24;2;2015;10:26;0;AV DOMINGOS OLIMPIO;;;;;Colisão;Luz do Dia;;;Meio de Quadra;;;0;1;1;1;0;0;0;0;0;1;0;0;-38,527167;-3,737804;;;
261380;24;2;2015;11:45;0;RUA RUI MONTE;;;;;Colisão;Luz do Dia;;;Meio de Quadra;;;0;1;1;1;0;0;0;0;0;1;0;0;;;;;
249008;24;2;2015;07:05;5122;AV IMPERADOR;RUA SAO PAULO;;;;Colisão Lateral;Luz do Dia;Nublado;Seca;Cruz;Semáforo;Comercial;0;0;2;1;1;0;0;0;0;0;0;0;-38,533522;-3,724049;;;
249006;24;2;2015;20:30;15155;AV BEIRA MAR;RUA NUNES VALENTE;;;;Colisão Lateral;Anoitecer;;Seca;Cruz;Pare;Residencial;0;0;2;0;0;0;0;0;0;0;0;0;-38,500106;-3,724863;;;
249002;24;2;2015;06:10;0;AV C CJ HAB ST SAO JOAO;;;;;Colisão Lateral;;Nublado;Seca;Meio de Quadra;Pare;Residencial;0;0;2;1;1;0;0;0;0;0;0;0;;;;;