COD_ACIDENTE;DIA;MES;ANO;HORA;INTERSECAO;LOG1;LOG2;LOG3;NUMERO;REFERENCIA;NATUREZA;ILUMINACAO;TEMPO;SUPERFICIEPISTA;TIPOCRUZAMENTO;CONTROLETRAFEGO;USOSOLO;MORTOS;FERIDOS;ILESOS;AUTOMOVEL;ONIBUS;BICICLETA;CAMINHAO;MICROONIBUS;CICLOMOTOR;MOTOCICLETA;TRACAOANIMAL;TREM;LONG;LAT;;;
249003;24;2;2015;07:25;12955;AV A CJ JOSE WALTER;AV JOAO DE ARAUJO LIMA;;;;Colisão Lateral;Luz do Dia;Nublado;Seca;T;Pare;Residencial;0;0;2;1;1;0;0;0;0;0;0;0;-38,558691;-3,823474;;;
248998;24;2;2015;21:47;671;AV DR THEBERGE;RUA GOMES PASSOS;;;;Colisão Lateral;Via Iluminada;Bom;Seca;T;Não Há Controle;Comercial;0;1;1;1;0;0;0;0;0;1;0;0;-38,563561;-3,710415;;;
248999;24;2;2015;09:30;20042;AV DEP PAULINO ROCHA;AV PRS JUSCELINO KUBITSCHEK (PASSARÉ);;;;Colisão Lateral;Luz do Dia;Chuva;Molhada;Rotatória;Dê Preferência;Comercial;0;0;2;1;0;0;0;0;0;0;0;0;-38,524782;-3,807229;;;
249000;24;2;2015;15:40;0;AV PRS CASTELO BRANCO;;;4215;;Colisão Traseira;Luz do Dia;Bom;Seca;Meio de Quadra;Semáforo;Comercial;0;1;1;1;0;0;0;0;0;1;0;0;-38,570251;-3,707732;;;
249037;25;2;2015;10:40;24347;RUA DES PRAXEDES;AV LUCIANO CARNEIRO;;;;Colisão Lateral;Luz do Dia;Chuva;Molhada;Cruz;Semáforo;Misto;0;1;1;1;0;0;0;0;0;1;0;0;-38,536679;-3,764934;;;
249044;25;2;2015;16:00;13372;RUA JOAO BRIGIDO;RUA NOGUEIRA ACIOLI;;;;Colisão Transversal;Luz do Dia;Bom;Seca;Cruz;Semáforo;Comercial;0;1;1;1;0;0;0;0;0;1;0;0;-38,520044;-3,739259;;;
249047;25;2;2015;18:30;15227;AV ABOLICAO;AV DES MOREIRA;;;;Colisão Lateral;Anoitecer;Bom;Seca;Cruz;Semáforo;Comercial;0;0;2;1;0;0;1;0;0;0;0;0;-38,495474;-3,727331;;;
249051;25;2;2015;09:30;0;RUA PERU;;;306;;Colisão Lateral;Luz do Dia;Chuva;Molhada;Meio de Quadra;Não Há Controle;Residencial;0;0;2;1;1;0;0;0;0;0;0;0;-38,550004;-3,769805;;;
249121;25;2;2015;00:45;1590;RUA PDE VALDEVINO;RUA JOAQUIM NABUCO;;;;Colisão Lateral;Via Iluminada;Chuva;Molhada;Cruz;Semáforo;Residencial;0;1;1;1;0;0;0;0;0;0;0;0;-38,503847;-3,743222;;;
249119;25;2;2015;05:00;20212;AV PRS JUSCELINO KUBITSCHEK (PASSARÉ);RUA SAO TOMAZ DE AQUINO;;;;Choque c/ Obstáculo Fixo;Amanhecer;Bom;Seca;Cruz;Outros;Misto;0;0;1;1;0;0;0;0;0;0;0;0;-38,529791;-3,813772;;;
249126;25;2;2015;22:00;7938;RUA VIS MAUA;RUA ASSIS CHATEAUBRIAND;;;;Colisão Transversal;Via Iluminada;Bom;Seca;Cruz;Pare;Comercial;0;2;0;1;0;0;0;0;0;1;0;0;-38,502693;-3,746314;;;
249128;25;2;2015;08:30;0;AV JOSE BASTOS;;;2828;;Colisão Lateral;Luz do Dia;Chuva;Molhada;Meio de Quadra;Não Há Controle;Comercial;0;0;2;1;0;0;0;0;0;0;0;0;-38,545915;-3,745496;;;
249131;25;2;2015;08:20;5395;RUA ANTONIO POMPEU;RUA TEREZA CRISTINA;;;;Colisão Transversal;Luz do Dia;Chuva;Molhada;Cruz;Pare;Misto;0;3;0;0;0;0;0;0;0;1;0;0;-38,538356;-3,732340;;;
249062;25;2;2015;16:00;11057;AV DOS EXPEDICIONARIOS;AV DR SILAS MUNGUBA;;;;Colisão Transversal;Luz do Dia;Bom;Seca;Cruz;Semáforo;Misto;0;1;1;1;0;0;0;0;0;1;0;0;-38,547960;-3,787538;;;
249066;25;2;2015;17:40;20129;AV DEP PAULINO ROCHA;RUA POMPILIO GOMES;;;;Colisão Lateral;Anoitecer;Bom;Seca;T;Pare;Misto;0;0;2;1;1;0;0;0;0;0;0;0;-38,519652;-3,810076;;;
249067;25;2;2015;08:30;19935;RUA JORGE ACURCIO;RUA FRANCISCO LORDA;;;;Colisão Transversal;Luz do Dia;Bom;Seca;Cruz;Pare;Residencial;0;0;2;1;1;0;0;0;0;0;0;0;-38,530533;-3,762325;;;
249133;25;2;2015;14:15;0;AV OLIVEIRA PAIVA;;;535;;Colisão Traseira;Luz do Dia;Nublado;Seca;Meio de Quadra;Não Há Controle;Comercial;0;0;2;1;0;0;0;0;0;0;0;0;-38,500575;-3,797419;;;
257337;25;2;2015;09:50;0;RUA JOSE MARTINS;;;405;;Colisão;Luz do Dia;;;Meio de Quadra;;;0;1;0;0;0;0;0;0;0;0;0;0;-38,595627;-3,790883;;;
257342;25;2;2015;21:00;16024;AV BENJAMIM BRASIL;RUA CABRAL VERAS;;;;Colisão;;;;;;;0;1;0;1;0;0;0;0;0;0;0;0;-38,564149;-3,805803;;;
249163;25;2;2015;16:05;13602;AV ROGACIANO LEITE;RUA DR THOMPSON BULCAO;;;;Colisão Traseira;Luz do Dia;Bom;Seca;Cruz;Semáforo;Outros;0;0;2;1;0;0;1;0;0;0;0;0;-38,496968;-3,767788;;;
249165;25;2;2015;20:00;0;AV PRS COSTA E SILVA;;;641;;Colisão Transversal;Via Iluminada;Bom;Seca;Meio de Quadra;Outros;Misto;0;0;2;1;0;0;0;0;0;1;0;0;;;;;
249166;25;2;2015;07:30;0;RUA DEMETRIO MENEZES;;;3700;;Colisão Lateral;Luz do Dia;Chuva;Molhada;Meio de Quadra;Pare;Comercial;0;0;2;1;1;0;0;0;0;0;0;0;-38,584088;-3,735992;;;
249171;25;2;2015;09:10;1557;RUA CAROLINA SUCUPIRA;RUA BARBOSA DE FREITAS;;;;Colisão Lateral;Luz do Dia;Chuva;Molhada;Cruz;Pare;Comercial;0;0;2;1;0;0;0;0;0;0;0;0;-38,498942;-3,741517;;;
249173;25;2;2015;10:15;0;AV BEZERRA DE MENEZES;;;216;;Colisão Traseira;Luz do Dia;Chuva;Molhada;Meio de Quadra;Não Há Controle;Comercial;0;0;2;1;0;0;0;0;0;0;0;0;-38,547436;-3,732134;;;
249181;25;2;2015;18:10;6756;AV ANTONIO SALES;AV ENG SANTANA JUNIOR;;;;Colisão Lateral;Anoitecer;Nublado;Seca;T;Não Há Controle;Comercial;0;0;2;1;0;0;0;0;0;0;0;0;-38,490039;-3,749257;;;
249182;25;2;2015;22:00;22353;AV BEZERRA DE MENEZES;AV OLAVO BILAC;;;;Colisão Lateral;Via Iluminada;Bom;Seca;Cruz;Semáforo;Comercial;0;2;0;0;0;0;0;0;0;1;0;0;-38,564151;-3,735601;;;
249183;25;2;2015;17:30;11001;RUA ANTONIO FIUZA;RUA ELCIAS LOPES;;;;Colisão Lateral;Anoitecer;Bom;Seca;Cruz;Pare;Comercial;0;2;0;1;0;0;0;0;0;1;0;0;-38,552914;-3,772090;;;
249185;25;2;2015;11:40;19654;AV BEZERRA DE MENEZES;RUA PRO NOGUEIRA;;;;Colisão Lateral;Luz do Dia;Bom;Molhada;Cruz;Pare;Comercial;0;0;2;1;0;0;1;0;0;0;0;0;-38,549985;-3,732672;;;
249186;25;2;2015;18:30;0;AV AGUANAMBI;;;1955;;Colisão Lateral;Anoitecer;Bom;Seca;Meio de Quadra;;Comercial;0;1;2;1;0;0;1;0;0;1;0;0;-38,523478;-3,754079;;;
249188;25;2;2015;08:00;0;AV JOSE BASTOS;;;5699;;Colisão Traseira;Luz do Dia;Chuva;Molhada;Meio de Quadra;Não Há Controle;Comercial;0;0;2;1;0;0;0;0;0;0;0;0;-38,565210;-3,761691;;;
249190;25;2;2015;08:30;0;AV ANTONIO SALES;;;1540;;Colisão Traseira;Luz do Dia;Bom;Seca;Meio de Quadra;Semáforo;Comercial;0;0;2;1;0;0;0;0;0;1;0;0;-38,509456;-3,743264;;;
249193;25;2;2015;07:30;0;AV BEZERRA DE MENEZES;;;50;;Colisão Traseira;Luz do Dia;Chuva;Molhada;Meio de Quadra;Semáforo;Comercial;0;1;1;1;0;0;0;0;0;1;0;0;-38,540083;-3,730567;;;
249195;25;2;2015;10:00;7856;AV SEN VIRGILIO TAVORA;RUA HENRIQUETA GALENO;;;;Colisão Transversal;Luz do Dia;Bom;Seca;Cruz;Pare;Comercial;0;0;2;1;1;0;0;0;0;0;0;0;-38,496211;-3,746365;;;
249198;25;2;2015;21:00;17967;RUA DIVINO SALVADOR D26;RUA EVANDRO LUZ;;;;Colisão Lateral;Mal Iluminada;Bom;Seca;;Pare;Comercial;0;0;2;1;0;0;0;0;0;0;0;0;-38,576795;-3,736133;;;
249199;25;2;2015;16:10;20131;RUA PRO JOSE SILVEIRA;RUA CRISANTO ARRUDA;;;;Colisão Transversal;Luz do Dia;Bom;Seca;Cruz;Pare;Comercial;0;1;1;1;0;0;0;0;0;1;0;0;-38,522564;-3,810268;;;
249200;25;2;2015;09:00;0;RUA PAULA RODRIGUES;;;;;Colisão Transversal;Luz do Dia;Chuva;Molhada;Meio de Quadra;Não Há Controle;Comercial;0;0;2;1;0;0;0;0;0;0;0;0;;;;;
249201;25;2;2015;09:59;0;AV GOV RAUL BARBOSA;;;6610;;Engavetamento;Luz do Dia;Bom;Seca;Meio de Quadra;Outros;Misto;0;0;3;1;0;0;1;0;0;0;0;0;-38,511839;-3,772052;;;
249204;25;2;2015;09:15;15322;RUA BARBOSA DE FREITAS;RUA CANUTO DE AGUIAR;;;;Colisão Transversal;Luz do Dia;Chuva;Molhada;Cruz;Pare;Residencial;0;1;1;1;0;0;0;0;0;1;0;0;-38,495453;-3,730624;;;
258803;25;2;2015;08:30;0;RD CE-040;;;;KM-07;Colisão;Luz do Dia;;;Meio de Quadra;;;0;1;1;0;0;0;0;0;0;0;0;0;-38,483160;-3,817953;;;
258804;25;2;2015;10:40;0;RD CE-040;;;9470;KM-09;Colisão;Luz do Dia;;Seca;Meio de Quadra;;;0;1;1;0;0;0;1;0;0;0;0;0;-38,482561;-3,833911;;;
261412;25;2;2015;06:31;0;AV ENG LEAL LIMA VERDE (SAPIRANGA/COITE);;;;;Queda;Luz do Dia;;;Meio de Quadra;;;0;1;0;0;0;0;0;0;0;1;0;0;;;;;
261413;25;2;2015;07:46;25334;AV B CJ CEARA;AV D CJ CEARA;;;;Colisão;Luz do Dia;;;T;Pare;Misto;0;1;1;1;0;0;0;0;0;1;0;0;-38,602328;-3,763611;;;
261415;25;2;2015;07:45;0;RUA LUIZA MIRANDA COELHO;;;;;Colisão;Luz do Dia;;;Meio de Quadra;;;0;1;1;1;0;0;0;0;0;1;0;0;-38,484229;-3,775818;;;
261425;25;2;2015;19:06;0;RUA ELCIAS LOPES;;;;;Colisão;;;;Meio de Quadra;;;0;1;1;1;0;0;0;0;0;1;0;0;-38,552836;-3,772117;;;
261419;25;2;2015;08:11;23389;RUA SABINO MONTE;RUA CAP TIBURCIO DA FROTA;;;;Colisão;Luz do Dia;;;Cruz;Pare;Residencial;0;1;1;0;0;0;0;0;0;1;0;0;-38,512291;-3,754815;;;
261420;25;2;2015;08:11;0;AV 13 DE MAIO;;;;;Queda;Luz do Dia;;;Meio de Quadra;;;0;1;0;0;0;0;0;0;0;1;0;0;;;;;
261421;25;2;2015;11:39;0;AV VIS RIO BRANCO;;;;;Queda;Luz do Dia;;;Meio de Quadra;;;0;1;0;0;0;0;0;0;0;1;0;0;-38,524902;-3,732030;;;
261422;25;2;2015;14:19;0;AV SEN FERNANDES TAVORA;;;;;Colisão;Luz do Dia;;;Meio de Quadra;;;0;2;0;0;0;0;0;0;0;0;0;0;;;;;
261423;25;2;2015;18:28;0;RUA 11 DE JULHO;;;;;Queda;Anoitecer;;;Meio de Quadra;;;0;1;0;0;0;0;0;0;0;1;0;0;;;;;
261446;25;2;2015;19:21;0;RUA STA TEREZINHA UI 806;;;;;Queda;;;;Meio de Quadra;;;0;1;0;0;0;0;0;0;0;1;0;0;;;;;
261448;25;2;2015;20:20;0;RUA 15 VILLAGE COLOSSO;;;;;Colisão;;;;Meio de Quadra;;;0;1;1;0;0;0;0;0;0;0;0;0;;;;;
261450;25;2;2015;21:44;0;RUA VALPARAISO;;;;;Colisão;;;;Meio de Quadra;;;0;1;1;1;0;0;0;0;0;1;0;0;;;;;
261455;25;2;2015;22:20;0;AV SEN FERNANDES TAVORA;;;3264;;Colisão;;;;Meio de Quadra;;;0;1;1;0;0;0;0;0;0;1;0;0;-38,601137;-3,754598;;;
264366;25;2;2015;11:08;0;RUA DR CARLOS R PAMPLONA;;;1779;;Colisão;Luz do Dia;;;Meio de Quadra;;;0;0;2;0;0;0;0;0;0;0;0;0;;;;;
264367;25;2;2015;11:19;8934;AV DOMINGOS OLIMPIO;RUA PDE MORORO;;;;Colisão;Luz do Dia;;;Cruz;Pare;Residencial;0;0;2;0;0;0;0;0;0;0;0;0;-38,539949;-3,733752;;;
264368;25;2;2015;11:52;0;RUA RIO GRANDE DO SUL;;;;;Colisão;Luz do Dia;;;Meio de Quadra;;;0;0;2;0;0;0;0;0;0;0;0;0;;;;;
264369;25;2;2015;13:12;0;AV GAL OSORIO DE PAIVA;;;;;Atropelamento;Luz do Dia;;;Meio de Quadra;;;0;0;2;0;0;0;0;0;0;0;0;0;;;;;
264370;25;2;2015;13:28;0;RUA VALPARAISO;;;;;Colisão;Luz do Dia;;;Meio de Quadra;;;0;0;2;0;0;0;0;0;0;0;0;0;;;;;
264371;25;2;2015;16:13;9700;RUA OSCAR ARARIPE;RUA BARRA VERMELHA;;;;Colisão;Luz do Dia;;;Cruz;Pare;Residencial;0;0;2;0;0;0;0;0;0;0;0;0;-38,614369;-3,786343;;;
264372;25;2;2015;16:46;0;RUA ARACATI D06;;;;;Colisão;Luz do Dia;;;Meio de Quadra;;;0;0;2;0;0;0;0;0;0;0;0;0;;;;;
264373;25;2;2015;22:24;0;RUA B NOVA VL MESSEJANA;;;29;;Colisão;;;;Meio de Quadra;;;0;0;2;0;0;0;0;0;0;0;0;0;;;;;
264364;25;2;2015;07:18;22102;RUA JOSE FACANHA;RUA MON FURTADO;;;;Colisão;Luz do Dia;;;Cruz;Pare;Residencial;0;0;2;0;0;0;0;0;0;0;0;0;-38,555590;-3,753672;;;
264457;25;2;2015;22:26;20485;RUA ANTERO QUENTAL;RUA B RES F DE NORONHA;;;;Colisão;;;;;;;0;0;2;0;0;0;0;0;0;0;0;0;-38,492422;-3,853873;;;
264458;25;2;2015;22:37;0;AV AGUANAMBI;;;;;Colisão;;;;Meio de Quadra;;;0;0;2;0;0;0;0;0;0;0;0;0;;;;;
260078;25;2;2015;13:46;0;AV FRE CIRILO;;;;;;Luz do Dia;;;Meio de Quadra;;;0;0;2;0;1;0;0;0;0;0;0;0;;;;;
260089;25;2;2015;17:23;0;RUA MAL DEODORO;;;;;Colisão;Anoitecer;;;Meio de Quadra;;;0;0;2;0;0;0;0;0;0;0;0;0;;;;;
253529;26;2;2015;19:10;0;RD BR 116;;;2000;KM-02;Atropelamento;Via Iluminada;Nublado;Seca;Meio de Quadra;Não Há Controle;Comercial;0;2;0;1;0;0;0;0;0;0;0;0;-38,516780;-3,771391;;;
253543;26;2;2015;12:40;0;RD BR 222;;;;KM-01;Colisão Lateral;Luz do Dia;Bom;Seca;Meio de Quadra;Não Há Controle;Comercial;0;0;2;0;0;0;1;0;0;0;0;0;-38,577952;-3,737774;;;
253492;26;2;2015;18:20;0;RD BR 116;;;8000;KM-08;Colisão Lateral;Anoitecer;Chuva;Seca;Meio de Quadra;Não Há Controle;Comercial;0;1;1;1;0;0;0;0;1;0;0;0;-38,503269;-3,822018;;;
264459;26;2;2015;01:22;0;RUA RENATO BRAGA;;;;;Choque c/ Obstáculo Fixo;;;;Meio de Quadra;;;0;0;1;0;0;0;0;0;0;0;0;0;;;;;
264460;26;2;2015;10:49;0;AV PLACIDO CASTELO;;;;;Colisão;Luz do Dia;;;Meio de Quadra;;;0;0;2;0;0;0;0;0;0;0;0;0;;;;;
264461;26;2;2015;10:55;0;AV ANTONIO SALES;;;2435;;Colisão;Luz do Dia;;;Meio de Quadra;;;0;0;2;0;0;0;0;0;0;0;0;0;-38,502341;-3,745453;;;
264462;26;2;2015;11:00;1522;RUA CEL JUCA;RUA EDUARDO GARCIA;;;;Colisão;Luz do Dia;;;Cruz;Pare;Residencial;0;0;2;0;0;0;0;0;0;0;0;0;-38,492166;-3,740419;;;
264463;26;2;2015;22:23;0;LOGRADOURO SEM NOME;;;;;Colisão;;;;Meio de Quadra;;;0;0;2;0;0;0;0;0;0;0;0;0;;;;;
264464;26;2;2015;22:29;0;RUA JULIO SILVA;;;130;;Choque c/ Obstáculo Fixo;;;;Meio de Quadra;;;0;0;1;0;0;0;0;0;0;0;0;0;;;;;
264465;26;2;2015;23:19;0;RUA OSCAR ARARIPE;;;1560;;Colisão;;;;Meio de Quadra;;;0;0;2;0;0;0;0;0;0;0;0;0;-38,605397;-3,789253;;;
261456;26;2;2015;06:55;0;RUA GERMANO FRANCK;;;;;Colisão;Luz do Dia;;;Meio de Quadra;;;0;1;1;1;0;0;0;0;0;1;0;0;-38,563431;-3,778428;;;
261457;26;2;2015;07:03;0;RUA CAROLINA SUCUPIRA;;;;;Colisão;Luz do Dia;;;Meio de Quadra;;;0;1;1;1;0;0;0;0;0;1;0;0;;;;;
261458;26;2;2015;07:19;0;RUA PORTO VELHO;;;;;Colisão;Luz do Dia;;;Meio de Quadra;;;0;1;1;1;0;0;0;0;0;1;0;0;;;;;
261468;26;2;2015;08:42;0;AV DOS EXPEDICIONARIOS;;;;;Colisão;Luz do Dia;;;Meio de Quadra;;;0;1;1;1;0;0;0;0;0;1;0;0;-38,535738;-3,747094;;;
261470;26;2;2015;10:26;5436;RUA JAIME BENEVOLO;RUA GAL CLARINDO DE QUEIROZ;;;;Colisão;Luz do Dia;;;Cruz;Pare;Comercial;0;1;1;1;0;0;0;0;0;1;0;0;-38,526017;-3,734060;;;
261471;26;2;2015;11:15;1219;RUA COSTA BARROS;RUA JOAO CORDEIRO;;;;Colisão;Luz do Dia;;;Cruz;Semáforo;Misto;0;1;1;1;0;0;0;0;0;0;0;0;-38,514331;-3,729449;;;
261472;26;2;2015;11:16;0;RUA ANTONIO POMPEU;RUA VINTE E QUATRO DE MAIO;;;;Atropelamento;Luz do Dia;;;;;;0;2;0;0;0;0;1;0;0;0;0;0;-38,541591;-3,731804;;;
261482;26;2;2015;16:39;0;AV ALBERTO CRAVEIRO;;;;;Colisão;Luz do Dia;;;Meio de Quadra;;;0;1;1;0;0;0;0;0;0;1;0;0;;;;;
261483;26;2;2015;18:17;0;AV ROGACIANO LEITE;;;;;Colisão;Anoitecer;;;Meio de Quadra;;;0;1;1;1;0;0;0;0;0;1;0;0;;;;;
261484;26;2;2015;18:51;0;AV N CJ JOSE WALTER;;;;;Atropelamento;;;;Meio de Quadra;;;0;1;1;0;0;0;0;0;0;1;0;0;;;;;
261485;26;2;2015;19:25;0;AV MAE LISBOA;;;;;Colisão;;;;Meio de Quadra;;;0;1;1;1;0;0;0;0;0;1;0;0;-38,461119;-3,807612;;;
261486;26;2;2015;19:46;0;AV AGUANAMBI;;;;;Queda;;;;Meio de Quadra;;;0;1;0;0;0;0;0;0;0;1;0;0;-38,525881;-3,741588;;;
261487;26;2;2015;21:48;0;AV PRS CASTELO BRANCO;;;;;Queda;;;;Meio de Quadra;;;0;1;0;0;0;0;0;0;0;1;0;0;-38,554464;-3,712066;;;
261488;26;2;2015;22:48;0;TR TOCANTINS;;;;;Queda;;;;Meio de Quadra;;;0;1;0;0;0;0;0;0;0;1;0;0;;;;;
261478;26;2;2015;11:31;0;RUA VICENTE NOBRE MACEDO;;;;;Colisão;Luz do Dia;;;;;;0;1;1;1;0;0;0;0;0;1;0;0;-38,484156;-3,823746;;;
261480;26;2;2015;12:26;0;AV GAL OSORIO DE PAIVA;;;;;Colisão;Luz do Dia;;;Meio de Quadra;;;0;1;1;1;0;1;0;0;0;0;0;0;-38,575019;-3,781021;;;
258805;26;2;2015;09:20;0;RD CE-040;;;;KM-04;Colisão;Luz do Dia;;Seca;Meio de Quadra;;;0;1;2;1;0;0;0;0;0;0;0;0;-38,480251;-3,792050;;;
258806;26;2;2015;16:50;0;RD CE-040;;;;KM-12;Colisão;Luz do Dia;Bom;Seca;Meio de Quadra;Não Há Controle;;0;0;2;1;0;0;0;0;0;0;0;0;-38,476237;-3,848945;;;
258807;26;2;2015;17:00;0;RD CE-040;;;;KM-12;Colisão;Anoitecer;Bom;Seca;Meio de Quadra;Não Há Controle;Comercial;0;1;1;0;0;0;0;0;0;1;0;0;-38,476237;-3,848945;;;
258808;26;2;2015;18:40;0;RD CE-040;;;;KM-07;Colisão;;Bom;Seca;Meio de Quadra;Não Há Controle;Comercial;0;2;1;1;0;0;0;0;0;1;0;0;-38,483160;-3,817953;;;
258809;26;2;2015;20:00;0;AV SEN CARLOS JEREISSATI (AEROPORTO);;;;KM 02;Colisão;Via Iluminada;Bom;Seca;Meio de Quadra;Não Há Controle;;0;0;4;1;0;0;0;0;0;0;0;0;-38,529156;-3,783932;;;
258810;26;2;2015;20:10;0;AV SEN CARLOS JEREISSATI (AEROPORTO);;;;KM 02;Colisão;Via Iluminada;Bom;Seca;Meio de Quadra;Não Há Controle;;0;0;2;1;0;0;0;0;0;0;0;0;-38,529156;-3,783932;;;
258812;26;2;2015;21:30;0;RD CE-040;;;;KM-02;Choque c/ Obstáculo Fixo;;Bom;Seca;Meio de Quadra;Não Há Controle;;0;1;0;0;0;0;0;0;0;0;0;0;-38,481598;-3,776479;;;
275043;26;2;2015;07:40;3030;RUA DIOGO CORREIA;RUA ANDRE REBOUCAS;;;;Colisão Lateral;Luz do Dia;;;Cruz;Semáforo;Comercial;0;1;1;1;0;0;0;0;0;1;0;0;;;;;
249184;26;2;2015;10:43;5108;RUA PRC ISABEL;RUA SAO PAULO;;;;Colisão Traseira;Luz do Dia;Chuva;Molhada;Cruz;Pare;Misto;0;0;3;1;0;0;0;0;0;0;0;0;-38,534619;-3,723679;;;
249150;26;2;2015;07:30;5846;RUA MANUEL MONTEIRO;RUA MAXIMO LINHARES;;;;Colisão Lateral;Luz do Dia;Bom;Seca;Cruz;Pare;Residencial;0;0;2;1;0;0;0;0;0;0;0;0;-38,494537;-3,798590;;;
249152;26;2;2015;10:30;23591;AV ENG SANTANA JUNIOR;RUA ISRAEL BEZERRA;;;;Colisão Lateral;Luz do Dia;Bom;Seca;Cruz;Pare;Comercial;0;0;1;1;0;0;1;0;0;0;0;0;-38,490505;-3,751428;;;
249153;26;2;2015;07:50;3883;AV DOS EXPEDICIONARIOS;RUA COSTA SOUZA;;;;Colisão Transversal;Luz do Dia;Bom;Seca;Cruz;Pare;Comercial;0;1;1;1;0;0;0;0;0;1;0;0;-38,535932;-3,747745;;;
249155;26;2;2015;20:50;0;AV PRS CASTELO BRANCO;;;3961;;Colisão Lateral;Via Iluminada;Bom;Seca;Meio de Quadra;Não Há Controle;Comercial;0;0;2;1;0;0;0;0;0;0;0;0;-38,567654;-3,708671;;;
249142;26;2;2015;17:30;0;AV JOAO PESSOA;;;5609;;Colisão Traseira;Luz do Dia;Bom;Seca;Meio de Quadra;Não Há Controle;Misto;0;0;2;1;1;0;0;0;0;0;0;0;-38,556024;-3,759747;;;
249143;26;2;2015;13:45;25150;RUA ISAC AMARAL;RUA JOAQUIM NABUCO;;;;Colisão Transversal;Luz do Dia;Bom;Seca;Cruz;Semáforo;Comercial;0;1;1;1;0;0;0;0;0;1;0;0;-38,506752;-3,752218;;;
249145;26;2;2015;08:30;0;AV DR SILAS MUNGUBA;;;2593;;Colisão Traseira;Luz do Dia;Bom;Seca;Meio de Quadra;Outros;Escola;0;0;2;1;0;0;0;0;0;0;0;0;-38,550243;-3,786360;;;
249146;26;2;2015;10:30;0;AV DOMINGOS OLIMPIO;;;855;;Engavetamento;Luz do Dia;Bom;Seca;Meio de Quadra;Outros;Comercial;0;0;3;1;0;0;0;0;0;0;0;0;-38,531417;-3,736606;;;
257350;26;2;2015;22:53;0;AV DIOGUINHO;;;;;Colisão;;;;Meio de Quadra;;;0;2;0;0;0;0;0;0;0;1;0;0;;;;;
257346;26;2;2015;16:30;0;RUA EDMUNDO FALCAO;;;250;;Choque c/ Obstáculo Fixo;Luz do Dia;;;Meio de Quadra;;;0;1;0;0;0;0;0;0;0;0;0;0;-38,450429;-3,749597;;;
260436;26;2;2015;11:24;0;RUA LUIS VIEIRA;;;165;;Colisão;Luz do Dia;;;Meio de Quadra;;;0;0;2;0;0;0;0;0;0;0;0;0;-38,586316;-3,796708;;;
260438;26;2;2015;11:34;23338;RUA OSVALDO CRUZ (ALDEOTA);RUA EDUARDO BEZERRA;;;;Colisão;Luz do Dia;;;Cruz;Pare;Residencial;0;0;2;1;0;0;0;0;0;0;0;0;-38,505966;-3,753129;;;
260441;26;2;2015;18:38;0;AV WASHINGTON SOARES;;;;;Colisão;;;;Meio de Quadra;;;0;0;2;1;0;0;0;0;0;0;0;0;;;;;
249135;26;2;2015;15:00;25871;RUA CON DE CASTRO;RUA SAO MANUEL;;;;Colisão Frontal;Luz do Dia;Bom;Seca;Outros;Pare;Residencial;0;0;2;1;0;0;0;0;0;0;0;0;-38,583853;-3,796271;;;
249137;26;2;2015;08:15;19611;AV GODOFREDO MACIEL;RUA NEREU RAMOS;;;;Colisão Traseira;Luz do Dia;Bom;Seca;T;Semáforo;Comercial;0;0;2;1;0;0;1;0;0;0;0;0;-38,566802;-3,787250;;;
249138;26;2;2015;13:30;7328;RUA MANAUS;RUA PRO EDGAR DE ARRUDA;;;;Colisão Transversal;Luz do Dia;Bom;Seca;Cruz;Pare;Residencial;0;1;1;1;0;0;0;0;0;1;0;0;-38,591676;-3,754542;;;
249139;26;2;2015;10:05;25069;AV DOS EXPEDICIONARIOS;RUA RAUL CABRAL;;;;;Luz do Dia;Bom;Seca;Cruz;Semáforo;Comercial;0;0;4;1;1;0;0;0;0;0;0;0;-38,542595;-3,769605;;;
249072;26;2;2015;10:20;0;RUA MARIA GOMES DE SA;;;;;Colisão Lateral;Luz do Dia;Bom;Seca;Meio de Quadra;Pare;Comercial;0;0;2;0;0;0;1;0;0;1;0;0;;;;;
249073;26;2;2015;17:45;0;RUA VALPARAISO;;;;;Colisão Transversal;Via Iluminada;Bom;Seca;Meio de Quadra;Pare;Residencial;0;0;2;1;1;0;0;0;0;0;0;0;;;;;
249086;26;2;2015;09:10;0;RUA JAIME BENEVOLO;;;1444;;Colisão Lateral;Luz do Dia;Bom;Seca;Meio de Quadra;Não Há Controle;Residencial;0;0;3;1;0;0;0;0;0;1;0;0;-38,529561;-3,744668;;;
249120;26;2;2015;19:20;0;RUA 1123 CJ CEARA;;;186;;Colisão Traseira;Via Iluminada;Bom;Seca;Meio de Quadra;Não Há Controle;Residencial;0;0;2;1;0;0;0;0;0;0;0;0;-38,611943;-3,762140;;;
249081;26;2;2015;14:00;14682;AV OLIVEIRA PAIVA;RUA JUNIOR ROCHA;;;;Colisão Transversal;Luz do Dia;Bom;Seca;Cruz;Semáforo;Comercial;0;1;1;1;0;0;0;0;0;1;0;0;-38,488224;-3,796189;;;
249083;26;2;2015;19:20;0;AV ALBERTO CRAVEIRO;;;999;;Colisão Traseira;Anoitecer;Bom;Seca;Meio de Quadra;Outros;Residencial;0;1;1;1;0;0;0;0;0;1;0;0;-38,517144;-3,787436;;;