COD_ACIDENTE;DIA;MES;ANO;HORA;INTERSECAO;LOG1;LOG2;LOG3;NUMERO;REFERENCIA;NATUREZA;ILUMINACAO;TEMPO;SUPERFICIEPISTA;TIPOCRUZAMENTO;CONTROLETRAFEGO;USOSOLO;MORTOS;FERIDOS;ILESOS;AUTOMOVEL;ONIBUS;BICICLETA;CAMINHAO;MICROONIBUS;CICLOMOTOR;MOTOCICLETA;TRACAOANIMAL;TREM;LONG;LAT;;;
249084;26;2;2015;18:00;19942;RUA FRANCISCO LORDA;RUA MOREIRA GOMES;;;;Colisão Transversal;Anoitecer;Bom;Seca;Cruz;Pare;Residencial;0;1;1;1;0;0;0;0;0;1;0;0;-38,534015;-3,761260;;;
249069;26;2;2015;10:00;22937;AV DR SILAS MUNGUBA;RUA GOV JOAO CARLOS;;;;Colisão Traseira;Luz do Dia;Bom;Seca;Duplo T;Semáforo;Comercial;0;0;2;0;0;0;0;0;0;0;0;0;-38,553910;-3,783950;;;
249077;26;2;2015;19:00;15290;RUA JOAQUIM NABUCO;RUA CANUTO DE AGUIAR;;;;Colisão Transversal;Via Iluminada;Bom;Seca;Cruz;Pare;Misto;0;1;1;1;0;0;0;0;0;1;0;0;-38,499390;-3,729360;;;
249079;26;2;2015;12:00;14606;RUA GAL CAIADO DE CASTRO;AV JOSE LEON;;;;Colisão Lateral;Luz do Dia;Bom;Seca;T;Pare;Residencial;0;0;2;1;0;0;1;0;0;0;0;0;;;;;
249111;26;2;2015;13:20;0;AV ROGACIANO LEITE;;;1020;;Colisão Lateral;Luz do Dia;Bom;Seca;Meio de Quadra;Não Há Controle;Comercial;0;0;2;1;0;0;1;0;0;0;0;0;-38,496477;-3,766691;;;
249112;26;2;2015;13:45;1504;RUA LEONARDO MOTA;RUA PAULA NEI;;;;Colisão Transversal;Luz do Dia;Bom;Seca;Cruz;Pare;Residencial;0;0;2;1;0;0;0;0;0;0;0;0;-38,497332;-3,739817;;;
249113;26;2;2015;08:30;0;AV AGUANAMBI;;;1909;POSTO SOBRAL E PALÁCIO;Colisão Lateral;Luz do Dia;Bom;Seca;Meio de Quadra;Não Há Controle;Comercial;0;0;2;1;0;0;0;0;0;0;0;0;-38,523488;-3,754125;;;
249114;26;2;2015;07:20;7760;AV ANTONIO SALES;RUA SILVA PAULET;;;;Colisão Lateral;Luz do Dia;Bom;Seca;Cruz;Pare;Comercial;0;1;1;1;0;0;0;0;0;0;0;0;-38,508383;-3,743595;;;
249115;26;2;2015;17:30;7760;AV ANTONIO SALES;RUA SILVA PAULET;;;;Colisão Transversal;Via Iluminada;Bom;Seca;Cruz;Pare;Comercial;0;0;2;1;0;0;0;0;0;0;0;0;-38,508383;-3,743595;;;
249116;26;2;2015;07:00;26077;AV JOSE JATAHY;AV DUQ CAXIAS;;;;Colisão Transversal;Luz do Dia;Bom;Seca;T;Pare;Misto;0;1;1;1;0;0;0;0;1;0;0;0;;;;;
249117;26;2;2015;19:00;18299;RUA SEN ALMINO;RUA JOSE AVELINO;;;;Colisão Transversal;Via Iluminada;Bom;Seca;Cruz;Pare;Comercial;0;1;1;0;0;0;0;0;0;1;0;0;-38,517954;-3,722476;;;
275070;26;2;2015;06:50;5249;RUA COSTA BARROS;RUA RODRIGUES JUNIOR;;;;Colisão Lateral;Luz do Dia;;;;;;0;0;2;1;0;0;0;0;0;0;0;0;;;;;
253441;26;2;2015;16:10;0;RD BR 116;;;14000;KM-14;Colisão Traseira;Luz do Dia;Bom;Seca;Meio de Quadra;Não Há Controle;Comercial;0;0;2;0;0;0;1;0;0;0;0;0;-38,499242;-3,873523;;;
249080;27;2;2015;09:30;0;AV BEZERRA DE MENEZES;;;;;Colisão Lateral;Via Iluminada;Bom;Seca;Meio de Quadra;Outros;Comercial;0;0;3;1;0;0;1;0;0;0;0;0;;;;;
249078;27;2;2015;15:14;0;AV ABOLICAO;;;1898;;Colisão Traseira;Luz do Dia;Nublado;Seca;Meio de Quadra;Não Há Controle;Comercial;0;1;1;1;0;0;0;0;0;1;0;0;-38,502057;-3,725221;;;
249075;27;2;2015;07:55;25510;RUA BOA NOITE;RUA PERU;;;;Colisão Transversal;Luz do Dia;Bom;Seca;Outros;Gesto;Comercial;0;0;2;1;0;0;0;0;0;0;0;0;-38,549554;-3,768619;;;
249076;27;2;2015;09:15;0;RUA GOIAS;;;9;;Colisão Lateral;Luz do Dia;Nublado;Seca;Meio de Quadra;Pare;Misto;0;0;2;1;0;0;1;0;0;0;0;0;-38,559357;-3,750459;;;
249085;27;2;2015;23:55;15238;RUA BAR ARACATI;RUA TEN BENEVOLO;;;;Colisão Transversal;Via Iluminada;Bom;Seca;Cruz;Pare;Comercial;0;1;1;1;0;0;0;0;0;0;0;0;-38,510266;-3,727628;;;
249082;27;2;2015;21:30;5347;RUA BAR RIO BRANCO;RUA PEDRO I;;;;Colisão Transversal;Via Iluminada;Bom;Seca;Cruz;Semáforo;Comercial;0;0;2;1;0;0;0;0;0;0;0;0;-38,529673;-3,730887;;;
249087;27;2;2015;10:30;25211;RUA OSCAR ARARIPE;RUA MARIA JULIA ROCHA;;;;Colisão Lateral;Luz do Dia;Bom;Seca;Cruz;Semáforo;Comercial;0;1;1;1;0;0;0;0;0;0;0;0;-38,599484;-3,791130;;;
249088;27;2;2015;07:30;0;RUA FRANCISCO JOSE A PEREIRA;;;;;Colisão Lateral;Luz do Dia;Bom;Seca;Meio de Quadra;Pare;Comercial;0;0;2;1;0;0;0;0;0;0;0;0;;;;;
249089;27;2;2015;10:40;19026;RUA DES WALDETARIO P MOTA;RUA RAMOS BOTELHO;;;;Colisão Lateral;Luz do Dia;Chuva;Molhada;Cruz;Pare;Residencial;0;1;2;1;0;0;0;0;0;1;0;0;-38,479574;-3,735147;;;
249090;27;2;2015;15:30;22099;AV JOSE BASTOS;RUA JOSE FACANHA;;;;Colisão Traseira;Luz do Dia;Bom;Seca;T;Semáforo;Comercial;0;0;2;1;0;0;0;0;0;0;0;0;-38,554822;-3,754359;;;
249091;27;2;2015;12:10;9077;AV AGUANAMBI;RUA BONFIM SOBRINHO;;;;Colisão Lateral;Luz do Dia;Bom;Seca;Cruz;Não Há Controle;Misto;0;1;1;1;0;0;0;0;0;1;0;0;-38,523551;-3,751039;;;
249092;27;2;2015;10:20;0;RUA DR JOSE LOURENCO;;;870;;Colisão Lateral;Luz do Dia;Chuva;Molhada;Meio de Quadra;Pare;;0;0;2;1;0;0;1;0;0;0;0;0;-38,506951;-3,731948;;;
249093;27;2;2015;06:30;0;AV SGT HERMINIO SAMPAIO;;;1122;;Colisão Traseira;Luz do Dia;Nublado;Molhada;;;;0;1;1;1;0;0;0;0;0;1;0;0;-38,550643;-3,724658;;;
249094;27;2;2015;07:30;0;AV BEZERRA DE MENEZES;;;;;Colisão Traseira;Luz do Dia;Nublado;Molhada;Meio de Quadra;Não Há Controle;Comercial;0;0;2;1;1;0;0;0;0;0;0;0;;;;;
249095;27;2;2015;09:20;21372;AV JOVITA FEITOSA;RUA JOSE SOMBRA;;;;Colisão Lateral;Luz do Dia;Nublado;Seca;Cruz;Semáforo;Comercial;0;0;2;1;1;0;0;0;0;0;0;0;-38,546301;-3,737763;;;
249096;27;2;2015;12:50;0;AV DR SILAS MUNGUBA;;;;;Colisão Transversal;Luz do Dia;Bom;Seca;Meio de Quadra;;Comercial;0;0;2;1;0;0;0;0;0;0;0;0;;;;;
249097;27;2;2015;19:30;16557;AV GODOFREDO MACIEL;RUA MIRTYL MEYER;;;;Capotamento;Via Iluminada;Bom;Seca;Cruz;Pare;Comercial;0;1;1;1;0;0;0;0;0;1;0;0;-38,573893;-3,809211;;;
249098;27;2;2015;19:30;0;AV DOS EXPEDICIONARIOS;;;11350;;Colisão Traseira;Via Iluminada;Bom;Seca;Meio de Quadra;;Escola;0;1;1;1;0;0;0;0;0;1;0;0;-38,557018;-3,817134;;;
249099;27;2;2015;10:40;0;RUA ALUISIO AZEVEDO;;;439;;Colisão Traseira;Luz do Dia;Nublado;Molhada;Meio de Quadra;Não Há Controle;Residencial;0;0;2;1;0;0;0;0;0;0;0;0;-38,576990;-3,771361;;;
249100;27;2;2015;13:15;8930;RUA JUSTINIANO DE SERPA;AV DOMINGOS OLIMPIO;;;;Colisão Lateral;Luz do Dia;Bom;Seca;Outros;Semáforo;Comercial;0;0;2;0;1;0;0;0;0;0;0;0;-38,542468;-3,733011;;;
249101;27;2;2015;14:25;24902;RUA ANTONIO ARRUDA;RUA MARIA CLARA;;;;Colisão Transversal;Luz do Dia;Bom;Seca;Cruz;Não Há Controle;Residencial;0;1;1;0;0;0;0;0;0;1;0;0;-38,594970;-3,723432;;;
249102;27;2;2015;20:30;16051;AV GODOFREDO MACIEL;RUA OSCAR BENEVIDES;;;;Colisão Lateral;Via Iluminada;Bom;Seca;T;Semáforo;Comercial;0;0;2;1;0;0;0;0;0;0;0;0;-38,574179;-3,810087;;;
249103;27;2;2015;14:00;0;AV PRS COSTA E SILVA;;;897;;Engavetamento;Luz do Dia;Bom;Seca;Meio de Quadra;Semáforo Intermitente;Comercial;0;0;3;1;0;0;0;0;0;0;0;0;-38,571264;-3,812951;;;
249104;27;2;2015;18:30;0;AV PRS CASTELO BRANCO;;;;;Colisão Traseira;Via Iluminada;Bom;Seca;Outros;Não Há Controle;Comercial;0;0;2;1;0;0;0;0;0;0;0;0;;;;;
249105;27;2;2015;21:10;0;AV DR THEBERGE;;;2490;;Colisão Lateral;Via Iluminada;Bom;Seca;Outros;Não Há Controle;Residencial;0;1;1;0;0;0;1;0;0;1;0;0;-38,568007;-3,723983;;;
249106;27;2;2015;10:00;0;AV BEZERRA DE MENEZES;;;;;Colisão Traseira;Luz do Dia;Nublado;Seca;Meio de Quadra;Não Há Controle;Misto;0;0;2;1;0;0;0;0;0;0;0;0;;;;;
249107;27;2;2015;07:20;0;AV 13 DE MAIO;;;;;Colisão Transversal;Luz do Dia;Nublado;Seca;Meio de Quadra;Não Há Controle;Comercial;0;0;2;1;0;0;0;0;0;0;0;0;;;;;
249108;27;2;2015;08:10;20042;AV DEP PAULINO ROCHA;AV PRS JUSCELINO KUBITSCHEK (PASSARÉ);;;;Colisão Traseira;Luz do Dia;Bom;Seca;Rotatória;Dê Preferência;Lazer;0;0;2;1;0;0;0;0;0;0;0;0;-38,524782;-3,807229;;;
249109;27;2;2015;09:20;0;AV PRS COSTA E SILVA;;;;;Choque c/ Obstáculo Fixo;Luz do Dia;Nublado;Seca;Meio de Quadra;;Comercial;0;0;1;0;0;0;1;0;0;0;0;0;;;;;
249110;27;2;2015;20:00;0;AV VIS RIO BRANCO;;;1189;;Colisão Traseira;Via Iluminada;Bom;Seca;Meio de Quadra;Não Há Controle;Comercial;0;1;1;0;1;0;0;0;0;1;0;0;-38,525074;-3,731211;;;
260461;27;2;2015;10:58;0;RUA LEONARDO MOTA;;;;;Colisão;Luz do Dia;;;Meio de Quadra;;;0;0;2;1;0;0;0;0;0;0;0;0;;;;;
249156;27;2;2015;14:00;5366;AV DUQ CAXIAS;RUA SEN POMPEU;;;;Colisão Lateral;Luz do Dia;Bom;Seca;Cruz;Semáforo;Comercial;0;1;1;0;1;0;0;0;1;0;0;0;-38,530994;-3,731430;;;
249158;27;2;2015;08:57;0;AV ABOLICAO;;;4001;;Colisão Transversal;Luz do Dia;Bom;Seca;Outros;Outros;Comercial;0;1;1;1;0;0;0;0;0;1;0;0;-38,483388;-3,725056;;;
258813;27;2;2015;08:25;0;RD CE-040;;;;KM-02;Colisão;Luz do Dia;Bom;Seca;Meio de Quadra;Não Há Controle;Comercial;0;0;2;1;1;0;0;0;0;0;0;0;-38,481598;-3,776479;;;
258817;27;2;2015;17:35;0;RD CE-040;;;;KM-10;Colisão;Anoitecer;Bom;Seca;Meio de Quadra;Não Há Controle;Comercial;0;0;2;1;0;0;0;0;0;0;0;0;-38,480068;-3,838671;;;
258815;27;2;2015;13:20;0;AV SEN CARLOS JEREISSATI (AEROPORTO);;;;KM 02;Colisão;Luz do Dia;Bom;Seca;Meio de Quadra;Não Há Controle;Comercial;0;0;2;1;0;0;0;0;0;0;0;0;-38,529156;-3,783932;;;
261496;27;2;2015;03:46;0;AV MR HULL;;;;;Queda;;;;Meio de Quadra;;;0;1;0;0;0;0;0;0;0;1;0;0;-38,584047;-3,738553;;;
261497;27;2;2015;07:00;0;RUA NAT FEIJO;;;;;Atropelamento;Luz do Dia;;;Meio de Quadra;;;0;1;1;0;0;0;0;0;0;1;0;0;;;;;
261498;27;2;2015;07:32;0;RUA NEREU RAMOS;;;;;Colisão;Luz do Dia;;;Meio de Quadra;;;0;1;1;0;0;0;0;0;0;0;0;0;-38,570381;-3,785941;;;
261499;27;2;2015;08:28;0;AV PRO GOMES DE MATOS;;;1349;;Atropelamento;Luz do Dia;;;Meio de Quadra;;;1;0;1;1;0;0;0;0;0;0;0;0;-38,548018;-3,763943;;;
261501;27;2;2015;16:13;9297;RUA CESAR CORREIA;AV FRANCISCO SA;;;;Colisão;Luz do Dia;;;Cruz;Pare;Comercial;0;1;1;0;0;0;0;0;0;1;0;0;-38,573313;-3,711949;;;
261502;27;2;2015;17:01;0;RUA 1 CJ HAB ST SAO JOAO;;;;;Colisão;Anoitecer;;;Meio de Quadra;;;0;1;1;0;0;0;0;0;0;0;0;0;;;;;
261503;27;2;2015;18:25;9567;RUA SGT JOAO PINHEIRO;RUA CEL FABRICIANO;;;;Colisão;Anoitecer;;;Cruz;Não Há Controle;Residencial;0;1;1;0;0;0;0;0;0;1;0;0;-38,621724;-3,778965;;;
261504;27;2;2015;19:53;0;RUA 2 CJ PEQ MONDUBIM;;;;;Queda;;;;Meio de Quadra;;;0;1;0;0;0;0;0;0;0;1;0;0;;;;;
261505;27;2;2015;20:09;0;AV DR THEBERGE;;;;;Colisão;;;;Meio de Quadra;;;0;1;1;1;0;0;1;0;0;0;0;0;-38,568007;-3,723983;;;
261506;27;2;2015;21:56;0;AV GODOFREDO MACIEL;;;;;Colisão;;;;Meio de Quadra;;;0;1;1;1;0;0;0;0;0;1;0;0;;;;;
261513;27;2;2015;22:55;0;RUA 218 CJ CEARA;;;;;Queda;;;;Meio de Quadra;;;0;1;0;0;0;0;0;0;0;1;0;0;;;;;
261514;27;2;2015;23:38;0;RUA MIN ALBUQUERQUE LIMA;;;387;;Colisão;;;;Meio de Quadra;;;0;1;1;0;0;0;0;0;0;1;0;0;-38,607747;-3,768551;;;
264466;27;2;2015;09:18;0;RUA PERNAMBUCO;;;1725;;Colisão;Luz do Dia;;;Meio de Quadra;;;0;0;2;0;0;0;0;0;0;0;0;0;-38,573147;-3,756690;;;
264467;27;2;2015;10:02;25883;RUA MOCA BONITA;RUA JOSE PARENTE D71;;;;Colisão;Luz do Dia;;;;;;0;0;2;0;0;0;0;0;0;0;0;0;-38,587033;-3,813694;;;
264468;27;2;2015;10:08;0;AV PRS CASTELO BRANCO;;;;;Colisão;Luz do Dia;;;Meio de Quadra;;;0;0;2;0;0;0;0;0;0;0;0;0;;;;;
264469;27;2;2015;10:45;1255;RUA ANTONIO AUGUSTO;RUA PDE LUIS FIGUEIRA;;;;Colisão;Luz do Dia;;;Cruz;Pare;Residencial;0;0;2;0;0;0;0;0;0;0;0;0;-38,514136;-3,732470;;;
264470;27;2;2015;10:48;0;RUA OSCAR ARARIPE;;;916;;Colisão;Luz do Dia;;;Meio de Quadra;;;0;0;2;0;0;0;0;0;0;0;0;0;-38,599562;-3,791104;;;
264471;27;2;2015;11:39;0;AV CEL CARVALHO;;;117;;Colisão;Luz do Dia;;;Meio de Quadra;;;0;0;2;0;0;0;0;0;0;0;0;0;-38,591414;-3,703990;;;
264472;27;2;2015;23:18;0;RUA 218 A CJ CEARA;;;;;Colisão;;;;Meio de Quadra;;;0;0;2;0;0;0;0;0;0;0;0;0;;;;;
264473;27;2;2015;23:19;10708;RUA PDE SA LEITAO;RUA MON HIPOLITO BRASIL;;;;Colisão;;;;;;;0;0;2;0;0;0;0;0;0;0;0;0;-38,579594;-3,758489;;;
253562;27;2;2015;13:45;0;RD BR 222;;;;KM-02;Colisão Traseira;Luz do Dia;Bom;Seca;Meio de Quadra;Não Há Controle;Comercial;0;0;3;1;0;0;0;0;0;0;0;0;-38,586880;-3,738951;;;
260090;27;2;2015;02:48;1485;RUA PDE VALDEVINO;RUA ANTONIO AUGUSTO;;;;Colisão;;;;Cruz;Pare;Comercial;0;0;2;0;0;0;0;0;0;0;0;0;-38,516489;-3,739239;;;
260091;27;2;2015;10:33;0;RUA ANTONIO COSTA MENDES;;;;;Colisão;Luz do Dia;;;Meio de Quadra;;;0;0;2;0;1;0;0;0;0;0;0;0;;;;;
260092;27;2;2015;11:08;0;RUA CEL FRANCISCO PEREIRA (MESSEJANA);;;;;Colisão;Luz do Dia;;;Meio de Quadra;;;0;0;2;0;0;0;1;0;0;0;0;0;;;;;
260093;27;2;2015;17:48;0;AV OLIVEIRA PAIVA;;;;;Colisão;Anoitecer;;;Meio de Quadra;;;0;0;2;0;0;0;1;0;0;0;0;0;;;;;
264474;28;2;2015;00:55;0;AV DES MOREIRA;;;;;Colisão;;;;Meio de Quadra;;;0;0;2;0;0;0;0;0;0;0;0;0;;;;;
264475;28;2;2015;01:11;0;AV DA INDEPENDENCIA;;;754;;Colisão;;;;Meio de Quadra;;;0;0;2;0;0;0;0;0;0;0;0;0;-38,587204;-3,727984;;;
264476;28;2;2015;04:43;0;AV PRS CASTELO BRANCO;;;2737;;Colisão;;;;Meio de Quadra;;;0;0;2;0;0;0;0;0;0;0;0;0;-38,552246;-3,712633;;;
264477;28;2;2015;11:50;25062;AV DOS EXPEDICIONARIOS;RUA PDE AMBROSIO MACHADO;;;;Colisão;Luz do Dia;;;Cruz;Pare;Misto;0;0;2;0;0;0;0;0;0;0;0;0;-38,539946;-3,760838;;;
264478;28;2;2015;12:52;0;RUA CARLOS AMORA;;;152;;Colisão;Luz do Dia;;;Meio de Quadra;;;0;0;2;0;0;0;0;0;0;0;0;0;-38,563642;-3,775202;;;
264479;28;2;2015;13:03;0;AV HEROIS DO ACRE;;;;;Colisão;Luz do Dia;;;Meio de Quadra;;;0;0;2;0;0;0;0;0;0;0;0;0;;;;;
264480;28;2;2015;13:08;3074;RUA 12 DE JULHO;RUA MARIA QUINTELA;;;;Colisão;Luz do Dia;;;;;;0;0;2;0;0;0;0;0;0;0;0;0;-38,585840;-3,776106;;;
264481;28;2;2015;13:10;0;AV GAL OSORIO DE PAIVA;;;4552;;Atropelamento;Luz do Dia;;;Meio de Quadra;;;0;0;2;0;0;0;0;0;0;0;0;0;-38,596238;-3,798729;;;
264482;28;2;2015;13:31;0;RUA JAIME BENEVOLO;;;;;Queda;Luz do Dia;;;Meio de Quadra;;;0;0;1;0;0;0;0;0;0;1;0;0;;;;;
264483;28;2;2015;14:02;0;AV DOS EXPEDICIONARIOS;;;;;Colisão;Luz do Dia;;;Meio de Quadra;;;0;0;2;0;0;0;0;0;0;0;0;0;;;;;
264484;28;2;2015;15:31;0;RUA PDE PEDRO DE ALENCAR;;;;;Colisão;Luz do Dia;;;Meio de Quadra;;;0;0;2;0;0;0;0;0;0;0;0;0;;;;;
264485;28;2;2015;18:58;0;AV FRE CIRILO;;;1060;;Colisão;;;;Meio de Quadra;;;0;0;2;0;0;0;0;0;0;0;0;0;;;;;
264486;28;2;2015;15:38;0;RUA FREDERICO SEVERO;;;36;;Colisão;Luz do Dia;;;Meio de Quadra;;;0;0;2;0;0;0;0;0;0;0;0;0;;;;;
264487;28;2;2015;16:19;0;RUA JOAO FIRMINO;;;;;Colisão;Luz do Dia;;;Meio de Quadra;;;0;0;2;0;0;0;0;0;0;0;0;0;;;;;
264488;28;2;2015;16:20;0;AV PRS COSTA E SILVA;;;;;Colisão;Luz do Dia;;;Meio de Quadra;;;0;0;2;0;0;0;0;0;0;0;0;0;;;;;
264489;28;2;2015;16:23;0;AV PRS CASTELO BRANCO;;;;;Colisão;Luz do Dia;;;Meio de Quadra;;;0;0;2;0;0;0;0;0;0;0;0;0;;;;;
264490;28;2;2015;16:27;0;AV GENIBAU;;;;;Colisão;Luz do Dia;;;Meio de Quadra;;;0;0;2;0;0;0;0;0;0;0;0;0;;;;;
264491;28;2;2015;16:29;0;RUA AUDISIO PINHEIRO;;;;;Colisão;Luz do Dia;;;Meio de Quadra;;;0;0;2;0;0;0;0;0;0;0;0;0;;;;;
264492;28;2;2015;16:36;0;RUA REV BOLIVAR P BANDEIRA;;;377;;Colisão;Luz do Dia;;;Meio de Quadra;;;0;0;2;0;0;0;0;0;0;0;0;0;;;;;
264493;28;2;2015;19:26;24909;RUA ROSINHA SAMPAIO;AV MOZART PINHEIRO DE LUCENA;;;;Colisão;;;;Cruz;Não Há Controle;Comercial;0;0;2;0;0;0;0;0;0;0;0;0;-38,597432;-3,724211;;;
264494;28;2;2015;20:27;19179;AV SANTOS DUMONT;RUA JULIO AZEVEDO;;;;Colisão;;;;;Não Há Controle;Comercial;0;0;2;0;0;0;0;0;0;0;0;0;-38,481471;-3,741662;;;
264495;28;2;2015;20:30;0;RUA PRO JOSE SILVEIRA;;;4634;;Colisão;;;;Meio de Quadra;;;0;0;2;0;0;0;0;0;0;0;0;0;;;;;
264496;28;2;2015;21:55;0;RUA ANTONIO FIUZA;;;;;Colisão;;;;Meio de Quadra;;;0;0;2;0;0;0;0;0;0;0;0;0;;;;;
264497;28;2;2015;22:00;8652;AV EDILSON B SOARES;RUA MARIO ALENCAR ARARIPE;;;;Colisão;;;;T;Semáforo;Escola;0;0;2;0;0;0;0;0;0;0;0;0;-38,478792;-3,789298;;;
264498;28;2;2015;22:03;0;AV GAL OSORIO DE PAIVA;;;;;Atropelamento de Animal;;;;Meio de Quadra;;;0;0;2;0;0;0;0;0;0;0;0;0;;;;;
264499;28;2;2015;22:15;0;RUA JOSE MENDONCA;;;1044;;Colisão;;;;Meio de Quadra;;;0;0;2;0;0;0;0;0;0;0;0;0;-38,601711;-3,754573;;;
264500;28;2;2015;22:17;0;RUA MIRTYL MEYER;;;157;;Colisão;;;;Meio de Quadra;;;0;0;2;0;0;0;0;0;0;0;0;0;;;;;
264501;28;2;2015;22:19;0;RUA ANA BILHAR;;;1133;;Colisão;;;;Meio de Quadra;;;0;0;2;0;0;0;0;0;0;0;0;0;-38,489915;-3,731331;;;
264502;28;2;2015;22:26;0;AV EDUARDO GIRAO;;;;;Colisão;;;;Meio de Quadra;;;0;0;2;0;0;0;0;0;0;0;0;0;;;;;
264503;28;2;2015;23:11;0;AV VIENA WEYNE;;;314;;Colisão;;;;Meio de Quadra;;;0;0;2;0;0;0;0;0;0;0;0;0;-38,491456;-3,801069;;;
261515;28;2;2015;00:35;0;AV GAL OSORIO DE PAIVA;;;;;Colisão;;;;Meio de Quadra;;;0;1;1;1;0;0;0;0;0;1;0;0;;;;;
261517;28;2;2015;01:18;0;AV ROGACIANO LEITE;;;;;Queda;;;;Meio de Quadra;;;0;1;0;0;0;0;0;0;0;1;0;0;-38,491845;-3,758927;;;
261518;28;2;2015;06:49;0;AV AUGUSTO DOS ANJOS;;;2038;;Atropelamento;Luz do Dia;;;Meio de Quadra;;;0;1;1;0;0;0;0;0;0;0;0;0;-38,581949;-3,783375;;;
261519;28;2;2015;07:26;0;RUA GERMANO FRANCK;;;;;Colisão;Luz do Dia;;;Meio de Quadra;;;0;1;1;0;0;0;0;0;0;0;0;0;-38,562610;-3,777750;;;
261521;28;2;2015;07:33;0;AV GAL OSORIO DE PAIVA;;;;;Atropelamento;Luz do Dia;;;Meio de Quadra;;;0;1;1;0;0;0;0;0;0;1;0;0;-38,614329;-3,817371;;;
261534;28;2;2015;11:23;0;AV FRANCISCO SA;;;;;Queda;Luz do Dia;;;Meio de Quadra;;;0;1;0;0;0;1;0;0;0;0;0;0;;;;;
261535;28;2;2015;12:10;0;AV GODOFREDO MACIEL;;;;;Colisão;Luz do Dia;;;Meio de Quadra;;;0;1;1;0;0;0;0;0;0;0;0;0;-38,571327;-3,800964;;;
261537;28;2;2015;15:51;0;AV PRS JUSCELINO KUBITSCHEK (PASSARÉ);;;3561;;Colisão;Luz do Dia;;;Meio de Quadra;;;0;1;1;1;0;0;0;0;0;1;0;0;-38,528985;-3,812635;;;
261538;28;2;2015;14:29;0;AV SEN CARLOS JEREISSATI (AEROPORTO);;;;;Colisão;Luz do Dia;;;Meio de Quadra;;;0;1;1;1;0;0;0;0;0;1;0;0;;;;;
261540;28;2;2015;15:56;0;RUA RIO GRANDE DO NORTE;;;;;Queda;Luz do Dia;;;Meio de Quadra;;;0;1;0;0;0;0;0;0;0;1;0;0;;;;;
261542;28;2;2015;16:02;0;RUA ULISSES MAGALHAES;;;;;Colisão;Luz do Dia;;;Meio de Quadra;;;0;1;1;0;0;0;0;0;0;0;0;0;;;;;
261543;28;2;2015;16:06;5051;RUA SEN JAGUARIBE;RUA SEN POMPEU;;;;Colisão;Luz do Dia;;;Cruz;Pare;Comercial;0;1;1;0;0;0;0;0;0;0;0;0;-38,528055;-3,721667;;;
261546;28;2;2015;16:12;0;AV SEN FERNANDES TAVORA;;;;;Queda;Luz do Dia;;;Meio de Quadra;;;0;1;0;0;0;0;0;0;0;1;0;0;;;;;
261567;28;2;2015;22:03;20042;AV ALBERTO CRAVEIRO;AV PRS JUSCELINO KUBITSCHEK (PASSARÉ);;;;Colisão;;;;;;;0;1;1;1;0;0;0;0;0;1;0;0;-38,524782;-3,807229;;;
261569;28;2;2015;22:29;0;AV MACIEL BEZERRA;;;1610;;Atropelamento;;;;Meio de Quadra;;;0;1;1;0;0;0;0;0;0;1;0;0;-38,629447;-3,804994;;;
261570;28;2;2015;23:02;0;TR VIANA WEYNE;;;;;Colisão;;;;Meio de Quadra;;;0;1;1;1;0;0;0;0;0;0;0;0;;;;;
261571;28;2;2015;23:05;0;RUA PRO HERIBALDO COSTA;;;;;Colisão;;;;Meio de Quadra;;;0;1;1;1;0;0;0;0;0;1;0;0;;;;;
261557;28;2;2015;16:45;0;AV PRO GOMES DE MATOS;;;;;Colisão;Luz do Dia;;;Meio de Quadra;;;0;1;1;0;0;0;0;0;0;0;0;0;;;;;
261559;28;2;2015;18:22;0;RUA JOSE BUSON;;;;;Colisão;Anoitecer;;;Meio de Quadra;;;0;1;1;1;0;0;0;0;0;1;0;0;;;;;
261561;28;2;2015;18:41;0;RUA CON DE CASTRO;;;;;Atropelamento;;;;Meio de Quadra;;;0;1;1;0;0;0;0;0;0;1;0;0;-38,580454;-3,792597;;;
261563;28;2;2015;19:18;24908;RUA PEDRO SAMPAIO;RUA ANTONIO ARRUDA;;;;Colisão;;;;Cruz;Pare;Residencial;0;1;1;1;0;0;0;0;0;1;0;0;-38,595168;-3,724119;;;
261564;28;2;2015;20:29;0;AV SGT HERMINIO SAMPAIO;;;;;Colisão;;;;Meio de Quadra;;;0;1;0;1;0;0;0;0;0;1;0;0;-38,579457;-3,731601;;;
261565;28;2;2015;21:48;0;AV PERIMETRAL;;;772;PRACA DO HENRIQUE JORGE;Atropelamento;;;;;;;0;1;1;0;0;0;0;0;0;1;0;0;;;;;
257460;28;2;2015;21:44;22155;RUA PAPI JUNIOR;RUA ALEXANDRE BARAUNA;;;;Colisão;;;;Cruz;Pare;Comercial;0;1;1;1;0;0;0;0;0;1;0;0;-38,552760;-3,747022;;;
257354;28;2;2015;11:30;19377;RUA GERMANO FRANCK;RUA EDUARDO PERDIGAO;;;;Colisão;Luz do Dia;;;Cruz;Semáforo;Residencial;0;1;0;1;0;0;0;0;0;1;0;0;-38,562542;-3,777704;;;
258821;28;2;2015;09:00;0;RD CE-040;;;;KM-06;Colisão;Luz do Dia;Bom;Seca;Meio de Quadra;Não Há Controle;Comercial;0;0;2;1;0;0;0;0;0;0;0;0;-38,478781;-3,811270;;;