COD_ACIDENTE;DIA;MES;ANO;HORA;INTERSECAO;LOG1;LOG2;LOG3;NUMERO;REFERENCIA;NATUREZA;ILUMINACAO;TEMPO;SUPERFICIEPISTA;TIPOCRUZAMENTO;CONTROLETRAFEGO;USOSOLO;MORTOS;FERIDOS;ILESOS;AUTOMOVEL;ONIBUS;BICICLETA;CAMINHAO;MICROONIBUS;CICLOMOTOR;MOTOCICLETA;TRACAOANIMAL;TREM;LONG;LAT;;;
258818;28;2;2015;00:05;0;RD CE-040;;;;KM-08;Atropelamento;Via Iluminada;Bom;Seca;Meio de Quadra;Não Há Controle;Comercial;0;1;1;0;0;0;0;0;0;0;0;0;-38,481317;-3,823332;;;
258819;28;2;2015;07:45;0;RD CE-065;;;;;Atropelamento;Luz do Dia;Bom;Seca;Meio de Quadra;Não Há Controle;Comercial;0;2;0;0;0;0;0;0;0;1;0;0;;;;;
258823;28;2;2015;15:20;0;RD CE-040;;;;KM-05;Colisão;Luz do Dia;Bom;Seca;Meio de Quadra;Não Há Controle;Comercial;0;1;1;1;0;0;0;0;0;1;0;0;-38,480349;-3,790876;;;
258824;28;2;2015;16:30;0;RD CE-060;;;;KM-03;Colisão;Luz do Dia;Bom;Seca;Meio de Quadra;Não Há Controle;Comercial;0;1;1;1;0;0;0;0;0;1;0;0;-38,582776;-3,836637;;;
249159;28;2;2015;07:00;1282;AV SANTOS DUMONT;AV BAR STUDART;;;;Colisão Transversal;;Nublado;Seca;Cruz;Semáforo;Comercial;0;0;2;1;0;0;0;0;0;0;0;0;-38,506304;-3,733642;;;
249160;28;2;2015;18:15;22878;RUA VITORIANO BORGES;RUA PERU;;;;Colisão Lateral;Via Iluminada;Nublado;Seca;T;;Outros;0;0;2;1;0;0;0;0;0;0;0;0;-38,553716;-3,780765;;;
249161;28;2;2015;19:45;0;RUA LONDRINA;;;149;;Choque c/ Obstáculo Fixo;Não Iluminada;Nublado;Seca;Meio de Quadra;Não Há Controle;Residencial;0;1;0;0;0;0;0;0;0;0;0;0;-38,594072;-3,783610;;;
249154;28;2;2015;07:30;0;RUA AVILA GOULART;;;37;;Choque c/ Obstáculo Fixo;Luz do Dia;Chuva;Seca;Meio de Quadra;;Residencial;0;0;2;1;0;0;1;0;0;0;0;0;;;;;
249151;28;2;2015;13:40;0;AV SEN CARLOS JEREISSATI (AEROPORTO);;;3000;AEROPORTO;Colisão Traseira;Luz do Dia;Nublado;Seca;Meio de Quadra;Não Há Controle;Outros;0;0;2;1;0;0;0;0;0;0;0;0;-38,541414;-3,780382;;;
249147;28;2;2015;13:30;1375;AV SANTOS DUMONT;RUA BARBOSA DE FREITAS;;;;Outros;Luz do Dia;Bom;Seca;Cruz;Semáforo;Comercial;0;0;2;1;1;0;0;0;0;0;0;0;-38,497363;-3,736551;;;
249148;28;2;2015;13:00;0;AV PRS COSTA E SILVA;;;;MOTEL3000;Colisão Lateral;Luz do Dia;Nublado;Seca;Meio de Quadra;Semáforo;Residencial;0;0;2;1;0;0;0;0;0;0;0;0;;;;;
249149;28;2;2015;01:00;24257;RUA MANUEL JESUINO;RUA TAVARES COUTINHO;;;;Colisão Transversal;Via Iluminada;Bom;Seca;Cruz;Semáforo;Residencial;0;1;1;1;0;0;0;0;0;1;0;0;-38,484965;-3,732500;;;
249144;28;2;2015;09:00;15334;RUA CANUTO DE AGUIAR;RUA VICENTE LEITE;;;;Outros;Luz do Dia;Chuva;Seca;Cruz;Não Há Controle;Residencial;0;0;1;1;0;0;0;0;0;0;0;0;-38,493529;-3,731247;;;
249140;28;2;2015;13:30;13408;AV ANTONIO SALES;RUA BAR ARACATI;;;;Colisão Lateral;Luz do Dia;Nublado;Seca;Cruz;Pare;Comercial;0;1;1;1;0;0;0;0;0;1;0;0;-38,514894;-3,741563;;;
249141;28;2;2015;00:35;1246;AV SANTOS DUMONT;RUA BAR ARACATI;;;;Capotamento;Via Iluminada;Bom;Seca;Cruz;Semáforo;Residencial;0;0;2;1;0;0;0;0;0;0;0;0;-38,511618;-3,731909;;;
257353;28;2;2015;00:30;3779;RUA ANTONIO POMPEU;RUA VINTE E QUATRO DE MAIO;;;;Colisão;;;;Cruz;Pare;Comercial;0;1;0;0;0;0;0;0;0;1;0;0;-38,534186;-3,733667;;;
260462;28;2;2015;21:12;0;AV SEN VIRGILIO TAVORA;;;511;;Colisão;;;;Meio de Quadra;;;0;0;2;1;0;0;0;0;0;0;0;0;-38,491856;-3,732786;;;
249122;28;2;2015;12:35;9176;AV AGUANAMBI;AV EDUARDO GIRAO;;;;Colisão Lateral;;Bom;Seca;Rotatória;;Comercial;0;0;2;1;0;0;0;0;0;0;0;0;-38,523639;-3,755303;;;
249123;28;2;2015;15:30;25142;AV BORGES DE MELO;RUA JOAO ARARIPE;;;;Colisão Transversal;Luz do Dia;Bom;Seca;Cruz;Semáforo;Comercial;0;0;2;0;0;0;0;0;1;0;0;0;-38,532143;-3,758147;;;
249124;28;2;2015;17:10;3768;AV DOMINGOS OLIMPIO;AV TRISTAO GONCALVES;;;;Colisão Lateral;Luz do Dia;Bom;Seca;Cruz;Semáforo;Comercial;0;0;2;1;1;0;0;0;0;0;0;0;-38,535613;-3,735133;;;
249125;28;2;2015;07:40;25231;AV PRS COSTA E SILVA;AV I CJ JOSE WALTER;;;;Colisão Traseira;Luz do Dia;Nublado;Seca;T;Outros;Residencial;0;1;1;1;0;0;0;0;0;1;0;0;-38,550232;-3,823494;;;
249127;28;2;2015;07:40;1572;AV DES MOREIRA;RUA VICENTE LINHARES;;;;Colisão Lateral;;Nublado;;Cruz;Semáforo;;0;1;1;1;0;0;0;0;0;1;0;0;-38,500253;-3,742153;;;
249132;28;2;2015;13:50;20042;AV DEP PAULINO ROCHA;AV PRS JUSCELINO KUBITSCHEK (PASSARÉ);;;;Colisão Traseira;Luz do Dia;Nublado;Seca;Rotatória;Outros;Residencial;0;0;2;1;0;0;1;0;0;0;0;0;-38,524782;-3,807229;;;
249129;28;2;2015;12:00;1507;RUA BAR ARACATI;RUA PDE VALDEVINO;;;;Colisão Traseira;Luz do Dia;Chuva;Seca;Cruz;Pare;Comercial;0;0;2;1;0;0;0;0;0;0;0;0;-38,514377;-3,739898;;;
249130;28;2;2015;07:20;4975;AV ALBERTO CRAVEIRO;RUA SAO SEBASTIAO D62;;;;Colisão Lateral;Luz do Dia;Bom;Seca;T;Pare;Misto;0;1;1;1;0;0;0;0;0;1;0;0;-38,517904;-3,794533;;;
249118;28;2;2015;12:30;1246;RUA BAR ARACATI;AV SANTOS DUMONT;;;;Colisão Transversal;Luz do Dia;Chuva;Molhada;Cruz;Pare;Comercial;0;0;2;1;0;0;0;0;0;0;0;0;-38,511618;-3,731909;;;
249136;28;2;2015;13:30;0;AV DR SILAS MUNGUBA;;;;;Colisão Traseira;;Bom;;Meio de Quadra;;;0;0;3;1;0;0;0;0;0;0;0;0;;;;;
249134;28;2;2015;16:25;3768;AV TRISTAO GONCALVES;AV DOMINGOS OLIMPIO;;;;Colisão Lateral;Luz do Dia;Nublado;Seca;Cruz;Semáforo;Comercial;0;0;2;1;1;0;0;0;0;0;0;0;-38,535613;-3,735133;;;
259763;1;3;2015;23:35;0;AV CEL CARVALHO;RUA FENELON BOMILCAR;;;;Colisão;;;;;;;0;0;2;1;0;0;0;0;0;0;0;0;;;;;
259722;1;3;2015;09:21;0;RUA MARTINS NETO;;;;;Outros;Luz do Dia;;;Meio de Quadra;;;0;0;2;0;0;0;0;0;0;0;0;0;;;;;
259758;1;3;2015;00:22;0;AV DOMINGOS OLIMPIO;;;;;Colisão;;;;Meio de Quadra;;;0;0;2;1;1;0;0;0;0;0;0;0;;;;;
264570;1;3;2015;21:07;9229;RUA MON LIBERATO;RUA MARIO MAMEDE;;;;Colisão;;;;Cruz;Pare;Outros;0;0;2;0;0;0;0;0;0;0;0;0;-38,530817;-3,749814;;;
264574;1;3;2015;21:48;20042;AV ALBERTO CRAVEIRO;AV DR SILAS MUNGUBA;;;;Colisão;;;;;;;0;0;2;0;0;0;0;0;0;0;0;0;-38,524782;-3,807229;;;
264577;1;3;2015;22:06;0;RUA PEDESTRE III;;;420;;Atropelamento;;;;Meio de Quadra;;;0;0;2;0;0;0;0;0;0;0;0;0;;;;;
258547;1;3;2015;20:00;0;RD BR 020;;;429;;Choque c/ Obstáculo Fixo;Luz do Dia;Bom;Seca;Meio de Quadra;;Misto;0;1;0;0;0;0;0;0;0;1;0;0;;;;;
258539;1;3;2015;17:30;0;RD BR 116;;;7000;KM-07;Colisão Traseira;Anoitecer;Nublado;Seca;Meio de Quadra;;;0;2;1;0;0;0;1;0;0;0;0;0;-38,501101;-3,813246;;;
260339;1;3;2015;13:33;0;RUA PDE FRANCISCO PITA;;;;;Atropelamento;Luz do Dia;;;Meio de Quadra;;;0;1;1;1;0;0;0;0;0;0;0;0;;;;;
260391;1;3;2015;22:26;0;AV GAL OSORIO DE PAIVA;;;;;Queda;;;;Meio de Quadra;;;0;1;0;0;0;0;0;0;0;1;0;0;;;;;
260388;1;3;2015;21:43;0;AV PERIMETRAL;;;21;JOSE WALTER;Colisão;;;;;;;0;0;2;1;0;0;0;0;0;1;0;0;-38,550647;-3,823385;;;
260389;1;3;2015;21:54;0;AV G CJ JOSE WALTER;;;;;Colisão;;;;Meio de Quadra;;;0;1;1;1;0;0;0;0;0;1;0;0;;;;;
260386;1;3;2015;21:42;0;AV ENG HUMBERTO MONTE;;;;;Colisão;;;;Meio de Quadra;;;0;1;0;0;0;0;0;0;0;0;0;0;;;;;
260384;1;3;2015;21:28;0;RUA DEP MATOSO FILHO;AV CEL CARVALHO;;;;Colisão;;;;;;;0;1;1;0;0;0;0;0;0;1;0;0;;;;;
260366;1;3;2015;;0;AV RAD JOSE LIMA VERDE;;;;;Colisão;;;;Meio de Quadra;;;0;1;1;1;0;0;0;0;0;1;0;0;;;;;
260249;1;3;2015;00:30;0;RUA MARIA JULIA;;;;;Colisão;;;;;;;0;1;1;1;0;0;0;0;0;1;0;0;-38,600273;-3,793613;;;
260347;1;3;2015;21:23;0;AV 20 DE JANEIRO;;;;;Colisão;;;;Meio de Quadra;;;0;1;1;1;0;0;0;0;0;1;0;0;-38,582535;-3,705062;;;
260345;1;3;2015;15:20;0;RUA CARAMURU D45 (ITAPERI);;;;;Queda;Luz do Dia;;;Meio de Quadra;;;0;1;0;0;0;1;0;0;0;0;0;0;-38,541101;-3,788959;;;
260328;1;3;2015;09:43;0;AV DR SILAS MUNGUBA;;;3915;;Colisão;Luz do Dia;;;Meio de Quadra;;;0;1;1;1;0;0;0;0;0;1;0;0;-38,538874;-3,790876;;;
260334;1;3;2015;11:27;0;AV AUGUSTO DOS ANJOS;;;;;Colisão;Luz do Dia;;;Meio de Quadra;;;0;1;1;0;0;0;0;0;0;0;0;0;-38,574648;-3,775063;;;
260342;1;3;2015;14:31;0;AV AGUANAMBI;;;;;Queda;Luz do Dia;;;Meio de Quadra;;;0;1;1;1;0;0;0;0;0;1;0;0;-38,525056;-3,746548;;;
260319;1;3;2015;07:53;0;RUA DNA LUCIA PINHEIRO (QUINTINO CUNHA);;;;;Queda;Luz do Dia;;;Meio de Quadra;;;0;1;0;0;0;0;0;0;0;1;0;0;;;;;
260331;1;3;2015;11:17;1416;RUA MARIA TOMASIA;RUA CEL JUCA;;;;Atropelamento;Luz do Dia;;;Cruz;Pare;Residencial;0;1;1;1;0;0;0;0;0;0;0;0;-38,491207;-3,737434;;;
260305;1;3;2015;05:34;9612;RUA SGT JOAO PINHEIRO;RUA OSCAR ARARIPE;;;;Colisão;Amanhecer;;;Cruz;Pare;Comercial;0;1;1;1;0;0;0;0;0;1;0;0;-38,623073;-3,783833;;;
249206;1;3;2015;13:30;13602;AV ROGACIANO LEITE;AV GAL MURILO BORGES;;;;Colisão Traseira;Luz do Dia;Bom;Seca;;Semáforo;Comercial;0;0;2;1;0;0;0;0;0;0;0;0;-38,496968;-3,767788;;;
249208;1;3;2015;21:30;22117;RUA PRO COSTA MENDES;RUA PAPI JUNIOR;;;;Colisão Lateral;Via Iluminada;Bom;Seca;Cruz;Pare;Residencial;0;1;1;1;0;0;0;0;0;1;0;0;-38,553931;-3,748342;;;
249211;1;3;2015;15:00;15289;AV DES MOREIRA;RUA ANA BILHAR;;;;Colisão Transversal;Luz do Dia;Bom;Seca;Cruz;Semáforo;Comercial;0;0;2;1;0;0;0;0;0;0;0;0;-38,496113;-3,729331;;;
249214;1;3;2015;07:00;0;AV VICENTE DE CASTRO;;;4521;;Atropelamento;Luz do Dia;Bom;Seca;Meio de Quadra;Não Há Controle;Misto;0;1;1;1;0;0;0;0;0;0;0;0;-38,476646;-3,720186;;;
249215;1;3;2015;14:20;3809;AV CARAPINIMA;RUA PDE FRANCISCO PINTO;;;;Colisão Traseira;Luz do Dia;Bom;Seca;Cruz;Semáforo;Residencial;0;0;2;0;1;0;0;0;0;0;0;0;-38,541958;-3,741723;;;
249216;1;3;2015;19:30;0;RUA 64 CJ JOSE WALTER;;;121;;Colisão Traseira;Mal Iluminada;Bom;Seca;Meio de Quadra;Não Há Controle;Comercial;0;1;1;1;0;0;0;0;0;1;0;0;-38,558938;-3,838061;;;
249217;1;3;2015;08:35;1519;RUA PDE VALDEVINO;RUA CARLOS VASCONCELOS;;;;Colisão Transversal;Luz do Dia;Bom;Seca;Cruz;Semáforo;Comercial;0;0;2;1;0;0;0;0;0;0;0;0;-38,513190;-3,740277;;;
249219;1;3;2015;23:30;0;RUA PDE PERDIGAO SAMPAIO;;;652;;Colisão Traseira;Via Iluminada;Bom;Seca;Meio de Quadra;Não Há Controle;Residencial;0;1;1;0;1;0;0;0;0;1;0;0;-38,594318;-3,742336;;;
249220;1;3;2015;16:15;7992;AV JOAO PESSOA;RUA ANA NERY;;;;Colisão Transversal;Luz do Dia;Bom;Seca;Cruz;Pare;Comercial;0;0;2;1;1;0;0;0;0;0;0;0;-38,546781;-3,749460;;;
249221;1;3;2015;15:30;0;RUA PEDRO LAZAR;;;1277;;Colisão Lateral;Luz do Dia;Bom;Seca;Meio de Quadra;Não Há Controle;Residencial;0;1;1;1;0;0;0;0;0;1;0;0;;;;;
249222;1;3;2015;20:00;20023;AV DR SILAS MUNGUBA;AV HEROIS DO ACRE;;;;Colisão Traseira;Via Iluminada;Bom;Seca;Cruz;Semáforo;Misto;0;1;1;1;0;0;0;0;0;1;0;0;-38,528540;-3,803079;;;
249224;1;3;2015;06:17;15189;AV ABOLICAO;RUA FRE MANSUETO;;;;Colisão Traseira;Luz do Dia;Bom;Seca;Cruz;Semáforo;Misto;0;0;2;1;0;0;0;0;0;0;0;0;-38,489324;-3,726368;;;
249225;1;3;2015;07:41;0;AV BEIRA MAR;;;872;;Colisão Transversal;Luz do Dia;Bom;Seca;Meio de Quadra;Não Há Controle;Misto;0;0;2;1;0;0;1;0;0;0;0;0;-38,511491;-3,720242;;;
249226;1;3;2015;18:30;15194;RUA DEP MOREIRA DA ROCHA;RUA ILDEFONSO ALBANO;;;;Colisão Lateral;Via Iluminada;Bom;Seca;Cruz;Pare;Residencial;0;1;1;1;0;0;0;0;0;1;0;0;-38,511072;-3,726480;;;
249227;1;3;2015;14:00;8025;AV JOAO PESSOA;RUA PRO COSTA MENDES;;;;Colisão Traseira;Luz do Dia;Bom;Seca;Cruz;Semáforo;Misto;0;0;2;1;0;0;0;0;0;0;0;0;-38,549441;-3,752393;;;
249228;1;3;2015;13:45;25007;AV JOAO PESSOA;RUA ROMEU MARTINS;;;;Colisão Transversal;Luz do Dia;Bom;Seca;T;Pare;Misto;0;0;2;0;1;0;0;1;0;0;0;0;-38,557972;-3,762774;;;
249232;1;3;2015;13:20;0;AV ENG SANTANA JUNIOR;;;2277;;Colisão Traseira;Luz do Dia;Bom;Seca;Meio de Quadra;Semáforo;Comercial;0;0;2;1;0;0;0;0;0;0;0;0;-38,486614;-3,742741;;;
249233;1;3;2015;18:00;0;RUA PRO EDGAR DE ARRUDA;;;1057;;Colisão Lateral;Via Iluminada;Bom;Seca;Meio de Quadra;Pare;Residencial;0;2;0;1;0;0;0;0;0;0;0;0;-38,584459;-3,758411;;;
249234;1;3;2015;07:15;7633;AV CARNEIRO DE MENDONCA;RUA RIO GRANDE DO SUL;;;;Colisão Transversal;Luz do Dia;Bom;Seca;Cruz;Semáforo;Comercial;0;0;2;1;0;0;0;0;0;0;0;0;-38,570011;-3,762374;;;
249235;1;3;2015;12:40;19328;RUA EDUARDO PERDIGAO;RUA CON DE CASTRO;;;;Colisão Transversal;Luz do Dia;Bom;Seca;Cruz;Pare;Comercial;0;0;2;1;0;0;0;0;0;1;0;0;-38,564769;-3,775579;;;
249236;1;3;2015;19:10;1219;RUA JOAO CORDEIRO;RUA COSTA BARROS;;;;Colisão Transversal;Via Iluminada;Bom;Seca;Cruz;Semáforo;Misto;0;1;1;1;0;0;0;0;0;1;0;0;-38,514331;-3,729449;;;
249238;1;3;2015;19:00;11057;AV DR SILAS MUNGUBA;AV DOS EXPEDICIONARIOS;;;;Colisão Lateral;Via Iluminada;Bom;Seca;Cruz;Semáforo;Comercial;0;0;2;1;0;0;0;0;0;0;0;0;-38,547960;-3,787538;;;
249230;1;3;2015;10:00;19269;RUA PRO GOMES BRASIL;RUA MARACANA;;;;Colisão Lateral;Luz do Dia;Bom;Seca;Rotatória;Outros;Misto;0;0;2;1;0;0;0;0;0;0;0;0;-38,568438;-3,772840;;;
258721;1;3;2015;21:30;0;RD CE-065;;;;KM-02;Colisão Traseira;Via Iluminada;;Seca;Meio de Quadra;;;0;1;1;0;0;0;0;0;0;1;0;0;;;;;
264504;1;3;2015;00:07;5364;RUA GAL CLARINDO DE QUEIROZ;AV TRISTAO GONCALVES;;;;Colisão;;;;Cruz;Não Há Controle;Comercial;0;0;2;0;0;0;0;0;0;0;0;0;-38,534472;-3,731314;;;
264505;1;3;2015;00:23;0;AV JOAO DE ARAUJO LIMA;;;1481;;Colisão;;;;Meio de Quadra;;;0;0;2;0;0;0;0;0;0;0;0;0;;;;;
264506;1;3;2015;02:18;0;AV JOSE LEON;;;1118;;Colisão;;;;Meio de Quadra;;;0;0;2;0;0;0;0;0;0;0;0;0;-38,501846;-3,787811;;;
264507;1;3;2015;02:20;0;AV 13 DE MAIO;;;;;Choque c/ Obstáculo Fixo;;;;Meio de Quadra;;;0;0;1;0;0;0;0;0;0;0;0;0;;;;;
264508;1;3;2015;02:22;0;RUA DOS MARINHEIROS;;;539;;Atropelamento;;;;Meio de Quadra;;;0;0;2;0;0;0;0;0;0;0;0;0;-38,563338;-3,843106;;;
264509;1;3;2015;03:02;10302;AV SEN FERNANDES TAVORA;RUA PERILIO TEIXEIRA;;;;Colisão;;;;Cruz;Pare;Comercial;0;0;2;0;0;0;0;0;0;0;0;0;-38,600984;-3,754628;;;
264510;1;3;2015;07:25;0;AV DOS EXPEDICIONARIOS;;;;;Choque c/ Obstáculo Fixo;Luz do Dia;;;Meio de Quadra;;;0;0;1;0;0;0;0;0;0;0;0;0;;;;;
264511;1;3;2015;10:25;0;RUA PRO GOMES BRASIL;;;;;Colisão;Luz do Dia;;;Meio de Quadra;;;0;0;2;0;0;0;0;0;0;0;0;0;;;;;
264519;1;3;2015;10:39;0;RUA 1 UI 308;;;994;;Choque c/ Obstáculo Fixo;Luz do Dia;;;Meio de Quadra;;;0;0;1;0;0;0;0;0;0;0;0;0;;;;;
264521;1;3;2015;10:41;15423;AV FRE CIRILO;RUA SILVEIRA DA MOTA;;;;Colisão;Luz do Dia;;;Cruz;Pare;Comercial;0;0;2;0;0;0;0;0;0;0;0;0;-38,498012;-3,815944;;;
264523;1;3;2015;10:57;0;AV FRANCISCO SA;;;7540;;Colisão;Luz do Dia;;;Meio de Quadra;;;0;0;2;0;0;0;0;0;0;0;0;0;-38,586029;-3,706398;;;
264526;1;3;2015;11:01;0;RUA CEL FABRICIANO;;;784;;Colisão;Luz do Dia;;;Meio de Quadra;;;0;0;2;0;0;0;0;0;0;0;0;0;-38,598485;-3,785405;;;
264529;1;3;2015;11:11;0;RUA JOSE HIPOLITO;;;1099;;Colisão;Luz do Dia;;;Meio de Quadra;;;0;0;2;0;0;0;0;0;0;0;0;0;-38,486344;-3,835606;;;
264532;1;3;2015;11:42;0;RUA PDE PEDRO DE ALENCAR;;;31;;Colisão;Luz do Dia;;;Meio de Quadra;;;0;0;2;0;0;0;0;0;0;0;0;0;;;;;
264537;1;3;2015;13:46;0;AV JOR THOMAZ COELHO;;;2583;;Colisão;Luz do Dia;;;Meio de Quadra;;;0;0;2;0;0;0;0;0;0;0;0;0;-38,518914;-3,828331;;;
264538;1;3;2015;14:21;5709;AV OLIVEIRA PAIVA;AV DES GONZAGA;;;;Colisão;Luz do Dia;;;Cruz;Semáforo;Lazer;0;0;2;0;0;0;0;0;0;0;0;0;-38,499953;-3,797165;;;
264543;1;3;2015;14:51;0;RUA ANTONIO FIUZA;;;18;;Colisão;Luz do Dia;;;Meio de Quadra;;;0;0;2;0;0;0;0;0;0;0;0;0;;;;;
264545;1;3;2015;17:18;0;AV SEN FERNANDES TAVORA;;;681;;Colisão;Anoitecer;;;Meio de Quadra;;;0;0;2;0;0;0;0;0;0;0;0;0;-38,579003;-3,763870;;;
264548;1;3;2015;18:44;0;AV J CJ CEARA;;;;;Colisão;;;;Meio de Quadra;;;0;0;2;0;0;0;0;0;0;0;0;0;;;;;
264554;1;3;2015;18:47;5777;RUA JOSE A CAVALCANTE;RUA CHICO LEMOS;;;;Atropelamento;;;;Cruz;;Residencial;0;0;2;0;0;0;0;0;0;0;0;0;-38,499317;-3,790905;;;
264562;1;3;2015;18:49;2830;AV GAL OSORIO DE PAIVA;RUA OSCAR FRANCA;;;;Colisão;;;;T;Semáforo;Residencial;0;0;2;0;0;0;0;0;0;0;0;0;-38,592113;-3,794473;;;
264563;1;3;2015;19:20;6745;RUA BENTO ALBUQUERQUE;RUA PRO OTAVIO LOBO;;;;Colisão;;;;Cruz;Semáforo;Residencial;0;0;2;0;0;0;0;0;0;0;0;0;-38,479196;-3,745035;;;
264568;1;3;2015;21:04;0;RUA HUMBERTO LOMEU;;;1485;;Colisão;;;;Meio de Quadra;;;0;0;2;0;0;0;0;0;0;0;0;0;;;;;
264565;1;3;2015;20:00;20269;AV PRS JUSCELINO KUBITSCHEK (PASSARÉ);RUA ELDORADO;;;;Colisão;;;;Cruz;Semáforo;Comercial;0;0;2;0;0;0;0;0;0;0;0;0;-38,531633;-3,816307;;;
257463;2;3;2015;23:30;0;AV PRS COSTA E SILVA;;;3555;;Colisão;;;;Meio de Quadra;;;0;1;0;0;1;0;0;0;0;1;0;0;;;;;
249303;2;3;2015;09:00;0;RUA OSCAR PEDREIRA;;;60;;Colisão Lateral;Luz do Dia;Chuva;Molhada;Meio de Quadra;Não Há Controle;Residencial;0;0;2;0;0;0;1;0;0;0;0;0;-38,543209;-3,722777;;;
249304;2;3;2015;19:15;7899;AV ANTONIO SALES;RUA MON CATAO;;;;Colisão Lateral;Via Iluminada;Chuva;Molhada;Cruz;Pare;Comercial;0;0;2;1;0;0;0;0;0;0;0;0;-38,493642;-3,748174;;;
249308;2;3;2015;18:00;5307;AV DUQ CAXIAS;RUA PRC ISABEL;;;;Colisão Traseira;;Bom;Seca;Cruz;Semáforo;Misto;0;1;1;1;0;0;0;0;0;1;0;0;-38,536407;-3,729687;;;
249292;2;3;2015;15:30;24229;AV ENG SANTANA JUNIOR;AV ENG ALBERTO SA;;;;Colisão Transversal;Luz do Dia;Bom;Seca;Cruz;Semáforo;Comercial;0;0;2;1;0;0;0;0;0;0;0;0;-38,480624;-3,733357;;;
249293;2;3;2015;20:10;22353;AV BEZERRA DE MENEZES;AV OLAVO BILAC;;;;Colisão Lateral;Via Iluminada;Chuva;Molhada;Cruz;Semáforo Manual;Comercial;0;0;2;1;0;0;1;0;0;0;0;0;-38,564151;-3,735601;;;
249294;2;3;2015;08:50;0;AV TRISTAO GONCALVES;;;1310;;Colisão Lateral;Luz do Dia;Chuva;Molhada;Meio de Quadra;Semáforo;;0;0;2;0;1;0;0;0;0;1;0;0;-38,535066;-3,733309;;;
249295;2;3;2015;13:00;5490;AV AGUANAMBI;RUA ANTONIO POMPEU;;;;Colisão Traseira;Luz do Dia;Nublado;Seca;Cruz;Semáforo;Comercial;0;0;2;1;0;0;0;0;0;0;0;0;-38,523967;-3,736873;;;
249296;2;3;2015;13:25;3814;RUA WALDERY UCHOA;RUA PAULINO NOGUEIRA;;;;Colisão Transversal;Luz do Dia;Nublado;Seca;Cruz;Pare;Residencial;0;0;2;1;0;0;0;0;0;0;0;0;-38,538372;-3,743449;;;
249297;2;3;2015;15:45;11081;AV DOS EXPEDICIONARIOS;RUA ACAPULCO;;;;Colisão Traseira;Luz do Dia;Nublado;Seca;T;Gesto;Residencial;0;0;3;1;1;0;1;0;0;0;0;0;-38,549244;-3,791592;;;
249298;2;3;2015;00:05;5394;AV TRISTAO GONCALVES;RUA METON DE ALENCAR;;;;Colisão Traseira;Via Iluminada;Bom;Seca;Cruz;Semáforo;Comercial;0;0;1;1;1;0;0;0;0;0;0;0;-38,534777;-3,732327;;;
249299;2;3;2015;21:30;8931;RUA JUSTINIANO DE SERPA;RUA ANTONIO POMPEU;;;;Colisão Lateral;Via Iluminada;Nublado;Molhada;Cruz;Pare;Comercial;0;0;2;1;1;0;0;0;0;0;0;0;-38,542672;-3,732034;;;
249300;2;3;2015;07:00;7733;AV JOAO PESSOA;RUA BAR SOBRAL;;;;Colisão Lateral;Luz do Dia;Nublado;Seca;Rotatória;Semáforo;Comercial;0;1;1;0;0;0;1;0;0;1;0;0;-38,558693;-3,764518;;;
249301;2;3;2015;12:20;14682;AV OLIVEIRA PAIVA;RUA DR JOSE FURTADO;;;;Colisão Transversal;Luz do Dia;Nublado;Seca;Cruz;Semáforo;Comercial;0;1;1;1;0;0;1;0;0;0;0;0;-38,488224;-3,796189;;;
249310;2;3;2015;15:30;0;RUA PRC ISABEL;;;711;;Colisão Transversal;Luz do Dia;Bom;Seca;Meio de Quadra;Não Há Controle;Misto;0;1;1;1;0;0;0;0;0;1;0;0;;;;;
249311;2;3;2015;18:10;7903;AV ANTONIO SALES;RUA CEL LINHARES;;;;Colisão;;Bom;Seca;Cruz;Não Há Controle;Comercial;0;0;2;1;0;0;0;0;0;0;0;0;-38,497481;-3,746964;;;
249312;2;3;2015;13:15;7401;AV SEN FERNANDES TAVORA;RUA AUDISIO PINHEIRO;;;;Colisão Lateral;Luz do Dia;Bom;Seca;Cruz;Semáforo;Misto;0;0;2;1;0;0;0;0;0;0;0;0;-38,588886;-3,758593;;;
249313;2;3;2015;12:40;7401;AV SEN FERNANDES TAVORA;RUA AUDISIO PINHEIRO;;;;Colisão Lateral;Luz do Dia;Bom;Seca;Cruz;Semáforo;Misto;0;0;2;1;1;0;0;0;0;0;0;0;-38,588886;-3,758593;;;
258729;2;3;2015;16:25;0;AV MIN JOSE AMERICO;;;;;Colisão Traseira;Via Iluminada;;Seca;Meio de Quadra;;;0;0;2;1;0;0;0;0;0;1;0;0;;;;;
258731;2;3;2015;17:00;0;RD CE-040;;;;KM-07;Colisão Traseira;Via Iluminada;;Seca;Meio de Quadra;;;0;0;2;1;0;0;0;0;0;0;0;0;-38,483160;-3,817953;;;
249231;2;3;2015;13:50;7914;AV ANTONIO SALES;RUA LEONARDO MOTA;;;;Colisão Traseira;Luz do Dia;Bom;Seca;Cruz;Semáforo;Comercial;0;1;1;1;0;0;0;0;0;1;0;0;-38,499442;-3,746358;;;
249243;2;3;2015;11:10;13752;RUA LUIZA MIRANDA COELHO;RUA COM NATANAEL CORTEZ;;;;Colisão Transversal;Luz do Dia;Nublado;Seca;T;Pare;Residencial;0;0;3;1;0;0;0;0;0;0;0;0;-38,489219;-3,774361;;;