COD_ACIDENTE;DIA;MES;ANO;HORA;INTERSECAO;LOG1;LOG2;LOG3;NUMERO;REFERENCIA;NATUREZA;ILUMINACAO;TEMPO;SUPERFICIEPISTA;TIPOCRUZAMENTO;CONTROLETRAFEGO;USOSOLO;MORTOS;FERIDOS;ILESOS;AUTOMOVEL;ONIBUS;BICICLETA;CAMINHAO;MICROONIBUS;CICLOMOTOR;MOTOCICLETA;TRACAOANIMAL;TREM;LONG;LAT;;;
249247;2;3;2015;19:30;25008;RUA TEODOMIRO DE CASTRO;RUA SILVIO ROMERO;;;;Capotamento;Via Iluminada;Chuva;Molhada;Cruz;Pare;Residencial;0;0;2;1;0;0;0;0;0;0;0;0;-38,570794;-3,719538;;;
249286;2;3;2015;14:30;12431;RUA RIO GRANDE DO SUL;RUA MARIO DA SILVEIRA;;;;Colisão Transversal;Luz do Dia;Nublado;Seca;Cruz;Pare;Comercial;0;1;1;0;0;0;0;0;0;1;0;0;-38,571640;-3,765984;;;
249239;2;3;2015;09:20;12648;RUA RIO ARAGUAIA;RUA MARIA CLARA;;;;Colisão Transversal;Luz do Dia;Nublado;Molhada;Cruz;Pare;Residencial;0;2;0;1;0;0;0;0;0;1;0;0;-38,582119;-3,725741;;;
249240;2;3;2015;18:30;21573;RUA LUIS VIEIRA;RUA ANTONIO COSTA MENDES (PQ SÃO JOSÉ);;;;Colisão Transversal;Via Iluminada;Nublado;Seca;Cruz;Pare;Residencial;0;1;1;1;0;0;0;0;0;1;0;0;;;;;
249241;2;3;2015;06:25;0;RUA PEDRO MACHADO;;;1001;;Colisão Lateral;Luz do Dia;Bom;Seca;Meio de Quadra;Não Há Controle;Residencial;0;0;2;1;0;0;0;0;0;0;0;0;-38,551022;-3,754273;;;
249237;2;3;2015;16:00;0;RUA PDE ANCHIETA;;;1417;;Colisão Lateral;Luz do Dia;Bom;Seca;Meio de Quadra;Outros;Comercial;0;1;2;1;0;0;0;0;0;1;0;0;-38,552268;-3,732914;;;
249229;2;3;2015;19:50;15213;RUA TEN BENEVOLO;RUA ANTONIO AUGUSTO;;;;Colisão Lateral;Via Iluminada;Bom;Molhada;Cruz;Pare;Comercial;0;0;2;1;0;0;0;0;0;0;0;0;-38,512383;-3,726933;;;
249223;2;3;2015;01:30;0;AV BEIRA MAR;;;2982;;Choque c/ Obstáculo Fixo;Via Iluminada;Bom;Seca;Meio de Quadra;Não Há Controle;Comercial;0;0;1;1;0;0;0;0;0;0;0;0;-38,495018;-3,726083;;;
249258;2;3;2015;10:30;0;AV GOV RAUL BARBOSA;;;900;;Colisão Traseira;;Bom;Seca;Meio de Quadra;Não Há Controle;Comercial;0;0;2;1;0;0;1;0;0;0;0;0;-38,504626;-3,759012;;;
249259;2;3;2015;12:30;0;AV PRS COSTA E SILVA;;;;JOSE WALTER;Colisão Lateral;Luz do Dia;Bom;Seca;Meio de Quadra;Não Há Controle;Residencial;0;0;2;1;0;0;1;0;0;0;0;0;;;;;
249260;2;3;2015;07:40;10045;RUA EMILIO DE MENESES;RUA TAUBATE;;;;Colisão Transversal;Luz do Dia;Nublado;Seca;Cruz;Pare;Misto;0;2;0;0;0;0;0;0;0;1;0;0;-38,598188;-3,778717;;;
249261;2;3;2015;10:00;3796;RUA PDE MORORO;RUA JUVENAL GALENO;;;;Colisão Transversal;Luz do Dia;Nublado;Seca;Cruz;Pare;Residencial;0;0;2;1;0;0;0;0;0;0;0;0;-38,541005;-3,737433;;;
249262;2;3;2015;12:50;4251;AV FRANCISCO SA;RUA MARIO STUDART;;;;Colisão Transversal;Luz do Dia;Nublado;Seca;T;Pare;Misto;0;0;2;1;0;0;0;0;0;0;0;0;-38,550501;-3,719680;;;
249263;2;3;2015;17:30;0;AV ANTONIO JUSTA;;;2970;;Colisão Transversal;Anoitecer;Bom;Seca;Meio de Quadra;Semáforo;Comercial;0;1;1;1;0;0;0;0;0;1;0;0;-38,493476;-3,727972;;;
249264;2;3;2015;18:00;0;AV SEN VIRGILIO TAVORA;;;284;;Colisão Lateral;;Chuva;Molhada;Meio de Quadra;Não Há Controle;Comercial;0;0;2;1;0;0;0;0;0;0;0;0;-38,491401;-3,731343;;;
249265;2;3;2015;09:00;9176;AV AGUANAMBI;AV EDUARDO GIRAO;;;;Colisão Lateral;Luz do Dia;Nublado;Seca;Rotatória;Semáforo;Comercial;0;0;2;1;0;0;0;0;0;0;0;0;-38,523639;-3,755303;;;
249289;2;3;2015;18:15;0;AV DES MOREIRA;;;3013;;Colisão Lateral;Via Iluminada;Bom;Seca;Meio de Quadra;;Residencial;0;0;2;0;0;0;1;0;0;0;0;0;;;;;
249290;2;3;2015;19:20;0;AV ROGACIANO LEITE;;;;;Colisão Lateral;Via Iluminada;Bom;Seca;Meio de Quadra;Semáforo;Residencial;0;1;1;1;0;0;0;0;0;1;0;0;;;;;
249291;2;3;2015;13:00;0;RUA GAL CLARINDO DE QUEIROZ;;;1247;;Colisão Lateral;Luz do Dia;Bom;Seca;Meio de Quadra;Semáforo;Comercial;0;0;2;1;0;0;0;0;0;0;0;0;-38,535488;-3,730988;;;
249218;2;3;2015;20:48;10726;RUA PRO HERIBALDO COSTA;RUA CURITIBA;;;;Colisão Lateral;Via Iluminada;Bom;Molhada;Cruz;Outros;Residencial;0;0;2;1;0;0;0;0;0;0;0;0;-38,583853;-3,759992;;;
260392;2;3;2015;06:24;0;PRACINHA DO HENRIQUE JORGE;;;;;Colisão;Luz do Dia;;;Meio de Quadra;;;0;1;1;1;0;0;0;0;0;1;0;0;;;;;
260433;2;3;2015;16:10;0;RUA COS ALVARO DE OLIVEIRA;AV JOVITA FEITOSA;;;;Colisão;Luz do Dia;;;;;;0;1;1;1;0;0;0;0;0;1;0;0;;;;;
260418;2;3;2015;14:22;0;AV PRS CASTELO BRANCO;;;;;Colisão;Luz do Dia;;;Meio de Quadra;;;0;0;2;0;0;0;0;0;0;1;0;0;;;;;
260413;2;3;2015;11:55;10065;RUA SEN MENEZES PIMENTEL;RUA ANTONIO NERY;;;;Colisão;Luz do Dia;;;Cruz;Pare;Rural;0;1;1;1;0;0;0;0;0;1;0;0;;;;;
260410;2;3;2015;11:02;24226;RUA FAUSTO CABRAL;RUA DES WALDETARIO P MOTA;;;;Colisão;Luz do Dia;;;Cruz;Pare;Misto;0;1;1;1;0;0;0;0;0;1;0;0;-38,478283;-3,733093;;;
260408;2;3;2015;08:03;0;RUA JAMACARU;;;;;Colisão;Luz do Dia;;;Meio de Quadra;;;0;1;1;1;0;0;0;0;0;1;0;0;;;;;
260405;2;3;2015;07:37;0;AV DUQ CAXIAS;;;;;Colisão;Luz do Dia;;;Meio de Quadra;;;0;1;1;1;0;1;0;0;0;0;0;0;;;;;
260400;2;3;2015;07:10;0;RUA EMILIO DE MENESES;;;;;;Luz do Dia;;;Meio de Quadra;;;0;1;1;0;0;0;0;0;0;1;0;0;;;;;
260458;2;3;2015;19:18;0;AV ROGACIANO LEITE;;;;;Colisão;;;;Meio de Quadra;;;0;1;0;0;0;0;0;0;0;0;0;0;-38,499058;-3,773643;;;
260476;2;3;2015;21:29;0;AV CEL CARVALHO;;;2273;;Colisão;;;;Meio de Quadra;;;0;1;1;0;0;0;0;0;0;0;0;0;-38,586598;-3,722485;;;
260453;2;3;2015;19:12;0;RUA BERNARDO MANUEL;;;;;Colisão;;;;Meio de Quadra;;;0;1;0;0;0;0;0;0;0;0;0;0;;;;;
260450;2;3;2015;18:58;0;RUA DAS JAQUEIRAS;;;;;Colisão;;;;Meio de Quadra;;;0;1;1;1;0;0;0;0;0;1;0;0;;;;;
260446;2;3;2015;18:14;0;AV PRUDENTE BRASIL;;;;;Colisão;Anoitecer;;;Meio de Quadra;;;0;1;1;1;0;0;0;0;0;1;0;0;-38,534914;-3,811156;;;
260465;2;3;2015;21:33;0;AV CARAPINIMA;;;;;Colisão;;;;Meio de Quadra;;;0;1;0;0;0;0;0;0;0;0;0;0;;;;;
258552;2;3;2015;05:50;0;RD BR 222;;;;KM-03;Colisão Traseira;Amanhecer;Bom;Seca;Meio de Quadra;;Rural;0;0;2;1;0;0;1;0;0;0;0;0;-38,571997;-3,736999;;;
258558;2;3;2015;10:40;0;RD BR 020;;;429;;Colisão Traseira;Luz do Dia;Nublado;Molhada;Meio de Quadra;Não Há Controle;Rural;0;0;2;1;0;0;1;0;0;0;0;0;;;;;
258559;2;3;2015;13:00;0;RD BR 116;;;6000;KM-06;Colisão Lateral;Luz do Dia;Bom;Seca;Meio de Quadra;Não Há Controle;Rural;0;0;2;1;0;0;1;0;0;0;0;0;-38,503053;-3,804691;;;
264586;2;3;2015;05:24;0;RUA JACAUNA;;;693;;Choque c/ Obstáculo Fixo;Amanhecer;;;Meio de Quadra;;;0;0;1;0;0;0;0;0;0;0;0;0;;;;;
264595;2;3;2015;06:24;0;AV D CJ JOSE WALTER;;;211;;Atropelamento;Luz do Dia;;;Meio de Quadra;;;0;0;2;0;0;0;0;0;0;0;0;0;-38,555043;-3,831838;;;
264601;2;3;2015;09:30;0;AV ALBERTO CRAVEIRO;;;3290;;Colisão;Luz do Dia;;;Meio de Quadra;;;0;0;2;0;0;0;0;0;0;0;0;0;-38,526655;-3,809356;;;
264602;2;3;2015;11:16;0;ET DO ITAPERI;;;1665;;Choque c/ Obstáculo Fixo;Luz do Dia;;;Meio de Quadra;;;0;0;1;0;0;0;0;0;0;0;0;0;;;;;
264598;2;3;2015;06:25;25467;AV BENJAMIM BRASIL;RUA LEON GRADVOHL;;;;Colisão;Luz do Dia;;;T;Não Há Controle;Comercial;0;0;2;0;0;0;0;0;0;0;0;0;-38,569567;-3,804034;;;
264599;2;3;2015;06:27;25127;AV ENG HUMBERTO MONTE;RUA BOLIVIA;;;;Colisão;Luz do Dia;;;Cruz;Pare;Comercial;0;0;2;0;0;0;0;0;0;0;0;0;-38,564826;-3,743796;;;
264605;2;3;2015;12:55;0;RUA HUGO VITOR;;;233;;Colisão;Luz do Dia;;;Meio de Quadra;;;0;0;2;0;0;0;0;0;0;0;0;0;;;;;
264606;2;3;2015;14:08;0;RUA 1 UI 308;;;661;;Colisão;Luz do Dia;;;Meio de Quadra;;;0;0;2;0;0;0;0;0;0;0;0;0;-38,507251;-3,776353;;;
264616;2;3;2015;17:36;5191;RUA PEREIRA FILGUEIRAS;AV DOM MANUEL;;;;Colisão;Anoitecer;;;Cruz;Semáforo;Comercial;0;0;2;0;0;0;0;0;0;0;0;0;-38,520338;-3,725943;;;
264617;2;3;2015;18:54;0;AV DIOGUINHO;;;91;;Colisão;;;;Meio de Quadra;;;0;0;2;0;0;0;0;0;0;0;0;0;;;;;
264618;2;3;2015;22:00;0;RUA 114 CJ TUPAN MIRIM;;;;;Colisão;;;;Meio de Quadra;;;0;0;2;0;0;0;0;0;0;0;0;0;;;;;
264614;2;3;2015;17:19;0;RUA VALPARAISO;;;1066;;Colisão;Anoitecer;;;Meio de Quadra;;;0;0;2;0;0;0;0;0;0;0;0;0;-38,528485;-3,842005;;;
264620;2;3;2015;20:31;0;AV PRO JOSE ARTHUR CARVALHO;;;520;;Colisão;;;;Meio de Quadra;;;0;0;2;0;0;0;0;0;0;0;0;0;-38,474340;-3,826322;;;
264622;2;3;2015;22:03;25558;RUA FRANCISCO GLICERIO;RUA FERNANDO FARIAS DE MELO (MANUEL SÁTIRO);;;;Colisão;;;;Cruz;Não Há Controle;Residencial;0;0;2;0;0;0;0;0;0;0;0;0;-38,578285;-3,794710;;;
264623;2;3;2015;22:07;0;RUA TIBURCIO CAVALCANTE;;;1233;;Colisão;;;;Meio de Quadra;;;0;0;2;0;0;0;0;0;0;0;0;0;-38,502561;-3,735878;;;
259764;2;3;2015;08:07;0;RUA JAIME BENEVOLO;;;;;Colisão;Luz do Dia;;;Meio de Quadra;;;0;0;2;1;0;0;0;0;0;0;0;0;;;;;
259765;2;3;2015;08:32;26227;AV GAL OSORIO DE PAIVA;RUA AGAMENON;;;;Colisão;Luz do Dia;;;;;;0;0;2;1;0;0;0;0;0;1;0;0;;;;;
259766;2;3;2015;11:37;4167;AV FRANCISCO SA;RUA PLACIDO CARVALHO;;;;Colisão;Luz do Dia;;;T;Não Há Controle;Comercial;0;0;2;1;0;0;0;0;0;0;0;0;-38,555342;-3,718081;;;
259767;2;3;2015;13:24;0;AV SANTOS DUMONT;;;;;Outros;Luz do Dia;;;Meio de Quadra;;;0;0;2;1;0;0;0;0;0;0;0;0;;;;;
259769;2;3;2015;17:09;0;AV AGUANAMBI;;;;;Colisão;Anoitecer;;;Meio de Quadra;;;0;0;2;1;0;0;0;0;0;0;0;0;;;;;
259774;3;3;2015;08:31;0;AV AGUANAMBI;;;;;Colisão;Luz do Dia;;;Meio de Quadra;;;0;0;2;1;0;0;1;0;0;0;0;0;;;;;
264625;3;3;2015;00:23;8025;AV JOAO PESSOA;RUA PRO COSTA MENDES;;;;Colisão;;;;Cruz;Semáforo;Comercial;0;0;2;0;0;0;0;0;0;0;0;0;-38,549441;-3,752393;;;
264626;3;3;2015;10:07;0;AV GAL OSORIO DE PAIVA;;;;;Colisão;Luz do Dia;;;Meio de Quadra;;;0;0;2;0;0;0;0;0;0;0;0;0;;;;;
264627;3;3;2015;11:17;0;RUA TEREZA CRISTINA;;;1814;;Colisão;Luz do Dia;;;Meio de Quadra;;;0;0;2;0;0;0;0;0;0;0;0;0;-38,539531;-3,736273;;;
264628;3;3;2015;11:22;0;AV ENG HUMBERTO MONTE;;;2290;;Colisão;Luz do Dia;;;Meio de Quadra;;;0;0;2;0;0;0;0;0;0;0;0;0;-38,566483;-3,742018;;;
264632;3;3;2015;17:03;0;AV ISABEL BEZERRA;;;900;;Colisão;Anoitecer;;;Meio de Quadra;;;0;0;2;0;0;0;0;0;0;0;0;0;-38,503638;-3,854508;;;
264633;3;3;2015;21:24;18472;RUA FRE ODILON;RUA SEN ALVARO ADOLFO;;;;Atropelamento;;;;;;;0;0;2;0;0;0;0;0;0;0;0;0;-38,572413;-3,734684;;;
258567;3;3;2015;23:00;0;RD BR 020;;;426;;Capotamento;Via Iluminada;Nublado;Seca;Meio de Quadra;Não Há Controle;Rural;0;2;0;1;0;0;0;0;0;0;0;0;;;;;
260486;3;3;2015;16:41;24689;RUA RAIMUNDO GOMES;RUA GEORGE CAVALCANTE;;;;Colisão;Luz do Dia;;;Cruz;Não Há Controle;Residencial;0;1;0;0;0;0;0;0;0;0;0;0;-38,590124;-3,714337;;;
260487;3;3;2015;19:23;25119;RUA BAR AQUIRAZ;RUA MIGUEL COUTO;;;;Colisão;;;;Cruz;Pare;Residencial;0;1;1;1;0;0;0;0;0;1;0;0;-38,487996;-3,837441;;;
260491;3;3;2015;20:06;0;RUA BAR CRATO;;;;;Atropelamento;;;;Meio de Quadra;;;0;1;1;0;1;0;0;0;0;0;0;0;;;;;
260492;3;3;2015;20:41;0;AV PRS CASTELO BRANCO;;;;;Colisão;;;;Meio de Quadra;;;0;1;1;0;0;0;0;0;0;1;0;0;;;;;
260477;3;3;2015;00:33;0;RUA MARIA JULIA;;;;;Queda;;;;Meio de Quadra;;;0;1;0;0;0;0;0;0;0;1;0;0;-38,599567;-3,791393;;;
260478;3;3;2015;07:41;0;AV MIN JOSE AMERICO;;;;;Queda;Luz do Dia;;;Meio de Quadra;;;0;1;0;0;0;0;0;0;0;1;0;0;;;;;
260479;3;3;2015;09:03;0;AV FRANCISCO SA;;;;;Colisão;Luz do Dia;;;Meio de Quadra;;;0;1;1;1;0;0;0;0;0;1;0;0;-38,567446;-3,713973;;;
260480;3;3;2015;12:10;0;AV AUGUSTO DOS ANJOS;;;;;Colisão;Luz do Dia;;;Meio de Quadra;;;0;1;1;0;0;0;0;0;0;1;0;0;-38,575202;-3,775681;;;
260481;3;3;2015;12:11;0;AV ABOLICAO;;;;;Colisão;Luz do Dia;;;Meio de Quadra;;;0;1;1;1;0;0;0;0;0;1;0;0;;;;;
260482;3;3;2015;12:11;0;AV GAL OSORIO DE PAIVA;;;;;Colisão;Luz do Dia;;;Meio de Quadra;;;0;1;1;1;0;0;0;0;0;1;0;0;;;;;
249287;3;3;2015;07:30;9034;AV AGUANAMBI;RUA CEL SOLON;;;;Colisão Traseira;Luz do Dia;Nublado;Seca;Cruz;Semáforo;Comercial;0;0;2;1;1;0;0;0;0;0;0;0;-38,525818;-3,742854;;;
249283;3;3;2015;18:30;23463;RUA FIS VIEIRA;RUA PAULO FIRMEZA;;;;Colisão Transversal;Anoitecer;Bom;Seca;Cruz;Pare;Residencial;0;0;2;1;0;0;0;0;0;0;0;0;-38,515176;-3,757341;;;
249278;3;3;2015;14:41;0;AV FRANCISCO SA;;;5036;;Colisão Traseira;Luz do Dia;Chuva;Molhada;Meio de Quadra;Semáforo;Comercial;0;0;2;1;0;0;0;0;0;0;0;0;-38,569272;-3,713340;;;
249281;3;3;2015;19:30;0;AV SEN FERNANDES TAVORA;;;;;Colisão Traseira;;Bom;Seca;Meio de Quadra;Outros;Comercial;0;0;2;0;1;0;0;0;0;1;0;0;;;;;
249276;3;3;2015;09:05;14461;RUA PDE ANCHIETA;RUA HENRIQUE AUTRAN;;;;Colisão Traseira;Luz do Dia;Bom;Seca;Cruz;Outros;Comercial;0;0;2;1;0;0;0;0;0;0;0;0;-38,551539;-3,727145;;;
258742;3;3;2015;14:20;0;RD CE-040;;;;KM-07;Engavetamento;Via Iluminada;;Seca;Meio de Quadra;;;0;0;3;1;0;0;0;0;0;0;0;0;-38,483160;-3,817953;;;
265821;3;3;2015;08:05;6968;AV F CJ ESPERANCA;AV A CJ ESPERANCA;;;;Atropelamento;Luz do Dia;;;Cruz;Semáforo;Residencial;1;1;0;0;0;0;0;0;0;1;0;0;-38,588850;-3,817893;;;
249327;3;3;2015;19:10;16039;AV PRS COSTA E SILVA;RUA CEL TIBURCIO;;;;;Via Iluminada;Bom;Seca;Cruz;Semáforo;Outros;0;0;2;1;0;0;1;0;0;0;0;0;-38,573703;-3,812167;;;
249302;3;3;2015;16:10;22845;RUA GOV JOAO CARLOS;RUA CON LIMA SUCUPIRA;;;;Colisão Lateral;Luz do Dia;Bom;Seca;Cruz;Pare;Residencial;0;0;2;0;1;0;0;0;0;0;0;0;-38,551518;-3,777951;;;
249309;3;3;2015;12:50;0;AV DEP PAULINO ROCHA;;;2177;;Colisão Traseira;Luz do Dia;Bom;Seca;Meio de Quadra;Semáforo;Comercial;0;0;2;1;0;0;0;0;0;0;0;0;-38,516761;-3,810791;;;
249306;3;3;2015;10:50;9231;RUA PDE BARBOSA DE JESUS;AV 13 DE MAIO;;;;Colisão Traseira;Luz do Dia;Bom;Seca;Y;Pare;Comercial;0;0;2;1;0;0;0;0;0;0;0;0;-38,530523;-3,748302;;;
249307;3;3;2015;16:10;7976;AV JOAO PESSOA;RUA MAJ WEYNE;;;;Colisão Traseira;Luz do Dia;Bom;Seca;Cruz;Semáforo;Comercial;0;0;2;1;1;0;0;0;0;0;0;0;-38,545334;-3,747841;;;
249331;3;3;2015;12:30;12685;AV DA INDEPENDENCIA;AV CEL CARVALHO;;;;Colisão Transversal;Luz do Dia;Bom;Seca;Cruz;Semáforo;Comercial;0;1;1;0;0;0;0;0;0;1;0;0;-38,584952;-3,728711;;;
249383;3;3;2015;15:00;10027;RUA TAUBATE;RUA TAQUARI;;;;Colisão Transversal;Luz do Dia;Bom;Seca;Cruz;Pare;Residencial;0;2;0;1;0;0;0;0;0;0;0;0;-38,597790;-3,777270;;;
249400;3;3;2015;17:30;15437;AV FRE CIRILO;RUA HOMEM DE MELO;;;;Colisão Transversal;Anoitecer;Bom;Seca;Cruz;Pare;Comercial;0;1;1;1;0;0;0;0;0;1;0;0;-38,497528;-3,817039;;;
249388;3;3;2015;09:10;0;AV FRANCISCO SA;;;4798;;Colisão;Luz do Dia;Bom;Seca;Meio de Quadra;Não Há Controle;Comercial;0;1;3;1;0;0;0;0;0;1;0;0;-38,567410;-3,713986;;;
249381;3;3;2015;09:45;0;AV SANTOS DUMONT;;;;;Colisão Traseira;Luz do Dia;Bom;Seca;Meio de Quadra;Não Há Controle;Comercial;0;0;2;1;0;0;0;0;0;0;0;0;;;;;
249416;3;3;2015;14:50;0;RUA NAT FEIJO;;;1450;;Atropelamento;Luz do Dia;Bom;Seca;Meio de Quadra;Outros;Residencial;0;1;1;0;0;0;0;1;0;0;0;0;;;;;
257465;3;3;2015;14:30;0;RD BR 116;;;4000;KM-04;Colisão Lateral;Luz do Dia;Bom;Seca;Meio de Quadra;;;1;0;1;0;0;0;0;0;0;1;0;0;-38,510646;-3,788331;;;
257471;3;3;2015;14:30;0;AV 13 DE MAIO;;;2081;CEFET;Outros;Luz do Dia;;;Meio de Quadra;;;0;1;0;0;1;0;0;0;0;0;0;0;-38,535688;-3,743896;;;
257469;3;3;2015;10:30;9359;RUA RIO TOCANTINS;RUA COS LAFAYETE;;;;Colisão;Luz do Dia;;;Cruz;Não Há Controle;Residencial;0;1;0;1;0;0;0;0;0;0;0;0;-38,580697;-3,718186;;;
249420;3;3;2015;15:40;0;AV SANTOS DUMONT;;;5090;;Engavetamento;Luz do Dia;Bom;Seca;Outros;Pare;Comercial;0;0;2;1;0;0;0;0;0;0;0;0;-38,486022;-3,740229;;;
249440;3;3;2015;07:20;15333;RUA PRO DIAS DA ROCHA;RUA ANA BILHAR;;;;Colisão Transversal;Luz do Dia;Bom;Seca;Cruz;Pare;Lazer;0;0;2;1;0;0;0;0;0;0;0;0;-38,490300;-3,731209;;;
249425;3;3;2015;10:30;0;RUA PDE PEDRO DE ALENCAR;;;;;Colisão Traseira;Luz do Dia;Bom;Seca;Meio de Quadra;Não Há Controle;Comercial;0;0;2;1;0;0;0;0;0;0;0;0;;;;;
249443;3;3;2015;20:30;0;RUA RIO GRANDE DO SUL;;;1566;;Colisão Traseira;Via Iluminada;Bom;Seca;Meio de Quadra;Não Há Controle;Residencial;0;0;2;1;0;0;0;0;0;0;0;0;-38,569824;-3,762043;;;
249446;3;3;2015;20:45;8021;AV JOAO PESSOA;RUA SAMUEL UCHOA;;;;Colisão Transversal;Via Iluminada;Bom;Seca;Duplo T;Pare;Comercial;0;1;1;1;0;0;0;0;0;1;0;0;-38,548940;-3,751840;;;
249450;3;3;2015;19:40;22149;AV JOSE BASTOS;RUA SAMUEL UCHOA;;;;Colisão Lateral;Via Iluminada;Bom;Seca;T;Pare;Misto;0;0;2;1;0;0;0;0;0;0;0;0;-38,550718;-3,750258;;;
249453;3;3;2015;12:35;9192;RUA PAULA RODRIGUES;RUA MARIO MAMEDE;;;;Colisão Transversal;Luz do Dia;Bom;Seca;Cruz;Semáforo;Misto;0;0;2;1;0;0;0;0;0;0;0;0;-38,526739;-3,753285;;;
249456;3;3;2015;15:00;0;AV A CJ CEARA;;;900;;Colisão Lateral;Luz do Dia;Bom;Seca;Meio de Quadra;Não Há Controle;Misto;0;1;1;1;0;0;0;0;0;1;0;0;-38,603840;-3,768355;;;
249457;3;3;2015;03:00;0;RUA DOS POTIGUARAS;;;110;;Choque c/ Obstáculo Fixo;Via Iluminada;Bom;Seca;Meio de Quadra;Não Há Controle;Misto;0;0;2;1;0;0;0;0;0;0;0;0;-38,516706;-3,719774;;;
249463;3;3;2015;20:50;0;AV PRS JUSCELINO KUBITSCHEK (PASSARÉ);;;3707;;Colisão Traseira;Via Iluminada;Bom;Seca;Meio de Quadra;Não Há Controle;Residencial;0;0;2;1;0;0;0;0;0;0;0;0;-38,530863;-3,815244;;;
249466;3;3;2015;23:25;0;AV AGUANAMBI;;;1518;;Choque c/ Obstáculo Fixo;Mal Iluminada;Bom;Seca;Meio de Quadra;Não Há Controle;Misto;0;0;1;1;0;0;0;0;0;0;0;0;-38,523716;-3,749999;;;
249469;3;3;2015;12:30;19656;AV BEZERRA DE MENEZES;RUA PRO JOSE DE BARCELOS;;;;Colisão Lateral;Luz do Dia;Bom;Seca;T;Semáforo;Comercial;0;0;2;1;0;0;1;0;0;0;0;0;-38,551066;-3,732898;;;
249471;3;3;2015;08:20;12445;AV SEN FERNANDES TAVORA;TR HELENA DE MARIA;;;;Colisão Lateral;Luz do Dia;Bom;Seca;T;Não Há Controle;Comercial;0;1;1;1;0;0;0;0;0;1;0;0;-38,574916;-3,766094;;;
249474;3;3;2015;14:00;18155;AV ZEZE DIOGO;RUA DOZE UI 211;;;;Colisão Transversal;Luz do Dia;Bom;Seca;T;Não Há Controle;Lazer;0;0;2;1;0;0;0;0;0;0;0;0;-38,444883;-3,755465;;;
249482;3;3;2015;15:00;5255;AV TRISTAO GONCALVES;RUA PEDRO PEREIRA;;;;Colisão Lateral;Luz do Dia;Bom;Seca;Cruz;Semáforo;Comercial;0;0;2;1;1;0;0;0;0;0;0;0;-38,533489;-3,728075;;;
249484;3;3;2015;13:10;7849;RUA JOSE VILAR;RUA FRANCISCO HOLANDA;;;;Colisão Lateral;Luz do Dia;Bom;Seca;T;Pare;Residencial;0;1;1;0;0;0;0;0;0;1;0;0;-38,508441;-3,747448;;;
275388;4;3;2015;07:10;12515;RUA JULIO BRAGA;RUA SILVEIRA FILHO;;;;Colisão Transversal;Luz do Dia;;;Cruz;Pare;Comercial;0;1;1;1;0;0;0;0;0;1;0;0;;;;;
260658;4;3;2015;22:26;0;AV ALBERTO CRAVEIRO;;;;;Colisão;;;;Meio de Quadra;;;0;1;1;1;0;0;0;0;0;1;0;0;;;;;
260654;4;3;2015;20:18;0;AV CASTELO DE CASTRO;;;;;Colisão;;;;Meio de Quadra;;;0;1;1;1;0;0;0;0;0;1;0;0;;;;;
260613;4;3;2015;11:11;0;AV PRS CASTELO BRANCO;;;;;Colisão;Luz do Dia;;;Meio de Quadra;;;0;1;1;1;0;0;0;0;0;1;0;0;;;;;
260650;4;3;2015;18:59;0;AV JOR THOMAZ COELHO;;;;;Colisão;;;;Meio de Quadra;;;0;1;0;0;0;0;0;0;0;0;0;0;-38,509057;-3,829923;;;
260647;4;3;2015;18:50;0;AV JOAO PESSOA;;;4974;;Colisão;;;;Meio de Quadra;;;0;1;1;1;0;0;0;0;0;1;0;0;-38,552098;-3,755381;;;
260644;4;3;2015;17:44;24943;AV ABOLICAO;AV ALM HENRIQUE SABOIA;;;;Queda;Anoitecer;;;T;Semáforo;Comercial;0;1;0;0;0;0;0;0;0;1;0;0;-38,479798;-3,722615;;;
260645;4;3;2015;18:07;5397;AV DUQ CAXIAS;RUA ASSUNCAO;;;;;Anoitecer;;;Cruz;Semáforo;Comercial;0;1;0;0;0;0;0;0;0;0;0;0;-38,527952;-3,732405;;;
260627;4;3;2015;17:25;19037;AV ENG LUIS VIEIRA;RUA CEL JOSE AURELIO CAMARA;;;;Queda;Anoitecer;;;;;;0;1;0;0;0;1;0;0;0;0;0;0;-38,469684;-3,735530;;;
260624;4;3;2015;16:05;0;AV FRANCISCO SA;;;;;Atropelamento;Luz do Dia;;;Meio de Quadra;;;0;1;0;0;0;0;0;0;0;1;0;0;-38,575498;-3,711230;;;
260622;4;3;2015;14:47;0;AV CARAPINIMA;;;;;;Luz do Dia;;;Meio de Quadra;;;0;1;1;1;0;0;0;0;0;1;0;0;;;;;
260617;4;3;2015;12:30;0;RUA TEODOMIRO DE CASTRO;;;;;Colisão;Luz do Dia;;;Meio de Quadra;;;0;1;0;0;0;0;0;0;0;0;0;0;-38,578723;-3,716125;;;
260619;4;3;2015;14:13;0;RUA VIS BARBACENA D61;;;;;Colisão;Luz do Dia;;;Meio de Quadra;;;0;1;0;0;0;0;0;0;0;0;0;0;-38,491047;-3,799744;;;
249347;4;3;2015;23:40;0;RUA CEL MATOS DOURADO;;;1291;;Choque c/ Obstáculo Fixo;Via Iluminada;Bom;Seca;Meio de Quadra;Não Há Controle;Comercial;0;0;1;0;1;0;0;0;0;0;0;0;-38,583703;-3,751054;;;