COD_ACIDENTE;DIA;MES;ANO;HORA;INTERSECAO;LOG1;LOG2;LOG3;NUMERO;REFERENCIA;NATUREZA;ILUMINACAO;TEMPO;SUPERFICIEPISTA;TIPOCRUZAMENTO;CONTROLETRAFEGO;USOSOLO;MORTOS;FERIDOS;ILESOS;AUTOMOVEL;ONIBUS;BICICLETA;CAMINHAO;MICROONIBUS;CICLOMOTOR;MOTOCICLETA;TRACAOANIMAL;TREM;LONG;LAT;;;
249305;4;3;2015;15:00;23679;RUA MIRTES ROCHA;RUA LINS DO REGO;;;;Choque c/ Obstáculo Fixo;Luz do Dia;Bom;Seca;Cruz;Não Há Controle;Misto;0;0;1;0;0;0;1;0;0;0;0;0;-38,579151;-3,781367;;;
249317;4;3;2015;13:00;0;RUA BERNARDO MANUEL;;;9360;;Engavetamento;Luz do Dia;Bom;Seca;Meio de Quadra;Semáforo;Misto;0;0;3;1;0;0;1;0;0;0;0;0;-38,552393;-3,801985;;;
249318;4;3;2015;08:00;6756;AV ANTONIO SALES;AV ENG SANTANA JUNIOR;;;;Colisão Lateral;Luz do Dia;Bom;Seca;Cruz;Outros;Residencial;0;1;1;1;0;0;0;0;0;1;0;0;-38,490039;-3,749257;;;
249320;4;3;2015;04:30;21620;RUA BERNARDINO CAMPOS;RUA CON DE CASTRO;;;;Colisão Lateral;Luz do Dia;Bom;Seca;T;Pare;Comercial;0;0;2;1;1;0;0;0;0;0;0;0;-38,588350;-3,801030;;;
249321;4;3;2015;12:30;0;AV AGUANAMBI;;;384;;Colisão Lateral;Luz do Dia;Bom;Seca;Meio de Quadra;Não Há Controle;Comercial;0;1;2;1;1;0;0;0;0;0;0;0;-38,525015;-3,740372;;;
258768;4;3;2015;13:35;0;AV MIN JOSE AMERICO;;;;;Colisão;Luz do Dia;;Seca;Meio de Quadra;;;0;0;2;1;0;0;1;0;0;0;0;0;;;;;
258766;4;3;2015;18:25;0;RD CE-040;;;;KM-07;Colisão;Anoitecer;;Seca;Meio de Quadra;;;0;0;2;1;0;0;0;0;0;1;0;0;-38,483160;-3,817953;;;
258762;4;3;2015;15:45;0;RD CE-040;;;;KM-04;Colisão;Luz do Dia;;Seca;Meio de Quadra;;;0;0;2;1;0;0;0;0;0;0;0;0;-38,480251;-3,792050;;;
258757;4;3;2015;13:30;0;RD CE-040;;;;KM-08;Colisão;Via Iluminada;;Seca;Meio de Quadra;;;0;0;2;1;1;0;0;0;0;0;0;0;-38,481317;-3,823332;;;
258752;4;3;2015;12:50;0;RD CE-040;;;;KM-05;Colisão;Via Iluminada;;Seca;Meio de Quadra;;;0;0;2;1;0;0;1;0;0;0;0;0;-38,480349;-3,790876;;;
249277;4;3;2015;13:30;1480;RUA EDUARDO GARCIA;RUA VICENTE LEITE;;;;Colisão Transversal;Luz do Dia;Bom;Seca;Cruz;Pare;Residencial;0;0;2;1;0;0;0;0;0;0;0;0;-38,496056;-3,739155;;;
249244;4;3;2015;13:00;14878;AV CONTORNO LESTE;RUA 102 CJ NOVO MONDUBIM;;;;Colisão Transversal;Luz do Dia;Bom;Seca;Cruz;Não Há Controle;Residencial;0;0;2;1;0;0;0;0;0;0;0;0;-38,586036;-3,807659;;;
249245;4;3;2015;16:09;5433;RUA MAJ FACUNDO;RUA METON DE ALENCAR;;;;Colisão Lateral;Luz do Dia;Bom;Seca;Cruz;Pare;Comercial;0;1;1;1;0;0;0;0;0;1;0;0;-38,529899;-3,733917;;;
249246;4;3;2015;06:40;24452;AV LUCIANO CARNEIRO;AV LAURO VIEIRA CHAVES;;;;Queda;Luz do Dia;Bom;Seca;T;Pare;Misto;0;1;1;1;0;0;0;0;0;1;0;0;-38,538894;-3,772172;;;
249248;4;3;2015;13:50;0;AV AGUANAMBI;;;570;;Colisão Lateral;Luz do Dia;Bom;Seca;Meio de Quadra;Semáforo;Comercial;0;0;2;1;0;0;0;0;0;0;0;0;-38,525959;-3,741823;;;
249249;4;3;2015;18:10;25229;AV DR THEBERGE;AV OLAVO BILAC;;;;Colisão Lateral;Mal Iluminada;Bom;Seca;Y;Pare;Misto;0;0;2;1;1;0;0;0;0;0;0;0;-38,567102;-3,721012;;;
249250;4;3;2015;00:14;0;AV DR THEBERGE;;;1739;;Choque c/ Obstáculo Fixo;;Bom;Seca;Meio de Quadra;Não Há Controle;Misto;0;1;0;0;0;0;0;0;0;1;0;0;-38,565509;-3,716360;;;
249251;4;3;2015;19:00;5099;AV TRISTAO GONCALVES;RUA SEN ALENCAR;;;;Colisão Transversal;;Bom;Seca;Cruz;Pare;Comercial;0;1;1;1;0;0;0;0;0;0;0;0;-38,532122;-3,723524;;;
249252;4;3;2015;08:00;15654;RUA VICENTE NOBRE MACEDO;RUA AFONSO HENRIQUE;;;;Colisão Transversal;Luz do Dia;Bom;Seca;Cruz;Pare;Misto;0;0;2;1;0;0;0;0;0;0;0;0;-38,484383;-3,825453;;;
249253;4;3;2015;09:30;0;AV CEL CARVALHO;;;1511;;Colisão Traseira;Luz do Dia;Bom;Seca;Meio de Quadra;Não Há Controle;Misto;0;0;2;1;1;0;0;0;0;0;0;0;-38,588313;-3,715917;;;
249254;4;3;2015;12:30;0;AV OLIVEIRA PAIVA;;;1192;;Colisão Traseira;Luz do Dia;Bom;Seca;Meio de Quadra;Gesto;Comercial;0;0;2;1;0;0;0;0;0;0;0;0;-38,495840;-3,795430;;;
249255;4;3;2015;17:30;732;AV DR THEBERGE;RUA DOM JOSE TUPINAMBA;;;;Colisão Transversal;Mal Iluminada;Bom;Seca;T;Pare;Residencial;0;1;1;1;0;0;0;0;0;1;0;0;-38,564669;-3,713762;;;
249256;4;3;2015;16:30;15571;AV FRE CIRILO;RUA LEONCIO TABOSA;;;;Engavetamento;Luz do Dia;Bom;Seca;Cruz;Semáforo;Outros;0;0;3;1;0;0;0;0;0;0;0;0;-38,495262;-3,822257;;;
249257;4;3;2015;16:30;1234;RUA ANTONIO AUGUSTO;AV SANTOS DUMONT;;;;Colisão Traseira;Via Iluminada;Bom;Seca;Cruz;Pare;Comercial;0;0;3;1;0;0;0;0;0;0;0;0;-38,513733;-3,731222;;;
249282;4;3;2015;15:50;3779;RUA ANTONIO POMPEU;RUA VINTE E QUATRO DE MAIO;;;;Colisão Transversal;Luz do Dia;Bom;Seca;Cruz;Pare;Comercial;0;0;2;1;0;0;0;0;0;0;0;0;-38,534186;-3,733667;;;
249279;4;3;2015;13:40;0;AV JOSE LEON;;;1915;;Engavetamento;Luz do Dia;Bom;Seca;Meio de Quadra;Não Há Controle;Misto;0;0;3;1;0;0;0;0;0;0;0;0;-38,495023;-3,789518;;;
249280;4;3;2015;15:20;0;AV DEP PAULINO ROCHA;;;;;Colisão Lateral;Luz do Dia;Bom;Seca;Meio de Quadra;Pare;Comercial;0;0;2;1;0;0;0;0;0;0;0;0;;;;;
249284;4;3;2015;08:20;0;RUA RAIMUNDO NERY;;;379;;Colisão Lateral;Luz do Dia;Bom;Seca;Meio de Quadra;Outros;Residencial;0;2;1;1;0;0;0;0;0;1;0;0;-38,586348;-3,794330;;;
249285;4;3;2015;06:30;0;AV GAL OSORIO DE PAIVA;;;1431;;Colisão Frontal;Luz do Dia;Bom;Seca;Meio de Quadra;Outros;Misto;0;0;2;1;0;0;0;0;0;1;0;0;-38,574151;-3,780442;;;
249288;4;3;2015;18:30;24943;AV ABOLICAO;AV ALM HENRIQUE SABOIA;;;;Colisão Lateral;Anoitecer;Bom;Seca;T;Dê Preferência;Misto;0;1;1;1;0;0;0;0;0;1;0;0;-38,479798;-3,722615;;;
249266;4;3;2015;07:30;0;AV BEZERRA DE MENEZES;;;255;;Colisão Traseira;Luz do Dia;Bom;Seca;Meio de Quadra;Outros;Comercial;0;0;2;1;1;0;0;0;0;0;0;0;-38,547436;-3,732134;;;
249267;4;3;2015;11:30;0;RUA CANDIDO CASTELO BRANCO;;;865;;Colisão Lateral;Luz do Dia;Bom;Seca;Meio de Quadra;Não Há Controle;Misto;0;0;2;0;0;0;1;0;0;0;0;0;;;;;
249268;4;3;2015;14:10;0;RUA BAR ARACATI;;;845;;Colisão Lateral;Luz do Dia;Bom;Seca;Meio de Quadra;Não Há Controle;Misto;0;0;2;1;0;0;0;0;0;0;0;0;-38,510669;-3,728953;;;
249269;4;3;2015;07:45;10956;RUA EUZEBIO DE QUEIROS;RUA LIVINO DE CARVALHO;;;;Colisão Transversal;Luz do Dia;Bom;Seca;Cruz;;Residencial;0;1;1;1;0;0;0;0;0;0;0;0;-38,555978;-3,771892;;;
249270;4;3;2015;18:30;9257;AV AGUANAMBI;RUA CEL PERGENTINO FERREIRA;;;;Colisão Lateral;Anoitecer;Bom;Seca;Cruz;Não Há Controle;Comercial;0;0;2;1;1;0;0;0;0;0;0;0;-38,524049;-3,748634;;;
249271;4;3;2015;19:20;1666;AV BORGES DE MELO;RUA CAP VASCONCELOS D46;;;;Engavetamento;Via Iluminada;Bom;Seca;Outros;Não Há Controle;Residencial;0;0;3;1;0;0;0;0;0;0;0;0;-38,517782;-3,761585;;;
249272;4;3;2015;13:20;15247;RUA DEP MOREIRA DA ROCHA;RUA NUNES VALENTE;;;;Outros;Luz do Dia;Bom;Seca;Cruz;Não Há Controle;Residencial;0;1;1;1;0;0;0;0;0;1;0;0;-38,501120;-3,727994;;;
249273;4;3;2015;13:20;11945;AV PRS COSTA E SILVA;LOGRADOURO SEM NOME;;;;Colisão Transversal;Luz do Dia;Bom;Seca;T;Pare;Residencial;0;1;1;1;0;0;0;0;0;1;0;0;;;;;
249274;4;3;2015;10:30;9111;AV EDUARDO GIRAO;RUA DEP OSWALDO STUDART;;;;Colisão Lateral;Luz do Dia;Bom;Seca;Cruz;Semáforo;Comercial;0;0;2;1;1;0;0;0;0;0;0;0;-38,529775;-3,755323;;;
249275;4;3;2015;12:20;0;AV DES MOREIRA;;;1500;;Colisão Lateral;Luz do Dia;Bom;Seca;Meio de Quadra;Não Há Controle;Comercial;0;0;2;1;0;0;0;0;0;0;0;0;-38,499189;-3,738888;;;
249242;4;3;2015;22:00;0;AV ALBERTO CRAVEIRO;;;2770;CASTELAO;Colisão Lateral;Via Iluminada;Bom;Seca;Meio de Quadra;Não Há Controle;Comercial;0;1;1;0;0;0;0;0;0;1;0;0;-38,523255;-3,805335;;;
260493;4;3;2015;03:04;0;AV J CJ JOSE WALTER;;;;;Queda;;;;Meio de Quadra;;;0;1;0;0;0;0;0;0;0;1;0;0;;;;;
260494;4;3;2015;06:35;0;RUA MARIA GOMES DE SA;;;;;Colisão;Luz do Dia;;;Meio de Quadra;;;0;1;0;0;0;0;0;0;0;0;0;0;;;;;
260497;4;3;2015;08:08;0;AV SGT HERMINIO SAMPAIO;;;;;Colisão;Luz do Dia;;;Meio de Quadra;;;0;1;0;0;0;0;0;0;0;0;0;0;-38,573788;-3,729375;;;
260498;4;3;2015;09:45;0;RUA AFONSO LOPES;;;;;Queda;Luz do Dia;;;Meio de Quadra;;;0;1;0;0;0;0;0;0;0;1;0;0;-38,547286;-3,790039;;;
264634;4;3;2015;10:45;0;AV BEZERRA DE MENEZES;;;;;Colisão;Luz do Dia;;;Meio de Quadra;;;0;0;2;0;0;0;0;0;0;0;0;0;;;;;
264635;4;3;2015;10:58;0;AV GOV RAUL BARBOSA;;;1330;;Colisão;Luz do Dia;;;Meio de Quadra;;;0;0;2;0;0;0;0;0;0;0;0;0;-38,508133;-3,761985;;;
264636;4;3;2015;16:15;1285;AV DOM LUIS;RUA VIS MAUA;;;;Colisão;Luz do Dia;;;Cruz;Pare;Comercial;0;0;2;0;0;0;0;0;0;0;0;0;-38,498390;-3,732923;;;
264637;4;3;2015;18:31;0;RUA PAULO R PINHEIRO;;;113;;Colisão;;;;Meio de Quadra;;;0;0;2;0;0;0;0;0;0;0;0;0;-38,488719;-3,758549;;;
264638;4;3;2015;19:10;0;AV PRS COSTA E SILVA;;;4826;;Colisão;;;;Meio de Quadra;;;0;0;2;0;0;0;0;0;0;0;0;0;-38,537293;-3,826456;;;
264639;4;3;2015;21:02;0;AV 13 DE MAIO;;;;;Colisão;;;;Meio de Quadra;;;0;0;2;0;0;0;0;0;0;0;0;0;;;;;
264640;4;3;2015;20:13;0;AV JOR THOMAZ COELHO;;;;;Atropelamento;;;;Meio de Quadra;;;0;0;2;0;0;0;0;0;0;0;0;0;;;;;
264641;4;3;2015;22:38;0;RUA TEODORO DE CASTRO;;;3838;;Colisão;;;;Meio de Quadra;;;0;0;2;0;0;0;0;0;0;0;0;0;;;;;
259776;4;3;2015;08:22;0;TR SANTOS DUMONT;;;;;Colisão;Luz do Dia;;;Meio de Quadra;;;0;0;2;1;0;0;1;0;0;0;0;0;;;;;
259779;4;3;2015;12:23;0;AV MIGUEL DIAS;;;;;Colisão;Luz do Dia;;;Meio de Quadra;;;0;0;2;1;0;0;0;0;0;0;0;0;;;;;
259780;4;3;2015;17:27;0;RUA CEL FRANCISCO ALVES RIBEIRO;;;;;Colisão;Anoitecer;;;Meio de Quadra;;;0;0;2;1;0;0;0;0;0;0;0;0;;;;;
259781;4;3;2015;23:05;0;RUA TEODOMIRO DE CASTRO;;;;;Colisão;;;;Meio de Quadra;;;0;0;2;1;0;0;0;0;0;0;0;0;;;;;
259819;5;3;2015;11:51;7831;RUA NUNES VALENTE;RUA CEL ALVES TEIXEIRA;;;;Colisão;Luz do Dia;;;Cruz;Pare;Comercial;0;0;2;1;0;0;0;0;0;0;0;0;-38,507146;-3,746860;;;
259824;5;3;2015;12:47;0;AV GAL OSORIO DE PAIVA;;;;;Colisão;Luz do Dia;;;Meio de Quadra;;;0;0;2;1;1;0;0;0;0;0;0;0;;;;;
259821;5;3;2015;11:42;0;RUA BENI DE CARVALHO;;;;;Colisão;Luz do Dia;;;;;;0;0;2;1;0;0;0;0;0;0;0;0;;;;;
264727;5;3;2015;11:16;1311;RUA LEONARDO MOTA;RUA MARCOS MACEDO;;;;Colisão;Luz do Dia;;;Cruz;Semáforo;Residencial;0;0;2;0;0;0;0;0;0;0;0;0;-38,495763;-3,734885;;;
264728;5;3;2015;11:22;6743;AV SANTOS DUMONT;RUA ALMEIDA PRADO;;;;Colisão;Luz do Dia;;;Cruz;Semáforo;Comercial;0;0;2;0;0;0;0;0;0;0;0;0;-38,475153;-3,743712;;;
264729;5;3;2015;20:02;0;RUA ANTONIO LAFAYETTE;;;534;;Colisão;;;;Meio de Quadra;;;0;0;2;0;0;0;0;0;0;0;0;0;-38,574422;-3,732524;;;
258568;5;3;2015;12:36;0;RD BR 222;;;;KM-01;Colisão Lateral;Luz do Dia;Nublado;Molhada;Meio de Quadra;Não Há Controle;Comercial;0;0;2;1;1;0;0;0;0;0;0;0;-38,577952;-3,737774;;;
258570;5;3;2015;14:00;0;RD BR 222;;;;KM-01;Colisão Lateral;Luz do Dia;Nublado;Molhada;Meio de Quadra;Não Há Controle;Comercial;0;1;1;1;0;0;0;0;0;0;0;0;-38,577952;-3,737774;;;
258590;5;3;2015;19:30;0;RD BR 116;;;;;Colisão Lateral;Via Iluminada;Bom;Seca;Meio de Quadra;Não Há Controle;Comercial;0;0;2;1;1;0;0;0;0;0;0;0;;;;;
265842;5;3;2015;18:48;0;RUA MARTINS CARVALHO;;;3321;;Atropelamento;;;;Meio de Quadra;;;1;0;0;1;0;0;0;0;0;0;0;0;;;;;
263004;5;3;2015;12:37;25003;AV SGT HERMINIO SAMPAIO;AV DR THEBERGE;;;;Colisão;Luz do Dia;;;Cruz;Semáforo;Residencial;0;1;1;1;0;0;0;0;0;1;0;0;-38,569276;-3,727916;;;
258782;5;3;2015;17:00;0;RD CE-040;;;;KM-07;Colisão;Via Iluminada;;Seca;Meio de Quadra;;;0;0;2;0;0;0;1;0;0;0;0;0;-38,483160;-3,817953;;;
258784;5;3;2015;17:27;0;RD CE-040;;;;KM-01;Colisão;Via Iluminada;;Seca;Meio de Quadra;;;0;0;2;1;0;0;0;0;0;1;0;0;-38,483270;-3,754877;;;
258779;5;3;2015;14:50;0;RD CE-040;;;;KM-03;Colisão;Luz do Dia;;Seca;Meio de Quadra;;;0;0;2;1;0;0;0;0;0;0;0;0;-38,481014;-3,783185;;;
258773;5;3;2015;08:20;0;RD CE-040;;;;KM-05;Colisão;Luz do Dia;;Seca;Meio de Quadra;;;0;1;1;0;0;0;1;0;1;0;0;0;-38,480349;-3,790876;;;
249322;5;3;2015;08:00;0;AV ENG HUMBERTO MONTE;;;2820;;Engavetamento;Luz do Dia;Nublado;Seca;Meio de Quadra;;Residencial;0;0;3;1;0;0;0;0;0;0;0;0;-38,568942;-3,738874;;;
249323;5;3;2015;18:30;9033;RUA CEL SOLON;RUA DOM SEBASTIAO LEME;;;;Colisão Transversal;Via Iluminada;Bom;Seca;Cruz;Pare;Misto;0;0;2;1;0;0;0;0;0;0;0;0;-38,526799;-3,742963;;;
249314;5;3;2015;18:30;24982;AV ALM HENRIQUE SABOIA;RUA CAROLINA SUCUPIRA;;;;Colisão Traseira;Via Iluminada;Bom;Seca;Cruz;Semáforo;Misto;0;1;1;1;0;0;0;0;0;1;0;0;-38,490003;-3,744387;;;
249315;5;3;2015;15:40;14651;RUA LOURIVAL C PINHO;RUA JOAO REGINO;;;;Colisão Frontal;Luz do Dia;Nublado;Seca;Cruz;Pare;Residencial;0;0;3;1;0;0;0;0;0;1;0;0;-38,482706;-3,793408;;;
249316;5;3;2015;14:15;0;AV EDILSON B SOARES;;;140;;Colisão;Luz do Dia;Nublado;Seca;Meio de Quadra;Não Há Controle;Comercial;0;1;1;1;0;0;0;0;0;1;0;0;-38,484101;-3,789758;;;
249319;5;3;2015;15:40;9410;RUA CARNAUBAL;RUA RIO TOCANTINS;;;;Colisão Lateral;Luz do Dia;Bom;Seca;Cruz;Pare;Residencial;0;0;2;1;0;0;0;0;0;1;0;0;-38,581132;-3,722720;;;
249325;5;3;2015;08:35;15327;AV SEN VIRGILIO TAVORA;RUA ANA BILHAR;;;;Colisão Traseira;Luz do Dia;Bom;Seca;Cruz;Semáforo;Comercial;0;0;2;0;1;0;0;0;0;0;0;0;-38,491262;-3,730893;;;
249330;5;3;2015;21:15;9080;AV 13 DE MAIO;RUA JOAO LOBO FILHO;;;;Colisão Transversal;Via Iluminada;Bom;Seca;Cruz;Não Há Controle;;0;1;1;1;0;0;0;0;0;0;0;0;-38,522342;-3,753753;;;
249328;5;3;2015;10:00;1339;RUA DES LEITE ALBUQUERQUE;RUA NUNES VALENTE;;;;Colisão Transversal;Luz do Dia;;Seca;Cruz;Pare;Residencial;0;1;1;1;0;0;0;0;0;1;0;0;-38,503540;-3,735649;;;
249345;5;3;2015;12:50;5436;RUA JAIME BENEVOLO;RUA GAL CLARINDO DE QUEIROZ;;;;Colisão Transversal;Luz do Dia;Nublado;Seca;Cruz;Pare;Comercial;0;1;1;1;0;0;0;0;0;1;0;0;-38,526017;-3,734060;;;
249340;5;3;2015;07:35;3768;AV DOMINGOS OLIMPIO;AV TRISTAO GONCALVES;;;;Colisão Traseira;Luz do Dia;Bom;Seca;Cruz;Semáforo;Comercial;0;0;2;1;0;0;0;0;0;0;0;0;-38,535613;-3,735133;;;
249342;5;3;2015;08:10;1275;RUA CARVALHO LIMA D09;RUA JOSE VILAR;;;;Colisão Lateral;Luz do Dia;Bom;Seca;Cruz;Pare;Misto;0;1;1;1;0;0;0;0;1;0;0;0;-38,503879;-3,733342;;;
249332;5;3;2015;20:50;5051;RUA SEN JAGUARIBE;RUA SEN POMPEU;;;;Colisão Transversal;Via Iluminada;Bom;Seca;Cruz;Pare;Outros;0;0;2;1;0;0;0;0;0;0;0;0;-38,528055;-3,721667;;;
249333;5;3;2015;17:00;0;AV PRS CASTELO BRANCO;;;;;Colisão;Via Iluminada;Bom;Seca;Meio de Quadra;Não Há Controle;Comercial;0;0;2;1;0;0;0;0;0;0;0;0;;;;;
249334;5;3;2015;12:00;24240;RUA FAUSTO CABRAL;RUA JOSE CARLOS GURGEL NOGUEIRA;;;;Colisão Transversal;Luz do Dia;Bom;Seca;Cruz;Pare;Misto;0;1;1;0;1;0;0;0;0;1;0;0;-38,474615;-3,734195;;;
249336;5;3;2015;19:30;0;AV CASTELO DE CASTRO;;;1185;;Colisão Traseira;Via Iluminada;Bom;Seca;Meio de Quadra;Não Há Controle;Comercial;0;1;1;1;0;0;0;0;0;1;0;0;-38,521785;-3,840320;;;
249349;5;3;2015;23:40;25184;AV PRS COSTA E SILVA;RUA FRANCISCO NEPOMUCENO;;;;Colisão Transversal;Via Iluminada;Nublado;Seca;T;Não Há Controle;Misto;0;0;2;1;0;0;0;0;0;1;0;0;-38,508005;-3,830199;;;
249351;5;3;2015;13:30;0;AV ALBERTO CRAVEIRO;;;507;MAKRO;Colisão Traseira;Luz do Dia;Bom;Seca;Meio de Quadra;Não Há Controle;Comercial;0;0;2;1;0;0;0;0;0;0;0;0;-38,515910;-3,781154;;;
249353;5;3;2015;20:50;5051;RUA SEN POMPEU;RUA SEN JAGUARIBE;;;;Capotamento;Via Iluminada;Bom;Seca;Cruz;Pare;Comercial;0;1;1;1;0;0;0;0;0;1;0;0;-38,528055;-3,721667;;;
249356;5;3;2015;07:30;0;AV BEZERRA DE MENEZES;;;1301;;Colisão Traseira;Luz do Dia;Bom;Seca;Meio de Quadra;;;0;1;1;1;0;0;0;0;0;1;0;0;-38,556375;-3,733991;;;
249358;5;3;2015;16:15;15796;RUA PERGENTINO MAIA;RUA CEL GUILHERME ALENCAR;;;;Colisão Lateral;;Bom;Seca;Cruz;;Comercial;0;0;2;1;0;0;0;0;0;1;0;0;-38,491724;-3,831012;;;
249364;5;3;2015;15:20;0;RUA TEN BENEVOLO;;;2031;;Colisão Lateral;Luz do Dia;Nublado;Seca;Meio de Quadra;Não Há Controle;Residencial;0;0;2;1;1;0;0;0;0;0;0;0;-38,503115;-3,729946;;;
249365;5;3;2015;08:10;10956;RUA LIVINO DE CARVALHO;RUA EUZEBIO DE QUEIROS;;;;Colisão Transversal;Luz do Dia;Bom;Seca;Cruz;Pare;Residencial;0;1;1;0;1;0;0;0;0;1;0;0;-38,555978;-3,771892;;;
249366;5;3;2015;04:35;21612;RUA DOM XISTO ALBANO;RUA JOAO RAMALHO;;;;Colisão Lateral;Luz do Dia;Bom;Seca;Cruz;Pare;Residencial;0;1;1;1;0;0;0;0;0;1;0;0;-38,587726;-3,799374;;;
249376;5;3;2015;13:17;0;RUA EUSEBIO DE SOUZA;;;346;;Colisão Transversal;Luz do Dia;Bom;Seca;Meio de Quadra;Não Há Controle;Misto;0;1;1;1;0;0;0;0;0;1;0;0;-38,526259;-3,740009;;;
249378;5;3;2015;09:50;17350;RUA BAR SOBRAL;RUA JOAO FIRMINO;;;;Colisão Transversal;Luz do Dia;Bom;Seca;Cruz;Pare;Residencial;0;2;0;0;0;0;0;0;0;1;0;0;-38,556531;-3,765714;;;
249360;5;3;2015;12:20;0;RUA CEL ALVES TEIXEIRA;;;1280;;Colisão;Luz do Dia;Nublado;Seca;Meio de Quadra;Não Há Controle;Residencial;0;0;2;1;0;0;0;0;0;0;0;0;-38,509698;-3,746497;;;
249372;5;3;2015;07:00;0;AV CARAPINIMA;;;2298;;Colisão Lateral;Luz do Dia;Bom;Seca;Meio de Quadra;Outros;Comercial;0;0;2;1;1;0;0;0;0;0;0;0;-38,540297;-3,740058;;;
249373;5;3;2015;15:40;0;AV DOMINGOS OLIMPIO;;;2105;;Colisão Lateral;Luz do Dia;Bom;Seca;Meio de Quadra;Não Há Controle;Residencial;0;0;2;1;0;0;1;0;0;0;0;0;-38,542388;-3,732993;;;
249374;5;3;2015;12:50;0;AV PRS COSTA E SILVA;;;;JOSE WALTER;Colisão Transversal;Luz do Dia;Bom;Seca;Meio de Quadra;;Residencial;0;0;2;1;0;0;1;0;0;0;0;0;;;;;
260668;5;3;2015;07:34;0;AV MR HULL;;;;;Colisão;Luz do Dia;;;Meio de Quadra;;;0;1;1;1;0;0;0;0;0;1;0;0;;;;;
260664;5;3;2015;07:22;0;AV WASHINGTON SOARES;;;;;Queda;Luz do Dia;;;Meio de Quadra;;;0;1;0;0;0;0;0;0;0;1;0;0;;;;;
257487;5;3;2015;10:35;0;RUA MANUEL MONTEIRO;;;780;;Colisão Lateral;Luz do Dia;;;Meio de Quadra;;;0;1;0;1;0;0;0;0;0;0;0;0;-38,494075;-3,793650;;;
257485;5;3;2015;09:55;4612;AV OLIVEIRA PAIVA;AV WASHINGTON SOARES;;;;Colisão;Luz do Dia;;;;;;0;1;0;0;0;0;1;0;0;1;0;0;-38,479908;-3,795695;;;
257492;5;3;2015;15:35;0;RUA SEN ROBERT KENNEDY;;;980;;Colisão;Luz do Dia;;;Meio de Quadra;;;0;1;0;1;0;0;0;0;0;0;0;0;-38,581211;-3,708701;;;
257495;5;3;2015;16:35;2640;RUA RAIMUNDO FROTA;RUA JANDIRA;;;;Colisão;Luz do Dia;;;Cruz;Pare;Residencial;0;1;0;1;0;0;0;0;0;0;0;0;-38,586834;-3,714725;;;
260709;5;3;2015;21:52;0;AV GAL OSORIO DE PAIVA;;;;;Atropelamento;;;;Meio de Quadra;;;0;1;0;1;0;0;0;0;0;0;0;0;;;;;
260729;5;3;2015;22:03;0;AV PERIMETRAL;;;;;Colisão;;;;Meio de Quadra;;;0;1;1;1;0;0;0;0;0;1;0;0;;;;;
260704;5;3;2015;19:27;0;AV JOAO PESSOA;;;;;Atropelamento;;;;Meio de Quadra;;;0;1;0;0;0;0;0;0;0;0;0;0;;;;;
260694;5;3;2015;18:46;0;RUA CEL FABRICIANO;;;;;Colisão;;;;Meio de Quadra;;;0;1;0;0;0;0;0;0;0;0;0;0;;;;;
260677;5;3;2015;08:23;0;AV N CJ JOSE WALTER;;;;;Queda;Luz do Dia;;;Meio de Quadra;;;0;1;0;0;0;0;0;0;0;1;0;0;;;;;
260678;5;3;2015;10:06;17350;RUA BAR SOBRAL;RUA JOAO FIRMINO;;;;Colisão;Luz do Dia;;;Cruz;Pare;Residencial;0;1;0;0;0;0;0;0;0;0;0;0;-38,556531;-3,765714;;;
260681;5;3;2015;13:27;0;RUA JAIME BENEVOLO;;;;;Colisão;Luz do Dia;;;Meio de Quadra;;;0;1;1;1;0;0;0;0;0;1;0;0;;;;;
260682;5;3;2015;14:08;0;AV MR HULL;;;;;Atropelamento;Luz do Dia;;;Meio de Quadra;;;0;1;1;1;0;0;0;0;0;0;0;0;;;;;
260683;5;3;2015;17:42;7650;AV CARNEIRO DE MENDONCA;RUA BELO HORIZONTE;;;;Colisão;Anoitecer;;;Cruz;Pare;Misto;0;1;0;1;0;0;0;0;0;1;0;0;-38,567567;-3,763666;;;
249442;5;3;2015;13:00;0;RUA NOGUEIRA ACIOLI;;;645;;Colisão Traseira;Luz do Dia;Bom;Seca;Meio de Quadra;Não Há Controle;Comercial;0;0;2;0;0;0;0;0;0;0;0;0;-38,516794;-3,729788;;;
259977;5;3;2015;10:55;0;AV B CJ CEARA;;;76;;Atropelamento;Luz do Dia;;;Meio de Quadra;;;1;0;1;0;0;0;0;0;0;1;0;0;;;;;
260743;6;3;2015;11:15;17573;RUA MARANHAO;RUA ESTADO DO RIO;;;;Colisão;Luz do Dia;;;;;;0;1;0;0;0;0;0;0;0;0;0;0;-38,568106;-3,754149;;;
260736;6;3;2015;08:45;0;AV MAE LISBOA;;;;;Colisão;Luz do Dia;;;Meio de Quadra;;;0;1;0;0;0;0;0;0;0;0;0;0;-38,456997;-3,806703;;;
260762;6;3;2015;12:21;0;AV PERIMETRAL;;;;;Queda;Luz do Dia;;;Meio de Quadra;;;0;1;0;0;0;0;0;0;0;1;0;0;;;;;
260745;6;3;2015;11:30;0;RUA MAD ELISA BALDO;;;;;;Luz do Dia;;;Meio de Quadra;;;0;1;0;0;0;0;0;0;0;0;0;0;;;;;