COD_ACIDENTE;DIA;MES;ANO;HORA;INTERSECAO;LOG1;LOG2;LOG3;NUMERO;REFERENCIA;NATUREZA;ILUMINACAO;TEMPO;SUPERFICIEPISTA;TIPOCRUZAMENTO;CONTROLETRAFEGO;USOSOLO;MORTOS;FERIDOS;ILESOS;AUTOMOVEL;ONIBUS;BICICLETA;CAMINHAO;MICROONIBUS;CICLOMOTOR;MOTOCICLETA;TRACAOANIMAL;TREM;LONG;LAT;;;
260760;6;3;2015;11:36;0;AV MIN JOSE AMERICO;;;;;Colisão;Luz do Dia;;;Meio de Quadra;;;0;1;0;0;0;0;0;0;0;0;0;0;;;;;
260770;6;3;2015;14:22;12699;AV MAJ ASSIS;AV CEL CARVALHO;;;;Atropelamento;Luz do Dia;;;Cruz;Semáforo;Residencial;0;1;0;1;0;0;0;0;0;0;0;0;-38,586255;-3,723796;;;
260771;6;3;2015;14:29;10011;RUA DUAS NACOES;RUA CARLOS CHAGAS;;;;Colisão;Luz do Dia;;;;;;0;1;1;1;0;0;0;0;0;1;0;0;-38,601634;-3,775462;;;
260772;6;3;2015;15:03;19686;AV BEZERRA DE MENEZES;RUA ERICO MOTA;;;;Atropelamento;Luz do Dia;;;Cruz;Semáforo;Comercial;0;1;1;0;0;0;0;0;0;1;0;0;-38,562991;-3,735357;;;
260773;6;3;2015;16:32;0;RUA VINTE E QUATRO DE MAIO;;;;;Atropelamento;Luz do Dia;;;Meio de Quadra;;;0;1;1;1;0;0;0;0;0;0;0;0;-38,533739;-3,732279;;;
260775;6;3;2015;17:01;0;AV DUQ CAXIAS;;;;;Choque c/ Obstáculo Fixo;Anoitecer;;;Meio de Quadra;;;0;1;0;1;0;0;0;0;0;0;0;0;-38,539517;-3,728676;;;
260777;6;3;2015;20:06;0;RUA BERNARDO MANUEL;;;;;Atropelamento;;;;Meio de Quadra;;;0;1;1;1;0;0;0;0;0;0;0;0;-38,547614;-3,786381;;;
260779;6;3;2015;21:34;2573;AV FRANCISCO SA;RUA GRACA ARANHA;;;;Atropelamento;;;;Cruz;Pare;Residencial;0;1;1;0;0;0;0;0;0;1;0;0;-38,574359;-3,711611;;;
260782;6;3;2015;23:05;0;AV DR SILAS MUNGUBA;;;;;Atropelamento;;;;Meio de Quadra;;;0;1;1;1;0;0;0;0;0;0;0;0;-38,545180;-3,788665;;;
257496;6;3;2015;10:50;0;RUA GAL AFONSO A LIMA;;;130;;Colisão;Luz do Dia;;;Meio de Quadra;;;0;1;0;1;0;0;0;0;0;0;0;0;-38,489537;-3,809901;;;
257499;6;3;2015;16:45;0;AV ABOLICAO;;;2727;CLUBE DO NAUTICO;Engavetamento;Luz do Dia;;;Meio de Quadra;;;0;1;0;1;0;0;0;0;0;0;0;0;-38,495392;-3,727318;;;
257504;6;3;2015;16:50;0;AV MAE LISBOA;;;2550;;Outros;Luz do Dia;;Seca;Meio de Quadra;;;0;1;2;1;0;0;0;0;0;1;0;0;-38,456793;-3,806660;;;
249375;6;3;2015;12:45;25038;RUA PDE PEDRO DE ALENCAR;RUA JOSE HIPOLITO;;;;Colisão Lateral;Luz do Dia;Bom;Seca;Cruz;Semáforo;Comercial;0;0;2;1;0;0;1;0;0;0;0;0;-38,494029;-3,832741;;;
249361;6;3;2015;01:50;10031;RUA TAUBATE;RUA BIAS MENDES;;;;Colisão Transversal;Via Iluminada;Bom;Seca;Cruz;Não Há Controle;Residencial;0;1;1;1;0;0;0;0;0;1;0;0;;;;;
249362;6;3;2015;11:00;0;RUA PRO CARVALHO;;;3060;;Colisão Lateral;Luz do Dia;Bom;Seca;Meio de Quadra;Não Há Controle;Residencial;0;0;2;1;0;0;0;0;0;0;0;0;-38,515225;-3,751344;;;
249363;6;3;2015;23:30;0;AV FRE CIRILO;;;4843;;Colisão Traseira;Via Iluminada;Bom;Seca;Meio de Quadra;Não Há Controle;Residencial;0;1;1;1;0;0;0;0;0;1;0;0;-38,493517;-3,826193;;;
249379;6;3;2015;13:20;0;AV BEIRA MAR;;;2190;;Colisão Traseira;Luz do Dia;Bom;Seca;Meio de Quadra;Outros;Comercial;0;0;2;1;0;0;0;0;0;0;0;0;-38,501032;-3,724614;;;
249380;6;3;2015;07:20;0;AV EDUARDO GIRAO;;;931;;Colisão Traseira;Luz do Dia;Bom;Seca;Meio de Quadra;Outros;Comercial;0;0;2;1;0;0;0;0;0;0;0;0;-38,531047;-3,754044;;;
249377;6;3;2015;13:20;0;RUA CEL FRANCISCO PEREIRA (MESSEJANA);;;384;;Colisão Transversal;Luz do Dia;Bom;Seca;Meio de Quadra;Não Há Controle;Comercial;0;0;2;1;0;0;0;0;0;0;0;0;-38,493026;-3,832303;;;
249384;6;3;2015;06:54;1324;RUA TORRES CAMARA;RUA DR JOSE LOURENCO;;;;Colisão Transversal;Luz do Dia;Bom;Seca;Cruz;Pare;Comercial;0;0;2;1;0;0;0;0;0;0;0;0;-38,508053;-3,735281;;;
249392;6;3;2015;13:15;9148;RUA DOM SEBASTIAO LEME;RUA GUILHERME MOREIRA;;;;;Luz do Dia;Bom;Seca;Cruz;Pare;Residencial;0;0;2;1;0;0;0;0;0;0;0;0;-38,525590;-3,750073;;;
249393;6;3;2015;12:30;0;RUA FRANCISCO F BAIMA;;;312;;Colisão Traseira;Luz do Dia;Bom;Seca;Meio de Quadra;Não Há Controle;Residencial;0;0;2;1;0;0;0;0;0;0;0;0;-38,485967;-3,829988;;;
249367;6;3;2015;23:00;12837;AV DOMINGOS OLIMPIO;RUA JAIME BENEVOLO;;;;Colisão Transversal;Via Iluminada;Bom;Seca;Cruz;Semáforo;Comercial;0;0;2;1;0;0;0;0;0;0;0;0;-38,527245;-3,737780;;;
249368;6;3;2015;14:40;17433;RUA CESAR ROSSAS;RUA PRO TEODORICO;;;;Colisão Frontal;Luz do Dia;Bom;Seca;Y;Não Há Controle;Comercial;0;0;2;0;0;0;0;0;0;1;0;0;-38,553473;-3,768770;;;
249369;6;3;2015;07:30;17908;RUA BANVAR BEZERRA;AV SGT HERMINIO SAMPAIO;;;;Colisão Lateral;Luz do Dia;Nublado;Molhada;Cruz;Semáforo;Comercial;0;0;2;1;0;0;1;0;0;0;0;0;-38,580411;-3,731982;;;
249370;6;3;2015;06:00;0;AV GAL OSORIO DE PAIVA;;;2982;;Colisão Lateral;Luz do Dia;Bom;Seca;Meio de Quadra;Outros;Residencial;0;0;2;1;0;0;1;0;0;0;0;0;-38,587085;-3,789314;;;
249371;6;3;2015;07:40;0;RUA TEN JOSE NEWTON;;;271;;Colisão Traseira;Luz do Dia;Bom;Seca;Meio de Quadra;Outros;Residencial;0;0;2;1;1;0;0;0;0;0;0;0;-38,491682;-3,824920;;;
249359;6;3;2015;09:45;3771;AV DA UNIVERSIDADE;AV DOMINGOS OLIMPIO;;;;Colisão Lateral;Luz do Dia;Bom;Seca;Cruz;Semáforo;Comercial;0;1;1;0;1;0;0;0;0;1;0;0;-38,534216;-3,735594;;;
249357;6;3;2015;09:30;4194;AV FRANCISCO SA;AV TEN LISBOA;;;;Colisão Transversal;Luz do Dia;Bom;Seca;Y;Pare;Misto;0;0;2;1;0;0;0;0;0;0;0;0;-38,555953;-3,717874;;;
249354;6;3;2015;18:00;7903;RUA CEL LINHARES;AV ANTONIO SALES;;;;Colisão Traseira;Anoitecer;Bom;Seca;Cruz;Pare;Comercial;0;1;1;1;0;0;0;0;0;1;0;0;-38,497481;-3,746964;;;
249355;6;3;2015;07:40;4194;AV FRANCISCO SA;AV TEN LISBOA;;;;Colisão Transversal;Luz do Dia;Bom;Seca;Y;Pare;Misto;0;0;2;1;1;0;0;0;0;0;0;0;-38,555953;-3,717874;;;
249352;6;3;2015;17:45;15254;AV ANTONIO JUSTA;RUA VICENTE LEITE;;;;Colisão Traseira;Anoitecer;Bom;Seca;Cruz;Pare;Residencial;0;0;2;1;0;0;0;0;0;0;0;0;-38,492584;-3,728280;;;
249337;6;3;2015;19:00;25735;RUA DR JOSE FURTADO;RUA VIRGILIO PAES;;;;Colisão Frontal;Via Iluminada;Bom;Seca;Cruz;Pare;Residencial;0;0;2;1;0;0;0;0;0;0;0;0;-38,488225;-3,797220;;;
249338;6;3;2015;15:00;0;AV AGUANAMBI;;;72;;Colisão Lateral;Luz do Dia;Bom;Seca;Meio de Quadra;Outros;Comercial;0;0;2;1;0;0;1;0;0;0;0;0;-38,524252;-3,737697;;;
249339;6;3;2015;14:00;0;AV DUQ CAXIAS;;;901;;Colisão Transversal;Luz do Dia;Bom;Seca;Meio de Quadra;;Comercial;0;0;2;1;0;0;0;0;0;1;0;0;-38,532107;-3,731072;;;
249335;6;3;2015;17:25;0;AV PRS COSTA E SILVA;;;2560;;Colisão Lateral;Via Iluminada;Bom;Seca;Meio de Quadra;Não Há Controle;Residencial;0;0;4;1;0;0;0;0;0;0;0;0;-38,559294;-3,820658;;;
249343;6;3;2015;07:30;0;AV DES MOREIRA;;;1500;HOSPITAL DO EXERCITO;Colisão Lateral;Luz do Dia;Bom;Seca;Meio de Quadra;Não Há Controle;Comercial;0;1;1;1;0;0;0;0;0;1;0;0;-38,499189;-3,738888;;;
249344;6;3;2015;09:30;0;AV DR SILAS MUNGUBA;;;;;Colisão Traseira;Luz do Dia;Bom;Seca;Meio de Quadra;Semáforo;Comercial;0;0;3;1;0;0;0;0;0;0;0;0;;;;;
249341;6;3;2015;15:10;0;AV OLIVEIRA PAIVA;;;990;;Colisão Traseira;Luz do Dia;Bom;Seca;Meio de Quadra;Não Há Controle;Comercial;0;0;2;1;1;0;0;0;0;0;0;0;;;;;
249346;6;3;2015;10:30;0;AV DR SILAS MUNGUBA;;;4266;;Colisão Lateral;Luz do Dia;Bom;Seca;Meio de Quadra;Não Há Controle;Comercial;0;0;2;1;0;0;1;0;0;0;0;0;-38,537488;-3,791390;;;
249348;6;3;2015;08:00;0;AV EDUARDO GIRAO;AV LUCIANO CARNEIRO;AV DOS EXPEDICIONARIOS;;;Colisão;Luz do Dia;Bom;Seca;Meio de Quadra;Não Há Controle;Outros;0;1;2;1;0;0;0;0;0;1;0;0;;;;;
249382;6;3;2015;16:30;5392;RUA PINTO MADEIRA;RUA NOGUEIRA ACIOLI;;;;Colisão Transversal;Luz do Dia;Bom;Seca;Cruz;Pare;Misto;0;0;2;1;0;0;0;0;0;0;0;0;-38,517559;-3,732292;;;
249389;6;3;2015;16:30;0;RUA GUILHERME ROCHA;;;;;Atropelamento;Luz do Dia;Bom;Seca;Meio de Quadra;Não Há Controle;Comercial;0;1;1;1;0;0;0;0;0;0;0;0;;;;;
249409;6;3;2015;10:20;5357;RUA PEDRO I;RUA MAJ FACUNDO;;;;Colisão Transversal;Luz do Dia;Bom;Seca;Cruz;Pare;Comercial;0;0;2;1;0;0;0;0;0;0;0;0;-38,528990;-3,731113;;;
249410;6;3;2015;13:45;22055;AV JOSE BASTOS;RUA PDE CICERO;;;;Colisão Lateral;Luz do Dia;Bom;Seca;T;Não Há Controle;Comercial;0;0;2;1;1;0;0;0;0;0;0;0;-38,544887;-3,744462;;;
249329;6;3;2015;17:20;1299;RUA ANTONIO AUGUSTO;RUA FIUZA DE PONTES;;;;Colisão Lateral;Anoitecer;Bom;Seca;Cruz;Pare;Misto;0;0;2;1;0;0;0;0;0;0;0;0;-38,514739;-3,734379;;;
249324;6;3;2015;16:00;22271;RUA ANTONINA DO NORTE;RUA ANTONIO DRUMONT;;;;Colisão Transversal;Luz do Dia;Bom;Seca;Duplo T;Pare;Residencial;0;0;2;1;0;0;0;0;0;0;0;0;-38,553726;-3,727986;;;
258793;6;3;2015;07:10;0;RD CE-040;;;;KM-10;Colisão;Luz do Dia;;Seca;Meio de Quadra;;;0;0;2;1;0;0;0;0;0;0;0;0;-38,480068;-3,838671;;;
258591;6;3;2015;01:00;0;RD BR 116;;;3000;KM-03;Colisão Lateral;Via Iluminada;Chuva;Molhada;Meio de Quadra;Não Há Controle;Comercial;0;1;1;0;0;0;0;0;0;1;0;0;-38,514372;-3,779838;;;
258592;6;3;2015;11:30;0;RD BR 116;;;2000;KM-02;Colisão Traseira;Luz do Dia;Bom;Seca;Meio de Quadra;Não Há Controle;Comercial;0;0;2;1;0;0;1;0;0;0;0;0;-38,516780;-3,771391;;;
264730;6;3;2015;08:20;0;RUA COS LAFAYETE;;;963;;Colisão;Luz do Dia;;;Meio de Quadra;;;0;0;2;0;0;0;0;0;0;0;0;0;-38,587023;-3,717589;;;
264731;6;3;2015;10:24;8953;RUA TEOFILO GURGEL;AV BEZERRA DE MENEZES;;;;Colisão;Luz do Dia;;;Cruz;Não Há Controle;Comercial;0;0;2;0;0;0;0;0;0;0;0;0;-38,546109;-3,731856;;;
264732;6;3;2015;11:23;0;RUA UM (MONDUBIM);;;2380;;Colisão;Luz do Dia;;;Meio de Quadra;;;0;0;2;0;0;0;0;0;0;0;0;0;;;;;
264733;6;3;2015;14:49;0;RUA I ESPL MESSEJANA;;;;;Colisão;Luz do Dia;;;Meio de Quadra;;;0;0;2;0;0;0;0;0;0;0;0;0;;;;;
264734;6;3;2015;15:25;0;AV MAJ ASSIS;;;2495;;Colisão;Luz do Dia;;;Meio de Quadra;;;0;0;2;0;0;0;0;0;0;0;0;0;-38,602395;-3,720082;;;
264735;6;3;2015;15:30;0;RUA BENTO GONCALVES;;;815;;Colisão;Luz do Dia;;;Meio de Quadra;;;0;0;2;0;0;0;0;0;0;0;0;0;-38,587806;-3,812166;;;
264736;6;3;2015;16:35;0;RUA CUIABA;;;26;;Colisão;Luz do Dia;;;Meio de Quadra;;;0;0;2;0;0;0;0;0;0;0;0;0;-38,572452;-3,772565;;;
264737;6;3;2015;16:46;0;RUA PARAGUACU D45;;;724;;Colisão;Luz do Dia;;;Meio de Quadra;;;0;0;2;0;0;0;0;0;0;0;0;0;-38,538073;-3,782656;;;
264738;6;3;2015;19:12;9653;RUA FRANCISCO PAIVA;RUA BOM JESUS (GRANJA LISBOA);;;;Colisão;;;;Cruz;Não Há Controle;Residencial;0;0;2;0;0;0;0;0;0;0;0;0;-38,614088;-3,790241;;;
264739;6;3;2015;19:24;743;AV PRS CASTELO BRANCO;AV PASTEUR;;;;Colisão;;;;Cruz;Semáforo;Comercial;0;0;2;0;0;0;0;0;0;0;0;0;-38,558856;-3,711181;;;
264740;6;3;2015;21:25;0;RUA HENRIQUE RABELO;;;;;Colisão;;;;Meio de Quadra;;;0;0;2;0;0;0;0;0;0;0;0;0;;;;;
264741;6;3;2015;21:59;0;AV DUQ CAXIAS;;;2240;;Colisão;;;;Meio de Quadra;;;0;0;2;0;0;0;0;0;0;0;0;0;-38,544158;-3,727138;;;
259826;6;3;2015;15:28;13449;RUA CARLOS VASCONCELOS;RUA TOMAS ACIOLI;;;;Colisão;Luz do Dia;;;Cruz;Pare;Comercial;0;0;2;1;0;0;0;0;0;0;0;0;-38,514219;-3,743445;;;
259834;6;3;2015;10:52;0;RUA TEOFILO GURGEL;;;;;Colisão;Luz do Dia;;;Meio de Quadra;;;0;0;2;0;0;0;1;0;0;0;0;0;;;;;
259836;6;3;2015;19:42;8953;AV BEZERRA DE MENEZES;RUA TEOFILO GURGEL;;;;Colisão;;;;Cruz;Não Há Controle;Comercial;0;0;2;1;1;0;0;0;0;0;0;0;-38,546109;-3,731856;;;
259838;6;3;2015;19:43;0;AV DOMINGOS OLIMPIO;;;;;Colisão;;;;Meio de Quadra;;;0;0;2;1;0;0;0;0;0;0;0;0;;;;;
259839;7;3;2015;02:02;0;RUA SILVA PAULET;;;;;Colisão;;;;Meio de Quadra;;;0;0;4;1;0;0;0;0;0;0;0;0;;;;;
259851;7;3;2015;23:25;11761;RUA JACINTO MATOS;AV PRS CASTELO BRANCO;;;;Engavetamento;;;;T;Semáforo;Residencial;0;0;5;1;0;0;0;0;0;0;0;0;-38,546333;-3,714630;;;
259847;7;3;2015;12:26;0;RUA GAL SAMPAIO;;;;;Colisão;Luz do Dia;;;Meio de Quadra;;;0;0;2;1;1;0;0;0;0;0;0;0;;;;;
259848;7;3;2015;16:43;0;RUA BERNARDO MANUEL;;;9287;;Colisão;Luz do Dia;;;Meio de Quadra;;;0;0;2;1;0;0;0;0;0;0;0;0;-38,552100;-3,800962;;;
260835;7;3;2015;22:18;5407;AV DUQ CAXIAS;RUA SOLON PINHEIRO;;;;Colisão;;;;Cruz;Semáforo;Comercial;0;1;1;1;0;0;0;0;0;1;0;0;-38,527034;-3,732704;;;
260831;7;3;2015;21:56;0;AV AUGUSTO DOS ANJOS;;;;;Queda;;;;Meio de Quadra;;;0;1;0;0;0;0;0;0;0;1;0;0;-38,583365;-3,785040;;;
260832;7;3;2015;21:37;0;AV CASTELO DE CASTRO;;;885;;Colisão;;;;Meio de Quadra;;;0;1;1;0;0;0;0;0;0;0;0;0;-38,521702;-3,837344;;;
260829;7;3;2015;22:30;0;RUA OSCAR ARARIPE;RUA VALDEMAR PAES;;1204;;Colisão;;;;;;;0;1;1;0;0;0;0;0;0;0;0;0;-38,602178;-3,790284;;;
260826;7;3;2015;20:38;0;AV PRS CASTELO BRANCO;;;4707;CIES;Atropelamento;;;;Meio de Quadra;;;0;1;1;0;0;0;0;0;0;1;0;0;-38,574524;-3,706181;;;
260827;7;3;2015;21:50;0;RD BR 116;;;;;Queda;;;;Meio de Quadra;;;0;1;0;0;0;0;0;0;0;1;0;0;;;;;
260823;7;3;2015;21:00;0;RUA COS ARAUJO LIMA;TR MARA;;;;Colisão;;;;;;;0;1;1;1;0;0;0;0;0;1;0;0;;;;;
260813;7;3;2015;18:51;0;AV MR HULL;;;;;Queda;;;;Meio de Quadra;;;0;1;0;0;0;0;0;0;0;1;0;0;;;;;
260814;7;3;2015;19:28;24954;AV ALM HENRIQUE SABOIA;RUA DR JOSE LINO;;;;Atropelamento;;;;Outros;Não Há Controle;Residencial;0;1;1;0;0;0;0;0;0;1;0;0;-38,481934;-3,730972;;;
260815;7;3;2015;19:48;84;AV MR HULL;RUA PDE PERDIGAO SAMPAIO;;;;Colisão;;;;;;;0;1;1;1;0;0;0;0;0;1;0;0;-38,594635;-3,740113;;;
260816;7;3;2015;20:27;0;AV AUGUSTO DOS ANJOS;;;;;Colisão;;;;Meio de Quadra;;;0;1;1;1;0;0;0;0;0;1;0;0;-38,583365;-3,785040;;;
258611;7;3;2015;18:30;0;RD BR 222;;;;KM-02;Colisão Transversal;Anoitecer;Bom;Molhada;Meio de Quadra;Não Há Controle;Comercial;0;1;1;1;0;0;0;0;0;1;0;0;-38,586880;-3,738951;;;
258608;7;3;2015;07:20;0;RD BR 020;;;;;Colisão Frontal;Luz do Dia;Chuva;Molhada;Meio de Quadra;Não Há Controle;Misto;0;0;3;1;0;0;1;0;0;0;0;0;;;;;
258604;7;3;2015;05:50;0;RD BR 222;;;;KM-01;Colisão Traseira;Amanhecer;Bom;Seca;Meio de Quadra;Não Há Controle;Comercial;0;1;1;0;0;0;0;0;0;1;0;0;-38,577952;-3,737774;;;
258625;7;3;2015;23:15;0;RD BR 116;;;15000;KM-15;Atropelamento de Animal;Via Iluminada;Nublado;Seca;Meio de Quadra;Não Há Controle;Comercial;0;1;0;1;0;0;0;0;0;0;0;0;-38,501113;-3,882329;;;
258619;7;3;2015;21:50;0;RD BR 116;;;7000;KM-07;Queda;Via Iluminada;Bom;Seca;Meio de Quadra;Não Há Controle;Comercial;0;1;0;0;0;0;0;0;0;1;0;0;-38,501101;-3,813246;;;
258615;7;3;2015;19:00;0;RD BR 222;;;;KM-02;Colisão Lateral;Via Iluminada;Nublado;Seca;Meio de Quadra;Não Há Controle;Comercial;0;0;2;1;0;0;1;0;0;0;0;0;-38,586880;-3,738951;;;
258811;7;3;2015;13:00;0;RD CE-040;;;;KM-08;Colisão;Luz do Dia;;Seca;Meio de Quadra;;;0;0;2;1;0;0;1;0;0;0;0;0;-38,481317;-3,823332;;;
258814;7;3;2015;12:15;0;RD CE-040;;;;KM-07;Colisão;Luz do Dia;;Molhada;Meio de Quadra;;;0;0;2;0;0;0;0;0;0;0;0;0;-38,483160;-3,817953;;;
258816;7;3;2015;15:00;0;RD CE-040;;;;KM-06;Colisão;Luz do Dia;Bom;;Meio de Quadra;;;0;0;3;1;0;0;0;0;0;0;0;0;-38,478781;-3,811270;;;
249390;7;3;2015;14:50;5433;RUA METON DE ALENCAR;RUA MAJ FACUNDO;;;;Colisão Transversal;Luz do Dia;Nublado;Seca;Cruz;Pare;Comercial;0;0;2;1;0;0;0;0;0;0;0;0;-38,529899;-3,733917;;;
249391;7;3;2015;16:45;22298;AV BEZERRA DE MENEZES;RUA JOSE CANDIDO D08;;;;Colisão Lateral;Luz do Dia;Nublado;Seca;T;Semáforo;Comercial;0;0;2;1;1;0;0;0;0;0;0;0;-38,551501;-3,732988;;;
249394;7;3;2015;21:00;26190;AV AUGUSTO DOS ANJOS;RUA SOUSA CARVALHO;;;;Colisão Frontal;Via Iluminada;Bom;Seca;T;Pare;Comercial;0;1;1;1;0;0;0;0;0;1;0;0;-38,583417;-3,785105;;;
249395;7;3;2015;18:00;0;AV LUCIANO CARNEIRO;;;;;Colisão Traseira;Via Iluminada;Chuva;Seca;Meio de Quadra;Semáforo Intermitente;Residencial;0;0;3;1;0;0;0;0;0;0;0;0;;;;;
249396;7;3;2015;18:45;2573;AV FRANCISCO SA;RUA GRACA ARANHA;;;;Colisão Lateral;Via Iluminada;;Seca;Cruz;Pare;Residencial;0;0;2;1;0;0;0;0;0;0;0;0;-38,574359;-3,711611;;;
249397;7;3;2015;11:10;12863;AV DOMINGOS OLIMPIO;RUA FLORIANO PEIXOTO;;;;Colisão Transversal;Luz do Dia;Nublado;Molhada;Cruz;Pare;Comercial;0;0;2;1;0;0;0;0;0;0;0;0;-38,530313;-3,736976;;;
249398;7;3;2015;05:00;0;RUA ALMEIDA PRADO;;;340;;Colisão Transversal;Amanhecer;Nublado;Molhada;Meio de Quadra;Não Há Controle;Residencial;0;0;2;1;0;0;0;0;0;0;0;0;;;;;
249399;7;3;2015;07:30;19611;AV GODOFREDO MACIEL;RUA NEREU RAMOS;;;;Colisão Transversal;Luz do Dia;Chuva;Seca;T;Semáforo;Comercial;0;0;2;1;0;0;0;0;0;0;0;0;-38,566802;-3,787250;;;
249401;7;3;2015;13:10;5099;AV TRISTAO GONCALVES;RUA SEN ALENCAR;;;;Colisão Transversal;Luz do Dia;Nublado;Molhada;Cruz;Pare;Comercial;0;0;2;1;1;0;0;0;0;0;0;0;-38,532122;-3,723524;;;
249402;7;3;2015;09:00;0;AV WENEFRIDO MELO;;;;;;Luz do Dia;Chuva;Molhada;Meio de Quadra;Outros;Outros;0;0;2;0;1;0;0;0;0;0;0;0;;;;;
249403;7;3;2015;13:30;9142;RUA GUILHERME MOREIRA;RUA MON OTAVIO CASTRO;;;;Colisão Transversal;Luz do Dia;Bom;Seca;Cruz;Pare;Residencial;0;0;2;1;0;0;0;0;0;0;0;0;-38,526504;-3,750182;;;
249385;7;3;2015;13:00;0;AV ALBERTO CRAVEIRO;;;999;;Colisão Traseira;Luz do Dia;Nublado;Seca;Meio de Quadra;Não Há Controle;Residencial;0;0;2;1;0;0;0;0;0;0;0;0;-38,517144;-3,787436;;;
249386;7;3;2015;06:10;12479;RUA PERDIGAO DE OLIVEIRA;AV AUGUSTO DOS ANJOS;;;;Colisão Transversal;Luz do Dia;Nublado;Seca;Cruz;Semáforo;Misto;0;1;1;0;1;0;0;0;0;1;0;0;-38,574712;-3,775131;;;
249387;7;3;2015;17:40;5030;RUA ALM JACEGUAI;AV ALM BARROSO;;;;Colisão Lateral;Anoitecer;Nublado;Molhada;T;Não Há Controle;Comercial;0;1;1;1;0;0;1;0;0;0;0;0;-38,519363;-3,720749;;;
257508;7;3;2015;02:23;24614;RUA G CJ VILA VELHA;AV K CJ PLANALTO BARRA;;;;Colisão Lateral;;;;;;;0;1;0;1;0;0;0;0;0;1;0;0;-38,602474;-3,712634;;;
260806;7;3;2015;15:27;0;AV GODOFREDO MACIEL;;;;;Atropelamento;Luz do Dia;;;Meio de Quadra;;;0;1;1;0;0;0;0;0;0;1;0;0;;;;;
260807;7;3;2015;18:30;0;AV MOZART PINHEIRO DE LUCENA;;;1240;;Colisão;Anoitecer;;;;;;0;1;1;1;0;0;0;0;0;1;0;0;-38,594317;-3,713496;;;
260787;7;3;2015;04:13;15260;RUA ANA BILHAR;RUA JOAQUIM NABUCO;;;;Queda;;;;Cruz;Semáforo;Residencial;0;0;2;1;0;0;0;0;0;0;0;0;-38,499077;-3,728382;;;
260792;7;3;2015;06:02;0;RUA PERDIGAO DE OLIVEIRA;;;;;Colisão;Luz do Dia;;;Meio de Quadra;;;0;1;0;0;0;0;0;0;0;0;0;0;-38,576955;-3,774811;;;
260789;7;3;2015;06:00;0;AV MR HULL;;;;;Colisão;Luz do Dia;;;Meio de Quadra;;;0;1;1;1;0;0;0;0;0;1;0;0;;;;;
260800;7;3;2015;19:16;0;AV GAL OSORIO DE PAIVA;;;;;Atropelamento;Luz do Dia;;;Meio de Quadra;;;0;1;1;0;0;0;0;0;0;1;0;0;;;;;
260801;7;3;2015;11:06;0;RUA SAO GABRIEL D16 (JOAQUIM TAVORA);;;;;Colisão;Luz do Dia;;;Meio de Quadra;;;0;1;1;1;0;0;0;0;0;1;0;0;;;;;
260802;7;3;2015;12:23;0;AV DR SILAS MUNGUBA;;;;;Colisão;Luz do Dia;;;Meio de Quadra;;;0;1;1;1;0;0;0;0;0;1;0;0;-38,530296;-3,800495;;;
260803;7;3;2015;13:12;0;AV N CJ JOSE WALTER;;;;;Colisão;Luz do Dia;;;Meio de Quadra;;;0;1;0;0;0;0;0;0;0;0;0;0;;;;;
260804;7;3;2015;13:25;0;AV DR THEBERGE;;;;;Colisão;Luz do Dia;;;Meio de Quadra;;;0;1;1;1;0;0;0;0;0;1;0;0;-38,565643;-3,716744;;;
264928;7;3;2015;03:59;11738;AV LINEU MACHADO;RUA VIS CAUIPE;;;;Colisão;;;;Cruz;Não Há Controle;Comercial;0;0;2;0;0;0;0;0;0;0;0;0;-38,581269;-3,774312;;;
264929;7;3;2015;06:59;15354;RUA FREDERICO BORGES;RUA CANUTO DE AGUIAR;;;;Colisão;Luz do Dia;;;Cruz;Não Há Controle;Comercial;0;0;2;0;0;0;0;0;0;0;0;0;-38,489246;-3,732629;;;
264930;7;3;2015;08:47;15260;RUA ANA BILHAR;RUA JOAQUIM NABUCO;;;;Colisão;Luz do Dia;;;Cruz;Semáforo;Residencial;0;0;2;0;0;0;0;0;0;0;0;0;-38,499077;-3,728382;;;
264931;7;3;2015;08:49;17433;RUA PRO TEODORICO;RUA CESAR ROSSAS;;;;Colisão;Luz do Dia;;;Outros;Pare;Comercial;0;0;2;0;0;0;0;0;0;0;0;0;-38,553473;-3,768770;;;
264932;7;3;2015;10:29;0;AV DOS EXPEDICIONARIOS;;;;;Colisão;Luz do Dia;;;Meio de Quadra;;;0;0;2;0;0;0;0;0;0;0;0;0;;;;;
264933;7;3;2015;10:40;0;AV FRANCISCO SA;;;;;Atropelamento;Luz do Dia;;;Meio de Quadra;;;0;0;2;0;0;0;0;0;0;0;0;0;;;;;
264934;7;3;2015;10:41;0;AV DUQ CAXIAS;;;2225;;Colisão;Luz do Dia;;;Meio de Quadra;;;0;0;2;0;0;0;0;0;0;0;0;0;-38,543876;-3,727236;;;
264935;7;3;2015;11:03;0;RUA CON DE CASTRO;;;1742;;Colisão;Luz do Dia;;;Meio de Quadra;;;0;0;2;0;0;0;0;0;0;0;0;0;-38,574452;-3,786116;;;
264936;7;3;2015;11:06;5324;RUA GAL SAMPAIO;RUA PEDRO I;;;;Colisão;Luz do Dia;;;Cruz;Semáforo Danificado;Comercial;0;0;2;0;0;0;0;0;0;0;0;0;-38,531758;-3,730182;;;