COD_ACIDENTE;DIA;MES;ANO;HORA;INTERSECAO;LOG1;LOG2;LOG3;NUMERO;REFERENCIA;NATUREZA;ILUMINACAO;TEMPO;SUPERFICIEPISTA;TIPOCRUZAMENTO;CONTROLETRAFEGO;USOSOLO;MORTOS;FERIDOS;ILESOS;AUTOMOVEL;ONIBUS;BICICLETA;CAMINHAO;MICROONIBUS;CICLOMOTOR;MOTOCICLETA;TRACAOANIMAL;TREM;LONG;LAT;;;
264937;7;3;2015;12:20;0;RUA EDUARDO PORTO;;;;;Colisão;Luz do Dia;;;Meio de Quadra;;;0;0;2;0;0;0;0;0;0;0;0;0;;;;;
264938;7;3;2015;12:21;183;AV SGT HERMINIO SAMPAIO;RUA DEMETRIO MENEZES;;;;Colisão;Luz do Dia;;;Cruz;Semáforo;Comercial;0;0;2;0;0;0;0;0;0;0;0;0;-38,584591;-3,731488;;;
264939;7;3;2015;12:41;0;AV SANTOS DUMONT;;;;;Colisão;Luz do Dia;;;Meio de Quadra;;;0;0;2;0;0;0;0;0;0;0;0;0;;;;;
264940;7;3;2015;12:42;12699;AV CEL CARVALHO;AV MAJ ASSIS;;;;Colisão;Luz do Dia;;;Cruz;Semáforo;Residencial;0;0;2;0;0;0;0;0;0;0;0;0;-38,586255;-3,723796;;;
264941;7;3;2015;12:43;0;RUA ANSELMO NOGUEIRA;;;646;;Atropelamento;Luz do Dia;;;Meio de Quadra;;;0;0;2;0;0;0;0;0;0;0;0;0;-38,587922;-3,783707;;;
264942;7;3;2015;13:29;9672;RUA BOM JESUS (GRANJA LISBOA);RUA GUARAREMA;;;;Colisão;Luz do Dia;;;;;;0;0;2;0;0;0;0;0;0;0;0;0;-38,619640;-3,788544;;;
264945;7;3;2015;14:20;0;AV DA INDEPENDENCIA;;;;;Colisão;Luz do Dia;;;Meio de Quadra;;;0;0;2;0;0;0;0;0;0;0;0;0;;;;;
264947;7;3;2015;15:29;5187;RUA SAO PAULO;RUA BAR RIO BRANCO;;;;Colisão;Luz do Dia;;;Cruz;Semáforo;Comercial;0;0;2;0;0;0;0;0;0;0;0;0;-38,528071;-3,725856;;;
264950;7;3;2015;16:32;0;AV ALM BARROSO;;;;;Colisão;Luz do Dia;;;Meio de Quadra;;;0;0;2;0;0;0;0;0;0;0;0;0;;;;;
264951;7;3;2015;16:42;0;RUA DOM LUSTOSA;;;40;;Colisão;Luz do Dia;;;Meio de Quadra;;;0;0;2;0;0;0;0;0;0;0;0;0;-38,514990;-3,846040;;;
264956;7;3;2015;17:47;0;RUA DR PIO SARAIVA;;;236;;Colisão;Anoitecer;;;Meio de Quadra;;;0;0;2;0;0;0;0;0;0;0;0;0;-38,599642;-3,736707;;;
264959;7;3;2015;18:28;0;AV PASTEUR;;;171;;Atropelamento;Anoitecer;;;Meio de Quadra;;;0;0;2;0;0;0;0;0;0;0;0;0;-38,557774;-3,707518;;;
264971;7;3;2015;18:36;0;RUA PDE PERDIGAO SAMPAIO;;;;;Colisão;;;;Meio de Quadra;;;0;0;2;0;0;0;0;0;0;0;0;0;;;;;
264976;7;3;2015;20:23;1267;RUA COSTA BARROS;RUA NUNES VALENTE;;;;Colisão;;;;Cruz;Gesto;Residencial;0;0;2;0;0;0;0;0;0;0;0;0;-38,502761;-3,733224;;;
264977;7;3;2015;20:57;3860;AV 13 DE MAIO;AV DA UNIVERSIDADE;;;;Colisão;;;;Cruz;Semáforo;Comercial;0;0;2;0;0;0;0;0;0;0;0;0;-38,539107;-3,740962;;;
264981;7;3;2015;21:03;0;RUA TEODOMIRO DE CASTRO;;;;;Atropelamento;;;;Meio de Quadra;;;0;0;2;0;0;0;0;0;0;0;0;0;;;;;
264983;7;3;2015;21:33;12348;RUA MINAS GERAIS;RUA DIAMANTINA;;;;Colisão;;;;Cruz;Pare;Residencial;0;0;2;0;0;0;0;0;0;0;0;0;-38,569703;-3,763776;;;
264990;7;3;2015;22:35;9892;RUA SGT JOAO PINHEIRO;RUA BOM JESUS (GRANJA LISBOA);;;;Colisão;;;;Cruz;Outros;Comercial;0;0;2;0;0;0;0;0;0;0;0;0;-38,624041;-3,787299;;;
264998;7;3;2015;22:53;15204;RUA JULIO IBIAPINA;AV ABOLICAO;;;;Colisão;;;;Cruz;Semáforo;Comercial;0;0;2;0;0;0;0;0;0;0;0;0;-38,491290;-3,726679;;;
265001;7;3;2015;23:55;0;AV DR SILAS MUNGUBA;;;4495;;Colisão;;;;Meio de Quadra;;;0;0;2;0;0;0;0;0;0;0;0;0;-38,535099;-3,793030;;;
265003;7;3;2015;23:56;0;AV GAL OSORIO DE PAIVA;;;;;Colisão;;;;Meio de Quadra;;;0;0;2;0;0;0;0;0;0;0;0;0;;;;;
265006;8;3;2015;00:29;13736;AV ROGACIANO LEITE;RUA PINDORAMA;;;;Colisão;;;;Cruz;Semáforo;Comercial;0;0;2;0;0;0;0;0;0;0;0;0;-38,498988;-3,773416;;;
265011;8;3;2015;01:25;5381;AV IMPERADOR;RUA METON DE ALENCAR;;;;Colisão;;;;Cruz;Semáforo;Comercial;0;0;2;0;0;0;0;0;0;0;0;0;-38,535869;-3,731966;;;
265015;8;3;2015;01:46;0;AV PRS CASTELO BRANCO;;;;;Choque c/ Obstáculo Fixo;;;;Meio de Quadra;;;0;0;1;0;0;0;0;0;0;0;0;0;;;;;
265018;8;3;2015;02:00;0;RUA TRAJANO ALVES DE AGUIAR;;;390;;Colisão;;;;Meio de Quadra;;;0;0;2;0;0;0;0;0;0;0;0;0;-38,492624;-3,794534;;;
265024;8;3;2015;17:21;3209;RUA ANSELMO NOGUEIRA;RUA VITAL BRASIL;;;;Colisão;Anoitecer;;;Cruz;Semáforo;Residencial;0;0;2;0;0;0;0;0;0;0;0;0;-38,587181;-3,781072;;;
265021;8;3;2015;06:36;0;RUA PDE PEDRO DE ALENCAR;;;;;Capotamento;Luz do Dia;;;Meio de Quadra;;;0;0;1;0;0;0;0;0;0;0;0;0;;;;;
265028;8;3;2015;17:47;0;RUA PERDIGAO DE OLIVEIRA;;;1049;;Colisão;Anoitecer;;;Meio de Quadra;;;0;0;2;0;0;0;0;0;0;0;0;0;-38,579057;-3,774304;;;
265032;8;3;2015;20:16;24872;RUA ANTONIO ARRUDA;RUA CREUSA ROCHA;;;;Colisão;;;;;;;0;0;2;0;0;0;0;0;0;0;0;0;-38,594151;-3,720645;;;
265033;8;3;2015;20:38;0;RUA ELVIRA PINHO;;;383;;Colisão;;;;Meio de Quadra;;;0;0;2;0;0;0;0;0;0;0;0;0;-38,555972;-3,766931;;;
265034;8;3;2015;20:39;0;AV CONTORNO SUL;;;96;;Colisão;;;;Meio de Quadra;;;0;0;2;0;0;0;0;0;0;0;0;0;-38,491185;-3,857849;;;
265030;8;3;2015;18:56;0;AV DA INDEPENDENCIA;;;1148;;Atropelamento;;;;Meio de Quadra;;;0;0;2;0;0;0;0;0;0;0;0;0;-38,591023;-3,726896;;;
275377;8;3;2015;01:15;0;RUA EMILIO DE MENESES;;;;;Colisão Transversal;Via Iluminada;Bom;Seca;Meio de Quadra;Pare;Comercial;0;2;0;0;0;0;0;0;0;1;0;0;;;;;
257511;8;3;2015;09:11;0;RD CE-040;;;;KM-09;Choque c/ Obstáculo Fixo;Luz do Dia;;Molhada;Meio de Quadra;;;0;1;0;1;0;0;0;0;0;0;0;0;-38,481431;-3,824774;;;
257512;8;3;2015;21:33;23513;RUA SABINO MONTE;RUA ANA GONCALVES;;;;Colisão;;;;Cruz;Pare;Rural;1;1;0;1;0;0;0;0;0;1;0;0;-38,511374;-3,759428;;;
249404;8;3;2015;19:10;19366;AV DR SILAS MUNGUBA;RUA GERMANO FRANCK;;;;Colisão Traseira;Via Iluminada;Bom;Molhada;Cruz;;Comercial;0;0;2;1;0;0;0;0;0;0;0;0;-38,562004;-3,777251;;;
249405;8;3;2015;07:00;0;AV BORGES DE MELO;;;180;;Choque c/ Obstáculo Fixo;Luz do Dia;Chuva;Molhada;Meio de Quadra;Semáforo;Residencial;0;0;1;1;0;0;0;0;0;0;0;0;-38,520642;-3,761281;;;
249406;8;3;2015;09:40;17299;RUA EDITE BRAGA;RUA ALVARO FERNANDES;;;;Colisão Frontal;Luz do Dia;Chuva;Molhada;Cruz;Pare;Residencial;0;1;1;1;0;0;0;0;0;0;0;0;-38,550124;-3,763747;;;
249407;8;3;2015;13:15;6744;RUA BENTO ALBUQUERQUE;RUA BATISTA DE OLIVEIRA;;;;Colisão Transversal;Luz do Dia;Chuva;Molhada;Cruz;Semáforo Danificado;Residencial;0;0;2;1;0;0;0;0;0;0;0;0;-38,481027;-3,744448;;;
249408;8;3;2015;19:20;0;RUA JOSE BORBA VASCONCELOS;;;110;;Colisão Lateral;Via Iluminada;Bom;Seca;Meio de Quadra;;Residencial;0;0;2;0;1;0;0;0;0;0;0;0;;;;;
249411;8;3;2015;20:00;0;RUA EVILASIO A MIRANDA;;;;;Choque c/ Obstáculo Fixo;;Chuva;Molhada;Meio de Quadra;Não Há Controle;Residencial;0;0;1;1;0;0;0;0;0;0;0;0;;;;;
249413;8;3;2015;05:40;17347;RUA ALBERTO MAGNO;RUA IRM BAZET;;;;Colisão Transversal;Amanhecer;Chuva;Molhada;Cruz;Pare;Comercial;1;1;1;1;0;0;0;0;0;1;0;0;-38,550525;-3,765502;;;
249418;8;3;2015;19:10;0;AV DOS EXPEDICIONARIOS;;;9235;;Atropelamento de Animal;Via Iluminada;Chuva;Molhada;Meio de Quadra;Semáforo;Comercial;0;1;0;0;0;0;0;0;0;1;0;0;-38,551986;-3,800576;;;
249419;8;3;2015;05:00;0;RUA DR PAULO MARCELO;;;1911;;Colisão Lateral;Luz do Dia;Chuva;Seca;Meio de Quadra;Não Há Controle;Residencial;0;0;2;1;0;0;0;0;0;0;0;0;-38,458413;-3,781376;;;
249415;8;3;2015;19:00;0;RUA RIO PARAGUAI;;;875;;Colisão Lateral Sentido Oposto;Via Iluminada;Bom;Seca;Meio de Quadra;Não Há Controle;Residencial;0;1;2;1;0;0;0;0;0;0;0;0;;;;;
258820;8;3;2015;16:10;0;RD CE-060;;;;KM-02;Choque c/ Obstáculo Fixo;Luz do Dia;Bom;Molhada;Meio de Quadra;;;0;0;1;1;0;0;0;0;0;0;0;0;-38,580009;-3,828028;;;
258626;8;3;2015;02:15;0;RD BR 116;;;11000;KM-11;Capotamento;Via Iluminada;Nublado;Molhada;Meio de Quadra;Não Há Controle;Misto;0;1;0;0;0;0;0;0;0;0;0;0;-38,497176;-3,847160;;;
260848;8;3;2015;01:12;0;AV IMPERADOR;;;;;Queda;;;;Meio de Quadra;;;0;1;0;0;0;0;0;0;0;1;0;0;-38,535891;-3,732045;;;
260859;8;3;2015;18:56;0;RUA BERNARDO MANUEL;;;;;Queda;;;;Meio de Quadra;;;0;1;0;0;0;0;0;0;0;1;0;0;-38,551986;-3,800576;;;
260857;8;3;2015;06:53;13432;AV RUI BARBOSA;AV ANTONIO SALES;;;;Colisão;Luz do Dia;;;Cruz;Semáforo;Misto;0;1;1;1;0;0;0;0;0;1;0;0;-38,511569;-3,742611;;;
260853;8;3;2015;05:43;0;AV GAL OSORIO DE PAIVA;;;;;Queda;Amanhecer;;;Meio de Quadra;;;0;1;0;0;0;0;0;0;0;1;0;0;;;;;
260851;8;3;2015;02:49;0;RUA ARTUR DE CARVALHO;;;273;;Queda;;;;Meio de Quadra;;;0;1;0;0;0;0;0;0;0;1;0;0;-38,534863;-3,761539;;;
260844;8;3;2015;08:00;0;AV MAJ ASSIS;;;;;Colisão;Luz do Dia;;;Meio de Quadra;;;0;1;0;0;0;0;0;0;0;0;0;0;-38,590298;-3,723287;;;
259857;8;3;2015;00:39;0;AV GAL OSORIO DE PAIVA;;;;;Colisão;;;;Meio de Quadra;;;0;0;2;1;1;0;0;0;0;0;0;0;;;;;
259859;8;3;2015;09:30;0;RUA JUVENCIO VASCONCELOS;;;;;Colisão;Luz do Dia;;;Meio de Quadra;;;0;0;2;0;1;0;0;0;0;0;0;0;;;;;
265106;9;3;2015;00:17;12404;AV SEN FERNANDES TAVORA;AV LINEU MACHADO;;;;Colisão;;;;Cruz;Não Há Controle;Comercial;0;0;2;0;0;0;0;0;0;0;0;0;-38,576540;-3,765199;;;
265107;9;3;2015;00:18;2715;RUA ITU;RUA EDSON MARTINS;;;;Atropelamento;;;;;;;0;0;2;0;0;0;0;0;0;0;0;0;-38,602186;-3,789521;;;
265108;9;3;2015;00:19;0;AV DA INDEPENDENCIA;;;2084;;Choque c/ Obstáculo Fixo;;;;Meio de Quadra;;;0;0;1;0;0;0;0;0;0;0;0;0;-38,598619;-3,724653;;;
265109;9;3;2015;15:06;0;AV NOSSA SRA DAS GRACAS;;;196;;Colisão;Luz do Dia;;;Meio de Quadra;;;0;0;2;0;0;0;0;0;0;0;0;0;;;;;
265110;9;3;2015;17:02;23749;RUA CON DE CASTRO;RUA LINS DO REGO;;;;Colisão;Anoitecer;;;T;Não Há Controle;Rural;0;0;2;0;0;0;0;0;0;0;0;0;-38,573794;-3,785389;;;
265111;9;3;2015;18:35;11796;RUA JACINTO MATOS;AV TEN LISBOA;;;;Colisão;;;;Com Via Férrea;Cancela;Residencial;0;0;2;0;0;0;0;0;0;0;0;0;-38,546653;-3,718078;;;
260883;9;3;2015;17:03;0;RUA PEDRO MELO;RUA SALGADO FILHO;;;;Colisão;Anoitecer;;;;;;0;1;1;0;0;0;0;0;0;0;0;0;;;;;
260887;9;3;2015;17:13;0;RUA CEL MATOS DOURADO;;;;;Queda;Anoitecer;;;Meio de Quadra;;;0;1;0;0;0;0;0;0;0;1;0;0;;;;;
260889;9;3;2015;18:34;17288;RUA ALBERTO MAGNO;RUA EDUARDO ANGELIM;;;;Colisão;Anoitecer;;;Cruz;Pare;Residencial;0;1;1;0;0;0;0;0;0;1;0;0;-38,548491;-3,763194;;;
260890;9;3;2015;18:47;0;RD BR 116;;;7000;KM-07;Atropelamento;;;;Meio de Quadra;;;0;1;1;1;0;0;0;0;0;0;0;0;-38,501101;-3,813246;;;
260891;9;3;2015;19:19;0;RUA ANTONIO ARRUDA;;;;;Atropelamento;;;;Meio de Quadra;;;0;1;1;0;0;0;0;0;0;0;0;0;;;;;
260880;9;3;2015;11:09;19775;RUA AMADEU FURTADO;RUA CRATEUS;;;;Colisão;Luz do Dia;;;Cruz;Pare;Residencial;0;1;1;1;0;0;0;0;0;1;0;0;-38,563480;-3,738433;;;
260872;9;3;2015;00:44;0;RUA AQUIRAZ;;;;;Queda;;;;Meio de Quadra;;;0;1;0;0;0;1;0;0;0;0;0;0;-38,547390;-3,758273;;;
260873;9;3;2015;01:30;0;RUA CANDIDO MAIA;;;;;Atropelamento;;;;Meio de Quadra;;;0;1;1;0;0;0;0;0;0;1;0;0;;;;;
260870;9;3;2015;01:25;0;AV SIQUEIRA CAMPOS;;;;;Colisão;;;;Meio de Quadra;;;0;1;1;1;0;0;0;0;0;1;0;0;-38,628523;-3,813347;;;
258633;9;3;2015;18:30;0;RD BR 116;;;7000;KM-07;Colisão;Anoitecer;Bom;Seca;Meio de Quadra;Não Há Controle;Comercial;0;1;1;1;0;1;0;0;0;0;0;0;-38,501101;-3,813246;;;
258685;9;3;2015;12:00;0;RD BR 222;;;;KM-01;Colisão Lateral;Luz do Dia;Chuva;Molhada;Meio de Quadra;Não Há Controle;Comercial;0;0;2;1;0;0;1;0;0;0;0;0;-38,577952;-3,737774;;;
258822;9;3;2015;12:30;0;RD CE-060;;;;KM-02;Colisão;Luz do Dia;;Seca;Meio de Quadra;;;0;0;2;1;0;0;0;0;0;0;0;0;-38,580009;-3,828028;;;
258825;9;3;2015;14:45;0;AV MIN JOSE AMERICO;;;;;Colisão;Luz do Dia;;Seca;Meio de Quadra;;;0;0;2;1;0;0;0;0;0;0;0;0;;;;;
258826;9;3;2015;16:20;0;RD CE-040;;;;KM-13;Colisão;Luz do Dia;;Seca;Meio de Quadra;;;0;0;2;1;0;0;0;0;0;1;0;0;-38,472314;-3,857083;;;
258827;9;3;2015;19:50;0;RD CE-040;;;;KM-05;Colisão;;;Seca;Meio de Quadra;;;0;0;2;1;0;0;0;0;0;0;0;0;-38,480349;-3,790876;;;
258828;9;3;2015;22:29;0;AV MIN JOSE AMERICO;;;;;Colisão;Via Iluminada;;Seca;Meio de Quadra;;;0;0;2;1;0;0;0;0;0;0;0;0;;;;;
275404;9;3;2015;17:40;0;AV DEP PAULINO ROCHA;;;2183;;Colisão Lateral;Anoitecer;;;Meio de Quadra;;;0;1;1;1;0;0;0;0;1;0;0;0;;;;;
275438;9;3;2015;08:00;26253;RUA VIA LACTEA;RUA URANO;;;;Colisão Traseira;Luz do Dia;;;;;;0;0;2;1;0;0;0;0;0;0;0;0;;;;;
249417;9;3;2015;16:20;0;AV DES MOREIRA;;;1000;;;Luz do Dia;Bom;Seca;Meio de Quadra;Não Há Controle;Comercial;0;0;2;1;0;0;0;0;0;0;0;0;-38,497736;-3,734322;;;
249414;9;3;2015;20:30;64;RUA PDE PERDIGAO SAMPAIO;RUA MARTINS NETO;;;;Colisão Lateral;Via Iluminada;Bom;Seca;Cruz;Pare;Residencial;0;0;2;1;1;0;0;0;0;0;0;0;-38,594477;-3,741162;;;
249412;9;3;2015;18:40;21376;AV JOVITA FEITOSA;RUA PRO NOGUEIRA;;;;Colisão Frontal;Via Iluminada;Bom;Seca;Cruz;Pare;Comercial;0;0;2;1;0;0;0;0;0;0;0;0;-38,548839;-3,738280;;;
249448;9;3;2015;21:00;24307;RUA 8 DE SETEMBRO;RUA ALFREDO LADISLAU;;;;Colisão Traseira;Via Iluminada;Bom;Seca;Cruz;Pare;Residencial;0;0;2;1;0;0;0;0;0;0;0;0;-38,486952;-3,738110;;;
249452;9;3;2015;13:30;0;AV AGUANAMBI;;;841;;Colisão Traseira;Luz do Dia;Nublado;Seca;Meio de Quadra;Não Há Controle;Comercial;0;1;1;0;0;0;1;0;0;1;0;0;-38,525056;-3,746548;;;
249454;9;3;2015;08:40;22773;RUA ELISEU ORIA;RUA EDUARDO NOVAES;;;;Colisão Lateral;Luz do Dia;Chuva;Molhada;Cruz;Não Há Controle;Residencial;0;0;2;1;0;0;0;0;0;0;0;0;-38,476996;-3,800489;;;
249455;9;3;2015;13:15;0;AV GAL OSORIO DE PAIVA;;;1841;;Colisão Traseira;Luz do Dia;Chuva;Molhada;Meio de Quadra;Gesto;Comercial;0;0;2;1;0;0;0;0;0;0;0;0;-38,598969;-3,801571;;;
249459;9;3;2015;14:40;2822;AV GAL OSORIO DE PAIVA;RUA OSCAR ARARIPE;;;;Colisão Traseira;Luz do Dia;Nublado;Molhada;T;Semáforo;Comercial;0;0;2;1;1;0;0;0;0;0;0;0;-38,591823;-3,794165;;;
249478;9;3;2015;08:20;13408;AV ANTONIO SALES;RUA BAR ARACATI;;;;Colisão Transversal;Luz do Dia;Chuva;Molhada;Cruz;Pare;Comercial;0;1;2;0;1;0;0;0;0;0;0;0;-38,514894;-3,741563;;;
249480;9;3;2015;10:40;0;RUA DIOGO CORREIA;;;462;;Tombamento;Luz do Dia;Nublado;Seca;Meio de Quadra;Não Há Controle;Residencial;0;0;1;0;0;0;1;0;0;0;0;0;-38,590496;-3,770156;;;
249487;9;3;2015;12:00;0;RUA VENEZA;;;187;;Colisão Transversal;Luz do Dia;Bom;Seca;Meio de Quadra;Não Há Controle;Residencial;0;0;2;1;0;0;0;0;0;1;0;0;-38,492547;-3,836356;;;
249492;9;3;2015;07:50;0;RUA CEL MATOS DOURADO;;;180;VIADUTO ANT.BEZERRA;Engavetamento;Luz do Dia;Chuva;Molhada;Outros;Não Há Controle;Comercial;0;0;4;1;0;0;0;0;0;0;0;0;-38,585272;-3,740157;;;
249497;9;3;2015;15:00;26203;RUA DES MANUEL DE SALES ANDRADE;AV ROGACIANO LEITE;;;;Colisão Traseira;Luz do Dia;Nublado;Seca;Cruz;Semáforo;Misto;0;0;2;0;0;0;0;0;0;0;0;0;-38,494994;-3,764202;;;
249499;9;3;2015;09:00;2378;AV FRANCISCO SA;RUA 01 UI 901;;;;Colisão Transversal;Luz do Dia;Chuva;Molhada;Duplo T;Pare;Residencial;0;1;1;1;0;0;0;0;0;1;0;0;-38,587394;-3,705552;;;
249502;9;3;2015;14:50;0;AV DOM LUIS;;;251;;Colisão Lateral;Luz do Dia;Bom;Seca;Meio de Quadra;Não Há Controle;Comercial;0;0;2;1;0;0;0;0;0;0;0;0;-38,499105;-3,732694;;;
249505;9;3;2015;12:20;0;RUA MON BRUNO;;;1210;;Outros;Luz do Dia;Nublado;Seca;Meio de Quadra;Não Há Controle;Residencial;0;0;2;0;0;0;1;0;0;1;0;0;-38,509531;-3,732673;;;
249509;9;3;2015;18:30;0;AV AGUANAMBI;;;1686;;Engavetamento;Via Iluminada;Bom;Seca;Meio de Quadra;Não Há Controle;Comercial;0;0;3;1;0;0;1;0;0;0;0;0;-38,523490;-3,751403;;;
249510;9;3;2015;16:00;3773;RUA MANUELITO MOREIRA;AV DA UNIVERSIDADE;;;;Colisão Lateral;Luz do Dia;Nublado;Seca;T;Pare;Misto;0;0;2;1;0;0;0;0;0;0;0;0;-38,533470;-3,734761;;;
249512;9;3;2015;17:15;12867;RUA JAIME BENEVOLO;RUA JOAQUIM MAGALHAES;;;;Colisão Lateral;Anoitecer;Bom;Seca;Cruz;Pare;Residencial;0;0;2;1;0;0;0;0;0;0;0;0;-38,527961;-3,739942;;;
249515;9;3;2015;16:00;9176;AV AGUANAMBI;AV EDUARDO GIRAO;;;;Colisão Traseira;Luz do Dia;Nublado;Seca;Rotatória;Não Há Controle;Outros;0;0;2;1;0;0;0;0;0;0;0;0;-38,523639;-3,755303;;;
249516;9;3;2015;14:30;9176;AV EDUARDO GIRAO;AV AGUANAMBI;;;;Colisão Transversal;Luz do Dia;Nublado;Seca;Rotatória;Semáforo;Outros;0;0;2;0;1;0;0;0;0;0;0;0;-38,523639;-3,755303;;;
249519;9;3;2015;16:00;12457;RUA PRO GOMES BRASIL;AV AUGUSTO DOS ANJOS;;;;Colisão Transversal;Luz do Dia;Nublado;Seca;Cruz;Semáforo;Comercial;0;2;1;1;0;0;0;0;0;1;0;0;-38,570427;-3,770153;;;
249521;9;3;2015;07:40;25269;AV DOS EXPEDICIONARIOS;RUA CEL AMANCIO CAVALCANTE;;;;Colisão Transversal;Luz do Dia;Chuva;Molhada;T;Pare;Misto;0;0;2;1;0;0;0;0;0;0;0;0;-38,538468;-3,755998;;;
249527;9;3;2015;13:20;0;AV FRANCISCO SA;;;3680;;Colisão Traseira;Luz do Dia;Nublado;Seca;Meio de Quadra;Não Há Controle;Comercial;0;0;2;1;0;0;0;0;0;0;0;0;-38,557879;-3,717226;;;
249528;9;3;2015;18:30;13021;AV I CJ JOSE WALTER;AV A CJ JOSE WALTER;;;;Colisão Transversal;Via Iluminada;Bom;Seca;Cruz;Pare;Residencial;0;1;1;0;0;0;1;0;0;1;0;0;-38,550935;-3,825834;;;
249529;9;3;2015;20:30;23804;AV GAL OSORIO DE PAIVA;RUA RAIMUNDO NERY;;;;Colisão Lateral;Via Iluminada;Bom;Seca;Cruz;Semáforo Intermitente;Residencial;0;0;2;1;1;0;0;0;0;0;0;0;-38,588065;-3,790306;;;
249524;9;3;2015;10:30;0;RUA PRO HERIBALDO COSTA;;;687;;Colisão Transversal;Luz do Dia;;Molhada;Meio de Quadra;Não Há Controle;Residencial;0;0;2;1;0;0;0;0;0;0;0;0;-38,583285;-3,758995;;;
249426;9;3;2015;12:50;1273;AV SANTOS DUMONT;RUA DR JOSE LOURENCO;;;;Colisão Transversal;Luz do Dia;Bom;Seca;Cruz;Pare;Comercial;0;0;2;1;0;0;0;0;0;0;0;0;-38,507380;-3,733299;;;
249427;9;3;2015;21:20;19328;RUA EDUARDO PERDIGAO;RUA CON DE CASTRO;;;;Colisão Transversal;Via Iluminada;Bom;Seca;Cruz;Não Há Controle;Comercial;0;0;2;1;0;0;0;0;0;0;0;0;-38,564769;-3,775579;;;
249441;9;3;2015;08:40;1428;RUA MON CATAO;RUA MARIA TOMASIA;;;;Colisão Transversal;Luz do Dia;Nublado;Molhada;Cruz;Pare;Residencial;0;1;1;1;0;0;0;0;0;1;0;0;-38,490242;-3,737741;;;
249424;9;3;2015;19:39;5060;RUA CASTRO E SILVA;AV IMPERADOR;;;;Colisão Transversal;Via Iluminada;Nublado;Molhada;Cruz;;Comercial;0;0;2;1;0;0;0;1;0;0;0;0;-38,532916;-3,722013;;;
249431;9;3;2015;11:05;5437;RUA FLORIANO PEIXOTO;RUA METON DE ALENCAR;;;;Colisão Transversal;Luz do Dia;Bom;Seca;Cruz;Pare;Comercial;0;1;2;1;0;0;0;1;0;0;0;0;-38,529358;-3,734071;;;
249421;9;3;2015;19:00;16971;AV WENEFRIDO MELO;RUA JOSE DUTRA;;;;Colisão Frontal;Via Iluminada;Bom;Seca;T;Pare;Comercial;0;0;2;1;0;0;0;0;0;0;0;0;-38,575417;-3,811155;;;
249422;10;3;2015;20:30;12404;AV SEN FERNANDES TAVORA;AV LINEU MACHADO;;;;Colisão Lateral;Via Iluminada;Bom;Seca;Cruz;Semáforo;Comercial;0;1;1;1;0;0;0;0;0;1;0;0;-38,576540;-3,765199;;;
249423;10;3;2015;12:45;0;RUA PAULINO NOGUEIRA;;;;;Engavetamento;Luz do Dia;Nublado;Seca;Meio de Quadra;Pare;Residencial;0;0;4;1;0;0;0;0;0;0;0;0;;;;;
249432;10;3;2015;19:30;3800;RUA CAIO CARLOS;AV 13 DE MAIO;;;;Colisão Transversal;Via Iluminada;Bom;Seca;Cruz;Não Há Controle;Comercial;0;0;2;1;0;0;0;0;0;0;0;0;-38,542160;-3,738286;;;
249433;10;3;2015;09:30;12811;AV DOS EXPEDICIONARIOS;RUA PRE NOVE;;;;Colisão Lateral;Luz do Dia;Chuva;Molhada;T;Semáforo Intermitente;Residencial;0;0;2;1;0;0;0;0;0;0;0;0;-38,538172;-3,755028;;;
249434;10;3;2015;07:30;21486;AV FRE CIRILO;RUA INACIO VASCONCELOS;;;;Colisão Transversal;Luz do Dia;Chuva;Molhada;T;Pare;Residencial;0;1;1;1;0;0;0;0;0;1;0;0;-38,499004;-3,813936;;;
249435;10;3;2015;08:40;5709;AV DES GONZAGA;AV OLIVEIRA PAIVA;;;;Colisão Lateral;Luz do Dia;Chuva;Molhada;Cruz;Não Há Controle;Misto;0;0;2;1;0;0;0;0;0;0;0;0;-38,499953;-3,797165;;;
249436;10;3;2015;19:00;24293;RUA JULIO ABREU;RUA DELMIRO GOUVEIA;;;;Colisão Transversal;Via Iluminada;Nublado;Seca;Cruz;Pare;Comercial;0;0;2;1;0;0;0;0;0;0;0;0;-38,488072;-3,735900;;;
249437;10;3;2015;09:00;9176;AV AGUANAMBI;AV EDUARDO GIRAO;;;;Colisão Lateral;;Chuva;Molhada;Rotatória;Semáforo;Outros;0;0;2;1;0;0;0;0;0;0;0;0;-38,523639;-3,755303;;;
249438;10;3;2015;18:00;0;AV VIENA WEYNE;;;741;;Colisão Transversal;Via Iluminada;Bom;Seca;Meio de Quadra;Dê Preferência;Comercial;0;1;1;1;0;0;0;0;0;1;0;0;-38,487426;-3,801347;;;
249439;10;3;2015;12:20;0;RUA 1139 CJ CEARA;;;;;Colisão Lateral;Luz do Dia;Chuva;Molhada;Meio de Quadra;;Residencial;0;0;2;1;0;0;0;0;0;0;0;0;;;;;