COD_ACIDENTE;DIA;MES;ANO;HORA;INTERSECAO;LOG1;LOG2;LOG3;NUMERO;REFERENCIA;NATUREZA;ILUMINACAO;TEMPO;SUPERFICIEPISTA;TIPOCRUZAMENTO;CONTROLETRAFEGO;USOSOLO;MORTOS;FERIDOS;ILESOS;AUTOMOVEL;ONIBUS;BICICLETA;CAMINHAO;MICROONIBUS;CICLOMOTOR;MOTOCICLETA;TRACAOANIMAL;TREM;LONG;LAT;;;
257556;14;3;2015;11:09;23784;RUA MON AGOSTINHO;RUA RAIMUNDO NERY;;;;Colisão;Luz do Dia;;;Cruz;Pare;Comercial;0;1;0;1;0;0;0;0;0;0;0;0;-38,587155;-3,792435;;;
257557;14;3;2015;23:30;0;AV PRS COSTA E SILVA;;;3239;;Colisão;;;;Meio de Quadra;;;0;1;0;0;0;0;0;0;0;1;0;0;;;;;
249552;14;3;2015;15:40;19561;AV GODOFREDO MACIEL;RUA ANTONIO BANDEIRA D41;;;;Colisão Lateral;Luz do Dia;Bom;Seca;Cruz;Semáforo;Misto;0;0;2;1;0;0;1;0;0;0;0;0;-38,565838;-3,783278;;;
249547;14;3;2015;00:00;25111;RUA DEMETRIO MENEZES;RUA GAL GOIS MONTEIRO;;;;Engavetamento;Via Iluminada;Bom;Seca;Cruz;Pare;Comercial;0;0;2;1;0;0;0;0;0;0;0;0;-38,584238;-3,734527;;;
249548;14;3;2015;09:15;23567;AV GOV RAUL BARBOSA;RUA ESV PINHEIRO;;;;Colisão Transversal;;Bom;Seca;Duplo T;Pare;Residencial;0;0;2;0;1;0;0;0;0;0;0;0;-38,507767;-3,761659;;;
249549;14;3;2015;14:30;0;RUA ALM RUBIM;;;1496;;Colisão Traseira;Luz do Dia;Bom;Seca;Meio de Quadra;Semáforo;Misto;0;0;2;1;0;0;0;0;0;0;0;0;-38,556523;-3,770550;;;
249540;14;3;2015;00:05;9094;AV SORIANO ALBUQUERQUE;AV VIS RIO BRANCO;;;;Colisão Lateral;;;Seca;Cruz;;Residencial;0;0;2;1;0;0;0;0;0;0;0;0;-38,521682;-3,747601;;;
249541;14;3;2015;17:00;544;RUA TOMAS GONZAGA;RUA DOM JOSE TUPINAMBA;;;;Colisão Transversal;Anoitecer;Bom;Seca;Cruz;Não Há Controle;Residencial;0;0;2;1;0;0;0;0;0;0;0;0;-38,568839;-3,712336;;;
249542;14;3;2015;17:00;25703;AV GAL OSORIO DE PAIVA;RUA DES FROTA D71;;;;Colisão Lateral;Luz do Dia;Bom;Seca;T;Pare;Comercial;0;0;2;1;0;0;0;0;0;0;0;0;-38,590838;-3,793187;;;
249543;14;3;2015;12:30;1311;RUA LEONARDO MOTA;RUA MARCOS MACEDO;;;;Colisão Traseira;Luz do Dia;Bom;Seca;Cruz;Semáforo;Comercial;0;0;2;1;0;0;0;0;0;0;0;0;-38,495763;-3,734885;;;
249544;14;3;2015;20:30;0;AV OLIVEIRA PAIVA;;;170;;Colisão Traseira;Via Iluminada;Bom;Seca;Meio de Quadra;Não Há Controle;Comercial;0;1;2;1;0;0;0;0;0;1;0;0;-38,503389;-3,798775;;;
249545;14;3;2015;15:00;0;AV DR SILAS MUNGUBA;;;3666;;Colisão Traseira;Luz do Dia;Bom;Seca;Meio de Quadra;Não Há Controle;Comercial;0;0;2;0;0;0;0;0;1;1;0;0;-38,540801;-3,790219;;;
258912;14;3;2015;08:40;0;RD CE-040;;;;KM-07;Colisão;Luz do Dia;;Seca;Meio de Quadra;;;0;0;2;1;0;0;0;0;0;0;0;0;-38,483160;-3,817953;;;
258916;14;3;2015;10:00;0;RD CE-040;;;;KM-08;Outros;Luz do Dia;;Seca;Meio de Quadra;;;0;0;1;1;0;0;0;0;0;0;0;0;-38,481317;-3,823332;;;
258923;14;3;2015;19:38;0;RD CE-040;;;;KM-06;Colisão;Via Iluminada;;Seca;Meio de Quadra;;;0;0;2;1;0;0;0;0;0;1;0;0;-38,478781;-3,811270;;;
258919;14;3;2015;18:00;0;RD CE-025;;;;KM-02;Colisão;Via Iluminada;;Seca;Meio de Quadra;;;0;0;2;0;0;0;0;0;0;1;0;0;-38,460957;-3,807584;;;
249558;14;3;2015;16:00;1375;AV SANTOS DUMONT;RUA BARBOSA DE FREITAS;;;;Colisão Lateral;Luz do Dia;Bom;Seca;Cruz;Semáforo;Comercial;0;0;2;1;1;0;0;0;0;0;0;0;-38,497363;-3,736551;;;
249559;14;3;2015;11:45;5292;RUA COSTA BARROS;RUA GONCALVES LEDO;;;;Colisão Transversal;Luz do Dia;Bom;Seca;Cruz;Pare;Comercial;0;0;2;1;0;0;0;0;0;0;0;0;-38,515426;-3,729088;;;
249560;14;3;2015;14:20;9020;RUA JAIME BENEVOLO;RUA SALDANHA MARINHO;;;;Colisão Transversal;Luz do Dia;Bom;Seca;Cruz;Semáforo;Comercial;0;0;2;1;0;0;0;0;0;0;0;0;-38,528994;-3,743046;;;
249561;14;3;2015;09:40;12551;AV HILDEBRANDO DE MELO;RUA MARIA CLARA;;;;Colisão Transversal;Luz do Dia;Bom;Seca;Cruz;Não Há Controle;Misto;0;0;2;1;0;0;0;0;0;0;0;0;-38,589234;-3,725093;;;
249562;14;3;2015;07:30;19177;RUA BATISTA DE OLIVEIRA;RUA JOAQUIM LIMA;;;;Colisão Transversal;Luz do Dia;Bom;Seca;Cruz;Pare;Misto;0;0;2;1;0;0;1;0;0;0;0;0;-38,479209;-3,741498;;;
249563;14;3;2015;07:30;3863;AV 13 DE MAIO;RUA SEN POMPEU;;;;Colisão Traseira;Luz do Dia;Bom;Seca;Cruz;Semáforo;Comercial;0;0;2;1;0;0;0;0;0;0;0;0;-38,534969;-3,744515;;;
249564;14;3;2015;11:30;0;AV DOMINGOS OLIMPIO;;;1608;;Colisão Lateral;Luz do Dia;Bom;Molhada;Outros;Outros;Comercial;0;0;2;1;0;0;1;0;0;0;0;0;-38,537208;-3,734631;;;
249556;14;3;2015;07:15;15191;AV BAR STUDART;RUA TOMAS POMPEU;;;;Colisão Transversal;Luz do Dia;Bom;Seca;Cruz;Pare;Comercial;0;0;2;1;0;0;0;0;0;0;0;0;-38,503970;-3,726431;;;
249554;14;3;2015;10:00;0;RUA CEL MATOS DOURADO;;;;;Colisão Traseira;Luz do Dia;Bom;Seca;Meio de Quadra;Outros;Residencial;0;0;2;1;0;0;0;0;0;0;0;0;;;;;
249588;14;3;2015;15:00;13563;AV SORIANO ALBUQUERQUE;RUA DR JOSE LOURENCO;;;;Colisão Transversal;Luz do Dia;Bom;Seca;Cruz;Pare;Residencial;0;2;0;1;0;0;0;0;0;0;0;0;-38,512631;-3,749830;;;
249589;14;3;2015;13:00;0;RUA PDE FRANCISCO PITA;;;67;;Colisão Lateral;Luz do Dia;Bom;Seca;Meio de Quadra;Não Há Controle;Misto;0;1;1;1;0;0;0;0;0;1;0;0;-38,505796;-3,779777;;;
249594;14;3;2015;12:30;0;RUA EDUARDO GUIMARAES;;;123;;Colisão Transversal;Luz do Dia;Bom;Seca;Meio de Quadra;Não Há Controle;Residencial;0;0;2;1;0;0;0;0;0;0;0;0;;;;;
249592;14;3;2015;12:30;11543;AV DES FELICIANO DE ATAIDE (JD DAS OLIVEIRAS);RUA LEA POMPEU;;;;Colisão Lateral;Luz do Dia;Bom;Seca;Cruz;Não Há Controle;Misto;0;0;2;1;0;0;0;0;0;0;0;0;;;;;
249600;14;3;2015;15:20;15834;RUA TEN JURANDIR ALENCAR;RUA CEL FRANCISCO PEREIRA (MESSEJANA);;;;Colisão Transversal;Luz do Dia;Bom;Seca;Cruz;Semáforo;Comercial;0;1;1;0;1;0;0;0;0;1;0;0;-38,492929;-3,831773;;;
249601;14;3;2015;05:40;10863;RUA PRO HERIBALDO COSTA;RUA PORTO VELHO;;;;Choque c/ Obstáculo Fixo;Via Iluminada;Bom;Seca;Cruz;Pare;Misto;1;1;0;0;0;0;0;0;0;1;0;0;-38,587014;-3,765974;;;
249597;14;3;2015;08:10;13945;AV RECREIO D64;AV MAE LISBOA;;;;Colisão Lateral;Luz do Dia;Bom;Seca;T;Não Há Controle;;0;0;2;1;0;0;1;0;0;0;0;0;-38,449550;-3,805565;;;
249598;14;3;2015;19:00;0;AV ALM BARROSO;;;521;;Colisão Lateral;Via Iluminada;Bom;Seca;Meio de Quadra;Semáforo;Misto;0;1;1;1;0;0;0;0;0;1;0;0;-38,518468;-3,720627;;;
258693;14;3;2015;11:20;0;RD BR 222;;;;KM-01;Colisão Traseira;Luz do Dia;Bom;Seca;Meio de Quadra;Não Há Controle;Comercial;0;0;2;1;1;0;0;0;0;0;0;0;-38,577952;-3,737774;;;
261097;14;3;2015;15:16;13563;RUA DR JOSE LOURENCO;AV SORIANO ALBUQUERQUE;;;;Atropelamento;Luz do Dia;;;Cruz;Pare;Residencial;0;1;1;1;0;0;0;0;0;0;0;0;-38,512631;-3,749830;;;
261098;14;3;2015;16:21;0;RUA JACO DO BANDOLIM;;;;;Queda;Luz do Dia;;;Meio de Quadra;;;0;1;0;0;0;0;0;0;0;1;0;0;;;;;
261099;14;3;2015;17:37;0;AV PRS COSTA E SILVA;;;;;Colisão;Anoitecer;;;Meio de Quadra;;;0;1;0;0;0;0;0;0;0;0;0;0;;;;;
261100;14;3;2015;17:47;0;AV MAE LISBOA;;;;;Queda;Anoitecer;;;Meio de Quadra;;;0;1;0;0;0;0;0;0;0;1;0;0;;;;;
261101;14;3;2015;18:14;0;RUA JOSE MESSIAS MATOS;;;;;Colisão;Anoitecer;;;;;;0;1;1;1;0;0;0;0;0;1;0;0;-38,516733;-3,797262;;;
261102;14;3;2015;18:28;0;RUA RAUL UCHOA;;;;;Atropelamento;Anoitecer;;;Meio de Quadra;;;0;1;1;0;0;0;0;0;0;1;0;0;;;;;
261108;14;3;2015;21:32;0;RUA MANUEL GALDINO;;;;;Colisão;;;;Meio de Quadra;;;0;1;1;0;0;0;0;0;0;1;0;0;;;;;
261109;14;3;2015;21:37;0;RUA PEDRO C SALES D71;;;;;Colisão;;;;Meio de Quadra;;;0;1;1;1;0;0;0;0;0;1;0;0;;;;;
261110;14;3;2015;22:16;0;RUA DELMIRO FARIAS;;;122;;Colisão;;;;Meio de Quadra;;;0;1;1;1;0;0;0;0;0;1;0;0;-38,541809;-3,755237;;;
261111;14;3;2015;22:28;0;AV I CJ JOSE WALTER;;;1210;;Colisão;;;;Meio de Quadra;;;0;1;1;0;0;0;0;0;0;0;0;0;-38,553613;-3,834653;;;
261112;14;3;2015;22:48;0;AV JOSE BASTOS;;;2329;;Colisão;;;;Meio de Quadra;;;0;1;1;0;0;0;0;0;0;0;0;0;;;;;
261113;14;3;2015;22:52;0;AV CEL CARVALHO;;;;;Colisão;;;;Meio de Quadra;;;0;1;1;1;0;0;0;0;0;1;0;0;;;;;
261104;14;3;2015;18:42;0;RUA EMILIO DE MENESES;;;;;Queda;;;;Meio de Quadra;;;0;1;0;0;0;0;0;0;0;1;0;0;-38,592312;-3,780373;;;
261105;14;3;2015;22:59;0;AV SANTOS DUMONT;;;;;Atropelamento;;;;Meio de Quadra;;;0;1;1;1;0;0;0;0;0;0;0;0;-38,486484;-3,740076;;;
261106;14;3;2015;20:33;0;AV ROGACIANO LEITE;;;;;Atropelamento;;;;Meio de Quadra;;;0;1;1;0;0;0;0;0;0;1;0;0;;;;;
265877;14;3;2015;10:25;0;RUA ESPLANADA DO MUCURIPE;;;284;;Atropelamento;Luz do Dia;;;Meio de Quadra;;;1;0;1;0;0;0;1;0;0;0;0;0;;;;;
261060;14;3;2015;02:29;0;AV MR HULL;;;;;Queda;;;;Meio de Quadra;;;0;1;0;0;0;0;0;0;0;1;0;0;-38,601531;-3,741131;;;
261061;14;3;2015;03:46;0;AV CEL CARVALHO;;;;;Colisão;;;;Meio de Quadra;;;0;1;1;1;0;0;0;0;0;1;0;0;-38,589612;-3,710798;;;
261067;14;3;2015;09:44;1574;RUA PDE VALDEVINO;RUA JOSE VILAR;;;;Colisão;Luz do Dia;;;Cruz;Semáforo;Comercial;0;1;1;1;0;1;0;0;0;0;0;0;-38,506779;-3,742300;;;
261063;14;3;2015;04:15;0;AV CASTELO DE CASTRO;;;;;Queda;;;;Meio de Quadra;;;0;1;0;0;0;0;0;0;0;1;0;0;-38,521521;-3,831817;;;
261064;14;3;2015;05:41;0;RUA TAQUARI;;;;;Capotamento;Amanhecer;;;Meio de Quadra;;;0;1;0;0;0;0;0;0;0;0;0;0;-38,585112;-3,780936;;;
261065;14;3;2015;07:41;581;AV PASTEUR;AV FRANCISCO SA;;;;Atropelamento;Luz do Dia;;;Cruz;;Comercial;0;1;1;0;0;0;0;0;0;1;0;0;-38,560567;-3,716325;;;
261069;14;3;2015;09:02;0;AV GAL OSORIO DE PAIVA;;;;;Atropelamento;Luz do Dia;;;Meio de Quadra;;;0;1;1;0;0;0;0;0;0;1;0;0;-38,593233;-3,795608;;;
261071;14;3;2015;10:40;0;AV GOV RAUL BARBOSA;;;;;Colisão;Luz do Dia;;;Meio de Quadra;;;0;1;1;1;0;0;0;0;0;1;0;0;;;;;
261072;14;3;2015;12:27;0;AV AUGUSTO DOS ANJOS;;;312;;Atropelamento;Luz do Dia;;;Meio de Quadra;;;0;1;1;1;0;0;0;0;0;0;0;0;-38,571692;-3,771877;;;
261073;14;3;2015;12:53;183;AV CEL CARVALHO;AV SGT HERMINIO SAMPAIO;;;;Queda;Luz do Dia;;;;;;0;1;0;0;0;0;0;0;0;1;0;0;-38,584591;-3,731488;;;
261074;14;3;2015;14:57;0;AV AUGUSTO DOS ANJOS;;;1659;;Colisão;Luz do Dia;;;Meio de Quadra;;;0;1;1;1;0;0;0;0;0;1;0;0;-38,579762;-3,780861;;;
261075;14;3;2015;15:16;0;RUA DOM JOSE LOURENCO  D27;;;;;Atropelamento;Luz do Dia;;;Meio de Quadra;;;0;1;1;1;0;0;0;0;0;0;0;0;-38,558142;-3,742474;;;
265232;14;3;2015;09:45;0;RUA ENF JOAQUIM PINTO;;;375;;Colisão;Luz do Dia;;;Meio de Quadra;;;0;0;2;0;0;0;0;0;0;0;0;0;;;;;
265227;14;3;2015;00:07;0;AV DR SILAS MUNGUBA;;;403;;Colisão;;;;Meio de Quadra;;;0;0;2;0;0;0;0;0;0;0;0;0;-38,561709;-3,777729;;;
265228;14;3;2015;03:15;0;RUA AMELIA BENEBIEN;;;230;;Choque c/ Obstáculo Fixo;;;;Meio de Quadra;;;0;0;1;0;0;0;0;0;0;0;0;0;;;;;
265229;14;3;2015;03:34;0;AV DA INDEPENDENCIA;;;2827;;Choque c/ Obstáculo Fixo;;;;Meio de Quadra;;;0;0;1;0;0;0;0;0;0;0;0;0;;;;;
265230;14;3;2015;10:29;0;AV HERACLITO GRACA;;;1610;;Colisão;Luz do Dia;;;Meio de Quadra;;;0;0;2;0;0;0;0;0;0;0;0;0;-38,510453;-3,738265;;;
265300;14;3;2015;11:51;4021;AV PRO GOMES DE MATOS;RUA DES PRAXEDES;;;;Colisão;Luz do Dia;;;Cruz;Semáforo;Comercial;0;0;2;0;0;0;0;0;0;0;0;0;-38,546229;-3,761872;;;
265301;14;3;2015;11:54;15975;AV GODOFREDO MACIEL;RUA CEL MANUEL ALBANO;;;;Colisão;Luz do Dia;;;Cruz;Pare;Comercial;0;0;2;0;0;0;0;0;0;0;0;0;-38,572780;-3,805644;;;
265302;14;3;2015;11:57;0;RUA PEDRO PEREIRA;;;683;;Colisão;Luz do Dia;;;Meio de Quadra;;;0;0;2;0;0;0;0;0;0;0;0;0;-38,531461;-3,728759;;;
265303;14;3;2015;13:54;10730;AV SEN FERNANDES TAVORA;RUA VITORIA (AV. PERIMETRAL);;;;Colisão;Luz do Dia;;;Cruz;Semáforo Intermitente;Comercial;0;0;2;0;0;0;0;0;0;0;0;0;-38,585903;-3,760193;;;
265304;14;3;2015;13:50;0;RUA MES ROSA;;;434;;Colisão;Luz do Dia;;;Meio de Quadra;;;0;0;2;0;0;0;0;0;0;0;0;0;;;;;
265305;14;3;2015;13:53;0;RUA POE MARIO LINHARES (J.WALTER);;;531;;Colisão;Luz do Dia;;;Meio de Quadra;;;0;0;2;0;0;0;0;0;0;0;0;0;;;;;
265306;14;3;2015;13:56;0;RUA BERNARDO MANUEL;;;9996;;Colisão;Luz do Dia;;;Meio de Quadra;;;0;0;2;0;0;0;0;0;0;0;0;0;-38,553639;-3,806151;;;
265307;14;3;2015;14:28;0;AV ABOLICAO;;;3395;;Colisão;Luz do Dia;;;Meio de Quadra;;;0;0;2;0;0;0;0;0;0;0;0;0;-38,489242;-3,726355;;;
265308;14;3;2015;14:58;0;RUA TEN BENEVOLO;;;;;Colisão;Luz do Dia;;;Meio de Quadra;;;0;0;2;0;0;0;0;0;0;0;0;0;;;;;
265309;14;3;2015;15:13;0;RUA JULIO VERNE;;;404;;Colisão;Luz do Dia;;;Meio de Quadra;;;0;0;2;0;0;0;0;0;0;0;0;0;-38,553078;-3,775348;;;
265310;14;3;2015;15:25;5466;RUA ROCHA LIMA;AV VIS RIO BRANCO;;;;Colisão;Luz do Dia;;;Rotatória;Semáforo;Misto;0;0;2;0;0;0;0;0;0;0;0;0;-38,524153;-3,735770;;;
265311;14;3;2015;17:06;15135;RUA FRANCISCO DIAS RIBEIRO;AV HIS RAIMUNDO GIRAO;;;;Colisão;Anoitecer;;;Cruz;Não Há Controle;Residencial;0;0;2;0;0;0;0;0;0;0;0;0;-38,504397;-3,724024;;;
265312;14;3;2015;18:35;0;RUA HIL MORAES;;;145;;Atropelamento;;;;Meio de Quadra;;;0;0;2;0;0;0;0;0;0;0;0;0;-38,474634;-3,772061;;;
265313;14;3;2015;19:09;0;RUA RIO GRANDE DO NORTE;;;;;Colisão;;;;Meio de Quadra;;;0;0;2;0;0;0;0;0;0;0;0;0;;;;;
265314;14;3;2015;21:44;0;RUA PEDRO CARDONIO UCHOA;;;341;;Colisão;;;;Meio de Quadra;;;0;0;2;0;0;0;0;0;0;0;0;0;;;;;
265315;14;3;2015;21:53;0;RUA ALAGOAS;;;1608;;Atropelamento;;;;Meio de Quadra;;;0;0;2;0;0;0;0;0;0;0;0;0;-38,571723;-3,758901;;;
265316;14;3;2015;22:18;12835;AV DOMINGOS OLIMPIO;RUA SOLON PINHEIRO;;;;Colisão;;;;Cruz;Semáforo;Comercial;0;0;2;0;0;0;0;0;0;0;0;0;-38,528650;-3,737409;;;
265317;14;3;2015;22:33;0;AV ANTONIO JUSTA;;;;;Choque c/ Obstáculo Fixo;;;;Meio de Quadra;;;0;0;1;0;0;0;0;0;0;0;0;0;;;;;
265318;14;3;2015;22:36;0;RUA TEODOMIRO DE CASTRO;;;;;Colisão;;;;Meio de Quadra;;;0;0;2;0;0;0;0;0;0;0;0;0;;;;;
265319;14;3;2015;23:23;25085;RUA OSCAR ARARIPE;RUA VIRGILIO NOGUEIRA PAES;;;;Colisão;;;;Cruz;Semáforo;Comercial;0;0;2;0;0;0;0;0;0;0;0;0;-38,608554;-3,788212;;;
265320;14;3;2015;23:41;0;RUA CHICO MENDES;;;170;;Colisão;;;;Meio de Quadra;;;0;0;2;0;0;0;0;0;0;0;0;0;;;;;
265321;14;3;2015;23:42;16057;AV GODOFREDO MACIEL;AV PRS COSTA E SILVA;;;;Colisão;;;;Cruz;Semáforo;Comercial;0;0;2;0;0;0;0;0;0;0;0;0;-38,574739;-3,811743;;;
259959;14;3;2015;02:48;0;RUA PDE BARBOSA DE JESUS;;;;;Colisão;;;;Meio de Quadra;;;0;0;2;1;0;0;0;0;0;0;0;0;;;;;
265322;15;3;2015;00:15;0;RUA IRINEU DE SOUZA;;;720;;Colisão;;;;Meio de Quadra;;;0;0;2;0;0;0;0;0;0;0;0;0;-38,572283;-3,709341;;;
265323;15;3;2015;00:40;0;RUA JOAQUIM NABUCO;;;1300;;Colisão;;;;Meio de Quadra;;;0;0;2;0;0;0;0;0;0;0;0;0;-38,501645;-3,736351;;;
265324;15;3;2015;03:48;0;AV PDE ANTONIO TOMAS;;;3155;;Choque c/ Obstáculo Fixo;;;;Meio de Quadra;;;0;0;1;0;0;0;0;0;0;0;0;0;-38,483499;-3,745408;;;
265325;15;3;2015;03:54;25231;AV I CJ JOSE WALTER;AV PRS COSTA E SILVA;;;;Colisão;;;;T;Não Há Controle;Residencial;0;0;2;0;0;0;0;0;0;0;0;0;-38,550232;-3,823494;;;
265326;15;3;2015;04:14;0;AV DR SILAS MUNGUBA;;;;;Choque c/ Obstáculo Fixo;;;;Meio de Quadra;;;0;0;1;0;0;0;0;0;0;0;0;0;;;;;
265327;15;3;2015;04:18;0;RUA TABATINGA;;;1985;;Choque c/ Obstáculo Fixo;;;;Meio de Quadra;;;0;0;1;0;0;0;0;0;0;0;0;0;;;;;
265328;15;3;2015;05:10;0;AV FRANCISCO SA;;;2880;;Choque c/ Obstáculo Fixo;Amanhecer;;;Meio de Quadra;;;0;0;1;0;0;0;0;0;0;0;0;0;-38,551297;-3,719418;;;
265329;15;3;2015;05:19;0;AV JOSE BASTOS;;;;;Colisão;Amanhecer;;;Meio de Quadra;;;0;0;2;0;0;0;0;0;0;0;0;0;;;;;
265330;15;3;2015;07:20;25049;AV PONTES VIEIRA;RUA CAP MELO;;;;Colisão;Luz do Dia;;;Cruz;Semáforo;Comercial;0;0;2;0;0;0;0;0;0;0;0;0;-38,513797;-3,752762;;;
265331;15;3;2015;08:28;19611;RUA NEREU RAMOS;AV GODOFREDO MACIEL;;;;Colisão;Luz do Dia;;;T;Semáforo;Residencial;0;0;2;0;0;0;0;0;0;0;0;0;-38,566802;-3,787250;;;
265332;15;3;2015;10:03;15292;AV ANTONIO JUSTA;RUA FRE MANSUETO;;;;Colisão;Luz do Dia;;;Cruz;Pare;Residencial;0;0;2;0;0;0;0;0;0;0;0;0;-38,488950;-3,729381;;;
265333;15;3;2015;10:45;3901;RUA JORGE DUMAR;AV EDUARDO GIRAO;;;;Colisão;Luz do Dia;;;Cruz;Semáforo;Comercial;0;0;2;0;0;0;0;0;0;0;0;0;-38,538695;-3,749691;;;
265334;15;3;2015;10:46;1480;RUA VICENTE LEITE;RUA EDUARDO GARCIA;;;;Colisão;Luz do Dia;;;Cruz;Pare;Residencial;0;0;2;0;0;0;0;0;0;0;0;0;-38,496056;-3,739155;;;
265335;15;3;2015;10:48;0;AV AUGUSTO DOS ANJOS;;;1711;;Colisão;Luz do Dia;;;Meio de Quadra;;;0;0;2;0;0;0;0;0;0;0;0;0;-38,579869;-3,780985;;;
265336;15;3;2015;11:11;0;AV CONTORNO NORTE D71;;;1671;;Colisão;Luz do Dia;;;Meio de Quadra;;;0;0;2;0;0;0;0;0;0;0;0;0;-38,590735;-3,810342;;;
265337;15;3;2015;11:17;0;AV CASTELO DE CASTRO;;;;;Colisão;Luz do Dia;;;Meio de Quadra;;;0;0;2;0;0;0;0;0;0;0;0;0;;;;;
265338;15;3;2015;11:22;0;AV DEP PAULINO ROCHA;;;;;Colisão;Luz do Dia;;;Meio de Quadra;;;0;0;2;0;0;0;0;0;0;0;0;0;;;;;
265339;15;3;2015;15:30;0;RUA REGINA DE FATIMA;;;3770;;Colisão;Luz do Dia;;;Meio de Quadra;;;0;0;2;0;0;0;0;0;0;0;0;0;;;;;
265340;15;3;2015;17:37;0;RUA FRANCISCO ROCHA;;;55;;Colisão;Anoitecer;;;Meio de Quadra;;;0;0;2;0;0;0;0;0;0;0;0;0;;;;;
265341;15;3;2015;18:09;0;RUA MANUEL SATIRO;;;;;Colisão;Anoitecer;;;Meio de Quadra;;;0;0;2;0;0;0;0;0;0;0;0;0;;;;;
265342;15;3;2015;19:33;0;RUA CON DE CASTRO;;;4533;;Colisão;;;;Meio de Quadra;;;0;0;2;0;0;0;0;0;0;0;0;0;-38,591779;-3,804867;;;
265343;15;3;2015;19:56;0;RUA JOAQUIM ALFREDO;;;179;;Colisão;;;;Meio de Quadra;;;0;0;2;0;0;0;0;0;0;0;0;0;-38,581183;-3,808797;;;
265344;15;3;2015;20:27;0;AV DA INDEPENDENCIA;;;2435;;Colisão;;;;Meio de Quadra;;;0;0;2;0;0;0;0;0;0;0;0;0;-38,601660;-3,723765;;;
265346;15;3;2015;20:30;25231;AV PRS COSTA E SILVA;AV I CJ JOSE WALTER;;;;Colisão;;;;T;Não Há Controle;Residencial;0;0;2;0;0;0;0;0;0;0;0;0;-38,550232;-3,823494;;;
265347;15;3;2015;21:46;0;AV CENTRAL CJ CEARA;;;;;Colisão;;;;Meio de Quadra;;;0;0;2;0;0;0;0;0;0;0;0;0;;;;;
265348;15;3;2015;21:50;14449;RUA DEMOCRITO ROCHA;RUA JOSE CANDIDO D08;;;;Queda;;;;Cruz;Pare;Residencial;0;0;1;0;0;0;0;0;0;1;0;0;-38,550628;-3,726149;;;
253063;15;3;2015;20:20;0;RD BR 116;;;3000;KM-03;Colisão Traseira;Luz do Dia;Bom;Seca;Meio de Quadra;Não Há Controle;Comercial;0;0;4;1;0;0;0;0;0;0;0;0;-38,514372;-3,779838;;;
261120;15;3;2015;01:06;0;RUA PDE MORORO;;;;;Queda;;;;Meio de Quadra;;;0;1;0;0;0;0;0;0;0;1;0;0;;;;;
261125;15;3;2015;04:25;0;AV CASTELO DE CASTRO;;;;;Colisão;;;;Meio de Quadra;;;0;1;1;1;0;0;0;0;0;1;0;0;;;;;
261122;15;3;2015;02:57;15293;RUA TEN BENEVOLO;AV BAR STUDART;;;;Colisão;;;;Cruz;Semáforo;Comercial;0;1;1;1;0;0;0;0;0;1;0;0;-38,504908;-3,729390;;;
261123;15;3;2015;02:57;0;AV DR SILAS MUNGUBA;;;;;Colisão;;;;Meio de Quadra;;;0;1;0;0;0;0;0;0;0;0;0;0;-38,550019;-3,786471;;;
261114;15;3;2015;00:26;0;AV GAL OSORIO DE PAIVA;;;;;Queda;;;;Meio de Quadra;;;0;1;0;0;0;0;0;0;0;1;0;0;-38,567927;-3,776529;;;
261115;15;3;2015;00:51;0;RUA NAPOLEAO QUEZADO;;;;;Queda;;;;Meio de Quadra;;;0;1;0;0;0;0;0;0;0;1;0;0;-38,565330;-3,778907;;;
261135;15;3;2015;06:43;0;RUA GUSTAVO SAMPAIO;;;;;Capotamento;Luz do Dia;;;Meio de Quadra;;;0;1;0;1;0;0;0;0;0;0;0;0;;;;;
261136;15;3;2015;07:06;25132;AV ODILON GUIMARAES;RUA VASCO DE ATAIDE;;;;Colisão;Luz do Dia;;;Cruz;Pare;Comercial;0;1;1;1;0;0;0;0;0;1;0;0;-38,479805;-3,826027;;;
261137;15;3;2015;18:13;17513;AV ABOLICAO;RUA PEDRO RUFINO D48;;;;Colisão;Anoitecer;;;;;;0;1;0;0;0;0;0;0;0;0;0;0;-38,487572;-3,726087;;;
261138;15;3;2015;17:22;0;RD BR 116;;;1000;KM-01;Atropelamento;Anoitecer;;;Meio de Quadra;;;0;1;1;1;0;0;0;0;0;0;0;0;-38,518702;-3,762554;;;
261139;15;3;2015;17:48;0;RUA SEN ROBERT KENNEDY;;;;;Colisão;Anoitecer;;;Meio de Quadra;;;0;1;0;0;0;0;0;0;0;0;0;0;-38,578116;-3,702165;;;
261140;15;3;2015;19:05;0;AV WASHINGTON SOARES;;;;;Colisão;;;;Meio de Quadra;;;0;1;0;0;0;0;0;0;0;0;0;0;-38,479234;-3,804425;;;
261141;15;3;2015;20:10;0;AV PERIMETRAL;;;;;Colisão;;;;Meio de Quadra;;;0;1;1;1;0;0;0;0;0;1;0;0;;;;;
261142;15;3;2015;20:30;0;RUA JULIO SILVA;;;;;Capotamento;;;;Meio de Quadra;;;0;1;0;1;0;0;0;0;0;0;0;0;;;;;
261131;15;3;2015;04:49;0;PRACINHA DO HENRIQUE JORGE;;;;;Colisão;;;;Meio de Quadra;;;0;1;1;1;0;0;0;0;0;1;0;0;;;;;
261144;15;3;2015;21:04;0;RUA 337 CONJUNTO CEARA;;;;;Colisão;;;;Meio de Quadra;;;0;1;1;1;0;0;0;0;0;1;0;0;;;;;