COD_ACIDENTE;DIA;MES;ANO;HORA;INTERSECAO;LOG1;LOG2;LOG3;NUMERO;REFERENCIA;NATUREZA;ILUMINACAO;TEMPO;SUPERFICIEPISTA;TIPOCRUZAMENTO;CONTROLETRAFEGO;USOSOLO;MORTOS;FERIDOS;ILESOS;AUTOMOVEL;ONIBUS;BICICLETA;CAMINHAO;MICROONIBUS;CICLOMOTOR;MOTOCICLETA;TRACAOANIMAL;TREM;LONG;LAT;;;
261147;15;3;2015;21:23;17464;AV BEIRA MAR;RUA BAUXITA;;;;Colisão;;;;T;Não Há Controle;Comercial;0;1;0;0;0;0;0;0;0;0;0;0;-38,481648;-3,722583;;;
261149;15;3;2015;22:32;0;RUA 406 CJ SAO CRISTOVAO;;;180;;Queda;;;;Meio de Quadra;;;0;1;0;0;0;0;0;0;0;1;0;0;;;;;
249603;15;3;2015;15:20;23804;AV GAL OSORIO DE PAIVA;RUA RAIMUNDO NERY;;;;Colisão Lateral;Luz do Dia;Bom;Seca;Cruz;Semáforo Intermitente;Misto;0;1;1;1;0;0;0;0;0;1;0;0;-38,588065;-3,790306;;;
249605;15;3;2015;06:10;5366;RUA SEN POMPEU;AV DUQ CAXIAS;;;;Capotamento;Luz do Dia;Bom;Seca;Cruz;Não Há Controle;Comercial;0;1;1;1;0;0;0;0;0;0;0;0;-38,530994;-3,731430;;;
249565;15;3;2015;06:30;5356;RUA GAL SAMPAIO;AV DUQ CAXIAS;;;;Colisão Frontal;Amanhecer;Bom;Seca;Cruz;Semáforo;Comercial;0;2;0;1;0;0;0;1;0;0;0;0;-38,532029;-3,731096;;;
249566;15;3;2015;15:30;0;RUA TORRES CAMARA;;;140;;Colisão Traseira;Luz do Dia;Bom;Seca;Meio de Quadra;Não Há Controle;Comercial;0;0;2;0;0;0;0;0;0;0;0;0;-38,509701;-3,734748;;;
249585;15;3;2015;04:20;5421;AV DUQ CAXIAS;AV VIS RIO BRANCO;;;;Colisão Transversal;Amanhecer;Bom;Seca;Cruz;Semáforo;Misto;0;1;1;1;0;0;0;0;0;0;0;0;-38,524603;-3,733481;;;
249577;15;3;2015;07:40;0;AV DR SILAS MUNGUBA;;;2616;;Choque c/ Obstáculo Fixo;Luz do Dia;Bom;Seca;Meio de Quadra;Não Há Controle;Comercial;0;2;0;0;1;0;0;0;0;1;0;0;-38,550091;-3,786436;;;
249580;15;3;2015;23:00;0;AV BORGES DE MELO;;;1653;;Choque c/ Obstáculo Fixo;Via Iluminada;Bom;Seca;Meio de Quadra;Semáforo;Comercial;0;2;1;0;0;0;0;0;0;0;0;0;-38,532721;-3,757649;;;
249581;15;3;2015;20:30;0;AV 13 DE MAIO;;;;;Colisão Traseira;Via Iluminada;Nublado;Seca;Meio de Quadra;Não Há Controle;Escola;0;0;2;1;0;0;0;0;0;0;0;0;;;;;
249582;15;3;2015;18:20;14607;RUA REPUBLICA ARMENIA;RUA MARIO LANZA;;;;Colisão Frontal;Via Iluminada;Bom;Seca;Cruz;Pare;Misto;0;1;1;1;0;0;0;0;0;1;0;0;-38,481251;-3,790793;;;
249583;15;3;2015;06:30;0;RUA HOLANDA;;;525;;Choque c/ Obstáculo Fixo;Luz do Dia;Bom;Seca;Meio de Quadra;;Misto;0;1;1;1;0;0;0;0;0;0;0;0;-38,563638;-3,795465;;;
249575;15;3;2015;14:30;1306;RUA TORRES CAMARA;RUA MON BRUNO;;;;Colisão Transversal;Luz do Dia;Bom;Seca;Cruz;Pare;Comercial;0;0;2;1;0;0;0;0;0;0;0;0;-38,510152;-3,734594;;;
249573;15;3;2015;;2451;AV PRS CASTELO BRANCO;RUA CESAR CORREIA;;;;Colisão Lateral;Mal Iluminada;Nublado;Seca;T;Não Há Controle;Residencial;0;0;2;1;0;0;0;0;0;0;0;0;-38,571621;-3,707235;;;
249571;15;3;2015;17:30;19542;AV GODOFREDO MACIEL;RUA BISMARK;;;;Colisão Transversal;Via Iluminada;Nublado;Seca;T;Pare;Misto;0;1;1;1;0;0;0;0;0;1;0;0;-38,565624;-3,782563;;;
249568;15;3;2015;20:20;15409;RUA HOMEM DE MELO;RUA FARIAS LEMOS;;;;Atropelamento;Via Iluminada;Bom;Seca;Cruz;Não Há Controle;Residencial;0;1;1;1;0;0;0;0;0;0;0;0;-38,493445;-3,815172;;;
249569;15;3;2015;14:00;0;AV GAL OSORIO DE PAIVA;;;;;Colisão Traseira;Luz do Dia;Bom;Seca;Meio de Quadra;Não Há Controle;Comercial;0;0;2;1;0;0;0;0;0;0;0;0;;;;;
249610;16;3;2015;11:00;11601;AV JOSE LEON;AV DES FAUSTINO ALBUQUERQUE;;;;Colisão Transversal;Luz do Dia;Bom;Seca;T;Pare;Comercial;0;0;2;1;1;0;0;0;0;0;0;0;-38,500137;-3,788245;;;
249608;16;3;2015;17:00;8936;AV DOMINGOS OLIMPIO;RUA PRC ISABEL;;;;Colisão Lateral;Luz do Dia;Bom;Seca;Cruz;Semáforo;Comercial;0;1;1;1;0;0;0;0;0;1;0;0;-38,537790;-3,734438;;;
249619;16;3;2015;16:00;12699;AV CEL CARVALHO;AV MAJ ASSIS;;;;Colisão Lateral;Luz do Dia;Bom;Seca;Cruz;Semáforo;Comercial;0;0;2;1;0;0;0;0;0;0;0;0;-38,586255;-3,723796;;;
249621;16;3;2015;08:30;12857;RUA FLORIANO PEIXOTO;RUA CARLOS GOMES;;;;Colisão Transversal;Luz do Dia;Bom;Seca;Cruz;Pare;Residencial;0;0;4;1;0;0;0;0;0;0;0;0;-38,531321;-3,739998;;;
249622;16;3;2015;09:30;5458;RUA BARBARA DE ALENCAR;RUA RODRIGUES JUNIOR;;;;Colisão Lateral Sentido Oposto;;Bom;Seca;Cruz;Pare;Comercial;0;0;2;1;0;0;0;0;0;1;0;0;-38,522156;-3,735343;;;
249642;16;3;2015;11:30;578;AV FRANCISCO SA;RUA ENG JOAO NOGUEIRA;;;;Colisão Lateral;;Nublado;Seca;Cruz;Pare;Comercial;0;1;1;1;0;0;0;0;0;1;0;0;-38,564050;-3,715147;;;
249639;16;3;2015;14:00;0;RUA MAJ FACUNDO;;;816;;Colisão Lateral;Luz do Dia;;;Meio de Quadra;;;0;1;1;1;0;0;0;0;0;0;0;0;-38,528643;-3,730048;;;
249634;16;3;2015;10:30;9240;RUA DEP OSWALDO STUDART;RUA MARIO MAMEDE;;;;Colisão Transversal;Luz do Dia;Nublado;Seca;Cruz;Semáforo;Residencial;0;0;2;1;1;0;0;0;0;0;0;0;-38,527367;-3,752752;;;
249635;16;3;2015;08:00;0;RUA EDUARDO BEZERRA;;;1024;;Colisão Traseira;Luz do Dia;Bom;Seca;Meio de Quadra;Não Há Controle;Residencial;0;0;2;1;0;0;0;0;0;0;0;0;-38,511253;-3,753604;;;
249636;16;3;2015;12:03;0;AV ENG ALBERTO SA;;;1256;;Colisão Lateral;Luz do Dia;Bom;Seca;Meio de Quadra;Não Há Controle;Misto;0;0;2;1;0;0;0;0;0;0;0;0;-38,471941;-3,735677;;;
249624;16;3;2015;;0;AV ODILON GUIMARAES;;;3400;;Colisão Traseira;Anoitecer;Bom;Seca;Meio de Quadra;Não Há Controle;Comercial;0;0;2;1;0;0;0;0;0;0;0;0;-38,470221;-3,816095;;;
249625;16;3;2015;19:50;0;AV PRS CASTELO BRANCO;;;4719;;Colisão Traseira;Via Iluminada;Bom;Seca;Meio de Quadra;Não Há Controle;Misto;0;1;1;1;0;0;0;0;0;1;0;0;-38,573861;-3,706407;;;
249626;16;3;2015;13:40;0;AV VICENTE DE CASTRO;;;;;Colisão Lateral;Luz do Dia;Bom;Seca;Meio de Quadra;Não Há Controle;Comercial;0;0;2;1;0;0;0;0;0;0;0;0;;;;;
249627;16;3;2015;15:00;24956;AV ALM HENRIQUE SABOIA;AV ENG ALBERTO SA;;;;Colisão Traseira;Luz do Dia;Bom;Seca;;Semáforo;Residencial;0;0;3;1;0;0;1;0;0;0;0;0;-38,482890;-3,732499;;;
249628;16;3;2015;00:30;10005;RUA TAQUARI;RUA DUAS NACOES;;;;Colisão Transversal;Via Iluminada;Nublado;Molhada;Cruz;Pare;Comercial;0;0;2;1;0;0;0;0;0;0;0;0;-38,601822;-3,776149;;;
249629;16;3;2015;05:30;11768;AV PRS CASTELO BRANCO;AV FILOMENO GOMES;;;;Colisão Transversal;Luz do Dia;Nublado;Seca;T;Semáforo;Comercial;0;1;1;1;0;0;0;0;0;1;0;0;-38,541982;-3,715542;;;
249630;16;3;2015;10:50;25662;AV PRS COSTA E SILVA;RUA MUCAMBINHO (MESSEJANA);;;;Colisão Traseira;Luz do Dia;Bom;Seca;T;Semáforo;Comercial;0;1;1;1;0;0;0;0;0;1;0;0;-38,507235;-3,830379;;;
249631;16;3;2015;12:30;24229;AV ENG ALBERTO SA;AV ENG SANTANA JUNIOR;;;;Colisão Transversal;Luz do Dia;Bom;Seca;Cruz;Semáforo;Comercial;0;1;1;0;0;0;0;0;0;1;0;0;-38,480624;-3,733357;;;
249632;16;3;2015;14:40;5352;AV DOM MANUEL;RUA PINTO MADEIRA;;;;Colisão Traseira;Luz do Dia;Bom;Seca;Cruz;Semáforo;Comercial;0;0;2;1;0;0;0;0;0;0;0;0;-38,521957;-3,730964;;;
249649;16;3;2015;07:50;19389;AV GAL OSORIO DE PAIVA;RUA PERDIGAO DE OLIVEIRA;;;;Colisão Lateral;Luz do Dia;Bom;Seca;Cruz;Semáforo;Misto;0;0;2;1;1;0;0;0;0;0;0;0;-38,570115;-3,777906;;;
249647;16;3;2015;15:00;0;RUA PRO EDGAR DE ARRUDA;;;1061;;Colisão Lateral;Luz do Dia;Bom;Seca;Meio de Quadra;Outros;Misto;0;0;2;1;0;0;0;0;0;0;0;0;-38,584498;-3,758390;;;
249645;16;3;2015;07:30;24820;AV MOZART PINHEIRO DE LUCENA;RUA CARLOS WALRAVEN;;;;Colisão Transversal;Luz do Dia;Bom;Seca;Cruz;Pare;Misto;0;1;1;1;0;0;0;0;0;1;0;0;-38,595801;-3,718701;;;
249652;16;3;2015;06:50;23804;AV GAL OSORIO DE PAIVA;RUA RAIMUNDO NERY;;;;Colisão Lateral;Luz do Dia;Bom;Seca;Cruz;Semáforo;Comercial;0;1;1;0;1;0;0;0;0;1;0;0;-38,588065;-3,790306;;;
249653;16;3;2015;06:30;15326;AV BAR STUDART;RUA PEREIRA FILGUEIRAS;;;;Colisão Transversal;Luz do Dia;Chuva;Molhada;Cruz;Semáforo Danificado;Comercial;0;0;2;1;0;0;0;0;0;0;0;0;-38,505361;-3,730810;;;
249654;16;3;2015;14:50;0;AV ENG HUMBERTO MONTE;;;637;;Colisão Traseira;Luz do Dia;Bom;Seca;Meio de Quadra;Não Há Controle;Residencial;0;0;2;1;0;0;0;0;0;0;0;0;-38,557641;-3,752612;;;
249655;16;3;2015;17:50;0;AV ANTONIO SALES;;;3525;;Colisão Traseira;Via Iluminada;Bom;Seca;Outros;Pare;Residencial;0;1;2;1;0;0;0;0;0;0;0;0;-38,490117;-3,749232;;;
249656;16;3;2015;20:30;0;RUA CEL MOZART GONDIM;;;1419;;Atropelamento;Via Iluminada;Bom;Seca;Meio de Quadra;Não Há Controle;Residencial;0;1;1;1;0;0;0;0;0;0;0;0;-38,559472;-3,732351;;;
258929;16;3;2015;08:40;0;AV SEN CARLOS JEREISSATI (AEROPORTO);;;;KM 01;Colisão;Luz do Dia;;Molhada;Meio de Quadra;;;0;0;2;1;0;0;0;0;0;1;0;0;-38,520356;-3,783803;;;
258935;16;3;2015;12:20;0;RD CE-025;;;;KM-01;Colisão;Luz do Dia;;Seca;Meio de Quadra;;;0;1;1;1;0;0;0;0;0;1;0;0;-38,470976;-3,807681;;;
258939;16;3;2015;16:00;0;AV SEN CARLOS JEREISSATI (AEROPORTO);;;;KM 03;Colisão;Luz do Dia;;Seca;Meio de Quadra;;;0;0;2;1;0;0;0;0;0;0;0;0;-38,541414;-3,780382;;;
259964;16;3;2015;12:52;4189;AV PRS CASTELO BRANCO;RUA FRANCISCO CORDEIRO;;;;Engavetamento;Luz do Dia;;;Cruz;Pare;Comercial;0;0;3;1;0;0;1;0;0;0;0;0;-38,550593;-3,713113;;;
259961;16;3;2015;10:26;0;RUA ILDEFONSO ALBANO;;;;;Colisão;Luz do Dia;;;Meio de Quadra;;;0;0;2;1;1;0;0;0;0;0;0;0;;;;;
257565;16;3;2015;10:20;15232;RUA SILVA PAULET;RUA DEP MOREIRA DA ROCHA;;;;Colisão;Luz do Dia;;;Cruz;Pare;Residencial;0;1;0;1;0;0;0;0;0;0;0;0;-38,503194;-3,727526;;;
261151;16;3;2015;22:32;0;RUA MARIA JULIA;;;;;Queda;;;;Meio de Quadra;;;0;1;0;0;0;0;0;0;0;1;0;0;-38,600242;-3,793515;;;
261155;16;3;2015;06:10;0;AV PERIMETRAL;;;;;Colisão;Luz do Dia;;;Meio de Quadra;;;0;1;0;0;0;0;0;0;0;0;0;0;;;;;
261153;16;3;2015;02:00;0;RUA BERNARDO MANUEL;;;8801;;Colisão;;;;Meio de Quadra;;;0;1;1;0;0;0;0;0;0;0;0;0;-38,550776;-3,796602;;;
261159;16;3;2015;07:40;0;AV CEL CARVALHO;;;;;Colisão;Luz do Dia;;;Meio de Quadra;;;0;1;1;1;0;0;0;0;0;1;0;0;-38,588811;-3,713935;;;
261164;16;3;2015;08:34;0;RUA EMILIO DE MENESES;;;;;Atropelamento;Luz do Dia;;;Meio de Quadra;;;0;1;1;0;0;0;0;0;0;1;0;0;-38,587630;-3,781687;;;
258695;16;3;2015;06:45;0;RD BR 222;;;;KM-02;Colisão Transversal;Luz do Dia;Nublado;Molhada;Meio de Quadra;Não Há Controle;Comercial;0;0;2;1;0;0;0;1;0;0;0;0;-38,586880;-3,738951;;;
258649;16;3;2015;07:35;0;RD BR 116;;;6000;KM-06;Colisão Lateral;Luz do Dia;Bom;Seca;Meio de Quadra;Não Há Controle;Comercial;0;0;2;1;0;0;1;0;0;0;0;0;-38,503053;-3,804691;;;
261170;16;3;2015;14:48;0;AV DUQ CAXIAS;;;;;Atropelamento;Luz do Dia;;;Meio de Quadra;;;0;1;1;0;0;0;0;0;0;0;0;0;-38,538474;-3,729008;;;
261171;16;3;2015;14:47;0;RUA ANTONIO AUGUSTO;AV MON TABOSA;;;;Colisão;Luz do Dia;;;;;;0;1;1;1;0;0;0;0;0;1;0;0;;;;;
261172;16;3;2015;16:31;0;AV JOSE BASTOS;;;;;Colisão;Luz do Dia;;;Meio de Quadra;;;0;1;1;1;0;0;0;0;0;1;0;0;-38,565936;-3,762820;;;
261173;16;3;2015;17:11;0;AV LINEU MACHADO;;;;;Atropelamento;Anoitecer;;;Meio de Quadra;;;0;1;1;1;0;0;0;0;0;0;0;0;-38,578584;-3,769107;;;
261174;16;3;2015;17:50;0;AV PRS CASTELO BRANCO;;;;;Colisão;Anoitecer;;;Meio de Quadra;;;0;1;1;1;0;0;0;0;0;1;0;0;-38,563623;-3,710018;;;
261167;16;3;2015;11:31;7358;RUA TARCISIO PEIXOTO;RUA COS ARAUJO LIMA;;;;Colisão;Luz do Dia;;;Cruz;Pare;Residencial;0;1;1;1;0;0;0;0;0;1;0;0;-38,587451;-3,751437;;;
261168;16;3;2015;04:17;0;RD BR 116;;;9000;KM-09;Colisão;;;;Meio de Quadra;;;0;1;1;1;0;0;0;0;0;1;0;0;-38,504865;-3,830837;;;
258655;16;3;2015;13:30;0;RD BR 116;;;9000;KM-09;Colisão Lateral;Luz do Dia;Bom;Seca;Meio de Quadra;Não Há Controle;Comercial;0;1;1;0;0;0;0;0;0;1;0;0;-38,504865;-3,830837;;;
258656;16;3;2015;17:30;0;RD BR 116;;;12000;KM-12;Colisão Lateral;Anoitecer;Nublado;Seca;Meio de Quadra;Não Há Controle;Comercial;0;0;2;0;0;0;0;0;0;0;0;0;-38,496066;-3,855740;;;
265350;16;3;2015;02:08;0;RUA 1018 CJ CEARA;;;121;;Choque c/ Obstáculo Fixo;;;;Meio de Quadra;;;0;0;1;0;0;0;0;0;0;0;0;0;-38,616608;-3,770297;;;
265352;16;3;2015;10:59;24969;AV PDE ANTONIO TOMAS;AV ALM HENRIQUE SABOIA;;;;Colisão;Luz do Dia;;;Cruz;Semáforo;Misto;0;0;2;0;0;0;0;0;0;0;0;0;-38,489455;-3,743493;;;
265353;16;3;2015;13:46;0;RUA JOAO BRIGIDO;;;;;Colisão;Luz do Dia;;;Meio de Quadra;;;0;0;2;0;0;0;0;0;0;0;0;0;;;;;
265356;17;3;2015;07:09;23371;RUA EDUARDO BEZERRA;RUA FRE VIDAL;;;;Colisão;Luz do Dia;;;Cruz;Pare;Residencial;0;0;2;0;0;0;0;0;0;0;0;0;-38,518044;-3,754266;;;
265357;17;3;2015;07:33;6425;AV G CJ CEARA;AV B CJ CEARA;;;;Atropelamento;Luz do Dia;;;T;Pare;Residencial;0;0;2;0;0;0;0;0;0;0;0;0;-38,611556;-3,772599;;;
265358;17;3;2015;09:13;25780;AV GAL OSORIO DE PAIVA;RUA ENG LUIS MONTENEGRO;;;;Colisão;Luz do Dia;;;;;;0;0;2;0;0;0;0;0;0;0;0;0;;;;;
265361;17;3;2015;09:47;5112;RUA BAR RIO BRANCO;RUA CASTRO E SILVA;;;;Colisão;Luz do Dia;;;Cruz;Semáforo;Comercial;0;0;2;0;0;0;0;0;0;0;0;0;-38,527429;-3,723847;;;
265366;17;3;2015;11:45;0;RUA BARRA VERMELHA;;;2355;;Colisão;Luz do Dia;;;Meio de Quadra;;;0;0;2;0;0;0;0;0;0;0;0;0;;;;;
265367;17;3;2015;12:35;25334;AV D CJ CEARA;AV B CJ CEARA;;;;Colisão;Luz do Dia;;;T;Pare;Misto;0;0;2;0;0;0;0;0;0;0;0;0;-38,602328;-3,763611;;;
265368;17;3;2015;12:56;0;RUA MOURA MATOS;;;;;Colisão;Luz do Dia;;;Meio de Quadra;;;0;0;2;0;0;0;0;0;0;0;0;0;;;;;
265369;17;3;2015;13:39;0;LOGRADOURO SEM NOME;;;1500;;Atropelamento;Luz do Dia;;;Meio de Quadra;;;0;0;2;0;0;0;0;0;0;0;0;0;;;;;
265370;17;3;2015;14:43;0;AV PRS COSTA E SILVA;;;5572;;Atropelamento;Luz do Dia;;;Meio de Quadra;;;0;0;2;0;0;0;0;0;0;0;0;0;;;;;
265371;17;3;2015;15:48;0;AV FRANCISCO SA;;;5607;;Colisão;Luz do Dia;;;Meio de Quadra;;;0;0;2;0;0;0;0;0;0;0;0;0;-38,575498;-3,711230;;;
265372;17;3;2015;16:05;13463;AV RUI BARBOSA;RUA TOMAS ACIOLI;;;;Colisão;Luz do Dia;;;Cruz;Pare;Rural;0;0;2;0;0;0;0;0;0;0;0;0;-38,512063;-3,744140;;;
265373;17;3;2015;22:33;25111;RUA DEMETRIO MENEZES;RUA GAL GOIS MONTEIRO;;;;Colisão;;;;Cruz;Pare;Comercial;0;0;2;0;0;0;0;0;0;0;0;0;-38,584238;-3,734527;;;
265363;17;3;2015;10:18;5310;RUA PEDRO PEREIRA;RUA MAJ FACUNDO;;;;Colisão;Luz do Dia;;;Cruz;Semáforo;Comercial;0;0;2;0;0;0;0;0;0;0;0;0;-38,528531;-3,729683;;;
258657;17;3;2015;07:20;0;RD BR 116;;;4000;KM-04;Colisão Lateral;Luz do Dia;Bom;Seca;Meio de Quadra;Não Há Controle;Comercial;0;0;2;0;1;0;0;0;0;0;0;0;-38,510646;-3,788331;;;
261191;17;3;2015;20:42;0;RUA VITAL BRASIL;;;;;Colisão;Luz do Dia;;;Meio de Quadra;;;0;1;0;0;0;0;0;0;0;0;0;0;-38,593884;-3,779174;;;
261192;17;3;2015;21:45;24903;AV MOZART PINHEIRO DE LUCENA;RUA PEDRO SAMPAIO;;;;Atropelamento;;;;Cruz;Pare;Residencial;0;1;1;0;0;0;0;0;0;1;0;0;-38,597226;-3,723515;;;
261193;17;3;2015;21:51;0;RUA JOSE BONFIM JUNIOR;;;;;Colisão;;;;Meio de Quadra;;;0;1;1;1;0;0;0;0;0;1;0;0;;;;;
261196;17;3;2015;22:23;0;AV CEL CARVALHO;;;;;Colisão;;;;Meio de Quadra;;;0;1;1;0;0;0;0;0;0;1;0;0;;;;;
261175;17;3;2015;07:16;0;AV ENG HUMBERTO MONTE;;;;;Colisão;Luz do Dia;;;Meio de Quadra;;;0;1;1;1;0;0;0;0;0;1;0;0;-38,559699;-3,750147;;;
261187;17;3;2015;11:52;0;RUA TEODOMIRO DE CASTRO;;;;;Colisão;Luz do Dia;;;Meio de Quadra;;;0;1;1;1;0;0;0;0;0;1;0;0;-38,573285;-3,718247;;;
261188;17;3;2015;08:26;16057;AV GODOFREDO MACIEL;AV PRS COSTA E SILVA;;;;Colisão;Luz do Dia;;;Cruz;Semáforo;Comercial;0;1;1;0;0;0;1;0;0;1;0;0;-38,574739;-3,811743;;;
261177;17;3;2015;07:36;0;AV D CJ JOSE WALTER;;;;;Queda;Luz do Dia;;;Meio de Quadra;;;0;1;0;0;0;0;0;0;0;1;0;0;;;;;
261178;17;3;2015;07:40;0;RUA PRO HERIBALDO COSTA;;;;;Colisão;Luz do Dia;;;Meio de Quadra;;;0;1;1;1;0;0;0;0;0;1;0;0;;;;;
261179;17;3;2015;10:15;0;AV WASHINGTON SOARES;;;;;Colisão;Luz do Dia;;;Meio de Quadra;;;0;1;1;0;0;0;0;0;0;1;0;0;;;;;
261180;17;3;2015;11:06;0;RUA CASTRO E SILVA;;;;;Atropelamento;Luz do Dia;;;Meio de Quadra;;;0;1;1;0;0;0;0;0;0;1;0;0;;;;;
261181;17;3;2015;11:14;24988;RUA FRE MANSUETO;RUA TAVARES COUTINHO;;;;Colisão;Luz do Dia;;;Cruz;Semáforo Intermitente;Comercial;0;1;1;1;0;0;0;0;0;1;0;0;-38,488784;-3,732638;;;
249692;17;3;2015;12:00;15290;RUA JOAQUIM NABUCO;RUA CANUTO DE AGUIAR;;;;Colisão Transversal;Luz do Dia;Bom;Seca;Cruz;Pare;Residencial;0;0;2;1;0;0;0;0;0;0;0;0;-38,499390;-3,729360;;;
249694;17;3;2015;14:00;0;RUA ERICO MOTA;;;;;Colisão Traseira;Luz do Dia;Bom;Seca;Meio de Quadra;Não Há Controle;Residencial;0;0;2;1;0;0;0;0;0;0;0;0;;;;;
249697;17;3;2015;14:40;17336;RUA CEL ALEXANDRINO;RUA EUZEBIO DE QUEIROS;;;;;Luz do Dia;;;Cruz;Pare;Comercial;0;1;1;1;0;1;0;0;0;0;0;0;-38,552586;-3,765196;;;
249698;17;3;2015;14:20;0;AV SGT HERMINIO SAMPAIO;;;3615;;Colisão Traseira;Luz do Dia;Bom;Seca;Meio de Quadra;;Comercial;0;0;2;1;0;0;0;0;0;0;0;0;-38,572804;-3,728968;;;
249702;17;3;2015;16:15;0;AV PRS COSTA E SILVA;;;135;;Colisão Traseira;Luz do Dia;Bom;Seca;Meio de Quadra;Não Há Controle;Residencial;0;1;1;0;0;0;1;0;0;1;0;0;;;;;
249703;17;3;2015;16:30;0;RUA FRANCISCO LEANDRO;;;270;;Colisão Lateral;Luz do Dia;Bom;Seca;Meio de Quadra;Semáforo;Misto;0;0;3;1;0;0;0;0;0;1;0;0;-38,481523;-3,822534;;;
249704;17;3;2015;07:30;8009;RUA CARLOS CAMARA;RUA DELMIRO FARIAS;;;;Colisão;Luz do Dia;Bom;Seca;Cruz;Pare;Comercial;0;0;2;1;0;0;0;1;0;0;0;0;-38,546680;-3,751026;;;
249706;17;3;2015;13:15;5177;RUA SAO PAULO;RUA SEN POMPEU;;;;Colisão Transversal;Luz do Dia;Bom;Seca;Cruz;Semáforo;Comercial;0;1;1;1;0;0;0;0;0;0;0;0;-38,529196;-3,725486;;;
249707;17;3;2015;18:30;0;RUA MON CATAO;;;175;;Outros;Via Iluminada;Bom;Seca;Meio de Quadra;Não Há Controle;Residencial;0;0;2;1;0;0;0;0;0;0;0;0;-38,489904;-3,736693;;;
249700;17;3;2015;14:00;0;AV PRS COSTA E SILVA;;;568;;Colisão Lateral;Luz do Dia;Bom;Seca;Meio de Quadra;Semáforo;Comercial;0;1;1;0;0;0;1;0;0;1;0;0;-38,574488;-3,811852;;;
260043;17;3;2015;08:08;0;AV ALBERTO CRAVEIRO;;;;;Colisão;Luz do Dia;;;Meio de Quadra;;;0;0;2;1;0;0;1;0;0;0;0;0;;;;;
260045;17;3;2015;10:56;0;RUA SILVINHA TELES D69;;;41;;Colisão;Luz do Dia;;;Meio de Quadra;;;0;0;2;1;1;0;0;0;0;0;0;0;-38,523508;-3,851024;;;
260058;17;3;2015;19:20;21294;RUA STA INES D20;RUA STA ROSA D20/21 (JACARECANGA);;;;Colisão;;;;;;;0;0;2;1;0;0;0;0;0;0;0;0;-38,552888;-3,709848;;;
260040;17;3;2015;09:36;0;RUA JOAO ARARIPE;;;300;;Colisão;Luz do Dia;;;Meio de Quadra;;;0;0;2;1;0;0;0;0;0;0;0;0;-38,533202;-3,761010;;;
260041;17;3;2015;07:41;3576;RUA MAXIMINO BARRETO;RUA MARIA PERDIGAO;;;;Colisão;Luz do Dia;;;;;;0;0;2;1;1;0;0;0;0;0;0;0;-38,508222;-3,824761;;;
264953;17;3;2015;17:26;6898;RUA BRUMADO;RUA MAGNA;;;;Colisão;Anoitecer;;;Cruz;Não Há Controle;Residencial;0;0;2;0;0;0;0;0;0;0;0;0;-38,596127;-3,811998;;;
249661;17;3;2015;12:15;15350;AV DES MOREIRA;RUA PEREIRA VALENTE;;;;Colisão Lateral;Luz do Dia;Bom;Seca;Cruz;Semáforo;Comercial;0;0;2;1;0;0;0;0;0;0;0;0;-38,497076;-3,732253;;;
249662;17;3;2015;17:40;12812;RUA DAMASCENO GIRAO;AV PRO GOMES DE MATOS;;;;Colisão Lateral;Anoitecer;Bom;Seca;Cruz;Não Há Controle;Comercial;0;0;2;1;0;0;0;0;0;0;0;0;-38,540496;-3,755183;;;
249663;17;3;2015;15:15;0;AV ALM MAXIMIANO DA FONSECA;;;1918;;Colisão Lateral;Luz do Dia;Bom;Seca;Meio de Quadra;Não Há Controle;Residencial;0;1;1;1;0;0;0;0;0;1;0;0;-38,487054;-3,771007;;;
249666;17;3;2015;07:37;0;AV ENG HUMBERTO MONTE;;;1017;;Colisão Traseira;Luz do Dia;Bom;Seca;Meio de Quadra;Não Há Controle;Comercial;0;0;2;1;0;0;0;0;0;0;0;0;-38,559772;-3,750060;;;
249667;17;3;2015;15:20;15301;RUA SILVA PAULET;RUA TEN BENEVOLO;;;;Colisão Transversal;Luz do Dia;Bom;Seca;Cruz;Pare;Residencial;0;0;2;1;0;0;0;0;0;0;0;0;-38,503888;-3,729724;;;
249668;17;3;2015;11:40;1519;RUA CARLOS VASCONCELOS;RUA PDE VALDEVINO;;;;Colisão Transversal;Luz do Dia;Bom;Seca;Cruz;Semáforo;Comercial;0;0;2;1;0;0;0;0;0;0;0;0;-38,513190;-3,740277;;;
249669;17;3;2015;;14138;AV CURIO;RUA JOSE BONFIM JUNIOR;;;;Colisão Transversal;Via Iluminada;Bom;Seca;Cruz;Pare;Residencial;0;1;1;1;0;0;0;0;0;1;0;0;;;;;
249658;17;3;2015;22:10;0;RUA DEMETRIO MENEZES;;;3548;;Queda;Via Iluminada;Bom;Seca;Meio de Quadra;Semáforo;Comercial;0;1;1;0;0;0;0;0;0;1;0;0;-38,584248;-3,734445;;;