COD_ACIDENTE;DIA;MES;ANO;HORA;INTERSECAO;LOG1;LOG2;LOG3;NUMERO;REFERENCIA;NATUREZA;ILUMINACAO;TEMPO;SUPERFICIEPISTA;TIPOCRUZAMENTO;CONTROLETRAFEGO;USOSOLO;MORTOS;FERIDOS;ILESOS;AUTOMOVEL;ONIBUS;BICICLETA;CAMINHAO;MICROONIBUS;CICLOMOTOR;MOTOCICLETA;TRACAOANIMAL;TREM;LONG;LAT;;;
249659;17;3;2015;14:33;1273;AV SANTOS DUMONT;RUA DR JOSE LOURENCO;;;;Colisão Lateral;Luz do Dia;Bom;Seca;Cruz;Pare;Comercial;0;1;1;1;0;0;0;0;0;1;0;0;-38,507380;-3,733299;;;
249670;18;3;2015;15:00;1534;RUA MON CATAO;RUA EDUARDO GARCIA;;;;Colisão Transversal;Luz do Dia;;;Cruz;Pare;Residencial;0;0;2;1;0;0;0;0;0;0;0;0;-38,491196;-3,740726;;;
249671;18;3;2015;16:30;20042;AV DEP PAULINO ROCHA;AV PRS JUSCELINO KUBITSCHEK (PASSARÉ);;;;Colisão Transversal;Luz do Dia;Bom;Seca;Rotatória;Dê Preferência;Residencial;0;0;2;1;1;0;0;0;0;0;0;0;-38,524782;-3,807229;;;
249672;18;3;2015;11:20;12837;AV DOMINGOS OLIMPIO;RUA JAIME BENEVOLO;;;;Colisão Traseira;Luz do Dia;Bom;Seca;Cruz;Semáforo;Comercial;0;0;2;1;0;0;0;0;0;0;0;0;-38,527245;-3,737780;;;
249673;18;3;2015;14:02;7760;AV ANTONIO SALES;RUA SILVA PAULET;;;;Colisão Transversal;Luz do Dia;Bom;Seca;Cruz;Pare;Comercial;0;1;1;1;0;0;0;0;0;1;0;0;-38,508383;-3,743595;;;
249674;18;3;2015;09:20;5293;RUA PEDRO PEREIRA;RUA SEN POMPEU;;;;;Luz do Dia;Bom;Seca;Cruz;Semáforo;Comercial;0;0;2;1;0;0;0;0;0;0;0;0;-38,530289;-3,729114;;;
249675;18;3;2015;22:20;0;RUA VITORIA (AV. PERIMETRAL);;;540;;Colisão Lateral;;Bom;Seca;Meio de Quadra;;Comercial;0;2;0;0;0;0;0;0;0;1;0;0;;;;;
249676;18;3;2015;08:10;0;AV ALBERTO NEPOMUCENO;;;;;Colisão Transversal;Luz do Dia;Bom;Seca;Meio de Quadra;Pare;Comercial;0;1;1;1;0;0;0;0;0;1;0;0;;;;;
249677;18;3;2015;;0;AV GOV RAUL BARBOSA;;;7142;;Colisão Traseira;Luz do Dia;Bom;Seca;Meio de Quadra;Semáforo;Residencial;0;0;2;1;0;0;1;0;0;0;0;0;-38,512979;-3,775148;;;
249678;18;3;2015;08:45;0;RUA PRO DIAS DA ROCHA;;;1286;;Colisão Lateral;Luz do Dia;Bom;Seca;Meio de Quadra;Outros;Residencial;0;0;2;1;0;0;0;0;0;0;0;0;;;;;
249679;18;3;2015;08:03;0;AV PRS CASTELO BRANCO;;;2385;;Colisão Transversal;Luz do Dia;Bom;Seca;Meio de Quadra;Não Há Controle;Comercial;0;0;2;0;0;0;0;0;0;0;0;0;-38,549247;-3,713516;;;
249680;18;3;2015;14:45;13408;AV ANTONIO SALES;RUA BAR ARACATI;;;;Colisão Transversal;Luz do Dia;Bom;Seca;Cruz;Pare;Comercial;0;2;1;1;0;0;0;0;0;1;0;0;-38,514894;-3,741563;;;
249681;18;3;2015;06:00;0;AV PRS COSTA E SILVA;;;1001;;Colisão Lateral;Luz do Dia;Bom;Seca;Meio de Quadra;Outros;Residencial;0;0;2;1;1;0;0;0;0;0;0;0;-38,570407;-3,813270;;;
249682;18;3;2015;13:10;0;RUA BENI DE CARVALHO;;;228;;Colisão Traseira;Luz do Dia;Bom;Seca;Meio de Quadra;Não Há Controle;Misto;0;0;3;1;0;0;0;0;0;0;0;0;-38,498414;-3,744901;;;
249683;18;3;2015;21:30;5721;RUA CHICO LEMOS;RUA JOAO LEONEL;;;;Colisão Transversal;Via Iluminada;Bom;Seca;Cruz;Pare;Residencial;0;0;2;1;0;0;0;0;0;0;0;0;-38,495493;-3,799414;;;
249684;18;3;2015;08:50;15347;AV DOM LUIS;RUA TIBURCIO CAVALCANTE;;;;Colisão Lateral;Luz do Dia;Bom;Seca;T;Semáforo;Misto;0;0;2;0;1;0;0;0;0;0;0;0;-38,501313;-3,732021;;;
249664;18;3;2015;20:10;7850;RUA CEL ALVES TEIXEIRA;RUA JOSE VILAR;;;;Colisão Lateral;Via Iluminada;Bom;Seca;Cruz;Pare;Residencial;0;1;2;1;0;0;0;0;0;0;0;0;-38,508198;-3,746707;;;
258940;18;3;2015;10:10;0;RD CE-040;;;;KM-06;Colisão;Luz do Dia;Bom;Seca;Meio de Quadra;;;0;0;2;0;0;0;0;0;0;1;0;0;-38,478781;-3,811270;;;
258942;18;3;2015;11:40;0;AV SEN CARLOS JEREISSATI (AEROPORTO);;;;KM 03;Colisão;Luz do Dia;Bom;Seca;Meio de Quadra;;;0;0;2;1;0;0;0;0;0;1;0;0;-38,541414;-3,780382;;;
258947;18;3;2015;18:20;0;RD CE-040;;;;KM-02;Colisão;Luz do Dia;Bom;Seca;Meio de Quadra;;;0;0;2;1;0;0;1;0;0;0;0;0;-38,481598;-3,776479;;;
258944;18;3;2015;12:45;0;RD CE-040;;;;KM-07;Colisão;Luz do Dia;Bom;Seca;Meio de Quadra;;;0;0;2;1;0;0;0;0;0;0;0;0;-38,483160;-3,817953;;;
260061;18;3;2015;13:35;0;AV ANTONIO SALES;;;;;Colisão;Luz do Dia;;;Meio de Quadra;;;0;0;3;1;0;0;0;0;0;0;0;0;;;;;
249701;18;3;2015;08:10;0;RUA JULIO VERNE;;;211;;Colisão Lateral;Anoitecer;Bom;Seca;Meio de Quadra;Não Há Controle;Residencial;0;1;2;1;0;0;0;0;0;1;0;0;-38,551593;-3,775876;;;
249712;18;3;2015;13:10;0;RUA NEREIDE;;;469;;Atropelamento;Luz do Dia;Bom;Seca;Meio de Quadra;Outros;Residencial;0;2;0;1;0;0;0;0;0;0;0;0;;;;;
249715;18;3;2015;08:30;0;RUA PORTO VELHO;;;;;Colisão Lateral;Luz do Dia;Bom;Seca;Meio de Quadra;Pare;Residencial;0;1;1;1;0;0;0;0;0;1;0;0;;;;;
249716;18;3;2015;06:55;12379;RUA ALUISIO AZEVEDO;RUA AGUAPE;;;;Colisão Transversal;Luz do Dia;Bom;Seca;Cruz;Pare;Residencial;0;0;2;1;0;0;0;0;0;0;0;0;-38,574238;-3,772843;;;
249718;18;3;2015;06:30;12457;RUA PRO GOMES BRASIL;AV AUGUSTO DOS ANJOS;;;;Colisão Lateral;Luz do Dia;Bom;Seca;Cruz;Semáforo;Misto;0;0;2;1;0;0;0;0;0;1;0;0;-38,570427;-3,770153;;;
249719;18;3;2015;11:00;0;RUA ILDEFONSO ALBANO;;;1902;;Colisão Traseira;Luz do Dia;Bom;Seca;Meio de Quadra;Não Há Controle;Comercial;0;0;2;1;0;0;0;0;0;0;0;0;;;;;
249705;18;3;2015;14:00;0;AV PRS CASTELO BRANCO;;;2232;;Colisão Traseira;Luz do Dia;Bom;Seca;Meio de Quadra;Não Há Controle;Residencial;0;0;3;1;0;0;0;0;0;0;0;0;-38,547913;-3,713932;;;
249699;18;3;2015;14:45;0;RUA TEREZA CRISTINA;;;1189;;Colisão Lateral;Luz do Dia;Bom;Seca;;;;0;0;2;1;0;0;0;1;0;0;0;0;-38,537939;-3,730962;;;
249691;18;3;2015;21:15;5112;RUA CASTRO E SILVA;RUA BAR RIO BRANCO;;;;Colisão Transversal;;Bom;Seca;Cruz;Semáforo;Comercial;0;0;2;0;1;0;0;0;0;0;0;0;-38,527429;-3,723847;;;
249688;18;3;2015;15:40;5418;RUA GAL CLARINDO DE QUEIROZ;RUA ASSUNCAO;;;;Colisão Transversal;Via Iluminada;Bom;Seca;Cruz;Pare;Comercial;0;2;1;1;0;0;0;0;0;1;0;0;-38,528262;-3,733329;;;
249686;18;3;2015;15:30;5463;RUA DNA LEOPOLDINA;RUA BARBARA DE ALENCAR;;;;Colisão Transversal;Luz do Dia;Bom;Seca;Cruz;Pare;Residencial;0;0;2;1;0;0;0;0;0;0;0;0;-38,521102;-3,735695;;;
249725;18;3;2015;13:50;22124;RUA MAJ PEDRO SAMPAIO;RUA PRO COSTA MENDES;;;;Colisão Transversal;;Bom;Seca;Cruz;Pare;Residencial;0;0;2;1;0;0;0;0;0;0;0;0;-38,554665;-3,747674;;;
249726;18;3;2015;15:30;0;AV SORIANO ALBUQUERQUE;;;565;;Colisão Lateral;Luz do Dia;Bom;Seca;;;;0;0;2;1;0;0;0;0;0;0;0;0;;;;;
249727;18;3;2015;12:15;22080;RUA TAVARES IRACEMA;RUA CAP FRANCISCO PEDRO;;;;Colisão Transversal;;Bom;Seca;Cruz;;Residencial;0;0;2;1;0;0;0;0;0;0;0;0;-38,553188;-3,751952;;;
249728;18;3;2015;09:00;15238;RUA BAR ARACATI;RUA TEN BENEVOLO;;;;Colisão Transversal;Luz do Dia;Bom;Seca;Cruz;Pare;Residencial;0;1;1;1;0;0;0;0;0;1;0;0;-38,510266;-3,727628;;;
249721;18;3;2015;09:40;0;RUA PRO COSTA MENDES;;;1741;;Atropelamento;Luz do Dia;Bom;Seca;Meio de Quadra;Outros;Residencial;0;1;1;0;0;0;0;0;0;1;0;0;-38,553708;-3,748541;;;
249723;18;3;2015;07:00;1746;RUA DJALMA PETIT;RUA PILOTO D46;;;;Colisão Transversal;Luz do Dia;Bom;Seca;Cruz;Pare;Comercial;0;1;1;1;0;0;0;0;0;1;0;0;-38,510504;-3,765136;;;
253069;18;3;2015;17:30;0;RD BR 116;;;4000;KM-04;Colisão Traseira;Anoitecer;Bom;Seca;Meio de Quadra;Não Há Controle;Comercial;0;0;3;1;0;0;0;0;0;0;0;0;-38,510646;-3,788331;;;
265906;18;3;2015;07:20;0;RUA TRES MARIAS D39 (MONTESE);;;885;;Atropelamento;Luz do Dia;;;Meio de Quadra;;;1;0;0;1;0;0;0;0;0;0;0;0;;;;;
266003;18;3;2015;23:30;7907;AV PONTES VIEIRA;RUA VICENTE LEITE;;;;Atropelamento;;;;Cruz;Semáforo;Comercial;0;1;1;1;0;0;0;0;0;0;0;0;-38,500282;-3,751180;;;
261197;18;3;2015;06:47;0;AV I CJ JOSE WALTER;AV F CJ JOSE WALTER;;;;Queda;Luz do Dia;;;Meio de Quadra;;;0;1;0;0;0;0;0;0;0;1;0;0;;;;;
261203;18;3;2015;07:48;0;AV PERIMETRAL;;;;;Colisão;Luz do Dia;;;Meio de Quadra;;;0;1;1;0;0;0;0;0;0;1;0;0;;;;;
261209;18;3;2015;08:47;11668;RUA CACILDA BECKER;RUA PRO HERIBALDO COSTA;;;;Queda;Luz do Dia;;;Cruz;Pare;Residencial;0;1;0;0;0;0;0;0;0;1;0;0;-38,589464;-3,770715;;;
261215;18;3;2015;10:33;0;AV OLIVEIRA PAIVA;;;;;Colisão;Luz do Dia;;;Meio de Quadra;;;0;1;1;0;0;0;0;0;0;1;0;0;-38,493379;-3,795587;;;
261216;18;3;2015;12:06;0;RUA CON DE CASTRO;;;;;Queda;Luz do Dia;;;Meio de Quadra;;;0;1;0;0;0;0;0;0;0;1;0;0;;;;;
261217;18;3;2015;13:03;0;RUA OSCAR ARARIPE;;;;;Colisão;Luz do Dia;;;Meio de Quadra;;;0;1;1;1;0;0;0;0;0;1;0;0;-38,593859;-3,792934;;;
261218;18;3;2015;13:03;22055;AV JOSE BASTOS;RUA PDE CICERO;;;;Colisão;Luz do Dia;;;T;Pare;Comercial;0;1;1;1;0;0;0;0;0;1;0;0;-38,544887;-3,744462;;;
261212;18;3;2015;09:52;0;AV ALBERTO NEPOMUCENO;;;;;Colisão;Luz do Dia;;;Meio de Quadra;;;0;1;1;1;0;0;0;0;0;1;0;0;;;;;
261275;18;3;2015;20:02;19833;AV ENG HUMBERTO MONTE;AV JOVITA FEITOSA;;;;Colisão;;;;Cruz;Semáforo;Comercial;0;1;1;0;0;0;0;0;0;1;0;0;-38,566544;-3,741963;;;
261276;18;3;2015;21:17;0;RUA VITORIA;;;;;Colisão;;;;Meio de Quadra;;;0;1;1;0;0;0;0;0;0;1;0;0;;;;;
261273;18;3;2015;19:10;0;AV MAE LISBOA;;;;;Queda;;;;Meio de Quadra;;;0;1;0;0;0;1;0;0;0;0;0;0;-38,469579;-3,807841;;;
261270;18;3;2015;17:42;0;AV DOS EXPEDICIONARIOS;;;;;Colisão;Anoitecer;;;Meio de Quadra;;;0;1;1;1;0;0;0;0;0;1;0;0;;;;;
261271;18;3;2015;17:42;0;AV CARNEIRO DE MENDONCA;;;;;Colisão;Anoitecer;;;Meio de Quadra;;;0;1;1;0;0;0;1;0;0;1;0;0;-38,575546;-3,759697;;;
261267;18;3;2015;16:38;0;AV CONTORNO NORTE (SAO CRSITOVAO);;;;;Colisão;Luz do Dia;;;Meio de Quadra;;;0;1;1;1;0;0;0;0;0;1;0;0;-38,518977;-3,831810;;;
261263;18;3;2015;14:42;0;AV DOM LUIS;;;;;Atropelamento;Luz do Dia;;;Meio de Quadra;;;0;1;1;1;0;0;0;0;0;0;0;0;-38,497461;-3,733214;;;
261264;18;3;2015;15:00;1654;RUA BENI DE CARVALHO;AV SEN VIRGILIO TAVORA;;;;Atropelamento;Luz do Dia;;;Cruz;Semáforo;Misto;0;1;1;0;0;0;1;0;0;0;0;0;-38,500877;-3,744098;;;
261265;18;3;2015;16:38;0;AV GAL OSORIO DE PAIVA;;;;;Colisão;Luz do Dia;;;Meio de Quadra;;;0;1;1;0;0;0;0;0;0;1;0;0;-38,570230;-3,777978;;;
258658;18;3;2015;21:40;0;RD BR 116;;;5000;KM-05;Colisão Traseira;Via Iluminada;Bom;Seca;Meio de Quadra;Não Há Controle;Comercial;0;0;2;1;0;0;0;0;0;0;0;0;-38,506787;-3,796502;;;
265375;18;3;2015;10:57;5053;RUA SEN ALENCAR;RUA AGAPITO DOS SANTOS;;;;Colisão;Luz do Dia;;;Cruz;Pare;Comercial;0;0;2;0;0;0;0;0;0;0;0;0;-38,537552;-3,721799;;;
265376;18;3;2015;11:14;6545;AV H CJ CEARA;AV A CJ CEARA;;;;Colisão;Luz do Dia;;;Cruz;Semáforo;Comercial;0;0;2;0;0;0;0;0;0;0;0;0;-38,605924;-3,775146;;;
265381;18;3;2015;12:51;0;RUA CON DE CASTRO;;;4138;;Colisão;Luz do Dia;;;Meio de Quadra;;;0;0;2;0;0;0;0;0;0;0;0;0;-38,589394;-3,802103;;;
265383;18;3;2015;16:37;0;AV CENTRAL;;;;;Atropelamento;Luz do Dia;;;Meio de Quadra;;;0;0;2;0;0;0;0;0;0;0;0;0;;;;;
265384;18;3;2015;19:02;0;LOGRADOURO SEM NOME;;;;;Colisão;;;;Meio de Quadra;;;0;0;2;0;0;0;0;0;0;0;0;0;;;;;
265390;18;3;2015;20:40;0;RUA BERNARDO MANUEL;;;;;Colisão;;;;Meio de Quadra;;;0;0;2;0;0;0;0;0;0;0;0;0;;;;;
265391;18;3;2015;20:57;0;AV GODOFREDO MACIEL;;;;;Choque c/ Obstáculo Fixo;;;;Meio de Quadra;;;0;0;1;0;0;0;0;0;0;0;0;0;;;;;
265399;18;3;2015;22:09;0;AV DOS EXPEDICIONARIOS;;;5405;;Colisão;;;;Meio de Quadra;;;0;0;2;0;0;0;0;0;0;0;0;0;-38,541720;-3,766725;;;
265400;18;3;2015;23:24;0;AV ZEZE DIOGO;;;6280;;Colisão;;;;Meio de Quadra;;;0;0;2;0;0;0;0;0;0;0;0;0;;;;;
265414;19;3;2015;02:25;0;RUA PDE BARBOSA DE JESUS;;;299;;Colisão;;;;Meio de Quadra;;;0;0;2;0;0;0;0;0;0;0;0;0;-38,528805;-3,748834;;;
265417;19;3;2015;05:23;25515;AV DA INDEPENDENCIA;AV HILDEBRANDO DE MELO;;;;Choque c/ Obstáculo Fixo;Amanhecer;;;Cruz;Não Há Controle;Residencial;0;0;1;0;0;0;0;0;0;0;0;0;-38,589467;-3,727339;;;
265422;19;3;2015;11:09;2779;RUA OSCAR ARARIPE;RUA VICENTE PINHEIRO;;;;Colisão;Luz do Dia;;;Cruz;Pare;Comercial;0;0;2;0;0;0;0;0;0;0;0;0;-38,594600;-3,792701;;;
265424;19;3;2015;21:07;0;RUA DOMINGOS DA VEIGA;;;70;;Atropelamento;;;;Meio de Quadra;;;0;0;2;0;0;0;0;0;0;0;0;0;;;;;
265427;19;3;2015;21:09;13345;AV J CJ JOSE WALTER;AV H CJ JOSE WALTER;;;;Colisão;;;;T;Pare;Residencial;0;0;2;0;0;0;0;0;0;0;0;0;-38,558743;-3,841244;;;
265430;19;3;2015;21:30;0;RUA JOAQUIM DOS ANJOS;;;1280;;Colisão;;;;Meio de Quadra;;;0;0;2;0;0;0;0;0;0;0;0;0;-38,571816;-3,829958;;;
265431;19;3;2015;21:36;19328;RUA EDUARDO PERDIGAO;RUA CON DE CASTRO;;;;Colisão;;;;Cruz;Não Há Controle;Comercial;0;0;2;0;0;0;0;0;0;0;0;0;-38,564769;-3,775579;;;
265435;19;3;2015;22:52;0;RUA 30 DE OUTUBRO;;;;;Colisão;;;;Meio de Quadra;;;0;0;2;0;0;0;0;0;0;0;0;0;;;;;
265436;19;3;2015;23:23;0;RUA GUILHERME MENDES;;;194;;Colisão;;;;Meio de Quadra;;;0;0;2;0;0;0;0;0;0;0;0;0;;;;;
258659;19;3;2015;15:40;0;RD BR 116;;;11000;KM-11;Colisão Frontal;Luz do Dia;Nublado;Seca;Meio de Quadra;Não Há Controle;Comercial;0;1;1;1;0;0;0;0;0;1;0;0;-38,497176;-3,847160;;;
261280;19;3;2015;04:40;0;AV WASHINGTON SOARES;;;;;Capotamento;;;;Meio de Quadra;;;0;1;0;0;0;0;0;0;0;0;0;0;;;;;
261278;19;3;2015;00:43;0;AV CEL CARVALHO;;;3039;;Colisão;;;;Meio de Quadra;;;0;1;1;0;0;0;0;0;0;0;0;0;-38,584824;-3,729591;;;
261289;19;3;2015;07:53;0;AV DES MOREIRA;;;;;Colisão;Luz do Dia;;;Meio de Quadra;;;0;1;1;1;0;0;0;0;0;1;0;0;;;;;
261287;19;3;2015;07:43;0;RUA DO TRAPIA;RUA BARRA NOVA;;;;Colisão;Luz do Dia;;;;;;0;1;1;1;0;0;0;0;0;1;0;0;;;;;
261285;19;3;2015;06:40;0;AV PERIMETRAL;;;;;Colisão;Luz do Dia;;;Meio de Quadra;;;0;1;1;0;0;0;0;0;0;1;0;0;;;;;
261282;19;3;2015;06:03;0;AV DR SILAS MUNGUBA;;;;;Colisão;Luz do Dia;;;Meio de Quadra;;;0;1;1;1;0;0;0;0;0;1;0;0;;;;;
261307;19;3;2015;23:22;0;RUA PRO GOMES BRASIL;;;;;Queda;;;;Meio de Quadra;;;0;1;0;0;0;1;0;0;0;0;0;0;-38,567652;-3,774031;;;
261302;19;3;2015;22:09;0;AV FRANCISCO SA;;;6100;;Colisão;;;;Meio de Quadra;;;0;1;1;0;0;0;0;0;0;1;0;0;-38,578925;-3,710005;;;
261300;19;3;2015;21:57;0;RUA BETEL;;;;;Queda;;;;Meio de Quadra;;;0;1;0;0;0;0;0;0;0;1;0;0;;;;;
261298;19;3;2015;21:49;0;RUA SGT JOAO PINHEIRO;;;;;Queda;;;;Meio de Quadra;;;0;1;0;0;0;0;0;0;0;1;0;0;;;;;
261291;19;3;2015;09:23;0;AV PERIMETRAL;;;;;Atropelamento;Luz do Dia;;;Meio de Quadra;;;0;1;1;1;0;0;0;0;0;0;0;0;;;;;
261293;19;3;2015;09:42;0;RUA DES PRAXEDES;;;;;Queda;Luz do Dia;;;Meio de Quadra;;;0;1;0;0;0;0;0;0;0;1;0;0;-38,551125;-3,758557;;;
261294;19;3;2015;09:42;0;AV LUCIANO CARNEIRO;;;;;Colisão;Luz do Dia;;;Meio de Quadra;;;0;1;0;0;0;0;0;0;0;0;0;0;;;;;
261295;19;3;2015;19:07;3788;RUA WALDERY UCHOA;RUA PDE FRANCISCO PINTO;;;;Colisão;;;;Cruz;Pare;Residencial;0;1;1;1;0;0;0;0;0;1;0;0;-38,539138;-3,744299;;;
261296;19;3;2015;21:41;0;AV SEN FERNANDES TAVORA;;;;;Atropelamento;;;;Meio de Quadra;;;0;1;1;0;0;0;0;0;0;0;0;0;-38,587137;-3,759527;;;
258696;19;3;2015;06:40;0;RD BR 222;;;;KM-02;Colisão Lateral;Luz do Dia;Nublado;Seca;Meio de Quadra;Não Há Controle;Comercial;0;0;2;1;0;0;0;0;0;0;0;0;-38,586880;-3,738951;;;
258698;19;3;2015;06:40;0;RD BR 222;;;;KM-02;Colisão Lateral;Luz do Dia;Nublado;Seca;Meio de Quadra;Não Há Controle;Comercial;0;0;2;1;0;0;0;0;0;0;0;0;-38,586880;-3,738951;;;
261304;19;3;2015;22:23;0;AV JUSCELINO KUBITSCHEK (CANINDEZINHO);;;;;Atropelamento;;;;;;;0;1;1;0;0;0;0;0;0;0;0;0;;;;;
266005;19;3;2015;06:38;0;RUA JORGE FIGUEIREDO (ANCURI);;;;;Queda;Luz do Dia;;;Meio de Quadra;;;0;1;0;0;0;0;0;0;0;1;0;0;;;;;
249724;19;3;2015;22:00;0;RUA DORALICE COSTA;;;250;;Outros;Mal Iluminada;Bom;Seca;Meio de Quadra;Não Há Controle;Residencial;0;1;1;1;0;0;0;0;0;0;0;0;;;;;
249722;19;3;2015;12:00;1580;RUA PDE VALDEVINO;RUA NUNES VALENTE;;;;Colisão Lateral;Luz do Dia;Nublado;Seca;Cruz;Pare;Comercial;0;0;2;1;0;0;0;0;0;1;0;0;-38,505782;-3,742608;;;
249733;19;3;2015;14:10;0;RUA BERNARDO MANUEL;;;8297;;Colisão Transversal;Luz do Dia;Bom;Seca;Meio de Quadra;Não Há Controle;Comercial;0;0;2;1;0;0;0;0;0;0;0;0;-38,549248;-3,791601;;;
249729;19;3;2015;10:50;0;AV DOMINGOS OLIMPIO;;;;;Colisão Lateral;Luz do Dia;Bom;Seca;Meio de Quadra;Não Há Controle;Comercial;0;0;2;1;1;0;0;0;0;0;0;0;;;;;
249730;19;3;2015;07:30;0;AV ENG HUMBERTO MONTE;;;1927;;Colisão Traseira;Luz do Dia;Chuva;Molhada;Meio de Quadra;Não Há Controle;Comercial;0;0;2;1;0;0;0;0;0;0;0;0;-38,564513;-3,744230;;;
249731;19;3;2015;19:43;15135;AV HIS RAIMUNDO GIRAO;RUA FRANCISCO DIAS RIBEIRO;;;;Colisão Transversal;Via Iluminada;Bom;Seca;Cruz;Pare;Misto;0;1;1;1;0;0;0;0;0;1;0;0;-38,504397;-3,724024;;;
249693;19;3;2015;13:00;0;AV AUGUSTO DOS ANJOS;;;1380;;Atropelamento;Luz do Dia;Bom;Seca;Meio de Quadra;Não Há Controle;Comercial;0;3;0;0;0;0;0;0;0;0;0;0;-38,577994;-3,778850;;;
249695;19;3;2015;15:40;0;AV LUCIANO CARNEIRO;;;;;Choque c/ Obstáculo Fixo;Luz do Dia;Bom;Seca;Meio de Quadra;Não Há Controle;Misto;0;1;0;0;0;0;0;0;0;1;0;0;;;;;
249696;19;3;2015;20:00;0;AV G CJ JOSE WALTER;;;700;;Colisão Lateral;Via Iluminada;Bom;Seca;Meio de Quadra;Não Há Controle;Residencial;0;0;2;1;0;0;0;0;0;0;0;0;;;;;
249708;19;3;2015;10:00;1709;RUA CAP OLAVO;RUA CAP ARAGAO;;;;Colisão Lateral;Luz do Dia;Bom;Seca;Cruz;Pare;Comercial;0;0;2;1;0;0;1;0;0;0;0;0;-38,515937;-3,765348;;;
249709;19;3;2015;04:50;0;AV ALBERTO NEPOMUCENO;;;;;Colisão Lateral;Luz do Dia;Bom;Seca;Meio de Quadra;Não Há Controle;Comercial;0;0;2;1;0;0;0;0;0;0;0;0;;;;;
249710;19;3;2015;03:00;22937;AV DR SILAS MUNGUBA;RUA GOV JOAO CARLOS;;;;Colisão Transversal;Via Iluminada;Bom;Seca;T;Semáforo;Outros;0;1;1;1;0;0;0;0;0;1;0;0;-38,553910;-3,783950;;;
249711;19;3;2015;14:30;5455;RUA ANTONIO POMPEU;RUA FLORIANO PEIXOTO;;;;Colisão Transversal;Luz do Dia;Bom;Seca;Cruz;Pare;Residencial;0;0;2;1;0;0;0;0;0;0;0;0;-38,529685;-3,735086;;;
249720;19;3;2015;10:20;0;RUA VALPARAISO;;;830;;Colisão Frontal;Luz do Dia;Bom;Molhada;Meio de Quadra;Não Há Controle;Residencial;0;1;1;1;0;0;0;0;0;0;0;0;;;;;
249717;19;3;2015;03:00;7888;AV DES MOREIRA;RUA TOMAS ACIOLI;;;;Colisão Lateral;Via Iluminada;Bom;Seca;Cruz;Semáforo;Comercial;0;0;2;1;0;0;0;0;0;0;0;0;-38,501963;-3,747526;;;
249713;19;3;2015;07:45;1358;AV DES MOREIRA;AV SANTOS DUMONT;;;;Colisão Lateral;Luz do Dia;Chuva;Molhada;Cruz;Semáforo Intermitente;Comercial;0;1;1;0;0;0;0;0;0;1;0;0;-38,498365;-3,736226;;;
249714;19;3;2015;23:00;5413;RUA GAL SAMPAIO;RUA METON DE ALENCAR;;;;Colisão Transversal;Via Iluminada;Bom;Seca;Cruz;Semáforo;Comercial;0;0;2;1;0;0;0;0;0;0;0;0;-38,532600;-3,733033;;;
260095;19;3;2015;11:39;0;RUA HAROLDO TORRES;;;;;Colisão;Luz do Dia;;;Meio de Quadra;;;0;0;2;1;0;0;0;0;0;1;0;0;;;;;
260120;20;3;2015;12:18;7816;RUA TIBURCIO CAVALCANTE;RUA MARCONDES PEREIRA;;;;Colisão;Luz do Dia;;;Cruz;Pare;Residencial;0;0;2;1;0;0;0;0;0;1;0;0;-38,506903;-3,749447;;;
260123;20;3;2015;17:26;0;RUA PARNAMIRIM;;;;;Colisão;Anoitecer;;;Meio de Quadra;;;0;0;2;0;0;0;1;0;0;0;0;0;;;;;
257578;20;3;2015;14:45;0;AV OLIVEIRA PAIVA;;;1544;;Colisão;Luz do Dia;;;Meio de Quadra;;;0;1;0;1;0;0;0;0;0;1;0;0;-38,492741;-3,795658;;;
257574;20;3;2015;08:50;0;AV PERIMETRAL;;;649;TERMINAL DA MESSEJANA;Atropelamento;Luz do Dia;;;Meio de Quadra;;;1;0;1;0;1;0;0;0;0;0;0;0;-38,502142;-3,831827;;;
257581;20;3;2015;17:20;17185;RUA FRANCISCO BENTO;RUA JOSE DUTRA;;;;Colisão;Anoitecer;;;Cruz;Pare;Comercial;0;1;0;0;0;0;1;0;0;1;0;0;-38,575894;-3,812530;;;
250588;20;3;2015;07:40;19958;AV LUCIANO CARNEIRO;RUA PDE AMBROSIO MACHADO;;;;Colisão Transversal;Luz do Dia;Bom;Seca;T;Pare;Comercial;0;1;1;1;0;0;0;0;0;1;0;0;-38,535823;-3,762103;;;
258951;20;3;2015;08:10;0;RD CE-060;;;;KM-02;Colisão;Luz do Dia;Bom;Seca;Meio de Quadra;;;0;0;2;0;1;0;0;0;0;0;0;0;-38,580009;-3,828028;;;
258952;20;3;2015;07:40;0;RD CE-060;;;;KM-02;Colisão;Luz do Dia;;Seca;Meio de Quadra;;;0;0;2;1;0;0;0;0;0;0;0;0;-38,580009;-3,828028;;;
258960;20;3;2015;21:10;0;RD CE-040;;;;KM-01;Colisão;Via Iluminada;Bom;Seca;Meio de Quadra;;;0;0;2;1;0;0;0;0;0;0;0;0;-38,483270;-3,754877;;;
249732;20;3;2015;05:00;25062;AV DOS EXPEDICIONARIOS;RUA PDE AMBROSIO MACHADO;;;;Colisão Transversal;Luz do Dia;Bom;Seca;Cruz;Pare;Residencial;0;1;1;1;0;0;0;0;0;1;0;0;-38,539946;-3,760838;;;