COD_ACIDENTE;DIA;MES;ANO;HORA;INTERSECAO;LOG1;LOG2;LOG3;NUMERO;REFERENCIA;NATUREZA;ILUMINACAO;TEMPO;SUPERFICIEPISTA;TIPOCRUZAMENTO;CONTROLETRAFEGO;USOSOLO;MORTOS;FERIDOS;ILESOS;AUTOMOVEL;ONIBUS;BICICLETA;CAMINHAO;MICROONIBUS;CICLOMOTOR;MOTOCICLETA;TRACAOANIMAL;TREM;LONG;LAT;;;
249734;20;3;2015;16:00;0;AV DR THEBERGE;;;1133;;Colisão Traseira;Luz do Dia;Bom;Seca;Outros;Não Há Controle;Residencial;0;1;1;1;0;0;0;0;0;0;0;0;-38,564337;-3,712782;;;
249738;20;3;2015;13:20;0;AV JOSE BASTOS;;;4806;;Colisão Transversal;Luz do Dia;Bom;Seca;Meio de Quadra;Semáforo Danificado;Comercial;0;0;2;1;0;0;0;0;0;0;0;0;-38,559213;-3,757180;;;
249740;20;3;2015;11:30;1359;RUA CARLOS VASCONCELOS;RUA JOAO CARVALHO;;;;Colisão Transversal;Luz do Dia;Bom;Seca;Cruz;Pare;Misto;0;0;2;0;0;0;0;0;0;0;0;0;-38,511844;-3,736251;;;
249745;20;3;2015;19:30;0;AV SEN VIRGILIO TAVORA;;;;;Capotamento;Anoitecer;Bom;Seca;Outros;Semáforo;Residencial;0;0;1;1;0;0;0;0;0;0;0;0;;;;;
249746;20;3;2015;17:30;0;RUA PESSOA ANTA;;;274;;Colisão Lateral;Anoitecer;Bom;Seca;Outros;Outros;Comercial;0;0;2;1;0;0;0;0;0;0;0;0;-38,520934;-3,720970;;;
249747;20;3;2015;18:30;24950;AV ALM HENRIQUE SABOIA;RUA DR JOSE FROTA;;;;Colisão;Via Iluminada;Nublado;Seca;Outros;Pare;Residencial;0;0;3;1;0;0;0;0;0;0;0;0;-38,480453;-3,728337;;;
249751;20;3;2015;15:10;17287;AV PRO GOMES DE MATOS;RUA VASCO DA GAMA;;;;Colisão Lateral;Luz do Dia;Bom;Seca;Cruz;Pare;Comercial;0;0;2;1;1;0;0;0;0;0;0;0;-38,547335;-3,763166;;;
249752;20;3;2015;07:15;8020;RUA ALEXANDRE BARAUNA;RUA CARLOS CAMARA;;;;Colisão Transversal;Luz do Dia;Bom;Seca;Cruz;Pare;Residencial;0;0;2;1;0;0;0;0;0;0;0;0;-38,547441;-3,751840;;;
249753;20;3;2015;15:55;5406;RUA ANTONIO POMPEU;RUA PRC ISABEL;;;;Colisão Transversal;Luz do Dia;Bom;Seca;Cruz;Pare;Comercial;0;2;0;0;0;0;0;0;0;1;0;0;-38,537283;-3,732693;;;
249754;20;3;2015;15:00;26037;RUA LEIRIA DE ANDRADE;RUA ARISTIDES B NETO;;;;Colisão Frontal;Luz do Dia;Bom;Seca;Cruz;Pare;Residencial;0;0;2;1;0;0;0;0;0;0;0;0;-38,555544;-3,728884;;;
249755;20;3;2015;16:00;0;AV DOM MANUEL;;;74;;Colisão Lateral;Luz do Dia;Bom;Seca;Meio de Quadra;Não Há Controle;Residencial;0;0;2;1;0;0;1;0;0;0;0;0;-38,519950;-3,724734;;;
249756;20;3;2015;;3929;RUA SEN POMPEU;RUA ANTONIO POMPEU;;;;Colisão Transversal;Via Iluminada;Bom;Seca;Cruz;Semáforo;;0;0;2;1;0;0;0;0;0;0;0;0;-38,531891;-3,734439;;;
249757;20;3;2015;22:15;21352;RUA DOM MANUEL DE MEDEIROS;RUA PRO NOGUEIRA;;;;Colisão Frontal;Via Iluminada;Bom;Seca;Cruz;Pare;Misto;0;0;2;1;0;0;0;1;0;0;0;0;-38,549301;-3,736064;;;
249758;20;3;2015;16:30;3771;AV DOMINGOS OLIMPIO;AV DA UNIVERSIDADE;;;;Engavetamento;Anoitecer;Bom;Seca;Cruz;Semáforo;Residencial;0;0;3;1;0;0;0;0;0;0;0;0;-38,534216;-3,735594;;;
249788;20;3;2015;07:50;13371;AV ANTONIO SALES;RUA DNA LEOPOLDINA;;;;Colisão Lateral;Luz do Dia;Bom;Seca;Cruz;Pare;Comercial;0;0;2;1;1;0;0;0;0;0;0;0;-38,522386;-3,739197;;;
249789;20;3;2015;18:45;21990;RUA CANDIDO JUCA;RUA MAJ PEDRO SAMPAIO;;;;Colisão Lateral;Mal Iluminada;Bom;Seca;Cruz;Pare;Residencial;0;0;2;1;0;0;0;0;0;0;0;0;-38,548182;-3,740460;;;
249780;20;3;2015;08:00;7621;RUA RIO GRANDE DO SUL;RUA PARAIBA;;;;Colisão Traseira;Luz do Dia;Nublado;Seca;;Pare;Residencial;0;0;2;1;0;0;0;0;0;0;0;0;-38,568018;-3,759333;;;
249776;20;3;2015;07:40;25165;AV ROGACIANO LEITE;RUA HENRIQUE DE CASTRO;;;;Colisão Transversal;Luz do Dia;Nublado;Seca;Cruz;Pare;Comercial;0;0;2;1;0;0;0;0;0;0;0;0;-38,500639;-3,776997;;;
249778;20;3;2015;16:18;0;AV AGUANAMBI;;;841;;Colisão Traseira;Luz do Dia;Bom;Seca;Meio de Quadra;Não Há Controle;Comercial;0;1;1;1;1;0;0;0;0;0;0;0;-38,525056;-3,746548;;;
249783;20;3;2015;11:20;0;AV ANTONIO SALES;;;2953;;Colisão Lateral;Luz do Dia;Bom;Seca;Meio de Quadra;Não Há Controle;Misto;0;1;1;1;0;0;0;0;0;0;0;0;-38,497581;-3,746932;;;
249784;20;3;2015;20:00;0;RUA PRO HERIBALDO COSTA;;;892;;Colisão Traseira;Via Iluminada;Bom;Seca;Meio de Quadra;Não Há Controle;Residencial;0;0;2;1;0;0;0;0;0;1;0;0;-38,583891;-3,760065;;;
249785;20;3;2015;09:25;0;RUA CEL MATOS DOURADO;;;1220;;Colisão Transversal;Luz do Dia;Bom;Seca;Meio de Quadra;Não Há Controle;Residencial;0;0;2;1;1;0;0;0;0;0;0;0;-38,584692;-3,749092;;;
249786;20;3;2015;06:17;15117;AV HIS RAIMUNDO GIRAO;RUA MON BRUNO;;;;Colisão Transversal;Luz do Dia;Nublado;Seca;T;Dê Preferência;Comercial;0;2;0;1;0;0;0;0;0;1;0;0;-38,506415;-3,723076;;;
249770;20;3;2015;17:20;23687;RUA DOM HENRIQUE;RUA DOM XISTO ALBANO;;;;Colisão Lateral;Anoitecer;Bom;Seca;Cruz;Pare;Residencial;0;1;0;0;0;0;0;0;0;0;0;0;-38,579040;-3,789861;;;
249768;20;3;2015;13:00;25096;RUA ROCHA LIMA;RUA RODRIGUES JUNIOR;;;;Colisão Transversal;Luz do Dia;Bom;Seca;Cruz;Pare;Comercial;0;1;1;1;0;0;0;0;0;1;0;0;-38,522475;-3,736320;;;
249772;20;3;2015;17:30;5345;AV VIS RIO BRANCO;RUA PINTO MADEIRA;;;;Colisão Lateral;Via Iluminada;Bom;Seca;T;Não Há Controle;Misto;0;0;2;1;0;0;1;0;0;0;0;0;-38,525198;-3,730803;;;
249774;20;3;2015;19:53;348;RUA PRO LINO ENCARNACAO;RUA CESAR FONTENELE;;;;Colisão Transversal;Via Iluminada;Bom;Seca;Cruz;Pare;Lazer;0;1;1;1;0;0;0;0;0;1;0;0;-38,559596;-3,746359;;;
249742;20;3;2015;17:00;13408;AV ANTONIO SALES;RUA BAR ARACATI;;;;Colisão Transversal;Anoitecer;Bom;Seca;Cruz;Pare;Comercial;0;0;2;0;0;0;0;0;0;0;0;0;-38,514894;-3,741563;;;
249743;20;3;2015;08:15;7940;RUA CEL ALVES TEIXEIRA;RUA VIS MAUA;;;;Choque c/ Obstáculo Fixo;Luz do Dia;Bom;Seca;Cruz;Pare;Residencial;0;0;1;0;0;0;1;0;0;0;0;0;-38,503223;-3,747970;;;
249749;20;3;2015;07:05;11543;AV DES FELICIANO DE ATAIDE (JD DAS OLIVEIRAS);RUA LEA POMPEU;;;;Colisão Lateral;;Bom;Seca;Cruz;;Misto;0;0;2;1;0;0;1;0;0;0;0;0;;;;;
249762;20;3;2015;08:15;0;RUA TOMAS ACIOLI;;;1151;;Colisão Lateral;Luz do Dia;Bom;Seca;Meio de Quadra;Não Há Controle;Residencial;0;0;2;1;0;0;0;0;0;0;0;0;-38,507488;-3,745605;;;
249764;20;3;2015;06:55;6128;RUA MIN ALBUQUERQUE LIMA;AV B CJ CEARA;;;;Colisão Lateral;Luz do Dia;Bom;Seca;Cruz;Semáforo;Misto;0;0;2;1;0;0;0;0;0;0;0;0;-38,607506;-3,768744;;;
261352;20;3;2015;19:37;0;AV DIOGUINHO;;;;;Colisão;;;;Meio de Quadra;;;0;1;1;1;0;0;0;0;0;1;0;0;-38,456289;-3,736192;;;
261357;20;3;2015;21:54;0;AV GODOFREDO MACIEL;;;;;Queda;;;;Meio de Quadra;;;0;1;0;0;0;0;0;0;0;1;0;0;;;;;
261350;20;3;2015;19:20;0;RUA PERDIGAO DE OLIVEIRA;;;;;Queda;;;;Meio de Quadra;;;0;1;0;0;0;0;0;0;0;1;0;0;;;;;
261348;20;3;2015;18:23;10051;RUA VITAL BRASIL;RUA TAUBATE;;;;Colisão;Anoitecer;;;Cruz;Pare;Comercial;0;1;1;0;0;0;0;0;0;1;0;0;-38,597995;-3,778012;;;
261316;20;3;2015;06:33;0;AV ALM MAXIMIANO DA FONSECA;;;;;Colisão;Luz do Dia;;;Meio de Quadra;;;0;1;1;1;0;0;0;0;0;1;0;0;-38,486990;-3,770964;;;
261317;20;3;2015;07:58;0;AV ALBERTO CRAVEIRO;;;;;Queda;Luz do Dia;;;Meio de Quadra;;;0;1;0;0;0;0;0;0;0;1;0;0;;;;;
261309;20;3;2015;02:02;0;RUA OSCAR ARARIPE;;;;;Colisão;;;;Meio de Quadra;;;0;1;1;0;0;0;0;0;0;1;0;0;-38,602598;-3,790147;;;
261314;20;3;2015;05:36;0;AV DOS EXPEDICIONARIOS;;;;;Colisão;Amanhecer;;;Meio de Quadra;;;0;1;1;1;0;0;0;0;0;1;0;0;-38,539970;-3,760917;;;
261322;20;3;2015;08:29;0;AV LUCIANO CARNEIRO;;;;;Colisão;Luz do Dia;;;;;;0;1;1;1;0;0;0;0;0;1;0;0;;;;;
261323;20;3;2015;09:38;0;RUA RUBIA SAMPAIO;;;;;Colisão;Luz do Dia;;;Meio de Quadra;;;0;1;1;1;0;0;0;0;0;1;0;0;;;;;
261324;20;3;2015;12:49;0;AV PRS CASTELO BRANCO;;;;;Atropelamento;Luz do Dia;;;Meio de Quadra;;;0;1;1;0;0;0;0;0;0;1;0;0;;;;;
261325;20;3;2015;12:56;0;AV RAD JOSE LIMA VERDE;;;;;Colisão;Luz do Dia;;;Meio de Quadra;;;0;1;1;1;0;0;0;0;0;1;0;0;;;;;
261327;20;3;2015;17:44;0;AV JOSE BASTOS;;;;;Atropelamento;Anoitecer;;;Meio de Quadra;;;0;1;1;1;0;0;0;0;0;0;0;0;-38,564999;-3,761363;;;
261328;20;3;2015;17:53;0;AV GODOFREDO MACIEL;;;;;Colisão;Anoitecer;;;Meio de Quadra;;;0;1;1;1;0;0;0;0;0;1;0;0;;;;;
261329;20;3;2015;17:56;22105;RUA CEL NUNES DE MELO;RUA ANTONIO MARTINS;;;;Colisão;Anoitecer;;;;;;0;1;1;1;0;0;0;0;0;1;0;0;;;;;
265439;20;3;2015;00:18;0;AV DIOGUINHO;;;4455;;Colisão;;;;Meio de Quadra;;;0;0;2;0;0;0;0;0;0;0;0;0;-38,444415;-3,759067;;;
265445;20;3;2015;08:20;0;RUA C CJ LUCIANO CALV;;;;;Colisão;Luz do Dia;;;Meio de Quadra;;;0;0;2;0;0;0;0;0;0;0;0;0;;;;;
265456;20;3;2015;11:11;5300;RUA BAR RIO BRANCO;RUA PEDRO PEREIRA;;;;Colisão;Luz do Dia;;;Duplo T;Semáforo;Comercial;0;0;2;0;0;0;0;0;0;0;0;0;-38,529219;-3,729457;;;
265458;20;3;2015;11:15;15347;RUA TIBURCIO CAVALCANTE;AV DOM LUIS;;;;Colisão;Luz do Dia;;;T;Semáforo;Comercial;0;0;2;0;0;0;0;0;0;0;0;0;-38,501313;-3,732021;;;
265460;20;3;2015;15:30;0;RUA 7 DE ABRIL;;;368;;Colisão;Luz do Dia;;;Meio de Quadra;;;0;0;2;0;0;0;0;0;0;0;0;0;-38,473727;-3,721445;;;
265461;20;3;2015;15:50;0;AV MAJ ASSIS;;;2820;;Choque c/ Obstáculo Fixo;Luz do Dia;;;Meio de Quadra;;;0;0;1;0;0;0;0;0;0;0;0;0;-38,605116;-3,719258;;;
265462;20;3;2015;16:43;0;AV CEL CARVALHO;;;1586;;Colisão;Luz do Dia;;;Meio de Quadra;;;0;0;2;0;0;0;0;0;0;0;0;0;-38,588159;-3,716645;;;
265463;20;3;2015;17:48;0;RUA SUICA;;;564;;Colisão;Anoitecer;;;Meio de Quadra;;;0;0;2;0;0;0;0;0;0;0;0;0;-38,568554;-3,792884;;;
265465;20;3;2015;17:55;14857;RUA MARIO FILHO;TR REJANE;;;;Colisão;Anoitecer;;;Cruz;;Residencial;0;0;2;0;0;0;0;0;0;0;0;0;-38,585721;-3,806710;;;
265466;20;3;2015;19:29;0;RUA GERMANO FRANCK;;;;;Colisão;;;;Meio de Quadra;;;0;0;2;0;0;0;0;0;0;0;0;0;;;;;
265467;20;3;2015;20:48;7913;AV ANTONIO SALES;RUA VIS MAUA;;;;Colisão;;;;Cruz;Pare;Comercial;0;0;2;0;0;0;0;0;0;0;0;0;-38,502420;-3,745429;;;
265469;20;3;2015;20:49;15298;RUA ANA BILHAR;RUA BARBOSA DE FREITAS;;;;Atropelamento;;;;Cruz;Pare;Residencial;0;0;2;0;0;0;0;0;0;0;0;0;-38,495143;-3,729646;;;
265470;20;3;2015;21:45;0;AV BENJAMIM BRASIL;;;2350;;Colisão;;;;Meio de Quadra;;;0;0;2;0;0;0;0;0;0;0;0;0;-38,556106;-3,809120;;;
265471;20;3;2015;21:59;0;RUA CON DE CASTRO;;;5574;;Colisão;;;;Meio de Quadra;;;0;0;2;0;0;0;0;0;0;0;0;0;-38,597557;-3,812125;;;
265472;21;3;2015;00:25;0;RUA CATOLE;;;94;;Colisão;;;;Meio de Quadra;;;0;0;2;0;0;0;0;0;0;0;0;0;-38,504809;-3,783190;;;
261001;21;3;2015;11:18;0;AV JOVITA FEITOSA;;;;;Colisão;Luz do Dia;;;Meio de Quadra;;;0;1;1;1;0;0;0;0;0;1;0;0;;;;;
261369;21;3;2015;08:30;24908;RUA ANTONIO ARRUDA;RUA PEDRO SAMPAIO;;;;Colisão;Luz do Dia;;;Cruz;Pare;Residencial;0;1;1;0;0;0;0;0;0;1;0;0;-38,595168;-3,724119;;;
261370;21;3;2015;09:26;0;AV CEL CARVALHO;;;;;Colisão;Luz do Dia;;;Meio de Quadra;;;0;1;1;1;0;0;0;0;0;1;0;0;-38,586693;-3,722127;;;
261364;21;3;2015;03:12;19611;AV GODOFREDO MACIEL;RUA NEREU RAMOS;;;;Queda;;;;T;Semáforo;Residencial;0;1;0;0;0;0;0;0;0;1;0;0;-38,566802;-3,787250;;;
261365;21;3;2015;03:31;0;RUA LUIS VIEIRA;;;;;Colisão;;;;Meio de Quadra;;;0;1;1;1;0;0;0;0;0;1;0;0;-38,588154;-3,792098;;;
261373;21;3;2015;10:37;0;AV PRS CASTELO BRANCO;;;;;Queda;Luz do Dia;;;Meio de Quadra;;;0;1;0;0;0;0;0;0;0;1;0;0;;;;;
261374;21;3;2015;12:32;0;AV JOAO PESSOA;;;;;Colisão;Luz do Dia;;;Meio de Quadra;;;0;1;0;1;1;0;0;0;0;0;0;0;-38,557267;-3,761293;;;
261381;21;3;2015;15:29;0;AV JOAO PESSOA;;;;;Colisão;Luz do Dia;;;Meio de Quadra;;;0;1;1;1;0;0;0;0;0;1;0;0;-38,555134;-3,758771;;;
261377;21;3;2015;12:51;0;AV ALBERTO CRAVEIRO;;;;;Atropelamento;Luz do Dia;;;Meio de Quadra;;;0;1;1;0;0;0;0;0;0;1;0;0;-38,516560;-3,782812;;;
258660;21;3;2015;12:40;0;RD BR 116;;;4000;KM-04;Colisão Transversal;Luz do Dia;Bom;Seca;Meio de Quadra;Não Há Controle;Comercial;0;0;2;0;1;0;0;0;0;0;0;0;-38,510646;-3,788331;;;
249765;21;3;2015;15:15;9200;RUA JAIME BENEVOLO;RUA DEP JOAO PONTES;;;;Colisão Transversal;Luz do Dia;Bom;Seca;Cruz;Pare;Misto;0;1;1;1;0;0;0;0;0;1;0;0;-38,530076;-3,746140;;;
249767;21;3;2015;01:00;22048;RUA MON FURTADO;RUA CANDIDO JUCA;;;;Colisão Lateral;Mal Iluminada;Chuva;Molhada;Cruz;Não Há Controle;Residencial;0;0;2;1;0;0;0;0;0;0;0;0;-38,546001;-3,742476;;;
249763;21;3;2015;13:30;24207;RUA CEL JOSE AURELIO CAMARA;RUA RENATO BRAGA;;;;Colisão Lateral;Luz do Dia;Nublado;Seca;T;Não Há Controle;Residencial;0;0;2;1;0;0;0;0;0;0;0;0;-38,463218;-3,732360;;;
249750;21;3;2015;22:00;19501;AV DR SILAS MUNGUBA;RUA PDE CARLOS QUIXADA;;;;Colisão Traseira;Via Iluminada;Chuva;Molhada;T;Semáforo;Comercial;0;0;2;1;0;0;0;0;0;0;0;0;-38,557763;-3,781111;;;
249744;21;3;2015;18:50;14503;RUA H ESPL CASTELAO;RUA INES BRASIL;;;;Colisão Transversal;Anoitecer;Chuva;Molhada;Cruz;Pare;Residencial;0;0;3;1;0;0;0;1;0;0;0;0;-38,517518;-3,801688;;;
249775;21;3;2015;15:30;3788;RUA PDE FRANCISCO PINTO;RUA WALDERY UCHOA;;;;Colisão Transversal;Luz do Dia;Nublado;Seca;Cruz;Pare;Comercial;0;0;2;1;0;0;0;0;0;1;0;0;-38,539138;-3,744299;;;
249773;21;3;2015;02:00;15145;AV HIS RAIMUNDO GIRAO;AV BAR STUDART;;;;Colisão Traseira;Via Iluminada;Chuva;Molhada;Cruz;Semáforo;Comercial;0;1;1;1;0;0;0;0;0;0;0;0;-38,503367;-3,724494;;;
249737;21;3;2015;;0;RUA MARIO MAMEDE;RUA JAIME CALADO;;835;;Colisão Transversal;Luz do Dia;Bom;Seca;Meio de Quadra;Não Há Controle;Residencial;0;0;2;1;0;0;0;0;0;0;0;0;-38,527856;-3,752334;;;
249771;21;3;2015;07:30;26205;RUA MIN ALBUQUERQUE LIMA;RUA 719 CJ CEARA;;;;Colisão Traseira;Luz do Dia;Bom;Seca;Duplo T;Não Há Controle;Misto;0;0;2;1;0;0;0;0;0;1;0;0;-38,602002;-3,770919;;;
249779;21;3;2015;07:20;1324;RUA TORRES CAMARA;RUA DR JOSE LOURENCO;;;;Colisão Lateral;Luz do Dia;Bom;Seca;Cruz;;Comercial;0;1;1;1;0;0;0;0;0;0;0;0;-38,508053;-3,735281;;;
249777;21;3;2015;01:00;9153;AV 13 DE MAIO;RUA PAULA RODRIGUES;;;;Colisão Traseira;Via Iluminada;Chuva;Molhada;T;Semáforo;Comercial;0;0;2;1;0;0;0;0;0;0;0;0;-38,525876;-3,752271;;;
249781;21;3;2015;10:20;9670;RUA OSCAR ARARIPE;RUA ARI MAIA;;;;Colisão Frontal;Luz do Dia;Nublado;Molhada;Cruz;Não Há Controle;Residencial;0;1;1;0;1;0;0;0;1;0;0;0;-38,621576;-3,784266;;;
249782;21;3;2015;15:00;7670;AV JOSE BASTOS;RUA ALAGOAS;;;;Colisão Lateral;Luz do Dia;Chuva;Molhada;Cruz;Pare;Comercial;0;1;1;1;0;0;0;0;0;1;0;0;-38,565892;-3,762751;;;
249792;21;3;2015;10:10;11057;AV DOS EXPEDICIONARIOS;AV DR SILAS MUNGUBA;;;;Colisão Transversal;Luz do Dia;Nublado;Seca;Cruz;Semáforo;Comercial;0;0;2;1;0;0;0;0;0;0;0;0;-38,547960;-3,787538;;;
249793;21;3;2015;18:30;6837;AV ANTONIO SALES;RUA SAO GABRIEL (COCO);;;;Colisão Traseira;Via Iluminada;Chuva;Molhada;T;Não Há Controle;Comercial;0;1;1;1;0;0;0;0;0;0;0;0;-38,492552;-3,748462;;;
249794;21;3;2015;20:45;1611;RUA CEL JUCA;RUA VICENTE LINHARES;;;;Colisão Transversal;Via Iluminada;Bom;Molhada;Cruz;Pare;Residencial;0;1;1;1;0;0;0;0;0;0;0;0;-38,493430;-3,744356;;;
249811;21;3;2015;20:00;0;AV PRS CASTELO BRANCO;;;4775;;Colisão Transversal;Via Iluminada;Bom;Seca;Meio de Quadra;Não Há Controle;Residencial;0;2;1;1;0;0;0;0;0;0;0;0;-38,574714;-3,706085;;;
249812;21;3;2015;10:00;0;RUA GONCALO SOUTO;;;306;;Colisão Traseira;Luz do Dia;Bom;Seca;;;;0;0;2;1;0;0;0;0;0;0;0;0;-38,530543;-3,768187;;;
249803;21;3;2015;07:30;8121;RUA DR GILBERTO STUDART;RUA MANUEL DE QUEIROZ;;;;Colisão Transversal;Luz do Dia;Bom;Seca;Cruz;Pare;Residencial;0;0;2;1;0;0;0;0;0;0;0;0;-38,467177;-3,748059;;;
249796;21;3;2015;06:30;19572;RUA PRIMEIRO DE JANEIRO;RUA MONACO;;;;Colisão Lateral;Luz do Dia;Bom;Seca;Cruz;Pare;Residencial;0;1;1;1;0;0;0;0;0;1;0;0;-38,568891;-3,784193;;;
249798;21;3;2015;10:10;0;AV ALBERTO CRAVEIRO;;;466;;Colisão Traseira;Luz do Dia;Bom;Seca;Meio de Quadra;Não Há Controle;Comercial;0;0;2;1;0;0;0;0;0;0;0;0;-38,516560;-3,782812;;;
249799;21;3;2015;07:30;0;AV ALBERTO CRAVEIRO;;;466;;Colisão Traseira;Luz do Dia;Bom;Seca;Meio de Quadra;Não Há Controle;Comercial;0;0;2;1;0;0;0;0;0;0;0;0;-38,516560;-3,782812;;;
249801;21;3;2015;15:30;0;AV PRS COSTA E SILVA;;;;;Colisão Lateral;Luz do Dia;Bom;Seca;Meio de Quadra;Não Há Controle;Comercial;0;0;2;0;0;0;1;0;0;1;0;0;;;;;
249819;21;3;2015;19:00;0;RUA BERNARDO MANUEL;;;9942;;Colisão Traseira;Via Iluminada;Chuva;Molhada;Meio de Quadra;Não Há Controle;Comercial;0;1;2;1;1;0;0;0;0;1;0;0;-38,553049;-3,804176;;;
249808;21;3;2015;16:30;5162;RUA SAO PAULO;RUA GAL SAMPAIO;;;;Colisão Transversal;Luz do Dia;Bom;Seca;Cruz;Semáforo;Comercial;0;1;1;1;0;0;1;0;0;0;0;0;-38,530266;-3,725134;;;
249809;21;3;2015;01:10;5143;RUA MON CARNEIRO DA CUNHA;AV FILOMENO GOMES;;;;Choque c/ Obstáculo Fixo;Via Iluminada;Bom;Molhada;T;Pare;Residencial;0;0;1;0;0;0;0;0;0;0;0;0;-38,541718;-3,724629;;;
249815;21;3;2015;15:00;0;AV DEP PAULINO ROCHA;;;40;;Colisão Lateral;Luz do Dia;Bom;Seca;Meio de Quadra;Não Há Controle;Residencial;0;1;1;1;0;0;0;0;0;1;0;0;-38,507330;-3,801112;;;
249817;21;3;2015;07:10;0;RUA BERNARDO MANUEL;;;9340;;Colisão Traseira;Luz do Dia;Bom;Seca;Meio de Quadra;Semáforo;Residencial;0;0;3;1;0;0;1;0;0;0;0;0;-38,552294;-3,801657;;;
249759;21;3;2015;12:30;0;AV ALBERTO CRAVEIRO;;;507;MAKRO;Colisão Lateral;Luz do Dia;Bom;Seca;Meio de Quadra;Não Há Controle;Comercial;0;1;1;1;0;0;0;0;0;1;0;0;-38,515910;-3,781154;;;
249760;21;3;2015;15:00;3767;AV DOMINGOS OLIMPIO;AV IMPERADOR;;;;Colisão Transversal;Luz do Dia;Nublado;Seca;Cruz;Semáforo;Comercial;0;2;0;0;0;0;0;0;1;0;0;0;-38,536697;-3,734790;;;
249761;21;3;2015;06:00;5437;RUA METON DE ALENCAR;RUA FLORIANO PEIXOTO;;;;Colisão Transversal;Luz do Dia;Bom;Seca;Cruz;Pare;Comercial;0;0;2;1;0;0;1;0;0;0;0;0;-38,529358;-3,734071;;;
249748;21;3;2015;20:40;22937;AV DR SILAS MUNGUBA;RUA GOV JOAO CARLOS;;;;Colisão Frontal;Via Iluminada;Bom;Seca;Duplo T;Semáforo;Comercial;0;0;2;1;0;0;0;0;0;0;0;0;-38,553910;-3,783950;;;
249741;21;3;2015;13:30;3419;AV JOAO PESSOA;RUA MIGUEL GONCALVES;;;;Colisão Lateral;Luz do Dia;Bom;Seca;Cruz;Pare;Residencial;0;1;1;1;1;0;0;0;0;0;0;0;-38,555080;-3,758710;;;
249739;21;3;2015;12:21;12882;RUA COS TRISTAO;RUA CARLOS GOMES;;;;Colisão Lateral;Luz do Dia;Bom;Seca;Cruz;Pare;Residencial;0;0;2;1;0;0;0;0;0;0;0;0;-38,527443;-3,741253;;;
249735;21;3;2015;17:45;5395;RUA TEREZA CRISTINA;RUA ANTONIO POMPEU;;;;Colisão Transversal;Via Iluminada;Chuva;Molhada;Cruz;Pare;Comercial;0;1;1;1;0;0;0;0;0;1;0;0;-38,538356;-3,732340;;;
249805;21;3;2015;00:05;0;AV DIOGUINHO;;;2214;;;Via Iluminada;Chuva;Molhada;Meio de Quadra;Outros;Comercial;0;1;2;0;1;0;0;0;0;1;0;0;-38,456289;-3,736192;;;
258980;21;3;2015;23:30;0;RD CE-040;;;;KM-06;Colisão Frontal;;;Molhada;Meio de Quadra;;;0;0;2;1;0;0;0;0;0;0;0;0;-38,478781;-3,811270;;;
265631;21;3;2015;21:52;0;AV JOVITA FEITOSA;;;1086;;Colisão;;;;Meio de Quadra;;;0;0;2;0;0;0;0;0;0;0;0;0;-38,553877;-3,739343;;;
265632;21;3;2015;21:59;9048;RUA CEL SOLON;RUA MON OTAVIO CASTRO;;;;Colisão;;;;Cruz;Pare;Residencial;0;0;2;0;0;0;0;0;0;0;0;0;-38,527710;-3,743054;;;
265637;21;3;2015;22:03;0;AV PRS CASTELO BRANCO;;;;;Colisão;;;;Meio de Quadra;;;0;0;2;0;0;0;0;0;0;0;0;0;;;;;
265639;21;3;2015;22:04;0;AV G CJ CEARA;;;;;Colisão;;;;Meio de Quadra;;;0;0;2;0;0;0;0;0;0;0;0;0;;;;;
265614;21;3;2015;20:16;0;AV PRS COSTA E SILVA;;;;;Colisão;;;;Meio de Quadra;;;0;0;2;0;0;0;0;0;0;0;0;0;;;;;
265621;21;3;2015;20:24;0;RUA CAP HERMINIO;;;101;;Colisão;;;;Meio de Quadra;;;0;0;2;0;0;0;0;0;0;0;0;0;;;;;
265627;21;3;2015;21:51;5364;AV TRISTAO GONCALVES;RUA GAL CLARINDO DE QUEIROZ;;;;Colisão;;;;Cruz;Não Há Controle;Comercial;0;0;2;0;0;0;0;0;0;0;0;0;-38,534472;-3,731314;;;
265595;21;3;2015;08:28;7881;RUA JOAO EMIDIO SILVEIRA;RUA FOT RIBEIRO;;;;Colisão;Luz do Dia;;;;;;0;0;2;0;0;0;0;0;0;0;0;0;-38,500045;-3,750122;;;
265596;21;3;2015;10:37;0;AV SEN FERNANDES TAVORA;;;2468;;Choque c/ Obstáculo Fixo;Luz do Dia;;;Meio de Quadra;;;0;0;1;0;0;0;0;0;0;0;0;0;-38,595374;-3,755666;;;
265597;21;3;2015;11:05;0;RUA CEL FRANCISCO PEREIRA (MESSEJANA);;;403;;Colisão;Luz do Dia;;;Meio de Quadra;;;0;0;2;0;0;0;0;0;0;0;0;0;-38,493002;-3,832484;;;