COD_ACIDENTE;DIA;MES;ANO;HORA;INTERSECAO;LOG1;LOG2;LOG3;NUMERO;REFERENCIA;NATUREZA;ILUMINACAO;TEMPO;SUPERFICIEPISTA;TIPOCRUZAMENTO;CONTROLETRAFEGO;USOSOLO;MORTOS;FERIDOS;ILESOS;AUTOMOVEL;ONIBUS;BICICLETA;CAMINHAO;MICROONIBUS;CICLOMOTOR;MOTOCICLETA;TRACAOANIMAL;TREM;LONG;LAT;;;
265599;21;3;2015;12:35;0;RUA CON DE CASTRO;;;2792;;Colisão;Luz do Dia;;;Meio de Quadra;;;0;0;2;0;0;0;0;0;0;0;0;0;-38,581472;-3,793704;;;
265600;21;3;2015;17:06;0;RUA CAR ARCO VERDE;;;130;;Atropelamento;Anoitecer;;;Meio de Quadra;;;0;0;2;0;0;0;0;0;0;0;0;0;-38,593018;-3,751349;;;
265601;21;3;2015;17:32;0;LOGRADOURO SEM NOME;;;;;Choque c/ Obstáculo Fixo;Anoitecer;;;Meio de Quadra;;;0;0;1;0;0;0;0;0;0;0;0;0;;;;;
265609;21;3;2015;21:15;0;AV DES FLORIANO BENEVIDES;;;220;;Colisão;;;;Meio de Quadra;;;0;0;2;0;0;0;0;0;0;0;0;0;-38,479570;-3,772671;;;
265611;21;3;2015;23:42;7126;RUA STA ELISA D21;AV PASTEUR;;;;Atropelamento;;;;Cruz;Não Há Controle;Residencial;0;0;2;0;0;0;0;0;0;0;0;0;-38,557705;-3,707308;;;
265612;21;3;2015;19:48;0;AV JOR THOMAZ COELHO;;;;;Colisão;;;;Meio de Quadra;;;0;0;2;0;0;0;0;0;0;0;0;0;;;;;
257583;21;3;2015;11:10;0;AV WASHINGTON SOARES;;;8564;;Colisão;Luz do Dia;Bom;Seca;Meio de Quadra;;;0;0;2;1;0;0;0;0;0;1;0;0;-38,481712;-3,826113;;;
257584;21;3;2015;23:12;21704;RUA CARLOS ARAUJO;RUA DR JOSE GOIANA;;;;Colisão;;;;Cruz;Não Há Controle;Residencial;0;2;0;1;0;0;0;0;0;1;0;0;-38,590442;-3,727401;;;
261394;21;3;2015;18:02;0;RUA IRINEU DE SOUZA;AV DR THEBERGE;;;;Colisão;Anoitecer;;;;;;0;1;1;1;0;0;0;0;0;1;0;0;;;;;
261395;21;3;2015;18:32;0;AV GAL OSORIO DE PAIVA;;;4969;;Colisão;;;;Meio de Quadra;;;0;1;1;0;0;0;1;0;0;1;0;0;-38,599177;-3,801746;;;
261398;21;3;2015;19:13;0;VL STA ELISA D04;;;;;Queda;;;;Meio de Quadra;;;0;1;0;0;0;0;0;0;0;1;0;0;;;;;
261402;21;3;2015;19:30;12523;RUA PIERRE LUZ;RUA MARIA CLARA;;;;Colisão;;;;Cruz;Pare;Misto;0;1;1;1;0;1;0;0;0;0;0;0;-38,588502;-3,725120;;;
261403;21;3;2015;19:39;0;AV GOV RAUL BARBOSA;;;;;Atropelamento;;;;Meio de Quadra;;;0;1;1;0;0;0;0;0;0;1;0;0;-38,512814;-3,774118;;;
261404;21;3;2015;20:07;0;AV DOS EXPEDICIONARIOS;;;;;Colisão;;;;Meio de Quadra;;;0;1;0;0;0;0;0;0;0;0;0;0;-38,553136;-3,804540;;;
261406;21;3;2015;20:38;10875;RUA ARACAJU;RUA BOA VISTA;;;;Atropelamento;;;;;;;0;1;1;0;0;0;0;0;0;0;0;0;-38,591008;-3,766392;;;
261408;21;3;2015;23:45;0;AV MAJ ASSIS;;;;;Colisão;;;;Meio de Quadra;;;0;1;1;1;0;0;0;0;0;1;0;0;-38,590298;-3,723287;;;
260125;21;3;2015;04:14;0;AV DA UNIVERSIDADE;;;;;Colisão;;;;Meio de Quadra;;;0;0;2;1;0;0;0;0;0;0;0;0;;;;;
260126;21;3;2015;08:24;0;AV FRE CIRILO;;;;;Colisão;Luz do Dia;;;Meio de Quadra;;;0;0;2;1;0;0;0;0;0;0;0;0;;;;;
261409;22;3;2015;01:16;0;RD BR 116;;;14000;KM-14;;;;;Meio de Quadra;;;0;1;0;0;0;0;0;0;0;1;0;0;-38,499242;-3,873523;;;
261410;22;3;2015;03:46;0;AV 13 DE MAIO;;;;;Atropelamento;;;;Meio de Quadra;;;0;1;0;1;0;0;0;0;0;0;0;0;;;;;
261416;22;3;2015;12:20;0;RUA FRANCISCO GLICERIO;;;;;Colisão;Luz do Dia;;;Meio de Quadra;;;0;1;1;0;0;0;0;0;0;1;0;0;-38,566050;-3,797117;;;
261418;22;3;2015;12:38;0;RUA ESTEFANIA M MOTA;;;;;Atropelamento;Luz do Dia;;;Meio de Quadra;;;0;1;1;1;0;0;0;0;0;0;0;0;;;;;
261414;22;3;2015;10:06;0;VL STA ELISA D04;;;;;Colisão;Luz do Dia;;;Meio de Quadra;;;0;1;1;0;0;0;0;0;0;1;0;0;;;;;
261440;22;3;2015;10:14;0;RD BR 116;;;14000;KM-14;Queda;Luz do Dia;;;Meio de Quadra;;;0;1;0;0;0;0;0;0;0;1;0;0;-38,499242;-3,873523;;;
261426;22;3;2015;14:14;0;RUA CON DE CASTRO;;;;;Colisão;Luz do Dia;;;Meio de Quadra;;;0;1;1;1;0;0;0;0;0;1;0;0;-38,587272;-3,799925;;;
261427;22;3;2015;14:39;0;RUA GUSTAVO SAMPAIO;;;;;;Luz do Dia;;;Meio de Quadra;;;0;1;1;1;0;0;0;0;0;1;0;0;;;;;
261428;22;3;2015;15:12;0;AV HIS RAIMUNDO GIRAO;;;;;Colisão;Luz do Dia;;;Meio de Quadra;;;0;1;1;1;0;0;0;0;0;1;0;0;;;;;
261429;22;3;2015;15:16;0;AV DR SILAS MUNGUBA;;;;;Colisão;Luz do Dia;;;Meio de Quadra;;;0;1;0;0;0;0;0;0;0;0;0;0;-38,558546;-3,780686;;;
261430;22;3;2015;17:02;0;AV OLIVEIRA PAIVA;;;;;Colisão;Anoitecer;;;Meio de Quadra;;;0;1;1;0;0;0;0;0;0;1;0;0;-38,501833;-3,798017;;;
261431;22;3;2015;17:21;0;AV PERIMETRAL;;;;;Queda;Anoitecer;;;Meio de Quadra;;;0;1;0;0;0;0;0;0;0;1;0;0;;;;;
261432;22;3;2015;19:29;0;AV J CJ CEARA;;;;;Colisão;;;;Meio de Quadra;;;0;1;0;0;0;0;0;0;0;0;0;0;;;;;
261433;22;3;2015;20:05;0;AV WASHINGTON SOARES;;;;;Atropelamento;;;;Meio de Quadra;;;0;1;0;1;0;0;0;0;0;0;0;0;-38,481343;-3,823756;;;
261434;22;3;2015;20:29;0;RUA ALVES BEZERRA;;;;;Colisão;;;;Meio de Quadra;;;0;1;1;1;0;0;0;0;0;1;0;0;;;;;
261435;22;3;2015;20:50;0;AV PERIMETRAL;;;;;Queda;;;;Meio de Quadra;;;0;1;0;0;0;0;0;0;0;1;0;0;;;;;
261436;22;3;2015;20:54;0;RUA RIBEIRO LEITAO;RUA JOCKEY CLUBE;;;;Colisão;;;;;;;0;1;1;1;0;0;0;0;0;1;0;0;;;;;
261437;22;3;2015;21:10;0;AV JOAO PESSOA;;;5190;;Colisão;;;;Meio de Quadra;;;0;1;1;0;0;0;0;0;0;0;0;0;-38,553449;-3,756885;;;
261438;22;3;2015;22:23;0;AV ABOLICAO;;;;;Atropelamento;;;;Meio de Quadra;;;0;1;1;0;0;0;0;0;0;1;0;0;-38,477727;-3,720806;;;
265643;22;3;2015;08:00;0;AV OLIVEIRA PAIVA;;;;;Choque c/ Obstáculo Fixo;Luz do Dia;;;Meio de Quadra;;;0;0;1;0;0;0;0;0;0;0;0;0;;;;;
265656;22;3;2015;10:01;0;RUA STA ELISA D21;;;860;;Colisão;Luz do Dia;;;Meio de Quadra;;;0;0;2;0;0;0;0;0;0;0;0;0;-38,560796;-3,706027;;;
265659;22;3;2015;12:44;5697;RUA ESV AZEVEDO;RUA CICERO ALVES SOUZA;;;;Colisão;Luz do Dia;;;;;;0;0;2;0;0;0;0;0;0;0;0;0;-38,499104;-3,793175;;;
265668;22;3;2015;13:50;0;VL DO MAR;;;;;Colisão;Luz do Dia;;;Meio de Quadra;;;0;0;2;0;0;0;0;0;0;0;0;0;;;;;
265669;22;3;2015;13:53;14453;RUA DEMOCRITO ROCHA;RUA CONRADO CABRAL;;;;Colisão;Luz do Dia;;;Cruz;Pare;Residencial;0;0;2;0;0;0;0;0;0;0;0;0;-38,549061;-3,726347;;;
265671;22;3;2015;13:56;0;AV GAL OSORIO DE PAIVA;;;6391;;Colisão;Luz do Dia;;;Meio de Quadra;;;0;0;2;0;0;0;0;0;0;0;0;0;-38,608035;-3,810912;;;
265672;22;3;2015;14:17;0;AV CONTORNO SUL;;;101;;Choque c/ Obstáculo Fixo;Luz do Dia;;;Meio de Quadra;;;0;0;1;0;0;0;0;0;0;0;0;0;;;;;
265677;22;3;2015;16:22;0;RUA JUVENTUDE;;;601;;Atropelamento;Luz do Dia;;;Meio de Quadra;;;0;0;2;0;0;0;0;0;0;0;0;0;;;;;
265679;22;3;2015;16:40;0;AV GODOFREDO MACIEL;;;;;Colisão;Luz do Dia;;;Meio de Quadra;;;0;0;2;0;0;0;0;0;0;0;0;0;;;;;
265680;22;3;2015;16:58;1823;RUA MARIA QUINTINO;RUA CEL ALIPIO CUNHA;;;;Colisão;Luz do Dia;;;;;;0;0;2;0;0;0;0;0;0;0;0;0;-38,501423;-3,859578;;;
265674;22;3;2015;14:55;0;AV PDE ANTONIO TOMAS;;;3655;;Colisão;Luz do Dia;;;Meio de Quadra;;;0;0;2;0;0;0;0;0;0;0;0;0;-38,479170;-3,746788;;;
265675;22;3;2015;16:20;0;RUA SAO LEOPOLDO D69;;;860;;Colisão;Luz do Dia;;;Meio de Quadra;;;0;0;2;0;0;0;0;0;0;0;0;0;;;;;
265685;22;3;2015;19:29;5881;AV J CJ CEARA;RUA 1133 CJ CEARA;;;;Colisão;;;;;Não Há Controle;Residencial;0;0;2;0;0;0;0;0;0;0;0;0;-38,612587;-3,759464;;;
265686;22;3;2015;20:01;0;RUA MANOEL DE CASTRO (SIQUEIRA);;;1461;;Colisão;;;;Meio de Quadra;;;0;0;2;0;0;0;0;0;0;0;0;0;-38,629043;-3,804730;;;
258981;22;3;2015;06:00;0;RD CE-040;;;;KM-06;Choque c/ Obstáculo Fixo;Luz do Dia;;Molhada;Meio de Quadra;;;0;0;1;1;0;0;0;0;0;0;0;0;-38,478781;-3,811270;;;
258982;22;3;2015;09:10;0;RD CE-040;;;;KM-05;Colisão;Luz do Dia;Bom;Seca;Meio de Quadra;;;0;0;2;1;0;0;0;0;0;0;0;0;-38,480349;-3,790876;;;
276124;22;3;2015;12:00;0;RD BR 116;;;4000;KM-04;Colisão Lateral;Luz do Dia;Bom;Seca;Meio de Quadra;;;0;0;2;0;0;0;1;0;0;0;0;0;;;;;
249818;22;3;2015;19:00;0;AV OLIVEIRA PAIVA;;;361;;Colisão Transversal;Via Iluminada;Bom;Seca;Meio de Quadra;Não Há Controle;Comercial;0;1;1;0;0;0;0;0;1;1;0;0;-38,501833;-3,798017;;;
249816;22;3;2015;11:30;2329;AV FRANCISCO SA;RUA AMADEU DE CASTRO;;;;Colisão Transversal;Luz do Dia;Bom;Seca;T;Não Há Controle;Comercial;0;1;1;1;0;0;0;0;0;1;0;0;-38,589562;-3,704250;;;
249820;22;3;2015;02:15;241;AV JOVITA FEITOSA;RUA COS VIEIRA DA SILVA;;;;Colisão Traseira;Via Iluminada;Chuva;Seca;Cruz;Pare;Comercial;0;1;1;1;0;0;0;0;0;0;0;0;-38,554236;-3,739414;;;
249802;22;3;2015;14:00;0;RUA PDE ANCHIETA;;;93;;Colisão Traseira;Luz do Dia;Bom;Seca;Meio de Quadra;;Residencial;0;0;2;1;0;0;0;0;0;0;0;0;-38,549807;-3,720806;;;
249800;22;3;2015;16:00;0;RUA JOR ANTONIO P TAVARES;;;809;;Colisão Traseira;Luz do Dia;Nublado;Seca;Meio de Quadra;Não Há Controle;Residencial;0;1;1;1;1;0;0;0;0;0;0;0;-38,510953;-3,812043;;;
249797;22;3;2015;12:30;6726;RUA DR GILBERTO STUDART;RUA JULIO AZEVEDO;;;;Colisão Transversal;Luz do Dia;Bom;Seca;Cruz;Pare;Residencial;0;0;2;1;0;0;0;0;0;0;0;0;-38,482408;-3,743146;;;
249791;22;3;2015;07:00;0;AV PRS CASTELO BRANCO;;;2660;;Atropelamento;Via Iluminada;Bom;Seca;Meio de Quadra;Não Há Controle;Residencial;0;2;0;0;0;0;0;0;0;1;0;0;-38,551633;-3,712806;;;
249804;22;3;2015;15:30;22200;AV SGT HERMINIO SAMPAIO;RUA CEL MOZART GONDIM;;;;Colisão Transversal;Luz do Dia;Bom;Seca;Cruz;Não Há Controle;Residencial;0;1;1;1;0;0;0;0;0;1;0;0;-38,561327;-3,726516;;;
249807;22;3;2015;;8652;AV EDILSON B SOARES;RUA MARIO ALENCAR ARARIPE;;;;Choque c/ Obstáculo Fixo;Luz do Dia;Nublado;Seca;T;Pare;Residencial;0;0;1;0;0;0;0;0;0;0;0;0;-38,478792;-3,789298;;;
249813;22;3;2015;14:50;3177;RUA ANSELMO NOGUEIRA;RUA CARLOS CHAGAS;;;;Colisão Transversal;Luz do Dia;Chuva;Molhada;Cruz;Pare;Residencial;0;1;2;1;0;0;0;0;0;1;0;0;-38,586797;-3,779698;;;
249814;22;3;2015;10:45;19753;RUA ERICO MOTA;RUA AZEVEDO BOLAO;;;;Colisão Transversal;Luz do Dia;Nublado;Seca;Cruz;Pare;Residencial;0;0;2;1;0;0;0;0;0;0;0;0;-38,562522;-3,737645;;;
249795;22;3;2015;12:30;0;RUA JOSE CARLOS GURGEL NOGUEIRA;;;211;;Colisão Lateral;Luz do Dia;Nublado;Seca;Meio de Quadra;;Residencial;0;1;1;1;0;0;0;0;0;1;0;0;-38,474659;-3,734264;;;
257630;22;3;2015;22:18;3420;RUA DES PRAXEDES;AV JOAO PESSOA;;;;Colisão;;;;Cruz;Semáforo;Comercial;0;1;0;0;1;0;0;0;0;1;0;0;-38,553504;-3,756946;;;
257636;22;3;2015;19:40;0;RD CE-040;;;;KM-09;Atropelamento;;;;Meio de Quadra;;;0;3;0;0;0;0;0;0;0;1;0;0;-38,481431;-3,824774;;;
257652;22;3;2015;18:40;0;AV GAL OSORIO DE PAIVA;;;6395;;Colisão;;;;Meio de Quadra;;;1;0;1;1;0;0;0;0;0;1;0;0;-38,608152;-3,811033;;;
258661;22;3;2015;01:00;0;RD BR 116;;;14000;KM-14;Colisão;Via Iluminada;Chuva;Molhada;Meio de Quadra;Não Há Controle;Comercial;1;1;0;0;0;1;0;0;0;1;0;0;-38,499242;-3,873523;;;
258662;22;3;2015;06:45;0;RD BR 116;;;5000;KM-05;Choque c/ Obstáculo Fixo;Luz do Dia;Bom;Seca;Meio de Quadra;Não Há Controle;Comercial;0;1;0;0;0;0;0;0;0;0;0;0;-38,506787;-3,796502;;;
249827;22;3;2015;21:10;25455;AV ENG JOSÉ GUIMARÃES;RUA PEDRO LAZAR;;;;Colisão Transversal;Mal Iluminada;Nublado;Seca;Cruz;Pare;Residencial;0;1;1;1;0;0;0;0;1;0;0;0;;;;;
249828;22;3;2015;05:40;0;RUA CONDE D´EU;;;;;Colisão Lateral;Luz do Dia;Bom;Seca;Meio de Quadra;Pare;Comercial;0;0;2;1;0;0;0;0;0;0;0;0;;;;;
249829;22;3;2015;14:40;25044;AV ENG HUMBERTO MONTE;RUA ARGENTINA;;;;Colisão Lateral;Luz do Dia;Bom;Seca;Cruz;Semáforo;Comercial;0;1;1;1;0;0;0;0;0;1;0;0;-38,563090;-3,746008;;;
249831;22;3;2015;08:15;5438;RUA METON DE ALENCAR;RUA ASSUNCAO;;;;Colisão Transversal;Luz do Dia;Bom;Seca;Cruz;Pare;Misto;0;1;1;1;0;0;0;0;0;1;0;0;-38,528594;-3,734332;;;
249832;22;3;2015;12:30;22937;AV DR SILAS MUNGUBA;RUA GOV JOAO CARLOS;;;;Colisão Traseira;Luz do Dia;Nublado;Seca;T;Semáforo;Comercial;0;0;2;1;0;0;0;0;0;0;0;0;-38,553910;-3,783950;;;
249833;22;3;2015;14:30;3609;RUA GUILHERME ASSUNCAO;AV CAP WALDEMAR PAULA LIMA;;;;Colisão Frontal;Luz do Dia;Bom;Seca;Cruz;Não Há Controle;Lazer;1;0;2;0;0;0;1;0;0;1;0;0;-38,507427;-3,816601;;;
249834;22;3;2015;21:30;0;AV DA UNIVERSIDADE;;;3345;;Colisão Transversal;Via Iluminada;Nublado;Seca;Meio de Quadra;Não Há Controle;Residencial;0;0;2;1;0;0;0;0;0;0;0;0;-38,542261;-3,744429;;;
249835;22;3;2015;14:50;0;AV DR SILAS MUNGUBA;;;852;;Atropelamento;Luz do Dia;Nublado;Seca;Meio de Quadra;Semáforo;Residencial;0;1;1;1;0;0;0;0;0;0;0;0;-38,558168;-3,780889;;;
249824;22;3;2015;14:45;5235;RUA PEDRO PEREIRA;RUA PRC ISABEL;;;;Colisão Transversal;Luz do Dia;Bom;Seca;Cruz;Pare;Misto;0;0;2;1;0;0;0;0;0;0;0;0;-38,535705;-3,727353;;;
249822;22;3;2015;12:30;19377;RUA EDUARDO PERDIGAO;RUA GERMANO FRANCK;;;;Colisão Lateral;Luz do Dia;Nublado;Seca;Cruz;Semáforo;Comercial;0;0;2;1;0;0;0;0;0;0;0;0;-38,562542;-3,777704;;;
249850;23;3;2015;14:30;22845;RUA CON LIMA SUCUPIRA;RUA GOV JOAO CARLOS;;;;Colisão Transversal;Luz do Dia;Nublado;Seca;Cruz;Pare;Residencial;0;0;2;1;0;0;0;0;0;0;0;0;-38,551518;-3,777951;;;
249871;23;3;2015;00:30;22099;AV JOSE BASTOS;RUA JOSE FACANHA;;;;Colisão Traseira;Via Iluminada;Chuva;Molhada;T;Semáforo;Comercial;0;0;2;1;0;0;0;0;0;0;0;0;-38,554822;-3,754359;;;
249868;23;3;2015;20:30;3929;RUA SEN POMPEU;RUA ANTONIO POMPEU;;;;Colisão Lateral;Via Iluminada;Nublado;Seca;Cruz;Semáforo;Outros;0;0;2;1;0;0;1;0;0;0;0;0;-38,531891;-3,734439;;;
249875;23;3;2015;15:00;1522;RUA CEL JUCA;RUA EDUARDO GARCIA;;;;Colisão Lateral;Luz do Dia;Bom;Seca;Cruz;Pare;Misto;0;1;1;1;0;0;0;0;0;1;0;0;-38,492166;-3,740419;;;
249877;23;3;2015;13:10;0;RUA SILVA PAULET;;;230;;Colisão Transversal;Luz do Dia;Nublado;Seca;Meio de Quadra;Semáforo;Misto;0;0;2;0;0;0;1;1;0;0;0;0;-38,502703;-3,726017;;;
249878;23;3;2015;16:00;13420;RUA BAR ARACATI;RUA JOAQUIM TORRES;;;;Colisão Lateral;Luz do Dia;Bom;Seca;Cruz;Pare;Residencial;0;0;2;0;0;0;0;0;0;0;0;0;-38,515085;-3,742151;;;
249880;23;3;2015;08:10;0;RUA JOAO CORDEIRO;;;2333;;Colisão Lateral;Luz do Dia;Chuva;Molhada;Meio de Quadra;Semáforo;Misto;0;0;2;1;0;0;1;0;0;0;0;0;-38,518125;-3,740781;;;
249881;23;3;2015;13:10;0;AV BORGES DE MELO;;;60;;Colisão Lateral;Luz do Dia;Nublado;Molhada;Meio de Quadra;Pare;Comercial;0;0;2;1;0;0;0;0;0;0;0;0;-38,517871;-3,761561;;;
249884;23;3;2015;18:40;0;RUA GARDENIA;;;399;;Colisão Traseira;Via Iluminada;Bom;Seca;Meio de Quadra;Não Há Controle;Residencial;0;0;2;1;0;0;0;0;0;0;0;0;;;;;
249886;23;3;2015;10:20;0;AV BORGES DE MELO;;;12;;Colisão Lateral;Luz do Dia;Nublado;Seca;Meio de Quadra;Não Há Controle;Residencial;0;1;1;0;0;0;0;0;0;0;0;0;;;;;
249892;23;3;2015;11:00;15267;AV ANTONIO JUSTA;RUA CEL LINHARES;;;;Choque c/ Obstáculo Fixo;Luz do Dia;Nublado;Seca;T;Não Há Controle;Residencial;0;0;2;1;0;0;0;0;0;1;0;0;-38,491594;-3,728586;;;
249898;23;3;2015;09:45;0;RUA GAL PIRAGIBE;;;227;;Colisão Traseira;Luz do Dia;Nublado;Seca;Meio de Quadra;Outros;Residencial;0;0;2;1;0;0;0;0;0;0;0;0;-38,558232;-3,736447;;;
249899;23;3;2015;;3175;RUA VITAL BRASIL;RUA LUZIA MOREIRA;;;;Colisão Transversal;Luz do Dia;Chuva;Molhada;Cruz;Pare;Residencial;0;0;2;1;0;0;0;0;0;0;0;0;-38,593017;-3,779420;;;
249900;23;3;2015;07:00;17957;RUA ALCANTARA BILHAR;RUA JOAQUIM ALBANO;;;;Colisão Frontal;Luz do Dia;Chuva;Molhada;Cruz;Pare;Misto;0;0;2;1;0;0;0;0;0;0;0;0;-38,582130;-3,735593;;;
249895;23;3;2015;09:00;0;RUA JOSE RANGEL;;;726;;Choque c/ Obstáculo Fixo;Luz do Dia;Chuva;Molhada;Meio de Quadra;Não Há Controle;Residencial;0;0;1;0;0;0;0;0;0;0;0;0;;;;;
249896;23;3;2015;07:20;15255;RUA TEN BENEVOLO;RUA MON BRUNO;;;;Colisão Transversal;Luz do Dia;Chuva;Molhada;Cruz;Pare;Comercial;0;0;2;1;1;0;0;0;0;0;0;0;-38,508124;-3,728332;;;
249902;23;3;2015;22:00;0;RUA BERNARDO MANUEL;;;8259;;Colisão Lateral;Via Iluminada;Chuva;Molhada;Meio de Quadra;Não Há Controle;Residencial;0;1;1;1;0;0;0;0;0;1;0;0;-38,549248;-3,791601;;;
249903;23;3;2015;06:00;0;AV ENG HUMBERTO MONTE;;;;;Capotamento;Luz do Dia;Nublado;Molhada;Meio de Quadra;Não Há Controle;Comercial;0;2;0;0;0;0;0;0;0;0;0;0;-38,568860;-3,739038;;;
249905;23;3;2015;08:46;0;AV CARNEIRO DE MENDONCA;;;1853;;Colisão Lateral;Luz do Dia;Chuva;Molhada;Meio de Quadra;Não Há Controle;;0;1;1;1;0;0;0;0;0;1;0;0;-38,574962;-3,759973;;;
249906;23;3;2015;05:00;5881;AV J CJ CEARA;RUA 1133 CJ CEARA;;;;Colisão Lateral;Amanhecer;Chuva;Molhada;;Não Há Controle;Residencial;0;0;2;1;0;0;0;0;0;1;0;0;-38,612587;-3,759464;;;
249908;23;3;2015;16:00;5440;AV HERACLITO GRACA;RUA RODRIGUES JUNIOR;;;;;Luz do Dia;Nublado;Seca;Cruz;Pare;Comercial;0;0;2;1;0;0;0;0;0;0;0;0;-38,521831;-3,734374;;;
249910;23;3;2015;18:40;0;RUA RIO GRANDE DO SUL;;;2038;;Colisão Lateral;Via Iluminada;Nublado;Seca;Meio de Quadra;Outros;Residencial;0;0;2;1;0;0;0;0;0;0;0;0;-38,571510;-3,765495;;;
249912;23;3;2015;20:00;11021;RUA GERMANO FRANCK;RUA MUNDICA PAULA;;;;Colisão Frontal;Via Iluminada;Bom;Seca;Cruz;Pare;Comercial;0;0;2;1;0;0;0;0;0;0;0;0;-38,557470;-3,773259;;;
249913;23;3;2015;11:00;7382;AV SEN FERNANDES TAVORA;RUA SAO LUIS D30;;;;Colisão Traseira;Luz do Dia;Nublado;Molhada;Cruz;Pare;Residencial;0;1;1;1;0;0;0;0;0;1;0;0;-38,591428;-3,757244;;;
249919;23;3;2015;20:00;17501;AV ABOLICAO;RUA MANUEL JESUINO;;;;Colisão Transversal;Via Iluminada;Bom;Seca;Cruz;Semáforo;Misto;0;0;2;1;0;0;0;0;0;0;0;0;-38,484515;-3,725398;;;
249920;23;3;2015;12:30;0;AV DR SILAS MUNGUBA;;;5697;;Colisão Traseira;Luz do Dia;Nublado;Seca;Meio de Quadra;Semáforo;Comercial;0;2;0;0;0;0;0;0;0;1;0;0;-38,528991;-3,802506;;;
249921;23;3;2015;11:00;19306;AV GAL OSORIO DE PAIVA;RUA EDUARDO PERDIGAO;;;;Colisão Traseira;Luz do Dia;Nublado;Seca;Cruz;Semáforo;Comercial;0;0;2;1;0;0;0;0;0;0;0;0;-38,565454;-3,774747;;;
249915;23;3;2015;15:15;0;AV GAL OSORIO DE PAIVA;;;2466;;Colisão Lateral;Luz do Dia;Nublado;Seca;;;;0;0;2;1;0;0;1;0;0;0;0;0;-38,585108;-3,787463;;;
249935;23;3;2015;12:40;13078;AV J CJ JOSE WALTER;RUA 34 CJ JOSE WALTER;;;;Colisão Transversal;Luz do Dia;Nublado;Seca;Cruz;Pare;Residencial;0;0;2;1;0;0;0;0;0;0;0;0;-38,554724;-3,827934;;;
249939;23;3;2015;12:40;13078;AV J CJ JOSE WALTER;RUA 34 CJ JOSE WALTER;;;;Colisão Lateral;Luz do Dia;Nublado;;Cruz;Pare;Residencial;0;0;2;0;1;0;0;0;0;0;0;0;-38,554724;-3,827934;;;
249940;23;3;2015;16:10;5359;RUA TEREZA CRISTINA;RUA METON DE ALENCAR;;;;Colisão Transversal;Luz do Dia;Nublado;Seca;Cruz;Semáforo;Comercial;0;1;1;1;0;0;0;0;0;1;0;0;-38,538031;-3,731262;;;
249942;23;3;2015;08:50;5668;AV JOSE LEON;RUA 3 UI 308;;;;Colisão Transversal;Luz do Dia;Chuva;Molhada;Cruz;Pare;Residencial;0;0;2;1;0;0;0;0;0;0;0;0;-38,502231;-3,787712;;;
249943;23;3;2015;14:50;15331;RUA SILVA PAULET;RUA PEREIRA FILGUEIRAS;;;;Colisão Lateral;Luz do Dia;Nublado;Seca;Cruz;Pare;Residencial;0;0;2;1;0;0;0;0;0;0;0;0;-38,504338;-3,731144;;;
249947;23;3;2015;14:00;0;RUA DOM JOSE LOURENCO  D27;;;420;;Colisão Transversal;Luz do Dia;Nublado;Seca;Meio de Quadra;Não Há Controle;Residencial;0;0;2;1;0;0;0;0;0;1;0;0;-38,559001;-3,738297;;;
249958;23;3;2015;11:30;1510;RUA JOSE VILAR;AV JULIO VENTURA;;;;Colisão Lateral;Luz do Dia;Nublado;Seca;Cruz;Semáforo;Comercial;0;1;1;1;0;0;0;0;0;1;0;0;-38,506014;-3,739985;;;
249959;23;3;2015;03:00;0;AV BORGES DE MELO;;;1287;;Queda;Luz do Dia;Chuva;Molhada;Meio de Quadra;Não Há Controle;Comercial;0;0;2;1;0;0;0;0;0;0;0;0;-38,530527;-3,759529;;;
249960;23;3;2015;11:15;0;RUA DR JOAQUIM BENTO;;;859;;Colisão Lateral;Luz do Dia;Bom;Seca;Meio de Quadra;Não Há Controle;Comercial;0;0;2;1;0;0;0;0;0;0;0;0;-38,483840;-3,828302;;;
249961;23;3;2015;10:40;17405;RUA ISAIE BORIS;RUA EQUADOR;;;;Colisão Traseira;Luz do Dia;Nublado;Seca;Cruz;Semáforo;Residencial;0;0;2;1;0;0;0;0;0;1;0;0;-38,550538;-3,767845;;;
249962;23;3;2015;17:30;1561;AV PDE ANTONIO TOMAS;AV SEN VIRGILIO TAVORA;;;;Colisão Traseira;Anoitecer;Bom;Seca;Outros;Semáforo Intermitente;Comercial;0;1;1;1;0;0;0;0;0;1;0;0;-38,494749;-3,741760;;;
249963;23;3;2015;19:35;5318;RUA PDE IBIAPINA;RUA GAL CLARINDO DE QUEIROZ;;;;Colisão Traseira;Via Iluminada;Nublado;Molhada;Cruz;Pare;Comercial;0;0;2;1;1;0;0;0;0;0;0;0;-38,540084;-3,729518;;;
249969;23;3;2015;19:50;0;RUA CEL MATOS DOURADO;;;1100;CSU;Colisão Lateral;Via Iluminada;Bom;Seca;Meio de Quadra;Pare;Comercial;0;2;1;1;0;1;0;0;0;1;0;0;-38,582338;-3,753352;;;