COD_ACIDENTE;DIA;MES;ANO;HORA;INTERSECAO;LOG1;LOG2;LOG3;NUMERO;REFERENCIA;NATUREZA;ILUMINACAO;TEMPO;SUPERFICIEPISTA;TIPOCRUZAMENTO;CONTROLETRAFEGO;USOSOLO;MORTOS;FERIDOS;ILESOS;AUTOMOVEL;ONIBUS;BICICLETA;CAMINHAO;MICROONIBUS;CICLOMOTOR;MOTOCICLETA;TRACAOANIMAL;TREM;LONG;LAT;;;
257641;23;3;2015;12:30;0;RUA ERICO MOTA;;;467;;Colisão Lateral;Luz do Dia;;;Meio de Quadra;;;0;1;0;1;0;0;0;0;0;0;0;0;-38,561984;-3,740295;;;
258986;23;3;2015;10:25;0;AV SEN CARLOS JEREISSATI (AEROPORTO);;;;KM 02;Colisão;Luz do Dia;Bom;Seca;Meio de Quadra;;;0;0;2;1;0;0;0;0;0;0;0;0;-38,529156;-3,783932;;;
258987;23;3;2015;15:00;0;RD CE-040;;;;KM-06;Colisão;Luz do Dia;;Seca;Meio de Quadra;;;0;0;3;1;0;0;0;0;0;0;0;0;-38,478781;-3,811270;;;
258988;23;3;2015;16:40;0;RD CE-040;;;;KM-06;Colisão;Luz do Dia;Bom;;Meio de Quadra;;;0;1;1;1;0;0;0;0;0;1;0;0;-38,478781;-3,811270;;;
265687;23;3;2015;00:56;0;RUA RIO GRANDE DO SUL;;;2180;;Colisão;;;;Meio de Quadra;;;0;0;2;0;0;0;0;0;0;0;0;0;-38,571900;-3,767050;;;
265688;23;3;2015;10:00;3219;RUA EMILIO DE MENESES;RUA ANSELMO NOGUEIRA;;;;Colisão;Luz do Dia;;;Cruz;Semáforo;Comercial;0;0;2;0;0;0;0;0;0;0;0;0;-38,587374;-3,781760;;;
265691;23;3;2015;13:01;1447;RUA EDUARDO GARCIA;AV DES MOREIRA;;;;Colisão;Luz do Dia;;;Cruz;Semáforo;Comercial;0;0;2;0;0;0;0;0;0;0;0;0;;;;;
265695;23;3;2015;17:15;0;RUA 06 UI 509;;;;;Colisão;Anoitecer;;;Meio de Quadra;;;0;0;2;0;0;0;0;0;0;0;0;0;;;;;
265696;23;3;2015;23:03;17360;RUA ELVIRA PINHO;RUA ZACARIAS GONDIM;;;;Colisão;;;;Cruz;Pare;Residencial;0;0;2;0;0;0;0;0;0;0;0;0;-38,557766;-3,766122;;;
250662;23;3;2015;07:00;3302;RUA LUIS VIEIRA;AV GAL OSORIO DE PAIVA;;;;Colisão Lateral;Luz do Dia;Chuva;Molhada;Cruz;Semáforo Intermitente;Comercial;0;0;2;1;0;0;1;0;0;0;0;0;-38,588616;-3,790879;;;
261466;23;3;2015;10:06;0;AV PRS JUSCELINO KUBITSCHEK (PASSARÉ);;;;;Colisão;Luz do Dia;;;Meio de Quadra;;;0;1;1;1;0;0;0;0;0;1;0;0;;;;;
261467;23;3;2015;13:19;0;RUA PRO MIRAMAR DA PONTE;;;;;Colisão;Luz do Dia;;;Meio de Quadra;;;0;1;1;1;0;0;0;0;0;1;0;0;;;;;
261452;23;3;2015;12:09;0;AV C CJ JOSE WALTER;;;;;Colisão;Luz do Dia;;;Meio de Quadra;;;0;1;1;1;0;0;0;0;0;1;0;0;;;;;
261464;23;3;2015;08:11;0;AV DR THEBERGE;;;;;Colisão;Luz do Dia;;;Meio de Quadra;;;0;1;1;1;0;1;0;0;0;0;0;0;;;;;
261460;23;3;2015;18:32;0;AV LINEU MACHADO;;;;;Queda;;;;Meio de Quadra;;;0;1;0;0;0;0;0;0;0;1;0;0;-38,574974;-3,762240;;;
261461;23;3;2015;19:19;0;AV CONTORNO OESTE D71;;;;;Colisão;;;;Meio de Quadra;;;0;1;1;0;0;0;0;0;0;1;0;0;;;;;
261462;23;3;2015;20:48;0;RUA VALDEMAR QUEIROZ;;;;;Queda;;;;Meio de Quadra;;;0;1;0;0;0;0;0;0;0;1;0;0;;;;;
261444;23;3;2015;10:18;3863;AV 13 DE MAIO;RUA SEN POMPEU;;;;Colisão;Luz do Dia;;;Cruz;Não Há Controle;Residencial;0;1;1;1;0;0;0;0;0;1;0;0;-38,534969;-3,744515;;;
261454;23;3;2015;17:57;503;AV SEN FERNANDES TAVORA;RUA TOMAS CAVALCANTE;;;;Queda;Anoitecer;;;Outros;Pare;Residencial;0;1;0;0;0;0;0;0;0;1;0;0;-38,595960;-3,755556;;;
260128;23;3;2015;11:59;0;RUA ANTONIO POMPEU;;;;;Colisão;Luz do Dia;;;Meio de Quadra;;;0;0;2;1;0;0;0;0;0;0;0;0;;;;;
260130;23;3;2015;14:52;7742;RUA ESTADO DO RIO;RUA SERGIPE;;;;Colisão;Luz do Dia;;;Cruz;Não Há Controle;Residencial;0;0;2;1;0;0;0;0;0;1;0;0;-38,571883;-3,760059;;;
259974;23;3;2015;01:00;0;AV GAL OSORIO DE PAIVA;;;4477;;Colisão;;;;Meio de Quadra;;;1;0;1;1;0;0;0;0;0;1;0;0;-38,595300;-3,797746;;;
260177;23;3;2015;21:55;23698;RUA PLACIDO DE CASTRO;RUA MON AGOSTINHO;;;;Colisão;;;;Cruz;Não Há Controle;Residencial;0;0;2;1;1;0;0;0;0;0;0;0;-38,585695;-3,790354;;;
260174;23;3;2015;18:18;0;AV DUQ CAXIAS;;;;;Colisão;Anoitecer;;;Meio de Quadra;;;0;0;2;1;0;0;0;0;0;0;0;0;;;;;
260179;24;3;2015;08:45;7674;AV JOSE BASTOS;RUA RIO GRANDE DO NORTE;;;;Colisão;Luz do Dia;;;Cruz;Semáforo;Comercial;0;1;2;1;0;0;1;0;0;0;0;0;-38,564477;-3,760562;;;
260183;24;3;2015;11:22;5139;RUA SEN ALENCAR;RUA SEN POMPEU;;;;Colisão;Luz do Dia;;;Cruz;Semáforo;Comercial;0;0;2;1;0;0;0;0;0;0;0;0;-38,528911;-3,724526;;;
261463;24;3;2015;07:41;12364;AV CARNEIRO DE MENDONCA;RUA GUARANI D35 (JOAO XXIII);;;;;Luz do Dia;;;Cruz;Pare;Residencial;0;1;1;0;0;0;1;0;0;1;0;0;-38,577321;-3,758759;;;
261469;24;3;2015;20:41;0;AV PASTEUR;;;;;Atropelamento;;;;Meio de Quadra;;;0;1;1;1;0;0;0;0;0;0;0;0;;;;;
261473;24;3;2015;21:29;0;AV ALBERTO CRAVEIRO;;;;;Colisão;;;;Meio de Quadra;;;0;1;1;1;0;0;0;0;0;1;0;0;;;;;
265699;24;3;2015;12:51;22755;RUA MARIO ALENCAR ARARIPE;RUA WALDEMAR ALCANTARA;;;;Colisão;Luz do Dia;;;Cruz;Não Há Controle;Residencial;0;0;2;0;0;0;0;0;0;0;0;0;-38,477932;-3,799332;;;
258989;24;3;2015;14:15;0;AV SEN CARLOS JEREISSATI (AEROPORTO);;;;KM 02;Colisão;Luz do Dia;;Seca;Meio de Quadra;;;0;1;1;1;0;0;0;0;0;0;0;0;-38,529156;-3,783932;;;
258991;24;3;2015;16:05;0;RD CE-060;;;;KM-02;Colisão;Luz do Dia;Bom;Seca;Meio de Quadra;;;0;0;2;1;0;0;0;0;0;0;0;0;-38,580009;-3,828028;;;
258663;24;3;2015;06:10;0;RD BR 116;;;11000;KM-11;Atropelamento;Luz do Dia;;;Meio de Quadra;;;1;0;2;0;0;0;1;0;0;0;0;0;-38,497176;-3,847160;;;
258664;24;3;2015;05:00;0;RD BR 116;;;7000;KM-07;Choque c/ Obstáculo Fixo;Amanhecer;Bom;Seca;Meio de Quadra;Não Há Controle;Comercial;0;0;1;1;0;0;0;0;0;0;0;0;-38,501101;-3,813246;;;
258665;24;3;2015;12:30;0;RD BR 116;;;4000;KM-04;Colisão Lateral;Luz do Dia;Bom;Seca;Meio de Quadra;Não Há Controle;Comercial;0;0;2;1;0;0;1;0;0;0;0;0;-38,510646;-3,788331;;;
258669;24;3;2015;12:30;0;RD BR 116;;;4000;KM-04;Colisão Lateral;Luz do Dia;Bom;Seca;Meio de Quadra;Não Há Controle;Comercial;0;0;2;1;0;0;1;0;0;0;0;0;-38,510646;-3,788331;;;
249894;24;3;2015;19:00;0;AV ABOLICAO;;;2727;;Colisão Traseira;Anoitecer;Bom;Seca;Meio de Quadra;Não Há Controle;Residencial;0;0;2;1;0;0;0;0;0;0;0;0;-38,495392;-3,727318;;;
249883;24;3;2015;19:00;14421;RUA PDE ANCHIETA;AV SGT HERMINIO SAMPAIO;;;;Colisão Traseira;Via Iluminada;Bom;Seca;Cruz;Semáforo;Comercial;0;0;2;1;0;0;0;1;0;0;0;0;-38,551079;-3,724693;;;
249891;24;3;2015;15:40;10749;AV SEN FERNANDES TAVORA;RUA PRO HERIBALDO COSTA;;;;Colisão Transversal;Luz do Dia;Nublado;Seca;Cruz;Semáforo;Comercial;0;0;2;1;0;0;1;0;0;0;0;0;-38,584384;-3,761006;;;
249887;24;3;2015;15:00;20828;RUA PDE GUERRA;RUA JOSE PONTES;;;;Colisão Frontal;Luz do Dia;Bom;Seca;Cruz;Pare;Residencial;0;0;2;1;0;0;0;0;0;0;0;0;-38,568694;-3,741149;;;
249888;24;3;2015;10:30;0;RUA SOUSA GIRAO;;;1010;;Colisão Lateral;Luz do Dia;Bom;Seca;Meio de Quadra;Não Há Controle;Residencial;0;0;2;1;0;0;1;0;0;0;0;0;;;;;
249889;24;3;2015;12:15;0;AV CASTELO DE CASTRO;;;1300;;Colisão Traseira;Luz do Dia;Nublado;Seca;Meio de Quadra;Não Há Controle;Misto;0;1;1;1;0;0;0;0;0;0;0;0;-38,521771;-3,840808;;;
249876;24;3;2015;20:10;0;AV ALBERTO CRAVEIRO;;;466;;Colisão Traseira;Via Iluminada;Bom;Seca;Meio de Quadra;Não Há Controle;Comercial;0;0;3;1;0;0;0;0;0;0;0;0;-38,516560;-3,782812;;;
249869;24;3;2015;09:50;5710;AV OLIVEIRA PAIVA;RUA CON BRAVEZA;;;;Colisão Lateral;Luz do Dia;Nublado;Seca;Cruz;Semáforo;Comercial;0;0;2;1;0;0;0;0;0;0;0;0;-38,498448;-3,796485;;;
249870;24;3;2015;07:00;25083;AV JOR THOMAZ COELHO;RUA CEL FRANCISCO ALVES RIBEIRO;;;;Colisão Transversal;;Nublado;Seca;Cruz;Pare;Residencial;0;1;1;1;1;0;0;0;0;0;0;0;-38,509152;-3,829900;;;
249872;24;3;2015;12:00;14672;RUA JOAO REGINO;RUA PRO CARLOS LOBO;;;;Colisão Transversal;Luz do Dia;Nublado;Seca;Cruz;Pare;Residencial;0;0;2;1;0;0;0;0;0;0;0;0;-38,482554;-3,795127;;;
249874;24;3;2015;08:30;0;AV JOSE BASTOS;;;5572;;Colisão;Luz do Dia;Nublado;Seca;Meio de Quadra;Não Há Controle;Comercial;0;1;1;0;0;0;1;0;0;1;0;0;-38,564431;-3,760494;;;
249845;24;3;2015;15:18;0;RUA CAIO PRADO;;;61;;Colisão Lateral;Luz do Dia;Bom;Seca;Meio de Quadra;Semáforo;Comercial;0;0;1;0;1;0;0;0;0;0;0;0;-38,563079;-3,773660;;;
249846;24;3;2015;11:00;7789;RUA SILVA PAULET;RUA JOAQUIM SA;;;;Colisão Lateral;Luz do Dia;Nublado;Seca;Cruz;Pare;Comercial;0;0;2;1;0;0;0;0;0;0;0;0;-38,509741;-3,747785;;;
249847;24;3;2015;16:45;17405;RUA ROMEU MARTINS;RUA ISAIE BORIS;;;;Colisão Transversal;;Bom;Seca;Rotatória;Semáforo;Comercial;0;0;2;1;0;0;0;0;0;1;0;0;-38,550538;-3,767845;;;
249848;24;3;2015;17:05;12845;RUA SILVA JARDIM;RUA BAR ARATANHA;;;;Colisão Transversal;Luz do Dia;Bom;Seca;Cruz;Pare;Misto;0;0;2;1;0;0;0;0;0;0;0;0;-38,529351;-3,741779;;;
249849;24;3;2015;13:30;1599;AV SEN VIRGILIO TAVORA;RUA VICENTE LINHARES;;;;Colisão Traseira;Luz do Dia;Nublado;Seca;Cruz;Semáforo;Misto;0;0;3;1;0;0;0;0;0;0;0;0;-38,495370;-3,743743;;;
249863;24;3;2015;16:37;8001;RUA MACHADO DE ASSIS;RUA ALEXANDRE BARAUNA;;;;Colisão;Luz do Dia;Bom;Seca;Cruz;Pare;Residencial;0;2;0;0;0;0;0;0;0;1;0;0;-38,549095;-3,750339;;;
249864;24;3;2015;09:50;0;RUA SOLON PINHEIRO;;;467;;Colisão Lateral;Luz do Dia;Nublado;Seca;Meio de Quadra;Não Há Controle;Comercial;0;0;2;1;0;0;0;0;0;0;0;0;-38,527670;-3,734545;;;
249865;24;3;2015;09:30;0;AV AGUANAMBI;;;570;;Colisão Lateral;Luz do Dia;Nublado;Seca;Meio de Quadra;Não Há Controle;Comercial;0;0;2;1;0;0;1;0;0;0;0;0;-38,525959;-3,741823;;;
249866;24;3;2015;07:00;23340;RUA JOAQUIM NABUCO;RUA EDUARDO BEZERRA;;;;Colisão Transversal;Luz do Dia;Bom;Seca;Cruz;Pare;Residencial;0;0;2;1;0;0;0;0;0;0;0;0;-38,507115;-3,753238;;;
249851;24;3;2015;09:00;0;RUA LUIZA MIRANDA COELHO;;;;;Choque c/ Obstáculo Fixo;;Nublado;Seca;Meio de Quadra;Dê Preferência;Residencial;0;0;1;0;0;0;0;0;0;0;0;0;;;;;
249852;24;3;2015;08:00;0;AV TRISTAO GONCALVES;;;961;;Engavetamento;Luz do Dia;Nublado;Seca;;;;0;0;3;1;1;0;0;0;0;0;0;0;-38,534116;-3,730141;;;
249853;24;3;2015;19:20;0;RUA LIVINO DE CARVALHO;;;;;Colisão Lateral;Via Iluminada;Bom;Seca;Meio de Quadra;Pare;Residencial;0;0;2;1;0;0;0;0;0;0;0;0;;;;;
249854;24;3;2015;15:20;0;AV ALBERTO CRAVEIRO;;;2770;CASTELAO;Colisão Lateral;Luz do Dia;Bom;Seca;Meio de Quadra;Não Há Controle;Residencial;0;1;1;1;0;0;1;0;0;0;0;0;-38,523255;-3,805335;;;
249855;24;3;2015;09:00;0;AV VIS RIO BRANCO;;;3963;;Colisão Traseira;Luz do Dia;Nublado;Seca;Meio de Quadra;Não Há Controle;Comercial;0;0;2;1;1;0;0;0;0;0;0;0;;;;;
249841;24;3;2015;18:20;0;AV DOM MANUEL;;;67;;Colisão Traseira;Via Iluminada;Bom;Seca;Meio de Quadra;Não Há Controle;Comercial;0;0;2;1;0;0;0;0;0;1;0;0;-38,519971;-3,724798;;;
249842;24;3;2015;15:57;1273;AV SANTOS DUMONT;RUA DR JOSE LOURENCO;;;;Colisão Transversal;Luz do Dia;Nublado;Seca;Cruz;Pare;Comercial;0;0;2;0;0;0;0;0;0;0;0;0;-38,507380;-3,733299;;;
249843;24;3;2015;08:00;0;AV FILOMENO GOMES;;;708;;Colisão Lateral;Luz do Dia;Nublado;Seca;Meio de Quadra;Não Há Controle;Comercial;0;1;1;1;0;0;0;0;0;0;0;0;-38,541260;-3,721098;;;
249836;24;3;2015;21:30;5472;RUA ANTONIO POMPEU;RUA JAIME BENEVOLO;;;;Colisão Transversal;Via Iluminada;Bom;Seca;Cruz;Semáforo;Residencial;0;1;1;1;0;0;0;0;0;0;0;0;-38,526664;-3,736033;;;
249837;24;3;2015;19:40;8955;AV BEZERRA DE MENEZES;RUA DOM JERONIMO D06;;;;Colisão Transversal;;;;Cruz;Não Há Controle;Comercial;0;0;2;1;0;0;0;0;0;0;0;0;-38,543817;-3,731375;;;
249838;24;3;2015;16:00;17479;RUA TEREZA HINKO;RUA SEN MACHADO D48;;;;Colisão Lateral;Luz do Dia;Bom;Seca;Cruz;Pare;Residencial;0;1;1;0;0;0;0;0;0;1;0;0;-38,484407;-3,724539;;;
249839;24;3;2015;13:10;0;AV ANTONIO SALES;;;438;;Colisão Lateral;Luz do Dia;Nublado;Seca;Meio de Quadra;Não Há Controle;Residencial;0;0;2;1;0;0;0;0;0;0;0;0;-38,517635;-3,740718;;;
249856;25;3;2015;17:00;5356;AV DUQ CAXIAS;RUA GAL SAMPAIO;;;;Colisão Transversal;Anoitecer;Bom;Seca;Cruz;Semáforo;Comercial;0;1;2;0;1;0;0;0;0;1;0;0;-38,532029;-3,731096;;;
249857;25;3;2015;07:30;15298;RUA ANA BILHAR;RUA BARBOSA DE FREITAS;;;;Colisão Transversal;Luz do Dia;Chuva;Molhada;Cruz;Pare;Residencial;0;0;2;0;0;0;0;0;0;0;0;0;-38,495143;-3,729646;;;
249858;25;3;2015;17:20;0;RUA JOAQUIM MAGALHAES;;;1384;;Colisão Transversal;Anoitecer;Bom;Seca;;;;0;1;1;1;0;0;0;0;0;0;0;0;-38,526324;-3,740493;;;
249859;25;3;2015;07:20;0;RUA DR JOSE ROBERTO SALES;;;;;Colisão Transversal;Luz do Dia;Bom;Seca;Meio de Quadra;Não Há Controle;Residencial;0;0;2;1;0;0;0;0;0;0;0;0;;;;;
249860;25;3;2015;14:15;0;AV DUQ CAXIAS;;;1529;;Colisão Lateral;Luz do Dia;Nublado;Seca;Meio de Quadra;Não Há Controle;Comercial;0;1;1;1;1;0;0;0;0;0;0;0;-38,537767;-3,729239;;;
249861;25;3;2015;10:40;5437;RUA FLORIANO PEIXOTO;RUA METON DE ALENCAR;;;;Colisão Transversal;Luz do Dia;Bom;Seca;Cruz;Pare;Comercial;0;2;1;1;0;0;0;0;0;1;0;0;-38,529358;-3,734071;;;
249862;25;3;2015;15:00;0;AV CARNEIRO DE MENDONCA;;;1188;;Colisão Traseira;Luz do Dia;Bom;Seca;Meio de Quadra;Semáforo;Comercial;0;0;2;1;0;0;0;0;0;0;0;0;-38,569583;-3,762605;;;
250058;25;3;2015;05:00;0;AV MIGUEL DIAS;;;372;;Choque c/ Obstáculo Fixo;Amanhecer;Bom;Seca;Meio de Quadra;Não Há Controle;Residencial;1;0;0;1;0;0;0;0;0;0;0;0;-38,488056;-3,760338;;;
250060;25;3;2015;15:45;0;AV BEIRA MAR;;;2120;;Colisão Traseira;;Bom;Seca;Meio de Quadra;Não Há Controle;Residencial;0;0;2;1;0;0;0;0;0;0;0;0;-38,501531;-3,724488;;;
250064;25;3;2015;21:20;0;AV PRO GOMES DE MATOS;;;550;;Colisão;Via Iluminada;Bom;Seca;;;;0;0;2;1;0;0;0;0;0;0;0;0;-38,543388;-3,758560;;;
258702;25;3;2015;18:20;0;RD BR 222;;;;KM-02;Colisão Traseira;Anoitecer;Bom;Seca;Meio de Quadra;Não Há Controle;Comercial;0;1;1;0;0;0;0;0;0;0;0;0;-38,586880;-3,738951;;;
258994;25;3;2015;03:20;0;RD CE-040;;;;KM-11;Colisão;;Bom;Seca;Meio de Quadra;;;0;0;2;1;0;0;0;0;0;0;0;0;-38,480252;-3,844873;;;
265701;25;3;2015;11:05;15538;AV FRE CIRILO;RUA ALVES RIBEIRO;;;;Colisão;Luz do Dia;;;T;Não Há Controle;Comercial;0;0;2;0;0;0;0;0;0;0;0;0;-38,495888;-3,820819;;;
265704;25;3;2015;11:13;25711;AV CEL CARVALHO;RUA RIO PARNAIBA;;;;Colisão;Luz do Dia;;;Duplo T;Não Há Controle;Comercial;0;0;2;0;0;0;0;0;0;0;0;0;-38,590527;-3,707361;;;
265706;25;3;2015;11:13;0;AV ZEZE DIOGO;;;3060;;Colisão;Luz do Dia;;;Meio de Quadra;;;0;0;2;0;0;0;0;0;0;0;0;0;-38,456809;-3,732973;;;
265709;25;3;2015;14:38;25445;RUA NELSON COELHO;AV PRO JOSE ARTHUR CARVALHO;;;;Colisão;Luz do Dia;;;Cruz;Não Há Controle;Residencial;0;0;2;0;0;0;0;0;0;0;0;0;-38,464629;-3,826139;;;
265711;25;3;2015;16:39;0;RUA TEODORICO BARROSO;;;;;Atropelamento;Luz do Dia;;;Meio de Quadra;;;0;0;2;0;0;0;0;0;0;0;0;0;;;;;
265713;25;3;2015;21:37;25824;AV MIN JOSE AMERICO;RUA NENEN G BARREIRA;;;;Colisão;;;;Cruz;Pare;Comercial;0;0;2;0;0;0;0;0;0;0;0;0;-38,481079;-3,811682;;;
265715;25;3;2015;21:56;0;RUA ROSALVO QUINDERE;;;691;;Colisão;;;;Meio de Quadra;;;0;0;2;0;0;0;0;0;0;0;0;0;;;;;
265716;25;3;2015;21:58;20001;RUA ITAREMA;RUA DES OTACILIO PEIXOTO;;;;Colisão;;;;Cruz;Pare;Misto;0;0;2;0;0;0;0;0;0;0;0;0;-38,534723;-3,800241;;;
265717;25;3;2015;21:59;0;AV PRS CASTELO BRANCO;;;85;;Colisão;;;;Meio de Quadra;;;0;0;2;0;0;0;0;0;0;0;0;0;;;;;
261474;25;3;2015;01:56;0;AV SGT HERMINIO SAMPAIO;;;;;Queda;;;;Meio de Quadra;;;0;1;0;0;0;0;0;0;0;1;0;0;-38,556218;-3,725590;;;
261475;25;3;2015;03:17;0;RUA NAT FEIJO;;;;;Queda;;;;Meio de Quadra;;;0;1;0;0;0;0;0;0;0;1;0;0;;;;;
261476;25;3;2015;07:45;0;RUA ANDRE REBOUCAS;;;;;Colisão;Luz do Dia;;;Meio de Quadra;;;0;1;1;1;0;0;0;0;0;1;0;0;-38,588807;-3,774158;;;
261477;25;3;2015;10:58;0;RUA SEN ROBERT KENNEDY;;;;;Atropelamento;Luz do Dia;;;Meio de Quadra;;;0;1;1;0;0;0;0;0;0;0;0;0;-38,578138;-3,702213;;;
261493;25;3;2015;17:40;0;RUA ALVARO GARRIDO;;;;;Queda;Anoitecer;;;Meio de Quadra;;;0;1;0;0;0;0;0;0;0;1;0;0;;;;;
261494;25;3;2015;19:29;0;RUA DOM PEDRO II;;;;;Queda;;;;Meio de Quadra;;;0;1;0;0;0;1;0;0;0;0;0;0;;;;;
261495;25;3;2015;20:56;0;RUA DEP MATOSO FILHO;;;;;Colisão;;;;Meio de Quadra;;;0;1;1;0;0;0;0;0;0;1;0;0;-38,590055;-3,732279;;;
261511;25;3;2015;06:40;0;RUA OSCAR FRANCA;;;;;Colisão;Luz do Dia;;;Meio de Quadra;;;0;1;0;0;0;0;0;0;0;0;0;0;;;;;
261512;25;3;2015;07:29;0;RUA TAB JOAQUIM COELHO;;;;;Capotamento;Luz do Dia;;;Meio de Quadra;;;0;1;0;0;0;0;0;0;0;0;0;0;;;;;
261507;25;3;2015;22:57;0;RUA ERICO MOTA;;;;;Colisão;;;;Meio de Quadra;;;0;1;0;0;0;0;0;0;0;0;0;0;;;;;
261508;25;3;2015;23:10;0;AV HIS RAIMUNDO GIRAO;;;;;Colisão;;;;Meio de Quadra;;;0;1;0;0;0;0;0;0;0;0;0;0;;;;;
261509;25;3;2015;23:43;0;AV SEN VIRGILIO TAVORA;;;;;Atropelamento;;;;Meio de Quadra;;;0;1;1;0;0;0;0;0;0;1;0;0;;;;;
261481;25;3;2015;12:59;0;AV MAE LISBOA;;;;;Colisão;Luz do Dia;;;Meio de Quadra;;;0;1;1;1;0;0;0;0;0;1;0;0;;;;;
261479;25;3;2015;12:21;2431;RUA JERONIMO ALBUQUERQUE;RUA ESTEVAO DE CAMPOS;;;;Colisão;Luz do Dia;;;Cruz;Pare;Misto;0;1;1;1;0;0;0;0;0;1;0;0;-38,576292;-3,706713;;;
261489;25;3;2015;13:55;0;AV DOS EXPEDICIONARIOS;;;;;Colisão;Luz do Dia;;;Meio de Quadra;;;0;1;1;1;0;0;0;0;0;1;0;0;;;;;
261490;25;3;2015;16:43;0;AV DUQ CAXIAS;;;;;Colisão;Luz do Dia;;;Meio de Quadra;;;0;1;1;0;0;0;0;0;0;1;0;0;-38,531951;-3,731120;;;
261491;25;3;2015;05:38;0;RUA MARIO DE ANDRADE;;;;;Colisão;Amanhecer;;;Meio de Quadra;;;0;1;1;1;0;0;0;0;0;1;0;0;-38,560188;-3,752460;;;
260191;25;3;2015;09:27;26201;RUA SILVINHA TELES D69;AV CASTELO DE CASTRO;;;;Colisão;Luz do Dia;;;T;Pare;Residencial;0;0;2;1;1;0;0;0;0;0;0;0;-38,523297;-3,851204;;;
260194;26;3;2015;09:52;0;AV 13 DE MAIO;;;;;Colisão;Luz do Dia;;;Meio de Quadra;;;0;0;2;1;1;0;0;0;0;0;0;0;;;;;
261510;26;3;2015;02:34;0;TR SAO FRANCISCO D21;;;;;Queda;;;;Meio de Quadra;;;0;1;0;0;0;0;0;0;0;1;0;0;;;;;
261516;26;3;2015;07:34;0;AV PRS COSTA E SILVA;;;;;Colisão;Luz do Dia;;;Meio de Quadra;;;0;1;1;0;0;0;0;0;0;1;0;0;-38,562232;-3,819256;;;
261533;26;3;2015;18:41;0;RUA CAMELIA;;;378;;Colisão;Anoitecer;;;Meio de Quadra;;;0;1;0;0;0;0;0;0;0;0;0;0;-38,564818;-3,708599;;;
261527;26;3;2015;16:39;0;AV ALBERTO CRAVEIRO;;;;;Colisão;Luz do Dia;;;Meio de Quadra;;;0;1;1;1;0;0;0;0;0;1;0;0;-38,516560;-3,782812;;;
261529;26;3;2015;17:50;0;RUA OSVALDO CRUZ;;;;;Colisão;Anoitecer;;;Meio de Quadra;;;0;1;1;1;0;0;0;0;0;1;0;0;;;;;
261522;26;3;2015;11:21;0;RUA JOAQUIM LEITAO;;;;;Colisão;Luz do Dia;;;Meio de Quadra;;;0;1;1;1;0;0;0;0;0;1;0;0;;;;;
261523;26;3;2015;12:15;0;AV JOR THOMAZ COELHO;;;;;Colisão;Luz do Dia;;;Meio de Quadra;;;0;1;1;0;0;0;0;0;0;1;0;0;-38,500136;-3,832385;;;
261524;26;3;2015;12:23;0;AV GODOFREDO MACIEL;;;;;Queda;Luz do Dia;;;Meio de Quadra;;;0;1;0;0;0;0;0;0;0;1;0;0;;;;;
261525;26;3;2015;14:10;21602;RUA STA LIDUINA D42;RUA CON DE CASTRO;;;;Colisão;Luz do Dia;;;;;;0;1;1;1;0;0;0;0;0;1;0;0;-38,584986;-3,797482;;;
261520;26;3;2015;07:44;0;AV GODOFREDO MACIEL;;;;;Queda;Luz do Dia;;;Meio de Quadra;;;0;1;0;0;0;0;0;0;0;1;0;0;;;;;
261544;26;3;2015;13:00;0;AV 13 DE MAIO;;;;;;;;;Meio de Quadra;;;0;1;1;1;0;0;0;0;0;1;0;0;;;;;
261539;26;3;2015;19:33;0;AV PRS CASTELO BRANCO;;;;;Colisão;;;;Meio de Quadra;;;0;1;0;0;0;0;0;0;0;0;0;0;;;;;
261536;26;3;2015;18:38;0;AV GAL OSORIO DE PAIVA;;;;;Atropelamento;;;;Meio de Quadra;;;0;1;1;0;0;0;0;0;0;1;0;0;;;;;
250590;26;3;2015;19:30;0;AV 13 DE MAIO;;;1025;;Colisão Traseira;Via Iluminada;Bom;Seca;Meio de Quadra;;Comercial;0;0;2;1;0;0;0;0;0;0;0;0;-38,528411;-3,750109;;;
265724;26;3;2015;08:03;0;RUA ENG JAIME ROLEMBERG;;;334;;Colisão;Luz do Dia;;;Meio de Quadra;;;0;0;2;0;0;0;0;0;0;0;0;0;;;;;
265725;26;3;2015;08:48;0;RUA MALMEQUER;;;660;;Colisão;Luz do Dia;;;Meio de Quadra;;;0;0;2;0;0;0;0;0;0;0;0;0;-38,539165;-3,792741;;;
265726;26;3;2015;10:33;15293;RUA TEN BENEVOLO;AV BAR STUDART;;;;Colisão;Luz do Dia;;;Cruz;Semáforo;Comercial;0;0;2;0;0;0;0;0;0;0;0;0;-38,504908;-3,729390;;;
265727;26;3;2015;10:34;0;RUA CRISTAIS PAULISTA;;;;;Colisão;Luz do Dia;;;Meio de Quadra;;;0;0;2;0;0;0;0;0;0;0;0;0;;;;;
265728;26;3;2015;10:40;0;RUA DOM CARLOTO TAVORA;;;209;;Colisão;Luz do Dia;;;Meio de Quadra;;;0;0;2;0;0;0;0;0;0;0;0;0;-38,558080;-3,769190;;;