COD_ACIDENTE;DIA;MES;ANO;HORA;INTERSECAO;LOG1;LOG2;LOG3;NUMERO;REFERENCIA;NATUREZA;ILUMINACAO;TEMPO;SUPERFICIEPISTA;TIPOCRUZAMENTO;CONTROLETRAFEGO;USOSOLO;MORTOS;FERIDOS;ILESOS;AUTOMOVEL;ONIBUS;BICICLETA;CAMINHAO;MICROONIBUS;CICLOMOTOR;MOTOCICLETA;TRACAOANIMAL;TREM;LONG;LAT;;;
265730;26;3;2015;10:53;5081;RUA CASTRO E SILVA;RUA VINTE E QUATRO DE MAIO;;;;Colisão;Luz do Dia;;;Cruz;Semáforo;Comercial;0;0;2;0;0;0;0;0;0;0;0;0;-38,530653;-3,722746;;;
265732;26;3;2015;15:36;24300;RUA MERUOCA;AV ANTONIO JUSTA;;;;Colisão;Luz do Dia;;;Cruz;Pare;Residencial;0;0;2;0;0;0;0;0;0;0;0;0;-38,482937;-3,731422;;;
265734;26;3;2015;17:55;12557;RUA GEORGE CAVALCANTE;RUA CARLOS WALRAVEN;;;;Colisão;Anoitecer;;;Cruz;Pare;Residencial;0;0;2;0;0;0;0;0;0;0;0;0;-38,591740;-3,719866;;;
265737;26;3;2015;19:27;9470;RUA MARIA CLARA;RUA RIO TOCANTINS;;;;Colisão;;;;Cruz;Pare;Residencial;0;0;2;0;0;0;0;0;0;0;0;0;-38,581412;-3,725805;;;
265739;26;3;2015;21:45;0;AV GODOFREDO MACIEL;;;720;;Colisão;;;;Meio de Quadra;;;0;0;2;0;0;0;0;0;0;0;0;0;-38,565647;-3,782642;;;
258997;26;3;2015;07:15;0;RD CE-040;;;;KM-02;Colisão;Luz do Dia;Bom;Seca;Meio de Quadra;;;0;0;4;1;0;0;0;0;0;0;0;0;-38,481598;-3,776479;;;
258673;26;3;2015;07:30;0;RD BR 116;;;3000;KM-03;Colisão Lateral;Luz do Dia;Bom;Seca;Meio de Quadra;Não Há Controle;Comercial;0;0;2;1;0;0;0;0;0;0;0;0;-38,514372;-3,779838;;;
258674;26;3;2015;10:40;0;RD BR 116;;;5000;KM-05;Choque c/ Obstáculo Fixo;Luz do Dia;Bom;Seca;Meio de Quadra;Não Há Controle;Comercial;0;1;0;0;0;0;1;0;0;0;0;0;-38,506787;-3,796502;;;
250065;26;3;2015;11:00;7751;RUA ESTADO DO RIO;RUA CEARA;;;;Colisão Lateral;Luz do Dia;Bom;Seca;Cruz;Pare;Comercial;0;1;1;1;0;0;0;0;0;1;0;0;-38,569606;-3,756475;;;
250066;26;3;2015;06:45;0;AV DEP PAULINO ROCHA;;;;;Colisão Lateral;Luz do Dia;Bom;Seca;Meio de Quadra;Pare;Comercial;0;0;2;1;0;0;1;0;0;0;0;0;;;;;
250067;26;3;2015;15:00;7496;RUA PEDRO DANTAS;RUA JOAO FONSECA;;;;Colisão Frontal;Luz do Dia;Bom;Seca;Cruz;Pare;Comercial;0;0;2;1;0;0;0;0;0;0;0;0;-38,522903;-3,785733;;;
250068;26;3;2015;16:30;4648;RUA CIRO MONTEIRO;RUA CRISANTO M DA ROCHA;;;;Colisão Transversal;Luz do Dia;Bom;Seca;Cruz;Pare;Residencial;0;1;1;1;0;0;0;0;0;0;0;0;-38,481540;-3,802372;;;
250069;26;3;2015;19:00;15538;RUA ALVES RIBEIRO;AV FRE CIRILO;;;;Colisão Transversal;Via Iluminada;Bom;Seca;T;Não Há Controle;Comercial;0;0;2;1;0;0;0;0;0;0;0;0;-38,495888;-3,820819;;;
250070;26;3;2015;18:00;1305;RUA OSVALDO CRUZ (ALDEOTA);RUA MARIA TOMASIA;;;;Colisão Lateral;Anoitecer;Bom;Seca;Cruz;Pare;Comercial;0;1;1;1;0;0;0;0;0;1;0;0;-38,499989;-3,734580;;;
250071;26;3;2015;20:00;0;AV RUI BARBOSA;;;443;;Colisão Lateral;Via Iluminada;Bom;Seca;Meio de Quadra;;Residencial;0;0;2;1;0;0;0;0;0;0;0;0;;;;;
250072;26;3;2015;06:51;0;RUA OSCAR FRANCA;;;3091;;Atropelamento;Luz do Dia;Bom;Seca;Meio de Quadra;Outros;Residencial;0;1;1;0;1;0;0;0;0;0;0;0;-38,618493;-3,785887;;;
250062;26;3;2015;17:30;0;RUA COSME JERONIMO;;;1480;;Choque c/ Obstáculo Fixo;Anoitecer;Bom;Seca;Meio de Quadra;Não Há Controle;Residencial;0;0;1;1;0;0;0;0;0;0;0;0;;;;;
250063;26;3;2015;09:30;24646;AV MOZART PINHEIRO DE LUCENA;AV C CJ NOVA ASSUNCAO;;;;Colisão Lateral;Luz do Dia;Bom;Seca;Cruz;Pare;Residencial;0;1;1;1;0;0;0;0;0;1;0;0;-38,594268;-3,713326;;;
250056;26;3;2015;09:00;0;RUA NOGUEIRA ACIOLI;;;1400;;Colisão Traseira;Luz do Dia;Bom;Seca;Meio de Quadra;Outros;Residencial;0;0;2;1;0;0;0;0;0;0;0;0;-38,518717;-3,735456;;;
250040;26;3;2015;13:25;5045;RUA SAO PAULO;AV FILOMENO GOMES;;;;Colisão Transversal;Luz do Dia;Bom;Seca;Cruz;Semáforo;Residencial;0;1;1;1;0;0;0;0;0;1;0;0;-38,541200;-3,721539;;;
250052;26;3;2015;17:00;3844;RUA ADOLFO HERBSTER;RUA JOAO GENTIL;;;;Colisão Transversal;Via Iluminada;Bom;Seca;Cruz;Pare;Residencial;0;0;2;1;0;0;0;0;0;1;0;0;-38,539577;-3,745475;;;
250054;26;3;2015;08:05;0;AV DOMINGOS OLIMPIO;;;;;Colisão Lateral;Luz do Dia;Bom;Seca;Meio de Quadra;Outros;Residencial;0;0;2;1;0;0;0;0;0;0;0;0;;;;;
249978;26;3;2015;13:40;0;AV DR SILAS MUNGUBA;;;4241;;Engavetamento;Luz do Dia;Bom;Seca;Meio de Quadra;Semáforo;Residencial;0;0;3;1;0;0;0;0;0;0;0;0;-38,537743;-3,791270;;;
249984;26;3;2015;14:15;3856;AV DA UNIVERSIDADE;RUA PDE FRANCISCO PINTO;;;;Colisão Lateral;Luz do Dia;Bom;Seca;Cruz;Semáforo;Comercial;0;0;2;1;1;0;0;0;0;0;0;0;-38,540777;-3,742799;;;
249955;26;3;2015;16:00;7668;RUA MATO GROSSO;RUA ALAGOAS;;;;Colisão Transversal;Luz do Dia;Bom;Seca;Cruz;Pare;;0;0;2;1;0;0;0;0;0;0;0;0;-38,567139;-3,761919;;;
249992;26;3;2015;15:30;5348;RUA METON DE ALENCAR;RUA PDE MORORO;;;;Colisão Transversal;Luz do Dia;Bom;Seca;T;Não Há Controle;Comercial;0;0;2;1;0;0;0;0;0;0;0;0;-38,539143;-3,730892;;;
249988;26;3;2015;08:30;1463;RUA ILDEFONSO ALBANO;RUA ROCHA LIMA;;;;Colisão Transversal;Luz do Dia;Bom;Seca;Cruz;Não Há Controle;Misto;0;0;2;1;0;0;0;0;0;0;0;0;-38,515157;-3,738687;;;
249989;26;3;2015;10:20;7694;RUA RIO GRANDE DO SUL;RUA RIO GRANDE DO NORTE;;;;Colisão Transversal;Luz do Dia;Bom;Seca;Cruz;Pare;Comercial;0;1;1;1;0;0;0;0;0;1;0;0;-38,567559;-3,758617;;;
249873;26;3;2015;18:40;0;AV LUCIANO CARNEIRO;;;605;MOTEL ASSAHI;Colisão Traseira;Via Iluminada;Bom;Seca;Meio de Quadra;Não Há Controle;Misto;0;1;2;1;0;0;0;0;0;1;0;0;-38,532834;-3,752354;;;
249879;26;3;2015;15:35;5092;AV IMPERADOR;RUA SEN ALENCAR;;;;Colisão Transversal;Luz do Dia;Bom;Seca;Cruz;Semáforo;Comercial;0;0;2;0;0;0;0;0;0;0;0;0;-38,533258;-3,723171;;;
249885;26;3;2015;17:30;13002;AV A CJ JOSE WALTER;AV J CJ JOSE WALTER;;;;Colisão Lateral;Anoitecer;Bom;Seca;Cruz;Pare;Misto;0;1;1;1;0;0;0;0;0;0;0;0;-38,553814;-3,824958;;;
249882;26;3;2015;07:20;22700;RUA ELISEU ORIA;RUA TAB JOAQUIM COELHO;;;;Colisão Transversal;Luz do Dia;Bom;Seca;Cruz;Pare;Residencial;0;2;0;1;0;0;0;0;0;0;0;0;-38,477309;-3,796763;;;
249890;26;3;2015;16:00;15347;AV DOM LUIS;RUA TIBURCIO CAVALCANTE;;;;Colisão Lateral;Luz do Dia;Bom;Seca;T;Semáforo;Misto;0;0;2;0;1;0;0;0;0;0;0;0;-38,501313;-3,732021;;;
249893;26;3;2015;20:05;9154;AV 13 DE MAIO;RUA DOM SEBASTIAO LEME;;;;Colisão Lateral;Via Iluminada;Bom;Seca;Y;Não Há Controle;Comercial;0;1;1;1;0;0;0;0;0;1;0;0;-38,525221;-3,752832;;;
249946;26;3;2015;11:05;0;RUA JOSE VILAR;;;300;;Colisão Lateral;Luz do Dia;Bom;Seca;;;;0;0;2;1;0;0;1;0;0;0;0;0;-38,502089;-3,727754;;;
249952;26;3;2015;06:30;0;AV GAL OSORIO DE PAIVA;;;1372;;Colisão Traseira;Luz do Dia;Bom;Seca;Meio de Quadra;Semáforo Manual;Comercial;0;4;0;0;0;0;0;0;0;1;0;0;-38,573660;-3,780117;;;
249932;26;3;2015;19:00;1696;RUA CAP ARAGAO;RUA ASP MENDES;;;;Colisão Transversal;Via Iluminada;Bom;Seca;Cruz;Pare;Residencial;0;1;1;1;0;0;0;0;0;1;0;0;-38,514843;-3,765175;;;
249933;26;3;2015;13:40;5382;RUA PINTO MADEIRA;RUA J DA PENHA;;;;Colisão Transversal;Luz do Dia;Bom;Seca;Cruz;Pare;Residencial;0;0;2;1;0;0;0;0;0;0;0;0;-38,518623;-3,731966;;;
249949;26;3;2015;18:30;0;AV PRS COSTA E SILVA;;;1950;;Colisão Traseira;Anoitecer;Bom;Seca;Meio de Quadra;Outros;Misto;0;1;1;0;1;0;0;0;0;1;0;0;-38,564268;-3,818277;;;
249936;26;3;2015;;13409;RUA JOAO BRIGIDO;RUA MON BRUNO;;;;Colisão Transversal;;Bom;Seca;Cruz;Pare;Residencial;0;0;2;1;0;0;0;0;0;0;0;0;-38,512432;-3,741670;;;
249937;27;3;2015;08:00;13231;AV JOAO DE ARAUJO LIMA;RUA MIGUEL PEREIRA;;;;Colisão Lateral;Luz do Dia;Bom;Seca;T;Outros;Misto;0;0;2;1;0;0;0;0;0;0;0;0;-38,561085;-3,835252;;;
249938;27;3;2015;05:00;3771;AV DOMINGOS OLIMPIO;AV DA UNIVERSIDADE;;;;Colisão Lateral;Luz do Dia;Bom;Seca;Cruz;Semáforo;Comercial;0;0;2;1;0;0;0;1;0;0;0;0;-38,534216;-3,735594;;;
249916;27;3;2015;08:30;20229;RUA MENOR JERONIMO;AV SAUDADE D68;;;;Colisão Lateral;Luz do Dia;Bom;Seca;T;Pare;Comercial;0;0;2;1;0;0;0;0;0;0;0;0;-38,534413;-3,814498;;;
249917;27;3;2015;08:30;15170;AV ABOLICAO;RUA JOSE VILAR;;;;Colisão Lateral;Luz do Dia;Nublado;Seca;Cruz;Pare;Residencial;0;0;2;0;0;0;1;0;0;0;0;0;-38,501373;-3,725435;;;
249918;27;3;2015;15:00;12871;RUA BAR ARATANHA;RUA JOAQUIM MAGALHAES;;;;Colisão Transversal;Luz do Dia;Bom;Seca;Cruz;Pare;Residencial;0;0;2;1;0;0;0;0;0;0;0;0;-38,528666;-3,739716;;;
249922;27;3;2015;18:30;12685;AV CEL CARVALHO;AV DA INDEPENDENCIA;;;;Colisão Traseira;Via Iluminada;Bom;Seca;Cruz;Semáforo;Residencial;0;1;1;1;0;0;1;0;0;0;0;0;-38,584952;-3,728711;;;
249923;27;3;2015;14:30;1351;RUA DES LEITE ALBUQUERQUE;RUA TIBURCIO CAVALCANTE;;;;Colisão Lateral;Luz do Dia;Bom;Seca;Cruz;Pare;Residencial;0;0;2;1;0;0;0;0;0;0;0;0;-38,502587;-3,735956;;;
249924;27;3;2015;12:15;24441;AV LUCIANO CARNEIRO;RUA RAUL CABRAL;;;;Colisão Transversal;Luz do Dia;Bom;Seca;Cruz;Pare;Residencial;0;1;1;1;0;0;0;0;0;1;0;0;-38,538495;-3,770842;;;
249925;27;3;2015;14:50;0;AV AGUANAMBI;;;68;;Colisão Lateral;Luz do Dia;Bom;Seca;Meio de Quadra;Não Há Controle;Comercial;0;0;2;1;0;0;0;0;0;0;0;0;-38,524250;-3,737691;;;
249926;27;3;2015;23:30;15694;RUA GUILHERME PESSOA;RUA DUARTE DA COSTA;;;;Colisão Transversal;Via Iluminada;Bom;Seca;Cruz;Pare;Residencial;0;1;1;0;0;0;0;0;0;1;0;0;-38,486663;-3,827264;;;
249927;27;3;2015;12:50;2758;RUA OSCAR FRANCA;RUA MARIA JULIA;;;;Colisão Transversal;Luz do Dia;Nublado;Seca;Cruz;Pare;Residencial;0;1;1;0;0;0;0;0;0;1;0;0;-38,599725;-3,791890;;;
249928;27;3;2015;15:30;0;RUA VIRGILIO NOGUEIRA PAES;;;291;;Atropelamento;Luz do Dia;Bom;Seca;Meio de Quadra;Não Há Controle;Residencial;0;2;0;0;0;0;0;0;0;1;0;0;-38,607737;-3,785683;;;
249929;27;3;2015;15:20;12863;AV DOMINGOS OLIMPIO;RUA FLORIANO PEIXOTO;;;;Colisão Transversal;Luz do Dia;Bom;Seca;Cruz;Não Há Controle;Residencial;0;0;2;0;0;0;0;0;0;0;0;0;-38,530313;-3,736976;;;
249930;27;3;2015;16:30;0;AV DOMINGOS OLIMPIO;;;1607;;Colisão Traseira;Luz do Dia;Bom;Seca;Meio de Quadra;Não Há Controle;Residencial;0;1;1;1;0;0;0;0;0;1;0;0;;;;;
249931;27;3;2015;16:15;1483;AV SANTOS DUMONT;RUA FREDERICO BORGES;;;;Colisão Traseira;Luz do Dia;Bom;Seca;T;Não Há Controle;Comercial;0;0;2;1;0;0;0;0;0;0;0;0;-38,488992;-3,739244;;;
249914;27;3;2015;14:15;0;AV DOMINGOS OLIMPIO;;;845;COL. LOURENÇO FILHO;Colisão Traseira;;Bom;Seca;Meio de Quadra;;Misto;0;0;3;1;0;0;0;0;0;0;0;0;-38,531314;-3,736641;;;
249911;27;3;2015;06:50;0;AV ANTONIO SALES;;;1453;;Engavetamento;Luz do Dia;Bom;Seca;Meio de Quadra;Não Há Controle;Comercial;0;0;3;1;0;0;0;0;0;0;0;0;-38,510778;-3,742852;;;
249909;27;3;2015;09:15;25070;RUA ALM RUFINO;AV DOS EXPEDICIONARIOS;;;;Colisão Lateral;Luz do Dia;Bom;Seca;Cruz;Semáforo Intermitente;Comercial;0;0;2;1;0;0;0;0;0;0;0;0;-38,541286;-3,765289;;;
249907;27;3;2015;19:00;0;AV SANTOS DUMONT;;;6995;;Colisão Lateral;Via Iluminada;Bom;Seca;Meio de Quadra;Não Há Controle;Misto;0;1;1;1;0;0;0;0;0;1;0;0;-38,469961;-3,745403;;;
249904;27;3;2015;12:00;0;AV JOVITA FEITOSA;;;;;Colisão Transversal;Luz do Dia;Bom;Seca;Meio de Quadra;Semáforo;Residencial;0;0;2;1;0;0;0;0;0;0;0;0;;;;;
249897;27;3;2015;;9168;AV BORGES DE MELO;AV LUCIANO CARNEIRO;;;;Colisão Traseira;Via Iluminada;Bom;Seca;Cruz;Semáforo;Comercial;0;0;2;1;0;0;0;0;0;0;0;0;-38,534097;-3,756465;;;
249901;27;3;2015;07:35;12857;RUA FLORIANO PEIXOTO;RUA CARLOS GOMES;;;;Colisão Transversal;Luz do Dia;Nublado;Seca;Cruz;Pare;Residencial;0;0;2;1;0;0;0;0;0;0;0;0;-38,531321;-3,739998;;;
249950;27;3;2015;19:00;1474;RUA JOAO CARVALHO;RUA TIBURCIO CAVALCANTE;;;;Colisão Lateral;Via Iluminada;Bom;Seca;Cruz;Semáforo;Misto;0;0;2;0;1;0;0;0;0;0;0;0;-38,503547;-3,738950;;;
249951;27;3;2015;12:50;7710;RUA PEDRO MUNIZ;AV CARNEIRO DE MENDONCA;;;;Colisão Lateral;;Bom;Seca;Cruz;Pare;Residencial;0;1;1;1;0;0;0;0;0;1;0;0;-38,563646;-3,765627;;;
249934;27;3;2015;09:30;25101;AV GAL OSORIO DE PAIVA;RUA ARARIPE PRATA;;;;Colisão Traseira;Luz do Dia;Bom;Seca;Cruz;Outros;Misto;0;0;2;1;1;0;0;0;0;0;0;0;-38,568029;-3,776593;;;
249941;27;3;2015;08:00;0;AV PRS CASTELO BRANCO;;;901;;Colisão;Luz do Dia;Bom;Seca;Outros;Outros;Comercial;0;2;1;1;0;0;0;0;0;0;0;0;-38,531398;-3,719700;;;
249944;27;3;2015;09:00;0;AV AGUANAMBI;;;;;Colisão Lateral;Luz do Dia;Bom;Seca;Meio de Quadra;Semáforo;Comercial;0;0;2;1;0;0;1;0;0;0;0;0;;;;;
249945;27;3;2015;13:10;4016;RUA PRO COSTA MENDES;RUA JULIO CESAR D12;;;;Colisão Transversal;Luz do Dia;Bom;Seca;Cruz;Pare;Misto;0;0;2;1;0;0;0;0;0;0;0;0;-38,546911;-3,754698;;;
249953;27;3;2015;14:00;0;AV JOSE BASTOS;;;6450;;Colisão Lateral;Luz do Dia;Bom;Seca;Meio de Quadra;Não Há Controle;Comercial;0;2;1;1;0;0;0;0;0;1;0;0;-38,569559;-3,767370;;;
249954;27;3;2015;14:00;0;AV JOAO PESSOA;;;6943;;Colisão Transversal;Luz do Dia;Bom;Seca;Meio de Quadra;Não Há Controle;Misto;0;0;3;1;0;0;1;1;0;0;0;0;-38,561064;-3,770280;;;
249948;27;3;2015;18:09;0;RUA GAL CLARINDO DE QUEIROZ;;;633;;Colisão Traseira;Anoitecer;Bom;Seca;Meio de Quadra;Semáforo;Comercial;0;1;1;1;0;0;0;0;0;1;0;0;-38,529846;-3,732808;;;
249956;27;3;2015;21:00;183;RUA DEMETRIO MENEZES;AV SGT HERMINIO SAMPAIO;;;;Colisão;Via Iluminada;Bom;Seca;Cruz;Semáforo;Comercial;0;1;1;0;1;1;0;0;0;0;0;0;-38,584591;-3,731488;;;
249957;27;3;2015;08:30;0;RUA EDUARDO PERDIGAO;;;231;TERM. PARANGABA;Atropelamento;Luz do Dia;Bom;Seca;Meio de Quadra;Outros;Comercial;1;0;1;0;1;0;0;0;0;0;0;0;-38,563919;-3,776553;;;
249964;27;3;2015;13:10;10595;RUA ATILANO MOURA;AV CEL GUSTAVO A LIMA;;;;Colisão Transversal;Luz do Dia;Bom;Seca;Com Via Férrea;Pare;Residencial;0;0;2;1;0;0;0;0;0;1;0;0;-38,489614;-3,762140;;;
249965;27;3;2015;18:45;5329;RUA PEDRO PEREIRA;RUA SOLON PINHEIRO;;;;Colisão Lateral;Via Iluminada;Bom;Seca;Cruz;Semáforo;Comercial;0;0;2;1;0;0;1;0;0;0;0;0;-38,526298;-3,730414;;;
249966;27;3;2015;18:30;11953;AV PRS COSTA E SILVA;RUA CEL FRANCISCO ALVES RIBEIRO;;;;Colisão Transversal;Via Iluminada;Bom;Seca;Cruz;Pare;Comercial;0;0;2;1;0;0;0;0;0;1;0;0;-38,509152;-3,829900;;;
249967;27;3;2015;20:30;0;RUA DINAMARCA;;;146;;Colisão Traseira;Via Iluminada;Bom;Seca;Meio de Quadra;Não Há Controle;Residencial;0;0;2;1;0;0;0;0;0;0;0;0;-38,570660;-3,783728;;;
249968;27;3;2015;22:30;5451;AV DOM MANUEL;RUA BARBARA DE ALENCAR;;;;Colisão Transversal;Via Iluminada;Bom;Seca;Cruz;Semáforo;Comercial;0;0;2;1;0;0;0;0;0;0;0;0;-38,523262;-3,734972;;;
258705;27;3;2015;16:50;0;RD BR 222;;;;KM-01;Colisão Lateral;Luz do Dia;Bom;Seca;;;;0;1;1;1;0;0;0;0;0;1;0;0;-38,577952;-3,737774;;;
257682;27;3;2015;10:20;0;RUA AMADEU FURTADO;;;2922;;Atropelamento;Luz do Dia;;;Meio de Quadra;;;0;1;0;1;0;0;0;0;0;0;0;0;;;;;
257685;27;3;2015;13:05;19942;RUA MOREIRA GOMES;RUA FRANCISCO LORDA;;;;Colisão;Luz do Dia;;;Cruz;Pare;Residencial;0;1;0;1;0;0;0;0;0;1;0;0;-38,534015;-3,761260;;;
257686;27;3;2015;19:46;0;RUA FRANCISCA CLOTILDE;;;436;;Outros;;;;Meio de Quadra;;;0;1;0;1;0;0;0;0;0;0;0;0;-38,552124;-3,741876;;;
257678;27;3;2015;09:10;26229;RUA WILSON PEREIRA;RD CE-040;;;;Colisão;Luz do Dia;;;;;;0;1;0;1;0;0;0;0;0;1;0;0;;;;;
259004;27;3;2015;17:35;0;RD CE-040;;;;KM-05;Colisão;Via Iluminada;Bom;Seca;Meio de Quadra;;;0;0;2;1;1;0;0;0;0;0;0;0;-38,480349;-3,790876;;;
259000;27;3;2015;07:50;0;RD CE-040;;;;KM-10;Colisão;Luz do Dia;Bom;Seca;Meio de Quadra;;;0;0;2;1;0;0;0;0;0;1;0;0;-38,480068;-3,838671;;;
265741;27;3;2015;09:51;0;RUA DA LADEIRA;;;136;;Colisão;Luz do Dia;;;Meio de Quadra;;;0;0;2;0;0;0;0;0;0;0;0;0;;;;;
265742;27;3;2015;11:13;10421;RUA LUIZ MARIANO;RUA RICARDO PONTES;;;;Colisão;Luz do Dia;;;;;;0;0;2;0;0;0;0;0;0;0;0;0;-38,599413;-3,762081;;;
265743;27;3;2015;11:13;84;RUA PDE PERDIGAO SAMPAIO;AV MR HULL;;;;Atropelamento;Luz do Dia;;;;;;0;0;2;0;0;0;0;0;0;0;0;0;-38,594635;-3,740113;;;
265744;27;3;2015;13:05;12666;AV CEL CARVALHO;RUA ROSINHA SAMPAIO;;;;Colisão;Luz do Dia;;;Cruz;Pare;Comercial;0;0;2;0;0;0;0;0;0;0;0;0;-38,585413;-3,726938;;;
265745;27;3;2015;14:21;0;RUA JERONIMO ALBUQUERQUE;;;590;;Colisão;Luz do Dia;;;Meio de Quadra;;;0;0;2;0;0;0;0;0;0;0;0;0;-38,577098;-3,708788;;;
265746;27;3;2015;16:09;25154;RUA BENI DE CARVALHO;RUA VICENTE LEITE;;;;Colisão;Luz do Dia;;;Cruz;Pare;Residencial;0;0;2;0;0;0;0;0;0;0;0;0;-38,497966;-3,745037;;;
261549;27;3;2015;07:06;0;AV GAL OSORIO DE PAIVA;;;;;Colisão;Luz do Dia;;;Meio de Quadra;;;0;1;1;0;0;0;0;0;0;1;0;0;;;;;
261553;27;3;2015;11:49;0;AV SEN CARLOS JEREISSATI (AEROPORTO);;;;;Queda;Luz do Dia;;;Meio de Quadra;;;0;0;1;0;0;1;0;0;0;0;0;0;;;;;
261554;27;3;2015;12:18;0;AV LUCIANO CARNEIRO;;;;;Colisão;Luz do Dia;;;Meio de Quadra;;;0;1;1;1;0;0;0;0;0;1;0;0;-38,538285;-3,770150;;;
261555;27;3;2015;13:06;0;AV EDUARDO GIRAO;;;;;Queda;Luz do Dia;;;Meio de Quadra;;;0;1;0;0;0;0;0;0;0;1;0;0;;;;;
261556;27;3;2015;13:15;0;RUA OSCAR FRANCA;;;;;Colisão;Luz do Dia;;;Meio de Quadra;;;0;1;1;1;0;0;0;0;0;1;0;0;-38,599647;-3,791915;;;
261566;27;3;2015;17:24;0;RUA FRANCISCA CLOTILDE;;;;;Atropelamento;Anoitecer;;;Meio de Quadra;;;0;1;1;1;0;0;0;0;0;0;0;0;-38,552124;-3,741876;;;
261562;27;3;2015;17:04;0;RUA AMANCIO PEREIRA;;;;;Colisão;Anoitecer;;;Meio de Quadra;;;0;1;2;1;1;0;0;0;0;0;0;0;;;;;
261560;27;3;2015;16:56;0;AV JOAO PESSOA;;;;;Colisão;Luz do Dia;;;Meio de Quadra;;;0;1;1;1;0;0;0;0;0;1;0;0;;;;;
261558;27;3;2015;15:59;0;AV SEN VIRGILIO TAVORA;;;;;Atropelamento;Luz do Dia;;;Meio de Quadra;;;0;1;1;0;0;0;0;0;0;1;0;0;;;;;
261551;27;3;2015;09:22;0;RUA ITAGUAI;;;;;Queda;Luz do Dia;;;Meio de Quadra;;;0;1;0;0;0;0;0;0;0;1;0;0;-38,565287;-3,797034;;;
261572;27;3;2015;19:24;0;AV PLACIDO CASTELO;;;;;Atropelamento;;;;Meio de Quadra;;;0;1;1;0;0;0;0;0;0;1;0;0;;;;;
261573;27;3;2015;19:56;0;AV DOS EXPEDICIONARIOS;;;;;Queda;;;;Meio de Quadra;;;0;1;0;0;0;0;0;0;0;1;0;0;-38,541673;-3,766567;;;
261574;27;3;2015;21:38;0;ET DO JATOBA;;;;;Colisão;;;;Meio de Quadra;;;0;1;1;0;0;0;0;0;0;0;0;0;;;;;
261575;27;3;2015;22:10;0;RUA CEL ALVES TEIXEIRA;;;;;Colisão;;;;Meio de Quadra;;;0;1;0;0;0;0;0;0;0;0;0;0;;;;;
261568;27;3;2015;18:34;0;RUA MANUEL GALDINO;;;2180;;Colisão;;;;Meio de Quadra;;;0;1;1;0;0;0;0;0;0;0;0;0;;;;;
260206;27;3;2015;11:44;0;RUA PEDRO PEREIRA;;;;;Colisão;Luz do Dia;;;Meio de Quadra;;;0;0;2;1;0;0;1;0;0;0;0;0;;;;;
260207;27;3;2015;14:38;0;RUA BRAGANCA;;;;;Colisão;Luz do Dia;;;Meio de Quadra;;;0;0;2;1;0;0;0;0;0;0;0;0;;;;;
260208;27;3;2015;15:19;0;RUA PRO HERIBALDO COSTA;RUA PORTO VELHO;;;;Colisão;Luz do Dia;;;;;;0;0;2;1;0;0;1;0;0;0;0;0;;;;;
261577;28;3;2015;05:22;14421;AV SGT HERMINIO SAMPAIO;RUA PDE ANCHIETA;;;;Colisão;Amanhecer;;;Cruz;Semáforo;Comercial;0;1;1;1;0;0;0;0;0;1;0;0;-38,551079;-3,724693;;;
261578;28;3;2015;07:16;0;AV JOSE LEON;;;;;Colisão;Luz do Dia;;;Meio de Quadra;;;0;1;0;0;0;0;0;0;0;0;0;0;-38,495960;-3,789282;;;
261579;28;3;2015;07:44;0;RUA EVARISTO REIS;;;;;Colisão;Luz do Dia;;;Meio de Quadra;;;0;1;1;1;0;0;0;0;0;1;0;0;;;;;
261580;28;3;2015;07:48;6737;AV ENG SANTANA JUNIOR;AV PDE ANTONIO TOMAS;;;;Colisão;Luz do Dia;;;Cruz;Semáforo;Residencial;0;1;1;1;0;0;0;0;0;1;0;0;-38,488012;-3,743981;;;
261581;28;3;2015;08:02;25070;AV DOS EXPEDICIONARIOS;RUA ALM RUFINO;;;;Colisão;Luz do Dia;;;Cruz;Semáforo Intermitente;Comercial;0;1;1;1;0;0;0;0;0;1;0;0;-38,541286;-3,765289;;;
261582;28;3;2015;08:10;22201;RUA DR GILBERTO CAMARA;AV SGT HERMINIO SAMPAIO;;;;Colisão;Luz do Dia;;;Cruz;Pare;Misto;0;1;1;1;0;0;0;0;0;1;0;0;-38,562028;-3,726645;;;
261583;28;3;2015;12:22;0;AV ENG HUMBERTO MONTE;;;1957;;Colisão;Luz do Dia;;;Meio de Quadra;;;0;1;1;1;0;0;0;0;0;1;0;0;-38,564738;-3,743930;;;
261584;28;3;2015;15:25;0;RUA RIO TOCANTINS;;;;;Colisão;Luz do Dia;;;Meio de Quadra;;;0;1;1;1;0;0;0;0;0;1;0;0;-38,581139;-3,722802;;;
261585;28;3;2015;16:04;0;RUA CON DE CASTRO;;;4160;;Atropelamento;Luz do Dia;;;Meio de Quadra;;;0;1;1;1;0;0;0;0;0;0;0;0;-38,589484;-3,802195;;;
261586;28;3;2015;16:29;0;RUA RECANTO VERDE;;;;;Queda;Luz do Dia;;;Meio de Quadra;;;0;0;1;0;0;0;0;0;0;1;0;0;;;;;