COD_ACIDENTE;DIA;MES;ANO;HORA;INTERSECAO;LOG1;LOG2;LOG3;NUMERO;REFERENCIA;NATUREZA;ILUMINACAO;TEMPO;SUPERFICIEPISTA;TIPOCRUZAMENTO;CONTROLETRAFEGO;USOSOLO;MORTOS;FERIDOS;ILESOS;AUTOMOVEL;ONIBUS;BICICLETA;CAMINHAO;MICROONIBUS;CICLOMOTOR;MOTOCICLETA;TRACAOANIMAL;TREM;LONG;LAT;;;
261587;28;3;2015;17:17;0;RUA MARIO DE ANDRADE;;;236;;Atropelamento;Anoitecer;;;Meio de Quadra;;;0;1;1;1;0;0;0;0;0;0;0;0;-38,558703;-3,753914;;;
261588;28;3;2015;17:46;0;AV PRS CASTELO BRANCO;;;;;Colisão;Anoitecer;;;Meio de Quadra;;;0;1;0;0;0;0;0;0;0;0;0;0;-38,521251;-3,723186;;;
261589;28;3;2015;20:04;0;RUA CEL JOAO OLIVEIRA;;;;;Colisão;;;;Meio de Quadra;;;0;1;1;1;0;0;0;0;0;1;0;0;-38,487481;-3,822910;;;
261590;28;3;2015;21:52;0;AV CEL CARVALHO;;;;;Colisão;;;;Meio de Quadra;;;0;1;1;1;0;0;0;0;0;1;0;0;;;;;
261591;28;3;2015;22:23;0;RUA ALUISIO AZEVEDO;;;;;Colisão;;;;Meio de Quadra;;;0;1;0;0;0;0;0;0;0;0;0;0;;;;;
261593;28;3;2015;22:49;0;AV PRS CASTELO BRANCO;;;;;Atropelamento;;;;Meio de Quadra;;;0;1;1;1;0;0;0;0;0;0;0;0;-38,582394;-3,702572;;;
261594;28;3;2015;;4250;AV FRANCISCO SA;RUA PDE ANCHIETA;;;;Queda;;;;Cruz;Semáforo;Comercial;0;1;0;0;0;0;0;0;0;1;0;0;-38,549538;-3,719988;;;
265749;28;3;2015;05:11;11847;RUA JACINTO MATOS;AV FRANCISCO SA;;;;Choque c/ Obstáculo Fixo;Amanhecer;;;Cruz;;Residencial;0;0;1;0;0;0;0;0;0;0;0;0;-38,546796;-3,720881;;;
265750;28;3;2015;08:41;0;RUA BARRA VERMELHA;;;2356;;Colisão;Luz do Dia;;;Meio de Quadra;;;0;0;2;0;0;0;0;0;0;0;0;0;;;;;
265752;28;3;2015;10:37;0;RUA SAO DOMINGOS;;;478;;Colisão;Luz do Dia;;;Meio de Quadra;;;0;0;2;0;0;0;0;0;0;0;0;0;-38,591727;-3,735330;;;
265753;28;3;2015;10:43;25116;AV ROGACIANO LEITE;RUA PDE FRANCISCO PITA;;;;Colisão;Luz do Dia;;;Cruz;Pare;Comercial;0;0;2;0;0;0;0;0;0;0;0;0;-38,501766;-3,780960;;;
265755;28;3;2015;10:46;5709;AV DES GONZAGA;AV OLIVEIRA PAIVA;;;;Colisão;Luz do Dia;;;Cruz;Semáforo;Lazer;0;0;2;0;0;0;0;0;0;0;0;0;-38,499953;-3,797165;;;
265757;28;3;2015;10:57;0;AV ALBERTO CRAVEIRO;;;;;Colisão;Luz do Dia;;;Meio de Quadra;;;0;0;2;0;0;0;0;0;0;0;0;0;;;;;
265760;28;3;2015;11:43;15693;RUA DIOGO FEIJO;RUA GUILHERME PESSOA;;;;Colisão;Luz do Dia;;;;;;0;0;2;0;0;0;0;0;0;0;0;0;-38,487307;-3,827183;;;
265762;28;3;2015;11:46;19115;RUA LAURO NOGUEIRA;AV ENG SANTANA JUNIOR;;;;Colisão;Luz do Dia;;;Cruz;Pare;Comercial;0;0;2;0;0;0;0;0;0;0;0;0;-38,483756;-3,738325;;;
265764;28;3;2015;12:30;24229;AV ENG SANTANA JUNIOR;AV ENG ALBERTO SA;;;;Colisão;Luz do Dia;;;Cruz;Semáforo;Comercial;0;0;2;0;0;0;0;0;0;0;0;0;-38,480624;-3,733357;;;
265767;28;3;2015;12:43;10099;RUA NEREIDE;RUA MON SABINO FEIJAO;;;;Colisão;Luz do Dia;;;;;;0;0;2;0;0;0;0;0;0;0;0;0;-38,595165;-3,788694;;;
265768;28;3;2015;12:55;9199;RUA BAR ARATANHA;RUA DEP JOAO PONTES;;;;Colisão;Luz do Dia;;;Cruz;Pare;Comercial;0;0;2;0;0;0;0;0;0;0;0;0;-38,530746;-3,745923;;;
265769;28;3;2015;12:57;5137;RUA CASTRO E SILVA;RUA GAL BEZERRIL;;;;Colisão;Luz do Dia;;;Cruz;Pare;Comercial;0;0;2;0;0;0;0;0;0;0;0;0;-38,525536;-3,724461;;;
265770;28;3;2015;13:09;0;AV SANTOS DUMONT;;;2828;;Colisão;Luz do Dia;;;Meio de Quadra;;;0;0;2;0;0;0;0;0;0;0;0;0;-38,499449;-3,735885;;;
265771;28;3;2015;13:10;5707;RUA JULIO LIMA;RUA MELO CESAR;;;;Colisão;Luz do Dia;;;;;;0;0;2;0;0;0;0;0;0;0;0;0;-38,503059;-3,797357;;;
265772;28;3;2015;13:31;6724;AV ENG SANTANA JUNIOR;AV SANTOS DUMONT;;;;Colisão;Luz do Dia;;;Cruz;Não Há Controle;Comercial;0;0;2;0;0;0;0;0;0;0;0;0;-38,485132;-3,740506;;;
265773;28;3;2015;14:02;0;RUA HOLANDA;;;586;;Colisão;Luz do Dia;;;Meio de Quadra;;;0;0;2;0;0;0;0;0;0;0;0;0;-38,562372;-3,797810;;;
265774;28;3;2015;14:27;0;AV SGT HERMINIO SAMPAIO;;;;;Colisão;Luz do Dia;;;Meio de Quadra;;;0;0;2;0;0;0;0;0;0;0;0;0;;;;;
265775;28;3;2015;15:52;0;AV PRS JUSCELINO KUBITSCHEK (PASSARÉ);;;3290;;Colisão;Luz do Dia;;;Meio de Quadra;;;0;0;2;0;0;0;0;0;0;0;0;0;-38,526655;-3,809356;;;
265776;28;3;2015;16:34;0;AV CASTELO DE CASTRO;;;1547;;Colisão;Luz do Dia;;;Meio de Quadra;;;0;0;2;0;0;0;0;0;0;0;0;0;-38,521593;-3,842979;;;
265777;28;3;2015;17:13;0;AV LEITE BARBOSA;;;649;;Colisão;Anoitecer;;;Meio de Quadra;;;0;0;2;0;0;0;0;0;0;0;0;0;;;;;
265810;28;3;2015;19:02;1490;RUA DES LEITE ALBUQUERQUE;RUA CEL JUCA;;;;Colisão;;;;Cruz;Pare;Misto;0;0;2;0;0;0;0;0;0;0;0;0;-38,491875;-3,739434;;;
265823;28;3;2015;21:17;0;AV PRS COSTA E SILVA;;;;;Colisão;;;;Meio de Quadra;;;0;0;2;0;0;0;0;0;0;0;0;0;;;;;
265826;28;3;2015;21:36;0;AV AUGUSTO DOS ANJOS;;;608;;Colisão;;;;Meio de Quadra;;;0;0;2;0;0;0;0;0;0;0;0;0;-38,573451;-3,773747;;;
265814;28;3;2015;19:49;12682;RUA DEP MATOSO FILHO;AV CEL CARVALHO;;;;Colisão;;;;Cruz;Pare;Residencial;0;0;2;0;0;0;0;0;0;0;0;0;-38,584780;-3,729932;;;
265816;28;3;2015;22:14;0;RUA TEODOMIRO DE CASTRO;;;4022;;Colisão;;;;Meio de Quadra;;;0;0;2;0;0;0;0;0;0;0;0;0;-38,569542;-3,720178;;;
265819;28;3;2015;20:10;0;AV EDILSON B SOARES;;;2681;;Colisão;;;;Meio de Quadra;;;0;0;2;0;0;0;0;0;0;0;0;0;-38,461667;-3,787824;;;
265820;28;3;2015;21:14;0;RUA ASSUNCAO;;;1702;;Colisão;;;;Meio de Quadra;;;0;0;2;0;0;0;0;0;0;0;0;0;-38,531988;-3,744464;;;
259008;28;3;2015;11:35;0;AV SEN CARLOS JEREISSATI (AEROPORTO);;;;KM 02;Colisão;Luz do Dia;Bom;Seca;Meio de Quadra;;;0;0;2;1;0;0;0;0;0;0;0;0;-38,529156;-3,783932;;;
259018;28;3;2015;15:25;0;AV SEN CARLOS JEREISSATI (AEROPORTO);;;;KM 02;Colisão;Luz do Dia;Bom;Seca;Meio de Quadra;;;0;0;2;1;0;0;0;0;0;0;0;0;-38,529156;-3,783932;;;
260245;28;3;2015;12:58;11768;AV FILOMENO GOMES;AV PRS CASTELO BRANCO;;;;Colisão;Luz do Dia;;;Cruz;Semáforo;Lazer;0;0;2;1;1;0;0;0;0;0;0;0;-38,541982;-3,715542;;;
257687;28;3;2015;02:15;26230;RUA BORIS;AV PRS CASTELO BRANCO;;;;Colisão;;;;;;;0;1;0;1;0;0;0;0;0;1;0;0;-38,521056;-3,723228;;;
257690;28;3;2015;11:39;0;AV 13 DE MAIO;;;2350;;Colisão;Luz do Dia;;;Meio de Quadra;;;0;1;0;1;0;0;0;0;0;1;0;0;;;;;
265828;28;3;2015;21:47;0;RUA MATO GROSSO;;;296;;Atropelamento;;;;Meio de Quadra;;;0;0;2;0;0;0;0;0;0;0;0;0;;;;;
265829;28;3;2015;22:59;6285;AV G CJ CEARA;AV C CJ CEARA;;;;Choque c/ Obstáculo Fixo;;;;T;Não Há Controle;Residencial;0;0;1;0;0;0;0;0;0;0;0;0;;;;;
265830;28;3;2015;23:30;0;RUA RIO ARAGUAIA;;;923;;Colisão;;;;Meio de Quadra;;;0;0;2;0;0;0;0;0;0;0;0;0;-38,582038;-3,724840;;;
249977;28;3;2015;07:30;0;AV GAL OSORIO DE PAIVA;;;1401;;Colisão Lateral;;Bom;Seca;Meio de Quadra;Não Há Controle;Comercial;0;1;1;1;0;0;0;0;0;1;0;0;-38,573799;-3,780206;;;
249983;28;3;2015;14:15;1273;AV SANTOS DUMONT;RUA DR JOSE LOURENCO;;;;Colisão Transversal;Luz do Dia;Nublado;Molhada;Cruz;Pare;Comercial;0;0;2;1;0;0;0;0;0;0;0;0;-38,507380;-3,733299;;;
249980;28;3;2015;07:10;0;AV JOVITA FEITOSA;;;3143;;Colisão Lateral;Luz do Dia;;;Meio de Quadra;;;0;0;2;1;0;0;0;0;0;0;0;0;-38,565788;-3,741773;;;
249970;28;3;2015;18:30;0;AV DR SILAS MUNGUBA;;;5050;;Queda;Via Iluminada;;Seca;Meio de Quadra;Gesto;Residencial;0;1;0;0;0;0;0;0;0;1;0;0;-38,531465;-3,797533;;;
249971;28;3;2015;03:50;23036;AV DR SILAS MUNGUBA;RUA CARAMURU D45 (ITAPERI);;;;Choque c/ Obstáculo Fixo;Via Iluminada;Bom;Seca;Cruz;Pare;Comercial;1;1;0;0;0;0;0;0;0;1;0;0;-38,541473;-3,789977;;;
249973;28;3;2015;16:40;5437;RUA FLORIANO PEIXOTO;RUA METON DE ALENCAR;;;;Colisão Transversal;Luz do Dia;Bom;Seca;Cruz;Pare;Comercial;0;1;1;0;0;0;0;0;0;1;0;0;-38,529358;-3,734071;;;
249975;28;3;2015;08:00;0;AV DOS EXPEDICIONARIOS;;;5155;;Colisão Lateral;Luz do Dia;Bom;Seca;Meio de Quadra;Semáforo;Comercial;0;1;1;1;0;0;0;0;0;1;0;0;-38,541344;-3,765485;;;
249990;28;3;2015;17:30;25435;AV ALBERTO CRAVEIRO;RUA PAULA FRANCINETE;;;;Colisão Transversal;Amanhecer;Bom;Seca;T;Pare;Residencial;0;0;2;1;0;0;0;0;0;0;0;0;-38,518044;-3,795238;;;
249991;28;3;2015;16:00;4250;AV FRANCISCO SA;RUA PDE ANCHIETA;;;;Atropelamento;Luz do Dia;Bom;Seca;Cruz;Semáforo;Residencial;1;0;1;0;1;0;0;0;0;0;0;0;-38,549538;-3,719988;;;
249986;28;3;2015;09:00;0;AV GODOFREDO MACIEL;;;2900;;Colisão Traseira;Luz do Dia;Bom;Seca;Meio de Quadra;Semáforo;Comercial;0;0;2;1;0;0;0;0;0;0;0;0;-38,570835;-3,799452;;;
249987;28;3;2015;04:40;14422;AV SGT HERMINIO SAMPAIO;RUA MOZART PINTO;;;;Colisão Transversal;Luz do Dia;Bom;Seca;T;Pare;Comercial;0;1;1;1;0;0;0;0;0;1;0;0;-38,551753;-3,724783;;;
249993;28;3;2015;14:00;0;AV PRS CASTELO BRANCO;;;4300;;Colisão Lateral;Mal Iluminada;Bom;Seca;Meio de Quadra;Não Há Controle;Residencial;0;1;1;0;1;0;0;0;0;1;0;0;-38,570575;-3,707613;;;
250009;29;3;2015;03:00;0;RUA JOSE AVELINO;;;367;;Colisão Lateral;Via Iluminada;Nublado;Molhada;Meio de Quadra;Não Há Controle;Comercial;0;0;2;1;1;0;0;0;0;0;0;0;-38,519980;-3,722355;;;
250012;29;3;2015;20:05;0;AV BEIRA MAR;;;2100;;Colisão Transversal;Via Iluminada;Bom;Seca;Meio de Quadra;Não Há Controle;Residencial;0;0;2;1;0;0;0;0;0;0;0;0;-38,501909;-3,724385;;;
250017;29;3;2015;16:00;0;RUA VIS MAUA;;;;;Colisão Lateral;Via Iluminada;Bom;Seca;Meio de Quadra;Pare;Residencial;0;0;2;1;0;0;0;0;0;0;0;0;;;;;
250018;29;3;2015;08:30;13288;AV JOAO DE ARAUJO LIMA;RUA 66 CJ JOSE WALTER;;;;Choque c/ Obstáculo Fixo;Luz do Dia;Bom;Seca;T;Pare;Comercial;0;0;1;1;0;0;0;0;0;0;0;0;-38,561745;-3,838274;;;
250019;29;3;2015;22:55;22070;RUA JOSE FACANHA;RUA PAPI JUNIOR;;;;Colisão;Via Iluminada;Bom;Seca;Cruz;Outros;Residencial;0;3;0;0;0;0;0;0;0;1;0;0;-38,557265;-3,752136;;;
249976;29;3;2015;18:10;15340;RUA CANUTO DE AGUIAR;RUA CEL LINHARES;;;;Colisão Transversal;Via Iluminada;Bom;Seca;Cruz;Pare;Residencial;0;0;2;1;0;0;0;0;0;0;0;0;-38,492546;-3,731563;;;
249974;29;3;2015;15:19;10777;RUA VITORIA (AV. PERIMETRAL);RUA PORTO ALEGRE;;;;Colisão Transversal;Luz do Dia;Bom;Seca;Cruz;Não Há Controle;Residencial;0;0;2;1;0;0;0;0;0;1;0;0;-38,586947;-3,762193;;;
249972;29;3;2015;15:00;0;AV C CJ JOSE WALTER;;;;;Colisão Transversal;Luz do Dia;Nublado;Seca;Meio de Quadra;Dê Preferência;Residencial;0;2;1;0;1;0;0;0;0;1;0;0;;;;;
249981;29;3;2015;19:30;10730;RUA VITORIA (AV. PERIMETRAL);AV SEN FERNANDES TAVORA;;;;Colisão Lateral;Via Iluminada;Bom;Seca;Cruz;Semáforo;Residencial;0;1;1;1;0;0;0;0;0;1;0;0;-38,585903;-3,760193;;;
249982;29;3;2015;19:00;12508;AV LINEU MACHADO;RUA ALUISIO AZEVEDO;;;;Colisão Transversal;Via Iluminada;Bom;Seca;Cruz;Semáforo;Comercial;0;1;1;1;0;0;0;0;0;1;0;0;-38,579184;-3,770212;;;
249979;29;3;2015;07:15;0;AV SGT HERMINIO SAMPAIO;;;4296;;Colisão Frontal;Luz do Dia;Bom;Seca;Meio de Quadra;;Residencial;0;1;1;1;0;0;0;0;0;1;0;0;-38,578547;-3,731238;;;
249985;29;3;2015;08:30;0;AV PRS CASTELO BRANCO;;;2922;;Colisão Traseira;Luz do Dia;Bom;Seca;Meio de Quadra;Não Há Controle;Misto;0;1;1;1;0;0;0;0;0;1;0;0;-38,554418;-3,712076;;;
265844;29;3;2015;09:45;3398;RUA PAPI JUNIOR;RUA AMAZONAS;;;;Colisão;Luz do Dia;;;Cruz;Pare;Residencial;0;0;2;0;0;0;0;0;0;0;0;0;-38,560679;-3,755547;;;
265836;29;3;2015;01:00;0;RUA JOAO CORDEIRO;;;1644;;Colisão;;;;Meio de Quadra;;;0;0;2;0;0;0;0;0;0;0;0;0;-38,515990;-3,734760;;;
265846;29;3;2015;09:53;0;AV BEZERRA DE MENEZES;;;2181;;Colisão;Luz do Dia;;;Meio de Quadra;;;0;0;2;0;0;0;0;0;0;0;0;0;-38,564231;-3,735618;;;
265841;29;3;2015;08:33;0;AV DEP PAULINO ROCHA;;;;;Colisão;Luz do Dia;;;Meio de Quadra;;;0;0;2;0;0;0;0;0;0;0;0;0;;;;;
265849;29;3;2015;10:20;0;RUA ANTONIO PEREIRA;;;635;;Colisão;Luz do Dia;;;Meio de Quadra;;;0;0;2;0;0;0;0;0;0;0;0;0;-38,566978;-3,832422;;;
265850;29;3;2015;11:20;0;RUA VITAL BRASIL;;;1425;;Atropelamento;Luz do Dia;;;Meio de Quadra;;;0;0;2;0;0;0;0;0;0;0;0;0;-38,593711;-3,779223;;;
265852;29;3;2015;11:37;0;RUA RIO ARAGUAIA;;;202;;Choque c/ Obstáculo Fixo;Luz do Dia;;;Meio de Quadra;;;0;0;1;0;0;0;0;0;0;0;0;0;-38,581475;-3,718712;;;
265878;29;3;2015;18:07;0;AV ZEZE DIOGO;;;;;Colisão;Anoitecer;;;Meio de Quadra;;;0;0;2;0;0;0;0;0;0;0;0;0;;;;;
265879;29;3;2015;22:24;0;RUA DEP MANUEL MATOSO FILHO;;;333;;Atropelamento;;;;Meio de Quadra;;;0;0;2;0;0;0;0;0;0;0;0;0;-38,554375;-3,728178;;;
265875;29;3;2015;16:08;7713;AV CARNEIRO DE MENDONCA;RUA URSULA GARCIA;;;;Atropelamento;Luz do Dia;;;Cruz;Pare;Comercial;0;0;2;0;0;0;0;0;0;0;0;0;-38,562346;-3,766169;;;
265854;29;3;2015;11:38;0;RUA OTAVIO ROCHA;;;525;;Colisão;Luz do Dia;;;Meio de Quadra;;;0;0;2;0;0;0;0;0;0;0;0;0;-38,473979;-3,776087;;;
265858;29;3;2015;11:50;0;AV PRO JOSE ARTHUR CARVALHO;;;;;Colisão;Luz do Dia;;;Meio de Quadra;;;0;0;2;0;0;0;0;0;0;0;0;0;;;;;
265860;29;3;2015;12:27;0;AV PRS CASTELO BRANCO;;;;;Colisão;Luz do Dia;;;Meio de Quadra;;;0;0;2;0;0;0;0;0;0;0;0;0;;;;;
265861;29;3;2015;12:29;21264;RUA DOM HELIO CAMPOS D21;RUA MARCILIO DIAS;;;;Colisão;Luz do Dia;;;;;;0;0;2;0;0;0;0;0;0;0;0;0;-38,554648;-3,710509;;;
265862;29;3;2015;15:22;0;AV JOR THOMAZ COELHO;;;;;Colisão;Luz do Dia;;;;;;0;0;2;0;0;0;0;0;0;0;0;0;;;;;
265863;29;3;2015;15:15;0;AV AUGUSTO DOS ANJOS;;;1815;;Colisão;Luz do Dia;;;Meio de Quadra;;;0;0;2;0;0;0;0;0;0;0;0;0;-38,580733;-3,781948;;;
257692;29;3;2015;00:19;12662;RUA CARNAUBAL;RUA RIO PARAGUAI;;;;Colisão;;;;Cruz;Não Há Controle;Residencial;1;0;1;0;1;0;0;0;0;1;0;0;-38,583961;-3,722458;;;
257693;29;3;2015;01:30;0;RUA ALUISIO AZEVEDO;;;165;;Outros;;;;Meio de Quadra;;;0;1;0;1;0;0;0;0;0;1;0;0;-38,574251;-3,772834;;;
257694;29;3;2015;09:16;3990;AV PRO GOMES DE MATOS;RUA PRO COSTA MENDES;;;;Colisão;Luz do Dia;;;Cruz;Semáforo;Comercial;0;0;2;1;0;0;0;0;0;0;0;0;-38,542936;-3,758035;;;
257696;29;3;2015;23:56;0;AV WASHINGTON SOARES;;;2800;;Colisão Lateral;;;;Meio de Quadra;;;0;1;0;0;1;0;0;0;0;0;0;0;-38,481028;-3,783021;;;
261595;29;3;2015;00:17;0;RUA OSCAR FRANCA;;;394;;Colisão;;;;Meio de Quadra;;;0;1;1;0;0;0;0;0;0;1;0;0;;;;;
261596;29;3;2015;02:09;0;RUA MONTE LIBANO;;;;;Colisão;;;;Meio de Quadra;;;0;1;1;1;0;0;0;0;0;1;0;0;-38,561163;-3,823708;;;
261604;29;3;2015;12:16;0;RUA AQUIRAZ;;;;;Colisão;Luz do Dia;;;Meio de Quadra;;;0;1;1;1;0;0;0;0;0;1;0;0;-38,546740;-3,757368;;;
261605;29;3;2015;14:50;0;AV CEL CARVALHO;;;;;Choque c/ Obstáculo Fixo;Luz do Dia;;;Meio de Quadra;;;0;1;0;1;0;0;0;0;0;0;0;0;;;;;
261606;29;3;2015;15:22;0;RUA VITORIA;;;;;Colisão;Luz do Dia;;;;;;0;1;1;1;0;0;0;0;0;1;0;0;;;;;
261607;29;3;2015;15:56;0;RUA PARAIBA;;;;;Colisão;Luz do Dia;;;;;;0;1;0;0;0;0;0;0;0;0;0;0;;;;;
261608;29;3;2015;15:58;0;RUA SOBRAL D03;;;;;Colisão;Luz do Dia;;;Meio de Quadra;;;0;1;1;1;0;0;0;0;0;0;0;0;;;;;
261609;29;3;2015;17:01;0;RUA EDGAR FALCAO;;;;;Colisão;Anoitecer;;;Meio de Quadra;;;0;1;1;1;0;0;0;0;0;1;0;0;-38,571799;-3,730729;;;
261612;29;3;2015;19:46;0;AV SIQUEIRA CAMPOS;;;;;Atropelamento;;;;Meio de Quadra;;;0;1;1;1;0;0;0;0;0;0;0;0;-38,622825;-3,817679;;;
261613;29;3;2015;20:31;0;RUA RECANTO VERDE;;;;;Colisão;;;;Meio de Quadra;;;0;1;1;0;0;0;0;0;0;1;0;0;;;;;
261614;29;3;2015;22:06;0;AV BORGES DE MELO;;;;;Atropelamento;;;;Meio de Quadra;;;0;1;1;0;0;0;0;0;0;1;0;0;;;;;
261598;29;3;2015;02:15;24967;AV ALM HENRIQUE SABOIA;AV SANTOS DUMONT;;;;Queda;;;;Outros;Não Há Controle;Comercial;0;1;0;0;0;0;0;0;0;1;0;0;-38,487482;-3,739751;;;
261599;29;3;2015;03:01;0;RUA ALM JACEGUAI;;;;;Atropelamento;;;;Meio de Quadra;;;0;1;1;1;0;0;0;0;0;0;0;0;;;;;
261600;29;3;2015;07:22;0;AV SGT HERMINIO SAMPAIO;;;;;Queda;Luz do Dia;;;Meio de Quadra;;;0;1;0;0;0;0;0;0;0;1;0;0;-38,578547;-3,731238;;;
261601;29;3;2015;08:52;0;AV GAL OSORIO DE PAIVA;;;;;Colisão;Luz do Dia;;;Meio de Quadra;;;0;1;1;1;0;0;0;0;0;1;0;0;-38,568974;-3,777188;;;
261602;29;3;2015;10:18;0;AV ALM HENRIQUE SABOIA;;;;;Queda;Luz do Dia;;;Meio de Quadra;;;0;1;0;0;0;0;0;0;0;1;0;0;;;;;
261627;30;3;2015;17:20;0;AV PERIMETRAL;;;;;Colisão;Anoitecer;;;Meio de Quadra;;;0;1;1;0;0;0;0;0;0;1;0;0;;;;;
261628;30;3;2015;17:35;0;AV JOSE BASTOS;;;;;Colisão;Anoitecer;;;Meio de Quadra;;;0;1;0;0;0;0;0;0;0;0;0;0;;;;;
261629;30;3;2015;;0;AV I CJ JOSE WALTER;;;;;Colisão;;;;Meio de Quadra;;;0;1;1;1;0;0;0;0;0;1;0;0;-38,552456;-3,830789;;;
261615;30;3;2015;02:32;0;AV CASTELO DE CASTRO;;;;;Queda;;;;Meio de Quadra;;;0;1;0;0;0;0;0;0;0;1;0;0;;;;;
261616;30;3;2015;04:29;0;AV DEP PAULINO ROCHA;;;3131;CASTELAO;Choque c/ Obstáculo Fixo;;;;Meio de Quadra;;;1;1;0;0;0;0;0;0;0;1;0;0;-38,523807;-3,808405;;;
261617;30;3;2015;07:09;0;RUA VITORIA;;;;;Colisão;Luz do Dia;;;Meio de Quadra;;;0;1;1;0;0;0;0;0;0;1;0;0;;;;;
261618;30;3;2015;08:02;0;RUA PDE CICERO;;;;;Queda;Luz do Dia;;;Meio de Quadra;;;0;1;1;0;0;0;0;0;0;1;0;0;-38,543089;-3,746040;;;
261619;30;3;2015;09:45;0;RUA CLOVIS FONTENELE D22;;;;;Colisão;Luz do Dia;;;;;;0;1;1;0;0;0;0;0;0;0;0;0;-38,564909;-3,709996;;;
261620;30;3;2015;10:31;0;AV OLIVEIRA PAIVA;;;;;Choque c/ Obstáculo Fixo;Luz do Dia;;;Meio de Quadra;;;0;1;0;0;0;0;0;0;0;0;0;0;;;;;
261621;30;3;2015;10:39;0;RUA LOURDES VIDAL ALVES;;;;;Queda;Luz do Dia;;;Meio de Quadra;;;0;1;0;0;0;0;0;0;0;1;0;0;;;;;
261622;30;3;2015;11:34;0;RUA PAULO MORAIS;;;;;Queda;Luz do Dia;;;Meio de Quadra;;;0;1;0;0;0;0;0;0;0;1;0;0;;;;;
261623;30;3;2015;11:35;0;AV GODOFREDO MACIEL;;;;;Colisão;Luz do Dia;;;Meio de Quadra;;;0;1;1;1;0;0;0;0;0;1;0;0;;;;;
261624;30;3;2015;12:48;0;AV PONTES VIEIRA;;;;;Colisão;Luz do Dia;;;Meio de Quadra;;;0;1;1;1;0;0;0;0;0;1;0;0;;;;;
261625;30;3;2015;12:51;0;RUA ALVES DE SOUZA;;;1076;;Queda;Luz do Dia;;;Meio de Quadra;;;0;1;0;0;0;0;0;0;0;1;0;0;-38,595100;-3,803021;;;
261631;30;3;2015;21:29;0;RUA VALPARAISO;;;;;Colisão;;;;Meio de Quadra;;;0;1;1;1;0;0;0;0;0;1;0;0;;;;;
260250;30;3;2015;07:25;0;RUA PRA HELOISA F LIMA;AV DR SILAS MUNGUBA;;;;Colisão;Luz do Dia;;;;;;0;0;2;1;0;0;0;0;0;0;0;0;;;;;
260251;30;3;2015;11:19;0;AV 13 DE MAIO;RUA PAULA RODRIGUES;;;;Colisão;Luz do Dia;;;Meio de Quadra;;;0;0;2;1;0;0;0;0;0;0;0;0;;;;;
260253;30;3;2015;14:46;0;AV BEZERRA DE MENEZES;;;;;Colisão;Luz do Dia;;;Meio de Quadra;;;0;0;2;0;0;0;0;1;0;0;0;0;;;;;
259020;30;3;2015;07:10;0;RD CE-040;;;;KM-10;Colisão;Luz do Dia;Bom;Seca;Meio de Quadra;;;0;0;2;1;0;0;0;0;0;0;0;0;-38,480068;-3,838671;;;
259021;30;3;2015;09:00;0;RD CE-040;;;;KM-07;Colisão;Luz do Dia;Bom;Molhada;Meio de Quadra;;;0;0;3;1;0;0;0;0;0;0;0;0;-38,483160;-3,817953;;;
259025;30;3;2015;11:10;0;RD CE-025;;;;KM-03;Colisão;Luz do Dia;Bom;Seca;Meio de Quadra;;;0;0;2;1;1;0;0;0;0;0;0;0;-38,446791;-3,805236;;;
259039;30;3;2015;19:00;0;RD CE-040;;;;KM-06;Colisão;Via Iluminada;Bom;Seca;Meio de Quadra;;;0;1;1;0;0;0;0;0;0;1;0;0;-38,478781;-3,811270;;;
259033;30;3;2015;17:05;0;RD CE-040;;;;KM-05;Colisão;Via Iluminada;Bom;Seca;Meio de Quadra;;;0;0;4;1;1;0;0;0;0;0;0;0;-38,480349;-3,790876;;;
257698;30;3;2015;13:40;0;RD CE-060;;;;KM-03;Atropelamento;Luz do Dia;;;Meio de Quadra;;;0;1;0;0;0;0;0;0;0;1;0;0;-38,582776;-3,836637;;;
265882;30;3;2015;07:40;0;RUA RIO GRANDE DO SUL;;;1377;;Colisão;Luz do Dia;;;Meio de Quadra;;;0;0;2;0;0;0;0;0;0;0;0;0;-38,568688;-3,760368;;;
265883;30;3;2015;08:26;11761;RUA JACINTO MATOS;AV PRS CASTELO BRANCO;;;;Colisão;Luz do Dia;;;T;Semáforo;Residencial;0;0;2;0;0;0;0;0;0;0;0;0;-38,546333;-3,714630;;;
265885;30;3;2015;08:47;0;RUA COLETORA A (MONDUBIM);;;543;;Colisão;Luz do Dia;;;Meio de Quadra;;;0;0;2;0;0;0;0;0;0;0;0;0;;;;;
265887;30;3;2015;08:51;0;RUA JOSE HIPOLITO;;;1087;;Colisão;Luz do Dia;;;Meio de Quadra;;;0;0;2;0;0;0;0;0;0;0;0;0;-38,486560;-3,835495;;;
265888;30;3;2015;09:18;12954;AV PRS COSTA E SILVA;AV DOS EXPEDICIONARIOS;;;;Colisão;Luz do Dia;;;Cruz;Semáforo;Comercial;0;0;2;0;0;0;0;0;0;0;0;0;-38,558276;-3,821079;;;
265892;30;3;2015;10:41;22248;RUA SOARES BULCAO;RUA CEL MOZART GONDIM;;;;Colisão;Luz do Dia;;;Cruz;Pare;Comercial;0;0;2;0;0;0;0;0;0;0;0;0;-38,559100;-3,733310;;;
265907;30;3;2015;17:44;1819;RUA MARIA QUINTINO;RUA JOCENO MONTEIRO;;;;Colisão;Anoitecer;;;;;;0;0;2;0;0;0;0;0;0;0;0;0;-38,501036;-3,856864;;;
265908;30;3;2015;19:00;6752;AV SANTOS DUMONT;RUA PRO OTAVIO LOBO;;;;Colisão;;;;Cruz;Semáforo;Residencial;0;0;2;0;0;0;0;0;0;0;0;0;-38,477829;-3,742845;;;