COD_ACIDENTE;DIA;MES;ANO;HORA;INTERSECAO;LOG1;LOG2;LOG3;NUMERO;REFERENCIA;NATUREZA;ILUMINACAO;TEMPO;SUPERFICIEPISTA;TIPOCRUZAMENTO;CONTROLETRAFEGO;USOSOLO;MORTOS;FERIDOS;ILESOS;AUTOMOVEL;ONIBUS;BICICLETA;CAMINHAO;MICROONIBUS;CICLOMOTOR;MOTOCICLETA;TRACAOANIMAL;TREM;LONG;LAT;;;
265910;30;3;2015;19:04;0;AV I CJ JOSE WALTER;;;780;;Atropelamento;;;;Meio de Quadra;;;0;0;2;0;0;0;0;0;0;0;0;0;-38,552456;-3,830789;;;
265911;30;3;2015;21:45;18743;RUA CATOLE;RUA VALPARAISO;;;;Colisão;;;;Cruz;Pare;Residencial;0;0;2;0;0;0;0;0;0;0;0;0;-38,520171;-3,846407;;;
265894;30;3;2015;14:05;0;AV ODILON GUIMARAES;;;3655;;Colisão;Luz do Dia;;;Meio de Quadra;;;0;0;2;0;0;0;0;0;0;0;0;0;-38,469311;-3,815650;;;
265897;30;3;2015;11:09;5415;RUA FLORIANO PEIXOTO;RUA GAL CLARINDO DE QUEIROZ;;;;Colisão;Luz do Dia;;;Cruz;Pare;Comercial;0;0;2;0;0;0;0;0;0;0;0;0;-38,529027;-3,733049;;;
265900;30;3;2015;11:51;0;RUA GUILHERME MENDES;;;1024;;Colisão;Luz do Dia;;;Meio de Quadra;;;0;0;2;0;0;0;0;0;0;0;0;0;-38,587961;-3,720559;;;
265902;30;3;2015;12:32;5356;RUA GAL SAMPAIO;AV DUQ CAXIAS;;;;Colisão;Luz do Dia;;;Cruz;Semáforo;Misto;0;0;2;0;0;0;0;0;0;0;0;0;-38,532029;-3,731096;;;
265905;30;3;2015;17:15;0;RUA CAP ARAGAO;;;;;Colisão;Anoitecer;;;Meio de Quadra;;;0;0;2;0;0;0;0;0;0;0;0;0;;;;;
258682;30;3;2015;15:00;0;RD BR 116;;;4000;KM-04;Colisão Lateral;Luz do Dia;Bom;Seca;Meio de Quadra;Não Há Controle;Comercial;0;0;2;1;0;0;0;0;0;0;0;0;-38,510646;-3,788331;;;
258680;30;3;2015;10:45;0;RD BR 116;;;14000;KM-14;Colisão Lateral;Luz do Dia;Chuva;Molhada;Meio de Quadra;Não Há Controle;Comercial;0;1;2;0;0;0;1;0;0;0;0;0;-38,499242;-3,873523;;;
258684;30;3;2015;17:00;0;RD BR 116;;;3000;KM-03;Colisão Traseira;Anoitecer;Bom;Seca;Meio de Quadra;Não Há Controle;Comercial;0;1;1;0;1;0;0;0;0;0;0;0;-38,514372;-3,779838;;;
250013;30;3;2015;13:30;0;AV PRS JUSCELINO KUBITSCHEK (PASSARÉ);;;3230;;Colisão Lateral;;Nublado;Seca;Outros;Outros;Residencial;0;1;1;1;0;0;0;0;0;1;0;0;-38,526225;-3,808822;;;
250014;30;3;2015;08:30;0;RUA NEREU RAMOS;;;206;;Colisão Traseira;Luz do Dia;Chuva;Molhada;Meio de Quadra;Não Há Controle;Comercial;0;1;1;0;1;0;0;0;0;1;0;0;-38,568807;-3,786525;;;
250015;30;3;2015;18:45;0;AV DOMINGOS OLIMPIO;;;681;;Colisão Lateral;;Bom;Seca;Meio de Quadra;;Comercial;0;0;2;0;0;0;0;0;0;0;0;0;-38,529842;-3,737113;;;
250016;30;3;2015;00:10;7718;AV CARNEIRO DE MENDONCA;AV JOSE BASTOS;;;;Colisão Transversal;Via Iluminada;Bom;Seca;Cruz;Semáforo;Comercial;0;1;1;1;0;0;0;0;0;1;0;0;-38,566759;-3,764109;;;
250010;30;3;2015;13:00;0;AV SANTOS DUMONT;;;2825;;Colisão Lateral;Luz do Dia;Nublado;Seca;Meio de Quadra;Não Há Controle;Comercial;0;1;1;1;0;0;0;0;0;1;0;0;-38,499079;-3,736000;;;
250011;30;3;2015;13:40;0;AV PONTES VIEIRA;;;;;Colisão Lateral;Luz do Dia;Bom;Seca;Meio de Quadra;;Comercial;0;1;2;1;0;0;0;0;0;1;0;0;-38,513460;-3,752724;;;
249994;30;3;2015;09:00;0;AV BEIRA MAR;;;;;Atropelamento;Luz do Dia;Chuva;Molhada;Meio de Quadra;Semáforo;Comercial;0;1;1;0;0;0;0;0;0;0;0;0;;;;;
249995;30;3;2015;07:50;1468;AV RUI BARBOSA;RUA CARLOS A GALVAO;;;;Colisão Lateral;;Chuva;Seca;;;Comercial;0;0;2;1;0;0;0;0;0;0;0;0;-38,510325;-3,738755;;;
249997;30;3;2015;18:00;0;RUA ANTONIO FURTADO;;;970;;Outros;Via Iluminada;Bom;Seca;Outros;Pare;Residencial;0;0;2;1;0;0;0;0;0;0;0;0;-38,511240;-3,751430;;;
249998;30;3;2015;14:00;15834;RUA CEL FRANCISCO PEREIRA (MESSEJANA);RUA TEN JURANDIR ALENCAR;;;;Colisão Lateral;Luz do Dia;Bom;Seca;Cruz;Semáforo;Comercial;0;0;2;1;1;0;0;0;0;0;0;0;-38,492929;-3,831773;;;
249999;30;3;2015;16:00;0;AV SGT HERMINIO SAMPAIO;;;2500;;Colisão Traseira;;Bom;Seca;Meio de Quadra;Não Há Controle;Comercial;0;0;2;0;0;0;0;0;0;0;0;0;-38,562752;-3,726761;;;
250000;30;3;2015;00:05;0;AV OLIVEIRA PAIVA;;;223;;Engavetamento;Via Iluminada;Bom;Seca;Meio de Quadra;Não Há Controle;Comercial;0;1;2;1;0;0;0;0;0;0;0;0;-38,503005;-3,798560;;;
250001;30;3;2015;11:00;19667;AV BEZERRA DE MENEZES;RUA DOM LINO;;;;Colisão Lateral;Luz do Dia;Chuva;Seca;Cruz;Semáforo;Comercial;0;0;2;1;0;0;1;0;0;0;0;0;-38,557568;-3,734232;;;
250002;30;3;2015;08:20;1423;RUA TORRES CAMARA;RUA OSVALDO CRUZ (ALDEOTA);;;;Colisão Transversal;Luz do Dia;Nublado;Molhada;Cruz;Semáforo;Residencial;0;0;2;1;0;0;0;0;0;0;0;0;-38,500953;-3,737574;;;
250003;30;3;2015;19:00;0;AV WENEFRIDO MELO;;;309;;Colisão Traseira;Via Iluminada;Nublado;Seca;Meio de Quadra;Outros;Residencial;0;1;1;1;1;0;0;0;0;0;0;0;-38,576380;-3,810263;;;
250004;30;3;2015;13:40;0;AV ROGACIANO LEITE;;;2399;;Choque c/ Obstáculo Fixo;Luz do Dia;Bom;Seca;Meio de Quadra;;;0;0;2;1;0;0;0;0;0;0;0;0;-38,500342;-3,776071;;;
250005;30;3;2015;09:00;11055;RUA CLOVIS FONTENELE D45;RUA OFIR;;;;Colisão Lateral;;Nublado;Seca;Cruz;;Residencial;0;1;1;0;0;0;0;0;0;1;0;0;-38,549049;-3,788578;;;
250006;30;3;2015;14:30;23433;RUA MON SALAZAR;RUA PRO CARVALHO;;;;Colisão Lateral;Luz do Dia;Bom;Seca;Cruz;Pare;Comercial;0;0;2;1;0;0;0;0;0;0;0;0;-38,514308;-3,756146;;;
250007;30;3;2015;10:30;5254;RUA JOAO CORDEIRO;RUA PEREIRA FILGUEIRAS;;;;Colisão Transversal;Luz do Dia;Chuva;Molhada;Cruz;Semáforo;Residencial;0;0;2;1;0;0;0;0;0;0;0;0;-38,513877;-3,728001;;;
250008;30;3;2015;12:40;25697;RUA ROCHA LIMA;RUA JOAO CORDEIRO;;;;Colisão Transversal;Luz do Dia;Bom;Seca;Cruz;Pare;Residencial;0;0;2;0;0;0;0;0;0;0;0;0;-38,517275;-3,738000;;;
250050;30;3;2015;07:00;0;RUA MENINO JESUS DE PRAGA;;;20;;Outros;Mal Iluminada;Bom;Seca;Meio de Quadra;Não Há Controle;Residencial;0;0;1;0;0;0;1;0;0;0;0;0;-38,582977;-3,772361;;;
250042;30;3;2015;23:50;12614;AV CEL CARVALHO;RUA COS LAFAYETE;;;;Colisão Transversal;Via Iluminada;Chuva;Molhada;Cruz;Semáforo;Comercial;0;0;2;1;0;0;0;0;0;0;0;0;-38,587938;-3,717512;;;
250043;30;3;2015;07:40;580;AV FRANCISCO SA;RUA FRE TEOBALDO;;;;Colisão Transversal;Luz do Dia;Chuva;Molhada;Cruz;Pare;Comercial;0;0;2;1;0;0;0;0;0;0;0;0;-38,562077;-3,715815;;;
250044;30;3;2015;12:30;0;RUA DES WALDETARIO P MOTA;;;1006;;Colisão Transversal;Luz do Dia;Bom;Seca;Meio de Quadra;Não Há Controle;Residencial;0;0;2;1;0;0;0;0;0;0;0;0;-38,481776;-3,738660;;;
250024;30;3;2015;14:10;0;AV JOAO PESSOA;;;;;Colisão Traseira;Luz do Dia;Nublado;Seca;Meio de Quadra;;Residencial;0;0;2;0;1;0;0;0;0;1;0;0;;;;;
250025;30;3;2015;15:30;0;ET PICI;;;907;;Colisão Frontal;Luz do Dia;Bom;Seca;Meio de Quadra;Não Há Controle;Residencial;0;1;1;1;0;0;0;0;0;1;0;0;-38,578066;-3,766160;;;
250026;30;3;2015;06:30;22932;RUA ANTONIO BENTO;RUA JAPI;;;;Colisão Lateral Sentido Oposto;Luz do Dia;Bom;Seca;Cruz;Pare;Residencial;0;0;2;1;0;0;0;0;0;0;0;0;-38,547961;-3,783512;;;
250021;30;3;2015;13:26;12762;RUA JORGE DUMAR;AV BORGES DE MELO;;;;Colisão Transversal;Luz do Dia;Nublado;Seca;Cruz;Semáforo;Comercial;0;0;2;1;0;0;0;0;0;0;0;0;-38,539369;-3,752695;;;
250028;30;3;2015;08:00;15896;RUA GURGEL DO AMARAL;RUA JOSE CAVALCANTE SOBR;;;;Colisão Frontal;Luz do Dia;Nublado;Seca;T;Pare;Residencial;0;1;1;1;0;0;0;0;0;1;0;0;-38,486455;-3,835550;;;
250030;30;3;2015;09:55;0;AV FRE CIRILO;;;3778;;Colisão Traseira;Luz do Dia;Chuva;Seca;Meio de Quadra;Outros;Misto;0;1;1;0;1;0;0;0;0;1;0;0;-38,497463;-3,817182;;;
250032;30;3;2015;13:00;25683;RUA ANTONIO MENDES (JD AMERICA);RUA DAMASCENO GIRAO;;;;Colisão Lateral;Luz do Dia;Nublado;Molhada;Cruz;Pare;Residencial;0;0;2;1;0;0;0;0;0;0;0;0;-38,539780;-3,751507;;;
250034;30;3;2015;07:00;20212;AV PRS JUSCELINO KUBITSCHEK (PASSARÉ);RUA SAO TOMAZ DE AQUINO;;;;Colisão;Luz do Dia;Nublado;Seca;Cruz;Outros;Residencial;0;3;0;1;0;0;0;0;0;1;0;0;-38,529791;-3,813772;;;
250039;30;3;2015;17:13;0;AV PRS COSTA E SILVA;;;2342;;Colisão Traseira;Anoitecer;Bom;;Meio de Quadra;;Residencial;0;0;3;1;0;0;0;0;0;0;0;0;-38,560814;-3,819919;;;
250035;31;3;2015;09:00;13317;AV L CJ JOSE WALTER;RUA 68 CJ JOSE WALTER;;;;Colisão Lateral;Luz do Dia;Nublado;Seca;Cruz;Não Há Controle;Residencial;0;0;2;1;0;0;0;0;0;0;0;0;-38,560139;-3,839752;;;
250036;31;3;2015;10:40;1656;RUA BENI DE CARVALHO;RUA PRO DIAS DA ROCHA;;;;;Luz do Dia;Chuva;Molhada;Cruz;Pare;Comercial;0;0;3;1;0;0;0;0;0;1;0;0;-38,495024;-3,745994;;;
250037;31;3;2015;15:20;9039;RUA BAR RIO BRANCO;RUA PDE MIGUELINHO;;;;Colisão Transversal;Luz do Dia;Bom;Seca;Cruz;Pare;Comercial;0;0;2;1;0;0;0;0;0;1;0;0;-38,533460;-3,742749;;;
250038;31;3;2015;07:25;8018;AV JOAO PESSOA;RUA JOSE MONTEIRO DOS SANTOS;;;;Colisão Lateral;Luz do Dia;Chuva;Molhada;Cruz;Não Há Controle;Comercial;0;1;1;1;0;0;0;0;0;1;0;0;-38,548869;-3,751769;;;
250033;31;3;2015;15:00;15823;RUA MANUEL CASTELO BRANCO;RUA CEL ERNESTO MATOS;;;;Colisão Traseira;Luz do Dia;Bom;Seca;Cruz;Semáforo;Comercial;0;0;2;1;0;0;0;0;0;0;0;0;-38,490083;-3,832449;;;
250031;31;3;2015;16:00;0;RUA PDE PEDRO DE ALENCAR;;;;FAE;Colisão Traseira;Luz do Dia;Bom;Seca;Meio de Quadra;Não Há Controle;Comercial;0;0;2;1;0;0;0;0;0;0;0;0;;;;;
250029;31;3;2015;12:00;0;AV ALBERTO CRAVEIRO;;;430;;Colisão Traseira;Luz do Dia;Chuva;Molhada;Meio de Quadra;Não Há Controle;Comercial;0;0;2;1;0;0;0;0;0;0;0;0;-38,516505;-3,782668;;;
250022;31;3;2015;17:50;13527;AV BAR STUDART;RUA JOAQUIM SA;;;;Colisão Transversal;Anoitecer;Bom;Seca;;Pare;Comercial;0;0;2;1;1;0;0;0;0;0;0;0;-38,510714;-3,747468;;;
250023;31;3;2015;08:50;13536;AV RUI BARBOSA;RUA JULIO SIQUEIRA;;;;Colisão Lateral;Luz do Dia;Chuva;Molhada;T;Pare;Residencial;0;0;2;1;0;0;0;0;0;0;0;0;-38,513332;-3,748103;;;
250027;31;3;2015;07:10;1530;RUA TIBURCIO CAVALCANTE;AV JULIO VENTURA;;;;Colisão Lateral;Luz do Dia;Nublado;Seca;T;Semáforo;Comercial;0;0;2;1;1;0;0;0;0;0;0;0;-38,504074;-3,740609;;;
250045;31;3;2015;09:00;0;AV 13 DE MAIO;;;1189;;Colisão Traseira;Luz do Dia;Nublado;Seca;Meio de Quadra;Outros;Comercial;0;0;2;1;0;0;0;0;0;0;0;0;-38,529684;-3,749017;;;
250046;31;3;2015;18:20;0;AV PRS JUSCELINO KUBITSCHEK (PASSARÉ);;;;ROTATÓRIA CASTELÃO;Colisão Lateral;Via Iluminada;Bom;Seca;Meio de Quadra;Dê Preferência;Residencial;0;0;2;1;0;0;0;0;0;0;0;0;;;;;
250047;31;3;2015;07:30;0;AV PONTES VIEIRA;;;1360;;Colisão Traseira;Luz do Dia;Nublado;Seca;Meio de Quadra;Não Há Controle;Comercial;0;1;1;0;1;0;0;0;0;1;0;0;-38,509320;-3,752230;;;
250048;31;3;2015;08:00;11600;AV JOSE LEON;RUA DAS GAIVOTAS;;;;Colisão Transversal;Luz do Dia;Bom;Seca;Cruz;Pare;Misto;0;1;1;1;0;0;0;0;0;1;0;0;-38,500812;-3,788073;;;
250049;31;3;2015;10:45;0;RUA PDE PEDRO DE ALENCAR;;;;;Colisão Lateral;Luz do Dia;Chuva;Molhada;Meio de Quadra;Pare;Misto;0;0;2;1;0;0;0;0;0;0;0;0;;;;;
250051;31;3;2015;07:10;25043;AV CEL CARVALHO;RUA RIO TAPAJOS;;;;Colisão Transversal;Luz do Dia;Nublado;Molhada;T;Pare;Comercial;0;0;2;1;0;0;0;1;0;0;0;0;-38,590312;-3,708154;;;
250041;31;3;2015;10:15;10999;RUA ALBERTO MAGNO;RUA 15 DE NOVEMBRO;;;;Colisão Transversal;Luz do Dia;Nublado;Molhada;Cruz;Pare;Comercial;0;0;2;1;1;0;0;0;0;0;0;0;-38,553169;-3,769909;;;
250055;31;3;2015;21:00;13556;AV RUI BARBOSA;AV SORIANO ALBUQUERQUE;;;;Colisão Traseira;Via Iluminada;Bom;Seca;Cruz;Semáforo;Comercial;0;0;2;1;0;0;0;0;0;0;0;0;-38,513767;-3,749460;;;
250053;31;3;2015;10:10;13777;RUA LUIZA MIRANDA COELHO;RUA CAIO CID;;;;Colisão Lateral;Luz do Dia;Bom;Seca;Cruz;Pare;Residencial;0;0;2;1;0;0;0;0;0;1;0;0;-38,485263;-3,775516;;;
250057;31;3;2015;09:00;0;AV GODOFREDO MACIEL;;;720;;Colisão Traseira;Luz do Dia;Bom;Seca;Meio de Quadra;Outros;Misto;0;0;2;1;0;0;0;0;0;0;0;0;-38,565647;-3,782642;;;
250059;31;3;2015;17:40;13408;AV ANTONIO SALES;RUA BAR ARACATI;;;;Colisão Transversal;Anoitecer;Bom;Seca;Cruz;Pare;Comercial;0;1;1;1;0;0;0;0;0;1;0;0;-38,514894;-3,741563;;;
250061;31;3;2015;19:30;0;AV ANTONIO SALES;;;1950;;Engavetamento;Anoitecer;Bom;Seca;Meio de Quadra;Não Há Controle;Comercial;0;0;3;1;0;0;0;0;0;0;0;0;-38,507234;-3,743950;;;
250079;31;3;2015;17:30;5037;RUA PESSOA ANTA;RUA GUILHERME BLHUM;;;;Colisão Lateral;Anoitecer;Bom;Seca;T;Pare;Comercial;0;0;2;1;0;0;0;0;0;1;0;0;-38,522017;-3,721113;;;
250080;31;3;2015;13:50;0;RUA BERNARDO MANUEL;;;10806;;Colisão Lateral Sentido Oposto;Luz do Dia;Bom;Seca;Meio de Quadra;Outros;Residencial;0;1;1;1;0;0;0;0;0;1;0;0;-38,556151;-3,814259;;;
250020;31;3;2015;18:15;7760;AV ANTONIO SALES;RUA SILVA PAULET;;;;Colisão Lateral;Anoitecer;Bom;Seca;Cruz;Pare;Comercial;0;0;2;1;0;0;0;0;0;1;0;0;-38,508383;-3,743595;;;
250103;31;3;2015;20:20;15203;RUA DEP MOREIRA DA ROCHA;RUA MON BRUNO;;;;Colisão Transversal;Via Iluminada;Bom;Seca;Cruz;Pare;Residencial;0;1;1;1;0;0;0;0;0;1;0;0;-38,507591;-3,726659;;;
250120;31;3;2015;13:20;0;RUA MAJ FACUNDO;;;1521;;Colisão Lateral;Luz do Dia;Bom;Seca;Meio de Quadra;Não Há Controle;Misto;0;0;2;1;0;0;0;0;0;0;0;0;-38,530694;-3,736403;;;
250121;31;3;2015;15:15;0;RUA BAR RIO BRANCO;;;992;;Colisão Traseira;Luz do Dia;Nublado;Seca;Meio de Quadra;Semáforo;Comercial;0;0;2;1;0;0;0;0;0;0;0;0;-38,528417;-3,726933;;;
250117;31;3;2015;12:00;0;AV TRISTAO GONCALVES;;;233;;Colisão Lateral;Luz do Dia;Nublado;Molhada;Meio de Quadra;Não Há Controle;Comercial;0;0;2;1;1;0;0;0;0;0;0;0;-38,532240;-3,723916;;;
250124;31;3;2015;20:20;0;AV HERACLITO GRACA;;;60;;Colisão Traseira;Via Iluminada;Bom;Seca;Meio de Quadra;Não Há Controle;Comercial;0;0;3;1;0;0;0;0;0;0;0;0;-38,523983;-3,733682;;;
250126;31;3;2015;14:00;0;RUA MIN ALBUQUERQUE LIMA;;;409;;Colisão Traseira;Luz do Dia;Bom;Seca;Meio de Quadra;Não Há Controle;Comercial;0;0;2;1;0;0;0;1;0;0;0;0;-38,607560;-3,768683;;;
265912;31;3;2015;07:20;0;RUA ALBERTO FEITOSA LIMA;;;;;Colisão;Luz do Dia;;;Meio de Quadra;;;0;0;2;0;0;0;0;0;0;0;0;0;;;;;
266018;31;3;2015;08:21;6545;AV H CJ CEARA;AV A CJ CEARA;;;;Colisão;Luz do Dia;;;Cruz;Semáforo;Comercial;0;0;2;0;0;0;0;0;0;0;0;0;-38,605924;-3,775146;;;
266019;31;3;2015;11:00;12350;AV LINEU MACHADO;RUA MON HIPOLITO BRASIL;;;;Colisão;Luz do Dia;;;T;Outros;Residencial;0;0;2;0;0;0;0;0;0;0;0;0;-38,574450;-3,761245;;;
266020;31;3;2015;18:01;0;RUA BRUNO VALENTE;;;450;;Colisão;Anoitecer;;;Meio de Quadra;;;0;0;2;0;0;0;0;0;0;0;0;0;-38,539286;-3,788394;;;
266021;31;3;2015;18:23;4842;RUA CON DE CASTRO;RUA CORACAO DE MARIA;;;;Colisão;Anoitecer;;;Cruz;Pare;Residencial;0;0;2;0;0;0;0;0;0;0;0;0;-38,596258;-3,810035;;;
266022;31;3;2015;22:12;0;RUA VALMIR PONTES;;;167;;Colisão;;;;Meio de Quadra;;;0;0;2;0;0;0;0;0;0;0;0;0;;;;;
266023;31;3;2015;22:38;3177;RUA CARLOS CHAGAS;RUA ANSELMO NOGUEIRA;;;;Colisão;;;;Cruz;Pare;Residencial;0;0;2;0;0;0;0;0;0;0;0;0;-38,586797;-3,779698;;;
266024;31;3;2015;22:55;0;AV ANTONIO JUSTA;;;;;Colisão;;;;Meio de Quadra;;;0;0;2;0;0;0;0;0;0;0;0;0;;;;;
266025;31;3;2015;23:03;15227;AV DES MOREIRA;AV ABOLICAO;;;;Colisão;;;;Cruz;Semáforo;Comercial;0;0;2;0;0;0;0;0;0;0;0;0;-38,495474;-3,727331;;;
266026;31;3;2015;23:24;0;LOGRADOURO SEM NOME;;;;;Colisão;;;;Meio de Quadra;;;0;0;2;0;0;0;0;0;0;0;0;0;;;;;
249736;31;3;2015;23:15;0;RUA DOM LINO;;;260;;Tombamento;Via Iluminada;Bom;Seca;Meio de Quadra;Pare;Comercial;0;0;1;1;0;0;0;0;0;0;0;0;-38,557044;-3,736752;;;
259046;31;3;2015;16:30;0;AV SEN CARLOS JEREISSATI (AEROPORTO);;;;KM 03;Queda;Luz do Dia;Bom;Seca;Meio de Quadra;;;0;0;1;0;0;0;0;0;1;0;0;0;-38,541414;-3,780382;;;
259071;31;3;2015;17:00;0;RD CE-040;;;;KM-07;Colisão;Via Iluminada;Bom;Seca;Meio de Quadra;;;0;0;2;1;0;0;0;0;0;0;0;0;-38,483160;-3,817953;;;
259043;31;3;2015;14:30;0;RD CE-040;;;;KM-05;Colisão;Luz do Dia;Bom;Molhada;Meio de Quadra;;;0;0;3;1;0;0;0;0;0;1;0;0;-38,480349;-3,790876;;;
259075;31;3;2015;17:15;0;RD CE-040;;;;KM-07;Colisão;Via Iluminada;Bom;Seca;Meio de Quadra;;;0;0;2;0;0;0;0;0;0;1;0;0;-38,483160;-3,817953;;;
259079;31;3;2015;19:30;0;RD CE-040;;;;KM-03;Colisão;Via Iluminada;Bom;Seca;Meio de Quadra;;;0;0;2;1;0;0;0;0;0;0;0;0;-38,481014;-3,783185;;;
260299;31;3;2015;16:23;13432;AV RUI BARBOSA;AV ANTONIO SALES;;;;Engavetamento;Luz do Dia;;;Cruz;Semáforo;Misto;0;0;3;1;0;0;0;0;0;0;0;0;-38,511569;-3,742611;;;
261644;31;3;2015;13:03;565;RUA SAO BERNARDO;RUA DNA MENDINHA;;;;Colisão;Luz do Dia;;;Cruz;Pare;Residencial;0;1;1;1;0;0;0;0;0;1;0;0;-38,572165;-3,714988;;;
261646;31;3;2015;17:59;0;RUA STA ELISA D21;;;;;Queda;Anoitecer;;;Meio de Quadra;;;0;1;0;0;0;0;0;0;0;1;0;0;;;;;
261647;31;3;2015;18:14;0;AV PRS COSTA E SILVA;;;;;Atropelamento;Anoitecer;;;Meio de Quadra;;;0;1;1;0;0;0;0;0;0;1;0;0;;;;;
261648;31;3;2015;18:25;0;RUA RIO BRANCO;;;;;Queda;Anoitecer;;;Meio de Quadra;;;0;1;0;0;0;0;0;0;0;1;0;0;;;;;
261650;31;3;2015;18:40;0;RUA PESSOA ANTA;;;;;Colisão;;;;Meio de Quadra;;;0;1;1;1;0;0;0;0;0;1;0;0;;;;;
261652;31;3;2015;19:43;0;AV PRS CASTELO BRANCO;;;;;Colisão;;;;Meio de Quadra;;;0;1;1;1;0;0;0;0;0;1;0;0;;;;;
261654;31;3;2015;20:29;0;RUA VALPARAISO;;;;;Colisão;;;;Meio de Quadra;;;0;1;1;1;0;0;0;0;0;1;0;0;-38,526468;-3,843658;;;
261655;31;3;2015;22:26;0;RUA JOSE TORRES;;;;;Colisão;;;;Meio de Quadra;;;0;1;1;1;0;0;0;0;0;1;0;0;-38,606649;-3,777735;;;
261630;31;3;2015;18:14;0;AV PRS COSTA E SILVA;;;5301;;Atropelamento;Anoitecer;;;Meio de Quadra;;;1;0;1;0;0;0;0;0;0;1;0;0;-38,533058;-3,828181;;;
261633;31;3;2015;07:18;0;AV JOAO PESSOA;;;;;Colisão;Luz do Dia;;;Meio de Quadra;;;0;1;1;1;0;0;0;0;0;1;0;0;-38,548904;-3,751804;;;
261634;31;3;2015;08:46;0;AV DIOGUINHO;;;971;;Colisão;Luz do Dia;;;Meio de Quadra;;;0;1;1;0;0;0;0;0;0;1;0;0;-38,461518;-3,726606;;;
261635;31;3;2015;10:23;0;RUA BERNARDO MANUEL;;;;;Colisão;Luz do Dia;;;Meio de Quadra;;;0;1;1;1;0;0;0;0;0;1;0;0;-38,552826;-3,803360;;;
261636;31;3;2015;10:26;0;AV JOSE LEON;;;;;Colisão;Luz do Dia;;;Meio de Quadra;;;0;1;1;1;0;0;0;0;0;0;0;0;-38,492929;-3,789968;;;
261637;31;3;2015;10:41;0;AV LINEU MACHADO;;;102;;Colisão;Luz do Dia;;;Meio de Quadra;;;0;1;1;0;0;0;0;0;0;0;0;0;-38,574545;-3,761426;;;
261638;31;3;2015;11:07;270;RUA AMADEU FURTADO;RUA GAL BERNARDO FIGUEIREDO;;;;Colisão;Luz do Dia;;;Cruz;Pare;Residencial;0;1;1;1;0;1;0;0;0;0;0;0;-38,562742;-3,741903;;;
261639;31;3;2015;12:16;0;AV AGUANAMBI;;;;;Atropelamento;Luz do Dia;;;Meio de Quadra;;;0;1;1;1;0;0;0;0;0;0;0;0;;;;;
259086;1;4;2015;18:10;0;AV SEN CARLOS JEREISSATI (AEROPORTO);;;;KM 04;Colisão Lateral;Via Iluminada;Bom;Seca;Meio de Quadra;;;0;0;2;1;0;0;1;0;0;0;0;0;-38,514638;-3,779313;;;
258854;1;4;2015;12:50;0;RD BR 222;;;;;Colisão Lateral;Luz do Dia;Bom;Seca;Meio de Quadra;Não Há Controle;Comercial;0;0;2;0;1;0;0;1;0;0;0;0;;;;;
257813;1;4;2015;22:46;15371;AV DOM LUIS;RUA PRO DIAS DA ROCHA;;;;Colisão;;;;Cruz;Pare;Comercial;0;1;1;1;0;0;0;0;0;1;0;0;-38,491572;-3,735126;;;
266027;1;4;2015;10:39;0;RUA STA ROSA D65 (COAÇU);;;151;;Colisão;Luz do Dia;;;Meio de Quadra;;;0;0;2;0;0;0;0;0;0;0;0;0;;;;;
266031;1;4;2015;12:18;25229;AV DR THEBERGE;AV OLAVO BILAC;;;;Colisão;Luz do Dia;;;Y;Pare;Misto;0;0;2;0;0;0;0;0;0;0;0;0;-38,567102;-3,721012;;;
266042;1;4;2015;12:24;0;RUA BAR ARACATI;;;2050;;Colisão;Luz do Dia;;;Meio de Quadra;;;0;0;2;0;0;0;0;0;0;0;0;0;-38,514294;-3,739749;;;
250127;1;4;2015;15:15;3769;AV DOMINGOS OLIMPIO;RUA SEN POMPEU;;;;Colisão Traseira;Luz do Dia;Bom;Seca;Cruz;Semáforo;Comercial;0;1;2;1;1;0;0;0;0;0;0;0;-38,532455;-3,736254;;;
250128;1;4;2015;12:50;1259;RUA ILDEFONSO ALBANO;RUA PDE LUIS FIGUEIRA;;;;Colisão;Luz do Dia;Bom;Seca;Cruz;Pare;Comercial;0;0;2;1;0;0;0;0;0;0;0;0;-38,513063;-3,732813;;;
250129;1;4;2015;13:30;0;AV GAL OSORIO DE PAIVA;;;7617;;Colisão Traseira;Luz do Dia;Bom;Seca;Meio de Quadra;;Comercial;0;1;1;1;0;0;0;0;0;1;0;0;-38,615729;-3,818845;;;
250131;1;4;2015;19:30;0;AV DOMINGOS OLIMPIO;;;;;Colisão Lateral;Mal Iluminada;Bom;Seca;Meio de Quadra;Semáforo;Comercial;0;0;2;1;1;0;0;0;0;0;0;0;;;;;
250133;1;4;2015;07:15;0;AV PDE ANTONIO TOMAS;;;3646;;Outros;Luz do Dia;Bom;Seca;Outros;Outros;Comercial;0;0;1;1;0;0;0;0;0;0;0;0;-38,487191;-3,743806;;;