COD_ACIDENTE;DIA;MES;ANO;HORA;INTERSECAO;LOG1;LOG2;LOG3;NUMERO;REFERENCIA;NATUREZA;ILUMINACAO;TEMPO;SUPERFICIEPISTA;TIPOCRUZAMENTO;CONTROLETRAFEGO;USOSOLO;MORTOS;FERIDOS;ILESOS;AUTOMOVEL;ONIBUS;BICICLETA;CAMINHAO;MICROONIBUS;CICLOMOTOR;MOTOCICLETA;TRACAOANIMAL;TREM;LONG;LAT;;;
250125;1;4;2015;12:20;7631;RUA ALAGOAS;RUA PARANA;;;;Colisão Transversal;Luz do Dia;Nublado;Seca;Cruz;Outros;Residencial;0;0;2;0;0;0;0;0;0;1;0;0;-38,570138;-3,759958;;;
250118;1;4;2015;19:24;1592;RUA CEL JUCA;RUA CAROLINA SUCUPIRA;;;;Colisão Lateral;Via Iluminada;Bom;Seca;Cruz;Pare;Residencial;0;0;2;1;0;0;0;0;0;0;0;0;-38,493114;-3,743389;;;
250119;1;4;2015;09:20;9176;AV AGUANAMBI;AV EDUARDO GIRAO;;;;Colisão Lateral;Luz do Dia;Nublado;Seca;Rotatória;Dê Preferência;Comercial;0;0;2;1;0;0;0;0;0;1;0;0;-38,523639;-3,755303;;;
250122;1;4;2015;06:30;9005;AV JOSE BASTOS;AV DUQ CAXIAS;;;;Colisão Transversal;Luz do Dia;Nublado;Seca;T;Pare;Residencial;0;2;1;0;1;0;0;0;0;0;0;0;-38,545549;-3,726670;;;
250123;1;4;2015;21:30;12954;RUA BERNARDO MANUEL;AV PRS COSTA E SILVA;;;;Colisão Lateral;Anoitecer;Bom;Seca;Cruz;Semáforo;Misto;0;0;2;1;0;0;0;0;0;0;0;0;-38,558276;-3,821079;;;
250104;1;4;2015;07:30;0;RUA PEDRO I;;;933;;Queda;Luz do Dia;Nublado;Molhada;Meio de Quadra;Pare;Comercial;0;2;0;0;0;0;0;0;0;1;0;0;-38,533031;-3,729807;;;
250106;1;4;2015;08:15;5415;RUA GAL CLARINDO DE QUEIROZ;RUA FLORIANO PEIXOTO;;;;Colisão Transversal;Luz do Dia;Nublado;Seca;Cruz;Pare;Comercial;0;1;1;1;0;1;0;0;0;0;0;0;-38,529027;-3,733049;;;
250097;1;4;2015;07:10;0;RUA FRE MANSUETO;;;1407;;Colisão Lateral;Luz do Dia;Chuva;Seca;Meio de Quadra;Outros;Misto;0;0;2;1;0;0;0;0;0;0;0;0;-38,488551;-3,736988;;;
250098;1;4;2015;19:00;12847;RUA MAJ FACUNDO;RUA SALDANHA MARINHO;;;;Colisão Transversal;Mal Iluminada;Bom;Seca;Cruz;Pare;Residencial;0;0;3;1;0;0;0;0;0;0;0;0;-38,532454;-3,741916;;;
250108;1;4;2015;15:47;0;RUA JOAQUIM SA;;;1013;;Colisão Traseira;Luz do Dia;Bom;Seca;Meio de Quadra;Não Há Controle;Residencial;0;0;1;1;1;0;0;0;0;0;0;0;-38,503120;-3,749906;;;
250109;1;4;2015;20:06;0;RUA O ESPLANADA CASTELAO;;;296;;Colisão Lateral;Via Iluminada;Bom;Seca;Meio de Quadra;Não Há Controle;Residencial;0;1;1;1;1;0;0;0;0;0;0;0;-38,519422;-3,807887;;;
250110;1;4;2015;08:30;0;AV DR THEBERGE;;;2079;;Colisão Transversal;Luz do Dia;Bom;Seca;Meio de Quadra;Não Há Controle;Misto;0;1;1;1;0;0;0;0;0;1;0;0;-38,566405;-3,719069;;;
250111;1;4;2015;19:22;0;AV PRS COSTA E SILVA;;;;;Colisão Lateral;Via Iluminada;Bom;Seca;Meio de Quadra;Não Há Controle;Comercial;0;0;2;1;0;0;1;0;0;0;0;0;;;;;
250112;1;4;2015;09:50;18404;AV GOV PARSIFAL BARROSO;AV SGT HERMINIO SAMPAIO;;;;Colisão Traseira;Luz do Dia;Bom;Seca;Cruz;Semáforo;Residencial;0;0;2;1;0;0;0;0;0;0;0;0;-38,569276;-3,727916;;;
250113;1;4;2015;14:45;25142;RUA JOAO ARARIPE;AV BORGES DE MELO;;;;Colisão Traseira;;Nublado;Seca;Cruz;Semáforo;Comercial;0;0;2;1;1;0;0;0;0;0;0;0;-38,532143;-3,758147;;;
250114;1;4;2015;13:00;0;AV PRO GOMES DE MATOS;;;1086;;Atropelamento;Luz do Dia;Nublado;Seca;Meio de Quadra;Não Há Controle;Comercial;0;2;0;0;0;0;0;0;0;1;0;0;-38,546463;-3,762151;;;
250115;1;4;2015;17:00;0;AV MOZART PINHEIRO DE LUCENA;;;790;;Colisão Lateral;Luz do Dia;Bom;Seca;Meio de Quadra;Pare;Comercial;0;0;2;1;0;0;0;0;0;0;0;0;-38,593206;-3,709714;;;
250116;1;4;2015;21:30;0;AV 13 DE MAIO;;;1806;;Colisão Traseira;Via Iluminada;Bom;Seca;Meio de Quadra;Semáforo;Comercial;0;0;2;1;0;0;0;0;0;0;0;0;-38,533845;-3,745477;;;
250085;1;4;2015;09:50;17495;AV ABOLICAO;RUA UMARI;;;;Colisão Lateral;Luz do Dia;Bom;Seca;T;Não Há Controle;Comercial;0;0;2;0;0;0;0;0;0;1;0;0;-38,483577;-3,725135;;;
250086;1;4;2015;08:30;0;AV DOM LUIS;;;275;;Colisão Traseira;Luz do Dia;Nublado;Molhada;Meio de Quadra;Semáforo;Comercial;0;0;3;1;0;0;0;0;0;0;0;0;-38,498880;-3,732766;;;
250087;1;4;2015;14:15;19363;AV GAL OSORIO DE PAIVA;RUA IGUAPE;;;;Colisão Transversal;Luz do Dia;Bom;Seca;;Não Há Controle;Comercial;0;1;1;0;0;0;0;0;0;1;0;0;-38,568617;-3,776964;;;
250088;1;4;2015;11:00;17551;RUA MANUEL JESUINO;RUA DR JOSE LINO;;;;Colisão Transversal;Luz do Dia;Bom;Seca;Cruz;Semáforo;Comercial;0;1;2;1;0;0;0;0;0;1;0;0;-38,485087;-3,730066;;;
250090;1;4;2015;09:00;0;AV JOSE BASTOS;;;3340;;Colisão Traseira;Luz do Dia;Nublado;Seca;Meio de Quadra;Semáforo;Misto;0;1;1;1;0;0;0;0;0;1;0;0;;;;;
250091;1;4;2015;10:40;0;AV JOSE BASTOS;;;5546;;Colisão Traseira;Luz do Dia;Nublado;Seca;Meio de Quadra;Semáforo;Comercial;0;1;1;0;0;0;0;0;0;0;0;0;-38,564314;-3,760320;;;
250093;1;4;2015;21:00;0;RUA JOAQUIM SA;;;89;;Colisão Transversal;Via Iluminada;Bom;Seca;Meio de Quadra;Não Há Controle;Misto;0;1;1;1;0;0;1;0;0;0;0;0;-38,511058;-3,747330;;;
250094;1;4;2015;07:00;25118;AV DEP PAULINO ROCHA;RUA DO CONTORNO UI 302;;;;Colisão Frontal;Luz do Dia;Chuva;Molhada;Outros;Pare;Comercial;0;0;2;1;0;0;0;0;0;0;0;0;-38,520975;-3,809737;;;
250135;1;4;2015;19:40;1716;AV GAL MURILO BORGES;AV GOV RAUL BARBOSA;;;;Colisão Lateral;Via Iluminada;Bom;Seca;Cruz;Semáforo;Misto;0;0;2;1;0;0;0;0;0;0;0;0;-38,508802;-3,763977;;;
250102;1;4;2015;17:40;65;RUA HUGO VITOR;RUA MARTINS NETO;;;;Colisão Lateral;;Bom;Seca;Cruz;Pare;Misto;0;0;2;1;0;0;1;0;0;0;0;0;-38,591458;-3,740726;;;
261161;1;4;2015;16:46;544;RUA TOMAS GONZAGA;RUA DOM JOSE TUPINAMBA;;;;Colisão;Luz do Dia;;;Cruz;Não Há Controle;Residencial;0;1;1;1;0;0;0;0;0;1;0;0;-38,568839;-3,712336;;;
261154;1;4;2015;15:19;0;AV FRANCISCO SA;;;3964;;Colisão;Luz do Dia;;;Meio de Quadra;;;0;2;0;0;0;0;0;0;0;1;0;0;-38,560488;-3,716350;;;
261156;1;4;2015;16:11;0;RUA PRIMEIRO DE MAIO D34;RUA ANTONIO NERY;;;;Atropelamento;Luz do Dia;;;;;;0;1;1;1;0;0;0;0;0;0;0;0;-38,600503;-3,779545;;;
261157;1;4;2015;16:31;0;AV B CJ CEARA;;;;;Colisão;Luz do Dia;;;Meio de Quadra;;;0;1;1;0;0;0;0;0;0;1;0;0;;;;;
261152;1;4;2015;13:45;0;AV FRANCISCO SA;;;;;Colisão;Luz do Dia;;;Meio de Quadra;;;0;1;1;0;0;0;0;0;0;0;0;0;-38,561999;-3,715841;;;
261148;1;4;2015;13:35;9127;AV 13 DE MAIO;RUA ASSUNCAO;;;;Atropelamento;Luz do Dia;;;T;Pare;Comercial;0;2;0;0;0;0;0;0;0;1;0;0;-38,532687;-3,746449;;;
261145;1;4;2015;12:42;0;RUA VITORIA;;;1505;;Colisão;Luz do Dia;;;Meio de Quadra;;;0;1;1;1;0;0;0;0;0;1;0;0;;;;;
261146;1;4;2015;12:45;0;AV PRO GOMES DE MATOS;;;;;Colisão;Luz do Dia;;;Meio de Quadra;;;0;1;1;1;0;0;0;0;0;1;0;0;-38,546815;-3,762560;;;
261132;1;4;2015;08:07;0;AV PERIMETRAL;;;5297;;Colisão;Luz do Dia;;;Meio de Quadra;;;0;1;1;1;0;0;0;0;0;1;0;0;-38,533096;-3,828174;;;
261143;1;4;2015;08:49;0;AV GAL OSORIO DE PAIVA;;;395;;Colisão;Luz do Dia;;;Meio de Quadra;;;0;1;1;1;0;0;0;0;0;1;0;0;-38,566378;-3,775582;;;
261124;1;4;2015;07:27;720;RUA ENG JOAO NOGUEIRA;RUA ASSIS BEZERRA;;;;Atropelamento;Luz do Dia;;;;;;0;2;0;0;0;0;0;0;0;1;0;0;-38,563323;-3,718692;;;
261129;1;4;2015;07:59;0;AV JOSE BASTOS;;;3390;HEMOCE;Atropelamento;Luz do Dia;;;Meio de Quadra;;;0;2;0;0;0;0;0;0;0;1;0;0;-38,549630;-3,749136;;;
261118;1;4;2015;07:15;35;RUA PEDRO MELO;RUA JOAQUIM LEITAO;;;;Colisão;Luz do Dia;;;Cruz;Pare;Residencial;0;1;1;1;0;0;0;0;0;1;0;0;-38,592100;-3,744174;;;
261182;1;4;2015;19:21;3767;AV DOMINGOS OLIMPIO;AV IMPERADOR;;;;Colisão;;;;Cruz;Semáforo;Comercial;0;2;0;0;0;0;0;0;0;1;0;0;-38,536697;-3,734790;;;
261183;1;4;2015;19:46;0;RUA PAPI JUNIOR;;;;;Atropelamento;;;;Meio de Quadra;;;0;1;1;1;0;0;0;0;0;0;0;0;-38,555138;-3,749723;;;
261184;1;4;2015;20:46;0;AV BAR STUDART;;;;;Atropelamento;;;;Meio de Quadra;;;0;1;1;1;0;0;0;0;0;0;0;0;-38,505149;-3,730146;;;
266216;1;4;2015;16:34;340;RUA CESAR FONTENELE;RUA DOM JOSE LOURENCO  D27;;;;Colisão;Luz do Dia;;;Cruz;Pare;Misto;0;0;2;0;0;0;0;0;0;0;0;0;-38,557429;-3,745892;;;
266217;1;4;2015;17:03;0;AV B CJ ESPERANCA;;;104;;Colisão;Anoitecer;;;Meio de Quadra;;;0;0;2;0;0;0;0;0;0;0;0;0;-38,589806;-3,816204;;;
266218;1;4;2015;20:25;0;LOGRADOURO SEM NOME;;;372;;Colisão;;;;Meio de Quadra;;;0;0;2;0;0;0;0;0;0;0;0;0;;;;;
266219;1;4;2015;22:44;6818;RUA FRANCISCO MATOS;RUA DR GILBERTO STUDART;;;;Colisão;;;;Cruz;Pare;Residencial;0;0;2;0;0;0;0;0;0;0;0;0;-38,470191;-3,747084;;;
266220;1;4;2015;23:23;348;RUA PRO LINO ENCARNACAO;RUA CESAR FONTENELE;;;;Colisão;;;;Cruz;Pare;Misto;0;0;2;0;0;0;0;0;0;0;0;0;-38,559596;-3,746359;;;
266221;1;4;2015;23:29;7790;AV DES MOREIRA;AV PONTES VIEIRA;;;;Colisão;;;;Cruz;Semáforo;Comercial;0;0;2;0;0;0;0;0;0;0;0;0;-38,503254;-3,751526;;;
250073;1;4;2015;07:10;0;AV JOR THOMAZ COELHO;;;2719;;Colisão Traseira;Luz do Dia;Chuva;Molhada;Meio de Quadra;Outros;Residencial;0;0;4;1;0;0;0;0;0;0;0;0;-38,519831;-3,828448;;;
250074;1;4;2015;14:05;0;AV SEN CARLOS JEREISSATI (AEROPORTO);;;3000;AEROPORTO;Colisão Traseira;Luz do Dia;Bom;Seca;Meio de Quadra;Outros;Outros;0;0;2;1;0;0;0;0;0;0;0;0;-38,541414;-3,780382;;;
250075;1;4;2015;07:30;1476;AV BAR STUDART;AV JULIO VENTURA;;;;Colisão Traseira;;Nublado;Molhada;Cruz;Semáforo;Comercial;0;0;2;1;1;0;0;0;0;0;0;0;-38,508029;-3,739072;;;
250076;1;4;2015;15:10;8949;AV BEZERRA DE MENEZES;RUA JUSTINIANO DE SERPA;;;;Colisão Lateral;Luz do Dia;Bom;Seca;Cruz;Semáforo;Comercial;0;0;2;1;0;0;1;0;0;0;0;0;-38,542857;-3,731156;;;
250077;1;4;2015;17:40;0;RUA JOAQUIM BARROSO;;;;;Colisão Lateral;Anoitecer;Bom;Seca;Meio de Quadra;Pare;Comercial;0;0;2;1;0;0;0;0;0;0;0;0;;;;;
250078;1;4;2015;09:00;1432;AV SANTOS DUMONT;AV SEN VIRGILIO TAVORA;;;;Colisão Lateral;Luz do Dia;Nublado;Molhada;Cruz;Semáforo;Comercial;0;0;2;1;0;0;0;0;0;0;0;0;-38,493482;-3,737828;;;
250081;2;4;2015;23:30;12508;RUA ALUISIO AZEVEDO;AV LINEU MACHADO;;;;Colisão Traseira;Via Iluminada;Bom;Seca;Cruz;Semáforo;Comercial;0;0;2;1;0;0;0;0;0;1;0;0;-38,579184;-3,770212;;;
250082;2;4;2015;18:40;7772;AV BAR STUDART;RUA TOMAS ACIOLI;;;;Colisão Traseira;;Bom;Seca;T;Pare;Comercial;0;0;2;1;0;0;0;0;0;0;0;0;-38,509868;-3,744844;;;
266222;2;4;2015;10:26;0;AV IMPERADOR;;;1784;;Colisão;Luz do Dia;;;Meio de Quadra;;;0;0;2;0;0;0;0;0;0;0;0;0;-38,537378;-3,736962;;;
266223;2;4;2015;10:33;0;RUA PDE SA LEITAO;;;806;;Colisão;Luz do Dia;;;Meio de Quadra;;;0;0;2;0;0;0;0;0;0;0;0;0;-38,582274;-3,763571;;;
266224;2;4;2015;11:45;25011;RUA TEODOMIRO DE CASTRO;RUA TEN JOSE BARREIRA;;;;Colisão;Luz do Dia;;;;Não Há Controle;Comercial;0;0;2;0;0;0;0;0;0;0;0;0;-38,572355;-3,718743;;;
266225;2;4;2015;11:48;11736;RUA JULIO BRAGA;RUA ELISEU VIANA;;;;Colisão;Luz do Dia;;;;;;0;0;2;0;0;0;0;0;0;0;0;0;-38,587072;-3,773944;;;
266226;2;4;2015;14:08;0;RUA VALPARAISO;;;;;Choque c/ Obstáculo Fixo;Luz do Dia;;;Meio de Quadra;;;0;0;1;0;0;0;0;0;0;0;0;0;;;;;
266227;2;4;2015;17:53;10105;RUA MARIA JULIA;RUA GUSTAVO BARROSO;;;;Colisão;Anoitecer;;;Cruz;Pare;Comercial;0;0;2;0;0;0;0;0;0;0;0;0;-38,598031;-3,786307;;;
266228;2;4;2015;18:48;0;AV PRS CASTELO BRANCO;;;;;Colisão;;;;Meio de Quadra;;;0;0;2;0;0;0;0;0;0;0;0;0;;;;;
266229;2;4;2015;20:55;0;AV PRS COSTA E SILVA;;;;;Colisão;;;;Meio de Quadra;;;0;0;2;0;0;0;0;0;0;0;0;0;;;;;
266230;2;4;2015;20:50;5235;RUA PEDRO PEREIRA;RUA PRC ISABEL;;;;Colisão;;;;Cruz;Pare;Comercial;0;0;2;0;0;0;0;0;0;0;0;0;-38,535705;-3,727353;;;
266231;2;4;2015;22:49;0;RUA 1 GLEBA 4S;;;;;Colisão;;;;Meio de Quadra;;;0;0;2;0;0;0;0;0;0;0;0;0;;;;;
266232;2;4;2015;21:31;0;AV PRS CASTELO BRANCO;;;3100;;Atropelamento;;;;Meio de Quadra;;;0;0;2;0;0;0;0;0;0;0;0;0;-38,557253;-3,711624;;;
266233;2;4;2015;22:47;0;AV CEL CARVALHO;;;1508;;Colisão;;;;Meio de Quadra;;;0;0;2;0;0;0;0;0;0;0;0;0;-38,588391;-3,715695;;;
261185;2;4;2015;06:57;0;RUA URUCUTUBA;;;1605;;Colisão;Luz do Dia;;;Meio de Quadra;;;0;1;1;1;0;0;0;0;0;1;0;0;-38,610552;-3,797955;;;
261189;2;4;2015;09:47;0;RUA ALFREDO MAMEDE;;;637;;Atropelamento;Luz do Dia;;;Meio de Quadra;;;0;1;1;1;0;0;0;0;0;0;0;0;-38,582885;-3,810639;;;
261190;2;4;2015;09:49;0;RUA SAO LUIS D30;;;;;Queda;Luz do Dia;;;Meio de Quadra;;;0;1;0;0;0;0;0;0;0;1;0;0;-38,593499;-3,761173;;;
261206;2;4;2015;21:12;0;AV RAD JOSE LIMA VERDE;;;740;;Colisão;;;;Meio de Quadra;;;0;1;1;1;0;0;0;0;0;1;0;0;-38,587595;-3,699402;;;
261207;2;4;2015;21:57;0;AV MR HULL;;;;;Atropelamento;;;;Meio de Quadra;;;0;2;0;0;0;0;0;0;0;1;0;0;;;;;
261208;2;4;2015;22:51;0;RUA MIN ALBUQUERQUE LIMA;;;70;;Colisão;;;;Meio de Quadra;;;0;1;1;1;0;0;0;0;0;1;0;0;-38,610616;-3,766650;;;
261204;2;4;2015;21:10;0;AV ENG LEAL LIMA VERDE (SAPIRANGA/COITE);AV MAE LISBOA;;;;Colisão;;;;;;;0;1;1;1;0;0;0;0;0;1;0;0;;;;;
261198;2;4;2015;17:04;0;AV SANTOS DUMONT;;;;;Atropelamento;Anoitecer;;;Meio de Quadra;;;0;2;0;0;0;0;0;0;0;1;0;0;-38,482006;-3,741505;;;
261199;2;4;2015;17:07;0;AV DR SILAS MUNGUBA;;;;;Colisão;Anoitecer;;;Meio de Quadra;;;0;0;2;0;0;0;0;0;0;0;0;0;;;;;
261200;2;4;2015;18:05;15350;AV DES MOREIRA;RUA PEREIRA VALENTE;;;;Atropelamento;Anoitecer;;;Cruz;Semáforo;Comercial;0;1;1;0;0;0;0;0;0;1;0;0;-38,497076;-3,732253;;;
261201;2;4;2015;20:02;9736;RUA OSCAR FRANCA;RUA PATO BRANCO;;;;Atropelamento;;;;;;;0;2;0;0;0;0;0;0;0;1;0;0;-38,617430;-3,786182;;;
261202;2;4;2015;20:35;0;AV JOR THOMAZ COELHO;;;;;Atropelamento;;;;Meio de Quadra;;;0;1;1;0;0;0;0;0;0;0;0;0;-38,509057;-3,829923;;;
261194;2;4;2015;12:29;13381;RUA JOAO BRIGIDO;RUA JOAO CORDEIRO;;;;Colisão;Luz do Dia;;;Cruz;Semáforo;Residencial;0;1;1;1;0;0;0;0;0;1;0;0;-38,517870;-3,739927;;;
261195;2;4;2015;13:54;0;AV GOV RAUL BARBOSA;;;;;Queda;Luz do Dia;;;Meio de Quadra;;;0;1;0;0;0;0;0;0;0;1;0;0;-38,513007;-3,778196;;;
250156;2;4;2015;07:10;0;AV ODILON GUIMARAES;;;1351;;Colisão Lateral;Luz do Dia;Bom;Seca;;;;0;0;2;1;0;0;1;0;0;0;0;0;-38,479753;-3,825962;;;
250158;2;4;2015;13:30;22080;RUA CAP FRANCISCO PEDRO;RUA TAVARES IRACEMA;;;;Colisão Transversal;Luz do Dia;Nublado;Molhada;Cruz;Pare;Residencial;0;2;0;1;0;0;0;0;0;0;0;0;-38,553188;-3,751952;;;
250169;2;4;2015;11:50;24392;AV LUCIANO CARNEIRO;RUA TEODORICO BARROSO;;;;Colisão Transversal;Luz do Dia;Chuva;Molhada;Cruz;Pare;Misto;0;2;1;1;0;0;0;0;0;1;0;0;-38,537620;-3,767956;;;
250160;2;4;2015;13:13;5136;RUA SAO JOSE D03;RUA RUFINO DE ALENCAR;;;;Colisão Lateral;Luz do Dia;Nublado;Seca;T;Não Há Controle;Comercial;0;0;2;1;1;0;0;0;0;0;0;0;-38,523826;-3,724460;;;
250161;2;4;2015;15:00;0;AV OLIVEIRA PAIVA;;;2555;;Colisão Traseira;Luz do Dia;Nublado;Molhada;Meio de Quadra;;Comercial;0;0;2;1;0;0;1;0;0;0;0;0;-38,483793;-3,796056;;;
250146;2;4;2015;15:20;25910;RUA ROSITA;RUA TAQUATIARA;;;;Colisão Lateral;Luz do Dia;Nublado;Seca;T;Não Há Controle;Residencial;0;0;2;1;0;0;1;0;0;0;0;0;;;;;
250148;2;4;2015;18:30;1358;AV DES MOREIRA;AV SANTOS DUMONT;;;;Colisão Traseira;Anoitecer;Bom;Seca;Cruz;Semáforo Intermitente;Comercial;0;1;1;0;1;0;0;0;0;1;0;0;-38,498365;-3,736226;;;
250149;2;4;2015;05:00;19328;RUA EDUARDO PERDIGAO;RUA CON DE CASTRO;;;;Colisão Transversal;Amanhecer;Bom;Seca;Cruz;Não Há Controle;Comercial;0;0;2;1;0;0;0;0;0;0;0;0;-38,564769;-3,775579;;;
250137;2;4;2015;07:49;5313;RUA VINTE E QUATRO DE MAIO;RUA PEDRO I;;;;Colisão Transversal;Luz do Dia;Nublado;Seca;Cruz;Pare;Comercial;0;1;1;0;0;0;1;0;0;1;0;0;-38,532952;-3,729830;;;
250142;2;4;2015;08:00;15195;AV ABOLICAO;RUA JOSE NAPOLEAO;;;;Colisão Transversal;Luz do Dia;Bom;Seca;Cruz;Semáforo Manual;Comercial;0;1;1;0;0;0;0;0;0;1;0;0;-38,490302;-3,726523;;;
250175;2;4;2015;19:00;0;RUA VENEZA;;;205;;Colisão Frontal;Via Iluminada;Bom;Seca;Meio de Quadra;Não Há Controle;Residencial;0;0;2;1;0;0;0;0;0;0;0;0;-38,492286;-3,836369;;;
250172;2;4;2015;18:00;0;AV JOSE BASTOS;;;;;Colisão Lateral;Anoitecer;Bom;Seca;Meio de Quadra;Outros;Comercial;0;0;2;1;1;0;0;0;0;0;0;0;;;;;
250095;2;4;2015;15:45;5433;RUA METON DE ALENCAR;RUA MAJ FACUNDO;;;;Colisão Transversal;Luz do Dia;Bom;Seca;Cruz;Pare;Comercial;0;0;2;1;0;0;0;0;0;0;0;0;-38,529899;-3,733917;;;
250096;2;4;2015;12:00;3423;AV JOAO PESSOA;RUA ALVARO FERNANDES;;;;Engavetamento;Luz do Dia;Chuva;Molhada;Cruz;Semáforo;Residencial;0;0;3;1;0;0;0;0;0;0;0;0;-38,555648;-3,759317;;;
250092;2;4;2015;21:05;0;AV ALBERTO CRAVEIRO;;;507;MAKRO;Colisão Lateral;;Bom;Seca;Meio de Quadra;Não Há Controle;Comercial;0;1;1;1;0;0;0;0;1;0;0;0;-38,515910;-3,781154;;;
250083;2;4;2015;18:40;0;AV JOVITA FEITOSA;;;330;;Colisão Traseira;Via Iluminada;Bom;Seca;Meio de Quadra;Não Há Controle;Residencial;0;0;3;1;0;0;0;0;0;0;0;0;-38,546700;-3,737838;;;
250084;2;4;2015;09:40;20042;AV DR SILAS MUNGUBA;AV PRS JUSCELINO KUBITSCHEK (PASSARÉ);;;;Colisão Transversal;Luz do Dia;Nublado;Seca;Rotatória;Outros;Residencial;0;0;2;1;0;0;0;0;0;0;0;0;-38,524782;-3,807229;;;
250089;2;4;2015;15:30;0;AV DOM LUIS;;;348;;Colisão Transversal;Luz do Dia;Nublado;Seca;Meio de Quadra;Não Há Controle;Comercial;0;0;2;1;0;0;0;0;0;0;0;0;-38,497567;-3,733180;;;
250099;2;4;2015;06:30;5191;AV DOM MANUEL;RUA PEREIRA FILGUEIRAS;;;;Colisão;Luz do Dia;Bom;Seca;Cruz;Semáforo Manual;Residencial;0;1;1;1;0;1;0;0;0;0;0;0;-38,520338;-3,725943;;;
250100;2;4;2015;14:50;0;AV DOM LUIS;;;;;Colisão Traseira;Luz do Dia;Nublado;Seca;Meio de Quadra;Não Há Controle;Comercial;0;0;2;1;0;0;0;0;0;0;0;0;;;;;
250101;2;4;2015;06:40;21345;RUA JOSE SOMBRA;RUA DOM MANUEL DE MEDEIROS;;;;Colisão Transversal;Luz do Dia;Bom;Seca;Cruz;Pare;Residencial;0;0;2;1;0;0;0;0;0;0;0;0;-38,546780;-3,735546;;;
250107;2;4;2015;18:50;0;AV BEZERRA DE MENEZES;;;1402;;Colisão Traseira;Via Iluminada;Bom;Seca;Meio de Quadra;Não Há Controle;Escola;0;0;2;1;0;0;0;0;0;0;0;0;-38,557325;-3,734181;;;
250105;2;4;2015;10:15;0;AV JOVITA FEITOSA;;;1247;;Engavetamento;Luz do Dia;Nublado;Seca;Meio de Quadra;Não Há Controle;Residencial;0;0;2;1;0;0;0;0;0;0;0;0;-38,555491;-3,739665;;;
250134;2;4;2015;12:00;0;RUA JUSTINIANO DE SERPA;;;;;Colisão Lateral;Luz do Dia;Chuva;Molhada;Meio de Quadra;Semáforo;Comercial;0;0;2;1;0;0;0;0;0;0;0;0;;;;;
250132;2;4;2015;15:07;0;AV PRS CASTELO BRANCO;;;;;Atropelamento;Luz do Dia;Bom;Seca;Meio de Quadra;Não Há Controle;Residencial;0;1;1;0;0;0;0;0;0;0;0;0;-38,557253;-3,711624;;;
250130;2;4;2015;09:00;12745;RUA JULIO CESAR D12;RUA ANA NERY;;;;Colisão Transversal;Luz do Dia;Bom;Seca;Cruz;Pare;Residencial;0;1;1;1;0;0;0;0;0;1;0;0;-38,544349;-3,751712;;;
257815;2;4;2015;11:40;0;RD BR 116;;;5000;KM-05;Colisão;Luz do Dia;;;Meio de Quadra;;;0;1;0;1;0;0;0;0;0;0;0;0;-38,506787;-3,796502;;;
257816;2;4;2015;18:00;19437;RUA CASIMIRO DE ABREU;AV DR SILAS MUNGUBA;;;;Colisão;Anoitecer;;;T;Semáforo;Misto;0;1;0;0;0;0;0;1;0;1;0;0;-38,560637;-3,779395;;;
260308;2;4;2015;10:30;0;AV PRO GOMES DE MATOS;;;;;Colisão;Luz do Dia;;;Meio de Quadra;;;0;0;2;1;0;0;0;0;0;0;0;0;;;;;
260309;2;4;2015;19:53;0;TR ANARIO BRAGA;;;;;Colisão;;;;Meio de Quadra;;;0;0;2;0;0;0;0;1;0;0;0;0;;;;;
250216;3;4;2015;17:30;326;RUA PRO LINO ENCARNACAO;RUA NESTOR BARBOSA;;;;Colisão Lateral;Luz do Dia;Bom;Seca;Cruz;Pare;Residencial;0;0;3;0;0;0;0;1;0;0;0;0;-38,559892;-3,744954;;;
250226;3;4;2015;10:15;17899;AV SGT HERMINIO SAMPAIO;RUA EVANDRO LUZ;;;;Colisão Transversal;Luz do Dia;Bom;Seca;Duplo T;Pare;Comercial;0;0;2;1;0;0;0;0;0;1;0;0;-38,577549;-3,730841;;;
250224;3;4;2015;05:00;22353;AV BEZERRA DE MENEZES;RUA AMADEU FURTADO;;;;Colisão Transversal;Amanhecer;Bom;;Cruz;;;0;0;2;1;0;0;0;0;0;0;0;0;-38,564151;-3,735601;;;
250180;3;4;2015;08:05;0;RUA PDE PEDRO DE ALENCAR;;;629;;Colisão Transversal;Luz do Dia;Bom;Seca;Meio de Quadra;Outros;Residencial;0;0;2;0;1;0;0;0;0;0;0;0;-38,494061;-3,833459;;;
250184;3;4;2015;19:00;0;AV DR SILAS MUNGUBA;;;6400;;Queda;Via Iluminada;Nublado;Seca;Meio de Quadra;Não Há Controle;Comercial;0;1;0;0;0;0;0;0;0;1;0;0;-38,530419;-3,800265;;;
250193;3;4;2015;13:40;15367;RUA PEREIRA VALENTE;RUA CEL JUCA;;;;Colisão Transversal;Luz do Dia;Chuva;Molhada;Cruz;Pare;Residencial;0;0;2;1;0;0;0;0;0;0;0;0;-38,490267;-3,734439;;;