COD_ACIDENTE;DIA;MES;ANO;HORA;INTERSECAO;LOG1;LOG2;LOG3;NUMERO;REFERENCIA;NATUREZA;ILUMINACAO;TEMPO;SUPERFICIEPISTA;TIPOCRUZAMENTO;CONTROLETRAFEGO;USOSOLO;MORTOS;FERIDOS;ILESOS;AUTOMOVEL;ONIBUS;BICICLETA;CAMINHAO;MICROONIBUS;CICLOMOTOR;MOTOCICLETA;TRACAOANIMAL;TREM;LONG;LAT;;;
250200;3;4;2015;06:15;12819;AV PRO GOMES DE MATOS;RUA ANDRE CHAVES;;;;Colisão Lateral;Luz do Dia;Bom;Seca;Cruz;Semáforo;Comercial;0;0;2;1;0;0;0;0;0;1;0;0;-38,541533;-3,756396;;;
250201;3;4;2015;10:15;12426;AV SEN FERNANDES TAVORA;RUA RIBEIRO LEITAO;;;;Colisão Transversal;Luz do Dia;Bom;Seca;Cruz;Pare;Residencial;0;1;1;1;0;0;0;0;0;1;0;0;-38,578199;-3,764304;;;
250203;3;4;2015;12:30;0;AV GODOFREDO MACIEL;;;2841;;Colisão Traseira;Luz do Dia;Nublado;Seca;Meio de Quadra;;Comercial;0;0;3;1;0;0;0;0;0;0;0;0;-38,571102;-3,800271;;;
250207;3;4;2015;20:00;0;RUA STA LIDUINA D42;;;339;;Choque c/ Obstáculo Fixo;Via Iluminada;Bom;Seca;Meio de Quadra;Não Há Controle;Outros;0;1;0;1;0;0;0;0;0;0;0;0;-38,585182;-3,801022;;;
250208;3;4;2015;10:50;0;AV SANTOS DUMONT;;;7799;;Choque c/ Obstáculo Fixo;Luz do Dia;Bom;Seca;Meio de Quadra;Não Há Controle;Misto;0;1;0;1;0;0;0;0;0;0;0;0;-38,463740;-3,747388;;;
250209;3;4;2015;19:57;0;AV BENJAMIM BRASIL;;;2350;;Colisão Lateral;Anoitecer;Bom;Seca;Meio de Quadra;Pare;Comercial;0;1;1;0;0;0;0;0;0;1;0;0;-38,556106;-3,809120;;;
250210;3;4;2015;21:39;19328;RUA EDUARDO PERDIGAO;RUA CON DE CASTRO;;;;Colisão Transversal;Mal Iluminada;Bom;Seca;Cruz;Não Há Controle;Comercial;0;1;1;0;1;0;0;0;0;1;0;0;-38,564769;-3,775579;;;
250211;3;4;2015;19:10;5490;AV AGUANAMBI;RUA PDE VALDEVINO;;;;Colisão Lateral;Via Iluminada;Bom;Seca;Cruz;Não Há Controle;Comercial;0;0;2;1;1;0;0;0;0;0;0;0;-38,523967;-3,736873;;;
250214;3;4;2015;14:40;0;RUA PERGENTINO MAIA;;;1500;;Outros;Luz do Dia;Bom;Seca;Meio de Quadra;Não Há Controle;Residencial;0;0;3;1;0;0;0;0;0;1;0;0;-38,480890;-3,832542;;;
250155;3;4;2015;19:00;7990;RUA JOAO SORONGO;RUA CARLOS CAMARA;;;;Colisão Transversal;;Bom;Seca;Cruz;Pare;Residencial;0;0;2;1;0;0;0;0;0;0;0;0;-38,545224;-3,749406;;;
250205;3;4;2015;12:00;0;RUA CEL VIRGILIO NOGUEIRA (BOM JARDIM);;;108;;Colisão Lateral;Luz do Dia;Bom;Seca;Meio de Quadra;Não Há Controle;Residencial;0;1;1;1;0;0;0;0;0;1;0;0;-38,607156;-3,783912;;;
261210;3;4;2015;01:18;0;RUA CON DE CASTRO;;;33;;Colisão;;;;Meio de Quadra;;;0;0;2;0;0;0;0;0;0;0;0;0;-38,564270;-3,775060;;;
261213;3;4;2015;10:47;0;AV PRS COSTA E SILVA;;;;;Colisão;Luz do Dia;;;Meio de Quadra;;;0;0;2;0;0;0;0;0;0;0;0;0;;;;;
261214;3;4;2015;11:28;0;RUA PIAUI;;;;;Colisão;Luz do Dia;;;Meio de Quadra;;;0;1;1;0;0;0;0;0;0;0;0;0;-38,573917;-3,750498;;;
261224;3;4;2015;18:46;0;AV FRANCISCO SA;;;;;Colisão;;;;Meio de Quadra;;;0;1;1;0;0;0;0;0;0;0;0;0;;;;;
261226;3;4;2015;20:52;0;RUA CAP JOAO FERREIRA LIMA;;;;;Queda;;;;Meio de Quadra;;;0;1;0;0;0;0;0;0;0;1;0;0;;;;;
261227;3;4;2015;21:47;0;RUA MURITIAPUA;;;;;Queda;;;;Meio de Quadra;;;0;1;0;0;0;1;0;0;0;0;0;0;-38,469191;-3,819078;;;
261228;3;4;2015;21:55;0;AV GAL OSORIO DE PAIVA;;;6297;;Colisão;;;;Meio de Quadra;;;0;1;1;1;0;0;0;0;0;1;0;0;-38,607921;-3,810793;;;
261229;3;4;2015;23:42;0;AV MON SALVIANO;;;;;Atropelamento;;;;Meio de Quadra;;;0;1;1;1;0;0;0;0;0;0;0;0;-38,569862;-3,775304;;;
261220;3;4;2015;11:47;0;RUA LEON GRADVOHL;;;;;;Luz do Dia;;;Meio de Quadra;;;0;1;1;0;0;0;0;0;0;0;0;0;-38,567073;-3,798911;;;
261221;3;4;2015;13:46;0;RUA CON DE CASTRO;;;;;Queda;Luz do Dia;;;Meio de Quadra;;;0;1;0;0;0;0;0;0;0;1;0;0;-38,592102;-3,805216;;;
261222;3;4;2015;16:15;0;AV GAL OSORIO DE PAIVA;;;;;Choque c/ Obstáculo Fixo;Luz do Dia;;;Meio de Quadra;;;0;1;0;1;0;0;0;0;0;0;0;0;-38,616130;-3,819256;;;
266234;3;4;2015;00:52;0;RUA GUERRA JUNQUEIRO;;;665;;Colisão;;;;Meio de Quadra;;;0;0;2;0;0;0;0;0;0;0;0;0;-38,548884;-3,781124;;;
266235;3;4;2015;01:21;9039;RUA BAR RIO BRANCO;RUA PDE MIGUELINHO;;;;Colisão;;;;Cruz;Pare;Residencial;0;0;2;0;0;0;0;0;0;0;0;0;-38,533460;-3,742749;;;
266236;3;4;2015;04:27;0;RUA JOAO FIRMINO;;;340;;Choque c/ Obstáculo Fixo;;;;Meio de Quadra;;;0;0;1;0;0;0;0;0;0;0;0;0;-38,553589;-3,762031;;;
266237;3;4;2015;07:01;0;RUA VALPARAISO;;;;;Choque c/ Obstáculo Fixo;Luz do Dia;;;Meio de Quadra;;;0;0;1;0;0;0;0;0;0;0;0;0;;;;;
266238;3;4;2015;10:20;7348;RUA MANAUS;RUA COS ARAUJO LIMA;;;;Colisão;Luz do Dia;;;Cruz;Não Há Controle;Residencial;0;0;2;0;0;0;0;0;0;0;0;0;-38,589452;-3,750379;;;
266239;3;4;2015;10:36;0;AV JOVITA FEITOSA;;;;;Colisão;Luz do Dia;;;Meio de Quadra;;;0;0;2;0;0;0;0;0;0;0;0;0;;;;;
266240;3;4;2015;10:56;0;AV ZEZE DIOGO;;;6357;;Colisão;Luz do Dia;;;Meio de Quadra;;;0;0;2;0;0;0;0;0;0;0;0;0;;;;;
266241;3;4;2015;16:12;0;RUA TOMAS GONZAGA;;;388;;Colisão;Luz do Dia;;;Meio de Quadra;;;0;0;2;0;0;0;0;0;0;0;0;0;-38,566977;-3,706814;;;
266242;3;4;2015;18:58;0;AV GENIBAU;;;150;;Choque c/ Obstáculo Fixo;;;;Meio de Quadra;;;0;0;1;0;0;0;0;0;0;0;0;0;-38,596311;-3,761502;;;
266243;3;4;2015;19:25;0;AV PRS COSTA E SILVA;;;;;Choque c/ Obstáculo Fixo;;;;Meio de Quadra;;;0;0;1;0;0;0;0;0;0;0;0;0;;;;;
257841;3;4;2015;16:25;3337;AV ENG HUMBERTO MONTE;RUA RIO GRANDE DO SUL;;;;Choque c/ Obstáculo Fixo;Luz do Dia;;;T;Pare;Comercial;0;1;0;0;0;0;0;0;0;0;0;0;-38,560374;-3,749204;;;
257842;3;4;2015;18:35;13177;AV D CJ JOSE WALTER;AV I CJ JOSE WALTER;;;;Colisão;;;;Rotatória;Dê Preferência;Residencial;0;1;0;1;0;0;0;0;0;1;0;0;-38,552957;-3,832440;;;
257843;3;4;2015;18:27;0;RD CE-025;;;;KM-03;Atropelamento;Anoitecer;;Seca;Meio de Quadra;;;0;1;1;1;0;0;0;0;0;0;0;0;-38,446791;-3,805236;;;
266244;4;4;2015;03:23;19539;RUA EQUADOR;AV DR SILAS MUNGUBA;;;;Choque c/ Obstáculo Fixo;;;;Cruz;Semáforo;Comercial;0;0;1;0;0;0;0;0;0;0;0;0;-38,555434;-3,782377;;;
266245;4;4;2015;20:25;0;AV PERIMETRAL;;;;;Colisão;;;;Meio de Quadra;;;0;0;2;0;0;0;0;0;0;0;0;0;;;;;
266246;4;4;2015;22:30;5055;AV ALM TAMANDARE;RUA DRAGAO DO MAR;;;;Colisão;;;;;;;0;0;2;0;0;0;0;0;0;0;0;0;-38,519897;-3,721844;;;
266247;4;4;2015;23:22;13007;RUA BERNARDO MANUEL;AV JOAO DE ARAUJO LIMA;;;;Colisão;;;;Cruz;Pare;Comercial;0;0;2;0;0;0;0;0;0;0;0;0;;;;;
261231;4;4;2015;04:18;0;RUA BERNARDO MANUEL;;;;;Colisão;;;;Meio de Quadra;;;0;1;1;1;0;0;0;0;0;1;0;0;;;;;
261237;4;4;2015;12:25;0;AV FRE CIRILO;;;;;Colisão;Luz do Dia;;;Meio de Quadra;;;0;2;0;0;0;0;0;0;0;1;0;0;-38,496896;-3,818496;;;
261239;4;4;2015;16:18;0;RUA MANUEL JACARE;;;;;Atropelamento;Luz do Dia;;;Meio de Quadra;;;0;1;1;1;0;0;0;0;0;0;0;0;-38,487524;-3,725285;;;
261244;4;4;2015;17:35;0;AV CARAPINIMA;;;;;Colisão;Anoitecer;;;Meio de Quadra;;;0;1;1;1;0;0;0;0;0;1;0;0;;;;;
261245;4;4;2015;19:08;0;AV GAL OSORIO DE PAIVA;;;;;Queda;;;;Meio de Quadra;;;0;1;0;0;0;1;0;0;0;0;0;0;;;;;
250206;4;4;2015;04:40;15197;RUA DEP MOREIRA DA ROCHA;RUA ANTONIO AUGUSTO;;;;Colisão Transversal;Amanhecer;Bom;Seca;Cruz;Pare;Residencial;0;1;1;1;0;0;0;0;0;0;0;0;-38,512260;-3,726544;;;
250183;4;4;2015;19:35;6285;AV C CJ CEARA;AV G CJ CEARA;;;;Colisão Transversal;Mal Iluminada;Bom;Seca;T;Não Há Controle;Residencial;0;3;0;0;1;0;0;0;0;1;0;0;;;;;
250157;4;4;2015;13:45;12925;AV AGUANAMBI;AV DOMINGOS OLIMPIO;;;;Colisão Lateral;Luz do Dia;Bom;Seca;Cruz;Semáforo;Comercial;0;0;2;1;0;0;0;0;0;0;0;0;-38,524628;-3,738683;;;
250159;4;4;2015;19:43;13495;RUA ILDEFONSO ALBANO;RUA CEL ALVES TEIXEIRA;;;;Colisão Transversal;;Bom;Seca;Cruz;Pare;Residencial;0;1;1;1;0;0;0;0;0;1;0;0;-38,517296;-3,745590;;;
250143;4;4;2015;11:30;19663;AV BEZERRA DE MENEZES;RUA COS ALVARO DE OLIVEIRA;;;;Colisão Lateral;Luz do Dia;Bom;Seca;Cruz;Pare;Comercial;0;0;2;1;0;0;0;0;0;0;0;0;-38,556570;-3,734032;;;
250144;4;4;2015;19:00;0;RUA MIMOSA COELHO;;;142;;Colisão Traseira;Via Iluminada;Bom;Seca;Meio de Quadra;Não Há Controle;Residencial;0;0;1;1;0;0;0;0;0;0;0;0;-38,570108;-3,794826;;;
250145;4;4;2015;22:39;0;RUA EMILIO DE MENESES;;;937;;Choque c/ Obstáculo Fixo;Via Iluminada;Bom;Seca;Meio de Quadra;Não Há Controle;Residencial;1;2;0;1;0;0;0;0;0;1;0;0;-38,589902;-3,781050;;;
250138;4;4;2015;19:50;0;AV ABOLICAO;;;2960;;Colisão Lateral;Via Iluminada;Bom;Seca;Meio de Quadra;Não Há Controle;Misto;0;0;2;0;0;0;0;0;0;0;0;0;-38,493002;-3,726939;;;
250139;4;4;2015;12:40;17292;RUA SATIRO DIAS;RUA QUEIROZ RIBEIRO;;;;Colisão Transversal;Luz do Dia;Bom;Seca;Cruz;Pare;Comercial;0;0;2;1;0;0;0;0;0;0;0;0;-38,546118;-3,763284;;;
250140;4;4;2015;10:15;0;AV 13 DE MAIO;;;1995;;Colisão Traseira;Luz do Dia;Nublado;Seca;Meio de Quadra;;Misto;0;1;1;1;0;0;0;0;0;1;0;0;-38,535031;-3,744461;;;
250141;4;4;2015;18:00;2614;AV CEL CARVALHO;RUA DES HERMES PARAHYBA;;;;Colisão Traseira;Via Iluminada;Bom;Seca;Cruz;Não Há Controle;Misto;0;0;3;1;0;0;0;0;0;0;0;0;-38,588830;-3,713855;;;
250150;4;4;2015;16:00;0;RUA PRIMEIRO DE JANEIRO;;;;;Colisão Traseira;Luz do Dia;Bom;Seca;Meio de Quadra;Não Há Controle;Comercial;0;2;0;0;0;0;0;0;0;1;0;0;;;;;
250151;4;4;2015;08:30;14431;AV SGT HERMINIO SAMPAIO;RUA CONRADO CABRAL;;;;Colisão Transversal;Luz do Dia;Nublado;Seca;T;Pare;Residencial;0;1;1;1;0;0;0;0;0;1;0;0;-38,548837;-3,724537;;;
250152;4;4;2015;13:45;0;RUA CON DE CASTRO;;;;;Colisão Transversal;Luz do Dia;Bom;Seca;Meio de Quadra;Pare;Comercial;0;0;2;1;0;0;0;0;0;0;0;0;;;;;
250153;4;4;2015;07:50;11057;AV DOS EXPEDICIONARIOS;AV DR SILAS MUNGUBA;;;;Colisão Lateral;Luz do Dia;Nublado;Seca;Cruz;Semáforo;Comercial;0;0;2;1;0;0;0;0;0;0;0;0;-38,547960;-3,787538;;;
250154;4;4;2015;10:00;19436;AV AUGUSTO DOS ANJOS;RUA SEIXAS CORREIA;;;;Colisão Transversal;Luz do Dia;Nublado;Seca;Outros;Semáforo;Comercial;0;1;1;1;0;0;0;0;0;1;0;0;-38,578496;-3,779412;;;
250147;4;4;2015;16:00;0;RUA MIGUEL GURGEL;;;;;Colisão Traseira;Luz do Dia;Bom;Seca;Meio de Quadra;Pare;Comercial;0;1;1;1;0;0;0;0;0;1;0;0;;;;;
250136;4;4;2015;19:20;19323;RUA CARLOS AMORA;ET FERRO BATURITE;;;;Colisão Traseira;Via Iluminada;Bom;Seca;T;Não Há Controle;Comercial;0;0;2;1;0;0;0;0;0;0;0;0;-38,563495;-3,775394;;;
260310;4;4;2015;14:18;0;RUA BETA;;;;;Colisão;Luz do Dia;;;Meio de Quadra;;;0;0;3;1;1;0;0;0;0;0;0;0;;;;;
260496;4;4;2015;08:08;0;AV DR THEBERGE;;;;;Colisão;Luz do Dia;;;Meio de Quadra;;;0;1;0;0;0;0;0;0;0;0;0;0;;;;;
258829;4;4;2015;02:20;0;RD BR 116;;;3000;KM-03;Capotamento;Via Iluminada;Bom;Seca;Meio de Quadra;Não Há Controle;Comercial;0;0;1;1;0;0;0;0;0;0;0;0;-38,514372;-3,779838;;;
250486;4;4;2015;08:40;1405;AV SANTOS DUMONT;RUA VICENTE LEITE;;;;Colisão Transversal;Luz do Dia;Chuva;Molhada;Cruz;Semáforo;Comercial;0;1;1;0;0;0;0;0;0;1;0;0;-38,495419;-3,737173;;;
250483;4;4;2015;12:35;5433;RUA METON DE ALENCAR;RUA MAJ FACUNDO;;;;Colisão Transversal;Luz do Dia;Bom;Seca;Cruz;Pare;Comercial;0;1;1;1;0;0;0;0;0;1;0;0;-38,529899;-3,733917;;;
261656;5;4;2015;10:47;0;AV WASHINGTON SOARES;;;;;Colisão;Luz do Dia;;;Meio de Quadra;;;0;1;1;0;0;0;0;0;0;0;0;0;;;;;
261657;5;4;2015;12:43;0;AV CASTELO DE CASTRO;;;;;Atropelamento;Luz do Dia;;;Meio de Quadra;;;0;2;0;0;0;0;0;0;0;1;0;0;-38,521733;-3,838463;;;
261659;5;4;2015;13:10;0;RUA PRO HERIBALDO COSTA;;;;;Colisão;Luz do Dia;;;Meio de Quadra;;;0;1;1;1;0;0;0;0;0;1;0;0;-38,588506;-3,768905;;;
261660;5;4;2015;13:15;0;AV HIS RAIMUNDO GIRAO;;;;;Colisão;Luz do Dia;;;Meio de Quadra;;;0;1;1;1;0;0;0;0;0;1;0;0;;;;;
261664;5;4;2015;19:31;0;AV AGUANAMBI;;;;;Colisão;;;;Meio de Quadra;;;0;1;1;1;0;0;0;0;0;1;0;0;;;;;
261671;5;4;2015;19:41;0;AV BEIRA MAR;;;;;Colisão;;;;Meio de Quadra;;;0;1;1;1;0;0;0;0;0;1;0;0;-38,481728;-3,722600;;;
261653;5;4;2015;10:20;0;RUA MON DANTAS;;;;;Atropelamento;Luz do Dia;;;Meio de Quadra;;;0;2;0;0;0;0;0;0;0;1;0;0;;;;;
261651;5;4;2015;09:17;0;AV DES MOREIRA;;;;;Queda;Luz do Dia;;;Meio de Quadra;;;0;1;0;0;0;1;0;0;0;0;0;0;-38,495835;-3,728479;;;
261643;5;4;2015;04:09;49;RUA HUGO VITOR;RUA TEN QUEIROZ;;;;Colisão;;;;Cruz;Pare;Misto;0;1;1;0;0;0;0;0;0;0;0;0;-38,590837;-3,745141;;;
261641;5;4;2015;00:39;0;AV BAR STUDART;;;;;Colisão;;;;Meio de Quadra;;;0;1;1;1;0;0;0;0;0;1;0;0;;;;;
261816;5;4;2015;08:42;2326;RUA SEN ROBERT KENNEDY;AV PRS CASTELO BRANCO;;;;Atropelamento;Luz do Dia;;;Cruz;Semáforo;Residencial;0;1;1;1;0;0;0;0;0;0;0;0;-38,579042;-3,704117;;;
250170;5;4;2015;17:22;13091;AV C CJ JOSE WALTER;AV L CJ JOSE WALTER;;;;Colisão Lateral;Anoitecer;Bom;Seca;Rotatória;Dê Preferência;Outros;0;0;2;1;0;0;0;0;0;0;0;0;-38,556737;-3,828424;;;
250171;5;4;2015;11:15;5437;RUA METON DE ALENCAR;RUA FLORIANO PEIXOTO;;;;Colisão Transversal;Luz do Dia;Bom;Seca;Cruz;Pare;Comercial;0;0;2;1;0;0;0;0;0;0;0;0;-38,529358;-3,734071;;;
250162;5;4;2015;;0;AV GODOFREDO MACIEL;;;;;Colisão Lateral;Luz do Dia;Bom;Seca;;;;0;0;2;1;1;0;0;0;0;0;0;0;;;;;
250163;5;4;2015;21:00;0;AV CARAPINIMA;;;2415;;Colisão Lateral;Via Iluminada;Bom;Seca;Meio de Quadra;Semáforo;Comercial;0;0;2;1;0;0;0;0;0;0;0;0;-38,540886;-3,740648;;;
250164;5;4;2015;19:00;17265;RUA SATIRO DIAS;RUA ALBERTO MAGNO;;;;Colisão Frontal;Via Iluminada;Bom;Seca;Cruz;Pare;Comercial;0;1;1;0;1;0;0;0;0;1;0;0;-38,547531;-3,762063;;;
250165;5;4;2015;18:00;26136;AV ENG LEAL LIMA VERDE (SAPIRANGA/COITE);RUA EDUARDO NOVAES;;;;Colisão Transversal;Via Iluminada;Bom;Seca;Cruz;Não Há Controle;Residencial;0;0;2;1;0;0;0;0;0;0;0;0;-38,475282;-3,800353;;;
250166;5;4;2015;07:00;15339;RUA FRE MANSUETO;RUA ANA BILHAR;;;;Colisão Frontal;Luz do Dia;Bom;Seca;Cruz;Semáforo;Residencial;0;1;1;1;0;0;0;0;1;0;0;0;-38,488841;-3,731552;;;
250167;5;4;2015;10:20;5200;RUA TEN BENEVOLO;RUA GONCALVES LEDO;;;;Colisão Lateral;Luz do Dia;Bom;Seca;Cruz;Não Há Controle;Comercial;0;0;2;1;1;0;0;0;0;0;0;0;-38,514537;-3,726183;;;
250168;5;4;2015;13:00;19109;RUA PAULO MORAIS;RUA JULIO AZEVEDO;;;;Colisão Frontal;Luz do Dia;Bom;Seca;Outros;Pare;Residencial;0;1;1;0;1;0;0;0;0;1;0;0;-38,479186;-3,738042;;;
250185;5;4;2015;01:35;25942;AV JOSE BASTOS;AV SGT HERMINIO SAMPAIO;;;;Colisão Transversal;Via Iluminada;Bom;Seca;Cruz;Semáforo;Comercial;0;2;1;1;0;0;0;0;0;0;0;0;-38,545900;-3,724690;;;
250186;5;4;2015;;0;RUA DOS SABIAS;;;601;;Colisão Lateral;;Bom;Seca;Meio de Quadra;;Residencial;0;1;1;1;0;0;0;0;0;0;0;0;;;;;
250187;5;4;2015;07:10;0;RUA DA SAUDADE D04;;;785;;Colisão Traseira;Luz do Dia;Bom;Seca;Meio de Quadra;Não Há Controle;Residencial;0;0;2;1;0;0;0;0;0;0;0;0;;;;;
250188;5;4;2015;07:40;0;RUA MAL DEODORO;;;755;;Colisão Lateral;Luz do Dia;Bom;Seca;Meio de Quadra;Pare;Misto;0;0;2;1;1;0;0;0;0;0;0;0;-38,536096;-3,742012;;;
250189;5;4;2015;06:00;0;AV GAL OSORIO DE PAIVA;;;2946;;Colisão Traseira;Luz do Dia;Bom;Seca;Meio de Quadra;Pare;Comercial;0;1;1;0;0;0;0;0;0;1;0;0;-38,586023;-3,788269;;;
250190;5;4;2015;20:00;19739;RUA GUSTAVO SAMPAIO;RUA MOREIRA DE SOUSA;;;;Colisão Transversal;Via Iluminada;Bom;Seca;Cruz;Pare;Residencial;0;1;1;1;0;0;0;0;0;1;0;0;-38,566650;-3,737367;;;
250181;5;4;2015;02:15;9020;RUA JAIME BENEVOLO;RUA SALDANHA MARINHO;;;;Colisão Transversal;Via Iluminada;Bom;Seca;Cruz;Semáforo;Comercial;0;1;1;1;0;0;0;0;0;0;0;0;-38,528994;-3,743046;;;
250182;5;4;2015;09:00;5258;RUA PDE MORORO;RUA PEDRO I;;;;Colisão Transversal;Luz do Dia;Nublado;Seca;Cruz;Pare;Residencial;0;1;2;1;0;0;1;0;0;0;0;0;-38,538290;-3,728123;;;
250173;5;4;2015;20:03;7650;AV CARNEIRO DE MENDONCA;RUA BELO HORIZONTE;;;;Colisão Lateral;Via Iluminada;Bom;Seca;Cruz;Pare;Comercial;0;1;2;1;0;0;0;0;0;0;0;0;-38,567567;-3,763666;;;
250174;5;4;2015;18:15;19596;RUA NEREU RAMOS;RUA TCHECOSLOVAQUIA;;;;Colisão Lateral;Via Iluminada;Bom;Seca;Cruz;Pare;Comercial;0;1;1;1;0;0;0;0;0;0;0;0;-38,570458;-3,785913;;;
250176;5;4;2015;02:30;19044;RUA JULIO AZEVEDO;RUA AVILA GOULART;;;;Choque c/ Obstáculo Fixo;Amanhecer;Bom;Seca;Cruz;Pare;Residencial;0;0;1;1;0;0;0;0;0;0;0;0;-38,477882;-3,735906;;;
250177;5;4;2015;13:00;0;AV JOVITA FEITOSA;;;2870;;Colisão Lateral;Luz do Dia;Bom;Seca;Meio de Quadra;;Residencial;0;1;1;1;0;0;0;0;0;0;0;0;-38,563374;-3,741267;;;
250178;5;4;2015;13:46;24915;AV DA INDEPENDENCIA;RUA ANTONIO ARRUDA;;;;Colisão Transversal;Luz do Dia;Bom;Seca;T;Pare;Misto;0;1;1;1;0;0;0;0;1;0;0;0;-38,595586;-3,725549;;;
250179;5;4;2015;19:00;0;AV CENTRAL CJ CEARA;;;;TERMINAL;Colisão Frontal;Via Iluminada;Bom;Seca;Meio de Quadra;Não Há Controle;Misto;0;0;2;1;0;0;0;0;0;0;0;0;;;;;
261249;5;4;2015;00:15;0;RUA CEREJEIRAS;;;1117;;Colisão;;;;Meio de Quadra;;;0;1;1;1;0;1;0;0;0;0;0;0;-38,598244;-3,820314;;;
266248;5;4;2015;00:13;0;AV F CJ CEARA;;;257;;Colisão;;;;Meio de Quadra;;;0;0;2;0;0;0;0;0;0;0;0;0;-38,607474;-3,763543;;;
266249;5;4;2015;02:02;0;RUA ROSINHA SAMPAIO;;;980;;Colisão;;;;Meio de Quadra;;;0;0;2;0;0;0;0;0;0;0;0;0;-38,587748;-3,726717;;;
266250;5;4;2015;02:04;0;AV SEN FERNANDES TAVORA;;;2978;;Colisão;;;;Meio de Quadra;;;0;0;2;0;0;0;0;0;0;0;0;0;-38,598299;-3,755118;;;
266251;5;4;2015;04:51;0;AV SEN FERNANDES TAVORA;;;571;;Colisão;;;;Meio de Quadra;;;0;0;2;0;0;0;0;0;0;0;0;0;-38,577416;-3,764720;;;
266252;5;4;2015;10:42;25854;AV EDILSON B SOARES;RUA ANIBAL F BONAVIDES;;;;Colisão;Luz do Dia;;;Cruz;Pare;Residencial;0;0;2;0;0;0;0;0;0;0;0;0;-38,475387;-3,789009;;;
266253;5;4;2015;19:52;0;RUA LOURDES VIDAL ALVES;;;766;;Colisão;;;;Meio de Quadra;;;0;0;2;0;0;0;0;0;0;0;0;0;-38,473264;-3,825043;;;
266254;5;4;2015;23:40;0;AV PRS COSTA E SILVA;;;;;Colisão;;;;Meio de Quadra;;;0;0;2;0;0;0;0;0;0;0;0;0;;;;;
257847;5;4;2015;13:40;12837;RUA JAIME BENEVOLO;AV DOMINGOS OLIMPIO;;;;Colisão;Luz do Dia;;;Cruz;Semáforo;Comercial;0;1;0;0;0;0;0;0;0;1;0;0;-38,527245;-3,737780;;;
257849;5;4;2015;14:20;0;RD CE-040;;;5740;KM-08;Colisão;Luz do Dia;Bom;Seca;Meio de Quadra;;;0;1;1;1;0;0;0;0;0;0;0;0;-38,478772;-3,809556;;;
257859;6;4;2015;21:00;19759;RUA AZEVEDO BOLAO;RUA AMADEU FURTADO;;;;Colisão;;;;Cruz;Pare;Residencial;0;1;0;1;0;0;0;0;0;1;0;0;-38,563588;-3,737863;;;
257857;6;4;2015;20:12;0;RD CE-025;;;;KM-06;Colisão;;;;Meio de Quadra;;;0;1;0;1;0;0;0;0;0;1;0;0;-38,426982;-3,810993;;;
266255;6;4;2015;10:13;0;AV 13 DE MAIO;;;1079;;Colisão;Luz do Dia;;;Meio de Quadra;;;0;0;2;0;0;0;0;0;0;0;0;0;;;;;
266256;6;4;2015;19:40;0;RUA MIN ABNER VASCONCELOS;;;540;;Colisão;;;;Meio de Quadra;;;0;0;2;0;0;0;0;0;0;0;0;0;;;;;
266257;6;4;2015;21:22;0;RUA STA MARIA GORETE;;;228;;Colisão;;;;Meio de Quadra;;;0;0;2;0;0;0;0;0;0;0;0;0;-38,602351;-3,725507;;;
266258;6;4;2015;21:30;0;RUA ANTONIO NERY;;;913;;Colisão;;;;Meio de Quadra;;;0;0;2;0;0;0;0;0;0;0;0;0;-38,600822;-3,780414;;;
266259;6;4;2015;21:33;0;AV PRS COSTA E SILVA;;;2540;;Colisão;;;;Meio de Quadra;;;0;0;2;0;0;0;0;0;0;0;0;0;-38,559433;-3,820590;;;
266260;6;4;2015;22:56;0;AV DIOGUINHO;;;;;Colisão;;;;Meio de Quadra;;;0;0;2;0;0;0;0;0;0;0;0;0;;;;;
250406;6;4;2015;08:10;4531;AV DEP PAULINO ROCHA;RUA ENF JOAQUIM PINTO;;;;Colisão Transversal;Luz do Dia;Bom;Seca;T;Pare;Residencial;0;1;1;1;0;0;0;0;0;1;0;0;-38,507774;-3,803203;;;
250398;6;4;2015;20:00;0;AV PONTES VIEIRA;;;;;Colisão Traseira;Via Iluminada;Bom;Seca;Meio de Quadra;Semáforo;Comercial;0;0;2;1;0;0;0;0;0;0;0;0;;;;;
250400;6;4;2015;09:30;0;AV JOVITA FEITOSA;;;;;Colisão Traseira;Luz do Dia;Bom;Seca;Meio de Quadra;Semáforo;Comercial;0;0;2;1;0;0;1;0;0;0;0;0;;;;;
250403;6;4;2015;07:15;1737;RUA CAP ARAGAO;RUA ALECRIN;;;;Colisão Lateral;Luz do Dia;Bom;Seca;Cruz;Pare;Comercial;0;0;2;1;0;0;0;0;0;0;0;0;-38,509505;-3,764185;;;
250404;6;4;2015;13:15;0;AV ENG LEAL LIMA VERDE (SAPIRANGA/COITE);;;649;;Colisão Lateral;Luz do Dia;Bom;;Meio de Quadra;Pare;Escola;0;0;2;1;0;0;0;0;0;0;0;0;-38,475852;-3,794157;;;
250414;6;4;2015;07:30;0;AV OLIVEIRA PAIVA;;;1267;;Engavetamento;Luz do Dia;Bom;Seca;Meio de Quadra;Não Há Controle;Comercial;0;0;3;1;0;0;0;0;0;0;0;0;-38,495100;-3,795403;;;