COD_ACIDENTE;DIA;MES;ANO;HORA;INTERSECAO;LOG1;LOG2;LOG3;NUMERO;REFERENCIA;NATUREZA;ILUMINACAO;TEMPO;SUPERFICIEPISTA;TIPOCRUZAMENTO;CONTROLETRAFEGO;USOSOLO;MORTOS;FERIDOS;ILESOS;AUTOMOVEL;ONIBUS;BICICLETA;CAMINHAO;MICROONIBUS;CICLOMOTOR;MOTOCICLETA;TRACAOANIMAL;TREM;LONG;LAT;;;
250439;6;4;2015;08:50;0;AV GODOFREDO MACIEL;;;1753;LAGOA DA MARAPONGA;Colisão Traseira;Luz do Dia;Bom;Seca;Meio de Quadra;Não Há Controle;Misto;0;1;2;1;0;0;0;1;0;1;0;0;-38,566763;-3,788335;;;
250432;6;4;2015;08:00;0;RUA TEN BENEVOLO;;;412;;Colisão Traseira;Luz do Dia;Bom;Seca;Meio de Quadra;Não Há Controle;Residencial;0;0;2;1;0;0;0;0;0;0;0;0;-38,517087;-3,725394;;;
250449;6;4;2015;14:30;0;AV PRS COSTA E SILVA;;;;CHESF;Colisão Transversal;Luz do Dia;Bom;Seca;Meio de Quadra;Não Há Controle;Misto;0;1;1;1;0;0;0;0;0;1;0;0;;;;;
250463;6;4;2015;15:45;12514;AV LINEU MACHADO;RUA JULIO BRAGA;;;;Colisão Transversal;Luz do Dia;Bom;Seca;Cruz;Semáforo;Comercial;0;0;2;1;0;0;0;0;0;0;0;0;-38,581790;-3,775335;;;
250464;6;4;2015;20:50;0;RUA DEP OSWALDO STUDART;;;;RODOVIÁRIA;Colisão;Via Iluminada;Bom;Seca;Meio de Quadra;;Comercial;0;0;2;1;1;0;0;0;0;0;0;0;;;;;
250465;6;4;2015;07:30;0;AV DEP PAULINO ROCHA;;;57;;Colisão Lateral;Luz do Dia;Bom;Seca;Meio de Quadra;Não Há Controle;Comercial;0;2;2;1;0;0;0;0;0;1;0;0;;;;;
250466;6;4;2015;14:15;19081;RUA EDUARDO SABOIA;RUA DES WALDETARIO P MOTA;;;;Colisão Lateral;Luz do Dia;Bom;Seca;Cruz;Pare;Comercial;0;0;2;1;1;0;0;0;0;0;0;0;-38,480948;-3,737338;;;
250467;6;4;2015;08:00;5415;RUA GAL CLARINDO DE QUEIROZ;RUA FLORIANO PEIXOTO;;;;Colisão Transversal;Luz do Dia;Bom;Seca;Cruz;Pare;Comercial;0;1;1;1;0;0;0;0;0;1;0;0;-38,529027;-3,733049;;;
250437;6;4;2015;07:00;0;RUA PDE PEDRO DE ALENCAR;;;81;;Colisão Traseira;Luz do Dia;Bom;Seca;Meio de Quadra;Não Há Controle;Escola;0;1;1;0;0;0;0;0;0;1;0;0;-38,493540;-3,828216;;;
250469;6;4;2015;12:50;8934;AV DOMINGOS OLIMPIO;RUA PDE MORORO;;;;Colisão Transversal;Luz do Dia;Bom;Seca;Cruz;Pare;Comercial;0;0;2;0;1;0;0;0;0;0;0;0;-38,539949;-3,733752;;;
250472;6;4;2015;20:00;0;AV DOMINGOS OLIMPIO;;;187;;Colisão Traseira;Via Iluminada;Bom;Seca;Meio de Quadra;Não Há Controle;Comercial;0;0;2;1;0;0;0;0;0;0;0;0;-38,526273;-3,738102;;;
250473;6;4;2015;07:10;15359;RUA PEREIRA VALENTE;RUA VICENTE LEITE;;;;Colisão Transversal;Luz do Dia;Bom;Seca;Cruz;Pare;Comercial;0;0;2;1;0;0;0;0;0;0;0;0;-38,494152;-3,733201;;;
261678;6;4;2015;08:12;0;AV FRANCISCO SA;;;;;Queda;Luz do Dia;;;Meio de Quadra;;;0;1;0;0;0;0;0;0;0;1;0;0;-38,569768;-3,713169;;;
261679;6;4;2015;11:41;10807;RUA PORTO VELHO;RUA AUDISIO PINHEIRO;;;;Colisão;Luz do Dia;;;Cruz;;;0;1;1;1;0;0;1;0;0;0;0;0;-38,591490;-3,763570;;;
261681;6;4;2015;11:44;0;RUA CON DE CASTRO;;;;;Colisão;Luz do Dia;;;Meio de Quadra;;;0;2;0;0;0;0;0;0;0;1;0;0;;;;;
261686;6;4;2015;13:04;0;AV TEN LISBOA;;;;;Colisão;Luz do Dia;;;Meio de Quadra;;;0;1;1;0;0;0;0;0;0;0;0;0;;;;;
261687;6;4;2015;14:20;0;AV PERIMETRAL;;;;;Colisão;Luz do Dia;;;Meio de Quadra;;;0;1;1;1;0;0;0;0;0;1;0;0;;;;;
261700;6;4;2015;17:13;0;AV MAE LISBOA;;;;;Colisão;Anoitecer;;;Meio de Quadra;;;0;1;1;1;0;0;0;0;0;1;0;0;;;;;
261704;6;4;2015;19:54;12426;AV SEN FERNANDES TAVORA;RUA RIBEIRO LEITAO;;;;Colisão;;;;Cruz;Pare;Residencial;0;1;1;1;0;0;0;0;0;1;0;0;-38,578199;-3,764304;;;
261705;6;4;2015;20:40;0;AV JOSE JATAHY;;;;;Colisão;;;;Meio de Quadra;;;0;1;1;0;0;0;1;0;0;1;0;0;;;;;
261684;6;4;2015;12:48;0;AV ODILON GUIMARAES;;;;;Queda;Luz do Dia;;;Meio de Quadra;;;0;1;0;0;0;0;0;0;0;1;0;0;-38,469658;-3,815821;;;
250484;6;4;2015;09:50;0;AV JOVITA FEITOSA;;;1070;;Engavetamento;Luz do Dia;Bom;Seca;Meio de Quadra;Não Há Controle;Comercial;0;0;3;1;0;0;0;0;0;0;0;0;-38,553600;-3,739288;;;
250485;6;4;2015;14:45;25735;RUA DR JOSE FURTADO;RUA VIRGILIO PAES;;;;Colisão Lateral;Luz do Dia;Bom;Seca;Cruz;Pare;Residencial;0;1;1;1;0;0;0;0;0;1;0;0;-38,488225;-3,797220;;;
250482;6;4;2015;17:00;7897;RUA MON CATAO;RUA HENRIQUETA GALENO;;;;Colisão Lateral;Anoitecer;Bom;Seca;Cruz;Não Há Controle;Comercial;0;0;2;1;0;0;0;0;0;0;0;0;-38,493338;-3,747287;;;
250476;6;4;2015;14:35;15347;AV DOM LUIS;RUA TIBURCIO CAVALCANTE;;;;Colisão;Luz do Dia;Bom;Seca;T;Semáforo;Misto;0;0;2;0;1;0;0;0;0;0;0;0;-38,501313;-3,732021;;;
250522;6;4;2015;09:05;5436;RUA JAIME BENEVOLO;RUA GAL CLARINDO DE QUEIROZ;;;;Colisão Transversal;Luz do Dia;Bom;Seca;Cruz;Pare;Comercial;0;0;2;1;0;0;0;0;0;0;0;0;-38,526017;-3,734060;;;
250489;6;4;2015;21:15;15772;RUA TAQUATIARA;RUA NOVA QUIETUDE;;;;Colisão Lateral;Via Iluminada;Bom;Seca;Cruz;Não Há Controle;Residencial;0;0;2;1;0;0;1;0;0;0;0;0;-38,503338;-3,830042;;;
250490;6;4;2015;22:00;0;AV ISABEL BEZERRA;;;1036;;Colisão;Via Iluminada;Bom;Seca;Meio de Quadra;Não Há Controle;Residencial;0;1;1;1;0;0;0;0;0;1;0;0;-38,504913;-3,854278;;;
250487;6;4;2015;19:00;0;AV PRS COSTA E SILVA;;;;JOSE WALTER;Engavetamento;;;;Meio de Quadra;;;0;0;3;1;0;0;0;0;0;0;0;0;;;;;
250535;6;4;2015;19:00;1542;AV RUI BARBOSA;RUA PDE VALDEVINO;;;;Colisão Lateral;Luz do Dia;Bom;Seca;Cruz;Semáforo;Residencial;0;0;2;1;0;0;0;0;0;0;0;0;-38,511029;-3,740964;;;
250536;6;4;2015;14:00;25239;AV ENG ALBERTO SA;RUA PRISCO BEZERRA;;;;Colisão Traseira;Luz do Dia;Bom;Seca;Cruz;Não Há Controle;Comercial;0;0;2;1;0;0;0;0;0;0;0;0;-38,470905;-3,735975;;;
250537;6;4;2015;10:40;8390;RUA ROSA CORDEIRO;RUA A UI 301;;;;Colisão Transversal;Luz do Dia;Bom;Seca;Cruz;Não Há Controle;Residencial;0;1;1;0;0;0;0;0;0;1;0;0;-38,466590;-3,773751;;;
259093;6;4;2015;07:40;0;RD CE-040;;;;KM-04;Colisão;Luz do Dia;Bom;Seca;Meio de Quadra;;;0;0;2;1;0;0;0;0;0;0;0;0;-38,480251;-3,792050;;;
260327;6;4;2015;20:18;0;RUA MARCELINO LOPES;;;;;Colisão;;;;Meio de Quadra;;;0;0;2;1;0;0;1;0;0;0;0;0;;;;;
260321;6;4;2015;16:33;0;RUA PDE PEDRO DE ALENCAR;;;805;;Colisão;Luz do Dia;;;Meio de Quadra;;;0;0;2;1;1;0;0;0;0;0;0;0;-38,494156;-3,836214;;;
260315;6;4;2015;12:02;0;AV DOM LUIS;;;;;Colisão;Luz do Dia;;;Meio de Quadra;;;0;0;2;1;1;0;0;0;0;0;0;0;;;;;
260313;6;4;2015;09:06;0;AV DUQ CAXIAS;;;;;Colisão;Luz do Dia;;;Meio de Quadra;;;0;0;2;1;0;0;0;0;0;0;0;0;;;;;
250281;6;4;2015;08:30;0;AV PRO GOMES DE MATOS;;;;;Colisão Lateral;Luz do Dia;Bom;Seca;Meio de Quadra;Semáforo;Comercial;0;0;2;1;0;0;0;0;0;0;0;0;;;;;
250240;6;4;2015;21:40;1324;RUA TORRES CAMARA;RUA DR JOSE LOURENCO;;;;Colisão Transversal;Via Iluminada;Bom;Seca;Cruz;Pare;Comercial;0;0;2;1;0;0;0;0;0;0;0;0;-38,508053;-3,735281;;;
250312;6;4;2015;15:00;0;AV DOMINGOS OLIMPIO;;;157;;Colisão Lateral;Luz do Dia;Bom;Seca;Meio de Quadra;Semáforo;Comercial;0;1;2;1;0;0;0;0;0;1;0;0;-38,525610;-3,738321;;;
250321;6;4;2015;10:55;0;AV AGUANAMBI;;;46;;Colisão Lateral;Luz do Dia;Bom;Seca;Meio de Quadra;Não Há Controle;Comercial;0;0;2;1;0;0;1;0;0;0;0;0;-38,524239;-3,737660;;;
250322;6;4;2015;17:00;0;AV DOMINGOS OLIMPIO;;;845;COL. LOURENÇO FILHO;Colisão Traseira;Anoitecer;Bom;Seca;Meio de Quadra;Semáforo;Comercial;0;0;2;1;0;0;0;0;0;1;0;0;-38,531314;-3,736641;;;
250316;6;4;2015;20:00;0;AV AGUANAMBI;;;;;Colisão Lateral;Via Iluminada;Bom;Seca;Meio de Quadra;Não Há Controle;;0;0;2;0;0;0;1;0;0;0;0;0;;;;;
250319;6;4;2015;16:30;0;AV PRS CASTELO BRANCO;;;;;Colisão Lateral;Luz do Dia;Bom;Seca;Meio de Quadra;Não Há Controle;Comercial;0;0;2;1;1;0;0;0;0;0;0;0;;;;;
250227;7;4;2015;10:50;5433;RUA METON DE ALENCAR;RUA MAJ FACUNDO;;;;Colisão Transversal;Luz do Dia;Nublado;Seca;Cruz;Pare;Comercial;0;0;2;1;0;0;0;0;0;0;0;0;-38,529899;-3,733917;;;
250228;7;4;2015;09:30;0;AV 13 DE MAIO;;;2180;;Colisão Lateral;Luz do Dia;Bom;Seca;Meio de Quadra;Semáforo;Comercial;0;1;2;0;1;0;0;0;0;1;0;0;-38,536280;-3,743385;;;
250215;7;4;2015;10:30;13436;AV ANTONIO SALES;RUA DR JOSE LOURENCO;;;;Colisão Lateral;Luz do Dia;Bom;Seca;Cruz;Semáforo;Comercial;0;0;2;1;1;0;0;0;0;0;0;0;-38,510450;-3,742954;;;
250225;7;4;2015;13:00;1309;RUA ILDEFONSO ALBANO;RUA FIUZA DE PONTES;;;;Colisão Transversal;Luz do Dia;Bom;Seca;Cruz;Pare;Comercial;0;0;2;1;0;0;0;0;0;0;0;0;-38,513672;-3,734722;;;
250217;7;4;2015;10:10;10697;RUA MON HIPOLITO BRASIL;RUA JOAQUIM M DE MACEDO;;;;Colisão;Luz do Dia;Bom;Seca;T;Pare;Comercial;0;0;2;1;0;0;0;0;0;0;0;0;-38,581469;-3,757485;;;
250218;7;4;2015;13:00;19018;AV ENG ALBERTO SA;RUA JOSE CARLOS GURGEL NOGUEIRA;;;;Tombamento;Luz do Dia;Bom;Seca;Cruz;Semáforo;Comercial;0;2;1;0;0;0;1;0;0;0;0;0;-38,475012;-3,734800;;;
250219;7;4;2015;12:00;22120;RUA PRO COSTA MENDES;RUA CEL NUNES DE MELO;;;;Colisão Lateral;Luz do Dia;Bom;Seca;Cruz;Pare;Misto;0;1;1;1;0;0;0;0;0;1;0;0;-38,553197;-3,749003;;;
250220;7;4;2015;08:00;154;RUA ANARIO BRAGA;RUA TOMAS RODRIGUES;;;;Colisão;Luz do Dia;Bom;Seca;Cruz;Pare;Residencial;0;0;2;1;0;0;0;0;0;0;0;0;-38,594415;-3,736531;;;
250221;7;4;2015;20:45;12745;RUA ANA NERY;RUA JULIO CESAR D12;;;;Colisão Transversal;Via Iluminada;Bom;Seca;Cruz;Pare;Residencial;0;1;1;1;0;0;0;0;0;0;0;0;-38,544349;-3,751712;;;
250222;7;4;2015;17:30;0;AV JOSE BASTOS;;;4400;CENTER BOX;Colisão Traseira;Luz do Dia;Bom;Seca;Meio de Quadra;Semáforo;Comercial;0;0;2;1;0;0;0;0;0;0;0;0;-38,555754;-3,755265;;;
250223;7;4;2015;07:00;0;AV ALM HENRIQUE SABOIA;;;2364;;Colisão Lateral;Luz do Dia;Bom;Seca;Meio de Quadra;Outros;Residencial;0;0;2;1;0;0;1;0;0;0;0;0;-38,482196;-3,731330;;;
260338;7;4;2015;13:24;0;RUA VER PEDRO PAULO MOREIRA;;;;;Colisão;Luz do Dia;;;Meio de Quadra;;;0;0;2;1;0;0;0;0;0;0;0;0;;;;;
260335;7;4;2015;13:19;13483;RUA CARLOS VASCONCELOS;RUA PINHO PESSOA;;;;Colisão;Luz do Dia;;;Cruz;Pare;Residencial;0;0;2;1;0;0;0;0;0;0;0;0;-38,514738;-3,745054;;;
260396;7;4;2015;18:38;0;AV FRE CIRILO;;;;;Colisão;;;;Meio de Quadra;;;0;0;2;1;0;0;0;0;0;0;0;0;;;;;
259095;7;4;2015;08:05;0;RD CE-040;;;;KM-10;Colisão;Luz do Dia;Bom;Seca;Meio de Quadra;;;0;0;2;1;0;0;0;0;0;0;0;0;-38,480068;-3,838671;;;
258830;7;4;2015;20:55;0;RD BR 116;;;1000;KM-01;Colisão Transversal;Via Iluminada;Bom;Seca;Meio de Quadra;Não Há Controle;Comercial;0;0;2;1;1;0;0;0;0;0;0;0;-38,518702;-3,762554;;;
261716;7;4;2015;07:39;0;RUA PDE ANCHIETA;;;;;Colisão;Luz do Dia;;;Meio de Quadra;;;0;1;1;1;0;0;0;0;0;1;0;0;-38,552123;-3,731750;;;
261717;7;4;2015;08:16;0;RUA COSTA BARROS;;;;;Colisão;Luz do Dia;;;Meio de Quadra;;;0;1;1;1;0;0;0;0;0;1;0;0;;;;;
261718;7;4;2015;10:04;0;AV PONTES VIEIRA;;;;;Queda;Luz do Dia;;;Meio de Quadra;;;0;1;0;0;0;0;0;0;0;1;0;0;;;;;
261719;7;4;2015;11:12;0;RUA RAIMUNDO FROTA;;;;;Colisão;Luz do Dia;;;Meio de Quadra;;;0;2;0;0;0;0;0;0;0;1;0;0;;;;;
261720;7;4;2015;12:15;0;AV 13 DE MAIO;;;;;Colisão;Luz do Dia;;;Meio de Quadra;;;0;1;1;1;0;0;0;0;0;1;0;0;-38,530677;-3,748174;;;
261721;7;4;2015;13:50;17871;RUA HERLITO FREIRE;AV SAUDADE D68;;;;Colisão;Luz do Dia;;;;;;0;1;1;1;0;0;0;0;0;1;0;0;-38,537478;-3,818644;;;
261722;7;4;2015;16:07;21850;RUA EMILIA GONCALVES;RUA GAL ALIPIO DOS SANTOS;;;;Colisão;Luz do Dia;;;Cruz;Pare;Residencial;0;2;0;0;0;0;0;0;0;1;0;0;-38,593202;-3,731997;;;
261723;7;4;2015;16:08;0;RUA ELVIRA PINHO;;;220;;Colisão;Luz do Dia;;;Meio de Quadra;;;0;2;0;1;0;0;0;0;0;1;0;0;-38,557042;-3,766457;;;
261724;7;4;2015;18:03;0;RUA URUCUTUBA;;;;;Queda;Anoitecer;;;Meio de Quadra;;;0;1;0;0;0;0;0;0;0;1;0;0;-38,616642;-3,798775;;;
261725;7;4;2015;19:15;0;RUA BERNARDO MANUEL;;;;;Queda;;;;Meio de Quadra;;;0;1;0;0;0;0;0;0;0;1;0;0;-38,553151;-3,804512;;;
261726;7;4;2015;21:53;8000;AV JOAO PESSOA;RUA DELMIRO FARIAS;;;;Colisão;;;;Cruz;Pare;Comercial;0;1;1;0;0;0;0;0;0;0;0;0;-38,547538;-3,750275;;;
261711;7;4;2015;04:19;0;AV JOSE BASTOS;;;;;Atropelamento;;;;Meio de Quadra;;;0;2;0;0;0;0;0;0;0;1;0;0;-38,562297;-3,757774;;;
261712;7;4;2015;06:20;0;AV CARNEIRO DE MENDONCA;;;;;Colisão;Luz do Dia;;;Meio de Quadra;;;0;1;1;1;0;0;0;0;0;1;0;0;-38,568322;-3,763261;;;
261714;7;4;2015;07:18;0;AV PERIMETRAL;;;;;Colisão;Luz do Dia;;;Meio de Quadra;;;0;1;1;1;0;0;0;0;0;1;0;0;;;;;
266261;7;4;2015;11:01;0;RUA AGAMENON;;;776;;Colisão;Luz do Dia;;;Meio de Quadra;;;0;0;2;0;0;0;0;0;0;0;0;0;-38,587700;-3,790939;;;
266262;7;4;2015;11:08;0;RUA PDE PEDRO DE ALENCAR;;;401;;Colisão;Luz do Dia;;;Meio de Quadra;;;0;0;2;0;0;0;0;0;0;0;0;0;-38,493965;-3,831302;;;
266263;7;4;2015;11:10;0;RUA ERETIDES ALENCAR;;;113;;Colisão;Luz do Dia;;;Meio de Quadra;;;0;0;2;0;0;0;0;0;0;0;0;0;;;;;
266264;7;4;2015;11:27;10999;RUA 15 DE NOVEMBRO;RUA ALBERTO MAGNO;;;;Colisão;Luz do Dia;;;Cruz;Pare;Residencial;0;0;2;0;0;0;0;0;0;0;0;0;-38,553169;-3,769909;;;
266265;7;4;2015;15:14;0;AV ALM HENRIQUE SABOIA;;;2364;;Choque c/ Obstáculo Fixo;Luz do Dia;;;Meio de Quadra;;;0;0;2;0;0;0;0;0;0;0;0;0;-38,482196;-3,731330;;;
266266;7;4;2015;17:03;9549;RUA SGT JOAO PINHEIRO;RUA MATEUS LEMOS;;;;Atropelamento de Animal;Anoitecer;;;Cruz;Não Há Controle;Residencial;0;0;1;0;0;0;0;0;0;0;0;0;-38,621919;-3,779671;;;
266267;7;4;2015;19:59;0;RUA ESIO LIMA VERDE;;;84;;Atropelamento;;;;Meio de Quadra;;;0;0;2;0;0;0;0;0;0;0;0;0;-38,471969;-3,773615;;;
266268;7;4;2015;21:16;0;AV PERIMETRAL;;;;;Colisão;;;;Meio de Quadra;;;0;0;2;0;0;0;0;0;0;0;0;0;;;;;
266269;7;4;2015;22:03;0;AV PRS CASTELO BRANCO;;;5754;;Colisão;;;;Meio de Quadra;;;0;0;2;0;0;0;0;0;0;0;0;0;-38,582169;-3,702676;;;
250191;7;4;2015;07:50;3929;RUA SEN POMPEU;RUA ANTONIO POMPEU;;;;Colisão Lateral;Luz do Dia;Bom;Seca;Cruz;Semáforo;Misto;0;1;1;1;0;0;0;0;0;1;0;0;-38,531891;-3,734439;;;
250192;7;4;2015;15:00;5437;RUA FLORIANO PEIXOTO;RUA METON DE ALENCAR;;;;Colisão Transversal;Luz do Dia;Bom;Seca;Cruz;Pare;Comercial;0;0;2;1;0;0;0;0;0;0;0;0;-38,529358;-3,734071;;;
250212;7;4;2015;09:00;15283;RUA PEREIRA FILGUEIRAS;RUA BAR ARACATI;;;;Colisão Transversal;Luz do Dia;Bom;Seca;Cruz;Pare;Comercial;0;0;2;1;0;0;0;0;0;1;0;0;-38,510707;-3,729076;;;
250213;7;4;2015;10:00;7775;AV ANTONIO SALES;AV BAR STUDART;;;;Colisão Traseira;Luz do Dia;Bom;Seca;Cruz;Semáforo;Comercial;0;0;3;1;0;0;0;0;0;0;0;0;-38,509378;-3,743288;;;
250204;7;4;2015;18:00;12835;AV DOMINGOS OLIMPIO;RUA SOLON PINHEIRO;;;;Colisão Lateral;Via Iluminada;Bom;Seca;Cruz;Semáforo Intermitente;Misto;0;0;2;0;1;0;1;0;0;0;0;0;-38,528650;-3,737409;;;
250202;7;4;2015;12:20;7990;RUA CARLOS CAMARA;RUA JOAO SORONGO;;;;Colisão Transversal;Luz do Dia;Bom;Seca;Cruz;Pare;Residencial;0;1;1;1;0;0;0;0;0;1;0;0;-38,545224;-3,749406;;;
250194;7;4;2015;08:00;8057;AV JOAO PESSOA;RUA ANTONIO MARTINS;;;;Colisão Transversal;;Bom;Seca;T;Pare;Misto;0;2;0;1;0;0;0;0;0;1;0;0;-38,552153;-3,755443;;;
250195;7;4;2015;19:00;10194;RUA EMILIO DE MENESES;RUA ITAJAI;;;;Colisão Transversal;Via Iluminada;Bom;Seca;T;Pare;Residencial;0;1;1;1;0;0;0;0;0;1;0;0;-38,594656;-3,779711;;;
250196;7;4;2015;21:30;23804;AV GAL OSORIO DE PAIVA;RUA RAIMUNDO NERY;;;;Colisão Traseira;;Bom;Seca;Cruz;Semáforo Intermitente;Comercial;0;1;1;1;0;0;0;0;0;1;0;0;-38,588065;-3,790306;;;
250197;7;4;2015;11:30;22886;RUA BERNARDO MANUEL;RUA INACIO PARENTE;;;;Colisão Transversal;Luz do Dia;Bom;Seca;Cruz;Semáforo;Comercial;0;0;2;1;0;0;0;0;0;0;0;0;-38,546074;-3,781268;;;
250198;7;4;2015;19:30;12501;AV JOSE BASTOS;RUA DIAMANTINA;;;;Colisão Lateral;Via Iluminada;Bom;Seca;T;Pare;Comercial;0;0;2;1;0;0;0;0;0;0;0;0;-38,567402;-3,764978;;;
250199;7;4;2015;08:00;0;AV JOR THOMAZ COELHO;;;2000;;Colisão Lateral;Luz do Dia;Bom;Seca;Meio de Quadra;Não Há Controle;Comercial;0;1;1;1;0;0;0;0;0;1;0;0;-38,513181;-3,828564;;;
257862;7;4;2015;11:30;0;RUA CARLOS VASCONCELOS;;;876;;Colisão;Luz do Dia;;;Meio de Quadra;;;0;1;1;1;0;0;0;0;0;0;0;0;;;;;
257864;7;4;2015;17:40;0;AV AGUANAMBI;;;1637;CIA PAULISTA;Colisão;Anoitecer;;;Meio de Quadra;;;0;1;0;1;0;0;0;0;0;1;0;0;-38,523538;-3,751120;;;
257866;8;4;2015;01:50;10527;RUA CEL JUSTINO F RAMOS;RUA JOSE BELCHIOR;;;;Outros;;;;;;;0;1;0;0;0;0;0;0;0;0;0;0;-38,475095;-3,829962;;;
257869;8;4;2015;07:26;0;AV WASHINGTON SOARES;;;;;Atropelamento;Luz do Dia;;Seca;Meio de Quadra;;;0;1;1;1;0;0;0;0;0;0;0;0;;;;;
257871;8;4;2015;07:40;0;RD CE-040;;;;KM-02;Atropelamento;Luz do Dia;Bom;Seca;Meio de Quadra;;;0;1;1;1;0;0;0;0;0;0;0;0;-38,481598;-3,776479;;;
257872;8;4;2015;14:20;19328;RUA CON DE CASTRO;RUA EDUARDO PERDIGAO;;;;Colisão;Luz do Dia;;;Cruz;Não Há Controle;Comercial;0;1;0;1;0;0;0;0;0;0;0;0;-38,564769;-3,775579;;;
257874;8;4;2015;20:52;19130;RUA LAURO NOGUEIRA;RUA DES WALDETARIO P MOTA;;;;Colisão;;;;Cruz;Pare;Residencial;0;2;0;1;0;0;0;0;0;0;0;0;-38,481940;-3,738921;;;
258374;8;4;2015;19:18;0;AV PRS CASTELO BRANCO;;;2719;;Atropelamento;Anoitecer;;;Meio de Quadra;;;2;0;0;0;0;0;0;0;0;1;0;0;-38,552105;-3,712672;;;
266270;8;4;2015;10:40;0;AV GAL OSORIO DE PAIVA;;;3101;;Colisão;Luz do Dia;;;Meio de Quadra;;;0;0;2;0;0;0;0;0;0;0;0;0;-38,587423;-3,789656;;;
266271;8;4;2015;14:22;0;RUA LUIZ FCO XAVIER;;;550;;Capotamento;Luz do Dia;;;Meio de Quadra;;;0;0;1;0;0;0;0;0;0;0;0;0;;;;;
266272;8;4;2015;16:13;0;RUA FRANCISCO LORDA;;;167;;Colisão;Luz do Dia;;;Meio de Quadra;;;0;0;2;0;0;0;0;0;0;0;0;0;-38,530770;-3,762254;;;
266274;8;4;2015;16:15;0;RUA MON FURTADO;;;2288;;Colisão;Luz do Dia;;;Meio de Quadra;;;0;0;2;0;0;0;0;0;0;0;0;0;-38,557609;-3,755670;;;
266282;8;4;2015;19:45;0;VL JOAO XXIII;;;4266;;Atropelamento;;;;Meio de Quadra;;;0;0;2;0;0;0;0;0;0;0;0;0;;;;;
266283;8;4;2015;22:06;12745;RUA JULIO CESAR D12;RUA ANA NERY;;;;Colisão;;;;Cruz;Pare;Misto;0;0;2;0;0;0;0;0;0;0;0;0;-38,544349;-3,751712;;;
266285;8;4;2015;22:39;6721;RUA BENTO ALBUQUERQUE;AV ENG SANTANA JUNIOR;;;;Colisão;;;;Cruz;Semáforo;Misto;0;0;2;0;0;0;0;0;0;0;0;0;-38,486538;-3,742678;;;
266276;8;4;2015;16:17;8950;AV BEZERRA DE MENEZES;RUA RUBIA SAMPAIO;;;;Colisão;Luz do Dia;;;T;Pare;Comercial;0;0;2;0;0;0;0;0;0;0;0;0;-38,540176;-3,730585;;;
266280;8;4;2015;19:21;13345;AV H CJ JOSE WALTER;AV J CJ JOSE WALTER;;;;Colisão;;;;T;Pare;Residencial;0;0;2;0;0;0;0;0;0;0;0;0;-38,558743;-3,841244;;;
261747;8;4;2015;07:41;0;AV JOSE BASTOS;;;;;Colisão;Luz do Dia;;;Meio de Quadra;;;0;1;1;1;0;0;0;0;0;1;0;0;-38,554835;-3,754377;;;
261734;8;4;2015;00:24;0;AV GAL OSORIO DE PAIVA;;;;;Colisão;;;;Meio de Quadra;;;0;1;1;1;0;0;0;0;0;1;0;0;-38,580030;-3,784199;;;
261735;8;4;2015;06:51;0;RUA FAUSTO CABRAL;;;;;Colisão;Luz do Dia;;;Meio de Quadra;;;0;1;1;1;0;1;0;0;0;0;0;0;-38,469765;-3,735519;;;
261751;8;4;2015;09:55;17601;RUA PIAUI;RUA RIO GRANDE DO SUL;;;;Colisão;Luz do Dia;;;Cruz;Pare;;0;1;1;1;0;0;0;0;0;1;0;0;-38,566439;-3,756880;;;
261752;8;4;2015;11:06;0;AV ENG HUMBERTO MONTE;;;;;Colisão;Luz do Dia;;;Meio de Quadra;;;0;1;1;1;0;0;0;0;0;1;0;0;;;;;
261753;8;4;2015;11:31;0;RD BR 116;;;12000;KM-12;Colisão;Luz do Dia;;;Meio de Quadra;;;0;1;1;1;0;0;0;0;0;1;0;0;-38,496066;-3,855740;;;
261754;8;4;2015;14:55;0;AV LAURO VIEIRA CHAVES;;;;;Colisão;Luz do Dia;;;Meio de Quadra;;;0;2;0;0;0;0;0;0;0;1;0;0;;;;;
261755;8;4;2015;15:47;0;AV DA UNIVERSIDADE;;;;;Atropelamento;Luz do Dia;;;Meio de Quadra;;;0;2;0;0;0;0;0;0;0;1;0;0;-38,536762;-3,738378;;;
261756;8;4;2015;18:17;487;RUA PRO VIRGILIO DE MORAIS;RUA GOIANIA;;;;Colisão;Anoitecer;;;;;;0;0;2;0;0;0;0;0;0;0;0;0;-38,597175;-3,758914;;;
261759;8;4;2015;19:28;0;AV WASHINGTON SOARES;;;;;Atropelamento;;;;Meio de Quadra;;;0;1;1;1;0;0;0;0;0;0;0;0;;;;;
261765;8;4;2015;22:31;0;AV ENG SANTANA JUNIOR;AV PDE ANTONIO TOMAS;;;;Atropelamento;;;;;;;0;1;1;0;1;0;0;0;0;0;0;0;-38,486614;-3,742741;;;
258834;8;4;2015;13:50;0;RD BR 116;;;3000;KM-03;Atropelamento;Luz do Dia;Bom;Seca;Meio de Quadra;Não Há Controle;Comercial;0;1;1;0;0;0;1;0;0;0;0;0;-38,514372;-3,779838;;;
259099;8;4;2015;15:15;0;AV MIN JOSE AMERICO;;;;;Colisão;Luz do Dia;Bom;Seca;Meio de Quadra;;;0;0;2;1;0;0;0;0;0;1;0;0;;;;;