COD_ACIDENTE;DIA;MES;ANO;HORA;INTERSECAO;LOG1;LOG2;LOG3;NUMERO;REFERENCIA;NATUREZA;ILUMINACAO;TEMPO;SUPERFICIEPISTA;TIPOCRUZAMENTO;CONTROLETRAFEGO;USOSOLO;MORTOS;FERIDOS;ILESOS;AUTOMOVEL;ONIBUS;BICICLETA;CAMINHAO;MICROONIBUS;CICLOMOTOR;MOTOCICLETA;TRACAOANIMAL;TREM;LONG;LAT;;;
250256;8;4;2015;07:15;0;RUA FAUSTO CABRAL;;;763;;Colisão Traseira;Luz do Dia;Bom;Seca;Meio de Quadra;Semáforo;Residencial;0;0;2;1;0;0;0;0;0;0;0;0;-38,475161;-3,734035;;;
250258;8;4;2015;15:00;1666;AV BORGES DE MELO;RUA CAP VASCONCELOS D46;;;;Colisão Lateral;Luz do Dia;Bom;Seca;Y;Pare;Comercial;0;0;2;0;0;0;1;0;0;0;0;0;-38,517782;-3,761585;;;
250262;8;4;2015;10:50;0;AV PRS CASTELO BRANCO;;;2431;;Engavetamento;Luz do Dia;Bom;Seca;Meio de Quadra;Não Há Controle;Comercial;0;0;4;1;0;0;0;0;0;0;0;0;-38,549663;-3,713391;;;
250266;8;4;2015;13:20;7674;AV JOSE BASTOS;RUA RIO GRANDE DO NORTE;;;;Colisão Frontal;Luz do Dia;Bom;Seca;Cruz;Semáforo;Comercial;0;1;1;0;0;0;0;0;1;1;0;0;-38,564477;-3,760562;;;
250268;8;4;2015;13:00;0;RUA EDUARDO MOTA;;;75;;Colisão Transversal;Luz do Dia;Bom;Seca;Meio de Quadra;Não Há Controle;Residencial;0;0;2;1;0;0;0;0;0;0;0;0;-38,540356;-3,787022;;;
250229;8;4;2015;21:40;0;AV DEP PAULINO ROCHA;;;1100;;Colisão Traseira;Via Iluminada;Bom;Seca;Meio de Quadra;Não Há Controle;Misto;0;0;2;1;1;0;0;0;0;0;0;0;;;;;
250231;8;4;2015;10:00;3819;AV CARAPINIMA;RUA JUVENAL GALENO;;;;Colisão Frontal;Luz do Dia;Bom;Seca;Cruz;Semáforo;Comercial;0;0;2;0;0;0;0;0;0;1;0;0;-38,539176;-3,738998;;;
250320;8;4;2015;15:00;0;RUA POCINHO;;;214;;Colisão;Luz do Dia;Bom;Seca;Meio de Quadra;Não Há Controle;Comercial;0;1;3;0;1;0;0;0;0;1;0;0;-38,523795;-3,727957;;;
250333;8;4;2015;15:00;7760;AV ANTONIO SALES;RUA SILVA PAULET;;;;Colisão Transversal;Luz do Dia;Bom;Seca;Cruz;Pare;Comercial;0;0;2;1;0;0;0;0;0;0;0;0;-38,508383;-3,743595;;;
250335;8;4;2015;17:40;13749;RUA MON CARNEIRO DA CUNHA;RUA TEODORO DE PAIVA;;;;;Via Iluminada;Bom;Seca;Cruz;Pare;Residencial;0;0;2;1;0;0;0;0;0;1;0;0;-38,495784;-3,774193;;;
250336;8;4;2015;06:50;25063;AV DOS EXPEDICIONARIOS;RUA ARMANDO MONTEIRO;;;;Colisão Transversal;Luz do Dia;Nublado;Seca;Cruz;Pare;Misto;0;0;2;1;0;0;0;0;0;0;0;0;-38,540372;-3,762230;;;
250323;8;4;2015;14:30;11863;RUA COM LUIS RIBEIRO;RUA JOAQUIM LINO;;;;Colisão Transversal;Luz do Dia;Bom;Seca;Cruz;Pare;Misto;0;0;2;1;0;0;0;0;0;0;0;0;-38,549113;-3,721851;;;
250324;8;4;2015;12:15;7774;AV ANTONIO SALES;RUA JOAQUIM NABUCO;;;;Colisão Lateral;;Bom;Seca;Cruz;;Comercial;0;0;2;1;0;0;0;0;0;1;0;0;-38,504371;-3,744832;;;
250325;8;4;2015;13:00;19469;AV AUGUSTO DOS ANJOS;AV GAL OSORIO DE PAIVA;;;;Colisão Lateral;Luz do Dia;Bom;Seca;Outros;Pare;Misto;0;0;2;1;0;0;0;0;0;1;0;0;-38,584939;-3,787349;;;
250326;8;4;2015;07:30;11057;AV DR SILAS MUNGUBA;AV DOS EXPEDICIONARIOS;;;;Colisão Lateral;Luz do Dia;Bom;Seca;Cruz;Semáforo;Misto;0;1;1;1;0;0;0;0;0;1;0;0;-38,547960;-3,787538;;;
250327;8;4;2015;15:20;11069;RUA EQUADOR;RUA SUECIA;;;;Colisão Frontal;Luz do Dia;Bom;Seca;Cruz;Pare;Residencial;0;0;2;0;0;0;0;0;0;0;0;0;-38,557111;-3,784449;;;
250328;8;4;2015;19:00;0;RUA ILDEFONSO ALBANO;;;1445;;Colisão Traseira;Via Iluminada;Bom;Seca;Meio de Quadra;Não Há Controle;Comercial;0;0;2;1;0;0;0;0;0;0;0;0;-38,513291;-3,733531;;;
250329;8;4;2015;19:04;0;AV PERIMETRAL;;;;VIADUTO ANTONIO BEZERRA;Colisão Lateral;Via Iluminada;Nublado;Molhada;Outros;Outros;Residencial;0;0;2;1;0;0;0;0;0;0;0;0;;;;;
250330;8;4;2015;19:17;0;RUA DES WALDETARIO P MOTA;;;862;;Atropelamento;Via Iluminada;Bom;Seca;Meio de Quadra;Não Há Controle;Misto;0;1;1;1;0;0;0;0;0;0;0;0;-38,480568;-3,736759;;;
250331;8;4;2015;20:30;12833;AV EDUARDO GIRAO;RUA DAMASCENO GIRAO;;;;Colisão Traseira;Via Iluminada;Bom;Seca;Cruz;Semáforo;Comercial;0;0;2;1;0;0;0;0;0;0;0;0;-38,539292;-3,749257;;;
250315;8;4;2015;15:45;9148;RUA DOM SEBASTIAO LEME;RUA GUILHERME MOREIRA;;;;Colisão Lateral;Luz do Dia;Bom;Seca;Cruz;Pare;Residencial;0;0;2;1;0;0;0;0;0;0;0;0;-38,525590;-3,750073;;;
250278;8;4;2015;10:00;0;AV BEZERRA DE MENEZES;;;2015;;Colisão Lateral;Luz do Dia;Bom;Seca;Meio de Quadra;Semáforo;Comercial;0;1;1;1;0;0;0;0;0;1;0;0;-38,562498;-3,735256;;;
250270;8;4;2015;06:51;0;AV CEL CARVALHO;;;352;;Colisão Lateral;Luz do Dia;Bom;Seca;Meio de Quadra;Semáforo;Comercial;0;1;1;1;0;0;1;0;0;0;0;0;-38,590872;-3,706083;;;
250272;8;4;2015;09:00;735;AV DR THEBERGE;AV TEN LISBOA;;;;Colisão Lateral;Luz do Dia;Bom;Seca;Com Via Férrea;Cancela;Comercial;0;0;2;1;0;0;1;0;0;0;0;0;-38,566942;-3,720711;;;
250274;8;4;2015;12:30;5436;RUA JAIME BENEVOLO;RUA GAL CLARINDO DE QUEIROZ;;;;Colisão Lateral;Luz do Dia;Bom;Seca;Cruz;Pare;Comercial;0;1;1;1;0;0;0;0;0;1;0;0;-38,526017;-3,734060;;;
250276;8;4;2015;17:15;25231;AV PRS COSTA E SILVA;AV I CJ JOSE WALTER;;;;Colisão Traseira;Luz do Dia;Bom;Seca;T;Não Há Controle;Residencial;0;0;2;1;0;0;0;0;0;0;0;0;-38,550232;-3,823494;;;
250338;8;4;2015;08:17;17315;RUA DES PRAXEDES;RUA PDE JOAO PIAMARTA;;;;Colisão Transversal;Luz do Dia;Bom;Seca;Y;Pare;Misto;0;1;1;0;1;0;0;0;0;0;0;0;-38,543546;-3,762866;;;
250340;8;4;2015;09:25;25419;AV ALM HENRIQUE SABOIA;RUA JULIO ABREU;;;;Colisão Traseira;Luz do Dia;Bom;Seca;Cruz;Semáforo;Comercial;0;0;2;1;0;0;0;0;0;0;0;0;-38,485245;-3,736144;;;
250318;8;4;2015;17:40;5109;AV ALBERTO NEPOMUCENO;RUA DR JOAO MOREIRA;;;;Colisão Lateral;Anoitecer;Bom;Seca;T;Semáforo;Comercial;0;0;2;1;0;0;0;0;0;0;0;0;-38,524608;-3,723737;;;
250310;9;4;2015;23:33;25123;AV OLIVEIRA PAIVA;RUA BOTELHO MAGALHAES;;;;Choque c/ Obstáculo Fixo;Via Iluminada;Bom;Seca;T;Pare;Comercial;0;1;0;1;0;0;0;0;0;0;0;0;-38,491147;-3,795846;;;
250232;9;4;2015;22:50;0;AV BEZERRA DE MENEZES;;;2400;;Colisão Traseira;Via Iluminada;Bom;Seca;Meio de Quadra;Não Há Controle;Comercial;0;0;2;1;1;0;0;0;0;0;0;0;-38,566166;-3,736030;;;
250233;9;4;2015;08:00;5455;RUA ANTONIO POMPEU;RUA FLORIANO PEIXOTO;;;;Colisão Transversal;Luz do Dia;Chuva;Molhada;Cruz;Pare;Comercial;0;1;1;1;1;0;0;0;0;0;0;0;-38,529685;-3,735086;;;
250234;9;4;2015;15:20;24298;RUA TAVARES COUTINHO;RUA 8 DE SETEMBRO;;;;Colisão Transversal;Luz do Dia;Bom;Seca;Cruz;Pare;Residencial;0;0;2;1;0;0;0;0;0;0;0;0;-38,487134;-3,732610;;;
250235;9;4;2015;13:20;11011;RUA GALILEU;RUA EQUADOR;;;;Colisão Transversal;Luz do Dia;Bom;Seca;Cruz;Pare;Comercial;0;0;2;1;0;0;0;0;0;0;0;0;-38,553113;-3,776242;;;
250236;9;4;2015;07:44;0;RUA METON DE ALENCAR;;;357;;Colisão Lateral;;Bom;Seca;Meio de Quadra;Não Há Controle;Comercial;0;0;2;1;0;0;0;0;0;0;0;0;-38,527233;-3,734774;;;
250237;9;4;2015;10:00;5185;RUA TEREZA CRISTINA;RUA LIBERATO BARROSO;;;;Colisão Transversal;Luz do Dia;Nublado;Seca;Cruz;Pare;Comercial;0;2;0;1;0;0;0;0;0;1;0;0;-38,536404;-3,725833;;;
250238;9;4;2015;14:00;0;RUA MARCOS MACEDO;;;1200;;Colisão Lateral;Luz do Dia;Nublado;Seca;Meio de Quadra;Não Há Controle;Misto;0;0;2;1;0;0;0;0;0;0;0;0;-38,492766;-3,735869;;;
250239;9;4;2015;15:40;12880;RUA SOUSA GIRAO;RUA MES ROSA;;;;Colisão Transversal;Luz do Dia;Bom;Seca;Cruz;Pare;Residencial;0;1;1;1;0;0;0;0;0;1;0;0;-38,525184;-3,741568;;;
250230;9;4;2015;15:00;0;RUA ALMEIDA REGO;;;;;Colisão Transversal;Luz do Dia;Bom;Seca;;;;0;1;1;1;0;0;0;0;0;0;0;0;;;;;
250241;9;4;2015;14:45;0;AV 13 DE MAIO;;;;;Colisão Traseira;Luz do Dia;Bom;Seca;Meio de Quadra;Não Há Controle;Comercial;0;0;2;1;0;0;0;0;0;0;0;0;;;;;
250242;9;4;2015;14:15;0;AV JOSE BASTOS;;;305;;Colisão Lateral;;Nublado;Seca;Outros;Pare;Comercial;0;0;2;1;0;0;0;0;0;0;0;0;;;;;
250243;9;4;2015;18:30;0;AV FRANCISCO SA;;;2743;;Colisão Lateral;Via Iluminada;Bom;Seca;Meio de Quadra;Semáforo;Comercial;0;0;2;1;0;0;1;0;0;0;0;0;-38,549965;-3,719850;;;
250244;9;4;2015;11:23;7831;RUA CEL ALVES TEIXEIRA;RUA NUNES VALENTE;;;;Colisão Transversal;Luz do Dia;Bom;Seca;Cruz;Pare;Comercial;0;2;0;1;0;0;0;0;0;1;0;0;-38,507146;-3,746860;;;
250245;9;4;2015;06:10;0;AV LUCIANO CARNEIRO;;;;;Colisão Traseira;Luz do Dia;Chuva;Seca;Meio de Quadra;Não Há Controle;Misto;0;1;1;1;1;0;0;0;0;0;0;0;;;;;
250246;9;4;2015;09:40;0;RUA NOGUEIRA ACIOLI;;;200;;Colisão Lateral;Luz do Dia;Nublado;Seca;Meio de Quadra;Não Há Controle;Comercial;0;0;2;1;0;0;0;0;0;0;0;0;-38,515563;-3,725779;;;
250247;9;4;2015;17:15;7818;RUA TIBURCIO CAVALCANTE;RUA FRANCISCO HOLANDA;;;;Colisão Frontal;Via Iluminada;Bom;Seca;Cruz;Pare;Residencial;0;0;2;1;0;0;0;0;0;0;0;0;-38,506474;-3,748090;;;
250248;9;4;2015;06:20;1576;RUA CEL JUCA;AV PDE ANTONIO TOMAS;;;;Colisão Transversal;;Nublado;Molhada;Cruz;Semáforo;Misto;0;1;1;1;1;0;0;0;0;0;0;0;-38,492803;-3,742392;;;
250249;9;4;2015;14:25;0;RUA PDE PEDRO DE ALENCAR;;;710;;Colisão Lateral;Luz do Dia;Nublado;Seca;Meio de Quadra;Dê Preferência;Comercial;0;1;1;1;0;0;1;0;0;0;0;0;-38,494089;-3,834082;;;
250250;9;4;2015;06:45;0;AV GAL OSORIO DE PAIVA;;;426;;Colisão Lateral;Luz do Dia;Bom;Seca;Meio de Quadra;;Residencial;0;0;2;1;0;0;0;0;0;1;0;0;-38,567114;-3,776025;;;
250251;9;4;2015;06:50;19252;AV JOAO PESSOA;RUA LIVINO DE CARVALHO;;;;Colisão Transversal;Luz do Dia;Bom;Seca;T;Pare;Misto;0;1;1;1;0;0;0;0;0;1;0;0;-38,561062;-3,770275;;;
250252;9;4;2015;18:30;0;RUA ALBERTO MAGNO;;;1001;;Colisão Transversal;Via Iluminada;Chuva;Seca;Meio de Quadra;Não Há Controle;Comercial;0;0;2;1;0;0;0;0;0;0;0;0;-38,548545;-3,763256;;;
250253;9;4;2015;12:15;10780;AV SEN FERNANDES TAVORA;RUA PDE SA LEITAO;;;;Colisão Traseira;Luz do Dia;Nublado;Seca;Cruz;Pare;Misto;0;0;2;1;0;0;0;0;0;0;0;0;-38,581677;-3,762452;;;
250254;9;4;2015;14:30;9034;AV AGUANAMBI;RUA CEL SOLON;;;;Colisão Transversal;Luz do Dia;Nublado;Seca;Cruz;Semáforo;Residencial;0;1;1;1;0;0;0;0;0;1;0;0;-38,525818;-3,742854;;;
250255;9;4;2015;18:30;0;RUA VITAL BRASIL;;;1360;;Colisão Lateral;Via Iluminada;Nublado;Molhada;Meio de Quadra;Outros;Residencial;0;1;1;1;0;0;0;0;0;1;0;0;-38,593167;-3,779378;;;
250263;9;4;2015;07:05;12842;RUA JAIME BENEVOLO;RUA CARLOS GOMES;;;;Colisão Transversal;Luz do Dia;Nublado;Seca;Cruz;Pare;Residencial;0;1;1;1;0;0;0;0;0;1;0;0;-38,528298;-3,740955;;;
250264;9;4;2015;15:00;0;AV GODOFREDO MACIEL;;;538;;Colisão Traseira;Luz do Dia;Bom;Seca;Meio de Quadra;Não Há Controle;Comercial;0;1;1;1;0;0;0;0;0;1;0;0;-38,565158;-3,781007;;;
250259;9;4;2015;01:30;2544;AV CEL CARVALHO;AV TREZE ROCHDALE;;;;Colisão Transversal;Via Iluminada;Bom;Seca;Cruz;;Comercial;0;1;2;1;1;0;0;1;0;0;0;0;-38,589633;-3,710718;;;
250260;9;4;2015;13:20;0;AV PRS COSTA E SILVA;;;449;;Colisão Lateral;Luz do Dia;Nublado;Seca;Meio de Quadra;;Comercial;0;0;2;1;1;0;0;0;0;0;0;0;;;;;
250261;9;4;2015;09:40;0;AV LUCIANO CARNEIRO;;;1991;;Colisão Traseira;Luz do Dia;;Seca;Meio de Quadra;;;0;0;2;1;0;0;0;1;0;0;0;0;-38,536703;-3,765012;;;
250257;9;4;2015;18:50;347;RUA PRO COSTA MENDES;RUA FRANCISCA CLOTILDE;;;;Colisão Lateral;Via Iluminada;Nublado;Molhada;Cruz;Pare;Comercial;0;0;2;1;0;0;1;0;0;0;0;0;-38,556137;-3,746335;;;
260401;9;4;2015;19:00;23407;RUA CAP TIBURCIO DA FROTA;RUA BARROS LEAL;;;;Colisão;;;;Cruz;Pare;Residencial;0;0;2;1;0;0;1;0;0;0;0;0;;;;;
259109;9;4;2015;13:50;0;RD CE-040;;;;KM-02;Colisão;Luz do Dia;;Seca;Meio de Quadra;;;0;0;3;1;0;0;0;0;0;0;0;0;-38,481598;-3,776479;;;
259104;9;4;2015;07:25;0;RD CE-040;;;;KM-13;Atropelamento;Luz do Dia;;Seca;Meio de Quadra;;;1;0;1;1;0;0;0;0;0;0;0;0;-38,472314;-3,857083;;;
259124;9;4;2015;23:30;0;RD CE-025;;;;KM-04;Choque c/ Obstáculo Fixo;;Bom;Seca;Meio de Quadra;;;0;0;1;0;0;0;0;0;0;0;0;0;-38,443065;-3,805249;;;
261771;9;4;2015;06:03;5051;RUA SEN POMPEU;RUA SEN JAGUARIBE;;;;Colisão;Luz do Dia;;;Cruz;Pare;Comercial;0;1;1;0;0;0;0;0;0;0;0;0;-38,528055;-3,721667;;;
261772;9;4;2015;06:45;0;RUA BERNARDO MANUEL;;;;;Colisão;Luz do Dia;;;Meio de Quadra;;;0;0;2;0;0;0;0;0;0;0;0;0;;;;;
261773;9;4;2015;07:15;0;RUA SEN ROBERT KENNEDY;;;;;Colisão;Luz do Dia;;;Meio de Quadra;;;0;0;2;0;0;0;0;0;0;0;0;0;;;;;
261774;9;4;2015;08:29;0;AV GODOFREDO MACIEL;;;;;Colisão;Luz do Dia;;;Meio de Quadra;;;0;1;1;0;0;0;1;0;0;1;0;0;-38,566802;-3,787047;;;
261775;9;4;2015;09:52;0;AV ENG SANTANA JUNIOR;;;;;Queda;Luz do Dia;;;Meio de Quadra;;;0;1;0;0;0;1;0;0;0;0;0;0;;;;;
261776;9;4;2015;10:15;0;AV IMPERADOR;;;;;Colisão;Luz do Dia;;;Meio de Quadra;;;0;1;1;1;0;0;0;0;0;1;0;0;-38,536201;-3,733124;;;
261785;9;4;2015;11:37;0;AV SEN FERNANDES TAVORA;;;;;Colisão;Luz do Dia;;;Meio de Quadra;;;0;1;1;1;0;0;0;0;0;1;0;0;-38,586746;-3,759736;;;
261786;9;4;2015;17:49;24939;AV BEZERRA DE MENEZES;RUA CEL MOZART GONDIM;;;;Queda;Anoitecer;;;Cruz;Semáforo;Comercial;0;1;0;0;0;1;0;0;0;0;0;0;-38,558651;-3,734449;;;
261787;9;4;2015;18:20;0;AV SEN FERNANDES TAVORA;;;;;Colisão;Anoitecer;;;Meio de Quadra;;;0;2;1;1;0;0;0;0;0;1;0;0;;;;;
261788;9;4;2015;18:29;0;AV ENG HUMBERTO MONTE;;;;;Colisão;Anoitecer;;;Meio de Quadra;;;0;1;1;1;0;0;0;0;0;1;0;0;-38,557884;-3,752331;;;
261789;9;4;2015;18:46;0;RUA VITOR MEIRELES;;;;;Atropelamento;;;;Meio de Quadra;;;0;2;0;0;0;0;0;0;0;1;0;0;;;;;
261790;9;4;2015;19:12;0;AV SGT HERMINIO SAMPAIO;;;1769;;Queda;;;;Meio de Quadra;;;0;1;0;0;0;0;0;0;0;1;0;0;-38,556523;-3,725640;;;
261791;9;4;2015;19:41;0;RUA EDUARDO BEZERRA;;;;;Queda;;;;Meio de Quadra;;;0;1;0;0;0;0;0;0;0;1;0;0;;;;;
261769;9;4;2015;04:41;0;AV WASHINGTON SOARES;;;;;Queda;;;;Meio de Quadra;;;0;1;0;0;0;0;0;0;0;1;0;0;-38,481263;-3,822358;;;
261783;9;4;2015;10:27;8025;AV JOAO PESSOA;RUA PRO COSTA MENDES;;;;Queda;Luz do Dia;;;Cruz;Semáforo;;0;1;0;0;0;0;0;0;0;1;0;0;-38,549441;-3,752393;;;
266293;9;4;2015;07:23;0;AV SEN FERNANDES TAVORA;;;2499;;Colisão;Luz do Dia;;;Meio de Quadra;;;0;0;2;0;0;0;0;0;0;0;0;0;-38,595372;-3,755666;;;
266297;9;4;2015;10:42;0;AV N CJ JOSE WALTER;;;1092;;Colisão;Luz do Dia;;;Meio de Quadra;;;0;0;2;0;0;0;0;0;0;0;0;0;;;;;
266300;9;4;2015;11:06;25210;RUA FRE MANSUETO;AV BEIRA MAR;;;;Colisão;Luz do Dia;;;T;Pare;Residencial;0;0;2;0;0;0;0;0;0;0;0;0;-38,489755;-3,724071;;;
266302;9;4;2015;16:03;0;AV GAL OSORIO DE PAIVA;;;;;Colisão;Luz do Dia;;;Meio de Quadra;;;0;0;2;0;0;0;0;0;0;0;0;0;;;;;
266306;9;4;2015;16:11;12685;AV DA INDEPENDENCIA;AV CEL CARVALHO;;;;Colisão;Luz do Dia;;;Cruz;Semáforo;Comercial;0;0;2;0;0;0;0;0;0;0;0;0;-38,584952;-3,728711;;;
266309;9;4;2015;18:31;5159;RUA GUILHERME ROCHA;AV IMPERADOR;;;;Atropelamento;;;;Cruz;Semáforo;Comercial;0;0;2;0;0;0;0;0;0;0;0;0;-38,533829;-3,725081;;;
266310;9;4;2015;18:47;1653;RUA MON CATAO;RUA GAL TERTULIANO POTYGUARA;;;;Colisão;;;;Cruz;Não Há Controle;Comercial;0;0;2;0;0;0;0;0;0;0;0;0;-38,492797;-3,745640;;;
266314;9;4;2015;20:06;5050;RUA PRC ISABEL;RUA CASTRO E SILVA;;;;Atropelamento;;;;Cruz;Pare;Residencial;0;0;2;0;0;0;0;0;0;0;0;0;-38,534005;-3,721661;;;
266316;9;4;2015;20:56;0;RUA AMARO CAVALCANTI;;;155;;Atropelamento;;;;Meio de Quadra;;;0;0;2;0;0;0;0;0;0;0;0;0;-38,553300;-3,724174;;;
258371;9;4;2015;20:00;5399;RUA PEDRO I;AV VIS RIO BRANCO;;;;Atropelamento;;;;;;;1;0;1;0;1;0;0;0;0;0;0;0;-38,524814;-3,732458;;;
257939;9;4;2015;13:40;0;AV WASHINGTON SOARES;;;;GONZAGUINHA MESSEJANA;Colisão;Luz do Dia;;Seca;Meio de Quadra;;;0;1;1;1;0;1;0;0;0;0;0;0;;;;;
257975;10;4;2015;18:05;10780;AV SEN FERNANDES TAVORA;RUA PDE SA LEITAO;;;;Colisão;Anoitecer;;;Cruz;Pare;Misto;0;2;0;0;0;0;0;0;0;1;0;0;-38,581677;-3,762452;;;
266327;10;4;2015;10:09;6719;AV ENG SANTANA JUNIOR;RUA VICENTE LINHARES;;;;Colisão;Luz do Dia;;;T;Pare;Comercial;0;0;2;0;0;0;0;0;0;0;0;0;-38,489244;-3,745684;;;
266328;10;4;2015;10:13;7633;AV CARNEIRO DE MENDONCA;RUA RIO GRANDE DO SUL;;;;Colisão;Luz do Dia;;;Cruz;Semáforo;Misto;0;0;2;0;0;0;0;0;0;0;0;0;-38,570011;-3,762374;;;
266329;10;4;2015;10:43;14467;RUA JOAO TOME;RUA HENRIQUE AUTRAN;;;;Colisão;Luz do Dia;;;Cruz;Não Há Controle;Residencial;0;0;2;0;0;0;0;0;0;0;0;0;-38,547342;-3,727676;;;
266336;10;4;2015;11:07;0;RUA PERILIO TEIXEIRA;;;570;;Colisão;Luz do Dia;;;Meio de Quadra;;;0;0;2;0;0;0;0;0;0;0;0;0;-38,601893;-3,759554;;;
266337;10;4;2015;11:21;0;AV 13 DE MAIO;;;;;Colisão;Luz do Dia;;;Meio de Quadra;;;0;0;2;0;0;0;0;0;0;0;0;0;;;;;
266342;10;4;2015;13:36;0;RUA 8;;;101;;Colisão;Luz do Dia;;;Meio de Quadra;;;0;0;2;0;0;0;0;0;0;0;0;0;-38,516018;-3,835982;;;
266343;10;4;2015;14:02;0;AV SAUDADE D68;;;520;;Colisão;Luz do Dia;;;Meio de Quadra;;;0;0;2;0;0;0;0;0;0;0;0;0;-38,541549;-3,823112;;;
266346;10;4;2015;16:34;22216;RUA ERETIDES MARTINS;RUA IPE (ALAGADIÇO);;;;Colisão;Luz do Dia;;;T;Pare;Residencial;0;0;2;0;0;0;0;0;0;0;0;0;-38,559146;-3,729936;;;
266348;10;4;2015;18:40;0;RUA OLIVEIRA SOBRINHO;;;570;;Colisão;;;;Meio de Quadra;;;0;0;2;0;0;0;0;0;0;0;0;0;-38,587435;-3,782455;;;
266353;10;4;2015;19:12;0;AV J CJ CEARA;;;17;;Colisão;;;;Meio de Quadra;;;0;0;2;0;0;0;0;0;0;0;0;0;;;;;
266355;10;4;2015;19:44;0;AV PRS CASTELO BRANCO;;;;;Atropelamento;;;;Meio de Quadra;;;0;0;2;0;0;0;0;0;0;0;0;0;;;;;
266358;10;4;2015;19:45;18;RUA TEN QUEIROZ;RUA HIPOLITO PAMPLONA;;;;Colisão;;;;Cruz;Pare;Rural;0;0;2;0;0;0;0;0;0;0;0;0;-38,595994;-3,745903;;;
266361;10;4;2015;20:04;0;AV JOSE BASTOS;;;;;Colisão;;;;Meio de Quadra;;;0;0;2;0;0;0;0;0;0;0;0;0;;;;;
266363;10;4;2015;20:57;0;LOGRADOURO SEM NOME;;;;;Choque c/ Obstáculo Fixo;;;;Meio de Quadra;;;0;0;1;0;0;0;0;0;0;0;0;0;;;;;
266364;10;4;2015;21:23;24987;AV ANTONIO SALES;AV ALM HENRIQUE SABOIA;;;;Colisão;;;;Y;Outros;Comercial;0;0;2;0;0;0;0;0;0;0;0;0;-38,492911;-3,748334;;;
266367;10;4;2015;21:25;0;RUA LUIS GUIMARAES;;;309;;Atropelamento;;;;Meio de Quadra;;;0;0;2;0;0;0;0;0;0;0;0;0;;;;;
261792;10;4;2015;08:08;0;RUA EMILIO DE MENESES;;;2347;;Atropelamento;Luz do Dia;;;Meio de Quadra;;;1;0;1;1;0;0;0;0;0;0;0;0;-38,601996;-3,777646;;;
261793;10;4;2015;09:46;0;AV BEZERRA DE MENEZES;;;;;Colisão;Luz do Dia;;;Meio de Quadra;;;0;1;1;1;0;0;0;0;0;1;0;0;-38,540083;-3,730567;;;
261794;10;4;2015;09:48;12508;AV LINEU MACHADO;RUA ALUISIO AZEVEDO;;;;Colisão;Luz do Dia;;;Cruz;Semáforo;Residencial;0;1;1;1;0;0;0;0;0;1;0;0;-38,579184;-3,770212;;;
261795;10;4;2015;10:22;1279;AV DOM LUIS;RUA OSVALDO CRUZ (ALDEOTA);;;;Queda;Luz do Dia;;;Cruz;Semáforo;Comercial;0;1;0;0;0;0;0;0;0;1;0;0;-38,499353;-3,732616;;;
261796;10;4;2015;12:32;5406;RUA ANTONIO POMPEU;RUA PRC ISABEL;;;;Colisão;Luz do Dia;;;Cruz;Pare;Comercial;0;1;1;1;0;0;0;0;0;1;0;0;-38,537283;-3,732693;;;
261797;10;4;2015;16:21;0;AV LINEU MACHADO;;;;;Colisão;Luz do Dia;;;Meio de Quadra;;;0;1;1;1;0;0;0;0;0;1;0;0;;;;;
261798;10;4;2015;17:34;0;RUA PRO COSTA MENDES;;;;;Colisão;Anoitecer;;;Meio de Quadra;;;0;1;1;1;0;0;0;0;0;1;0;0;-38,555460;-3,746949;;;
261799;10;4;2015;18:53;0;RUA SALGADO FILHO;RUA CEL JOAQUIM FRANKLIN;;;;Colisão;;;;;;;0;1;1;1;0;0;0;0;0;1;0;0;;;;;
261800;10;4;2015;10:04;0;AV PRS CASTELO BRANCO;;;4728;FARMACIA PAGUE MENOS;Atropelamento;Luz do Dia;;;Meio de Quadra;;;0;2;0;0;0;0;0;0;0;1;0;0;-38,574068;-3,706329;;;
261801;10;4;2015;21:19;0;RUA JUVENCIO PORFIRIO SALES;;;;;Queda;;;;Meio de Quadra;;;0;1;0;0;0;0;0;0;0;1;0;0;;;;;
259127;10;4;2015;10:30;0;AV SEN CARLOS JEREISSATI (AEROPORTO);;;;KM 03;Colisão;Luz do Dia;Bom;Molhada;Meio de Quadra;;;0;0;2;1;0;0;0;0;0;0;0;0;-38,541414;-3,780382;;;
259129;10;4;2015;13:09;0;AV SEN CARLOS JEREISSATI (AEROPORTO);;;;KM 03;Colisão;Luz do Dia;;Seca;Meio de Quadra;;;0;0;2;0;0;0;1;0;0;0;0;0;-38,541414;-3,780382;;;
260424;10;4;2015;13:23;0;RUA EMILIO DE MENESES;;;1260;;Colisão;Luz do Dia;;;Meio de Quadra;;;0;0;2;0;1;0;1;0;0;0;0;0;-38,592741;-3,780253;;;
260422;10;4;2015;07:58;0;AV GAL OSORIO DE PAIVA;;;;;Colisão;Luz do Dia;;;Meio de Quadra;;;0;0;2;0;0;0;0;0;0;1;0;0;;;;;
260426;10;4;2015;15:00;0;RUA VALPARAISO;;;;;Colisão;Luz do Dia;;;Meio de Quadra;;;0;0;2;0;0;0;0;0;0;1;0;0;;;;;
250265;10;4;2015;;0;AV SEN FERNANDES TAVORA;;;44;EXTRA;Colisão Lateral;Via Iluminada;Bom;Seca;Meio de Quadra;Semáforo;Comercial;0;0;2;1;1;0;0;0;0;0;0;0;-38,571286;-3,768776;;;