COD_ACIDENTE;DIA;MES;ANO;HORA;INTERSECAO;LOG1;LOG2;LOG3;NUMERO;REFERENCIA;NATUREZA;ILUMINACAO;TEMPO;SUPERFICIEPISTA;TIPOCRUZAMENTO;CONTROLETRAFEGO;USOSOLO;MORTOS;FERIDOS;ILESOS;AUTOMOVEL;ONIBUS;BICICLETA;CAMINHAO;MICROONIBUS;CICLOMOTOR;MOTOCICLETA;TRACAOANIMAL;TREM;LONG;LAT;;;
250269;10;4;2015;21:39;0;AV JOR THOMAZ COELHO;;;309;;Colisão Transversal;Via Iluminada;Bom;Seca;Meio de Quadra;Pare;Comercial;0;2;0;0;1;0;0;0;0;1;0;0;;;;;
250267;10;4;2015;18:40;0;AV L CJ JOSE WALTER;;;;;Colisão Lateral;Via Iluminada;Nublado;Seca;Meio de Quadra;Pare;Residencial;0;0;2;1;1;0;0;0;0;0;0;0;;;;;
250282;10;4;2015;09:30;1442;RUA FREDERICO BORGES;RUA MARIA TOMASIA;;;;Colisão Lateral;Luz do Dia;Bom;Seca;Cruz;Não Há Controle;Comercial;0;0;2;1;0;0;0;0;0;0;0;0;-38,489033;-3,738138;;;
250283;10;4;2015;08:15;25379;RUA DES MANUEL DE SALES ANDRADE;AV MIGUEL DIAS;;;;Colisão Lateral;Luz do Dia;Chuva;Molhada;Cruz;Semáforo;Comercial;0;0;2;0;0;0;1;0;0;0;0;0;-38,487373;-3,767211;;;
250284;10;4;2015;19:00;0;AV DEP PAULINO ROCHA;;;1343;;Colisão Lateral;Via Iluminada;Bom;Seca;Meio de Quadra;Não Há Controle;Misto;0;0;2;1;1;0;0;0;0;0;0;0;-38,509097;-3,809993;;;
250285;10;4;2015;21:00;0;RUA JULIO ABREU;;;1928;;Colisão Lateral;Via Iluminada;Bom;Seca;Meio de Quadra;;Residencial;0;0;2;1;0;0;0;0;0;1;0;0;;;;;
250286;10;4;2015;16:00;0;AV PRS COSTA E SILVA;;;2560;;Colisão Traseira;Luz do Dia;Bom;Seca;Meio de Quadra;Semáforo;Residencial;0;1;1;0;0;0;0;0;0;1;0;0;-38,559294;-3,820658;;;
250287;10;4;2015;09:00;9111;AV EDUARDO GIRAO;RUA DEP OSWALDO STUDART;;;;Colisão Lateral;Luz do Dia;Chuva;Seca;Cruz;Semáforo;Comercial;0;0;2;1;1;0;0;0;0;0;0;0;-38,529775;-3,755323;;;
250288;10;4;2015;14:20;0;RUA PDE ANCHIETA;;;582;;Colisão;Luz do Dia;Bom;Seca;Meio de Quadra;Não Há Controle;Comercial;0;1;1;1;0;0;1;0;0;0;0;0;-38,551206;-3,725065;;;
250289;10;4;2015;14:10;0;AV DOMINGOS OLIMPIO;;;1112;;Colisão Traseira;;Bom;Seca;Meio de Quadra;Não Há Controle;Residencial;0;1;1;1;0;0;0;0;0;1;0;0;-38,533438;-3,735821;;;
250290;10;4;2015;17:00;7765;RUA TIBURCIO CAVALCANTE;RUA DOM EXPEDITO LOPES;;;;Colisão Transversal;Anoitecer;Bom;Seca;Cruz;Pare;Residencial;0;0;2;1;0;0;0;0;0;0;0;0;-38,505097;-3,743802;;;
250291;10;4;2015;09:05;0;AV JOSE BASTOS;;;2828;;Colisão Transversal;Anoitecer;Nublado;Seca;Meio de Quadra;Não Há Controle;Comercial;0;1;1;1;0;0;0;0;0;1;0;0;-38,545915;-3,745496;;;
250292;10;4;2015;06:47;23683;AV GAL OSORIO DE PAIVA;RUA GABRIEL FIUZA;;;;Colisão Transversal;Luz do Dia;Bom;Seca;Com Via Férrea;Pare;Comercial;0;1;1;1;0;0;0;0;0;1;0;0;-38,581746;-3,785294;;;
250293;10;4;2015;15:00;0;AV DEP PAULINO ROCHA;;;2179;;Colisão Lateral;Luz do Dia;Bom;Seca;Meio de Quadra;;Comercial;0;0;2;1;0;0;1;0;0;0;0;0;-38,516798;-3,810781;;;
250294;10;4;2015;15:10;25352;AV DEP PAULINO ROCHA;RUA MANOEL AGUIAR PONTES;;;;Colisão Traseira;Luz do Dia;Bom;Seca;Duplo T;Semáforo;Comercial;0;0;2;0;0;0;1;0;0;0;0;0;-38,516682;-3,810811;;;
250295;10;4;2015;16:00;0;AV AGUANAMBI;;;;;Colisão Traseira;Luz do Dia;Bom;Seca;Meio de Quadra;Não Há Controle;Comercial;0;0;3;1;0;0;0;0;0;0;0;0;;;;;
250296;10;4;2015;14:15;14483;AV SGT HERMINIO SAMPAIO;RUA LAVRAS DA MANGABEIRA;;;;Colisão Transversal;Luz do Dia;Bom;Seca;T;Pare;Comercial;0;1;1;1;0;0;0;0;0;1;0;0;-38,552535;-3,724910;;;
250297;10;4;2015;18:30;12847;RUA MAJ FACUNDO;RUA SALDANHA MARINHO;;;;Colisão Lateral;Via Iluminada;Bom;Seca;Cruz;Pare;Comercial;0;1;1;0;0;0;0;0;0;1;0;0;-38,532454;-3,741916;;;
250298;10;4;2015;18:00;0;RUA FRANCISCO LORDA;;;;;Colisão Transversal;Via Iluminada;Bom;Seca;Meio de Quadra;Pare;Residencial;0;1;1;1;0;0;0;0;0;1;0;0;-38,532275;-3,761791;;;
250299;10;4;2015;17:00;0;RUA ASSUNCAO;;;713;;Colisão Transversal;Via Iluminada;Bom;Seca;Meio de Quadra;Não Há Controle;Residencial;0;1;1;1;0;0;0;0;0;1;0;0;-38,529277;-3,736387;;;
250300;10;4;2015;11:46;0;AV BAR STUDART;;;1501;;Colisão Traseira;Luz do Dia;Bom;Seca;Meio de Quadra;Não Há Controle;Residencial;0;0;2;1;0;0;0;0;0;0;0;0;-38,507542;-3,737553;;;
250301;10;4;2015;15:30;15302;RUA PEREIRA FILGUEIRAS;RUA MON BRUNO;;;;Colisão Lateral;Luz do Dia;Bom;Seca;Cruz;Pare;Residencial;0;0;2;1;0;0;0;0;0;0;0;0;-38,508580;-3,729763;;;
250302;10;4;2015;06:20;24348;RUA JORGE ACURCIO;RUA ARMANDO MONTEIRO;;;;Colisão Transversal;Luz do Dia;Nublado;Seca;Cruz;Pare;Residencial;0;0;2;1;0;0;0;0;0;0;0;0;-38,531744;-3,765184;;;
250303;10;4;2015;09:00;12863;AV DOMINGOS OLIMPIO;RUA FLORIANO PEIXOTO;;;;Colisão;Luz do Dia;Chuva;Seca;Cruz;Pare;Comercial;0;0;2;1;0;0;0;0;0;0;0;0;-38,530313;-3,736976;;;
250304;10;4;2015;19:10;3788;RUA WALDERY UCHOA;RUA PDE FRANCISCO PINTO;;;;Colisão Transversal;Anoitecer;Bom;Seca;Cruz;Pare;Misto;0;0;2;1;0;0;0;0;0;0;0;0;-38,539138;-3,744299;;;
250305;10;4;2015;07:20;5437;RUA FLORIANO PEIXOTO;RUA METON DE ALENCAR;;;;Colisão Transversal;Luz do Dia;Chuva;Molhada;Cruz;Pare;Comercial;0;0;3;1;0;0;0;0;0;0;0;0;-38,529358;-3,734071;;;
250306;10;4;2015;09:00;12892;AV DOMINGOS OLIMPIO;RUA BAR RIO BRANCO;;;;Colisão Traseira;Luz do Dia;Bom;Seca;Cruz;Semáforo;Comercial;0;1;1;0;0;0;0;0;1;0;0;0;-38,531494;-3,736579;;;
250307;10;4;2015;11:40;4624;RUA CRISANTO M DA ROCHA;RUA LINO CONDE D61;;;;Colisão Transversal;Luz do Dia;Bom;Seca;Cruz;Pare;Residencial;0;0;2;1;0;0;0;0;0;0;0;0;-38,480989;-3,799965;;;
250308;10;4;2015;14:30;0;AV DEP PAULINO ROCHA;;;2175;;Colisão Traseira;Luz do Dia;Bom;Seca;Meio de Quadra;Semáforo;Comercial;0;0;2;0;0;0;1;0;0;0;0;0;-38,516602;-3,810831;;;
250309;10;4;2015;10:30;24270;RUA PEREIRA VALENTE;RUA DELMIRO GOUVEIA;;;;Colisão;Luz do Dia;Bom;Seca;Cruz;Pare;Residencial;0;1;1;1;0;0;0;0;0;1;0;0;-38,488125;-3,734817;;;
250311;10;4;2015;12:35;7760;AV ANTONIO SALES;RUA SILVA PAULET;;;;Colisão Lateral;Luz do Dia;;;Cruz;Pare;Comercial;0;0;2;1;0;0;0;0;0;0;0;0;-38,508383;-3,743595;;;
250279;10;4;2015;12:20;25154;RUA BENI DE CARVALHO;RUA VICENTE LEITE;;;;Colisão Lateral;Luz do Dia;Bom;Seca;Cruz;Pare;Residencial;0;1;1;1;0;0;0;0;0;1;0;0;-38,497966;-3,745037;;;
250280;10;4;2015;14:00;0;RUA JUAZEIRO DO NORTE;;;333;;Colisão Lateral;Luz do Dia;Bom;Seca;Meio de Quadra;Não Há Controle;Residencial;0;0;2;1;0;0;0;0;0;0;0;0;-38,490524;-3,727441;;;
250313;10;4;2015;15:30;0;RUA RAD JOAO RAMOS (DUNAS);;;2975;;Colisão;Luz do Dia;Nublado;Seca;Meio de Quadra;Não Há Controle;Comercial;0;2;0;0;0;0;0;0;0;1;0;0;;;;;
250314;10;4;2015;17:30;8647;AV EDILSON B SOARES;RUA PRO SOLON FARIAS;;;;Colisão Transversal;Mal Iluminada;Bom;Seca;Cruz;Não Há Controle;Residencial;0;0;2;1;0;0;0;0;0;0;0;0;-38,477116;-3,789155;;;
250275;10;4;2015;16:30;0;AV PONTES VIEIRA;;;;;Colisão Traseira;Luz do Dia;Bom;Seca;Meio de Quadra;Outros;Comercial;0;1;2;1;1;0;0;0;0;1;0;0;;;;;
250273;10;4;2015;15:20;0;RUA SEN POMPEU;;;454;;Colisão Lateral;Luz do Dia;Bom;Seca;Meio de Quadra;Semáforo Intermitente;Comercial;0;0;2;1;0;0;0;0;0;0;0;0;-38,528307;-3,722509;;;
250271;10;4;2015;07:00;5333;RUA GAL CLARINDO DE QUEIROZ;RUA PRC ISABEL;;;;Colisão Transversal;Luz do Dia;Chuva;Molhada;Cruz;Pare;Comercial;0;1;1;1;0;0;0;0;0;1;0;0;-38,536711;-3,730592;;;
250332;10;4;2015;11:25;0;AV DOS EXPEDICIONARIOS;;;;;Colisão Lateral;Luz do Dia;Nublado;Seca;Meio de Quadra;Não Há Controle;Misto;0;0;2;1;0;0;0;0;0;1;0;0;;;;;
250337;10;4;2015;14:40;1432;AV SANTOS DUMONT;AV SEN VIRGILIO TAVORA;;;;Colisão;Luz do Dia;Bom;Molhada;Cruz;Semáforo;Comercial;0;0;2;1;1;0;0;0;0;0;0;0;-38,493482;-3,737828;;;
250317;10;4;2015;06:50;3373;RUA MARIO DE ANDRADE;RUA PAPI JUNIOR;;;;Colisão Transversal;Luz do Dia;Nublado;Seca;Cruz;Pare;Misto;1;0;1;0;0;0;1;0;1;0;0;0;-38,558885;-3,753737;;;
250277;11;4;2015;12:10;0;AV PAROARAS;;;160;;Colisão Lateral;Luz do Dia;Nublado;Seca;Meio de Quadra;Não Há Controle;Residencial;0;1;1;1;0;0;0;0;0;1;0;0;-38,536795;-3,812110;;;
250341;11;4;2015;14:00;21379;AV JOVITA FEITOSA;RUA PRO RAIMUNDO ARRUDA;;;;Colisão Transversal;Luz do Dia;Bom;Seca;Cruz;Semáforo;Comercial;0;1;2;0;0;0;0;0;0;1;0;0;-38,550998;-3,738742;;;
250343;11;4;2015;16:10;15362;RUA PEREIRA VALENTE;RUA CEL LINHARES;;;;Colisão Transversal;Luz do Dia;Bom;Seca;Cruz;Pare;Residencial;0;0;2;1;0;0;0;0;0;0;0;0;-38,493183;-3,733517;;;
250344;11;4;2015;12:00;0;AV SANTOS DUMONT;;;1740;;Colisão Traseira;Luz do Dia;Nublado;Seca;Meio de Quadra;Semáforo;Misto;0;0;3;1;0;0;0;0;0;0;0;0;-38,508353;-3,732981;;;
260440;11;4;2015;14:18;22665;AV ENG LEAL LIMA VERDE (SAPIRANGA/COITE);AV COS GOMES DE FREITAS (SAPIRANGA/COITE);;;;Colisão;Luz do Dia;;;Rotatória;Dê Preferência;Comercial;0;0;2;0;0;0;0;0;0;0;0;0;-38,475739;-3,795341;;;
258856;11;4;2015;08:35;0;RD BR 116;;;2000;KM-02;Colisão Transversal;Luz do Dia;Bom;Seca;Meio de Quadra;Não Há Controle;Comercial;0;0;2;1;1;0;0;0;0;0;0;0;-38,516780;-3,771391;;;
258073;11;4;2015;20:55;0;AV CEL CARVALHO;;;1260;;Colisão;;;;Meio de Quadra;;;0;1;0;1;0;0;0;0;0;1;0;0;-38,588929;-3,713441;;;
261802;11;4;2015;08:14;0;AV SEN FERNANDES TAVORA;;;;;Colisão;Luz do Dia;;;Meio de Quadra;;;0;2;0;0;0;0;0;0;0;1;0;0;;;;;
261803;11;4;2015;10:03;15197;RUA DEP MOREIRA DA ROCHA;RUA ANTONIO AUGUSTO;;;;Colisão;Luz do Dia;;;;;Residencial;0;2;0;0;0;0;0;0;0;1;0;0;-38,512260;-3,726544;;;
261804;11;4;2015;12:12;0;AV ALBERTO CRAVEIRO;;;;;Colisão;Luz do Dia;;;Meio de Quadra;;;0;1;1;1;0;0;0;0;0;1;0;0;;;;;
261805;11;4;2015;13:58;0;RUA ESTADO DO RIO;;;;;Colisão;Luz do Dia;;;Meio de Quadra;;;0;2;0;0;0;0;0;0;0;1;0;0;-38,569549;-3,756417;;;
261806;11;4;2015;17:25;0;RUA LONDRINA;RUA BARRA VERMELHA;;;;Colisão;Anoitecer;;;;;;0;1;1;0;0;0;0;0;0;1;0;0;-38,612304;-3,778498;;;
261807;11;4;2015;17:26;0;RUA MOCA BONITA;;;;;Queda;Anoitecer;;;Meio de Quadra;;;0;0;1;0;0;0;0;0;0;1;0;0;;;;;
261808;11;4;2015;17:57;0;AV PERIMETRAL;;;;;Colisão;Anoitecer;;;Meio de Quadra;;;0;2;0;0;0;0;0;0;0;1;0;0;;;;;
261810;11;4;2015;18:00;0;RUA FRANCISCA CLOTILDE;;;;;Colisão;Anoitecer;;;Meio de Quadra;;;0;1;1;1;0;0;0;0;0;1;0;0;-38,552646;-3,742441;;;
261819;11;4;2015;21:22;18153;RUA EDMUNDO FALCAO;AV ZEZE DIOGO;;;;Colisão;;;;;;;0;1;1;1;0;0;0;0;0;1;0;0;-38,448263;-3,748574;;;
261822;11;4;2015;22:39;0;RUA AUDISIO PINHEIRO;;;;;Colisão;;;;Meio de Quadra;;;0;1;1;1;0;0;0;0;0;1;0;0;-38,590410;-3,761506;;;
261824;11;4;2015;22:43;0;RUA OSCAR ARARIPE;;;;;Atropelamento;;;;Meio de Quadra;;;0;1;1;0;0;0;1;0;0;0;0;0;-38,601953;-3,790357;;;
261832;11;4;2015;23:27;12699;AV CEL CARVALHO;AV MAJ ASSIS;;;;Colisão;;;;Cruz;Semáforo;Residencial;0;3;0;0;0;0;0;0;0;1;0;0;-38,586255;-3,723796;;;
261826;11;4;2015;22:54;0;RUA DOM XISTO ALBANO;;;;;Queda;;;;Meio de Quadra;;;0;1;0;0;0;0;0;0;0;1;0;0;-38,579095;-3,789921;;;
261829;11;4;2015;23:03;25964;AV GOV PARSIFAL BARROSO;RUA LICURGO MONTENEGRO;;;;Colisão;;;;Duplo T;Pare;Residencial;0;1;1;1;0;0;0;0;0;1;0;0;-38,568900;-3,734410;;;
250354;11;4;2015;08:20;0;RUA GONCALVES LEDO;;;1440;;Colisão Traseira;Luz do Dia;Nublado;Seca;Meio de Quadra;Não Há Controle;Residencial;0;0;3;1;0;0;1;0;0;0;0;0;-38,517907;-3,736474;;;
250355;11;4;2015;19:53;25154;RUA BENI DE CARVALHO;RUA VICENTE LEITE;;;;Colisão Transversal;Via Iluminada;Bom;Seca;Cruz;Pare;Residencial;1;0;1;0;0;0;0;0;0;1;0;0;-38,497966;-3,745037;;;
250356;11;4;2015;08:30;0;AV JOAO DE ARAUJO LIMA;;;1076;;Colisão Lateral;Luz do Dia;Bom;Seca;Meio de Quadra;Outros;Comercial;0;0;2;1;0;0;1;0;0;0;0;0;-38,560234;-3,831332;;;
250357;11;4;2015;09:50;0;AV PONTES VIEIRA;;;692;;Colisão Traseira;Luz do Dia;Chuva;Molhada;Meio de Quadra;Não Há Controle;Comercial;0;0;2;1;0;0;0;0;0;1;0;0;-38,514669;-3,752858;;;
250358;11;4;2015;06:00;1405;AV SANTOS DUMONT;RUA VICENTE LEITE;;;;Colisão Traseira;Luz do Dia;Bom;Seca;Cruz;Semáforo;Comercial;0;0;2;1;0;0;0;0;0;1;0;0;-38,495419;-3,737173;;;
250359;11;4;2015;08:00;13152;RUA BERNARDO MANUEL;VL JOAO GUALBERTO;;;;Colisão Lateral;Luz do Dia;Nublado;Seca;T;Pare;Comercial;0;1;1;0;0;0;0;0;0;1;0;0;-38,561161;-3,831465;;;
250385;11;4;2015;15:55;7909;AV DES MOREIRA;RUA FRANCISCO HOLANDA;;;;Colisão Transversal;Luz do Dia;Bom;Seca;Cruz;Semáforo;Residencial;0;1;1;1;0;0;0;0;0;1;0;0;-38,502540;-3,749355;;;
250379;11;4;2015;18:00;0;RUA JOAO CORDEIRO;;;1410;;Colisão Transversal;Via Iluminada;Bom;Seca;Meio de Quadra;Não Há Controle;Comercial;0;0;2;1;0;0;0;0;0;0;0;0;-38,515312;-3,732577;;;
250380;11;4;2015;10:13;0;AV GODOFREDO MACIEL;;;1753;LAGOA DA MARAPONGA;Capotamento;Luz do Dia;Bom;Seca;Meio de Quadra;Não Há Controle;Comercial;0;1;0;1;0;0;0;0;0;0;0;0;-38,566763;-3,788335;;;
250381;11;4;2015;09:30;0;RUA JOAQUIM DE FIGUEIREDO FILHO;;;124;;Colisão Transversal;Luz do Dia;Bom;Seca;Meio de Quadra;Não Há Controle;Residencial;0;0;2;1;0;0;0;0;0;0;0;0;-38,481467;-3,801548;;;
250382;11;4;2015;13:40;24293;RUA JULIO ABREU;RUA DELMIRO GOUVEIA;;;;Colisão Transversal;Luz do Dia;Bom;Seca;Cruz;Pare;Comercial;0;0;2;0;1;0;0;0;0;0;0;0;-38,488072;-3,735900;;;
250383;11;4;2015;14:00;15374;AV DOM LUIS;RUA FREDERICO BORGES;;;;Colisão Lateral;Luz do Dia;Bom;Seca;Cruz;Semáforo;Comercial;0;0;2;1;0;0;0;0;0;0;0;0;-38,489136;-3,735890;;;
250387;11;4;2015;08:15;19271;RUA CAIO PRADO;AV GAL OSORIO DE PAIVA;;;;Colisão Traseira;Luz do Dia;Nublado;Seca;Cruz;Pare;Misto;0;0;2;1;1;0;0;0;0;0;0;0;-38,563447;-3,773190;;;
250388;11;4;2015;21:01;0;AV JOSE BASTOS;;;3878;;Colisão Transversal;Via Iluminada;Bom;Seca;Meio de Quadra;Não Há Controle;Comercial;0;0;2;1;0;0;0;0;0;0;0;0;-38,552712;-3,752255;;;
250349;11;4;2015;09:20;0;AV BEZERRA DE MENEZES;;;146;;Colisão Lateral;Luz do Dia;Chuva;Molhada;Meio de Quadra;Outros;Comercial;0;0;2;1;0;0;1;0;0;0;0;0;-38,541477;-3,730842;;;
250346;11;4;2015;17:00;0;RUA SEN POMPEU;;;1943;;Colisão Traseira;Via Iluminada;Bom;Seca;Meio de Quadra;Não Há Controle;Comercial;0;0;2;1;0;0;0;0;0;0;0;0;-38,532238;-3,735637;;;
250347;11;4;2015;12:00;23493;RUA SABINO MONTE;RUA CARVALHO JUNIOR;;;;Colisão Lateral;Luz do Dia;Bom;Seca;Cruz;Pare;Residencial;0;0;2;1;0;0;0;0;0;0;0;0;-38,511538;-3,758605;;;
250368;11;4;2015;15:40;15005;AV GODOFREDO MACIEL;RUA SUICA;;;;Queda;Luz do Dia;Bom;Seca;T;Pare;Outros;0;0;2;0;0;0;0;0;0;1;0;0;-38,568361;-3,792859;;;
250372;11;4;2015;07:00;3771;AV DOMINGOS OLIMPIO;AV DA UNIVERSIDADE;;;;;Luz do Dia;Nublado;Seca;Cruz;Semáforo;Comercial;0;0;2;1;0;0;0;0;0;0;0;0;-38,534216;-3,735594;;;
250373;11;4;2015;13:55;15990;AV BENJAMIM BRASIL;RUA GASTAO JUSTA;;;;Colisão Lateral;Luz do Dia;Bom;Seca;Cruz;Pare;Comercial;0;0;2;1;0;0;0;0;0;0;0;0;-38,569066;-3,804186;;;
250374;11;4;2015;19:15;8933;AV DOMINGOS OLIMPIO;RUA RUBIA SAMPAIO;;;;Engavetamento;Via Iluminada;Bom;Seca;Cruz;Pare;Residencial;0;0;3;1;0;0;0;0;0;0;0;0;-38,541015;-3,733409;;;
250370;11;4;2015;09:00;1445;RUA VICENTE LEITE;RUA DES LEITE ALBUQUERQUE;;;;Colisão Transversal;Luz do Dia;Chuva;Molhada;Cruz;Pare;Residencial;0;0;2;1;0;0;0;0;0;0;0;0;-38,495734;-3,738178;;;
250376;11;4;2015;13:00;978;AV BORGES DE MELO;RD BR 116;;;;Colisão Lateral;Luz do Dia;;Seca;T;Não Há Controle;Comercial;0;0;2;1;0;0;0;0;0;1;0;0;-38,518888;-3,761468;;;
266369;11;4;2015;00:54;15298;RUA ANA BILHAR;RUA BARBOSA DE FREITAS;;;;Colisão;;;;Cruz;Pare;Residencial;0;0;2;0;0;0;0;0;0;0;0;0;-38,495143;-3,729646;;;
266373;11;4;2015;03:47;15175;AV ABOLICAO;RUA NUNES VALENTE;;;;Colisão;;;;Cruz;Pare;Misto;0;0;2;0;0;0;0;0;0;0;0;0;-38,500384;-3,725750;;;
266374;11;4;2015;11:43;24289;RUA 8 DE SETEMBRO;RUA JULIO ABREU;;;;Colisão;Luz do Dia;;;Cruz;Não Há Controle;Escola;0;0;2;0;0;0;0;0;0;0;0;0;-38,487006;-3,735884;;;
266375;11;4;2015;13:56;0;AV AUGUSTO DOS ANJOS;;;1388;;Colisão;Luz do Dia;;;Meio de Quadra;;;0;0;2;0;0;0;0;0;0;0;0;0;-38,578018;-3,778877;;;
266371;11;4;2015;00:55;0;RUA ANDRE REBOUCAS;;;153;;Colisão;;;;Meio de Quadra;;;0;0;2;0;0;0;0;0;0;0;0;0;-38,589760;-3,774840;;;
266379;11;4;2015;14:58;0;RUA JOSE VILAR;;;3234;;Colisão;Luz do Dia;;;Meio de Quadra;;;0;0;2;0;0;0;0;0;0;0;0;0;-38,509969;-3,752071;;;
266381;11;4;2015;15:12;23727;RUA GABRIEL FIUZA;RUA MON AGOSTINHO;;;;Colisão;Luz do Dia;;;Cruz;Pare;Misto;0;0;2;0;0;0;0;0;0;0;0;0;-38,580412;-3,786587;;;
266392;11;4;2015;16:22;0;AV DOS EXPEDICIONARIOS;;;;;Colisão;Luz do Dia;;;Meio de Quadra;;;0;0;2;0;0;0;0;0;0;0;0;0;;;;;
266395;11;4;2015;18:44;0;AV RAD JOSE LIMA VERDE;;;;;Colisão;;;;Meio de Quadra;;;0;0;2;0;0;0;0;0;0;0;0;0;;;;;
266397;11;4;2015;18:56;0;AV SEN FERNANDES TAVORA;;;3004;;Colisão;;;;Meio de Quadra;;;0;0;2;0;0;0;0;0;0;0;0;0;-38,599707;-3,754859;;;
266399;11;4;2015;22:59;0;AV BEZERRA DE MENEZES;;;;;Colisão;;;;Meio de Quadra;;;0;0;2;0;0;0;0;0;0;0;0;0;;;;;
265345;11;4;2015;15:00;0;RUA JOAQUIM DOS ANJOS;;;1406;;Colisão;Luz do Dia;;;Meio de Quadra;;;1;0;0;0;0;0;0;0;0;1;1;0;-38,572563;-3,829780;;;
266401;12;4;2015;00:27;0;RUA AUDISIO PINHEIRO;;;1146;;Colisão;;;;Meio de Quadra;;;0;0;2;0;0;0;0;0;0;0;0;0;-38,590339;-3,761370;;;
266403;12;4;2015;00:28;18515;AV GOV PARSIFAL BARROSO;RUA 2 LT SINCOL;;;;Colisão;;;;T;Pare;Residencial;0;0;2;0;0;0;0;0;0;0;0;0;-38,568952;-3,735242;;;
266409;12;4;2015;01:46;6817;RUA FRANCISCO MATOS;RUA BENTO ALBUQUERQUE;;;;Colisão;;;;Cruz;Pare;Residencial;0;0;2;0;0;0;0;0;0;0;0;0;-38,470436;-3,747862;;;
266410;12;4;2015;01:47;0;AV ALM BARROSO;;;;;Colisão;;;;Meio de Quadra;;;0;0;2;0;0;0;0;0;0;0;0;0;;;;;
266411;12;4;2015;01:48;0;AV FRANCISCO SA;;;6482;;Colisão;;;;Meio de Quadra;;;0;0;2;0;0;0;0;0;0;0;0;0;-38,582382;-3,708558;;;
266413;12;4;2015;01:48;0;RUA PDE ANCHIETA;;;614;;Colisão;;;;Meio de Quadra;;;0;0;2;0;0;0;0;0;0;0;0;0;-38,551316;-3,725402;;;
266406;12;4;2015;00:49;0;AV SEN FERNANDES TAVORA;;;3264;;Atropelamento;;;;Meio de Quadra;;;0;0;2;0;0;0;0;0;0;0;0;0;-38,601137;-3,754598;;;
266407;12;4;2015;00:52;24221;RUA PRO HERACLITO;RUA JOSE CARLOS GURGEL NOGUEIRA;;;;Colisão;;;;Cruz;Pare;Residencial;0;0;2;0;0;0;0;0;0;0;0;0;-38,473860;-3,732973;;;
250348;12;4;2015;05:30;15313;RUA ANA BILHAR;RUA VICENTE LEITE;;;;Colisão Transversal;Amanhecer;Nublado;Seca;Cruz;Pare;Residencial;0;0;2;1;0;0;0;0;0;0;0;0;-38,493215;-3,730261;;;
250350;12;4;2015;13:10;0;AV BEIRA MAR;;;;;Colisão Traseira;Luz do Dia;Bom;Seca;Meio de Quadra;Não Há Controle;Comercial;0;0;2;0;0;0;0;0;0;1;0;0;;;;;
250351;12;4;2015;18:30;0;AV DR SILAS MUNGUBA;;;;;Colisão Lateral;Via Iluminada;Bom;Seca;Meio de Quadra;Não Há Controle;Comercial;0;1;1;1;0;0;0;0;0;1;0;0;;;;;
250352;12;4;2015;18:00;0;RUA HOLANDA;;;986;;Colisão Lateral Sentido Oposto;Via Iluminada;Bom;Seca;Meio de Quadra;Não Há Controle;Comercial;0;0;2;1;0;0;0;0;0;0;0;0;-38,561500;-3,800134;;;
250353;12;4;2015;08:45;5442;AV VIS RIO BRANCO;RUA GAL CLARINDO DE QUEIROZ;;;;Colisão Lateral;Luz do Dia;Nublado;Seca;Cruz;Semáforo;Comercial;0;0;2;1;0;0;0;0;0;1;0;0;-38,524385;-3,734584;;;
250360;12;4;2015;10:00;3769;RUA SEN POMPEU;AV DOMINGOS OLIMPIO;;;;Colisão Transversal;Luz do Dia;Bom;Seca;Cruz;Semáforo;Comercial;0;1;1;1;0;0;0;0;0;1;0;0;-38,532455;-3,736254;;;
250361;12;4;2015;05:30;0;RUA DA PAZ;;;378;;Choque c/ Obstáculo Fixo;Luz do Dia;Bom;Seca;Meio de Quadra;Não Há Controle;Residencial;0;3;0;0;0;0;0;0;0;0;0;0;;;;;
250362;12;4;2015;19:00;0;AV PRS COSTA E SILVA;;;1720;;Colisão Transversal;Via Iluminada;Bom;Seca;Meio de Quadra;Não Há Controle;Comercial;0;2;0;0;0;0;0;0;0;1;0;0;-38,566971;-3,816838;;;
250363;12;4;2015;06:00;25084;AV BENJAMIM BRASIL;RUA BERNARDO MANUEL;;;;Choque c/ Obstáculo Fixo;Luz do Dia;Bom;Seca;T;Semáforo;Misto;0;1;0;1;0;0;0;0;0;0;0;0;-38,554874;-3,810060;;;
250364;12;4;2015;14:05;22009;RUA TIRADENTES;RUA FRANCISCA CLOTILDE;;;;Colisão Transversal;Luz do Dia;Bom;Seca;Cruz;Pare;Residencial;0;1;1;1;0;0;0;0;0;1;0;0;-38,550861;-3,740470;;;