COD_ACIDENTE;DIA;MES;ANO;HORA;INTERSECAO;LOG1;LOG2;LOG3;NUMERO;REFERENCIA;NATUREZA;ILUMINACAO;TEMPO;SUPERFICIEPISTA;TIPOCRUZAMENTO;CONTROLETRAFEGO;USOSOLO;MORTOS;FERIDOS;ILESOS;AUTOMOVEL;ONIBUS;BICICLETA;CAMINHAO;MICROONIBUS;CICLOMOTOR;MOTOCICLETA;TRACAOANIMAL;TREM;LONG;LAT;;;
250345;12;4;2015;18:35;20042;AV DEP PAULINO ROCHA;AV PRS JUSCELINO KUBITSCHEK (PASSARÉ);;;;Colisão Lateral;Via Iluminada;Bom;Seca;Rotatória;Não Há Controle;Lazer;0;0;2;1;0;0;0;0;0;0;0;0;-38,524782;-3,807229;;;
261841;12;4;2015;14:46;0;AV IMPERADOR;;;;;Queda;Luz do Dia;;;Meio de Quadra;;;0;1;0;0;0;0;0;0;0;1;0;0;-38,534000;-3,725657;;;
261842;12;4;2015;15:02;3199;RUA VERBENA;RUA VITAL BRASIL;;;;Colisão;Luz do Dia;;;;Outros;Comercial;0;1;1;1;0;0;0;0;0;1;0;0;-38,588650;-3,780666;;;
261843;12;4;2015;17:22;0;RUA BOM JESUS (GRANJA LISBOA);;;;;Colisão;Anoitecer;;;Meio de Quadra;;;0;1;1;0;0;0;0;0;0;1;0;0;-38,611624;-3,791057;;;
261844;12;4;2015;18:02;0;RUA ALVARO DE ANDRADE;RUA DECIO DE CASTRO;;;;Colisão;Anoitecer;;;;;;0;1;1;1;0;0;0;0;0;0;0;0;-38,590304;-3,772824;;;
261846;12;4;2015;18:09;0;RUA DEP MATOSO FILHO;;;699;;Colisão;Anoitecer;;;Meio de Quadra;;;0;1;1;1;0;0;0;0;0;1;0;0;-38,590654;-3,732540;;;
261847;12;4;2015;19:43;0;AV AUGUSTO DOS ANJOS;;;;;Queda;;;;Meio de Quadra;;;0;1;0;0;0;0;0;0;0;1;0;0;-38,571883;-3,772081;;;
261848;12;4;2015;20:00;0;AV PRS COSTA E SILVA;;;;;Colisão;;;;Meio de Quadra;;;0;1;1;1;0;0;0;0;0;1;0;0;;;;;
261849;12;4;2015;21:12;0;RUA PINTO MADEIRA;;;;;Colisão;;;;Meio de Quadra;;;0;1;1;1;0;0;0;0;0;0;0;0;;;;;
261850;12;4;2015;22:50;0;RUA AMARO JOSE DE SOUZA;;;;;Colisão;;;;Meio de Quadra;;;0;1;1;0;0;0;0;0;0;0;0;0;-38,566099;-3,826290;;;
261833;12;4;2015;07:32;0;RUA RAUL CABRAL;;;733;;Atropelamento;Luz do Dia;;;Meio de Quadra;;;0;1;1;0;0;0;0;0;0;1;0;0;-38,545212;-3,768575;;;
261834;12;4;2015;07:48;0;AV DUQ CAXIAS;;;;;Colisão;Luz do Dia;;;Meio de Quadra;;;0;2;0;0;0;0;0;0;0;1;0;0;-38,543221;-3,727457;;;
261835;12;4;2015;08:34;0;RUA PLACIDO CARVALHO;;;202;;Atropelamento;Luz do Dia;;;Meio de Quadra;;;0;1;1;1;0;0;0;0;0;0;0;0;-38,555495;-3,720065;;;
261836;12;4;2015;13:07;0;AV J CJ JOSE WALTER;;;;;Colisão;Luz do Dia;;;Meio de Quadra;;;0;1;1;1;0;0;0;0;0;1;0;0;;;;;
261837;12;4;2015;13:31;0;RUA CAP MELO;;;;;Queda;Luz do Dia;;;Meio de Quadra;;;0;0;1;0;0;1;0;0;0;0;0;0;;;;;
261838;12;4;2015;13:42;0;AV ANTONIO SALES;;;;;Queda;Luz do Dia;;;Meio de Quadra;;;0;1;0;0;0;1;0;0;0;0;0;0;-38,492833;-3,748361;;;
261839;12;4;2015;14:29;0;AV PERIMETRAL;;;;;Atropelamento;Luz do Dia;;;Meio de Quadra;;;0;1;1;1;0;0;0;0;0;0;0;0;;;;;
258075;12;4;2015;05:38;12404;AV SEN FERNANDES TAVORA;AV LINEU MACHADO;;;;Colisão;Amanhecer;;;Cruz;Não Há Controle;Misto;0;1;0;1;0;0;0;0;0;0;0;0;-38,576540;-3,765199;;;
258095;12;4;2015;20:10;0;RUA DEP MATOSO FILHO;;;701;;Colisão;;;;Meio de Quadra;;;0;1;0;0;0;0;0;0;0;0;0;0;-38,590674;-3,732551;;;
258097;12;4;2015;20:47;2640;RUA JANDIRA;RUA RAIMUNDO FROTA;;;;Colisão;;;;Cruz;Pare;Residencial;0;1;0;1;0;0;0;0;0;1;0;0;-38,586834;-3,714725;;;
258836;12;4;2015;07:40;0;RD BR 116;;;2000;KM-02;Queda;Luz do Dia;Bom;Molhada;Meio de Quadra;Não Há Controle;Comercial;0;1;0;0;0;0;0;0;0;1;0;0;-38,516780;-3,771391;;;
258838;12;4;2015;11:00;0;RD BR 116;;;3000;KM-03;Colisão Traseira;Luz do Dia;Bom;Seca;Meio de Quadra;Não Há Controle;Comercial;0;1;1;0;0;0;0;0;0;0;0;0;-38,514372;-3,779838;;;
259135;12;4;2015;01:10;0;RD CE-040;;;;KM-03;Colisão;;;Seca;Meio de Quadra;;;0;0;2;1;0;0;0;0;0;0;0;0;-38,481014;-3,783185;;;
259140;12;4;2015;17:40;0;AV MIN JOSE AMERICO;;;;;Colisão;Via Iluminada;;Seca;Meio de Quadra;;;0;0;2;1;0;0;0;0;0;0;0;0;;;;;
260442;12;4;2015;06:33;0;AV LINEU MACHADO;RUA ALUISIO AZEVEDO;;;;Colisão;Luz do Dia;;;;;;0;0;2;1;0;0;0;0;0;0;0;0;;;;;
260444;12;4;2015;17:23;0;AV OLIVEIRA PAIVA;;;1862;;Colisão;Anoitecer;;;Meio de Quadra;;;0;0;2;1;0;0;0;0;0;0;0;0;-38,489727;-3,796009;;;
266518;12;4;2015;03:50;1380;RUA TORRES CAMARA;RUA NUNES VALENTE;;;;Colisão;;;;Cruz;Pare;Residencial;0;0;2;0;0;0;0;0;0;0;0;0;-38,503856;-3,736618;;;
266521;12;4;2015;03:52;7211;AV DR THEBERGE;AV PRS CASTELO BRANCO;;;;Colisão;;;;Cruz;Semáforo;Comercial;0;0;2;0;0;0;0;0;0;0;0;0;-38,563456;-3,710079;;;
266535;12;4;2015;06:32;0;AV CESAR CALS;;;433;;Colisão;Luz do Dia;;;Meio de Quadra;;;0;0;2;0;0;0;0;0;0;0;0;0;-38,464155;-3,721545;;;
266565;12;4;2015;08:46;0;RUA CAP GUSTAVO;;;3482;;Colisão;Luz do Dia;;;Meio de Quadra;;;0;0;2;0;0;0;0;0;0;0;0;0;;;;;
266568;12;4;2015;14:20;0;RUA DJALMA BENEVIDES;;;253;;Colisão;Luz do Dia;;;Meio de Quadra;;;0;0;2;0;0;0;0;0;0;0;0;0;;;;;
266574;12;4;2015;14:38;6959;RUA BENTO GONCALVES;AV CONTORNO NORTE D71;;;;Colisão;Luz do Dia;;;Duplo T;Pare;Residencial;0;0;2;0;0;0;0;0;0;0;0;0;-38,588511;-3,813044;;;
266578;12;4;2015;15:44;0;AV J CJ CEARA;;;;;Colisão;Luz do Dia;;;Meio de Quadra;;;0;0;2;0;0;0;0;0;0;0;0;0;;;;;
266581;12;4;2015;16:08;15778;RUA TAQUATIARA;RUA STA CLARA DE ASSIS;;;;Colisão;Luz do Dia;;;Cruz;Pare;Comercial;0;0;2;0;0;0;0;0;0;0;0;0;-38,502459;-3,830267;;;
266582;12;4;2015;17:17;0;AV 13 DE MAIO;;;;;Colisão;Anoitecer;;;Meio de Quadra;;;0;0;2;0;0;0;0;0;0;0;0;0;;;;;
266585;12;4;2015;17:54;0;RUA SAO VICENTE D48;;;2005;;Colisão;Anoitecer;;;Meio de Quadra;;;0;0;2;0;0;0;0;0;0;0;0;0;;;;;
266587;12;4;2015;18:58;0;RUA JOAO TINOCO;;;165;;Colisão;;;;Meio de Quadra;;;0;0;2;0;0;0;0;0;0;0;0;0;-38,589214;-3,728514;;;
266589;12;4;2015;19:27;7733;AV JOAO PESSOA;RUA BAR SOBRAL;;;;Colisão;;;;Outros;Semáforo;Comercial;0;0;2;0;0;0;0;0;0;0;0;0;-38,558693;-3,764518;;;
266590;12;4;2015;19:47;0;RUA CEL JOAQUIM FRANKLIN;;;860;;Colisão;;;;Meio de Quadra;;;0;0;2;0;0;0;0;0;0;0;0;0;-38,594786;-3,743475;;;
266591;12;4;2015;20:01;0;AV AGUANAMBI;;;;;Colisão;;;;Meio de Quadra;;;0;0;2;0;0;0;0;0;0;0;0;0;;;;;
266592;12;4;2015;20:03;0;RUA GRITO DE ALERTA;;;;;Choque c/ Obstáculo Fixo;;;;Meio de Quadra;;;0;0;1;0;0;0;0;0;0;0;0;0;;;;;
266594;12;4;2015;20:48;13771;AV PINTO BANDEIRA D56;RUA LUIZA MIRANDA COELHO;;;;Colisão;;;;Cruz;Pare;Residencial;0;0;2;0;0;0;0;0;0;0;0;0;-38,487283;-3,774929;;;
266596;12;4;2015;21:34;0;AV OLIVEIRA PAIVA;;;;;Atropelamento;;;;Meio de Quadra;;;0;0;2;0;0;0;0;0;0;0;0;0;;;;;
266598;13;4;2015;09:36;0;LOGRADOURO SEM NOME;;;;;Colisão;Luz do Dia;;;Meio de Quadra;;;0;0;2;0;0;0;0;0;0;0;0;0;;;;;
266602;13;4;2015;18:14;17539;RUA ALVARO CORREIA;RUA DR ALOISIO MAMEDE;;;;Colisão;Anoitecer;;;Cruz;Não Há Controle;Residencial;0;0;2;0;0;0;0;0;0;0;0;0;-38,483762;-3,729098;;;
266604;13;4;2015;19:26;0;RUA CEL VIRGILIO NOGUEIRA (BOM JARDIM);;;;;Atropelamento;;;;Meio de Quadra;;;0;0;2;0;0;0;0;0;0;0;0;0;;;;;
266607;13;4;2015;21:08;0;AV B CJ CEARA;;;770;;Colisão;;;;Meio de Quadra;;;0;0;2;0;0;0;0;0;0;0;0;0;-38,607357;-3,768509;;;
266608;13;4;2015;21:53;0;RUA MONTE LIBANO;;;650;;Colisão;;;;Meio de Quadra;;;0;0;2;0;0;0;0;0;0;0;0;0;;;;;
266612;13;4;2015;21:54;25873;RUA FRANCISCO SEGUNDO DA COSTA;RUA DR CARLOS R PAMPLONA;;;;Colisão;;;;Cruz;Não Há Controle;Residencial;0;0;2;0;0;0;0;0;0;0;0;0;-38,478281;-3,774099;;;
266615;13;4;2015;21:57;0;RUA JULIO CESAR D04;;;154;;Colisão;;;;Meio de Quadra;;;0;0;2;0;0;0;0;0;0;0;0;0;;;;;
266617;13;4;2015;22:04;0;RUA PORTO VELHO;;;401;;Colisão;;;;Meio de Quadra;;;0;0;2;0;0;0;0;0;0;0;0;0;-38,584056;-3,767610;;;
260445;13;4;2015;;22143;RUA PAPI JUNIOR;RUA ANTONIO MARTINS;;;;Colisão;;;;Cruz;Pare;Residencial;0;0;2;1;0;0;0;0;0;0;0;0;-38,556608;-3,751375;;;
260447;13;4;2015;00:52;0;RUA CARLOS RIBEIRO;;;;;Colisão;;;;Meio de Quadra;;;0;0;2;1;1;0;0;0;0;0;0;0;;;;;
259147;13;4;2015;17:40;0;RD CE-040;;;;KM-06;Colisão;Via Iluminada;;Seca;Meio de Quadra;;;0;0;2;1;0;0;0;0;0;1;0;0;-38,478781;-3,811270;;;
261852;13;4;2015;10:17;0;RUA LUIS VIEIRA;;;;;Atropelamento;Luz do Dia;;;Meio de Quadra;;;0;2;0;0;0;0;0;0;0;1;0;0;-38,586915;-3,795221;;;
261853;13;4;2015;10:42;0;AV PERIMETRAL;;;;;Colisão;Luz do Dia;;;Meio de Quadra;;;0;1;1;1;0;0;0;0;0;1;0;0;;;;;
261863;13;4;2015;12:11;0;AV JOVITA FEITOSA;;;;;Colisão;Luz do Dia;;;Meio de Quadra;;;0;1;1;1;0;0;0;0;0;1;0;0;-38,551078;-3,738759;;;
261866;13;4;2015;17:51;0;AV PERIMETRAL;;;;;Colisão;Anoitecer;;;Meio de Quadra;;;0;1;1;1;0;0;0;0;0;1;0;0;;;;;
261868;13;4;2015;20:17;0;AV CENTRAL CJ CEARA;;;;;Colisão;;;;Meio de Quadra;;;0;1;1;0;0;0;0;0;0;0;0;0;;;;;
261870;13;4;2015;21:31;0;AV PRS COSTA E SILVA;;;;;Colisão;;;;Meio de Quadra;;;0;1;1;1;0;0;0;0;0;1;0;0;;;;;
261871;13;4;2015;21:44;0;RUA MAJ FACUNDO;;;;;Atropelamento;;;;Meio de Quadra;;;0;1;1;1;0;0;0;0;0;0;0;0;;;;;
250365;13;4;2015;06:00;3387;AV ENG HUMBERTO MONTE;RUA MON FURTADO;;;;Outros;Luz do Dia;Chuva;Molhada;Cruz;Pare;Comercial;0;1;1;0;1;0;0;0;0;1;0;0;-38,556153;-3,754242;;;
250366;13;4;2015;21:50;0;RUA JOAO CORDEIRO;;;2826;;Outros;Via Iluminada;Bom;Molhada;Meio de Quadra;;;0;0;2;1;0;0;0;0;0;0;0;0;-38,519330;-3,745307;;;
250367;13;4;2015;16:30;0;AV EDILSON B SOARES;;;;;Colisão Traseira;Via Iluminada;Bom;Seca;Meio de Quadra;Outros;Comercial;0;0;2;1;0;0;0;0;0;0;0;0;;;;;
250369;13;4;2015;20:20;0;RUA SEN POMPEU;;;1501;;Colisão Lateral;Via Iluminada;Nublado;Seca;Meio de Quadra;Não Há Controle;Comercial;0;0;2;1;0;0;1;0;0;0;0;0;-38,531094;-3,731762;;;
250377;13;4;2015;13:00;0;AV JOR THOMAZ COELHO;;;731;;Colisão Lateral;;Bom;Seca;Meio de Quadra;;Residencial;0;0;2;0;1;0;0;0;0;0;0;0;-38,502889;-3,831565;;;
250378;13;4;2015;08:30;0;AV DOMINGOS OLIMPIO;;;1021;;Engavetamento;Luz do Dia;Chuva;Molhada;Meio de Quadra;Semáforo;Comercial;0;0;2;1;0;0;0;0;0;0;0;0;-38,532741;-3,736095;;;
250371;13;4;2015;19:30;0;RUA ROCHA LIMA;;;483;;Colisão Traseira;Via Iluminada;Bom;Seca;Meio de Quadra;Não Há Controle;Comercial;0;0;2;1;0;0;0;0;0;0;0;0;-38,519683;-3,737227;;;
250375;13;4;2015;18:00;0;AV PRS COSTA E SILVA;;;;;Colisão Traseira;Mal Iluminada;Bom;Seca;Meio de Quadra;Não Há Controle;Comercial;0;1;1;1;0;0;0;0;0;1;0;0;;;;;
250389;13;4;2015;09:00;0;AV PRS COSTA E SILVA;;;641;;Colisão Lateral;;Nublado;Seca;Meio de Quadra;;Residencial;0;0;2;1;0;0;1;0;0;0;0;0;;;;;
250384;13;4;2015;20:00;0;AV HIS RAIMUNDO GIRAO;;;574;;Colisão Lateral;Anoitecer;Bom;Seca;Meio de Quadra;Pare;Residencial;0;1;1;1;0;0;0;0;0;1;0;0;-38,510992;-3,720962;;;
250386;13;4;2015;18:25;0;AV GOV RAUL BARBOSA;;;900;;Colisão Traseira;Via Iluminada;Nublado;Seca;Meio de Quadra;Não Há Controle;Comercial;0;0;2;1;0;0;1;0;0;0;0;0;-38,504626;-3,759012;;;
250392;13;4;2015;16:30;1508;RUA CATAO MAMEDE;RUA TIBURCIO CAVALCANTE;;;;Colisão Lateral;Luz do Dia;Bom;Seca;Cruz;Pare;Comercial;0;0;2;0;0;0;0;0;0;0;0;0;-38,503842;-3,739901;;;
250397;13;4;2015;18:45;0;AV PRS CASTELO BRANCO;;;1001;;Colisão Transversal;;Bom;Seca;Meio de Quadra;Não Há Controle;Misto;0;2;0;1;0;0;0;0;0;0;0;0;-38,532533;-3,719131;;;
250394;13;4;2015;09:20;7658;RUA RIO GRANDE DO NORTE;RUA GOIAS;;;;Colisão Transversal;;Nublado;;Cruz;;;0;1;1;1;0;0;0;0;0;1;0;0;-38,566333;-3,759391;;;
250405;13;4;2015;07:00;19871;RUA STA QUITERIA;RUA TOBIAS BARRETO;;;;Colisão Transversal;Luz do Dia;Bom;Seca;Cruz;Pare;Residencial;0;0;2;1;0;0;0;0;0;0;0;0;-38,540106;-3,759128;;;
250401;13;4;2015;09:00;10373;RUA PERILIO TEIXEIRA;RUA NOSSA SRA APARECIDA;;;;Colisão Transversal;Luz do Dia;Nublado;Seca;Cruz;Pare;Misto;0;0;2;1;0;0;0;0;0;0;0;0;-38,601606;-3,758048;;;
250402;13;4;2015;17:00;13372;RUA NOGUEIRA ACIOLI;RUA JOAO BRIGIDO;;;;Colisão Transversal;Luz do Dia;Bom;Seca;Cruz;Semáforo;Residencial;0;1;1;1;0;0;0;0;0;1;0;0;-38,520044;-3,739259;;;
250399;13;4;2015;14:50;0;AV SANTOS DUMONT;;;5782;;Colisão;Luz do Dia;;Seca;Meio de Quadra;;Comercial;0;1;1;0;0;0;0;0;0;1;0;0;-38,479746;-3,742233;;;
250407;13;4;2015;16:40;0;AV 13 DE MAIO;;;;;Colisão Traseira;Via Iluminada;Bom;Seca;Outros;Não Há Controle;Comercial;0;0;2;1;0;0;0;0;0;0;0;0;;;;;
250408;13;4;2015;18:40;0;AV SGT HERMINIO SAMPAIO;;;4291;;Colisão Lateral;Via Iluminada;Nublado;Seca;Meio de Quadra;Outros;Residencial;0;1;1;0;1;0;0;0;0;1;0;0;;;;;
250409;13;4;2015;18:30;23800;RUA COM GARCIA;RUA PLACIDO DE CASTRO;;;;Colisão Transversal;Via Iluminada;Bom;Seca;Cruz;Pare;Comercial;0;0;2;1;0;0;0;0;0;0;0;0;-38,582889;-3,792804;;;
250410;13;4;2015;23:30;9072;AV PONTES VIEIRA;AV 13 DE MAIO;;;;Colisão Traseira;Via Iluminada;Bom;Seca;Outros;Não Há Controle;Comercial;0;0;2;1;1;0;0;0;0;0;0;0;-38,520486;-3,753544;;;
250411;13;4;2015;16:20;0;AV PRS COSTA E SILVA;;;449;;Colisão Traseira;Amanhecer;Nublado;Seca;Meio de Quadra;Semáforo;Residencial;0;0;2;0;0;0;1;0;0;0;0;0;;;;;
250412;13;4;2015;17:15;4080;RUA CEARA;AV JOSE BASTOS;;;;Colisão Lateral;Luz do Dia;Bom;Seca;Cruz;Pare;;0;0;2;1;0;0;0;0;0;0;0;0;-38,564112;-3,760008;;;
250416;13;4;2015;08:40;25007;AV JOAO PESSOA;RUA ROMEU MARTINS;;;;Colisão Lateral;Luz do Dia;Chuva;Molhada;T;Pare;Comercial;0;0;2;1;1;0;0;0;0;0;0;0;-38,557972;-3,762774;;;
250417;13;4;2015;09:30;17416;RUA ELVIRA PINHO;RUA EDITE BRAGA;;;;Colisão Lateral;Luz do Dia;Chuva;Molhada;Cruz;Pare;Residencial;0;0;2;1;0;0;0;1;0;0;0;0;-38,553552;-3,768064;;;
250418;13;4;2015;16:30;1432;AV SEN VIRGILIO TAVORA;AV SANTOS DUMONT;;;;Engavetamento;Via Iluminada;Bom;Seca;Cruz;Semáforo;Comercial;0;0;3;1;0;0;1;0;0;0;0;0;-38,493482;-3,737828;;;
250419;13;4;2015;18:00;23436;RUA CAP GUSTAVO;RUA MON SALAZAR;;;;Colisão Lateral;Anoitecer;Bom;Seca;Cruz;Pare;Comercial;0;0;2;0;0;0;1;0;0;0;0;0;-38,516507;-3,756364;;;
250420;13;4;2015;11:10;25890;AV H CJ CEARA;RUA BARRA VERMELHA;;;;Colisão Traseira;Luz do Dia;Chuva;Seca;Cruz;Não Há Controle;Residencial;0;0;2;1;1;0;0;0;0;0;0;0;-38,611523;-3,775983;;;
250421;13;4;2015;07:05;11730;RUA JULIO BRAGA;RUA MENINO JESUS DE PRAGA;;;;Colisão Transversal;Luz do Dia;Chuva;Molhada;Cruz;Pare;Misto;0;0;2;1;0;0;1;0;0;0;0;0;-38,583875;-3,773580;;;
250422;13;4;2015;21:07;0;RUA ROCHA LIMA;;;483;;Outros;Via Iluminada;Bom;Seca;Meio de Quadra;Não Há Controle;Comercial;0;0;2;0;0;0;0;1;0;0;0;0;-38,519683;-3,737227;;;
250424;13;4;2015;22:30;0;AV JOSE BASTOS;;;2736;;Colisão Traseira;Via Iluminada;Bom;Seca;Meio de Quadra;Não Há Controle;Comercial;0;1;1;1;0;0;0;0;0;1;0;0;-38,544940;-3,744525;;;
250425;14;4;2015;10:30;22176;AV ENG HUMBERTO MONTE;AV JOSE BASTOS;;;;Colisão Traseira;Luz do Dia;Chuva;Molhada;T;Semáforo;Comercial;0;0;2;1;0;0;0;0;0;0;0;0;-38,555455;-3,754966;;;
250428;14;4;2015;15:50;0;AV BAR STUDART;;;1127;;Colisão Lateral;Luz do Dia;Chuva;Molhada;Meio de Quadra;Outros;Comercial;0;0;2;1;1;0;0;0;0;0;0;0;-38,506628;-3,734613;;;
250429;14;4;2015;10:20;5258;RUA PEDRO I;RUA PDE MORORO;;;;Colisão Transversal;Luz do Dia;Chuva;Molhada;Cruz;Pare;Comercial;0;0;2;1;1;0;0;0;0;0;0;0;-38,538290;-3,728123;;;
250430;14;4;2015;21:15;0;AV DOM LUIS;;;502;PRACA PORTUGAL;Colisão Lateral;Via Iluminada;Bom;Seca;Meio de Quadra;Não Há Controle;Comercial;0;0;2;1;0;0;0;0;0;0;0;0;-38,497304;-3,733243;;;
250431;14;4;2015;18:30;0;AV GOV RAUL BARBOSA;;;900;;Colisão Transversal;Anoitecer;Nublado;Seca;Meio de Quadra;Não Há Controle;Comercial;0;0;2;1;0;0;1;0;0;0;0;0;-38,504626;-3,759012;;;
250423;14;4;2015;10:00;25125;RUA DNA LEOPOLDINA;RUA ROCHA LIMA;;;;Colisão Transversal;Luz do Dia;Chuva;Molhada;Cruz;Pare;Rural;0;0;2;1;0;0;0;0;0;1;0;0;-38,521427;-3,736665;;;
250413;14;4;2015;08:45;7762;AV ANTONIO SALES;RUA NUNES VALENTE;;;;Colisão Transversal;Luz do Dia;Chuva;Molhada;Cruz;Pare;Comercial;0;0;2;1;0;0;0;0;0;1;0;0;-38,506314;-3,744237;;;
250415;14;4;2015;13:45;15610;RUA VASCO DE ATAIDE;RUA MUNIZ FREIRE;;;;Colisão Transversal;Luz do Dia;Chuva;Molhada;T;Pare;Residencial;0;1;1;1;0;0;0;0;0;1;0;0;-38,488182;-3,823871;;;
250438;14;4;2015;19:30;13564;RUA CAP GUSTAVO;RUA CASTRO ALVES;;;;Colisão Lateral;Via Iluminada;Nublado;Seca;Cruz;Pare;Residencial;0;0;2;1;0;0;0;0;0;0;0;0;-38,517747;-3,749887;;;
250453;14;4;2015;15:00;0;AV JOAO PESSOA;;;6754;SESI;Queda;Luz do Dia;Chuva;Molhada;Meio de Quadra;;Comercial;0;1;1;0;1;0;0;0;0;1;0;0;-38,560544;-3,769014;;;
250454;14;4;2015;13:20;1358;AV SANTOS DUMONT;AV DES MOREIRA;;;;Colisão Traseira;Luz do Dia;Nublado;Seca;Cruz;Semáforo;Comercial;0;0;2;1;0;0;0;0;0;0;0;0;-38,498365;-3,736226;;;
250455;14;4;2015;08:40;0;AV DOMINGOS OLIMPIO;;;2105;;Engavetamento;Luz do Dia;Chuva;Molhada;Meio de Quadra;Não Há Controle;Residencial;0;2;2;1;0;0;0;0;0;0;0;0;-38,542388;-3,732993;;;
250456;14;4;2015;07:20;25087;AV ALM MAXIMIANO DA FONSECA;AV PINTO BANDEIRA D56;;;;Colisão Lateral;Luz do Dia;Chuva;Molhada;Cruz;Pare;Misto;0;0;2;1;0;0;0;0;0;1;0;0;-38,486067;-3,771039;;;
250457;14;4;2015;17:00;15317;RUA TEN BENEVOLO;RUA NUNES VALENTE;;;;Colisão Transversal;Anoitecer;Nublado;Molhada;Cruz;Pare;Residencial;0;0;2;1;0;0;0;0;0;0;0;0;-38,501859;-3,730365;;;
250458;14;4;2015;18:50;25149;AV DOM LUIS;RUA MON CATAO;;;;Colisão Transversal;Via Iluminada;;Molhada;T;Pare;Comercial;0;0;2;1;0;0;0;0;0;0;0;0;-38,489602;-3,735758;;;
250459;14;4;2015;18:30;12068;AV CASTELO DE CASTRO;AV MON AMARILIO RODRIGUES;;;;Colisão Lateral;Via Iluminada;Bom;Seca;Cruz;Semáforo;Misto;0;0;2;1;0;0;0;0;0;0;0;0;-38,521635;-3,835217;;;
250433;14;4;2015;11:23;0;AV PRS JUSCELINO KUBITSCHEK (PASSARÉ);;;370;;Colisão Traseira;Luz do Dia;Nublado;Molhada;Meio de Quadra;Semáforo;Misto;0;1;1;1;0;0;0;0;0;0;0;0;;;;;
250434;14;4;2015;15:40;20269;AV PRS JUSCELINO KUBITSCHEK (PASSARÉ);RUA ELDORADO;;;;Colisão Transversal;Luz do Dia;Nublado;Molhada;Cruz;Semáforo;Comercial;0;0;2;1;0;0;0;0;0;0;0;0;-38,531633;-3,816307;;;
250435;14;4;2015;19:00;1388;RUA LEONARDO MOTA;AV SANTOS DUMONT;;;;Colisão Traseira;Via Iluminada;Bom;Seca;Cruz;Semáforo Intermitente;Comercial;0;0;3;0;0;0;0;0;0;0;0;0;-38,496397;-3,736857;;;
250436;14;4;2015;13:00;0;RUA 15 DE NOVEMBRO;;;831;;Colisão Lateral;Luz do Dia;Nublado;Molhada;Meio de Quadra;Semáforo;Residencial;0;0;2;1;0;0;1;0;0;0;0;0;-38,552899;-3,770006;;;
250440;14;4;2015;11:00;5234;RUA PEREIRA FILGUEIRAS;RUA NOGUEIRA ACIOLI;;;;Colisão Transversal;Luz do Dia;Chuva;Molhada;Cruz;Pare;Comercial;0;0;2;1;0;0;0;0;0;0;0;0;-38,516029;-3,727333;;;
250441;14;4;2015;21:10;0;RUA PDE IBIAPINA;;;;;Colisão Lateral;Via Iluminada;Bom;Molhada;Meio de Quadra;Semáforo;Outros;0;0;2;1;1;0;0;0;0;0;0;0;;;;;
250395;14;4;2015;10:00;20129;AV DEP PAULINO ROCHA;RUA POMPILIO GOMES;;;;Colisão Lateral;Luz do Dia;Nublado;Molhada;Duplo T;Semáforo;Comercial;0;0;2;1;1;0;0;0;0;0;0;0;-38,519652;-3,810076;;;
250396;14;4;2015;08:30;5777;RUA CHICO LEMOS;RUA JOSE A CAVALCANTE;;;;Colisão Transversal;Luz do Dia;Chuva;Molhada;Cruz;Pare;Residencial;0;0;2;1;0;0;0;0;0;0;0;0;-38,499317;-3,790905;;;
250393;14;4;2015;12:40;0;AV SEN CARLOS JEREISSATI (AEROPORTO);;;3000;AEROPORTO;Colisão Lateral;Luz do Dia;Bom;Seca;Outros;Não Há Controle;Comercial;0;0;2;1;1;0;0;0;0;0;0;0;-38,541414;-3,780382;;;
250390;14;4;2015;20:30;12068;AV CASTELO DE CASTRO;AV MON AMARILIO RODRIGUES;;;;Colisão Lateral;Via Iluminada;Chuva;Molhada;Cruz;Semáforo Intermitente;Misto;0;0;2;1;0;0;0;0;0;1;0;0;-38,521635;-3,835217;;;
250391;14;4;2015;19:20;0;AV BEIRA MAR;;;3080;;Colisão Traseira;Via Iluminada;Bom;Seca;Meio de Quadra;Não Há Controle;Comercial;0;0;2;1;0;0;0;0;0;0;0;0;-38,493390;-3,725881;;;
261878;14;4;2015;10:53;0;RUA DELMIRO FARIAS;;;;;Colisão;Luz do Dia;;;Meio de Quadra;;;0;1;1;1;0;0;0;0;0;1;0;0;-38,545008;-3,752563;;;
261879;14;4;2015;12:41;0;AV CARAPINIMA;;;;;Atropelamento;Luz do Dia;;;Meio de Quadra;;;0;1;1;1;0;0;0;0;0;0;0;0;;;;;
261880;14;4;2015;13:11;0;AV GODOFREDO MACIEL;;;;;Colisão;Luz do Dia;;;Meio de Quadra;;;0;1;1;1;0;0;0;0;0;1;0;0;;;;;
261885;14;4;2015;14:32;0;AV JOR JOAO RAMOS;;;;;Colisão;Luz do Dia;;;Meio de Quadra;;;0;1;1;1;0;0;0;0;0;1;0;0;-38,581642;-3,839780;;;