COD_ACIDENTE;DIA;MES;ANO;HORA;INTERSECAO;LOG1;LOG2;LOG3;NUMERO;REFERENCIA;NATUREZA;ILUMINACAO;TEMPO;SUPERFICIEPISTA;TIPOCRUZAMENTO;CONTROLETRAFEGO;USOSOLO;MORTOS;FERIDOS;ILESOS;AUTOMOVEL;ONIBUS;BICICLETA;CAMINHAO;MICROONIBUS;CICLOMOTOR;MOTOCICLETA;TRACAOANIMAL;TREM;LONG;LAT;;;
261886;14;4;2015;15:09;0;AV JOAO PESSOA;;;;;Colisão;Luz do Dia;;;Meio de Quadra;;;0;1;1;1;0;0;0;0;0;1;0;0;-38,561031;-3,770199;;;
261887;14;4;2015;16:17;0;RUA MIGUEL GURGEL;;;;;Colisão;Luz do Dia;;;Meio de Quadra;;;0;1;2;1;0;0;0;0;0;1;0;0;;;;;
261888;14;4;2015;16:53;577;AV FRANCISCO SA;AV DR THEBERGE;;;;Atropelamento;Luz do Dia;;;Cruz;Semáforo;Comercial;0;1;1;1;0;0;0;0;0;0;0;0;-38,565016;-3,714822;;;
261890;14;4;2015;16:53;0;AV PRS CASTELO BRANCO;;;;;Queda;Luz do Dia;;;Meio de Quadra;;;0;1;0;0;0;0;0;0;0;1;0;0;-38,572050;-3,707078;;;
261891;14;4;2015;17:39;0;RUA SALGADO FILHO;;;;;Colisão;Anoitecer;;;Meio de Quadra;;;0;1;1;0;0;0;0;0;0;1;0;0;;;;;
261875;14;4;2015;10:40;0;RUA MIN ALBUQUERQUE LIMA;;;;;Queda;Luz do Dia;;;Meio de Quadra;;;0;1;0;0;0;0;0;0;0;1;0;0;;;;;
261895;14;4;2015;21:57;1484;RUA JOAQUIM NABUCO;AV PDE ANTONIO TOMAS;;;;;;;;Cruz;Semáforo;Comercial;0;1;1;1;0;0;0;0;0;1;0;0;-38,502569;-3,739222;;;
259162;14;4;2015;13:30;0;RD CE-040;;;;KM-03;Colisão;Luz do Dia;Bom;Seca;Meio de Quadra;;;0;0;2;1;0;0;0;0;0;0;0;0;-38,481014;-3,783185;;;
259150;14;4;2015;06:45;0;RD CE-040;;;;KM-08;Colisão;Via Iluminada;;Molhada;Meio de Quadra;;;0;0;2;1;0;0;0;0;0;0;0;0;-38,481317;-3,823332;;;
258104;14;4;2015;16:00;0;RUA MARIA JULIA;;;;;Colisão;Luz do Dia;;;Meio de Quadra;;;0;1;0;1;0;0;0;0;0;0;0;0;;;;;
258101;14;4;2015;11:00;0;AV HIS RAIMUNDO GIRAO;;;;;Colisão;Luz do Dia;;;Meio de Quadra;;;0;1;0;1;0;0;0;0;0;0;0;0;;;;;
260456;14;4;2015;10:30;0;TR GENIBAU;;;;;Colisão;Luz do Dia;;;Meio de Quadra;;;0;0;2;1;0;0;1;0;0;0;0;0;;;;;
260460;14;4;2015;11:58;1358;AV SANTOS DUMONT;AV DES MOREIRA;;;;Colisão;Luz do Dia;;;Cruz;Semáforo;Comercial;0;0;2;1;1;0;0;0;0;0;0;0;-38,498365;-3,736226;;;
266619;14;4;2015;09:53;10406;RUA PERILIO TEIXEIRA;AV GENIBAU;;;;Colisão;Luz do Dia;;;Cruz;Pare;Comercial;0;0;2;0;0;0;0;0;0;0;0;0;-38,602050;-3,760373;;;
266622;14;4;2015;11:11;0;RUA DR CARLOS R PAMPLONA;;;128;;Colisão;Luz do Dia;;;Meio de Quadra;;;0;0;2;0;0;0;0;0;0;0;0;0;;;;;
266624;14;4;2015;12:11;2694;RUA ZACARIAS FLORINDO;RUA JOSE MARTINS;;;;Colisão;Luz do Dia;;;;;;0;0;2;0;0;0;0;0;0;0;0;0;-38,606301;-3,787388;;;
266625;14;4;2015;20:35;0;RUA 7 UI 901;;;57;;Colisão;;;;Meio de Quadra;;;0;0;2;0;0;0;0;0;0;0;0;0;;;;;
250339;14;4;2015;13:31;0;AV SANTOS DUMONT;;;3625;;Colisão Lateral;Luz do Dia;Bom;Seca;Meio de Quadra;Não Há Controle;Comercial;0;1;1;1;0;0;0;0;0;1;0;0;-38,491957;-3,738296;;;
250334;14;4;2015;06:00;0;AV SEN FERNANDES TAVORA;;;;;Colisão Lateral;Luz do Dia;Chuva;Seca;Meio de Quadra;Não Há Controle;Misto;0;0;2;0;0;0;0;1;0;0;0;0;;;;;
256893;14;4;2015;11:30;0;RUA CON DE CASTRO;;;3918;CENTERBOX;Colisão;Luz do Dia;;;Meio de Quadra;;;0;1;0;1;0;0;0;0;0;1;0;0;-38,587871;-3,800511;;;
258368;15;4;2015;17:00;3242;RUA JOSE ARISTOTELES GONDIM;RUA PRIMEIRO DE MAIO D34;;;;Colisão;Anoitecer;;;Cruz;Pare;Residencial;1;0;1;1;0;0;0;0;0;1;0;0;-38,586280;-3,783524;;;
266869;15;4;2015;18:36;15340;RUA CEL LINHARES;RUA CANUTO DE AGUIAR;;;;Colisão;;;;Cruz;Pare;Residencial;0;0;2;0;0;0;0;0;0;0;0;0;-38,492546;-3,731563;;;
266870;15;4;2015;18:42;0;AV ENG HUMBERTO MONTE;;;194625;;Colisão;;;;Meio de Quadra;;;0;0;2;0;0;0;0;0;0;0;0;0;;;;;
266871;15;4;2015;18:52;5153;RUA TEN BENEVOLO;RUA RODRIGUES JUNIOR;;;;Colisão;;;;T;Não Há Controle;Residencial;0;0;2;0;0;0;0;0;0;0;0;0;-38,518746;-3,724892;;;
266872;15;4;2015;19:10;0;RUA PEDRO DE SOUZA;;;423;;Colisão;;;;Meio de Quadra;;;0;0;2;0;0;0;0;0;0;0;0;0;-38,499373;-3,852426;;;
266873;15;4;2015;20:01;0;AV I CJ JOSE WALTER;;;;;Colisão;;;;Meio de Quadra;;;0;0;2;0;0;0;0;0;0;0;0;0;;;;;
266874;15;4;2015;21:41;0;RUA ROSINHA SAMPAIO;;;1716;;Colisão;;;;Meio de Quadra;;;0;0;2;0;0;0;0;0;0;0;0;0;-38,594962;-3,724932;;;
266875;15;4;2015;22:30;0;AV FRANCISCO SA;;;1700;;Atropelamento;;;;Meio de Quadra;;;0;0;2;0;0;0;0;0;0;0;0;0;;;;;
266631;15;4;2015;10:33;12875;AV DOMINGOS OLIMPIO;RUA COS TRISTAO;;;;Colisão;Luz do Dia;;;T;Não Há Controle;Misto;0;0;2;0;0;0;0;0;0;0;0;0;-38,526351;-3,738077;;;
266632;15;4;2015;10:41;0;AV ALM HENRIQUE SABOIA;;;267;;Colisão;Luz do Dia;;;Meio de Quadra;;;0;0;2;0;0;0;0;0;0;0;0;0;;;;;
266627;15;4;2015;10:25;15264;RUA PAULA BARROS;AV ANTONIO JUSTA;;;;Colisão;Luz do Dia;;;T;Pare;Residencial;0;0;2;0;0;0;0;0;0;0;0;0;-38,492035;-3,728451;;;
266635;15;4;2015;14:28;0;RUA A UI 301;;;211;;Colisão;Luz do Dia;;;Meio de Quadra;;;0;0;2;0;0;0;0;0;0;0;0;0;;;;;
266637;15;4;2015;16:09;6752;AV SANTOS DUMONT;RUA PRO OTAVIO LOBO;;;;Atropelamento;Luz do Dia;;;Cruz;Semáforo;Residencial;0;0;2;0;0;0;0;0;0;0;0;0;-38,477829;-3,742845;;;
266639;15;4;2015;18:34;0;RUA DOM HELIO CAMPOS D21;;;375;;Colisão;;;;Meio de Quadra;;;0;0;2;0;0;0;0;0;0;0;0;0;-38,555863;-3,714354;;;
266641;15;4;2015;18:36;7762;AV ANTONIO SALES;RUA NUNES VALENTE;;;;Colisão;;;;Cruz;Pare;Residencial;0;0;2;0;0;0;0;0;0;0;0;0;-38,506314;-3,744237;;;
260470;15;4;2015;10:45;14588;AV EDILSON B SOARES;RUA JOAO REGINO;;;;Colisão;Luz do Dia;;;Cruz;Pare;Misto;0;0;2;1;0;0;0;0;0;0;0;0;-38,483001;-3,789663;;;
260467;15;4;2015;16:22;0;AV DOM LUIS;;;;;Colisão;Luz do Dia;;;Meio de Quadra;;;0;0;2;1;1;0;0;0;0;0;0;0;;;;;
260468;15;4;2015;07:44;0;RUA BERNARDO MANUEL;;;;;Colisão;Luz do Dia;;;Meio de Quadra;;;0;0;2;1;1;0;0;0;0;0;0;0;;;;;
258113;15;4;2015;22:00;0;RUA PRO COSTA MENDES;;;1872;;Colisão;;;;Meio de Quadra;;;0;1;0;1;0;0;0;0;0;0;0;0;-38,553940;-3,748333;;;
258105;15;4;2015;10:30;12863;AV DOMINGOS OLIMPIO;RUA FLORIANO PEIXOTO;;;;Colisão;Luz do Dia;;;Cruz;Pare;Comercial;0;1;0;1;0;0;0;0;0;0;0;0;-38,530313;-3,736976;;;
258106;15;4;2015;09:00;0;AV PRS CASTELO BRANCO;;;;;Colisão;Luz do Dia;;;Meio de Quadra;;;0;1;0;1;0;0;0;0;0;0;0;0;;;;;
258858;15;4;2015;17:50;0;RD BR 222;;;;KM-02;Colisão Traseira;Anoitecer;Bom;Seca;Meio de Quadra;Não Há Controle;Comercial;0;2;1;1;0;0;0;0;0;1;0;0;-38,586880;-3,738951;;;
259168;15;4;2015;17:50;0;RD CE-040;;;;KM-09;Colisão;Via Iluminada;;Seca;Meio de Quadra;;;0;0;2;1;0;0;1;0;0;0;0;0;-38,481431;-3,824774;;;
259164;15;4;2015;09:00;0;RD CE-040;;;;KM-01;Colisão;Luz do Dia;;Seca;Meio de Quadra;;;0;0;3;1;0;0;0;0;0;0;0;0;-38,483270;-3,754877;;;
259175;15;4;2015;15:20;0;RD CE-060;;;;KM-01;Queda;Luz do Dia;;Molhada;Meio de Quadra;;;0;1;0;0;0;0;0;0;0;1;0;0;-38,576995;-3,819537;;;
261897;15;4;2015;08:00;0;AV ALBERTO CRAVEIRO;;;;;Queda;Luz do Dia;;;Meio de Quadra;;;0;1;0;0;0;0;0;0;0;1;0;0;;;;;
261899;15;4;2015;08:12;0;AV PRS CASTELO BRANCO;;;;;Queda;Luz do Dia;;;Meio de Quadra;;;0;1;0;0;0;0;0;0;0;1;0;0;;;;;
261901;15;4;2015;08:32;0;AV CARAPINIMA;;;;;Queda;Luz do Dia;;;Meio de Quadra;;;0;1;0;0;0;0;0;0;0;1;0;0;-38,538112;-3,738079;;;
261902;15;4;2015;09:03;0;AV PRS CASTELO BRANCO;;;;;Colisão;Luz do Dia;;;Meio de Quadra;;;0;1;1;1;0;1;0;0;0;0;0;0;;;;;
261904;15;4;2015;09:32;0;AV JOSE BASTOS;;;;;Colisão;Luz do Dia;;;Meio de Quadra;;;0;0;2;1;0;0;1;0;0;0;0;0;;;;;
261905;15;4;2015;12:27;0;RUA PDE PEDRO DE ALENCAR;;;;;Atropelamento;Luz do Dia;;;Meio de Quadra;;;0;2;0;0;0;0;0;0;0;1;0;0;-38,493899;-3,830795;;;
261913;15;4;2015;13:27;18387;AV SGT HERMINIO SAMPAIO;AV OLAVO BILAC;;;;Colisão;Luz do Dia;;;Cruz;Semáforo;Residencial;0;1;1;0;0;0;0;0;0;0;0;0;-38,565080;-3,727179;;;
261914;15;4;2015;13:34;17377;RUA ELVIRA PINHO;RUA BAR CANINDE;;;;Colisão;Luz do Dia;;;Cruz;Pare;Misto;0;1;1;1;0;0;0;0;0;1;0;0;-38,556147;-3,766881;;;
261915;15;4;2015;14:18;26077;AV DUQ CAXIAS;AV JOSE JATAHY;;;;Colisão;Luz do Dia;;;T;Pare;Comercial;0;0;2;0;0;0;0;0;0;0;0;0;;;;;
261916;15;4;2015;14:43;0;RUA VALPARAISO;;;;;Colisão;Luz do Dia;;;Meio de Quadra;;;0;1;1;0;0;0;0;0;0;0;0;0;-38,509262;-3,849850;;;
261942;15;4;2015;17:16;0;RUA DOM HELIO CAMPOS D21;;;;;Queda;Anoitecer;;;Meio de Quadra;;;0;1;1;0;0;0;0;0;0;1;0;0;;;;;
261943;15;4;2015;17:44;0;AV MR HULL;;;;;Colisão;Anoitecer;;;Meio de Quadra;;;0;1;1;1;0;0;0;0;0;1;0;0;;;;;
261944;15;4;2015;19:28;0;RUA MINAS GERAIS;;;;;Colisão;;;;Meio de Quadra;;;0;2;0;0;0;0;0;0;0;1;0;0;;;;;
261945;15;4;2015;22:24;0;AV PRS CASTELO BRANCO;;;2345;;Atropelamento;;;;Meio de Quadra;;;0;1;1;0;0;0;0;0;0;0;0;0;-38,548800;-3,713650;;;
261908;15;4;2015;12:31;0;AV DEP PAULINO ROCHA;;;;;Queda;Luz do Dia;;;Meio de Quadra;;;0;1;0;0;0;0;0;0;0;1;0;0;-38,507467;-3,801657;;;
261931;15;4;2015;15:22;25563;RUA JOAO AMORA;RUA FERNANDO FARIAS DE MELO (MANUEL SÁTIRO);;;;Colisão;Luz do Dia;;;Cruz;;;0;1;1;1;0;0;0;0;0;1;0;0;-38,578476;-3,799994;;;
261932;15;4;2015;15:23;0;AV PASTEUR;;;;;Atropelamento;Luz do Dia;;;Meio de Quadra;;;0;1;1;1;0;0;0;0;0;0;0;0;-38,560255;-3,715391;;;
261938;15;4;2015;15:58;0;AV FRANCISCO SA;;;;;Colisão;Luz do Dia;;;Meio de Quadra;;;0;0;2;1;0;0;0;0;0;1;0;0;;;;;
250442;15;4;2015;15:15;5415;RUA GAL CLARINDO DE QUEIROZ;RUA FLORIANO PEIXOTO;;;;Colisão Transversal;Luz do Dia;Bom;Seca;Cruz;Pare;Comercial;0;0;2;1;0;0;0;0;0;0;0;0;-38,529027;-3,733049;;;
250443;15;4;2015;22:00;1243;RUA PEREIRA FILGUEIRAS;RUA DR JOSE LOURENCO;;;;Colisão Transversal;Via Iluminada;Bom;Seca;Cruz;Pare;Residencial;0;0;2;1;0;0;0;0;0;0;0;0;-38,506470;-3,730449;;;
250444;15;4;2015;18:30;25307;AV JOSE LEON;AV DES GONZAGA;;;;Colisão Traseira;Via Iluminada;Bom;Seca;Outros;Não Há Controle;Residencial;0;0;2;1;0;0;0;0;0;0;0;0;-38,504513;-3,787080;;;
250445;15;4;2015;20:25;1064;AV ENG LEAL LIMA VERDE (SAPIRANGA/COITE);RUA STA MARTHA;;;;Colisão;Via Iluminada;Bom;Seca;T;Pare;Residencial;0;1;2;1;0;0;0;0;0;1;0;0;-38,474761;-3,806631;;;
250446;15;4;2015;13:15;11729;RUA DIOGO CORREIA;RUA JOSE GASPAR;;;;Colisão Lateral;Luz do Dia;Bom;Seca;T;Pare;Residencial;0;0;2;1;0;0;0;0;0;0;0;0;-38,588831;-3,773538;;;
250447;15;4;2015;15:53;7389;RUA CURITIBA;RUA MACEIO;;;;Colisão Transversal;Luz do Dia;Bom;Seca;Cruz;Pare;Residencial;0;1;1;0;0;0;0;0;0;1;0;0;-38,587581;-3,758004;;;
250448;15;4;2015;09:50;0;AV ANTONIO SALES;;;239;;Colisão Traseira;Luz do Dia;Bom;Seca;Meio de Quadra;Não Há Controle;Comercial;0;1;1;0;0;0;0;0;0;0;0;0;-38,519314;-3,740182;;;
250450;15;4;2015;12:00;10680;RUA GONTRAN GIFFONI;RUA REV BOLIVAR P BANDEIRA;;;;Colisão Transversal;Luz do Dia;Bom;Seca;Cruz;Pare;Residencial;0;0;2;1;0;0;0;0;0;0;0;0;-38,491413;-3,768527;;;
250451;15;4;2015;09:40;9147;RUA CARLOS RIBEIRO;RUA DOM SEBASTIAO LEME;;;;Colisão Transversal;;Bom;Seca;Cruz;Pare;Comercial;0;0;2;0;0;0;0;0;0;0;0;0;-38,526198;-3,746500;;;
250452;15;4;2015;10:30;0;RUA CEL ALEXANDRINO;RUA ALBERTO MAGNO;;851;;Colisão Lateral;Luz do Dia;Bom;Seca;;;;0;0;2;1;0;0;0;0;0;0;0;0;-38,550902;-3,766365;;;
250426;15;4;2015;13:20;25140;AV ALM MAXIMIANO DA FONSECA;RUA CAIO CID;;;;Colisão Transversal;Luz do Dia;Bom;Seca;T;Não Há Controle;Comercial;0;0;2;1;0;0;0;0;0;0;0;0;-38,484125;-3,771580;;;
250427;15;4;2015;17:00;11849;AV FRANCISCO SA;AV JOSE BASTOS;;;;Colisão Lateral;Anoitecer;;Seca;Cruz;Semáforo;Residencial;0;0;2;1;0;0;0;0;0;0;0;0;-38,546905;-3,720843;;;
250542;15;4;2015;09:20;0;AV GOV RAUL BARBOSA;;;;;Colisão Traseira;Luz do Dia;Bom;Seca;Meio de Quadra;Gesto;Comercial;0;1;1;1;0;0;0;0;0;1;0;0;;;;;
250546;15;4;2015;;5436;RUA GAL CLARINDO DE QUEIROZ;RUA JAIME BENEVOLO;;;;Colisão Transversal;Via Iluminada;Bom;Seca;Cruz;Pare;Comercial;0;0;2;1;0;0;0;0;0;0;0;0;-38,526017;-3,734060;;;
250548;15;4;2015;13:40;5323;RUA EDGAR BORGES;RUA PEDRO PEREIRA;;;;Colisão Traseira;Luz do Dia;Bom;Seca;Cruz;Pare;Comercial;0;0;2;1;0;0;0;0;0;0;0;0;-38,527197;-3,730116;;;
250550;15;4;2015;18:50;1351;RUA TIBURCIO CAVALCANTE;RUA DES LEITE ALBUQUERQUE;;;;Colisão Transversal;Via Iluminada;Bom;Seca;Cruz;Pare;Residencial;0;2;1;1;0;0;0;0;0;0;0;0;-38,502587;-3,735956;;;
250552;15;4;2015;21:15;8886;RUA JUSTINIANO DE SERPA;RUA BELA CRUZ;;;;Colisão Lateral;Via Iluminada;Bom;Seca;Cruz;Pare;Residencial;0;0;2;1;0;0;0;0;0;0;0;0;-38,542256;-3,734024;;;
250553;15;4;2015;14:40;0;RUA JOAQUIM LIMA;;;699;;Colisão Lateral;Luz do Dia;Bom;Seca;Meio de Quadra;Não Há Controle;Comercial;0;0;2;1;0;0;1;0;0;0;0;0;-38,480105;-3,741212;;;
250554;15;4;2015;09:00;0;AV CARNEIRO DE MENDONCA;;;1512;;Engavetamento;Luz do Dia;Nublado;Seca;Meio de Quadra;Não Há Controle;Comercial;0;0;3;1;1;0;0;0;0;0;0;0;-38,572175;-3,761203;;;
250563;15;4;2015;15:14;20042;AV DEP PAULINO ROCHA;AV ALBERTO CRAVEIRO;;;;Colisão Traseira;Luz do Dia;Bom;Seca;Rotatória;Dê Preferência;Outros;0;2;1;0;0;0;0;0;0;1;0;0;-38,524782;-3,807229;;;
250561;15;4;2015;11:15;0;AV DOMINGOS OLIMPIO;;;1315;;Colisão Traseira;Luz do Dia;Bom;Seca;Meio de Quadra;Semáforo;Comercial;0;0;2;1;0;0;0;0;0;0;0;0;-38,535409;-3,735212;;;
250567;15;4;2015;13:46;0;RUA JOSE VILAR;;;;;Colisão Traseira;Luz do Dia;Bom;Seca;Meio de Quadra;;Comercial;0;0;2;1;0;0;0;0;0;0;0;0;;;;;
250581;15;4;2015;16:30;15277;RUA JULIO IBIAPINA;AV ANTONIO JUSTA;;;;Colisão Lateral;Luz do Dia;Bom;Seca;Cruz;Semáforo;Residencial;0;0;2;1;1;0;0;0;0;0;0;0;-38,490692;-3,728875;;;
250583;15;4;2015;10:00;0;AV JOSE BASTOS;;;2736;;Colisão Lateral;Luz do Dia;Nublado;Molhada;Meio de Quadra;Não Há Controle;Misto;0;1;1;0;0;0;0;0;0;1;0;0;-38,544940;-3,744525;;;
250569;15;4;2015;16:41;1234;AV SANTOS DUMONT;RUA ANTONIO AUGUSTO;;;;Colisão;Luz do Dia;Bom;Seca;Cruz;Pare;Comercial;0;0;2;1;0;0;0;0;0;0;0;0;-38,513733;-3,731222;;;
250570;15;4;2015;10:40;9131;AV 13 DE MAIO;RUA BAR ARATANHA;;;;Colisão Lateral;Luz do Dia;Bom;Seca;Cruz;Semáforo;Comercial;0;0;2;1;0;0;0;0;0;0;0;0;-38,531331;-3,747615;;;
250488;16;4;2015;07:00;0;AV DOS EXPEDICIONARIOS;;;3910;;Colisão Lateral;Luz do Dia;Bom;Seca;Meio de Quadra;Não Há Controle;Residencial;0;2;0;0;0;0;0;0;0;1;0;0;-38,537333;-3,752267;;;
250543;16;4;2015;08:00;15322;RUA CANUTO DE AGUIAR;RUA BARBOSA DE FREITAS;;;;Colisão Transversal;Luz do Dia;Bom;Seca;Cruz;Pare;Residencial;0;0;2;1;0;0;0;0;0;0;0;0;-38,495453;-3,730624;;;
250491;16;4;2015;13:00;13372;RUA JOAO BRIGIDO;RUA NOGUEIRA ACIOLI;;;;Colisão Transversal;Luz do Dia;Bom;Seca;Cruz;Semáforo;Residencial;0;0;2;1;0;0;0;0;0;0;0;0;-38,520044;-3,739259;;;
250492;16;4;2015;17:00;0;AV PRS COSTA E SILVA;;;859;;Colisão Transversal;Anoitecer;Bom;Seca;Meio de Quadra;;Comercial;0;0;2;1;0;0;0;0;0;0;0;0;-38,571914;-3,812746;;;
250493;16;4;2015;11:00;0;RUA METON DE ALENCAR;;;1757;;Colisão Traseira;Luz do Dia;Bom;Seca;Meio de Quadra;Não Há Controle;Comercial;0;0;2;1;0;0;0;0;0;0;0;0;-38,539293;-3,730845;;;
250494;16;4;2015;17:40;6741;RUA ALMEIDA PRADO;RUA VILEBALDO AGUIAR;;;;Outros;Anoitecer;Bom;Seca;Cruz;Pare;Misto;0;0;4;1;0;0;0;0;0;0;0;0;-38,475413;-3,744545;;;
250495;16;4;2015;09:00;0;RUA FORTALEZA UI 505;;;;;Colisão Lateral;Luz do Dia;Bom;Seca;Meio de Quadra;Não Há Controle;Comercial;0;0;2;1;0;0;0;0;0;0;0;0;;;;;
250496;16;4;2015;10:30;8949;AV BEZERRA DE MENEZES;RUA JUSTINIANO DE SERPA;;;;Engavetamento;Luz do Dia;Bom;Seca;Cruz;Semáforo;Comercial;0;0;3;1;0;0;0;0;0;0;0;0;-38,542857;-3,731156;;;
250497;16;4;2015;11:20;8629;AV EDILSON B SOARES;RUA FRE JOSE MARIA;;;;Colisão Traseira;Luz do Dia;Bom;Seca;T;Não Há Controle;Comercial;0;1;1;0;0;0;0;0;0;1;0;0;-38,469439;-3,788498;;;
250498;16;4;2015;08:20;0;RUA VALPARAISO;;;169;;Colisão Lateral;Luz do Dia;Bom;Seca;Meio de Quadra;Pare;Residencial;0;0;2;1;1;0;0;0;0;0;0;0;-38,522138;-3,846229;;;
250499;16;4;2015;08:00;0;AV ZEZE DIOGO;;;202;;Colisão Lateral;Luz do Dia;Bom;Seca;Meio de Quadra;Outros;Comercial;0;1;1;1;0;0;0;0;0;0;0;0;;;;;
250500;16;4;2015;12:30;0;RUA COSTA BARROS;;;;;;Luz do Dia;;;Meio de Quadra;;;0;0;2;1;0;0;0;0;0;0;0;0;;;;;
250501;16;4;2015;07:10;24310;RUA DELMIRO GOUVEIA;RUA OSORIO PALMELLA;;;;Colisão Lateral;Luz do Dia;Bom;Seca;Cruz;Pare;Misto;0;0;2;1;0;0;1;0;0;0;0;0;-38,488032;-3,737052;;;
250502;16;4;2015;14:30;24299;RUA 8 DE SETEMBRO;RUA REPUBLICA DO LIBANO;;;;Colisão Lateral;Luz do Dia;Bom;Seca;Cruz;Pare;Residencial;0;0;2;1;0;0;0;0;0;0;0;0;-38,487087;-3,733700;;;
250503;16;4;2015;14:53;1285;AV DOM LUIS;RUA VIS MAUA;;;;;Luz do Dia;Bom;Seca;Cruz;Não Há Controle;Comercial;0;0;2;1;0;0;0;0;0;0;0;0;-38,498390;-3,732923;;;
250504;16;4;2015;21:00;0;RUA 15 DE NOVEMBRO;;;813;;Colisão Traseira;Via Iluminada;Bom;Seca;Meio de Quadra;Não Há Controle;Residencial;0;0;2;1;0;0;0;0;0;0;0;0;-38,553091;-3,769937;;;
250505;16;4;2015;19:50;0;AV JOSE BASTOS;;;5708;;Colisão Traseira;Via Iluminada;Bom;Seca;Meio de Quadra;Não Há Controle;Comercial;0;0;2;1;0;0;0;0;0;0;0;0;-38,565211;-3,761693;;;
250506;16;4;2015;18:20;25062;AV DOS EXPEDICIONARIOS;RUA PDE AMBROSIO MACHADO;;;;Colisão Frontal;Via Iluminada;Bom;Seca;Cruz;Pare;Residencial;0;0;2;1;0;0;0;0;0;0;0;0;-38,539946;-3,760838;;;
250507;16;4;2015;09:37;0;AV JOSE BASTOS;;;3786;;Colisão Traseira;Luz do Dia;Bom;Seca;Meio de Quadra;Outros;Comercial;0;1;1;1;0;0;0;0;0;1;0;0;-38,552141;-3,751658;;;
250508;16;4;2015;09:20;0;AV PRS COSTA E SILVA;;;2067;CIALNE;Colisão Traseira;Luz do Dia;Bom;Seca;Meio de Quadra;Não Há Controle;Misto;0;0;2;0;0;0;1;0;0;0;0;0;-38,534167;-3,827947;;;
250509;16;4;2015;07:30;0;AV OLIVEIRA PAIVA;;;1691;;Colisão Traseira;Luz do Dia;Bom;Seca;Meio de Quadra;Outros;Misto;0;0;2;1;0;0;0;0;0;0;0;0;-38,491446;-3,795789;;;
250510;16;4;2015;11:45;3316;RUA VIRIATO RIBEIRO;RUA CHILE;;;;Colisão Transversal;Luz do Dia;Bom;Seca;Cruz;Pare;Residencial;0;0;2;1;0;0;0;0;0;0;0;0;-38,565276;-3,746178;;;
250511;16;4;2015;17:10;6164;AV A CJ CEARA;RUA MIN ALBUQUERQUE LIMA;;;;Colisão Transversal;Via Iluminada;Bom;Seca;Cruz;Semáforo;Comercial;0;2;0;0;0;1;0;0;0;1;0;0;-38,604700;-3,770669;;;
250477;16;4;2015;;19771;RUA COS VIEIRA DA SILVA;RUA PDE GUERRA;;;;Colisão Transversal;;Bom;Seca;Cruz;Pare;Residencial;0;0;2;1;0;0;0;0;0;1;0;0;-38,554464;-3,738302;;;
250478;16;4;2015;21:00;0;RUA JOAQUIM ALBANO;;;130;;Colisão Traseira;Via Iluminada;Bom;Seca;Meio de Quadra;Semáforo;Outros;0;1;1;1;0;0;0;0;0;0;0;0;;;;;
250479;16;4;2015;19:15;10844;RUA PORTO ALEGRE;RUA TUPI D35;;;;Colisão Transversal;Via Iluminada;Bom;Seca;Cruz;Pare;Residencial;0;0;2;1;0;0;0;0;0;0;0;0;-38,581470;-3,765120;;;
250480;16;4;2015;17:00;0;RUA WAGNER MARINHO;;;1410;;Colisão Lateral;Via Iluminada;Bom;Seca;Meio de Quadra;Não Há Controle;Residencial;0;0;2;1;0;0;1;0;0;0;0;0;;;;;
250481;16;4;2015;19:20;0;AV PRS COSTA E SILVA;;;;;Colisão Lateral;Via Iluminada;Bom;Seca;Meio de Quadra;Não Há Controle;Residencial;0;0;2;1;0;0;1;0;0;0;0;0;;;;;
250475;16;4;2015;10:40;0;AV CEL CARVALHO;;;113;;Colisão Transversal;Luz do Dia;Bom;Seca;Meio de Quadra;Não Há Controle;Comercial;0;0;2;1;0;0;0;0;0;1;0;0;-38,591424;-3,703954;;;
250460;16;4;2015;17:00;1286;RUA MARCOS MACEDO;RUA VIS MAUA;;;;Colisão Lateral;Via Iluminada;Bom;Seca;Cruz;Pare;Residencial;0;0;2;1;0;0;1;0;0;0;0;0;-38,498715;-3,733909;;;
250461;16;4;2015;14:00;0;AV BEZERRA DE MENEZES;;;2461;;Colisão Lateral;Luz do Dia;Bom;Seca;Meio de Quadra;Semáforo;Comercial;0;0;2;1;0;0;0;0;0;0;0;0;-38,566326;-3,736062;;;
250462;16;4;2015;11:20;5039;AV ALBERTO NEPOMUCENO;RUA PESSOA ANTA;;;;Colisão Transversal;Luz do Dia;Bom;Seca;Outros;Semáforo;Comercial;0;0;2;1;0;0;0;0;0;0;0;0;-38,523212;-3,721257;;;
250470;16;4;2015;09:00;0;RUA ADOLFO CAMINHA;;;;;Colisão Traseira;Luz do Dia;Bom;;Meio de Quadra;;;0;0;2;1;1;0;0;0;0;0;0;0;;;;;
250471;16;4;2015;09:10;15347;AV DOM LUIS;RUA TIBURCIO CAVALCANTE;;;;Colisão Lateral;Luz do Dia;Bom;Seca;T;Semáforo;Misto;0;0;2;0;1;0;0;0;0;0;0;0;-38,501313;-3,732021;;;