COD_ACIDENTE;DIA;MES;ANO;HORA;INTERSECAO;LOG1;LOG2;LOG3;NUMERO;REFERENCIA;NATUREZA;ILUMINACAO;TEMPO;SUPERFICIEPISTA;TIPOCRUZAMENTO;CONTROLETRAFEGO;USOSOLO;MORTOS;FERIDOS;ILESOS;AUTOMOVEL;ONIBUS;BICICLETA;CAMINHAO;MICROONIBUS;CICLOMOTOR;MOTOCICLETA;TRACAOANIMAL;TREM;LONG;LAT;;;
250468;16;4;2015;07:40;5332;RUA PEDRO I;RUA SEN POMPEU;;;;Colisão Transversal;Luz do Dia;Chuva;Molhada;Cruz;Semáforo;Comercial;0;0;2;1;0;0;0;0;0;0;0;0;-38,530728;-3,730553;;;
250474;16;4;2015;12:10;0;AV DOMINGOS OLIMPIO;;;123;;Atropelamento;Luz do Dia;Bom;Seca;Meio de Quadra;Não Há Controle;Comercial;0;0;2;0;0;0;0;0;0;0;0;0;-38,524692;-3,738657;;;
261949;16;4;2015;07:09;0;RUA MANUEL CASTELO BRANCO;;;;;Colisão;Luz do Dia;;;Meio de Quadra;;;0;1;1;1;0;0;0;0;0;1;0;0;;;;;
261950;16;4;2015;07:30;0;RUA PRO GOMES BRASIL;;;;;Colisão;Luz do Dia;;;Meio de Quadra;;;0;1;1;0;0;0;0;0;0;0;0;0;-38,569674;-3,771243;;;
261952;16;4;2015;07:50;0;AV SANTOS DUMONT;;;;;;Luz do Dia;;;Meio de Quadra;;;0;1;1;1;0;0;0;0;0;1;0;0;-38,479769;-3,742225;;;
261954;16;4;2015;07:56;0;AV GOV RAUL BARBOSA;;;;;Queda;Luz do Dia;;;Meio de Quadra;;;0;1;0;0;0;0;0;0;0;1;0;0;;;;;
261960;16;4;2015;19:12;25486;AV ALBERTO CRAVEIRO;AV SEN CARLOS JEREISSATI (AEROPORTO);;;;Colisão;;;;Y;Não Há Controle;Outros;0;2;0;0;0;0;0;0;0;1;0;0;-38,516874;-3,783767;;;
261962;16;4;2015;20:10;25063;AV DOS EXPEDICIONARIOS;RUA ARMANDO MONTEIRO;;;;Colisão;;;;Cruz;Pare;Misto;0;1;1;1;0;0;0;0;0;1;0;0;-38,540372;-3,762230;;;
261963;16;4;2015;22:04;9257;AV AGUANAMBI;RUA CEL PERGENTINO FERREIRA;;;;Colisão;;;;Cruz;Semáforo;Comercial;0;1;1;1;0;0;0;0;0;1;0;0;-38,524049;-3,748634;;;
261957;16;4;2015;08:20;6800;AV SANTOS DUMONT;RUA BATISTA DE OLIVEIRA;;;;Atropelamento;Luz do Dia;;;Cruz;Semáforo;Comercial;0;2;0;0;0;0;0;0;0;1;0;0;-38,479668;-3,742258;;;
261958;16;4;2015;18:25;0;AV N CJ JOSE WALTER;;;;;Atropelamento;Anoitecer;;;Meio de Quadra;;;0;1;1;0;1;0;0;0;0;0;0;0;;;;;
259177;16;4;2015;05:00;0;RD CE-040;;;;KM-11;Choque c/ Obstáculo Fixo;Via Iluminada;;Seca;Meio de Quadra;;;0;0;1;1;0;0;0;0;0;0;0;0;-38,480252;-3,844873;;;
258860;16;4;2015;11:30;0;RD BR 222;;;;KM-01;Colisão Lateral;Luz do Dia;Bom;Seca;Meio de Quadra;Não Há Controle;Comercial;0;0;2;0;0;0;1;0;0;0;0;0;-38,577952;-3,737774;;;
258114;16;4;2015;07:30;0;AV FRANCISCO SA;;;2306;;Colisão;Luz do Dia;;;Meio de Quadra;;;0;1;0;1;1;0;0;0;0;0;0;0;;;;;
258122;16;4;2015;08:40;0;RD CE-060;;;;KM-03;Colisão;Luz do Dia;;;Meio de Quadra;;;0;1;0;1;0;0;0;0;0;1;0;0;-38,582776;-3,836637;;;
260520;16;4;2015;18:21;17424;RUA TRES MARIAS D39 (MONTESE);RUA ANTONIO FIUZA;;;;Colisão;Anoitecer;;;Cruz;Semáforo;Comercial;0;0;2;1;0;0;0;0;0;0;0;0;-38,551577;-3,768452;;;
260523;16;4;2015;18:29;0;AV DOM LUIS;;;;;Colisão;Anoitecer;;;Meio de Quadra;;;0;0;2;1;0;0;0;0;0;1;0;0;;;;;
266876;16;4;2015;01:47;0;AV GAL OSORIO DE PAIVA;;;7761;;Capotamento;;;;Meio de Quadra;;;0;0;1;0;0;0;0;0;0;0;0;0;-38,617221;-3,820363;;;
266877;16;4;2015;10:15;19009;RUA AVILA GOULART;RUA DES WALDETARIO P MOTA;;;;Colisão;Luz do Dia;;;Cruz;Semáforo;Residencial;0;0;2;0;0;0;0;0;0;0;0;0;-38,479160;-3,734478;;;
266878;16;4;2015;10:59;0;RUA CAP VASCONCELOS D46;;;77;;Colisão;Luz do Dia;;;Meio de Quadra;;;0;0;2;0;0;0;0;0;0;0;0;0;-38,517586;-3,762297;;;
266879;16;4;2015;17:24;0;RUA RUA 1 (MONDUBIM);;;;;Colisão;Anoitecer;;;Meio de Quadra;;;0;0;2;0;0;0;0;0;0;0;0;0;;;;;
266880;16;4;2015;18:28;0;RUA 218 CJ CEARA;;;440;;Colisão;Anoitecer;;;Meio de Quadra;;;0;0;2;0;0;0;0;0;0;0;0;0;-38,608169;-3,766504;;;
266881;16;4;2015;18:50;25121;RUA ELISEU UCHOA BECCO;RUA FIRMINO ROCHA AGUIAR;;;;Colisão;;;;Cruz;Não Há Controle;Residencial;0;0;2;0;0;0;0;0;0;0;0;0;-38,486120;-3,763391;;;
266883;16;4;2015;20:17;0;RUA GERALDO BARBOSA;;;3124;;Atropelamento;;;;Meio de Quadra;;;0;0;2;0;0;0;0;0;0;0;0;0;-38,619678;-3,786293;;;
266884;16;4;2015;22:51;1784;RUA MARIA QUINTINO;RUA PEDRO DE SOUZA;;;;Colisão;;;;Cruz;Pare;Comercial;0;0;2;0;0;0;0;0;0;0;0;0;-38,500227;-3,852277;;;
266905;17;4;2015;09:54;0;AV PRS COSTA E SILVA;;;;;Colisão;Luz do Dia;;;Meio de Quadra;;;0;0;2;0;0;0;0;0;0;0;0;0;;;;;
266906;17;4;2015;10:53;9152;RUA MIN JOAQUIM BASTOS D14;RUA MARTINHO RODRIGUES;;;;Colisão;Luz do Dia;;;Cruz;Pare;Comercial;0;0;2;0;0;0;0;0;0;0;0;0;-38,526951;-3,754850;;;
266907;17;4;2015;11:59;4108;RUA GOMES PASSOS;RUA ALVARO DE ALENCAR;;;;Choque c/ Obstáculo Fixo;Luz do Dia;;;;;;0;0;1;0;0;0;0;0;0;0;0;0;-38,557397;-3,712546;;;
266911;17;4;2015;13:55;0;RUA HENRIQUE DE CASTRO;;;207;;Colisão;Luz do Dia;;;Meio de Quadra;;;0;1;1;0;0;0;0;0;0;0;0;0;-38,500417;-3,777042;;;
266912;17;4;2015;17:13;0;AV JOVITA FEITOSA;;;3300;;Atropelamento;Anoitecer;;;Meio de Quadra;;;0;0;2;0;0;0;0;0;0;0;0;0;-38,567299;-3,742856;;;
266914;17;4;2015;21:29;7658;RUA RIO GRANDE DO NORTE;RUA GOIAS;;;;Colisão;;;;Cruz;;;0;0;2;0;0;0;0;0;0;0;0;0;-38,566333;-3,759391;;;
266916;17;4;2015;21:51;15238;RUA BAR ARACATI;RUA TEN BENEVOLO;;;;Colisão;;;;Cruz;Pare;Comercial;0;0;2;0;0;0;0;0;0;0;0;0;-38,510266;-3,727628;;;
266909;17;4;2015;12:20;0;AV ENG LEAL LIMA VERDE (SAPIRANGA/COITE);;;691;;Atropelamento;Luz do Dia;;;Meio de Quadra;;;0;0;2;0;0;0;0;0;0;0;0;0;-38,475748;-3,795259;;;
256918;17;4;2015;18:40;0;AV DOMINGOS OLIMPIO;;;188;;Engavetamento;Via Iluminada;Bom;Seca;Meio de Quadra;Não Há Controle;Comercial;0;1;2;1;0;0;0;0;0;1;0;0;-38,526273;-3,738102;;;
259182;17;4;2015;16:30;0;RD CE-040;;;;KM-01;Colisão;Via Iluminada;Bom;Seca;Meio de Quadra;;;0;0;3;1;0;0;0;0;0;0;0;0;-38,483270;-3,754877;;;
258861;17;4;2015;09:40;0;RD BR 222;;;;KM-02;Atropelamento;Luz do Dia;Bom;Seca;Meio de Quadra;Não Há Controle;Comercial;1;1;0;0;0;0;0;0;0;1;0;0;-38,586880;-3,738951;;;
261966;17;4;2015;01:58;0;RUA COS ARAUJO LIMA;;;;;Colisão;;;;Meio de Quadra;;;0;0;2;0;0;0;0;0;0;0;0;0;;;;;
261967;17;4;2015;04:55;3771;AV DOMINGOS OLIMPIO;AV DA UNIVERSIDADE;;;;Atropelamento;;;;Cruz;Semáforo;Residencial;0;1;1;1;0;0;0;0;0;0;0;0;-38,534216;-3,735594;;;
261968;17;4;2015;06:31;0;AV PERIMETRAL;;;;;Atropelamento;Luz do Dia;;;Meio de Quadra;;;0;2;0;0;0;0;0;0;0;1;0;0;;;;;
261970;17;4;2015;06:45;0;AV E CJ CEARA;;;;;Queda;Luz do Dia;;;Meio de Quadra;;;0;1;0;0;0;0;0;0;0;1;0;0;-38,606994;-3,758901;;;
261971;17;4;2015;10:51;0;RD CE-040;;;;KM-07;Colisão;Luz do Dia;;;Meio de Quadra;;;0;2;0;0;0;0;0;0;0;1;0;0;-38,483160;-3,817953;;;
261972;17;4;2015;11:16;0;RUA TEN WILSON  D46;;;;;Colisão;Luz do Dia;;;Meio de Quadra;;;0;1;1;1;0;0;0;0;0;1;0;0;;;;;
261973;17;4;2015;12:09;0;AV PRS CASTELO BRANCO;;;;;Colisão;Luz do Dia;;;Meio de Quadra;;;0;0;2;1;0;0;0;0;0;1;0;0;;;;;
261974;17;4;2015;12:59;0;AV RAD JOSE LIMA VERDE;;;;;Queda;Luz do Dia;;;Meio de Quadra;;;0;1;0;0;0;0;0;0;0;1;0;0;-38,591571;-3,703394;;;
261975;17;4;2015;16:23;0;AV FILOMENO GOMES;;;;;Colisão;Luz do Dia;;;Meio de Quadra;;;0;2;0;0;0;0;0;0;0;1;0;0;;;;;
261976;17;4;2015;17:03;0;RUA PDE PERDIGAO SAMPAIO;;;;;Colisão;Anoitecer;;;Meio de Quadra;;;0;0;2;0;0;0;0;0;0;0;0;0;;;;;
261977;17;4;2015;19:20;14462;RUA HENRIQUE AUTRAN;RUA JOSE CANDIDO D08;;;;Colisão;;;;Cruz;Pare;Residencial;0;1;1;1;0;0;0;0;0;1;0;0;-38,550767;-3,727243;;;
261978;17;4;2015;19:40;0;RUA AMANCIO PEREIRA;;;;;Colisão;;;;Meio de Quadra;;;0;1;1;1;0;0;0;0;0;1;0;0;-38,521961;-3,811608;;;
261979;17;4;2015;23:30;0;RUA PRO GOMES BRASIL;;;;;Queda;;;;Meio de Quadra;;;0;1;0;0;0;0;0;0;0;1;0;0;-38,569755;-3,771138;;;
250523;17;4;2015;16:00;0;RUA CAP ARAGAO;;;;;Colisão Lateral;Luz do Dia;Bom;Seca;Meio de Quadra;Pare;Comercial;0;1;1;1;0;0;0;0;0;1;0;0;;;;;
250524;17;4;2015;14:20;0;AV CARAPINIMA;;;2425;;Colisão Lateral;Luz do Dia;Bom;Seca;Meio de Quadra;Semáforo;Comercial;0;0;2;1;1;0;0;0;0;0;0;0;-38,541304;-3,741071;;;
250525;17;4;2015;08:00;0;AV GOV RAUL BARBOSA;;;5308;;Colisão Transversal;Luz do Dia;Bom;Seca;Meio de Quadra;Não Há Controle;Comercial;0;0;2;1;0;0;1;0;0;0;0;0;-38,508992;-3,765974;;;
250526;17;4;2015;07:20;5366;AV DUQ CAXIAS;RUA SEN POMPEU;;;;Colisão Traseira;Luz do Dia;Bom;Seca;Cruz;Semáforo;Comercial;0;0;2;1;0;0;0;0;0;0;0;0;-38,530994;-3,731430;;;
250527;17;4;2015;06:35;4633;AV VIENA WEYNE;RUA DR JOSE FURTADO;;;;Colisão Transversal;Luz do Dia;Chuva;Molhada;Rotatória;Dê Preferência;Residencial;0;1;1;0;0;0;0;0;0;1;0;0;-38,488662;-3,801201;;;
250528;17;4;2015;08:30;0;RUA PEDRO LAZAR;;;1303;;Engavetamento;Luz do Dia;Bom;Seca;Meio de Quadra;Outros;Residencial;0;0;3;1;0;0;0;0;0;0;0;0;-38,488451;-3,805147;;;
250529;17;4;2015;18:00;0;AV BEZERRA DE MENEZES;;;245;;Choque c/ Obstáculo Fixo;Via Iluminada;Bom;Seca;Meio de Quadra;;Comercial;0;1;0;0;0;0;0;0;1;0;0;0;-38,547436;-3,732134;;;
250530;17;4;2015;00:00;5433;RUA METON DE ALENCAR;RUA MAJ FACUNDO;;;;Colisão Traseira;Via Iluminada;Bom;Seca;Cruz;Pare;Comercial;0;0;3;1;0;0;0;0;0;0;0;0;-38,529899;-3,733917;;;
250531;17;4;2015;08:10;2116;AV PRS CASTELO BRANCO;AV RAD JOSE LIMA VERDE;;;;Colisão Lateral;Luz do Dia;Bom;Seca;Outros;Pare;Misto;0;0;2;1;1;0;0;0;0;0;0;0;-38,588134;-3,699825;;;
250532;17;4;2015;10:40;0;AV ANTONIO JUSTA;;;3440;;Colisão Transversal;Luz do Dia;Bom;Seca;Meio de Quadra;Não Há Controle;Residencial;0;0;2;1;1;0;0;0;0;0;0;0;-38,490613;-3,728900;;;
250533;17;4;2015;09:20;15106;RUA JOAO CORDEIRO;RUA DRAGAO DO MAR;;;;Colisão Transversal;Luz do Dia;Bom;Seca;Cruz;Não Há Controle;Residencial;0;0;2;1;1;0;0;0;0;0;0;0;-38,512096;-3,722283;;;
250534;17;4;2015;17:00;0;AV ENG HUMBERTO MONTE;;;;;Colisão Traseira;Via Iluminada;Bom;Seca;Meio de Quadra;Não Há Controle;Residencial;0;0;2;1;0;0;0;0;0;0;0;0;;;;;
250512;17;4;2015;18:10;3788;RUA WALDERY UCHOA;RUA PDE FRANCISCO PINTO;;;;Colisão Transversal;Via Iluminada;Bom;Seca;Cruz;Pare;Comercial;0;0;2;1;0;0;0;0;0;0;0;0;-38,539138;-3,744299;;;
250513;17;4;2015;08:00;4189;AV PRS CASTELO BRANCO;RUA FRANCISCO CORDEIRO;;;;;Luz do Dia;Bom;Seca;Cruz;Pare;Residencial;0;1;1;0;0;0;1;0;0;1;0;0;-38,550593;-3,713113;;;
250514;17;4;2015;08:20;10680;RUA REV BOLIVAR P BANDEIRA;RUA GONTRAN GIFFONI;;;;Colisão Lateral;Luz do Dia;Bom;Seca;Cruz;Pare;Residencial;0;0;2;1;0;0;0;0;0;0;0;0;-38,491413;-3,768527;;;
250515;17;4;2015;07:30;0;RUA REV BOLIVAR P BANDEIRA;;;702;;Colisão Traseira;Luz do Dia;Bom;Seca;Meio de Quadra;Não Há Controle;Residencial;0;0;2;1;0;0;0;0;0;0;0;0;-38,491665;-3,769081;;;
250516;17;4;2015;08:00;25267;RUA FRANCISCA CLOTILDE;RUA GAL BERNARDO FIGUEIREDO;;;;Colisão Traseira;Luz do Dia;Bom;Seca;Cruz;Pare;Residencial;0;0;2;1;0;0;0;0;0;0;0;0;-38,549779;-3,739248;;;
250517;17;4;2015;11:40;15175;AV ABOLICAO;RUA NUNES VALENTE;;;;Colisão Traseira;Luz do Dia;Bom;Seca;Cruz;Pare;Misto;0;0;2;1;0;0;0;0;0;0;0;0;-38,500384;-3,725750;;;
250518;17;4;2015;06:30;9072;AV VIS RIO BRANCO;AV PONTES VIEIRA;;;;Colisão Traseira;Luz do Dia;Bom;Seca;Cruz;Semáforo;Comercial;0;0;2;1;0;0;1;0;0;0;0;0;-38,520486;-3,753544;;;
250519;17;4;2015;11:15;5437;RUA METON DE ALENCAR;RUA FLORIANO PEIXOTO;;;;;Luz do Dia;Bom;Seca;Cruz;Pare;Comercial;0;0;2;1;0;0;0;0;0;0;0;0;-38,529358;-3,734071;;;
250520;17;4;2015;11:30;0;AV PRS COSTA E SILVA;;;3601;;Colisão Lateral;Luz do Dia;Bom;Seca;Meio de Quadra;Semáforo;Comercial;0;0;2;1;0;0;1;0;0;0;0;0;-38,548554;-3,823879;;;
250521;17;4;2015;20:00;3302;AV GAL OSORIO DE PAIVA;RUA LUIS VIEIRA;;;;Colisão Transversal;Via Iluminada;Bom;Seca;Cruz;Semáforo;Comercial;0;1;1;0;1;0;0;0;0;1;0;0;-38,588616;-3,790879;;;
250544;17;4;2015;19:00;0;AV JOAO PESSOA;;;3884;;Atropelamento;Via Iluminada;Bom;Seca;Meio de Quadra;Semáforo;Residencial;0;1;1;0;1;0;0;0;0;0;0;0;-38,545389;-3,747902;;;
250545;17;4;2015;08:30;0;AV OLIVEIRA PAIVA;;;535;;Colisão Traseira;Luz do Dia;Bom;Seca;;;;0;0;3;1;0;0;0;0;0;0;0;0;-38,500575;-3,797419;;;
250538;17;4;2015;17:00;0;AV JOSE BASTOS;;;5113;;Engavetamento;Anoitecer;Bom;Seca;Meio de Quadra;Não Há Controle;Misto;0;0;3;1;0;0;0;0;0;0;0;0;-38,562297;-3,757774;;;
250539;17;4;2015;08:10;0;AV DR SILAS MUNGUBA;;;4613;;Colisão Traseira;Luz do Dia;Nublado;Molhada;Outros;Outros;Comercial;0;0;3;1;0;0;0;0;0;0;0;0;-38,534378;-3,793833;;;
250540;17;4;2015;11:30;3820;AV 13 DE MAIO;AV CARAPINIMA;;;;Colisão Traseira;Luz do Dia;Bom;Seca;Cruz;Semáforo;Comercial;0;0;2;1;0;0;0;0;0;0;0;0;-38,540239;-3,740001;;;
250541;17;4;2015;14:30;12440;AV AUGUSTO DOS ANJOS;RUA ARARIPE PRATA;;;;Colisão Transversal;Luz do Dia;Bom;Seca;Cruz;Pare;Misto;0;0;2;1;0;0;0;0;0;0;0;0;-38,571749;-3,771936;;;
250547;17;4;2015;12:30;24293;RUA JULIO ABREU;RUA DELMIRO GOUVEIA;;;;Colisão Frontal;Luz do Dia;Bom;Seca;Cruz;Pare;Comercial;0;0;2;1;0;0;0;0;0;0;0;0;-38,488072;-3,735900;;;
260701;17;4;2015;21:36;0;RUA NOSSA SRA DAS DORES;;;;;Colisão;;;;Meio de Quadra;;;0;0;2;1;0;0;0;0;0;0;0;0;;;;;
260685;17;4;2015;08:28;6850;AV PDE ANTONIO TOMAS;RUA BATISTA DE OLIVEIRA;;;;Colisão;Luz do Dia;;;Cruz;Semáforo Intermitente;Residencial;0;0;2;1;0;0;0;0;0;0;0;0;-38,481947;-3,745906;;;
260696;17;4;2015;14:49;0;RUA MARIO MAMEDE;;;;;Colisão;Luz do Dia;;;Meio de Quadra;;;0;0;2;1;1;0;0;0;0;0;0;0;;;;;
260692;17;4;2015;11:13;5383;AV DUQ CAXIAS;RUA MAJ FACUNDO;;;;Colisão;Luz do Dia;;;Cruz;Semáforo;Comercial;0;0;2;1;0;0;0;0;0;1;0;0;-38,529285;-3,731981;;;
260699;17;4;2015;15:48;0;RUA MIN JOAQUIM BASTOS D14;;;;;Colisão;Luz do Dia;;;Meio de Quadra;;;0;0;2;1;1;0;0;0;0;0;0;0;;;;;
260702;18;4;2015;05:52;0;RUA ANTONIO POMPEU;;;;;Colisão;Amanhecer;;;Meio de Quadra;;;0;0;2;1;0;0;0;0;0;0;0;0;;;;;
260719;18;4;2015;12:31;0;RUA FRANCISCO ALMEIDA;;;;;Colisão;Luz do Dia;;;Meio de Quadra;;;0;0;2;1;0;0;0;0;0;0;0;0;;;;;
250551;18;4;2015;13:30;12514;RUA JULIO BRAGA;AV LINEU MACHADO;;;;Colisão Frontal;Luz do Dia;Bom;Seca;Cruz;Semáforo Danificado;Residencial;0;0;2;1;1;0;0;0;0;0;0;0;-38,581790;-3,775335;;;
250549;18;4;2015;08:30;5437;RUA METON DE ALENCAR;RUA FLORIANO PEIXOTO;;;;Colisão Transversal;Luz do Dia;Bom;Seca;Cruz;Pare;Comercial;0;1;1;1;0;0;0;0;0;1;0;0;-38,529358;-3,734071;;;
250568;18;4;2015;17:45;0;RUA GERMANO FRANCK;;;860;;Colisão Lateral;Mal Iluminada;Bom;Seca;Meio de Quadra;Não Há Controle;Comercial;0;1;1;1;0;0;0;0;0;1;0;0;-38,563808;-3,778750;;;
250562;18;4;2015;07:00;19949;RUA FRANCISCO LORDA;RUA ALBERTO MONTEZUMA;;;;Colisão Lateral;Luz do Dia;Bom;Seca;Cruz;Pare;Misto;0;2;1;1;0;0;0;0;0;1;0;0;-38,531928;-3,761900;;;
250564;18;4;2015;14:50;0;AV AUGUSTO DOS ANJOS;;;150;TERMINAL LAGOA;;Luz do Dia;Bom;Seca;Meio de Quadra;Não Há Controle;Misto;0;0;2;1;0;0;0;0;0;0;0;0;-38,570436;-3,770180;;;
250565;18;4;2015;00:20;24192;RUA RENATO BRAGA;RUA HERMINIA BONAVIDES;;;;Colisão Transversal;Via Iluminada;Bom;Seca;Y;Pare;Residencial;0;1;2;1;0;0;0;0;0;1;0;0;-38,464800;-3,731946;;;
250566;18;4;2015;06:00;22176;AV JOSE BASTOS;AV ENG HUMBERTO MONTE;;;;Outros;Via Iluminada;Nublado;Molhada;T;Semáforo;Comercial;0;1;2;1;1;0;0;0;0;0;0;0;-38,555455;-3,754966;;;
250555;18;4;2015;12:15;5436;RUA JAIME BENEVOLO;RUA GAL CLARINDO DE QUEIROZ;;;;Colisão Lateral;Luz do Dia;Bom;Seca;Cruz;Pare;Comercial;0;0;2;1;0;0;0;0;0;0;0;0;-38,526017;-3,734060;;;
250556;18;4;2015;16:10;5454;RUA JAIME BENEVOLO;RUA METON DE ALENCAR;;;;Colisão Lateral;Luz do Dia;Bom;Seca;Cruz;Semáforo Danificado;Comercial;0;0;2;1;0;0;0;0;0;0;0;0;-38,526349;-3,735065;;;
250557;18;4;2015;08:50;0;RUA DOM SEBASTIAO LEME;;;985;;Colisão Lateral;Luz do Dia;Nublado;Seca;Meio de Quadra;Não Há Controle;Residencial;0;0;2;1;0;0;0;0;0;0;0;0;-38,525503;-3,750623;;;
250558;18;4;2015;09:19;0;AV CARAPINIMA;;;1946;;Atropelamento;Luz do Dia;Bom;Seca;Meio de Quadra;Não Há Controle;Comercial;0;3;0;0;0;0;0;0;0;1;0;0;-38,538112;-3,738079;;;
250559;18;4;2015;12:20;0;AV JOSE BASTOS;;;4000;;Colisão Traseira;Luz do Dia;Bom;Seca;Meio de Quadra;Não Há Controle;Comercial;0;2;2;1;0;0;0;0;0;0;0;0;-38,553458;-3,752996;;;
250560;18;4;2015;12:00;0;AV DOM LUIS;;;;;Colisão Traseira;Luz do Dia;Bom;Seca;Meio de Quadra;Não Há Controle;Comercial;0;0;2;1;0;0;0;0;0;0;0;0;;;;;
250571;18;4;2015;18:00;20023;AV DR SILAS MUNGUBA;AV HEROIS DO ACRE;;;;Colisão Traseira;Mal Iluminada;Bom;Seca;Cruz;Semáforo;Comercial;0;1;1;1;0;0;0;0;0;1;0;0;-38,528540;-3,803079;;;
250572;18;4;2015;21:10;0;RUA BARBOSA DE FREITAS;;;100;;Colisão Traseira;Via Iluminada;Bom;Seca;Meio de Quadra;Pare;Residencial;0;0;2;1;0;0;0;0;0;0;0;0;-38,494661;-3,728032;;;
250573;18;4;2015;16:31;0;RUA TEN BENEVOLO;;;312;;Atropelamento;Luz do Dia;Bom;Seca;Meio de Quadra;Outros;Residencial;1;0;1;1;0;0;0;0;0;0;0;0;-38,518236;-3,725050;;;
250574;18;4;2015;06:50;25028;AV AUGUSTO DOS ANJOS;RUA ARARAQUARA;;;;Colisão Transversal;Luz do Dia;Nublado;Molhada;T;Semáforo;Comercial;0;0;2;1;1;0;0;0;0;0;0;0;-38,580678;-3,781887;;;
250575;18;4;2015;08:20;0;AV JOAO PESSOA;;;6886;;Colisão Traseira;Luz do Dia;Bom;Seca;Meio de Quadra;Semáforo;Misto;0;0;2;1;0;0;0;0;0;0;0;0;-38,561093;-3,770351;;;
250576;18;4;2015;09:30;17583;RUA PIAUI;RUA ESTADO DO RIO;;;;Colisão Transversal;Luz do Dia;Bom;Seca;Cruz;Pare;Misto;0;1;2;1;0;1;0;0;0;1;0;0;-38,568847;-3,755344;;;
250577;18;4;2015;06:55;1639;RUA GAL TERTULIANO POTYGUARA;RUA PRO DIAS DA ROCHA;;;;Colisão Transversal;Luz do Dia;Nublado;Seca;Cruz;Pare;Residencial;0;0;2;1;0;0;0;0;0;0;0;0;-38,494698;-3,745027;;;
261997;18;4;2015;19:53;9576;RUA JOSE TORRES;RUA TEODORO DE CASTRO;;;;Colisão;;;;Duplo T;Pare;Residencial;0;1;1;1;0;0;0;0;0;1;0;0;-38,607054;-3,779192;;;
261993;18;4;2015;19:49;0;RUA GETULIO VARGAS;;;;;Colisão;;;;Meio de Quadra;;;0;1;1;1;0;0;0;0;0;1;0;0;;;;;
261994;18;4;2015;19:51;0;AV FRANCISCO SA;;;;;Colisão;;;;Meio de Quadra;;;0;1;1;1;0;0;0;0;0;1;0;0;-38,577760;-3,710423;;;
261982;18;4;2015;06:26;0;RUA LUIS VIEIRA;;;;;Colisão;Luz do Dia;;;Meio de Quadra;;;0;1;1;0;0;0;0;0;0;0;0;0;;;;;
261983;18;4;2015;09:04;0;AV AGUANAMBI;;;;;Colisão;Luz do Dia;;;Meio de Quadra;;;0;1;2;0;0;0;0;0;0;1;0;0;;;;;
261984;18;4;2015;09:12;0;AV DR SILAS MUNGUBA;;;;;Colisão;Luz do Dia;;;Meio de Quadra;;;0;1;1;1;0;0;0;0;0;1;0;0;-38,538836;-3,790889;;;
261985;18;4;2015;15:15;0;AV FRANCISCO SA;;;;;Colisão;Luz do Dia;;;Meio de Quadra;;;0;0;2;1;0;0;0;0;0;1;0;0;;;;;
261986;18;4;2015;15:22;0;RUA CANDIDO MAIA;;;;FROTINHA ANT. BEZERRA;Colisão;Luz do Dia;;;Meio de Quadra;;;0;2;0;0;0;0;0;0;0;1;0;0;;;;;
261987;18;4;2015;16:52;0;RUA PRC ISABEL;;;;;Colisão;Luz do Dia;;;Meio de Quadra;;;0;1;1;1;0;0;0;0;0;1;0;0;;;;;
261988;18;4;2015;18:19;0;AV GAL OSORIO DE PAIVA;;;;;Colisão;Anoitecer;;;Meio de Quadra;;;0;1;1;1;0;0;1;0;0;0;0;0;-38,618878;-3,822053;;;
261989;18;4;2015;19:16;12620;RUA TULIPA;RUA COS LAFAYETE;;;;Colisão;;;;Cruz;Pare;Residencial;0;1;1;0;0;0;0;0;0;0;0;0;-38,580936;-3,718159;;;
261990;18;4;2015;19:10;0;RUA HIPOLITO PAMPLONA;;;1046;;Colisão;;;;Meio de Quadra;;;0;1;1;0;0;0;0;0;0;1;0;0;;;;;
261991;18;4;2015;19:46;0;AV GODOFREDO MACIEL;;;3440;;Colisão;;;;Meio de Quadra;;;0;1;1;1;0;0;0;0;0;1;0;0;-38,572755;-3,805565;;;
261999;18;4;2015;23:55;0;RUA PRO VIRGILIO DE MORAIS;;;276;;Colisão;;;;Meio de Quadra;;;0;1;1;0;0;0;0;0;0;0;0;0;-38,596656;-3,751293;;;
258299;18;4;2015;21:15;0;AV OLIVEIRA PAIVA;;;8140;;Colisão Transversal;;;;Meio de Quadra;;;0;1;1;1;1;0;0;0;0;0;0;0;;;;;
258228;18;4;2015;02:43;0;AV SIQUEIRA CAMPOS;;;;;Colisão Lateral;Luz do Dia;;;Meio de Quadra;;;1;1;0;0;0;0;0;0;0;1;0;0;-38,626992;-3,814498;;;
258862;18;4;2015;11:45;0;RD BR 222;;;;KM-02;Colisão Transversal;Luz do Dia;Bom;Seca;Meio de Quadra;Não Há Controle;Comercial;0;1;1;1;0;0;0;0;0;1;0;0;-38,586880;-3,738951;;;
252381;18;4;2015;14:50;5030;RUA ALM JACEGUAI;AV ALM BARROSO;;;;Colisão Traseira;Luz do Dia;Bom;;T;Semáforo;Comercial;0;0;2;1;0;0;1;0;0;0;0;0;-38,519363;-3,720749;;;
259187;18;4;2015;09:25;0;RD CE-040;;;;KM-10;Colisão;Luz do Dia;;Seca;Meio de Quadra;;;0;1;1;1;0;0;0;0;0;1;0;0;-38,480068;-3,838671;;;