COD_ACIDENTE;DIA;MES;ANO;HORA;INTERSECAO;LOG1;LOG2;LOG3;NUMERO;REFERENCIA;NATUREZA;ILUMINACAO;TEMPO;SUPERFICIEPISTA;TIPOCRUZAMENTO;CONTROLETRAFEGO;USOSOLO;MORTOS;FERIDOS;ILESOS;AUTOMOVEL;ONIBUS;BICICLETA;CAMINHAO;MICROONIBUS;CICLOMOTOR;MOTOCICLETA;TRACAOANIMAL;TREM;LONG;LAT;;;
266922;18;4;2015;05:37;5490;AV DOM MANUEL;RUA PDE VALDEVINO;;;;Colisão;Amanhecer;;;;;;0;0;2;0;0;0;0;0;0;0;0;0;-38,523967;-3,736873;;;
266917;18;4;2015;00:19;0;AV IMPERADOR;;;;;Colisão;;;;Meio de Quadra;;;0;0;2;0;0;0;0;0;0;0;0;0;;;;;
266920;18;4;2015;05:28;0;RUA MAJ FACUNDO;;;136;;Colisão;Amanhecer;;;Meio de Quadra;;;0;0;2;0;0;0;0;0;0;0;0;0;-38,526767;-3,724285;;;
266925;18;4;2015;06:50;7382;AV SEN FERNANDES TAVORA;RUA SAO LUIS D30;;;;Choque c/ Obstáculo Fixo;Luz do Dia;;;Cruz;Pare;Residencial;0;0;1;0;0;0;0;0;0;0;0;0;-38,591428;-3,757244;;;
266928;18;4;2015;10:04;0;AV JOSE LEON;;;;;Colisão;Luz do Dia;;;Meio de Quadra;;;0;0;2;0;0;0;0;0;0;0;0;0;;;;;
266933;18;4;2015;11:00;16345;RUA MORADA NOVA;RUA NOVA FORTALEZA (MONDUBIM);;;;Choque c/ Obstáculo Fixo;Luz do Dia;;;;;;0;0;1;0;0;0;0;0;0;0;0;0;-38,572587;-3,839867;;;
266934;18;4;2015;11:45;25037;AV LUCIANO CARNEIRO;RUA JULIO DA SILVEIRA;;;;Colisão;Luz do Dia;;;T;Pare;Comercial;0;0;2;0;0;0;0;0;0;0;0;0;-38,535029;-3,759514;;;
266935;18;4;2015;11:51;0;AV C CJ CEARA;;;1789;;Colisão;Luz do Dia;;;Meio de Quadra;;;0;0;2;0;0;0;0;0;0;0;0;0;-38,615741;-3,774096;;;
266947;18;4;2015;14:01;15392;RUA INACIO VASCONCELOS;RUA ARAUJO TORREAO;;;;Colisão;Luz do Dia;;;Cruz;;Residencial;0;0;2;0;0;0;0;0;0;0;0;0;-38,496873;-3,812994;;;
266948;18;4;2015;14:28;22849;RUA CON LIMA SUCUPIRA;RUA DR JUSTA ARAUJO D45;;;;Colisão;Luz do Dia;;;Cruz;Pare;Misto;0;0;2;0;0;0;0;0;0;0;0;0;-38,550832;-3,778167;;;
266949;18;4;2015;14:32;0;RUA JOSE HIPOLITO;;;1470;;Colisão;Luz do Dia;;;Meio de Quadra;;;0;0;2;0;0;0;0;0;0;0;0;0;-38,481506;-3,838054;;;
266950;18;4;2015;14:48;0;RUA SABINO MONTE;;;4462;;Colisão;Luz do Dia;;;Meio de Quadra;;;0;0;2;0;0;0;0;0;0;0;0;0;-38,511018;-3,761478;;;
266951;18;4;2015;14:51;0;RUA GUILHERME MENDES;;;559;;Colisão;Luz do Dia;;;Meio de Quadra;;;0;0;2;0;0;0;0;0;0;0;0;0;-38,583738;-3,720956;;;
266952;18;4;2015;16:27;0;RUA ALTO DA SAUDE;;;178;;Colisão;Luz do Dia;;;Meio de Quadra;;;0;0;2;0;0;0;0;0;0;0;0;0;;;;;
266953;18;4;2015;18:30;0;AV A CJ CEARA;;;785;;Colisão;Anoitecer;;;Meio de Quadra;;;0;0;2;0;0;0;0;0;0;0;0;0;-38,603114;-3,767820;;;
266954;18;4;2015;19:22;10682;AV ROGACIANO LEITE;AV ENG SANTANA JUNIOR;;;;Atropelamento;;;;Y;Semáforo;;0;0;2;0;0;0;0;0;0;0;0;0;-38,491477;-3,756482;;;
266955;18;4;2015;19:25;0;RUA PEDRO ARTUR;;;846;;Colisão;;;;Meio de Quadra;;;0;0;2;0;0;0;0;0;0;0;0;0;-38,554619;-3,712537;;;
266956;18;4;2015;19:29;0;AV BORGES DE MELO;;;888;;Colisão;;;;Meio de Quadra;;;0;0;2;0;0;0;0;0;0;0;0;0;;;;;
266957;18;4;2015;19:54;7992;AV JOAO PESSOA;RUA ANA NERY;;;;Colisão;;;;Cruz;Não Há Controle;Comercial;0;0;2;0;0;0;0;0;0;0;0;0;-38,546781;-3,749460;;;
266958;18;4;2015;19:57;0;AV ENG SANTANA JUNIOR;;;1927;;Colisão;;;;Meio de Quadra;;;0;0;2;0;0;0;0;0;0;0;0;0;-38,486384;-3,742507;;;
266938;18;4;2015;12:11;0;AV JOR THOMAZ COELHO;;;15;;Colisão;Luz do Dia;;;Meio de Quadra;;;0;0;2;0;0;0;0;0;0;0;0;0;;;;;
266939;18;4;2015;12:22;0;AV IMPERADOR;;;818;;Colisão;Luz do Dia;;;Meio de Quadra;;;0;0;2;0;0;0;0;0;0;0;0;0;-38,534808;-3,728402;;;
266940;18;4;2015;12:40;0;AV PRS COSTA E SILVA;;;731;;Colisão;Luz do Dia;;;Meio de Quadra;;;0;0;2;0;0;0;0;0;0;0;0;0;-38,573172;-3,812338;;;
266943;18;4;2015;13:09;0;RUA PIRAJUI;;;44;;Choque c/ Obstáculo Fixo;Luz do Dia;;;Meio de Quadra;;;0;0;1;0;0;0;0;0;0;0;0;0;;;;;
266944;18;4;2015;13:25;0;AV ABOLICAO;;;1894;;Colisão;Luz do Dia;;;Meio de Quadra;;;0;0;2;0;0;0;0;0;0;0;0;0;-38,502167;-3,725186;;;
266930;18;4;2015;10:07;0;RUA BERNARDO MANUEL;;;;;Colisão;Luz do Dia;;;Meio de Quadra;;;0;0;2;0;0;0;0;0;0;0;0;0;;;;;
267077;18;4;2015;22:35;15369;RUA FRE MANSUETO;RUA PEREIRA VALENTE;;;;Colisão;;;;Cruz;Pare;Comercial;0;0;2;0;0;0;0;0;0;0;0;0;-38,488673;-3,734827;;;
267078;18;4;2015;23:55;0;RUA ANTONIO ARRUDA;;;597;;Colisão;;;;Meio de Quadra;;;0;0;2;0;0;0;0;0;0;0;0;0;-38,591880;-3,712846;;;
267079;19;4;2015;00:29;1287;RUA PINTO MADEIRA;RUA BAR ARACATI;;;;Atropelamento;;;;Cruz;Pare;Residencial;0;0;2;0;0;0;0;0;0;0;0;0;-38,512278;-3,733944;;;
267080;19;4;2015;02:27;0;RUA FRANCISCO LEANDRO;;;69;;Colisão;;;;Meio de Quadra;;;0;0;2;0;0;0;0;0;0;0;0;0;-38,483197;-3,822315;;;
267081;19;4;2015;05:29;18280;RUA TREMEMBES;AV ALM BARROSO;;;;Colisão;Amanhecer;;;T;Não Há Controle;Comercial;0;0;2;0;0;0;0;0;0;0;0;0;-38,516088;-3,720313;;;
267082;19;4;2015;13:10;0;AV PRS COSTA E SILVA;;;;;Atropelamento;Luz do Dia;;;Meio de Quadra;;;0;0;2;0;0;0;0;0;0;0;0;0;;;;;
267083;19;4;2015;15:13;0;RUA ALBERTO DE OLIVEIRA;;;10;;Colisão;Luz do Dia;;;Meio de Quadra;;;0;0;2;0;0;0;0;0;0;0;0;0;-38,574089;-3,703830;;;
267084;19;4;2015;21:46;0;AV CEL CARVALHO;;;;;Colisão;;;;Meio de Quadra;;;0;0;2;0;0;0;0;0;0;0;0;0;;;;;
267085;19;4;2015;21:46;0;AV BEZERRA DE MENEZES;;;;;Colisão;;;;Meio de Quadra;;;0;0;2;0;0;0;0;0;0;0;0;0;;;;;
267086;19;4;2015;22:28;19596;RUA NEREU RAMOS;RUA TCHECOSLOVAQUIA;;;;Colisão;;;;Cruz;Pare;Comercial;0;0;2;0;0;0;0;0;0;0;0;0;-38,570458;-3,785913;;;
259190;19;4;2015;09:15;0;RD CE-025;;;;KM-03;Colisão;Luz do Dia;;Seca;Meio de Quadra;;;0;1;0;0;0;0;0;0;0;1;0;0;-38,446791;-3,805236;;;
259209;19;4;2015;18:15;0;RD CE-040;;;;KM-07;Colisão;Via Iluminada;;Seca;Meio de Quadra;;;0;0;2;1;0;0;0;0;0;0;0;0;-38,483160;-3,817953;;;
262002;19;4;2015;00:27;5250;RUA PEDRO I;RUA AGAPITO DOS SANTOS;;;;Colisão;;;;Cruz;Pare;Comercial;0;1;1;0;0;0;0;0;0;0;0;0;-38,539337;-3,727789;;;
262005;19;4;2015;01:24;6083;RUA 218 CJ CEARA;RUA 202 A CJ CEARA;;;;Atropelamento;;;;;;;0;1;1;1;0;0;0;0;0;0;0;0;-38,608410;-3,767116;;;
262006;19;4;2015;03:33;0;RUA OSCAR ARARIPE;;;;;Queda;;;;Meio de Quadra;;;0;1;0;0;0;0;0;0;0;1;0;0;-38,614401;-3,786334;;;
262016;19;4;2015;09:18;0;AV MAE LISBOA;;;;;Colisão;Luz do Dia;;;Meio de Quadra;;;0;1;1;1;0;0;0;0;0;1;0;0;;;;;
262014;19;4;2015;07:10;0;AV 13 DE MAIO;;;;;Queda;Luz do Dia;;;Meio de Quadra;;;0;1;0;0;0;0;0;0;0;1;0;0;;;;;
262011;19;4;2015;04:38;0;AV CEL CARVALHO;;;;;Colisão;;;;Meio de Quadra;;;0;1;1;1;0;0;0;0;0;1;0;0;;;;;
262012;19;4;2015;05:21;0;AV BEZERRA DE MENEZES;;;;;Colisão;Amanhecer;;;Meio de Quadra;;;0;1;1;0;0;0;0;0;0;0;0;0;;;;;
262037;19;4;2015;13:02;14870;RUA WALDIR DIOGO;RUA ALFREDO MAMEDE;;;;Colisão;Luz do Dia;;;Cruz;Semáforo;Residencial;0;1;1;1;0;1;0;0;0;0;0;0;-38,580084;-3,807367;;;
262038;19;4;2015;18:06;5366;RUA SEN POMPEU;AV DUQ CAXIAS;;;;Colisão;Anoitecer;;;Cruz;Semáforo;Comercial;0;1;1;1;0;0;0;0;0;1;0;0;-38,530994;-3,731430;;;
262039;19;4;2015;19:36;0;AV PRS CASTELO BRANCO;;;;;;;;;Meio de Quadra;;;0;2;0;0;0;0;0;0;0;1;0;0;;;;;
262040;19;4;2015;21:01;0;AV PRS CASTELO BRANCO;;;;;Queda;;;;Meio de Quadra;;;0;1;1;0;0;0;0;0;0;1;0;0;;;;;
262029;19;4;2015;10:11;0;AV FRANCISCO SA;;;;;Colisão;Luz do Dia;;;Meio de Quadra;;;0;1;2;0;0;0;0;0;0;0;0;0;-38,577611;-3,710477;;;
262031;19;4;2015;10:51;0;RUA GERMANO FRANCK;;;;;Colisão;Luz do Dia;;;Meio de Quadra;;;0;1;1;1;0;0;0;0;0;1;0;0;-38,559521;-3,775144;;;
262032;19;4;2015;11:30;0;AV FRANCISCO SA;;;5855;;Colisão;Luz do Dia;;;Meio de Quadra;;;0;1;1;1;0;1;0;0;0;0;0;0;-38,577611;-3,710477;;;
262034;19;4;2015;12:38;0;AV PERIMETRAL;;;;;Colisão;Luz do Dia;;;Meio de Quadra;;;0;1;1;0;0;0;1;0;0;1;0;0;;;;;
262035;19;4;2015;12:43;0;AV DES MOREIRA;;;;;Queda;Luz do Dia;;;Meio de Quadra;;;0;1;0;0;0;1;0;0;0;0;0;0;-38,495820;-3,728431;;;
250578;19;4;2015;12:45;0;AV AUGUSTO DOS ANJOS;;;194;;Colisão Lateral;Luz do Dia;Bom;Seca;Meio de Quadra;Semáforo Intermitente;Misto;0;0;2;1;1;0;0;0;0;0;0;0;-38,570801;-3,770883;;;
250579;19;4;2015;17:30;6750;RUA BATISTA DE OLIVEIRA;RUA VILEBALDO AGUIAR;;;;Colisão Transversal;Anoitecer;Bom;Seca;Cruz;Pare;Comercial;0;1;1;1;0;0;0;0;0;1;0;0;-38,480134;-3,743019;;;
250580;19;4;2015;06:00;12387;AV JOSE BASTOS;RUA MOZART FIRMEZA;;;;Colisão Traseira;Luz do Dia;Bom;Seca;T;Não Há Controle;Comercial;0;0;2;1;1;0;0;0;0;0;0;0;-38,570025;-3,768480;;;
250584;19;4;2015;16:00;0;RUA CON DE CASTRO;;;7166;;Colisão Transversal;Luz do Dia;Nublado;Seca;Meio de Quadra;Não Há Controle;Residencial;0;0;2;1;1;0;0;0;0;0;0;0;-38,600847;-3,817384;;;
250585;19;4;2015;16:00;0;AV BENJAMIM BRASIL;;;319;;Colisão Transversal;Luz do Dia;Bom;Seca;Meio de Quadra;Não Há Controle;Residencial;0;0;2;1;0;0;0;0;0;0;0;0;-38,569817;-3,803956;;;
250586;19;4;2015;12:03;23009;RUA ANITA GARIBALDI;RUA BRUNO VALENTE;;;;Colisão Lateral;Luz do Dia;Bom;Seca;Cruz;Pare;Residencial;0;1;1;1;0;0;0;0;0;1;0;0;-38,539228;-3,788221;;;
250587;19;4;2015;19:00;1380;RUA NUNES VALENTE;RUA TORRES CAMARA;;;;Colisão Transversal;Via Iluminada;Bom;Seca;Cruz;Não Há Controle;Comercial;0;3;0;0;0;0;0;0;0;1;0;0;-38,503856;-3,736618;;;
250582;19;4;2015;19:00;15100;AV HIS RAIMUNDO GIRAO;RUA JOAO CORDEIRO;;;;Colisão Traseira;Via Iluminada;Bom;Seca;Cruz;Semáforo;Comercial;0;0;2;1;0;0;0;0;0;0;0;0;-38,511630;-3,720835;;;
250592;19;4;2015;09:00;11057;AV DR SILAS MUNGUBA;AV DOS EXPEDICIONARIOS;;;;Colisão Transversal;Luz do Dia;Nublado;Seca;Cruz;Semáforo;Misto;0;0;2;1;0;0;0;0;0;0;0;0;-38,547960;-3,787538;;;
250593;19;4;2015;20:40;0;RUA VITAL BRASIL;;;618;;Colisão Traseira;Via Iluminada;Bom;Seca;Meio de Quadra;Semáforo;Residencial;0;0;2;1;0;0;0;0;0;0;0;0;-38,586834;-3,781174;;;
250594;19;4;2015;06:40;24347;AV LUCIANO CARNEIRO;RUA DES PRAXEDES;;;;Colisão Transversal;Luz do Dia;Bom;Seca;Cruz;Semáforo;Misto;0;1;1;0;0;0;0;0;0;1;0;0;-38,536679;-3,764934;;;
250598;19;4;2015;05:50;3768;AV DOMINGOS OLIMPIO;AV TRISTAO GONCALVES;;;;Colisão Traseira;Amanhecer;Nublado;Molhada;Cruz;Semáforo;Misto;0;1;1;1;0;0;0;0;0;0;0;0;-38,535613;-3,735133;;;
250599;19;4;2015;14:30;0;AV RAD JOSE LIMA VERDE;;;805;;Colisão Transversal;Luz do Dia;Bom;Seca;Meio de Quadra;Pare;Misto;0;1;1;0;1;0;0;0;0;1;0;0;-38,587896;-3,699619;;;
250600;19;4;2015;13:00;1364;RUA JOSE VILAR;RUA TORRES CAMARA;;;;Colisão Transversal;Luz do Dia;Nublado;Seca;Cruz;Semáforo;Comercial;0;0;2;1;0;0;0;0;0;0;0;0;-38,504840;-3,736301;;;
250601;19;4;2015;15:20;15350;AV DES MOREIRA;RUA PEREIRA VALENTE;;;;Colisão Lateral;Luz do Dia;Nublado;Seca;Cruz;Semáforo;Comercial;0;1;1;1;0;0;0;0;1;0;0;0;-38,497076;-3,732253;;;
250602;19;4;2015;18:00;0;RUA CARLOS CAMARA;;;1110;;Choque c/ Obstáculo Fixo;Anoitecer;Bom;Seca;Meio de Quadra;Não Há Controle;Residencial;0;0;1;1;0;0;0;0;0;0;0;0;-38,541757;-3,745484;;;
250595;20;4;2015;17:00;0;AV ANTONIO SALES;;;1950;;Colisão Lateral;Anoitecer;Bom;Seca;Meio de Quadra;Outros;Comercial;0;0;2;1;0;0;1;0;0;0;0;0;-38,507234;-3,743950;;;
250596;20;4;2015;20:30;7869;RUA BARBOSA DE FREITAS;RUA FRANCISCO HOLANDA;;;;Colisão Transversal;Via Iluminada;Bom;Seca;Cruz;Pare;Misto;0;0;2;1;0;0;0;0;0;0;0;0;-38,501555;-3,749671;;;
250597;20;4;2015;11:20;0;RUA OSCAR ARARIPE;;;1828;;Colisão Traseira;Luz do Dia;Nublado;Seca;Meio de Quadra;;Misto;0;1;1;1;0;0;0;0;0;0;0;0;-38,607554;-3,788556;;;
250591;20;4;2015;07:00;0;RUA ANA BILHAR;;;150;;Choque c/ Obstáculo Fixo;Luz do Dia;Bom;Seca;Meio de Quadra;Não Há Controle;Residencial;0;0;1;0;0;0;0;0;0;0;0;0;-38,498998;-3,728406;;;
250589;20;4;2015;21:30;0;AV ANTONIO SALES;;;3525;;Colisão Traseira;Via Iluminada;Bom;Seca;Outros;Não Há Controle;Residencial;0;0;3;1;0;0;0;0;0;0;0;0;-38,490117;-3,749232;;;
260723;20;4;2015;11:58;0;AV ENG SANTANA JUNIOR;;;;;Colisão;Luz do Dia;;;Meio de Quadra;;;0;0;3;1;1;0;0;0;0;0;0;0;;;;;
260731;20;4;2015;19:24;0;AV AGUANAMBI;;;;;Colisão;;;;Meio de Quadra;;;0;0;2;0;1;0;0;1;0;0;0;0;;;;;
260726;20;4;2015;14:58;0;RUA PRO OTAVIO LOBO;;;;;Colisão;Luz do Dia;;;Meio de Quadra;;;0;0;2;1;1;0;0;0;0;0;0;0;;;;;
262061;20;4;2015;11:17;2404;AV 20 DE JANEIRO;RUA SEN ROBERT KENNEDY;;;;Atropelamento;Luz do Dia;;;T;Pare;Residencial;0;1;1;0;0;0;0;0;0;1;0;0;-38,580002;-3,706153;;;
262047;20;4;2015;06:09;0;AV PRS CASTELO BRANCO;;;;;Queda;Luz do Dia;;;Meio de Quadra;;;0;1;0;0;0;0;0;0;0;1;0;0;;;;;
262048;20;4;2015;08:25;0;AV AGUANAMBI;;;;;Colisão;Luz do Dia;;;Meio de Quadra;;;0;1;1;1;0;0;0;0;0;1;0;0;-38,525813;-3,742882;;;
262049;20;4;2015;08:28;0;AV DOS EXPEDICIONARIOS;;;;;Colisão;Luz do Dia;;;Meio de Quadra;;;0;1;1;1;0;1;0;0;0;0;0;0;;;;;
262064;20;4;2015;11:51;10780;RUA PDE SA LEITAO;AV SEN FERNANDES TAVORA;;;;Colisão;Luz do Dia;;;Cruz;Pare;Misto;0;1;1;1;0;0;0;0;0;1;0;0;-38,581677;-3,762452;;;
262066;20;4;2015;12:32;0;RUA SEBASTIAO DE ABREU;;;;;Colisão;Luz do Dia;;;Meio de Quadra;;;0;1;1;1;0;0;0;0;0;1;0;0;;;;;
262068;20;4;2015;16:16;0;RUA PDE ANCHIETA;;;;;Colisão;Luz do Dia;;;Meio de Quadra;;;0;1;1;1;0;0;0;0;0;1;0;0;;;;;
262069;20;4;2015;17:28;25006;RUA BENI DE CARVALHO;RUA LEONARDO MOTA;;;;Atropelamento;Anoitecer;;;Cruz;Semáforo;Residencial;0;1;1;0;0;0;0;0;0;1;0;0;-38,498931;-3,744739;;;
262072;20;4;2015;18:19;0;RUA SOUSA GIRAO;;;518;;Atropelamento;Anoitecer;;;Meio de Quadra;;;0;2;0;0;0;0;0;0;0;1;0;0;-38,524716;-3,744320;;;
262075;20;4;2015;20:59;10733;RUA PORTO ALEGRE;RUA STA FILOMENA;;;;Colisão;;;;Cruz;Pare;Residencial;0;2;0;0;0;0;0;0;0;1;0;0;-38,590592;-3,760249;;;
262077;20;4;2015;22:17;0;AV BEZERRA DE MENEZES;;;;;;;;;Meio de Quadra;;;0;2;0;1;0;0;0;0;0;1;0;0;;;;;
262041;20;4;2015;01:38;0;RUA PEDRO DANTAS;;;;;Atropelamento;;;;Meio de Quadra;;;0;1;1;0;0;0;0;0;0;1;0;0;-38,526279;-3,785131;;;
262042;20;4;2015;03:30;0;AV PRS CASTELO BRANCO;;;;;Colisão;;;;Meio de Quadra;;;0;0;2;0;0;0;0;0;0;0;0;0;;;;;
262043;20;4;2015;05:57;0;AV ALBERTO CRAVEIRO;;;;;Queda;Amanhecer;;;Meio de Quadra;;;0;1;0;0;0;0;0;0;0;1;0;0;;;;;
250342;20;4;2015;06:55;18498;AV GOV PARSIFAL BARROSO;RUA MARIA MIRIAN F  DE SOUZA;;;;Colisão Lateral;Luz do Dia;Bom;Seca;Cruz;;Residencial;0;0;2;1;0;0;0;0;0;0;0;0;-38,568958;-3,733515;;;
250619;20;4;2015;23:27;15205;RUA OSVALDO CRUZ (ALDEOTA);AV ABOLICAO;;;;Colisão Transversal;Via Iluminada;Bom;Seca;Cruz;Gesto;Comercial;0;2;1;1;0;0;0;0;0;0;0;0;-38,497445;-3,726690;;;
259235;20;4;2015;07:10;0;AV SEN CARLOS JEREISSATI (AEROPORTO);;;220420;;Colisão;Luz do Dia;;;Meio de Quadra;;;0;0;3;1;0;0;0;0;0;1;0;0;;;;;
259220;20;4;2015;12:40;0;RD CE-040;;;;KM-01;Colisão;Via Iluminada;;;Meio de Quadra;;;0;0;2;1;0;0;0;0;0;1;0;0;-38,483270;-3,754877;;;
259221;20;4;2015;12:40;0;AV MIN JOSE AMERICO;;;;;Colisão;Luz do Dia;;Seca;Meio de Quadra;;;0;0;2;1;0;0;0;0;0;1;0;0;;;;;
259224;20;4;2015;21:35;0;RD CE-040;;;;KM-02;Colisão;Via Iluminada;;Seca;Meio de Quadra;;;0;0;2;1;1;0;0;0;0;0;0;0;-38,481598;-3,776479;;;
259225;20;4;2015;01:00;0;RD CE-040;;;;KM-04;Colisão;;;Seca;Meio de Quadra;;;0;1;1;0;0;0;0;0;0;0;0;0;-38,480251;-3,792050;;;
267087;20;4;2015;00:28;19561;AV GODOFREDO MACIEL;RUA ANTONIO BANDEIRA D41;;;;Colisão;;;;Cruz;Semáforo;Misto;0;0;2;0;0;0;0;0;0;0;0;0;-38,565838;-3,783278;;;
267088;20;4;2015;00:48;0;AV EDUARDO GIRAO;;;;;Choque c/ Obstáculo Fixo;;;;Meio de Quadra;;;0;0;1;0;0;0;0;0;0;0;0;0;;;;;
267089;20;4;2015;11:07;0;AV GODOFREDO MACIEL;;;;;Colisão;Luz do Dia;;;Meio de Quadra;;;0;0;2;0;0;0;0;0;0;0;0;0;;;;;
267090;20;4;2015;11:09;0;RUA FRANCISCO MENDES DE OLIVEIRA;;;316;;Choque c/ Obstáculo Fixo;Luz do Dia;;;Meio de Quadra;;;0;0;1;0;0;0;0;0;0;0;0;0;-38,594040;-3,728229;;;
267091;20;4;2015;16:53;0;AV DR SILAS MUNGUBA;;;3666;;Colisão;Luz do Dia;;;Meio de Quadra;;;0;0;2;0;0;0;0;0;0;0;0;0;-38,540801;-3,790219;;;
267092;20;4;2015;22:24;0;RUA MARTINS CARVALHO;;;100;;Colisão;;;;Meio de Quadra;;;0;0;2;0;0;0;0;0;0;0;0;0;-38,596234;-3,797853;;;
250899;20;4;2015;16:00;18743;RUA VALPARAISO;RUA CATOLE;;;;Colisão Transversal;Luz do Dia;Bom;Seca;Cruz;Pare;Residencial;0;1;1;1;0;0;0;0;0;1;0;0;-38,520171;-3,846407;;;
250901;20;4;2015;20:00;11761;AV PRS CASTELO BRANCO;RUA JACINTO MATOS;;;;Colisão Transversal;Via Iluminada;Bom;Seca;Cruz;Semáforo;Lazer;0;1;1;1;0;0;1;0;0;0;0;0;-38,546333;-3,714630;;;
250903;20;4;2015;09:10;0;AV SEN VIRGILIO TAVORA;;;2211;;Colisão Traseira;Luz do Dia;Bom;Seca;Meio de Quadra;Não Há Controle;Comercial;0;0;2;1;0;0;0;0;0;0;0;0;-38,496055;-3,745879;;;
250907;20;4;2015;18:15;7633;AV CARNEIRO DE MENDONCA;RUA RIO GRANDE DO SUL;;;;Colisão Lateral;Via Iluminada;Bom;Seca;Cruz;Semáforo Intermitente;Comercial;0;2;1;0;0;0;1;0;0;1;0;0;-38,570011;-3,762374;;;
250908;20;4;2015;16:40;15255;RUA MON BRUNO;RUA TEN BENEVOLO;;;;Colisão Lateral;Luz do Dia;Nublado;Seca;Cruz;Pare;Comercial;0;0;2;1;0;0;0;1;0;0;0;0;-38,508124;-3,728332;;;
250909;20;4;2015;11:40;0;AV DOMINGOS OLIMPIO;;;1551;;Colisão Traseira;Luz do Dia;Chuva;Molhada;Meio de Quadra;Não Há Controle;Comercial;0;0;2;1;0;0;0;0;0;0;0;0;-38,537258;-3,734616;;;
250910;20;4;2015;10:30;0;AV BEZERRA DE MENEZES;;;1301;;Engavetamento;Luz do Dia;Bom;Seca;Meio de Quadra;Não Há Controle;Comercial;0;0;4;1;0;0;0;0;0;0;0;0;-38,556375;-3,733991;;;
250911;20;4;2015;12:45;1257;RUA COSTA BARROS;RUA SILVA PAULET;;;;Colisão Transversal;Luz do Dia;Bom;Seca;Cruz;Pare;Comercial;0;0;2;1;0;0;0;0;0;0;0;0;-38,504799;-3,732565;;;
250905;20;4;2015;23:00;5246;RUA PEREIRA FILGUEIRAS;RUA GONCALVES LEDO;;;;Colisão Transversal;Via Iluminada;Bom;Seca;Cruz;Pare;Residencial;0;1;1;1;0;0;0;0;0;0;0;0;-38,515004;-3,727667;;;
250913;20;4;2015;18:20;7914;AV ANTONIO SALES;RUA LEONARDO MOTA;;;;Colisão Lateral;Via Iluminada;Bom;Seca;Cruz;Semáforo;Comercial;0;0;2;1;0;0;0;0;0;0;0;0;-38,499442;-3,746358;;;
250917;20;4;2015;20:00;12808;RUA PRE NOVE;RUA VICOSA;;;;Colisão Lateral;Anoitecer;Bom;Seca;Outros;Pare;Residencial;0;0;2;1;0;0;0;0;0;0;0;0;-38,539313;-3,754767;;;
250918;20;4;2015;05:00;0;RUA MON BRUNO;;;324;;Choque c/ Obstáculo Fixo;Luz do Dia;Bom;Seca;Meio de Quadra;Não Há Controle;Residencial;0;1;0;1;0;0;0;0;0;0;0;0;;;;;
250919;20;4;2015;09:20;0;RUA TABULEIRO DO NORTE;;;;;Colisão Transversal;Luz do Dia;Nublado;Seca;Outros;Não Há Controle;Residencial;0;1;1;1;0;0;0;0;0;1;0;0;;;;;
250921;20;4;2015;10:15;16453;RUA CEL MANUEL ALBANO;RUA 26 BATALHAO;;;;Colisão Transversal;Luz do Dia;Bom;Seca;Cruz;Pare;Escola;0;0;2;1;0;0;0;0;0;0;0;0;-38,568374;-3,807008;;;
250922;20;4;2015;12:00;3768;AV DOMINGOS OLIMPIO;AV TRISTAO GONCALVES;;;;Colisão Traseira;Luz do Dia;Chuva;Molhada;Cruz;Semáforo;Comercial;0;0;4;1;0;0;0;0;0;0;0;0;-38,535613;-3,735133;;;
250932;20;4;2015;06:20;0;AV BAR STUDART;;;;;Colisão Traseira;Luz do Dia;Bom;Seca;Meio de Quadra;Pare;Comercial;0;0;2;1;0;0;0;0;0;1;0;0;;;;;
250933;20;4;2015;15:30;0;RUA VICENTE LEITE;;;1565;;Colisão Lateral;;Bom;Seca;Meio de Quadra;Pare;Comercial;0;0;2;1;0;0;0;0;0;0;0;0;-38,496394;-3,740210;;;
250934;20;4;2015;12:50;0;AV DOS EXPEDICIONARIOS;;;3910;;Engavetamento;Luz do Dia;Bom;Seca;Meio de Quadra;Semáforo;Escola;0;0;3;1;0;0;0;0;0;0;0;0;-38,537333;-3,752267;;;
250935;20;4;2015;11:00;0;AV 13 DE MAIO;;;;;Colisão Lateral;Luz do Dia;Nublado;Seca;Meio de Quadra;Pare;Comercial;0;0;2;1;0;0;0;0;0;0;0;0;;;;;
250936;20;4;2015;10:50;15326;AV BAR STUDART;RUA PEREIRA FILGUEIRAS;;;;Colisão Lateral;Luz do Dia;Bom;Seca;Cruz;Semáforo;Comercial;0;0;2;1;0;0;0;0;0;1;0;0;-38,505361;-3,730810;;;
250937;20;4;2015;00:40;0;RUA DEP OSWALDO STUDART;;;848;;Colisão Traseira;Via Iluminada;Bom;Seca;Meio de Quadra;Não Há Controle;Comercial;0;1;1;1;0;0;0;0;0;0;0;0;-38,531072;-3,756879;;;
250938;20;4;2015;18:25;0;AV ANTONIO SALES;;;;;Colisão Traseira;Via Iluminada;Bom;Seca;Meio de Quadra;;Residencial;0;0;3;1;0;0;0;0;0;0;0;0;;;;;
250940;20;4;2015;21:15;0;AV BAR STUDART;;;225;;Colisão Frontal;;Bom;Seca;Meio de Quadra;;Residencial;0;0;2;1;0;0;0;0;0;0;0;0;-38,503786;-3,725848;;;