COD_ACIDENTE;DIA;MES;ANO;HORA;INTERSECAO;LOG1;LOG2;LOG3;NUMERO;REFERENCIA;NATUREZA;ILUMINACAO;TEMPO;SUPERFICIEPISTA;TIPOCRUZAMENTO;CONTROLETRAFEGO;USOSOLO;MORTOS;FERIDOS;ILESOS;AUTOMOVEL;ONIBUS;BICICLETA;CAMINHAO;MICROONIBUS;CICLOMOTOR;MOTOCICLETA;TRACAOANIMAL;TREM;LONG;LAT;;;
250941;20;4;2015;09:10;0;AV DOMINGOS OLIMPIO;;;657;;Colisão Traseira;Luz do Dia;Bom;Seca;Meio de Quadra;Semáforo;Comercial;0;0;2;1;0;0;0;0;0;0;0;0;-38,529627;-3,737170;;;
250942;20;4;2015;15:20;9081;AV AGUANAMBI;AV 13 DE MAIO;;;;Colisão Traseira;Luz do Dia;Bom;Seca;Outros;Semáforo;Comercial;0;0;2;1;0;0;0;0;0;1;0;0;-38,523451;-3,753844;;;
250943;20;4;2015;08:47;5777;RUA CHICO LEMOS;RUA JOSE A CAVALCANTE;;;;Colisão Lateral;Luz do Dia;Bom;Seca;Cruz;Pare;Residencial;0;1;1;1;0;0;0;0;0;1;0;0;-38,499317;-3,790905;;;
250944;20;4;2015;13:40;0;AV ANTONIO SALES;;;3027;;Colisão Lateral;Luz do Dia;Bom;Seca;Meio de Quadra;Semáforo;Comercial;0;0;2;1;0;0;0;0;0;0;0;0;-38,497402;-3,746989;;;
250945;20;4;2015;18:00;0;AV AGUANAMBI;;;;;Colisão Lateral;Anoitecer;Bom;Seca;Meio de Quadra;;Comercial;0;1;1;0;0;0;0;0;0;1;0;0;;;;;
250946;20;4;2015;17:20;0;RUA PEDRO I;;;1250;;Colisão Frontal;Via Iluminada;Bom;Seca;Meio de Quadra;Pare;Comercial;0;0;2;1;0;0;0;0;0;0;0;0;-38,535440;-3,729035;;;
250926;20;4;2015;22:00;0;RUA DEMETRIO MENEZES;;;;;Colisão Lateral;Via Iluminada;Bom;Seca;Meio de Quadra;Não Há Controle;Comercial;0;0;2;1;0;0;0;0;0;1;0;0;;;;;
250915;20;4;2015;19:15;23377;AV PONTES VIEIRA;RUA BARROS LEAL;;;;Colisão Traseira;Via Iluminada;Bom;Seca;T;Pare;Comercial;0;0;2;1;1;0;0;0;0;0;0;0;-38,519369;-3,753412;;;
267093;21;4;2015;01:39;0;AV ALBERTO CRAVEIRO;;;1763;;Colisão;;;;Meio de Quadra;;;0;0;2;0;0;0;0;0;0;0;0;0;;;;;
267095;21;4;2015;01:41;1383;RUA MON CATAO;RUA MARCOS MACEDO;;;;Colisão;;;;Cruz;Pare;Misto;0;0;2;0;0;0;0;0;0;0;0;0;-38,489930;-3,736772;;;
267096;21;4;2015;22:29;0;LOGRADOURO SEM NOME;;;;;Colisão;;;;Meio de Quadra;;;0;0;2;0;0;0;0;0;0;0;0;0;;;;;
267097;21;4;2015;22:41;0;AV E CJ ESPERANCA;;;;;Colisão;;;;Meio de Quadra;;;0;0;2;0;0;0;0;0;0;0;0;0;;;;;
267098;21;4;2015;23:25;19152;RUA LAURO NOGUEIRA;RUA BATISTA DE OLIVEIRA;;;;Colisão;;;;Cruz;Pare;Misto;0;0;2;0;0;0;0;0;0;0;0;0;-38,478301;-3,740086;;;
250620;21;4;2015;15:00;1424;AV HERACLITO GRACA;RUA CARLOS VASCONCELOS;;;;Colisão Transversal;Luz do Dia;Bom;Seca;Cruz;Semáforo;Comercial;0;1;1;0;0;1;0;0;0;1;0;0;-38,512285;-3,737590;;;
250621;21;4;2015;21:00;25852;RUA MARTINS CARVALHO;RUA A CJ PALMARES (G. LISBOA);;;;Colisão Transversal;Via Iluminada;Bom;Seca;Cruz;Pare;Residencial;0;2;0;1;0;0;0;0;0;1;0;0;;;;;
250604;21;4;2015;19:20;0;AV BEZERRA DE MENEZES;;;785;;Colisão Lateral;Via Iluminada;Bom;Seca;Meio de Quadra;Não Há Controle;Comercial;0;3;1;1;1;0;0;0;0;0;0;0;-38,551961;-3,733085;;;
250605;21;4;2015;20:00;17352;AV JOAO PESSOA;RUA ELVIRA PINHO;;;;Outros;Via Iluminada;Bom;Seca;Cruz;Pare;Comercial;0;0;2;1;0;0;0;0;0;0;0;0;-38,559092;-3,765499;;;
250606;21;4;2015;17:30;12594;RUA JANDIRA;RUA FENELON BOMILCAR;;;;Colisão Transversal;Anoitecer;Bom;Seca;Cruz;Pare;Comercial;0;1;2;1;0;0;0;0;0;1;0;0;-38,586889;-3,715430;;;
250607;21;4;2015;18:30;9202;RUA EUSEBIO DE SOUZA;RUA COSTA ARAUJO;;;;Colisão Transversal;Via Iluminada;Bom;Seca;Cruz;Pare;Residencial;0;0;2;1;0;0;0;0;0;0;0;0;-38,528868;-3,747659;;;
250608;21;4;2015;06:10;6738;RUA DES WALDETARIO P MOTA;RUA VILEBALDO AGUIAR;;;;Colisão Transversal;Luz do Dia;Bom;Seca;Cruz;Pare;Residencial;0;0;2;1;0;0;0;0;0;0;0;0;-38,483787;-3,741853;;;
250609;21;4;2015;18:30;7633;AV CARNEIRO DE MENDONCA;RUA RIO GRANDE DO SUL;;;;;Anoitecer;Bom;Seca;Cruz;Semáforo;Comercial;0;0;2;1;0;0;0;0;0;0;0;0;-38,570011;-3,762374;;;
250610;21;4;2015;18:30;15357;RUA LEONARDO MOTA;RUA PEREIRA VALENTE;;;;Colisão Transversal;Via Iluminada;Bom;Seca;Cruz;Semáforo;Residencial;0;1;1;1;0;0;0;0;0;1;0;0;-38,495134;-3,732885;;;
250611;21;4;2015;10:00;1576;AV PDE ANTONIO TOMAS;RUA CEL JUCA;;;;Colisão Transversal;Luz do Dia;Bom;Seca;Cruz;Semáforo;Residencial;0;0;2;1;0;0;0;0;0;1;0;0;-38,492803;-3,742392;;;
250612;21;4;2015;12:50;24270;RUA DELMIRO GOUVEIA;RUA PEREIRA VALENTE;;;;Colisão Transversal;Luz do Dia;Bom;Seca;Cruz;Não Há Controle;Residencial;0;0;3;1;0;0;0;0;0;1;0;0;-38,488125;-3,734817;;;
250613;21;4;2015;15:00;0;AV FRANCISCO SA;;;5426;;Colisão Traseira;Luz do Dia;Bom;Seca;Meio de Quadra;Semáforo;Comercial;0;1;1;1;0;0;0;0;0;1;0;0;-38,572352;-3,712282;;;
250614;21;4;2015;17:00;15204;RUA JULIO IBIAPINA;AV ABOLICAO;;;;Colisão Traseira;Luz do Dia;Bom;Seca;Cruz;Semáforo;Residencial;0;0;2;1;0;0;0;0;0;0;0;0;-38,491290;-3,726679;;;
250615;21;4;2015;14:00;0;RUA GUERRA JUNQUEIRO;;;1038;;Colisão Lateral;Luz do Dia;Nublado;Seca;Meio de Quadra;;Residencial;0;0;2;1;0;0;0;0;0;0;0;0;-38,552049;-3,780106;;;
250616;21;4;2015;07:00;0;RUA CEL RIBEIRO DA SILVA;;;758;;Colisão Frontal;Luz do Dia;;Seca;Meio de Quadra;Não Há Controle;Residencial;0;0;2;1;0;0;0;0;0;0;0;0;-38,547827;-3,731894;;;
250617;21;4;2015;15:10;22839;RUA GALILEU;RUA GOV JOAO CARLOS;;;;Colisão Transversal;Luz do Dia;Bom;Seca;Cruz;Pare;Residencial;0;0;2;1;0;0;0;0;0;0;0;0;-38,551101;-3,776902;;;
250618;21;4;2015;10:20;10999;RUA ALBERTO MAGNO;RUA 15 DE NOVEMBRO;;;;;Luz do Dia;Bom;Seca;Cruz;Pare;Residencial;0;0;2;1;0;0;0;0;0;0;0;0;-38,553169;-3,769909;;;
250653;21;4;2015;08:17;19328;RUA EDUARDO PERDIGAO;RUA CON DE CASTRO;;;;Colisão Lateral;Luz do Dia;Bom;Seca;Cruz;Não Há Controle;Comercial;0;1;1;1;0;0;0;0;0;1;0;0;-38,564769;-3,775579;;;
262099;21;4;2015;20:15;5063;RUA BAR RIO BRANCO;AV PRS CASTELO BRANCO;;;;Queda;;;;T;Pare;Outros;0;1;0;0;0;0;0;0;0;1;0;0;-38,526642;-3,721459;;;
262101;21;4;2015;20:32;0;RUA OSCAR ARARIPE;;;;;Atropelamento;;;;Meio de Quadra;;;0;1;1;1;0;0;0;0;0;0;0;0;;;;;
262102;21;4;2015;22:59;0;AV PERIMETRAL;;;;;Colisão;;;;Meio de Quadra;;;0;1;1;1;0;0;0;0;0;1;0;0;;;;;
262103;21;4;2015;23:29;0;RUA EDUARDO PERDIGAO;;;;;Colisão;;;;Meio de Quadra;;;0;1;1;1;0;0;0;0;0;1;0;0;;;;;
262093;21;4;2015;01:05;0;AV OLIVEIRA PAIVA;;;;;Colisão;;;;Meio de Quadra;;;0;1;1;0;0;0;0;0;0;1;0;0;;;;;
262094;21;4;2015;01:05;0;AV FRANCISCO SA;;;;;Choque c/ Obstáculo Fixo;;;;Meio de Quadra;;;0;1;0;1;0;0;0;0;0;0;0;0;;;;;
262095;21;4;2015;10:08;0;AV SGT HERMINIO SAMPAIO;;;4223;;Colisão;Luz do Dia;;;Meio de Quadra;;;0;2;0;0;0;0;0;0;0;1;0;0;-38,577932;-3,730992;;;
262096;21;4;2015;10:42;0;RUA ANA FACO;;;;;Colisão;Luz do Dia;;;Meio de Quadra;;;0;1;1;1;0;0;0;0;0;1;0;0;-38,561581;-3,715216;;;
260769;21;4;2015;11:06;0;AV 13 DE MAIO;;;;;Colisão;Luz do Dia;;;Meio de Quadra;;;0;0;3;1;0;0;0;0;0;0;0;0;;;;;
250603;21;4;2015;17:20;7258;AV ODILON GUIMARAES;RUA FRANCISCO LEANDRO;;;;Colisão Lateral;Luz do Dia;Bom;Seca;Cruz;Semáforo;Misto;0;0;2;1;0;0;0;0;0;1;0;0;-38,478709;-3,824509;;;
262105;22;4;2015;06:43;0;AV PINTO BANDEIRA D56;;;;;Colisão;Luz do Dia;;;Meio de Quadra;;;0;1;1;1;0;0;0;0;0;1;0;0;;;;;
262108;22;4;2015;09:26;0;RUA JOSE MENDONCA;;;;;Atropelamento;Luz do Dia;;;Meio de Quadra;;;0;2;0;0;0;0;0;0;0;1;0;0;-38,602011;-3,756171;;;
262113;22;4;2015;18:47;0;AV DA INDEPENDENCIA;;;;;Colisão;;;;Meio de Quadra;;;0;1;2;0;0;0;0;0;0;1;0;0;-38,601949;-3,723677;;;
262114;22;4;2015;20:52;0;AV GODOFREDO MACIEL;;;;;Atropelamento;;;;Meio de Quadra;;;0;2;0;0;0;0;0;0;0;1;0;0;-38,580119;-3,828399;;;
262110;22;4;2015;13:20;18753;RUA OLIMPIO RIBEIRO;RUA DALVA DE OLIVEIRA;;;;Colisão;Luz do Dia;;;;;;0;0;2;1;0;0;0;0;0;1;0;0;-38,523326;-3,847910;;;
262111;22;4;2015;16:58;5383;RUA MAJ FACUNDO;AV DUQ CAXIAS;;;;Atropelamento;Luz do Dia;;;Cruz;Semáforo;Comercial;0;2;0;0;0;0;0;0;0;1;0;0;-38,529285;-3,731981;;;
258303;22;4;2015;14:15;25852;RUA MARTINS CARVALHO;RUA A CJ PALMARES (G. LISBOA);;;;Colisão;Luz do Dia;;;Cruz;Não Há Controle;Comercial;0;1;0;1;1;0;0;0;0;0;0;0;;;;;
250654;22;4;2015;16:00;3771;AV DA UNIVERSIDADE;AV DOMINGOS OLIMPIO;;;;Colisão Transversal;Luz do Dia;Bom;Seca;Cruz;Semáforo;Comercial;0;1;1;1;0;0;0;0;0;0;0;0;-38,534216;-3,735594;;;
250655;22;4;2015;13:40;5333;RUA GAL CLARINDO DE QUEIROZ;RUA PRC ISABEL;;;;Colisão Transversal;Luz do Dia;Bom;Seca;Cruz;Outros;Comercial;0;0;2;1;0;0;0;0;0;0;0;0;-38,536711;-3,730592;;;
250656;22;4;2015;21:00;17375;RUA ALAN KARDEC;AV JOSE DO PATROCINIO;;;;Colisão Lateral;Via Iluminada;Chuva;Molhada;Outros;Não Há Controle;Misto;0;0;2;1;1;0;0;0;0;0;0;0;-38,547462;-3,766831;;;
250657;22;4;2015;19:00;0;AV BEZERRA DE MENEZES;;;1696;;Colisão Traseira;Via Iluminada;Chuva;Molhada;Meio de Quadra;Não Há Controle;Comercial;0;0;2;1;0;0;0;0;0;0;0;0;-38,559820;-3,734694;;;
250658;22;4;2015;01:10;0;AV PRS ARTUR BERNARDES;;;420;;Choque c/ Obstáculo Fixo;Via Iluminada;Bom;Seca;Meio de Quadra;;Comercial;0;0;1;1;0;0;0;0;0;0;0;0;-38,473371;-3,772325;;;
250659;22;4;2015;01:08;17390;RUA ALM RUBIM;RUA ELVIRA PINHO;;;;Colisão Transversal;Via Iluminada;Bom;Seca;Cruz;Pare;Residencial;0;1;1;1;0;0;0;0;0;1;0;0;-38,555324;-3,767260;;;
250660;22;4;2015;13:20;14585;AV EDILSON B SOARES;RUA NUBIA BARROCAS;;;;Colisão Lateral;Luz do Dia;Bom;Seca;Cruz;Pare;Residencial;0;0;3;1;0;0;0;0;0;1;0;0;-38,482203;-3,789590;;;
250661;22;4;2015;20:00;25063;AV DOS EXPEDICIONARIOS;RUA ARMANDO MONTEIRO;;;;Colisão Transversal;;Chuva;Molhada;Cruz;Pare;Residencial;0;0;2;0;1;0;0;0;0;0;0;0;-38,540372;-3,762230;;;
250622;22;4;2015;19:00;12863;AV DOMINGOS OLIMPIO;RUA FLORIANO PEIXOTO;;;;Colisão Transversal;;Chuva;Molhada;Cruz;Pare;Misto;0;0;2;1;0;0;0;0;0;1;0;0;-38,530313;-3,736976;;;
250623;22;4;2015;14:30;15145;AV HIS RAIMUNDO GIRAO;AV BAR STUDART;;;;Colisão Transversal;Luz do Dia;Bom;Seca;Cruz;Semáforo;Comercial;0;1;2;1;0;0;0;0;0;1;0;0;-38,503367;-3,724494;;;
250624;22;4;2015;21:00;0;AV SEN CARLOS JEREISSATI (AEROPORTO);;;3000;AEROPORTO;Colisão Traseira;Via Iluminada;Chuva;Molhada;Meio de Quadra;Não Há Controle;Comercial;0;0;2;1;0;0;0;0;0;0;0;0;-38,541414;-3,780382;;;
250625;22;4;2015;13:45;25063;AV DOS EXPEDICIONARIOS;RUA ARMANDO MONTEIRO;;;;Colisão Transversal;Luz do Dia;Chuva;Molhada;Cruz;Pare;Residencial;0;2;0;0;0;0;0;0;1;0;0;0;-38,540372;-3,762230;;;
250626;22;4;2015;11:43;10752;RUA JOCKEY CLUBE;RUA ANTONIO IVO;;;;Colisão Transversal;Luz do Dia;Bom;Seca;Cruz;Pare;Residencial;0;1;1;1;0;0;0;0;0;1;0;0;-38,581779;-3,761104;;;
250627;22;4;2015;14:20;11861;RUA ADRIANO MARTINS;AV FRANCISCO SA;;;;Colisão Lateral;Luz do Dia;Bom;Seca;Cruz;Semáforo;Residencial;0;0;2;1;1;0;0;0;0;0;0;0;-38,544509;-3,721622;;;
250628;22;4;2015;08:10;13278;AV G CJ JOSE WALTER;AV L CJ JOSE WALTER;;;;Colisão Lateral;Luz do Dia;Bom;Seca;T;Pare;Comercial;0;1;1;1;0;0;0;0;0;1;0;0;-38,559510;-3,837707;;;
250629;22;4;2015;19:50;2378;AV FRANCISCO SA;RUA 01 UI 901;;;;Colisão Transversal;Mal Iluminada;Chuva;Molhada;T;Pare;Residencial;0;0;2;1;0;0;0;0;0;1;0;0;-38,587394;-3,705552;;;
250630;22;4;2015;09:00;0;AV BORGES DE MELO;;;124;;Colisão Lateral;Luz do Dia;Bom;Seca;Meio de Quadra;Não Há Controle;Residencial;0;0;2;0;0;0;0;1;0;0;0;0;-38,520120;-3,761333;;;
250631;22;4;2015;08:50;19664;RUA GUSTAVO SAMPAIO;RUA PRO JOSE DE BARCELOS;;;;Colisão Transversal;Luz do Dia;Bom;Seca;Cruz;Pare;Residencial;0;1;1;1;0;0;0;0;0;1;0;0;-38,550829;-3,734101;;;
250632;22;4;2015;14:30;7158;AV PRS CASTELO BRANCO;RUA DNA MENDINHA;;;;Colisão Traseira;Luz do Dia;Bom;Seca;Cruz;Outros;Comercial;0;0;2;0;1;0;0;0;0;0;0;0;-38,569470;-3,708021;;;
250633;22;4;2015;06:25;13659;RUA DR THOMPSON BULCAO;RUA REV BOLIVAR P BANDEIRA;;;;Colisão Transversal;Luz do Dia;Bom;Seca;Cruz;Semáforo;Comercial;0;1;1;1;0;0;0;0;0;1;0;0;-38,492006;-3,770002;;;
250634;22;4;2015;13:40;0;AV FRANCISCO SA;;;;;Colisão Transversal;Luz do Dia;Bom;Seca;Meio de Quadra;Semáforo;Residencial;0;0;2;0;1;0;0;0;0;0;0;0;;;;;
250635;22;4;2015;12:40;12867;RUA JAIME BENEVOLO;RUA JOAQUIM MAGALHAES;;;;Colisão Lateral;Luz do Dia;Bom;Seca;Cruz;Pare;Comercial;0;1;1;1;0;0;0;0;0;0;0;0;-38,527961;-3,739942;;;
250636;22;4;2015;20:30;0;AV GODOFREDO MACIEL;;;711;;Colisão Traseira;Via Iluminada;Chuva;Molhada;Meio de Quadra;Não Há Controle;Comercial;0;0;2;1;0;0;0;0;0;0;0;0;-38,565593;-3,782461;;;
250637;22;4;2015;18:00;7432;RUA PEDRO DANTAS;RUA CAPRICHO;;;;Colisão Lateral;Via Iluminada;Bom;Seca;T;Pare;Residencial;0;2;1;1;0;0;0;0;0;1;0;0;-38,524906;-3,785382;;;
250638;22;4;2015;03:00;0;AV FRANCISCO SA;;;2945;;;Via Iluminada;Bom;Seca;Meio de Quadra;Não Há Controle;Comercial;0;0;2;1;0;0;0;0;0;1;0;0;-38,552040;-3,719169;;;
250639;22;4;2015;06:30;5235;RUA PEDRO PEREIRA;RUA PRC ISABEL;;;;Colisão Transversal;Luz do Dia;Bom;Seca;Cruz;Pare;Comercial;0;0;2;1;0;0;0;0;0;0;0;0;-38,535705;-3,727353;;;
250640;22;4;2015;16:10;3481;RUA CAP HUGO BEZERRA;RUA PARAISO;;;;Colisão Lateral;Luz do Dia;Nublado;Seca;Cruz;Pare;Residencial;0;0;2;1;0;0;0;0;0;1;0;0;-38,510990;-3,820611;;;
250641;22;4;2015;18:00;0;AV SANTOS DUMONT;;;6500;;Atropelamento;Via Iluminada;Bom;Seca;Meio de Quadra;Outros;Comercial;0;2;0;1;0;0;0;0;0;0;0;0;-38,475074;-3,743736;;;
250642;22;4;2015;09:00;0;AV 13 DE MAIO;;;1257;;Colisão;Luz do Dia;Bom;Seca;Meio de Quadra;Semáforo;Comercial;0;2;1;0;0;0;0;1;0;1;0;0;-38,530168;-3,748602;;;
250643;22;4;2015;12:45;7754;AV ANTONIO SALES;RUA JOSE VILAR;;;;Colisão Traseira;Luz do Dia;Bom;Seca;Cruz;Semáforo;Residencial;0;0;2;1;0;0;0;0;0;0;0;0;-38,507303;-3,743929;;;
250644;22;4;2015;15:40;25662;AV PRS COSTA E SILVA;RUA MUCAMBINHO (MESSEJANA);;;;Colisão Traseira;Luz do Dia;Bom;Seca;T;Semáforo;Residencial;0;0;3;1;0;0;0;0;0;0;0;0;-38,507235;-3,830379;;;
250645;22;4;2015;19:30;5343;RUA PDE IBIAPINA;AV BEZERRA DE MENEZES;;;;Colisão Traseira;Via Iluminada;Bom;Seca;Cruz;Semáforo;Comercial;0;0;2;1;0;0;0;0;0;0;0;0;-38,539973;-3,730548;;;
250646;22;4;2015;12:30;13564;RUA CAP GUSTAVO;RUA CASTRO ALVES;;;;Colisão Lateral;Luz do Dia;Bom;Seca;Cruz;Pare;Misto;0;0;2;1;0;0;1;0;0;0;0;0;-38,517747;-3,749887;;;
250647;22;4;2015;08:30;17383;RUA BAR SOBRAL;RUA EUZEBIO DE QUEIROS;;;;Colisão Transversal;Luz do Dia;Bom;Seca;Cruz;Pare;Misto;0;1;1;1;0;0;0;0;0;1;0;0;-38,554121;-3,767051;;;
250648;22;4;2015;13:20;0;AV BEZERRA DE MENEZES;;;1660;;Colisão Lateral;Luz do Dia;Bom;Seca;Meio de Quadra;Não Há Controle;Comercial;0;1;1;1;0;0;0;0;0;0;0;0;-38,559455;-3,734617;;;
250650;22;4;2015;12:40;0;AV DEP PAULINO ROCHA;;;2780;;Colisão Traseira;Luz do Dia;Bom;Seca;Meio de Quadra;Outros;Misto;0;0;2;1;0;0;0;0;0;0;0;0;-38,520799;-3,809746;;;
250651;22;4;2015;10:40;19269;RUA PRO GOMES BRASIL;RUA MARACANA;;;;Colisão Lateral;Luz do Dia;Bom;Seca;Cruz;Outros;Misto;0;0;2;1;1;0;0;0;0;0;0;0;-38,568438;-3,772840;;;
250652;22;4;2015;07:20;0;AV JOSE BASTOS;;;6474;;Colisão Lateral;Luz do Dia;Bom;Seca;Meio de Quadra;Outros;Misto;0;2;1;1;0;0;0;0;0;1;0;0;-38,569576;-3,767391;;;
267100;22;4;2015;00:23;0;RUA FRE JOSE MARIA;;;;;Colisão;;;;Meio de Quadra;;;0;0;2;0;0;0;0;0;0;0;0;0;;;;;
267102;22;4;2015;14:12;0;LOGRADOURO SEM NOME;;;;;Colisão;Luz do Dia;;;Meio de Quadra;;;0;0;2;0;0;0;0;0;0;0;0;0;;;;;
267105;22;4;2015;14:22;0;RUA SILVIO ROMERO;;;;;Colisão;Luz do Dia;;;Meio de Quadra;;;0;0;2;0;0;0;0;0;0;0;0;0;;;;;
267109;22;4;2015;16:12;0;AV CEL CARVALHO;;;;;Colisão;Luz do Dia;;;Meio de Quadra;;;0;0;2;0;0;0;0;0;0;0;0;0;;;;;
267110;22;4;2015;19:49;0;LOGRADOURO SEM NOME;;;;;Colisão;;;;Meio de Quadra;;;0;0;2;0;0;0;0;0;0;0;0;0;;;;;
260811;22;4;2015;16:21;0;AV JOR THOMAZ COELHO;;;;;Colisão;Luz do Dia;;;Meio de Quadra;;;0;0;3;1;0;0;0;0;0;0;0;0;;;;;
260812;22;4;2015;18:57;0;RUA MANUEL ARRUDA;;;;;Colisão;;;;Meio de Quadra;;;0;0;2;1;0;0;0;0;0;0;0;0;;;;;
259236;22;4;2015;06:50;0;RD CE-040;;;;KM-09;Colisão;Luz do Dia;;Seca;Meio de Quadra;;;0;0;2;0;0;0;1;0;0;0;0;0;-38,481431;-3,824774;;;
259242;23;4;2015;12:30;0;RD CE-040;;;;KM-06;Colisão;Luz do Dia;;;Meio de Quadra;;;0;0;2;1;0;0;0;0;0;0;0;0;-38,478781;-3,811270;;;
259246;23;4;2015;17:25;0;AV SEN CARLOS JEREISSATI (AEROPORTO);;;;KM 02;Colisão;Via Iluminada;;;Meio de Quadra;;;0;0;2;1;0;0;0;0;0;0;0;0;-38,529156;-3,783932;;;
255088;23;4;2015;08:00;4219;RUA BAR CRATO;RUA DR ALMEIDA FILHO;;;;Colisão Transversal;Luz do Dia;Bom;Seca;Cruz;Pare;Comercial;0;1;1;1;0;0;0;0;0;1;0;0;-38,559614;-3,721259;;;
267112;23;4;2015;07:03;0;AV PERIMETRAL;;;732;;Colisão;Luz do Dia;;;Meio de Quadra;;;0;0;2;0;0;0;0;0;0;0;0;0;-38,572934;-3,812414;;;
267113;23;4;2015;07:58;0;AV ROGACIANO LEITE;;;480;;Colisão;Luz do Dia;;;Meio de Quadra;;;0;0;2;0;0;0;0;0;0;0;0;0;-38,494053;-3,762797;;;
267115;23;4;2015;09:42;0;RUA CARLOS CHAGAS;;;558;;Colisão;Luz do Dia;;;Meio de Quadra;;;0;0;2;0;0;0;0;0;0;0;0;0;;;;;
267116;23;4;2015;10:10;4535;RUA CEL ZACARIAS J FRANCA;RUA FRANCISCA N RAMOS;;;;Colisão;Luz do Dia;;;Outros;Outros;Residencial;0;0;2;0;0;0;0;0;0;0;0;0;-38,503506;-3,807724;;;
267117;23;4;2015;10:51;0;AV LUCIANO CARNEIRO;;;1991;;Colisão;Luz do Dia;;;Meio de Quadra;;;0;0;2;0;0;0;0;0;0;0;0;0;-38,536703;-3,765012;;;
267118;23;4;2015;11:00;5118;RUA VINTE E CINCO DE MARCO;RUA RUFINO DE ALENCAR;;;;Colisão;Luz do Dia;;;T;Não Há Controle;Residencial;0;0;2;0;0;0;0;0;0;0;0;0;-38,520769;-3,723953;;;
267119;23;4;2015;13:12;0;AV ENG SANTANA JUNIOR;;;;;Colisão;Luz do Dia;;;Meio de Quadra;;;0;0;2;0;0;0;0;0;0;0;0;0;;;;;
267120;23;4;2015;14:23;0;RUA 07 UI 509;;;254;;Colisão;Luz do Dia;;;Meio de Quadra;;;0;0;2;0;0;0;0;0;0;0;0;0;-38,592176;-3,807201;;;
267121;23;4;2015;22:13;0;RUA PDE CONSTANTINO;;;19;;Atropelamento;;;;Meio de Quadra;;;0;0;2;0;0;0;0;0;0;0;0;0;-38,545631;-3,716313;;;
267122;23;4;2015;22:40;1558;RUA PDE VALDEVINO;AV BAR STUDART;;;;Colisão;;;;Cruz;Semáforo;Misto;0;0;2;0;0;0;0;0;0;0;0;0;-38,508855;-3,741641;;;
267123;23;4;2015;22:45;0;RUA 202 A CJ CEARA;;;74;;Colisão;;;;Meio de Quadra;;;0;0;2;0;0;0;0;0;0;0;0;0;-38,609014;-3,766875;;;
267124;23;4;2015;22:47;0;AV DIOGUINHO;;;6173;;Colisão;;;;Meio de Quadra;;;0;0;2;0;0;0;0;0;0;0;0;0;-38,440110;-3,767909;;;
267125;23;4;2015;23:15;0;RUA PRO JOSE HENRIQUE;;;528;;Colisão;;;;Meio de Quadra;;;0;0;2;0;0;0;0;0;0;0;0;0;-38,484888;-3,830002;;;
262120;23;4;2015;15:45;0;RUA PDE PEDRO DE ALENCAR;;;;;Colisão;Luz do Dia;;;Meio de Quadra;;;0;1;1;0;0;0;1;0;0;1;0;0;;;;;
262122;23;4;2015;18:38;23009;RUA ANITA GARIBALDI;RUA BRUNO VALENTE;;;;Colisão;;;;Cruz;Pare;Residencial;0;1;1;1;0;0;0;0;0;1;0;0;-38,539228;-3,788221;;;
262123;23;4;2015;19:24;0;AV SEN FERNANDES TAVORA;;;;;Colisão;;;;Meio de Quadra;;;0;1;1;1;0;0;0;0;0;1;0;0;;;;;
262125;23;4;2015;21:35;0;RUA JOAQUIM DOS ANJOS;;;1126;;Colisão;;;;Meio de Quadra;;;0;1;1;0;0;0;0;0;0;0;0;0;-38,571286;-3,830162;;;
262127;23;4;2015;22:03;0;RUA 202 CJ CEARA;;;;;Colisão;;;;Meio de Quadra;;;0;2;0;0;0;0;0;0;0;1;0;0;-38,609341;-3,767266;;;
250663;23;4;2015;07:00;0;AV CARAPINIMA;;;2435;;Colisão Traseira;Luz do Dia;Nublado;Molhada;Meio de Quadra;Semáforo;Misto;0;0;2;1;1;0;0;0;0;0;0;0;-38,541726;-3,741493;;;
250664;23;4;2015;11:00;5463;RUA BARBARA DE ALENCAR;RUA DNA LEOPOLDINA;;;;Colisão Transversal;Luz do Dia;Nublado;Seca;Cruz;Pare;Misto;0;0;2;0;1;0;0;0;0;0;0;0;-38,521102;-3,735695;;;
250665;23;4;2015;07:00;0;AV FRANCISCO SA;;;6081;;Atropelamento;Luz do Dia;Nublado;Seca;Meio de Quadra;Semáforo Manual;Comercial;0;2;0;0;0;0;0;0;0;1;0;0;-38,580137;-3,709606;;;
250666;23;4;2015;10:30;14755;RUA STA LIDUINA D42;RUA ALBANO AMARAL;;;;Colisão Traseira;Luz do Dia;Chuva;Molhada;Cruz;Semáforo;Comercial;0;0;2;1;0;0;0;0;0;0;0;0;-38,584983;-3,797816;;;
250667;23;4;2015;12:00;5742;AV OLIVEIRA PAIVA;RUA MANUEL MONTEIRO;;;;Colisão Traseira;Luz do Dia;Chuva;Molhada;Cruz;Semáforo;Comercial;0;0;2;1;0;0;0;0;0;0;0;0;-38,494140;-3,795496;;;