COD_ACIDENTE;DIA;MES;ANO;HORA;INTERSECAO;LOG1;LOG2;LOG3;NUMERO;REFERENCIA;NATUREZA;ILUMINACAO;TEMPO;SUPERFICIEPISTA;TIPOCRUZAMENTO;CONTROLETRAFEGO;USOSOLO;MORTOS;FERIDOS;ILESOS;AUTOMOVEL;ONIBUS;BICICLETA;CAMINHAO;MICROONIBUS;CICLOMOTOR;MOTOCICLETA;TRACAOANIMAL;TREM;LONG;LAT;;;
250668;23;4;2015;;5743;RUA VIRGILIO PAES;RUA MANUEL MONTEIRO;;;;Colisão Transversal;Luz do Dia;Nublado;Seca;Cruz;Não Há Controle;Residencial;0;0;2;1;0;0;0;0;0;0;0;0;-38,494302;-3,796546;;;
250669;23;4;2015;17:55;13536;AV RUI BARBOSA;RUA JULIO SIQUEIRA;;;;;Anoitecer;Bom;Seca;T;Pare;Misto;0;1;1;0;0;0;0;0;0;1;0;0;-38,513332;-3,748103;;;
250670;23;4;2015;13:00;25041;RUA JOSE HIPOLITO;RUA BAR AQUIRAZ;;;;Colisão Transversal;Luz do Dia;Nublado;Molhada;Cruz;Semáforo;Comercial;0;0;2;1;0;0;1;0;0;0;0;0;-38,489933;-3,833725;;;
250671;23;4;2015;07:00;21979;RUA GAL BERNARDO FIGUEIREDO;RUA PRO RAIMUNDO ARRUDA;;;;Colisão Transversal;Luz do Dia;Chuva;Molhada;Cruz;Pare;Residencial;0;0;2;1;0;0;0;0;0;0;0;0;-38,550840;-3,739476;;;
250672;23;4;2015;07:00;25831;RUA NENEN GONCALVES;RUA MARIA SARAIVA;;;;Colisão Transversal;Luz do Dia;Nublado;Molhada;T;Pare;Residencial;0;0;2;1;0;0;0;0;0;0;0;0;;;;;
250673;23;4;2015;08:00;25083;AV JOR THOMAZ COELHO;RUA CEL FRANCISCO ALVES RIBEIRO;;;;Colisão Transversal;Luz do Dia;Nublado;Molhada;T;Pare;Comercial;0;1;1;1;0;0;0;0;0;1;0;0;-38,509152;-3,829900;;;
250674;23;4;2015;16:10;9153;AV 13 DE MAIO;RUA PAULA RODRIGUES;;;;Colisão Lateral;Luz do Dia;Nublado;Seca;T;Gesto;Comercial;0;0;2;1;1;0;0;0;0;0;0;0;-38,525876;-3,752271;;;
250675;23;4;2015;12:30;0;RUA JUSTINIANO DE SERPA;;;131;;Colisão Lateral;Luz do Dia;Bom;Seca;Meio de Quadra;Não Há Controle;Comercial;0;0;2;1;0;0;1;0;0;0;0;0;-38,542594;-3,732397;;;
250676;23;4;2015;13:00;0;AV AGUANAMBI;;;30;;Colisão Frontal;Luz do Dia;Chuva;Molhada;Meio de Quadra;Não Há Controle;Comercial;0;1;2;1;0;0;0;0;0;1;0;0;-38,524071;-3,737165;;;
250677;23;4;2015;17:00;13177;AV I CJ JOSE WALTER;AV D CJ JOSE WALTER;;;;Colisão Lateral;Luz do Dia;Bom;Seca;Cruz;Dê Preferência;Residencial;0;0;2;1;1;0;0;0;0;0;0;0;-38,552957;-3,832440;;;
250678;23;4;2015;18:30;24987;AV ALM HENRIQUE SABOIA;AV ANTONIO SALES;;;;Colisão Traseira;Via Iluminada;Chuva;Molhada;;Não Há Controle;Comercial;0;0;3;1;0;0;0;0;0;0;0;0;-38,492911;-3,748334;;;
250679;23;4;2015;00:22;5397;AV DUQ CAXIAS;RUA ASSUNCAO;;;;Colisão Transversal;Via Iluminada;Chuva;Molhada;Cruz;Semáforo;Comercial;0;0;2;1;0;0;0;0;0;0;0;0;-38,527952;-3,732405;;;
250680;23;4;2015;15:00;0;AV 13 DE MAIO;;;497;;Engavetamento;Luz do Dia;Nublado;Seca;Meio de Quadra;Semáforo;Comercial;0;0;4;1;0;0;0;0;0;0;0;0;-38,525813;-3,752324;;;
250681;23;4;2015;19:00;5427;RUA GONCALVES LEDO;RUA FIUZA DE PONTES;;;;Colisão Transversal;Via Iluminada;Bom;Seca;Cruz;Pare;Comercial;0;0;2;0;0;0;0;0;0;0;0;0;-38,516830;-3,733720;;;
250682;23;4;2015;;1316;AV SANTOS DUMONT;RUA TIBURCIO CAVALCANTE;;;;Colisão Transversal;Via Iluminada;Chuva;Molhada;Cruz;Semáforo;Misto;0;0;2;1;0;0;0;0;0;0;0;0;-38,502259;-3,734979;;;
250683;23;4;2015;21:00;1522;RUA CEL JUCA;RUA EDUARDO GARCIA;;;;Colisão Transversal;Via Iluminada;Chuva;Molhada;Cruz;Pare;Residencial;0;0;2;1;0;0;0;0;0;0;0;0;-38,492166;-3,740419;;;
250684;23;4;2015;15:00;1351;RUA TIBURCIO CAVALCANTE;RUA DES LEITE ALBUQUERQUE;;;;Colisão Transversal;Luz do Dia;Nublado;Seca;Cruz;Pare;Residencial;0;0;2;1;0;0;0;0;0;0;0;0;-38,502587;-3,735956;;;
250685;23;4;2015;15:55;15135;AV HIS RAIMUNDO GIRAO;RUA FRANCISCO DIAS RIBEIRO;;;;Colisão Transversal;Luz do Dia;Bom;Seca;Cruz;Pare;Residencial;0;1;2;1;1;0;0;0;0;0;0;0;-38,504397;-3,724024;;;
250686;23;4;2015;16:30;0;AV GAL OSORIO DE PAIVA;;;4679;;Atropelamento;Luz do Dia;Nublado;Seca;Meio de Quadra;Não Há Controle;Comercial;1;0;1;1;0;0;0;0;0;0;0;0;;;;;
250687;23;4;2015;17:15;0;AV 13 DE MAIO;;;1995;;Engavetamento;Luz do Dia;Bom;Seca;Meio de Quadra;Semáforo Intermitente;Comercial;0;0;3;1;0;0;0;0;0;0;0;0;-38,535031;-3,744461;;;
250688;23;4;2015;15:30;6741;RUA ALMEIDA PRADO;RUA VILEBALDO AGUIAR;;;;Colisão Transversal;Luz do Dia;Bom;Seca;Cruz;Pare;Comercial;0;0;2;1;0;0;0;0;0;0;0;0;-38,475413;-3,744545;;;
250689;23;4;2015;13:00;0;RUA PRO OTAVIO LOBO;;;540;;Engavetamento;Luz do Dia;Nublado;Seca;Meio de Quadra;Semáforo;Residencial;0;0;3;1;0;0;0;0;0;0;0;0;-38,478347;-3,743665;;;
250690;23;4;2015;11:10;0;RUA RAIMUNDO NERY;;;455;;Colisão Lateral;Luz do Dia;Nublado;Seca;Meio de Quadra;Não Há Controle;Residencial;0;0;2;1;0;0;0;0;0;0;0;0;-38,586626;-3,793657;;;
250691;23;4;2015;17:00;0;AV DES MOREIRA;;;;;Colisão Lateral;Luz do Dia;Nublado;Seca;Meio de Quadra;Semáforo;Comercial;0;0;2;1;0;0;0;0;0;1;0;0;;;;;
250692;23;4;2015;14:00;14434;AV SGT HERMINIO SAMPAIO;RUA CEL RIBEIRO DA SILVA;;;;Colisão Traseira;Luz do Dia;Nublado;Seca;T;Pare;Residencial;0;0;2;0;0;0;0;0;0;0;0;0;-38,547436;-3,724573;;;
250693;23;4;2015;13:00;0;AV PRS CASTELO BRANCO;;;;;Colisão Lateral;Luz do Dia;Nublado;Seca;Meio de Quadra;Semáforo;Residencial;0;0;2;0;0;0;0;0;0;0;0;0;;;;;
250694;23;4;2015;06:30;19053;AV ENG SANTANA JUNIOR;RUA EDUARDO SABOIA;;;;Colisão Lateral;Luz do Dia;Chuva;Molhada;T;Não Há Controle;Comercial;0;0;2;1;1;0;0;0;0;0;0;0;-38,482443;-3,736244;;;
250695;23;4;2015;12:20;2561;AV CEL CARVALHO;RUA SIRIUS;;;;Colisão Traseira;Luz do Dia;Nublado;Molhada;T;Não Há Controle;Residencial;0;0;2;1;1;0;0;0;0;0;0;0;-38,589524;-3,711144;;;
250696;23;4;2015;20:30;0;AV AUGUSTO DOS ANJOS;;;1664;;Atropelamento;Via Iluminada;Bom;Seca;Meio de Quadra;Pare;Misto;0;4;0;0;0;0;0;0;0;1;0;0;-38,579762;-3,780861;;;
250697;23;4;2015;17:53;13659;RUA REV BOLIVAR P BANDEIRA;RUA DR THOMPSON BULCAO;;;;Colisão Traseira;Via Iluminada;Bom;Seca;Cruz;Não Há Controle;Residencial;0;0;2;1;0;0;0;0;0;0;0;0;-38,492006;-3,770002;;;
250698;23;4;2015;08:00;0;AV JOAO PESSOA;;;641;;Colisão Traseira;Luz do Dia;Nublado;Molhada;Meio de Quadra;Não Há Controle;Comercial;0;0;2;1;0;0;0;0;0;0;0;0;;;;;
258863;23;4;2015;12:00;0;RD BR 222;;;;KM-02;Colisão Traseira;Luz do Dia;Nublado;Molhada;Meio de Quadra;Não Há Controle;Comercial;0;0;2;1;0;0;1;0;0;0;0;0;-38,586880;-3,738951;;;
258307;23;4;2015;09:40;0;RD QUARTO ANEL VIARIO;;;;;Colisão;Luz do Dia;;;Meio de Quadra;;;0;1;0;1;0;0;0;0;0;1;0;0;;;;;
262117;23;4;2015;10:17;0;AV AUGUSTO DOS ANJOS;;;;;Colisão;Luz do Dia;;;Meio de Quadra;;;0;1;1;1;0;0;0;0;0;1;0;0;-38,583365;-3,785040;;;
262118;23;4;2015;10:22;0;AV PERIMETRAL;;;;;Colisão;Luz do Dia;;;Meio de Quadra;;;0;1;1;1;0;0;0;0;0;1;0;0;;;;;
262119;23;4;2015;15:23;0;AV JOR THOMAZ COELHO;;;;;Colisão;Luz do Dia;;;Meio de Quadra;;;0;1;1;1;0;0;0;0;0;1;0;0;-38,509057;-3,829923;;;
258312;24;4;2015;18:00;743;AV PASTEUR;AV PRS CASTELO BRANCO;;;;Colisão;Anoitecer;;;Cruz;Semáforo;Comercial;0;1;0;1;0;0;0;0;0;1;0;0;-38,558856;-3,711181;;;
250699;24;4;2015;07:10;5437;RUA METON DE ALENCAR;RUA FLORIANO PEIXOTO;;;;Colisão Transversal;Luz do Dia;Bom;Seca;Cruz;Pare;Comercial;0;0;2;1;0;0;0;0;0;0;0;0;-38,529358;-3,734071;;;
250700;24;4;2015;19:40;0;AV GODOFREDO MACIEL;;;2947;DETRAN;Colisão Lateral;Via Iluminada;Chuva;Molhada;Meio de Quadra;Não Há Controle;Comercial;0;0;2;1;0;0;1;0;0;0;0;0;-38,571377;-3,801128;;;
250701;24;4;2015;21:00;0;RUA POCINHO;;;125;;Atropelamento;Mal Iluminada;Chuva;Molhada;Meio de Quadra;Não Há Controle;Comercial;0;1;1;0;0;0;0;0;0;0;0;0;-38,524488;-3,727995;;;
250702;24;4;2015;10:00;5143;RUA MON CARNEIRO DA CUNHA;AV FILOMENO GOMES;;;;Colisão Lateral;Luz do Dia;Bom;Seca;T;Não Há Controle;Residencial;0;0;2;1;0;0;1;0;0;0;0;0;-38,541718;-3,724629;;;
250703;24;4;2015;18:35;9018;RUA SOLON PINHEIRO;RUA SALDANHA MARINHO;;;;Colisão Lateral;Via Iluminada;Chuva;Molhada;Cruz;Pare;Residencial;0;0;2;1;0;0;0;0;0;0;0;0;-38,530406;-3,742594;;;
250704;24;4;2015;15:00;9246;AV 13 DE MAIO;RUA BAR RIO BRANCO;;;;Colisão Traseira;Luz do Dia;Chuva;Molhada;T;Semáforo;Comercial;0;0;2;1;0;0;0;0;0;0;0;0;-38,534255;-3,745129;;;
250705;24;4;2015;19:00;22078;RUA CAP FRANCISCO PEDRO;RUA ANTONIO MARTINS;;;;Colisão;Via Iluminada;Chuva;Molhada;Cruz;Pare;Residencial;0;0;2;1;1;0;0;0;0;0;0;0;-38,554479;-3,753310;;;
250706;24;4;2015;08:00;5325;AV SANTOS DUMONT;RUA NOGUEIRA ACIOLI;;;;Colisão Lateral;Luz do Dia;Nublado;Molhada;Cruz;Não Há Controle;Comercial;0;0;2;1;1;0;0;0;0;0;0;0;-38,516924;-3,730201;;;
250707;24;4;2015;14:40;9190;RUA CAMPO AMOR ROCHA;AV 13 DE MAIO;;;;Colisão Lateral;Luz do Dia;Chuva;Molhada;T;Pare;Comercial;0;0;2;1;0;0;1;0;0;0;0;0;-38,524600;-3,753375;;;
250708;24;4;2015;14:30;0;AV GAL OSORIO DE PAIVA;;;;;Colisão Transversal;Luz do Dia;Chuva;Molhada;Meio de Quadra;Semáforo;Comercial;0;1;1;0;0;0;0;0;0;1;0;0;;;;;
250709;24;4;2015;09:20;0;AV PRS CASTELO BRANCO;;;;;Colisão Lateral;Luz do Dia;Nublado;Molhada;Meio de Quadra;;Residencial;0;0;2;1;0;0;1;0;0;0;0;0;;;;;
250710;24;4;2015;17:06;12841;RUA SOLON PINHEIRO;RUA SILVA JARDIM;;;;Colisão Transversal;Anoitecer;Chuva;Molhada;Cruz;Pare;Residencial;0;0;2;1;0;0;0;0;0;0;0;0;-38,530062;-3,741562;;;
250711;24;4;2015;;5436;RUA JAIME BENEVOLO;RUA GAL CLARINDO DE QUEIROZ;;;;Colisão Transversal;Via Iluminada;Chuva;Molhada;Cruz;Pare;Comercial;0;0;2;1;0;0;0;0;0;0;0;0;-38,526017;-3,734060;;;
250712;24;4;2015;17:00;0;RUA MARIA GOMES DE SA;;;1753;;Engavetamento;Anoitecer;Chuva;Molhada;Meio de Quadra;Não Há Controle;Residencial;0;0;3;1;0;0;0;0;0;0;0;0;-38,584525;-3,822769;;;
250713;24;4;2015;07:00;5437;RUA METON DE ALENCAR;RUA FLORIANO PEIXOTO;;;;Colisão Transversal;Luz do Dia;Chuva;Molhada;Cruz;Pare;Comercial;0;0;2;1;0;0;0;0;0;0;0;0;-38,529358;-3,734071;;;
250714;24;4;2015;06:00;0;AV LEITE BARBOSA;;;91;;Colisão Lateral;Luz do Dia;Nublado;Molhada;Meio de Quadra;Não Há Controle;Residencial;0;0;2;1;0;0;1;0;0;0;0;0;-38,471175;-3,713501;;;
250715;24;4;2015;11:40;326;RUA NESTOR BARBOSA;RUA PRO LINO ENCARNACAO;;;;Colisão Lateral;Luz do Dia;Chuva;Molhada;Cruz;Pare;Residencial;0;0;2;1;1;0;0;0;0;0;0;0;-38,559892;-3,744954;;;
250716;24;4;2015;19:00;0;AV DEP PAULINO ROCHA;;;;ROTATÓRIA;Colisão Lateral;Via Iluminada;Chuva;Molhada;Meio de Quadra;Dê Preferência;Residencial;0;0;2;1;1;0;0;0;0;0;0;0;;;;;
250717;24;4;2015;16:00;10044;RUA EMILIO DE MENESES;RUA ANTONIO NERY;;;;Colisão Lateral;Luz do Dia;Chuva;Molhada;Cruz;Pare;Comercial;0;0;2;1;0;0;0;0;0;0;0;0;-38,600204;-3,778162;;;
250718;24;4;2015;15:30;0;AV ALM HENRIQUE SABOIA;;;;;Colisão Traseira;Luz do Dia;Chuva;Molhada;Cruz;Não Há Controle;Residencial;0;0;2;1;0;0;1;0;0;0;0;0;;;;;
250719;24;4;2015;08:00;3975;RUA ALBERTO MAGNO;RUA PRO COSTA MENDES;;;;Colisão Transversal;Luz do Dia;Chuva;Molhada;Cruz;Semáforo;Comercial;0;2;1;1;0;0;0;0;0;1;0;0;-38,543548;-3,757528;;;
250720;24;4;2015;13:08;1337;AV SANTOS DUMONT;RUA OSVALDO CRUZ (ALDEOTA);;;;;Luz do Dia;Nublado;Molhada;Cruz;Semáforo;Comercial;0;0;2;1;0;0;0;0;0;1;0;0;-38,500317;-3,735602;;;
250721;24;4;2015;07:45;0;AV LUCIANO CARNEIRO;;;635;;Colisão Traseira;Luz do Dia;Chuva;Molhada;Meio de Quadra;Não Há Controle;Residencial;0;0;3;1;0;0;0;0;0;0;0;0;-38,533531;-3,754604;;;
250722;24;4;2015;21:00;23804;AV GAL OSORIO DE PAIVA;RUA RAIMUNDO NERY;;;;Colisão Transversal;Via Iluminada;Chuva;Molhada;Cruz;Semáforo;Outros;0;0;2;1;0;0;0;0;0;0;0;0;-38,588065;-3,790306;;;
250723;24;4;2015;02:35;0;AV SEN CARLOS JEREISSATI (AEROPORTO);;;3000;AEROPORTO;Colisão Traseira;Via Iluminada;Chuva;Molhada;Meio de Quadra;Semáforo;Outros;0;0;2;1;0;0;0;0;0;0;0;0;-38,541414;-3,780382;;;
250724;24;4;2015;15:40;0;RUA GURGEL DO AMARAL;;;1227;;Colisão Traseira;Luz do Dia;Chuva;Molhada;Meio de Quadra;Não Há Controle;Comercial;0;0;2;1;0;0;0;0;0;0;0;0;-38,485195;-3,836165;;;
250725;24;4;2015;13:55;0;AV SGT HERMINIO SAMPAIO;;;5107;;Colisão Lateral;Luz do Dia;Chuva;Molhada;Meio de Quadra;Não Há Controle;Comercial;0;0;2;1;0;0;0;0;0;1;0;0;-38,584850;-3,734040;;;
250726;24;4;2015;12:40;2844;RUA DESCARTES BRAGA;RUA CEL VIRGILIO NOGUEIRA (BOM JARDIM);;;;Colisão Transversal;Luz do Dia;Chuva;Molhada;Rotatória;Não Há Controle;Comercial;0;1;1;1;0;0;1;0;0;0;0;0;;;;;
250727;24;4;2015;13:56;5448;RUA BAR ARATANHA;RUA METON DE ALENCAR;;;;Colisão Transversal;Luz do Dia;Chuva;Molhada;Cruz;Pare;Comercial;0;1;2;1;0;0;0;0;0;1;0;0;-38,527028;-3,734847;;;
250728;24;4;2015;18:30;24397;RUA ALM RUFINO;RUA JORGE ACURCIO;;;;Colisão Transversal;Mal Iluminada;Chuva;Molhada;Cruz;Pare;Residencial;0;1;1;1;0;0;0;0;0;1;0;0;-38,532951;-3,768224;;;
262147;24;4;2015;00:51;0;AV N CJ JOSE WALTER;;;;;Queda;;;;Meio de Quadra;;;0;1;0;0;0;0;0;0;0;1;0;0;;;;;
262142;24;4;2015;21:12;0;AV M CJ JOSE WALTER;;;;;Colisão;;;;Meio de Quadra;;;0;1;1;1;0;0;0;0;0;1;0;0;-38,555201;-3,822868;;;
262143;24;4;2015;21:18;5259;RUA DR PEDRO BORGES;RUA POCINHO;;;;Atropelamento;;;;;;;0;1;1;0;1;0;0;0;0;0;0;0;-38,525841;-3,728162;;;
262144;24;4;2015;21:45;0;AV MOZART PINHEIRO DE LUCENA;;;;;Atropelamento;;;;Meio de Quadra;;;0;1;1;1;0;0;0;0;0;0;0;0;;;;;
262145;24;4;2015;21:50;0;AV CEL CARVALHO;;;;;Colisão;;;;Meio de Quadra;;;0;1;1;0;0;0;0;0;0;0;0;0;;;;;
262137;24;4;2015;14:40;2830;AV GAL OSORIO DE PAIVA;RUA OSCAR FRANCA;;;;Colisão;Luz do Dia;;;T;Semáforo;Residencial;0;1;1;1;0;0;0;0;0;1;0;0;-38,592113;-3,794473;;;
262138;24;4;2015;15:06;5965;AV F CJ CEARA;AV C CJ CEARA;;;;Colisão;Luz do Dia;;;T;Pare;Residencial;0;1;1;1;0;0;0;0;0;1;0;0;-38,609559;-3,762701;;;
262139;24;4;2015;16:47;0;AV ANTONIO SALES;;;;;Colisão;Luz do Dia;;;Meio de Quadra;;;0;1;1;1;0;0;0;0;0;1;0;0;-38,519314;-3,740182;;;
262140;24;4;2015;17:12;0;AV LUCIANO CARNEIRO;;;;;Colisão;Anoitecer;;;Meio de Quadra;;;0;1;1;1;0;0;0;0;0;1;0;0;;;;;
262130;24;4;2015;11:49;0;AV F CJ CEARA;;;;;Queda;Luz do Dia;;;Meio de Quadra;;;0;1;0;0;0;0;0;0;0;1;0;0;-38,604245;-3,765520;;;
259676;24;4;2015;12:50;0;RD CE-060;;;;KM-03;Colisão;Luz do Dia;Bom;Seca;Meio de Quadra;;;0;0;2;1;0;0;0;0;0;1;0;0;-38,582776;-3,836637;;;
267127;24;4;2015;11:07;0;RUA JOAQUIM FELICIO;;;;;Colisão;Luz do Dia;;;Meio de Quadra;;;0;0;2;0;0;0;0;0;0;0;0;0;;;;;
267128;24;4;2015;13:18;0;RUA JOSE MENDONCA;;;;;Atropelamento;Luz do Dia;;;Meio de Quadra;;;0;0;2;0;0;0;0;0;0;0;0;0;;;;;
267129;24;4;2015;13:33;0;RUA AUDISIO PINHEIRO;;;;;Colisão;Luz do Dia;;;Meio de Quadra;;;0;0;2;0;0;0;0;0;0;0;0;0;;;;;
267134;24;4;2015;15:08;0;RUA R UI 204;;;;;Colisão;Luz do Dia;;;Meio de Quadra;;;0;0;2;0;0;0;0;0;0;0;0;0;;;;;
267139;24;4;2015;18:17;1032;AV ENG LEAL LIMA VERDE (SAPIRANGA/COITE);RUA JOAQUIM FROTA;;;;Colisão;Anoitecer;;;Rotatória;Dê Preferência;Residencial;0;0;2;0;0;0;0;0;0;0;0;0;-38,475166;-3,801619;;;
267141;24;4;2015;18:38;0;RUA SERRA AZUL;;;320;;Atropelamento;;;;Meio de Quadra;;;0;0;2;0;0;0;0;0;0;0;0;0;-38,527115;-3,844397;;;
267145;24;4;2015;20:25;0;AV JUSCELINO KUBITSCHEK (CANINDEZINHO);;;;;Colisão;;;;Meio de Quadra;;;0;0;2;0;0;0;0;0;0;0;0;0;;;;;
267150;24;4;2015;23:06;0;RUA OITICICAS;;;180;;Colisão;;;;Meio de Quadra;;;0;0;2;0;0;0;0;0;0;0;0;0;-38,535798;-3,805448;;;
260818;24;4;2015;13:28;0;RUA CARLOS VASCONCELOS;;;;;Colisão;Luz do Dia;;;Meio de Quadra;;;0;0;2;1;0;0;0;0;0;1;0;0;;;;;
260819;24;4;2015;17:38;0;AV GAL OSORIO DE PAIVA;;;;;Colisão;Anoitecer;;;Meio de Quadra;;;0;0;2;1;1;0;0;0;0;0;0;0;;;;;
259250;24;4;2015;10:45;0;AV SEN CARLOS JEREISSATI (AEROPORTO);;;;KM 02;Colisão;Via Iluminada;;Seca;Meio de Quadra;;;0;0;2;1;0;0;0;0;0;0;0;0;-38,529156;-3,783932;;;
259258;24;4;2015;17:50;0;RD CE-040;;;;KM-06;Colisão;Via Iluminada;;;Meio de Quadra;;;0;0;2;1;0;0;0;0;0;0;0;0;-38,478781;-3,811270;;;
250847;24;4;2015;10:00;5357;RUA MAJ FACUNDO;RUA PEDRO I;;;;Colisão Transversal;Luz do Dia;Chuva;Molhada;Cruz;Pare;Comercial;0;0;2;1;0;0;0;0;0;0;0;0;-38,528990;-3,731113;;;
250794;25;4;2015;10:30;0;AV BEZERRA DE MENEZES;;;786;;;Luz do Dia;Bom;Seca;Meio de Quadra;Semáforo;Comercial;0;0;2;0;1;0;0;0;0;0;0;0;-38,551928;-3,733078;;;
250796;25;4;2015;20:51;0;AV HIS RAIMUNDO GIRAO;;;630;;Colisão Lateral;Via Iluminada;Bom;Seca;Meio de Quadra;Semáforo;Residencial;0;0;2;1;0;0;1;0;0;0;0;0;-38,509944;-3,721412;;;
250784;25;4;2015;08:45;24229;AV ENG SANTANA JUNIOR;AV ENG ALBERTO SA;;;;;Luz do Dia;Bom;Seca;Cruz;Semáforo;Comercial;0;0;2;1;0;0;0;0;0;0;0;0;-38,480624;-3,733357;;;
250785;25;4;2015;07:00;0;AV PRS CASTELO BRANCO;;;1223;;Colisão Lateral;Luz do Dia;Bom;Molhada;Meio de Quadra;Não Há Controle;Residencial;0;0;2;1;1;0;0;0;0;0;0;0;-38,535199;-3,718204;;;
250786;25;4;2015;14:38;0;AV DA UNIVERSIDADE;;;2910;;Outros;Luz do Dia;Bom;Seca;Meio de Quadra;Semáforo;Comercial;0;0;1;1;0;0;0;0;0;0;0;0;-38,539543;-3,741489;;;
250787;25;4;2015;11:30;0;RUA PRO MIRAMAR DA PONTE;;;;;Colisão Lateral;Luz do Dia;Bom;Seca;Meio de Quadra;Não Há Controle;Residencial;0;0;2;1;0;0;0;0;0;1;0;0;;;;;
250790;25;4;2015;02:15;11039;RUA PRIMEIRO DE JANEIRO;RUA JOSE MENELEU D41;;;;Colisão Transversal;Luz do Dia;Bom;Seca;Cruz;Pare;Residencial;0;0;2;1;0;0;0;0;0;0;0;0;-38,561612;-3,786188;;;
250792;25;4;2015;14:00;0;AV ALBERTO CRAVEIRO;;;466;;Colisão Transversal;Luz do Dia;Bom;Seca;Meio de Quadra;Não Há Controle;Comercial;0;2;0;1;0;0;0;0;0;1;0;0;-38,516560;-3,782812;;;
250762;25;4;2015;10:30;0;AV MON TABOSA;;;237;;Colisão Lateral;Luz do Dia;Nublado;Seca;Meio de Quadra;Não Há Controle;Comercial;0;0;1;1;0;0;1;0;0;0;0;0;-38,517239;-3,723719;;;
250743;25;4;2015;08:30;0;AV FRANCISCO SA;;;5928;;Colisão;Luz do Dia;Bom;Seca;Meio de Quadra;Pare;Comercial;0;1;1;0;0;1;1;0;0;0;0;0;-38,577760;-3,710423;;;
250751;25;4;2015;20:30;5715;AV DES GONZAGA;RUA ULISSES BEZERRA;;;;Colisão Transversal;Via Iluminada;Bom;Seca;Cruz;Pare;Comercial;0;0;2;1;1;0;0;0;0;0;0;0;-38,499492;-3,798159;;;
250748;25;4;2015;13:25;1538;AV PDE ANTONIO TOMAS;RUA LEONARDO MOTA;;;;Colisão Traseira;Luz do Dia;Bom;Seca;Cruz;Semáforo;Misto;0;0;2;1;0;0;0;0;0;0;0;0;-38,497662;-3,740811;;;
250749;25;4;2015;08:30;15374;AV DOM LUIS;RUA FREDERICO BORGES;;;;Colisão Lateral;Luz do Dia;Bom;Seca;Cruz;Semáforo;Comercial;0;0;2;1;1;0;0;0;0;0;0;0;-38,489136;-3,735890;;;
250758;25;4;2015;17:30;0;AV FRANCISCO SA;;;1771;;Colisão Traseira;Anoitecer;Bom;Seca;Meio de Quadra;Semáforo;Comercial;0;1;1;1;0;0;0;0;0;1;0;0;-38,541658;-3,722552;;;
250760;25;4;2015;07:00;0;AV ROGACIANO LEITE;;;400;;Colisão Traseira;Luz do Dia;Nublado;Seca;Meio de Quadra;Não Há Controle;Comercial;0;0;5;1;0;0;0;0;0;0;0;0;-38,493409;-3,761667;;;
250782;25;4;2015;06:15;15117;AV HIS RAIMUNDO GIRAO;RUA MON BRUNO;;;;Colisão Lateral;Luz do Dia;Nublado;Seca;T;Não Há Controle;Rural;0;0;2;1;0;0;0;0;0;1;0;0;-38,506415;-3,723076;;;
250733;25;4;2015;07:00;0;RUA CARLOS AMORA;;;110;;Colisão Lateral;Luz do Dia;Bom;Seca;Meio de Quadra;Semáforo;Comercial;0;0;2;1;0;0;1;0;0;0;0;0;-38,563873;-3,774895;;;
250741;25;4;2015;15:30;19658;AV BEZERRA DE MENEZES;RUA PRO ANACLETO;;;;Colisão Traseira;Luz do Dia;Bom;Seca;T;Não Há Controle;Comercial;0;0;2;1;0;0;0;0;0;0;0;0;-38,553238;-3,733352;;;
259261;25;4;2015;16:00;0;AV SEN CARLOS JEREISSATI (AEROPORTO);;;;KM 03;Colisão;Via Iluminada;;Seca;Meio de Quadra;;;0;1;1;1;0;0;0;0;0;1;0;0;-38,541414;-3,780382;;;
260821;25;4;2015;21:34;0;RUA CON DE CASTRO;;;2480;;Colisão;;;;Meio de Quadra;;;0;0;2;1;1;0;0;0;0;0;0;0;;;;;
267151;25;4;2015;09:26;0;AV DR THEBERGE;;;1278;;Colisão;Luz do Dia;;;Meio de Quadra;;;0;0;2;0;0;0;0;0;0;0;0;0;-38,564633;-3,713651;;;
267153;25;4;2015;10:48;0;RUA CEL DIONISIO ALENCAR;;;496;;Colisão;Luz do Dia;;;Meio de Quadra;;;0;0;2;0;0;0;0;0;0;0;0;0;;;;;
267154;25;4;2015;11:09;5302;AV TRISTAO GONCALVES;RUA PEDRO I;;;;Colisão;Luz do Dia;;;Cruz;Semáforo;Comercial;0;0;2;0;0;0;0;0;0;0;0;0;-38,533927;-3,729523;;;