COD_ACIDENTE;DIA;MES;ANO;HORA;INTERSECAO;LOG1;LOG2;LOG3;NUMERO;REFERENCIA;NATUREZA;ILUMINACAO;TEMPO;SUPERFICIEPISTA;TIPOCRUZAMENTO;CONTROLETRAFEGO;USOSOLO;MORTOS;FERIDOS;ILESOS;AUTOMOVEL;ONIBUS;BICICLETA;CAMINHAO;MICROONIBUS;CICLOMOTOR;MOTOCICLETA;TRACAOANIMAL;TREM;LONG;LAT;;;
267155;25;4;2015;12:13;0;RUA CERES;;;126;;Colisão;Luz do Dia;;;Meio de Quadra;;;0;0;2;0;0;0;0;0;0;0;0;0;-38,585071;-3,777429;;;
267156;25;4;2015;13:06;0;RUA CASTRO E SILVA;;;;;Colisão;Luz do Dia;;;Meio de Quadra;;;0;0;2;0;0;0;0;0;0;0;0;0;;;;;
267158;25;4;2015;15:07;6563;RUA 301 CJ CEARA;RUA 303 A CJ CEARA;;;;Colisão;Luz do Dia;;;;;;0;0;2;0;0;0;0;0;0;0;0;0;-38,613222;-3,775650;;;
267159;25;4;2015;20:40;11642;RUA VITORIA (AV. PERIMETRAL);RUA CACILDA BECKER;;;;Colisão;;;;;;;0;0;2;0;0;0;0;0;0;0;0;0;-38,590369;-3,768826;;;
267161;25;4;2015;20:44;0;AV G CJ CEARA;;;;;Colisão;;;;Meio de Quadra;;;0;0;2;0;0;0;0;0;0;0;0;0;;;;;
267162;25;4;2015;20:48;0;RUA JOAO CRISPIM D65;;;1991;;Colisão;;;;Meio de Quadra;;;0;0;2;0;0;0;0;0;0;0;0;0;;;;;
267167;25;4;2015;21:16;0;RUA CACILDA BECKER;;;1860;;Colisão;;;;Meio de Quadra;;;0;0;2;0;0;0;0;0;0;0;0;0;;;;;
267168;25;4;2015;21:57;0;RUA COSTA BARROS;;;1227;;Colisão;;;;Meio de Quadra;;;0;0;2;0;0;0;0;0;0;0;0;0;-38,512305;-3,730109;;;
267164;25;4;2015;20:49;0;RUA CEL DIONISIO ALENCAR;;;211;;Colisão;;;;Meio de Quadra;;;0;0;2;0;0;0;0;0;0;0;0;0;-38,487081;-3,829940;;;
262151;25;4;2015;07:47;0;AV N CJ JOSE WALTER;;;;;Colisão;Luz do Dia;;;Meio de Quadra;;;0;1;1;0;0;0;0;0;0;0;0;0;;;;;
262149;25;4;2015;02:23;0;AV GODOFREDO MACIEL;;;;;Colisão;;;;Meio de Quadra;;;0;1;1;0;0;0;0;0;0;0;0;0;;;;;
262156;25;4;2015;12:07;0;RUA ANDRE REBOUCAS;RUA DECIO DE CASTRO;;133;;Colisão;Luz do Dia;;;;;;0;1;1;1;0;0;0;0;0;1;0;0;-38,589626;-3,774745;;;
262159;25;4;2015;15:18;0;AV CASTELO DE CASTRO;;;;;Colisão;Luz do Dia;;;Meio de Quadra;;;0;1;1;0;0;0;0;0;0;0;0;0;-38,521651;-3,835651;;;
262162;25;4;2015;15:35;0;AV SEN CARLOS JEREISSATI (AEROPORTO);;;;;Colisão;Luz do Dia;;;Meio de Quadra;;;0;1;1;0;0;0;0;0;0;0;0;0;;;;;
262165;25;4;2015;16:22;0;AV CASTELO DE CASTRO;;;;;Colisão;Luz do Dia;;;Meio de Quadra;;;0;2;0;0;0;0;0;0;0;1;0;0;;;;;
262168;25;4;2015;17:40;0;RUA PDE PEDRO DE ALENCAR;;;;;Colisão;Anoitecer;;;Meio de Quadra;;;0;1;1;1;0;0;0;0;0;1;0;0;-38,494244;-3,839928;;;
262171;25;4;2015;22:26;0;AV GAL OSORIO DE PAIVA;;;;;Atropelamento;Anoitecer;;;Meio de Quadra;;;0;1;1;0;0;0;0;0;0;0;0;0;;;;;
262174;25;4;2015;21:30;0;AV AGUANAMBI;;;;ROTATÓRIA;Colisão;;;;Meio de Quadra;;;0;1;1;0;0;0;0;0;0;1;0;0;-38,523043;-3,755538;;;
250729;25;4;2015;14:30;0;AV DEP PAULINO ROCHA;;;;;Colisão Traseira;Luz do Dia;Bom;Seca;Meio de Quadra;Não Há Controle;Residencial;0;1;1;1;0;0;0;0;0;1;0;0;-38,507825;-3,803493;;;
250731;25;4;2015;15:40;0;AV DEP PAULINO ROCHA;;;;;Colisão Traseira;Luz do Dia;Bom;Seca;Meio de Quadra;Não Há Controle;Residencial;0;0;2;1;0;0;0;0;0;0;0;0;;;;;
258843;25;4;2015;18:00;0;RD BR 116;;;7000;KM-07;Colisão Lateral;Anoitecer;Bom;Seca;Meio de Quadra;Não Há Controle;Comercial;0;2;1;1;0;0;0;0;0;1;0;0;-38,501101;-3,813246;;;
258840;25;4;2015;09:00;0;RD BR 116;;;3000;KM-03;Colisão Traseira;Luz do Dia;Bom;Seca;Meio de Quadra;Não Há Controle;Comercial;0;2;1;0;0;0;1;0;0;0;0;0;-38,514372;-3,779838;;;
267260;25;4;2015;21:58;11338;RUA FRANCISCO GLICERIO;AV GODOFREDO MACIEL;;;;Colisão;;;;Cruz;Semáforo;Comercial;0;0;2;0;0;0;0;0;0;0;0;0;-38,569757;-3,795981;;;
267261;25;4;2015;22:22;0;RUA MAL LOTT;;;;;Colisão;;;;Meio de Quadra;;;0;0;2;0;0;0;0;0;0;0;0;0;;;;;
267262;25;4;2015;22:32;0;AV SANTOS DUMONT;;;7777;;Colisão;;;;Meio de Quadra;;;0;0;2;0;0;0;0;0;0;0;0;0;-38,457904;-3,749236;;;
267263;25;4;2015;22:57;0;AV 1 CANINDEZINHO;;;;;Choque c/ Obstáculo Fixo;;;;Meio de Quadra;;;0;0;1;0;0;0;0;0;0;0;0;0;;;;;
267264;25;4;2015;23:16;0;RUA OSCAR ARARIPE;;;770;;Colisão;;;;Meio de Quadra;;;0;0;2;0;0;0;0;0;0;0;0;0;-38,598322;-3,791506;;;
267265;26;4;2015;00:20;26236;AV DR SILAS MUNGUBA;RUA BERNARDO MANUEL;;;;Colisão;;;;;;;0;0;2;0;0;0;0;0;0;0;0;0;-38,547960;-3,787538;;;
267266;26;4;2015;00:57;741;RUA IRINEU DE SOUZA;RUA TOMAS GONZAGA;;;;Colisão;;;;Cruz;Pare;Residencial;0;0;2;0;0;0;0;0;0;0;0;0;-38,568301;-3,710743;;;
267267;26;4;2015;01:02;0;RUA BENTO ALBUQUERQUE;;;1785;;Colisão;;;;Meio de Quadra;;;0;0;2;0;0;0;0;0;0;0;0;0;-38,472836;-3,747080;;;
267268;26;4;2015;01:45;5134;RUA GUILHERME ROCHA;RUA TEREZA CRISTINA;;;;Colisão;;;;Cruz;Pare;Residencial;0;0;2;0;0;0;0;0;0;0;0;0;-38,535981;-3,724385;;;
267269;26;4;2015;02:13;0;AV DA UNIVERSIDADE;;;3057;;Colisão;;;;Meio de Quadra;;;0;0;2;0;0;0;0;0;0;0;0;0;-38,540721;-3,742738;;;
267270;26;4;2015;02:15;0;RUA GUSTAVO SAMPAIO;;;800;;Choque c/ Obstáculo Fixo;;;;Meio de Quadra;;;0;0;2;0;0;0;0;0;0;0;0;0;-38,551835;-3,734312;;;
267271;26;4;2015;03:59;0;RUA TIBURCIO PEREIRA;;;430;;Choque c/ Obstáculo Fixo;;;;Meio de Quadra;;;0;0;1;0;0;0;0;0;0;0;0;0;-38,507565;-3,798916;;;
267272;26;4;2015;04:28;19667;AV BEZERRA DE MENEZES;RUA DOM LINO;;;;Colisão;;;;Cruz;Semáforo;Comercial;0;0;2;0;0;0;0;0;0;0;0;0;-38,557568;-3,734232;;;
267273;26;4;2015;05:06;0;AV DES MOREIRA;;;;;Choque c/ Obstáculo Fixo;Amanhecer;;;Meio de Quadra;;;0;0;1;0;0;0;0;0;0;0;0;0;;;;;
267274;26;4;2015;06:43;10740;RUA PORTO ALEGRE;RUA AUDISIO PINHEIRO;;;;Colisão;Luz do Dia;;;Cruz;Pare;Residencial;0;0;2;0;0;0;0;0;0;0;0;0;-38,589942;-3,760602;;;
267275;26;4;2015;06:57;0;RUA MIGUEL ARAGAO;;;1229;;Atropelamento;Luz do Dia;;;Meio de Quadra;;;0;0;2;0;0;0;0;0;0;0;0;0;;;;;
267276;26;4;2015;06:59;0;RUA CON DE CASTRO;;;90;;Colisão;Luz do Dia;;;Meio de Quadra;;;0;0;2;0;0;0;0;0;0;0;0;0;;;;;
267277;26;4;2015;07:03;1270;RUA PINTO MADEIRA;RUA JOAO CORDEIRO;;;;Colisão;Luz do Dia;;;Cruz;;Residencial;0;0;2;0;0;0;0;0;0;0;0;0;-38,515428;-3,732960;;;
267278;26;4;2015;15:39;0;AV DES MOREIRA;;;;;Colisão;Luz do Dia;;;Meio de Quadra;;;0;0;2;0;0;0;0;0;0;0;0;0;;;;;
267279;26;4;2015;16:06;15335;RUA REPUBLICA DO LIBANO;AV DES MOREIRA;;;;Colisão;Luz do Dia;;;Cruz;Pare;Outros;0;0;2;0;0;0;0;0;0;0;0;0;-38,496754;-3,731285;;;
267280;26;4;2015;16:31;0;RUA DOM PEDRO II;;;83;;Colisão;Luz do Dia;;;Meio de Quadra;;;0;0;2;0;0;0;0;0;0;0;0;0;-38,568878;-3,780477;;;
267281;26;4;2015;16:32;0;AV OLIVEIRA PAIVA;;;;;Colisão;Luz do Dia;;;Meio de Quadra;;;0;0;2;0;0;0;0;0;0;0;0;0;;;;;
267282;26;4;2015;16:34;0;RUA 7 DE SETEMBRO;;;;;Colisão;Luz do Dia;;;Meio de Quadra;;;0;0;2;0;0;0;0;0;0;0;0;0;;;;;
267283;26;4;2015;16:34;24786;RUA PALMACIA;RUA GEORGE CAVALCANTE;;;;Colisão;Luz do Dia;;;;;;0;0;2;0;0;0;0;0;0;0;0;0;-38,591143;-3,717812;;;
267284;26;4;2015;16:40;19328;RUA EDUARDO PERDIGAO;RUA CON DE CASTRO;;;;Colisão;Luz do Dia;;;Cruz;Não Há Controle;Comercial;0;0;2;0;0;0;0;0;0;0;0;0;-38,564769;-3,775579;;;
267285;26;4;2015;18:14;0;RUA SOUSA PINTO;;;139;;Choque c/ Obstáculo Fixo;Anoitecer;;;Meio de Quadra;;;0;0;1;0;0;0;0;0;0;0;0;0;-38,517571;-3,761882;;;
267286;26;4;2015;19:20;0;RUA PEDRO VERISSIMO;;;185;;Colisão;;;;Meio de Quadra;;;0;0;2;0;0;0;0;0;0;0;0;0;;;;;
267287;26;4;2015;20:13;10194;RUA ITAJAI;RUA EMILIO DE MENESES;;;;Colisão;;;;T;Pare;Residencial;0;0;2;0;0;0;0;0;0;0;0;0;-38,594656;-3,779711;;;
267288;26;4;2015;20:24;0;RUA EMILIO DE MENESES;;;157;;Colisão;;;;Meio de Quadra;;;0;0;2;0;0;0;0;0;0;0;0;0;-38,583269;-3,782917;;;
250732;26;4;2015;16:30;19183;RUA LAURO NOGUEIRA;RUA CESAR FONSECA;;;;Colisão Lateral;Luz do Dia;Bom;Seca;T;Semáforo;Comercial;0;1;1;1;0;0;0;0;0;1;0;0;-38,472579;-3,741946;;;
250730;26;4;2015;13:40;8620;AV EDILSON B SOARES;RUA FIRMINDO ANANIAS CARDOSO;;;;Colisão Transversal;Luz do Dia;Bom;Seca;Cruz;Não Há Controle;Comercial;0;1;2;1;0;0;0;0;0;1;0;0;;;;;
262176;26;4;2015;01:46;0;AV C CJ CEARA;;;;;Choque c/ Obstáculo Fixo;;;;Meio de Quadra;;;0;0;1;1;0;0;0;0;0;0;0;0;;;;;
262178;26;4;2015;02:01;0;AV PERIMETRAL;;;;;Colisão;;;;Meio de Quadra;;;0;0;2;0;0;0;0;0;0;0;0;0;;;;;
262196;26;4;2015;23:05;21587;RUA ANTONIO COSTA MENDES (PQ SÃO JOSÉ);RUA DES FROTA D71;;;;Colisão;;;;;;;0;1;1;1;0;0;0;0;0;1;0;0;;;;;
262180;26;4;2015;02:14;0;AV FRANCISCO SA;;;;;Choque c/ Obstáculo Fixo;;;;Meio de Quadra;;;0;0;1;1;0;0;0;0;0;0;0;0;;;;;
262182;26;4;2015;04:02;0;RUA PDE PAULINO;;;;;Colisão;;;;Meio de Quadra;;;0;0;2;0;0;0;0;0;0;0;0;0;;;;;
262184;26;4;2015;07:09;0;RUA ANTONIO BARROS;;;;;Colisão;Luz do Dia;;;Meio de Quadra;;;0;1;1;0;0;0;0;0;0;0;0;0;;;;;
262185;26;4;2015;08:16;0;AV OLAVO BILAC;;;;;Choque c/ Obstáculo Fixo;Luz do Dia;;;Meio de Quadra;;;0;1;0;0;0;0;0;0;0;1;0;0;-38,565522;-3,725385;;;
262186;26;4;2015;11:03;0;RUA JACAUNA;;;;;Colisão;Luz do Dia;;;;;;0;0;2;0;0;0;0;0;0;0;0;0;;;;;
262187;26;4;2015;11:41;0;RUA CON DE CASTRO;;;;;Colisão;Luz do Dia;;;Meio de Quadra;;;0;0;2;1;0;0;0;0;0;1;0;0;;;;;
262188;26;4;2015;18:39;0;RUA 7 DE ABRIL;;;;;Queda;;;;Meio de Quadra;;;0;1;0;0;0;0;0;0;0;1;0;0;;;;;
262189;26;4;2015;19:37;19533;RUA NEREU RAMOS;AV GAL OSORIO DE PAIVA;;;;Colisão;;;;Cruz;Semáforo;Comercial;0;2;0;0;0;0;0;0;0;1;0;0;-38,576828;-3,782196;;;
262190;26;4;2015;20:09;0;AV SEN FERNANDES TAVORA;;;;;Atropelamento;;;;Meio de Quadra;;;0;1;1;0;0;0;0;0;0;1;0;0;-38,594468;-3,755837;;;
262191;26;4;2015;21:39;0;RUA MARTINS NETO;;;;;Colisão;;;;Meio de Quadra;;;0;1;1;1;0;0;0;0;0;1;0;0;-38,593187;-3,740978;;;
262192;26;4;2015;22:02;0;AV BEZERRA DE MENEZES;;;;;Colisão;;;;Meio de Quadra;;;0;1;1;1;0;0;0;0;0;1;0;0;;;;;
262193;26;4;2015;22:22;2729;RUA CEL VIRGILIO NOGUEIRA (BOM JARDIM);RUA CEL JOAO CORREIA;;;;Colisão;;;;Cruz;Não Há Controle;Residencial;0;1;1;1;0;0;0;0;0;1;0;0;;;;;
262194;26;4;2015;23:00;0;RUA RERIUTABA;;;;;Colisão;;;;Meio de Quadra;;;0;1;1;1;0;0;0;0;0;1;0;0;;;;;
258333;26;4;2015;21:00;0;AV CAP WALDEMAR PAULA LIMA;;;550;;Colisão;;;;Meio de Quadra;;;0;2;0;1;0;0;0;0;0;1;0;0;-38,507732;-3,817884;;;
258327;26;4;2015;00:00;18508;AV GOV PARSIFAL BARROSO;RUA 3 LT SINCOL;;;;Colisão;;;;Duplo T;Pare;Comercial;0;1;1;1;0;0;0;0;0;1;0;0;-38,568890;-3,734636;;;
258328;26;4;2015;04:12;1225;RUA COSTA BARROS;RUA ILDEFONSO ALBANO;;;;Colisão;;;;Cruz;Semáforo;Comercial;0;2;0;1;0;0;0;0;0;0;0;0;-38,512227;-3,730135;;;
250742;26;4;2015;20:10;15370;AV DOM LUIS;AV SEN VIRGILIO TAVORA;;;;Colisão Traseira;Via Iluminada;Bom;Seca;Cruz;Semáforo;Comercial;0;0;2;1;0;0;0;0;0;0;0;0;-38,492507;-3,734829;;;
250734;26;4;2015;16:20;14680;AV OLIVEIRA PAIVA;RUA LIDIA BRIGIDO;;;;Colisão Transversal;Anoitecer;Bom;Seca;Cruz;Semáforo;Comercial;0;0;2;1;0;0;0;0;0;0;0;0;-38,484139;-3,796087;;;
250735;26;4;2015;19:40;19533;AV GAL OSORIO DE PAIVA;RUA NEREU RAMOS;;;;Colisão Lateral;Via Iluminada;Bom;Seca;Cruz;Semáforo;Comercial;0;1;1;1;0;0;0;0;0;1;0;0;-38,576828;-3,782196;;;
250736;26;4;2015;18:00;0;AV JOSE BASTOS;;;5084;;Colisão Frontal;Anoitecer;Bom;Seca;Meio de Quadra;Não Há Controle;Comercial;0;0;1;1;0;0;0;0;0;0;0;0;-38,562297;-3,757774;;;
250737;26;4;2015;14:30;0;AV AUGUSTO DOS ANJOS;;;220;;Colisão Lateral;Luz do Dia;Bom;Seca;Meio de Quadra;Não Há Controle;Residencial;0;1;1;1;0;0;0;0;0;1;0;0;-38,571122;-3,771276;;;
250738;26;4;2015;15:00;18552;RUA CEREJEIRAS;RUA OSORIO CORREIA;;;;Colisão Transversal;Luz do Dia;Bom;Seca;Cruz;Não Há Controle;Residencial;0;2;1;0;1;0;0;0;0;0;0;0;-38,599378;-3,821969;;;
250739;26;4;2015;01:00;5346;AV SANTOS DUMONT;RUA JOAO CORDEIRO;;;;Colisão Transversal;Via Iluminada;Nublado;Seca;Cruz;Semáforo;Comercial;0;1;1;1;0;0;0;0;0;0;0;0;-38,514781;-3,730878;;;
250740;26;4;2015;20:15;0;RUA PEREIRA FILGUEIRAS;;;1255;;Colisão Frontal;Via Iluminada;Bom;Seca;Meio de Quadra;;Comercial;0;0;2;1;0;0;0;0;0;0;0;0;-38,511785;-3,728731;;;
250744;26;4;2015;13:45;12768;RUA EDITE BRAGA;RUA JOAO SORONGO;;;;Colisão Transversal;Luz do Dia;Bom;Seca;Cruz;Pare;Residencial;0;1;1;0;0;0;0;0;0;1;0;0;-38,541131;-3,753112;;;
250745;26;4;2015;16:45;0;AV ALBERTO CRAVEIRO;;;507;MAKRO;Engavetamento;Luz do Dia;Bom;Seca;Meio de Quadra;Outros;Comercial;0;0;5;1;0;0;0;0;0;0;0;0;-38,515910;-3,781154;;;
250746;26;4;2015;11:00;1459;RUA BARBOSA DE FREITAS;RUA EDUARDO GARCIA;;;;Colisão Transversal;Luz do Dia;Bom;Seca;Cruz;Semáforo;Comercial;0;0;2;1;0;0;0;0;0;0;0;0;-38,497999;-3,738523;;;
250747;27;4;2015;12:00;0;AV LUCIANO CARNEIRO;;;;;Colisão Traseira;Luz do Dia;Bom;Seca;Meio de Quadra;Não Há Controle;Comercial;0;0;3;1;0;0;0;0;0;0;0;0;;;;;
250752;27;4;2015;16:30;22008;RUA FRANCISCA CLOTILDE;RUA PDE CICERO;;;;Colisão Transversal;Luz do Dia;Bom;Seca;Cruz;Pare;Residencial;0;0;2;1;0;0;0;0;0;0;0;0;-38,550121;-3,739665;;;
250753;27;4;2015;13:00;1516;AV DES MOREIRA;AV PDE ANTONIO TOMAS;;;;Colisão Transversal;Luz do Dia;Bom;Seca;Cruz;Semáforo;Comercial;0;0;2;1;0;0;0;0;0;1;0;0;-38,499616;-3,740161;;;
250754;27;4;2015;15:00;6741;RUA ALMEIDA PRADO;RUA VILEBALDO AGUIAR;;;;Colisão Transversal;;Bom;Seca;Cruz;Pare;Residencial;0;0;2;1;0;0;0;0;0;0;0;0;-38,475413;-3,744545;;;
250755;27;4;2015;19:15;0;RUA MAL BITENCOURT;;;461;;Colisão Traseira;Via Iluminada;Bom;Seca;Meio de Quadra;Não Há Controle;Residencial;0;1;1;1;0;0;0;0;0;1;0;0;-38,528941;-3,788091;;;
250756;27;4;2015;14:00;0;AV GAL OSORIO DE PAIVA;;;3109;;Colisão Traseira;Luz do Dia;Bom;Seca;Meio de Quadra;;Comercial;0;1;1;0;0;0;0;0;0;1;0;0;-38,587441;-3,789675;;;
250757;27;4;2015;09:00;25974;RUA TRES MARIAS D39 (MONTESE);RUA PERU;;;;Colisão Lateral;Luz do Dia;Bom;Seca;T;Outros;Residencial;0;0;2;1;0;0;1;0;0;0;0;0;-38,549898;-3,769519;;;
250761;27;4;2015;19:28;0;AV PRS CASTELO BRANCO;;;2108;;Colisão Traseira;Via Iluminada;Bom;Seca;Meio de Quadra;Não Há Controle;Misto;0;1;1;1;0;0;0;0;0;1;0;0;-38,546887;-3,714327;;;
250759;27;4;2015;14:30;19306;RUA EDUARDO PERDIGAO;AV GAL OSORIO DE PAIVA;;;;Colisão Lateral;;Bom;Seca;Cruz;Semáforo;Comercial;0;0;2;1;0;0;1;0;0;0;0;0;-38,565454;-3,774747;;;
250750;27;4;2015;13:00;15353;RUA BARBOSA DE FREITAS;RUA PEREIRA VALENTE;;;;Colisão Transversal;;Bom;Seca;Cruz;Pare;Misto;0;0;2;1;0;0;0;0;0;0;0;0;-38,496080;-3,732578;;;
250763;27;4;2015;07:05;22991;RUA BERNARDO MANUEL;RUA VILA RICA;;;;Colisão Frontal;Luz do Dia;Bom;Seca;Cruz;Pare;;0;1;1;1;0;1;0;0;0;0;0;0;-38,547746;-3,786824;;;
250764;27;4;2015;12:10;65;RUA HUGO VITOR;RUA MARTINS NETO;;;;Colisão Frontal;Luz do Dia;Bom;Seca;Cruz;Pare;Misto;0;0;2;1;0;0;0;0;0;0;0;0;-38,591458;-3,740726;;;
250765;27;4;2015;15:15;0;AV BEZERRA DE MENEZES;;;335;;Colisão Traseira;;Bom;Seca;Meio de Quadra;Outros;Comercial;0;0;2;1;0;0;0;0;0;0;0;0;-38,547792;-3,732209;;;
250766;27;4;2015;07:30;7884;AV ANTONIO SALES;RUA VICENTE LEITE;;;;Colisão Transversal;Luz do Dia;Bom;Seca;Cruz;Pare;Comercial;0;1;1;1;0;0;0;0;0;1;0;0;-38,498468;-3,746656;;;
250767;27;4;2015;15:39;0;RUA CATOLE;;;2780;;Colisão Transversal;Luz do Dia;Bom;Seca;Meio de Quadra;Pare;Residencial;0;1;1;0;0;0;0;1;0;1;0;0;;;;;
250768;27;4;2015;02:52;0;AV BEZERRA DE MENEZES;;;2113;;Choque c/ Obstáculo Fixo;;Chuva;Seca;Meio de Quadra;Semáforo;Comercial;0;1;0;1;0;0;0;0;0;0;0;0;-38,563624;-3,735488;;;
250769;27;4;2015;17:30;7990;RUA JOAO SORONGO;RUA CARLOS CAMARA;;;;Colisão Transversal;Anoitecer;Bom;Seca;Cruz;Pare;Comercial;0;1;1;1;0;0;0;0;0;1;0;0;-38,545224;-3,749406;;;
250770;27;4;2015;19:20;0;AV DA UNIVERSIDADE;;;2165;;Colisão Traseira;Via Iluminada;Bom;Seca;Meio de Quadra;Semáforo;Comercial;0;0;2;1;1;0;0;0;0;0;0;0;-38,535467;-3,736954;;;
250771;27;4;2015;11:40;0;AV WENEFRIDO MELO;;;108;;Colisão Lateral;Luz do Dia;Bom;Seca;Meio de Quadra;Não Há Controle;Residencial;0;0;2;1;0;0;1;0;0;0;0;0;-38,578026;-3,808744;;;
250772;27;4;2015;15:30;0;RUA RIO GRANDE DO SUL;;;253;;Colisão Traseira;Luz do Dia;Bom;Seca;Meio de Quadra;Não Há Controle;Residencial;0;0;2;1;0;0;0;0;0;0;0;0;-38,562831;-3,751592;;;
250773;27;4;2015;14:45;0;AV ENG SANTANA JUNIOR;;;2360;;Colisão Traseira;Luz do Dia;Bom;Seca;Meio de Quadra;Não Há Controle;Misto;0;1;1;1;0;0;1;0;0;0;0;0;-38,486614;-3,742741;;;
250774;27;4;2015;15:40;0;RUA ROCHA LIMA;;;210;;Colisão Lateral;Luz do Dia;Bom;Seca;Meio de Quadra;Não Há Controle;Comercial;0;1;1;0;0;0;0;0;0;1;0;0;-38,522166;-3,736416;;;
250775;27;4;2015;12:44;5463;RUA DNA LEOPOLDINA;RUA BARBARA DE ALENCAR;;;;Colisão Transversal;Luz do Dia;Bom;Seca;Cruz;Pare;Misto;0;1;1;0;0;0;0;1;0;1;0;0;-38,521102;-3,735695;;;
250776;27;4;2015;14:30;9005;AV JOSE BASTOS;AV DUQ CAXIAS;;;;Colisão Transversal;Luz do Dia;Bom;Seca;T;Pare;Misto;0;0;2;1;0;0;0;0;0;0;0;0;-38,545549;-3,726670;;;
250777;27;4;2015;17:05;6724;AV ENG SANTANA JUNIOR;AV SANTOS DUMONT;;;;Colisão Lateral;Anoitecer;Bom;Seca;Cruz;Pare;Comercial;0;0;2;1;1;0;0;0;0;0;0;0;-38,485132;-3,740506;;;
250778;27;4;2015;14:25;21369;AV JOVITA FEITOSA;RUA CARVALHO MOTA;;;;Colisão Transversal;Luz do Dia;Bom;Seca;Cruz;Pare;Comercial;0;0;2;1;0;0;0;0;0;0;0;0;-38,544748;-3,737437;;;
250779;27;4;2015;15:30;25125;RUA DNA LEOPOLDINA;RUA ROCHA LIMA;;;;Colisão Transversal;Luz do Dia;Bom;Seca;Cruz;Pare;Residencial;0;0;2;1;0;0;0;0;0;0;0;0;-38,521427;-3,736665;;;
250780;27;4;2015;13:40;0;AV PRUDENTE BRASIL;;;633;;Colisão;Luz do Dia;Bom;Seca;Meio de Quadra;Não Há Controle;Residencial;0;1;2;0;1;0;1;0;0;0;0;0;-38,534077;-3,808631;;;
250781;27;4;2015;06:30;25672;AV AUGUSTO DOS ANJOS;RUA LINS DO REGO;;;;Colisão Lateral;;Bom;Seca;T;;Comercial;0;1;1;0;1;0;0;0;0;1;0;0;-38,579816;-3,780923;;;
250793;27;4;2015;10:40;0;AV BEZERRA DE MENEZES;;;360;;Colisão Traseira;Luz do Dia;Bom;Seca;Meio de Quadra;Semáforo;Comercial;0;0;2;1;0;0;0;0;0;0;0;0;-38,547792;-3,732209;;;
250791;27;4;2015;06:30;12892;AV DOMINGOS OLIMPIO;RUA BAR RIO BRANCO;;;;Colisão Lateral;Luz do Dia;Bom;Seca;Cruz;Semáforo;Comercial;0;1;1;1;0;0;0;0;0;1;0;0;-38,531494;-3,736579;;;
250788;27;4;2015;09:00;10760;RUA JOCKEY CLUBE;RUA PDE SA LEITAO;;;;Colisão Transversal;Luz do Dia;Bom;Seca;Cruz;Pare;Residencial;0;0;2;1;0;0;0;0;0;0;0;0;-38,581152;-3,761438;;;
250797;27;4;2015;08:30;7752;AV JOAO PESSOA;AV CARNEIRO DE MENDONCA;;;;Colisão Lateral;Luz do Dia;Nublado;Seca;Cruz;Semáforo;Comercial;0;1;1;1;0;0;0;0;0;0;0;0;-38,559808;-3,767222;;;
250798;27;4;2015;06:30;20075;AV PRS JUSCELINO KUBITSCHEK (PASSARÉ);RUA PRO JOSE SILVEIRA;;;;Outros;Luz do Dia;Nublado;Seca;T;Pare;Residencial;0;2;1;0;0;0;1;0;0;1;0;0;-38,525745;-3,808288;;;
250795;27;4;2015;10:30;9240;RUA DEP OSWALDO STUDART;RUA MARIO MAMEDE;;;;Colisão Transversal;Luz do Dia;Bom;Seca;Cruz;Semáforo;Escola;1;0;1;1;0;0;0;0;0;1;0;0;-38,527367;-3,752752;;;
250804;27;4;2015;18:00;5209;RUA TEN BENEVOLO;RUA JOAO CORDEIRO;;;;Colisão Lateral;Via Iluminada;Bom;Seca;Cruz;;Residencial;0;0;2;1;1;0;0;0;0;0;0;0;-38,513424;-3,726514;;;
250805;27;4;2015;11:00;0;AV PRS COSTA E SILVA;;;5479;;Colisão Frontal;Amanhecer;Bom;Seca;Meio de Quadra;Não Há Controle;Comercial;0;1;1;0;0;1;1;0;0;0;0;0;-38,531405;-3,828541;;;
250806;27;4;2015;11:30;672;RUA TEODORO CABRAL;RUA IRINEU DE SOUZA;;;;Colisão Lateral;Luz do Dia;Bom;Seca;Cruz;Pare;Residencial;0;1;1;1;0;0;0;0;0;1;0;0;-38,565218;-3,711781;;;
250807;27;4;2015;10:00;0;AV JOR THOMAZ COELHO;;;;;Colisão Traseira;Luz do Dia;Bom;Seca;Meio de Quadra;Outros;Misto;0;0;2;1;0;0;0;1;0;0;0;0;;;;;
250808;27;4;2015;06:30;25327;AV GOV RAUL BARBOSA;RUA CONGRESSO;;;;Colisão Traseira;Luz do Dia;Bom;Seca;Outros;Não Há Controle;Residencial;0;0;2;1;0;0;0;0;0;0;0;0;;;;;
250809;27;4;2015;08:30;20124;AV DEP PAULINO ROCHA;RUA SAO CIPRIANO;;;;Colisão Lateral;Luz do Dia;Bom;Seca;T;Não Há Controle;Comercial;0;1;1;1;0;0;0;0;0;1;0;0;-38,520537;-3,809850;;;
250810;27;4;2015;17:54;0;RUA ARTUR DE CARVALHO;;;1633;;Colisão Lateral;Anoitecer;Bom;Seca;Meio de Quadra;Pare;Misto;0;2;1;1;0;0;0;0;0;1;0;0;;;;;