COD_ACIDENTE;DIA;MES;ANO;HORA;INTERSECAO;LOG1;LOG2;LOG3;NUMERO;REFERENCIA;NATUREZA;ILUMINACAO;TEMPO;SUPERFICIEPISTA;TIPOCRUZAMENTO;CONTROLETRAFEGO;USOSOLO;MORTOS;FERIDOS;ILESOS;AUTOMOVEL;ONIBUS;BICICLETA;CAMINHAO;MICROONIBUS;CICLOMOTOR;MOTOCICLETA;TRACAOANIMAL;TREM;LONG;LAT;;;
250812;27;4;2015;06:30;285;AV ENG HUMBERTO MONTE;RUA GAL BERNARDO FIGUEIREDO;;;;Colisão Lateral;Luz do Dia;Bom;Seca;Cruz;Não Há Controle;Comercial;0;0;2;0;1;0;0;0;0;0;0;0;-38,565892;-3,742578;;;
250813;27;4;2015;18:21;25062;AV DOS EXPEDICIONARIOS;RUA PDE AMBROSIO MACHADO;;;;Colisão Transversal;Anoitecer;Bom;Seca;Cruz;Pare;Residencial;0;1;1;1;0;0;0;0;0;1;0;0;-38,539946;-3,760838;;;
250814;27;4;2015;06:15;19411;AV GAL OSORIO DE PAIVA;RUA JULIO BRAGA;;;;Colisão Transversal;Luz do Dia;Nublado;Seca;Duplo T;Semáforo;Residencial;0;1;1;0;1;0;0;0;0;1;0;0;-38,571513;-3,778790;;;
250815;27;4;2015;21:00;13132;AV JOAO DE ARAUJO LIMA;AV D CJ JOSE WALTER;;;;Colisão Traseira;;Bom;Seca;Cruz;Não Há Controle;Comercial;0;0;2;1;1;0;0;0;0;0;0;0;-38,560009;-3,830303;;;
250801;27;4;2015;06:50;11057;AV DR SILAS MUNGUBA;AV DOS EXPEDICIONARIOS;;;;Atropelamento;Luz do Dia;Bom;Seca;Cruz;Semáforo;Comercial;0;2;0;0;0;0;0;0;0;1;0;0;-38,547960;-3,787538;;;
250802;27;4;2015;18:30;0;AV ABOLICAO;;;2026;;Colisão Traseira;Via Iluminada;Bom;Seca;Meio de Quadra;Não Há Controle;Residencial;0;0;2;1;0;0;0;0;0;0;0;0;-38,500966;-3,725562;;;
259262;27;4;2015;06:45;0;AV SEN CARLOS JEREISSATI (AEROPORTO);;;;KM 03;Colisão;Via Iluminada;;Seca;Meio de Quadra;;;0;0;3;1;0;0;0;0;0;0;0;0;-38,541414;-3,780382;;;
259269;27;4;2015;07:40;0;RD CE-040;;;;KM-10;Colisão Lateral;Luz do Dia;;Seca;Meio de Quadra;;;0;0;2;1;0;0;0;0;0;0;0;0;-38,480068;-3,838671;;;
259271;27;4;2015;08:40;0;RD CE-040;;;;KM-01;Colisão;Luz do Dia;;Seca;Meio de Quadra;;;0;0;2;1;0;0;0;0;0;0;0;0;-38,483270;-3,754877;;;
259275;27;4;2015;13:20;0;RD CE-060;;;;KM-01;Colisão;Luz do Dia;;Seca;Meio de Quadra;;;0;0;2;0;0;1;1;0;0;0;0;0;-38,576995;-3,819537;;;
258337;27;4;2015;10:10;2975;RUA PEDRO MARTINS;AV GAL OSORIO DE PAIVA;;;;Colisão;Luz do Dia;;;Cruz;Semáforo;Comercial;0;1;0;0;1;0;0;0;0;1;0;0;-38,598322;-3,800862;;;
260884;27;4;2015;23:12;0;AV PRS CASTELO BRANCO;;;;;Colisão;;;;Meio de Quadra;;;0;0;2;1;0;0;1;0;0;0;0;0;;;;;
262199;27;4;2015;05:37;5356;AV DUQ CAXIAS;RUA GAL SAMPAIO;;;;Colisão;Amanhecer;;;Cruz;Semáforo;Misto;0;0;2;1;0;0;0;0;0;1;0;0;-38,532029;-3,731096;;;
262200;27;4;2015;06:17;0;AV DOMINGOS OLIMPIO;;;;;Queda;Luz do Dia;;;Meio de Quadra;;;0;0;1;0;0;0;0;0;0;1;0;0;;;;;
262201;27;4;2015;11:04;0;AV PERIMETRAL;;;;;Colisão;Luz do Dia;;;Meio de Quadra;;;0;0;2;1;0;0;1;0;0;0;0;0;;;;;
262202;27;4;2015;11:10;0;AV GENIBAU;;;;;Colisão;Luz do Dia;;;;;;0;2;0;0;0;0;0;0;0;1;0;0;;;;;
262203;27;4;2015;11:46;0;RUA JAIME BENEVOLO;;;;;Queda;Luz do Dia;;;Meio de Quadra;;;0;1;0;0;0;0;0;0;0;1;0;0;-38,530393;-3,747083;;;
262204;27;4;2015;12:07;0;RUA CAIO PRADO;;;;;Atropelamento;Luz do Dia;;;Meio de Quadra;;;0;2;0;0;0;0;0;0;0;1;0;0;-38,562491;-3,774425;;;
262205;27;4;2015;14:38;5402;RUA METON DE ALENCAR;RUA VINTE E QUATRO DE MAIO;;;;Colisão;Luz do Dia;;;Cruz;Pare;Escola;0;1;1;1;0;0;0;0;0;1;0;0;-38,533848;-3,732626;;;
262206;27;4;2015;17:22;0;RUA VITAL BRASIL;;;;;Colisão;Anoitecer;;;Meio de Quadra;;;0;1;1;1;0;0;0;0;0;1;0;0;-38,593167;-3,779378;;;
262207;27;4;2015;19:55;0;RUA FRANCISCANO;;;;;Atropelamento;;;;Meio de Quadra;;;0;1;1;1;0;0;0;0;0;0;0;0;;;;;
262208;27;4;2015;20:02;0;RUA STA FILOMENA;;;;;Queda;;;;Meio de Quadra;;;0;1;0;0;0;0;0;0;0;1;0;0;-38,592073;-3,763048;;;
262209;27;4;2015;22:26;0;AV SGT HERMINIO SAMPAIO;;;;;Colisão;;;;Meio de Quadra;;;0;1;1;1;0;0;0;0;0;1;0;0;-38,556218;-3,725590;;;
262210;27;4;2015;22:45;0;AV 13 DE MAIO;;;;;Atropelamento;;;;Meio de Quadra;;;0;1;1;1;0;0;0;0;0;0;0;0;-38,535983;-3,743637;;;
262215;27;4;2015;08:37;9243;AV EDUARDO GIRAO;AV DOS EXPEDICIONARIOS;;;;Colisão;Luz do Dia;;;Cruz;Semáforo;Comercial;0;2;0;0;0;0;0;0;0;1;0;0;-38,536849;-3,750712;;;
258847;27;4;2015;06:20;0;RD BR 116;;;3000;KM-03;Colisão Traseira;Luz do Dia;Bom;Seca;Meio de Quadra;Não Há Controle;Comercial;0;0;2;1;0;0;1;0;0;0;0;0;-38,514372;-3,779838;;;
258865;27;4;2015;14:40;0;RD BR 222;;;;KM-03;Colisão Lateral;Luz do Dia;Bom;Seca;Meio de Quadra;Não Há Controle;Comercial;0;0;2;1;0;0;0;1;0;0;0;0;-38,571997;-3,736999;;;
267289;27;4;2015;00:31;581;AV PASTEUR;AV FRANCISCO SA;;;;Colisão;;;;Cruz;;Comercial;0;0;2;0;0;0;0;0;0;0;0;0;-38,560567;-3,716325;;;
267290;27;4;2015;00:32;6128;AV B CJ CEARA;RUA MIN ALBUQUERQUE LIMA;;;;Colisão;;;;Cruz;Semáforo;Residencial;0;0;2;0;0;0;0;0;0;0;0;0;-38,607506;-3,768744;;;
267291;27;4;2015;07:06;0;AV WENEFRIDO MELO;;;347;;Colisão;Luz do Dia;;;Meio de Quadra;;;0;0;2;0;0;0;0;0;0;0;0;0;-38,575902;-3,810702;;;
267292;27;4;2015;09:59;15835;RUA CEL DIONISIO ALENCAR;RUA MANUEL CASTELO BRANCO;;;;Colisão;Luz do Dia;;;Cruz;Pare;Comercial;0;0;2;0;0;0;0;0;0;0;0;0;-38,488281;-3,832973;;;
267293;27;4;2015;10:30;0;AV BEZERRA DE MENEZES;;;1820;;Colisão;Luz do Dia;;;Meio de Quadra;;;0;0;2;0;0;0;0;0;0;0;0;0;-38,560902;-3,734929;;;
267294;27;4;2015;10:45;23349;RUA SABINO MONTE;RUA EDUARDO BEZERRA;;;;Colisão;Luz do Dia;;;Cruz;Pare;Misto;0;0;2;0;0;0;0;0;0;0;0;0;-38,512485;-3,753712;;;
267295;28;4;2015;00:20;743;AV PRS CASTELO BRANCO;AV PASTEUR;;;;Colisão;;;;Cruz;Semáforo;Comercial;0;0;2;0;0;0;0;0;0;0;0;0;-38,558856;-3,711181;;;
267296;28;4;2015;08:40;0;RUA BERNARDO MANUEL;;;7201;;Colisão;Luz do Dia;;;Meio de Quadra;;;0;0;2;0;0;0;0;0;0;0;0;0;;;;;
267297;28;4;2015;08:46;0;RUA GRITO DE ALERTA;;;592;;Colisão;Luz do Dia;;;Meio de Quadra;;;0;0;2;0;0;0;0;0;0;0;0;0;-38,574736;-3,701919;;;
267298;28;4;2015;11:11;25107;RUA JOAQUIM ALBANO;RUA DEMETRIO MENEZES;;;;Colisão;Luz do Dia;;;Duplo T;Pare;Comercial;0;0;2;0;0;0;0;0;0;0;0;0;-38,584096;-3,735910;;;
267299;28;4;2015;14:53;0;RUA VALPARAISO;;;1300;;Colisão;Luz do Dia;;;Meio de Quadra;;;0;0;2;0;0;0;0;0;0;0;0;0;-38,530017;-3,840734;;;
267300;28;4;2015;15:28;4766;RUA MONTE PASCOAL;RUA SAO FELIPE D71;;;;Colisão;Luz do Dia;;;;;;0;0;2;0;0;0;0;0;0;0;0;0;-38,599931;-3,804646;;;
267301;28;4;2015;17:12;0;AV CARNEIRO DE MENDONCA;;;1116;;Colisão;Anoitecer;;;Meio de Quadra;;;0;0;2;0;0;0;0;0;0;0;0;0;-38,569128;-3,762836;;;
267302;28;4;2015;18:16;0;RUA EDUARDO PORTO;;;71;;Colisão;Anoitecer;;;Meio de Quadra;;;0;0;2;0;0;0;0;0;0;0;0;0;-38,496472;-3,832608;;;
267303;28;4;2015;18:19;0;RUA JOAO LOBO FILHO;;;19;;Colisão;Anoitecer;;;Meio de Quadra;;;0;0;2;0;0;0;0;0;0;0;0;0;-38,523083;-3,749608;;;
267304;28;4;2015;18:21;21081;RUA STO AMARO DO PICI;RUA ALAGOAS;;;;Colisão;Anoitecer;;;Cruz;Pare;Residencial;0;0;2;0;0;0;0;0;0;0;0;0;-38,577392;-3,752815;;;
267305;28;4;2015;20:19;0;AV DR THEBERGE;;;3402;;Atropelamento;;;;Meio de Quadra;;;0;0;2;0;0;0;0;0;0;0;0;0;;;;;
267306;28;4;2015;22:20;0;AV CARNEIRO DE MENDONCA;;;1323;;Colisão;;;;Meio de Quadra;;;0;0;2;0;0;0;0;0;0;0;0;0;;;;;
262216;28;4;2015;12:04;0;AV GAL OSORIO DE PAIVA;;;;;Colisão;Luz do Dia;;;Meio de Quadra;;;0;1;1;1;0;0;0;0;0;1;0;0;-38,590248;-3,792577;;;
262224;28;4;2015;14:51;0;AV SEN FERNANDES TAVORA;;;;;Colisão;Luz do Dia;;;Meio de Quadra;;;0;1;1;1;0;0;0;0;0;1;0;0;;;;;
262232;28;4;2015;15:13;1282;AV BAR STUDART;AV SANTOS DUMONT;;;;Colisão;Luz do Dia;;;Cruz;Semáforo;Comercial;0;1;1;1;0;0;0;0;0;1;0;0;-38,506304;-3,733642;;;
262233;28;4;2015;16:52;0;AV PRS JUSCELINO KUBITSCHEK (PASSARÉ);;;;;Colisão;Luz do Dia;;;Meio de Quadra;;;0;0;2;1;0;0;0;0;0;1;0;0;;;;;
262211;28;4;2015;07:49;0;RUA PRE NOVE;;;;;Queda;Luz do Dia;;;Meio de Quadra;;;0;1;0;0;0;0;0;0;0;1;0;0;;;;;
262235;28;4;2015;23:19;0;AV PRS CASTELO BRANCO;RUA FRANCISCO CORDEIRO;;;;Atropelamento;;;;;;;0;1;1;0;0;0;0;0;0;0;0;0;;;;;
250916;28;4;2015;17:30;11057;AV DR SILAS MUNGUBA;AV DOS EXPEDICIONARIOS;;;;Colisão Transversal;Anoitecer;Bom;Seca;Cruz;Semáforo;Comercial;0;1;3;1;0;0;0;0;1;0;0;0;-38,547960;-3,787538;;;
250982;28;4;2015;16:00;0;RUA TEN MARQUES;;;;;Choque c/ Obstáculo Fixo;Luz do Dia;Bom;Seca;T;Não Há Controle;Residencial;0;0;1;1;0;0;0;0;0;0;0;0;;;;;
250985;28;4;2015;09:40;0;AV DEP PAULINO ROCHA;;;2557;;Colisão Traseira;Luz do Dia;Bom;Seca;Meio de Quadra;Não Há Controle;Comercial;0;0;4;1;0;0;0;0;0;0;0;0;-38,520463;-3,809896;;;
250993;28;4;2015;13:30;0;RUA CON DE CASTRO;;;;;Colisão Frontal;Luz do Dia;Bom;Seca;Meio de Quadra;Pare;Comercial;0;2;1;0;1;0;0;0;0;0;0;0;-38,595218;-3,808699;;;
250998;28;4;2015;12:30;13396;RUA JOAO BRIGIDO;RUA BAR ARACATI;;;;Colisão Transversal;Luz do Dia;Bom;Seca;Cruz;Pare;Residencial;0;1;1;0;0;0;0;0;0;1;0;0;-38,514697;-3,740939;;;
251006;28;4;2015;13:30;13408;RUA BAR ARACATI;AV ANTONIO SALES;;;;Colisão Transversal;Luz do Dia;Bom;Seca;Cruz;Pare;Residencial;0;0;2;1;0;0;0;0;0;0;0;0;-38,514894;-3,741563;;;
250927;28;4;2015;13:10;5433;RUA MAJ FACUNDO;RUA METON DE ALENCAR;;;;Colisão Transversal;Luz do Dia;Bom;Seca;Cruz;Pare;Misto;0;0;2;1;0;0;0;0;0;0;0;0;-38,529899;-3,733917;;;
250928;28;4;2015;16:00;5063;RUA BAR RIO BRANCO;AV PRS CASTELO BRANCO;;;;Colisão Traseira;Luz do Dia;Bom;Seca;T;Pare;Outros;0;0;2;1;0;0;0;0;0;0;0;0;-38,526642;-3,721459;;;
250929;28;4;2015;13:30;0;AV BEZERRA DE MENEZES;;;2181;;Colisão Traseira;Luz do Dia;Bom;Seca;Meio de Quadra;Semáforo;Comercial;0;0;2;1;0;0;0;0;0;1;0;0;-38,564231;-3,735618;;;
250930;28;4;2015;19:00;0;RUA TEODOMIRO DE CASTRO;;;4463;;Colisão Lateral;Via Iluminada;Bom;Seca;Meio de Quadra;Pare;Residencial;0;0;2;1;0;0;0;0;0;0;0;0;-38,572991;-3,718401;;;
250971;28;4;2015;11:00;0;RUA PDE VALDEVINO;;;2640;;Colisão Lateral;Luz do Dia;Bom;Seca;Meio de Quadra;Não Há Controle;Comercial;0;0;2;1;0;0;0;0;0;1;0;0;-38,502005;-3,743731;;;
250948;28;4;2015;12:00;5164;RUA SOBRAL D03;RUA GOV SAMPAIO;;;;;Luz do Dia;Bom;Seca;Com Via Férrea;Não Há Controle;Comercial;0;0;2;0;0;0;1;0;0;0;0;0;-38,524617;-3,725166;;;
250955;28;4;2015;16:00;0;RUA EDUARDO SABOIA;RUA DES WALDETARIO P MOTA;;;;Colisão Lateral;Luz do Dia;Bom;Seca;Meio de Quadra;Pare;Comercial;0;0;2;0;0;0;0;0;0;1;0;0;;;;;
250962;28;4;2015;08:40;25226;RUA JARDIM FLUMINENSE;AV GAL OSORIO DE PAIVA;;;;Colisão Lateral;;Bom;Seca;T;Pare;Residencial;0;0;2;1;0;0;1;0;0;0;0;0;-38,605395;-3,808170;;;
250939;28;4;2015;17:30;0;AV ALM MAXIMIANO DA FONSECA;;;1395;;Colisão Transversal;Via Iluminada;Bom;Seca;Meio de Quadra;Não Há Controle;Comercial;0;0;2;1;0;0;0;0;0;1;0;0;-38,484045;-3,771600;;;
250923;28;4;2015;19:00;0;AV ENG SANTANA JUNIOR;;;3000;;Colisão Lateral;Via Iluminada;Bom;Seca;Meio de Quadra;Não Há Controle;Comercial;0;1;1;0;0;0;0;0;0;1;0;0;-38,489665;-3,747575;;;
250924;28;4;2015;21:15;13396;RUA BAR ARACATI;RUA JOAO BRIGIDO;;;;Colisão Transversal;Via Iluminada;Bom;Seca;Cruz;Pare;Residencial;0;1;1;1;0;0;0;0;0;1;0;0;-38,514697;-3,740939;;;
250925;28;4;2015;14:45;0;RUA SAO PAULO;;;833;;Colisão;Luz do Dia;Bom;Seca;Meio de Quadra;Semáforo;Comercial;0;0;2;1;0;0;0;0;0;0;0;0;-38,533168;-3,724164;;;
250920;28;4;2015;16:30;0;AV GAL OSORIO DE PAIVA;;;;;Choque c/ Obstáculo Fixo;Luz do Dia;Bom;Seca;Meio de Quadra;Semáforo;Comercial;0;0;1;0;1;0;0;0;0;0;0;0;;;;;
250914;28;4;2015;19:40;0;AV B CJ CEARA;;;1127;;Colisão Transversal;Via Iluminada;Bom;Seca;Meio de Quadra;Não Há Controle;Residencial;0;1;1;1;0;0;0;0;0;1;0;0;-38,608974;-3,770482;;;
250906;28;4;2015;20:00;1451;RUA ANTONIO AUGUSTO;RUA ROCHA LIMA;;;;Colisão Transversal;Via Iluminada;Bom;Seca;Cruz;Pare;Residencial;0;1;1;1;0;0;0;0;0;0;0;0;-38,516207;-3,738344;;;
250912;28;4;2015;11:30;0;RUA ALEXANDRE BARAUNA;RUA MACHADO DE ASSIS;;;;Colisão Traseira;Luz do Dia;Bom;Seca;Meio de Quadra;Não Há Controle;Residencial;0;0;2;1;0;0;0;0;0;0;0;0;;;;;
250904;28;4;2015;14:30;0;AV ABOLICAO;;;3200;;Colisão Lateral;;Bom;Seca;Meio de Quadra;Não Há Controle;Comercial;0;2;1;1;0;0;0;0;0;0;0;0;-38,490941;-3,726624;;;
250902;28;4;2015;14:30;0;AV MIGUEL DIAS;;;100;;Colisão Traseira;Luz do Dia;Bom;Seca;Meio de Quadra;Semáforo;Comercial;0;0;2;1;0;0;0;0;0;0;0;0;-38,488239;-3,758719;;;
250900;28;4;2015;09:00;7633;RUA RIO GRANDE DO SUL;AV CARNEIRO DE MENDONCA;;;;Colisão Traseira;Luz do Dia;Bom;Seca;Cruz;Semáforo;Comercial;0;0;2;1;0;0;0;0;0;0;0;0;-38,570011;-3,762374;;;
250897;28;4;2015;14:20;14680;AV OLIVEIRA PAIVA;RUA LIDIA BRIGIDO;;;;Colisão Frontal;;Bom;Seca;Cruz;Semáforo;Comercial;0;1;1;0;0;0;0;1;0;1;0;0;-38,484139;-3,796087;;;
250898;28;4;2015;20:40;6724;AV SANTOS DUMONT;AV ENG SANTANA JUNIOR;;;;Colisão Lateral;Via Iluminada;Bom;Seca;Cruz;Pare;Outros;0;0;2;1;0;0;0;1;0;0;0;0;-38,485132;-3,740506;;;
250880;28;4;2015;18:00;15346;RUA PEREIRA VALENTE;RUA VIS MAUA;;;;Colisão Transversal;Via Iluminada;Bom;Seca;Cruz;Pare;Residencial;0;0;2;1;0;0;0;0;0;0;0;0;-38,498067;-3,731927;;;
250881;28;4;2015;20:00;6720;AV ENG SANTANA JUNIOR;RUA CAROLINA SUCUPIRA;;;;Colisão Lateral;;;;;Não Há Controle;Comercial;0;0;2;1;0;0;0;0;0;0;0;0;-38,488863;-3,744770;;;
250876;28;4;2015;08:40;0;AV EDUARDO GIRAO;;;;;Colisão Traseira;Luz do Dia;Bom;Molhada;Meio de Quadra;Não Há Controle;Outros;0;1;1;0;0;0;0;0;0;1;0;0;;;;;
250890;28;4;2015;16:00;0;AV ALM BARROSO;;;600;;Colisão Traseira;Luz do Dia;Bom;Seca;Meio de Quadra;Gesto;Comercial;0;0;2;1;0;0;0;0;0;0;0;0;-38,517776;-3,720538;;;
250868;28;4;2015;20:00;0;RUA CEL ANTONIO SAMPAIO;;;855;;Outros;Via Iluminada;Bom;Molhada;Meio de Quadra;Não Há Controle;Residencial;0;0;2;1;0;0;0;0;0;1;0;0;;;;;
260886;28;4;2015;11:40;24293;RUA JULIO ABREU;RUA DELMIRO GOUVEIA;;;;Colisão;Luz do Dia;;;Cruz;Pare;Comercial;0;0;2;1;1;0;0;0;0;0;0;0;-38,488072;-3,735900;;;
259278;28;4;2015;07:05;0;AV SEN CARLOS JEREISSATI (AEROPORTO);;;;KM 01;Colisão;Luz do Dia;;Seca;Meio de Quadra;;;0;1;1;0;0;0;0;0;0;1;0;0;-38,520356;-3,783803;;;
259281;28;4;2015;17:00;0;AV SEN CARLOS JEREISSATI (AEROPORTO);;;;KM 03;Colisão;Anoitecer;;Seca;Meio de Quadra;;;0;0;2;1;0;0;0;0;0;0;0;0;-38,541414;-3,780382;;;
259282;28;4;2015;17:40;0;RD CE-040;;;;KM-04;Colisão;Anoitecer;;Seca;Meio de Quadra;;;0;0;3;1;0;0;0;0;0;0;0;0;-38,480251;-3,792050;;;
259289;28;4;2015;22:25;0;RD CE-040;;;;KM-02;Colisão;;;Seca;Meio de Quadra;;;0;0;2;1;0;0;0;0;0;0;0;0;-38,481598;-3,776479;;;
250803;28;4;2015;17:20;9159;RUA MIN JOAQUIM BASTOS D14;RUA DEP OSWALDO STUDART;;;;;Anoitecer;Bom;;Outros;Pare;Residencial;0;0;3;1;0;0;0;0;0;0;0;0;-38,528221;-3,753766;;;
250829;28;4;2015;07:20;0;AV AGUANAMBI;;;;ROTATÓRIA;Colisão Traseira;Luz do Dia;Bom;Seca;Meio de Quadra;Semáforo;Comercial;0;0;2;1;0;0;0;0;0;0;0;0;-38,523043;-3,755538;;;
250841;28;4;2015;10:00;338;RUA FRANCISCA CLOTILDE;RUA DES GARCIA;;;;Colisão Transversal;Luz do Dia;Bom;Seca;Cruz;Pare;;0;0;2;1;0;0;0;0;0;1;0;0;-38,555657;-3,745793;;;
250858;28;4;2015;16:30;0;AV 13 DE MAIO;;;;;Colisão Lateral;Luz do Dia;Bom;Seca;Meio de Quadra;Semáforo;Comercial;0;0;2;0;0;0;1;0;0;0;0;0;;;;;
250816;28;4;2015;16:30;0;AV CEL CARVALHO;;;2559;;Atropelamento;Via Iluminada;;Seca;Meio de Quadra;Pare;Comercial;0;1;1;1;0;0;0;0;0;0;0;0;-38,585864;-3,725210;;;
250811;28;4;2015;15:00;5318;RUA PDE IBIAPINA;RUA GAL CLARINDO DE QUEIROZ;;;;Colisão Transversal;Luz do Dia;Bom;Seca;Cruz;Pare;Comercial;0;0;2;1;0;0;0;0;0;0;0;0;-38,540084;-3,729518;;;
250800;28;4;2015;20:00;0;AV BEZERRA DE MENEZES;;;1820;;Colisão Traseira;Via Iluminada;Bom;Seca;Meio de Quadra;Não Há Controle;Comercial;0;1;1;1;0;0;0;0;0;1;0;0;-38,560902;-3,734929;;;
250789;28;4;2015;16:35;19746;RUA ARMANDO OLIVEIRA;RUA GUSTAVO SAMPAIO;;;;;Via Iluminada;Bom;Seca;;Não Há Controle;Residencial;0;0;2;1;0;0;1;0;0;0;0;0;-38,567382;-3,737521;;;
250783;28;4;2015;07:30;7985;RUA MAJ WEYNE;RUA FILGUEIRAS LIMA;;;;Colisão Traseira;Luz do Dia;Bom;Seca;Cruz;Pare;Residencial;0;0;2;1;0;0;0;0;0;0;0;0;-38,544097;-3,748971;;;
250799;29;4;2015;18:00;17416;RUA EDITE BRAGA;RUA ELVIRA PINHO;;;;Colisão Frontal;Via Iluminada;Bom;Seca;Cruz;Pare;Residencial;0;0;2;1;0;0;0;0;0;0;0;0;-38,553552;-3,768064;;;
250817;29;4;2015;01:00;0;RUA PEREIRA VALENTE;;;374;;Choque c/ Obstáculo Fixo;Via Iluminada;Bom;Seca;Meio de Quadra;Não Há Controle;Residencial;0;1;0;1;0;0;0;0;0;0;0;0;-38,498468;-3,731799;;;
250819;29;4;2015;10:40;21379;AV JOVITA FEITOSA;RUA PRO RAIMUNDO ARRUDA;;;;Colisão Lateral;Luz do Dia;Chuva;Molhada;Cruz;Semáforo;Comercial;0;1;2;1;0;0;0;0;0;1;0;0;-38,550998;-3,738742;;;
250851;29;4;2015;22:45;0;RUA PESSOA ANTA;;;274;;Colisão Traseira;Via Iluminada;Bom;Seca;Meio de Quadra;Outros;Comercial;0;0;2;1;0;0;0;0;0;0;0;0;-38,520934;-3,720970;;;
250843;29;4;2015;18:40;0;AV AGUANAMBI;;;46;;Colisão Lateral;Via Iluminada;Bom;Seca;Meio de Quadra;;Comercial;0;0;2;1;1;0;0;0;0;0;0;0;-38,524239;-3,737660;;;
250823;29;4;2015;08:10;1586;AV PDE ANTONIO TOMAS;RUA FONSECA LOBO;;;;Colisão Lateral;Luz do Dia;Bom;Seca;Cruz;Pare;Residencial;0;2;1;1;0;0;0;0;0;1;0;0;-38,490871;-3,743025;;;
250831;29;4;2015;13:00;1266;RUA BAR ARACATI;RUA PDE LUIS FIGUEIRA;;;;Colisão Transversal;Luz do Dia;Bom;Seca;Cruz;Pare;Residencial;0;0;2;1;0;0;0;0;0;1;0;0;-38,512022;-3,733156;;;
250834;29;4;2015;07:39;19942;RUA FRANCISCO LORDA;RUA MOREIRA GOMES;;;;Colisão Transversal;Luz do Dia;Bom;Seca;Cruz;Pare;Residencial;0;2;1;1;0;0;0;0;0;1;0;0;-38,534015;-3,761260;;;
250836;29;4;2015;14:31;12863;AV DOMINGOS OLIMPIO;RUA FLORIANO PEIXOTO;;;;Colisão Traseira;Luz do Dia;Bom;Seca;Cruz;Pare;Comercial;0;0;2;1;0;0;0;0;0;0;0;0;-38,530313;-3,736976;;;
250838;29;4;2015;13:52;3875;RUA SEN POMPEU;RUA PDE MIGUELINHO;;;;Colisão Lateral;Luz do Dia;Bom;Seca;Cruz;Pare;Comercial;0;0;2;1;0;0;0;0;0;1;0;0;-38,534332;-3,742469;;;
250839;29;4;2015;19:30;0;AV PRS COSTA E SILVA;;;2464;;Colisão Lateral;Via Iluminada;Bom;Seca;Meio de Quadra;Não Há Controle;Comercial;0;0;2;1;0;0;1;0;0;0;0;0;-38,559963;-3,820333;;;
250828;29;4;2015;06:30;3863;RUA SEN POMPEU;AV 13 DE MAIO;;;;Colisão Traseira;Luz do Dia;Bom;Seca;Cruz;Semáforo;Comercial;0;0;2;1;0;0;0;0;0;0;0;0;-38,534969;-3,744515;;;
259293;29;4;2015;06:50;0;RD CE-040;;;;KM-10;Colisão;Luz do Dia;;Seca;Meio de Quadra;;;0;0;2;1;0;0;1;0;0;0;0;0;-38,480068;-3,838671;;;
259294;29;4;2015;11:34;0;RD CE-040;;;;KM-06;Colisão;Via Iluminada;;Seca;Meio de Quadra;;;0;0;2;1;0;0;0;0;0;0;0;0;-38,478781;-3,811270;;;
259295;29;4;2015;11:45;0;RD CE-040;;;;KM-06;Colisão;Luz do Dia;;Seca;Meio de Quadra;;;0;0;2;1;0;0;0;0;0;1;0;0;-38,478781;-3,811270;;;
259296;29;4;2015;13:10;0;RD CE-040;;;;KM-03;Colisão;Luz do Dia;;Seca;Meio de Quadra;;;0;0;2;1;0;0;0;0;0;0;0;0;-38,481014;-3,783185;;;
259297;29;4;2015;15:30;0;RD CE-025;;;;KM-03;Colisão;Luz do Dia;;Seca;Meio de Quadra;;;0;0;2;1;0;0;1;0;0;0;0;0;-38,446791;-3,805236;;;
259298;29;4;2015;22:45;0;AV SEN CARLOS JEREISSATI (AEROPORTO);;;;KM 04;Choque c/ Obstáculo Fixo;Via Iluminada;;Seca;Meio de Quadra;;;0;0;2;1;0;0;0;0;0;0;0;0;-38,514638;-3,779313;;;
260899;29;4;2015;08:25;16971;AV WENEFRIDO MELO;RUA JOSE DUTRA;;;;Colisão;Luz do Dia;;;T;Pare;Residencial;0;0;2;1;0;0;1;0;0;0;0;0;-38,575417;-3,811155;;;
260901;29;4;2015;16:23;0;AV PONTES VIEIRA;;;;;Colisão;Luz do Dia;;;Meio de Quadra;;;0;0;2;0;1;0;0;0;0;0;0;0;;;;;
258343;29;4;2015;20:00;0;RUA CEL MANUEL ANTONIO LEITE;;;259;;Atropelamento;;;;Meio de Quadra;;;0;1;0;0;1;0;0;0;0;0;0;0;;;;;
250869;29;4;2015;15:21;1257;RUA COSTA BARROS;RUA SILVA PAULET;;;;Colisão Transversal;Luz do Dia;Bom;Seca;Cruz;Pare;Misto;0;0;2;1;0;0;0;0;0;0;0;0;-38,504799;-3,732565;;;
250870;29;4;2015;14:20;19659;RUA CRUZ SALDANHA;AV BEZERRA DE MENEZES;;;;Colisão Lateral;Luz do Dia;Bom;Seca;T;Pare;Comercial;0;0;2;0;0;0;0;0;0;0;0;0;-38,554319;-3,733569;;;
250871;29;4;2015;03:42;0;AV ENG HUMBERTO MONTE;;;2677;;Choque c/ Obstáculo Fixo;Via Iluminada;Chuva;Molhada;Meio de Quadra;Não Há Controle;Comercial;0;1;0;1;0;0;0;0;0;0;0;0;-38,568860;-3,739038;;;