COD_ACIDENTE;DIA;MES;ANO;HORA;INTERSECAO;LOG1;LOG2;LOG3;NUMERO;REFERENCIA;NATUREZA;ILUMINACAO;TEMPO;SUPERFICIEPISTA;TIPOCRUZAMENTO;CONTROLETRAFEGO;USOSOLO;MORTOS;FERIDOS;ILESOS;AUTOMOVEL;ONIBUS;BICICLETA;CAMINHAO;MICROONIBUS;CICLOMOTOR;MOTOCICLETA;TRACAOANIMAL;TREM;LONG;LAT;;;
250872;29;4;2015;06:00;5194;RUA MAJ FACUNDO;RUA SAO PAULO;;;;Colisão Transversal;Amanhecer;Bom;Seca;Cruz;Semáforo;Comercial;0;0;2;1;0;0;0;0;0;0;0;0;-38,527355;-3,726091;;;
250873;29;4;2015;07:20;0;RUA PAULO FIRMEZA;;;893;;Colisão Lateral;Luz do Dia;Bom;Seca;Meio de Quadra;Pare;Residencial;0;1;1;1;0;0;0;0;0;1;0;0;-38,511672;-3,757014;;;
250874;29;4;2015;19:54;0;RUA CHICO LEMOS;;;216;;;;;;Meio de Quadra;;;0;0;2;1;0;0;0;0;0;1;0;0;-38,499765;-3,789936;;;
250875;29;4;2015;09:40;5188;RUA TEN BENEVOLO;RUA NOGUEIRA ACIOLI;;;;Colisão Transversal;Luz do Dia;Nublado;Seca;Cruz;Pare;Comercial;0;0;2;1;0;0;0;0;0;0;0;0;-38,515591;-3,725858;;;
250891;29;4;2015;16:50;9075;AV AGUANAMBI;RUA CEL JOSE EUCLIDES;;;;Colisão Transversal;Luz do Dia;Bom;Seca;Cruz;Pare;Comercial;0;0;2;1;1;0;0;0;0;0;0;0;-38,523383;-3,752233;;;
250892;29;4;2015;08:30;0;AV DR SILAS MUNGUBA;;;4997;;Colisão Traseira;Luz do Dia;Nublado;Seca;Meio de Quadra;Outros;Residencial;0;0;2;1;0;0;0;1;0;0;0;0;-38,531647;-3,797068;;;
250893;29;4;2015;;6741;RUA VILEBALDO AGUIAR;RUA ALMEIDA PRADO;;;;Colisão Lateral;;Chuva;Molhada;Cruz;Pare;Residencial;0;0;2;1;0;0;1;0;0;0;0;0;-38,475413;-3,744545;;;
250894;29;4;2015;11:50;9168;AV LUCIANO CARNEIRO;AV BORGES DE MELO;;;;Engavetamento;Luz do Dia;Bom;Molhada;Cruz;Semáforo;Residencial;0;0;3;1;0;0;0;0;0;0;0;0;-38,534097;-3,756465;;;
250895;29;4;2015;14:20;7674;RUA RIO GRANDE DO NORTE;AV JOSE BASTOS;;;;Colisão Transversal;Luz do Dia;Bom;Seca;Cruz;Semáforo;Comercial;0;0;2;1;0;0;0;0;0;0;0;0;-38,564477;-3,760562;;;
250896;29;4;2015;19:00;0;AV AGUANAMBI;;;358;;Colisão Traseira;Via Iluminada;Bom;Seca;Meio de Quadra;Semáforo;Residencial;0;0;2;1;0;0;0;0;0;0;0;0;-38,524995;-3,740220;;;
250877;29;4;2015;14:00;1306;RUA MON BRUNO;RUA TORRES CAMARA;;;;Colisão Lateral;Luz do Dia;Bom;Seca;Cruz;Pare;Comercial;0;0;2;1;0;0;0;0;0;1;0;0;-38,510152;-3,734594;;;
250878;29;4;2015;15:00;6722;AV ENG SANTANA JUNIOR;RUA DR GILBERTO STUDART;;;;Colisão Traseira;Luz do Dia;Bom;Seca;Cruz;Pare;Comercial;0;0;2;1;0;0;0;0;0;0;0;0;-38,486048;-3,741972;;;
250879;29;4;2015;10:00;22149;AV JOSE BASTOS;RUA SAMUEL UCHOA;;;;Colisão Traseira;Luz do Dia;Nublado;Seca;T;Pare;Comercial;0;0;2;1;0;0;0;0;0;0;0;0;-38,550718;-3,750258;;;
250882;29;4;2015;;281;AV JOVITA FEITOSA;RUA PRO RAIMUNDO VITOR;;;;Colisão Lateral;Via Iluminada;Bom;Seca;Cruz;Não Há Controle;Comercial;0;2;1;1;0;0;0;0;0;1;0;0;-38,565085;-3,741618;;;
250883;29;4;2015;10:20;0;AV ALBERTO CRAVEIRO;;;466;;Colisão Traseira;Luz do Dia;Bom;Seca;Meio de Quadra;Não Há Controle;Comercial;0;0;2;1;0;0;1;0;0;0;0;0;-38,516560;-3,782812;;;
250884;29;4;2015;14:28;0;AV SGT HERMINIO SAMPAIO;;;2505;;Colisão Lateral;Luz do Dia;Bom;Seca;Meio de Quadra;Outros;Comercial;0;1;1;0;0;0;0;0;0;1;0;0;-38,563004;-3,726817;;;
250885;29;4;2015;09:10;12849;RUA SALDANHA MARINHO;RUA ASSUNCAO;;;;Colisão Transversal;Luz do Dia;Bom;Seca;Cruz;Pare;Comercial;0;0;2;1;0;0;0;0;0;0;0;0;-38,531231;-3,742314;;;
250886;29;4;2015;10:45;0;AV BEZERRA DE MENEZES;;;1049;;Colisão Traseira;Luz do Dia;Chuva;Molhada;Meio de Quadra;Semáforo;Comercial;0;1;1;0;1;0;0;0;0;1;0;0;-38,554219;-3,733548;;;
250887;29;4;2015;06:50;19833;AV ENG HUMBERTO MONTE;AV JOVITA FEITOSA;;;;Colisão Lateral;Luz do Dia;Bom;Seca;Cruz;Semáforo;Comercial;0;0;2;1;0;0;0;0;0;0;0;0;-38,566544;-3,741963;;;
250888;29;4;2015;19:00;0;RUA DES PRAXEDES;;;;;Colisão Traseira;Via Iluminada;Bom;Seca;Meio de Quadra;Não Há Controle;Misto;0;0;2;1;0;0;0;0;0;0;0;0;;;;;
250889;29;4;2015;07:15;347;RUA PRO COSTA MENDES;RUA FRANCISCA CLOTILDE;;;;Colisão Transversal;Luz do Dia;Bom;Seca;Cruz;Pare;Comercial;0;1;1;0;1;0;0;0;0;0;0;0;-38,556137;-3,746335;;;
262238;29;4;2015;05:06;0;AV GAL OSORIO DE PAIVA;;;;;Queda;Amanhecer;;;Meio de Quadra;;;0;1;0;0;0;0;0;0;0;1;0;0;;;;;
262241;29;4;2015;07:03;0;AV CEL CARVALHO;;;;;Colisão;Luz do Dia;;;Meio de Quadra;;;0;2;0;0;0;0;0;0;0;1;0;0;;;;;
262251;29;4;2015;16:44;0;RUA CHILE;;;;;Colisão;Luz do Dia;;;Meio de Quadra;;;0;1;1;1;0;0;0;0;0;1;0;0;-38,564682;-3,745623;;;
262252;29;4;2015;17:33;0;AV MR HULL;;;;;Colisão;Anoitecer;;;Meio de Quadra;;;0;0;2;1;0;0;0;0;0;1;0;0;;;;;
262253;29;4;2015;17:53;5662;AV JOSE LEON;RUA VICENTE LOPES;;;;Colisão;Anoitecer;;;Cruz;Pare;Comercial;0;1;1;1;0;0;0;0;0;1;0;0;-38,494897;-3,789544;;;
262254;29;4;2015;22:38;0;AV SEN FERNANDES TAVORA;;;;;Atropelamento;;;;Meio de Quadra;;;0;1;1;0;0;0;0;0;0;0;0;0;;;;;
267384;29;4;2015;06:39;0;RUA JOAQUIM ALBANO;;;;;Colisão;Luz do Dia;;;Meio de Quadra;;;0;0;2;0;0;0;0;0;0;0;0;0;;;;;
267386;29;4;2015;10:25;7982;RUA MAJ WEYNE;RUA CARLOS CAMARA;;;;Colisão;Luz do Dia;;;Cruz;Pare;Residencial;0;0;2;0;0;0;0;0;0;0;0;0;-38,544497;-3,748600;;;
267387;29;4;2015;12:30;0;RUA CON DE CASTRO;;;5314;;Atropelamento;Luz do Dia;;;Meio de Quadra;;;0;0;2;0;0;0;0;0;0;0;0;0;-38,596123;-3,809851;;;
267388;29;4;2015;15:25;1562;RUA ROCHA LIMA;RUA NUNES VALENTE;;;;Colisão;Luz do Dia;;;;;;0;0;2;0;0;0;0;0;0;0;0;0;-38,505512;-3,741785;;;
267391;29;4;2015;16:27;15362;RUA PEREIRA VALENTE;RUA CEL LINHARES;;;;Colisão;Luz do Dia;;;Cruz;Pare;Residencial;0;0;2;0;0;0;0;0;0;0;0;0;-38,493183;-3,733517;;;
267392;29;4;2015;16:59;0;RUA METON DE ALENCAR;;;219;;Colisão;Luz do Dia;;;Meio de Quadra;;;0;0;2;0;0;0;0;0;0;0;0;0;;;;;
267394;29;4;2015;17:30;0;AV FRANCISCO SA;;;6459;;Colisão;Anoitecer;;;Meio de Quadra;;;0;0;2;0;0;0;0;0;0;0;0;0;-38,582113;-3,708723;;;
267396;29;4;2015;17:37;0;RUA JOAQUIM NABUCO;;;2626;;Colisão;Anoitecer;;;Meio de Quadra;;;0;0;2;0;0;0;0;0;0;0;0;0;-38,505449;-3,748233;;;
267397;29;4;2015;18:46;21581;RUA DES FROTA D71;RUA MON AGOSTINHO;;;;Colisão;;;;Cruz;Pare;Residencial;0;0;2;0;0;0;0;0;0;0;0;0;-38,589329;-3,794834;;;
267477;29;4;2015;22:52;0;RUA PEDRO CABRAL;;;665;;Choque c/ Obstáculo Fixo;;;;Meio de Quadra;;;0;0;1;0;0;0;0;0;0;0;0;0;-38,593515;-3,824949;;;
267478;29;4;2015;23:11;0;RUA JOAQUIM DOS ANJOS;;;987;;Colisão;;;;Meio de Quadra;;;0;0;2;0;0;0;0;0;0;0;0;0;-38,570218;-3,830578;;;
258867;29;4;2015;17:35;0;RD BR 222;;;;KM-02;Colisão Transversal;Anoitecer;Bom;Seca;Meio de Quadra;Não Há Controle;Comercial;0;3;0;0;0;0;0;0;0;1;0;0;-38,586880;-3,738951;;;
258850;29;4;2015;07:25;0;RD BR 116;;;3000;KM-03;Colisão Traseira;Luz do Dia;Bom;Seca;Meio de Quadra;Não Há Controle;Comercial;0;1;1;0;0;0;0;0;0;1;0;0;-38,514372;-3,779838;;;
258851;30;4;2015;22:00;0;RD BR 116;;;2000;KM-02;Atropelamento;Via Iluminada;Bom;Seca;Meio de Quadra;Não Há Controle;Comercial;0;2;0;0;0;0;0;0;0;1;0;0;-38,516780;-3,771391;;;
258870;30;4;2015;07:30;0;RD BR 222;;;;;Colisão Traseira;Luz do Dia;Bom;Seca;Meio de Quadra;Não Há Controle;Comercial;0;0;2;1;0;0;0;1;0;0;0;0;;;;;
273743;30;4;2015;07:30;19559;RUA CON DE CASTRO;RUA OSVALDO ARANHA;;;;Colisão Transversal;Luz do Dia;Nublado;Molhada;T;Pare;Residencial;0;3;0;0;0;0;0;0;0;1;0;0;-38,571784;-3,783218;;;
267479;30;4;2015;00:42;0;RUA CARLOS AMORA;;;;;Colisão;;;;Meio de Quadra;;;0;0;2;0;0;0;0;0;0;0;0;0;;;;;
267480;30;4;2015;02:47;0;RUA INES BRASIL;;;588;;Colisão;;;;Meio de Quadra;;;0;0;2;0;0;0;0;0;0;0;0;0;-38,519526;-3,804220;;;
267481;30;4;2015;07:33;1416;RUA MARIA TOMASIA;RUA CEL JUCA;;;;Colisão;Luz do Dia;;;Cruz;Pare;Residencial;0;0;2;0;0;0;0;0;0;0;0;0;-38,491207;-3,737434;;;
267482;30;4;2015;07:38;11761;AV PRS CASTELO BRANCO;RUA JACINTO MATOS;;;;Colisão;Luz do Dia;;;T;Semáforo;Residencial;0;0;2;0;0;0;0;0;0;0;0;0;-38,546333;-3,714630;;;
267484;30;4;2015;10:03;0;RUA 25 CJ HAB ST S JOAO;;;;;Colisão;Luz do Dia;;;Meio de Quadra;;;0;0;2;0;0;0;0;0;0;0;0;0;;;;;
267485;30;4;2015;10:25;0;AV FRANCISCO SA;;;2366;;Colisão;Luz do Dia;;;Meio de Quadra;;;0;0;2;0;0;0;0;0;0;0;0;0;-38,546524;-3,720963;;;
267486;30;4;2015;10:25;0;RUA GOV SAMPAIO;;;239;;Colisão;Luz do Dia;;;Meio de Quadra;;;0;0;2;0;0;0;0;0;0;0;0;0;-38,524364;-3,727208;;;
267487;30;4;2015;10:28;15367;RUA CEL JUCA;RUA PEREIRA VALENTE;;;;Colisão;Luz do Dia;;;Cruz;Pare;Misto;0;0;2;0;0;0;0;0;0;0;0;0;-38,490267;-3,734439;;;
267488;30;4;2015;10:56;1378;RUA OSVALDO CRUZ (ALDEOTA);RUA DES LEITE ALBUQUERQUE;;;;Colisão;Luz do Dia;;;Cruz;Pare;Comercial;0;0;2;0;0;0;0;0;0;0;0;0;-38,500640;-3,736598;;;
267489;30;4;2015;11:01;7805;RUA OSVALDO CRUZ (ALDEOTA);RUA FRANCISCO HOLANDA;;;;Colisão;Luz do Dia;;;Cruz;Pare;Comercial;0;0;2;0;0;0;0;0;0;0;0;0;-38,504543;-3,748713;;;
267508;30;4;2015;18:30;23463;RUA PAULO FIRMEZA;RUA FIS VIEIRA;;;;Colisão;Anoitecer;;;Cruz;Pare;Residencial;0;0;2;0;0;0;0;0;0;0;0;0;-38,515176;-3,757341;;;
267509;30;4;2015;20:00;19800;RUA DOM MANUEL DE MEDEIROS;RUA TIP SALES;;;;Colisão;;;;Cruz;Pare;Residencial;0;0;2;0;0;0;0;0;0;0;0;0;-38,564466;-3,739211;;;
267511;30;4;2015;18:50;0;AV MAJ ASSIS;;;2333;;Colisão;;;;Meio de Quadra;;;0;0;2;0;0;0;0;0;0;0;0;0;-38,600756;-3,720508;;;
267512;30;4;2015;19:00;0;RUA ANTENOR ROCHA ALEXANDRE;;;;;Colisão;;;;Meio de Quadra;;;0;0;2;0;0;0;0;0;0;0;0;0;;;;;
267513;30;4;2015;19:20;1490;RUA CEL JUCA;RUA DES LEITE ALBUQUERQUE;;;;Colisão;;;;Cruz;Pare;Misto;0;0;2;0;0;0;0;0;0;0;0;0;-38,491875;-3,739434;;;
267497;30;4;2015;16:17;1226;RUA COSTA BARROS;RUA ISAC MEYER;;;;Colisão;Luz do Dia;;;Cruz;Pare;Comercial;0;0;2;0;0;0;0;0;0;0;0;0;-38,511671;-3,730316;;;
267498;30;4;2015;16:24;0;RUA DUAS NACOES;;;1370;;Colisão;Luz do Dia;;;Meio de Quadra;;;0;0;2;0;0;0;0;0;0;0;0;0;;;;;
267504;30;4;2015;20:53;4088;AV FRANCISCO SA;RUA ALVARO DE ALENCAR;;;;Colisão;;;;Cruz;Pare;Comercial;0;0;2;0;0;0;0;0;0;0;0;0;-38,558237;-3,717106;;;
267505;30;4;2015;17:53;0;RUA BERNARDO MANUEL;;;1171;;Colisão;Anoitecer;;;Meio de Quadra;;;0;0;2;0;0;0;0;0;0;0;0;0;;;;;
267506;30;4;2015;18:26;0;AV CEL CARVALHO;;;2643;;Colisão;Anoitecer;;;Meio de Quadra;;;0;0;2;0;0;0;0;0;0;0;0;0;-38,585708;-3,725789;;;
267515;30;4;2015;19:27;0;AV ALM HENRIQUE SABOIA;;;2179;;Colisão;;;;Meio de Quadra;;;0;0;2;0;0;0;0;0;0;0;0;0;-38,481346;-3,730000;;;
267517;30;4;2015;19:28;5194;RUA MAJ FACUNDO;RUA SAO PAULO;;;;Colisão;;;;Cruz;Semáforo;Comercial;0;0;2;0;0;0;0;0;0;0;0;0;-38,527355;-3,726091;;;
267519;30;4;2015;21:34;0;RUA NEWTON CRAVEIRO;;;107;;Colisão;;;;Meio de Quadra;;;0;0;2;0;0;0;0;0;0;0;0;0;;;;;
267520;30;4;2015;19:36;0;RUA LEBRE;;;180;;Colisão;;;;Meio de Quadra;;;0;0;2;0;0;0;0;0;0;0;0;0;-38,567583;-3,748064;;;
267523;30;4;2015;19:49;0;RUA DR CORREIA LIMA;;;147;;Colisão;;;;Meio de Quadra;;;0;0;2;0;0;0;0;0;0;0;0;0;-38,459664;-3,782683;;;
267525;30;4;2015;20:11;13389;RUA JOAO CORDEIRO;AV ANTONIO SALES;;;;Colisão;;;;Cruz;Semáforo Intermitente;Comercial;0;0;2;0;0;0;0;0;0;0;0;0;-38,518068;-3,740588;;;
267527;30;4;2015;20:20;0;RUA ROSA CORDEIRO;;;;;Colisão;;;;Meio de Quadra;;;0;0;2;0;0;0;0;0;0;0;0;0;;;;;
267529;30;4;2015;20:51;0;RUA DES LEITE ALBUQUERQUE;;;;;Colisão;;;;Meio de Quadra;;;0;0;2;0;0;0;0;0;0;0;0;0;;;;;
267532;30;4;2015;20:56;0;RUA ROBERTO SILVA;;;280;;Colisão;;;;Meio de Quadra;;;0;0;2;0;0;0;0;0;0;0;0;0;-38,473924;-3,772465;;;
267534;30;4;2015;23:17;5709;AV DES GONZAGA;AV OLIVEIRA PAIVA;;;;Colisão;;;;Cruz;Semáforo;Lazer;0;0;2;0;0;0;0;0;0;0;0;0;-38,499953;-3,797165;;;
267537;30;4;2015;21:08;0;RUA DOM HENRIQUE;;;;;Colisão;;;;Meio de Quadra;;;0;0;2;0;0;0;0;0;0;0;0;0;;;;;
267538;30;4;2015;21:20;0;AV JUSCELINO KUBITSCHEK (CANINDEZINHO);;;;;Colisão;;;;Meio de Quadra;;;0;0;2;0;0;0;0;0;0;0;0;0;;;;;
267540;30;4;2015;21:41;17440;RUA ANTONIO FIUZA;RUA PRO TEODORICO;;;;Colisão;;;;Cruz;Pare;Residencial;0;0;2;0;0;0;0;0;0;0;0;0;-38,551898;-3,769303;;;
267543;30;4;2015;21:45;0;AV BEZERRA DE MENEZES;;;711;;Colisão;;;;Meio de Quadra;;;0;0;2;0;0;0;0;0;0;0;0;0;-38,551146;-3,732914;;;
267545;30;4;2015;21:46;20197;AV SAUDADE D68;RUA 102 CJ PASSARE;;;;Colisão;;;;;;;0;0;2;0;0;0;0;0;0;0;0;0;-38,530668;-3,813040;;;
267547;30;4;2015;22:04;0;AV GODOFREDO MACIEL;;;;;Colisão;;;;Meio de Quadra;;;0;0;2;0;0;0;0;0;0;0;0;0;;;;;
267548;30;4;2015;22:32;0;AV ALBERTO CRAVEIRO;;;;;Colisão;;;;Meio de Quadra;;;0;0;2;0;0;0;0;0;0;0;0;0;;;;;
267549;30;4;2015;22:34;0;AV AGUANAMBI;;;;;Colisão;;;;Meio de Quadra;;;0;0;2;0;0;0;0;0;0;0;0;0;;;;;
267551;30;4;2015;22:50;20005;RUA DES OTACILIO PEIXOTO;AV DR SILAS MUNGUBA;;;;Colisão;;;;T;Semáforo;Misto;0;0;2;0;0;0;0;0;0;0;0;0;-38,530329;-3,800419;;;
267552;30;4;2015;22:51;14707;RUA SUICA;RUA BULGARIA;;;;Colisão;;;;;;;0;0;2;0;0;0;0;0;0;0;0;0;-38,579347;-3,793751;;;
267553;30;4;2015;23:15;0;RUA PERNAMBUCO;;;2501;;Colisão;;;;Meio de Quadra;;;0;0;2;0;0;0;0;0;0;0;0;0;-38,576997;-3,752617;;;
267555;30;4;2015;23:15;0;RUA TULIPA;;;;;Colisão;;;;Meio de Quadra;;;0;0;2;0;0;0;0;0;0;0;0;0;;;;;
267492;30;4;2015;11:23;0;AV EDILSON B SOARES;;;999;;Colisão;Luz do Dia;;;Meio de Quadra;;;0;0;2;0;0;0;0;0;0;0;0;0;;;;;
267493;30;4;2015;12:21;0;RUA 20 CJ JOSE WALTER;;;;;Colisão;Luz do Dia;;;Meio de Quadra;;;0;0;2;0;0;0;0;0;0;0;0;0;;;;;
267494;30;4;2015;15:19;0;RUA SOLON PINHEIRO;;;136;;Colisão;Luz do Dia;;;Meio de Quadra;;;0;0;2;0;0;0;0;0;0;0;0;0;-38,526733;-3,731756;;;
267495;30;4;2015;16:05;0;RUA GOV SAMPAIO;;;428;;Colisão;Luz do Dia;;;Meio de Quadra;;;0;0;2;0;0;0;0;0;0;0;0;0;-38,524114;-3,729056;;;
262255;30;4;2015;06:13;0;AV GAL OSORIO DE PAIVA;;;;;Colisão;Luz do Dia;;;Meio de Quadra;;;0;1;1;1;0;0;0;0;0;1;0;0;-38,617383;-3,820525;;;
262267;30;4;2015;06:52;0;RD BR 116;;;;;Colisão;Luz do Dia;;;Meio de Quadra;;;0;1;1;1;0;0;0;0;0;1;0;0;;;;;
262268;30;4;2015;08:21;0;RUA JOSE FACANHA;;;677;;Colisão;Luz do Dia;;;Meio de Quadra;;;0;1;1;1;0;0;0;0;0;1;0;0;-38,557355;-3,752052;;;
262269;30;4;2015;09:52;10181;RUA TRES CORACOES;RUA NEREIDE;;;;Queda;Luz do Dia;;;;;;0;1;0;0;0;0;0;0;0;1;0;0;-38,608906;-3,784322;;;
262271;30;4;2015;11:00;0;AV GAL OSORIO DE PAIVA;;;4467;;Colisão;Luz do Dia;;;Meio de Quadra;;;0;1;1;1;0;0;0;0;0;1;0;0;-38,595208;-3,797648;;;
262272;30;4;2015;11:13;12457;AV AUGUSTO DOS ANJOS;AV SEN FERNANDES TAVORA;;;;Queda;Luz do Dia;;;;;;0;1;0;0;0;0;0;0;0;1;0;0;-38,570427;-3,770153;;;
262273;30;4;2015;11:30;0;AV WASHINGTON SOARES;;;;;Queda;Luz do Dia;;;Meio de Quadra;;;0;1;0;0;0;0;0;0;0;1;0;0;-38,480610;-3,788086;;;
262274;30;4;2015;12:14;0;RUA FRE TEOBALDO;;;;;Colisão;Luz do Dia;;;Meio de Quadra;;;0;1;1;1;0;0;0;0;0;1;0;0;;;;;
262275;30;4;2015;14:18;0;RUA WALDIR DIOGO;;;;;Colisão;Luz do Dia;;;Meio de Quadra;;;0;1;1;0;0;0;0;0;0;0;0;0;-38,579203;-3,807865;;;
262278;30;4;2015;16:01;0;RUA ARTUR DE SOUZA;;;1860;;Colisão;Luz do Dia;;;Meio de Quadra;;;0;1;1;1;0;0;0;0;0;1;0;0;;;;;
262281;30;4;2015;18:07;0;RUA JOAO GENTIL;;;;;Colisão;Anoitecer;;;Meio de Quadra;;;0;1;1;1;0;0;0;0;0;0;0;0;-38,537171;-3,742805;;;
262282;30;4;2015;20:08;0;RUA MON HIPOLITO BRASIL;;;;;Colisão;;;;Meio de Quadra;;;0;1;1;1;0;0;0;0;0;1;0;0;;;;;
262283;30;4;2015;21:13;0;AV PRS JUSCELINO KUBITSCHEK (PASSARÉ);;;;;Colisão;;;;Meio de Quadra;;;0;1;1;0;0;0;0;0;0;0;0;0;-38,537065;-3,823649;;;
262284;30;4;2015;22:26;0;RUA SAMARIA;;;;;Colisão;;;;Meio de Quadra;;;0;1;1;1;0;0;0;0;0;1;0;0;;;;;
262299;30;4;2015;22:49;0;AV JOSE BASTOS;;;;;Colisão;;;;Meio de Quadra;;;0;1;1;1;0;0;0;0;0;1;0;0;;;;;
250862;30;4;2015;15:50;11339;AV GODOFREDO MACIEL;AV BENJAMIM BRASIL;;;;Colisão Lateral;Luz do Dia;Bom;Seca;Cruz;Semáforo Intermitente;Comercial;0;0;2;1;0;0;0;0;0;0;0;0;-38,572040;-3,803264;;;
250863;30;4;2015;14:00;0;RUA MAD ELISA BALDO;;;768;;Colisão Lateral;Luz do Dia;Bom;Seca;Meio de Quadra;Não Há Controle;Residencial;0;0;2;1;0;0;0;0;0;0;0;0;-38,547023;-3,784809;;;
250864;30;4;2015;13:30;0;RUA CEL NUNES DE MELO;;;;;Colisão Lateral;Luz do Dia;Bom;Seca;Meio de Quadra;Não Há Controle;Residencial;0;0;2;1;0;0;0;0;0;0;0;0;;;;;
250865;30;4;2015;09:10;8930;AV DOMINGOS OLIMPIO;RUA JUSTINIANO DE SERPA;;;;Colisão Lateral;Luz do Dia;Nublado;Seca;Outros;Semáforo;Residencial;0;0;2;1;0;0;1;0;0;0;0;0;-38,542468;-3,733011;;;
250866;30;4;2015;15:49;23380;RUA CAP TIBURCIO DA FROTA;RUA NUNES VALENTE;;;;Colisão Transversal;Luz do Dia;Bom;Seca;Cruz;Pare;Misto;0;1;1;1;0;0;0;0;0;1;0;0;-38,509109;-3,754506;;;
250867;30;4;2015;19:30;18108;AV DIOGUINHO;AV SANTOS DUMONT;;;;Colisão Transversal;Via Iluminada;Bom;Seca;Cruz;Semáforo;Comercial;0;1;1;0;0;0;0;0;1;0;0;0;-38,450425;-3,747029;;;
259690;30;4;2015;23:14;0;AV JOSE BASTOS;;;3132;;Colisão;;;;Meio de Quadra;;;0;1;1;0;1;0;0;0;0;1;0;0;-38,547836;-3,747381;;;
258344;30;4;2015;00:00;5356;RUA GAL SAMPAIO;AV DUQ CAXIAS;;;;Colisão;;;;Cruz;Semáforo;Misto;0;1;1;1;0;0;0;0;0;0;0;0;-38,532029;-3,731096;;;
258345;30;4;2015;;6164;RUA MIN ALBUQUERQUE LIMA;AV A CJ CEARA;;;;Colisão Lateral;;;;Cruz;Semáforo;Comercial;0;1;0;1;0;0;0;0;0;0;0;0;-38,604700;-3,770669;;;
258347;30;4;2015;20:00;5112;RUA BAR RIO BRANCO;RUA CASTRO E SILVA;;;;Colisão;;;;Cruz;Semáforo;Comercial;0;1;0;0;1;1;0;0;0;0;0;0;-38,527429;-3,723847;;;
260911;30;4;2015;16:23;8001;RUA MACHADO DE ASSIS;RUA ALEXANDRE BARAUNA;;;;Colisão;Luz do Dia;;;Cruz;Não Há Controle;Misto;0;0;2;1;1;0;0;0;0;0;0;0;-38,549095;-3,750339;;;
260916;30;4;2015;16:46;0;RUA VICENTE LINHARES;;;196;;Colisão;Luz do Dia;;;Meio de Quadra;;;0;0;2;1;0;0;0;0;0;1;0;0;-38,502299;-3,741478;;;
260921;30;4;2015;20:15;0;RUA 8 DE SETEMBRO;;;;;Colisão;;;;;;;0;0;2;1;0;0;0;0;0;0;0;0;;;;;
260926;30;4;2015;20:30;0;RUA 40 CJ JOSE WALTER;;;;;Outros;;;;Meio de Quadra;;;0;0;1;0;0;0;1;0;0;0;0;0;;;;;
259299;30;4;2015;13:00;0;RD CE-040;;;;KM-06;Queda;Luz do Dia;;Seca;Meio de Quadra;;;0;0;1;0;0;0;0;0;0;1;0;0;-38,478781;-3,811270;;;
259300;30;4;2015;18:30;0;RD CE-040;;;;KM-10;Colisão;Via Iluminada;;Seca;Meio de Quadra;;;0;0;2;1;0;0;1;0;0;0;0;0;-38,480068;-3,838671;;;
250840;30;4;2015;08:40;9098;RUA MIN JOAQUIM BASTOS D14;RUA CAMPO AMOR ROCHA;;;;Colisão Transversal;Luz do Dia;Bom;Seca;Cruz;Pare;Rural;0;0;2;1;0;0;0;0;0;0;0;0;-38,526294;-3,755419;;;
250837;30;4;2015;17:15;0;AV JOR THOMAZ COELHO;;;;;Colisão Lateral;Via Iluminada;Bom;Seca;Meio de Quadra;Semáforo;Comercial;0;0;2;1;0;0;1;0;0;0;0;0;;;;;
250835;30;4;2015;07:38;8995;AV BEZERRA DE MENEZES;RUA ESC PEDRO FRANCISCO DE ASSIS;;;;Colisão Lateral;Luz do Dia;Bom;Seca;T;Pare;Comercial;0;1;1;0;0;0;0;0;0;1;0;0;-38,549068;-3,732481;;;
250832;30;4;2015;13:00;9281;RUA JUVENAL DE CARVALHO;AV AGUANAMBI;;;;Choque c/ Obstáculo Fixo;Luz do Dia;Bom;Seca;Outros;Pare;Comercial;0;1;1;0;1;0;0;1;0;0;0;0;;;;;
250833;30;4;2015;08:20;7752;AV CARNEIRO DE MENDONCA;AV JOAO PESSOA;;;;Colisão Lateral;Luz do Dia;Bom;Seca;Cruz;Semáforo;Residencial;0;0;2;1;1;0;0;0;0;0;0;0;-38,559808;-3,767222;;;
250824;30;4;2015;15:30;7770;RUA JOSE VILAR;RUA TOMAS ACIOLI;;;;Colisão Lateral;Luz do Dia;Bom;Seca;Cruz;Pare;Misto;0;1;1;0;0;0;0;0;0;1;0;0;-38,507807;-3,745503;;;
250825;30;4;2015;09:15;5109;RUA DR JOAO MOREIRA;AV ALBERTO NEPOMUCENO;;;;Colisão Lateral;Luz do Dia;Bom;Seca;T;Semáforo;Comercial;0;0;2;1;0;0;0;0;0;0;0;0;-38,524608;-3,723737;;;
250826;30;4;2015;15:30;3768;AV DOMINGOS OLIMPIO;AV TRISTAO GONCALVES;;;;Colisão Traseira;Luz do Dia;Bom;Seca;Cruz;Semáforo;Comercial;0;0;2;1;0;0;0;0;0;0;0;0;-38,535613;-3,735133;;;
250827;30;4;2015;18:00;0;AV BEZERRA DE MENEZES;;;749;;Colisão Traseira;Anoitecer;Bom;Seca;Outros;Semáforo Intermitente;Comercial;0;1;2;1;1;0;0;0;0;1;0;0;-38,551581;-3,733005;;;
250830;30;4;2015;21:00;0;AV SGT HERMINIO SAMPAIO;;;;;Colisão Traseira;Anoitecer;Bom;Seca;Outros;Não Há Controle;Comercial;0;0;2;1;0;0;0;0;0;0;0;0;;;;;