COD_ACIDENTE;DIA;MES;ANO;HORA;INTERSECAO;LOG1;LOG2;LOG3;NUMERO;REFERENCIA;NATUREZA;ILUMINACAO;TEMPO;SUPERFICIEPISTA;TIPOCRUZAMENTO;CONTROLETRAFEGO;USOSOLO;MORTOS;FERIDOS;ILESOS;AUTOMOVEL;ONIBUS;BICICLETA;CAMINHAO;MICROONIBUS;CICLOMOTOR;MOTOCICLETA;TRACAOANIMAL;TREM;LONG;LAT;;;
250844;30;4;2015;16:30;5366;AV DUQ CAXIAS;RUA SEN POMPEU;;;;Colisão Lateral;Luz do Dia;Bom;Seca;Cruz;Semáforo;Comercial;0;1;1;0;0;0;0;1;0;1;0;0;-38,530994;-3,731430;;;
250845;30;4;2015;10:20;3846;RUA PDE FRANCISCO PINTO;RUA JOAO GENTIL;;;;Colisão Transversal;Luz do Dia;Nublado;Seca;Cruz;Pare;Residencial;0;0;2;1;0;0;0;0;0;0;0;0;-38,538792;-3,744607;;;
250842;30;4;2015;11:20;0;AV PRS CASTELO BRANCO;;;2949;;Colisão Traseira;Luz do Dia;Bom;Seca;Meio de Quadra;Semáforo;Misto;0;0;2;1;0;0;0;1;0;0;0;0;-38,555000;-3,711956;;;
250848;30;4;2015;12:30;15788;RUA PDE PEDRO DE ALENCAR;RUA PERGENTINO MAIA;;;;Colisão Transversal;Luz do Dia;Bom;Seca;Cruz;Pare;Comercial;0;0;2;1;0;0;0;0;0;0;0;0;-38,493889;-3,830714;;;
250849;30;4;2015;19:50;0;AV DEP PAULINO ROCHA;;;;;Colisão Transversal;Via Iluminada;Bom;Seca;Meio de Quadra;Não Há Controle;Comercial;0;0;2;1;0;0;0;0;0;0;0;0;;;;;
250850;30;4;2015;14:51;0;RUA PDE PEDRO DE ALENCAR;;;;;Colisão Lateral;Luz do Dia;Bom;Seca;Meio de Quadra;Semáforo;Comercial;0;1;1;0;0;0;0;0;0;1;0;0;;;;;
250852;30;4;2015;10:45;0;AV FRE CIRILO;;;4000;CENTER BOX;Colisão Lateral;Luz do Dia;Bom;Seca;Meio de Quadra;Não Há Controle;Comercial;0;1;1;0;0;0;0;0;0;1;0;0;-38,496644;-3,819105;;;
250853;30;4;2015;08:30;9896;RUA OSCAR FRANCA;RUA SGT JOAO PINHEIRO;;;;Colisão Lateral;Luz do Dia;Bom;Seca;Cruz;Pare;Misto;0;0;2;1;1;0;0;0;0;0;0;0;-38,623274;-3,784538;;;
250854;30;4;2015;;9148;RUA DOM SEBASTIAO LEME;RUA GUILHERME MOREIRA;;;;Colisão Transversal;Via Iluminada;Bom;Seca;Cruz;Pare;Residencial;0;1;1;1;0;0;0;0;0;1;0;0;-38,525590;-3,750073;;;
250855;30;4;2015;;9072;AV VIS RIO BRANCO;AV PONTES VIEIRA;;;;Colisão Lateral;Via Iluminada;Bom;Seca;Cruz;Semáforo;Comercial;0;0;2;1;0;0;1;0;0;0;0;0;-38,520486;-3,753544;;;
250856;30;4;2015;12:50;0;AV SANTOS DUMONT;;;3465;;Outros;Luz do Dia;Bom;Seca;Meio de Quadra;Não Há Controle;Comercial;0;0;2;1;0;0;0;0;0;0;0;0;-38,493550;-3,737783;;;
250857;30;4;2015;21:00;0;RUA NUBIA BARROCAS;;;;;Colisão Transversal;Anoitecer;Bom;Seca;Meio de Quadra;Pare;Comercial;0;0;2;1;0;0;0;0;0;0;0;0;;;;;
250859;30;4;2015;19:20;15409;RUA HOMEM DE MELO;RUA FARIAS LEMOS;;;;Outros;Via Iluminada;Bom;Seca;Cruz;Não Há Controle;Residencial;0;0;3;1;0;0;0;0;0;0;0;0;-38,493445;-3,815172;;;
250860;30;4;2015;16:50;13592;AV PONTES VIEIRA;RUA PRO CARVALHO;;;;Engavetamento;Luz do Dia;Bom;Seca;Cruz;Semáforo;Comercial;0;0;4;1;0;0;0;0;0;0;0;0;-38,514949;-3,752890;;;
250861;30;4;2015;19:39;23433;RUA MON SALAZAR;RUA PRO CARVALHO;;;;Colisão Transversal;Via Iluminada;Bom;Seca;Cruz;Pare;Residencial;0;1;1;1;0;0;0;0;0;0;0;0;-38,514308;-3,756146;;;
250820;30;4;2015;10:30;17298;RUA ALBERTO MAGNO;RUA ALFREDO DE CASTRO;;;;Colisão Traseira;Luz do Dia;Bom;Seca;Cruz;Pare;Comercial;0;2;1;1;0;0;0;0;0;1;0;0;-38,548952;-3,763729;;;
250821;30;4;2015;08:30;12954;AV PRS COSTA E SILVA;AV DOS EXPEDICIONARIOS;;;;Colisão Lateral;;Bom;Seca;Cruz;Semáforo;Comercial;0;0;2;1;0;0;1;0;0;0;0;0;-38,558276;-3,821079;;;
250822;30;4;2015;07:40;0;AV JOAO DE ARAUJO LIMA;;;891;;Colisão Lateral;Luz do Dia;Bom;Seca;Meio de Quadra;Não Há Controle;Comercial;0;0;2;1;0;0;1;0;0;0;0;0;-38,559857;-3,829630;;;
250818;30;4;2015;17:00;1276;RUA PDE LUIS FIGUEIRA;RUA CARLOS VASCONCELOS;;;;Colisão Frontal;Via Iluminada;Bom;Seca;T;Pare;Misto;0;0;2;1;0;0;0;0;0;0;0;0;-38,510962;-3,733509;;;
260983;1;5;2015;13:31;25226;AV GAL OSORIO DE PAIVA;RUA JARDIM FLUMINENSE;;;;Colisão;Luz do Dia;;;T;Pare;Residencial;0;0;2;1;0;0;1;0;0;0;0;0;-38,605395;-3,808170;;;
260994;1;5;2015;23:02;0;RUA DEMETRIO MENEZES;;;;;Colisão;;;;Meio de Quadra;;;0;0;2;1;1;0;0;0;0;0;0;0;;;;;
267187;1;5;2015;10:01;0;AV CONTORNO NORTE D71;;;;;Colisão;Luz do Dia;;;Meio de Quadra;;;0;0;2;0;0;0;0;0;0;0;0;0;;;;;
267189;1;5;2015;14:18;0;RUA CEL FABRICIANO;;;;;Colisão;Luz do Dia;;;Meio de Quadra;;;0;0;2;0;0;0;0;0;0;0;0;0;;;;;
267193;1;5;2015;23:55;0;AV EDILSON B SOARES;;;790;;Colisão;;;;Meio de Quadra;;;0;0;2;0;0;0;0;0;0;0;0;0;-38,479547;-3,789371;;;
270541;1;5;2015;10:22;7982;RUA MAJ WEYNE;RUA CARLOS CAMARA;;;;Colisão;Luz do Dia;;;Cruz;Pare;Residencial;0;0;2;0;0;0;0;0;0;0;0;0;-38,544497;-3,748600;;;
270547;1;5;2015;10:32;5249;RUA COSTA BARROS;RUA RODRIGUES JUNIOR;;;;Colisão;Luz do Dia;;;;;;0;0;2;0;0;0;0;0;0;0;0;0;-38,519688;-3,727742;;;
270549;1;5;2015;11:14;0;RUA CAP PORFIRIO;;;111;;Colisão;Luz do Dia;;;Meio de Quadra;;;0;0;2;0;0;0;0;0;0;0;0;0;;;;;
270552;1;5;2015;20:32;0;AV CEL CARVALHO;;;;;Colisão;;;;Meio de Quadra;;;0;0;2;0;0;0;0;0;0;0;0;0;;;;;
270554;1;5;2015;23:56;0;RUA OSCAR ARARIPE;;;1536;;Colisão;;;;Meio de Quadra;;;0;0;2;0;0;0;0;0;0;0;0;0;-38,604990;-3,789384;;;
270559;1;5;2015;02:16;0;AV PRS COSTA E SILVA;;;1801;;Choque c/ Obstáculo Fixo;;;;Meio de Quadra;;;0;0;1;0;0;0;0;0;0;0;0;0;-38,565441;-3,817568;;;
270562;1;5;2015;01:08;0;RUA LIBERATO BARROSO;;;1012;;Choque c/ Obstáculo Fixo;;;;Meio de Quadra;;;0;0;1;0;0;0;0;0;0;0;0;0;-38,536262;-3,725878;;;
270565;1;5;2015;08:53;0;RUA OSCAR ROMERO;;;;;Choque c/ Obstáculo Fixo;Luz do Dia;;;Meio de Quadra;;;0;0;1;0;0;0;0;0;0;0;0;0;;;;;
270569;1;5;2015;18:00;0;RUA LORENA;;;98;;Choque c/ Obstáculo Fixo;Anoitecer;;;Meio de Quadra;;;0;0;1;0;0;0;0;0;0;0;0;0;-38,558488;-3,759658;;;
270578;1;5;2015;19:15;9872;RUA DALAS;RUA BARRA VERMELHA;;;;Atropelamento;;;;;;;0;0;2;0;0;0;0;0;0;0;0;0;-38,617089;-3,794595;;;
259744;1;5;2015;05:00;0;AV GOV RAUL BARBOSA;;;7429;;Colisão Lateral;Amanhecer;;;Meio de Quadra;;;0;1;0;1;0;0;1;0;0;0;0;0;-38,513174;-3,776460;;;
259745;1;5;2015;12:15;0;RUA MENOR JERONIMO;;;3028;;Choque c/ Obstáculo Fixo;Luz do Dia;;;Meio de Quadra;;;0;1;0;1;0;0;0;0;0;0;0;0;;;;;
250968;1;5;2015;23:10;5054;RUA ALM JACEGUAI;RUA DRAGAO DO MAR;;;;Colisão Lateral;Via Iluminada;Bom;Seca;Cruz;Pare;Comercial;0;1;1;1;0;0;0;0;0;1;0;0;-38,519333;-3,721835;;;
250969;1;5;2015;21:30;10897;AV LINEU MACHADO;RUA MOZART FIRMEZA;;;;Colisão Transversal;Via Iluminada;Bom;Seca;Cruz;Não Há Controle;Misto;0;2;0;0;0;0;0;0;0;1;0;0;-38,577784;-3,767588;;;
250970;1;5;2015;12:47;15374;AV DOM LUIS;RUA FREDERICO BORGES;;;;Colisão Lateral;Luz do Dia;Bom;Seca;Cruz;Semáforo;Comercial;0;0;2;1;1;0;0;0;0;0;0;0;-38,489136;-3,735890;;;
250973;1;5;2015;15:00;18024;AV ZEZE DIOGO;RUA RENATO BRAGA;;;;Colisão Lateral;Luz do Dia;Bom;Seca;Cruz;Semáforo;Comercial;0;0;2;1;0;0;0;0;0;0;0;0;-38,457388;-3,731905;;;
250975;1;5;2015;20:15;5743;RUA MANUEL MONTEIRO;RUA VIRGILIO PAES;;;;Colisão Lateral;Via Iluminada;Bom;Seca;Cruz;Pare;Residencial;0;2;0;1;0;0;0;0;0;0;0;0;-38,494302;-3,796546;;;
250977;1;5;2015;18:20;5433;RUA METON DE ALENCAR;RUA MAJ FACUNDO;;;;Colisão Lateral;Anoitecer;Bom;Seca;Cruz;Pare;Comercial;0;0;2;1;0;0;0;0;0;0;0;0;-38,529899;-3,733917;;;
250979;1;5;2015;22:40;1257;RUA COSTA BARROS;RUA SILVA PAULET;;;;Colisão Lateral;Via Iluminada;Bom;Seca;Cruz;Outros;Comercial;0;0;2;1;0;0;0;0;0;0;0;0;-38,504799;-3,732565;;;
250980;1;5;2015;21:30;0;AV DEP PAULINO ROCHA;;;2370;;Colisão Transversal;Via Iluminada;Bom;Seca;Meio de Quadra;Não Há Controle;Comercial;0;2;1;1;0;0;0;0;0;1;0;0;-38,519059;-3,810190;;;
250981;1;5;2015;13:50;23698;RUA MON AGOSTINHO;RUA PLACIDO DE CASTRO;;;;Colisão Transversal;Luz do Dia;Bom;Seca;Cruz;Não Há Controle;Residencial;0;1;1;0;1;0;0;0;0;1;0;0;-38,585695;-3,790354;;;
250999;1;5;2015;08:10;0;AV CARNEIRO DE MENDONCA;;;1502;;Colisão Frontal;Luz do Dia;Bom;Seca;Meio de Quadra;;Comercial;0;1;2;1;0;0;0;0;0;0;0;0;-38,572076;-3,761255;;;
251000;1;5;2015;20:00;2356;RUA SEN ROBERT KENNEDY;RUA ESTEVAO DE CAMPOS;;;;Colisão Transversal;Via Iluminada;Bom;Seca;Cruz;Pare;Residencial;0;0;2;1;0;0;0;0;0;0;0;0;-38,579516;-3,705131;;;
251001;1;5;2015;12:00;5627;AV ROGACIANO LEITE;AV JOSE LEON;;;;Colisão Lateral;Luz do Dia;Bom;Seca;Cruz;Semáforo;Comercial;0;0;2;1;0;0;0;0;0;0;0;0;-38,503527;-3,787355;;;
251003;1;5;2015;14:20;3302;AV GAL OSORIO DE PAIVA;RUA LUIS VIEIRA;;;;Colisão Transversal;Luz do Dia;Bom;Seca;Cruz;Semáforo;Comercial;0;1;1;1;0;0;0;0;0;1;0;0;-38,588616;-3,790879;;;
251004;1;5;2015;20:50;5283;AV DOM MANUEL;AV SANTOS DUMONT;;;;Atropelamento;Via Iluminada;Bom;Seca;Cruz;Semáforo;Comercial;0;2;0;0;0;0;0;0;1;0;0;0;-38,521250;-3,728774;;;
251005;1;5;2015;18:15;0;AV 13 DE MAIO;;;441;;Colisão Traseira;Via Iluminada;Bom;Seca;Meio de Quadra;Semáforo;Comercial;0;0;2;1;0;0;0;0;0;0;0;0;-38,525376;-3,752697;;;
250994;1;5;2015;22:00;5036;RUA PESSOA ANTA;RUA BORIS;;;;Colisão Lateral;Via Iluminada;Bom;Seca;Cruz;Pare;Comercial;0;1;2;1;0;0;0;0;1;0;0;0;-38,521017;-3,720976;;;
250995;1;5;2015;07:50;10842;RUA PRO HERIBALDO COSTA;RUA CUIABA;;;;Colisão Lateral;Luz do Dia;Bom;Seca;Cruz;Pare;Residencial;0;1;1;0;0;0;0;0;0;1;0;0;-38,586471;-3,764961;;;
250997;1;5;2015;08:20;0;AV O CJ JOSE WALTER;;;;;Colisão Lateral;Luz do Dia;Bom;Seca;Meio de Quadra;Não Há Controle;Residencial;0;0;2;1;0;0;1;0;0;0;0;0;;;;;
250986;1;5;2015;18:00;15768;RUA CEL FRANCISCO PEREIRA (MESSEJANA);RUA PE CARLOS DE ALENCAR;;;;Colisão Lateral;Via Iluminada;Bom;Seca;Cruz;Não Há Controle;Misto;0;0;2;1;1;0;0;0;0;0;0;0;-38,492670;-3,829908;;;
250987;1;5;2015;07:10;183;RUA DEMETRIO MENEZES;AV SGT HERMINIO SAMPAIO;;;;Colisão Traseira;Luz do Dia;Bom;Seca;Cruz;Semáforo;Comercial;0;0;2;0;1;0;0;0;0;1;0;0;-38,584591;-3,731488;;;
250988;1;5;2015;;0;RUA BERNARDO MANUEL;;;8792;;Atropelamento;Anoitecer;Bom;Seca;Meio de Quadra;Semáforo;Comercial;0;1;1;0;0;0;0;0;0;0;0;0;-38,550764;-3,796556;;;
250990;1;5;2015;09:50;7914;AV ANTONIO SALES;RUA LEONARDO MOTA;;;;Colisão Transversal;Luz do Dia;Bom;Seca;Cruz;Semáforo;Misto;0;1;1;1;0;0;0;0;1;0;0;0;-38,499442;-3,746358;;;
250991;1;5;2015;10:30;15571;AV FRE CIRILO;RUA LEONCIO TABOSA;;;;Colisão Traseira;Luz do Dia;Bom;Seca;Cruz;Semáforo;Misto;0;0;2;1;0;0;0;0;0;0;0;0;-38,495262;-3,822257;;;
250992;1;5;2015;06:30;7869;RUA BARBOSA DE FREITAS;RUA FRANCISCO HOLANDA;;;;Colisão Transversal;Luz do Dia;Bom;Seca;Cruz;Pare;Residencial;0;0;2;1;0;0;0;0;0;0;0;0;-38,501555;-3,749671;;;
250983;1;5;2015;07:40;0;AV GOV RAUL BARBOSA;;;5648;;Capotamento;Luz do Dia;Nublado;Seca;Meio de Quadra;Outros;Misto;0;1;0;1;0;0;0;0;0;0;0;0;-38,510759;-3,770505;;;
250984;1;5;2015;23:15;0;RUA EDUARDO PERDIGAO;;;;;Colisão Transversal;Via Iluminada;Bom;Seca;Meio de Quadra;Outros;Comercial;0;0;2;1;0;0;0;0;0;0;0;0;;;;;
261688;1;5;2015;21:47;0;AV DEP PAULINO ROCHA;;;;;;;;;Meio de Quadra;;;0;1;1;1;0;0;0;0;0;1;0;0;-38,519132;-3,810179;;;
261689;1;5;2015;23:10;0;AV MIN JOSE AMERICO;;;;;Atropelamento;;;;Meio de Quadra;;;0;1;1;1;0;0;0;0;0;0;0;0;-38,495385;-3,811045;;;
261690;1;5;2015;23:53;59;RUA TOMAS RODRIGUES;RUA CEL JOAQUIM FRANKLIN;;;;Colisão;;;;Cruz;Não Há Controle;Residencial;0;1;0;1;0;0;0;0;0;0;0;0;-38,593540;-3,743315;;;
261682;1;5;2015;20:22;0;RUA BERNARDO MANUEL;;;;;Atropelamento;;;;Meio de Quadra;;;0;1;1;1;0;0;0;0;0;0;0;0;;;;;
261683;1;5;2015;21:26;0;AV JOSE BASTOS;;;;;;;;;Meio de Quadra;;;0;1;1;1;0;1;0;0;0;0;0;0;;;;;
261680;1;5;2015;19:48;0;AV PRS CASTELO BRANCO;;;;;Atropelamento;;;;Meio de Quadra;;;0;1;1;1;0;0;0;0;0;0;0;0;;;;;
261672;1;5;2015;16:37;5445;AV HERACLITO GRACA;RUA DNA LEOPOLDINA;;;;Colisão;Luz do Dia;;;Cruz;Semáforo;Comercial;0;1;1;1;0;0;0;0;0;1;0;0;-38,520779;-3,734708;;;
261673;1;5;2015;17:05;0;RUA NELSON COELHO;;;;;Colisão;Anoitecer;;;Meio de Quadra;;;0;1;0;0;0;0;0;0;0;0;0;0;-38,461701;-3,832255;;;
261674;1;5;2015;17:45;0;RUA OSCAR ARARIPE;;;;;Colisão;Anoitecer;;;Meio de Quadra;;;0;1;0;0;0;0;0;0;0;0;0;0;-38,614401;-3,786334;;;
261675;1;5;2015;18:32;0;RUA ANTONIO POMPEU;;;;;Colisão;;;;Meio de Quadra;;;0;1;1;1;0;0;0;0;0;1;0;0;-38,536620;-3,732903;;;
261676;1;5;2015;18:53;0;AV WASHINGTON SOARES;;;;;Atropelamento;;;;Meio de Quadra;;;0;1;1;1;0;0;0;0;0;0;0;0;;;;;
261677;1;5;2015;19:08;0;RUA BERNARDO MANUEL;;;;;Colisão;;;;Meio de Quadra;;;0;0;2;1;0;0;0;0;0;1;0;0;;;;;
261665;1;5;2015;06:41;13945;AV MAE LISBOA;AV RECREIO D64;;;;Colisão;Luz do Dia;;;T;Não Há Controle;;0;1;1;0;0;0;0;0;0;1;0;0;-38,449550;-3,805565;;;
261666;1;5;2015;07:40;0;AV CARNEIRO DE MENDONCA;;;;;Atropelamento de Animal;Luz do Dia;;;Meio de Quadra;;;0;1;0;0;0;0;0;0;0;1;0;0;;;;;
261667;1;5;2015;08:41;0;RUA DEMETRIO MENEZES;;;;;Colisão;Luz do Dia;;;Meio de Quadra;;;0;1;0;0;0;0;0;0;0;0;0;0;-38,584296;-3,734039;;;
261668;1;5;2015;16:09;419;RUA PRO VIRGILIO DE MORAIS;RUA GRACO CARDOSO;;;;Queda;Luz do Dia;;;Cruz;Pare;Residencial;0;1;0;0;0;0;0;0;0;1;0;0;-38,596765;-3,751830;;;
261669;1;5;2015;16:10;15337;RUA PEREIRA FILGUEIRAS;RUA JOSE VILAR;;;;Colisão;Luz do Dia;;;Cruz;Semáforo;Misto;0;1;1;1;0;0;0;0;0;0;0;0;-38,503284;-3,731461;;;
261670;1;5;2015;16:22;0;AV WASHINGTON SOARES;;;;;Atropelamento;Luz do Dia;;;Meio de Quadra;;;0;1;1;0;0;0;0;0;0;1;0;0;;;;;
261662;1;5;2015;00:00;11170;RUA SUECIA;RUA BOGOTA;;;;Capotamento;;;;T;Não Há Controle;Residencial;0;1;0;1;0;0;0;0;0;0;0;0;-38,558552;-3,783238;;;
261663;1;5;2015;01:30;0;RUA CEL VIRGILIO NOGUEIRA (BOM JARDIM);;;;;Queda;;;;Meio de Quadra;;;0;1;0;0;0;0;0;0;0;1;0;0;;;;;
259123;1;5;2015;06:40;0;RD CE-025;;;;KM-03;Colisão;Luz do Dia;Chuva;Molhada;Meio de Quadra;;;0;1;1;0;1;0;0;0;0;1;0;0;-38,446791;-3,805236;;;
259133;1;5;2015;18:45;0;RD CE-040;;;;KM-10;Atropelamento;;Bom;Seca;Meio de Quadra;;;0;1;1;1;0;0;0;0;0;0;0;0;-38,480068;-3,838671;;;
259131;1;5;2015;07:10;0;RD CE-040;;;;KM-05;Capotamento;Luz do Dia;Bom;Seca;Meio de Quadra;;;0;2;0;1;0;0;0;0;0;0;0;0;-38,480349;-3,790876;;;
259141;2;5;2015;21:50;0;RD CE-060;;;;KM-02;Colisão Transversal;;Bom;Seca;Meio de Quadra;;;0;0;2;1;0;0;0;0;0;1;0;0;-38,580009;-3,828028;;;
259136;2;5;2015;07:15;0;RD CE-040;;;;KM-06;Engavetamento;Luz do Dia;Bom;Seca;Meio de Quadra;;;0;0;3;1;0;0;0;0;0;1;0;0;-38,478781;-3,811270;;;
259137;2;5;2015;08:20;0;AV SEN CARLOS JEREISSATI (AEROPORTO);;;;KM 02;Colisão;Luz do Dia;Bom;Seca;Meio de Quadra;;;0;0;2;1;0;0;0;0;0;0;0;0;-38,529156;-3,783932;;;
259138;2;5;2015;08:30;0;AV WASHINGTON SOARES;;;240;;Atropelamento;Luz do Dia;Bom;Seca;Meio de Quadra;;;0;1;2;0;0;0;0;0;0;1;0;0;-38,489350;-3,757478;;;
258874;2;5;2015;18:30;0;RD BR 116;;;4000;KM-04;Atropelamento;Anoitecer;Bom;Seca;Meio de Quadra;Não Há Controle;Comercial;1;0;1;1;0;0;0;0;0;0;0;0;-38,510646;-3,788331;;;
261691;2;5;2015;03:32;0;RUA MONTE LIBANO;;;;;Queda;;;;Meio de Quadra;;;0;1;0;0;0;0;0;0;0;1;0;0;;;;;
261701;2;5;2015;15:45;25133;AV JOSE BASTOS;RUA CANDIDO JUCA;;;;Queda;Luz do Dia;;;T;Pare;Comercial;0;1;0;0;0;0;0;0;0;1;0;0;-38,544419;-3,743894;;;
261702;2;5;2015;15:49;0;RUA ALAGOAS;;;;;Atropelamento;Luz do Dia;;;Meio de Quadra;;;0;1;1;0;0;0;0;0;0;1;0;0;-38,567476;-3,761704;;;
261703;2;5;2015;16:53;0;AV FRANCISCO SA;;;;;Colisão;Luz do Dia;;;Meio de Quadra;;;0;1;1;1;0;0;0;0;0;1;0;0;-38,564730;-3,714916;;;
261693;2;5;2015;05:16;0;AV MAE LISBOA;;;;;Colisão;Amanhecer;;;Meio de Quadra;;;0;1;0;0;0;0;0;0;0;0;0;0;;;;;
261694;2;5;2015;06:54;0;RUA CON DE CASTRO;;;;;Colisão;Luz do Dia;;;Meio de Quadra;;;0;1;1;0;0;0;1;0;0;1;0;0;-38,589354;-3,802062;;;
261695;2;5;2015;08:45;0;AV ALBERTO CRAVEIRO;;;;;Colisão;Luz do Dia;;;Meio de Quadra;;;0;1;1;1;0;0;0;0;0;1;0;0;-38,520248;-3,801569;;;
261696;2;5;2015;12:43;0;AV BORGES DE MELO;;;;;Colisão;Luz do Dia;;;Meio de Quadra;;;0;1;1;1;0;0;0;0;0;1;0;0;;;;;
261697;2;5;2015;13:30;5039;RUA PESSOA ANTA;AV ALBERTO NEPOMUCENO;;;;Colisão;Luz do Dia;;;;;;0;1;1;1;0;0;0;0;0;1;0;0;-38,523212;-3,721257;;;
261698;2;5;2015;13:37;0;AV GOV RAUL BARBOSA;;;;;Colisão;Luz do Dia;;;Meio de Quadra;;;0;1;0;1;0;0;0;0;0;0;0;0;-38,508993;-3,766348;;;
261699;2;5;2015;14:29;0;AV GOV RAUL BARBOSA;;;;;Colisão;Luz do Dia;;;Meio de Quadra;;;0;1;0;1;0;0;0;0;0;0;0;0;-38,508993;-3,766367;;;
261708;2;5;2015;20:05;0;RUA PRO VIRGILIO DE MORAIS;;;;;Atropelamento;;;;Meio de Quadra;;;0;1;1;0;0;0;0;0;0;1;0;0;;;;;
261709;2;5;2015;21:29;0;AV BEZERRA DE MENEZES;;;;;Colisão;;;;Meio de Quadra;;;0;1;1;1;0;0;0;0;0;1;0;0;;;;;
261706;2;5;2015;18:53;0;AV JOR THOMAZ COELHO;;;1342;;Atropelamento;;;;Meio de Quadra;;;1;1;0;0;0;0;0;0;0;1;0;0;-38,507408;-3,830338;;;
261715;2;5;2015;23:41;0;AV A CJ POLAR;;;;;Colisão;;;;Meio de Quadra;;;0;1;0;0;0;0;0;0;0;0;0;0;;;;;
261713;2;5;2015;21:52;18552;RUA OSORIO CORREIA;RUA CEREJEIRAS;;;;Colisão;;;;Cruz;Não Há Controle;Residencial;0;2;0;1;1;0;0;0;0;0;0;0;-38,599378;-3,821969;;;
259746;2;5;2015;15:00;9700;RUA OSCAR ARARIPE;RUA BARRA VERMELHA;;;;Colisão;Luz do Dia;;;Cruz;Pare;Residencial;0;2;0;0;0;0;0;0;0;1;0;0;-38,614369;-3,786343;;;
270583;2;5;2015;10:34;5185;RUA LIBERATO BARROSO;RUA TEREZA CRISTINA;;;;Colisão;Luz do Dia;;;Cruz;Pare;Comercial;0;0;2;0;0;0;0;0;0;0;0;0;-38,536404;-3,725833;;;
270588;2;5;2015;14:46;5340;AV DUQ CAXIAS;RUA VINTE E QUATRO DE MAIO;;;;Colisão;Luz do Dia;;;Cruz;Semáforo;Comercial;0;0;2;0;0;0;0;0;0;0;0;0;-38,533230;-3,730708;;;
270591;2;5;2015;19:54;0;RUA NOGUEIRA ACIOLI;;;1851;;Atropelamento;;;;Meio de Quadra;;;0;0;2;0;0;0;0;0;0;0;0;0;-38,520240;-3,739761;;;
270593;2;5;2015;21:05;0;AV GODOFREDO MACIEL;;;;;Colisão;;;;Meio de Quadra;;;0;0;2;0;0;0;0;0;0;0;0;0;;;;;
270596;2;5;2015;21:27;0;AV GAL OSORIO DE PAIVA;;;6770;;Colisão;;;;Meio de Quadra;;;0;0;2;0;0;0;0;0;0;0;0;0;-38,610073;-3,813008;;;
267194;2;5;2015;11:11;7223;RUA IRINEU DE SOUZA;RUA ALVES LIMA;;;;Colisão;Luz do Dia;;;Cruz;Pare;Residencial;0;0;2;0;0;0;0;0;0;0;0;0;-38,569298;-3,710391;;;
267196;2;5;2015;15:42;0;RUA JULIO PINTO D04;;;2321;;Colisão;Luz do Dia;;;Meio de Quadra;;;0;0;2;0;0;0;0;0;0;0;0;0;-38,545180;-3,726317;;;
261032;2;5;2015;23:51;0;AV ENG HUMBERTO MONTE;;;;;Colisão;;;;Meio de Quadra;;;0;0;2;1;0;0;0;0;0;0;0;0;;;;;
261013;2;5;2015;13:49;0;RUA MON CATAO;;;;;Colisão;Luz do Dia;;;Meio de Quadra;;;0;0;2;1;0;0;0;0;0;0;0;0;;;;;
252064;2;5;2015;11:40;11069;RUA SUECIA;RUA EQUADOR;;;;Colisão Lateral;Luz do Dia;Bom;Seca;T;Pare;Residencial;0;2;1;1;0;0;0;0;0;1;0;0;-38,557111;-3,784449;;;
251034;2;5;2015;02:00;0;AV ENG HUMBERTO MONTE;;;2677;;Choque c/ Obstáculo Fixo;Via Iluminada;Bom;Seca;Meio de Quadra;Não Há Controle;Comercial;0;0;1;1;0;0;0;0;0;0;0;0;-38,568860;-3,739038;;;
251027;2;5;2015;15:00;15104;AV HIS RAIMUNDO GIRAO;RUA ILDEFONSO ALBANO;;;;Colisão Traseira;Luz do Dia;Bom;Seca;Cruz;Semáforo;Residencial;0;1;1;1;1;0;0;0;0;0;0;0;-38,509542;-3,721603;;;
251015;2;5;2015;13:00;5359;RUA METON DE ALENCAR;RUA TEREZA CRISTINA;;;;Colisão Lateral;Luz do Dia;Bom;Seca;;Semáforo;Comercial;0;1;2;1;0;0;0;0;0;1;0;0;-38,538031;-3,731262;;;
251016;2;5;2015;14:00;0;AV ALBERTO NEPOMUCENO;;;;;Colisão Transversal;Luz do Dia;Bom;Seca;Outros;Outros;Comercial;0;0;2;1;0;0;0;0;0;1;0;0;;;;;
251017;2;5;2015;13:15;0;RUA PESSOA ANTA;;;14;;Colisão Traseira;Luz do Dia;Chuva;Molhada;Meio de Quadra;Não Há Controle;Comercial;0;1;1;1;0;0;0;0;0;1;0;0;-38,523130;-3,721247;;;
251019;2;5;2015;02:00;0;RUA TOMAS RODRIGUES;RUA CEL JOAQUIM FRANKLIN;;;;;Via Iluminada;Nublado;Seca;Meio de Quadra;Pare;Comercial;0;1;1;1;0;0;0;0;0;0;0;0;;;;;
251039;2;5;2015;11:00;12032;AV CASTELO DE CASTRO;AV BULEVAR I;;;;Colisão Traseira;Luz do Dia;Bom;Seca;Cruz;Pare;Comercial;0;0;2;1;0;0;0;0;0;0;0;0;-38,521582;-3,833689;;;
251052;2;5;2015;02:00;0;AV LINEU MACHADO;;;1176;;Colisão Lateral;Luz do Dia;Bom;Seca;Meio de Quadra;Semáforo;Residencial;0;0;2;1;0;0;0;0;0;0;0;0;-38,579144;-3,770139;;;