COD_ACIDENTE;DIA;MES;ANO;HORA;INTERSECAO;LOG1;LOG2;LOG3;NUMERO;REFERENCIA;NATUREZA;ILUMINACAO;TEMPO;SUPERFICIEPISTA;TIPOCRUZAMENTO;CONTROLETRAFEGO;USOSOLO;MORTOS;FERIDOS;ILESOS;AUTOMOVEL;ONIBUS;BICICLETA;CAMINHAO;MICROONIBUS;CICLOMOTOR;MOTOCICLETA;TRACAOANIMAL;TREM;LONG;LAT;;;
251059;2;5;2015;05:45;4021;AV PRO GOMES DE MATOS;RUA DES PRAXEDES;;;;Colisão Transversal;Luz do Dia;Bom;Seca;Cruz;Semáforo;Comercial;0;2;0;1;0;0;0;0;0;0;0;0;-38,546229;-3,761872;;;
251064;2;5;2015;16:20;1270;RUA JOAO CORDEIRO;RUA PINTO MADEIRA;;;;Colisão Transversal;Luz do Dia;Bom;Seca;Cruz;;Residencial;0;0;2;1;0;0;0;0;0;0;0;0;-38,515428;-3,732960;;;
251069;2;5;2015;10:00;7519;RUA PEDRO DANTAS;RUA TORRES DE MELO;;;;Queda;Luz do Dia;Bom;Seca;Cruz;Pare;Residencial;0;1;0;0;0;0;0;0;0;1;0;0;-38,520909;-3,786094;;;
251093;2;5;2015;18:00;0;AV FRANCISCO SA;;;3930;;Colisão Transversal;Via Iluminada;Bom;Seca;Meio de Quadra;Pare;Comercial;0;0;2;1;1;0;0;0;0;0;0;0;-38,560125;-3,716470;;;
251094;2;5;2015;20:00;5436;RUA GAL CLARINDO DE QUEIROZ;RUA JAIME BENEVOLO;;;;Colisão Transversal;Via Iluminada;Bom;Seca;Cruz;Pare;Comercial;0;2;1;1;0;0;0;0;0;0;0;0;-38,526017;-3,734060;;;
251095;2;5;2015;09:10;0;RUA ILDEFONSO ALBANO;;;14001;;Colisão Frontal;Luz do Dia;Bom;Seca;Meio de Quadra;Não Há Controle;Residencial;0;0;2;1;0;0;0;0;0;0;0;0;;;;;
251049;2;5;2015;14:30;0;AV GOV RAUL BARBOSA;;;5354;;Engavetamento;Luz do Dia;Bom;Seca;Meio de Quadra;Não Há Controle;Comercial;0;1;3;1;0;0;0;0;0;0;0;0;-38,508993;-3,766404;;;
251102;2;5;2015;09:30;6728;RUA DR GILBERTO STUDART;RUA JOSE C DA SILVEIRA;;;;Colisão Lateral;Luz do Dia;Bom;Seca;Cruz;Pare;Residencial;0;0;2;1;0;0;0;0;0;0;0;0;-38,483315;-3,742857;;;
251107;2;5;2015;17:30;239;AV JOVITA FEITOSA;RUA CRUZ SALDANHA;;;;Colisão Transversal;Anoitecer;Bom;Seca;Cruz;Não Há Controle;Residencial;1;0;1;0;0;1;0;0;0;1;0;0;-38,553174;-3,739205;;;
251113;2;5;2015;16:00;13478;RUA ILDEFONSO ALBANO;RUA PINHO PESSOA;;;;Colisão Transversal;Luz do Dia;Bom;Seca;Cruz;Pare;Residencial;0;0;2;1;0;0;0;0;0;0;0;0;-38,517011;-3,744667;;;
251114;2;5;2015;13:10;26236;RUA BERNARDO MANUEL;AV DR SILAS MUNGUBA;;;;Colisão;Luz do Dia;Bom;Seca;;;;0;1;1;1;0;0;0;0;0;0;0;0;-38,547960;-3,787538;;;
251111;2;5;2015;21:35;25662;AV PRS COSTA E SILVA;RUA MUCAMBINHO (MESSEJANA);;;;Colisão;Via Iluminada;Bom;Seca;T;Semáforo;Comercial;0;1;1;0;1;0;0;0;1;0;0;0;-38,507235;-3,830379;;;
251126;2;5;2015;15:00;0;RUA BAR SOBRAL;;;596;;Colisão Transversal;Luz do Dia;Bom;Seca;Meio de Quadra;Pare;Residencial;0;1;1;1;0;0;0;0;0;1;0;0;-38,554353;-3,766919;;;
251133;2;5;2015;09:20;0;AV ABOLICAO;;;2311;;Colisão Lateral;Luz do Dia;Bom;Seca;Meio de Quadra;Não Há Controle;Comercial;0;0;2;0;1;0;0;0;0;0;0;0;-38,498514;-3,726348;;;
251142;2;5;2015;08:10;0;AV ABOLICAO;;;2311;;Choque c/ Obstáculo Fixo;Luz do Dia;Bom;Seca;Meio de Quadra;Não Há Controle;Comercial;0;0;1;1;0;0;0;0;0;0;0;0;-38,498514;-3,726348;;;
251152;2;5;2015;07:40;0;AV PRS CASTELO BRANCO;;;384;PEFOCE;Colisão Traseira;Luz do Dia;Bom;Seca;Meio de Quadra;Não Há Controle;Residencial;0;0;2;1;0;0;0;0;0;1;0;0;;;;;
251158;2;5;2015;23:45;16057;AV PRS COSTA E SILVA;AV WENEFRIDO MELO;;;;Colisão Frontal;Via Iluminada;Bom;Seca;;Não Há Controle;Residencial;0;1;1;1;0;0;0;0;0;1;0;0;-38,574739;-3,811743;;;
261078;3;5;2015;01:12;0;RUA ANA BILHAR;;;;;Colisão;;;;Meio de Quadra;;;0;0;2;1;0;0;0;0;0;0;0;0;;;;;
261081;3;5;2015;18:54;0;AV 13 DE MAIO;;;;;Colisão;;;;Meio de Quadra;;;0;0;2;1;1;0;0;0;0;0;0;0;;;;;
251940;3;5;2015;09:30;0;AV DUQ CAXIAS;RUA BAR RIO BRANCO;;550;;Colisão Traseira;;Bom;;Meio de Quadra;;;0;1;1;0;0;0;0;0;0;1;0;0;-38,529363;-3,731955;;;
251014;3;5;2015;09:30;5098;RUA CASTRO E SILVA;RUA SEN POMPEU;;;;Colisão Lateral;Luz do Dia;Bom;Seca;Cruz;Semáforo;Comercial;0;1;1;1;0;0;0;0;0;1;0;0;-38,528597;-3,723468;;;
251020;3;5;2015;07:20;0;AV JOSE BASTOS;;;5579;;Colisão Traseira;Luz do Dia;Bom;Seca;Meio de Quadra;Semáforo;Residencial;0;1;1;1;0;0;0;0;0;1;0;0;-38,564431;-3,760494;;;
251021;3;5;2015;10:10;0;AV ROGACIANO LEITE;;;2450;;Choque c/ Obstáculo Fixo;Luz do Dia;Bom;Seca;Meio de Quadra;Pare;Residencial;0;1;0;1;0;0;0;0;0;0;0;0;-38,500662;-3,777076;;;
251023;3;5;2015;16:30;1601;RUA PDE VALDEVINO;RUA VIS MAUA;;;;Colisão Lateral;Luz do Dia;Nublado;Seca;Cruz;Pare;Comercial;0;0;2;1;0;0;0;0;0;0;0;0;-38,501876;-3,743773;;;
251024;3;5;2015;14:00;0;RUA PRO COSTA MENDES;;;2050;;Colisão Transversal;Luz do Dia;Bom;Seca;Meio de Quadra;Não Há Controle;Comercial;0;0;2;1;1;0;0;0;0;0;0;0;-38,555801;-3,746638;;;
251025;3;5;2015;12:30;25237;RUA PRISCO BEZERRA;RUA EMIDIO LOBO;;;;Colisão Lateral;Luz do Dia;Bom;Seca;Cruz;Não Há Controle;Residencial;0;2;0;1;0;0;0;0;0;1;0;0;-38,470085;-3,738255;;;
251026;3;5;2015;23:11;1406;AV DES MOREIRA;RUA DES LEITE ALBUQUERQUE;;;;Colisão Transversal;Via Iluminada;Bom;Seca;Cruz;Semáforo;Comercial;0;0;2;1;1;0;0;0;0;0;0;0;-38,498678;-3,737220;;;
251018;3;5;2015;14:40;13537;AV SORIANO ALBUQUERQUE;RUA ILDEFONSO ALBANO;;;;Colisão Lateral;Luz do Dia;Bom;Seca;Cruz;Semáforo;Comercial;0;0;2;1;0;0;0;0;0;0;0;0;-38,518063;-3,748124;;;
262767;3;5;2015;04:00;1709;RUA CAP ARAGAO;RUA CAP OLAVO;;;;Colisão;;;;Cruz;Pare;Comercial;0;1;0;0;0;0;0;0;0;1;0;0;-38,515937;-3,765348;;;
267199;3;5;2015;03:15;1701;RUA CAP ARAGAO;RUA CAP VASCONCELOS D46;;;;Colisão;;;;Cruz;Semáforo;Residencial;0;0;2;0;0;0;0;0;0;0;0;0;-38,517041;-3,765538;;;
267200;3;5;2015;06:34;12068;AV CASTELO DE CASTRO;AV MON AMARILIO RODRIGUES;;;;Colisão;Luz do Dia;;;Cruz;Semáforo;Misto;0;0;2;0;0;0;0;0;0;0;0;0;-38,521635;-3,835217;;;
267202;3;5;2015;06:36;0;RUA AUDISIO PINHEIRO;;;;;Colisão;Luz do Dia;;;Meio de Quadra;;;0;0;2;0;0;0;0;0;0;0;0;0;;;;;
267204;3;5;2015;09:25;25672;RUA LINS DO REGO;AV AUGUSTO DOS ANJOS;;;;Colisão;Luz do Dia;;;T;;Comercial;0;0;2;0;0;0;0;0;0;0;0;0;-38,579816;-3,780923;;;
267205;3;5;2015;12:15;0;AV ENG LEAL LIMA VERDE (SAPIRANGA/COITE);;;540;;Colisão;Luz do Dia;;;Meio de Quadra;;;0;0;2;0;0;0;0;0;0;0;0;0;;;;;
267207;3;5;2015;18:50;5374;AV DUQ CAXIAS;RUA BAR RIO BRANCO;;;;Colisão;;;;Cruz;Não Há Controle;Comercial;0;0;2;0;0;0;0;0;0;0;0;0;-38,529947;-3,731774;;;
267208;3;5;2015;19:15;16709;RUA JOAQUIM CORREIA;RUA PLANALTINA (PL AYRTON SENNA);;;;Colisão;;;;;;;0;0;2;0;0;0;0;0;0;0;0;0;-38,568885;-3,835665;;;
270602;3;5;2015;10:07;0;RUA DEMETRIO MENEZES;;;3616;;Colisão;Luz do Dia;;;Meio de Quadra;;;0;0;2;0;0;0;0;0;0;0;0;0;-38,584173;-3,735041;;;
270608;3;5;2015;10:32;18743;RUA VALPARAISO;RUA CATOLE;;;;Colisão;Luz do Dia;;;Cruz;Pare;Residencial;0;0;2;0;0;0;0;0;0;0;0;0;-38,520171;-3,846407;;;
270609;3;5;2015;17:09;12699;AV CEL CARVALHO;AV MAJ ASSIS;;;;Colisão;Anoitecer;;;Cruz;Semáforo;Residencial;0;0;2;0;0;0;0;0;0;0;0;0;-38,586255;-3,723796;;;
270610;3;5;2015;18:44;0;RUA CEL OLEGARIO MEMORIA;;;1663;;Colisão;;;;Meio de Quadra;;;0;0;2;0;0;0;0;0;0;0;0;0;;;;;
270605;3;5;2015;10:18;0;AV SANTOS DUMONT;;;6050;;Colisão;Luz do Dia;;;Meio de Quadra;;;0;0;2;0;0;0;0;0;0;0;0;0;-38,478024;-3,742784;;;
270606;3;5;2015;10:20;183;AV CEL CARVALHO;RUA DEMETRIO MENEZES;;;;Colisão;Luz do Dia;;;;;;0;0;2;0;0;0;0;0;0;0;0;0;-38,584591;-3,731488;;;
270612;3;5;2015;20:40;0;AV DR SILAS MUNGUBA;;;;;Colisão;;;;Meio de Quadra;;;0;0;2;0;0;0;0;0;0;0;0;0;;;;;
270614;3;5;2015;06:42;0;AV ROGACIANO LEITE;;;;;Choque c/ Obstáculo Fixo;Luz do Dia;;;Meio de Quadra;;;0;0;1;0;0;0;0;0;0;0;0;0;;;;;
270617;3;5;2015;07:45;0;AV ROGACIANO LEITE;;;8841;;Choque c/ Obstáculo Fixo;Luz do Dia;;;Meio de Quadra;;;0;0;1;0;0;0;0;0;0;0;0;0;;;;;
270618;3;5;2015;18:47;0;AV ALBERTO CRAVEIRO;;;;;Atropelamento;;;;Meio de Quadra;;;0;0;2;0;0;0;0;0;0;0;0;0;;;;;
270620;3;5;2015;19:27;0;RUA TEN BOTELHO;;;177;;Queda;;;;Meio de Quadra;;;0;0;1;0;0;0;0;0;0;1;0;0;-38,559392;-3,814633;;;
251008;3;5;2015;16:30;0;RUA RAIMUNDO GOMES;;;560;;Colisão Lateral Sentido Oposto;Via Iluminada;Chuva;Seca;Meio de Quadra;Outros;Residencial;0;0;2;1;0;0;0;0;0;0;0;0;-38,593394;-3,713360;;;
251009;3;5;2015;13:30;0;AV DOS EXPEDICIONARIOS;;;9959;;Colisão Traseira;Luz do Dia;Bom;Seca;Meio de Quadra;Pare;Comercial;0;1;1;0;1;0;0;0;0;1;0;0;-38,552939;-3,803809;;;
251010;3;5;2015;16:10;6801;RUA ANDRADE FURTADO;RUA PRO OTAVIO LOBO;;;;Colisão Lateral;Luz do Dia;Bom;Seca;Cruz;Semáforo;Comercial;0;0;2;1;1;0;0;0;0;0;0;0;-38,479651;-3,745750;;;
251011;3;5;2015;18:10;0;AV CARNEIRO DE MENDONCA;;;1502;;Colisão Traseira;Anoitecer;Nublado;Seca;Meio de Quadra;Semáforo;Comercial;0;0;3;1;0;0;0;0;0;0;0;0;-38,572076;-3,761255;;;
251012;3;5;2015;20:00;0;AV GAL OSORIO DE PAIVA;;;6801;;Atropelamento;Mal Iluminada;Nublado;Seca;Meio de Quadra;Não Há Controle;Comercial;1;1;0;0;0;0;0;0;0;1;0;0;-38,610156;-3,813093;;;
267322;3;5;2015;20:02;0;RUA MARIA JULIA ROCHA;;;;;Colisão;;;;Meio de Quadra;;;0;0;2;0;0;0;0;0;0;0;0;0;;;;;
267323;3;5;2015;20:16;0;RUA JOSE TORRES;;;2819;;Colisão;;;;Meio de Quadra;;;0;0;2;0;0;0;0;0;0;0;0;0;;;;;
267324;3;5;2015;20:48;19588;RUA TCHECOSLOVAQUIA;RUA DES BALTAR;;;;Colisão;;;;;;;0;0;2;0;0;0;0;0;0;0;0;0;-38,570228;-3,785225;;;
267325;3;5;2015;21:20;2219;RUA SEN ROBERT KENNEDY;RUA CHICO XAVIER;;;;Colisão;;;;Cruz;Não Há Controle;Residencial;0;0;2;0;0;0;0;0;0;0;0;0;-38,578081;-3,702091;;;
267327;3;5;2015;21:55;0;RUA BOM JESUS (GRANJA LISBOA);;;2524;;Colisão;;;;Meio de Quadra;;;0;0;2;0;0;0;0;0;0;0;0;0;;;;;
261750;3;5;2015;19:02;7733;AV JOAO PESSOA;RUA BAR SOBRAL;;;;Colisão;;;;Outros;Semáforo;Comercial;0;1;0;1;0;0;0;0;0;0;0;0;-38,558693;-3,764518;;;
261748;3;5;2015;15:56;0;RUA MOCA BONITA;;;;;Colisão;Luz do Dia;;;Meio de Quadra;;;0;1;1;1;0;0;0;0;0;1;0;0;;;;;
261760;3;5;2015;19:57;0;RUA VINTE E UM DE ABRIL;;;328;;Colisão;;;;Meio de Quadra;;;1;1;0;0;0;0;0;0;0;1;0;0;;;;;
261761;3;5;2015;20:54;0;AV MR HULL;;;;;Queda;;;;Meio de Quadra;;;0;1;0;0;0;0;0;0;0;1;0;0;-38,576659;-3,737599;;;
261762;3;5;2015;22:39;0;RD BR 116;;;15000;KM-15;Colisão;;;;Meio de Quadra;;;0;1;1;0;0;0;0;0;0;1;0;0;-38,501113;-3,882329;;;
261757;3;5;2015;19:13;0;RUA EMILIO DE MENESES;;;;;Colisão;;;;Meio de Quadra;;;0;1;1;1;0;0;0;0;0;1;0;0;-38,583831;-3,782763;;;
261736;3;5;2015;06:41;7393;RUA PRO EDGAR DE ARRUDA;RUA AUDISIO PINHEIRO;;;;Colisão;Luz do Dia;;;Cruz;Pare;Residencial;0;1;1;1;0;0;0;0;0;1;0;0;-38,587846;-3,756603;;;
261737;3;5;2015;05:48;0;AV JOSE BASTOS;;;;;Colisão;Amanhecer;;;Meio de Quadra;;;0;1;1;1;0;0;0;0;0;1;0;0;;;;;
261738;3;5;2015;06:48;5098;RUA SEN POMPEU;RUA CASTRO E SILVA;;;;Colisão;Luz do Dia;;;Cruz;Semáforo;Comercial;0;1;1;1;0;0;0;0;0;1;0;0;-38,528597;-3,723468;;;
261739;3;5;2015;08:00;0;AV MR HULL;;;;;Colisão;Luz do Dia;;;Meio de Quadra;;;0;1;1;1;0;0;0;0;0;1;0;0;-38,576450;-3,737573;;;
261740;3;5;2015;08:45;0;RUA ABEL RIBEIRO;;;;;Queda;Luz do Dia;;;Meio de Quadra;;;0;1;0;0;0;0;0;0;0;1;0;0;-38,577511;-3,780998;;;
261741;3;5;2015;08:50;0;AV WASHINGTON SOARES;;;;;Colisão;Luz do Dia;;;Meio de Quadra;;;0;1;1;1;0;0;0;0;0;1;0;0;;;;;
261742;3;5;2015;11:00;0;RUA BERNARDO MANUEL;;;;;Colisão;Luz do Dia;;;Meio de Quadra;;;0;1;0;0;0;0;0;0;0;0;0;0;;;;;
261743;3;5;2015;11:53;0;AV RAD JOSE LIMA VERDE;;;;;Colisão;Luz do Dia;;;Meio de Quadra;;;0;1;1;1;0;0;0;0;0;1;0;0;-38,586407;-3,696343;;;
261744;3;5;2015;13:16;0;RUA FLORENCIO ALENCAR;;;643;;Atropelamento;Luz do Dia;;;Meio de Quadra;;;0;1;0;1;0;0;0;0;0;0;0;0;;;;;
261746;3;5;2015;15:33;0;AV CARNEIRO DE MENDONCA;;;;;Queda;Luz do Dia;;;Meio de Quadra;;;0;0;1;0;0;1;0;0;0;0;0;0;;;;;
261727;3;5;2015;00:01;0;AV GODOFREDO MACIEL;;;;;Queda;;;;Meio de Quadra;;;0;1;0;0;0;0;0;0;0;1;0;0;-38,565234;-3,781261;;;
261728;3;5;2015;00:31;5438;RUA ASSUNCAO;RUA METON DE ALENCAR;;;;Colisão;;;;Cruz;Pare;Comercial;0;1;1;1;0;0;0;0;0;1;0;0;-38,528594;-3,734332;;;
261729;3;5;2015;01:04;0;AV ENG HUMBERTO MONTE;;;;;Colisão;;;;Meio de Quadra;;;0;1;1;1;0;0;0;0;0;1;0;0;-38,559937;-3,749847;;;
261730;3;5;2015;02:23;0;RUA SEN POMPEU;AV 13 DE MAIO;;;;Colisão;;;;;Não Há Controle;Residencial;1;1;0;1;0;0;0;0;0;1;0;0;;;;;
261731;3;5;2015;03:45;0;RUA CARIUS;;;;;Queda;;;;Meio de Quadra;;;0;1;0;0;0;0;0;0;0;1;0;0;;;;;
258875;3;5;2015;12:30;0;RD BR 116;;;2000;KM-02;Colisão Lateral;Luz do Dia;Bom;Seca;Meio de Quadra;Não Há Controle;Comercial;0;1;2;0;0;0;0;0;0;1;0;0;-38,516780;-3,771391;;;
258881;3;5;2015;23:00;0;RD BR 116;;;15000;KM-15;Colisão Traseira;Via Iluminada;Bom;Seca;Meio de Quadra;Não Há Controle;Comercial;0;10;0;0;0;0;0;0;0;1;0;0;-38,501113;-3,882329;;;
259143;3;5;2015;02:30;0;RD CE-065;;;;;Choque c/ Obstáculo Fixo;;Bom;Seca;Meio de Quadra;;;0;1;0;1;0;0;0;0;0;0;0;0;;;;;
259144;3;5;2015;08:30;0;RD CE-040;;;;KM-09;Colisão;Luz do Dia;Bom;Seca;Meio de Quadra;;;1;0;2;0;0;0;0;0;0;1;0;0;-38,481431;-3,824774;;;
258958;4;5;2015;10:40;0;RD BR 222;;;;KM-02;Colisão Traseira;Luz do Dia;Bom;Seca;Meio de Quadra;Não Há Controle;Comercial;0;0;2;1;0;0;1;0;0;0;0;0;-38,586880;-3,738951;;;
261763;4;5;2015;05:04;9155;AV LUCIANO CARNEIRO;AV EDUARDO GIRAO;;;;;Amanhecer;;;Cruz;Semáforo;Comercial;0;1;0;0;0;0;0;0;0;0;0;0;-38,532811;-3,752275;;;
261766;4;5;2015;06:13;0;AV GODOFREDO MACIEL;;;;;Colisão;Luz do Dia;;;Meio de Quadra;;;0;1;0;0;0;0;0;0;0;0;0;0;-38,579687;-3,827055;;;
261767;4;5;2015;06:57;0;AV WASHINGTON SOARES;;;;;Atropelamento;Luz do Dia;;;Meio de Quadra;;;0;1;1;1;0;0;0;0;0;0;0;0;;;;;
261768;4;5;2015;07:20;0;AV MR HULL;;;;;Atropelamento;Luz do Dia;;;Meio de Quadra;;;0;1;1;1;0;0;0;0;0;0;0;0;-38,595421;-3,740224;;;
261777;4;5;2015;12:06;0;RUA DR JOSE LOURENCO;;;;;;Luz do Dia;;;Meio de Quadra;;;0;1;1;1;0;1;0;0;0;0;0;0;;;;;
261809;4;5;2015;17:13;0;RUA TUPI D35;;;1829;;Colisão;Anoitecer;;;Meio de Quadra;;;0;0;2;1;0;0;0;0;0;1;0;0;-38,585519;-3,772848;;;
261770;4;5;2015;10:51;0;AV JOR THOMAZ COELHO;;;;;Queda;Luz do Dia;;;Meio de Quadra;;;0;1;0;0;0;0;0;0;0;1;0;0;;;;;
261779;4;5;2015;12:06;24996;AV JOSE BASTOS;RUA PERNAMBUCO;;;;Colisão;Luz do Dia;;;;Não Há Controle;Comercial;0;1;1;1;0;0;0;0;0;1;0;0;-38,565419;-3,762017;;;
261812;4;5;2015;17:12;7642;RUA ESTADO DO RIO;RUA RIO GRANDE DO NORTE;;;;Colisão;Anoitecer;;;Cruz;Pare;Comercial;0;1;1;1;0;0;0;0;0;1;0;0;-38,569969;-3,757063;;;
267328;4;5;2015;10:18;0;RUA ALVES BATISTA;;;;;Colisão;Luz do Dia;;;Meio de Quadra;;;0;0;2;0;0;0;0;0;0;0;0;0;;;;;
270628;4;5;2015;03:37;0;AV J CJ CEARA;;;673;;Colisão;;;;Meio de Quadra;;;0;0;2;0;0;0;0;0;0;0;0;0;-38,614202;-3,763051;;;
270629;4;5;2015;08:43;0;RUA JORGE FIGUEIREDO (ANCURI);;;3211;;Colisão;Luz do Dia;;;Meio de Quadra;;;0;0;2;0;0;0;0;0;0;0;0;0;;;;;
270634;4;5;2015;11:05;0;AV JOAO PESSOA;;;6427;;Colisão;Luz do Dia;;;Meio de Quadra;;;0;0;2;0;0;0;0;0;0;0;0;0;-38,559500;-3,766498;;;
270636;4;5;2015;11:48;0;AV CARNEIRO DE MENDONCA;;;1520;;Colisão;Luz do Dia;;;Meio de Quadra;;;0;0;2;0;0;0;0;0;0;0;0;0;-38,572256;-3,761164;;;
270638;4;5;2015;14:18;0;AV SEN FERNANDES TAVORA;;;2426;;Colisão;Luz do Dia;;;Meio de Quadra;;;0;0;2;0;0;0;0;0;0;0;0;0;-38,593815;-3,755988;;;
270639;4;5;2015;15:08;21540;RUA FRANCISCO ALMEIDA;RUA TULIPA NEGRA;;;;Colisão;Luz do Dia;;;Cruz;Não Há Controle;Residencial;0;0;2;0;0;0;0;0;0;0;0;0;-38,594074;-3,821930;;;
270645;4;5;2015;15:54;0;RUA JOSE EUCLIDES F GOMES;;;;;Choque c/ Obstáculo Fixo;Luz do Dia;;;Meio de Quadra;;;0;0;1;0;0;0;0;0;0;0;0;0;;;;;
270647;4;5;2015;16:54;0;RUA CEL VIRGILIO NOGUEIRA (BOM JARDIM);;;607;;Colisão;Luz do Dia;;;Meio de Quadra;;;0;0;2;0;0;0;0;0;0;0;0;0;-38,608689;-3,788638;;;
251028;4;5;2015;23:20;0;AV AGUANAMBI;;;282;;Colisão Traseira;Via Iluminada;Bom;Seca;Meio de Quadra;Outros;Comercial;0;0;2;1;0;0;0;0;0;0;0;0;-38,524772;-3,739335;;;
251029;4;5;2015;07:40;5437;RUA METON DE ALENCAR;RUA FLORIANO PEIXOTO;;;;Colisão Transversal;Luz do Dia;Bom;Seca;Cruz;Pare;Comercial;0;1;1;1;0;0;0;0;0;1;0;0;-38,529358;-3,734071;;;
251030;4;5;2015;15:50;1234;AV SANTOS DUMONT;RUA ANTONIO AUGUSTO;;;;Colisão Lateral;;Bom;Seca;Cruz;Pare;Comercial;0;0;2;1;0;0;0;0;0;0;0;0;-38,513733;-3,731222;;;
251031;4;5;2015;14:20;0;AV BEZERRA DE MENEZES;;;1820;;Colisão Traseira;Luz do Dia;Bom;Seca;Meio de Quadra;;Comercial;0;1;2;1;0;0;0;0;0;1;0;0;-38,560902;-3,734929;;;
251032;4;5;2015;01:30;3219;RUA EMILIO DE MENESES;RUA ANSELMO NOGUEIRA;;;;Colisão Lateral;Via Iluminada;Bom;Seca;Cruz;Semáforo;Comercial;0;0;2;1;0;0;0;0;0;0;0;0;-38,587374;-3,781760;;;
251038;4;5;2015;08:20;0;AV DOMINGOS OLIMPIO;;;517;;Colisão Traseira;Luz do Dia;Bom;Seca;Meio de Quadra;Não Há Controle;Comercial;0;0;2;1;1;0;0;0;0;0;0;0;-38,528570;-3,737427;;;
251050;4;5;2015;22:15;0;AV ANTONIO SALES;;;3525;;Colisão Traseira;Via Iluminada;Bom;Seca;Meio de Quadra;Não Há Controle;Misto;0;0;2;1;0;0;0;0;0;0;0;0;-38,490117;-3,749232;;;
251051;4;5;2015;17:00;13505;AV RUI BARBOSA;RUA CEL ALVES TEIXEIRA;;;;Colisão Transversal;Anoitecer;Bom;Seca;Cruz;Não Há Controle;Comercial;0;0;2;0;0;0;1;0;0;0;0;0;-38,512684;-3,746112;;;
251070;4;5;2015;14:00;0;RUA RIO GRANDE DO NORTE;;;679;;Colisão Traseira;Luz do Dia;Bom;Seca;Meio de Quadra;Outros;Residencial;0;0;2;0;0;0;0;0;0;0;0;0;;;;;
251071;4;5;2015;14:00;0;AV PRS COSTA E SILVA;;;801;;Colisão Lateral;Luz do Dia;Bom;Seca;Meio de Quadra;Semáforo;Residencial;0;2;0;1;0;0;0;0;0;1;0;0;-38,572563;-3,812535;;;
251072;4;5;2015;;0;AV GAL OSORIO DE PAIVA;;;349;;Colisão Traseira;Luz do Dia;Bom;Seca;Meio de Quadra;Gesto;Comercial;0;1;1;1;0;0;0;0;0;1;0;0;-38,565938;-3,775262;;;
251065;4;5;2015;11:30;12440;AV AUGUSTO DOS ANJOS;RUA ARARIPE PRATA;;;;Colisão Lateral;Luz do Dia;Bom;Seca;Cruz;Pare;Comercial;0;0;2;1;0;0;1;0;0;0;0;0;-38,571749;-3,771936;;;
251066;4;5;2015;09:20;0;AV GAL MURILO BORGES;;;;;Colisão Traseira;Luz do Dia;Bom;Seca;Meio de Quadra;Outros;Outros;0;0;2;1;0;0;0;0;0;0;0;0;;;;;
251067;4;5;2015;10:17;13807;AV PINTO BANDEIRA D56;RUA MON CARNEIRO DA CUNHA;;;;Colisão Transversal;Luz do Dia;Bom;Seca;Cruz;Pare;Residencial;0;0;2;1;0;0;0;0;0;0;0;0;-38,487824;-3,777001;;;
251068;4;5;2015;15:00;0;AV BEZERRA DE MENEZES;;;2181;;Atropelamento;Luz do Dia;Bom;Seca;Meio de Quadra;Semáforo;Comercial;1;0;1;0;1;0;0;0;0;0;0;0;-38,564231;-3,735618;;;
251060;4;5;2015;20:05;15290;RUA JOAQUIM NABUCO;RUA CANUTO DE AGUIAR;;;;Colisão Transversal;;Bom;Seca;Cruz;;Residencial;0;1;1;0;0;0;0;0;0;1;0;0;-38,499390;-3,729360;;;
251061;4;5;2015;14:30;4020;AV PRO GOMES DE MATOS;RUA SAMUEL UCHOA;;;;Colisão Lateral;Luz do Dia;Bom;Seca;Cruz;Pare;Comercial;0;0;2;1;0;0;0;0;0;1;0;0;-38,542215;-3,757193;;;
251062;4;5;2015;14:50;10863;RUA PRO HERIBALDO COSTA;RUA PORTO VELHO;;;;Colisão Transversal;Luz do Dia;Bom;Seca;Cruz;Semáforo;Comercial;0;2;1;1;0;0;0;0;0;1;0;0;-38,587014;-3,765974;;;
251063;4;5;2015;14:00;10407;AV GENIBAU;RUA ALVES BATISTA;;;;Colisão Transversal;Luz do Dia;Bom;Seca;Cruz;Pare;Misto;0;1;1;1;0;0;0;0;0;1;0;0;-38,601313;-3,760517;;;
251053;4;5;2015;12:08;25137;RUA BENI DE CARVALHO;RUA BARBOSA DE FREITAS;;;;Colisão Traseira;Luz do Dia;Bom;Seca;Cruz;Semáforo;Residencial;0;1;1;1;0;0;0;0;0;0;0;0;-38,499890;-3,744414;;;
251054;4;5;2015;14:10;0;AV BAR STUDART;;;2770;;Colisão Traseira;Luz do Dia;Bom;Seca;Meio de Quadra;Não Há Controle;Comercial;0;0;2;1;1;0;0;0;0;0;0;0;-38,510954;-3,748225;;;
251055;4;5;2015;12:00;0;AV DIOGUINHO;;;;;Colisão Transversal;Luz do Dia;Bom;Seca;Outros;Pare;Misto;0;0;2;1;0;0;0;0;0;1;0;0;;;;;
251056;4;5;2015;16:30;7775;AV ANTONIO SALES;AV BAR STUDART;;;;Colisão;Luz do Dia;Bom;Seca;Cruz;Semáforo;Comercial;0;0;3;1;0;0;0;0;0;0;0;0;-38,509378;-3,743288;;;
251057;4;5;2015;15:30;266;AV JOVITA FEITOSA;RUA ERICO MOTA;;;;Colisão Lateral;Luz do Dia;Bom;Seca;Cruz;Semáforo;Comercial;0;0;2;0;0;0;0;0;0;1;0;0;-38,561850;-3,740938;;;