COD_ACIDENTE;DIA;MES;ANO;HORA;INTERSECAO;LOG1;LOG2;LOG3;NUMERO;REFERENCIA;NATUREZA;ILUMINACAO;TEMPO;SUPERFICIEPISTA;TIPOCRUZAMENTO;CONTROLETRAFEGO;USOSOLO;MORTOS;FERIDOS;ILESOS;AUTOMOVEL;ONIBUS;BICICLETA;CAMINHAO;MICROONIBUS;CICLOMOTOR;MOTOCICLETA;TRACAOANIMAL;TREM;LONG;LAT;;;
251058;4;5;2015;00:05;14902;RUA ALFREDO MAMEDE;RUA JOAQUIM ALFREDO;;;;Colisão Lateral;Via Iluminada;Bom;Seca;T;Pare;Residencial;0;1;1;1;0;0;0;0;0;1;0;0;-38,581046;-3,808887;;;
251041;4;5;2015;07:40;8021;AV JOAO PESSOA;RUA SAMUEL UCHOA;;;;Colisão Frontal;Luz do Dia;Bom;Seca;Duplo T;Pare;Comercial;0;0;2;1;0;0;0;0;0;0;0;0;-38,548940;-3,751840;;;
251043;4;5;2015;10:40;0;AV AGUANAMBI;;;661;;Colisão Traseira;Luz do Dia;Bom;Seca;Meio de Quadra;Não Há Controle;Comercial;0;0;2;1;0;0;1;0;0;0;0;0;-38,525831;-3,742773;;;
251045;4;5;2015;10:30;17388;AV JOAO PESSOA;RUA PRO TEODORICO;;;;Colisão Lateral;Luz do Dia;Bom;Seca;Cruz;Pare;Comercial;0;0;2;1;0;0;1;0;0;0;0;0;-38,559530;-3,766574;;;
251048;4;5;2015;20:10;0;AV CEL CARVALHO;;;125;;Colisão Traseira;Via Iluminada;Bom;Seca;Meio de Quadra;Não Há Controle;Comercial;0;0;2;1;1;0;0;0;0;0;0;0;-38,591396;-3,704062;;;
261084;4;5;2015;14:01;0;AV CARNEIRO DE MENDONCA;;;;;Colisão;Luz do Dia;;;Meio de Quadra;;;0;0;2;1;0;0;0;0;0;0;0;0;;;;;
261085;4;5;2015;18:16;0;RUA CAP HUGO BEZERRA;;;;;Colisão;Anoitecer;;;Meio de Quadra;;;0;0;2;1;0;0;0;0;0;1;0;0;;;;;
259198;4;5;2015;11:15;0;RD CE-040;;;;KM-06;Colisão;Luz do Dia;Bom;Seca;Meio de Quadra;;;0;0;2;1;0;0;1;0;0;0;0;0;-38,478781;-3,811270;;;
259199;4;5;2015;12:00;0;RD CE-040;;;;KM-08;Colisão Traseira;Luz do Dia;Bom;Seca;Meio de Quadra;;;0;0;2;1;0;0;0;0;0;0;0;0;-38,481317;-3,823332;;;
259200;4;5;2015;16:00;0;RD CE-025;;;;KM-01;Colisão;Luz do Dia;Bom;Seca;Meio de Quadra;;;0;1;1;1;0;0;0;0;0;1;0;0;-38,470976;-3,807681;;;
259196;4;5;2015;11:00;0;RD CE-040;;;;KM-11;Colisão Traseira;Luz do Dia;Bom;Seca;Meio de Quadra;;;0;0;2;0;0;0;0;0;0;0;0;0;-38,480252;-3,844873;;;
259194;4;5;2015;07:00;0;RD CE-040;;;;KM-06;Colisão Traseira;Luz do Dia;Bom;Seca;Meio de Quadra;;;0;2;1;1;0;0;0;0;1;0;0;0;-38,478781;-3,811270;;;
259201;5;5;2015;14:50;0;RD CE-040;;;;KM-04;Colisão Traseira;Luz do Dia;Bom;Seca;Meio de Quadra;;;0;0;2;1;0;0;0;0;0;0;0;0;-38,480251;-3,792050;;;
261088;5;5;2015;15:58;0;AV ALBERTO CRAVEIRO;;;;;Colisão;Luz do Dia;;;Meio de Quadra;;;0;0;2;1;0;0;0;0;0;1;0;0;;;;;
251170;5;5;2015;15:00;0;RUA NUNES VALENTE;RUA PDE VALDEVINO;;;;Colisão Frontal;Luz do Dia;Bom;Seca;Meio de Quadra;Não Há Controle;Misto;0;0;2;1;0;0;0;0;0;0;0;0;;;;;
251172;5;5;2015;10:05;0;AV DR SILAS MUNGUBA;;;;ROTATÓRIA;Colisão Traseira;Luz do Dia;Nublado;Seca;Meio de Quadra;Dê Preferência;Residencial;0;0;2;1;0;0;0;0;0;1;0;0;;;;;
251174;5;5;2015;09:30;15820;AV JOR THOMAZ COELHO;RUA GRANJA CASTELO;;;;Colisão Lateral;Luz do Dia;Bom;Seca;T;Semáforo;Comercial;0;0;2;1;0;0;0;0;0;0;0;0;-38,500218;-3,832383;;;
251175;5;5;2015;13:40;3858;AV DA UNIVERSIDADE;RUA INSTITUTO DO CEARA;;;;Colisão Traseira;Luz do Dia;Bom;Seca;Cruz;Pare;Comercial;0;0;2;1;0;0;0;0;0;0;0;0;-38,536707;-3,738318;;;
251177;5;5;2015;15:10;22120;RUA PRO COSTA MENDES;RUA CEL NUNES DE MELO;;;;Colisão Transversal;Luz do Dia;Bom;Seca;Cruz;Pare;Comercial;0;0;2;1;0;0;0;0;0;0;0;0;-38,553197;-3,749003;;;
251196;5;5;2015;18:00;0;AV PRS COSTA E SILVA;;;4007;;Colisão Traseira;Via Iluminada;Nublado;Seca;Meio de Quadra;Não Há Controle;Outros;0;2;1;1;1;0;0;0;0;0;0;0;;;;;
251199;5;5;2015;08:25;1716;AV GOV RAUL BARBOSA;RUA CAP ARAGAO;;;;Colisão Traseira;Luz do Dia;Bom;Seca;Cruz;Semáforo;Lazer;0;0;3;1;0;0;0;0;0;0;0;0;-38,508802;-3,763977;;;
251201;5;5;2015;07:40;24229;AV ENG SANTANA JUNIOR;AV ENG ALBERTO SA;;;;Colisão Lateral;Luz do Dia;Bom;Seca;Cruz;Semáforo;Comercial;0;0;2;1;0;0;0;0;0;0;0;0;-38,480624;-3,733357;;;
251212;5;5;2015;13:10;12818;RUA ALBERTO MAGNO;RUA ANDRE CHAVES;;;;Colisão Transversal;Luz do Dia;Bom;Seca;Cruz;Pare;Comercial;0;0;2;0;0;0;0;0;0;0;0;0;-38,542230;-3,756035;;;
251217;5;5;2015;08:20;0;AV ALM TAMANDARE;;;120;;Colisão Traseira;Luz do Dia;Bom;Seca;Meio de Quadra;Não Há Controle;Comercial;0;0;2;1;0;0;1;0;0;0;0;0;-38,519886;-3,720722;;;
251214;5;5;2015;21:20;17288;RUA ALBERTO MAGNO;RUA EDUARDO ANGELIM;;;;Colisão Transversal;Via Iluminada;Bom;Seca;Cruz;Pare;Comercial;0;0;2;1;0;0;0;0;0;0;0;0;-38,548491;-3,763194;;;
251215;5;5;2015;15:00;20075;AV PRS JUSCELINO KUBITSCHEK (PASSARÉ);RUA PRO JOSE SILVEIRA;;;;Colisão Lateral;Luz do Dia;Bom;Seca;T;Pare;Residencial;0;1;2;0;0;0;0;0;0;1;0;0;-38,525745;-3,808288;;;
251221;5;5;2015;09:20;315;RUA GAL PIRAGIBE;RUA NESTOR BARBOSA;;;;Colisão Transversal;Luz do Dia;Bom;Seca;Cruz;Pare;Residencial;0;1;1;1;0;0;0;0;0;1;0;0;-38,556613;-3,744282;;;
251222;5;5;2015;16:30;0;AV AGUANAMBI;;;1588;;Colisão Lateral;Via Iluminada;Bom;Seca;Meio de Quadra;Não Há Controle;Comercial;0;0;2;1;0;0;0;0;0;0;0;0;-38,523564;-3,750958;;;
251224;5;5;2015;16:30;0;RUA HIL MORAES;;;333;;Colisão Lateral;Via Iluminada;Bom;Seca;Meio de Quadra;;Residencial;0;0;2;1;0;0;0;0;0;0;0;0;-38,474616;-3,772582;;;
251225;5;5;2015;15:50;0;RUA MON SALAZAR;;;640;;Outros;Luz do Dia;Bom;Seca;Meio de Quadra;Não Há Controle;Comercial;0;0;2;0;0;0;0;0;0;0;0;0;-38,513996;-3,756143;;;
251148;5;5;2015;14:00;7870;RUA FRANCISCO HOLANDA;RUA LEONARDO MOTA;;;;Colisão Traseira;Luz do Dia;Bom;Seca;T;Pare;Residencial;0;0;2;1;0;0;0;0;0;0;0;0;-38,500586;-3,749968;;;
251237;5;5;2015;13:30;15373;AV DOM LUIS;RUA FRE MANSUETO;;;;Colisão Traseira;Luz do Dia;Bom;Seca;Cruz;Semáforo;Comercial;0;0;2;1;0;0;0;0;0;0;0;0;-38,488626;-3,735861;;;
251252;5;5;2015;23:45;19667;AV BEZERRA DE MENEZES;RUA ERETIDES MARTINS;;;;Choque c/ Obstáculo Fixo;Via Iluminada;Bom;Seca;Cruz;Semáforo;Comercial;0;0;1;1;0;0;0;0;0;0;0;0;-38,557568;-3,734232;;;
251253;5;5;2015;07:00;0;AV PRS COSTA E SILVA;;;4442;;Colisão Lateral;Luz do Dia;Bom;Seca;Meio de Quadra;Semáforo;Misto;0;0;2;1;0;0;1;0;0;0;0;0;;;;;
251254;5;5;2015;08:10;0;AV GAL OSORIO DE PAIVA;;;3101;;Queda;Luz do Dia;Bom;Seca;Meio de Quadra;Não Há Controle;Misto;0;0;2;0;1;0;0;0;0;1;0;0;-38,587423;-3,789656;;;
251255;5;5;2015;10:45;7633;RUA RIO GRANDE DO SUL;AV CARNEIRO DE MENDONCA;;;;Colisão Transversal;Luz do Dia;Bom;Seca;Cruz;Semáforo;Misto;0;1;1;1;0;0;0;0;0;1;0;0;-38,570011;-3,762374;;;
251250;5;5;2015;12:30;15338;RUA ANA BILHAR;RUA FREDERICO BORGES;;;;Colisão Transversal;Luz do Dia;Bom;Seca;Cruz;Pare;Misto;0;0;2;1;0;0;0;0;0;0;0;0;-38,489282;-3,731534;;;
251258;5;5;2015;16:00;22124;RUA PRO COSTA MENDES;RUA MAJ PEDRO SAMPAIO;;;;Colisão Transversal;Luz do Dia;Bom;Seca;Cruz;Pare;Comercial;0;1;1;1;0;0;0;0;0;1;0;0;-38,554665;-3,747674;;;
251260;5;5;2015;19:00;12879;RUA BAR RIO BRANCO;RUA SILVA JARDIM;;;;Colisão Lateral;Via Iluminada;Bom;Seca;Cruz;Não Há Controle;Comercial;0;1;1;1;0;0;0;0;0;1;0;0;-38,532795;-3,740678;;;
251262;5;5;2015;21:20;0;AV IMPERADOR;;;796;;Colisão Lateral;;Bom;Seca;Meio de Quadra;Não Há Controle;Comercial;0;0;2;0;1;0;0;1;0;0;0;0;-38,534752;-3,728205;;;
251264;5;5;2015;17:45;0;AV ENG SANTANA JUNIOR;;;1315;VIADUTO;Colisão Traseira;Anoitecer;Bom;Seca;Meio de Quadra;Não Há Controle;Comercial;0;1;1;1;0;0;0;0;0;1;0;0;-38,484352;-3,739266;;;
251098;5;5;2015;21:00;24738;AV MOZART PINHEIRO DE LUCENA;AV WASHINGTON LUIS;;;;Colisão Transversal;Via Iluminada;Bom;Seca;T;Pare;Comercial;0;0;2;1;0;0;0;0;0;0;0;0;-38,595019;-3,715896;;;
251096;5;5;2015;;0;AV HIS RAIMUNDO GIRAO;;;877;;Colisão Frontal;Via Iluminada;Bom;Seca;Meio de Quadra;Pare;Misto;0;0;2;1;0;0;0;1;0;0;0;0;;;;;
251101;5;5;2015;10:20;0;AV ABOLICAO;;;3200;;Colisão Traseira;Luz do Dia;Bom;Seca;Meio de Quadra;Não Há Controle;Misto;0;0;2;1;0;0;1;0;0;0;0;0;-38,490941;-3,726624;;;
251127;5;5;2015;14:00;25065;AV DOS EXPEDICIONARIOS;RUA JULIO DA SILVEIRA;;;;Colisão Transversal;Luz do Dia;Bom;Seca;Cruz;Pare;Misto;0;0;2;1;0;0;0;0;0;0;0;0;-38,539181;-3,758331;;;
251128;5;5;2015;20:30;1474;RUA JOAO CARVALHO;RUA TIBURCIO CAVALCANTE;;;;Outros;Via Iluminada;Bom;Molhada;Cruz;Semáforo;Comercial;0;0;1;1;0;0;0;0;0;0;0;0;-38,503547;-3,738950;;;
251143;5;5;2015;13:40;0;RUA CACILDA BECKER;;;29;;Capotamento;Luz do Dia;Bom;Seca;Outros;Não Há Controle;Residencial;0;0;1;0;0;0;1;0;0;0;0;0;-38,587209;-3,775436;;;
251139;5;5;2015;13:40;0;AV PRS CASTELO BRANCO;;;146;;Colisão Traseira;Luz do Dia;Bom;Seca;Meio de Quadra;Não Há Controle;Residencial;0;0;2;1;0;0;0;0;0;0;0;0;-38,521389;-3,723156;;;
251145;5;5;2015;19:00;0;RUA LEONARDO MOTA;;;1750;;Colisão Traseira;Anoitecer;Bom;Seca;Outros;Semáforo Intermitente;Residencial;0;0;2;1;0;0;0;0;0;0;0;0;-38,497830;-3,741317;;;
251146;5;5;2015;09:00;0;RUA PRO HERIBALDO COSTA;;;1017;;Colisão Lateral;Luz do Dia;Bom;Seca;Meio de Quadra;Não Há Controle;Comercial;0;0;2;1;0;0;1;0;0;0;0;0;;;;;
251136;5;5;2015;11:30;3880;RUA SEN POMPEU;RUA OLIVIO CAMARA;;;;Atropelamento;Luz do Dia;Bom;Seca;Cruz;Pare;Misto;1;1;0;0;0;0;0;0;0;1;0;0;-38,532902;-3,737737;;;
251137;5;5;2015;22:15;11877;RUA PDE ANCHIETA;RUA NAT FEIJO;;;;Colisão Lateral Sentido Oposto;Via Iluminada;Nublado;Seca;Cruz;Pare;Misto;0;0;2;1;0;0;0;0;0;0;0;0;-38,550499;-3,722937;;;
251124;5;5;2015;07:20;0;AV ROGACIANO LEITE;;;;;Colisão Lateral;Luz do Dia;Bom;Seca;Meio de Quadra;Semáforo;Residencial;0;0;2;1;0;0;0;0;0;0;0;0;;;;;
251130;5;5;2015;10:40;0;AV PONTES VIEIRA;;;220;;Colisão Traseira;Luz do Dia;Bom;Seca;Meio de Quadra;Não Há Controle;Comercial;0;0;2;1;0;0;0;0;0;0;0;0;-38,518725;-3,753367;;;
251131;5;5;2015;07:50;0;AV DR SILAS MUNGUBA;;;3500;;Colisão Lateral;Luz do Dia;Bom;Seca;Meio de Quadra;Não Há Controle;Outros;0;0;2;1;0;0;0;0;0;1;0;0;-38,542100;-3,789771;;;
251141;5;5;2015;09:30;5415;RUA GAL CLARINDO DE QUEIROZ;RUA FLORIANO PEIXOTO;;;;Colisão Transversal;Luz do Dia;Bom;Seca;Cruz;Pare;Comercial;0;0;2;1;0;0;0;1;0;0;0;0;-38,529027;-3,733049;;;
270782;5;5;2015;09:43;12393;RUA DES FELIX CANDIDO;RUA ALUISIO AZEVEDO;;;;Colisão;Luz do Dia;;;Cruz;Pare;Residencial;0;0;2;0;0;0;0;0;0;0;0;0;-38,578296;-3,770664;;;
267329;5;5;2015;11:05;12426;AV SEN FERNANDES TAVORA;RUA RIBEIRO LEITAO;;;;Colisão;Luz do Dia;;;Cruz;Pare;Residencial;0;0;2;0;0;0;0;0;0;0;0;0;-38,578199;-3,764304;;;
267330;5;5;2015;17:42;0;RUA DUAS NACOES;;;2375;;Colisão;Anoitecer;;;Meio de Quadra;;;0;0;2;0;0;0;0;0;0;0;0;0;;;;;
261813;5;5;2015;06:45;0;AV PERIMETRAL;;;;;Colisão;Luz do Dia;;;Meio de Quadra;;;0;1;1;1;0;0;0;0;0;1;0;0;;;;;
261814;5;5;2015;07:10;25007;AV JOAO PESSOA;RUA ROMEU MARTINS;;;;Colisão;Luz do Dia;;;T;Pare;Comercial;0;1;1;1;0;0;0;0;0;1;0;0;-38,557972;-3,762774;;;
261815;5;5;2015;07:46;0;AV DR SILAS MUNGUBA;;;;;Atropelamento;Luz do Dia;;;Meio de Quadra;;;0;1;1;0;0;0;0;0;0;1;0;0;-38,542100;-3,789771;;;
261825;5;5;2015;16:56;0;AV PERIMETRAL;;;;;Colisão;Luz do Dia;;;Meio de Quadra;;;0;1;1;1;0;0;0;0;0;1;0;0;;;;;
261823;5;5;2015;;0;RUA CAJAZEIRAS;;;;;Colisão;;;;Meio de Quadra;;;0;1;0;0;0;0;0;0;0;0;0;0;;;;;
261820;5;5;2015;15:15;0;RUA BOA VISTA;;;;;Atropelamento;Luz do Dia;;;Meio de Quadra;;;0;1;1;1;0;0;0;0;0;0;0;0;;;;;
261821;5;5;2015;16:23;0;RUA GAL BERNARDO FIGUEIREDO;;;;;Colisão;Luz do Dia;;;Meio de Quadra;;;0;1;1;1;0;0;0;0;0;1;0;0;-38,555389;-3,740428;;;
261817;5;5;2015;13:17;0;RUA ANSELMO NOGUEIRA;;;;;Capotamento;Luz do Dia;;;Meio de Quadra;;;0;1;0;0;0;0;0;0;0;0;0;0;;;;;
261818;5;5;2015;14:13;0;RD BR 116;;;1000;KM-01;Colisão;Luz do Dia;;;Meio de Quadra;;;0;1;1;1;0;0;0;0;0;1;0;0;-38,518702;-3,762554;;;
261827;5;5;2015;19:48;17626;RUA JOSE PEDRA;RUA JOAO FRANCA (PQ. 2 IRMÃOS);;;;Colisão;;;;Cruz;Pare;Residencial;0;1;1;1;0;0;0;0;0;1;0;0;-38,549671;-3,795482;;;
261856;5;5;2015;15:40;2523;AV FRANCISCO SA;RUA TULIPA;;;;Colisão;Luz do Dia;;;T;Pare;Comercial;0;1;1;1;0;0;0;0;0;1;0;0;-38,577954;-3,710359;;;
258882;5;5;2015;18:50;0;RD BR 116;;;5000;KM-05;Colisão Traseira;Via Iluminada;Bom;Molhada;Meio de Quadra;Não Há Controle;Comercial;0;0;2;1;0;0;1;0;0;0;0;0;-38,506787;-3,796502;;;
270783;5;5;2015;11:02;15204;AV ABOLICAO;RUA JULIO IBIAPINA;;;;Colisão;Luz do Dia;;;Cruz;Semáforo;Comercial;0;0;2;0;0;0;0;0;0;0;0;0;-38,491290;-3,726679;;;
270786;5;5;2015;14:02;0;RUA JOSE HIPOLITO;;;1120;;Colisão;Luz do Dia;;;Meio de Quadra;;;0;0;2;0;0;0;0;0;0;0;0;0;-38,486161;-3,835701;;;
270787;5;5;2015;17:13;0;RUA PERILIO TEIXEIRA;;;195;;Colisão;Anoitecer;;;Meio de Quadra;;;0;0;2;0;0;0;0;0;0;0;0;0;;;;;
270789;5;5;2015;17:19;0;RUA DOS ABOLICIONISTAS;;;;;Atropelamento;Anoitecer;;;Meio de Quadra;;;0;0;2;0;0;0;0;0;0;0;0;0;;;;;
270790;5;5;2015;17:29;2038;RUA DOS ABOLICIONISTAS;RUA DO POENTE;;;;Atropelamento;Anoitecer;;;Cruz;Pare;Misto;0;0;2;0;0;0;0;0;0;0;0;0;-38,580343;-3,697794;;;
270792;5;5;2015;19:04;0;RUA FRANCISCO ALVES PEREIRA;;;;;Colisão;;;;Meio de Quadra;;;0;0;2;0;0;0;0;0;0;0;0;0;;;;;
270793;5;5;2015;21:46;0;AV SEN FERNANDES TAVORA;;;3318;;Atropelamento;;;;Meio de Quadra;;;0;0;2;0;0;0;0;0;0;0;0;0;;;;;
270794;5;5;2015;22:01;0;RUA JOSE VILAR;;;3005;;Colisão;;;;Meio de Quadra;;;0;0;2;0;0;0;0;0;0;0;0;0;-38,508924;-3,748940;;;
270796;5;5;2015;22:04;25312;RUA BELEM;AV SEN FERNANDES TAVORA;;;;Colisão;;;;Cruz;Pare;Misto;0;0;2;0;0;0;0;0;0;0;0;0;-38,592095;-3,756885;;;
262825;5;5;2015;19:00;0;RUA SEN ROBERT KENNEDY;;;66;;Colisão Lateral;;;;Meio de Quadra;;;0;1;1;1;0;0;0;0;0;0;0;0;-38,576926;-3,699591;;;
262834;6;5;2015;16:40;0;AV AGUANAMBI;;;900;;Colisão;Luz do Dia;;;Meio de Quadra;;;0;1;0;1;0;0;0;0;0;0;0;0;-38,525564;-3,744442;;;
262847;6;5;2015;23:15;18244;AV DIOGUINHO;AV SALUSTIO DE PINHO;;;;Colisão;;;;Meio de Quadra;Gesto;Residencial;0;1;0;1;0;0;0;0;0;0;0;0;-38,447809;-3,752084;;;
270799;6;5;2015;04:39;0;RUA OUTONO;;;5;;Colisão;;;;Meio de Quadra;;;0;0;2;0;0;0;0;0;0;0;0;0;-38,554087;-3,774373;;;
270801;6;5;2015;09:39;0;RUA URUBURETAMA;;;132;;Colisão;Luz do Dia;;;Meio de Quadra;;;0;0;2;0;0;0;0;0;0;0;0;0;-38,542819;-3,759475;;;
270803;6;5;2015;10:01;10405;RUA JOSE MENDONCA;AV GENIBAU;;;;Colisão;Luz do Dia;;;Duplo T;Pare;Residencial;0;0;2;0;0;0;0;0;0;0;0;0;-38,602771;-3,760237;;;
270812;6;5;2015;11:40;0;AV PRS CASTELO BRANCO;;;5366;;Colisão;Luz do Dia;;;Meio de Quadra;;;0;0;2;0;0;0;0;0;0;0;0;0;-38,579538;-3,703887;;;
270817;6;5;2015;13:10;0;AV PRS CASTELO BRANCO;;;4613;;Colisão;Luz do Dia;;;Meio de Quadra;;;0;0;2;0;0;0;0;0;0;0;0;0;-38,573097;-3,706692;;;
270819;6;5;2015;14:01;22079;RUA VALDEMIRO CAVALCANTE;RUA CAP FRANCISCO PEDRO;;;;Colisão;Luz do Dia;;;Cruz;Pare;Residencial;0;0;2;0;0;0;0;0;0;0;0;0;-38,553785;-3,752595;;;
270820;6;5;2015;14:50;0;AV DA INDEPENDENCIA;;;;;Colisão;Luz do Dia;;;Meio de Quadra;;;0;0;2;0;0;0;0;0;0;0;0;0;;;;;
270822;6;5;2015;14:57;0;AV GAL OSORIO DE PAIVA;;;;;Colisão;Luz do Dia;;;Meio de Quadra;;;0;0;2;0;0;0;0;0;0;0;0;0;;;;;
270824;6;5;2015;16:36;0;AV ENG ALBERTO SA;;;;;Atropelamento;Luz do Dia;;;Meio de Quadra;;;0;0;2;0;0;0;0;0;0;0;0;0;;;;;
270826;6;5;2015;17:46;14357;RUA BAR CRATO;RUA HENRIQUE ELERY;;;;Colisão;Anoitecer;;;Cruz;Pare;Rural;0;0;2;0;0;0;0;0;0;0;0;0;-38,561002;-3,721622;;;
270828;6;5;2015;19:11;25980;AV SANTOS DUMONT;RUA JOAQUIM GENU;;;;Colisão;;;;Cruz;Não Há Controle;Residencial;0;0;2;0;0;0;0;0;0;0;0;0;-38,484292;-3,740773;;;
270830;6;5;2015;20:28;0;AV GOV RAUL BARBOSA;;;6881;;Colisão;;;;Meio de Quadra;;;0;0;2;0;0;0;0;0;0;0;0;0;-38,512788;-3,773957;;;
270833;6;5;2015;20:30;12867;RUA JOAQUIM MAGALHAES;RUA JAIME BENEVOLO;;;;Colisão;;;;Cruz;Pare;Comercial;0;0;2;0;0;0;0;0;0;0;0;0;-38,527961;-3,739942;;;
270834;6;5;2015;20:58;0;RUA BORIS;;;;;Colisão;;;;Meio de Quadra;;;0;0;2;0;0;0;0;0;0;0;0;0;;;;;
270840;6;5;2015;22:00;0;AV CASTELO DE CASTRO;;;;;Colisão;;;;Meio de Quadra;;;0;0;2;0;0;0;0;0;0;0;0;0;;;;;
270841;6;5;2015;22:34;1445;RUA DES LEITE ALBUQUERQUE;RUA VICENTE LEITE;;;;Colisão;;;;Cruz;Pare;Comercial;0;0;2;0;0;0;0;0;0;0;0;0;-38,495734;-3,738178;;;
270842;6;5;2015;23:53;26010;AV PRO ADERBAL NUNES FREIRE;AV ALM HENRIQUE SABOIA;;;;Colisão;;;;;;;0;0;2;0;0;0;0;0;0;0;0;0;;;;;
270837;6;5;2015;21:55;0;RUA SETE BARRA;;;70;;Choque c/ Obstáculo Fixo;;;;Meio de Quadra;;;0;0;1;0;0;0;0;0;0;0;0;0;;;;;
268060;6;5;2015;22:01;0;AV C CJ CEARA;;;995;;Colisão;;;;Meio de Quadra;;;0;0;2;0;0;0;0;0;0;0;0;0;-38,611772;-3,767226;;;
258884;6;5;2015;14:00;0;RD BR 116;;;2000;KM-02;Colisão Traseira;Luz do Dia;Bom;Seca;Meio de Quadra;Não Há Controle;Comercial;0;0;2;0;1;0;1;0;0;0;0;0;-38,516780;-3,771391;;;
258959;6;5;2015;09:20;0;RD BR 222;;;;KM-03;Colisão Traseira;Luz do Dia;Bom;Seca;Meio de Quadra;Não Há Controle;Comercial;0;0;2;1;0;0;0;0;0;0;0;0;-38,571997;-3,736999;;;
261857;6;5;2015;12:15;0;RUA URUCUTUBA;;;1956;;Colisão;Luz do Dia;;;Meio de Quadra;;;0;1;1;1;0;0;0;0;0;1;0;0;-38,614150;-3,798516;;;
261859;6;5;2015;12:02;0;AV MACIEL BEZERRA;;;;;Queda;Luz do Dia;;;Meio de Quadra;;;0;1;0;0;0;0;0;0;0;1;0;0;;;;;
261864;6;5;2015;18:22;46;RUA SALGADO FILHO;RUA MARTINS NETO;;;;Colisão;Anoitecer;;;Cruz;Pare;Residencial;0;1;1;1;0;0;0;0;0;1;0;0;-38,595186;-3,741272;;;
261865;6;5;2015;19:49;0;RUA TEN JOSE NEWTON;;;331;;Atropelamento;;;;Meio de Quadra;;;0;1;1;0;0;0;0;0;0;1;0;0;-38,491737;-3,825376;;;
261861;6;5;2015;14:53;0;AV GAL OSORIO DE PAIVA;;;;;Colisão;Luz do Dia;;;Meio de Quadra;;;0;1;1;0;0;0;1;0;0;1;0;0;-38,583962;-3,786698;;;
261862;6;5;2015;18:13;0;AV AUGUSTO DOS ANJOS;;;;;Colisão;Anoitecer;;;Meio de Quadra;;;0;1;1;1;0;0;0;0;0;1;0;0;-38,577179;-3,777911;;;
261872;6;5;2015;23:10;13491;RUA JOAO CORDEIRO;RUA CEL ALVES TEIXEIRA;;;;Colisão;;;;Cruz;Pare;Residencial;0;1;1;1;0;0;0;0;0;1;0;0;-38,519336;-3,745411;;;
261869;6;5;2015;21:50;7897;RUA HENRIQUETA GALENO;RUA MON CATAO;;;;Colisão;;;;Cruz;Não Há Controle;Comercial;0;1;1;1;0;0;0;0;0;1;0;0;-38,493338;-3,747287;;;
261867;6;5;2015;20:55;0;AV PRS COSTA E SILVA;;;;;Queda;;;;Meio de Quadra;;;0;0;1;0;0;0;0;0;0;1;0;0;;;;;
261828;6;5;2015;06:13;0;AV CARNEIRO DE MENDONCA;;;;;Queda;Luz do Dia;;;Meio de Quadra;;;0;1;0;0;0;0;0;0;0;1;0;0;-38,567495;-3,763705;;;
261830;6;5;2015;06:26;0;AV SEN CARLOS JEREISSATI (AEROPORTO);;;;;Colisão;Luz do Dia;;;Meio de Quadra;;;0;1;0;0;0;0;0;0;0;0;0;0;;;;;
261831;6;5;2015;08:33;25124;RUA OLIVEIRA SOBRINHO;AV AUGUSTO DOS ANJOS;;;;;Luz do Dia;;;Outros;Pare;Comercial;0;1;1;1;0;0;0;0;0;1;0;0;-38,582393;-3,783893;;;
261855;6;5;2015;09:24;0;AV FRANCISCO SA;;;;;Colisão;Luz do Dia;;;Meio de Quadra;;;0;1;1;1;0;0;0;0;0;1;0;0;-38,575319;-3,711273;;;
261881;6;5;2015;07:33;0;AV JOVITA FEITOSA;;;;;Queda;Luz do Dia;;;Meio de Quadra;;;0;1;0;0;0;0;0;0;0;1;0;0;;;;;
267332;6;5;2015;11:05;0;AV FRANCISCO SA;;;5818;;Colisão;Luz do Dia;;;Meio de Quadra;;;0;0;2;0;0;0;0;0;0;0;0;0;-38,576483;-3,710863;;;
267334;6;5;2015;11:19;3226;RUA EMILIO DE MENESES;RUA JOSE ARISTOTELES GONDIM;;;;Colisão;Luz do Dia;;;Cruz;Pare;Residencial;0;0;2;0;0;0;0;0;0;0;0;0;-38,585899;-3,782184;;;
267351;6;5;2015;12:52;0;RUA GAL BERNARDO FIGUEIREDO;;;465;;Colisão;Luz do Dia;;;Meio de Quadra;;;0;0;2;0;0;0;0;0;0;0;0;0;-38,552297;-3,739782;;;
267357;6;5;2015;16:24;0;RUA SEN POMPEU;;;2607;;Colisão;Luz do Dia;;;Meio de Quadra;;;0;0;2;0;0;0;0;0;0;0;0;0;-38,533965;-3,741253;;;
267358;6;5;2015;18:40;0;RUA STA LUCRECIA;;;1109;;Colisão;;;;Meio de Quadra;;;0;0;2;0;0;0;0;0;0;0;0;0;;;;;
267354;6;5;2015;15:09;4025;RUA CEARA;RUA AMAPA;;;;Colisão;Luz do Dia;;;;;;0;0;2;0;0;0;0;0;0;0;0;0;-38,562948;-3,760777;;;
267393;6;5;2015;18:50;0;RUA CON DE CASTRO;;;2240;;Colisão;;;;Meio de Quadra;;;0;0;2;0;0;0;0;0;0;0;0;0;;;;;
267417;6;5;2015;18:56;0;AV H CJ JOSE WALTER;;;;;Colisão;;;;Meio de Quadra;;;0;0;2;0;0;0;0;0;0;0;0;0;;;;;
267418;6;5;2015;19:01;0;AV BENJAMIM BRASIL;;;;;Colisão;;;;Meio de Quadra;;;0;0;2;0;0;0;0;0;0;0;0;0;;;;;