COD_ACIDENTE;DIA;MES;ANO;HORA;INTERSECAO;LOG1;LOG2;LOG3;NUMERO;REFERENCIA;NATUREZA;ILUMINACAO;TEMPO;SUPERFICIEPISTA;TIPOCRUZAMENTO;CONTROLETRAFEGO;USOSOLO;MORTOS;FERIDOS;ILESOS;AUTOMOVEL;ONIBUS;BICICLETA;CAMINHAO;MICROONIBUS;CICLOMOTOR;MOTOCICLETA;TRACAOANIMAL;TREM;LONG;LAT;;;
267419;6;5;2015;19:38;0;RUA VICENTE PINHEIRO;;;;;Colisão;;;;Meio de Quadra;;;0;0;2;0;0;0;0;0;0;0;0;0;;;;;
255399;6;5;2015;16:10;0;RUA BERNARDO MANUEL;;;10474;;Colisão Lateral;Luz do Dia;Bom;Seca;Meio de Quadra;Não Há Controle;Misto;0;0;2;1;1;0;0;0;0;0;0;0;-38,554955;-3,810358;;;
261707;6;5;2015;22:25;0;AV ZEZE DIOGO;;;;;Colisão;;;;Meio de Quadra;;;0;1;1;1;0;0;0;0;0;0;0;0;;;;;
251097;6;5;2015;16:00;9075;RUA CEL JOSE EUCLIDES;AV AGUANAMBI;;;;Colisão Transversal;Luz do Dia;Bom;Seca;Cruz;Não Há Controle;Comercial;0;0;2;1;1;0;0;0;0;0;0;0;-38,523383;-3,752233;;;
251099;6;5;2015;17:15;1571;RUA VICENTE LEITE;RUA CAROLINA SUCUPIRA;;;;Colisão Transversal;Luz do Dia;Bom;Seca;Cruz;Pare;Residencial;0;1;1;1;0;0;0;0;0;1;0;0;-38,497020;-3,742124;;;
251100;6;5;2015;18:30;0;RUA TORRES CAMARA;;;600;;Engavetamento;Anoitecer;Bom;Seca;Meio de Quadra;Não Há Controle;Comercial;0;0;3;1;0;0;0;0;0;0;0;0;-38,505983;-3,735932;;;
251103;6;5;2015;20:15;5460;AV HERACLITO GRACA;RUA NOGUEIRA ACIOLI;;;;Engavetamento;Via Iluminada;Bom;Seca;Cruz;Semáforo;Comercial;0;0;3;1;0;0;0;0;0;0;0;0;-38,518518;-3,735440;;;
251104;6;5;2015;20:15;0;AV BEZERRA DE MENEZES;;;;;Colisão Lateral;Via Iluminada;Bom;Seca;Meio de Quadra;Não Há Controle;Comercial;0;0;2;0;0;0;0;0;0;0;0;0;;;;;
251073;6;5;2015;14:30;0;AV LUCIANO CARNEIRO;;;1333;;Engavetamento;Luz do Dia;Bom;Seca;Meio de Quadra;Não Há Controle;Comercial;0;0;5;1;0;0;0;0;0;0;0;0;-38,535052;-3,759593;;;
251074;6;5;2015;07:00;25159;AV MIGUEL DIAS;AV ALM MAXIMIANO DA FONSECA;;;;Colisão Lateral;Via Iluminada;Bom;Seca;Cruz;Pare;Residencial;0;0;2;1;0;0;0;0;0;0;0;0;-38,487945;-3,770833;;;
251075;6;5;2015;11:35;3829;RUA MAL DEODORO;RUA PAULINO NOGUEIRA;;;;Colisão Lateral;;Bom;Seca;Cruz;Pare;Residencial;0;0;2;0;0;0;1;0;0;0;0;0;-38,537199;-3,744452;;;
251076;6;5;2015;08:30;5064;RUA BAR RIO BRANCO;RUA SEN JAGUARIBE;;;;Colisão Traseira;Luz do Dia;Bom;Seca;T;Não Há Controle;Outros;0;0;3;1;0;0;0;0;0;0;0;0;-38,526853;-3,722074;;;
251077;6;5;2015;15:40;0;AV AGUANAMBI;;;;ROTATÓRIA;Engavetamento;Luz do Dia;Bom;Seca;Meio de Quadra;Semáforo;Comercial;0;0;3;1;0;0;1;0;0;0;0;0;-38,523043;-3,755538;;;
251078;6;5;2015;21:30;0;AV DOS EXPEDICIONARIOS;;;1260;;Engavetamento;Via Iluminada;Bom;Seca;Meio de Quadra;Semáforo;Residencial;0;0;3;1;1;0;0;0;0;0;0;0;;;;;
251079;6;5;2015;19:23;13177;AV D CJ JOSE WALTER;AV I CJ JOSE WALTER;;;;Colisão Transversal;Via Iluminada;Bom;Seca;Rotatória;Dê Preferência;Comercial;0;1;2;1;0;0;0;0;0;1;0;0;-38,552957;-3,832440;;;
251080;6;5;2015;09:50;6818;RUA FRANCISCO MATOS;RUA DR GILBERTO STUDART;;;;Colisão Transversal;Luz do Dia;Bom;Seca;Cruz;Pare;Lazer;0;1;1;0;0;0;0;0;0;1;0;0;-38,470191;-3,747084;;;
251081;6;5;2015;09:50;0;AV SANTOS DUMONT;;;6870;;Choque c/ Obstáculo Fixo;Luz do Dia;Bom;Seca;Meio de Quadra;Não Há Controle;Residencial;0;0;1;1;0;0;0;0;0;0;0;0;-38,471844;-3,744787;;;
251082;6;5;2015;08:30;0;AV PRS JUSCELINO KUBITSCHEK (PASSARÉ);;;5451;USINA DE ASFALTO;Colisão Lateral;Luz do Dia;Bom;Seca;Meio de Quadra;Não Há Controle;Industrial;0;0;2;1;0;0;0;0;0;0;0;0;-38,536831;-3,823401;;;
251083;6;5;2015;11:00;0;AV JOR THOMAZ COELHO;;;5295;;Colisão Traseira;Luz do Dia;Bom;Seca;Meio de Quadra;Semáforo;Escola;0;1;1;1;0;0;0;0;0;0;0;0;;;;;
251084;6;5;2015;;0;AV DOS EXPEDICIONARIOS;;;200;;Colisão Lateral;Luz do Dia;Bom;Seca;Meio de Quadra;Não Há Controle;Comercial;0;0;2;1;0;0;0;0;0;0;0;0;;;;;
251085;6;5;2015;10:40;0;RUA ANTONIO BANDEIRA D41;;;;;Colisão Traseira;Luz do Dia;Bom;Seca;Meio de Quadra;Não Há Controle;Comercial;0;0;2;1;0;0;0;0;0;0;0;0;;;;;
251086;6;5;2015;13:10;0;AV ROGACIANO LEITE;;;1020;;Engavetamento;Luz do Dia;Bom;Seca;Meio de Quadra;Não Há Controle;Comercial;0;0;3;1;0;0;0;0;0;0;0;0;-38,496477;-3,766691;;;
251087;6;5;2015;18:30;7782;RUA OSVALDO CRUZ (ALDEOTA);RUA JULIO SIQUEIRA;;;;Colisão Lateral;Via Iluminada;Bom;Seca;Cruz;Pare;Residencial;0;0;2;0;0;0;1;0;0;0;0;0;-38,505200;-3,750740;;;
251088;6;5;2015;12:30;0;AV DR SILAS MUNGUBA;;;;;Colisão Transversal;Anoitecer;Bom;Seca;Meio de Quadra;Não Há Controle;Comercial;0;0;2;1;0;0;0;0;0;0;0;0;;;;;
251089;6;5;2015;15:15;17440;RUA ANTONIO FIUZA;RUA PRO TEODORICO;;;;Colisão Lateral;Luz do Dia;Bom;Seca;Cruz;Pare;Residencial;0;0;2;1;0;0;1;0;0;0;0;0;-38,551898;-3,769303;;;
251090;6;5;2015;08:10;0;AV JOSE BASTOS;;;6670;;Colisão Lateral;Luz do Dia;Bom;Seca;Outros;Outros;Comercial;0;0;2;0;1;0;1;0;0;0;0;0;-38,570173;-3,769089;;;
251091;6;5;2015;09:00;0;AV LINEU MACHADO;;;;;Colisão Traseira;Luz do Dia;Bom;Seca;Meio de Quadra;Semáforo;Comercial;0;2;1;1;0;0;0;0;0;1;0;0;-38,575963;-3,764113;;;
251092;6;5;2015;16:00;25024;RUA COSTA BARROS;RUA VINTE E CINCO DE MARCO;;;;Colisão Transversal;Luz do Dia;Bom;Seca;Cruz;Semáforo;Comercial;0;0;2;1;0;0;0;0;0;0;0;0;-38,521787;-3,727056;;;
261089;6;5;2015;11:23;0;AV SGT HERMINIO SAMPAIO;;;;;Colisão;Luz do Dia;;;Meio de Quadra;;;0;0;2;0;1;0;1;0;0;0;0;0;;;;;
261090;6;5;2015;16:40;0;RUA DNA LEOPOLDINA;;;;;Colisão;Luz do Dia;;;Meio de Quadra;;;0;0;2;1;1;0;0;0;0;0;0;0;;;;;
261093;6;5;2015;21:20;0;RUA PDE PEDRO DE ALENCAR;;;1798;;Colisão;;;;Meio de Quadra;;;0;0;2;1;0;0;0;0;0;0;0;0;;;;;
259202;6;5;2015;15:00;0;RD CE-040;;;;KM-04;Colisão;Luz do Dia;Bom;Seca;Meio de Quadra;;;0;0;3;1;0;0;0;0;0;0;0;0;-38,480251;-3,792050;;;
259204;6;5;2015;15:10;0;RD CE-040;;;;KM-05;Colisão;Luz do Dia;Bom;Seca;Meio de Quadra;;;0;0;2;0;0;0;0;0;0;1;0;0;-38,480349;-3,790876;;;
259206;6;5;2015;18:45;0;RD CE-040;;;;KM-03;Engavetamento;;Bom;Seca;Meio de Quadra;;;0;0;4;1;0;0;0;0;0;0;0;0;-38,481014;-3,783185;;;
259208;7;5;2015;12:30;0;AV MIN JOSE AMERICO;;;;;Colisão;Luz do Dia;Bom;Seca;Meio de Quadra;;;0;0;2;1;0;0;0;0;0;0;0;0;;;;;
259212;7;5;2015;14:00;0;AV SEN CARLOS JEREISSATI (AEROPORTO);;;;KM 01;Colisão;Luz do Dia;Bom;Seca;Meio de Quadra;;;0;1;1;0;0;0;0;0;0;1;0;0;-38,520356;-3,783803;;;
259213;7;5;2015;13:10;0;AV MIN JOSE AMERICO;;;;;Engavetamento;Luz do Dia;Bom;Seca;Meio de Quadra;;;0;0;4;1;0;0;0;0;0;0;0;0;;;;;
261116;7;5;2015;12:05;0;RUA OSCAR ROMERO;;;661;;Colisão;Luz do Dia;;;Meio de Quadra;;;0;0;2;1;0;0;0;0;0;1;0;0;-38,572615;-3,831889;;;
261117;7;5;2015;;25137;RUA BENI DE CARVALHO;RUA BARBOSA DE FREITAS;;;;Colisão;;;;Cruz;Semáforo;Residencial;0;0;2;1;0;0;0;0;0;0;0;0;-38,499890;-3,744414;;;
261119;7;5;2015;10:25;19305;RUA CARLOS AMORA;RUA CON DE CASTRO;;;;Colisão;Luz do Dia;;;T;Semáforo;Comercial;0;0;2;0;1;0;0;0;0;0;0;0;-38,563978;-3,774756;;;
251149;7;5;2015;16:30;0;AV PRS CASTELO BRANCO;;;;;Colisão Traseira;Mal Iluminada;Bom;Seca;Outros;Pare;Outros;0;0;2;1;0;0;0;0;0;0;0;0;;;;;
251150;7;5;2015;12:00;7869;RUA BARBOSA DE FREITAS;RUA FRANCISCO HOLANDA;;;;Colisão Transversal;Luz do Dia;Bom;Seca;Cruz;Pare;Residencial;0;0;2;1;0;0;0;0;0;0;0;0;-38,501555;-3,749671;;;
251151;7;5;2015;13:30;15214;AV ABOLICAO;RUA LEONARDO MOTA;;;;Colisão Transversal;Luz do Dia;Bom;Seca;T;Pare;Misto;0;0;1;1;0;0;0;0;0;1;0;0;-38,493236;-3,726977;;;
251153;7;5;2015;09:05;0;RUA ALM JACEGUAI;;;23;;Engavetamento;Luz do Dia;Bom;Seca;Meio de Quadra;Não Há Controle;Comercial;0;0;3;1;1;0;0;0;0;0;0;0;;;;;
251154;7;5;2015;08:00;0;RUA NIGERIA;;;;;Colisão Frontal;Via Iluminada;Bom;Seca;Meio de Quadra;Não Há Controle;Residencial;0;1;1;1;0;0;0;0;0;0;0;0;;;;;
251155;7;5;2015;13:52;15366;RUA PRO DIAS DA ROCHA;RUA PEREIRA VALENTE;;;;Colisão Transversal;Luz do Dia;Bom;Seca;Cruz;Pare;Comercial;0;0;2;1;0;0;0;0;0;0;0;0;-38,491243;-3,734132;;;
251156;7;5;2015;06:50;0;AV ANTONIO SALES;;;2055;;Colisão Traseira;Luz do Dia;Nublado;Seca;Meio de Quadra;Não Há Controle;Comercial;0;0;2;1;0;0;0;0;0;0;0;0;-38,505510;-3,744486;;;
251157;7;5;2015;13:30;6809;RUA BENTO ALBUQUERQUE;RUA CESAR FONSECA;;;;Colisão Transversal;Luz do Dia;Bom;Seca;Cruz;Pare;Residencial;0;0;2;1;0;0;1;0;0;0;0;0;-38,474090;-3,746679;;;
251159;7;5;2015;12:30;0;AV HERACLITO GRACA;;;;;Colisão Transversal;Luz do Dia;Bom;Seca;Meio de Quadra;Não Há Controle;Comercial;0;0;2;1;1;0;0;0;0;0;0;0;;;;;
251160;7;5;2015;09:45;5402;RUA VINTE E QUATRO DE MAIO;RUA METON DE ALENCAR;;;;Colisão Transversal;Luz do Dia;Nublado;Seca;Cruz;Pare;Comercial;0;0;2;1;0;0;0;0;0;0;0;0;-38,533848;-3,732626;;;
251161;7;5;2015;10:00;1257;RUA COSTA BARROS;RUA SILVA PAULET;;;;Colisão Lateral;Luz do Dia;Nublado;Seca;Cruz;Outros;Comercial;0;0;2;1;1;0;0;0;0;0;0;0;-38,504799;-3,732565;;;
251105;7;5;2015;23:00;0;RUA OSCAR ARARIPE;;;730;;Colisão Traseira;;Bom;Seca;Meio de Quadra;Semáforo;Residencial;0;1;1;1;0;0;0;0;0;1;0;0;-38,597954;-3,791620;;;
251106;7;5;2015;19:00;15392;RUA INACIO VASCONCELOS;RUA ARAUJO TORREAO;;;;Colisão Lateral;Anoitecer;Bom;Seca;Cruz;;Residencial;0;0;2;1;0;0;0;0;0;0;0;0;-38,496873;-3,812994;;;
251108;7;5;2015;12:40;1380;RUA NUNES VALENTE;RUA TORRES CAMARA;;;;Colisão Transversal;Luz do Dia;Bom;Seca;Cruz;Pare;Comercial;0;0;2;1;0;0;0;0;0;0;0;0;-38,503856;-3,736618;;;
251109;7;5;2015;14:00;0;RUA COSTA BARROS;;;1121;;Colisão Traseira;Luz do Dia;Bom;Seca;Meio de Quadra;Não Há Controle;Comercial;0;1;1;1;0;0;0;0;0;1;0;0;-38,513722;-3,729642;;;
251110;7;5;2015;15:00;13396;RUA JOAO BRIGIDO;RUA BAR ARACATI;;;;Colisão Transversal;Luz do Dia;Bom;Seca;Cruz;Pare;Residencial;0;1;1;1;0;0;0;0;0;1;0;0;-38,514697;-3,740939;;;
251129;7;5;2015;07:45;0;AV PRO GOMES DE MATOS;;;557;;Colisão Traseira;Luz do Dia;Nublado;Seca;Meio de Quadra;;Comercial;0;0;2;1;0;0;0;0;0;0;0;0;-38,543391;-3,758562;;;
251112;7;5;2015;18:30;0;AV HERACLITO GRACA;;;1575;;Colisão Traseira;Via Iluminada;Bom;Seca;Meio de Quadra;Não Há Controle;Comercial;0;0;3;1;0;0;0;0;0;0;0;0;-38,511322;-3,737971;;;
251115;7;5;2015;19:00;0;AV GAL OSORIO DE PAIVA;;;;;Colisão Traseira;Via Iluminada;Bom;Seca;Meio de Quadra;Não Há Controle;Comercial;0;0;2;1;0;0;0;0;0;0;0;0;;;;;
251116;7;5;2015;;0;RUA DES WALDETARIO P MOTA;;;;;Colisão Traseira;Anoitecer;Bom;Seca;Meio de Quadra;Não Há Controle;Comercial;0;0;2;1;0;0;0;0;0;0;0;0;;;;;
251117;7;5;2015;21:16;6817;RUA FRANCISCO MATOS;RUA BENTO ALBUQUERQUE;;;;Colisão Transversal;Via Iluminada;Bom;Seca;Cruz;Pare;Residencial;0;0;2;1;0;0;0;0;0;0;0;0;-38,470436;-3,747862;;;
251118;7;5;2015;22:40;5383;AV DUQ CAXIAS;RUA MAJ FACUNDO;;;;Colisão Transversal;Via Iluminada;Bom;Seca;Cruz;Semáforo;Comercial;0;1;1;1;1;0;0;0;0;0;0;0;-38,529285;-3,731981;;;
251119;7;5;2015;12:00;7710;AV CARNEIRO DE MENDONCA;RUA PEDRO MUNIZ;;;;Colisão Transversal;Luz do Dia;Bom;Seca;Cruz;Pare;Comercial;0;1;1;1;0;0;0;0;0;1;0;0;-38,563646;-3,765627;;;
251120;7;5;2015;08:50;15350;AV DES MOREIRA;RUA PEREIRA VALENTE;;;;Colisão Transversal;;Chuva;Molhada;Cruz;Semáforo;Comercial;0;0;3;1;0;0;0;0;0;0;0;0;-38,497076;-3,732253;;;
251121;7;5;2015;19:00;1510;AV JULIO VENTURA;RUA JOSE VILAR;;;;Colisão Transversal;Via Iluminada;Bom;Seca;Cruz;Semáforo;Comercial;0;1;1;1;0;0;0;0;0;1;0;0;-38,506014;-3,739985;;;
251122;7;5;2015;11:00;12925;AV DOMINGOS OLIMPIO;AV AGUANAMBI;;;;Colisão Traseira;Luz do Dia;Bom;Seca;Cruz;Semáforo;Comercial;0;0;2;1;1;0;0;0;0;0;0;0;-38,524628;-3,738683;;;
251123;7;5;2015;14:00;15322;RUA CANUTO DE AGUIAR;RUA BARBOSA DE FREITAS;;;;Colisão Transversal;Luz do Dia;Bom;Seca;Cruz;Pare;Comercial;0;0;2;1;0;0;0;0;0;0;0;0;-38,495453;-3,730624;;;
251013;7;5;2015;13:30;7694;RUA RIO GRANDE DO SUL;RUA RIO GRANDE DO NORTE;;;;Colisão Transversal;Luz do Dia;Bom;Seca;Cruz;Pare;Residencial;0;1;1;1;0;0;0;0;0;1;0;0;-38,567559;-3,758617;;;
251132;7;5;2015;10:20;0;RUA SEN MACHADO D48;;;300;;Colisão Transversal;Luz do Dia;Nublado;Seca;Meio de Quadra;Não Há Controle;Residencial;0;0;2;1;0;0;0;0;0;0;0;0;-38,484911;-3,724475;;;
251125;7;5;2015;20:30;12836;AV DOMINGOS OLIMPIO;RUA BAR ARATANHA;;;;Colisão Transversal;;Bom;Seca;Cruz;;Comercial;0;0;2;1;1;0;0;0;0;0;0;0;-38,527953;-3,737562;;;
251138;7;5;2015;21:00;13491;RUA CEL ALVES TEIXEIRA;RUA JOAO CORDEIRO;;;;Colisão Transversal;Via Iluminada;Bom;Seca;Cruz;Pare;Residencial;0;0;2;1;0;0;0;0;0;0;0;0;-38,519336;-3,745411;;;
251134;7;5;2015;10:20;0;AV JOR THOMAZ COELHO;;;1911;;Colisão Traseira;Luz do Dia;Bom;Seca;Meio de Quadra;Não Há Controle;Comercial;0;1;1;1;0;0;0;0;1;0;0;0;-38,512302;-3,828898;;;
251135;7;5;2015;09:30;11338;AV GODOFREDO MACIEL;RUA FRANCISCO GLICERIO;;;;Colisão Traseira;Luz do Dia;Nublado;Seca;Cruz;Semáforo;Comercial;0;0;2;1;0;0;0;0;0;0;0;0;-38,569757;-3,795981;;;
251147;7;5;2015;;0;RUA PDE PERDIGAO SAMPAIO;;;115;;Colisão Traseira;Via Iluminada;Bom;Seca;Meio de Quadra;Não Há Controle;Comercial;0;0;2;1;1;0;0;0;0;0;0;0;-38,596024;-3,734222;;;
251140;7;5;2015;22:45;0;AV CARNEIRO DE MENDONCA;;;1955;;Colisão Lateral;Via Iluminada;Bom;Seca;Meio de Quadra;;Residencial;0;0;2;1;0;0;0;0;0;0;0;0;-38,575629;-3,759652;;;
251144;7;5;2015;20:20;8949;AV BEZERRA DE MENEZES;RUA JUSTINIANO DE SERPA;;;;Colisão Frontal;Via Iluminada;Bom;Seca;Cruz;Semáforo;Comercial;1;0;1;0;1;0;0;0;0;1;0;0;-38,542857;-3,731156;;;
267420;7;5;2015;20:25;16287;RUA 19 DE MARCO;RUA LEITAO CERQUEIRA;;;;Colisão;;;;;;;0;0;2;0;0;0;0;0;0;0;0;0;-38,563196;-3,829612;;;
267421;7;5;2015;21:24;9723;RUA GUARAREMA;RUA GERALDO BARBOSA;;;;Colisão;;;;;;;0;0;2;0;0;0;0;0;0;0;0;0;-38,619056;-3,786464;;;
261882;7;5;2015;09:09;25009;RUA TULIPA;RUA RAIMUNDO FROTA;;;;Queda;Luz do Dia;;;;;;0;1;0;0;0;0;0;0;0;1;0;0;-38,579975;-3,715652;;;
261883;7;5;2015;09:43;0;AV PERIMETRAL;;;;;Colisão;Luz do Dia;;;Meio de Quadra;;;0;1;1;1;0;0;0;0;0;1;0;0;;;;;
261884;7;5;2015;09:52;2469;AV 20 DE JANEIRO;RUA ALBERTO DE OLIVEIRA;;;;Queda;Luz do Dia;;;Cruz;Pare;Misto;0;1;0;0;0;0;0;0;0;1;0;0;-38,575648;-3,708286;;;
261889;7;5;2015;10:14;25219;RUA PEDRO MARTINS;RUA MARIA JULIA ROCHA;;;;;Luz do Dia;;;;;;0;1;1;0;0;0;0;0;0;1;0;0;;;;;
261896;7;5;2015;13:24;1222;RUA COSTA BARROS;RUA ANTONIO AUGUSTO;;;;Colisão;Luz do Dia;;;Cruz;Pare;Misto;0;1;1;1;0;0;0;0;0;1;0;0;-38,513288;-3,729783;;;
261876;7;5;2015;00:10;13085;AV C CJ JOSE WALTER;RUA 39 CJ JOSE WALTER;;;;Atropelamento;;;;;;;0;1;1;0;1;0;0;0;0;0;0;0;-38,557555;-3,828162;;;
261877;7;5;2015;07:14;23371;RUA FRE VIDAL;RUA EDUARDO BEZERRA;;;;Colisão;Luz do Dia;;;Cruz;Pare;Residencial;0;1;1;1;0;0;0;0;0;1;0;0;-38,518044;-3,754266;;;
261892;7;5;2015;10:33;0;RUA GUSTAVO SAMPAIO;;;;;Queda;Luz do Dia;;;Meio de Quadra;;;0;1;0;0;0;0;0;0;0;1;0;0;;;;;
261893;7;5;2015;11:08;0;AV FRANCISCO SA;;;;;;Luz do Dia;;;Meio de Quadra;;;0;1;0;1;0;0;0;0;0;1;0;0;-38,581647;-3,709004;;;
261894;7;5;2015;11:42;0;AV GOV RAUL BARBOSA;;;;;Colisão;Luz do Dia;;;Meio de Quadra;;;0;1;0;1;0;0;1;0;0;0;0;0;-38,507689;-3,761633;;;
261917;7;5;2015;20:01;7733;AV JOAO PESSOA;RUA BAR SOBRAL;;;;Colisão;;;;Outros;Semáforo;Comercial;0;1;1;1;0;1;0;0;0;0;0;0;-38,558693;-3,764518;;;
261918;7;5;2015;20:11;0;RUA ANA GONCALVES;;;209;;Colisão;;;;Meio de Quadra;;;0;1;1;1;0;0;0;0;0;1;0;0;-38,514618;-3,759693;;;
261919;7;5;2015;20:35;26150;RUA AMANCIO PEREIRA;RUA CRISTAIS PAULISTA;;;;Colisão;;;;Cruz;Pare;Comercial;0;1;0;0;0;0;0;0;0;0;0;0;-38,523860;-3,818428;;;
261920;7;5;2015;21:32;0;RUA COSTA FREIRE;;;1564;;Atropelamento;;;;Meio de Quadra;;;0;1;1;0;0;0;0;0;0;1;0;0;-38,585368;-3,792998;;;
261906;7;5;2015;17:19;0;AV MON TABOSA;;;603;;Atropelamento;Anoitecer;;;Meio de Quadra;;;0;1;1;1;0;0;0;0;0;0;0;0;-38,513896;-3,723889;;;
261907;7;5;2015;18:07;0;AV L CJ JOSE WALTER;;;;;Colisão;Anoitecer;;;Meio de Quadra;;;0;1;1;1;0;0;0;0;0;1;0;0;;;;;
261900;7;5;2015;17:15;0;RUA SEN POMPEU;;;;;Outros;Anoitecer;;;Meio de Quadra;;;0;1;0;0;0;0;0;0;0;0;0;0;;;;;
261898;7;5;2015;15:33;0;RUA METON DE ALENCAR;;;;;Colisão;Luz do Dia;;;Meio de Quadra;;;0;1;1;1;0;0;0;0;0;1;0;0;;;;;
261874;7;5;2015;00:06;2830;AV GAL OSORIO DE PAIVA;RUA OSCAR FRANCA;;;;Atropelamento;;;;T;Semáforo;Residencial;0;2;0;0;0;0;0;0;0;1;0;0;-38,592113;-3,794473;;;
261909;7;5;2015;18:22;0;AV SGT HERMINIO SAMPAIO;;;;;Queda;Anoitecer;;;Meio de Quadra;;;0;1;0;0;0;0;0;0;0;1;0;0;-38,573048;-3,729066;;;
261910;7;5;2015;18:25;1447;AV DES MOREIRA;RUA TORRES CAMARA;;;;Colisão;Anoitecer;;;;;;0;1;1;1;0;0;0;0;0;1;0;0;;;;;
261911;7;5;2015;19:08;0;AV SGT HERMINIO SAMPAIO;;;;;Colisão;;;;Meio de Quadra;;;0;1;1;1;0;0;0;0;0;1;0;0;;;;;
261912;7;5;2015;19:26;0;AV GODOFREDO MACIEL;;;;;Colisão;;;;Meio de Quadra;;;0;1;1;1;0;0;0;0;0;0;0;0;-38,564277;-3,778077;;;
261926;7;5;2015;09:03;0;RUA FIRMINO ROCHA AGUIAR;;;;;Atropelamento;Luz do Dia;;;Meio de Quadra;;;0;1;1;1;0;0;0;0;0;0;0;0;;;;;
258886;7;5;2015;12:50;0;RD BR 116;;;5000;KM-05;Colisão Lateral;Luz do Dia;Bom;Seca;Meio de Quadra;Não Há Controle;Comercial;0;0;2;1;0;0;0;0;0;0;0;0;-38,506787;-3,796502;;;
258887;7;5;2015;13:10;0;RD BR 116;;;13000;KM-13;Colisão Lateral;Luz do Dia;Bom;Seca;Meio de Quadra;Não Há Controle;Comercial;0;0;2;1;0;0;1;0;0;0;0;0;-38,497727;-3,864670;;;
270851;7;5;2015;10:37;3860;AV DA UNIVERSIDADE;AV 13 DE MAIO;;;;Colisão;Luz do Dia;;;Cruz;Semáforo;Comercial;0;0;2;0;0;0;0;0;0;0;0;0;-38,539107;-3,740962;;;
270852;7;5;2015;11:18;0;RUA CEL ERNESTO MATOS;;;580;;Colisão;Luz do Dia;;;Meio de Quadra;;;0;0;2;0;0;0;0;0;0;0;0;0;;;;;
270855;7;5;2015;11:33;0;RUA JOAQUIM NABUCO;;;430;;Colisão;Luz do Dia;;;Meio de Quadra;;;0;0;2;0;0;0;0;0;0;0;0;0;-38,499364;-3,729281;;;
270858;7;5;2015;12:04;1498;RUA SILVA PAULET;AV JULIO VENTURA;;;;Colisão;Luz do Dia;;;Cruz;Semáforo;Comercial;0;0;2;0;0;0;0;0;0;0;0;0;-38,507100;-3,739640;;;
270861;7;5;2015;16:26;0;RUA TAQUATIARA;;;772;;Colisão;Luz do Dia;;;Meio de Quadra;;;0;0;2;0;0;0;0;0;0;0;0;0;-38,508251;-3,828882;;;
270863;7;5;2015;21:25;16453;RUA CEL MANUEL ALBANO;RUA 26 BATALHAO;;;;Colisão;;;;Cruz;Pare;Misto;0;0;2;0;0;0;0;0;0;0;0;0;-38,568374;-3,807008;;;
262848;7;5;2015;03:00;0;AV A CJ JOSE WALTER;;;680;;Atropelamento;;;;Meio de Quadra;;;0;1;0;0;1;0;0;0;0;0;0;0;-38,556401;-3,824168;;;
264145;7;5;2015;16:40;6817;RUA BENTO ALBUQUERQUE;RUA FRANCISCO MATOS;;;;;Luz do Dia;;;Cruz;Pare;Residencial;0;1;0;1;1;0;0;0;0;0;0;0;-38,470436;-3,747862;;;
251285;8;5;2015;08:00;12543;RUA ROSINHA SAMPAIO;RUA OTAVIO PARANHOS;;;;Outros;Luz do Dia;Bom;Seca;;Pare;Residencial;0;0;1;0;0;0;1;0;0;0;0;0;-38,586491;-3,726838;;;
251303;8;5;2015;08:15;0;RUA BERNARDO MANUEL;;;;;Colisão Transversal;Luz do Dia;Bom;Seca;Meio de Quadra;Semáforo;Comercial;0;1;1;0;0;0;0;0;0;1;0;0;;;;;
251308;8;5;2015;19:00;3801;RUA DOM JERONIMO D06;AV 13 DE MAIO;;;;Colisão Traseira;Via Iluminada;Bom;Seca;T;Semáforo;Comercial;0;0;2;1;0;0;0;1;0;0;0;0;-38,542436;-3,738032;;;
251296;8;5;2015;19:00;1337;AV SANTOS DUMONT;RUA OSVALDO CRUZ (ALDEOTA);;;;Colisão Lateral;Anoitecer;Bom;Seca;Cruz;Pare;Comercial;0;0;2;0;1;0;0;0;0;0;0;0;-38,500317;-3,735602;;;
251313;8;5;2015;21:00;25387;AV AUGUSTO DOS ANJOS;TR SANTABAIA;;;;Colisão Lateral;Via Iluminada;Bom;Seca;T;Não Há Controle;Comercial;0;2;0;0;0;0;0;0;0;1;0;0;-38,575525;-3,776038;;;
251315;8;5;2015;10:15;8025;AV JOAO PESSOA;RUA PRO COSTA MENDES;;;;Colisão Lateral;Luz do Dia;Bom;Seca;Cruz;Semáforo;Comercial;0;1;1;1;0;0;0;0;0;1;0;0;-38,549441;-3,752393;;;
251320;8;5;2015;08:00;0;AV ENG HUMBERTO MONTE;;;1486;;Colisão Lateral;Luz do Dia;Nublado;Molhada;Meio de Quadra;Outros;Residencial;0;0;2;1;0;0;0;0;0;0;0;0;-38,562104;-3,747152;;;
251330;8;5;2015;06:40;7650;AV CARNEIRO DE MENDONCA;RUA BELO HORIZONTE;;;;Colisão Transversal;Luz do Dia;Nublado;Seca;Cruz;Pare;Comercial;0;1;1;1;0;0;0;0;0;1;0;0;-38,567567;-3,763666;;;