COD_ACIDENTE;DIA;MES;ANO;HORA;INTERSECAO;LOG1;LOG2;LOG3;NUMERO;REFERENCIA;NATUREZA;ILUMINACAO;TEMPO;SUPERFICIEPISTA;TIPOCRUZAMENTO;CONTROLETRAFEGO;USOSOLO;MORTOS;FERIDOS;ILESOS;AUTOMOVEL;ONIBUS;BICICLETA;CAMINHAO;MICROONIBUS;CICLOMOTOR;MOTOCICLETA;TRACAOANIMAL;TREM;LONG;LAT;;;
251328;8;5;2015;09:45;11035;RUA GERMANO FRANCK;RUA JULIO VERNE;;;;Colisão Transversal;Luz do Dia;Bom;Seca;T;Não Há Controle;Comercial;0;1;1;0;0;0;1;0;1;0;0;0;-38,558672;-3,774526;;;
251334;8;5;2015;08:00;0;AV JOSE BASTOS;;;4800;;;Luz do Dia;Bom;Seca;Meio de Quadra;Semáforo;Comercial;0;0;2;1;0;0;0;0;0;0;0;0;-38,559153;-3,757181;;;
251336;8;5;2015;07:30;0;AV JOSE BASTOS;;;4800;;Colisão Traseira;Luz do Dia;Bom;;Outros;Semáforo;Residencial;0;0;2;1;0;0;0;0;0;0;0;0;-38,559153;-3,757181;;;
251340;8;5;2015;13:40;25125;RUA DNA LEOPOLDINA;RUA ROCHA LIMA;;;;Colisão Transversal;Luz do Dia;Bom;Seca;Cruz;Pare;Residencial;0;1;1;0;0;0;1;0;0;1;0;0;-38,521427;-3,736665;;;
251345;8;5;2015;15:10;15105;AV HIS RAIMUNDO GIRAO;RUA BAR ARACATI;;;;Colisão Lateral;Luz do Dia;Bom;Seca;T;Não Há Controle;Outros;0;1;1;1;0;0;0;0;0;1;0;0;-38,508496;-3,722091;;;
251346;8;5;2015;17:00;25854;AV EDILSON B SOARES;RUA ANIBAL F BONAVIDES;;;;Colisão Traseira;Via Iluminada;;Molhada;Cruz;Pare;Residencial;0;0;3;1;0;0;0;0;0;0;0;0;-38,475387;-3,789009;;;
251348;8;5;2015;16:20;9073;RUA LAURO MAIA;RUA CEL JOSE EUCLIDES;;;;Colisão Lateral;Luz do Dia;Bom;Seca;Cruz;Pare;Residencial;0;0;2;1;0;0;0;0;0;1;0;0;-38,521915;-3,752061;;;
251349;8;5;2015;06:30;1282;AV SANTOS DUMONT;AV BAR STUDART;;;;Colisão Transversal;Luz do Dia;Bom;Seca;Cruz;Semáforo;Comercial;0;0;2;1;0;0;0;0;0;0;0;0;-38,506304;-3,733642;;;
251351;8;5;2015;13:30;17288;RUA ALBERTO MAGNO;RUA EDUARDO ANGELIM;;;;Colisão Lateral;Luz do Dia;Bom;;Cruz;Pare;Residencial;0;2;1;1;0;0;0;0;0;1;0;0;-38,548491;-3,763194;;;
251356;8;5;2015;09:00;0;AV D CJ CEARA;;;958;;Colisão Traseira;Luz do Dia;Bom;Seca;Meio de Quadra;Gesto;Residencial;0;0;2;0;1;0;0;0;0;0;0;0;-38,603587;-3,760351;;;
251364;8;5;2015;14:30;13261;AV JOAO DE ARAUJO LIMA;AV G CJ JOSE WALTER;;;;Colisão Lateral;;Bom;Seca;Cruz;Gesto;Comercial;0;0;2;1;0;0;0;0;0;0;0;0;-38,561487;-3,837034;;;
252415;8;5;2015;19:00;12955;AV JOAO DE ARAUJO LIMA;AV A CJ JOSE WALTER;;;;Colisão Lateral;Via Iluminada;Chuva;Molhada;Cruz;Pare;Comercial;0;0;2;1;0;0;0;0;0;0;0;0;-38,558691;-3,823474;;;
254713;8;5;2015;14:00;0;AV GAL OSORIO DE PAIVA;;;4050;;Colisão Lateral;Luz do Dia;Bom;Seca;Meio de Quadra;Semáforo;Comercial;0;0;2;1;0;0;1;0;0;0;0;0;-38,590228;-3,792557;;;
254717;8;5;2015;21:00;3335;RUA VIRIATO RIBEIRO;RUA MARIO DE ANDRADE;;;;Colisão Frontal;Via Iluminada;Bom;Seca;Cruz;Pare;Residencial;0;1;1;1;0;0;0;0;0;1;0;0;-38,561808;-3,749713;;;
254723;8;5;2015;19:00;15195;AV ABOLICAO;RUA JOSE NAPOLEAO;;;;Colisão Transversal;Via Iluminada;Bom;Seca;Cruz;Semáforo Manual;Comercial;0;0;2;1;0;0;0;0;0;0;0;0;-38,490302;-3,726523;;;
254729;8;5;2015;08:30;8647;AV EDILSON B SOARES;RUA PRO SOLON FARIAS;;;;Colisão Traseira;Luz do Dia;Chuva;Molhada;Cruz;Pare;Comercial;0;0;2;1;0;0;1;0;0;0;0;0;-38,477116;-3,789155;;;
254736;8;5;2015;16:40;0;RUA CASTRO E SILVA;;;;;Colisão Transversal;Luz do Dia;Bom;Seca;Meio de Quadra;Não Há Controle;Comercial;0;0;2;1;1;0;0;0;0;0;0;0;;;;;
270870;8;5;2015;08:58;6128;AV B CJ CEARA;RUA MIN ALBUQUERQUE LIMA;;;;Colisão;Luz do Dia;;;Cruz;Semáforo;Residencial;0;0;2;0;0;0;0;0;0;0;0;0;-38,607506;-3,768744;;;
270866;8;5;2015;00:54;0;RUA MAL BITENCOURT;;;100;;Choque c/ Obstáculo Fixo;;;;Meio de Quadra;;;0;0;1;0;0;0;0;0;0;0;0;0;-38,528414;-3,786222;;;
270867;8;5;2015;08:58;23002;RUA PRA HELOISA F LIMA;RUA VILA RICA;;;;Colisão;Luz do Dia;;;Cruz;Pare;Outros;0;0;2;0;0;0;0;0;0;0;0;0;-38,545724;-3,787573;;;
270872;8;5;2015;10:51;0;AV PRS CASTELO BRANCO;;;2335;;Colisão;Luz do Dia;;;Meio de Quadra;;;0;0;2;0;0;0;0;0;0;0;0;0;-38,548699;-3,713679;;;
270874;8;5;2015;10:54;17353;RUA JOAQUIM PIMENTA;RUA TEODORICO BARROSO;;;;Colisão;Luz do Dia;;;;;;0;0;2;0;0;0;0;0;0;0;0;0;-38,544447;-3,765788;;;
270876;8;5;2015;12:35;7761;RUA NUNES VALENTE;RUA DOM EXPEDITO LOPES;;;;Colisão;Luz do Dia;;;Cruz;Pare;Residencial;0;0;2;0;0;0;0;0;0;0;0;0;-38,506068;-3,743494;;;
270877;8;5;2015;14:21;5215;RUA PDE MORORO;RUA PEDRO PEREIRA;;;;Colisão;Luz do Dia;;;Cruz;Semáforo;Comercial;0;0;2;0;0;0;0;0;0;0;0;0;-38,537843;-3,726667;;;
258889;8;5;2015;07:50;0;RD BR 116;;;1000;KM-01;Colisão Traseira;Luz do Dia;Bom;Seca;Meio de Quadra;Não Há Controle;Comercial;0;0;3;1;0;0;0;0;0;0;0;0;-38,518702;-3,762554;;;
258890;8;5;2015;09:30;0;RD BR 116;;;12000;KM-12;Colisão Frontal;Luz do Dia;Bom;Seca;Meio de Quadra;Não Há Controle;Comercial;0;0;2;1;0;0;0;0;0;0;0;0;-38,496066;-3,855740;;;
258891;8;5;2015;18:50;0;RD BR 116;;;4000;KM-04;Colisão Transversal;Via Iluminada;Bom;Seca;Meio de Quadra;Não Há Controle;Comercial;0;0;2;1;1;0;0;0;0;0;0;0;-38,510646;-3,788331;;;
261927;8;5;2015;09:31;12176;RUA CAROA CJ A TAMANDARE;RUA DO PEREIRO;;;;Colisão;Luz do Dia;;;;;;0;1;1;1;0;0;0;0;0;1;0;0;-38,517715;-3,838906;;;
261928;8;5;2015;12:08;0;RUA ALFREDO DE CASTRO;;;;;Colisão;Luz do Dia;;;Meio de Quadra;;;0;1;1;1;0;0;0;0;0;1;0;0;-38,550964;-3,762264;;;
261939;8;5;2015;20:05;0;RUA ICARASSU D63;;;;;Queda;;;;Meio de Quadra;;;0;1;0;0;0;1;0;0;0;0;0;0;;;;;
261940;8;5;2015;23:01;3863;AV 13 DE MAIO;RUA SEN POMPEU;;;;Atropelamento;;;;Cruz;Não Há Controle;Residencial;0;1;1;1;0;0;0;0;0;0;0;0;-38,534969;-3,744515;;;
261934;8;5;2015;16:14;0;AV PRS COSTA E SILVA;;;;;Colisão;Luz do Dia;;;Meio de Quadra;;;0;1;1;1;0;0;0;0;0;1;0;0;;;;;
261935;8;5;2015;16:19;0;AV MR HULL;;;;;Atropelamento;Luz do Dia;;;Meio de Quadra;;;0;0;2;0;0;0;0;0;0;1;0;0;;;;;
261936;8;5;2015;18:52;0;RD BR 116;;;;;Colisão;;;;Meio de Quadra;;;0;1;1;1;0;0;0;0;0;1;0;0;;;;;
261937;8;5;2015;19:54;0;AV MR HULL;;;;;Queda;;;;Meio de Quadra;;;0;1;0;0;0;0;0;0;0;1;0;0;;;;;
261930;8;5;2015;14:40;0;AV AGUANAMBI;;;;;Colisão;Luz do Dia;;;Meio de Quadra;;;0;1;1;1;0;0;0;0;0;1;0;0;-38,523469;-3,751527;;;
261921;8;5;2015;06:13;0;AV MOZART PINHEIRO DE LUCENA;;;;;Atropelamento;Luz do Dia;;;Meio de Quadra;;;0;1;1;1;0;0;0;0;0;0;0;0;-38,597249;-3,723594;;;
261922;8;5;2015;07:32;0;RUA MANUEL SATIRO;;;;;Colisão;Luz do Dia;;;Meio de Quadra;;;0;1;1;0;0;0;0;0;0;1;0;0;-38,578150;-3,807880;;;
261923;8;5;2015;07:50;26236;AV DR SILAS MUNGUBA;RUA BERNARDO MANUEL;;;;Colisão;Luz do Dia;;;;;;0;1;1;1;0;0;0;0;0;1;0;0;-38,547960;-3,787538;;;
261924;8;5;2015;08:07;0;AV PRS JUSCELINO KUBITSCHEK (PASSARÉ);;;;;Colisão;Luz do Dia;;;Meio de Quadra;;;0;1;1;1;0;0;0;0;0;1;0;0;-38,534037;-3,819592;;;
261925;8;5;2015;08:20;0;AV PERIMETRAL;;;631;;Colisão;Luz do Dia;;;Meio de Quadra;;;0;1;1;0;0;0;0;0;0;1;0;0;;;;;
267422;8;5;2015;04:27;10705;AV SEN FERNANDES TAVORA;RUA STA FILOMENA;;;;Colisão;;;;T;Pare;Escola;0;0;2;0;0;0;0;0;0;0;0;0;-38,589546;-3,758249;;;
267425;8;5;2015;21:46;0;AV PRS CASTELO BRANCO;;;;;Colisão;;;;Meio de Quadra;;;0;0;2;0;0;0;0;0;0;0;0;0;;;;;
269979;8;5;2015;09:31;0;RUA PERNAMBUCO;;;;;Colisão;Luz do Dia;;;Meio de Quadra;;;0;0;2;0;0;0;0;0;0;0;0;0;;;;;
252121;8;5;2015;14:40;0;AV SANTOS DUMONT;;;;;;Luz do Dia;Bom;Seca;Meio de Quadra;Não Há Controle;Comercial;0;0;2;1;0;0;0;0;0;0;0;0;;;;;
251162;8;5;2015;10:40;0;RUA DR JOSE LOURENCO;;;1109;;Colisão Transversal;Luz do Dia;Bom;Seca;Meio de Quadra;Não Há Controle;Residencial;0;1;1;1;0;0;0;0;0;1;0;0;-38,507582;-3,733937;;;
251171;8;5;2015;15:27;1516;AV DES MOREIRA;AV PDE ANTONIO TOMAS;;;;Colisão Traseira;Luz do Dia;Bom;Seca;Cruz;Semáforo;Comercial;0;0;2;1;0;0;0;0;0;0;0;0;-38,499616;-3,740161;;;
251179;8;5;2015;15:15;6724;AV SANTOS DUMONT;AV ENG SANTANA JUNIOR;;;;Colisão Lateral;Luz do Dia;Bom;Seca;Cruz;Não Há Controle;Comercial;0;0;2;1;1;0;0;0;0;0;0;0;-38,485132;-3,740506;;;
251182;8;5;2015;08:50;5451;AV DOM MANUEL;RUA BARBARA DE ALENCAR;;;;Colisão Lateral;Luz do Dia;Bom;Seca;Cruz;Semáforo;Comercial;0;0;4;1;1;0;0;0;0;0;0;0;-38,523262;-3,734972;;;
251188;8;5;2015;23:40;15366;RUA PEREIRA VALENTE;RUA PRO DIAS DA ROCHA;;;;Colisão Lateral;Via Iluminada;Bom;Seca;;Pare;Residencial;0;1;1;1;0;0;0;0;0;1;0;0;-38,491243;-3,734132;;;
251218;8;5;2015;04:15;10963;RUA ANTONIO FIUZA;RUA 15 DE NOVEMBRO;;;;Colisão Transversal;;Nublado;Molhada;Cruz;Semáforo;Residencial;0;1;1;1;1;0;0;0;0;0;0;0;-38,552228;-3,770252;;;
251210;8;5;2015;10:00;0;AV GAL OSORIO DE PAIVA;;;5884;;Colisão Traseira;Luz do Dia;Bom;Seca;Meio de Quadra;Semáforo;Comercial;0;0;2;1;0;0;1;0;0;0;0;0;-38,605198;-3,807958;;;
251203;8;5;2015;17:00;15360;AV DES MOREIRA;AV DOM LUIS;;;;Colisão Traseira;Via Iluminada;Bom;Seca;Rotatória;Pare;Comercial;0;0;2;1;1;0;0;0;0;0;0;0;-38,497383;-3,733239;;;
251205;8;5;2015;07:30;11981;AV CASTELO DE CASTRO;AV CONTORNO NORTE (SAO CRSITOVAO);;;;Colisão Transversal;;Nublado;;Cruz;;Comercial;0;0;2;1;0;0;0;0;0;0;0;0;-38,521519;-3,831735;;;
251207;8;5;2015;09:00;0;AV DES GONZAGA;;;288;;Atropelamento de Animal;Luz do Dia;Bom;Seca;Meio de Quadra;Não Há Controle;Comercial;0;0;2;1;0;0;0;0;0;0;0;0;-38,503427;-3,789516;;;
251197;8;5;2015;15:30;5269;RUA PDE IBIAPINA;AV DUQ CAXIAS;;;;Colisão Lateral;;Bom;Seca;Cruz;Semáforo;Comercial;0;0;2;1;1;0;0;0;0;0;0;0;-38,540226;-3,728446;;;
251195;8;5;2015;19:30;24226;RUA FAUSTO CABRAL;RUA DES WALDETARIO P MOTA;;;;Colisão Transversal;Via Iluminada;Bom;Seca;Cruz;Pare;Residencial;0;1;1;1;0;0;0;0;0;1;0;0;-38,478283;-3,733093;;;
251192;8;5;2015;15:00;0;RUA DO ROSARIO;;;;;Colisão Frontal;Via Iluminada;Bom;Seca;Meio de Quadra;Não Há Controle;Outros;0;0;2;1;0;0;0;0;0;0;0;0;;;;;
251266;8;5;2015;19:00;12514;RUA JULIO BRAGA;AV LINEU MACHADO;;;;Colisão Frontal;Via Iluminada;Nublado;Molhada;;Não Há Controle;Comercial;0;0;2;1;0;0;0;0;0;1;0;0;-38,581790;-3,775335;;;
251268;8;5;2015;20:53;0;RUA ISAIE BORIS;;;;;Colisão Lateral;Via Iluminada;Bom;Seca;Meio de Quadra;Pare;Comercial;0;0;2;1;0;0;1;0;0;0;0;0;;;;;
251230;8;5;2015;17:00;0;AV JOR THOMAZ COELHO;;;;;Colisão Lateral;Luz do Dia;Bom;Seca;Meio de Quadra;Não Há Controle;Residencial;0;1;1;1;0;0;0;0;0;1;0;0;;;;;
251234;8;5;2015;09:00;0;RUA PDE GRACA;;;36;;Colisão Frontal;Luz do Dia;Bom;Seca;Meio de Quadra;Pare;Residencial;0;0;2;1;0;0;0;0;0;0;0;0;-38,545981;-3,732482;;;
251248;8;5;2015;01:15;9952;RUA JOSE TORRES;RUA EMILIO DE MENESES;;;;Colisão Transversal;Via Iluminada;Bom;Seca;Cruz;Pare;Comercial;0;2;0;0;0;0;0;0;0;1;0;0;-38,606283;-3,776425;;;
251257;8;5;2015;00:30;6788;AV SANTOS DUMONT;RUA DES WALDETARIO P MOTA;;;;Choque c/ Obstáculo Fixo;Via Iluminada;Bom;Seca;Cruz;Semáforo;Comercial;0;0;1;1;0;0;0;0;0;0;0;0;-38,483309;-3,741093;;;
261126;8;5;2015;18:22;0;RUA PEDRO I;;;;;Colisão;Anoitecer;;;Meio de Quadra;;;0;0;2;0;1;0;0;0;0;0;0;0;;;;;
261127;8;5;2015;19:05;11761;AV PRS CASTELO BRANCO;RUA JACINTO MATOS;;;;Colisão;;;;T;Semáforo;Residencial;0;0;2;1;0;0;0;0;0;0;0;0;-38,546333;-3,714630;;;
261128;8;5;2015;20:52;0;RUA CEL ALEXANDRINO;;;;;Colisão;;;;Meio de Quadra;;;0;0;2;1;0;0;1;0;0;0;0;0;;;;;
259272;8;5;2015;18:20;0;RD CE-040;;;;KM-02;Colisão;Anoitecer;Bom;Seca;Meio de Quadra;;;0;0;2;1;0;0;0;0;0;0;0;0;-38,481598;-3,776479;;;
259273;8;5;2015;20:40;0;RD CE-040;;;2040;KM-03;Colisão;;Bom;Seca;Meio de Quadra;;;0;0;2;1;0;0;0;0;0;0;0;0;;;;;
259270;8;5;2015;14:40;0;RD CE-040;;;;KM-08;Colisão;Luz do Dia;Bom;Seca;Meio de Quadra;;;0;0;2;1;0;0;0;0;0;1;0;0;-38,481317;-3,823332;;;
259267;8;5;2015;06:50;0;AV SEN CARLOS JEREISSATI (AEROPORTO);;;;KM 03;Colisão Traseira;Luz do Dia;;Seca;Meio de Quadra;;;0;0;2;1;0;0;0;0;0;1;0;0;-38,541414;-3,780382;;;
259274;9;5;2015;09:50;0;RD CE-040;;;;KM-06;Colisão Traseira;Luz do Dia;Bom;Seca;Meio de Quadra;;;0;0;2;1;0;0;0;0;0;0;0;0;-38,478781;-3,811270;;;
259276;9;5;2015;13:20;0;AV SEN CARLOS JEREISSATI (AEROPORTO);;;;KM 02;Engavetamento;Luz do Dia;Bom;Seca;Meio de Quadra;;;0;0;3;1;0;0;0;0;0;0;0;0;-38,529156;-3,783932;;;
261133;9;5;2015;21:15;0;RUA AZEVEDO BOLAO;;;1180;;Colisão;;;;Meio de Quadra;;;0;0;2;1;0;0;0;0;0;0;0;0;-38,554829;-3,736063;;;
251193;9;5;2015;10:00;0;RUA FRE ODILON;;;3112;;Colisão Lateral;Luz do Dia;Bom;Seca;Meio de Quadra;Semáforo;Residencial;0;0;2;1;0;0;0;0;0;0;0;0;;;;;
251194;9;5;2015;01:20;0;AV GAL OSORIO DE PAIVA;;;6770;;Colisão Transversal;Via Iluminada;Chuva;Molhada;Meio de Quadra;Não Há Controle;Comercial;0;2;1;1;0;0;0;0;0;1;0;0;-38,610073;-3,813008;;;
251198;9;5;2015;07:30;25351;AV PRS JUSCELINO KUBITSCHEK (PASSARÉ);RUA MARINHO E SILVA;;;;Colisão Traseira;Luz do Dia;Nublado;Seca;Cruz;Pare;Misto;0;0;2;1;0;0;0;0;0;0;0;0;;;;;
251200;9;5;2015;18:30;0;RUA JARDIM BOTANICO;;;2095;;Colisão Frontal;Via Iluminada;Bom;Seca;Meio de Quadra;Não Há Controle;Comercial;0;1;1;1;0;0;0;0;0;0;0;0;;;;;
251208;9;5;2015;19:30;0;AV I CJ JOSE WALTER;;;855;;Colisão Lateral;Via Iluminada;Bom;Seca;Meio de Quadra;Não Há Controle;Residencial;0;0;2;1;0;0;0;0;0;0;0;0;;;;;
251209;9;5;2015;07:30;19375;RUA NAPOLEAO QUEZADO;RUA CON DE CASTRO;;;;Colisão Lateral;Luz do Dia;Bom;Seca;Cruz;Pare;Misto;0;0;2;1;1;0;0;0;0;0;0;0;-38,566777;-3,777706;;;
251206;9;5;2015;01:05;1496;RUA PDE VALDEVINO;RUA ILDEFONSO ALBANO;;;;Colisão Transversal;Via Iluminada;Nublado;Seca;Cruz;Semáforo;Comercial;0;1;1;0;0;0;0;0;0;1;0;0;-38,515423;-3,739573;;;
251204;9;5;2015;18:55;0;AV GODOFREDO MACIEL;;;;;Colisão Traseira;Via Iluminada;Bom;Seca;Meio de Quadra;Não Há Controle;Comercial;0;1;1;1;1;0;0;0;0;0;0;0;-38,569776;-3,796044;;;
251202;9;5;2015;09:00;0;RUA PRC ISABEL;;;1305;;Colisão Lateral;Luz do Dia;Bom;Seca;Meio de Quadra;;Residencial;0;0;2;1;0;0;0;0;0;1;0;0;-38,537171;-3,732294;;;
251211;9;5;2015;10:00;0;RUA CON DE CASTRO;;;6144;;Colisão Lateral;Luz do Dia;Bom;Seca;Meio de Quadra;Não Há Controle;Residencial;0;0;2;1;0;0;0;0;0;0;0;0;-38,599887;-3,816100;;;
251213;9;5;2015;16:00;0;AV JOR THOMAZ COELHO;;;555;;Colisão Lateral;Luz do Dia;Bom;Seca;Meio de Quadra;Não Há Controle;Comercial;0;0;2;1;1;0;0;0;0;0;0;0;-38,499306;-3,832409;;;
251216;9;5;2015;07:30;5468;RUA BAR ARATANHA;RUA ANTONIO POMPEU;;;;Colisão Transversal;;Bom;Seca;Cruz;Semáforo;Comercial;0;1;1;1;0;0;0;0;1;0;0;0;-38,527351;-3,735826;;;
251189;9;5;2015;08:30;0;AV OLAVO BILAC;;;817;;Colisão Lateral;Luz do Dia;Bom;Seca;Meio de Quadra;Não Há Controle;Comercial;0;1;1;1;0;0;0;0;0;1;0;0;-38,565013;-3,727822;;;
251190;9;5;2015;11:30;15623;RUA VASCO DE ATAIDE;RUA VICENTE NOBRE MACEDO;;;;Colisão Transversal;Luz do Dia;Bom;Seca;Cruz;Pare;Residencial;0;0;2;1;0;0;0;0;0;0;0;0;-38,484238;-3,824367;;;
251191;9;5;2015;07:35;5394;AV TRISTAO GONCALVES;RUA METON DE ALENCAR;;;;Queda;;Nublado;Molhada;Cruz;Semáforo;Comercial;0;2;0;0;0;0;0;0;0;1;0;0;-38,534777;-3,732327;;;
251183;9;5;2015;11:30;5374;RUA BAR RIO BRANCO;AV DUQ CAXIAS;;;;Colisão Traseira;Luz do Dia;Bom;Seca;Cruz;Semáforo;Comercial;0;2;0;1;0;0;0;1;0;0;0;0;-38,529947;-3,731774;;;
251184;9;5;2015;13:30;14421;RUA PDE ANCHIETA;AV SGT HERMINIO SAMPAIO;;;;Colisão Transversal;Luz do Dia;Bom;Seca;Cruz;Semáforo;Comercial;0;1;1;0;1;0;0;0;0;1;0;0;-38,551079;-3,724693;;;
251185;9;5;2015;13:30;0;AV BEZERRA DE MENEZES;;;1049;;Colisão Traseira;Amanhecer;Bom;Seca;Meio de Quadra;Semáforo;Residencial;0;0;2;1;0;0;0;0;0;0;0;0;-38,554219;-3,733548;;;
251186;9;5;2015;13:50;0;AV SANTOS DUMONT;;;2727;;Colisão Lateral;Luz do Dia;Bom;Seca;;;;0;0;2;1;0;0;0;0;0;0;0;0;-38,500642;-3,735498;;;
251187;9;5;2015;12:00;7860;AV ANTONIO SALES;AV SEN VIRGILIO TAVORA;;;;Colisão;Luz do Dia;Bom;Seca;Cruz;Semáforo;Misto;0;0;2;1;0;0;0;0;0;0;0;0;-38,496500;-3,747279;;;
251180;9;5;2015;09:25;15360;AV DES MOREIRA;AV DOM LUIS;;;;Colisão Lateral;;Bom;Seca;Rotatória;Pare;Comercial;0;0;2;1;1;0;0;0;0;0;0;0;-38,497383;-3,733239;;;
251181;9;5;2015;05:40;1529;RUA JOSE VILAR;RUA BARBARA DE ALENCAR;;;;Colisão Transversal;Amanhecer;Bom;Seca;Cruz;Pare;Misto;0;2;2;0;0;0;0;0;0;1;0;0;-38,506213;-3,740591;;;
251178;9;5;2015;18:05;5436;RUA GAL CLARINDO DE QUEIROZ;RUA JAIME BENEVOLO;;;;Colisão Transversal;Via Iluminada;Bom;Seca;Cruz;Pare;Comercial;0;1;1;0;0;0;1;0;0;1;0;0;-38,526017;-3,734060;;;
251176;9;5;2015;16:40;6817;RUA FRANCISCO MATOS;RUA BENTO ALBUQUERQUE;;;;Colisão Transversal;Luz do Dia;Bom;Seca;Cruz;Pare;Lazer;0;0;2;1;0;0;0;0;0;0;0;0;-38,470436;-3,747862;;;
251173;9;5;2015;20:50;24293;RUA JULIO ABREU;RUA DELMIRO GOUVEIA;;;;Colisão Transversal;Via Iluminada;Bom;Seca;Cruz;Pare;Comercial;0;0;3;1;0;0;0;0;0;0;0;0;-38,488072;-3,735900;;;
251163;9;5;2015;19:30;14453;RUA CONRADO CABRAL;RUA DEMOCRITO ROCHA;;;;Colisão Transversal;Via Iluminada;Bom;Seca;Cruz;Pare;Residencial;0;1;1;0;0;0;0;0;0;1;0;0;-38,549061;-3,726347;;;
251164;9;5;2015;;0;AV JOSE BASTOS;;;5682;;Colisão Traseira;Via Iluminada;Bom;Seca;Meio de Quadra;Semáforo;Comercial;0;0;3;1;0;0;0;0;0;0;0;0;-38,564999;-3,761363;;;
251165;9;5;2015;00:10;26121;AV ROGACIANO LEITE;RUA LAGO DAS ORQUIDEAS;;;;Colisão;Via Iluminada;Bom;Seca;Cruz;Pare;Misto;1;0;1;1;0;0;0;0;0;1;0;0;;;;;
251166;9;5;2015;21:00;0;AV PAROARAS;;;;;Colisão Traseira;Via Iluminada;Bom;Seca;Meio de Quadra;Não Há Controle;Comercial;0;1;1;1;0;0;0;0;0;1;0;0;;;;;
251167;9;5;2015;07:15;5381;AV IMPERADOR;RUA METON DE ALENCAR;;;;Colisão Lateral;Luz do Dia;Chuva;Molhada;Cruz;Semáforo;Comercial;0;0;2;1;0;0;0;0;0;0;0;0;-38,535869;-3,731966;;;
251168;9;5;2015;17:43;0;RUA CON DE CASTRO;;;4675;;Colisão Frontal;Anoitecer;Bom;Seca;Meio de Quadra;Não Há Controle;Residencial;1;0;1;1;0;0;0;0;0;1;0;0;-38,593182;-3,806373;;;
251169;9;5;2015;20:10;0;AV EDUARDO GIRAO;;;420;;Choque c/ Obstáculo Fixo;Via Iluminada;Bom;Seca;Meio de Quadra;Outros;Residencial;0;0;2;0;0;0;0;0;0;0;0;0;-38,527994;-3,756560;;;
267008;9;5;2015;16:11;0;RUA CON DE CASTRO;;;;;Atropelamento;Luz do Dia;;;Meio de Quadra;;;1;0;1;1;0;0;0;0;0;0;0;0;;;;;
267427;9;5;2015;00:10;0;AV JOR JOAO RAMOS;;;;;Colisão;;;;Meio de Quadra;;;0;0;2;0;0;0;0;0;0;0;0;0;;;;;
267428;9;5;2015;09:17;1574;RUA PDE VALDEVINO;RUA JOSE VILAR;;;;Colisão;Luz do Dia;;;Cruz;Semáforo;Comercial;0;0;2;0;0;0;0;0;0;0;0;0;-38,506779;-3,742300;;;
267430;9;5;2015;11:39;1414;RUA PDE QUINDERE;RUA NUNES VALENTE;;;;Colisão;Luz do Dia;;;Cruz;Pare;Residencial;0;0;2;0;0;0;0;0;0;0;0;0;-38,504153;-3,737396;;;
267432;9;5;2015;11:43;0;RUA BAR AQUIRAZ;;;1900;;Colisão;Luz do Dia;;;Meio de Quadra;;;0;0;2;0;0;0;0;0;0;0;0;0;-38,482524;-3,843435;;;
267433;9;5;2015;12:27;2300;RUA CAUBI;RUA DOMINGOS DA VEIGA;;;;Colisão;Luz do Dia;;;;;;0;0;2;0;0;0;0;0;0;0;0;0;-38,577892;-3,703420;;;
267434;9;5;2015;13:20;23791;RUA COSTA FREIRE;RUA RAIMUNDO NERY;;;;Colisão;Luz do Dia;;;Cruz;Pare;Residencial;0;0;2;0;0;0;0;0;0;0;0;0;-38,586423;-3,794144;;;
267436;9;5;2015;13:57;10419;RUA HUMAITA D73;RUA LUIZ MARIANO;;;;Colisão;Luz do Dia;;;;;;0;0;2;0;0;0;0;0;0;0;0;0;-38,600830;-3,761802;;;
267437;9;5;2015;21:04;2742;RUA OSCAR ARARIPE;RUA MARIA JULIA;;;;Colisão;;;;Cruz;Semáforo;Comercial;0;0;2;0;0;0;0;0;0;0;0;0;-38,599484;-3,791130;;;
262050;9;5;2015;23:48;0;RUA MORENINHA IRINEU;;;;;Queda;;;;Meio de Quadra;;;0;1;0;0;0;1;0;0;0;0;0;0;-38,555896;-3,736889;;;
262036;9;5;2015;19:49;0;AV CASTELO DE CASTRO;;;;;Queda;;;;Meio de Quadra;;;0;1;0;0;0;0;0;0;0;1;0;0;-38,521628;-3,842594;;;
262033;9;5;2015;17:43;0;RUA CON DE CASTRO;;;;;Queda;Anoitecer;;;Meio de Quadra;;;0;1;0;0;0;0;0;0;0;1;0;0;-38,593063;-3,806247;;;
262030;9;5;2015;16:09;0;AV JOR THOMAZ COELHO;;;;;Atropelamento;Luz do Dia;;;Meio de Quadra;;;0;1;1;1;0;0;0;0;0;0;0;0;-38,509057;-3,829923;;;
262044;9;5;2015;20:50;0;RUA OSCAR FRANCA;;;;;Colisão;;;;Meio de Quadra;;;0;1;1;1;0;0;0;0;0;1;0;0;-38,599647;-3,791915;;;