COD_ACIDENTE;DIA;MES;ANO;HORA;INTERSECAO;LOG1;LOG2;LOG3;NUMERO;REFERENCIA;NATUREZA;ILUMINACAO;TEMPO;SUPERFICIEPISTA;TIPOCRUZAMENTO;CONTROLETRAFEGO;USOSOLO;MORTOS;FERIDOS;ILESOS;AUTOMOVEL;ONIBUS;BICICLETA;CAMINHAO;MICROONIBUS;CICLOMOTOR;MOTOCICLETA;TRACAOANIMAL;TREM;LONG;LAT;;;
262009;9;5;2015;06:38;0;AV JOSE BASTOS;;;;;Colisão;Luz do Dia;;;Meio de Quadra;;;0;1;1;1;0;0;0;0;0;1;0;0;;;;;
262028;9;5;2015;15:04;0;RUA PESSOA ANTA;;;353;;Colisão;Luz do Dia;;;Meio de Quadra;;;0;1;1;0;0;0;0;0;0;1;0;0;;;;;
262017;9;5;2015;07:52;0;RUA EDUARDO PORTO;;;;;Queda;Luz do Dia;;;Meio de Quadra;;;0;1;0;0;0;0;0;0;0;1;0;0;-38,495119;-3,832714;;;
262018;9;5;2015;09:43;5051;RUA SEN POMPEU;RUA SEN JAGUARIBE;;;;;Luz do Dia;;;Cruz;Pare;Comercial;0;1;1;1;0;0;0;0;0;1;0;0;-38,528055;-3,721667;;;
262019;9;5;2015;10:25;0;RUA ROSA CRUZ;;;;;Colisão;Luz do Dia;;;Meio de Quadra;;;0;1;1;1;0;0;0;0;0;1;0;0;-38,566859;-3,798852;;;
262020;9;5;2015;10:48;0;AV GAL OSORIO DE PAIVA;;;;;Colisão;Luz do Dia;;;Meio de Quadra;;;0;1;0;0;0;0;0;0;0;0;0;0;-38,610073;-3,813008;;;
262021;9;5;2015;11:32;15194;RUA ILDEFONSO ALBANO;RUA DEP MOREIRA DA ROCHA;;;;Colisão;Luz do Dia;;;Cruz;Pare;Residencial;0;1;1;1;0;0;0;0;0;1;0;0;-38,511072;-3,726480;;;
262022;9;5;2015;11:45;0;AV PRS COSTA E SILVA;;;5295;;Colisão;Luz do Dia;;;Meio de Quadra;;;0;1;1;0;0;0;1;0;0;1;0;0;-38,533114;-3,828171;;;
262023;9;5;2015;11:54;0;AV AGUANAMBI;;;;;Colisão;Luz do Dia;;;Meio de Quadra;;;0;1;1;1;0;0;0;0;0;1;0;0;;;;;
262024;9;5;2015;13:11;0;AV SEN CARLOS JEREISSATI (AEROPORTO);;;;;Colisão;Luz do Dia;;;Meio de Quadra;;;0;1;0;1;0;0;0;0;0;0;0;0;;;;;
262025;9;5;2015;14:31;9595;RUA LONDRINA;RUA SAO LUIZ DO OESTE;;;;Colisão;Luz do Dia;;;Cruz;Não Há Controle;Residencial;0;1;1;1;0;0;0;0;0;1;0;0;-38,609308;-3,779347;;;
262004;9;5;2015;04:43;6285;AV C CJ CEARA;AV G CJ CEARA;;;;Capotamento;;;;T;Não Há Controle;Residencial;0;1;0;1;0;0;0;0;0;0;0;0;;;;;
262000;9;5;2015;04:17;5140;AV DOM MANUEL;RUA TEN BENEVOLO;;;;Atropelamento;;;;Cruz;Semáforo;Comercial;0;1;1;1;0;0;0;0;0;0;0;0;-38,519888;-3,724540;;;
261995;9;5;2015;00:50;0;AV GAL OSORIO DE PAIVA;;;;;Colisão;;;;Meio de Quadra;;;0;1;1;1;0;0;0;0;0;1;0;0;-38,610073;-3,813008;;;
261996;9;5;2015;01:05;0;AV SEN FERNANDES TAVORA;;;;;Queda;;;;Meio de Quadra;;;0;1;0;0;0;0;0;0;0;1;0;0;;;;;
261998;9;5;2015;03:58;0;AV GAL OSORIO DE PAIVA;;;;;Queda;;;;Meio de Quadra;;;0;1;0;0;0;0;0;0;0;1;0;0;;;;;
258892;9;5;2015;08:40;0;RD BR 116;;;;;Colisão Traseira;Luz do Dia;Bom;Seca;Meio de Quadra;Não Há Controle;Comercial;0;2;1;1;0;0;0;0;0;0;0;0;;;;;
258893;9;5;2015;08:50;0;RD BR 116;;;;;Colisão Traseira;Luz do Dia;Bom;Seca;Meio de Quadra;Não Há Controle;Comercial;0;0;2;1;0;0;0;0;0;0;0;0;;;;;
258894;9;5;2015;12:00;0;RD BR 116;;;;;Colisão Traseira;Luz do Dia;Bom;Seca;Meio de Quadra;Não Há Controle;Comercial;0;1;1;1;0;0;0;0;0;1;0;0;;;;;
258896;9;5;2015;22:35;0;RD BR 116;;;1000;KM-01;Outros;Via Iluminada;Bom;Molhada;Meio de Quadra;Não Há Controle;Comercial;0;1;3;1;0;0;0;0;0;0;0;0;-38,518702;-3,762554;;;
270878;9;5;2015;09:26;1586;AV PDE ANTONIO TOMAS;RUA FONSECA LOBO;;;;Colisão;Luz do Dia;;;Cruz;Pare;Residencial;0;0;2;0;0;0;0;0;0;0;0;0;-38,490871;-3,743025;;;
270879;9;5;2015;09:55;0;AV JOAO DE ARAUJO LIMA;;;;;Colisão;Luz do Dia;;;Meio de Quadra;;;0;0;2;0;0;0;0;0;0;0;0;0;;;;;
270881;9;5;2015;11:06;0;AV GODOFREDO MACIEL;;;2431;;Atropelamento;Luz do Dia;;;Meio de Quadra;;;0;0;2;0;0;0;0;0;0;0;0;0;-38,569776;-3,796044;;;
270882;9;5;2015;12:30;0;RUA PRO GOMES BRASIL;;;;;Colisão;Luz do Dia;;;Meio de Quadra;;;0;0;2;0;0;0;0;0;0;0;0;0;;;;;
270884;9;5;2015;13:26;0;AV DR THEBERGE;;;1863;;Colisão;Luz do Dia;;;Meio de Quadra;;;0;0;2;0;0;0;0;0;0;0;0;0;-38,565823;-3,717276;;;
270885;9;5;2015;15:16;0;RUA PRO JOSE LEITE GONDIM;;;;;Colisão;Luz do Dia;;;Meio de Quadra;;;0;0;2;0;0;0;0;0;0;0;0;0;;;;;
270887;9;5;2015;15:33;19739;RUA GUSTAVO SAMPAIO;RUA MOREIRA DE SOUSA;;;;Colisão;Luz do Dia;;;Cruz;Pare;Residencial;0;0;2;0;0;0;0;0;0;0;0;0;-38,566650;-3,737367;;;
270888;9;5;2015;20:02;0;AV SGT HERMINIO SAMPAIO;;;2656;;Colisão;;;;Meio de Quadra;;;0;0;2;0;0;0;0;0;0;0;0;0;-38,563824;-3,726957;;;
270889;9;5;2015;20:25;0;RUA CEL MATOS DOURADO;;;;;Colisão;;;;Meio de Quadra;;;0;0;2;0;0;0;0;0;0;0;0;0;;;;;
270890;9;5;2015;20:53;21485;AV FRE CIRILO;AV MIN JOSE AMERICO;;;;Colisão;;;;Cruz;Semáforo;;0;0;2;0;0;0;0;0;0;0;0;0;-38,499500;-3,812905;;;
270896;10;5;2015;13:28;0;RUA BOA VISTA;;;58;;Colisão;Luz do Dia;;;Meio de Quadra;;;0;0;2;0;0;0;0;0;0;0;0;0;;;;;
270897;10;5;2015;14:29;0;AV ROGACIANO LEITE;;;2732;;Colisão;Luz do Dia;;;Meio de Quadra;;;0;0;2;0;0;0;0;0;0;0;0;0;-38,502077;-3,782270;;;
270898;10;5;2015;14:31;0;AV ZEZE DIOGO;;;;;Colisão;Luz do Dia;;;Meio de Quadra;;;0;0;2;0;0;0;0;0;0;0;0;0;;;;;
270893;10;5;2015;08:31;3010;RUA URUCUTUBA;RUA CEL VIRGILIO NOGUEIRA (BOM JARDIM);;;;Colisão;Luz do Dia;;;Cruz;Não Há Controle;Comercial;0;0;2;0;0;0;0;0;0;0;0;0;-38,611715;-3,798102;;;
270894;10;5;2015;10:17;0;RUA PRO GOMES BRASIL;;;312;;Colisão;Luz do Dia;;;Meio de Quadra;;;0;0;2;0;0;0;0;0;0;0;0;0;-38,568370;-3,772938;;;
270902;10;5;2015;15:05;0;RUA CON DE CASTRO;;;6056;;Colisão;Luz do Dia;;;Meio de Quadra;;;0;0;2;0;0;0;0;0;0;0;0;0;-38,599443;-3,815485;;;
270903;10;5;2015;15:06;0;AV SGT HERMINIO SAMPAIO;;;4026;;Colisão;Luz do Dia;;;Meio de Quadra;;;0;0;2;0;0;0;0;0;0;0;0;0;-38,576918;-3,730599;;;
270905;10;5;2015;15:41;0;AV D CJ JOSE WALTER;;;;;Colisão;Luz do Dia;;;Meio de Quadra;;;0;0;2;0;0;0;0;0;0;0;0;0;;;;;
270907;10;5;2015;15:48;0;AV SEN FERNANDES TAVORA;;;2976;;Atropelamento;Luz do Dia;;;Meio de Quadra;;;0;0;2;0;0;0;0;0;0;0;0;0;-38,598191;-3,755142;;;
270911;10;5;2015;18:59;0;AV BENJAMIM BRASIL;;;;;Colisão;;;;Meio de Quadra;;;0;0;2;0;0;0;0;0;0;0;0;0;;;;;
270913;10;5;2015;22:39;1462;RUA JOAO CARVALHO;RUA NUNES VALENTE;;;;Colisão;;;;Cruz;Pare;Comercial;0;0;2;0;0;0;0;0;0;0;0;0;-38,504491;-3,738599;;;
270916;10;5;2015;22:44;0;RUA MIGUEL GONCALVES;;;139;;Colisão;;;;Meio de Quadra;;;0;0;2;0;0;0;0;0;0;0;0;0;-38,556016;-3,757958;;;
258905;10;5;2015;04:20;0;RD BR 116;;;1000;KM-01;Colisão Traseira;Via Iluminada;Bom;Seca;Meio de Quadra;Não Há Controle;Misto;0;1;2;1;0;0;0;0;0;0;0;0;-38,518702;-3,762554;;;
258907;10;5;2015;11:10;0;RD BR 116;;;11000;KM-11;Colisão;Luz do Dia;Bom;Seca;Meio de Quadra;Não Há Controle;Comercial;0;1;1;1;0;1;0;0;0;0;0;0;-38,497176;-3,847160;;;
268064;10;5;2015;14:52;0;AV GODOFREDO MACIEL;;;;;Colisão;Luz do Dia;;;Meio de Quadra;;;0;0;2;0;0;0;0;0;0;0;0;0;;;;;
268065;10;5;2015;15:59;18928;RUA DALVA DE OLIVEIRA;RUA CANGURU;;;;Colisão;Luz do Dia;;;;;;0;0;2;0;0;0;0;0;0;0;0;0;-38,525702;-3,847306;;;
268067;10;5;2015;18:56;0;AV OLIVEIRA PAIVA;;;1495;;Colisão;;;;Meio de Quadra;;;0;0;2;0;0;0;0;0;0;0;0;0;-38,492741;-3,795658;;;
268068;10;5;2015;19:30;0;RUA NESTOR F VASCONCELOS;;;;;Colisão;;;;Meio de Quadra;;;0;0;2;0;0;0;0;0;0;0;0;0;;;;;
268069;10;5;2015;22:41;0;RUA MONTE LIBANO;;;;;Colisão;;;;Meio de Quadra;;;0;0;2;0;0;0;0;0;0;0;0;0;;;;;
268070;10;5;2015;22:43;0;AV DUQ CAXIAS;;;2072;;Colisão;;;;Meio de Quadra;;;0;0;2;0;0;0;0;0;0;0;0;0;-38,542622;-3,727663;;;
262894;10;5;2015;20:00;4018;RUA DES PRAXEDES;RUA JULIO CESAR D12;;;;Colisão;;;;T;Pare;Residencial;0;1;0;1;0;0;0;0;0;1;0;0;-38,550396;-3,758989;;;
262895;10;5;2015;21:17;24987;AV ANTONIO SALES;AV ALM HENRIQUE SABOIA;;;;Colisão;;;;Y;Outros;Comercial;0;0;1;1;0;0;0;0;0;0;0;0;-38,492911;-3,748334;;;
262062;10;5;2015;15:56;9846;RUA BARRA MANSA;RUA FRANCISCO PAIVA;;;;Colisão;Luz do Dia;;;;;;0;1;1;1;0;0;0;0;0;1;0;0;-38,615403;-3,794386;;;
262063;10;5;2015;16:14;0;AV GENIBAU;;;;;Queda;Luz do Dia;;;Meio de Quadra;;;0;1;0;0;0;0;0;0;0;1;0;0;-38,599094;-3,760920;;;
262051;10;5;2015;01:16;0;RUA UMARIZEIRA;;;;;Queda;;;;Meio de Quadra;;;0;1;0;0;0;0;0;0;0;1;0;0;;;;;
262052;10;5;2015;04:19;0;RUA EUCLIDES O DE SOUSA;;;;;Choque c/ Obstáculo Fixo;;;;Meio de Quadra;;;0;1;0;1;0;0;0;0;0;0;0;0;;;;;
262053;10;5;2015;04:22;0;RD BR 116;;;;;Atropelamento;;;;Meio de Quadra;;;0;1;1;1;0;0;0;0;0;0;0;0;;;;;
262054;10;5;2015;05:31;0;AV CARAPINIMA;;;;;Colisão;Amanhecer;;;Meio de Quadra;;;0;1;0;1;0;0;0;0;0;0;0;0;-38,540886;-3,740648;;;
262055;10;5;2015;06:48;0;RUA ANGELICA GURGEL;;;;;Colisão;Luz do Dia;;;Meio de Quadra;;;0;1;0;0;0;0;0;0;0;0;0;0;;;;;
262056;10;5;2015;10:06;2955;RUA MARIA JULIA;RUA SAO FRANCISCO D21;;;;Colisão;Luz do Dia;;;Cruz;Pare;Comercial;0;1;0;0;0;0;0;0;0;0;0;0;-38,601633;-3,798608;;;
262057;10;5;2015;11:16;0;RD BR 116;;;11000;KM-11;Colisão;Luz do Dia;;;Meio de Quadra;;;0;1;0;0;0;0;0;0;0;0;0;0;-38,497176;-3,847160;;;
262058;10;5;2015;14:15;0;RUA DANIEL DE CASTRO;;;;;Atropelamento;Luz do Dia;;;Meio de Quadra;;;0;1;0;1;0;0;0;0;0;0;0;0;;;;;
262059;10;5;2015;14:18;12642;RUA MARIA CLARA;RUA ALBERTO FERREIRA;;;;Atropelamento;Luz do Dia;;;;;;0;1;1;0;0;0;0;0;0;1;0;0;-38,583535;-3,725597;;;
262060;10;5;2015;14:33;19958;AV LUCIANO CARNEIRO;RUA PDE AMBROSIO MACHADO;;;;Atropelamento;Luz do Dia;;;T;Pare;Comercial;0;1;0;0;0;0;0;0;0;0;0;0;-38,535823;-3,762103;;;
262078;10;5;2015;22:10;5188;RUA TEN BENEVOLO;RUA NOGUEIRA ACIOLI;;;;Colisão;;;;Cruz;Pare;Residencial;0;1;1;0;0;0;0;0;0;1;0;0;-38,515591;-3,725858;;;
262076;10;5;2015;20:27;0;AV SGT HERMINIO SAMPAIO;;;;;Colisão;;;;Meio de Quadra;;;0;1;1;1;0;0;0;0;0;1;0;0;-38,578330;-3,731152;;;
262074;10;5;2015;18:42;0;RUA JOAO VITOR;;;;;Queda;;;;Meio de Quadra;;;0;1;0;0;0;0;0;0;0;1;0;0;;;;;
262070;10;5;2015;18:07;0;AV GODOFREDO MACIEL;;;;;Colisão;Anoitecer;;;Meio de Quadra;;;0;1;0;0;0;0;0;0;0;0;0;0;;;;;
262071;10;5;2015;18:17;6914;AV CONTORNO NORTE D71;RUA 113 CJ ESPERANCA;;;;Colisão;Anoitecer;;;;;;0;1;1;0;0;0;0;0;0;1;0;0;-38,591748;-3,809508;;;
262067;10;5;2015;17:23;0;RUA OSVALDO CRUZ;;;;;Colisão;Anoitecer;;;Meio de Quadra;;;0;1;1;1;0;0;0;0;0;1;0;0;;;;;
262065;10;5;2015;16:38;0;AV PERIMETRAL;;;;;Colisão;Luz do Dia;;;Meio de Quadra;;;0;1;1;1;0;0;0;0;0;1;0;0;;;;;
267439;10;5;2015;07:33;0;AV JOR THOMAZ COELHO;;;;;Colisão;Luz do Dia;;;Meio de Quadra;;;0;0;2;0;0;0;0;0;0;0;0;0;;;;;
267440;10;5;2015;14:25;0;RUA JACAUNA;;;;;Colisão;Luz do Dia;;;Meio de Quadra;;;0;0;2;0;0;0;0;0;0;0;0;0;;;;;
251223;10;5;2015;03:10;5490;AV DOM MANUEL;RUA PDE VALDEVINO;;;;Colisão Traseira;Via Iluminada;Bom;Seca;Cruz;Semáforo;Comercial;0;1;1;0;0;0;0;0;0;1;0;0;-38,523967;-3,736873;;;
251226;10;5;2015;17:30;0;AV ANTONIO SALES;;;2429;;Colisão Lateral;Via Iluminada;Bom;Seca;Meio de Quadra;Não Há Controle;Outros;0;0;2;1;0;0;0;0;0;0;0;0;;;;;
251228;10;5;2015;15:10;0;AV SEN VIRGILIO TAVORA;;;1090;;Outros;Luz do Dia;Bom;Seca;Meio de Quadra;Outros;Comercial;0;1;0;1;0;0;0;0;0;0;0;0;-38,493124;-3,736722;;;
251229;10;5;2015;11:00;0;RUA SEN POMPEU;;;2551;;Colisão Lateral;Luz do Dia;Bom;Seca;Meio de Quadra;Não Há Controle;Residencial;0;0;2;1;0;0;0;0;0;0;0;0;-38,533805;-3,740723;;;
251219;10;5;2015;06:30;3789;AV 13 DE MAIO;RUA WALDERY UCHOA;;;;Choque c/ Obstáculo Fixo;Amanhecer;Nublado;Seca;Cruz;Pare;Comercial;0;0;1;1;0;0;0;0;0;0;0;0;-38,537427;-3,742399;;;
251220;10;5;2015;12:20;7992;AV JOAO PESSOA;RUA ANA NERY;;;;Colisão Transversal;Luz do Dia;Bom;Seca;Cruz;Não Há Controle;Comercial;0;1;1;1;0;0;0;0;0;0;0;0;-38,546781;-3,749460;;;
251235;10;5;2015;11:45;0;RUA NUNES VALENTE;;;687;;Colisão Lateral;Luz do Dia;Bom;Seca;Meio de Quadra;Não Há Controle;Residencial;0;0;2;0;0;0;0;0;0;0;0;0;-38,501881;-3,730437;;;
251236;10;5;2015;10:10;25163;RUA MARIA JULIA ROCHA;RUA SAO FRANCISCO D34;;;;Colisão Transversal;Luz do Dia;Bom;Seca;Cruz;Pare;Misto;0;2;0;0;1;0;0;0;0;1;0;0;-38,602742;-3,800920;;;
251231;10;5;2015;14:20;0;AV LUCIANO CARNEIRO;;;1600;;Colisão Transversal;Luz do Dia;Bom;Seca;Outros;Não Há Controle;Comercial;0;1;1;1;0;1;0;0;0;0;0;0;-38,535845;-3,762182;;;
251232;10;5;2015;20:35;0;AV DR SILAS MUNGUBA;;;5005;;Colisão Lateral;Via Iluminada;Bom;Seca;Meio de Quadra;Não Há Controle;Comercial;0;0;2;1;1;0;0;0;0;0;0;0;-38,531620;-3,797136;;;
251233;10;5;2015;20:30;0;AV DA UNIVERSIDADE;;;3099;;Colisão Lateral;Via Iluminada;Bom;Seca;Meio de Quadra;Outros;Comercial;0;0;2;1;1;0;0;0;0;0;0;0;-38,540892;-3,742926;;;
251238;10;5;2015;20:00;18387;AV OLAVO BILAC;AV SGT HERMINIO SAMPAIO;;;;Colisão Transversal;;Bom;Seca;Cruz;Semáforo;Comercial;0;0;2;1;0;0;0;0;0;0;0;0;-38,565080;-3,727179;;;
251239;10;5;2015;10:20;3769;AV DOMINGOS OLIMPIO;RUA SEN POMPEU;;;;Colisão Lateral;Luz do Dia;Bom;Seca;Cruz;Semáforo;Comercial;0;0;2;1;0;0;0;0;0;0;0;0;-38,532455;-3,736254;;;
251240;10;5;2015;06:15;1388;RUA LEONARDO MOTA;AV SANTOS DUMONT;;;;Colisão Transversal;Amanhecer;Bom;Seca;Cruz;Semáforo;Comercial;0;1;1;1;0;0;0;0;0;0;0;0;-38,496397;-3,736857;;;
251241;10;5;2015;18:00;0;AV BAR STUDART;;;620;;Colisão Lateral;Anoitecer;Bom;Seca;Meio de Quadra;Não Há Controle;Residencial;0;1;3;1;0;0;0;0;0;1;0;0;;;;;
251242;10;5;2015;07:40;10044;RUA EMILIO DE MENESES;RUA ANTONIO NERY;;;;Colisão Transversal;Luz do Dia;Bom;Seca;Cruz;Pare;Misto;0;0;2;1;0;0;0;0;0;0;0;0;-38,600204;-3,778162;;;
261134;10;5;2015;01:11;0;RUA CON DE CASTRO;;;;;Colisão;;;;Meio de Quadra;;;0;0;2;1;0;0;0;0;0;0;0;0;;;;;
268640;10;5;2015;08:50;0;AV WASHINGTON SOARES;;;6055;;Colisão;Luz do Dia;;;Meio de Quadra;;;0;1;0;1;0;1;0;0;0;0;0;0;-38,478905;-3,811697;;;
259308;10;5;2015;10:30;0;RD CE-040;;;;KM-13;Colisão;Luz do Dia;Bom;Seca;Meio de Quadra;;;0;0;2;1;0;0;0;0;0;0;0;0;-38,472314;-3,857083;;;
259310;10;5;2015;12:36;0;RD CE-040;;;;KM-14;Colisão;Luz do Dia;Bom;Seca;Meio de Quadra;;;0;0;2;1;0;0;0;0;0;0;0;0;-38,469235;-3,865526;;;
259315;10;5;2015;13:00;0;RD CE-040;;;;KM-14;Engavetamento;Luz do Dia;Bom;Seca;Meio de Quadra;;;0;0;3;1;0;0;0;0;0;0;0;0;-38,469235;-3,865526;;;
259352;10;5;2015;13:50;0;RD CE-040;;;;KM-14;Colisão Lateral;Luz do Dia;Bom;Seca;Meio de Quadra;;;0;0;2;1;0;0;0;0;0;0;0;0;-38,469235;-3,865526;;;
259353;10;5;2015;15:40;0;AV SEN CARLOS JEREISSATI (AEROPORTO);;;;KM 01;Colisão;Luz do Dia;Bom;Seca;Meio de Quadra;;;0;0;2;1;0;0;0;0;0;0;0;0;-38,520356;-3,783803;;;
259354;10;5;2015;19:20;0;RD CE-040;;;;KM-04;Colisão;;Bom;Seca;Meio de Quadra;;;0;2;1;1;0;0;0;0;0;1;0;0;-38,480251;-3,792050;;;
259355;11;5;2015;16:45;0;AV SEN CARLOS JEREISSATI (AEROPORTO);;;;KM 02;Colisão;Luz do Dia;Bom;Seca;Meio de Quadra;;;0;0;2;1;0;0;0;0;0;0;0;0;-38,529156;-3,783932;;;
259361;11;5;2015;17:00;0;RD CE-040;;;;KM-12;Colisão;Anoitecer;Bom;Seca;Meio de Quadra;;;0;0;2;1;0;0;1;0;0;0;0;0;-38,476237;-3,848945;;;
261163;11;5;2015;17:53;20373;RUA COPERNICO;RUA GARDENIA;;;;Colisão;Anoitecer;;;;;;0;0;2;1;0;0;1;0;0;0;0;0;-38,490874;-3,838538;;;
251243;11;5;2015;22:00;0;RUA JOSE FACANHA;;;48;;Colisão Lateral;;Bom;Seca;Meio de Quadra;Não Há Controle;Residencial;0;0;2;0;1;0;0;0;0;1;0;0;-38,552905;-3,756093;;;
251244;11;5;2015;18:45;0;AV CASTELO DE CASTRO;;;1917;;Colisão Traseira;Via Iluminada;Bom;Seca;Meio de Quadra;Não Há Controle;Misto;0;0;3;1;0;0;0;0;0;0;0;0;-38,521257;-3,828540;;;
251245;11;5;2015;07:00;0;AV 13 DE MAIO;;;;;Colisão Lateral;Luz do Dia;Nublado;Seca;Meio de Quadra;Não Há Controle;Comercial;0;0;2;1;0;0;0;0;0;0;0;0;;;;;
251246;11;5;2015;09:20;0;AV BORGES DE MELO;;;;;Colisão Lateral;Luz do Dia;Bom;Seca;Outros;Não Há Controle;Comercial;0;0;2;1;1;0;0;0;0;0;0;0;;;;;
251247;11;5;2015;17:00;6781;RUA BENTO ALBUQUERQUE;RUA ZAMENHOF;;;;Colisão Lateral;Via Iluminada;Bom;Seca;Cruz;Pare;Residencial;0;2;1;0;1;0;0;0;0;1;0;0;-38,476888;-3,745776;;;
251249;11;5;2015;10:00;0;RUA JUSTINIANO DE SERPA;;;83;;Colisão Traseira;Luz do Dia;Bom;Seca;Meio de Quadra;Não Há Controle;Comercial;0;2;1;0;1;0;0;0;0;1;0;0;-38,542689;-3,731954;;;
251269;11;5;2015;07:05;12811;AV DOS EXPEDICIONARIOS;RUA PRE NOVE;;;;Colisão Traseira;Luz do Dia;Bom;Seca;T;Semáforo;Residencial;0;0;2;1;1;0;0;0;0;0;0;0;-38,538172;-3,755028;;;
251263;11;5;2015;07:40;0;RUA CEL MATOS DOURADO;;;230;;Engavetamento;Luz do Dia;Chuva;Seca;Meio de Quadra;Pare;Residencial;0;1;3;1;0;0;0;0;0;1;0;0;-38,585213;-3,740878;;;
251261;11;5;2015;10:40;0;AV PDE ANTONIO TOMAS;;;3377;;Colisão Lateral;Luz do Dia;Bom;Seca;Meio de Quadra;Semáforo;Residencial;0;0;2;0;0;0;0;0;0;0;0;0;-38,481868;-3,745930;;;
251259;11;5;2015;11:30;9031;RUA JAIME BENEVOLO;RUA PDE ROMA;;;;Colisão Lateral;Luz do Dia;Bom;Seca;Cruz;Pare;Residencial;0;0;2;1;0;0;0;0;0;0;0;0;-38,529716;-3,745090;;;
251251;11;5;2015;18:40;2378;AV FRANCISCO SA;RUA 01 UI 901;;;;Colisão Traseira;Via Iluminada;Bom;Seca;T;Não Há Controle;Residencial;0;0;2;1;0;0;0;0;0;0;0;0;-38,587394;-3,705552;;;
251256;11;5;2015;08:10;0;AV 13 DE MAIO;;;1839;;Colisão Traseira;Luz do Dia;Bom;Seca;Meio de Quadra;Semáforo;Comercial;0;0;2;1;0;0;0;0;0;0;0;0;-38,534000;-3,745342;;;
251273;11;5;2015;10:00;0;RUA SATIRO DIAS;;;80;;Atropelamento;Luz do Dia;Bom;Seca;Meio de Quadra;Não Há Controle;Residencial;0;1;1;1;1;0;0;0;0;0;0;0;-38,545550;-3,763749;;;
251276;11;5;2015;07:20;55;RUA SALGADO FILHO;RUA CEL JOAQUIM FRANKLIN;;;;Colisão Lateral;Luz do Dia;Bom;Seca;Cruz;Pare;Residencial;0;0;2;1;0;0;0;0;0;0;0;0;-38,594868;-3,743486;;;
251278;11;5;2015;10:20;0;RUA PRO HERIBALDO COSTA;;;518;;Colisão Traseira;Luz do Dia;Bom;Seca;Meio de Quadra;Não Há Controle;Comercial;0;1;2;1;0;0;0;0;0;0;0;0;;;;;
251280;11;5;2015;00:45;5693;RUA MARGARIDA DE QUEIROZ;RUA CON BRAVEZA;;;;Colisão Lateral;Luz do Dia;Bom;Seca;Cruz;Pare;Residencial;0;0;2;1;0;0;0;0;0;0;0;0;-38,500225;-3,792488;;;
266840;11;5;2015;08:35;0;RUA TEODOMIRO DE CASTRO;;;3943;CHURRASCARIA O VARANDÃO;Atropelamento;Luz do Dia;;;Meio de Quadra;;;1;0;0;0;1;0;0;0;0;0;0;0;-38,568974;-3,720466;;;
262146;11;5;2015;19:35;7053;RUA STA ELISA D21;AV DR THEBERGE;;;;Atropelamento;;;;;;;0;1;0;1;0;0;0;0;0;0;0;0;;;;;
262148;11;5;2015;;0;AV CARNEIRO DE MENDONCA;;;;;Choque c/ Obstáculo Fixo;;;;Meio de Quadra;;;0;1;0;1;0;0;0;0;0;0;0;0;;;;;
262131;11;5;2015;13:37;0;AV PERIMETRAL;;;;;Colisão;Luz do Dia;;;Meio de Quadra;;;0;1;0;0;0;0;0;0;0;0;0;0;-38,534106;-3,827955;;;
262132;11;5;2015;13:55;19672;RUA GAL PIRAGIBE;AV BEZERRA DE MENEZES;;;;Colisão;Luz do Dia;;;Cruz;Semáforo;Residencial;0;1;0;1;0;0;0;0;0;0;0;0;-38,558651;-3,734449;;;
262133;11;5;2015;15:09;0;RUA CEL MATOS DOURADO;;;;;Colisão;Luz do Dia;;;Meio de Quadra;;;0;1;0;0;0;0;0;0;0;0;0;0;-38,583703;-3,751054;;;
262134;11;5;2015;16:47;0;AV DR SILAS MUNGUBA;;;;;Colisão;Luz do Dia;;;Meio de Quadra;;;0;1;1;1;0;0;0;0;0;1;0;0;;;;;
262135;11;5;2015;18:19;0;AV FRANCISCO SA;;;;;Colisão;Anoitecer;;;Meio de Quadra;;;0;1;0;0;0;0;0;0;0;0;0;0;-38,589491;-3,704292;;;
262136;11;5;2015;18:33;12849;RUA SALDANHA MARINHO;RUA ASSUNCAO;;;;Colisão;;;;Cruz;Pare;Residencial;0;1;0;1;0;0;0;0;0;0;0;0;-38,531231;-3,742314;;;
262083;11;5;2015;07:09;0;RUA MES ROSA;;;;;Colisão;Luz do Dia;;;Meio de Quadra;;;0;1;1;1;0;0;0;0;0;1;0;0;;;;;
262084;11;5;2015;10:34;0;AV JOR THOMAZ COELHO;;;;;Queda;Luz do Dia;;;Meio de Quadra;;;0;1;0;0;0;0;0;0;0;1;0;0;;;;;
262085;11;5;2015;12:33;22288;RUA JOSE CANDIDO D08;RUA LERIA DE ANDRADE;;;;Colisão;Luz do Dia;;;Cruz;Pare;Residencial;0;1;1;1;0;0;0;0;0;1;0;0;-38,551044;-3,729416;;;
262966;11;5;2015;18:25;1473;RUA CATAO MAMEDE;RUA SILVA PAULET;;;;Colisão;Anoitecer;;;Cruz;Pare;Residencial;0;1;0;1;0;0;0;0;0;0;0;0;-38,506862;-3,738908;;;
251304;11;5;2015;11:20;0;AV DEP PAULINO ROCHA;;;;;Colisão Traseira;Luz do Dia;Bom;Seca;Meio de Quadra;Dê Preferência;Lazer;0;0;2;1;1;0;0;0;0;0;0;0;;;;;
251305;11;5;2015;14:00;0;AV PRS COSTA E SILVA;;;5143;;Choque c/ Obstáculo Fixo;Luz do Dia;Bom;Seca;Meio de Quadra;Não Há Controle;Comercial;0;1;0;0;0;0;0;0;1;0;0;0;-38,534513;-3,827833;;;