COD_ACIDENTE;DIA;MES;ANO;HORA;INTERSECAO;LOG1;LOG2;LOG3;NUMERO;REFERENCIA;NATUREZA;ILUMINACAO;TEMPO;SUPERFICIEPISTA;TIPOCRUZAMENTO;CONTROLETRAFEGO;USOSOLO;MORTOS;FERIDOS;ILESOS;AUTOMOVEL;ONIBUS;BICICLETA;CAMINHAO;MICROONIBUS;CICLOMOTOR;MOTOCICLETA;TRACAOANIMAL;TREM;LONG;LAT;;;
251306;11;5;2015;21:00;0;RUA ANTONIO GADELHA;;;515;;Colisão Traseira;Via Iluminada;Bom;Seca;Meio de Quadra;Não Há Controle;Comercial;0;0;2;1;0;0;0;0;0;0;0;0;-38,500629;-3,832599;;;
251307;11;5;2015;22:00;9176;AV AGUANAMBI;AV EDUARDO GIRAO;;;;Colisão Lateral;Via Iluminada;Bom;Seca;Rotatória;Não Há Controle;Comercial;0;0;2;1;0;0;0;0;0;0;0;0;-38,523639;-3,755303;;;
251292;11;5;2015;10:45;3860;AV 13 DE MAIO;AV DA UNIVERSIDADE;;;;Colisão Traseira;Luz do Dia;Bom;Seca;Cruz;Semáforo;Outros;0;0;1;1;0;0;0;0;0;0;0;0;-38,539107;-3,740962;;;
251293;11;5;2015;09:20;12884;RUA COS TRISTAO;RUA MES ROSA;;;;Colisão Transversal;Luz do Dia;Bom;Seca;Cruz;Pare;Comercial;0;0;2;1;0;0;0;0;0;0;0;0;-38,527652;-3,741860;;;
251298;11;5;2015;06:50;0;AV LUCIANO CARNEIRO;;;1970;;Colisão Traseira;Luz do Dia;Bom;Seca;Meio de Quadra;Semáforo;Misto;0;0;2;1;0;0;0;0;0;0;0;0;-38,536836;-3,765442;;;
251299;11;5;2015;06:40;0;AV ALBERTO CRAVEIRO;;;430;;Colisão Traseira;Luz do Dia;Nublado;Seca;Meio de Quadra;Não Há Controle;Comercial;0;1;1;1;0;0;0;0;0;1;0;0;-38,516505;-3,782668;;;
251300;11;5;2015;23:40;1423;RUA TORRES CAMARA;RUA OSVALDO CRUZ (ALDEOTA);;;;Capotamento;Via Iluminada;Bom;Seca;Cruz;Semáforo;Residencial;0;0;2;1;0;0;0;0;0;0;0;0;-38,500953;-3,737574;;;
251301;11;5;2015;16:00;15327;AV SEN VIRGILIO TAVORA;RUA ANA BILHAR;;;;Colisão Lateral;Luz do Dia;Bom;Seca;Cruz;Semáforo;Comercial;0;0;2;1;0;0;0;0;0;1;0;0;-38,491262;-3,730893;;;
251302;11;5;2015;18:30;1337;AV SANTOS DUMONT;RUA OSVALDO CRUZ (ALDEOTA);;;;Colisão Transversal;Via Iluminada;Bom;Seca;Cruz;Semáforo;Comercial;0;1;2;1;1;0;0;0;0;0;0;0;-38,500317;-3,735602;;;
251286;11;5;2015;16:47;15353;RUA PEREIRA VALENTE;RUA BARBOSA DE FREITAS;;;;Colisão;;Bom;Seca;Cruz;Pare;Residencial;0;0;2;1;0;0;1;0;0;0;0;0;-38,496080;-3,732578;;;
251283;11;5;2015;07:30;0;RUA MAL DEODORO;;;1365;;Colisão Traseira;Luz do Dia;Bom;Seca;Meio de Quadra;Não Há Controle;Residencial;0;0;2;1;0;0;0;0;0;0;0;0;-38,538457;-3,747256;;;
251288;11;5;2015;09:00;5710;AV OLIVEIRA PAIVA;RUA CON BRAVEZA;;;;Colisão;Luz do Dia;Bom;Seca;Cruz;Não Há Controle;Comercial;0;0;2;1;0;0;0;0;0;0;0;0;-38,498448;-3,796485;;;
251290;11;5;2015;11:30;0;AV JOVITA FEITOSA;;;3079;;Colisão Traseira;Luz do Dia;Bom;Seca;Meio de Quadra;Não Há Controle;Comercial;0;0;2;1;0;0;0;0;0;0;0;0;-38,565234;-3,741650;;;
251281;11;5;2015;10:50;0;RUA LUIS VIEIRA;;;1245;;Colisão Traseira;Luz do Dia;Bom;Seca;Meio de Quadra;Não Há Controle;Misto;0;1;1;1;0;0;0;0;0;1;0;0;-38,590136;-3,787054;;;
258915;11;5;2015;21:20;0;RD BR 116;;;7000;KM-07;Colisão Traseira;Via Iluminada;Bom;Seca;Meio de Quadra;Não Há Controle;Comercial;0;1;1;1;0;0;0;0;0;0;0;0;-38,501101;-3,813246;;;
258913;11;5;2015;08:00;0;RD BR 116;;;7000;KM-07;Choque c/ Obstáculo Fixo;Luz do Dia;Bom;Seca;Meio de Quadra;Não Há Controle;Comercial;0;1;0;1;0;0;0;0;0;0;0;0;-38,501101;-3,813246;;;
258910;11;5;2015;06:50;0;RD BR 116;;;9000;KM-09;Colisão Traseira;Luz do Dia;Bom;Seca;Meio de Quadra;Não Há Controle;Comercial;0;0;2;1;0;0;0;0;0;0;0;0;-38,504865;-3,830837;;;
270918;11;5;2015;11:05;0;AV JOAO PESSOA;;;6318;;Colisão;Luz do Dia;;;Meio de Quadra;;;0;0;2;0;0;0;0;0;0;0;0;0;-38,559123;-3,765575;;;
270920;11;5;2015;11:45;0;RUA CEL FABRICIANO;;;1223;;Atropelamento;Luz do Dia;;;Meio de Quadra;;;0;0;2;0;0;0;0;0;0;0;0;0;-38,602627;-3,784222;;;
270922;11;5;2015;17:11;0;AV DOM MANUEL;;;77;;Colisão;Anoitecer;;;Meio de Quadra;;;0;0;2;0;0;0;0;0;0;0;0;0;-38,520000;-3,724888;;;
270924;11;5;2015;17:34;0;RUA ELISEU ORIA;;;900;;Colisão;Anoitecer;;;Meio de Quadra;;;0;0;2;0;0;0;0;0;0;0;0;0;-38,477412;-3,795569;;;
270926;11;5;2015;17:36;0;AV PRS COSTA E SILVA;;;5571;;Colisão;Anoitecer;;;Meio de Quadra;;;0;0;2;0;0;0;0;0;0;0;0;0;;;;;
270927;11;5;2015;17:39;7894;RUA VICENTE LEITE;RUA PRO FRANCISCO GONCALVES;;;;Colisão;Anoitecer;;;Cruz;Pare;Escola;0;0;2;0;0;0;0;0;0;0;0;0;-38,498773;-3,747615;;;
270929;11;5;2015;17:52;15288;RUA VICENTE LEITE;RUA SILVA JATAHY;;;;Colisão;Anoitecer;;;Cruz;Pare;Residencial;0;0;2;0;0;0;0;0;0;0;0;0;-38,492910;-3,729302;;;
270932;12;5;2015;00:15;0;RUA CAP TIBURCIO DA FROTA;;;1240;;Choque c/ Obstáculo Fixo;;;;Meio de Quadra;;;0;0;1;0;0;0;0;0;0;0;0;0;-38,509297;-3,754522;;;
270935;12;5;2015;21:25;0;AV LINEU MACHADO;;;270;;Colisão;;;;Meio de Quadra;;;0;0;2;0;0;0;0;0;0;0;0;0;-38,574974;-3,762240;;;
270936;12;5;2015;21:26;21773;RUA GAL ALIPIO DOS SANTOS;RUA LINDOLFO FREIRE;;;;Colisão;;;;;;;0;0;1;0;0;0;0;0;0;0;0;0;-38,587219;-3,729318;;;
268072;12;5;2015;17:06;0;RUA JOSE CAETANO;;;;;Colisão;Anoitecer;;;Meio de Quadra;;;0;0;2;0;0;0;0;0;0;0;0;0;;;;;
251282;12;5;2015;13:50;4189;AV PRS CASTELO BRANCO;RUA FRANCISCO CORDEIRO;;;;Colisão Traseira;Luz do Dia;Bom;Seca;Cruz;Pare;Outros;0;0;2;1;0;0;0;0;0;0;0;0;-38,550593;-3,713113;;;
251291;12;5;2015;07:20;6791;AV PDE ANTONIO TOMAS;RUA JOAO ADOLFO GURGEL;;;;Engavetamento;Luz do Dia;Bom;Seca;T;Não Há Controle;Residencial;0;0;3;1;0;0;0;0;0;0;0;0;-38,481221;-3,746133;;;
251289;12;5;2015;12:30;0;AV DUQ CAXIAS;;;1289;;Colisão Traseira;Luz do Dia;Bom;Seca;Meio de Quadra;Outros;Comercial;0;0;2;0;0;0;0;0;0;1;0;0;-38,535375;-3,730022;;;
251284;12;5;2015;16:30;0;AV FRE CIRILO;;;4749;;Colisão Traseira;Via Iluminada;Bom;Seca;Meio de Quadra;Não Há Controle;Residencial;0;0;2;1;0;0;0;0;0;0;0;0;-38,493863;-3,825493;;;
251287;12;5;2015;13:50;5415;RUA FLORIANO PEIXOTO;RUA GAL CLARINDO DE QUEIROZ;;;;Colisão Transversal;Luz do Dia;Bom;Seca;Cruz;Pare;Comercial;0;0;2;1;0;0;1;0;0;0;0;0;-38,529027;-3,733049;;;
251294;12;5;2015;06:30;0;AV PRS JUSCELINO KUBITSCHEK (PASSARÉ);;;4500;SARA KUBSTSCHEK;Atropelamento de Animal;Luz do Dia;Bom;Seca;Meio de Quadra;Não Há Controle;Residencial;0;1;0;0;0;0;0;0;0;1;0;0;-38,533326;-3,818562;;;
251295;12;5;2015;20:15;0;AV SEN FERNANDES TAVORA;;;338;;Colisão Transversal;Via Iluminada;Bom;Seca;Meio de Quadra;Não Há Controle;Comercial;0;1;1;1;0;0;0;0;0;1;0;0;;;;;
251366;12;5;2015;20:00;0;AV JOSE BASTOS;;;6118;;Colisão Transversal;;Bom;Seca;Meio de Quadra;Não Há Controle;Comercial;0;1;1;1;0;0;0;0;0;1;0;0;-38,567445;-3,765047;;;
251352;12;5;2015;19:30;0;RUA GAL CAIADO DE CASTRO;;;480;;Atropelamento;Via Iluminada;Bom;Seca;Meio de Quadra;Não Há Controle;Residencial;1;0;1;1;0;0;0;0;0;0;0;0;-38,489043;-3,787604;;;
251341;12;5;2015;15:00;0;AV PRS ARTUR BERNARDES;;;2450;;Colisão Lateral;Luz do Dia;Bom;Seca;Meio de Quadra;Não Há Controle;Misto;0;0;2;0;0;0;0;0;0;0;0;0;-38,471674;-3,792761;;;
251342;12;5;2015;13:50;24104;AV CESAR CALS;RUA HERMINIA BONAVIDES;;;;Colisão Transversal;Luz do Dia;Bom;Seca;T;Pare;Residencial;0;1;2;1;0;0;0;0;0;1;0;0;-38,459926;-3,729537;;;
251343;12;5;2015;09:00;0;AV SGT HERMINIO SAMPAIO;;;809;;Colisão Lateral;Luz do Dia;Bom;Seca;Meio de Quadra;Outros;Comercial;0;0;2;1;0;0;0;0;0;1;0;0;-38,547894;-3,724550;;;
251344;12;5;2015;16:00;0;RUA CHICO LEMOS;;;925;;Colisão Lateral;Luz do Dia;Bom;Seca;;;;0;0;2;1;1;0;0;0;0;0;0;0;-38,497512;-3,794913;;;
251337;12;5;2015;08:05;0;RUA PDE IBIAPINA;;;;;Colisão Traseira;Luz do Dia;Bom;Seca;Meio de Quadra;Não Há Controle;Comercial;0;0;2;1;0;0;0;0;0;1;0;0;;;;;
251338;12;5;2015;10:00;0;AV PRS CASTELO BRANCO;;;134;;Engavetamento;Luz do Dia;Bom;Seca;Meio de Quadra;Não Há Controle;Comercial;0;0;3;1;0;0;0;0;0;0;0;0;-38,521528;-3,723126;;;
251339;12;5;2015;14:40;0;AV AGUANAMBI;;;1637;;Colisão Traseira;Luz do Dia;Bom;Seca;Meio de Quadra;Outros;Comercial;0;1;1;1;0;0;0;0;0;1;0;0;-38,523538;-3,751120;;;
251335;12;5;2015;09:10;0;AV BAR STUDART;;;1071;;Colisão Lateral;Luz do Dia;Bom;Seca;Meio de Quadra;Não Há Controle;Comercial;0;0;2;1;1;0;0;0;0;0;0;0;-38,506330;-3,733720;;;
251297;12;5;2015;07:30;25242;RUA FAUSTO CABRAL;RUA PRISCO BEZERRA;;;;Colisão Transversal;Luz do Dia;Bom;Seca;Cruz;Pare;Residencial;0;0;2;1;0;0;0;0;1;0;0;0;-38,471170;-3,735188;;;
251401;12;5;2015;06:40;18498;AV GOV PARSIFAL BARROSO;RUA MARIA MIRIAN F  DE SOUZA;;;;Colisão Traseira;Luz do Dia;Bom;Seca;T;Pare;Misto;0;1;2;1;0;0;1;0;0;1;0;0;-38,568958;-3,733515;;;
251393;12;5;2015;13:00;25892;RUA ANSELMO NOGUEIRA;RUA COSMONAUTAS D34;;;;Colisão Transversal;Luz do Dia;Bom;Seca;Cruz;Gesto;Residencial;0;1;1;1;0;0;0;0;0;1;0;0;;;;;
251394;12;5;2015;12:30;1378;RUA DES LEITE ALBUQUERQUE;RUA OSVALDO CRUZ (ALDEOTA);;;;Colisão Transversal;Luz do Dia;Bom;Seca;Cruz;Pare;Misto;0;0;2;1;0;0;0;0;0;0;0;0;-38,500640;-3,736598;;;
251391;12;5;2015;21:30;9115;RUA DR ALFREDO WEYNE D14;RUA GAL SILVA JUNIOR;;;;Colisão Transversal;Via Iluminada;Bom;Seca;Cruz;Pare;Comercial;0;0;2;1;0;0;0;0;0;0;0;0;-38,532116;-3,755893;;;
256645;12;5;2015;09:27;0;AV GODOFREDO MACIEL;;;878;;Colisão Traseira;Luz do Dia;Bom;Seca;Meio de Quadra;Não Há Controle;Comercial;0;0;2;1;0;0;0;0;0;0;0;0;-38,565990;-3,783784;;;
262157;12;5;2015;11:57;0;AV AGUANAMBI;;;;;Atropelamento;Luz do Dia;;;Meio de Quadra;;;0;1;1;1;0;0;0;0;0;0;0;0;-38,523386;-3,752151;;;
262150;12;5;2015;06:28;0;AV SGT HERMINIO SAMPAIO;;;;;Atropelamento;Luz do Dia;;;Meio de Quadra;;;0;1;1;0;0;0;0;0;0;1;0;0;-38,565855;-3,727320;;;
262152;12;5;2015;09:34;24244;RUA FAUSTO CABRAL;RUA SOLON ONOFRE;;;;Atropelamento;Luz do Dia;;;Cruz;Pare;Residencial;0;1;1;0;0;0;0;0;0;1;0;0;-38,472778;-3,734718;;;
262153;12;5;2015;10:02;2779;RUA VICENTE PINHEIRO;RUA OSCAR ARARIPE;;;;Colisão;Luz do Dia;;;Cruz;Pare;Comercial;0;1;1;1;0;0;0;0;0;1;0;0;-38,594600;-3,792701;;;
262154;12;5;2015;10:33;0;RUA BERNARDO MANUEL;;;;;Atropelamento;Luz do Dia;;;Meio de Quadra;;;0;1;1;1;0;0;0;0;0;0;0;0;-38,551728;-3,799738;;;
262155;12;5;2015;11:44;0;RUA VALPARAISO;;;;;Colisão;Luz do Dia;;;Meio de Quadra;;;0;1;1;1;0;0;0;0;0;1;0;0;;;;;
262173;12;5;2015;12:23;0;AV FRE CIRILO;;;;;Queda;Luz do Dia;;;Meio de Quadra;;;0;1;0;0;0;0;0;0;0;1;0;0;;;;;
262169;12;5;2015;06:44;0;RD BR 116;;;5000;KM-05;Colisão;Luz do Dia;;;Meio de Quadra;;;0;1;1;1;0;0;0;0;0;1;0;0;-38,506787;-3,796502;;;
262166;12;5;2015;19:15;0;AV AUGUSTO DOS ANJOS;;;;;Colisão;;;;Meio de Quadra;;;0;1;1;1;0;0;0;0;0;1;0;0;;;;;
262167;12;5;2015;21:22;0;AV LUCIANO CARNEIRO;;;;;Queda;;;;Meio de Quadra;;;0;1;0;0;0;0;0;0;0;1;0;0;;;;;
262163;12;5;2015;18:40;0;AV JOSE BASTOS;;;;;Colisão;;;;Meio de Quadra;;;0;1;1;1;0;0;0;0;0;1;0;0;-38,567445;-3,765047;;;
262164;12;5;2015;18:45;9359;RUA COS LAFAYETE;RUA RIO TOCANTINS;;;;Colisão;;;;Cruz;Não Há Controle;Residencial;0;1;0;0;0;0;0;0;0;1;0;0;-38,580697;-3,718186;;;
262160;12;5;2015;17:16;0;AV DOLOR BARREIRA;;;401;;Atropelamento;Anoitecer;;;Meio de Quadra;;;0;1;1;0;0;0;0;0;0;1;0;0;;;;;
262161;12;5;2015;17:58;0;AV BORGES DE MELO;;;;;Atropelamento;Anoitecer;;;Meio de Quadra;;;0;1;1;1;0;0;0;0;0;0;0;0;;;;;
267003;12;5;2015;18:02;0;RUA DAS PEDRINHAS;;;;;Colisão;Anoitecer;;;Meio de Quadra;;;1;0;1;0;0;0;0;0;0;1;0;0;;;;;
251279;12;5;2015;13:30;17365;RUA TEN MOACIR MATOS;RUA EUZEBIO DE QUEIROS;;;;Colisão Transversal;Luz do Dia;Bom;Seca;Cruz;Pare;Residencial;0;1;1;1;0;0;0;0;1;0;0;0;-38,553728;-3,766390;;;
251277;12;5;2015;14:40;18498;AV GOV PARSIFAL BARROSO;RUA MARIA MIRIAN F  DE SOUZA;;;;Choque c/ Obstáculo Fixo;Luz do Dia;Bom;Seca;T;;Residencial;0;1;0;1;0;0;0;0;0;0;0;0;-38,568958;-3,733515;;;
251275;12;5;2015;10:15;7948;AV PONTES VIEIRA;RUA JOAQUIM NABUCO;;;;Colisão Frontal;Luz do Dia;Bom;Seca;Cruz;Semáforo;Residencial;0;1;1;1;0;0;0;0;0;1;0;0;-38,506628;-3,751917;;;
251267;12;5;2015;12:00;0;AV JOSE BASTOS;;;4300;;Engavetamento;Luz do Dia;Bom;Seca;Outros;Semáforo;Residencial;0;0;3;1;0;0;0;0;0;0;0;0;-38,554835;-3,754377;;;
251270;12;5;2015;12:30;25675;AV ABOLICAO;TR SAO GERARDO (MUCURIPE);;;;Colisão Traseira;Luz do Dia;Bom;Seca;T;Pare;Rural;0;0;2;0;0;0;0;0;0;1;0;0;-38,486613;-3,725907;;;
251271;12;5;2015;11:00;3769;AV DOMINGOS OLIMPIO;RUA SEN POMPEU;;;;Colisão Traseira;Luz do Dia;Bom;Seca;Cruz;Semáforo;Comercial;0;0;3;1;0;0;0;1;0;1;0;0;-38,532455;-3,736254;;;
251272;12;5;2015;08:50;15362;RUA CEL LINHARES;RUA PEREIRA VALENTE;;;;Colisão Lateral;Luz do Dia;Bom;Seca;Cruz;Pare;Residencial;0;0;2;1;0;0;0;0;0;0;0;0;-38,493183;-3,733517;;;
261283;12;5;2015;19:48;0;RUA ANDRADE FURTADO;;;;;Colisão;;;;Meio de Quadra;;;0;0;2;1;0;0;0;0;0;0;0;0;;;;;
261165;12;5;2015;08:18;0;AV ANTONIO SALES;;;;;Colisão;Luz do Dia;;;Meio de Quadra;;;0;0;2;1;0;0;0;0;0;0;0;0;;;;;
259363;12;5;2015;05:55;0;RD CE-040;;;;KM-07;Colisão;Amanhecer;Bom;Seca;Meio de Quadra;;;0;0;2;1;0;0;0;0;0;1;0;0;-38,483160;-3,817953;;;
261330;13;5;2015;09:36;0;AV JOAO PESSOA;;;;;Colisão;Luz do Dia;;;Meio de Quadra;;;0;0;2;1;1;0;0;0;0;0;0;0;;;;;
266851;13;5;2015;11:00;0;RUA A (CJ IRMÃ DULCE II);;;132;;Atropelamento;Luz do Dia;;;Meio de Quadra;;;1;1;1;1;0;0;0;0;0;0;0;0;;;;;
262170;13;5;2015;10:16;7790;AV DES MOREIRA;AV PONTES VIEIRA;;;;Colisão;Luz do Dia;;;Cruz;Semáforo;Comercial;0;1;1;1;0;0;0;0;0;1;0;0;-38,503254;-3,751526;;;
262179;13;5;2015;18:09;0;AV WASHINGTON SOARES;;;;;Colisão;Anoitecer;;;Meio de Quadra;;;0;1;0;0;0;0;0;0;0;0;0;0;;;;;
262177;13;5;2015;16:49;0;AV PRS CASTELO BRANCO;;;;;Atropelamento;Luz do Dia;;;Meio de Quadra;;;0;1;1;0;0;0;0;0;0;1;0;0;-38,552787;-3,712477;;;
262175;13;5;2015;14:25;0;RD BR 116;;;9000;KM-09;Colisão;Luz do Dia;;;Meio de Quadra;;;0;1;1;1;0;0;0;0;0;1;0;0;-38,504865;-3,830837;;;
262172;13;5;2015;12:10;0;RUA MARIA ALICE FERRAZ;;;;;Colisão;Luz do Dia;;;Meio de Quadra;;;0;1;0;0;0;0;0;0;0;0;0;0;-38,489912;-3,771559;;;
262183;13;5;2015;19:10;0;AV DES GONZAGA;;;;;Colisão;;;;Meio de Quadra;;;0;1;1;1;0;0;0;0;0;1;0;0;;;;;
262181;13;5;2015;18:27;0;AV SEN FERNANDES TAVORA;;;;;Colisão;Anoitecer;;;Meio de Quadra;;;0;1;0;0;0;0;0;0;0;0;0;0;-38,581405;-3,762589;;;
262225;13;5;2015;22:10;0;RUA 2 CJ T JEREISSATI;;;;;Atropelamento;;;;Meio de Quadra;;;0;1;1;1;0;0;0;0;0;0;0;0;;;;;
262217;13;5;2015;19:12;0;RUA BRAGANCA;;;;;Queda;;;;Meio de Quadra;;;0;1;0;0;0;0;0;0;0;1;0;0;-38,597005;-3,782379;;;
262218;13;5;2015;19:29;0;AV BORGES DE MELO;;;;;Colisão;;;;Meio de Quadra;;;0;1;1;1;0;0;0;0;0;1;0;0;;;;;
262219;13;5;2015;20:03;0;AV MIN JOSE AMERICO;;;;;Atropelamento;;;;Meio de Quadra;;;0;1;1;1;0;0;0;0;0;0;0;0;;;;;
262220;13;5;2015;20:19;0;RUA MARANGUAPE D50;;;;;Colisão;;;;Meio de Quadra;;;0;1;0;0;0;0;0;0;0;0;0;0;;;;;
262221;13;5;2015;20:52;0;RUA LUIS VIEIRA;;;;;Atropelamento;;;;Meio de Quadra;;;0;1;1;1;0;0;0;0;0;0;0;0;-38,586962;-3,795103;;;
262222;13;5;2015;21:48;0;AV ZEZE DIOGO;;;;;Queda;;;;Meio de Quadra;;;0;1;0;0;0;0;0;0;0;1;0;0;;;;;
262223;13;5;2015;21:52;0;AV JOSE BASTOS;;;;;Queda;;;;Meio de Quadra;;;0;1;0;0;0;1;0;0;0;0;0;0;;;;;
251314;13;5;2015;11:00;9149;RUA DOM SEBASTIAO LEME;RUA DR JOSE VITOR;;;;Colisão Frontal;Luz do Dia;Bom;Seca;Cruz;Pare;Residencial;0;0;2;1;0;0;0;0;0;1;0;0;-38,526000;-3,747703;;;
251316;13;5;2015;07:30;25037;AV LUCIANO CARNEIRO;RUA JULIO DA SILVEIRA;;;;Colisão Traseira;Luz do Dia;Bom;Seca;T;Pare;Comercial;0;1;1;1;0;0;0;0;0;1;0;0;-38,535029;-3,759514;;;
251317;13;5;2015;11:10;13707;AV CENTRAL IU 309;RUA B CJ LUSTOSA PALMARES;;;;Colisão Transversal;Luz do Dia;Bom;Seca;T;Não Há Controle;Residencial;0;1;1;1;0;0;0;0;0;1;0;0;;;;;
251318;13;5;2015;20:45;12884;RUA COS TRISTAO;RUA MES ROSA;;;;Colisão Transversal;Via Iluminada;Bom;Seca;Cruz;Pare;Residencial;0;0;2;1;0;0;0;0;0;0;0;0;-38,527652;-3,741860;;;
251319;13;5;2015;09:20;8934;AV DOMINGOS OLIMPIO;RUA PDE MORORO;;;;Colisão Transversal;Luz do Dia;Bom;Seca;Cruz;Pare;Misto;0;0;2;0;0;0;0;0;0;0;0;0;-38,539949;-3,733752;;;
251321;13;5;2015;16:00;11856;AV FRANCISCO SA;RUA JOSE PINTO DO CARMO;;;;Colisão Transversal;Luz do Dia;Bom;Seca;Cruz;Semáforo;Residencial;0;0;3;1;0;0;0;0;0;1;0;0;-38,545407;-3,721324;;;
251322;13;5;2015;16:23;9039;RUA BAR RIO BRANCO;RUA PDE MIGUELINHO;;;;Colisão Transversal;Luz do Dia;Bom;Seca;Cruz;Pare;Misto;0;0;2;0;0;0;0;1;0;0;0;0;-38,533460;-3,742749;;;
251323;13;5;2015;11:00;0;RUA PDE PEDRO DE ALENCAR;;;81;;Colisão Traseira;Luz do Dia;Bom;Seca;Meio de Quadra;Outros;Comercial;0;1;1;1;0;0;0;0;0;1;0;0;-38,493540;-3,828216;;;
251324;13;5;2015;19:30;0;RUA MARTINHO RODRIGUES;;;46;;Colisão Lateral;Luz do Dia;Bom;Seca;Meio de Quadra;;Comercial;0;0;2;1;0;0;0;0;0;0;0;0;-38,525499;-3,753158;;;
251325;13;5;2015;20:20;0;RUA MARIO MAMEDE;;;856;;Colisão Lateral;Via Iluminada;Bom;Seca;;;;0;1;2;1;1;0;0;0;0;1;0;0;-38,528125;-3,752110;;;
251326;13;5;2015;11:00;7790;AV DES MOREIRA;AV PONTES VIEIRA;;;;Colisão Traseira;Luz do Dia;Bom;Seca;Cruz;Semáforo;Comercial;0;0;3;1;0;0;0;0;0;1;0;0;-38,503254;-3,751526;;;
251327;13;5;2015;14:10;15313;RUA ANA BILHAR;RUA VICENTE LEITE;;;;Colisão Transversal;Luz do Dia;Bom;Seca;Cruz;Pare;Residencial;0;1;1;1;0;0;0;0;0;1;0;0;-38,493215;-3,730261;;;
251329;13;5;2015;09:45;1242;RUA COSTA BARROS;RUA DR JOSE LOURENCO;;;;Colisão Lateral;Luz do Dia;Bom;Seca;Cruz;Pare;Misto;0;1;1;1;0;0;0;0;1;0;0;0;-38,506927;-3,731870;;;
251331;13;5;2015;18:00;0;RUA DR CARLOS R PAMPLONA;;;200;;Colisão Transversal;Via Iluminada;Bom;Seca;Meio de Quadra;Pare;Comercial;0;0;2;1;0;0;0;0;0;0;0;0;-38,481256;-3,774403;;;
251332;13;5;2015;20:00;5812;AV OLIVEIRA PAIVA;RUA CEZIDIO ALBUQUERQUE;;;;Engavetamento;;Bom;Seca;;Não Há Controle;Comercial;0;0;3;1;0;0;0;0;0;0;0;0;-38,503433;-3,798714;;;
251333;13;5;2015;21:00;0;AV SEN FERNANDES TAVORA;;;960;;Colisão Lateral;Via Iluminada;Nublado;Seca;Meio de Quadra;Não Há Controle;Misto;0;1;1;0;0;0;0;0;0;1;0;0;-38,581571;-3,762501;;;
251353;13;5;2015;08:40;0;AV BEZERRA DE MENEZES;;;571;ASSAI;Engavetamento;Luz do Dia;Bom;Seca;Meio de Quadra;Não Há Controle;Comercial;0;1;2;1;0;0;0;0;0;0;0;0;-38,541180;-3,730827;;;
251354;13;5;2015;06:50;14450;AV SGT HERMINIO SAMPAIO;RUA HENRIQUE ELERY;;;;Colisão Traseira;Luz do Dia;Bom;Seca;T;Pare;Lazer;0;0;2;1;0;0;0;0;0;0;0;0;-38,559779;-3,726244;;;
251355;13;5;2015;13:30;0;AV MON TABOSA;;;474;;Colisão Lateral;Luz do Dia;Bom;Seca;Meio de Quadra;;Comercial;0;0;2;1;0;0;0;0;0;0;0;0;-38,515069;-3,723843;;;
251350;13;5;2015;19:37;5140;AV DOM MANUEL;RUA TEN BENEVOLO;;;;Colisão Lateral;Via Iluminada;Bom;Seca;Cruz;Semáforo;Comercial;0;0;2;1;0;0;1;0;0;0;0;0;-38,519888;-3,724540;;;
251357;13;5;2015;13:40;0;AV ANTONIO SALES;;;456;;Colisão Traseira;Luz do Dia;Bom;Seca;Meio de Quadra;Semáforo;Residencial;0;0;2;1;0;0;0;0;0;0;0;0;-38,517436;-3,740778;;;
251358;13;5;2015;18:25;0;AV GOV RAUL BARBOSA;;;900;;Colisão Lateral;Via Iluminada;Bom;Seca;Meio de Quadra;Não Há Controle;Comercial;0;0;2;1;0;0;0;0;0;0;0;0;-38,504626;-3,759012;;;
251359;13;5;2015;22:00;17412;RUA ALBERTO MAGNO;RUA BAR SOBRAL;;;;Colisão;Via Iluminada;Bom;Seca;Cruz;Semáforo;Comercial;0;0;2;1;0;0;0;0;0;1;0;0;-38,552417;-3,767991;;;
251360;13;5;2015;23:00;22886;RUA BERNARDO MANUEL;RUA INACIO PARENTE;;;;Colisão Transversal;Via Iluminada;Bom;Seca;Cruz;Pare;Comercial;0;1;1;1;0;0;0;0;0;0;0;0;-38,546074;-3,781268;;;
251361;13;5;2015;15:30;9034;AV AGUANAMBI;RUA CEL SOLON;;;;Colisão;Luz do Dia;Bom;Seca;Cruz;Semáforo;;0;2;1;1;0;0;0;0;0;1;0;0;-38,525818;-3,742854;;;
251309;13;5;2015;13:40;12883;RUA JOAQUIM MAGALHAES;RUA COS TRISTAO;;;;Colisão;Luz do Dia;Bom;Seca;Cruz;Não Há Controle;Residencial;0;1;1;1;0;1;0;0;0;0;0;0;-38,527096;-3,740231;;;
251310;13;5;2015;09:30;5265;RUA PEDRO PEREIRA;RUA VINTE E QUATRO DE MAIO;;;;Colisão Transversal;Luz do Dia;Bom;Seca;Cruz;Pare;Comercial;0;0;2;1;0;0;0;0;0;0;0;0;-38,532486;-3,728400;;;