COD_ACIDENTE;DIA;MES;ANO;HORA;INTERSECAO;LOG1;LOG2;LOG3;NUMERO;REFERENCIA;NATUREZA;ILUMINACAO;TEMPO;SUPERFICIEPISTA;TIPOCRUZAMENTO;CONTROLETRAFEGO;USOSOLO;MORTOS;FERIDOS;ILESOS;AUTOMOVEL;ONIBUS;BICICLETA;CAMINHAO;MICROONIBUS;CICLOMOTOR;MOTOCICLETA;TRACAOANIMAL;TREM;LONG;LAT;;;
251311;13;5;2015;17:20;1370;RUA CEL JUCA;RUA MARCOS MACEDO;;;;Colisão Lateral;Via Iluminada;Bom;Seca;Cruz;Pare;Misto;0;0;2;1;0;0;0;0;0;0;0;0;-38,490901;-3,736456;;;
251312;13;5;2015;13:40;0;AV N CJ JOSE WALTER;;;231;;Engavetamento;Luz do Dia;Bom;Seca;Meio de Quadra;Não Há Controle;Comercial;0;0;3;1;0;0;0;0;0;0;0;0;;;;;
262979;13;5;2015;17:40;0;AV WASHINGTON SOARES;;;;;Atropelamento;Anoitecer;;;Meio de Quadra;;;0;2;0;0;0;0;0;0;0;1;0;0;;;;;
268074;13;5;2015;08:14;0;AV AUGUSTO DOS ANJOS;;;1585;;Colisão;Luz do Dia;;;Meio de Quadra;;;0;0;2;0;0;0;0;0;0;0;0;0;-38,579055;-3,780055;;;
268075;13;5;2015;19:55;0;RUA JORGE DUMAR;;;2180;;Colisão;;;;Meio de Quadra;;;0;0;2;0;0;0;0;0;0;0;0;0;-38,539836;-3,754711;;;
258917;13;5;2015;07:15;0;RD BR 116;;;7000;KM-07;Colisão Traseira;Luz do Dia;Bom;Seca;Meio de Quadra;Não Há Controle;Comercial;0;2;1;0;0;0;0;0;0;1;0;0;-38,501101;-3,813246;;;
258921;13;5;2015;14:00;0;RD BR 116;;;7000;KM-07;Colisão Lateral;Luz do Dia;Bom;Seca;Meio de Quadra;Não Há Controle;Comercial;0;0;2;0;0;0;1;0;0;0;0;0;-38,501101;-3,813246;;;
258922;13;5;2015;14:10;0;RD BR 116;;;3000;KM-03;Colisão Traseira;Luz do Dia;Bom;Seca;Meio de Quadra;Não Há Controle;Comercial;0;2;1;1;0;0;0;0;0;1;0;0;-38,514372;-3,779838;;;
258962;13;5;2015;08:00;0;RD BR 222;;;;KM-02;Atropelamento;Luz do Dia;Bom;Seca;Meio de Quadra;Não Há Controle;Comercial;0;2;0;0;0;0;0;0;0;1;0;0;-38,586880;-3,738951;;;
270990;13;5;2015;11:27;0;RUA 104 CJ ESPERANCA;;;194;;Choque c/ Obstáculo Fixo;Luz do Dia;;;Meio de Quadra;;;0;0;1;0;0;0;0;0;0;0;0;0;-38,590084;-3,813835;;;
270991;13;5;2015;11:29;0;RUA JOAQUIM FELICIO;;;;;Colisão;Luz do Dia;;;Meio de Quadra;;;0;0;2;0;0;0;0;0;0;0;0;0;;;;;
270992;13;5;2015;12:30;2843;RUA DR FERNANDO AUGUSTO;RUA MON SABINO FEIJAO;;;;Colisão;Luz do Dia;;;;;;0;0;2;0;0;0;0;0;0;0;0;0;-38,597110;-3,795027;;;
270993;13;5;2015;14:31;2843;RUA DR FERNANDO AUGUSTO;RUA MON SABINO FEIJAO;;;;Colisão;Luz do Dia;;;;;;0;0;2;0;0;0;0;0;0;0;0;0;-38,597110;-3,795027;;;
270994;13;5;2015;16:42;0;AV BORGES DE MELO;;;;;Atropelamento;Luz do Dia;;;Meio de Quadra;;;0;0;2;0;0;0;0;0;0;0;0;0;;;;;
270996;13;5;2015;16:54;19957;AV LUCIANO CARNEIRO;RUA STA QUITERIA;;;;Colisão;Luz do Dia;;;Cruz;Semáforo;Comercial;0;0;2;0;0;0;0;0;0;0;0;0;-38,535339;-3,760537;;;
270997;13;5;2015;19:42;0;AV E CJ CEARA;;;441;;Colisão;;;;Meio de Quadra;;;0;0;2;0;0;0;0;0;0;0;0;0;-38,607994;-3,758902;;;
270998;13;5;2015;19:52;0;AV GAL OSORIO DE PAIVA;;;1900;;Atropelamento;;;;Meio de Quadra;;;0;0;2;0;0;0;0;0;0;0;0;0;-38,579229;-3,783675;;;
270988;13;5;2015;11:24;0;RUA PARAIBA;;;355;;Choque c/ Obstáculo Fixo;Luz do Dia;;;Meio de Quadra;;;0;0;1;0;0;0;0;0;0;0;0;0;-38,564285;-3,761751;;;
271005;13;5;2015;20:22;0;RUA MARIO MAMEDE;;;;;Colisão;;;;Meio de Quadra;;;0;0;2;0;0;0;0;0;0;0;0;0;;;;;
271006;13;5;2015;21:10;0;AV ENG LUIS VIEIRA;;;;;Atropelamento;;;;Meio de Quadra;;;0;0;2;0;0;0;0;0;0;0;0;0;;;;;
271008;13;5;2015;22:23;0;AV JOSE BASTOS;;;4600;;Atropelamento;;;;Meio de Quadra;;;0;0;2;0;0;0;0;0;0;0;0;0;-38,557601;-3,756877;;;
271009;14;5;2015;00:03;13537;AV SORIANO ALBUQUERQUE;RUA CAP GUSTAVO;;;;Choque c/ Obstáculo Fixo;;;;Cruz;Semáforo;Misto;0;0;1;0;0;0;0;0;0;0;0;0;-38,518063;-3,748124;;;
271011;14;5;2015;03:59;17976;RUA DEMETRIO MENEZES;RUA JOSE ACIOLY;;;;Choque c/ Obstáculo Fixo;;;;Cruz;Não Há Controle;Misto;0;0;1;0;0;0;0;0;0;0;0;0;-38,584591;-3,731488;;;
271013;14;5;2015;07:25;0;AV PRS COSTA E SILVA;;;;;Atropelamento de Animal;Luz do Dia;;;Meio de Quadra;;;0;0;1;0;0;0;0;0;0;0;0;0;;;;;
271014;14;5;2015;09:42;0;RUA RERIUTABA;;;1653;;Colisão;Luz do Dia;;;Meio de Quadra;;;0;0;2;0;0;0;0;0;0;0;0;0;-38,592703;-3,715104;;;
271017;14;5;2015;10:41;0;AV DOS EXPEDICIONARIOS;;;9942;;Colisão;Luz do Dia;;;Meio de Quadra;;;0;0;2;0;0;0;0;0;0;0;0;0;-38,553049;-3,804176;;;
258963;14;5;2015;07:30;0;RD BR 222;;;;KM-01;Colisão Lateral;Luz do Dia;Bom;Seca;Meio de Quadra;Não Há Controle;Comercial;0;0;2;1;1;0;0;0;0;0;0;0;-38,577952;-3,737774;;;
258924;14;5;2015;06:05;0;RD BR 116;;;15000;KM-15;Colisão Lateral;Luz do Dia;Bom;Seca;Meio de Quadra;Não Há Controle;Comercial;0;2;3;0;1;0;1;0;0;0;0;0;-38,501113;-3,882329;;;
268076;14;5;2015;11:23;24773;RUA 22 CJ BEIRA RIO;AV J CJ POLAR;;;;Colisão;Luz do Dia;;;;;;0;0;2;0;0;0;0;0;0;0;0;0;-38,598595;-3,717390;;;
263010;14;5;2015;23:50;9722;RUA GERALDO BARBOSA;RUA ARI MAIA;;;;Colisão;;;;;;;1;0;0;0;0;0;0;0;0;1;0;0;-38,621967;-3,785660;;;
251362;14;5;2015;06:45;9170;AV EDUARDO GIRAO;RUA GAL SILVA JUNIOR;;;;Colisão Transversal;Luz do Dia;Chuva;Molhada;Cruz;Semáforo;Comercial;0;0;2;1;0;0;0;0;0;0;0;0;-38,530785;-3,754309;;;
251363;14;5;2015;;0;RUA SABINO BORGES;;;;;Choque c/ Obstáculo Fixo;Via Iluminada;Bom;Seca;Meio de Quadra;Não Há Controle;Residencial;0;0;1;0;0;0;1;0;0;0;0;0;;;;;
251365;14;5;2015;22:00;9183;AV FELINO BARROSO;RUA CARLOS RIBEIRO;;;;Colisão Lateral;Via Iluminada;Bom;Seca;Cruz;Pare;Comercial;0;0;2;1;0;0;1;0;0;0;0;0;-38,528224;-3,746736;;;
251368;14;5;2015;10:15;0;AV 13 DE MAIO;;;1419;;Outros;Luz do Dia;Nublado;Seca;Meio de Quadra;Não Há Controle;Comercial;0;2;0;0;1;0;0;0;0;1;0;0;-38,531268;-3,747668;;;
251369;14;5;2015;10:35;15135;AV HIS RAIMUNDO GIRAO;RUA FRANCISCO DIAS RIBEIRO;;;;Colisão Transversal;;Bom;Seca;Cruz;Pare;Comercial;0;0;2;1;1;0;0;0;0;0;0;0;-38,504397;-3,724024;;;
251371;14;5;2015;;9169;AV LUCIANO CARNEIRO;RUA DR ALFREDO WEYNE D14;;;;Outros;Luz do Dia;Nublado;Seca;Cruz;Pare;Comercial;0;0;1;1;0;0;0;0;0;0;0;0;-38,533556;-3,754682;;;
251372;14;5;2015;14:00;0;RUA 15 DE NOVEMBRO;;;959;;Colisão Traseira;Luz do Dia;Bom;Seca;Meio de Quadra;Não Há Controle;Misto;0;0;2;1;0;0;0;0;0;0;0;0;-38,551754;-3,770421;;;
251373;14;5;2015;13:15;0;RUA JAIME BENEVOLO;;;1915;;Engavetamento;Luz do Dia;Bom;Seca;Meio de Quadra;Outros;Residencial;0;0;2;1;0;0;0;0;0;0;0;0;-38,531226;-3,748727;;;
251375;14;5;2015;17:00;9075;RUA CEL JOSE EUCLIDES;AV AGUANAMBI;;;;Colisão Lateral;Luz do Dia;Bom;Seca;Cruz;Pare;Comercial;0;0;2;0;0;0;0;0;0;0;0;0;-38,523383;-3,752233;;;
251376;14;5;2015;14:30;9197;RUA JAIME BENEVOLO;RUA COSTA ARAUJO;;;;Colisão Lateral;Luz do Dia;Bom;Seca;Cruz;Pare;Residencial;0;1;1;1;0;0;0;0;0;1;0;0;-38,530420;-3,747162;;;
251377;14;5;2015;07:30;0;RUA ALM RUBIM;;;1700;;Colisão Traseira;Luz do Dia;Nublado;Seca;Meio de Quadra;Não Há Controle;Residencial;0;0;3;1;0;0;0;0;0;0;0;0;-38,557119;-3,772248;;;
251378;14;5;2015;08:00;0;RUA ISAC AMARAL;;;;;Colisão Lateral;Luz do Dia;Bom;Seca;Meio de Quadra;Semáforo;Comercial;0;0;2;1;0;0;0;0;0;0;0;0;;;;;
251380;14;5;2015;15:20;0;AV BEZERRA DE MENEZES;;;;;Colisão Traseira;Luz do Dia;Bom;Seca;Meio de Quadra;Não Há Controle;Comercial;0;0;2;0;0;0;1;0;0;0;0;0;;;;;
251381;14;5;2015;08:40;20042;AV DR SILAS MUNGUBA;AV PRS JUSCELINO KUBITSCHEK (PASSARÉ);;;;Colisão Lateral;Luz do Dia;Bom;Seca;Rotatória;Não Há Controle;Comercial;0;1;1;1;0;0;0;0;0;1;0;0;-38,524782;-3,807229;;;
251382;14;5;2015;13:55;19305;RUA CARLOS AMORA;RUA CON DE CASTRO;;;;Colisão;;Bom;Seca;T;Semáforo;Comercial;0;0;2;1;0;0;0;0;0;0;0;0;-38,563978;-3,774756;;;
251383;14;5;2015;08:30;0;AV VIENA WEYNE;;;;;Colisão Lateral;Luz do Dia;Bom;Seca;Meio de Quadra;Não Há Controle;Comercial;0;0;2;1;0;0;0;0;0;0;0;0;;;;;
251384;14;5;2015;15:50;5211;AV IMPERADOR;RUA LIBERATO BARROSO;;;;Colisão Lateral;Luz do Dia;Bom;Seca;Cruz;Semáforo Intermitente;Comercial;0;0;2;0;0;0;0;1;0;0;0;0;-38,534257;-3,726511;;;
251385;14;5;2015;06:10;0;AV CARAPINIMA;;;1984;;Colisão Traseira;Luz do Dia;Nublado;Seca;Meio de Quadra;Semáforo;;0;0;2;1;0;0;1;0;0;0;0;0;-38,538313;-3,738282;;;
251386;14;5;2015;20:40;12629;RUA COS LAFAYETE;RUA JACI;;;;Colisão Traseira;Via Iluminada;Bom;Seca;Cruz;Pare;Residencial;0;0;2;1;0;0;1;0;0;0;0;0;-38,585601;-3,717718;;;
251387;14;5;2015;10:50;1462;RUA JOAO CARVALHO;RUA NUNES VALENTE;;;;Colisão Transversal;Luz do Dia;Bom;Seca;Cruz;Pare;Residencial;0;2;2;1;0;0;0;0;0;1;0;0;-38,504491;-3,738599;;;
251388;14;5;2015;14:53;7694;RUA RIO GRANDE DO SUL;RUA RIO GRANDE DO NORTE;;;;Colisão;Luz do Dia;Bom;Seca;Cruz;Pare;Residencial;0;0;2;1;0;0;0;0;0;0;0;0;-38,567559;-3,758617;;;
251389;14;5;2015;16:10;0;RUA VENEZUELA;;;820;;Outros;Luz do Dia;Bom;Seca;Meio de Quadra;Pare;Residencial;0;0;2;1;0;0;0;0;0;0;0;0;;;;;
251390;14;5;2015;18:00;0;RUA AMSTERDA;;;;;Choque c/ Obstáculo Fixo;Via Iluminada;Bom;Seca;Meio de Quadra;;Residencial;0;1;0;1;0;0;0;0;0;0;0;0;;;;;
251398;14;5;2015;13:30;12514;AV LINEU MACHADO;RUA JULIO BRAGA;;;;Colisão Frontal;Luz do Dia;Bom;Seca;;Semáforo;Comercial;0;1;1;0;0;0;0;1;0;1;0;0;-38,581790;-3,775335;;;
251399;14;5;2015;14:00;0;AV GOV RAUL BARBOSA;;;;;Colisão Lateral;Luz do Dia;Bom;Seca;Outros;Não Há Controle;;0;0;2;1;0;0;0;0;0;0;0;0;;;;;
251400;14;5;2015;07:45;15005;AV GODOFREDO MACIEL;RUA SUICA;;;;Colisão Lateral;Luz do Dia;Nublado;Seca;T;Pare;Misto;0;1;1;1;0;0;0;0;0;1;0;0;-38,568361;-3,792859;;;
251395;14;5;2015;11:50;0;RUA DR GILBERTO STUDART;;;630;;Colisão Lateral;Luz do Dia;Bom;Seca;Meio de Quadra;Não Há Controle;Residencial;0;1;1;1;0;0;0;0;0;0;0;0;-38,483236;-3,742882;;;
251396;14;5;2015;16:40;0;RUA CEL ALVES TEIXEIRA;;;;;Outros;Luz do Dia;Bom;Seca;Meio de Quadra;Não Há Controle;Misto;0;0;2;1;0;0;0;0;0;0;0;0;;;;;
251403;14;5;2015;10:00;0;AV ANTONIO SALES;;;2377;;Atropelamento;Luz do Dia;Bom;Seca;Meio de Quadra;Não Há Controle;Comercial;0;1;1;0;0;0;0;0;0;1;0;0;-38,502499;-3,745409;;;
251404;14;5;2015;08:00;0;AV DES FELICIANO DE ATAIDE (EDSON QUEIROZ);;;;;Engavetamento;Luz do Dia;Nublado;Seca;Meio de Quadra;Não Há Controle;Comercial;0;0;2;1;0;0;0;0;0;0;0;0;;;;;
251405;14;5;2015;16:30;19533;AV GAL OSORIO DE PAIVA;RUA NEREU RAMOS;;;;Colisão Lateral;Luz do Dia;Bom;Seca;Cruz;Semáforo;Comercial;0;0;2;1;0;0;1;0;0;0;0;0;-38,576828;-3,782196;;;
251406;14;5;2015;05:10;0;AV PRS COSTA E SILVA;;;;TERMINAL-MESSEJANA;Colisão Lateral;Amanhecer;Nublado;Seca;Outros;Outros;Outros;0;1;1;1;1;0;0;0;0;0;0;0;;;;;
251407;14;5;2015;18:50;7923;AV GOV RAUL BARBOSA;RUA ISAC AMARAL;;;;Colisão Traseira;Via Iluminada;Bom;Seca;Cruz;Cancela;Misto;0;0;2;1;0;0;0;0;0;0;0;0;-38,503726;-3,753019;;;
251408;14;5;2015;13:15;1695;RUA ASP MENDES;RUA DJALMA PETIT;;;;Colisão Transversal;Luz do Dia;Bom;Seca;Cruz;Pare;Residencial;0;1;1;1;0;0;0;0;0;1;0;0;-38,514700;-3,765971;;;
262226;14;5;2015;06:51;0;AV PERIMETRAL;;;;;Colisão;Luz do Dia;;;Meio de Quadra;;;0;1;0;0;0;0;0;0;0;0;0;0;;;;;
262227;14;5;2015;07:32;0;AV ENG HUMBERTO MONTE;;;;;Queda;Luz do Dia;;;Meio de Quadra;;;0;1;0;0;0;0;0;0;0;1;0;0;;;;;
262228;14;5;2015;08:27;0;AV DEP PAULINO ROCHA;;;;;;Luz do Dia;;;Meio de Quadra;;;0;1;1;1;0;0;0;0;0;1;0;0;;;;;
262234;14;5;2015;11:19;0;AV BORGES DE MELO;;;;;Atropelamento;Luz do Dia;;;Meio de Quadra;;;0;1;1;1;0;0;0;0;0;0;0;0;;;;;
262230;14;5;2015;10:13;7913;AV ANTONIO SALES;RUA VIS MAUA;;;;Atropelamento;Luz do Dia;;;Cruz;Pare;Comercial;0;1;1;1;0;0;0;0;0;0;0;0;-38,502420;-3,745429;;;
262231;14;5;2015;10:39;0;AV GODOFREDO MACIEL;;;;;Colisão;Luz do Dia;;;Meio de Quadra;;;0;1;1;0;0;0;0;0;0;1;0;0;-38,565158;-3,781007;;;
262245;14;5;2015;19:42;3993;RUA DULCINEIA GONDIM;RUA ALBERTO MAGNO;;;;Colisão;;;;Cruz;Pare;Comercial;0;1;1;1;0;0;0;0;0;1;0;0;-38,545120;-3,759321;;;
262246;14;5;2015;20:06;0;RUA MON LIBERATO;;;;;Atropelamento;;;;Meio de Quadra;;;0;1;1;1;0;0;0;0;0;0;0;0;;;;;
262247;14;5;2015;20:14;0;AV GOV RAUL BARBOSA;;;;;Queda;;;;Meio de Quadra;;;0;1;0;0;0;0;0;0;0;1;0;0;-38,513424;-3,777055;;;
262242;14;5;2015;18:28;21378;AV JOVITA FEITOSA;RUA PRO JOSE DE BARCELOS;;;;Colisão;Anoitecer;;;Cruz;Semáforo Intermitente;Comercial;0;1;1;1;0;0;0;0;0;1;0;0;-38,549933;-3,738516;;;
262243;14;5;2015;18:41;10054;RUA ANTONIO NERY;RUA OLIVEIRA SOBRINHO;;;;Colisão;;;;Cruz;Pare;Comercial;0;1;1;1;0;0;0;0;0;1;0;0;-38,600388;-3,778827;;;
262239;14;5;2015;16:32;0;RUA JOCKEY CLUBE;;;;;Colisão;Luz do Dia;;;Meio de Quadra;;;0;1;1;1;0;0;0;0;0;1;0;0;-38,580410;-3,761839;;;
262240;14;5;2015;17:36;0;RUA CANUTO DE AGUIAR;;;;;Colisão;Anoitecer;;;Meio de Quadra;;;0;1;1;0;0;0;0;0;0;1;0;0;-38,499468;-3,729334;;;
262236;14;5;2015;13:47;0;AV OLAVO BILAC;;;;;Atropelamento;Luz do Dia;;;Meio de Quadra;;;0;1;1;0;0;0;0;0;0;1;0;0;-38,564590;-3,732041;;;
262249;14;5;2015;23:13;1566;RUA PDE VALDEVINO;RUA SILVA PAULET;;;;Colisão;;;;Cruz;Pare;Comercial;0;1;1;1;0;0;0;0;0;1;0;0;-38,507851;-3,741957;;;
261331;14;5;2015;02:20;0;AV PRS COSTA E SILVA;;;;;Colisão;;;;Meio de Quadra;;;0;0;3;1;0;0;0;0;0;0;0;0;;;;;
261332;14;5;2015;11:05;0;RUA BERNARDO MANUEL;;;997;;Colisão;Luz do Dia;;;Meio de Quadra;;;0;1;2;1;0;0;0;0;0;0;0;0;;;;;
261333;14;5;2015;17:52;9075;RUA CEL JOSE EUCLIDES;AV AGUANAMBI;;;;Colisão;Anoitecer;;;T;Outros;Comercial;0;0;2;1;1;0;0;0;0;0;0;0;-38,523383;-3,752233;;;
259377;14;5;2015;09:18;0;RD CE-040;;;;KM-12;Colisão;Luz do Dia;Bom;Seca;Meio de Quadra;;;0;0;2;1;1;0;0;0;0;0;0;0;-38,476237;-3,848945;;;
259452;14;5;2015;15:50;0;RD CE-040;;;;KM-06;Engavetamento;Luz do Dia;Bom;Seca;Meio de Quadra;;;0;0;3;1;0;0;0;0;0;0;0;0;-38,478781;-3,811270;;;
259456;14;5;2015;16:00;0;RD CE-040;;;;KM-10;Colisão;Luz do Dia;Bom;Seca;Meio de Quadra;;;0;0;2;0;0;0;0;0;0;1;0;0;-38,480068;-3,838671;;;
259465;14;5;2015;19:00;0;RD CE-040;;;;KM-04;Colisão;;Bom;Seca;Meio de Quadra;;;0;0;2;1;1;0;0;0;0;0;0;0;-38,480251;-3,792050;;;
259468;15;5;2015;;0;AV MIN JOSE AMERICO;;;;;Colisão;;Bom;Seca;Meio de Quadra;;;0;0;2;1;0;0;0;0;0;0;0;0;;;;;
259472;15;5;2015;11:00;0;RD CE-025;;;;KM-04;Colisão;Luz do Dia;Bom;Seca;Meio de Quadra;;;0;0;2;1;0;0;0;0;0;0;0;0;-38,443065;-3,805249;;;
259474;15;5;2015;20:30;0;RD CE-040;;;;KM-04;Colisão Traseira;;Bom;Seca;Meio de Quadra;;;0;1;1;1;0;0;0;0;0;0;0;0;-38,480251;-3,792050;;;
261341;15;5;2015;21:18;6804;RUA ALMEIDA PRADO;RUA BENTO ALBUQUERQUE;;;;Colisão;;;;Cruz;Pare;Residencial;0;0;2;1;0;0;1;0;0;0;0;0;-38,475918;-3,746101;;;
261338;15;5;2015;15:41;0;AV ALBERTO CRAVEIRO;;;;;Colisão;Luz do Dia;;;Meio de Quadra;;;0;0;2;1;0;0;0;0;0;0;0;0;;;;;
262250;15;5;2015;02:01;0;AV JOSE BASTOS;;;;;Queda;;;;Meio de Quadra;;;0;1;0;0;0;0;0;0;0;1;0;0;;;;;
262279;15;5;2015;14:55;0;RUA AMADEU FURTADO;;;;;Colisão;Luz do Dia;;;Meio de Quadra;;;0;1;1;1;0;0;0;0;0;1;0;0;-38,563336;-3,739134;;;
262280;15;5;2015;15:18;0;AV GODOFREDO MACIEL;;;;;Colisão;Luz do Dia;;;Meio de Quadra;;;0;1;0;0;0;0;0;0;0;0;0;0;;;;;
262285;15;5;2015;15:39;0;AV PERIMETRAL;;;;;Colisão;Luz do Dia;;;Meio de Quadra;;;0;1;0;0;0;0;0;0;0;0;0;0;;;;;
262286;15;5;2015;16:22;0;AV OLIVEIRA PAIVA;;;;;Atropelamento;Luz do Dia;;;Meio de Quadra;;;0;1;1;0;0;0;0;0;0;1;0;0;-38,481005;-3,795813;;;
262287;15;5;2015;16:53;0;AV PRS COSTA E SILVA;;;;;Queda;Luz do Dia;;;Meio de Quadra;;;0;1;0;0;0;0;0;0;0;1;0;0;;;;;
262288;15;5;2015;17:02;0;RUA BAR RIO BRANCO;;;;;Colisão;Anoitecer;;;Meio de Quadra;;;0;1;1;1;0;0;0;0;0;1;0;0;;;;;
262289;15;5;2015;17:09;0;AV SEN FERNANDES TAVORA;;;;;Queda;Anoitecer;;;Meio de Quadra;;;0;1;0;0;0;0;0;0;0;1;0;0;;;;;
262290;15;5;2015;17:36;22000;RUA ALEXANDRE BARAUNA;RUA FRE MARCELINO;;;;Colisão;Anoitecer;;;Cruz;Pare;Residencial;0;1;1;1;0;0;0;0;0;1;0;0;-38,554232;-3,745701;;;
262291;15;5;2015;18:43;0;RUA VALPARAISO;;;;;Colisão;;;;Meio de Quadra;;;0;1;0;0;0;0;0;0;0;0;0;0;-38,527263;-3,843011;;;
262293;15;5;2015;18:44;2779;RUA OSCAR ARARIPE;RUA VICENTE PINHEIRO;;;;Colisão;;;;Cruz;Pare;Comercial;0;1;0;0;0;0;0;0;0;0;0;0;-38,594600;-3,792701;;;
262294;15;5;2015;20:31;0;RUA ANDRE REBOUCAS;;;;;Colisão;;;;Meio de Quadra;;;0;1;1;1;0;0;0;0;0;1;0;0;;;;;
262295;15;5;2015;20:44;0;AV JOVITA FEITOSA;;;529;;Colisão;;;;Meio de Quadra;;;0;1;1;1;0;0;0;0;0;1;0;0;-38,548758;-3,738261;;;
262296;15;5;2015;23:32;12699;AV CEL CARVALHO;AV MAJ ASSIS;;;;Colisão;;;;Cruz;Semáforo;Residencial;0;1;1;1;0;0;0;0;0;1;0;0;-38,586255;-3,723796;;;
262297;15;5;2015;21:17;7432;RUA PEDRO DANTAS;RUA CAPRICHO;;;;Colisão;;;;T;Pare;Residencial;0;1;0;0;0;0;0;0;0;0;0;0;-38,524906;-3,785382;;;
262277;15;5;2015;13:40;0;AV DA INDEPENDENCIA;;;;;Atropelamento;Luz do Dia;;;Meio de Quadra;;;0;1;1;0;0;0;0;0;0;1;0;0;-38,596789;-3,725194;;;
262256;15;5;2015;08:09;17342;AV PRO GOMES DE MATOS;RUA ALAN KARDEC;;;;Colisão;Luz do Dia;;;Cruz;Semáforo;Comercial;0;1;1;1;0;0;0;0;0;1;0;0;-38,549213;-3,765321;;;
262257;15;5;2015;08:34;0;AV JOAO PESSOA;;;;;Queda;Luz do Dia;;;Meio de Quadra;;;0;1;0;0;0;0;0;0;0;1;0;0;-38,553822;-3,757303;;;
262258;15;5;2015;08:38;14841;RUA PDE RODOLFO;TR REJANE;;;;Colisão;Luz do Dia;;;;;;0;1;1;1;0;0;0;0;0;1;0;0;-38,584954;-3,805515;;;
262259;15;5;2015;09:32;0;RUA ANA BATISTA;;;;;Queda;Luz do Dia;;;Meio de Quadra;;;0;1;0;0;0;0;0;0;0;1;0;0;;;;;
262260;15;5;2015;09:46;3768;AV TRISTAO GONCALVES;AV DOMINGOS OLIMPIO;;;;Queda;Luz do Dia;;;Cruz;Semáforo;Comercial;0;1;0;0;0;0;0;0;0;1;0;0;-38,535613;-3,735133;;;
262261;15;5;2015;12:03;0;RUA CON DE CASTRO;;;;;Colisão;Luz do Dia;;;Meio de Quadra;;;0;1;1;1;0;0;0;0;0;1;0;0;;;;;
262262;15;5;2015;11:13;0;RUA TEODOMIRO DE CASTRO;;;;;Colisão;Luz do Dia;;;Meio de Quadra;;;0;1;1;1;0;0;0;0;0;1;0;0;-38,573285;-3,718247;;;
262263;15;5;2015;11:38;0;AV PRS CASTELO BRANCO;;;;;Colisão;Luz do Dia;;;Meio de Quadra;;;0;1;0;0;0;0;1;0;0;1;0;0;;;;;
262264;15;5;2015;12:39;9168;AV LUCIANO CARNEIRO;AV BORGES DE MELO;;;;Colisão;Luz do Dia;;;Cruz;Semáforo;Residencial;0;1;0;0;0;0;0;0;0;0;0;0;-38,534097;-3,756465;;;
262265;15;5;2015;12:48;0;AV DOMINGOS OLIMPIO;;;;;Colisão;Luz do Dia;;;Meio de Quadra;;;0;1;1;0;0;0;1;0;0;1;0;0;;;;;
262266;15;5;2015;12:56;0;AV PDE ANTONIO TOMAS;;;;;Colisão;Luz do Dia;;;Meio de Quadra;;;0;1;0;0;0;0;0;0;0;0;0;0;-38,478564;-3,746981;;;
251409;15;5;2015;14:00;1064;AV ENG LEAL LIMA VERDE (SAPIRANGA/COITE);RUA STA MARTHA;;;;Colisão Traseira;Luz do Dia;Bom;Seca;Cruz;Pare;Residencial;0;1;3;1;0;0;0;0;0;0;0;0;-38,474761;-3,806631;;;
251397;15;5;2015;14:15;12863;AV DOMINGOS OLIMPIO;RUA FLORIANO PEIXOTO;;;;Colisão Lateral;Luz do Dia;Bom;Seca;Cruz;Pare;Comercial;0;0;2;1;0;0;0;0;0;0;0;0;-38,530313;-3,736976;;;
251392;15;5;2015;22:20;9039;RUA BAR RIO BRANCO;RUA PDE MIGUELINHO;;;;Colisão Lateral;Via Iluminada;Bom;Seca;Cruz;Pare;Comercial;0;1;1;1;0;0;0;0;0;1;0;0;-38,533460;-3,742749;;;
251402;15;5;2015;17:00;9055;RUA CEL ALVES TEIXEIRA;AV VIS RIO BRANCO;;;;Colisão Lateral;Anoitecer;Bom;Seca;Cruz;Pare;Comercial;0;1;2;1;0;0;0;0;0;1;0;0;-38,522164;-3,745349;;;
252338;15;5;2015;09:45;0;AV JOSE BASTOS;;;3390;;Colisão Traseira;Luz do Dia;Bom;Seca;Meio de Quadra;Outros;Residencial;0;0;2;1;0;0;0;0;0;0;0;0;-38,549630;-3,749136;;;
252401;15;5;2015;12:30;17804;RUA G UI 309;RUA I UI 309;;;;Colisão Transversal;Luz do Dia;Bom;Seca;T;Não Há Controle;Residencial;0;1;1;0;0;0;0;0;0;1;0;0;-38,548391;-3,807332;;;
251374;15;5;2015;05:00;6817;RUA FRANCISCO MATOS;RUA BENTO ALBUQUERQUE;;;;Colisão Transversal;Amanhecer;Bom;Molhada;Cruz;Pare;Residencial;0;1;1;0;1;0;0;0;0;0;0;0;-38,470436;-3,747862;;;
251367;15;5;2015;16:00;0;RUA WALDIR DIOGO;;;328;;Colisão Transversal;Luz do Dia;Bom;Seca;Outros;Não Há Controle;Residencial;0;0;2;1;0;0;1;0;0;0;0;0;-38,581125;-3,807072;;;
263014;15;5;2015;09:45;4612;AV WASHINGTON SOARES;AV OLIVEIRA PAIVA;;;;Colisão;Luz do Dia;;;;;;0;1;0;1;0;1;0;0;0;1;0;0;-38,479908;-3,795695;;;