COD_ACIDENTE;DIA;MES;ANO;HORA;INTERSECAO;LOG1;LOG2;LOG3;NUMERO;REFERENCIA;NATUREZA;ILUMINACAO;TEMPO;SUPERFICIEPISTA;TIPOCRUZAMENTO;CONTROLETRAFEGO;USOSOLO;MORTOS;FERIDOS;ILESOS;AUTOMOVEL;ONIBUS;BICICLETA;CAMINHAO;MICROONIBUS;CICLOMOTOR;MOTOCICLETA;TRACAOANIMAL;TREM;LONG;LAT;;;
268077;15;5;2015;09:06;0;RUA CEL FRANCISCO ALVES RIBEIRO;;;101;;Colisão;Luz do Dia;;;Meio de Quadra;;;0;0;2;0;0;0;0;0;0;0;0;0;-38,509171;-3,829980;;;
268078;15;5;2015;09:53;0;RUA DOMINGOS A RIBEIRO;;;;;Colisão;Luz do Dia;;;Meio de Quadra;;;0;0;2;0;0;0;0;0;0;0;0;0;;;;;
268079;15;5;2015;10:44;0;RUA PASCOAL CASTRO ALVES;;;900;;Colisão;Luz do Dia;;;Meio de Quadra;;;0;0;2;0;0;0;0;0;0;0;0;0;;;;;
268081;15;5;2015;21:03;0;RUA VERBENA;;;;;Colisão;;;;Meio de Quadra;;;0;0;2;0;0;0;0;0;0;0;0;0;;;;;
268083;15;5;2015;23:33;0;RUA DA LADEIRA;;;210;;Colisão;;;;Meio de Quadra;;;0;0;2;0;0;0;0;0;0;0;0;0;-38,476086;-3,729186;;;
268084;15;5;2015;21:00;9016;RUA BAR RIO BRANCO;RUA DEP JOAO PONTES;;;;Colisão;;;;T;Pare;Comercial;0;0;2;0;0;0;0;0;0;0;0;0;-38,534138;-3,744830;;;
268087;15;5;2015;21:49;0;RUA OTAVIO PARANHOS;;;493;;Colisão;;;;Meio de Quadra;;;0;0;2;0;0;0;0;0;0;0;0;0;;;;;
268089;15;5;2015;21:50;0;AV MOZART PINHEIRO DE LUCENA;;;;;Colisão;;;;Meio de Quadra;;;0;0;2;0;0;0;0;0;0;0;0;0;;;;;
268091;15;5;2015;22:18;21316;RUA GUSTAVO SAMPAIO;RUA PDE GRACA;;;;Colisão;;;;;;;0;0;2;0;0;0;0;0;0;0;0;0;-38,545863;-3,733050;;;
268092;15;5;2015;22:18;0;AV AUGUSTO DOS ANJOS;;;572;;Colisão;;;;Meio de Quadra;;;0;0;2;0;0;0;0;0;0;0;0;0;;;;;
268093;15;5;2015;23:31;10046;RUA EMILIO DE MENESES;RUA BRAGANCA;;;;Colisão;;;;Cruz;Pare;Residencial;0;0;2;0;0;0;0;0;0;0;0;0;-38,596166;-3,779277;;;
268094;15;5;2015;23:39;0;RUA PAULINO NOGUEIRA;;;283;;Colisão;;;;Meio de Quadra;;;0;0;2;0;0;0;0;0;0;0;0;0;-38,538212;-3,743582;;;
258926;15;5;2015;07:00;0;RD BR 116;;;3000;KM-03;Colisão Lateral;Luz do Dia;Bom;Seca;Meio de Quadra;Não Há Controle;Comercial;0;0;3;1;0;0;1;0;0;0;0;0;-38,514372;-3,779838;;;
251548;15;5;2015;17:00;15280;RUA TEN BENEVOLO;RUA DR JOSE LOURENCO;;;;Colisão Transversal;Luz do Dia;Bom;Seca;Cruz;Pare;Comercial;0;1;1;1;0;0;0;0;0;1;0;0;-38,506010;-3,729029;;;
251552;15;5;2015;16:35;8950;AV BEZERRA DE MENEZES;RUA RUBIA SAMPAIO;;;;Colisão Lateral;Luz do Dia;Bom;Seca;T;Pare;Comercial;0;0;2;1;0;0;0;0;0;0;0;0;-38,540176;-3,730585;;;
251553;15;5;2015;11:45;18977;AV CASTELO DE CASTRO;RUA JOSE LINHARES;;;;Colisão Traseira;Luz do Dia;Bom;Seca;Outros;Pare;Comercial;0;1;1;0;0;0;1;0;0;1;0;0;-38,521526;-3,843767;;;
251565;15;5;2015;19:20;15238;RUA TEN BENEVOLO;RUA BAR ARACATI;;;;Colisão Lateral;Mal Iluminada;Bom;Seca;Cruz;Pare;Residencial;0;1;1;1;0;0;0;0;0;0;0;0;-38,510266;-3,727628;;;
271025;15;5;2015;00:42;0;RUA CEL ZACARIAS J FRANCA;;;;;Choque c/ Obstáculo Fixo;;;;Meio de Quadra;;;0;0;1;0;0;0;0;0;0;0;0;0;;;;;
271027;15;5;2015;11:11;0;RUA FAUSTO CABRAL;;;900;;Colisão;Luz do Dia;;;Meio de Quadra;;;0;0;2;0;0;0;0;0;0;0;0;0;-38,473815;-3,734421;;;
271033;15;5;2015;12:31;1064;AV ENG LEAL LIMA VERDE (SAPIRANGA/COITE);RUA STA MARTHA;;;;Colisão;Luz do Dia;;;Cruz;Pare;Residencial;0;0;2;0;0;0;0;0;0;0;0;0;-38,474761;-3,806631;;;
271089;15;5;2015;16:53;0;RUA BENTO ALBUQUERQUE;;;1450;;Colisão;Luz do Dia;;;Meio de Quadra;;;0;0;2;0;0;0;0;0;0;0;0;0;-38,476883;-3,745776;;;
271090;15;5;2015;17:01;0;RUA RISO DO PRADO;;;2260;;Atropelamento;Anoitecer;;;Meio de Quadra;;;0;0;2;0;0;0;0;0;0;0;0;0;;;;;
271096;15;5;2015;17:18;0;RUA MIGUEL ARAGAO;;;1253;;Colisão;Anoitecer;;;Meio de Quadra;;;0;0;2;0;0;0;0;0;0;0;0;0;;;;;
271105;15;5;2015;18:46;0;RUA PDE MAXIMO FEITOSA;;;405;;Choque c/ Obstáculo Fixo;;;;Meio de Quadra;;;0;0;1;0;0;0;0;0;0;0;0;0;-38,574387;-3,731204;;;
271106;15;5;2015;18:54;0;RUA OSCAR ARARIPE;;;;;Atropelamento;;;;Meio de Quadra;;;0;0;2;0;0;0;0;0;0;0;0;0;;;;;
271107;15;5;2015;19:17;22124;RUA PRO COSTA MENDES;RUA MAJ PEDRO SAMPAIO;;;;Atropelamento;;;;Cruz;Pare;Comercial;0;0;2;0;0;0;0;0;0;0;0;0;-38,554665;-3,747674;;;
271109;15;5;2015;22:19;12699;AV CEL CARVALHO;AV MAJ ASSIS;;;;Colisão;;;;Cruz;Semáforo;Residencial;0;0;2;0;0;0;0;0;0;0;0;0;-38,586255;-3,723796;;;
261390;15;5;2015;10:54;15788;RUA PDE PEDRO DE ALENCAR;RUA PERGENTINO MAIA;;;;Colisão;Luz do Dia;;;Cruz;Pare;Comercial;0;0;2;1;0;0;0;0;0;0;0;0;-38,493889;-3,830714;;;
251414;15;5;2015;12:00;14924;RUA ALFREDO MAMEDE;RUA PRO ANTONIO VIDAL;;;;Colisão Lateral;;Bom;Seca;;Não Há Controle;Residencial;0;1;1;1;0;0;0;0;0;1;0;0;-38,582955;-3,810680;;;
251417;15;5;2015;06:20;0;RUA BERNARDO MANUEL;;;10988;;Colisão Traseira;Amanhecer;Bom;Seca;Meio de Quadra;;Residencial;0;0;2;1;0;0;1;0;0;0;0;0;-38,556792;-3,816395;;;
251432;15;5;2015;08:22;0;AV ALM HENRIQUE SABOIA;;;3680;;Colisão Traseira;Luz do Dia;Bom;Seca;Meio de Quadra;Semáforo;Residencial;0;0;2;1;0;0;0;0;0;0;0;0;-38,488299;-3,741681;;;
251422;15;5;2015;07:50;6749;RUA BATISTA DE OLIVEIRA;RUA DR GILBERTO STUDART;;;;Colisão Lateral;Luz do Dia;Bom;Seca;Cruz;Não Há Controle;Residencial;0;0;2;0;1;0;0;0;0;0;0;0;-38,480581;-3,743734;;;
251436;15;5;2015;08:00;0;RUA THOMPSON GONCALVES;;;853;;Engavetamento;Luz do Dia;Bom;Seca;Meio de Quadra;Semáforo;Residencial;0;0;3;1;0;0;0;0;0;0;0;0;;;;;
251439;15;5;2015;09:15;0;RUA VICENTE NOBRE MACEDO;;;;;Colisão Lateral;Luz do Dia;Bom;Seca;Meio de Quadra;Outros;Residencial;0;0;2;1;0;0;0;0;1;0;0;0;;;;;
251443;15;5;2015;16:00;0;RUA MON ANTERO;;;515;;Colisão Transversal;Luz do Dia;Bom;Seca;Meio de Quadra;Não Há Controle;Comercial;0;0;2;1;0;0;0;0;0;0;0;0;-38,493279;-3,796581;;;
251452;15;5;2015;12:35;0;AV LUCIANO CARNEIRO;;;1110;;Colisão Traseira;Luz do Dia;Bom;Seca;Meio de Quadra;Não Há Controle;Comercial;0;2;1;0;1;0;0;0;0;1;0;0;-38,534121;-3,756544;;;
251457;15;5;2015;15:50;0;AV LUCIANO CARNEIRO;;;605;;Colisão Transversal;;Bom;Seca;Meio de Quadra;Outros;Comercial;0;0;2;1;0;0;0;0;0;1;0;0;-38,532834;-3,752354;;;
251458;15;5;2015;16:00;0;AV ANTONIO SALES;;;3525;;Colisão Lateral;Luz do Dia;Bom;Seca;Meio de Quadra;Não Há Controle;Residencial;0;0;3;1;0;0;0;0;0;1;0;0;-38,490117;-3,749232;;;
251450;15;5;2015;20:00;0;AV PRUDENTE BRASIL;;;770;;Choque c/ Obstáculo Fixo;Via Iluminada;Bom;Seca;Meio de Quadra;Não Há Controle;Residencial;0;1;1;0;0;0;0;0;0;0;0;0;-38,534366;-3,809503;;;
251462;15;5;2015;13:50;2940;RUA URUCUTUBA;RUA NS2 UI 706;;;;Colisão Lateral;Luz do Dia;Bom;Seca;T;Pare;Residencial;0;0;2;1;1;0;0;0;0;0;0;0;-38,609672;-3,797793;;;
251477;15;5;2015;09:30;24943;AV ABOLICAO;AV ALM HENRIQUE SABOIA;;;;Colisão;Luz do Dia;Bom;Seca;Cruz;Semáforo;Comercial;0;0;2;1;0;0;0;0;0;1;0;0;-38,479798;-3,722615;;;
251464;15;5;2015;01:40;0;RUA PRO ANACLETO;;;279;;Colisão Frontal;Mal Iluminada;Bom;Seca;Meio de Quadra;Pare;Comercial;0;0;2;1;0;0;0;0;0;0;0;0;-38,552688;-3,736012;;;
251467;15;5;2015;08:00;15815;RUA MANUEL CASTELO BRANCO;RUA CEL GUILHERME ALENCAR;;;;Colisão Transversal;Luz do Dia;Bom;Seca;Cruz;Pare;Comercial;0;1;2;1;0;0;0;0;0;1;0;0;-38,491829;-3,831934;;;
251472;15;5;2015;05:00;0;RUA REPUBLICA DO LIBANO;;;1415;;Engavetamento;Amanhecer;Nublado;Molhada;Meio de Quadra;Não Há Controle;Residencial;0;0;3;1;0;0;0;0;0;0;0;0;-38,487169;-3,733702;;;
251473;15;5;2015;13:00;0;RUA RAIMUNDO NERY;;;1300;;Colisão Traseira;Luz do Dia;Bom;Seca;Meio de Quadra;Não Há Controle;Residencial;0;0;2;0;0;0;0;0;0;0;0;0;;;;;
251474;15;5;2015;14:40;3211;RUA VERBENA;RUA EMILIO DE MENESES;;;;Colisão Transversal;;Bom;Seca;Cruz;Semáforo;Comercial;0;0;2;1;0;0;0;0;0;0;0;0;-38,588838;-3,781344;;;
251470;15;5;2015;05:30;15277;RUA JULIO IBIAPINA;AV ANTONIO JUSTA;;;;Choque c/ Obstáculo Fixo;Luz do Dia;Nublado;Molhada;Outros;Semáforo;Comercial;0;1;0;1;0;0;0;0;0;0;0;0;-38,490692;-3,728875;;;
251509;15;5;2015;15:00;0;AV OLIVEIRA PAIVA;;;535;;Colisão Traseira;Luz do Dia;Bom;Seca;Meio de Quadra;Outros;Comercial;0;0;2;1;0;0;0;0;0;0;0;0;-38,500575;-3,797419;;;
251512;15;5;2015;19:00;0;AV SGT HERMINIO SAMPAIO;;;677;;Colisão Lateral;Via Iluminada;Bom;Seca;Meio de Quadra;Não Há Controle;Comercial;0;1;1;1;0;0;0;0;0;1;0;0;-38,546313;-3,724645;;;
251519;15;5;2015;08:00;15820;AV JOR THOMAZ COELHO;RUA GRANJA CASTELO;;;;Colisão Traseira;;Bom;Seca;T;Semáforo;Comercial;0;0;2;1;1;0;0;0;0;0;0;0;-38,500218;-3,832383;;;
251526;15;5;2015;08:30;15807;RUA CEL DIONISIO ALENCAR;RUA PERGENTINO MAIA;;;;Colisão Lateral;Luz do Dia;Bom;Seca;Cruz;Pare;Residencial;0;2;1;0;1;0;0;0;0;1;0;0;-38,487711;-3,831561;;;
251534;15;5;2015;11:45;17355;RUA ROMEU MARTINS;RUA EUZEBIO DE QUEIROS;;;;Colisão;Luz do Dia;Bom;Seca;Cruz;Pare;Residencial;0;1;1;1;0;0;0;0;0;1;0;0;-38,553218;-3,765892;;;
251541;15;5;2015;07:10;0;RUA FAUSTO CABRAL;;;440;;;Luz do Dia;Bom;Seca;Meio de Quadra;Não Há Controle;Residencial;0;0;4;1;0;0;0;0;0;0;0;0;-38,478132;-3,733139;;;
251421;16;5;2015;11:30;1316;AV SANTOS DUMONT;RUA TIBURCIO CAVALCANTE;;;;Colisão Transversal;Luz do Dia;Bom;Seca;Cruz;Semáforo;Comercial;0;0;2;1;0;0;0;0;0;0;0;0;-38,502259;-3,734979;;;
251444;16;5;2015;05:00;0;RUA ECA DE QUEIROZ;;;1254;;Colisão Frontal;Luz do Dia;Bom;Seca;Meio de Quadra;Outros;Residencial;0;0;2;1;0;0;0;0;0;0;0;0;;;;;
251445;16;5;2015;09:54;0;AV JOR THOMAZ COELHO;;;5180;;Colisão Traseira;Luz do Dia;Bom;Seca;Meio de Quadra;Não Há Controle;Comercial;0;0;2;1;0;0;0;0;0;0;0;0;;;;;
251446;16;5;2015;07:20;0;RUA VALPARAISO;;;;;Colisão Lateral;Luz do Dia;Bom;Seca;Meio de Quadra;Outros;Comercial;0;0;2;1;0;0;0;0;0;1;0;0;;;;;
251447;16;5;2015;13:30;0;RUA EDUARDO PERDIGAO;;;231;TERM. PARANGABA;Colisão Frontal;Luz do Dia;Bom;Seca;;;;0;1;1;0;0;0;0;0;0;1;0;0;-38,563919;-3,776553;;;
251448;16;5;2015;16:30;0;RUA EDUARDO PERDIGAO;;;158;;Colisão Transversal;Luz do Dia;Bom;Seca;Meio de Quadra;Pare;Comercial;0;0;2;1;1;0;0;0;0;0;0;0;-38,564362;-3,776036;;;
251449;16;5;2015;09:22;0;AV JOR JOAO RAMOS;;;2334;;Atropelamento;Luz do Dia;Bom;Seca;Meio de Quadra;Não Há Controle;Residencial;1;0;1;1;0;0;0;0;0;0;0;0;;;;;
251440;16;5;2015;16:10;15282;RUA TIBURCIO CAVALCANTE;RUA CANUTO DE AGUIAR;;;;Colisão Lateral;Luz do Dia;Bom;Seca;Cruz;Pare;Residencial;0;0;2;1;0;0;0;0;0;0;0;0;-38,500359;-3,729044;;;
251441;16;5;2015;11:45;5250;RUA PEDRO I;RUA AGAPITO DOS SANTOS;;;;Colisão Lateral;Luz do Dia;Bom;Seca;Cruz;Pare;Comercial;0;1;1;1;0;0;0;0;0;1;0;0;-38,539337;-3,727789;;;
251442;16;5;2015;22:35;5433;RUA MAJ FACUNDO;RUA METON DE ALENCAR;;;;Colisão Lateral;Via Iluminada;Bom;Seca;Cruz;Outros;Comercial;0;0;2;1;0;0;0;0;0;0;0;0;-38,529899;-3,733917;;;
251437;16;5;2015;13:50;25016;RUA TEODOMIRO DE CASTRO;RUA GRACA ARANHA;;;;Colisão Lateral;Luz do Dia;Bom;Seca;Cruz;Não Há Controle;Residencial;0;1;1;1;0;0;0;0;0;1;0;0;-38,576351;-3,717026;;;
251438;16;5;2015;23:36;15365;AV SEN VIRGILIO TAVORA;RUA PEREIRA VALENTE;;;;Colisão Transversal;Via Iluminada;Bom;Seca;Cruz;Semáforo;Comercial;0;0;2;1;0;0;0;0;0;0;0;0;-38,492193;-3,733834;;;
251423;16;5;2015;06:05;7860;AV ANTONIO SALES;AV SEN VIRGILIO TAVORA;;;;Colisão Transversal;Luz do Dia;Bom;Seca;Cruz;Semáforo;Residencial;0;0;2;0;1;0;0;0;0;0;0;0;-38,496500;-3,747279;;;
251433;16;5;2015;17:20;9567;RUA CEL FABRICIANO;RUA SGT JOAO PINHEIRO;;;;Colisão Transversal;Anoitecer;;;Cruz;Não Há Controle;Residencial;0;1;1;0;1;0;0;0;0;1;0;0;-38,621724;-3,778965;;;
251434;16;5;2015;14:20;0;AV JOVITA FEITOSA;;;2426;;;Luz do Dia;Bom;Seca;Meio de Quadra;Não Há Controle;Comercial;0;0;2;1;0;0;0;0;0;0;0;0;-38,559165;-3,740386;;;
251435;16;5;2015;21:00;3767;AV DOMINGOS OLIMPIO;AV IMPERADOR;;;;Colisão;Via Iluminada;Bom;Seca;Cruz;Semáforo;Comercial;0;1;2;0;0;0;0;0;0;1;0;0;-38,536697;-3,734790;;;
251425;16;5;2015;13:15;12745;RUA JULIO CESAR D12;RUA ANA NERY;;;;Colisão Transversal;Luz do Dia;Bom;Seca;Cruz;Pare;Residencial;0;0;2;1;0;0;0;0;0;0;0;0;-38,544349;-3,751712;;;
251426;16;5;2015;13:30;0;AV ANTONIO SALES;;;2460;;Colisão Traseira;Luz do Dia;Bom;Seca;Meio de Quadra;Não Há Controle;Residencial;0;0;2;1;0;0;0;0;0;0;0;0;-38,501813;-3,745619;;;
251427;16;5;2015;21:00;0;AV GODOFREDO MACIEL;;;2290;;Colisão Traseira;;Bom;Seca;Meio de Quadra;Semáforo;Comercial;0;0;2;1;0;0;0;0;0;0;0;0;-38,569720;-3,795874;;;
251428;16;5;2015;09:40;0;RUA JOSE HIPOLITO;;;277;;Colisão Lateral;Luz do Dia;Bom;Seca;Meio de Quadra;Outros;Comercial;0;0;2;1;0;0;0;0;0;0;0;0;-38,492776;-3,832908;;;
251430;16;5;2015;19:20;6749;RUA DR GILBERTO STUDART;RUA BATISTA DE OLIVEIRA;;;;Colisão Lateral;Via Iluminada;Bom;Seca;Cruz;Pare;Residencial;0;0;2;0;1;0;0;0;0;0;0;0;-38,480581;-3,743734;;;
251419;16;5;2015;09:30;0;AV BEZERRA DE MENEZES;;;1802;;;Luz do Dia;Bom;Seca;Meio de Quadra;Não Há Controle;Residencial;0;0;2;1;0;0;0;0;0;0;0;0;-38,560286;-3,734772;;;
261391;16;5;2015;13:27;0;AV JOSE BASTOS;;;2380;;Colisão;Luz do Dia;;;Meio de Quadra;;;0;0;2;1;1;0;0;0;0;0;0;0;;;;;
261392;16;5;2015;16:20;0;AV WASHINGTON SOARES;;;;;Colisão;Luz do Dia;;;Meio de Quadra;;;0;0;2;1;0;0;0;0;0;0;0;0;;;;;
253023;16;5;2015;07:00;0;RD BR 116;;;4000;KM-04;Colisão Traseira;Luz do Dia;Bom;Seca;Meio de Quadra;Não Há Controle;Comercial;0;0;3;1;0;0;0;0;0;0;0;0;-38,510646;-3,788331;;;
258964;16;5;2015;09:30;0;RD BR 222;;;;;Colisão;Luz do Dia;Bom;Seca;Meio de Quadra;Não Há Controle;Comercial;0;0;2;1;0;0;1;0;0;0;0;0;;;;;
268097;16;5;2015;11:32;0;RUA PDE PEDRO DE ALENCAR;;;1618;;Colisão;Luz do Dia;;;Meio de Quadra;;;0;0;2;0;0;0;0;0;0;0;0;0;;;;;
268098;16;5;2015;12:37;0;RUA PDE ANTONINO;;;798;;Colisão;Luz do Dia;;;Meio de Quadra;;;0;0;2;0;0;0;0;0;0;0;0;0;-38,520510;-3,747239;;;
268099;16;5;2015;14:24;19809;RUA PDE GUERRA;RUA PRO LINO ENCARNACAO;;;;Colisão;Luz do Dia;;;Cruz;Pare;Residencial;0;0;2;0;0;0;0;0;0;0;0;0;-38,560980;-3,739571;;;
268101;16;5;2015;16:11;25084;AV BENJAMIM BRASIL;RUA BERNARDO MANUEL;;;;Colisão;Luz do Dia;;;T;Semáforo;Comercial;0;0;2;0;0;0;0;0;0;0;0;0;-38,554874;-3,810060;;;
268127;16;5;2015;18:20;4835;RUA CORACAO DE MARIA;RUA DOM XISTO ALBANO;;;;Colisão;Anoitecer;;;;;;0;0;2;0;0;0;0;0;0;0;0;0;-38,596808;-3,809466;;;
268128;16;5;2015;20:03;0;AV GAL OSORIO DE PAIVA;;;;;Colisão;;;;Meio de Quadra;;;0;0;2;0;0;0;0;0;0;0;0;0;;;;;
268129;16;5;2015;23:11;0;AV FRE CIRILO;;;3480;;Colisão;;;;Meio de Quadra;;;0;0;2;0;0;0;0;0;0;0;0;0;-38,498245;-3,815475;;;
268130;16;5;2015;22:56;0;AV EDILSON B SOARES;;;1410;;Choque c/ Obstáculo Fixo;;;;Meio de Quadra;;;0;0;2;0;0;0;0;0;0;0;0;0;-38,473352;-3,788828;;;
268131;16;5;2015;22:59;3348;RUA MARIO DE ANDRADE;RUA MINAS GERAIS;;;;Colisão;;;;Cruz;Pare;Residencial;0;0;2;0;0;0;0;0;0;0;0;0;-38,561389;-3,751314;;;
268132;16;5;2015;23:58;0;AV JOVITA FEITOSA;;;;;Colisão;;;;Meio de Quadra;;;0;0;2;0;0;0;0;0;0;0;0;0;;;;;
262298;16;5;2015;02:22;0;RUA CEL FABRICIANO;;;;;Queda;;;;Meio de Quadra;;;0;1;0;0;0;1;0;0;0;0;0;0;;;;;
262304;16;5;2015;03:53;0;AV BAR STUDART;;;;;Colisão;;;;Meio de Quadra;;;0;1;0;0;0;0;0;0;0;0;0;0;-38,507542;-3,737553;;;
262305;16;5;2015;03:58;12520;AV AUGUSTO DOS ANJOS;RUA ALUISIO AZEVEDO;;;;Colisão;;;;T;Semáforo;Comercial;0;1;1;0;0;0;0;0;0;1;0;0;-38,573164;-3,773439;;;
262306;16;5;2015;06:32;11338;AV GODOFREDO MACIEL;RUA FRANCISCO GLICERIO;;;;Colisão;Luz do Dia;;;Cruz;Semáforo;Comercial;0;1;0;1;0;0;0;0;0;0;0;0;-38,569757;-3,795981;;;
262307;16;5;2015;08:32;0;RUA ALVARO GARRIDO;;;874;;Colisão;Luz do Dia;;;Meio de Quadra;;;0;1;1;0;0;0;1;0;0;1;0;0;;;;;
262308;16;5;2015;11:00;3420;AV JOAO PESSOA;RUA DES PRAXEDES;;;;Colisão;Luz do Dia;;;Cruz;Semáforo;Comercial;0;1;1;1;0;0;0;0;0;1;0;0;-38,553504;-3,756946;;;
262309;16;5;2015;11:43;24837;RUA GEORGE CAVALCANTE;RUA MORAUJO;;;;Atropelamento;Luz do Dia;;;;;;0;1;0;0;0;0;0;0;0;0;0;0;-38,591548;-3,719178;;;
262315;16;5;2015;12:11;7766;RUA TIBURCIO CAVALCANTE;AV ANTONIO SALES;;;;Colisão;Luz do Dia;;;Cruz;Semáforo;Comercial;0;1;1;1;0;0;0;0;0;1;0;0;-38,505333;-3,744543;;;
262316;16;5;2015;12:34;0;AV SORIANO ALBUQUERQUE;;;;;Colisão;Luz do Dia;;;Meio de Quadra;;;0;1;1;1;0;0;0;0;0;1;0;0;;;;;
262317;16;5;2015;14:14;0;RUA EDUARDO PERDIGAO;;;;;Colisão;Luz do Dia;;;Meio de Quadra;;;0;1;0;0;0;0;0;0;0;0;0;0;;;;;
262318;16;5;2015;14:29;0;RUA SEN POMPEU;;;;;Colisão;Luz do Dia;;;Meio de Quadra;;;0;1;1;1;0;0;0;0;0;1;0;0;-38,534863;-3,744185;;;
262319;16;5;2015;15:09;7633;AV CARNEIRO DE MENDONCA;RUA RIO GRANDE DO SUL;;;;Colisão;Luz do Dia;;;Cruz;Semáforo;Misto;0;1;0;0;0;0;0;0;0;0;0;0;-38,570011;-3,762374;;;
262320;16;5;2015;15:23;3316;RUA VIRIATO RIBEIRO;RUA CHILE;;;;Colisão;Luz do Dia;;;Cruz;Pare;Residencial;0;1;1;1;0;0;0;0;0;1;0;0;-38,565276;-3,746178;;;
262322;16;5;2015;17:24;0;AV PRS CASTELO BRANCO;;;749;PEFOCE;Colisão;Anoitecer;;;Meio de Quadra;;;1;1;0;1;0;0;0;0;0;1;0;0;-38,535806;-3,718066;;;
262323;16;5;2015;18:37;0;RD BR 116;;;11000;KM-11;Atropelamento;;;;Meio de Quadra;;;0;1;1;1;0;0;0;0;0;0;0;0;-38,497176;-3,847160;;;
262324;16;5;2015;18:21;0;AV L CJ JOSE WALTER;RUA 68 CJ JOSE WALTER;;1701;;Atropelamento;Anoitecer;;;Meio de Quadra;;;0;1;1;0;0;0;0;0;0;1;0;0;-38,560069;-3,839524;;;
262331;16;5;2015;19:43;0;RUA JOSE MARTINS;;;;;Queda;;;;Meio de Quadra;;;0;1;0;0;0;0;0;0;0;1;0;0;;;;;
262332;16;5;2015;20:57;0;AV BEZERRA DE MENEZES;;;;;Atropelamento;;;;Meio de Quadra;;;0;1;1;0;1;0;0;0;0;0;0;0;-38,559177;-3,734558;;;
262333;16;5;2015;21:19;0;RUA MARIA JULIA;;;;;Colisão;;;;Meio de Quadra;;;0;1;1;1;0;0;0;0;0;1;0;0;;;;;
262334;16;5;2015;23:06;0;AV PERIMETRAL;;;;MADEIREIRA SAO LUIS;Colisão;;;;Meio de Quadra;;;0;1;1;1;0;0;0;0;0;1;0;0;;;;;
262326;16;5;2015;18:43;0;AV DEP PAULINO ROCHA;;;;;Colisão;;;;Meio de Quadra;;;0;1;0;0;0;0;0;0;0;0;0;0;-38,514208;-3,811421;;;
262327;16;5;2015;19:26;0;RUA SANDRA GENTIL;;;;;Colisão;;;;Meio de Quadra;;;0;1;1;1;0;0;0;0;0;1;0;0;-38,468747;-3,797209;;;
271350;16;5;2015;11:09;0;AV BEZERRA DE MENEZES;;;952;;Colisão;Luz do Dia;;;Meio de Quadra;;;0;0;2;0;0;0;0;0;0;0;0;0;-38,553409;-3,733384;;;
271351;16;5;2015;11:48;0;AV OLIVEIRA PAIVA;;;2415;;Colisão;Luz do Dia;;;Meio de Quadra;;;0;0;2;0;0;0;0;0;0;0;0;0;-38,484576;-3,796119;;;
271354;16;5;2015;11:57;0;AV JOVITA FEITOSA;;;2426;;Colisão;Luz do Dia;;;Meio de Quadra;;;0;0;2;0;0;0;0;0;0;0;0;0;-38,559165;-3,740386;;;
271355;16;5;2015;11:59;0;RUA TEN BENEVOLO;;;200;;Colisão;Luz do Dia;;;Meio de Quadra;;;0;0;2;0;0;0;0;0;0;0;0;0;-38,518824;-3,724868;;;
271357;16;5;2015;12:00;0;RUA VINTE E QUATRO DE MAIO;;;600;;Colisão;Luz do Dia;;;Meio de Quadra;;;0;0;2;0;0;0;0;0;0;0;0;0;;;;;
271359;16;5;2015;13:22;17347;RUA ALBERTO MAGNO;RUA IRM BAZET;;;;Colisão;Luz do Dia;;;Cruz;Pare;Comercial;0;0;2;0;0;0;0;0;0;0;0;0;-38,550525;-3,765502;;;
271361;16;5;2015;13:24;0;RUA VITAL BRASIL;;;;;Colisão;Luz do Dia;;;Meio de Quadra;;;0;0;2;0;0;0;0;0;0;0;0;0;;;;;
271364;16;5;2015;15:43;0;AV BEZERRA DE MENEZES;;;;;Colisão;Luz do Dia;;;Meio de Quadra;;;0;0;2;0;0;0;0;0;0;0;0;0;;;;;
271366;16;5;2015;15:55;0;AV DR SILAS MUNGUBA;;;;;Colisão;Luz do Dia;;;Meio de Quadra;;;0;0;2;0;0;0;0;0;0;0;0;0;;;;;
271367;16;5;2015;16:10;0;AV WENEFRIDO MELO;;;198;;Colisão;Luz do Dia;;;Meio de Quadra;;;0;0;2;0;0;0;0;0;0;0;0;0;-38,577675;-3,809061;;;
271370;16;5;2015;16:22;11668;RUA CACILDA BECKER;RUA PRO HERIBALDO COSTA;;;;Colisão;Luz do Dia;;;Cruz;Pare;Residencial;0;0;2;0;0;0;0;0;0;0;0;0;-38,589464;-3,770715;;;
271373;16;5;2015;16:31;3368;RUA AMAZONAS;RUA RIO GRANDE DO SUL;;;;Colisão;Luz do Dia;;;Cruz;Pare;Residencial;0;0;2;0;0;0;0;0;0;0;0;0;-38,564164;-3,753306;;;
271379;16;5;2015;18:21;0;RUA JOAO MELO;;;658;;Colisão;Anoitecer;;;Meio de Quadra;;;0;0;2;0;0;0;0;0;0;0;0;0;-38,555626;-3,758105;;;
271381;16;5;2015;19:00;5433;RUA MAJ FACUNDO;RUA METON DE ALENCAR;;;;Colisão;;;;Cruz;Pare;Comercial;0;0;2;0;0;0;0;0;0;0;0;0;-38,529899;-3,733917;;;