COD_ACIDENTE;DIA;MES;ANO;HORA;INTERSECAO;LOG1;LOG2;LOG3;NUMERO;REFERENCIA;NATUREZA;ILUMINACAO;TEMPO;SUPERFICIEPISTA;TIPOCRUZAMENTO;CONTROLETRAFEGO;USOSOLO;MORTOS;FERIDOS;ILESOS;AUTOMOVEL;ONIBUS;BICICLETA;CAMINHAO;MICROONIBUS;CICLOMOTOR;MOTOCICLETA;TRACAOANIMAL;TREM;LONG;LAT;;;
271383;16;5;2015;21:17;0;RUA GUANABARA;;;560;;Colisão;;;;Meio de Quadra;;;0;0;2;0;0;0;0;0;0;0;0;0;-38,566934;-3,753662;;;
271384;16;5;2015;21:19;6720;AV ENG SANTANA JUNIOR;RUA CAROLINA SUCUPIRA;;;;Colisão;;;;;Não Há Controle;Comercial;0;0;2;0;0;0;0;0;0;0;0;0;-38,488863;-3,744770;;;
271386;16;5;2015;21:22;17453;RUA DES PRAXEDES;AV JOSE DO PATROCINIO;;;;Colisão;;;;Cruz;Pare;Residencial;0;0;2;0;0;0;0;0;0;0;0;0;-38,543752;-3,762794;;;
271387;16;5;2015;21:45;22087;RUA PRO COSTA MENDES;RUA CAP FRANCISCO PEDRO;;;;Colisão;;;;Cruz;Semáforo;Comercial;0;0;2;0;0;0;0;0;0;0;0;0;-38,551734;-3,750337;;;
271389;16;5;2015;22:33;0;AV ABOLICAO;;;;;Atropelamento;;;;Meio de Quadra;;;0;0;2;0;0;0;0;0;0;0;0;0;;;;;
271390;16;5;2015;22:34;0;RUA CON DE CASTRO;;;3006;;Atropelamento;;;;Meio de Quadra;;;0;0;2;0;0;0;0;0;0;0;0;0;-38,582776;-3,795114;;;
271391;16;5;2015;23:09;0;AV DOS EXPEDICIONARIOS;;;7233;;Colisão;;;;Meio de Quadra;;;0;0;2;0;0;0;0;0;0;0;0;0;-38,546357;-3,782185;;;
271392;16;5;2015;23:41;0;RUA MOURA MATOS;;;;;Colisão;;;;Meio de Quadra;;;0;0;2;0;0;0;0;0;0;0;0;0;;;;;
259476;16;5;2015;16:00;0;RD CE-040;;;;KM-06;Colisão Traseira;Luz do Dia;Bom;Seca;Meio de Quadra;;;0;0;2;1;0;0;0;0;0;0;0;0;-38,478781;-3,811270;;;
259477;17;5;2015;14:20;0;RD CE-025;;;;KM-01;Colisão;Luz do Dia;Bom;Seca;Meio de Quadra;;;0;0;2;1;0;0;0;0;0;0;0;0;-38,470976;-3,807681;;;
259479;17;5;2015;15:00;0;RD CE-040;;;;KM-02;Colisão;Luz do Dia;Bom;Seca;Meio de Quadra;;;0;0;2;1;1;0;0;0;0;0;0;0;-38,481598;-3,776479;;;
259480;17;5;2015;19:02;0;RD CE-040;;;;KM-07;Colisão Traseira;;Bom;Seca;Meio de Quadra;;;0;0;2;1;0;0;0;0;0;1;0;0;-38,483160;-3,817953;;;
271394;17;5;2015;00:47;0;AV BEZERRA DE MENEZES;;;1645;;Atropelamento;;;;Meio de Quadra;;;0;0;2;0;0;0;0;0;0;0;0;0;-38,559462;-3,734619;;;
271401;17;5;2015;10:26;5070;RUA JOSE AVELINO;RUA BORIS;;;;Colisão;Luz do Dia;;;Cruz;Outros;Lazer;0;0;2;0;0;0;0;0;0;0;0;0;-38,521029;-3,722288;;;
271402;17;5;2015;14:20;0;RUA ELDORADO;;;;;Atropelamento;Luz do Dia;;;Meio de Quadra;;;0;0;2;0;0;0;0;0;0;0;0;0;;;;;
271404;17;5;2015;15:04;0;RUA SABIAGUABA;;;;;Colisão;Luz do Dia;;;Meio de Quadra;;;0;0;2;0;0;0;0;0;0;0;0;0;;;;;
271406;17;5;2015;16:29;0;AV CEL CARVALHO;;;840;;Atropelamento;Luz do Dia;;;Meio de Quadra;;;0;0;2;0;0;0;0;0;0;0;0;0;-38,589839;-3,709892;;;
271408;17;5;2015;20:47;2251;AV CEL CARVALHO;AV 20 DE JANEIRO;;;;Colisão;;;;;;;0;0;2;0;0;0;0;0;0;0;0;0;;;;;
271409;17;5;2015;21:32;12496;AV CARNEIRO DE MENDONCA;AV LINEU MACHADO;;;;Colisão;;;;T;Semáforo;Comercial;0;0;2;0;0;0;0;0;0;0;0;0;-38,574021;-3,760403;;;
271410;17;5;2015;21:54;0;RUA PAULA NEI;;;960;;Colisão;;;;Meio de Quadra;;;0;0;2;0;0;0;0;0;0;0;0;0;-38,489655;-3,742306;;;
262343;17;5;2015;06:12;0;RUA MARIA GOMES DE SA;;;;;Atropelamento;Luz do Dia;;;Meio de Quadra;;;0;1;0;1;0;0;0;0;0;0;0;0;-38,583485;-3,824032;;;
262344;17;5;2015;07:10;0;AV WASHINGTON SOARES;;;;;Queda;Luz do Dia;;;Meio de Quadra;;;0;1;0;0;0;0;0;0;0;1;0;0;;;;;
262345;17;5;2015;07:14;0;RUA GAL ALIPIO DOS SANTOS;;;;;Queda;Luz do Dia;;;Meio de Quadra;;;0;1;0;0;0;0;0;0;0;1;0;0;-38,596014;-3,733282;;;
262335;17;5;2015;00:13;0;RUA BETEL;;;1525;;Colisão;;;;Meio de Quadra;;;0;1;1;0;0;0;0;0;0;1;0;0;-38,552418;-3,791763;;;
262336;17;5;2015;00:38;0;AV DIOGUINHO;;;1190;;Colisão;;;;Meio de Quadra;;;0;1;1;1;0;0;0;0;0;1;0;0;-38,460637;-3,728224;;;
262337;17;5;2015;01:01;0;RUA DEMETRIO MENEZES;;;;;Colisão;;;;Meio de Quadra;;;0;1;1;1;0;0;0;0;0;1;0;0;;;;;
262338;17;5;2015;02:48;0;RUA 15 DE NOVEMBRO;;;;;Atropelamento;;;;Meio de Quadra;;;0;1;1;1;0;0;0;0;0;0;0;0;;;;;
262339;17;5;2015;02:56;0;AV BEZERRA DE MENEZES;;;618;;Colisão;;;;Meio de Quadra;;;0;1;1;1;0;0;0;0;0;1;0;0;-38,550568;-3,732793;;;
262341;17;5;2015;06:07;0;RUA PRO GOMES BRASIL;;;;;Queda;Luz do Dia;;;Meio de Quadra;;;0;1;0;0;0;0;0;0;0;1;0;0;;;;;
262356;17;5;2015;08:50;0;AV JOR THOMAZ COELHO;;;;;Queda;Luz do Dia;;;Meio de Quadra;;;0;1;0;0;0;0;0;0;0;1;0;0;;;;;
262357;17;5;2015;15:07;0;AV FRANCISCO SA;;;;;Queda;Luz do Dia;;;Meio de Quadra;;;0;1;0;0;0;0;0;0;0;1;0;0;-38,569080;-3,713410;;;
262358;17;5;2015;15:39;5433;RUA METON DE ALENCAR;RUA MAJ FACUNDO;;;;Colisão;Luz do Dia;;;Cruz;Pare;Comercial;0;1;1;1;0;0;0;0;0;1;0;0;-38,529899;-3,733917;;;
262359;17;5;2015;17:51;0;AV PERIMETRAL;;;;;Colisão;Anoitecer;;;Meio de Quadra;;;0;1;0;0;0;0;0;0;0;0;0;0;;;;;
262360;17;5;2015;18:07;20226;AV PAROARAS;AV SAUDADE D68;;;;Queda;Anoitecer;;;Outros;Pare;Residencial;0;1;0;0;0;0;0;0;0;1;0;0;-38,534257;-3,814399;;;
262361;17;5;2015;19:40;0;AV PRS CASTELO BRANCO;;;;;Atropelamento;;;;Meio de Quadra;;;0;1;1;1;0;0;0;0;0;0;0;0;;;;;
262362;17;5;2015;19:43;0;RD BR 116;;;;;Atropelamento;;;;Meio de Quadra;;;0;1;1;1;0;0;0;0;0;0;0;0;;;;;
262363;17;5;2015;20:53;0;RUA CANDIDO MAIA;;;;;Colisão;;;;Meio de Quadra;;;0;1;0;0;0;0;0;0;0;0;0;0;;;;;
262365;17;5;2015;21:00;0;AV CEL CARVALHO;;;;;Atropelamento;;;;Meio de Quadra;;;0;1;1;1;0;0;0;0;0;0;0;0;;;;;
262366;17;5;2015;21:01;8121;RUA DR GILBERTO STUDART;RUA MANUEL DE QUEIROZ;;;;Colisão;;;;Cruz;Pare;Residencial;0;1;1;1;0;0;0;0;0;1;0;0;-38,467177;-3,748059;;;
262367;17;5;2015;21:08;15339;RUA FRE MANSUETO;RUA ANA BILHAR;;;;Colisão;;;;Cruz;Semáforo;Residencial;0;1;1;0;0;0;0;0;0;1;0;0;-38,488841;-3,731552;;;
262369;17;5;2015;21:20;0;AV RECREIO D64;;;;;Colisão;;;;Meio de Quadra;;;0;1;1;1;0;0;0;0;0;1;0;0;-38,449255;-3,811567;;;
262370;17;5;2015;21:38;17326;RUA ALBERTO MAGNO;RUA ALAN KARDEC;;;;Queda;;;;Cruz;Pare;Comercial;0;1;0;0;0;0;0;0;0;1;0;0;-38,549918;-3,764796;;;
262371;17;5;2015;21:51;24943;AV ALM HENRIQUE SABOIA;AV ABOLICAO;;;;Atropelamento;;;;T;Semáforo;Comercial;1;0;1;1;0;0;0;0;0;0;0;0;-38,479798;-3,722615;;;
268156;17;5;2015;15:49;64;RUA MARTINS NETO;RUA PDE PERDIGAO SAMPAIO;;;;Colisão;Luz do Dia;;;Cruz;Pare;Comercial;0;0;2;0;0;0;0;0;0;0;0;0;-38,594477;-3,741162;;;
268158;17;5;2015;17:25;2967;TR RAIMUNDO PINHEIRO;RUA PEDRO MARTINS;;;;Colisão;Anoitecer;;;;;;0;0;2;0;0;0;0;0;0;0;0;0;-38,600555;-3,799869;;;
268152;17;5;2015;12:11;23433;RUA MON SALAZAR;RUA PRO CARVALHO;;;;Colisão;Luz do Dia;;;Cruz;Pare;Residencial;0;0;2;0;0;0;0;0;0;0;0;0;-38,514308;-3,756146;;;
268147;17;5;2015;10:00;11266;RUA 2 CAMPO DOS INGLESES;RUA 10 CAMPO DOS INGLESE;;;;Colisão;Luz do Dia;;;;;;0;0;2;0;0;0;0;0;0;0;0;0;-38,565515;-3,800547;;;
268150;17;5;2015;10:01;0;AV CARNEIRO DE MENDONCA;;;218;;Colisão;Luz do Dia;;;Meio de Quadra;;;0;0;2;0;0;0;0;0;0;0;0;0;;;;;
268142;17;5;2015;00:29;25227;AV A CJ CEARA;AV I CJ CEARA;;;;Colisão;;;;;;;0;0;2;0;0;0;0;0;0;0;0;0;-38,601152;-3,766922;;;
268144;17;5;2015;00:58;0;AV CEL CARVALHO;;;;;Colisão;;;;Meio de Quadra;;;0;0;2;0;0;0;0;0;0;0;0;0;;;;;
268145;17;5;2015;03:33;0;AV BEZERRA DE MENEZES;;;2706;;Colisão;;;;Meio de Quadra;;;0;0;2;0;0;0;0;0;0;0;0;0;-38,568861;-3,736575;;;
251410;17;5;2015;15:00;0;AV DES GONZAGA;;;220;;Colisão Lateral;Via Iluminada;Bom;Seca;Meio de Quadra;Não Há Controle;Residencial;0;0;2;1;0;0;0;0;0;0;0;0;-38,503677;-3,788949;;;
251411;17;5;2015;10:30;0;AV ABOLICAO;;;;;Colisão Lateral;Luz do Dia;Bom;Seca;Meio de Quadra;Não Há Controle;Residencial;0;0;2;0;0;0;0;1;0;1;0;0;;;;;
251412;17;5;2015;17:50;1450;RUA JOSE VILAR;RUA JOAO CARVALHO;;;;Colisão Transversal;Anoitecer;Bom;Seca;Cruz;Semáforo;Comercial;0;0;2;1;0;0;0;0;0;0;0;0;-38,505477;-3,738318;;;
261393;17;5;2015;22:30;0;AV GAL OSORIO DE PAIVA;;;;;Colisão;;;;Meio de Quadra;;;0;0;2;1;1;0;0;0;0;0;0;0;;;;;
261396;17;5;2015;23:36;0;RUA PRO GOMES BRASIL;;;;;Colisão;;;;Meio de Quadra;;;0;0;2;1;1;0;0;0;0;0;0;0;;;;;
251420;17;5;2015;19:20;6059;AV C CJ CEARA;RUA MIN ALBUQUERQUE LIMA;;;;Colisão Transversal;Anoitecer;Chuva;Molhada;Com Via Férrea;Pare;Comercial;0;1;1;1;0;0;0;0;0;1;0;0;-38,604700;-3,770669;;;
251418;17;5;2015;13:00;15326;AV BAR STUDART;RUA PEREIRA FILGUEIRAS;;;;Colisão Transversal;Luz do Dia;Bom;Seca;Cruz;Semáforo;Comercial;0;1;2;1;0;0;0;0;0;1;0;0;-38,505361;-3,730810;;;
251415;17;5;2015;20:00;0;AV DOS EXPEDICIONARIOS;;;;;Colisão Lateral;Via Iluminada;Bom;Seca;Meio de Quadra;Não Há Controle;Comercial;0;0;2;1;1;0;0;0;0;0;0;0;;;;;
251416;17;5;2015;18:00;24441;AV LUCIANO CARNEIRO;RUA RAUL CABRAL;;;;Colisão;Via Iluminada;Bom;Seca;Cruz;;Residencial;0;0;3;1;0;0;0;0;0;0;0;0;-38,538495;-3,770842;;;
251413;17;5;2015;17:40;0;AV PRS COSTA E SILVA;;;2913;;Colisão Traseira;Via Iluminada;Bom;Seca;Meio de Quadra;Não Há Controle;Misto;0;1;1;0;1;0;0;0;0;1;0;0;;;;;
251424;17;5;2015;14:15;8011;RUA ALEXANDRE BARAUNA;AV JOAO PESSOA;;;;Colisão Lateral;Luz do Dia;Bom;Seca;Cruz;Semáforo;Comercial;0;0;2;1;1;0;0;0;0;0;0;0;-38,548267;-3,751089;;;
251463;17;5;2015;15:00;17400;RUA BAR SOBRAL;RUA EDITE BRAGA;;;;Colisão Lateral;Luz do Dia;Bom;Seca;Cruz;Não Há Controle;Residencial;0;0;2;0;1;0;0;0;0;0;0;0;-38,553278;-3,767521;;;
251471;17;5;2015;11:30;7926;AV ANTONIO SALES;RUA BARBOSA DE FREITAS;;;;Colisão Transversal;Luz do Dia;Bom;Seca;Cruz;Semáforo;Residencial;0;1;1;1;0;0;0;0;0;0;0;0;-38,500407;-3,746051;;;
251475;17;5;2015;00:20;15144;AV MON TABOSA;AV RUI BARBOSA;;;;Colisão Transversal;Via Iluminada;Nublado;Seca;Cruz;Pare;Residencial;0;1;1;1;0;0;0;0;0;0;0;0;-38,505696;-3,724441;;;
251476;17;5;2015;09:10;5333;RUA PRC ISABEL;RUA GAL CLARINDO DE QUEIROZ;;;;Colisão Lateral;Luz do Dia;Bom;Seca;Cruz;Pare;Comercial;0;0;2;1;0;0;0;0;0;0;0;0;-38,536711;-3,730592;;;
251468;17;5;2015;20:15;25047;RUA ANTONIO ARRUDA;RUA CIDADE PALHANO;;;;Colisão Lateral;Via Iluminada;Bom;Seca;Cruz;Pare;Residencial;0;0;2;0;1;0;0;0;0;1;0;0;-38,593359;-3,717903;;;
251469;17;5;2015;18:20;0;RUA EDUARDO SALGADO;;;310;;Colisão Lateral;Via Iluminada;Bom;Seca;Meio de Quadra;Não Há Controle;Residencial;0;0;2;1;0;0;0;0;0;0;0;0;-38,508382;-3,734127;;;
251465;17;5;2015;15:30;15194;RUA DEP MOREIRA DA ROCHA;RUA ILDEFONSO ALBANO;;;;Colisão Transversal;Luz do Dia;Bom;Seca;Cruz;Pare;Residencial;0;0;2;1;0;0;0;0;0;0;0;0;-38,511072;-3,726480;;;
251466;17;5;2015;12:15;7907;AV PONTES VIEIRA;RUA VICENTE LEITE;;;;Colisão Traseira;Luz do Dia;Bom;Seca;Cruz;Semáforo;Comercial;0;0;2;1;0;0;0;0;0;0;0;0;-38,500282;-3,751180;;;
251478;17;5;2015;18:30;12849;RUA ASSUNCAO;RUA SALDANHA MARINHO;;;;Colisão Transversal;Via Iluminada;Bom;Seca;Cruz;Pare;Residencial;0;1;1;1;0;0;0;0;0;0;0;0;-38,531231;-3,742314;;;
251480;17;5;2015;16:40;0;AV JOSE BASTOS;;;1002;;Engavetamento;Luz do Dia;Bom;Seca;Meio de Quadra;Não Há Controle;Comercial;0;0;3;1;0;0;0;0;0;0;0;0;;;;;
251481;17;5;2015;08:00;5438;RUA METON DE ALENCAR;RUA ASSUNCAO;;;;Colisão Lateral;Luz do Dia;Bom;Seca;Cruz;Pare;Residencial;0;0;2;1;0;0;0;0;0;0;0;0;-38,528594;-3,734332;;;
251482;17;5;2015;09:15;1601;RUA PDE VALDEVINO;RUA VIS MAUA;;;;Colisão Transversal;Luz do Dia;Bom;Seca;Cruz;Pare;Comercial;0;2;0;1;0;0;0;0;0;1;0;0;-38,501876;-3,743773;;;
251507;18;5;2015;10:40;0;RUA ANDRADE FURTADO;;;515;;Colisão Lateral;Luz do Dia;Bom;Seca;Meio de Quadra;Não Há Controle;Residencial;0;0;2;1;0;0;0;0;0;0;0;0;-38,484188;-3,744339;;;
251451;18;5;2015;20:00;0;AV JOSE BASTOS;;;6510;;Colisão Traseira;Via Iluminada;Bom;Seca;Meio de Quadra;Não Há Controle;Comercial;0;1;1;0;0;0;0;0;0;0;0;0;-38,569576;-3,767391;;;
251459;18;5;2015;13:20;21986;RUA TIRADENTES;RUA CEL NUNES DE MELO;;;;Colisão Traseira;Luz do Dia;Bom;Seca;Cruz;Pare;Residencial;0;0;3;1;0;0;0;0;0;0;0;0;-38,547927;-3,743155;;;
251460;18;5;2015;09:00;0;AV BORGES DE MELO;;;;;Colisão Transversal;Luz do Dia;Bom;Seca;Meio de Quadra;Não Há Controle;Misto;0;0;2;1;1;0;0;0;0;0;0;0;;;;;
251461;18;5;2015;15:20;1276;RUA CARLOS VASCONCELOS;RUA PDE LUIS FIGUEIRA;;;;Colisão Frontal;Luz do Dia;Bom;Seca;Duplo T;Pare;Residencial;0;0;2;1;0;0;0;0;0;0;0;0;-38,510962;-3,733509;;;
251453;18;5;2015;13:40;0;AV EDUARDO GIRAO;;;1103;;Colisão Lateral;Luz do Dia;Bom;Seca;Meio de Quadra;;Residencial;0;0;2;1;0;0;1;0;0;0;0;0;-38,531979;-3,753107;;;
251454;18;5;2015;15:15;64;RUA PDE PERDIGAO SAMPAIO;RUA MARTINS NETO;;;;Colisão Lateral;Luz do Dia;Bom;Seca;Cruz;Pare;Comercial;0;0;2;1;0;0;0;0;0;1;0;0;-38,594477;-3,741162;;;
251455;18;5;2015;12:30;1469;AV SEN VIRGILIO TAVORA;RUA DES LEITE ALBUQUERQUE;;;;;Luz do Dia;Bom;Seca;Cruz;Semáforo;Comercial;0;0;2;1;0;0;0;0;0;0;0;0;-38,493796;-3,738810;;;
251456;18;5;2015;19:46;0;RUA ISAIE BORIS;;;300;;Colisão Lateral;Via Iluminada;Bom;Seca;Meio de Quadra;Semáforo;Comercial;0;0;2;1;0;0;1;0;0;0;0;0;-38,548067;-3,766909;;;
251511;18;5;2015;19:30;0;RUA RIO GRANDE DO SUL;;;;;Colisão Lateral;Via Iluminada;Bom;Seca;Meio de Quadra;Não Há Controle;Residencial;0;1;1;1;0;0;0;0;0;1;0;0;;;;;
251514;18;5;2015;20:30;1437;RUA JOAO CARVALHO;RUA SILVA PAULET;;;;Colisão Transversal;Via Iluminada;Bom;Seca;Cruz;Pare;Misto;0;0;2;1;0;0;0;0;0;0;0;0;-38,506557;-3,737966;;;
251516;18;5;2015;11:00;17911;RUA EVANDRO LUZ;RUA HAROLDO LEAO;;;;Colisão Lateral;Luz do Dia;Bom;Seca;Cruz;Pare;Residencial;0;1;1;0;0;0;0;1;0;1;0;0;-38,577346;-3,732352;;;
251518;18;5;2015;19:15;0;AV PDE ANTONIO TOMAS;;;410;;Colisão Traseira;Via Iluminada;Bom;Seca;Meio de Quadra;Não Há Controle;Comercial;0;1;1;1;0;0;0;0;1;0;0;0;-38,499695;-3,740141;;;
251525;18;5;2015;14:40;0;AV AGUANAMBI;;;888;;Colisão Traseira;Luz do Dia;Bom;Seca;Meio de Quadra;;Comercial;0;0;2;1;0;0;0;0;0;0;0;0;-38,525614;-3,744120;;;
251521;18;5;2015;20:30;13375;AV ANTONIO SALES;RUA J DA PENHA;;;;Colisão Lateral;Via Iluminada;Bom;Seca;Cruz;Pare;Comercial;0;0;2;1;0;0;0;0;0;0;0;0;-38,521352;-3,739540;;;
251522;18;5;2015;19:15;19692;RUA PRO ANACLETO;RUA AZEVEDO BOLAO;;;;Colisão Lateral;Anoitecer;Bom;Seca;Cruz;Pare;Residencial;0;0;2;1;0;0;0;0;0;0;0;0;-38,552765;-3,735640;;;
251523;18;5;2015;08:40;3860;AV 13 DE MAIO;AV DA UNIVERSIDADE;;;;Engavetamento;Luz do Dia;Bom;Seca;Cruz;Semáforo;Escola;0;0;3;1;0;0;0;0;0;0;0;0;-38,539107;-3,740962;;;
251542;18;5;2015;00:30;21520;RUA FRANCISCO ALMEIDA;RUA GETULIO VARGAS  D-71;;;;Colisão Transversal;Mal Iluminada;Bom;Seca;Cruz;Não Há Controle;Comercial;0;1;1;0;1;0;0;0;0;1;0;0;-38,592231;-3,819306;;;
251543;18;5;2015;20:20;0;AV ANTONIO SALES;;;2371;;Colisão Lateral;Via Iluminada;Bom;Seca;Meio de Quadra;Não Há Controle;Comercial;0;1;3;1;1;0;0;0;0;0;0;0;-38,502566;-3,745389;;;
251537;18;5;2015;23:12;8025;RUA PRO COSTA MENDES;AV JOAO PESSOA;;;;Colisão Transversal;Via Iluminada;Bom;Seca;Cruz;Semáforo;Comercial;0;1;1;1;0;0;0;0;0;0;0;0;-38,549441;-3,752393;;;
251539;18;5;2015;07:50;5072;AV TRISTAO GONCALVES;RUA CASTRO E SILVA;;;;Colisão Lateral;Luz do Dia;Bom;Seca;Cruz;Pare;Comercial;0;0;2;0;1;0;0;0;0;0;0;0;-38,531768;-3,722330;;;
251540;18;5;2015;13:40;15209;RUA SILVA JATAHY;RUA NUNES VALENTE;;;;Colisão Lateral;Luz do Dia;Bom;Seca;Cruz;Pare;Residencial;0;0;2;0;0;0;1;0;0;0;0;0;-38,500705;-3,726754;;;
251535;18;5;2015;07:45;0;RUA VALPARAISO;;;;;Choque c/ Obstáculo Fixo;Luz do Dia;Bom;Seca;Meio de Quadra;Não Há Controle;Rural;0;1;0;1;0;0;0;0;0;0;0;0;;;;;
251530;18;5;2015;01:15;0;AV A LT VILLAGE COLOSSO;;;;;Choque c/ Obstáculo Fixo;Não Iluminada;Bom;Seca;Meio de Quadra;Não Há Controle;Rural;0;3;0;1;0;0;0;0;0;0;0;0;;;;;
251532;18;5;2015;09:15;0;AV ROGACIANO LEITE;;;400;;Colisão Traseira;Luz do Dia;Bom;Seca;Meio de Quadra;Não Há Controle;Comercial;0;0;2;0;0;0;0;0;0;1;0;0;-38,493409;-3,761667;;;
251533;18;5;2015;19:15;0;AV ENG SANTANA JUNIOR;;;;;Colisão Transversal;Anoitecer;Bom;Seca;Meio de Quadra;Não Há Controle;Comercial;0;0;2;1;1;0;0;0;0;0;0;0;;;;;
251527;18;5;2015;16:30;9081;AV AGUANAMBI;AV 13 DE MAIO;;;;Colisão Transversal;Luz do Dia;Bom;Seca;Cruz;Pare;Comercial;0;0;2;1;0;0;0;1;0;0;0;0;-38,523451;-3,753844;;;
251528;18;5;2015;13:25;22069;AV ENG HUMBERTO MONTE;RUA PAPI JUNIOR;;;;Colisão Lateral;Luz do Dia;Bom;Seca;Cruz;;Comercial;0;1;2;0;0;0;1;0;0;1;0;0;-38,557697;-3,752552;;;
261397;18;5;2015;08:35;0;AV FRE CIRILO;;;;;Colisão;Luz do Dia;;;Meio de Quadra;;;0;0;2;1;0;0;0;0;0;1;0;0;;;;;
261399;18;5;2015;12:37;0;RUA GONCALVES LEDO;;;;;Colisão;Luz do Dia;;;Meio de Quadra;;;0;0;2;0;0;0;1;0;0;0;0;0;;;;;
261441;18;5;2015;17:51;0;AV PONTES VIEIRA;;;;;Colisão;Anoitecer;;;Meio de Quadra;;;0;0;2;1;0;0;0;0;0;0;0;0;;;;;
261401;18;5;2015;11:33;0;RUA SOLON PINHEIRO;;;427;;Colisão;Luz do Dia;;;Meio de Quadra;;;0;0;3;1;1;0;0;0;0;0;0;0;-38,527523;-3,734124;;;
261407;18;5;2015;15:59;0;RUA FRE CANECA;;;913;;Colisão;Luz do Dia;;;Meio de Quadra;;;0;0;2;1;0;0;0;0;0;0;0;0;;;;;
263064;18;5;2015;00:31;7608;AV DR SILAS MUNGUBA;RUA MAL BITENCOURT;;;;Colisão;;;;T;Semáforo;Comercial;0;1;1;1;0;0;0;0;0;0;0;0;-38,531678;-3,796992;;;
251549;18;5;2015;08:10;7812;RUA JOAQUIM NABUCO;RUA JULIO SIQUEIRA;;;;Colisão Transversal;Luz do Dia;Bom;Seca;Cruz;Pare;Residencial;0;0;2;1;0;0;0;0;0;0;0;0;-38,506154;-3,750442;;;
251544;18;5;2015;15:30;0;AV DOS EXPEDICIONARIOS;;;3190;;Colisão Traseira;Luz do Dia;Bom;Seca;Meio de Quadra;Não Há Controle;Comercial;0;0;2;1;0;0;0;0;0;1;0;0;-38,535594;-3,746560;;;
251546;18;5;2015;11:00;1358;AV SANTOS DUMONT;AV DES MOREIRA;;;;Colisão Lateral;Luz do Dia;Bom;Seca;Cruz;Semáforo;Comercial;0;0;2;1;0;0;0;0;0;1;0;0;-38,498365;-3,736226;;;
262372;18;5;2015;08:00;7669;RUA ALAGOAS;RUA GOIAS;;;;Colisão;Luz do Dia;;;Cruz;Pare;Residencial;0;1;0;0;0;1;0;0;0;0;0;0;-38,567746;-3,761531;;;
262375;18;5;2015;07:23;0;AV PRS JUSCELINO KUBITSCHEK (PASSARÉ);;;;;Colisão;Luz do Dia;;;Meio de Quadra;;;0;1;1;0;0;0;0;0;0;1;0;0;-38,534037;-3,819592;;;
262376;18;5;2015;08:31;0;RUA PARANA;;;;;Colisão;Luz do Dia;;;Meio de Quadra;;;0;1;1;1;0;0;0;0;0;1;0;0;;;;;
262391;18;5;2015;08:33;9597;RUA LONDRINA;RUA JOSE TORRES;;;;Colisão;Luz do Dia;;;Cruz;Não Há Controle;Rural;0;1;1;1;0;0;0;0;0;1;0;0;-38,607258;-3,779916;;;
262392;18;5;2015;11:43;0;RUA BAR RIO BRANCO;;;;;Atropelamento;Luz do Dia;;;Meio de Quadra;;;0;1;1;0;0;0;0;0;0;1;0;0;;;;;
262393;18;5;2015;12:24;0;AV CEL CARVALHO;;;;;Colisão;Luz do Dia;;;Meio de Quadra;;;0;1;1;1;0;0;0;0;0;1;0;0;;;;;
262394;18;5;2015;13:52;0;RUA DEP OSWALDO STUDART;;;;;Colisão;Luz do Dia;;;Meio de Quadra;;;0;1;0;0;0;0;0;0;0;0;0;0;;;;;
262395;18;5;2015;14:59;0;AV PERIMETRAL;;;;;Colisão;Luz do Dia;;;Meio de Quadra;;;0;1;1;1;0;0;0;0;0;1;0;0;;;;;
262397;18;5;2015;15:49;0;AV CEL CARVALHO;;;;;Queda;Luz do Dia;;;Meio de Quadra;;;0;1;0;0;0;0;0;0;0;1;0;0;;;;;
262398;18;5;2015;16:00;0;RUA ANTENOR ROCHA ALEXANDRE;;;;;Colisão;Luz do Dia;;;Meio de Quadra;;;0;1;1;1;0;0;0;0;0;1;0;0;-38,482267;-3,792128;;;
262399;18;5;2015;17:45;0;AV PERIMETRAL;;;;;Colisão;Anoitecer;;;Meio de Quadra;;;0;1;1;0;0;0;0;0;0;1;0;0;;;;;
262401;18;5;2015;18:00;17389;RUA ISAIE BORIS;RUA IRM BAZET;;;;Colisão;Anoitecer;;;;Pare;Comercial;0;1;1;1;0;0;0;0;0;1;0;0;-38,548585;-3,767093;;;
262402;18;5;2015;19:03;0;AV MR HULL;;;;;Atropelamento;;;;Meio de Quadra;;;0;1;1;1;0;0;0;0;0;0;0;0;;;;;
262404;18;5;2015;19:11;0;AV ANTONIO SALES;;;;;Colisão;;;;Meio de Quadra;;;0;1;0;1;1;0;0;0;0;0;0;0;;;;;
262406;18;5;2015;19:17;0;AV PDE ANTONIO TOMAS;;;;;Queda;;;;Meio de Quadra;;;0;1;0;0;0;0;0;0;0;1;0;0;;;;;
262407;18;5;2015;19:41;0;RUA DES HERMES PARAHYBA;;;;;Colisão;;;;Meio de Quadra;;;0;1;1;1;0;0;0;0;0;1;0;0;-38,592005;-3,712976;;;
262408;18;5;2015;19:45;0;AV BEZERRA DE MENEZES;;;2690;;Colisão;;;;Meio de Quadra;;;0;1;1;1;0;0;0;0;0;1;0;0;-38,568694;-3,736540;;;
262409;18;5;2015;20:41;0;RUA HONORINA MAIA;;;;;Colisão;;;;Meio de Quadra;;;0;1;1;1;0;0;0;0;0;1;0;0;;;;;