COD_ACIDENTE;DIA;MES;ANO;HORA;INTERSECAO;LOG1;LOG2;LOG3;NUMERO;REFERENCIA;NATUREZA;ILUMINACAO;TEMPO;SUPERFICIEPISTA;TIPOCRUZAMENTO;CONTROLETRAFEGO;USOSOLO;MORTOS;FERIDOS;ILESOS;AUTOMOVEL;ONIBUS;BICICLETA;CAMINHAO;MICROONIBUS;CICLOMOTOR;MOTOCICLETA;TRACAOANIMAL;TREM;LONG;LAT;;;
271418;18;5;2015;11:25;0;RUA GAL BEZERRIL;;;755;;Colisão;Luz do Dia;;;Meio de Quadra;;;0;0;2;0;0;0;0;0;0;0;0;0;-38,526443;-3,729798;;;
271421;18;5;2015;11:26;0;RUA VITAL BRASIL;;;1425;;Colisão;Luz do Dia;;;Meio de Quadra;;;0;0;2;0;0;0;0;0;0;0;0;0;-38,593711;-3,779223;;;
271422;18;5;2015;11:31;5333;RUA PRC ISABEL;RUA GAL CLARINDO DE QUEIROZ;;;;Colisão;Luz do Dia;;;Cruz;Pare;Comercial;0;0;2;0;0;0;0;0;0;0;0;0;-38,536711;-3,730592;;;
271426;18;5;2015;11:35;0;RUA METON DE ALENCAR;;;824;;Colisão;Luz do Dia;;;Meio de Quadra;;;0;0;2;0;0;0;0;0;0;0;0;0;;;;;
271432;18;5;2015;11:58;5425;RUA VINTE E CINCO DE MARCO;AV HERACLITO GRACA;;;;Colisão;Luz do Dia;;;T;Não Há Controle;Comercial;0;0;2;0;0;0;0;0;0;0;0;0;-38,523905;-3,733706;;;
271434;18;5;2015;14:37;0;AV ALM HENRIQUE SABOIA;;;;;Colisão;Luz do Dia;;;Meio de Quadra;;;0;0;2;0;0;0;0;0;0;0;0;0;;;;;
271436;18;5;2015;15:54;0;RUA CAETANO XIMENES ARAGAO;;;110;;Colisão;Luz do Dia;;;Meio de Quadra;;;0;0;2;0;0;0;0;0;0;0;0;0;-38,482263;-3,783202;;;
271438;18;5;2015;16:17;0;RUA OSCAR ARARIPE;;;834;;Colisão;Luz do Dia;;;Meio de Quadra;;;0;0;2;0;0;0;0;0;0;0;0;0;-38,598910;-3,791317;;;
271441;18;5;2015;16:50;0;AV JOAO DE ARAUJO LIMA;;;101;;Colisão;Luz do Dia;;;Meio de Quadra;;;0;0;2;0;0;0;0;0;0;0;0;0;-38,558284;-3,822148;;;
268859;18;5;2015;17:03;9132;AV 13 DE MAIO;RUA JAIME BENEVOLO;;;;Colisão;Anoitecer;;;Cruz;Semáforo;Comercial;0;0;2;0;0;0;0;0;0;0;0;0;-38,530741;-3,748122;;;
268860;18;5;2015;17:04;0;AV SIQUEIRA CAMPOS;;;836;;Colisão;Anoitecer;;;Meio de Quadra;;;0;0;2;0;0;0;0;0;0;0;0;0;-38,622825;-3,817679;;;
268866;19;5;2015;08:33;4533;AV DEP PAULINO ROCHA;RUA HUMBERTO TEIXEIRA;;;;Colisão;Luz do Dia;;;T;Pare;Residencial;0;0;2;0;0;0;0;0;0;0;0;0;-38,507895;-3,803937;;;
268874;19;5;2015;08:49;11609;RUA CIDADE RIO BRANCO;RUA VITORIA (AV. PERIMETRAL);;;;Colisão;Luz do Dia;;;;;;0;0;2;0;0;0;0;0;0;0;0;0;-38,589066;-3,766165;;;
268878;19;5;2015;10:29;7446;RUA CLARIM;RUA 05 UI 611;;;;Colisão;Luz do Dia;;;;;;0;0;2;0;0;0;0;0;0;0;0;0;-38,526520;-3,787500;;;
271802;19;5;2015;11:09;0;RUA 03 UI;;;;;Colisão;Luz do Dia;;;Meio de Quadra;;;0;0;2;0;0;0;0;0;0;0;0;0;;;;;
271805;19;5;2015;11:47;0;AV BEIRA MAR;;;4057;;Colisão;Luz do Dia;;;Meio de Quadra;;;0;0;2;0;0;0;0;0;0;0;0;0;;;;;
271810;19;5;2015;15:18;0;RUA TIBURCIO CAVALCANTE;;;2960;;Colisão;Luz do Dia;;;Meio de Quadra;;;0;0;2;0;0;0;0;0;0;0;0;0;-38,507388;-3,750927;;;
271811;19;5;2015;15:32;7497;RUA PEDRO DANTAS;RUA BOA VENTURA;;;;Colisão;Luz do Dia;;;Cruz;Não Há Controle;Misto;0;0;2;0;0;0;0;0;0;0;0;0;-38,523885;-3,785562;;;
271812;19;5;2015;16:32;10739;RUA PRO MIRAMAR DA PONTE;AV SEN FERNANDES TAVORA;;;;Colisão;Luz do Dia;;;Cruz;Semáforo;Misto;0;0;2;0;0;0;0;0;0;0;0;0;-38,585156;-3,760591;;;
271813;19;5;2015;16:33;16034;RUA GAL CORDEIRO NETO;RUA FRANCISCO BENTO;;;;Choque c/ Obstáculo Fixo;Luz do Dia;;;;;;0;0;1;0;0;0;0;0;0;0;0;0;-38,572956;-3,813479;;;
271814;19;5;2015;17:37;21607;RUA CON DE CASTRO;RUA LUIS VIEIRA;;;;Atropelamento;Anoitecer;;;Y;Dê Preferência;Residencial;0;0;2;0;0;0;0;0;0;0;0;0;-38,585845;-3,798405;;;
271815;19;5;2015;17:57;0;RUA JOAQUIM TORRES;;;37;;Colisão;Anoitecer;;;Meio de Quadra;;;0;0;2;0;0;0;0;0;0;0;0;0;-38,522510;-3,740967;;;
271807;19;5;2015;14:19;0;AV A CJ CEARA;;;755;;Colisão;Luz do Dia;;;Meio de Quadra;;;0;0;2;0;0;0;0;0;0;0;0;0;;;;;
271808;19;5;2015;15:11;5255;AV TRISTAO GONCALVES;RUA PEDRO PEREIRA;;;;Colisão;Luz do Dia;;;Cruz;Semáforo;Comercial;0;0;2;0;0;0;0;0;0;0;0;0;-38,533489;-3,728075;;;
259482;19;5;2015;15:05;0;RD CE-040;;;;KM-07;Colisão;Luz do Dia;Bom;Seca;Meio de Quadra;;;0;0;2;1;0;0;1;0;0;0;0;0;-38,483160;-3,817953;;;
259534;19;5;2015;16:10;0;RD CE-040;;;;KM-08;Colisão Traseira;Luz do Dia;Bom;Seca;Meio de Quadra;;;0;0;2;1;0;0;0;0;0;0;0;0;-38,481317;-3,823332;;;
259561;19;5;2015;17:35;0;AV SEN CARLOS JEREISSATI (AEROPORTO);;;;KM 01;Colisão Traseira;Anoitecer;Bom;Seca;Meio de Quadra;;;0;0;2;1;0;0;0;0;0;0;0;0;-38,520356;-3,783803;;;
259562;19;5;2015;21:30;0;AV SEN CARLOS JEREISSATI (AEROPORTO);;;;KM 03;Colisão;;Bom;Seca;Meio de Quadra;;;0;0;2;1;0;0;0;0;0;0;0;0;-38,541414;-3,780382;;;
268937;19;5;2015;16:21;2326;RUA SEN ROBERT KENNEDY;AV PRS CASTELO BRANCO;;;;Colisão;Luz do Dia;;;Cruz;Semáforo;Residencial;0;0;2;0;0;0;0;0;0;0;0;0;-38,579042;-3,704117;;;
269040;19;5;2015;17:35;0;AV PRO JOSE ARTHUR CARVALHO;;;75;;Colisão;Anoitecer;;;Meio de Quadra;;;0;0;2;0;0;0;0;0;0;0;0;0;-38,476820;-3,825954;;;
262415;19;5;2015;06:44;0;AV PRS CASTELO BRANCO;;;;;Colisão;Luz do Dia;;;Meio de Quadra;;;0;1;1;1;0;0;0;0;0;1;0;0;;;;;
262412;19;5;2015;02:30;0;RUA CEL GONCALO D46;;;;;Colisão;;;;Meio de Quadra;;;0;1;1;1;0;0;0;0;0;1;0;0;;;;;
262413;19;5;2015;05:26;0;AV AGUANAMBI;;;;;Queda;Amanhecer;;;Meio de Quadra;;;0;1;0;0;0;0;0;0;0;1;0;0;;;;;
262430;19;5;2015;07:36;0;AV PERIMETRAL;;;;;Colisão;Luz do Dia;;;Meio de Quadra;;;0;1;1;0;0;0;0;0;0;1;0;0;;;;;
262435;19;5;2015;10:22;14952;RUA CON DE CASTRO;RUA FERNANDO FARIAS DE MELO (MANUEL SÁTIRO);;;;Colisão;Luz do Dia;;;Duplo T;Pare;Residencial;0;1;1;1;0;0;0;0;0;1;0;0;-38,578102;-3,790043;;;
262436;19;5;2015;17:13;0;AV PERIMETRAL;;;;;Colisão;Anoitecer;;;Meio de Quadra;;;0;1;0;0;0;0;0;0;0;0;0;0;;;;;
262437;19;5;2015;17:17;0;AV JOSE BASTOS;;;;;Queda;Anoitecer;;;Meio de Quadra;;;0;1;0;0;0;0;0;0;0;1;0;0;;;;;
262438;19;5;2015;20:43;0;AV GAL OSORIO DE PAIVA;;;;;Colisão;;;;Meio de Quadra;;;0;1;1;1;0;0;0;0;0;1;0;0;-38,583944;-3,786687;;;
262432;19;5;2015;08:28;0;RUA ADUALDO BATISTA;;;;;Colisão;Luz do Dia;;;Meio de Quadra;;;0;1;1;0;0;0;0;0;0;1;0;0;;;;;
262433;19;5;2015;08:41;0;AV PERIMETRAL;;;;;Queda;Luz do Dia;;;Meio de Quadra;;;0;1;0;0;0;0;0;0;0;1;0;0;;;;;
256826;19;5;2015;17:00;9189;RUA MARIO MAMEDE;RUA CAMPO AMOR ROCHA;;;;Colisão Transversal;Anoitecer;Bom;Seca;Cruz;Outros;Residencial;0;0;2;1;0;0;0;0;0;1;0;0;-38,525444;-3,754388;;;
258928;19;5;2015;07:10;0;RD BR 116;;;4000;KM-04;Colisão Traseira;Luz do Dia;Bom;Seca;Meio de Quadra;Não Há Controle;Comercial;0;0;3;1;0;0;0;0;0;0;0;0;-38,510646;-3,788331;;;
263091;19;5;2015;14:00;23748;RUA LEAO DO NORTE;RUA CON DE CASTRO;;;;Colisão;Luz do Dia;;;T;Pare;Misto;0;1;0;1;0;0;0;0;0;1;0;0;-38,574385;-3,786042;;;
261442;19;5;2015;11:13;0;AV ABOLICAO;;;;;Colisão;Luz do Dia;;;Meio de Quadra;;;0;0;3;1;0;0;1;0;0;0;0;0;;;;;
261443;19;5;2015;14:03;7718;AV CARNEIRO DE MENDONCA;AV JOSE BASTOS;;;;Colisão;Luz do Dia;;;Cruz;Semáforo;Comercial;0;0;3;1;0;0;0;0;0;0;0;0;-38,566759;-3,764109;;;
261447;19;5;2015;15:47;6788;RUA DES WALDETARIO P MOTA;AV SANTOS DUMONT;;;;Colisão;Luz do Dia;;;Cruz;Semáforo;Misto;0;0;2;1;0;0;0;0;0;0;0;0;-38,483309;-3,741093;;;
251505;19;5;2015;;7895;RUA VICENTE LEITE;RUA ISRAEL BEZERRA;;;;Colisão Transversal;Luz do Dia;Bom;Seca;Cruz;Pare;Residencial;0;0;2;1;0;0;0;0;0;0;0;0;-38,499075;-3,748584;;;
251483;19;5;2015;18:30;0;RUA JULIO BRAGA;;;1146;;Colisão Transversal;Anoitecer;Bom;Seca;Meio de Quadra;;;0;1;1;1;0;0;0;0;0;1;0;0;-38,581361;-3,775421;;;
251484;19;5;2015;07:20;19952;AV LUCIANO CARNEIRO;RUA FRANCISCO LORDA;;;;Colisão Traseira;Luz do Dia;Bom;Seca;Cruz;Semáforo;Comercial;0;0;2;0;1;0;0;0;0;0;0;0;-38,535431;-3,760835;;;
251485;19;5;2015;01:45;0;AV FRANCISCO SA;;;7390;;Colisão Transversal;Luz do Dia;Bom;Seca;Meio de Quadra;Não Há Controle;Residencial;0;0;2;1;0;0;0;0;0;0;0;0;-38,584964;-3,707028;;;
251486;19;5;2015;09:30;1289;AV SANTOS DUMONT;RUA SILVA PAULET;;;;Colisão Transversal;Luz do Dia;;;Cruz;Pare;Comercial;0;1;1;0;0;0;0;0;0;1;0;0;-38,505258;-3,733985;;;
251487;19;5;2015;19:10;11285;RUA FRANCISCO GLICERIO;RUA CARLOS STUDART;;;;Colisão Transversal;Via Iluminada;Bom;Seca;Cruz;Pare;Comercial;0;0;1;1;0;0;0;0;0;0;0;0;-38,568900;-3,796234;;;
251488;19;5;2015;16:45;1413;RUA BARBARA DE ALENCAR;RUA JOAO CORDEIRO;;;;Colisão Lateral;Via Iluminada;Bom;Seca;Cruz;Pare;Residencial;0;0;2;1;0;0;0;0;0;0;0;0;-38,516987;-3,737041;;;
251489;19;5;2015;13:30;0;RUA ANTONIO TEIXEIRA LEITE;;;796;;Colisão;Luz do Dia;Bom;Seca;Meio de Quadra;Não Há Controle;Residencial;0;1;1;1;0;0;0;0;0;1;0;0;;;;;
251490;19;5;2015;;0;AV DOMINGOS OLIMPIO;;;123;;Colisão Lateral;Luz do Dia;Bom;Seca;;;;0;0;2;1;0;0;1;0;0;0;0;0;-38,524692;-3,738657;;;
251491;19;5;2015;17:30;25003;AV DR THEBERGE;AV SGT HERMINIO SAMPAIO;;;;Colisão Lateral;Via Iluminada;Bom;Seca;Cruz;Semáforo Manual;Comercial;0;1;1;1;0;0;1;0;0;0;0;0;-38,569276;-3,727916;;;
251492;19;5;2015;09:00;5030;AV ALM BARROSO;RUA ALM JACEGUAI;;;;Colisão Lateral;Luz do Dia;Bom;Seca;T;Semáforo;Comercial;0;0;2;1;0;0;1;0;0;0;0;0;-38,519363;-3,720749;;;
251493;19;5;2015;15:30;17357;RUA ALAN KARDEC;RUA QUEIROZ RIBEIRO;;;;Colisão Transversal;Luz do Dia;Bom;Seca;Cruz;Pare;Residencial;0;0;2;1;0;0;0;0;0;0;0;0;-38,548436;-3,765962;;;
251494;19;5;2015;09:50;0;AV VICENTE DE CASTRO;;;4753;;Colisão Traseira;;Bom;Seca;Meio de Quadra;Não Há Controle;Comercial;0;0;3;1;0;0;1;0;0;0;0;0;-38,478637;-3,721439;;;
251495;19;5;2015;09:00;5153;RUA TEN BENEVOLO;RUA RODRIGUES JUNIOR;;;;Colisão Traseira;Luz do Dia;Bom;Seca;T;Não Há Controle;Residencial;0;0;3;1;0;0;0;0;0;0;0;0;-38,518746;-3,724892;;;
251496;19;5;2015;10:30;0;RUA CEL MANUEL ANTONIO LEITE;;;243;;Colisão Transversal;Luz do Dia;Bom;Seca;Meio de Quadra;Pare;Misto;0;0;2;1;1;0;0;0;0;0;0;0;;;;;
251497;19;5;2015;23:40;0;AV 13 DE MAIO;;;441;;Colisão Lateral;Via Iluminada;Bom;Seca;Outros;Outros;Comercial;0;1;1;1;0;0;0;0;0;1;0;0;-38,525376;-3,752697;;;
251498;19;5;2015;12:30;15238;RUA TEN BENEVOLO;RUA BAR ARACATI;;;;Colisão Lateral;Luz do Dia;Bom;Seca;Cruz;Pare;Residencial;0;0;2;1;0;0;0;1;0;0;0;0;-38,510266;-3,727628;;;
251499;19;5;2015;11:15;0;AV CARAPINIMA;;;2306;;Colisão Traseira;Luz do Dia;Bom;Seca;Meio de Quadra;Não Há Controle;Misto;0;2;0;1;0;0;0;0;0;1;0;0;-38,540353;-3,740113;;;
251500;19;5;2015;06:40;0;AV PRS CASTELO BRANCO;;;4310;;Colisão Lateral;;Bom;Seca;Meio de Quadra;;Misto;0;1;1;1;0;0;0;0;0;1;0;0;-38,570717;-3,707560;;;
251501;19;5;2015;07:15;0;AV JOAO PESSOA;;;6330;;Colisão Lateral;Luz do Dia;Bom;Seca;Meio de Quadra;Não Há Controle;Comercial;0;1;1;1;0;0;0;0;0;1;0;0;-38,559172;-3,765695;;;
251502;19;5;2015;23:00;17428;RUA ALBERTO MAGNO;RUA CESAR ROSSAS;;;;Colisão Transversal;Via Iluminada;Bom;Seca;Cruz;Semáforo;Comercial;0;0;2;1;0;0;1;0;0;0;0;0;-38,552686;-3,768561;;;
251503;19;5;2015;18:30;23557;AV GOV RAUL BARBOSA;RUA BELISARIO TAVORA;;;;Colisão Lateral;Anoitecer;Bom;Seca;T;Pare;Comercial;0;1;1;1;0;0;0;0;0;1;0;0;-38,505537;-3,761108;;;
251504;20;5;2015;06:45;12871;RUA BAR ARATANHA;RUA JOAQUIM MAGALHAES;;;;Colisão Transversal;Luz do Dia;Bom;Seca;Cruz;Pare;Residencial;0;0;2;1;0;0;0;0;0;0;0;0;-38,528666;-3,739716;;;
251506;20;5;2015;19:30;0;RUA DR THOMPSON BULCAO;;;850;;Colisão;Via Iluminada;Bom;Seca;Meio de Quadra;Não Há Controle;Comercial;0;1;1;0;1;1;0;0;0;0;0;0;;;;;
251508;20;5;2015;13:00;19657;RUA PRO RAIMUNDO ARRUDA;AV BEZERRA DE MENEZES;;;;Colisão Lateral;Luz do Dia;Bom;Seca;Cruz;Semáforo;Comercial;0;0;2;0;0;0;1;0;1;0;0;0;-38,552148;-3,733126;;;
251510;20;5;2015;17:00;9176;AV AGUANAMBI;AV EDUARDO GIRAO;;;;Colisão;Luz do Dia;Bom;Seca;Rotatória;Não Há Controle;Comercial;0;0;2;1;0;0;1;0;0;0;0;0;-38,523639;-3,755303;;;
251529;20;5;2015;12:50;307;RUA DOM JOSE LOURENCO  D27;RUA DAMIAO FERNANDES;;;;Colisão Lateral;Luz do Dia;Bom;Seca;Cruz;Não Há Controle;Residencial;0;0;2;1;0;0;0;0;0;0;0;0;-38,557869;-3,743795;;;
251536;20;5;2015;18:45;5371;RUA GAL CLARINDO DE QUEIROZ;RUA VINTE E QUATRO DE MAIO;;;;Colisão Transversal;Via Iluminada;Bom;Seca;Cruz;Pare;Comercial;0;0;2;1;0;0;0;0;0;0;0;0;-38,533532;-3,731621;;;
251538;20;5;2015;06:20;19696;RUA GUSTAVO SAMPAIO;RUA DOM JOSE LOURENCO  D27;;;;Colisão Transversal;Luz do Dia;Bom;Seca;Cruz;Pare;Comercial;0;1;1;0;0;0;0;0;0;1;0;0;-38,559501;-3,735880;;;
251524;20;5;2015;10:11;0;AV CENTRAL ALA OESTE;;;;;Colisão Transversal;Luz do Dia;Bom;Seca;Meio de Quadra;Pare;Comercial;0;0;2;1;0;0;0;0;0;0;0;0;;;;;
251520;20;5;2015;14:05;0;AV ALBERTO NEPOMUCENO;;;;;Colisão Lateral;Luz do Dia;Bom;Seca;Meio de Quadra;Semáforo Manual;Comercial;0;0;2;1;0;0;0;0;0;0;0;0;;;;;
251517;20;5;2015;13:50;13536;AV RUI BARBOSA;RUA JULIO SIQUEIRA;;;;Colisão Transversal;Luz do Dia;Bom;Seca;T;Pare;Misto;0;0;2;1;0;0;0;0;0;0;0;0;-38,513332;-3,748103;;;
251515;20;5;2015;16:00;0;RUA MARCOS MACEDO;;;470;;Colisão Transversal;Luz do Dia;Bom;Seca;Meio de Quadra;Pare;Comercial;0;0;2;1;0;0;0;0;0;0;0;0;-38,497213;-3,734403;;;
251513;20;5;2015;07:40;11069;RUA SUECIA;RUA EQUADOR;;;;Colisão Transversal;Luz do Dia;Bom;Seca;Cruz;Pare;Residencial;0;0;2;1;0;0;0;0;0;0;0;0;-38,557111;-3,784449;;;
261451;20;5;2015;16:17;0;AV CARNEIRO DE MENDONCA;;;;;Colisão;Luz do Dia;;;Meio de Quadra;;;0;0;2;1;0;0;0;0;0;0;0;0;;;;;
261449;20;5;2015;09:25;5434;AV DOM MANUEL;AV HERACLITO GRACA;;;;Colisão;Luz do Dia;;;Cruz;Semáforo;Comercial;0;0;2;1;1;0;0;0;0;0;0;0;-38,522952;-3,734013;;;
261453;20;5;2015;15:33;0;AV BEZERRA DE MENEZES;;;1820;;Colisão;Luz do Dia;;;Meio de Quadra;;;0;0;2;0;0;0;0;0;0;0;0;0;-38,560902;-3,734929;;;
261531;20;5;2015;17:59;0;RUA AFONSO HENRIQUE;;;1285;;Colisão;Anoitecer;;;Meio de Quadra;;;0;0;2;0;1;0;0;0;0;0;0;0;-38,479835;-3,827090;;;
261532;20;5;2015;23:45;0;RUA CON DE CASTRO;;;;;Colisão;;;;Meio de Quadra;;;0;0;2;1;0;0;0;0;0;0;0;0;;;;;
253022;20;5;2015;10:30;0;RD BR 116;;;6000;KM-06;Choque c/ Obstáculo Fixo;Luz do Dia;Bom;Seca;Meio de Quadra;Não Há Controle;Comercial;0;0;1;1;0;0;0;0;0;0;0;0;-38,503053;-3,804691;;;
258930;20;5;2015;06:50;0;RD BR 116;;;9000;KM-09;Colisão Traseira;Luz do Dia;Bom;Seca;Meio de Quadra;Não Há Controle;Comercial;0;0;2;1;0;0;1;0;0;0;0;0;-38,504865;-3,830837;;;
258932;20;5;2015;19:35;0;RD BR 116;;;11000;KM-11;Colisão Lateral;Via Iluminada;Bom;Seca;Meio de Quadra;Não Há Controle;Comercial;0;1;1;1;0;0;0;0;0;1;0;0;-38,497176;-3,847160;;;
258965;20;5;2015;09:10;0;RD BR 222;;;;KM-02;Colisão Lateral;Luz do Dia;Bom;Seca;Meio de Quadra;Não Há Controle;Comercial;0;0;2;0;0;0;0;0;0;0;0;0;-38,586880;-3,738951;;;
251547;20;5;2015;06:50;24987;AV ANTONIO SALES;AV ALM HENRIQUE SABOIA;;;;Colisão Traseira;Luz do Dia;Bom;Seca;Y;Outros;Comercial;0;0;2;1;1;0;0;0;0;0;0;0;-38,492911;-3,748334;;;
251545;20;5;2015;06:00;0;AV SGT HERMINIO SAMPAIO;;;;;Colisão Lateral;Luz do Dia;Bom;Seca;Meio de Quadra;Pare;Residencial;0;1;1;1;0;0;0;0;0;1;0;0;;;;;
251550;20;5;2015;01:30;0;AV GAL OSORIO DE PAIVA;;;4711;;Colisão Lateral;Via Iluminada;Bom;Seca;Meio de Quadra;Não Há Controle;Residencial;0;0;2;1;0;0;0;0;0;0;0;0;;;;;
251555;20;5;2015;13:35;12398;AV LINEU MACHADO;ET PICI;;;;Colisão Transversal;Luz do Dia;Bom;Seca;Cruz;Pare;Misto;0;2;1;1;0;0;0;0;0;1;0;0;-38,577683;-3,767407;;;
251557;20;5;2015;10:20;12520;AV AUGUSTO DOS ANJOS;RUA ALUISIO AZEVEDO;;;;Colisão Lateral;Luz do Dia;Bom;Seca;T;Semáforo;Comercial;0;1;1;1;0;0;0;0;0;1;0;0;-38,573164;-3,773439;;;
251563;20;5;2015;12:30;0;AV DEP PAULINO ROCHA;;;1004;;Colisão Traseira;Luz do Dia;Bom;Seca;Meio de Quadra;Gesto;Residencial;0;0;3;1;0;0;0;0;0;0;0;0;;;;;
251559;20;5;2015;07:50;9287;AV BORGES DE MELO;AV DOS EXPEDICIONARIOS;;;;Colisão Transversal;Luz do Dia;Bom;Seca;Cruz;Semáforo;Comercial;0;1;1;1;0;0;0;0;0;1;0;0;-38,537674;-3,753391;;;
251567;20;5;2015;09:30;7258;AV ODILON GUIMARAES;RUA FRANCISCO LEANDRO;;;;Colisão Traseira;Luz do Dia;Bom;Seca;Cruz;Semáforo;Outros;0;1;1;0;1;0;1;0;0;0;0;0;-38,478709;-3,824509;;;
251568;20;5;2015;07:30;17342;AV PRO GOMES DE MATOS;RUA ALAN KARDEC;;;;Colisão Lateral;Luz do Dia;Bom;Seca;Cruz;Semáforo;Comercial;0;0;2;1;0;0;0;0;0;0;0;0;-38,549213;-3,765321;;;
251569;20;5;2015;13:10;15802;RUA CEL JOAQUIM BEZERRA;RUA CAP AFRANIO;;;;Colisão Transversal;Luz do Dia;Bom;Seca;T;Não Há Controle;Comercial;0;0;2;1;0;0;0;0;0;0;0;0;-38,495297;-3,831313;;;
251574;20;5;2015;08:30;0;AV DIOGUINHO;;;4740;;Atropelamento;Luz do Dia;Bom;Seca;Meio de Quadra;Não Há Controle;Residencial;1;1;0;0;0;0;0;0;0;1;0;0;-38,445893;-3,756047;;;
251575;20;5;2015;00:20;4006;RUA EDITE BRAGA;RUA DES PRAXEDES;;;;Colisão Traseira;Via Iluminada;Bom;Seca;Cruz;Pare;Comercial;0;0;2;1;0;0;0;0;0;0;0;0;-38,547472;-3,760633;;;
251571;20;5;2015;10:30;0;AV JOSE BASTOS;;;3204;;Engavetamento;Luz do Dia;Bom;Seca;Meio de Quadra;Não Há Controle;Comercial;0;0;4;1;0;0;0;0;0;0;0;0;;;;;
251578;20;5;2015;15:30;13566;AV RUI BARBOSA;RUA CASTRO ALVES;;;;Colisão Lateral;Luz do Dia;Bom;Seca;T;Pare;Comercial;0;0;2;1;0;0;0;0;0;0;0;0;-38,513946;-3,750012;;;
251581;20;5;2015;08:00;25186;RUA VER PEDRO PAULO MOREIRA;RUA REPUBLICA ARMENIA;;;;Colisão Lateral;;Bom;Seca;Cruz;Pare;Comercial;0;0;2;0;1;0;0;0;0;0;0;0;-38,481560;-3,787002;;;
251582;20;5;2015;08:50;26118;RUA JOSE B PARENTE D59;AV ALM MAXIMIANO DA FONSECA;;;;Colisão Lateral;Luz do Dia;Bom;Seca;T;Pare;Misto;0;0;2;1;0;0;0;0;0;0;0;0;-38,485100;-3,771301;;;
251584;20;5;2015;14:30;0;RUA BARBARA DE ALENCAR;;;50;;Colisão Lateral;Luz do Dia;Bom;Seca;Meio de Quadra;;Comercial;0;0;2;0;0;0;0;0;0;0;0;0;-38,523339;-3,734944;;;
251587;20;5;2015;14:30;0;AV DOMINGOS OLIMPIO;;;247;;Colisão Traseira;Luz do Dia;Bom;Seca;Meio de Quadra;Não Há Controle;Comercial;0;0;2;1;0;0;0;0;0;0;0;0;-38,527167;-3,737804;;;
257336;20;5;2015;04:45;0;AV AGUANAMBI;;;1980;VIADUTO-13 DE MAIO;Choque c/ Obstáculo Fixo;;;;Meio de Quadra;;;0;1;0;0;0;0;0;0;0;0;0;0;-38,523477;-3,753895;;;
262466;20;5;2015;21:39;0;AV RECREIO D64;;;1750;;Queda;;;;Meio de Quadra;;;0;1;0;0;0;0;0;0;0;1;0;0;;;;;
262467;20;5;2015;23:09;0;RUA BERNARDO MANUEL;;;108685;;Colisão;;;;Meio de Quadra;;;0;2;0;1;0;0;0;0;0;1;0;0;;;;;
262439;20;5;2015;00:32;0;RUA CAMPO BOM;;;;;Colisão;;;;Meio de Quadra;;;0;1;1;1;0;1;0;0;0;0;0;0;;;;;
262440;20;5;2015;07:33;0;AV EXPEDICIONARIOS (INVALIDA);;;;;Colisão;Luz do Dia;;;Meio de Quadra;;;0;1;1;1;0;0;0;0;0;1;0;0;;;;;
262441;20;5;2015;07:35;0;AV WASHINGTON SOARES;;;;;Colisão;Luz do Dia;;;Meio de Quadra;;;0;1;1;1;0;0;0;0;0;1;0;0;;;;;
262442;20;5;2015;08:10;266;AV JOVITA FEITOSA;RUA ERICO MOTA;;;;Queda;Luz do Dia;;;Cruz;Semáforo;Comercial;0;1;0;0;0;0;0;0;0;1;0;0;-38,561850;-3,740938;;;
262443;20;5;2015;11:46;10842;RUA PRO HERIBALDO COSTA;RUA CUIABA;;;;Colisão;Luz do Dia;;;Cruz;Pare;Residencial;0;1;1;0;0;0;0;0;0;1;0;0;-38,586471;-3,764961;;;
262444;20;5;2015;09:27;0;AV ZEZE DIOGO;;;;;Colisão;Luz do Dia;;;Meio de Quadra;;;0;1;1;1;0;0;0;0;0;1;0;0;;;;;
262445;20;5;2015;12:36;0;AV GOV RAUL BARBOSA;;;;;Colisão;Luz do Dia;;;Meio de Quadra;;;0;1;1;1;0;0;0;0;0;1;0;0;-38,509259;-3,767301;;;
262446;20;5;2015;13:42;0;AV BORGES DE MELO;;;;;Atropelamento;Luz do Dia;;;Meio de Quadra;;;0;1;1;0;0;0;0;0;0;0;0;0;;;;;
262447;20;5;2015;13:56;0;RUA PEDRO MELO;;;;;Colisão;Luz do Dia;;;Meio de Quadra;;;0;1;1;1;0;0;0;0;0;1;0;0;;;;;
262448;20;5;2015;14:58;0;AV CENTRAL;;;;;Colisão;Luz do Dia;;;Meio de Quadra;;;0;1;1;1;0;0;0;0;0;1;0;0;;;;;
262449;20;5;2015;15:27;11259;AV BENJAMIM BRASIL;RUA PAURILO BARROSO;;;;Colisão;Luz do Dia;;;Cruz;Não Há Controle;Residencial;0;1;1;1;0;0;0;0;0;1;0;0;-38,570528;-3,803725;;;
262450;20;5;2015;17:51;0;RUA CEL JOAO CORREIA;;;;;Colisão;Anoitecer;;;Meio de Quadra;;;0;1;1;1;0;0;0;0;0;1;0;0;;;;;
262451;20;5;2015;18:13;0;RD BR 116;;;;;Queda;Anoitecer;;;Meio de Quadra;;;0;1;0;0;0;0;0;0;0;1;0;0;;;;;