COD_ACIDENTE;DIA;MES;ANO;HORA;INTERSECAO;LOG1;LOG2;LOG3;NUMERO;REFERENCIA;NATUREZA;ILUMINACAO;TEMPO;SUPERFICIEPISTA;TIPOCRUZAMENTO;CONTROLETRAFEGO;USOSOLO;MORTOS;FERIDOS;ILESOS;AUTOMOVEL;ONIBUS;BICICLETA;CAMINHAO;MICROONIBUS;CICLOMOTOR;MOTOCICLETA;TRACAOANIMAL;TREM;LONG;LAT;;;
262452;20;5;2015;18:46;0;AV BEZERRA DE MENEZES;;;;;Atropelamento;;;;Meio de Quadra;;;0;1;1;1;0;0;0;0;0;0;0;0;;;;;
262453;20;5;2015;19:27;0;RUA PRO VIRGILIO DE MORAIS;;;;;Atropelamento;;;;Meio de Quadra;;;0;1;1;0;1;0;0;0;0;0;0;0;-38,596727;-3,751655;;;
262454;20;5;2015;19:53;0;AV JOAO PESSOA;;;;;Colisão;;;;Meio de Quadra;;;0;1;1;0;0;0;0;0;0;1;0;0;;;;;
262455;20;5;2015;19:53;0;RD BR 116;;;11000;KM-11;Colisão;;;;Meio de Quadra;;;0;1;1;1;0;0;0;0;0;1;0;0;-38,497176;-3,847160;;;
262456;20;5;2015;20:54;0;AV PRS CASTELO BRANCO;;;;;Atropelamento;;;;Meio de Quadra;;;0;1;1;1;0;0;0;0;0;0;0;0;;;;;
269042;20;5;2015;08:01;0;AV MOZART PINHEIRO DE LUCENA;;;1201;;Colisão;Luz do Dia;;;Meio de Quadra;;;0;0;2;0;0;0;0;0;0;0;0;0;-38,594291;-3,713405;;;
269044;20;5;2015;15:13;0;RUA MIN ALBUQUERQUE LIMA;;;740;;Colisão;Luz do Dia;;;Meio de Quadra;;;0;0;2;0;0;0;0;0;0;0;0;0;-38,606286;-3,769892;;;
269045;20;5;2015;15:40;0;AV ANTONIO SALES;;;20;;Colisão;Luz do Dia;;;Meio de Quadra;;;0;0;2;0;0;0;0;0;0;0;0;0;-38,522837;-3,738981;;;
269046;20;5;2015;15:46;0;RUA PESSOA ANTA;;;531;;Colisão;Luz do Dia;;;Meio de Quadra;;;0;0;2;0;0;0;0;0;0;0;0;0;;;;;
269048;20;5;2015;16:19;3779;RUA VINTE E QUATRO DE MAIO;RUA ANTONIO POMPEU;;;;Colisão;Luz do Dia;;;Cruz;Pare;Comercial;0;0;2;0;0;0;0;0;0;0;0;0;-38,534186;-3,733667;;;
269049;20;5;2015;17:15;2614;AV CEL CARVALHO;RUA DES HERMES PARAHYBA;;;;Colisão;Anoitecer;;;Cruz;Semáforo;Misto;0;0;2;0;0;0;0;0;0;0;0;0;-38,588830;-3,713855;;;
269051;20;5;2015;19:54;1547;RUA CAROLINA SUCUPIRA;AV DES MOREIRA;;;;Colisão;;;;Cruz;Semáforo;Comercial;0;0;2;0;0;0;0;0;0;0;0;0;-38,499948;-3,741192;;;
269052;20;5;2015;21:09;0;RUA JOAQUIM LEITAO;;;1000;;Colisão;;;;Meio de Quadra;;;0;0;2;0;0;0;0;0;0;0;0;0;-38,591684;-3,747156;;;
269057;20;5;2015;22:59;15835;RUA MANUEL CASTELO BRANCO;RUA CEL DIONISIO ALENCAR;;;;Colisão;;;;Cruz;Pare;Comercial;0;0;2;0;0;0;0;0;0;0;0;0;-38,488281;-3,832973;;;
269059;20;5;2015;23:34;11081;AV DOS EXPEDICIONARIOS;RUA ACAPULCO;;;;Colisão;;;;T;Pare;Comercial;0;0;2;0;0;0;0;0;0;0;0;0;-38,549244;-3,791592;;;
269060;20;5;2015;23:35;0;AV ALM MAXIMIANO DA FONSECA;;;544;;Colisão;;;;Meio de Quadra;;;0;0;2;0;0;0;0;0;0;0;0;0;;;;;
268988;20;5;2015;23:32;18735;RUA VALPARAISO;RUA 1 CJ HAB ST SAO JOAO;;;;Colisão;;;;Cruz;Pare;Comercial;0;0;2;0;0;0;0;0;0;0;0;0;-38,519542;-3,846389;;;
271843;20;5;2015;08:25;0;RUA RUI MONTE;;;;;Colisão;Luz do Dia;;;Meio de Quadra;;;0;0;2;0;0;0;0;0;0;0;0;0;;;;;
271850;20;5;2015;08:39;21376;AV JOVITA FEITOSA;RUA PRO NOGUEIRA;;;;Colisão;Luz do Dia;;;Cruz;Pare;Comercial;0;0;2;0;0;0;0;0;0;0;0;0;-38,548839;-3,738280;;;
271852;20;5;2015;09:28;0;RUA RANGEL PESTANA;;;1342;;Colisão;Luz do Dia;;;Meio de Quadra;;;0;0;2;0;0;0;0;0;0;0;0;0;-38,466669;-3,789595;;;
271854;20;5;2015;10:02;5345;AV VIS RIO BRANCO;RUA PEDRO PEREIRA;;;;Colisão;Luz do Dia;;;;;;0;0;2;0;0;0;0;0;0;0;0;0;-38,525198;-3,730803;;;
271857;20;5;2015;10:53;1337;AV SANTOS DUMONT;RUA OSVALDO CRUZ (ALDEOTA);;;;Colisão;Luz do Dia;;;Cruz;Semáforo;Comercial;0;0;2;0;0;0;0;0;0;0;0;0;-38,500317;-3,735602;;;
271860;20;5;2015;11:08;24293;RUA DELMIRO GOUVEIA;RUA JULIO ABREU;;;;Colisão;Luz do Dia;;;Cruz;Pare;Comercial;0;0;2;0;0;0;0;0;0;0;0;0;-38,488072;-3,735900;;;
271868;20;5;2015;14:22;0;RUA EUZEBIO DE QUEIROS;;;;;Colisão;Luz do Dia;;;Meio de Quadra;;;0;0;2;0;0;0;0;0;0;0;0;0;;;;;
271869;20;5;2015;14:24;0;AV CEL CARVALHO;;;3131;;Colisão;Luz do Dia;;;Meio de Quadra;;;0;0;2;0;0;0;0;0;0;0;0;0;-38,584600;-3,731406;;;
271870;20;5;2015;14:25;15173;AV BEIRA MAR;RUA OSVALDO CRUZ (ALDEOTA);;;;Colisão;Luz do Dia;;;Cruz;Não Há Controle;Comercial;0;0;2;0;0;0;0;0;0;0;0;0;-38,497108;-3,725649;;;
271871;20;5;2015;14:41;0;RUA SEN ROBERT KENNEDY;;;976;;Colisão;Luz do Dia;;;Meio de Quadra;;;0;0;2;0;0;0;0;0;0;0;0;0;-38,581177;-3,708627;;;
271875;20;5;2015;15:53;0;AV ALBERTO CRAVEIRO;;;;;Colisão;Luz do Dia;;;Meio de Quadra;;;0;0;2;0;0;0;0;0;0;0;0;0;;;;;
271878;20;5;2015;16:20;0;RUA PDE PEDRO DE ALENCAR;;;671;;Colisão;Luz do Dia;;;Meio de Quadra;;;0;0;2;0;0;0;0;0;0;0;0;0;-38,494078;-3,833830;;;
271884;20;5;2015;16:56;13478;RUA PINHO PESSOA;RUA ILDEFONSO ALBANO;;;;Colisão;Luz do Dia;;;Cruz;Pare;Residencial;0;0;2;0;0;0;0;0;0;0;0;0;-38,517011;-3,744667;;;
271885;20;5;2015;17:39;0;TR DOM JOSE LOURENCO  D27;;;105;;Colisão;Anoitecer;;;Meio de Quadra;;;0;0;2;0;0;0;0;0;0;0;0;0;-38,559004;-3,737587;;;
271886;20;5;2015;19:45;0;AV MAJ ASSIS;;;1522;;Atropelamento;;;;Meio de Quadra;;;0;0;2;0;0;0;0;0;0;0;0;0;-38,593022;-3,722495;;;
271887;20;5;2015;22:02;17412;RUA ALBERTO MAGNO;RUA BAR SOBRAL;;;;Colisão;;;;Cruz;Semáforo;Comercial;0;0;2;0;0;0;0;0;0;0;0;0;-38,552417;-3,767991;;;
271881;20;5;2015;16:34;9243;AV EDUARDO GIRAO;AV DOS EXPEDICIONARIOS;;;;Colisão;Luz do Dia;;;Cruz;Semáforo;Comercial;0;0;2;0;0;0;0;0;0;0;0;0;-38,536849;-3,750712;;;
271882;20;5;2015;16:41;0;RUA ANTONIO BARBOSA;;;;;Colisão;Luz do Dia;;;Meio de Quadra;;;0;0;2;0;0;0;0;0;0;0;0;0;;;;;
271889;20;5;2015;22:17;22070;RUA JOSE FACANHA;RUA PAPI JUNIOR;;;;Colisão;;;;Cruz;Outros;Residencial;0;0;2;0;0;0;0;0;0;0;0;0;-38,557265;-3,752136;;;
271836;20;5;2015;05:50;0;AV FRE CIRILO;;;;;Choque c/ Obstáculo Fixo;Amanhecer;;;Meio de Quadra;;;0;0;1;0;0;0;0;0;0;0;0;0;;;;;
271840;20;5;2015;07:35;0;AV C CJ NOVA ASSUNCAO;;;;;Colisão;Luz do Dia;;;Meio de Quadra;;;0;0;2;0;0;0;0;0;0;0;0;0;;;;;
271893;21;5;2015;10:19;7211;AV DR THEBERGE;AV PRS CASTELO BRANCO;;;;Colisão;Luz do Dia;;;Cruz;Semáforo;Comercial;0;0;2;0;0;0;0;0;0;0;0;0;-38,563456;-3,710079;;;
271896;21;5;2015;10:36;183;AV SGT HERMINIO SAMPAIO;AV CEL CARVALHO;;;;Colisão;Luz do Dia;;;;;;0;0;2;0;0;0;0;0;0;0;0;0;-38,584591;-3,731488;;;
271897;21;5;2015;11:13;0;AV PRO JOSE ARTHUR CARVALHO;;;;;Colisão;Luz do Dia;;;Meio de Quadra;;;0;0;2;0;0;0;0;0;0;0;0;0;;;;;
271902;21;5;2015;21:41;0;RUA EMILIO DE MENESES;;;;;Atropelamento;;;;Meio de Quadra;;;0;0;2;0;0;0;0;0;0;0;0;0;;;;;
271903;21;5;2015;22:11;0;AV OLIVEIRA PAIVA;;;444;;Colisão;;;;Meio de Quadra;;;0;0;2;0;0;0;0;0;0;0;0;0;-38,501296;-3,797777;;;
271899;21;5;2015;11:18;1592;RUA CEL JUCA;RUA CAROLINA SUCUPIRA;;;;Colisão;Luz do Dia;;;Cruz;Pare;Residencial;0;0;2;0;0;0;0;0;0;0;0;0;-38,493114;-3,743389;;;
271900;21;5;2015;11:19;13414;RUA CARLOS VASCONCELOS;AV ANTONIO SALES;;;;Colisão;Luz do Dia;;;Cruz;Semáforo Intermitente;Comercial;0;0;2;0;0;0;0;0;0;0;0;0;-38,513726;-3,741942;;;
271906;21;5;2015;23:09;15370;AV DOM LUIS;AV SEN VIRGILIO TAVORA;;;;Colisão;;;;Cruz;Semáforo;Comercial;0;0;2;0;0;0;0;0;0;0;0;0;-38,492507;-3,734829;;;
269063;21;5;2015;21:10;0;RUA DUAS NACOES;;;550;;Colisão;;;;Meio de Quadra;;;0;0;2;0;0;0;0;0;0;0;0;0;-38,602070;-3,777023;;;
269065;21;5;2015;23:08;0;AV DR SILAS MUNGUBA;;;;;Colisão;;;;Meio de Quadra;;;0;0;2;0;0;0;0;0;0;0;0;0;;;;;
259610;21;5;2015;07:40;0;RD CE-040;;;;KM-08;Colisão;Luz do Dia;Bom;Seca;Meio de Quadra;;;0;2;1;1;0;0;0;0;1;0;0;0;-38,481317;-3,823332;;;
259611;21;5;2015;08:00;0;AV SEN CARLOS JEREISSATI (AEROPORTO);;;;KM 02;Colisão Traseira;Luz do Dia;Bom;Seca;Meio de Quadra;;;0;0;2;1;0;0;0;0;0;0;0;0;-38,529156;-3,783932;;;
254988;21;5;2015;11:45;15435;RUA FREDERICO SEVERO;RUA FARIAS LEMOS;;;;Colisão Transversal;Luz do Dia;Bom;Seca;Cruz;Pare;Residencial;0;1;2;0;0;0;0;0;1;1;0;0;-38,492707;-3,816836;;;
262468;21;5;2015;05:24;0;RUA ADOLFO CAMINHA;;;;;Queda;Amanhecer;;;Meio de Quadra;;;0;1;0;0;0;0;0;0;0;1;0;0;;;;;
262469;21;5;2015;06:22;0;AV N CJ JOSE WALTER;;;;;Queda;Luz do Dia;;;Meio de Quadra;;;0;1;0;0;0;1;0;0;0;0;0;0;;;;;
262471;21;5;2015;09:19;0;RUA DES PRAXEDES;;;;;Queda;Luz do Dia;;;Meio de Quadra;;;0;1;0;0;0;0;0;0;0;1;0;0;-38,550164;-3,759077;;;
262472;21;5;2015;10:13;0;AV DR SILAS MUNGUBA;;;;;Queda;Luz do Dia;;;Meio de Quadra;;;0;1;0;0;0;0;0;0;0;1;0;0;-38,531608;-3,797167;;;
262473;21;5;2015;11:57;0;AV ROGACIANO LEITE;;;;;Colisão;Luz do Dia;;;Meio de Quadra;;;0;1;1;1;0;0;0;0;0;1;0;0;-38,500387;-3,776229;;;
262474;21;5;2015;14:11;23727;RUA GABRIEL FIUZA;RUA MON AGOSTINHO;;;;Colisão;Luz do Dia;;;Cruz;Pare;Misto;0;1;0;1;0;0;0;0;0;0;0;0;-38,580412;-3,786587;;;
262475;21;5;2015;14:13;0;RUA CON DE CASTRO;;;;;Colisão;Luz do Dia;;;Meio de Quadra;;;0;1;1;1;0;0;0;0;0;1;0;0;;;;;
262476;21;5;2015;14:44;0;AV GODOFREDO MACIEL;;;;;Colisão;Luz do Dia;;;Meio de Quadra;;;0;1;0;0;0;0;0;0;0;0;0;0;-38,581228;-3,831792;;;
262477;21;5;2015;15:39;0;AV DR SILAS MUNGUBA;;;1089;;Colisão;Luz do Dia;;;Meio de Quadra;;;0;1;1;0;0;0;0;0;0;1;0;0;-38,556313;-3,781895;;;
262489;21;5;2015;16:44;0;AV SEN FERNANDES TAVORA;;;;;Colisão;Luz do Dia;;;Meio de Quadra;;;0;1;1;1;0;0;0;0;0;1;0;0;;;;;
262490;21;5;2015;18:01;25486;AV ALBERTO CRAVEIRO;AV SEN CARLOS JEREISSATI (AEROPORTO);;;;Colisão;Anoitecer;;;Y;Não Há Controle;Outros;0;1;1;1;0;0;0;0;0;1;0;0;-38,516874;-3,783767;;;
262491;21;5;2015;18:45;0;AV PONTES VIEIRA;;;;;Atropelamento;;;;Meio de Quadra;;;0;1;1;0;0;0;0;0;0;1;0;0;-38,510963;-3,752431;;;
262492;21;5;2015;19:48;0;RUA OSCAR ARARIPE;;;;;Colisão;;;;Meio de Quadra;;;0;1;1;0;0;0;0;0;0;1;0;0;-38,592932;-3,793238;;;
262485;21;5;2015;16:08;0;AV ALM HENRIQUE SABOIA;;;;;Colisão;Luz do Dia;;;Meio de Quadra;;;0;1;1;1;0;0;0;0;0;1;0;0;;;;;
262487;21;5;2015;16:30;0;AV DOMINGOS OLIMPIO;;;;;Colisão;Luz do Dia;;;Meio de Quadra;;;0;1;1;1;0;0;0;0;0;1;0;0;-38,532299;-3,736305;;;
262497;21;5;2015;20:17;0;RD BR 116;;;12000;KM-12;Queda;;;;Meio de Quadra;;;0;1;0;0;0;0;0;0;0;1;0;0;-38,496066;-3,855740;;;
262501;21;5;2015;22:00;0;RUA ASSUNCAO;;;;;Colisão;;;;Meio de Quadra;;;0;1;1;1;0;0;0;0;0;1;0;0;;;;;
264765;21;5;2015;11:14;0;AV CEL CARVALHO;;;;;Colisão;Luz do Dia;;;Meio de Quadra;;;0;1;1;1;0;0;0;0;0;1;0;0;;;;;
264766;21;5;2015;11:52;0;AV PRS COSTA E SILVA;;;;;Colisão;Luz do Dia;;;Meio de Quadra;;;0;1;1;1;0;0;0;0;0;1;0;0;;;;;
262506;21;5;2015;23:39;0;RUA ALBERT SABIN;;;;;Queda;;;;Meio de Quadra;;;0;1;0;0;0;1;0;0;0;0;0;0;;;;;
251588;21;5;2015;16:00;12965;AV A CJ JOSE WALTER;RUA 5 CJ JOSE WALTER;;;;Colisão Lateral;Luz do Dia;Bom;Seca;Cruz;Não Há Controle;Residencial;0;0;2;1;1;0;0;0;0;0;0;0;-38,557526;-3,823829;;;
251645;21;5;2015;06:30;3769;AV DOMINGOS OLIMPIO;RUA SEN POMPEU;;;;Engavetamento;Luz do Dia;Bom;Seca;Cruz;Semáforo;Comercial;0;0;3;1;0;0;0;0;0;0;0;0;-38,532455;-3,736254;;;
251651;21;5;2015;21:00;0;AV SEN FERNANDES TAVORA;;;;;Atropelamento;Via Iluminada;Bom;Seca;Meio de Quadra;Não Há Controle;Comercial;0;1;1;0;0;0;0;0;0;1;0;0;-38,574844;-3,766132;;;
251661;21;5;2015;15:45;24967;AV ALM HENRIQUE SABOIA;AV SANTOS DUMONT;;;;Colisão Traseira;Luz do Dia;Bom;Seca;Outros;Não Há Controle;Comercial;0;0;2;1;1;0;0;0;0;0;0;0;-38,487482;-3,739751;;;
251657;21;5;2015;12:30;21610;RUA CON DE CASTRO;RUA PETRONILHA BEZERRA;;;;Colisão Lateral;Luz do Dia;Bom;Seca;Cruz;Pare;Residencial;0;1;1;0;0;0;0;0;0;1;0;0;-38,586329;-3,798921;;;
251659;21;5;2015;16:30;0;RUA CON DE CASTRO;;;112;;Colisão Lateral;Luz do Dia;Bom;Seca;Meio de Quadra;Não Há Controle;Residencial;0;1;1;1;0;0;0;0;0;1;0;0;;;;;
251672;21;5;2015;08:30;13602;RUA DR THOMPSON BULCAO;AV ROGACIANO LEITE;;;;Colisão Traseira;Luz do Dia;Bom;Seca;Cruz;Semáforo;Residencial;0;0;2;1;0;0;1;0;0;0;0;0;-38,496968;-3,767788;;;
251669;21;5;2015;09:40;0;AV JOAO PESSOA;;;5772;;Colisão Transversal;Luz do Dia;Bom;Seca;Meio de Quadra;Outros;Comercial;0;0;2;1;1;0;0;0;0;0;0;0;-38,557107;-3,761063;;;
251585;21;5;2015;12:30;13420;RUA BAR ARACATI;RUA JOAQUIM TORRES;;;;Colisão Transversal;Luz do Dia;Bom;Seca;Cruz;Pare;Comercial;0;0;2;1;0;0;0;0;0;0;0;0;-38,515085;-3,742151;;;
251586;21;5;2015;12:00;12837;AV DOMINGOS OLIMPIO;RUA JAIME BENEVOLO;;;;Colisão Traseira;Luz do Dia;Bom;Seca;Cruz;Semáforo;Comercial;0;0;2;1;0;0;0;0;0;0;0;0;-38,527245;-3,737780;;;
251583;21;5;2015;09:20;20005;AV DR SILAS MUNGUBA;RUA DES OTACILIO PEIXOTO;;;;Colisão Traseira;Luz do Dia;Bom;Seca;T;Semáforo;Misto;0;0;2;1;0;0;1;0;0;0;0;0;-38,530329;-3,800419;;;
251579;21;5;2015;08:10;9148;RUA DOM SEBASTIAO LEME;RUA GUILHERME MOREIRA;;;;Colisão Transversal;Luz do Dia;Bom;Seca;Cruz;Pare;Residencial;0;0;2;1;0;0;0;0;0;0;0;0;-38,525590;-3,750073;;;
251580;21;5;2015;11:20;0;AV WENEFRIDO MELO;;;;;Colisão Lateral;Amanhecer;Bom;Seca;Meio de Quadra;Outros;Misto;0;0;2;1;0;0;1;0;0;0;0;0;;;;;
251572;21;5;2015;12:20;9028;RUA SOLON PINHEIRO;RUA DEP JOAO PONTES;;;;Colisão Transversal;Luz do Dia;Bom;Seca;Cruz;Pare;Residencial;0;0;2;1;0;0;0;0;0;0;0;0;-38,531463;-3,745689;;;
251573;21;5;2015;15:00;9045;RUA COS TRISTAO;RUA CEL SOLON;;;;Colisão Transversal;Luz do Dia;Bom;Seca;Cruz;Não Há Controle;Residencial;0;1;1;1;0;0;0;0;0;1;0;0;-38,528081;-3,743099;;;
251576;21;5;2015;07:30;0;AV BORGES DE MELO;;;901;;Colisão Traseira;Luz do Dia;Bom;Seca;Meio de Quadra;Outros;Comercial;0;0;2;1;0;0;0;0;0;0;0;0;-38,527100;-3,760572;;;
251577;21;5;2015;18:30;22298;AV BEZERRA DE MENEZES;RUA JOSE CANDIDO D08;;;;Colisão Lateral;Via Iluminada;Bom;Seca;T;Não Há Controle;Comercial;0;0;2;1;0;0;0;0;0;0;0;0;-38,551501;-3,732988;;;
251570;21;5;2015;09:25;0;AV JOAO PESSOA;;;5609;IMPARH;Colisão Traseira;Luz do Dia;Bom;Seca;Meio de Quadra;Não Há Controle;Comercial;0;0;2;0;1;0;0;0;0;1;0;0;-38,556024;-3,759747;;;
251596;21;5;2015;14:30;24950;AV ALM HENRIQUE SABOIA;RUA DR JOSE FROTA;;;;Colisão Traseira;Luz do Dia;Bom;Seca;Duplo T;;Residencial;0;1;1;1;0;0;0;0;0;1;0;0;-38,480453;-3,728337;;;
251597;21;5;2015;15:30;23041;AV DR SILAS MUNGUBA;RUA BRUNO VALENTE;;;;Colisão Transversal;Luz do Dia;Bom;Seca;Cruz;Pare;Misto;0;1;1;1;0;0;0;0;0;1;0;0;-38,540009;-3,790483;;;
251598;21;5;2015;07:20;11030;RUA CESAR ROSSAS;RUA EUZEBIO DE QUEIROS;;;;Colisão Transversal;Luz do Dia;Bom;Seca;Y;Semáforo;Misto;0;2;1;0;0;0;0;0;0;1;0;0;-38,555011;-3,769241;;;
251590;21;5;2015;08:30;15576;RUA CEL JOAO OLIVEIRA;RUA TEN JOSE NEWTON;;;;Colisão Transversal;Luz do Dia;Bom;Seca;T;Pare;Residencial;0;1;1;1;0;0;0;0;0;1;0;0;-38,491369;-3,822426;;;
251605;21;5;2015;10:30;3820;AV 13 DE MAIO;AV CARAPINIMA;;;;Colisão Traseira;Luz do Dia;Bom;Seca;Cruz;Semáforo;Comercial;0;1;1;1;0;0;0;0;0;0;0;0;-38,540239;-3,740001;;;
251560;21;5;2015;09:20;0;RUA LAURO NOGUEIRA;;;;;Colisão Transversal;Luz do Dia;Bom;Seca;Meio de Quadra;Semáforo Danificado;Residencial;0;0;2;1;1;0;0;0;0;0;0;0;;;;;
251561;21;5;2015;08:20;0;AV SANTOS DUMONT;;;5150;;Colisão Lateral;Luz do Dia;Bom;Molhada;;;;0;0;2;1;1;0;0;0;0;0;0;0;-38,485326;-3,740445;;;
251562;21;5;2015;07:45;0;RUA VIA LACTEA;;;;;Colisão Traseira;Luz do Dia;Bom;Seca;Meio de Quadra;Não Há Controle;Residencial;0;0;2;1;0;0;0;0;0;0;0;0;;;;;
251564;21;5;2015;10:30;7754;AV ANTONIO SALES;RUA JOSE VILAR;;;;Colisão Traseira;Luz do Dia;Bom;Seca;Cruz;Semáforo;Comercial;0;0;2;1;0;0;0;0;0;0;0;0;-38,507303;-3,743929;;;
251566;21;5;2015;17:30;19659;RUA CRUZ SALDANHA;AV BEZERRA DE MENEZES;;;;;Via Iluminada;Bom;Seca;T;Pare;Comercial;0;0;2;1;0;0;0;0;0;0;0;0;-38,554319;-3,733569;;;
251558;21;5;2015;12:00;1658;RUA MON CATAO;RUA BENI DE CARVALHO;;;;Colisão Lateral;Luz do Dia;Bom;Seca;Cruz;Pare;Misto;0;0;2;1;1;0;0;0;0;0;0;0;-38,493113;-3,746618;;;
251556;21;5;2015;09:20;0;AV PRS CASTELO BRANCO;;;200;;Colisão Traseira;Luz do Dia;Bom;Seca;Meio de Quadra;Pare;Comercial;0;0;2;1;0;0;0;0;0;0;0;0;;;;;
251554;21;5;2015;16:20;0;AV AGUANAMBI;;;918;;Colisão Lateral;Anoitecer;Bom;Seca;Meio de Quadra;;Comercial;0;1;1;1;0;0;0;0;0;1;0;0;-38,525490;-3,744926;;;
251696;21;5;2015;10:15;23425;RUA SABINO MONTE;RUA MON SALAZAR;;;;Colisão Lateral;Luz do Dia;Bom;Seca;Cruz;Pare;Residencial;0;0;2;1;0;0;0;0;0;0;0;0;-38,512070;-3,755927;;;
251697;21;5;2015;09:40;0;AV PRS CASTELO BRANCO;;;3861;;Colisão Traseira;Luz do Dia;Bom;Seca;Meio de Quadra;Não Há Controle;Misto;0;0;2;1;0;0;1;0;0;0;0;0;-38,566933;-3,708915;;;
251698;21;5;2015;09:00;0;AV PRS CASTELO BRANCO;;;3860;;Colisão Traseira;Luz do Dia;Bom;Seca;Meio de Quadra;Não Há Controle;Misto;0;1;2;0;0;0;0;1;0;0;0;0;;;;;
251700;21;5;2015;13:28;12758;RUA DELMIRO FARIAS;RUA JULIO CESAR D12;;;;Colisão Transversal;Luz do Dia;Bom;Seca;Cruz;Pare;Residencial;0;0;3;1;0;0;0;0;0;1;0;0;-38,545070;-3,752508;;;
261550;21;5;2015;23:07;1420;AV SANTOS DUMONT;RUA CEL LINHARES;;;;Colisão;;;;Cruz;Pare;Comercial;0;0;2;1;0;0;0;0;0;0;0;0;-38,494449;-3,737489;;;
261547;21;5;2015;12:55;0;AV AGUANAMBI;;;;;Colisão;Luz do Dia;;;Meio de Quadra;;;0;0;2;1;0;0;0;0;0;0;0;0;;;;;
261548;21;5;2015;16:45;5246;RUA PEREIRA FILGUEIRAS;RUA GONCALVES LEDO;;;;Colisão;Luz do Dia;;;Cruz;Pare;Comercial;0;0;2;1;0;0;0;0;0;0;0;0;-38,515004;-3,727667;;;
261649;22;5;2015;16:05;0;AV GAL OSORIO DE PAIVA;;;;;Colisão;Luz do Dia;;;Meio de Quadra;;;0;0;2;1;0;0;0;0;0;0;0;0;;;;;
261552;22;5;2015;09:18;0;AV BENJAMIM BRASIL;;;;;Colisão;Luz do Dia;;;Meio de Quadra;;;0;0;2;1;0;0;0;0;0;1;0;0;;;;;
251728;22;5;2015;13:05;1383;RUA MON CATAO;RUA MARCOS MACEDO;;;;Colisão Traseira;Luz do Dia;Bom;Seca;Cruz;Pare;Residencial;0;0;2;1;0;0;0;0;0;0;0;0;-38,489930;-3,736772;;;
251735;22;5;2015;07:30;22070;RUA JOSE FACANHA;RUA PAPI JUNIOR;;;;Queda;Luz do Dia;Chuva;Molhada;Cruz;Outros;Residencial;0;1;0;0;0;0;0;0;0;1;0;0;-38,557265;-3,752136;;;
251740;22;5;2015;19:30;0;AV DES FAUSTINO ALBUQUERQUE;;;;;Colisão Transversal;Via Iluminada;Bom;Seca;Meio de Quadra;;Residencial;0;1;1;1;0;0;0;0;0;1;0;0;-38,498616;-3,782905;;;
251747;22;5;2015;08:30;3860;AV 13 DE MAIO;AV DA UNIVERSIDADE;;;;Colisão Lateral;Luz do Dia;Bom;Seca;;Semáforo;Comercial;0;1;1;1;0;0;0;0;0;1;0;0;-38,539107;-3,740962;;;
251752;22;5;2015;08:20;0;AV AGUANAMBI;;;;ROTATÓRIA;Colisão Lateral;Luz do Dia;Bom;Seca;Meio de Quadra;;Comercial;0;0;2;1;0;0;0;0;0;0;0;0;-38,523043;-3,755538;;;
251691;22;5;2015;20:40;0;AV CARNEIRO DE MENDONCA;;;1864;;Colisão Lateral;Via Iluminada;Bom;Seca;Meio de Quadra;Não Há Controle;Residencial;0;0;2;1;1;0;0;0;0;0;0;0;-38,575642;-3,759646;;;
251678;22;5;2015;15:00;1604;RUA GAL TERTULIANO POTYGUARA;RUA VICENTE LEITE;;;;Colisão Transversal;Luz do Dia;Bom;Seca;Cruz;Pare;Comercial;0;0;2;1;0;0;0;0;0;1;0;0;-38,497657;-3,744078;;;
251679;22;5;2015;08:20;19713;RUA DOM LINO;RUA AZEVEDO BOLAO;;;;Colisão Transversal;Luz do Dia;Bom;;Cruz;Pare;Comercial;0;0;2;1;0;0;0;0;0;0;0;0;-38,557088;-3,736529;;;
251683;22;5;2015;09:50;12682;AV CEL CARVALHO;RUA DEP MATOSO FILHO;;;;Colisão Transversal;Luz do Dia;Bom;Seca;Cruz;Pare;Residencial;0;0;2;0;1;0;0;0;0;1;0;0;-38,584780;-3,729932;;;
251687;22;5;2015;15:25;5185;RUA LIBERATO BARROSO;RUA TEREZA CRISTINA;;;;Colisão Transversal;Luz do Dia;Bom;Seca;Cruz;Não Há Controle;Comercial;0;0;2;1;0;0;1;0;0;0;0;0;-38,536404;-3,725833;;;
251759;22;5;2015;00:20;17513;AV ABOLICAO;RUA MANUEL JACARE;;;;Colisão Lateral;Via Iluminada;Bom;Seca;Cruz;Pare;Residencial;0;1;1;1;0;0;0;0;0;1;0;0;-38,487572;-3,726087;;;
251756;22;5;2015;04:30;0;RUA PDE PEDRO DE ALENCAR;;;605;;Choque c/ Obstáculo Fixo;Via Iluminada;Bom;Molhada;Meio de Quadra;Não Há Controle;Comercial;0;0;1;1;0;0;0;0;0;0;0;0;-38,494051;-3,833247;;;
251766;22;5;2015;08:00;0;AV ALBERTO CRAVEIRO;;;466;;Colisão Traseira;Luz do Dia;Bom;Seca;Meio de Quadra;;Comercial;0;0;3;1;0;0;1;0;0;0;0;0;-38,516560;-3,782812;;;
251772;22;5;2015;10:00;1267;RUA NUNES VALENTE;RUA COSTA BARROS;;;;Colisão Transversal;;Bom;Seca;Cruz;Gesto;Residencial;0;2;1;1;0;0;0;0;0;0;0;0;-38,502761;-3,733224;;;