COD_ACIDENTE;DIA;MES;ANO;HORA;INTERSECAO;LOG1;LOG2;LOG3;NUMERO;REFERENCIA;NATUREZA;ILUMINACAO;TEMPO;SUPERFICIEPISTA;TIPOCRUZAMENTO;CONTROLETRAFEGO;USOSOLO;MORTOS;FERIDOS;ILESOS;AUTOMOVEL;ONIBUS;BICICLETA;CAMINHAO;MICROONIBUS;CICLOMOTOR;MOTOCICLETA;TRACAOANIMAL;TREM;LONG;LAT;;;
251775;22;5;2015;21:30;1550;RUA PDE VALDEVINO;RUA DR JOSE LOURENCO;;;;Colisão Transversal;Via Iluminada;Bom;Seca;Cruz;Semáforo;Comercial;0;1;1;1;0;0;0;0;0;0;0;0;-38,509928;-3,741307;;;
251780;22;5;2015;13:00;0;RUA VICENTE LINHARES;;;64;;Colisão Traseira;Luz do Dia;Bom;Seca;Meio de Quadra;Não Há Controle;Residencial;0;0;2;1;0;0;0;0;0;0;0;0;;;;;
251786;22;5;2015;15:50;0;AV PRS COSTA E SILVA;;;4397;;Colisão Lateral;;Bom;Seca;Meio de Quadra;Não Há Controle;Residencial;0;1;1;0;0;0;0;0;0;1;0;0;-38,540701;-3,825385;;;
251798;22;5;2015;10:50;15820;AV JOR THOMAZ COELHO;RUA GRANJA CASTELO;;;;Colisão Lateral;Luz do Dia;Bom;Seca;T;Semáforo;Comercial;0;0;2;1;1;0;0;0;0;0;0;0;-38,500218;-3,832383;;;
251803;22;5;2015;15:40;0;RUA JACINTO MATOS;;;944;;Colisão Lateral;Luz do Dia;Bom;Seca;Meio de Quadra;Pare;Comercial;0;0;2;1;0;0;0;0;0;1;0;0;;;;;
251808;22;5;2015;06:40;9080;AV 13 DE MAIO;RUA JOAO LOBO FILHO;;;;Colisão Traseira;Luz do Dia;Bom;Seca;;Pare;Comercial;0;0;2;1;1;0;0;0;0;0;0;0;-38,522342;-3,753753;;;
269857;22;5;2015;11:15;0;RUA 2 PLANALTO MIRASSOL;;;57;;Colisão;Luz do Dia;;;Meio de Quadra;;;0;0;2;0;0;0;0;0;0;0;0;0;;;;;
269860;22;5;2015;11:45;14585;AV EDILSON B SOARES;RUA NUBIA BARROCAS;;;;Colisão;Luz do Dia;;;Cruz;Pare;Residencial;0;0;2;0;0;0;0;0;0;0;0;0;-38,482203;-3,789590;;;
269862;22;5;2015;20:54;0;RUA DOS MAIAS D61;;;;;Colisão;;;;Meio de Quadra;;;0;0;2;0;0;0;0;0;0;0;0;0;;;;;
251673;22;5;2015;09:00;0;RUA METON DE ALENCAR;;;1697;;Colisão Lateral;Luz do Dia;Bom;Seca;Meio de Quadra;Não Há Controle;Comercial;0;0;2;1;1;0;0;0;0;0;0;0;-38,538069;-3,731248;;;
251674;22;5;2015;19:50;7884;AV ANTONIO SALES;RUA VICENTE LEITE;;;;Colisão Transversal;Via Iluminada;Bom;Seca;Cruz;Pare;Comercial;0;1;2;1;1;0;0;0;0;0;0;0;-38,498468;-3,746656;;;
251609;22;5;2015;06:30;0;RUA CESAR ROSSAS;RUA PRO TEODORICO;;;;Colisão Transversal;Luz do Dia;Bom;Seca;Meio de Quadra;Pare;Comercial;0;1;1;1;0;0;0;0;0;1;0;0;;;;;
251612;22;5;2015;18:05;7905;RUA ISRAEL BEZERRA;RUA CEL LINHARES;;;;Colisão Transversal;Via Iluminada;Bom;Seca;Cruz;Não Há Controle;Residencial;0;0;2;1;0;0;0;0;0;0;0;0;-38,498095;-3,748900;;;
251616;22;5;2015;08:00;9186;RUA MIN JOAQUIM BASTOS D14;RUA NAPOLEAO LAUREANO;;;;Colisão Transversal;Luz do Dia;Bom;Seca;Cruz;Pare;Residencial;0;1;1;0;0;0;0;0;0;1;0;0;-38,530508;-3,751813;;;
251621;22;5;2015;17:30;0;RUA CEL MATOS DOURADO;;;1291;;;Via Iluminada;Bom;Seca;Meio de Quadra;Não Há Controle;Comercial;0;1;2;0;0;0;0;0;0;1;0;0;-38,583703;-3,751054;;;
251626;22;5;2015;09:10;0;AV GOV RAUL BARBOSA;;;;;Colisão Transversal;Luz do Dia;Bom;Seca;Meio de Quadra;;;0;0;2;1;0;0;0;0;0;0;0;0;;;;;
258933;22;5;2015;08:20;0;RD BR 116;;;2000;KM-02;Colisão Lateral;Luz do Dia;Nublado;Molhada;Meio de Quadra;Não Há Controle;Comercial;0;0;2;1;0;0;0;0;0;0;0;0;-38,516780;-3,771391;;;
258934;22;5;2015;18:30;0;RD BR 116;;;5000;KM-05;Colisão;Anoitecer;Bom;Seca;Meio de Quadra;Não Há Controle;Comercial;0;0;2;1;1;0;0;0;0;0;0;0;-38,506787;-3,796502;;;
263138;22;5;2015;11:00;0;RUA SILVA PAULET;;;495;;Choque c/ Obstáculo Fixo;Luz do Dia;;;Meio de Quadra;;;0;1;0;0;0;0;0;0;0;0;0;0;-38,503457;-3,728460;;;
252403;22;5;2015;20:00;25019;RUA TEODOMIRO DE CASTRO;RUA DNA MENDINHA;;;;Colisão Transversal;Via Iluminada;Bom;Seca;Cruz;Não Há Controle;Residencial;0;0;2;1;0;0;0;0;0;0;0;0;-38,573357;-3,718209;;;
252404;22;5;2015;18:00;0;AV AGUANAMBI;;;;;Colisão Traseira;Anoitecer;Bom;Seca;Meio de Quadra;Não Há Controle;Comercial;0;0;2;1;0;0;0;0;0;0;0;0;;;;;
252406;22;5;2015;16:00;0;RUA PRO RAIMUNDO ARRUDA;RUA GAL BERNARDO FIGUEIREDO;;;;Colisão Traseira;Luz do Dia;Bom;Seca;Meio de Quadra;Pare;Residencial;0;0;2;1;0;0;0;0;0;0;0;0;;;;;
262534;22;5;2015;06:37;17433;RUA CESAR ROSSAS;RUA PRO TEODORICO;;;;Colisão;Luz do Dia;;;Outros;Pare;Comercial;0;1;1;1;0;0;0;0;0;1;0;0;-38,553473;-3,768770;;;
262538;22;5;2015;06:51;0;AV GOV RAUL BARBOSA;;;;;Colisão;Luz do Dia;;;Meio de Quadra;;;0;1;1;1;0;0;0;0;0;1;0;0;-38,512815;-3,774125;;;
262539;22;5;2015;08:10;0;RUA BOA VISTA;;;;;Colisão;Luz do Dia;;;Meio de Quadra;;;0;1;1;1;0;0;0;0;0;1;0;0;;;;;
262540;22;5;2015;08:14;0;AV 13 DE MAIO;;;;;Queda;Luz do Dia;;;Meio de Quadra;;;0;1;0;0;0;0;0;0;0;1;0;0;;;;;
262541;22;5;2015;09:15;0;AV WASHINGTON SOARES;;;;;Colisão;Luz do Dia;;;Meio de Quadra;;;0;1;1;1;0;0;0;0;0;1;0;0;;;;;
262542;22;5;2015;09:23;1459;RUA EDUARDO GARCIA;RUA BARBOSA DE FREITAS;;;;Colisão;Luz do Dia;;;Cruz;Semáforo;Comercial;0;1;1;1;0;0;0;0;0;1;0;0;-38,497999;-3,738523;;;
262545;22;5;2015;12:23;17937;RUA BALDUINO FREIRE;RUA EVANDRO LUZ;;;;Colisão;Luz do Dia;;;;;;0;1;1;0;0;0;0;0;0;1;0;0;-38,577096;-3,734161;;;
262546;22;5;2015;15:49;0;AV PERIMETRAL;;;;;Colisão;Luz do Dia;;;Meio de Quadra;;;0;1;1;1;0;0;0;0;0;1;0;0;-38,590114;-3,785899;;;
262547;22;5;2015;16:30;0;RUA VALMIR PONTES;;;;;Colisão;Luz do Dia;;;Meio de Quadra;;;0;1;1;1;0;0;0;0;0;1;0;0;;;;;
262548;22;5;2015;16:50;0;AV PRS CASTELO BRANCO;;;;;Atropelamento;Luz do Dia;;;Meio de Quadra;;;0;1;1;1;0;0;0;0;0;0;0;0;;;;;
262549;22;5;2015;17:00;0;AV WASHINGTON SOARES;;;3636;;Colisão;Anoitecer;;;;;;0;1;1;1;0;0;0;0;0;1;0;0;-38,480691;-3,787049;;;
262550;22;5;2015;17:07;0;AV PERIMETRAL;;;;;Colisão;Anoitecer;;;Meio de Quadra;;;0;1;1;0;0;0;0;0;0;1;0;0;;;;;
262551;22;5;2015;17:22;15370;AV DOM LUIS;AV SEN VIRGILIO TAVORA;;;;Colisão;Anoitecer;;;Cruz;Semáforo;Comercial;0;1;1;1;0;0;0;0;0;1;0;0;-38,492507;-3,734829;;;
262552;22;5;2015;17:55;0;RUA EMILIO DE MENESES;;;;;Colisão;Anoitecer;;;Meio de Quadra;;;0;1;0;0;0;0;0;0;0;0;0;0;-38,591634;-3,780555;;;
262553;22;5;2015;18:06;0;TR EDSON QUEIROZ;;;;;Colisão;Anoitecer;;;Meio de Quadra;;;0;1;1;1;0;0;0;0;0;1;0;0;;;;;
262564;22;5;2015;20:42;19072;RUA AMELIA BENEBIEN;RUA NOVA PETROPOLES;;;;Colisão;;;;Com Via Férrea;Pare;Residencial;0;1;1;1;0;0;0;0;0;1;0;0;-38,472040;-3,737053;;;
262565;22;5;2015;21:22;0;RUA CEL QUEIROZ;;;;;Atropelamento;;;;Meio de Quadra;;;0;1;1;1;0;0;0;0;0;0;0;0;;;;;
262560;22;5;2015;19:01;2431;RUA ESTEVAO DE CAMPOS;RUA JERONIMO ALBUQUERQUE;;;;Colisão;;;;Cruz;Pare;Misto;0;1;1;1;0;0;0;0;0;1;0;0;-38,576292;-3,706713;;;
262561;22;5;2015;19:21;0;AV SEN FERNANDES TAVORA;;;;;Colisão;;;;Meio de Quadra;;;0;1;0;0;0;0;0;0;0;0;0;0;-38,590341;-3,757823;;;
251815;22;5;2015;07:20;14484;RUA FRANCISCO VILELA;RUA JOSE MESSIAS MATOS;;;;Colisão Transversal;Luz do Dia;Bom;Seca;Cruz;Pare;Residencial;0;1;1;1;0;0;0;0;0;0;0;0;-38,516826;-3,797699;;;
251818;22;5;2015;20:20;9136;RUA MON OTAVIO CASTRO;RUA BONFIM SOBRINHO;;;;Colisão Lateral;Via Iluminada;Bom;Seca;T;Pare;Residencial;0;0;2;1;0;0;1;0;0;0;0;0;-38,526287;-3,751367;;;
251820;22;5;2015;12:20;0;RUA FAUSTO CABRAL;;;851;;Colisão Lateral;Luz do Dia;Bom;Seca;Meio de Quadra;Não Há Controle;Residencial;0;1;1;1;0;0;0;0;0;1;0;0;-38,474249;-3,734298;;;
251822;22;5;2015;19:30;0;RUA HELVECIO MONTE;;;640;;Colisão Lateral;Via Iluminada;Bom;Seca;Meio de Quadra;Não Há Controle;Residencial;0;0;2;0;1;0;0;0;0;0;0;0;-38,535659;-3,766414;;;
251824;22;5;2015;21:45;24331;AV LUCIANO CARNEIRO;RUA ARMANDO MONTEIRO;;;;Colisão Transversal;Via Iluminada;Bom;Seca;Cruz;Pare;Comercial;0;1;1;0;0;0;0;0;0;1;0;0;-38,536219;-3,763454;;;
251829;22;5;2015;22:40;0;AV HEROIS DO ACRE;;;1001;;Colisão Lateral;Via Iluminada;Bom;Seca;Meio de Quadra;Não Há Controle;Comercial;0;0;2;1;1;0;0;0;0;0;0;0;-38,537849;-3,803155;;;
251834;22;5;2015;14:30;24270;RUA PEREIRA VALENTE;RUA DELMIRO GOUVEIA;;;;Colisão Transversal;;Bom;Seca;Cruz;Não Há Controle;Residencial;0;0;2;1;0;0;0;0;0;0;0;0;-38,488125;-3,734817;;;
251838;22;5;2015;07:00;0;AV BEZERRA DE MENEZES;;;600;;Colisão Lateral;Via Iluminada;Bom;Seca;Meio de Quadra;Não Há Controle;Comercial;0;2;0;0;0;0;0;0;0;1;0;0;-38,550352;-3,732748;;;
251843;22;5;2015;13:25;9072;AV 13 DE MAIO;AV VIS RIO BRANCO;;;;Colisão Traseira;Luz do Dia;Bom;Seca;Cruz;Semáforo;Comercial;0;0;2;1;0;0;0;0;0;0;0;0;-38,520486;-3,753544;;;
251856;22;5;2015;16:45;23364;RUA CAP GUSTAVO;RUA EDUARDO BEZERRA;;;;Colisão Transversal;Via Iluminada;Bom;Seca;;Semáforo Intermitente;Residencial;0;0;2;1;0;0;0;0;0;0;0;0;-38,516951;-3,754148;;;
251854;22;5;2015;14:00;23424;RUA MON SALAZAR;RUA HERMINIO BARROSO;;;;Choque c/ Obstáculo Fixo;Luz do Dia;Bom;Seca;Cruz;Pare;Comercial;0;1;0;1;0;0;0;0;0;0;0;0;-38,511160;-3,755854;;;
259615;22;5;2015;07:00;0;AV MIN JOSE AMERICO;;;;;Colisão Lateral;Luz do Dia;Bom;Seca;Meio de Quadra;;;0;0;2;0;1;0;0;0;0;0;0;0;;;;;
259616;22;5;2015;08:20;0;AV SEN CARLOS JEREISSATI (AEROPORTO);;;;KM 04;Colisão;Luz do Dia;Bom;Seca;Meio de Quadra;;;0;0;2;1;0;0;1;0;0;0;0;0;-38,514638;-3,779313;;;
259627;22;5;2015;16:40;0;RD CE-040;;;;KM-04;Colisão Traseira;Luz do Dia;Bom;Seca;Meio de Quadra;;;0;0;2;1;0;0;0;0;0;0;0;0;-38,480251;-3,792050;;;
259628;22;5;2015;17:00;0;RD CE-040;;;;KM-12;Colisão;Anoitecer;Bom;Seca;Meio de Quadra;;;0;0;2;1;0;0;0;0;0;0;0;0;-38,476237;-3,848945;;;
269099;22;5;2015;00:07;0;RUA ANTONIO BARBOSA;;;1635;;Colisão;;;;Meio de Quadra;;;0;0;2;0;0;0;0;0;0;0;0;0;-38,565565;-3,833754;;;
271923;22;5;2015;00:27;0;RUA FLORIANO PEIXOTO;;;2117;;Choque c/ Obstáculo Fixo;;;;Meio de Quadra;;;0;0;1;0;0;0;0;0;0;0;0;0;-38,531656;-3,741003;;;
271925;22;5;2015;09:31;0;AV CONTORNO NORTE D71;;;1578;;Colisão;Luz do Dia;;;Meio de Quadra;;;0;0;2;0;0;0;0;0;0;0;0;0;-38,590155;-3,810937;;;
271927;22;5;2015;10:44;6509;AV C CJ CEARA;RUA 311 CJ CEARA;;;;Colisão;Luz do Dia;;;;;;0;0;2;0;0;0;0;0;0;0;0;0;-38,615826;-3,774384;;;
271930;22;5;2015;10:49;13255;RUA TEN MATIAS PEIXOTO;AV JOAO DE ARAUJO LIMA;;;;Colisão;Luz do Dia;;;;;;0;0;2;0;0;0;0;0;0;0;0;0;-38,561401;-3,836672;;;
271934;22;5;2015;11:25;0;RUA METON DE ALENCAR;;;1630;;Colisão;Luz do Dia;;;Meio de Quadra;;;0;0;2;0;0;0;0;0;0;0;0;0;;;;;
271935;22;5;2015;12:16;0;RUA ERNESTO PEDRO SANTOS;;;4;;Colisão;Luz do Dia;;;Meio de Quadra;;;0;0;2;0;0;0;0;0;0;0;0;0;;;;;
271937;22;5;2015;12:32;14786;RUA STA LIDUINA D42;RUA JOAO AMORA;;;;Colisão;Luz do Dia;;;Cruz;Pare;Residencial;0;0;2;0;0;0;0;0;0;0;0;0;-38,585104;-3,799663;;;
271939;22;5;2015;13:20;5965;AV F CJ CEARA;AV C CJ CEARA;;;;Colisão;Luz do Dia;;;T;Pare;Residencial;0;0;2;0;0;0;0;0;0;0;0;0;-38,609559;-3,762701;;;
271941;22;5;2015;20:06;0;RUA JOAO TINOCO;;;;;Colisão;;;;Meio de Quadra;;;0;0;2;0;0;0;0;0;0;0;0;0;;;;;
271943;22;5;2015;23:48;0;AV ALM HENRIQUE SABOIA;;;3225;;Colisão;;;;Meio de Quadra;;;0;0;2;0;0;0;0;0;0;0;0;0;;;;;
271945;22;5;2015;23:51;7645;RUA ESTADO DO RIO;RUA PERNAMBUCO;;;;Colisão;;;;Cruz;Pare;Misto;0;0;2;0;0;0;0;0;0;0;0;0;-38,570848;-3,758439;;;
271949;22;5;2015;23:55;5709;AV DES GONZAGA;AV OLIVEIRA PAIVA;;;;Colisão;;;;Cruz;Semáforo;Lazer;0;0;2;0;0;0;0;0;0;0;0;0;-38,499953;-3,797165;;;
271993;23;5;2015;09:49;0;RUA RUFINO DE ALENCAR;;;;;Colisão;Luz do Dia;;;Meio de Quadra;;;0;0;2;0;0;0;0;0;0;0;0;0;;;;;
271994;23;5;2015;10:35;0;AV LUCIANO CARNEIRO;;;;;Colisão;Luz do Dia;;;Meio de Quadra;;;0;0;2;0;0;0;0;0;0;0;0;0;;;;;
271996;23;5;2015;16:28;24886;AV MAJ ASSIS;AV MOZART PINHEIRO DE LUCENA;;;;Colisão;Luz do Dia;;;Cruz;Semáforo;Residencial;0;0;2;0;0;0;0;0;0;0;0;0;-38,596693;-3,721695;;;
271998;23;5;2015;16:49;0;RUA MARIA JULIA;;;848;;Atropelamento;Luz do Dia;;;Meio de Quadra;;;0;0;2;0;0;0;0;0;0;0;0;0;-38,600198;-3,793377;;;
271999;23;5;2015;17:40;0;AV ENG SANTANA JUNIOR;;;1901;;Colisão;Anoitecer;;;Meio de Quadra;;;0;0;2;0;0;0;0;0;0;0;0;0;-38,486235;-3,742276;;;
272001;23;5;2015;17:57;12634;RUA GUILHERME MENDES;RUA OTAVIO PARANHOS;;;;Atropelamento;Anoitecer;;;Cruz;Pare;Residencial;0;0;2;0;0;0;0;0;0;0;0;0;-38,585950;-3,720749;;;
272002;23;5;2015;18:08;0;AV CENTRAL CJ CEARA;;;894;;Colisão;Anoitecer;;;Meio de Quadra;;;0;0;2;0;0;0;0;0;0;0;0;0;;;;;
272004;23;5;2015;18:31;0;AV PERIMETRAL;;;;;Atropelamento;;;;Meio de Quadra;;;0;0;2;0;0;0;0;0;0;0;0;0;;;;;
272007;23;5;2015;18:46;0;RUA GUARANI D35 (JOAO XXIII);;;1213;;Colisão;;;;Meio de Quadra;;;0;0;2;0;0;0;0;0;0;0;0;0;-38,582321;-3,768298;;;
272008;23;5;2015;20:14;11836;RUA JACINTO MATOS;RUA MON DANTAS;;;;Colisão;;;;Cruz;Pare;Comercial;0;0;2;0;0;0;0;0;0;0;0;0;-38,546800;-3,719714;;;
272010;23;5;2015;20:21;0;RUA MONTE PASCOAL;;;148;;Choque c/ Obstáculo Fixo;;;;Meio de Quadra;;;0;0;1;0;0;0;0;0;0;0;0;0;;;;;
272011;23;5;2015;20:45;0;RUA EMILIA GONCALVES;;;921;;Choque c/ Obstáculo Fixo;;;;Meio de Quadra;;;0;0;1;0;0;0;0;0;0;0;0;0;-38,593627;-3,731036;;;
272012;23;5;2015;21:23;24990;AV PRS JUSCELINO KUBITSCHEK (PASSARÉ);AV PRS COSTA E SILVA;;;;Colisão;;;;T;Semáforo;Residencial;0;0;2;0;0;0;0;0;0;0;0;0;-38,539516;-3,825648;;;
259630;23;5;2015;06:55;0;RD CE-040;;;;KM-07;Colisão;Luz do Dia;Bom;Seca;Meio de Quadra;;;0;1;1;1;0;1;0;0;0;0;0;0;-38,483160;-3,817953;;;
259634;23;5;2015;20:45;0;RD CE-040;;;;KM-01;Colisão Lateral;;Bom;Seca;Meio de Quadra;;;0;0;2;1;0;0;0;0;0;0;0;0;-38,483270;-3,754877;;;
259632;23;5;2015;11:35;0;RD CE-065;;;;KM-03;Colisão Traseira;Luz do Dia;Bom;Seca;Meio de Quadra;;;0;0;2;1;0;0;0;0;0;0;0;0;;;;;
262575;23;5;2015;09:06;0;RUA CANDIDO MAIA;;;;;Colisão;Luz do Dia;;;Meio de Quadra;;;0;1;1;1;0;0;0;0;0;1;0;0;;;;;
262576;23;5;2015;09:58;17616;RUA CEARA;RUA MATO GROSSO;;;;Colisão;Luz do Dia;;;;;;0;1;1;1;0;0;0;0;0;1;0;0;-38,565376;-3,759183;;;
262577;23;5;2015;11:29;0;AV DOS EXPEDICIONARIOS;;;;;Colisão;Luz do Dia;;;Meio de Quadra;;;0;1;1;1;0;0;0;0;0;1;0;0;-38,541673;-3,766567;;;
262578;23;5;2015;12:40;0;RUA OSCAR ARARIPE;;;2729;;Colisão;Luz do Dia;;;Meio de Quadra;;;0;1;0;0;0;0;0;0;0;0;0;0;-38,614401;-3,786334;;;
262579;23;5;2015;12:57;0;AV GOV PARSIFAL BARROSO;;;;;Colisão;Luz do Dia;;;Meio de Quadra;;;0;1;0;0;0;0;0;0;0;0;0;0;;;;;
262566;23;5;2015;01:44;0;AV DES MOREIRA;;;;;Atropelamento;;;;Meio de Quadra;;;0;1;1;1;0;0;0;0;0;0;0;0;-38,502230;-3,748373;;;
262567;23;5;2015;03:13;0;AV SIQUEIRA CAMPOS;;;;;Colisão;;;;Meio de Quadra;;;0;1;1;1;0;0;0;0;0;1;0;0;-38,626837;-3,814615;;;
262568;23;5;2015;05:43;0;AV GOV RAUL BARBOSA;;;;;Queda;Amanhecer;;;Meio de Quadra;;;0;1;0;0;0;0;0;0;0;1;0;0;-38,513030;-3,775532;;;
262569;23;5;2015;06:11;0;RUA CON LIMA SUCUPIRA;;;;;Queda;Luz do Dia;;;Meio de Quadra;;;0;1;0;0;0;0;0;0;0;1;0;0;-38,558181;-3,775773;;;
262570;23;5;2015;06:31;0;AV PRO JOSE ARTHUR CARVALHO;;;;;Queda;Luz do Dia;;;Meio de Quadra;;;0;1;0;0;0;0;0;0;0;1;0;0;;;;;
262571;23;5;2015;07:41;0;RUA PEDRO MARTINS;;;;;Colisão;Luz do Dia;;;Meio de Quadra;;;0;1;0;0;0;0;0;0;0;0;0;0;;;;;
262572;23;5;2015;07:51;0;AV DEP PAULINO ROCHA;;;;;Colisão;Luz do Dia;;;Meio de Quadra;;;0;1;1;1;0;0;0;0;0;1;0;0;;;;;
262573;23;5;2015;07:53;0;RUA AMERICO VESPUCIO;;;;;Colisão;Luz do Dia;;;Meio de Quadra;;;0;1;1;1;0;0;0;0;0;1;0;0;-38,548908;-3,783711;;;
262582;23;5;2015;13:35;0;AV FRE CIRILO;;;;;Colisão;Luz do Dia;;;Meio de Quadra;;;0;1;1;1;0;0;0;0;0;1;0;0;;;;;
262583;23;5;2015;14:14;0;AV ANTONIO SALES;;;;;Queda;Luz do Dia;;;Meio de Quadra;;;0;1;0;0;0;0;0;0;0;1;0;0;-38,516502;-3,741071;;;
262585;23;5;2015;16:51;0;RUA ESTEVAO DE CAMPOS;;;;;Colisão;Luz do Dia;;;Meio de Quadra;;;0;1;1;0;0;0;0;0;0;1;0;0;;;;;
262604;23;5;2015;17:28;0;RUA BARRA DO TURNO;;;;;Queda;Anoitecer;;;Meio de Quadra;;;0;1;0;0;0;0;0;0;0;1;0;0;;;;;
262605;23;5;2015;20:13;5625;AV ROGACIANO LEITE;AV DES GONZAGA;;;;Colisão;;;;T;Dê Preferência;Comercial;0;1;1;1;0;0;0;0;0;1;0;0;-38,503866;-3,788545;;;
262606;23;5;2015;20:35;0;AV WASHINGTON SOARES;;;;;Colisão;;;;Meio de Quadra;;;0;1;0;0;0;0;0;0;0;0;0;0;;;;;
262608;23;5;2015;20:58;0;AV SIQUEIRA CAMPOS;;;;;Colisão;;;;Meio de Quadra;;;0;1;1;1;0;0;0;0;0;1;0;0;-38,626837;-3,814615;;;
262610;23;5;2015;23:24;0;RUA PANAMA;;;;;Atropelamento;;;;Meio de Quadra;;;0;1;1;1;0;0;0;0;0;0;0;0;;;;;
266847;23;5;2015;17:35;0;AV FRANCISCO SA;;;7384;;Colisão;Anoitecer;;;Meio de Quadra;;;1;0;1;1;1;0;0;0;0;0;0;0;;;;;
262124;23;5;2015;19:30;7926;AV ANTONIO SALES;RUA BARBOSA DE FREITAS;;;;Colisão;;;;Cruz;Semáforo;Residencial;0;1;1;1;0;0;0;0;0;1;0;0;-38,500407;-3,746051;;;
258936;23;5;2015;14:00;0;RD BR 116;;;1000;KM-01;Colisão Traseira;Luz do Dia;Bom;Seca;Meio de Quadra;Não Há Controle;Comercial;0;0;4;1;0;0;0;0;0;0;0;0;-38,518702;-3,762554;;;
251617;23;5;2015;06:50;7957;AV PONTES VIEIRA;AV BAR STUDART;;;;Choque c/ Obstáculo Fixo;Amanhecer;Nublado;Seca;Cruz;Outros;Comercial;0;0;1;0;0;0;0;0;0;0;0;0;-38,512361;-3,752590;;;
251618;23;5;2015;13:30;0;RUA EURICO MEDINA;;;182;;Colisão Lateral;Luz do Dia;Bom;Seca;Meio de Quadra;Não Há Controle;Comercial;0;0;2;1;0;0;0;0;0;0;0;0;-38,584977;-3,756657;;;
251619;23;5;2015;06:30;19611;RUA NEREU RAMOS;AV GODOFREDO MACIEL;;;;Colisão Lateral;Luz do Dia;Chuva;Seca;T;Semáforo;Residencial;0;0;3;1;0;0;1;0;0;0;0;0;-38,566802;-3,787250;;;
251620;23;5;2015;10:00;3788;RUA PDE FRANCISCO PINTO;RUA WALDERY UCHOA;;;;Colisão Transversal;Luz do Dia;Nublado;Seca;Cruz;Pare;Comercial;0;0;2;1;0;0;1;0;0;0;0;0;-38,539138;-3,744299;;;
251613;23;5;2015;16:30;0;AV DEP PAULINO ROCHA;;;1361;;Colisão Traseira;Luz do Dia;Bom;Seca;Meio de Quadra;Não Há Controle;Residencial;0;0;2;1;0;0;0;0;0;0;0;0;-38,509983;-3,810968;;;
251614;23;5;2015;16:10;0;RUA JOAQUIM ALBANO;;;;TERMINAL ANTONIO BEZERRA;Colisão Traseira;Luz do Dia;Bom;Seca;Meio de Quadra;Não Há Controle;Comercial;0;1;1;1;0;0;0;0;0;1;0;0;;;;;
251615;23;5;2015;11:00;3769;AV DOMINGOS OLIMPIO;RUA SEN POMPEU;;;;Colisão Traseira;Luz do Dia;Bom;Seca;Cruz;Semáforo;Comercial;0;0;2;1;0;0;0;0;0;0;0;0;-38,532455;-3,736254;;;
251610;23;5;2015;08:50;4016;RUA PRO COSTA MENDES;RUA JULIO CESAR D12;;;;Colisão Lateral;Luz do Dia;Chuva;Molhada;Cruz;Pare;Residencial;0;1;1;1;0;0;0;0;0;1;0;0;-38,546911;-3,754698;;;
251611;23;5;2015;10:00;0;AV AUGUSTO DOS ANJOS;;;1915;;Colisão Traseira;Luz do Dia;Bom;Seca;Meio de Quadra;Não Há Controle;Misto;0;0;2;1;0;0;0;0;0;0;0;0;-38,580876;-3,782139;;;
251589;23;5;2015;20:30;5328;AV DUQ CAXIAS;AV TRISTAO GONCALVES;;;;Colisão Transversal;;Bom;Seca;Cruz;Semáforo;Comercial;0;1;1;0;1;0;0;0;1;0;0;0;-38,534196;-3,730400;;;
251606;23;5;2015;19:00;22297;AV BEZERRA DE MENEZES;RUA PDE ANCHIETA;;;;Colisão Lateral;Via Iluminada;Bom;Seca;Cruz;Semáforo;Comercial;0;0;2;0;1;0;1;0;0;0;0;0;-38,552298;-3,733155;;;
251607;23;5;2015;00:10;1383;RUA MON CATAO;RUA MARCOS MACEDO;;;;Colisão Transversal;Via Iluminada;Bom;Seca;Cruz;Pare;Residencial;0;1;1;1;0;0;0;0;0;0;0;0;-38,489930;-3,736772;;;
251608;23;5;2015;08:30;0;AV DA UNIVERSIDADE;;;2475;;Colisão Traseira;Luz do Dia;Nublado;Seca;Meio de Quadra;Semáforo;Misto;0;0;2;1;0;0;0;0;0;0;0;0;-38,537099;-3,738747;;;
251591;23;5;2015;11:00;0;AV FRE CIRILO;;;4629;;Colisão Transversal;Luz do Dia;Bom;Seca;Meio de Quadra;Não Há Controle;Comercial;0;1;1;1;0;0;0;0;0;1;0;0;-38,494414;-3,824200;;;
251592;23;5;2015;10:30;577;AV DR THEBERGE;AV FRANCISCO SA;;;;Colisão Lateral;Luz do Dia;Bom;Seca;Cruz;Semáforo;Comercial;0;0;2;1;0;0;1;0;0;0;0;0;-38,565016;-3,714822;;;
251593;23;5;2015;09:45;0;AV ALBERTO CRAVEIRO;;;;;Engavetamento;Luz do Dia;Chuva;Seca;Meio de Quadra;Outros;Residencial;0;0;3;1;0;0;0;0;0;0;0;0;;;;;
251594;23;5;2015;00:15;1445;RUA DES LEITE ALBUQUERQUE;RUA VICENTE LEITE;;;;Colisão Transversal;Via Iluminada;Bom;Seca;Cruz;Pare;Misto;0;1;1;1;0;0;0;0;0;0;0;0;-38,495734;-3,738178;;;
251595;23;5;2015;16:00;13389;AV ANTONIO SALES;RUA JOAO CORDEIRO;;;;Colisão Lateral;Luz do Dia;Bom;Seca;Cruz;Semáforo;Comercial;0;0;2;1;0;0;0;0;0;0;0;0;-38,518068;-3,740588;;;