COD_ACIDENTE;DIA;MES;ANO;HORA;INTERSECAO;LOG1;LOG2;LOG3;NUMERO;REFERENCIA;NATUREZA;ILUMINACAO;TEMPO;SUPERFICIEPISTA;TIPOCRUZAMENTO;CONTROLETRAFEGO;USOSOLO;MORTOS;FERIDOS;ILESOS;AUTOMOVEL;ONIBUS;BICICLETA;CAMINHAO;MICROONIBUS;CICLOMOTOR;MOTOCICLETA;TRACAOANIMAL;TREM;LONG;LAT;;;
251599;23;5;2015;12:30;0;AV MIGUEL DIAS;;;1140;;Colisão Traseira;Luz do Dia;Bom;Seca;Meio de Quadra;;Residencial;0;1;1;1;0;0;0;0;0;1;0;0;-38,487539;-3,765440;;;
251600;23;5;2015;21:00;0;AV LINEU MACHADO;;;840;;Colisão;Via Iluminada;Bom;Seca;Meio de Quadra;Não Há Controle;Residencial;0;2;0;0;0;0;0;0;0;1;0;0;-38,577722;-3,767479;;;
251601;23;5;2015;12:40;5117;RUA BORIS;RUA RUFINO DE ALENCAR;;;;Colisão Lateral;Luz do Dia;Bom;Seca;T;Pare;Residencial;0;0;2;0;1;0;0;0;0;0;0;0;-38,521067;-3,723953;;;
251602;23;5;2015;08:40;21378;AV JOVITA FEITOSA;RUA PRO JOSE DE BARCELOS;;;;Colisão Lateral;Luz do Dia;Nublado;Seca;Cruz;Semáforo;Comercial;0;1;1;1;0;0;0;0;0;1;0;0;-38,549933;-3,738516;;;
251603;23;5;2015;09:40;21376;AV JOVITA FEITOSA;RUA PRO NOGUEIRA;;;;Colisão;Luz do Dia;Nublado;Seca;Cruz;Pare;Comercial;0;1;0;0;0;0;0;0;0;1;0;0;-38,548839;-3,738280;;;
251604;23;5;2015;18:00;5463;RUA DNA LEOPOLDINA;RUA BARBARA DE ALENCAR;;;;Colisão Transversal;Via Iluminada;Bom;Seca;Cruz;Pare;Comercial;0;0;2;1;1;0;0;0;0;0;0;0;-38,521102;-3,735695;;;
269868;23;5;2015;08:21;0;RUA ANTONIO BENTO;;;580;;Colisão;Luz do Dia;;;Meio de Quadra;;;0;0;2;0;0;0;0;0;0;0;0;0;-38,548227;-3,784386;;;
269870;23;5;2015;12:49;0;RUA FRE ALEMAO;;;326;;Colisão;Luz do Dia;;;Meio de Quadra;;;0;0;2;0;0;0;0;0;0;0;0;0;-38,544078;-3,785914;;;
269873;23;5;2015;12:54;0;AV A CJ ESPERANCA;;;;;Colisão;Luz do Dia;;;Meio de Quadra;;;0;0;2;0;0;0;0;0;0;0;0;0;;;;;
269878;23;5;2015;17:29;0;RUA PRO JOSE HENRIQUE;;;1362;;Colisão;Anoitecer;;;Meio de Quadra;;;0;0;2;0;0;0;0;0;0;0;0;0;;;;;
269880;23;5;2015;19:30;6929;AV PENETRACAO NORTE SUL;AV CONTORNO SUL D71;;;;Colisão;;;;;;;0;0;2;0;0;0;0;0;0;0;0;0;-38,593128;-3,814629;;;
269900;23;5;2015;20:33;16280;RUA ANTONIO BARBOSA;RUA LEITAO CERQUEIRA;;;;Colisão;;;;Cruz;Pare;Residencial;0;0;2;0;0;0;0;0;0;0;0;0;-38,563988;-3,829333;;;
261732;23;5;2015;11:30;0;RUA GUILHERME V DA COSTA;;;63;;Colisão;Luz do Dia;;;Meio de Quadra;;;0;0;2;1;0;0;0;0;0;0;0;0;-38,570507;-3,798631;;;
261545;24;5;2015;09:47;0;RUA TEN LAURO;;;;;Colisão;Luz do Dia;;;Meio de Quadra;;;0;0;2;1;1;0;0;0;0;0;0;0;;;;;
270083;24;5;2015;00:36;24939;AV BEZERRA DE MENEZES;RUA CEL MOZART GONDIM;;;;Colisão;;;;Cruz;Semáforo;Comercial;0;0;2;0;0;0;0;0;0;0;0;0;-38,558651;-3,734449;;;
270088;24;5;2015;00:59;0;RUA VALPARAISO;;;;;Colisão;;;;Meio de Quadra;;;0;0;2;0;0;0;0;0;0;0;0;0;;;;;
270089;24;5;2015;01:06;0;RUA ALCINO GUANABARA;;;575;;Colisão;;;;Meio de Quadra;;;0;0;2;0;0;0;0;0;0;0;0;0;-38,598545;-3,819460;;;
270090;24;5;2015;02:05;0;RUA TAQUATIARA;;;223;;Colisão;;;;Meio de Quadra;;;0;0;2;0;0;0;0;0;0;0;0;0;-38,501923;-3,830410;;;
270091;24;5;2015;03:33;0;RUA HOMEM DE MELO;;;545;;Colisão;;;;Meio de Quadra;;;0;0;2;0;0;0;0;0;0;0;0;0;-38,493607;-3,815243;;;
270093;24;5;2015;09:52;0;AV COS GOMES DE FREITAS (SAPIRANGA/COITE);;;3188;;Colisão;Luz do Dia;;;Meio de Quadra;;;0;0;2;0;0;0;0;0;0;0;0;0;-38,478175;-3,795560;;;
270094;24;5;2015;18:14;10453;AV I CJ CEARA;RUA DAS PEDRINHAS;;;;Colisão;Anoitecer;;;;;;0;0;2;0;0;0;0;0;0;0;0;0;-38,601152;-3,766922;;;
270098;24;5;2015;20:00;0;TR MARIA FRANCISCA DA CONCEICAO;;;1291;;Colisão;;;;Meio de Quadra;;;0;0;2;0;0;0;0;0;0;0;0;0;;;;;
270085;24;5;2015;00:49;0;AV GODOFREDO MACIEL;;;2440;;Colisão;;;;Meio de Quadra;;;0;0;2;0;0;0;0;0;0;0;0;0;-38,570061;-3,796928;;;
270086;24;5;2015;00:58;18730;RUA 35 CJ HAB ST S JOAO;RUA VERDE 3  ST SAO JOAO;;;;Colisão;;;;;;;0;0;2;0;0;0;0;0;0;0;0;0;-38,518525;-3,846877;;;
270176;24;5;2015;21:35;0;AV GOV PARSIFAL BARROSO;;;;;Colisão;;;;Meio de Quadra;;;0;0;2;0;0;0;0;0;0;0;0;0;;;;;
251622;24;5;2015;15:45;3779;RUA VINTE E QUATRO DE MAIO;RUA ANTONIO POMPEU;;;;Colisão Transversal;Luz do Dia;Bom;Seca;Cruz;Pare;Comercial;0;3;0;0;0;0;0;0;0;1;0;0;-38,534186;-3,733667;;;
251623;24;5;2015;10:00;5436;RUA GAL CLARINDO DE QUEIROZ;RUA JAIME BENEVOLO;;;;Colisão Transversal;;Bom;Seca;Cruz;Pare;Comercial;0;0;2;1;0;0;0;0;0;0;0;0;-38,526017;-3,734060;;;
251624;24;5;2015;13:40;0;RUA CARLOS AMORA;;;;;Colisão;Luz do Dia;Bom;Seca;Meio de Quadra;Não Há Controle;Comercial;0;1;1;0;1;1;0;0;0;0;0;0;;;;;
251625;24;5;2015;07:20;15224;AV BAR STUDART;RUA DEP MOREIRA DA ROCHA;;;;Colisão Transversal;Luz do Dia;Bom;Seca;Cruz;Semáforo;Residencial;0;0;2;1;0;0;0;0;0;0;0;0;-38,504238;-3,727254;;;
251627;24;5;2015;13:15;6810;RUA BENTO ALBUQUERQUE;RUA JOSE BORBA VASCONCELOS;;;;Colisão Transversal;Luz do Dia;Bom;Seca;Cruz;Pare;Outros;0;1;1;1;0;0;0;0;0;0;0;0;-38,472258;-3,747266;;;
251628;24;5;2015;19:00;0;AV DR SILAS MUNGUBA;;;5690;;Colisão Traseira;Via Iluminada;Bom;Seca;Meio de Quadra;Pare;Comercial;0;0;3;1;0;0;0;0;0;0;0;0;;;;;
251629;24;5;2015;06:20;25000;RUA COSTA BARROS;AV DOM MANUEL;;;;Colisão Transversal;Luz do Dia;Bom;Seca;Cruz;Semáforo;Residencial;0;0;2;1;0;0;0;0;0;0;0;0;-38,520793;-3,727381;;;
251630;24;5;2015;10:20;8936;AV DOMINGOS OLIMPIO;RUA PRC ISABEL;;;;Colisão Lateral;Luz do Dia;Bom;Seca;Cruz;Semáforo;Comercial;0;2;1;1;0;0;0;0;0;1;0;0;-38,537790;-3,734438;;;
251631;24;5;2015;14:20;0;AV GAL OSORIO DE PAIVA;;;4390;;Colisão Traseira;Luz do Dia;Bom;Seca;Meio de Quadra;;Comercial;0;0;4;1;1;0;0;0;0;0;0;0;-38,594374;-3,796771;;;
251632;24;5;2015;07:50;0;RUA GOMES DE FREITAS (PLANALTO AYRTON SENNA);;;3188;;Colisão Lateral;Luz do Dia;Bom;Seca;Meio de Quadra;Não Há Controle;Residencial;0;1;1;1;0;0;0;0;0;0;0;0;;;;;
251633;24;5;2015;;25058;AV AUGUSTO DOS ANJOS;RUA VITAL BRASIL;;;;Colisão Transversal;;Bom;Seca;Outros;;Comercial;0;1;2;1;0;0;0;0;0;1;0;0;-38,581387;-3,782734;;;
251634;24;5;2015;20:00;0;AV PRS COSTA E SILVA;;;;;Colisão;Via Iluminada;Bom;Seca;Meio de Quadra;Não Há Controle;Outros;0;0;2;1;0;0;0;0;0;0;0;0;;;;;
251635;24;5;2015;10:20;13390;RUA ILDEFONSO ALBANO;RUA JOAO BRIGIDO;;;;Colisão Lateral;Luz do Dia;Bom;Seca;Cruz;Semáforo;Comercial;0;1;1;1;0;0;0;0;0;0;0;0;-38,515750;-3,740605;;;
251636;24;5;2015;06:50;0;AV PRS CASTELO BRANCO;;;;;Colisão Traseira;Luz do Dia;Nublado;Seca;Meio de Quadra;;Residencial;0;0;2;1;0;0;0;0;0;0;0;0;;;;;
251637;24;5;2015;17:30;0;AV JOAO PESSOA;;;6933;;Colisão Traseira;Via Iluminada;Bom;Seca;Meio de Quadra;Não Há Controle;Residencial;1;0;1;1;0;0;0;0;0;1;0;0;-38,561088;-3,770339;;;
251638;24;5;2015;12:50;22704;RUA MIN ABNER VASCONCELOS;RUA TAB JOAQUIM COELHO;;;;Colisão Transversal;Luz do Dia;Bom;Seca;Cruz;Pare;Residencial;0;0;2;1;0;0;0;0;0;0;0;0;-38,478979;-3,796908;;;
251639;24;5;2015;11:20;5407;AV DUQ CAXIAS;RUA SOLON PINHEIRO;;;;Colisão Transversal;Luz do Dia;Bom;Seca;Cruz;Semáforo;Comercial;0;3;0;1;0;0;0;0;0;1;0;0;-38,527034;-3,732704;;;
251640;24;5;2015;08:00;0;RUA MARIA GOMES DE SA;;;1301;;Colisão Lateral;Luz do Dia;Bom;Seca;Meio de Quadra;Não Há Controle;Residencial;0;1;1;1;0;0;0;0;0;0;0;0;-38,582114;-3,825598;;;
258937;24;5;2015;13:20;0;RD BR 116;;;3000;KM-03;Colisão Transversal;Luz do Dia;Bom;Seca;Meio de Quadra;Não Há Controle;Comercial;0;2;1;1;0;0;0;0;0;0;0;0;-38,514372;-3,779838;;;
263166;24;5;2015;15:40;18416;RUA AUZIR SAMPAIO;AV SGT HERMINIO SAMPAIO;;;;Colisão;Luz do Dia;;;Cruz;Não Há Controle;Comercial;0;1;0;1;0;0;0;0;0;1;0;0;-38,571691;-3,728495;;;
257300;24;5;2015;00:15;0;AV SEN CARLOS JEREISSATI (AEROPORTO);;;3000;AEROPORTO;Colisão Traseira;Mal Iluminada;Bom;Seca;Meio de Quadra;Não Há Controle;Outros;0;0;2;1;0;0;0;0;0;0;0;0;-38,541414;-3,780382;;;
257293;24;5;2015;13:30;3800;AV 13 DE MAIO;RUA CAIO CARLOS;;;;;Luz do Dia;Bom;Seca;Cruz;Não Há Controle;Comercial;0;1;1;0;0;0;0;0;0;1;0;0;-38,542160;-3,738286;;;
257193;24;5;2015;18:50;15909;RUA PDE PEDRO DE ALENCAR;RUA VENEZA;;;;Colisão Lateral;;Bom;Seca;Duplo T;Pare;Residencial;0;2;1;1;0;0;0;0;0;1;0;0;-38,494157;-3,836296;;;
257153;24;5;2015;13:00;26190;AV AUGUSTO DOS ANJOS;RUA SOUSA CARVALHO;;;;Colisão Transversal;Luz do Dia;Bom;Seca;T;Pare;Comercial;0;1;1;0;0;0;0;0;0;1;0;0;-38,583417;-3,785105;;;
259677;24;5;2015;21:45;0;RD CE-040;;;;KM-02;Choque c/ Obstáculo Fixo;;Bom;Seca;Meio de Quadra;;;0;0;1;1;0;0;0;0;0;0;0;0;-38,481598;-3,776479;;;
259655;24;5;2015;05:00;0;AV SEN CARLOS JEREISSATI (AEROPORTO);;;;KM 03;Choque c/ Obstáculo Fixo;Amanhecer;Bom;Molhada;Meio de Quadra;;;0;0;1;1;0;0;0;0;0;0;0;0;-38,541414;-3,780382;;;
262609;24;5;2015;23:11;1394;RUA TIBURCIO CAVALCANTE;RUA TORRES CAMARA;;;;Colisão;;;;Cruz;Semáforo;Comercial;0;1;1;1;0;0;0;0;0;1;0;0;-38,502906;-3,736933;;;
262614;24;5;2015;00:32;0;RUA JOR ANTONIO P TAVARES;;;;;Atropelamento;;;;Meio de Quadra;;;0;1;0;0;0;0;0;0;0;0;0;0;-38,506778;-3,814136;;;
262615;24;5;2015;02:16;0;AV DA INDEPENDENCIA;;;841;;Queda;;;;Meio de Quadra;;;0;1;0;0;0;0;0;0;0;1;0;0;-38,587916;-3,727784;;;
262616;24;5;2015;02:45;0;RUA MARTINS NETO;;;;;Colisão;;;;Meio de Quadra;;;0;1;0;0;0;0;0;0;0;0;0;0;-38,584068;-3,739660;;;
262617;24;5;2015;04:25;0;AV GAL OSORIO DE PAIVA;;;;;Colisão;;;;Meio de Quadra;;;0;1;0;0;0;0;0;0;0;0;0;0;-38,578139;-3,783010;;;
262618;24;5;2015;06:42;0;AV PONTES VIEIRA;;;;;Colisão;Luz do Dia;;;Meio de Quadra;;;0;1;1;0;0;0;0;0;0;1;0;0;-38,511387;-3,752482;;;
262625;24;5;2015;16:53;0;AV MR HULL;;;;;Colisão;Luz do Dia;;;Meio de Quadra;;;0;1;0;1;0;0;0;0;0;0;0;0;-38,588748;-3,739224;;;
262626;24;5;2015;17:27;0;RUA RIO VENTURA;;;;;Colisão;Anoitecer;;;Meio de Quadra;;;0;1;1;0;0;0;0;0;0;1;0;0;;;;;
262627;24;5;2015;18:28;10101;RUA NEREIDE;RUA MARIA JULIA;;;;Colisão;Anoitecer;;;Cruz;Não Há Controle;Residencial;0;1;1;1;0;0;0;0;0;1;0;0;-38,598438;-3,787683;;;
262628;24;5;2015;19:23;0;RUA SAO BENEDITO;;;;;Colisão;;;;Meio de Quadra;;;0;1;1;1;0;0;0;0;0;1;0;0;;;;;
262629;24;5;2015;19:58;0;RUA PDE CICERO;;;;;Atropelamento;;;;Meio de Quadra;;;0;1;1;1;0;0;0;0;0;0;0;0;-38,548387;-3,741251;;;
262631;24;5;2015;22:23;0;RUA ANTONIO BARBOSA;;;;;Colisão;;;;Meio de Quadra;;;0;1;1;1;0;0;0;0;0;1;0;0;;;;;
262632;24;5;2015;22:53;0;AV ENG HUMBERTO MONTE;;;;;Choque c/ Obstáculo Fixo;;;;Meio de Quadra;;;0;1;0;1;0;0;0;0;0;0;0;0;;;;;
262633;24;5;2015;23:02;0;AV SEN FERNANDES TAVORA;;;;;Colisão;;;;Meio de Quadra;;;0;1;0;0;0;0;0;0;0;0;0;0;;;;;
262620;24;5;2015;09:23;0;RUA MIN ALBUQUERQUE LIMA;;;;;Queda;Luz do Dia;;;Meio de Quadra;;;0;1;0;0;0;0;0;0;0;1;0;0;;;;;
262621;24;5;2015;12:17;0;AV FRANCISCO SA;;;4180;;Colisão;Luz do Dia;;;Meio de Quadra;;;0;1;1;0;0;0;0;0;0;1;0;0;-38,562154;-3,715787;;;
262622;24;5;2015;13:04;0;AV GODOFREDO MACIEL;;;;;Colisão;Luz do Dia;;;Meio de Quadra;;;0;1;1;1;0;0;0;0;0;1;0;0;-38,581359;-3,832233;;;
272013;24;5;2015;00:33;0;AV DOS EXPEDICIONARIOS;;;3420;;Choque c/ Obstáculo Fixo;;;;Meio de Quadra;;;0;0;1;0;0;0;0;0;0;0;0;0;-38,536126;-3,748391;;;
272014;24;5;2015;00:39;0;AV D CJ JOSE WALTER;;;;;Choque c/ Obstáculo Fixo;;;;Meio de Quadra;;;0;0;1;0;0;0;0;0;0;0;0;0;;;;;
272015;24;5;2015;00:44;0;RUA 15 DE NOVEMBRO;;;499;;Colisão;;;;Meio de Quadra;;;0;0;2;0;0;0;0;0;0;0;0;0;-38,555713;-3,768987;;;
272017;24;5;2015;13:09;0;RUA GOMES PASSOS;;;435;;Colisão;Luz do Dia;;;Meio de Quadra;;;0;0;2;0;0;0;0;0;0;0;0;0;-38,559991;-3,711626;;;
272018;24;5;2015;18:40;0;RUA HOMEM DE MELO;;;515;;Colisão;;;;Meio de Quadra;;;0;0;2;0;0;0;0;0;0;0;0;0;-38,493871;-3,815360;;;
272021;24;5;2015;19:35;0;RUA GETULIO VARGAS;;;932;;Atropelamento;;;;Meio de Quadra;;;0;0;2;0;0;0;0;0;0;0;0;0;-38,592647;-3,818932;;;
272022;24;5;2015;20:40;0;RUA TEN JURANDIR ALENCAR;;;101;;Colisão;;;;Meio de Quadra;;;0;0;2;0;0;0;0;0;0;0;0;0;;;;;
272024;24;5;2015;21:18;0;RUA ANTERO QUENTAL;;;;;Colisão;;;;Meio de Quadra;;;0;0;2;0;0;0;0;0;0;0;0;0;;;;;
272025;24;5;2015;21:21;0;AV DA INDEPENDENCIA;;;2205;;Colisão;;;;Meio de Quadra;;;0;0;2;0;0;0;0;0;0;0;0;0;-38,599625;-3,724361;;;
272027;24;5;2015;21:34;0;RUA ALMEIDA PRADO;;;;;Colisão;;;;Meio de Quadra;;;0;0;2;0;0;0;0;0;0;0;0;0;;;;;
272029;24;5;2015;21:57;0;AV CONTORNO NORTE D71;;;885;;Colisão;;;;Meio de Quadra;;;0;0;2;0;0;0;0;0;0;0;0;0;;;;;
272031;25;5;2015;10:19;0;RUA ANASTACIO BRAGA;;;;;Colisão;Luz do Dia;;;Meio de Quadra;;;0;0;2;0;0;0;0;0;0;0;0;0;;;;;
272033;25;5;2015;10:44;0;RUA ALBERTO MAGNO;;;123;;Colisão;Luz do Dia;;;Meio de Quadra;;;0;0;2;0;0;0;0;0;0;0;0;0;-38,543239;-3,757182;;;
272044;25;5;2015;11:21;0;AV SGT HERMINIO SAMPAIO;;;3983;;Colisão;Luz do Dia;;;Meio de Quadra;;;0;0;2;0;0;0;0;0;0;0;0;0;-38,576134;-3,730295;;;
272046;25;5;2015;12:35;0;RUA ANTONIO POMPEU;;;;;Colisão;Luz do Dia;;;Meio de Quadra;;;0;0;2;0;0;0;0;0;0;0;0;0;;;;;
272048;25;5;2015;14:29;1485;RUA ANTONIO AUGUSTO;RUA PDE VALDEVINO;;;;Colisão;Luz do Dia;;;Cruz;Pare;Comercial;0;0;2;0;0;0;0;0;0;0;0;0;-38,516489;-3,739239;;;
272049;25;5;2015;14:43;0;AV ROGACIANO LEITE;;;;;Colisão;Luz do Dia;;;Meio de Quadra;;;0;0;2;0;0;0;0;0;0;0;0;0;;;;;
272051;25;5;2015;20:19;0;RUA 422 CJ CEARA;;;35;;Colisão;;;;Meio de Quadra;;;0;0;2;0;0;0;0;0;0;0;0;0;-38,605840;-3,759730;;;
262642;25;5;2015;17:20;0;RUA MON SABINO FEIJAO;;;;;Queda;Anoitecer;;;Meio de Quadra;;;0;1;0;0;0;0;0;0;0;1;0;0;;;;;
262644;25;5;2015;17:34;0;AV CEL CARVALHO;;;;;Colisão;Anoitecer;;;Meio de Quadra;;;0;1;0;0;0;0;0;0;0;0;0;0;;;;;
262646;25;5;2015;17:45;0;AV WASHINGTON LUIS;;;;;Colisão;Anoitecer;;;Meio de Quadra;;;0;1;1;1;0;0;0;0;0;1;0;0;-38,592872;-3,716543;;;
262647;25;5;2015;18:23;0;AV ENG HUMBERTO MONTE;;;;;Colisão;Anoitecer;;;Meio de Quadra;;;0;1;1;1;0;0;0;0;0;1;0;0;-38,564738;-3,743930;;;
262649;25;5;2015;18:29;0;AV AGUANAMBI;;;;;Capotamento;Anoitecer;;;Meio de Quadra;;;0;1;0;0;0;0;0;0;0;1;0;0;-38,525805;-3,742927;;;
262634;25;5;2015;06:43;0;AV MIN JOSE AMERICO;;;;;Colisão;Luz do Dia;;;Meio de Quadra;;;0;1;1;0;0;0;0;0;0;1;0;0;-38,496652;-3,811619;;;
262635;25;5;2015;08:26;18060;RUA PRO MOZART SOLON;AV DIOGUINHO;;;;Colisão;Luz do Dia;;;Cruz;Pare;Lazer;0;1;0;1;0;0;0;0;0;0;0;0;-38,455185;-3,738210;;;
262636;25;5;2015;08:43;0;RUA JULIO BRAGA;;;;;Colisão;Luz do Dia;;;Meio de Quadra;;;0;1;1;1;0;0;0;0;0;1;0;0;;;;;
262637;25;5;2015;09:28;0;AV FRANCISCO SA;;;;;Atropelamento;Luz do Dia;;;Meio de Quadra;;;0;1;1;1;0;0;0;0;0;0;0;0;-38,569272;-3,713340;;;
262638;25;5;2015;09:47;371;RUA ERICO MOTA;RUA ZEMARIO MAMEDE;;;;Colisão;Luz do Dia;;;Cruz;Pare;Residencial;0;1;1;1;0;0;0;0;0;1;0;0;-38,560266;-3,748689;;;
262639;25;5;2015;12:16;0;RUA ANTONIO CARNEIRO;;;;;Colisão;Luz do Dia;;;Meio de Quadra;;;0;1;1;1;0;0;0;0;0;1;0;0;;;;;
262640;25;5;2015;13:02;0;RUA VICENTE LINHARES;;;;;Colisão;Luz do Dia;;;Meio de Quadra;;;0;1;1;1;0;0;0;0;0;1;0;0;;;;;
259678;25;5;2015;19:30;0;RD CE-040;;;;KM-07;Colisão;;Bom;Seca;Meio de Quadra;;;0;0;2;1;0;0;0;0;0;0;0;0;-38,483160;-3,817953;;;
262158;25;5;2015;13:07;0;RUA 1018 CJ CEARA;;;;;Atropelamento;Luz do Dia;;;Meio de Quadra;;;0;1;1;0;0;0;0;0;0;1;0;0;;;;;
263176;25;5;2015;14:00;17645;RUA JOSE PEDRA;TR JOSE PEDRA D44;;;;Colisão;Luz do Dia;;;;;;0;1;0;1;0;0;0;0;0;0;0;0;;;;;
263171;25;5;2015;01:10;0;RUA DO CANAL (TAUAPE);;;1054;;Colisão;;;;Meio de Quadra;;;0;1;0;0;0;0;0;0;0;0;0;0;;;;;
263184;25;5;2015;16:00;0;RUA CON DE CASTRO;;;4594;;Colisão;Luz do Dia;;;Meio de Quadra;;;0;1;0;0;0;0;0;0;0;1;0;0;-38,592471;-3,805617;;;
263186;25;5;2015;19:50;0;RUA PAULO FIRMEZA;;;;;Colisão;;;;Meio de Quadra;;;0;1;0;1;0;0;0;0;0;0;0;0;;;;;
258938;25;5;2015;06:50;0;RD BR 116;;;12000;KM-12;Colisão Traseira;Luz do Dia;Chuva;Molhada;Meio de Quadra;Não Há Controle;Comercial;0;0;8;1;0;0;0;0;0;0;0;0;-38,496066;-3,855740;;;
258943;25;5;2015;06:50;0;RD BR 116;;;12000;KM-12;Colisão Traseira;Luz do Dia;Bom;Seca;Meio de Quadra;Não Há Controle;Comercial;0;0;3;1;0;0;1;0;0;0;0;0;-38,496066;-3,855740;;;
258941;25;5;2015;05:50;0;RD BR 116;;;12000;KM-12;Colisão Traseira;Amanhecer;Chuva;Molhada;Meio de Quadra;Não Há Controle;Comercial;0;0;3;1;0;0;1;0;0;0;0;0;-38,496066;-3,855740;;;
251641;25;5;2015;21:10;0;AV 13 DE MAIO;;;;;Colisão Traseira;Via Iluminada;Bom;Seca;Outros;Pare;Comercial;0;0;2;1;0;0;0;0;0;0;0;0;;;;;
251642;25;5;2015;11:40;12457;RUA PRO GOMES BRASIL;AV JOSE BASTOS;;;;Colisão Traseira;Luz do Dia;Bom;Seca;Cruz;Semáforo;Comercial;0;0;3;1;0;0;0;0;0;0;0;0;-38,570427;-3,770153;;;
251643;25;5;2015;21:20;6817;RUA BENTO ALBUQUERQUE;RUA FRANCISCO MATOS;;;;Colisão Lateral;Via Iluminada;Bom;Seca;Cruz;Pare;Residencial;0;0;2;1;0;0;0;0;0;0;0;0;-38,470436;-3,747862;;;
251644;25;5;2015;16:00;4615;RUA CRISANTO M DA ROCHA;RUA JOSE ANASTACIO DIAS;;;;Colisão Transversal;Luz do Dia;Bom;Seca;Cruz;Pare;Comercial;0;0;2;1;0;0;0;0;0;0;0;0;-38,480432;-3,797667;;;
251675;25;5;2015;12:30;0;AV CARAPINIMA;;;2608;;Colisão Traseira;Luz do Dia;Bom;Seca;Meio de Quadra;Não Há Controle;Residencial;0;0;2;1;0;0;0;0;0;0;0;0;-38,542097;-3,741855;;;
251660;25;5;2015;14:45;0;AV GOV RAUL BARBOSA;;;7041;;Colisão Traseira;Luz do Dia;Bom;Seca;Meio de Quadra;;Residencial;0;1;1;1;0;0;0;0;0;1;0;0;-38,512916;-3,774745;;;
251658;25;5;2015;15:10;0;AV BEZERRA DE MENEZES;;;1256;;Engavetamento;Luz do Dia;Bom;Seca;Meio de Quadra;Semáforo;Comercial;0;1;2;1;0;0;0;0;0;0;0;0;-38,556489;-3,734015;;;
251662;25;5;2015;10:35;0;AV SEN CARLOS JEREISSATI (AEROPORTO);;;3000;AEROPORTO;Colisão Traseira;Luz do Dia;Bom;Seca;Outros;;Outros;0;0;2;1;0;0;0;0;0;0;0;0;-38,541414;-3,780382;;;
251663;25;5;2015;07:00;0;RUA CANUTO DE AGUIAR;;;272;;Colisão Transversal;Luz do Dia;Bom;Seca;Meio de Quadra;Outros;Residencial;0;0;2;1;0;0;0;0;0;0;0;0;-38,500280;-3,729069;;;
251664;25;5;2015;08:10;0;RUA JOSE AVELINO;;;800;;Colisão Lateral;Luz do Dia;Bom;Seca;Meio de Quadra;Não Há Controle;Comercial;0;0;2;1;0;0;0;0;0;0;0;0;-38,515839;-3,722616;;;
251665;25;5;2015;13:25;0;AV DEP PAULINO ROCHA;;;;ROTATÓRIA;Colisão Traseira;;Bom;Seca;Meio de Quadra;Dê Preferência;Lazer;0;0;2;1;0;0;0;0;0;0;0;0;;;;;
251666;25;5;2015;07:50;0;AV ANTONIO SALES;;;1997;;Colisão Traseira;Luz do Dia;Bom;Seca;Meio de Quadra;Semáforo;Residencial;0;0;2;1;0;0;0;0;0;0;0;0;-38,506235;-3,744261;;;
251667;25;5;2015;07:30;17352;AV JOAO PESSOA;RUA ELVIRA PINHO;;;;Colisão Transversal;Luz do Dia;Nublado;Seca;Cruz;Pare;Misto;0;0;3;1;1;0;0;0;0;0;0;0;-38,559092;-3,765499;;;
251668;25;5;2015;10:00;17331;RUA ROMEU MARTINS;RUA BAR CANINDE;;;;Colisão Transversal;Luz do Dia;Bom;Seca;Cruz;Pare;Misto;0;0;2;1;0;0;0;0;0;0;0;0;-38,554694;-3,764890;;;
251652;25;5;2015;09:00;23617;AV SGT HERMINIO SAMPAIO;RUA CHASTINET GUIMARAES;;;;Colisão Transversal;Luz do Dia;Bom;Seca;Cruz;Não Há Controle;Residencial;0;1;1;1;0;0;0;0;0;1;0;0;-38,564546;-3,727089;;;
251653;25;5;2015;11:30;9176;AV EDUARDO GIRAO;AV AGUANAMBI;;;;Colisão Lateral;Luz do Dia;Bom;Seca;Rotatória;Não Há Controle;Comercial;0;0;2;1;0;0;0;0;0;0;0;0;-38,523639;-3,755303;;;
251654;25;5;2015;17:30;0;AV CEL CARVALHO;;;250;;Colisão Traseira;Via Iluminada;Bom;Seca;Meio de Quadra;Outros;Comercial;0;2;0;0;1;0;0;0;0;1;0;0;-38,591138;-3,705064;;;
251655;25;5;2015;12:00;6024;AV B CJ CEARA;AV F CJ CEARA;;;;Colisão Lateral;Luz do Dia;Bom;Seca;Cruz;Pare;Residencial;0;1;1;1;0;0;0;0;0;1;0;0;-38,604951;-3,764735;;;
251656;25;5;2015;15:00;0;AV TRISTAO GONCALVES;;;;;Atropelamento;Luz do Dia;Bom;Seca;Meio de Quadra;Semáforo;Comercial;0;2;0;0;0;0;0;0;0;1;0;0;-38,533568;-3,728341;;;
251646;25;5;2015;06:35;13366;RUA DNA LEOPOLDINA;RUA JOAO BRIGIDO;;;;Colisão Transversal;Luz do Dia;Bom;Seca;Cruz;Semáforo;Residencial;0;0;2;1;0;0;0;0;0;0;0;0;-38,522203;-3,738646;;;
251647;25;5;2015;08:40;0;AV PONTES VIEIRA;;;833;;Colisão Lateral;Luz do Dia;Bom;Seca;Meio de Quadra;Não Há Controle;Comercial;0;1;1;1;0;0;0;0;0;1;0;0;;;;;