COD_ACIDENTE;DIA;MES;ANO;HORA;INTERSECAO;LOG1;LOG2;LOG3;NUMERO;REFERENCIA;NATUREZA;ILUMINACAO;TEMPO;SUPERFICIEPISTA;TIPOCRUZAMENTO;CONTROLETRAFEGO;USOSOLO;MORTOS;FERIDOS;ILESOS;AUTOMOVEL;ONIBUS;BICICLETA;CAMINHAO;MICROONIBUS;CICLOMOTOR;MOTOCICLETA;TRACAOANIMAL;TREM;LONG;LAT;;;
251648;25;5;2015;09:30;0;AV MOZART PINHEIRO DE LUCENA;;;1140;;Capotamento;Luz do Dia;Bom;Seca;Meio de Quadra;Não Há Controle;Residencial;0;1;1;1;0;0;0;0;0;0;0;0;-38,594089;-3,712724;;;
251649;25;5;2015;08:00;0;AV JOVITA FEITOSA;;;293;;Colisão Transversal;Luz do Dia;Bom;Seca;Meio de Quadra;Semáforo;Comercial;0;0;2;1;0;0;0;0;0;0;0;0;-38,546382;-3,737776;;;
251650;25;5;2015;18:30;25127;AV ENG HUMBERTO MONTE;RUA BOLIVIA;;;;Colisão Transversal;Via Iluminada;;Seca;Cruz;Pare;Residencial;0;1;1;1;0;0;0;0;0;1;0;0;-38,564826;-3,743796;;;
251670;25;5;2015;08:40;9139;RUA MON OTAVIO CASTRO;RUA CEL PERGENTINO FERREIRA;;;;Colisão Lateral;;Bom;Seca;Cruz;;Residencial;0;0;2;1;0;0;0;0;0;1;0;0;-38,526704;-3,748970;;;
251671;25;5;2015;07:50;17277;AV PRO GOMES DE MATOS;RUA SATIRO DIAS;;;;Colisão Lateral;Luz do Dia;Nublado;Seca;Cruz;Semáforo;Comercial;0;1;1;0;0;0;0;0;0;1;0;0;-38,546868;-3,762623;;;
270177;25;5;2015;12:44;23956;RUA ANTONIO CARNEIRO;AV TRAJANO DE MEDEIROS;;;;Colisão;Luz do Dia;;;;;;0;0;2;0;0;0;0;0;0;0;0;0;;;;;
270192;25;5;2015;18:24;0;AV PRS CASTELO BRANCO;;;;;Colisão;Anoitecer;;;Meio de Quadra;;;0;0;2;0;0;0;0;0;0;0;0;0;;;;;
270193;25;5;2015;21:44;0;RUA RUA 1 (MONDUBIM);;;;;Colisão;;;;Meio de Quadra;;;0;0;2;0;0;0;0;0;0;0;0;0;;;;;
251688;25;5;2015;18:20;9131;AV LUCIANO CARNEIRO;AV 13 DE MAIO;;;;Colisão Lateral;Via Iluminada;Bom;Seca;Cruz;Não Há Controle;Comercial;0;0;2;1;0;0;0;0;0;0;0;0;-38,531331;-3,747615;;;
251689;25;5;2015;12:30;1492;RUA BARBOSA DE FREITAS;RUA PAULA NEI;;;;Colisão Transversal;Luz do Dia;Bom;Seca;T;Não Há Controle;Misto;0;0;2;1;0;0;0;0;0;0;0;0;-38,498298;-3,739481;;;
251690;25;5;2015;01:00;0;RUA JOSE TEIXEIRA COSTA;;;;;Colisão Transversal;Via Iluminada;Bom;Seca;Meio de Quadra;Não Há Controle;Residencial;0;1;1;1;0;0;0;0;0;1;0;0;;;;;
251684;25;5;2015;13:15;1599;AV SEN VIRGILIO TAVORA;RUA VICENTE LINHARES;;;;Colisão Transversal;Luz do Dia;Bom;Seca;Cruz;Semáforo;Comercial;0;1;1;1;0;0;0;0;0;1;0;0;-38,495370;-3,743743;;;
251685;25;5;2015;13:50;7872;AV PONTES VIEIRA;RUA LEONARDO MOTA;;;;Colisão Transversal;Luz do Dia;Bom;Seca;T;Não Há Controle;Comercial;0;1;1;0;0;0;0;0;0;1;0;0;-38,500985;-3,751263;;;
251686;25;5;2015;15:40;6737;AV PDE ANTONIO TOMAS;AV ENG SANTANA JUNIOR;;;;Colisão Traseira;;Bom;Seca;Cruz;Semáforo;Comercial;0;0;3;1;0;0;0;0;0;0;0;0;-38,488012;-3,743981;;;
251680;25;5;2015;12:00;1579;RUA BARBOSA DE FREITAS;RUA VICENTE LINHARES;;;;Colisão Lateral;Luz do Dia;Bom;Seca;Cruz;Semáforo;Residencial;0;0;2;0;0;0;0;0;0;0;0;0;-38,499256;-3,742487;;;
251681;25;5;2015;14:20;0;AV ALM HENRIQUE SABOIA;;;;;Colisão;Luz do Dia;Bom;Seca;Meio de Quadra;;;0;0;3;1;0;0;0;0;0;0;0;0;;;;;
251676;25;5;2015;13:00;25307;AV DES GONZAGA;AV JOSE LEON;;;;Colisão Transversal;Luz do Dia;Bom;Seca;Outros;Não Há Controle;Misto;0;0;2;0;0;0;1;0;0;0;0;0;-38,504513;-3,787080;;;
251677;25;5;2015;19:00;1420;AV SANTOS DUMONT;RUA CEL LINHARES;;;;Colisão Transversal;Via Iluminada;Bom;Seca;Cruz;Pare;Comercial;0;0;2;1;1;0;0;0;0;0;0;0;-38,494449;-3,737489;;;
251693;25;5;2015;08:40;0;AV PONTES VIEIRA;;;329;;Colisão Traseira;Luz do Dia;Bom;Seca;Meio de Quadra;Outros;Misto;0;0;2;1;0;0;0;0;0;0;0;0;-38,517492;-3,753196;;;
251694;25;5;2015;14:20;19659;AV BEZERRA DE MENEZES;RUA CRUZ SALDANHA;;;;Colisão Lateral;Luz do Dia;Bom;Seca;T;Pare;Comercial;0;0;2;1;0;0;1;0;0;0;0;0;-38,554319;-3,733569;;;
251695;25;5;2015;17:30;24748;AV WASHINGTON LUIS;RUA ANTONIO ARRUDA;;;;Colisão Transversal;;Bom;Seca;Cruz;;Residencial;0;2;0;1;0;0;0;0;0;1;0;0;-38,592950;-3,716519;;;
251699;26;5;2015;14:10;0;AV SEN CARLOS JEREISSATI (AEROPORTO);;;;;Colisão Transversal;Luz do Dia;Nublado;Seca;Outros;Não Há Controle;Outros;0;0;2;1;0;0;0;0;0;0;0;0;;;;;
251703;26;5;2015;09:15;7846;RUA JOSE VILAR;RUA JULIO SIQUEIRA;;;;Choque c/ Obstáculo Fixo;Luz do Dia;Chuva;Seca;Cruz;Pare;Residencial;0;0;1;1;0;0;0;0;0;0;0;0;-38,509103;-3,749493;;;
251704;26;5;2015;20:30;15288;RUA VICENTE LEITE;RUA SILVA JATAHY;;;;Colisão Lateral;Via Iluminada;Bom;Seca;Cruz;Pare;Residencial;0;1;1;1;0;0;0;0;0;1;0;0;-38,492910;-3,729302;;;
251705;26;5;2015;08:00;6745;RUA BENTO ALBUQUERQUE;RUA PRO OTAVIO LOBO;;;;Colisão Traseira;Luz do Dia;Chuva;Molhada;Cruz;Semáforo;Residencial;0;0;2;1;0;0;0;0;0;0;0;0;-38,479196;-3,745035;;;
251706;26;5;2015;10:20;9153;AV 13 DE MAIO;RUA PAULA RODRIGUES;;;;Colisão Traseira;Luz do Dia;Chuva;Seca;T;Semáforo;Comercial;0;0;2;1;0;0;0;0;0;0;0;0;-38,525876;-3,752271;;;
251707;26;5;2015;07:40;3779;RUA ANTONIO POMPEU;RUA VINTE E QUATRO DE MAIO;;;;Colisão Transversal;Luz do Dia;Nublado;Molhada;Cruz;Pare;Comercial;0;0;2;1;0;0;0;0;0;0;0;0;-38,534186;-3,733667;;;
251708;26;5;2015;09:00;13495;RUA ILDEFONSO ALBANO;RUA CEL ALVES TEIXEIRA;;;;Colisão Lateral;Luz do Dia;;;Cruz;Pare;Residencial;0;0;2;1;0;0;0;0;0;0;0;0;-38,517296;-3,745590;;;
251709;26;5;2015;19:30;0;AV PONTES VIEIRA;;;177;VIADUTO;Colisão Traseira;Via Iluminada;Bom;Seca;Meio de Quadra;Não Há Controle;Comercial;0;0;3;1;0;0;0;0;0;0;0;0;-38,518720;-3,753338;;;
251710;26;5;2015;07:50;0;RUA PDE PEDRO DE ALENCAR;;;2230;;Colisão Traseira;Luz do Dia;Chuva;Molhada;Meio de Quadra;Outros;;0;0;2;1;0;0;1;0;0;0;0;0;-38,494791;-3,848194;;;
251711;26;5;2015;11:00;0;AV PONTES VIEIRA;;;2571;;Engavetamento;Luz do Dia;Chuva;Seca;Meio de Quadra;Semáforo;Comercial;0;0;3;1;0;0;0;0;0;0;0;0;-38,498538;-3,750970;;;
251712;26;5;2015;11:00;0;AV PONTES VIEIRA;;;669;;;Luz do Dia;Bom;Seca;Meio de Quadra;Semáforo;Comercial;0;0;2;1;0;0;0;0;0;0;0;0;-38,515135;-3,752917;;;
251713;26;5;2015;09:10;12745;RUA JULIO CESAR D12;RUA ANA NERY;;;;Colisão Transversal;Luz do Dia;;Molhada;Cruz;Pare;Misto;0;1;1;1;0;0;0;0;0;0;0;0;-38,544349;-3,751712;;;
251714;26;5;2015;08:30;7608;AV DR SILAS MUNGUBA;RUA MAL BITENCOURT;;;;Colisão Traseira;Luz do Dia;Chuva;Molhada;T;Semáforo;Comercial;0;1;1;1;0;0;0;0;0;0;0;0;-38,531678;-3,796992;;;
251715;26;5;2015;09:30;0;RUA HOLANDA;;;;;;Luz do Dia;Chuva;Seca;Meio de Quadra;Não Há Controle;Comercial;0;1;1;0;0;0;0;0;0;1;0;0;-38,556054;-3,808129;;;
251753;26;5;2015;14:06;0;AV GAL OSORIO DE PAIVA;;;5852;;Colisão Traseira;Luz do Dia;Nublado;Seca;Meio de Quadra;Semáforo Intermitente;Comercial;0;0;2;1;0;0;1;0;0;0;0;0;-38,604860;-3,807594;;;
251750;26;5;2015;22:45;23774;RUA GABRIEL FIUZA;RUA COM GARCIA;;;;Colisão Transversal;;Bom;Seca;Cruz;Pare;Residencial;0;1;1;0;0;0;0;0;0;1;0;0;-38,578685;-3,788233;;;
251748;26;5;2015;14:15;9176;AV EDUARDO GIRAO;AV AGUANAMBI;;;;Colisão Lateral;Luz do Dia;Nublado;Seca;Rotatória;Semáforo;Comercial;0;0;2;1;0;0;1;0;0;0;0;0;-38,523639;-3,755303;;;
251745;26;5;2015;08:00;21326;RUA JOSE SOMBRA;RUA AZEVEDO BOLAO;;;;Colisão;Luz do Dia;Chuva;Seca;Cruz;Pare;Residencial;0;0;2;1;0;0;0;0;0;0;0;0;-38,547065;-3,734235;;;
251741;26;5;2015;11:10;0;AV AGUANAMBI;;;1212;;Colisão Traseira;Luz do Dia;Nublado;Molhada;Meio de Quadra;Semáforo;Comercial;0;1;2;1;0;0;0;0;0;0;0;0;-38,524611;-3,747473;;;
251742;26;5;2015;09:00;2614;AV CEL CARVALHO;RUA DES HERMES PARAHYBA;;;;Colisão Traseira;Luz do Dia;Chuva;Seca;Cruz;Semáforo;Misto;0;0;2;1;0;0;0;0;0;0;0;0;-38,588830;-3,713855;;;
251729;26;5;2015;17:55;0;AV DOM LUIS;;;;;Colisão Lateral;Via Iluminada;Bom;Seca;Meio de Quadra;Não Há Controle;Comercial;0;0;2;0;0;0;0;0;0;0;0;0;;;;;
251721;26;5;2015;09:00;7869;RUA BARBOSA DE FREITAS;RUA FRANCISCO HOLANDA;;;;Colisão Transversal;Luz do Dia;Chuva;Seca;Cruz;Pare;Residencial;0;0;2;1;0;0;0;0;0;0;0;0;-38,501555;-3,749671;;;
251731;26;5;2015;14:30;5436;RUA JAIME BENEVOLO;RUA GAL CLARINDO DE QUEIROZ;;;;Colisão Transversal;Luz do Dia;Bom;Seca;Cruz;Pare;Comercial;0;0;2;1;0;0;0;0;0;0;0;0;-38,526017;-3,734060;;;
251701;26;5;2015;10:00;0;RUA DES OTACILIO PEIXOTO;;;545;;Colisão Traseira;Luz do Dia;Chuva;Seca;Meio de Quadra;Não Há Controle;Residencial;0;0;2;1;0;0;0;0;0;0;0;0;-38,535632;-3,800213;;;
251719;26;5;2015;07:30;19686;RUA ERICO MOTA;AV BEZERRA DE MENEZES;;;;Colisão Traseira;Luz do Dia;Chuva;Seca;T;Semáforo;Misto;0;1;1;1;0;0;0;0;0;0;0;0;-38,562991;-3,735357;;;
251724;26;5;2015;19:40;0;AV AGUANAMBI;;;;;Colisão Transversal;Via Iluminada;Bom;Seca;Meio de Quadra;Não Há Controle;Comercial;0;0;2;1;1;0;0;0;0;0;0;0;;;;;
251725;26;5;2015;04:00;0;AV ALM BARROSO;;;;;Colisão Traseira;;Nublado;Seca;Meio de Quadra;;Comercial;0;1;5;1;0;0;1;0;0;0;0;0;;;;;
251773;26;5;2015;19:30;15214;AV ABOLICAO;RUA LEONARDO MOTA;;;;Colisão Transversal;Via Iluminada;Bom;Seca;T;Pare;Comercial;0;1;1;0;0;0;0;0;0;1;0;0;-38,493236;-3,726977;;;
251774;26;5;2015;14:10;0;RUA PDE ANCHIETA;;;;;Colisão Lateral;Luz do Dia;Nublado;Seca;Meio de Quadra;Semáforo;Comercial;0;0;2;1;0;0;0;0;0;0;0;0;;;;;
251755;26;5;2015;15:40;17309;AV PRO GOMES DE MATOS;RUA ALFREDO DE CASTRO;;;;Engavetamento;Luz do Dia;Nublado;Seca;T;Pare;Comercial;0;0;8;1;0;0;0;0;0;0;0;0;-38,548267;-3,764234;;;
251771;26;5;2015;18:30;1367;RUA DES LEITE ALBUQUERQUE;RUA SABINO PIRES;;;;Colisão Transversal;Anoitecer;Bom;Seca;T;Não Há Controle;Comercial;0;1;1;0;0;0;0;0;0;1;0;0;-38,501280;-3,736380;;;
251767;26;5;2015;10:30;0;AV AGUANAMBI;;;911;;Colisão;Luz do Dia;Chuva;Molhada;Meio de Quadra;Não Há Controle;Comercial;0;0;2;0;1;0;0;0;0;0;0;0;-38,525516;-3,744755;;;
251763;26;5;2015;06:00;12508;AV LINEU MACHADO;RUA ALUISIO AZEVEDO;;;;Colisão Transversal;Luz do Dia;Nublado;Seca;Cruz;Semáforo;Residencial;0;0;2;1;0;0;0;0;0;0;0;0;-38,579184;-3,770212;;;
261758;26;5;2015;09:48;0;TR ALBERTO MAGNO;;;;;Colisão;Luz do Dia;;;Meio de Quadra;;;0;0;2;1;1;0;0;0;0;0;0;0;;;;;
261764;26;5;2015;20:30;0;RUA OSCAR ARARIPE;;;;;Colisão;;;;Meio de Quadra;;;0;0;2;1;0;0;0;0;0;0;0;0;;;;;
270196;26;5;2015;06:15;0;RUA JATAI D71;;;439;;Colisão;Luz do Dia;;;Meio de Quadra;;;0;0;2;0;0;0;0;0;0;0;0;0;;;;;
270201;26;5;2015;16:33;19539;AV DR SILAS MUNGUBA;RUA EQUADOR;;;;Colisão;Luz do Dia;;;Cruz;Semáforo;Comercial;0;0;2;0;0;0;0;0;0;0;0;0;-38,555434;-3,782377;;;
258966;26;5;2015;10:00;0;RD BR 222;;;;KM-01;Colisão Lateral;Luz do Dia;Bom;Seca;Meio de Quadra;Não Há Controle;Comercial;0;0;2;0;1;0;1;0;0;0;0;0;-38,577952;-3,737774;;;
258945;26;5;2015;07:00;0;RD BR 116;;;5000;KM-05;Colisão Traseira;Luz do Dia;Chuva;Molhada;Meio de Quadra;Não Há Controle;Comercial;0;0;2;1;0;0;0;0;0;0;0;0;-38,506787;-3,796502;;;
258950;26;5;2015;19:00;0;RD BR 116;;;1000;KM-01;Colisão Transversal;Via Iluminada;Bom;Seca;Meio de Quadra;Não Há Controle;Comercial;0;0;2;1;0;0;1;0;0;0;0;0;-38,518702;-3,762554;;;
263197;26;5;2015;16:40;22083;RUA CAP FRANCISCO PEDRO;RUA DELMIRO FARIAS;;;;;Luz do Dia;;;Cruz;Pare;Residencial;0;1;0;1;0;0;0;0;0;1;0;0;-38,549818;-3,748223;;;
260495;26;5;2015;18:00;9037;AV AGUANAMBI;RUA DR JOAO DE DEUS D11;;;;Colisão Traseira;Anoitecer;;;Cruz;Não Há Controle;Comercial;0;0;2;0;0;0;1;1;0;0;0;0;-38,525445;-3,745224;;;
259679;26;5;2015;09:40;0;RD CE-040;;;;KM-04;Colisão Lateral;Luz do Dia;Bom;Molhada;Meio de Quadra;;;0;0;2;0;1;0;0;1;0;0;0;0;-38,480251;-3,792050;;;
262650;26;5;2015;04:03;0;RUA TREMEMBES;;;;;Atropelamento;;;;Meio de Quadra;;;0;1;1;0;0;0;1;0;0;0;0;0;-38,516010;-3,719756;;;
262655;26;5;2015;07:24;0;RUA CESAR ROSSAS;;;;;Atropelamento;Luz do Dia;;;Meio de Quadra;;;0;1;1;0;0;0;0;0;0;1;0;0;;;;;
262656;26;5;2015;07:53;0;AV WASHINGTON SOARES;;;6574;;Colisão;Luz do Dia;;;Meio de Quadra;;;0;1;1;1;0;1;0;0;0;0;0;0;;;;;
262657;26;5;2015;10:25;7899;AV ANTONIO SALES;RUA MON CATAO;;;;Queda;Luz do Dia;;;Cruz;Pare;Comercial;0;1;1;0;0;0;0;0;0;1;0;0;-38,493642;-3,748174;;;
262658;26;5;2015;10:43;11067;RUA AUSTRALIA;RUA EQUADOR;;;;Queda;Luz do Dia;;;;;;0;1;0;0;0;0;0;0;0;1;0;0;-38,556753;-3,784015;;;
262653;26;5;2015;07:15;0;AV DOMINGOS OLIMPIO;;;;;Queda;Luz do Dia;;;Meio de Quadra;;;0;1;1;0;0;0;0;0;0;1;0;0;;;;;
262666;26;5;2015;12:35;0;AV JOR THOMAZ COELHO;;;;;Atropelamento;Luz do Dia;;;Meio de Quadra;;;0;1;1;0;1;0;0;0;0;0;0;0;;;;;
262668;26;5;2015;13:40;3993;RUA DULCINEIA GONDIM;RUA ALBERTO MAGNO;;;;Colisão;Luz do Dia;;;Cruz;Pare;Comercial;0;1;1;1;0;0;0;0;0;1;0;0;-38,545120;-3,759321;;;
262671;26;5;2015;16:40;0;AV PERIMETRAL;;;;;Atropelamento de Animal;Luz do Dia;;;Meio de Quadra;;;0;1;0;0;0;0;0;0;0;1;0;0;;;;;
262681;26;5;2015;20:19;183;AV CEL CARVALHO;AV SGT HERMINIO SAMPAIO;;;;Atropelamento;;;;;;;0;1;1;0;1;0;0;0;0;0;0;0;-38,584591;-3,731488;;;
262673;26;5;2015;16:44;0;AV GAL OSORIO DE PAIVA;;;1883;;Atropelamento;Luz do Dia;;;Meio de Quadra;;;0;1;1;0;0;0;0;0;0;0;0;0;-38,579243;-3,783686;;;
262707;26;5;2015;13:00;0;AV DR SILAS MUNGUBA;;;100;;Colisão;Luz do Dia;;;Meio de Quadra;;;0;1;0;0;1;0;0;0;0;0;0;0;-38,562936;-3,776105;;;
272093;26;5;2015;08:08;21376;AV JOVITA FEITOSA;RUA PRO NOGUEIRA;;;;Colisão;Luz do Dia;;;Cruz;Pare;Comercial;0;0;2;0;0;0;0;0;0;0;0;0;-38,548839;-3,738280;;;
272094;26;5;2015;09:06;0;RUA PDE ANCHIETA;;;379;;Colisão;Luz do Dia;;;Meio de Quadra;;;0;0;2;0;0;0;0;0;0;0;0;0;-38,550744;-3,723690;;;
272096;26;5;2015;09:20;2451;AV PRS CASTELO BRANCO;RUA CESAR CORREIA;;;;Colisão;Luz do Dia;;;T;Não Há Controle;Residencial;0;0;2;0;0;0;0;0;0;0;0;0;-38,571621;-3,707235;;;
272097;26;5;2015;10:50;0;RUA DOM QUINTINO;;;690;;Atropelamento;Luz do Dia;;;Meio de Quadra;;;0;0;2;0;0;0;0;0;0;0;0;0;-38,556078;-3,710817;;;
272098;26;5;2015;16:27;9653;RUA BOM JESUS (GRANJA LISBOA);RUA FRANCISCO PAIVA;;;;Colisão;Luz do Dia;;;Cruz;Não Há Controle;Residencial;0;0;2;0;0;0;0;0;0;0;0;0;-38,614088;-3,790241;;;
272182;27;5;2015;17:16;0;AV ENG LUIS VIEIRA;;;300;;Colisão;Anoitecer;;;Meio de Quadra;;;0;0;2;0;0;0;0;0;0;0;0;0;-38,468620;-3,733246;;;
272184;27;5;2015;18:43;0;RUA TUPI D05 (P.IRACEMA);;;;;Atropelamento;;;;Meio de Quadra;;;0;0;2;0;0;0;0;0;0;0;0;0;;;;;
272186;27;5;2015;18:49;0;AV CASTELO DE CASTRO;;;1050;;Atropelamento de Animal;;;;Meio de Quadra;;;0;0;1;0;0;0;0;0;0;0;0;0;;;;;
272187;27;5;2015;21:56;0;AV PRS CASTELO BRANCO;;;;;Atropelamento;;;;Meio de Quadra;;;0;0;2;0;0;0;0;0;0;0;0;0;;;;;
272189;27;5;2015;21:59;13594;AV PONTES VIEIRA;RUA CAP GUSTAVO;;;;Colisão;;;;Cruz;Semáforo;Comercial;0;0;2;0;0;0;0;0;0;0;0;0;-38,517125;-3,753153;;;
272175;27;5;2015;16:01;0;RUA DR CARLOS R PAMPLONA;;;39;;Colisão;Luz do Dia;;;Meio de Quadra;;;0;0;2;0;0;0;0;0;0;0;0;0;;;;;
272180;27;5;2015;17:03;0;RUA 09 UI 211;;;;;Atropelamento;Anoitecer;;;Meio de Quadra;;;0;0;2;0;0;0;0;0;0;0;0;0;;;;;
262705;27;5;2015;14:01;0;AV SANTOS DUMONT;;;3601;;Atropelamento;Luz do Dia;;;Meio de Quadra;;;0;1;1;0;0;0;0;0;0;0;0;0;-38,492581;-3,738091;;;
262701;27;5;2015;08:55;0;RUA BARBOSA DE FREITAS;;;;;Colisão;Luz do Dia;;;Meio de Quadra;;;0;1;1;1;0;0;0;0;0;1;0;0;-38,499602;-3,743532;;;
262702;27;5;2015;09:31;0;AV DA UNIVERSIDADE;;;;;Colisão;Luz do Dia;;;Meio de Quadra;;;0;1;1;1;0;0;0;0;0;1;0;0;;;;;
262693;27;5;2015;06:54;21538;RUA TULIPA NEGRA;RUA INA BRITO;;;;Colisão;Luz do Dia;;;;;;0;1;0;0;1;0;0;0;0;1;0;0;-38,594627;-3,821541;;;
262698;27;5;2015;08:29;7420;RUA CEL MATOS DOURADO;RUA MON HIPOLITO BRASIL;;;;Colisão;Luz do Dia;;;Cruz;Pare;Residencial;0;1;1;1;0;0;0;0;0;1;0;0;-38,583823;-3,756247;;;
262690;27;5;2015;06:47;0;AV PERIMETRAL;;;;MADEIREIRA SAO LUIS;Queda;Luz do Dia;;;Meio de Quadra;;;0;2;0;0;0;0;0;0;0;1;0;0;;;;;
262733;27;5;2015;21:41;5187;RUA SAO PAULO;RUA BAR RIO BRANCO;;;;Colisão;;;;Cruz;Semáforo;Comercial;0;1;1;1;0;0;0;0;0;1;0;0;-38,528071;-3,725856;;;
262731;27;5;2015;21:28;0;RUA CON DE CASTRO;;;;;Queda;;;;Meio de Quadra;;;0;1;0;0;0;0;0;0;0;1;0;0;-38,591738;-3,804822;;;
262729;27;5;2015;18:25;0;AV PASTEUR;;;;;Colisão;Anoitecer;;;Meio de Quadra;;;0;1;0;0;0;0;0;0;0;0;0;0;-38,558422;-3,709624;;;
262725;27;5;2015;18:47;0;RUA GRACILIANO RAMOS;;;;;Colisão;;;;Meio de Quadra;;;0;1;1;0;0;0;0;0;0;1;0;0;-38,530877;-3,752942;;;
262719;27;5;2015;16:21;19833;AV JOVITA FEITOSA;AV ENG HUMBERTO MONTE;;;;Colisão;Luz do Dia;;;Cruz;Semáforo;Comercial;0;1;1;1;0;0;0;0;0;1;0;0;-38,566544;-3,741963;;;
262710;27;5;2015;15:12;10445;RUA RICARDO PONTES;RUA RIO DAS BALCAS;;;;Colisão;Luz do Dia;;;Cruz;Não Há Controle;Residencial;0;1;0;0;0;0;0;0;0;0;0;0;-38,600083;-3,765465;;;
262754;27;5;2015;23:31;0;AV LUCIANO CARNEIRO;;;;;Colisão;;;;Meio de Quadra;;;0;1;1;1;0;0;0;0;0;1;0;0;-38,536703;-3,765012;;;
262752;27;5;2015;22:38;0;RD BR 116;;;3000;KM-03;Colisão;;;;Meio de Quadra;;;0;1;1;1;0;0;0;0;0;1;0;0;-38,514372;-3,779838;;;
266904;27;5;2015;18:45;0;RD QUARTO ANEL VIARIO;;;;;Colisão;Luz do Dia;;;Meio de Quadra;;;1;0;0;0;0;0;0;0;0;1;0;0;;;;;
259681;27;5;2015;07:35;0;RD CE-025;;;;KM-02;Colisão;Luz do Dia;Bom;Molhada;Meio de Quadra;;;0;0;2;1;0;0;0;0;1;0;0;0;-38,460957;-3,807584;;;
259682;27;5;2015;08:47;0;RD CE-040;;;;KM-12;Colisão;Luz do Dia;Bom;Seca;Meio de Quadra;;;0;0;2;1;0;0;1;0;0;0;0;0;-38,476237;-3,848945;;;
259683;27;5;2015;17:30;0;RD CE-025;;;;KM-02;Colisão;Anoitecer;Bom;Seca;Meio de Quadra;;;0;0;2;1;0;0;0;0;0;0;0;0;-38,460957;-3,807584;;;
258953;27;5;2015;22:40;0;RD BR 116;;;2000;KM-02;Colisão Traseira;Via Iluminada;Bom;Seca;Meio de Quadra;Não Há Controle;Comercial;0;2;1;1;0;0;0;0;0;1;0;0;-38,516780;-3,771391;;;
270203;27;5;2015;11:03;0;AV GAL OSORIO DE PAIVA;;;5384;;Colisão;Luz do Dia;;;Meio de Quadra;;;0;0;2;0;0;0;0;0;0;0;0;0;-38,601896;-3,804551;;;
270205;27;5;2015;16:21;0;RUA STA JULIA;;;155;;Colisão;Luz do Dia;;;Meio de Quadra;;;0;0;2;0;0;0;0;0;0;0;0;0;-38,568631;-3,774770;;;
270207;27;5;2015;16:52;9156;AV LUCIANO CARNEIRO;RUA MIN JOAQUIM BASTOS D14;;;;Colisão;Luz do Dia;;;T;Semáforo;Outros;0;0;2;0;0;0;0;0;0;0;0;0;-38,532220;-3,750348;;;
270208;27;5;2015;21:58;352;RUA PEDRO DE QUEIROZ;RUA XAVIER DE OLIVEIRA;;;;Colisão;;;;Cruz;Não Há Controle;Residencial;0;0;2;0;0;0;0;0;0;0;0;0;-38,558367;-3,746834;;;
270209;27;5;2015;23:44;0;RUA MAJ JOSE ARAUJO AGUIAR;;;100;;Colisão;;;;Meio de Quadra;;;0;0;2;0;0;0;0;0;0;0;0;0;-38,514582;-3,775851;;;
261845;27;5;2015;17:16;12871;RUA BAR ARATANHA;RUA JOAQUIM MAGALHAES;;;;Colisão;Anoitecer;;;Cruz;Pare;Residencial;0;0;2;1;0;0;0;0;0;0;0;0;-38,528666;-3,739716;;;
251764;27;5;2015;19:30;17535;RUA MANUEL JESUINO;RUA ALVARO CORREIA;;;;Colisão Lateral;Via Iluminada;Bom;Seca;Cruz;Não Há Controle;Residencial;0;0;2;1;0;0;0;0;0;0;0;0;-38,485118;-3,728674;;;
251765;27;5;2015;11:45;0;AV DR SILAS MUNGUBA;;;1700;UECE;Colisão Lateral;Luz do Dia;Bom;Seca;Meio de Quadra;Pare;Comercial;0;0;2;1;0;0;1;0;0;0;0;0;-38,552153;-3,785332;;;
251757;27;5;2015;17:20;0;AV BORGES DE MELO;;;1620;;Colisão Transversal;Luz do Dia;Bom;Seca;Meio de Quadra;Não Há Controle;Comercial;0;0;2;1;1;0;0;0;0;0;0;0;-38,534035;-3,756518;;;
251758;27;5;2015;;9198;RUA BAR ARATANHA;RUA COSTA ARAUJO;;;;Colisão Lateral;Luz do Dia;Nublado;Seca;Cruz;Pare;Comercial;0;0;2;1;0;0;0;0;0;0;0;0;-38,531099;-3,746946;;;
251760;27;5;2015;20:25;7982;RUA CARLOS CAMARA;RUA MAJ WEYNE;;;;Colisão Lateral;Via Iluminada;Bom;Seca;Cruz;Pare;Misto;0;1;2;1;0;0;1;0;0;1;0;0;-38,544497;-3,748600;;;
251761;27;5;2015;18:00;19570;RUA NEREU RAMOS;RUA ESPANHA;;;;Colisão Frontal;Anoitecer;Bom;Seca;T;Pare;Comercial;0;2;0;0;0;0;0;0;0;1;0;0;-38,574434;-3,783961;;;
251762;27;5;2015;19:20;10445;RUA RICARDO PONTES;RUA RIO DAS BALCAS;;;;Colisão Transversal;Via Iluminada;Bom;Seca;Cruz;Não Há Controle;Residencial;0;0;2;1;0;0;0;0;0;0;0;0;-38,600083;-3,765465;;;