COD_ACIDENTE;DIA;MES;ANO;HORA;INTERSECAO;LOG1;LOG2;LOG3;NUMERO;REFERENCIA;NATUREZA;ILUMINACAO;TEMPO;SUPERFICIEPISTA;TIPOCRUZAMENTO;CONTROLETRAFEGO;USOSOLO;MORTOS;FERIDOS;ILESOS;AUTOMOVEL;ONIBUS;BICICLETA;CAMINHAO;MICROONIBUS;CICLOMOTOR;MOTOCICLETA;TRACAOANIMAL;TREM;LONG;LAT;;;
251768;27;5;2015;10:00;15364;RUA FRE MANSUETO;RUA REPUBLICA DO LIBANO;;;;Colisão Lateral;Luz do Dia;Bom;Seca;Cruz;Pare;Residencial;0;0;2;1;0;0;0;0;0;0;0;0;-38,488729;-3,733732;;;
251769;27;5;2015;00:00;5084;RUA SEN ALENCAR;RUA PRC ISABEL;;;;Colisão Transversal;Via Iluminada;Nublado;Seca;Cruz;Pare;Misto;0;1;1;1;0;0;0;0;0;1;0;0;-38,534356;-3,722828;;;
251770;27;5;2015;13:30;0;AV DOMINGOS OLIMPIO;;;657;;Colisão Traseira;Luz do Dia;Bom;Seca;Meio de Quadra;Semáforo;Comercial;0;0;2;1;0;0;0;0;0;0;0;0;-38,529627;-3,737170;;;
251726;27;5;2015;11:00;0;RUA PDE JOAO PIAMARTA;RUA PDE AMBROSIO MACHADO;;;;Colisão Lateral;Luz do Dia;Bom;Seca;Meio de Quadra;;Residencial;0;0;2;1;0;0;1;0;0;0;0;0;;;;;
251727;27;5;2015;17:20;17298;RUA ALBERTO MAGNO;RUA ALFREDO DE CASTRO;;;;Colisão Transversal;Anoitecer;Bom;Seca;Cruz;Pare;Residencial;0;0;3;1;0;0;0;0;0;1;0;0;-38,548952;-3,763729;;;
251720;27;5;2015;18:00;0;RUA SOLON PINHEIRO;;;364;;Colisão Traseira;Anoitecer;Bom;Seca;Meio de Quadra;Não Há Controle;Residencial;0;0;3;1;0;0;0;0;0;0;0;0;;;;;
251702;27;5;2015;15:44;19729;RUA AZEVEDO BOLAO;RUA DOM JOSE LOURENCO  D27;;;;Colisão Transversal;Luz do Dia;Bom;Seca;Cruz;Pare;Residencial;0;2;1;0;0;0;0;0;0;1;0;0;-38,559267;-3,736965;;;
251732;27;5;2015;18:00;25279;AV ROGACIANO LEITE;RUA DES WALDEMAR ALVES PEREIRA;;;;Atropelamento;Via Iluminada;Bom;Seca;Cruz;Pare;Comercial;1;1;0;0;0;0;0;0;0;1;0;0;;;;;
251733;27;5;2015;06:20;25406;RUA CEL MATOS DOURADO;RUA PRO JOSE LEITE GONDIM;;;;Colisão Transversal;Luz do Dia;Nublado;Molhada;T;Pare;Residencial;0;1;1;1;0;0;0;0;0;1;0;0;-38,585210;-3,740923;;;
251734;27;5;2015;13:30;26077;AV JOSE JATAHY;AV DUQ CAXIAS;;;;Colisão Lateral;Luz do Dia;Bom;Seca;T;Pare;Comercial;0;0;2;1;0;0;0;0;0;1;0;0;;;;;
251722;27;5;2015;14:00;9104;RUA GRACILIANO RAMOS;RUA PAULA RODRIGUES;;;;Colisão Lateral;Luz do Dia;Bom;Seca;Cruz;Pare;Residencial;0;1;1;1;0;0;0;0;0;1;0;0;-38,528324;-3,755149;;;
251723;27;5;2015;16:30;0;RUA DR JOAO MOREIRA;;;207;;Colisão Lateral;Luz do Dia;Bom;Seca;Meio de Quadra;Semáforo;Comercial;0;0;2;0;1;0;0;0;0;0;0;0;-38,526439;-3,723015;;;
251730;27;5;2015;12:15;7781;AV ANTONIO SALES;AV DES MOREIRA;;;;Colisão Transversal;Luz do Dia;Bom;Seca;Cruz;Semáforo;Comercial;0;0;2;1;0;0;0;0;0;0;0;0;-38,501410;-3,745744;;;
251743;27;5;2015;15:40;5709;AV OLIVEIRA PAIVA;AV DES GONZAGA;;;;Colisão;Luz do Dia;Bom;Seca;Cruz;Semáforo;Escola;0;1;1;0;1;1;0;0;0;0;0;0;-38,499953;-3,797165;;;
251744;27;5;2015;15:40;371;RUA ZEMARIO MAMEDE;RUA ERICO MOTA;;;;Colisão Transversal;Via Iluminada;Bom;Seca;Cruz;Pare;Residencial;0;1;1;1;0;0;0;0;0;1;0;0;-38,560266;-3,748689;;;
251736;27;5;2015;16:00;0;AV DR SILAS MUNGUBA;;;1000;;Colisão Traseira;Luz do Dia;Bom;Seca;Meio de Quadra;Não Há Controle;Comercial;0;1;2;1;1;0;0;0;0;1;0;0;-38,557022;-3,781518;;;
251738;27;5;2015;07:20;4019;RUA SAMUEL UCHOA;RUA ANDRE CHAVES;;;;Colisão Traseira;Luz do Dia;Bom;Seca;Y;Pare;Residencial;0;0;2;1;0;0;0;0;0;0;0;0;-38,546270;-3,753929;;;
251739;27;5;2015;08:30;0;AV ALM BARROSO;;;772;;Engavetamento;Luz do Dia;Bom;Seca;Meio de Quadra;Outros;Comercial;0;0;3;1;0;0;0;0;0;0;0;0;-38,516169;-3,720324;;;
251746;27;5;2015;13:00;12954;RUA BERNARDO MANUEL;AV PRS COSTA E SILVA;;;;Colisão Traseira;Luz do Dia;Bom;Seca;Cruz;Semáforo;Residencial;0;1;1;1;0;0;0;0;0;1;0;0;-38,558276;-3,821079;;;
251749;27;5;2015;07:35;0;AV DOMINGOS OLIMPIO;;;1589;;Colisão Traseira;Luz do Dia;Bom;Seca;Meio de Quadra;Semáforo;Escola;0;0;2;1;0;0;0;0;0;0;0;0;-38,537715;-3,734468;;;
251751;27;5;2015;08:00;5455;RUA FLORIANO PEIXOTO;RUA ANTONIO POMPEU;;;;Colisão Transversal;Luz do Dia;Bom;Seca;Cruz;Pare;Comercial;0;0;2;1;0;0;0;0;0;0;0;0;-38,529685;-3,735086;;;
251754;27;5;2015;07:10;5187;RUA SAO PAULO;RUA BAR RIO BRANCO;;;;Colisão Transversal;Luz do Dia;Nublado;Seca;Cruz;Semáforo;Comercial;0;1;1;0;0;0;0;0;0;1;0;0;-38,528071;-3,725856;;;
251716;27;5;2015;19:30;1522;RUA CEL JUCA;RUA EDUARDO GARCIA;;;;Colisão Transversal;Via Iluminada;Bom;Seca;Cruz;Pare;Residencial;0;0;2;1;0;0;0;0;0;0;0;0;-38,492166;-3,740419;;;
251717;27;5;2015;19:00;0;RUA NAPOLEAO LAUREANO;;;525;;Colisão Traseira;Via Iluminada;Bom;Seca;Meio de Quadra;Não Há Controle;Residencial;0;2;1;1;0;0;0;0;1;1;0;0;-38,531048;-3,752470;;;
251789;28;5;2015;19:00;23458;RUA PAULO FIRMEZA;RUA PRO CARVALHO;;;;Colisão Lateral;Via Iluminada;;Seca;Cruz;Pare;;0;0;2;1;0;0;0;0;0;0;0;0;-38,514078;-3,757232;;;
251794;28;5;2015;14:10;5357;RUA MAJ FACUNDO;RUA PEDRO I;;;;Colisão Transversal;Luz do Dia;Bom;Seca;Cruz;Pare;Comercial;0;0;2;1;0;0;0;0;0;1;0;0;-38,528990;-3,731113;;;
251791;28;5;2015;18:30;7762;RUA NUNES VALENTE;AV ANTONIO SALES;;;;Outros;Via Iluminada;Bom;Seca;Cruz;Pare;Residencial;0;0;1;1;0;0;0;0;0;0;0;0;-38,506314;-3,744237;;;
251792;28;5;2015;15:30;12849;RUA ASSUNCAO;RUA SALDANHA MARINHO;;;;Colisão Transversal;Luz do Dia;Bom;Seca;Cruz;Pare;Misto;0;0;2;0;0;0;0;0;0;0;0;0;-38,531231;-3,742314;;;
251804;28;5;2015;20:05;0;AV ANTONIO SALES;;;3510;;Choque c/ Obstáculo Fixo;Via Iluminada;Bom;Seca;Meio de Quadra;Outros;Comercial;0;0;1;1;0;0;0;0;0;0;0;0;-38,492473;-3,748486;;;
261854;28;5;2015;12:42;0;RUA BERNARDO MANUEL;;;;;Colisão;Luz do Dia;;;Meio de Quadra;;;0;0;2;1;1;0;0;0;0;0;0;0;;;;;
261858;28;5;2015;13:53;0;AV FRANCISCO SA;;;;;Colisão;Luz do Dia;;;Meio de Quadra;;;0;0;2;1;1;0;0;0;0;0;0;0;;;;;
272198;28;5;2015;12:27;0;AV EDILSON B SOARES;;;;;Colisão;Luz do Dia;;;Meio de Quadra;;;0;0;2;0;0;0;0;0;0;0;0;0;;;;;
272207;28;5;2015;21:34;0;AV N CJ JOSE WALTER;;;;;Colisão;;;;Meio de Quadra;;;0;0;2;0;0;0;0;0;0;0;0;0;;;;;
272208;28;5;2015;22:10;0;AV PRS CASTELO BRANCO;;;2609;;Atropelamento;;;;Meio de Quadra;;;0;0;2;0;0;0;0;0;0;0;0;0;-38,551247;-3,712918;;;
272209;28;5;2015;23:33;0;AV PRS CASTELO BRANCO;;;2896;;Colisão;;;;Meio de Quadra;;;0;0;2;0;0;0;0;0;0;0;0;0;-38,553808;-3,712213;;;
272205;28;5;2015;21:12;0;RUA ANTONIO BARROS;;;215;;Atropelamento;;;;Meio de Quadra;;;0;0;2;0;0;0;0;0;0;0;0;0;;;;;
270213;28;5;2015;01:19;0;TR AUGUSTO DOS ANJOS;;;1977;;Colisão;;;;Meio de Quadra;;;0;0;2;0;0;0;0;0;0;0;0;0;;;;;
270216;28;5;2015;10:20;0;RUA ANTERO QUENTAL;;;;;Colisão;Luz do Dia;;;Meio de Quadra;;;0;0;2;0;0;0;0;0;0;0;0;0;;;;;
270217;28;5;2015;21:07;8558;RUA CERES;RUA ERNESTO MONTEIRO;;;;Colisão;;;;Cruz;;Residencial;0;0;2;0;0;0;0;0;0;0;0;0;-38,471318;-3,786129;;;
270225;28;5;2015;23:41;19152;RUA BATISTA DE OLIVEIRA;RUA LAURO NOGUEIRA;;;;Colisão;;;;Cruz;Pare;Misto;0;0;2;0;0;0;0;0;0;0;0;0;-38,478301;-3,740086;;;
258954;28;5;2015;00:15;0;RD BR 116;;;14000;KM-14;Choque c/ Obstáculo Fixo;Via Iluminada;Bom;Seca;Meio de Quadra;Não Há Controle;Comercial;0;0;1;1;0;0;0;0;0;0;0;0;-38,499242;-3,873523;;;
258955;28;5;2015;07:20;0;RD BR 116;;;5000;KM-05;Colisão Traseira;Luz do Dia;Bom;Seca;Meio de Quadra;Não Há Controle;Comercial;0;0;2;1;0;0;0;0;0;0;0;0;-38,506787;-3,796502;;;
258956;28;5;2015;09:30;0;RD BR 116;;;6000;KM-06;Queda;Luz do Dia;Bom;Seca;Meio de Quadra;Não Há Controle;Comercial;0;1;0;0;0;1;0;0;0;0;0;0;-38,503053;-3,804691;;;
263209;28;5;2015;02:00;25025;AV AUGUSTO DOS ANJOS;RUA EMILIO DE MENESES;;;;Colisão;;;;T;Semáforo;Comercial;0;1;0;0;1;0;0;0;0;1;0;0;-38,581896;-3,783313;;;
259686;28;5;2015;07:50;0;RD CE-040;;;;KM-06;Colisão Traseira;Luz do Dia;Bom;Seca;Meio de Quadra;;;0;0;2;1;0;0;0;0;0;0;0;0;-38,478781;-3,811270;;;
259687;28;5;2015;12:30;0;RD CE-040;;;;KM-05;Colisão Traseira;Luz do Dia;Bom;Seca;Meio de Quadra;;;0;0;2;1;0;0;0;0;0;0;0;0;-38,480349;-3,790876;;;
262758;28;5;2015;02:54;0;RD BR 116;;;;;Queda;;;;Meio de Quadra;;;0;1;0;0;0;0;0;0;0;1;0;0;;;;;
262755;28;5;2015;01:13;5413;RUA METON DE ALENCAR;RUA GAL SAMPAIO;;;;Colisão;;;;Cruz;Semáforo;Comercial;0;1;1;1;0;0;0;0;0;1;0;0;-38,532600;-3,733033;;;
262756;28;5;2015;02:33;26236;AV DR SILAS MUNGUBA;RUA BERNARDO MANUEL;;;;Choque c/ Obstáculo Fixo;;;;;;;0;1;0;1;0;0;0;0;0;0;0;0;-38,547960;-3,787538;;;
262766;28;5;2015;07:37;0;RUA NOSSA SRA DAS GRACAS;;;;;Colisão;Luz do Dia;;;Meio de Quadra;;;0;1;0;0;0;0;0;0;0;0;0;0;-38,558461;-3,708650;;;
262761;28;5;2015;07:04;0;AV JOAO DE ARAUJO LIMA;;;;;Colisão;Luz do Dia;;;Meio de Quadra;;;0;1;1;1;0;0;0;0;0;1;0;0;-38,560612;-3,833049;;;
262763;28;5;2015;07:18;0;AV ALBERTO CRAVEIRO;;;;;Colisão;Luz do Dia;;;Meio de Quadra;;;0;1;1;1;0;0;0;0;0;1;0;0;;;;;
262769;28;5;2015;09:22;0;RUA PRO COSTA MENDES;;;;;Queda;Luz do Dia;;;Meio de Quadra;;;0;1;0;0;0;0;0;0;0;1;0;0;;;;;
262770;28;5;2015;09:42;0;RUA CANAL;;;;;Colisão;Luz do Dia;;;Meio de Quadra;;;0;1;0;1;0;0;0;0;0;0;0;0;;;;;
262771;28;5;2015;10:13;0;RD BR 116;;;;;Queda;Luz do Dia;;;Meio de Quadra;;;0;1;0;0;0;1;0;0;0;0;0;0;;;;;
262773;28;5;2015;11:20;0;AV MAE LISBOA;;;;;Colisão;Luz do Dia;;;Meio de Quadra;;;0;0;1;0;0;0;0;0;0;0;0;0;;;;;
262774;28;5;2015;11:50;15299;RUA OSVALDO CRUZ (ALDEOTA);RUA CANUTO DE AGUIAR;;;;Colisão;Luz do Dia;;;Cruz;Pare;Comercial;0;1;1;1;0;0;0;0;0;1;0;0;-38,498405;-3,729675;;;
262786;28;5;2015;22:59;0;AV ROGACIANO LEITE;;;2150;;Colisão;;;;Meio de Quadra;;;0;1;1;1;0;0;0;0;0;1;0;0;-38,499058;-3,773643;;;
262778;28;5;2015;15:29;0;RUA VITAL BRASIL;;;;;Queda;Luz do Dia;;;Meio de Quadra;;;0;1;0;0;0;1;0;0;0;0;0;0;-38,594236;-3,779076;;;
262780;28;5;2015;16:53;5185;RUA LIBERATO BARROSO;RUA TEREZA CRISTINA;;;;Colisão;Luz do Dia;;;Cruz;Pare;Comercial;0;1;1;1;0;0;0;0;0;1;0;0;-38,536404;-3,725833;;;
262781;28;5;2015;19:04;9297;AV FRANCISCO SA;RUA CESAR CORREIA;;;;Queda;;;;Cruz;Pare;Comercial;0;1;0;0;0;0;0;0;0;1;0;0;-38,573313;-3,711949;;;
262782;28;5;2015;19:54;0;RD BR 116;;;14000;KM-14;Atropelamento;;;;Meio de Quadra;;;0;1;1;1;0;0;0;0;0;0;0;0;-38,499242;-3,873523;;;
262783;28;5;2015;21:10;7762;RUA NUNES VALENTE;AV ANTONIO SALES;;;;Colisão;;;;Cruz;Pare;Residencial;0;1;0;1;1;0;0;0;0;0;0;0;-38,506314;-3,744237;;;
262784;28;5;2015;21:41;0;AV DEP PAULINO ROCHA;;;;;Colisão;;;;Meio de Quadra;;;0;1;1;1;0;0;0;0;0;1;0;0;;;;;
262574;28;5;2015;08:41;4016;RUA PRO COSTA MENDES;RUA JULIO CESAR D12;;;;Colisão;Luz do Dia;;;Cruz;Pare;Residencial;0;1;1;1;0;0;0;0;0;1;0;0;-38,546911;-3,754698;;;
272190;28;5;2015;08:48;0;AV FRANCISCO SA;;;;;Colisão;Luz do Dia;;;Meio de Quadra;;;0;0;2;0;0;0;0;0;0;0;0;0;;;;;
272192;28;5;2015;10:44;0;RUA ADOLFO MARINHO (VILA VELHA);;;5144;;Colisão;Luz do Dia;;;Meio de Quadra;;;0;0;2;0;0;0;0;0;0;0;0;0;;;;;
272194;28;5;2015;11:08;0;AV SIQUEIRA CAMPOS;;;206;;Colisão;Luz do Dia;;;Meio de Quadra;;;0;0;2;0;0;0;0;0;0;0;0;0;-38,619959;-3,820522;;;
272195;28;5;2015;11:48;0;AV PDE ANTONIO TOMAS;;;385;;Colisão;Luz do Dia;;;Meio de Quadra;;;0;0;2;0;0;0;0;0;0;0;0;0;;;;;
251855;28;5;2015;;5777;RUA JOSE A CAVALCANTE;RUA CHICO LEMOS;;;;Colisão Transversal;;Bom;Seca;Cruz;;Residencial;0;1;4;1;0;0;0;0;0;0;0;0;-38,499317;-3,790905;;;
251876;28;5;2015;20:30;0;RUA CECILIA MEIRELES;;;253;;Atropelamento;Via Iluminada;Bom;Seca;Meio de Quadra;Pare;Residencial;0;0;2;0;0;0;0;0;0;1;0;0;-38,489994;-3,819763;;;
251878;28;5;2015;20:10;5076;RUA DR JOAO MOREIRA;RUA SEN POMPEU;;;;Atropelamento;Via Iluminada;Bom;Seca;Cruz;Semáforo;Comercial;0;1;1;0;1;0;0;0;0;0;0;0;-38,528275;-3,722400;;;
251880;28;5;2015;15:20;99;RUA MARTINS NETO;RUA TOMAS RODRIGUES;;;;Colisão Transversal;Luz do Dia;Bom;Seca;Cruz;Outros;Residencial;0;0;2;1;0;0;0;0;0;0;0;0;-38,593771;-3,741063;;;
251850;28;5;2015;07:40;0;AV PRS CASTELO BRANCO;;;2359;;Engavetamento;Luz do Dia;Bom;Seca;Meio de Quadra;Não Há Controle;Residencial;0;0;3;1;0;0;0;0;0;0;0;0;-38,549011;-3,713586;;;
251852;28;5;2015;18:30;7862;AV ANTONIO SALES;RUA PRO DIAS DA ROCHA;;;;Choque c/ Obstáculo Fixo;Via Iluminada;Bom;Seca;Cruz;Pare;Comercial;0;0;2;1;0;0;0;0;0;0;0;0;-38,495535;-3,747586;;;
251853;28;5;2015;21:20;15343;RUA NUNES VALENTE;RUA PEREIRA FILGUEIRAS;;;;Atropelamento;Via Iluminada;Bom;Seca;Cruz;Semáforo;Residencial;2;1;2;1;1;0;0;0;0;0;0;0;-38,502310;-3,731786;;;
251872;28;5;2015;06:35;11155;RUA CAMBARA;RUA ANTONIO BANDEIRA D41;;;;Colisão Lateral;Luz do Dia;Bom;Seca;Cruz;Pare;Residencial;0;0;2;1;1;0;0;0;0;0;0;0;-38,564114;-3,783828;;;
251873;28;5;2015;15:00;0;AV PRS JUSCELINO KUBITSCHEK (PASSARÉ);;;;;Colisão Lateral;Luz do Dia;Bom;Seca;Meio de Quadra;Pare;Comercial;0;3;0;0;0;0;0;0;0;1;0;0;-38,528043;-3,811300;;;
251857;28;5;2015;20:00;0;RUA BERNARDO MANUEL;;;11360;;Colisão Transversal;Via Iluminada;Bom;Seca;Meio de Quadra;Semáforo;Escola;0;1;1;0;1;0;0;0;0;1;0;0;-38,557126;-3,817502;;;
251858;28;5;2015;10:15;0;RUA PORTO VELHO;;;297;;Colisão Lateral;Luz do Dia;Bom;Seca;Meio de Quadra;Não Há Controle;Comercial;0;1;1;1;0;0;0;0;0;1;0;0;;;;;
251882;28;5;2015;07:40;17370;RUA BAR SOBRAL;RUA ALM RUBIM;;;;Colisão Transversal;Luz do Dia;Chuva;Molhada;Cruz;Pare;Misto;0;0;2;1;0;0;1;0;0;0;0;0;-38,554972;-3,766572;;;
251884;28;5;2015;09:20;7650;AV CARNEIRO DE MENDONCA;RUA BELO HORIZONTE;;;;Colisão Lateral;Luz do Dia;Nublado;;Cruz;Pare;Misto;0;1;1;0;0;0;0;0;0;1;0;0;-38,567567;-3,763666;;;
251840;28;5;2015;07:50;17373;RUA CEL ALEXANDRINO;AV PRO GOMES DE MATOS;;;;Colisão Lateral;Luz do Dia;Chuva;Molhada;Cruz;Pare;Comercial;0;0;2;1;0;0;0;0;0;0;0;0;-38,550403;-3,766732;;;
251845;28;5;2015;10:00;0;AV N CJ JOSE WALTER;;;1462;;Colisão Lateral;Luz do Dia;Bom;Seca;Meio de Quadra;Semáforo;Comercial;0;2;1;1;0;0;0;0;0;1;0;0;-38,560702;-3,833468;;;
251847;28;5;2015;08:30;0;AV TRISTAO GONCALVES;;;1470;;Engavetamento;Luz do Dia;Bom;Seca;Meio de Quadra;Não Há Controle;Comercial;0;0;3;1;0;0;1;0;0;0;0;0;-38,535484;-3,734715;;;
251832;28;5;2015;16:30;13404;RUA JOAO BRIGIDO;RUA CARLOS VASCONCELOS;;;;Colisão Traseira;Luz do Dia;Bom;Seca;Cruz;Semáforo Intermitente;Residencial;0;0;2;1;0;0;0;0;0;0;0;0;-38,513526;-3,741327;;;
251835;28;5;2015;17:00;1383;RUA MON CATAO;RUA MARCOS MACEDO;;;;Colisão Transversal;Via Iluminada;Bom;Seca;Cruz;Pare;Comercial;0;0;2;1;0;0;0;0;0;0;0;0;-38,489930;-3,736772;;;
251836;28;5;2015;19:40;9297;AV FRANCISCO SA;RUA CESAR CORREIA;;;;;Via Iluminada;Bom;Seca;Cruz;Pare;Misto;0;1;2;0;0;0;0;0;0;1;0;0;-38,573313;-3,711949;;;
251827;28;5;2015;12:30;19513;RUA BISMARK;RUA CAMPANARIO;;;;Colisão Transversal;Luz do Dia;Bom;Seca;Cruz;Não Há Controle;Residencial;0;0;2;1;0;0;0;0;0;0;0;0;-38,568138;-3,781479;;;
251812;28;5;2015;09:20;0;AV ALBERTO CRAVEIRO;;;507;MAKRO;Colisão Traseira;Luz do Dia;Bom;Seca;Meio de Quadra;;Comercial;0;1;1;1;0;0;0;0;0;1;0;0;-38,515910;-3,781154;;;
251809;28;5;2015;07:45;0;AV GOV RAUL BARBOSA;;;5950;;Colisão Traseira;Luz do Dia;Bom;Seca;Meio de Quadra;Não Há Controle;Comercial;0;0;2;1;0;0;0;0;0;0;0;0;-38,510411;-3,769650;;;
257644;28;5;2015;12:05;5219;AV TRISTAO GONCALVES;RUA LIBERATO BARROSO;;;;Colisão Lateral;Luz do Dia;Bom;Seca;Cruz;Semáforo;Comercial;0;0;2;1;1;0;0;0;0;0;0;0;-38,533116;-3,726826;;;
259286;28;5;2015;18:40;0;RD BR 222;;;;KM-03;Tombamento;Via Iluminada;Bom;Seca;Meio de Quadra;Não Há Controle;Comercial;0;2;0;0;0;0;0;0;0;1;0;0;-38,571997;-3,736999;;;
251810;29;5;2015;14:10;0;AV SEN FERNANDES TAVORA;;;1355;;Colisão Lateral;Luz do Dia;Bom;Seca;Meio de Quadra;;Comercial;0;0;3;1;1;0;0;0;0;1;0;0;-38,584899;-3,760729;;;
251811;29;5;2015;09:10;25071;AV DOS EXPEDICIONARIOS;RUA TEODORICO BARROSO;;;;Colisão Lateral;Luz do Dia;Bom;Seca;Cruz;Pare;Residencial;0;1;1;0;0;0;0;0;0;1;0;0;-38,541696;-3,766646;;;
251813;29;5;2015;16:45;1474;RUA JOAO CARVALHO;RUA TIBURCIO CAVALCANTE;;;;Colisão Lateral;Luz do Dia;Bom;Seca;Cruz;Semáforo;Comercial;0;0;2;1;1;0;0;0;0;0;0;0;-38,503547;-3,738950;;;
251814;29;5;2015;;5135;AV TRISTAO GONCALVES;RUA SAO PAULO;;;;Colisão Lateral;Via Iluminada;Bom;Seca;Cruz;Pare;Comercial;0;0;2;1;0;0;0;0;0;0;0;0;-38,532395;-3,724419;;;
262814;29;5;2015;15:43;0;AV PERIMETRAL;;;;;Colisão;Luz do Dia;;;Meio de Quadra;;;0;1;0;0;0;0;0;0;0;0;0;0;;;;;
262817;29;5;2015;17:05;19165;RUA PEREIRA DE MIRANDA;RUA BATISTA DE OLIVEIRA;;;;Colisão;Anoitecer;;;Cruz;Pare;Residencial;0;1;1;1;0;0;0;0;0;1;0;0;-38,478760;-3,740801;;;
262787;29;5;2015;00:10;0;RUA ARTUR DE CARVALHO;;;;;Colisão;;;;Meio de Quadra;;;0;1;0;0;0;0;0;0;0;0;0;0;;;;;
262788;29;5;2015;06:11;0;AV ALBERTO CRAVEIRO;;;;;Colisão;Luz do Dia;;;Meio de Quadra;;;0;1;1;1;0;0;0;0;0;1;0;0;;;;;
262789;29;5;2015;06:18;19611;AV GODOFREDO MACIEL;RUA NEREU RAMOS;;;;Queda;Luz do Dia;;;T;Semáforo;Residencial;0;1;0;0;0;0;0;0;0;1;0;0;-38,566802;-3,787250;;;
262790;29;5;2015;06:20;0;AV ROGACIANO LEITE;;;;;Colisão;Luz do Dia;;;Meio de Quadra;;;0;1;0;0;0;0;0;0;0;0;0;0;-38,494053;-3,762797;;;
262791;29;5;2015;07:07;0;RUA CACILDA BECKER;;;;;Queda;Luz do Dia;;;Meio de Quadra;;;0;1;0;0;0;0;0;0;0;1;0;0;-38,587545;-3,774557;;;
262792;29;5;2015;07:13;0;AV DOLOR BARREIRA;;;;;Colisão;Luz do Dia;;;Meio de Quadra;;;0;1;1;1;0;0;0;0;0;1;0;0;-38,466850;-3,739776;;;
262793;29;5;2015;07:15;0;AV MOZART PINHEIRO DE LUCENA;;;;;Colisão;Luz do Dia;;;Meio de Quadra;;;0;1;1;1;0;0;0;0;0;1;0;0;-38,593135;-3,709476;;;
262794;29;5;2015;07:43;0;AV PRS CASTELO BRANCO;;;;;Colisão;Luz do Dia;;;Meio de Quadra;;;0;1;1;1;0;0;0;0;0;1;0;0;-38,570713;-3,707561;;;
262795;29;5;2015;08:56;0;AV MR HULL;;;;;Colisão;Luz do Dia;;;Meio de Quadra;;;0;1;0;0;0;0;0;0;0;0;0;0;;;;;
262796;29;5;2015;09:16;11030;RUA 15 DE NOVEMBRO;RUA CESAR ROSSAS;;;;Colisão;Luz do Dia;;;Outros;Semáforo;Comercial;0;1;1;1;0;0;0;0;0;1;0;0;-38,555011;-3,769241;;;
262797;29;5;2015;10:25;0;AV AGUANAMBI;;;;;Colisão;Luz do Dia;;;Meio de Quadra;;;0;1;1;1;0;0;0;0;0;1;0;0;-38,523540;-3,757408;;;
262798;29;5;2015;13:51;18510;RUA MEXICO;RUA TEN MARQUES;;;;Colisão;Luz do Dia;;;Cruz;Não Há Controle;Rural;0;1;0;0;0;0;0;0;0;0;0;0;-38,573257;-3,734792;;;
264767;29;5;2015;15:03;0;AV ROGACIANO LEITE;;;;;Colisão;Luz do Dia;;;Meio de Quadra;;;0;1;0;0;0;0;0;0;0;0;0;0;-38,494053;-3,762797;;;
264768;29;5;2015;15:47;0;AV BEZERRA DE MENEZES;;;;;Colisão;Luz do Dia;;;Meio de Quadra;;;0;1;0;0;0;0;0;0;0;0;0;0;-38,558270;-3,734370;;;
270502;29;5;2015;18:22;0;AV PERIMETRAL;;;;;Colisão;Anoitecer;;;Meio de Quadra;;;0;0;2;0;0;0;0;0;0;0;0;0;;;;;
270507;29;5;2015;22:51;3894;RUA JULIO CESAR D12;AV EDUARDO GIRAO;;;;Colisão;;;;Cruz;Semáforo;Comercial;0;0;2;0;0;0;0;0;0;0;0;0;-38,540636;-3,747630;;;
259688;29;5;2015;07:40;0;AV MIN JOSE AMERICO;;;;;Colisão;Luz do Dia;Bom;Seca;Meio de Quadra;;;0;0;2;1;0;0;0;0;0;0;0;0;;;;;
259704;29;5;2015;09:40;0;RD CE-040;;;;KM-10;Colisão;Luz do Dia;Bom;Seca;Meio de Quadra;;;0;0;2;1;0;0;0;0;0;0;0;0;-38,480068;-3,838671;;;
259705;29;5;2015;13:05;0;RD CE-040;;;;KM-06;Colisão;Luz do Dia;Bom;Seca;Meio de Quadra;;;0;0;2;1;0;0;0;0;0;1;0;0;-38,478781;-3,811270;;;
259707;29;5;2015;23:40;0;RD CE-040;;;;KM-03;Colisão;;Bom;Seca;Meio de Quadra;;;0;0;2;1;0;0;0;0;0;0;0;0;-38,481014;-3,783185;;;
255189;29;5;2015;11:30;5496;RUA PDE VALDEVINO;RUA DNA LEOPOLDINA;;;;Colisão Transversal;Luz do Dia;Bom;Seca;Cruz;Semáforo;Misto;0;0;2;1;0;0;0;0;0;0;0;0;-38,521753;-3,737577;;;
263211;29;5;2015;21:20;13935;RUA VER PEDRO PAULO MOREIRA;RUA GAL CAIADO DE CASTRO;;;;Colisão;;;;Cruz;Pare;Misto;0;1;0;1;0;0;0;0;0;0;0;0;-38,488961;-3,786953;;;
258967;29;5;2015;14:30;0;RD BR 222;;;;KM-03;Colisão Traseira;Luz do Dia;Bom;Seca;Meio de Quadra;Não Há Controle;Comercial;0;0;3;1;0;0;1;0;0;0;0;0;-38,571997;-3,736999;;;
252632;29;5;2015;09:25;5039;AV ALBERTO NEPOMUCENO;RUA PESSOA ANTA;;;;Colisão Traseira;Luz do Dia;Chuva;Molhada;Cruz;Semáforo;Comercial;0;0;2;1;0;0;0;0;0;0;0;0;-38,523212;-3,721257;;;