COD_ACIDENTE;DIA;MES;ANO;HORA;INTERSECAO;LOG1;LOG2;LOG3;NUMERO;REFERENCIA;NATUREZA;ILUMINACAO;TEMPO;SUPERFICIEPISTA;TIPOCRUZAMENTO;CONTROLETRAFEGO;USOSOLO;MORTOS;FERIDOS;ILESOS;AUTOMOVEL;ONIBUS;BICICLETA;CAMINHAO;MICROONIBUS;CICLOMOTOR;MOTOCICLETA;TRACAOANIMAL;TREM;LONG;LAT;;;
262850;29;5;2015;21:58;0;AV WASHINGTON SOARES;;;;;Colisão;;;;Meio de Quadra;;;0;1;1;1;0;0;0;0;0;1;0;0;;;;;
262855;29;5;2015;22:06;0;RUA CON DE CASTRO;;;;;Colisão;;;;Meio de Quadra;;;0;1;1;1;0;0;0;0;0;1;0;0;-38,595190;-3,808666;;;
262839;29;5;2015;17:52;6968;AV F CJ ESPERANCA;AV A CJ ESPERANCA;;;;Colisão;Anoitecer;;;Cruz;Semáforo;Residencial;0;1;1;1;0;0;0;0;0;1;0;0;-38,588850;-3,817893;;;
262845;29;5;2015;21:41;0;AV SEN FERNANDES TAVORA;;;1647;;Colisão;;;;Meio de Quadra;;;0;1;1;1;0;0;0;0;0;1;0;0;-38,587305;-3,759437;;;
262841;29;5;2015;18:34;0;RUA GUANABARA;;;;;Colisão;;;;Meio de Quadra;;;0;1;1;0;0;0;0;0;0;1;0;0;;;;;
262858;29;5;2015;23:10;45;RUA SALGADO FILHO;RUA PRO JOSE LEITE GONDIM;;;;Colisão;;;;Cruz;Pare;Residencial;0;1;0;0;1;0;0;0;0;1;0;0;-38,595030;-3,742366;;;
262836;29;5;2015;16:55;0;AV JOR THOMAZ COELHO;;;2000;;Colisão;Luz do Dia;;;Meio de Quadra;;;0;1;1;1;0;0;0;0;0;1;0;0;-38,513181;-3,828564;;;
262832;29;5;2015;17:12;3779;RUA ANTONIO POMPEU;RUA VINTE E QUATRO DE MAIO;;;;Colisão;Anoitecer;;;Cruz;Pare;Comercial;0;1;1;1;0;0;0;0;0;1;0;0;-38,534186;-3,733667;;;
270231;29;5;2015;09:09;1530;AV JULIO VENTURA;RUA TIBURCIO CAVALCANTE;;;;Colisão;Luz do Dia;;;Cruz;Semáforo;Comercial;0;0;2;0;0;0;0;0;0;0;0;0;-38,504074;-3,740609;;;
270238;29;5;2015;12:53;4259;RUA PLACIDO CARVALHO;RUA NAT FEIJO;;;;Colisão;Luz do Dia;;;Cruz;Pare;Residencial;0;0;2;0;0;0;0;0;0;0;0;0;-38,555624;-3,721655;;;
270236;29;5;2015;12:24;9567;RUA SGT JOAO PINHEIRO;RUA CEL FABRICIANO;;;;Colisão;Luz do Dia;;;Cruz;Não Há Controle;Residencial;0;0;2;0;0;0;0;0;0;0;0;0;-38,621724;-3,778965;;;
270375;29;5;2015;16:58;0;RUA ESTADO DO RIO;;;578;;Colisão;Luz do Dia;;;Meio de Quadra;;;0;0;2;0;0;0;0;0;0;0;0;0;;;;;
270376;29;5;2015;17:29;0;RUA PRO MIRAMAR DA PONTE;;;;;Colisão;Anoitecer;;;Meio de Quadra;;;0;0;2;0;0;0;0;0;0;0;0;0;;;;;
272214;29;5;2015;12:00;0;RUA PEDRO LAZAR;;;784;;Colisão;Luz do Dia;;;Meio de Quadra;;;0;0;2;0;0;0;0;0;0;0;0;0;-38,488535;-3,802449;;;
272229;29;5;2015;13:43;0;RUA ASSUNCAO;;;98;;Colisão;Luz do Dia;;;Meio de Quadra;;;0;0;2;0;0;0;0;0;0;0;0;0;-38,527447;-3,730863;;;
272232;29;5;2015;17:30;0;AV ALBERTO CRAVEIRO;;;512;;Colisão;Anoitecer;;;Meio de Quadra;;;0;0;2;0;0;0;0;0;0;0;0;0;-38,516633;-3,782995;;;
272237;29;5;2015;20:11;17626;RUA JOSE PEDRA;RUA JOAO FRANCA (PQ. 2 IRMÃOS);;;;Colisão;;;;Cruz;Pare;Residencial;0;0;2;0;0;0;0;0;0;0;0;0;-38,549671;-3,795482;;;
272240;29;5;2015;22:25;25325;AV JOAO DE ARAUJO LIMA;AV PRS COSTA E SILVA;;;;Choque c/ Obstáculo Fixo;;;;Cruz;Semáforo;Comercial;0;0;1;0;0;0;0;0;0;0;0;0;;;;;
272242;29;5;2015;22:27;19469;AV GAL OSORIO DE PAIVA;AV AUGUSTO DOS ANJOS;;;;Colisão;;;;Outros;Pare;Misto;0;0;2;0;0;0;0;0;0;0;0;0;-38,584939;-3,787349;;;
272244;29;5;2015;22:58;0;AV DR SILAS MUNGUBA;;;4212;;Colisão;;;;Meio de Quadra;;;0;0;2;0;0;0;0;0;0;0;0;0;-38,537896;-3,791208;;;
272246;29;5;2015;23:25;0;RUA SALGADO FILHO;;;634;;Atropelamento;;;;Meio de Quadra;;;0;0;2;0;0;0;0;0;0;0;0;0;-38,595018;-3,742447;;;
272210;29;5;2015;11:49;0;RUA TOMAS RODRIGUES;RUA MARTINS NETO;RUA PRO JOSE LEITE GONDIM;407;;Colisão;Luz do Dia;;;Meio de Quadra;;;0;0;2;0;0;0;0;0;0;0;0;0;-38,593875;-3,740280;;;
261860;29;5;2015;07:04;14967;AV GODOFREDO MACIEL;RUA JULIO ALCIDES;;;;Colisão;Luz do Dia;;;T;Outros;Comercial;0;0;2;1;0;0;0;0;0;0;0;0;-38,566785;-3,787856;;;
261955;29;5;2015;14:55;0;AV BEZERRA DE MENEZES;;;;;Colisão;Luz do Dia;;;Meio de Quadra;;;0;0;2;1;1;0;0;0;0;0;0;0;;;;;
261956;29;5;2015;16:17;0;AV GODOFREDO MACIEL;;;;;Colisão;Luz do Dia;;;Meio de Quadra;;;0;0;2;1;0;0;0;0;0;0;0;0;;;;;
261953;29;5;2015;12:13;0;AV DEP PAULINO ROCHA;;;46;;Colisão;Luz do Dia;;;Meio de Quadra;;;0;0;2;1;0;0;0;1;0;0;0;0;-38,507467;-3,801657;;;
261951;29;5;2015;08:27;0;RUA N S DA CONCEICAO (PICI);;;;;Colisão;Luz do Dia;;;Meio de Quadra;;;0;0;2;1;0;0;0;0;0;0;0;0;;;;;
261965;29;5;2015;16:40;0;RUA CEL OLEGARIO MEMORIA;;;;;Colisão;Luz do Dia;;;Meio de Quadra;;;0;0;2;1;0;0;1;0;0;0;0;0;;;;;
261969;29;5;2015;22:21;10046;RUA EMILIO DE MENESES;RUA BRAGANCA;;;;Colisão;;;;Cruz;Pare;Residencial;0;0;2;1;0;0;0;0;0;0;0;0;-38,596166;-3,779277;;;
251805;29;5;2015;13:00;14668;RUA JUNIOR ROCHA;RUA DES AVELAR;;;;Colisão Lateral;Luz do Dia;Bom;Seca;Cruz;Não Há Controle;Misto;0;0;2;1;0;0;0;0;0;0;0;0;-38,488059;-3,794660;;;
251806;29;5;2015;16:00;0;RUA JOSE VILAR;;;335;;Colisão Traseira;Amanhecer;Bom;Seca;Meio de Quadra;Não Há Controle;Residencial;0;0;2;1;0;0;0;0;0;0;0;0;-38,502137;-3,727910;;;
251807;29;5;2015;20:00;12405;AV LINEU MACHADO;RUA JOCKEY CLUBE;;;;Colisão Transversal;Via Iluminada;Bom;Seca;T;Pare;Comercial;0;1;1;1;0;0;0;0;0;1;0;0;-38,576001;-3,764186;;;
251799;29;5;2015;19:45;15125;RUA ILDEFONSO ALBANO;RUA DR ATUALPA BARBOSA LIMA (P. IRACEMA);;;;Colisão Transversal;Via Iluminada;Bom;Seca;Cruz;Pare;Residencial;0;0;4;1;0;0;0;0;0;0;0;0;-38,510128;-3,723503;;;
251800;29;5;2015;12:10;0;RUA TERTULIANO SALES;;;505;;Colisão Lateral;Luz do Dia;Bom;Seca;Meio de Quadra;Não Há Controle;Residencial;1;1;1;1;0;0;0;0;0;1;0;0;-38,531410;-3,762785;;;
251801;29;5;2015;14:45;0;RUA CAP VASCONCELOS D46;;;330;;Colisão Traseira;Luz do Dia;Bom;Seca;Meio de Quadra;Não Há Controle;Misto;0;0;2;1;0;0;0;0;0;0;0;0;-38,517131;-3,765062;;;
251802;29;5;2015;10:25;1520;AV JULIO VENTURA;RUA NUNES VALENTE;;;;Colisão Traseira;Luz do Dia;Bom;Seca;Cruz;Semáforo;Comercial;0;2;1;1;0;0;0;0;0;1;0;0;-38,505037;-3,740301;;;
251793;29;5;2015;12:40;8951;RUA ANTONIO POMPEU;RUA RUBIA SAMPAIO;;;;Colisão Transversal;Luz do Dia;Bom;Seca;Cruz;Pare;Comercial;0;0;2;1;0;0;0;0;0;0;0;0;-38,540544;-3,731652;;;
251795;29;5;2015;19:00;0;AV DOS JANGADEIROS;;;;;Colisão Traseira;Anoitecer;Bom;Seca;Meio de Quadra;Não Há Controle;Comercial;0;0;2;1;0;0;0;0;0;0;0;0;;;;;
251796;29;5;2015;21:00;7916;RUA HENRIQUETA GALENO;RUA CEL LINHARES;;;;Colisão Lateral;Via Iluminada;Bom;Seca;Cruz;Pare;Residencial;0;0;2;0;1;0;0;0;0;0;0;0;-38,497191;-3,746040;;;
251797;29;5;2015;07:00;0;AV DEP PAULINO ROCHA;;;1330;;Colisão Lateral;Luz do Dia;Bom;Seca;Meio de Quadra;Não Há Controle;Comercial;0;0;2;1;0;0;1;0;0;0;0;0;-38,509350;-3,810276;;;
251790;29;5;2015;19:00;1716;RUA CAP ARAGAO;AV GOV RAUL BARBOSA;;;;Colisão Transversal;Via Iluminada;Bom;Seca;Cruz;Semáforo;Comercial;0;1;1;1;0;0;0;0;0;1;0;0;-38,508802;-3,763977;;;
251787;29;5;2015;10:30;12849;RUA ASSUNCAO;RUA SALDANHA MARINHO;;;;Colisão Transversal;Luz do Dia;Bom;Seca;Cruz;Pare;Misto;0;1;1;0;0;0;0;0;0;1;0;0;-38,531231;-3,742314;;;
251788;29;5;2015;11:00;25279;AV ROGACIANO LEITE;RUA DES WALDEMAR ALVES PEREIRA;;;;Colisão Lateral;Via Iluminada;Bom;Seca;Cruz;Não Há Controle;Comercial;0;1;1;1;0;0;0;0;0;1;0;0;;;;;
251781;29;5;2015;15:40;12835;AV DOMINGOS OLIMPIO;RUA SOLON PINHEIRO;;;;Colisão Traseira;Luz do Dia;Bom;Seca;Cruz;Semáforo;Comercial;0;0;3;1;0;0;0;0;0;0;0;0;-38,528650;-3,737409;;;
251782;29;5;2015;17:30;15881;RUA PDE PEDRO DE ALENCAR;RUA GUARUJA;;;;Colisão Lateral;Via Iluminada;Bom;Seca;Rotatória;Pare;Comercial;0;1;1;1;0;0;0;0;0;1;0;0;-38,494118;-3,834885;;;
251783;29;5;2015;12:50;0;AV DR SILAS MUNGUBA;;;592;;Outros;Luz do Dia;Bom;Seca;Meio de Quadra;Semáforo;Residencial;0;0;1;1;0;0;0;0;0;0;0;0;-38,559897;-3,779962;;;
251784;29;5;2015;06:00;7479;AV ALBERTO CRAVEIRO;RUA PEDRO DANTAS;;;;Colisão Traseira;Luz do Dia;Nublado;Seca;T;Semáforo;Comercial;0;1;1;1;0;0;0;0;0;1;0;0;-38,517220;-3,786753;;;
251785;29;5;2015;04:40;3771;AV DOMINGOS OLIMPIO;AV DA UNIVERSIDADE;;;;Colisão Transversal;Via Iluminada;Nublado;Seca;Cruz;Semáforo Intermitente;Misto;0;0;2;1;1;0;0;0;0;0;0;0;-38,534216;-3,735594;;;
251776;29;5;2015;17:05;0;AV PRS COSTA E SILVA;;;3601;;Engavetamento;Luz do Dia;Bom;Molhada;Meio de Quadra;;Comercial;0;0;4;1;0;0;0;0;0;0;0;0;-38,548554;-3,823879;;;
251777;29;5;2015;13:30;9176;AV EDUARDO GIRAO;AV AGUANAMBI;;;;Colisão Traseira;Luz do Dia;Bom;Seca;Rotatória;Não Há Controle;Comercial;0;0;2;1;0;0;0;0;0;0;0;0;-38,523639;-3,755303;;;
251778;29;5;2015;10:00;0;AV OLIVEIRA PAIVA;;;415;;Colisão Traseira;;Bom;Seca;Meio de Quadra;Não Há Controle;Comercial;0;0;2;1;0;0;0;0;0;0;0;0;-38,501461;-3,797852;;;
251779;29;5;2015;14:30;0;AV PRS JUSCELINO KUBITSCHEK (PASSARÉ);;;5451;;Colisão Traseira;Luz do Dia;Bom;Seca;Meio de Quadra;Pare;Residencial;0;0;2;1;0;0;0;0;0;0;0;0;-38,536831;-3,823401;;;
262001;30;5;2015;10:43;25209;RUA BAIXA DO MILAGRE;AV MOZART PINHEIRO DE LUCENA;;;;Colisão;Luz do Dia;;;;;;0;0;2;0;0;0;1;0;0;0;0;0;-38,599994;-3,734227;;;
262003;30;5;2015;18:59;0;AV JOR THOMAZ COELHO;;;;;Colisão;;;;Meio de Quadra;;;0;0;2;1;0;0;0;0;0;0;0;0;;;;;
262007;30;5;2015;20:24;0;AV ENG JOSÉ GUIMARÃES;;;;;Colisão;;;;Meio de Quadra;;;0;0;3;1;0;0;0;0;0;0;0;0;;;;;
272252;30;5;2015;00:15;3769;AV DOMINGOS OLIMPIO;RUA SEN POMPEU;;;;Colisão;;;;Cruz;Semáforo;Comercial;0;0;2;0;0;0;0;0;0;0;0;0;-38,532455;-3,736254;;;
272254;30;5;2015;02:43;0;RUA BAR ARATANHA;;;1103;;Choque c/ Obstáculo Fixo;;;;Meio de Quadra;;;0;0;1;0;0;0;0;0;0;0;0;0;-38,529723;-3,742898;;;
272255;30;5;2015;07:28;0;AV WENEFRIDO MELO;;;224;;Atropelamento;Luz do Dia;;;Meio de Quadra;;;0;0;2;0;0;0;0;0;0;0;0;0;-38,577334;-3,809374;;;
272257;30;5;2015;08:34;0;AV BEZERRA DE MENEZES;;;25;;Colisão;Luz do Dia;;;Meio de Quadra;;;0;0;2;0;0;0;0;0;0;0;0;0;-38,540036;-3,730585;;;
272259;30;5;2015;09:05;25229;AV OLAVO BILAC;AV DR THEBERGE;;;;Colisão;Luz do Dia;;;Y;Pare;Misto;0;0;2;0;0;0;0;0;0;0;0;0;-38,567102;-3,721012;;;
272266;30;5;2015;10:30;21822;RUA DEP MATOSO FILHO;RUA PINHEIRO BASTOS;;;;Colisão;Luz do Dia;;;;;;0;0;2;0;0;0;0;0;0;0;0;0;-38,587246;-3,731037;;;
272269;30;5;2015;10:35;0;RUA RIO BRANCO;;;;;Colisão;Luz do Dia;;;Meio de Quadra;;;0;0;2;0;0;0;0;0;0;0;0;0;;;;;
272270;30;5;2015;11:14;0;RUA MARTINS NETO;;;934;;Colisão;Luz do Dia;;;Meio de Quadra;;;0;0;2;0;0;0;0;0;0;0;0;0;-38,593639;-3,741043;;;
272273;30;5;2015;17:01;23786;RUA AGAMENON;RUA DR ESTENIO GOMES;;;;Colisão;Anoitecer;;;;;;0;0;2;0;0;0;0;0;0;0;0;0;-38,584783;-3,793655;;;
272275;30;5;2015;17:10;0;RUA JOR ANTONIO P TAVARES;;;1208;;Colisão;Anoitecer;;;Meio de Quadra;;;0;0;2;0;0;0;0;0;0;0;0;0;-38,508103;-3,813202;;;
272282;30;5;2015;18:37;0;AV PERIMETRAL;;;;;Colisão;;;;Meio de Quadra;;;0;0;2;0;0;0;0;0;0;0;0;0;;;;;
272283;30;5;2015;19:12;17373;AV PRO GOMES DE MATOS;RUA CEL ALEXANDRINO;;;;Colisão;;;;Cruz;Pare;Comercial;0;0;2;0;0;0;0;0;0;0;0;0;-38,550403;-3,766732;;;
272279;30;5;2015;17:38;0;RUA HONORATO SILVA;;;497;;Atropelamento;Anoitecer;;;Meio de Quadra;;;0;0;2;0;0;0;0;0;0;0;0;0;;;;;
272280;30;5;2015;18:36;0;RUA TAQUARI;;;2379;;Colisão;;;;Meio de Quadra;;;0;0;2;0;0;0;0;0;0;0;0;0;-38,602498;-3,775955;;;
272287;30;5;2015;19:36;0;RUA CON DE CASTRO;;;4800;;Colisão;;;;Meio de Quadra;;;0;0;2;0;0;0;0;0;0;0;0;0;-38,594198;-3,807494;;;
272289;30;5;2015;20:49;0;RUA PIAUI;;;1516;;Colisão;;;;Meio de Quadra;;;0;0;2;0;0;0;0;0;0;0;0;0;-38,571959;-3,752595;;;
273315;30;5;2015;05:30;2412;AV FRANCISCO SA;RUA IRAPUA;;;;Queda;Amanhecer;;;Cruz;Não Há Controle;Residencial;1;0;0;0;0;1;0;0;0;0;0;0;-38,586099;-3,706356;;;
262860;30;5;2015;03:01;0;RD BR 116;;;13000;KM-13;Queda;;;;Meio de Quadra;;;0;1;0;0;0;0;0;0;0;1;0;0;-38,497727;-3,864670;;;
262877;30;5;2015;07:43;0;AV CASTELO DE CASTRO;;;;;Colisão;Luz do Dia;;;Meio de Quadra;;;0;1;0;0;0;0;0;0;0;0;0;0;-38,521638;-3,835299;;;
262873;30;5;2015;06:27;0;AV FRE CIRILO;;;;;Colisão;Luz do Dia;;;Meio de Quadra;;;0;1;0;0;0;0;0;0;0;0;0;0;;;;;
262874;30;5;2015;07:15;0;RUA CON DE CASTRO;;;;;Colisão;Luz do Dia;;;Meio de Quadra;;;0;1;1;1;0;0;0;0;0;1;0;0;-38,587123;-3,799771;;;
262875;30;5;2015;07:16;0;RUA NENEN GONCALVES;;;;;Colisão;Luz do Dia;;;Meio de Quadra;;;0;1;1;1;0;0;0;0;0;1;0;0;;;;;
262885;30;5;2015;13:16;0;RUA JOAO TINOCO;;;;;Colisão;Luz do Dia;;;Meio de Quadra;;;0;1;1;1;0;0;0;0;0;1;0;0;-38,591595;-3,729580;;;
262879;30;5;2015;10:11;23607;RUA BAR CRATO;RUA CAP NESTOR GOIS;;;;Queda;Luz do Dia;;;Cruz;Pare;Misto;0;1;0;0;0;0;0;0;0;1;0;0;-38,561703;-3,721812;;;
262893;30;5;2015;14:55;0;RUA BOM JESUS (JD DAS OLIVEIRAS);;;;;Queda;Luz do Dia;;;Meio de Quadra;;;0;1;0;0;0;0;0;0;0;1;0;0;;;;;
262899;30;5;2015;15:02;0;RUA CAP NESTOR GOIS;;;;;Colisão;Luz do Dia;;;Meio de Quadra;;;0;1;0;1;0;0;0;0;0;0;0;0;-38,561100;-3,724068;;;
262901;30;5;2015;16:36;0;AV 1 CANINDEZINHO;;;;;Colisão;Luz do Dia;;;Meio de Quadra;;;0;1;0;0;0;0;0;0;0;1;0;0;;;;;
262902;30;5;2015;16:46;0;AV 1 CANINDEZINHO;;;;;Colisão;Luz do Dia;;;Meio de Quadra;;;0;1;0;0;0;0;0;0;0;1;0;0;;;;;
262903;30;5;2015;19:15;0;AV GOV RAUL BARBOSA;;;5950;;Colisão;;;;Meio de Quadra;;;0;1;1;1;0;0;0;0;0;1;0;0;-38,510411;-3,769650;;;
262905;30;5;2015;21:09;0;RUA AMOR PERFEITO;;;;;Atropelamento;;;;Meio de Quadra;;;0;1;1;1;0;0;0;0;0;0;0;0;;;;;
262906;30;5;2015;21:29;4006;RUA DES PRAXEDES;RUA EDITE BRAGA;;;;Colisão;;;;Cruz;Pare;Comercial;0;1;1;1;0;0;0;0;0;1;0;0;-38,547472;-3,760633;;;
258957;30;5;2015;03:00;0;RD BR 116;;;13000;KM-13;Colisão;Via Iluminada;Bom;Seca;Meio de Quadra;Não Há Controle;Comercial;0;3;0;0;0;1;0;0;0;1;0;0;-38,497727;-3,864670;;;
263212;30;5;2015;02:22;3894;AV EDUARDO GIRAO;RUA JULIO CESAR D12;;;;Colisão;;;;Cruz;Semáforo;Comercial;0;1;0;0;1;0;0;0;0;0;0;0;-38,540636;-3,747630;;;
263213;30;5;2015;02:43;0;AV DR SILAS MUNGUBA;;;4310;;Choque c/ Obstáculo Fixo;;;;Meio de Quadra;;;0;0;1;0;0;0;0;0;0;0;0;0;-38,537254;-3,791500;;;
263216;30;5;2015;04:05;577;AV DR THEBERGE;AV FRANCISCO SA;;;;Engavetamento;;;;Cruz;Semáforo;Comercial;0;1;0;1;0;0;0;0;0;0;0;0;-38,565016;-3,714822;;;
255197;30;5;2015;14:15;8936;AV DOMINGOS OLIMPIO;RUA PRC ISABEL;;;;Colisão Transversal;Luz do Dia;Bom;Seca;Cruz;Semáforo;Residencial;0;0;2;0;1;0;0;0;0;0;0;0;-38,537790;-3,734438;;;
259724;30;5;2015;17:20;0;RD CE-040;;;;KM-02;Colisão Traseira;Anoitecer;Bom;Seca;Meio de Quadra;;;0;0;2;1;0;0;0;0;0;0;0;0;-38,481598;-3,776479;;;
259720;30;5;2015;07:00;0;AV MIN JOSE AMERICO;;;;;Tombamento;Luz do Dia;Bom;Molhada;Meio de Quadra;;;0;1;1;0;0;0;0;0;0;1;0;0;;;;;
270510;30;5;2015;02:42;577;AV FRANCISCO SA;AV DR THEBERGE;;;;Colisão;;;;Cruz;Semáforo;Comercial;0;0;2;0;0;0;0;0;0;0;0;0;-38,565016;-3,714822;;;
270513;30;5;2015;09:17;0;VL JOAO XXIII;;;;;Colisão;Luz do Dia;;;Meio de Quadra;;;0;0;2;0;0;0;0;0;0;0;0;0;;;;;
270518;30;5;2015;16:31;13177;AV I CJ JOSE WALTER;AV D CJ JOSE WALTER;;;;Colisão;Luz do Dia;;;Rotatória;Dê Preferência;Comercial;0;0;2;0;0;0;0;0;0;0;0;0;-38,552957;-3,832440;;;
270519;30;5;2015;17:04;3860;AV DA UNIVERSIDADE;AV 13 DE MAIO;;;;Colisão;Anoitecer;;;Cruz;Semáforo;Comercial;0;0;2;0;0;0;0;0;0;0;0;0;-38,539107;-3,740962;;;
270520;30;5;2015;17:19;5235;RUA PEDRO PEREIRA;RUA PRC ISABEL;;;;Colisão;Anoitecer;;;Cruz;Pare;Comercial;0;0;2;0;0;0;0;0;0;0;0;0;-38,535705;-3,727353;;;
270521;30;5;2015;18:29;0;RUA DR FERNANDO AUGUSTO;;;3952;;Colisão;Anoitecer;;;Meio de Quadra;;;0;0;2;0;0;0;0;0;0;0;0;0;-38,627829;-3,785502;;;
270515;30;5;2015;10:02;0;AV F CJ ESPERANCA;;;102;;Colisão;Luz do Dia;;;Meio de Quadra;;;0;0;2;0;0;0;0;0;0;0;0;0;-38,586844;-3,815768;;;
267015;30;5;2015;16:08;0;RUA TULIPA NEGRA;;;2078;;Colisão;Luz do Dia;;;Meio de Quadra;;;1;0;1;1;0;0;0;0;0;0;0;0;-38,598380;-3,818918;;;
251816;30;5;2015;00:30;0;RUA AMAZONAS;;;1348;;Choque c/ Obstáculo Fixo;Via Iluminada;;Seca;;;;0;1;0;1;0;0;0;0;0;0;0;0;-38,565743;-3,752304;;;
251817;30;5;2015;09:00;8020;RUA ALEXANDRE BARAUNA;RUA CARLOS CAMARA;;;;Colisão Lateral;Luz do Dia;Bom;Seca;Cruz;Pare;Residencial;0;0;3;1;0;0;0;0;0;0;0;0;-38,547441;-3,751840;;;
251821;30;5;2015;11:00;0;RUA SAO PAULO;;;819;;Colisão Traseira;;Bom;Seca;Meio de Quadra;Não Há Controle;Comercial;0;0;3;1;0;0;0;0;0;0;0;0;-38,533021;-3,724212;;;
251819;30;5;2015;10:00;5185;RUA LIBERATO BARROSO;RUA TEREZA CRISTINA;;;;Colisão Lateral;Luz do Dia;Bom;Seca;Cruz;Não Há Controle;Comercial;0;0;2;1;0;0;0;0;0;0;0;0;-38,536404;-3,725833;;;
251828;30;5;2015;06:40;271;AV JOVITA FEITOSA;RUA AMADEU FURTADO;;;;Colisão Transversal;Luz do Dia;Bom;Seca;Cruz;Semáforo;Residencial;0;0;2;1;0;0;0;0;0;0;0;0;-38,562915;-3,741173;;;
251830;30;5;2015;09:00;5445;AV HERACLITO GRACA;RUA DNA LEOPOLDINA;;;;Colisão Lateral;Luz do Dia;Bom;Seca;Cruz;Semáforo;Comercial;0;0;2;1;0;0;0;0;0;0;0;0;-38,520779;-3,734708;;;
251831;30;5;2015;09:30;11030;RUA 15 DE NOVEMBRO;RUA EUZEBIO DE QUEIROS;;;;Colisão Lateral;Luz do Dia;Bom;Seca;Cruz;Semáforo;Comercial;0;1;1;1;0;0;0;0;0;1;0;0;-38,555011;-3,769241;;;
251825;30;5;2015;09:50;0;AV ALBERTO CRAVEIRO;;;466;;Colisão Traseira;;Bom;Seca;Meio de Quadra;Outros;Comercial;0;0;2;1;1;0;0;0;0;0;0;0;-38,516560;-3,782812;;;
251826;30;5;2015;16:15;12892;AV DOMINGOS OLIMPIO;RUA BAR RIO BRANCO;;;;Colisão Lateral;Luz do Dia;Bom;Seca;Cruz;Semáforo;Comercial;0;0;2;0;0;0;0;0;0;0;0;0;-38,531494;-3,736579;;;
251823;30;5;2015;06:20;0;RUA PDE PEDRO DE ALENCAR;;;126;;Colisão Traseira;Luz do Dia;;Seca;Meio de Quadra;Outros;Comercial;0;0;2;0;1;0;0;0;0;1;0;0;-38,493607;-3,828718;;;
251837;30;5;2015;12:15;1445;RUA VICENTE LEITE;RUA DES LEITE ALBUQUERQUE;;;;Colisão Transversal;Luz do Dia;Bom;Seca;Cruz;Pare;Escola;0;0;2;1;0;0;0;0;0;0;0;0;-38,495734;-3,738178;;;
251833;30;5;2015;17:40;15007;RUA HOLANDA;RUA OTAVIO FILOMENO;;;;Colisão Transversal;Mal Iluminada;Bom;Seca;Duplo T;Não Há Controle;Residencial;0;0;2;1;0;0;0;0;0;0;0;0;-38,565945;-3,793048;;;
251839;30;5;2015;07:00;5318;RUA PDE IBIAPINA;RUA GAL CLARINDO DE QUEIROZ;;;;Atropelamento;Luz do Dia;Bom;Seca;Cruz;Pare;Comercial;0;1;1;0;1;0;0;0;0;0;0;0;-38,540084;-3,729518;;;
251848;30;5;2015;07:30;0;RUA CASTRO E SILVA;;;505;;Choque c/ Obstáculo Fixo;Luz do Dia;Bom;Seca;Meio de Quadra;;;0;0;2;1;0;0;0;0;0;0;0;0;-38,529747;-3,723070;;;
251849;30;5;2015;13:00;0;RUA JULIO ABREU;;;250;;Colisão Traseira;Luz do Dia;Bom;Seca;Meio de Quadra;Semáforo;Comercial;0;0;2;1;0;0;0;0;0;0;0;0;-38,486682;-3,735894;;;
251846;30;5;2015;11:30;25447;RUA HOLANDA;RUA FRANCISCO GLICERIO;;;;Colisão Transversal;Luz do Dia;Bom;Seca;T;Não Há Controle;Comercial;0;0;2;1;0;0;0;0;0;0;0;0;-38,562214;-3,798266;;;
251841;30;5;2015;08:00;0;AV CARNEIRO DE MENDONCA;;;436;;Colisão Transversal;Luz do Dia;Bom;Seca;Meio de Quadra;Não Há Controle;Comercial;0;1;1;1;0;0;0;0;0;1;0;0;-38,563080;-3,765860;;;
251842;30;5;2015;06:40;22176;AV ENG HUMBERTO MONTE;AV JOSE BASTOS;;;;Colisão Traseira;Luz do Dia;Nublado;Seca;T;Semáforo;Residencial;0;0;1;1;0;0;0;0;0;0;0;0;-38,555455;-3,754966;;;
251844;30;5;2015;12:30;0;AV ROGACIANO LEITE;;;2160;;Colisão Traseira;Luz do Dia;Bom;Seca;Meio de Quadra;Não Há Controle;Residencial;0;1;1;1;0;0;0;0;0;1;0;0;-38,499111;-3,773825;;;
251851;30;5;2015;15:50;5352;AV DOM MANUEL;RUA PINTO MADEIRA;;;;Colisão Traseira;Luz do Dia;Bom;Seca;Cruz;Semáforo;Residencial;0;0;2;1;0;0;0;0;0;0;0;0;-38,521957;-3,730964;;;
251874;31;5;2015;13:00;15374;AV DOM LUIS;RUA FREDERICO BORGES;;;;Colisão Lateral;Luz do Dia;Bom;Seca;Cruz;Semáforo;Comercial;0;0;2;1;0;0;0;0;0;0;0;0;-38,489136;-3,735890;;;
251859;31;5;2015;20:30;0;RUA MUCAMBINHO (MESSEJANA);;;400;;Colisão Traseira;Anoitecer;Bom;Seca;Meio de Quadra;Não Há Controle;Residencial;0;0;2;1;0;0;0;0;0;0;0;0;-38,507214;-3,830300;;;