COD_ACIDENTE;DIA;MES;ANO;HORA;INTERSECAO;LOG1;LOG2;LOG3;NUMERO;REFERENCIA;NATUREZA;ILUMINACAO;TEMPO;SUPERFICIEPISTA;TIPOCRUZAMENTO;CONTROLETRAFEGO;USOSOLO;MORTOS;FERIDOS;ILESOS;AUTOMOVEL;ONIBUS;BICICLETA;CAMINHAO;MICROONIBUS;CICLOMOTOR;MOTOCICLETA;TRACAOANIMAL;TREM;LONG;LAT;;;
251860;31;5;2015;21:00;5328;AV DUQ CAXIAS;AV TRISTAO GONCALVES;;;;Choque c/ Obstáculo Fixo;Via Iluminada;Bom;Seca;Cruz;Semáforo;Comercial;0;0;1;1;0;0;0;0;0;0;0;0;-38,534196;-3,730400;;;
251861;31;5;2015;10:00;0;AV PDE ANTONIO TOMAS;;;515;;Colisão Traseira;Luz do Dia;Bom;Seca;Meio de Quadra;Não Há Controle;Lazer;0;0;2;1;0;0;0;0;0;0;0;0;-38,484188;-3,744339;;;
251862;31;5;2015;15:00;5490;AV AGUANAMBI;RUA ANTONIO POMPEU;;;;Colisão Transversal;Luz do Dia;Bom;Seca;Cruz;Semáforo;Comercial;0;0;3;1;1;0;0;0;0;0;0;0;-38,523967;-3,736873;;;
251863;31;5;2015;07:30;22849;RUA DR JUSTA ARAUJO D45;RUA CON LIMA SUCUPIRA;;;;Colisão Transversal;Luz do Dia;Bom;Seca;Cruz;Pare;Residencial;0;0;2;1;0;0;0;0;0;0;0;0;-38,550832;-3,778167;;;
251864;31;5;2015;10:00;0;AV GODOFREDO MACIEL;;;4300;;Colisão Lateral;Luz do Dia;Bom;Seca;Meio de Quadra;Não Há Controle;Comercial;0;0;2;1;0;0;0;0;0;0;0;0;-38,575023;-3,812544;;;
251865;31;5;2015;11:30;12758;RUA JULIO CESAR D12;RUA DELMIRO FARIAS;;;;Colisão Transversal;Luz do Dia;Bom;Seca;Cruz;Pare;Residencial;0;1;2;1;0;0;0;0;1;0;0;0;-38,545070;-3,752508;;;
251866;31;5;2015;15:55;15190;AV ABOLICAO;RUA JOAQUIM NABUCO;;;;Engavetamento;Luz do Dia;Bom;Seca;Cruz;Semáforo;Residencial;0;0;4;1;0;0;0;0;0;0;0;0;-38,498436;-3,726373;;;
251867;31;5;2015;13:00;0;AV GODOFREDO MACIEL;;;2939;;Colisão Lateral;Luz do Dia;Bom;Seca;Meio de Quadra;Semáforo;Comercial;0;1;1;0;0;0;0;0;0;1;0;0;-38,571468;-3,801428;;;
251868;31;5;2015;15:00;17277;AV PRO GOMES DE MATOS;RUA SATIRO DIAS;;;;Colisão Transversal;Luz do Dia;Bom;Seca;Cruz;Semáforo;Comercial;0;1;1;1;0;0;0;0;0;1;0;0;-38,546868;-3,762623;;;
251869;31;5;2015;11:30;0;AV SANTOS DUMONT;;;7800;;Engavetamento;Luz do Dia;Bom;Seca;Meio de Quadra;Não Há Controle;Misto;0;0;3;1;0;0;0;0;0;0;0;0;-38,462283;-3,747888;;;
251870;31;5;2015;19:00;15197;RUA DEP MOREIRA DA ROCHA;RUA ANTONIO AUGUSTO;;;;Colisão Lateral;Via Iluminada;Bom;Seca;;;Residencial;0;0;2;1;0;0;0;0;0;0;0;0;-38,512260;-3,726544;;;
251871;31;5;2015;06:45;13473;RUA ANTONIO AUGUSTO;RUA PINHO PESSOA;;;;Colisão Transversal;Anoitecer;Bom;Seca;Cruz;Pare;Residencial;0;1;1;1;0;0;0;0;0;0;0;0;-38,518112;-3,744442;;;
251886;31;5;2015;22:00;0;AV GAL OSORIO DE PAIVA;;;;;Colisão Lateral;Via Iluminada;Nublado;Molhada;Meio de Quadra;Não Há Controle;Comercial;0;2;1;1;0;0;0;0;0;1;0;0;;;;;
258968;31;5;2015;22:00;0;RD BR 222;;;;KM-02;Colisão Traseira;Via Iluminada;Bom;Seca;Meio de Quadra;Não Há Controle;Comercial;0;0;2;1;0;0;0;0;0;0;0;0;-38,586880;-3,738951;;;
262909;31;5;2015;07:04;5343;AV BEZERRA DE MENEZES;RUA PDE IBIAPINA;;;;Atropelamento;Luz do Dia;;;Cruz;Semáforo;Comercial;0;1;1;0;1;0;0;0;0;0;0;0;-38,539973;-3,730548;;;
262910;31;5;2015;08:16;0;RUA CON DE CASTRO;;;;;Queda;Luz do Dia;;;Meio de Quadra;;;0;1;0;0;0;0;0;0;0;1;0;0;;;;;
262911;31;5;2015;08:18;0;AV AUGUSTO DOS ANJOS;;;;;Colisão;Luz do Dia;;;Meio de Quadra;;;0;1;0;0;0;0;0;0;0;1;0;0;-38,573460;-3,773757;;;
262955;31;5;2015;21:18;0;AV GAL OSORIO DE PAIVA;;;;;Colisão;;;;Meio de Quadra;;;0;1;1;1;0;0;0;0;0;1;0;0;;;;;
262956;31;5;2015;22:06;0;RUA GUILHERME PESSOA;;;;;Queda;;;;Meio de Quadra;;;0;1;0;0;0;0;0;0;0;1;0;0;-38,486581;-3,827273;;;
262913;31;5;2015;09:34;15302;RUA PEREIRA FILGUEIRAS;RUA MON BRUNO;;;;Colisão;Luz do Dia;;;;Pare;Residencial;0;1;1;1;0;0;0;0;0;1;0;0;-38,508580;-3,729763;;;
262916;31;5;2015;10:50;0;RUA URUCUTUBA;;;2070;;Colisão;Luz do Dia;;;Meio de Quadra;;;0;1;0;0;0;0;0;0;0;0;0;0;-38,615390;-3,798641;;;
262920;31;5;2015;15:05;0;AV JOSE BASTOS;;;;;Queda;Luz do Dia;;;Meio de Quadra;;;0;0;1;0;0;0;0;0;0;1;0;0;;;;;
262918;31;5;2015;14:53;12925;AV AGUANAMBI;AV ANTONIO SALES;;;;Colisão;Luz do Dia;;;;;;0;1;0;1;1;0;0;0;0;0;0;0;-38,524628;-3,738683;;;
262934;31;5;2015;15:31;0;RUA DIAMANTINA;;;;;Atropelamento;Luz do Dia;;;Meio de Quadra;;;0;1;1;0;0;0;0;0;0;1;0;0;-38,569290;-3,763985;;;
262936;31;5;2015;15:47;4875;RUA CON DE CASTRO;RUA JARDIM FLUMINENSE;;;;Queda;Luz do Dia;;;T;Semáforo;Residencial;0;1;0;0;0;0;0;0;0;1;0;0;-38,597948;-3,812831;;;
262939;31;5;2015;17:49;0;AV I CJ CEARA;;;;;Queda;Anoitecer;;;Meio de Quadra;;;0;1;0;0;0;0;0;0;0;1;0;0;;;;;
262948;31;5;2015;17:56;0;AV JOAO PESSOA;;;;;Queda;Anoitecer;;;Meio de Quadra;;;0;1;0;0;0;0;0;0;0;1;0;0;;;;;
262949;31;5;2015;19:02;0;AV GOV RAUL BARBOSA;;;;;Queda;;;;Meio de Quadra;;;0;1;0;0;0;0;0;0;0;1;0;0;;;;;
262951;31;5;2015;20:10;0;AV ISABEL BEZERRA;;;;;Colisão;;;;Meio de Quadra;;;0;1;0;0;0;0;0;0;0;0;0;0;;;;;
262953;31;5;2015;20:59;0;AV SEN FERNANDES TAVORA;;;;;Colisão;;;;Meio de Quadra;;;0;1;0;0;0;0;0;0;0;1;0;0;;;;;
252407;31;5;2015;17:10;20968;RUA AMERICO FACO;RUA PLANALTO DO PICI;;;;Colisão Lateral;Via Iluminada;Bom;;Cruz;Não Há Controle;;0;0;2;1;0;0;0;0;0;0;0;0;;;;;
252409;31;5;2015;14:30;21894;RUA DEP MATOSO FILHO;RUA XXIX CIDADE OESTE;;;;Colisão Lateral;Luz do Dia;Bom;Seca;Cruz;Pare;Residencial;0;1;1;0;0;0;0;0;0;1;0;0;-38,594094;-3,733880;;;
252411;31;5;2015;17:30;20269;AV PRS JUSCELINO KUBITSCHEK (PASSARÉ);RUA ELDORADO;;;;Colisão Transversal;Via Iluminada;Bom;Seca;Cruz;Semáforo;Comercial;0;1;2;1;0;0;0;0;0;1;0;0;-38,531633;-3,816307;;;
273353;31;5;2015;18:45;0;AV MR HULL;;;4442;TERMINAL ANTONIO BEZERRA;Atropelamento;;;;Meio de Quadra;;;1;0;1;1;0;0;0;0;0;0;0;0;-38,584585;-3,738616;;;
272358;31;5;2015;10:08;0;RUA TEN BENEVOLO;;;284;;Colisão;Luz do Dia;;;Meio de Quadra;;;0;0;2;0;0;0;0;0;0;0;0;0;-38,518613;-3,724932;;;
272359;31;5;2015;11:06;0;RUA PIERRE LUZ;;;;;Colisão;Luz do Dia;;;Meio de Quadra;;;0;0;2;0;0;0;0;0;0;0;0;0;;;;;
272352;31;5;2015;07:13;13390;RUA ILDEFONSO ALBANO;RUA JOAO BRIGIDO;;;;Colisão;Luz do Dia;;;Cruz;Semáforo;Comercial;0;0;2;0;0;0;0;0;0;0;0;0;-38,515750;-3,740605;;;
272354;31;5;2015;07:38;0;AV JANGADEIROS (MUCURIPE);;;960;;Colisão;Luz do Dia;;;Meio de Quadra;;;0;0;2;0;0;0;0;0;0;0;0;0;-38,478750;-3,725905;;;
272363;31;5;2015;11:27;3302;AV GAL OSORIO DE PAIVA;RUA LUIS VIEIRA;;;;Colisão;Luz do Dia;;;Cruz;Semáforo Intermitente;Comercial;0;0;2;0;0;0;0;0;0;0;0;0;-38,588616;-3,790879;;;
272364;31;5;2015;13:24;0;RUA CEREJEIRAS;;;1503;;Colisão;Luz do Dia;;;Meio de Quadra;;;0;0;2;0;0;0;0;0;0;0;0;0;;;;;
272365;31;5;2015;14:26;5356;RUA GAL SAMPAIO;AV DUQ CAXIAS;;;;Colisão;Luz do Dia;;;Cruz;Semáforo;Misto;0;0;2;0;0;0;0;0;0;0;0;0;-38,532029;-3,731096;;;
272366;31;5;2015;14:49;0;AV SEN FERNANDES TAVORA;;;1606;;Atropelamento;Luz do Dia;;;Meio de Quadra;;;0;0;2;0;0;0;0;0;0;0;0;0;-38,586902;-3,759654;;;
272368;31;5;2015;14:50;16022;AV BENJAMIM BRASIL;RUA ENG JAIME ROLEMBERG;;;;Colisão;Luz do Dia;;;Outros;Pare;Comercial;0;0;2;0;0;0;0;0;0;0;0;0;-38,565732;-3,805233;;;
272369;31;5;2015;15:01;6976;RUA SETEMBRINA;RUA LAGO DO TANQUE;;;;Colisão;Luz do Dia;;;;;;0;0;2;0;0;0;0;0;0;0;0;0;-38,594977;-3,809021;;;
272370;31;5;2015;15:58;0;RUA CON DE CASTRO;;;7255;;Colisão;Luz do Dia;;;Meio de Quadra;;;0;0;2;0;0;0;0;0;0;0;0;0;-38,600927;-3,817482;;;
272371;31;5;2015;16:07;4615;RUA JOSE ANASTACIO DIAS;RUA CRISANTO M DA ROCHA;;;;Colisão;Luz do Dia;;;Cruz;Pare;Comercial;0;0;2;0;0;0;0;0;0;0;0;0;-38,480432;-3,797667;;;
272334;31;5;2015;00:29;10070;RUA 23 DE JUNHO;RUA DUAS NACOES;;;;Choque c/ Obstáculo Fixo;;;;;;;0;0;1;0;0;0;0;0;0;0;0;0;-38,603759;-3,783144;;;
272336;31;5;2015;01:01;13473;RUA ANTONIO AUGUSTO;RUA PINHO PESSOA;;;;Capotamento;;;;Cruz;Pare;Residencial;0;0;1;0;0;0;0;0;0;0;0;0;-38,518112;-3,744442;;;
272337;31;5;2015;01:09;0;AV LAURO VIEIRA CHAVES;;;870;;Colisão;;;;Meio de Quadra;;;0;0;2;0;0;0;0;0;0;0;0;0;;;;;
272338;31;5;2015;01:10;11630;RUA PRO HERIBALDO COSTA;RUA BOA VISTA;;;;Colisão;;;;Cruz;Pare;Residencial;0;0;2;0;0;0;0;0;0;0;0;0;-38,588035;-3,767974;;;
272340;31;5;2015;01:24;0;RUA CON LIMA SUCUPIRA;;;1695;;Colisão;;;;Meio de Quadra;;;0;0;2;0;0;0;0;0;0;0;0;0;-38,550442;-3,778327;;;
272341;31;5;2015;01:28;0;AV DR SILAS MUNGUBA;;;;;Colisão;;;;Meio de Quadra;;;0;0;2;0;0;0;0;0;0;0;0;0;;;;;
272343;31;5;2015;04:43;16057;AV GODOFREDO MACIEL;AV WENEFRIDO MELO;;;;Colisão;;;;;;;0;0;2;0;0;0;0;0;0;0;0;0;-38,574739;-3,811743;;;
272344;31;5;2015;04:50;0;RUA BERNARDO MANUEL;;;12802;;Colisão;;;;Meio de Quadra;;;0;0;2;0;0;0;0;0;0;0;0;0;;;;;
272346;31;5;2015;04:53;5381;RUA METON DE ALENCAR;AV IMPERADOR;;;;Choque c/ Obstáculo Fixo;;;;Cruz;Semáforo;Comercial;0;0;1;0;0;0;0;0;0;0;0;0;-38,535869;-3,731966;;;
272348;31;5;2015;04:55;0;RUA ALBERTO MAGNO;;;422;;Choque c/ Obstáculo Fixo;;;;Meio de Quadra;;;0;0;1;0;0;0;0;0;0;0;0;0;-38,545174;-3,759383;;;
272349;31;5;2015;06:53;0;RUA JAIME BENEVOLO;;;796;;Choque c/ Obstáculo Fixo;Luz do Dia;;;Meio de Quadra;;;0;0;1;0;0;0;0;0;0;0;0;0;-38,527714;-3,739196;;;
272350;31;5;2015;06:56;24943;AV ALM HENRIQUE SABOIA;AV ABOLICAO;;;;Colisão;Luz do Dia;;;T;Semáforo;Comercial;0;0;2;0;0;0;0;0;0;0;0;0;-38,479798;-3,722615;;;
272361;31;5;2015;11:07;15820;AV JOR THOMAZ COELHO;RUA GRANJA CASTELO;;;;Colisão;Luz do Dia;;;T;Semáforo;Residencial;0;0;2;0;0;0;0;0;0;0;0;0;-38,500218;-3,832383;;;
272373;31;5;2015;16:24;0;AV PRS CASTELO BRANCO;;;;;Colisão;Luz do Dia;;;Meio de Quadra;;;0;0;2;0;0;0;0;0;0;0;0;0;;;;;
272376;31;5;2015;20:31;1927;AV ISABEL BEZERRA;RUA MARIA QUINTINO;;;;Colisão;;;;Cruz;Pare;Residencial;0;0;2;0;0;0;0;0;0;0;0;0;-38,500730;-3,855018;;;
272378;31;5;2015;21:04;0;RUA CON DE CASTRO;;;4500;;Atropelamento;;;;Meio de Quadra;;;0;0;2;0;0;0;0;0;0;0;0;0;-38,591738;-3,804822;;;
272379;31;5;2015;23:53;2479;AV CEL CARVALHO;RUA FLORENCIO ALENCAR;;;;Colisão;;;;Cruz;Não Há Controle;;0;0;2;0;0;0;0;0;0;0;0;0;;;;;
272356;31;5;2015;10:06;0;AV L CJ JOSE WALTER;;;870;;Choque c/ Obstáculo Fixo;Luz do Dia;;;Meio de Quadra;;;0;0;1;0;0;0;0;0;0;0;0;0;-38,557925;-3,832357;;;
262026;1;6;2015;09:45;0;AV DR SILAS MUNGUBA;;;;;Colisão;Luz do Dia;;;Meio de Quadra;;;0;0;2;1;0;0;0;0;0;0;0;0;;;;;
262046;1;6;2015;14:52;0;AV DR SILAS MUNGUBA;;;;;Colisão;Luz do Dia;;;Meio de Quadra;;;0;0;2;1;0;0;1;0;0;0;0;0;;;;;
267561;1;6;2015;10:24;3302;RUA LUIS VIEIRA;AV GAL OSORIO DE PAIVA;;;;Colisão;Luz do Dia;;;Cruz;Semáforo Intermitente;Comercial;0;0;2;0;0;0;0;0;0;0;0;0;-38,588616;-3,790879;;;
267562;1;6;2015;12:42;0;RUA CORREGO DAS FLORES;;;217;;Colisão;Luz do Dia;;;Meio de Quadra;;;0;0;2;0;0;0;0;0;0;0;0;0;;;;;
267563;1;6;2015;16:28;0;AV JOSE BASTOS;;;4800;;Colisão;Luz do Dia;;;Meio de Quadra;;;0;0;2;0;0;0;0;0;0;0;0;0;-38,559153;-3,757181;;;
267566;1;6;2015;16:55;1277;RUA COSTA BARROS;RUA TIBURCIO CAVALCANTE;;;;Colisão;Luz do Dia;;;T;Não Há Controle;Misto;0;0;2;0;0;0;0;0;0;0;0;0;-38,501794;-3,733549;;;
267567;1;6;2015;20:02;0;AV MOZART PINHEIRO DE LUCENA;;;1720;;Colisão;;;;Meio de Quadra;;;0;0;2;0;0;0;0;0;0;0;0;0;-38,595526;-3,717666;;;
267570;1;6;2015;20:29;0;RUA JOSE FACANHA;;;896;;Colisão;;;;Meio de Quadra;;;0;0;2;0;0;0;0;0;0;0;0;0;-38,558934;-3,750620;;;
267571;1;6;2015;22:15;0;RUA PDE ANTONINO;;;331;;Colisão;;;;Meio de Quadra;;;0;0;2;0;0;0;0;0;0;0;0;0;;;;;
259029;1;6;2015;08:00;0;RD BR 222;;;;KM-02;Colisão Lateral;Luz do Dia;Bom;Seca;Meio de Quadra;Não Há Controle;Comercial;0;0;2;1;1;0;0;0;0;0;0;0;-38,586880;-3,738951;;;
259030;1;6;2015;07:40;0;RD BR 222;;;;KM-01;Colisão Traseira;Luz do Dia;Bom;Seca;Meio de Quadra;Não Há Controle;Comercial;0;1;1;1;1;0;0;0;0;0;0;0;-38,577952;-3,737774;;;
259031;1;6;2015;16:35;0;RD BR 222;;;;;Colisão Traseira;Luz do Dia;Bom;Seca;Meio de Quadra;Não Há Controle;Comercial;0;0;2;1;1;0;0;0;0;0;0;0;;;;;
251887;1;6;2015;19:00;0;RUA SAO JOSE D03;;;;;Colisão Lateral;Via Iluminada;Bom;Seca;Meio de Quadra;Outros;Comercial;0;1;1;0;0;0;0;0;0;1;0;0;;;;;
251888;1;6;2015;14:50;1345;RUA LEONARDO MOTA;RUA MARIA TOMASIA;;;;Colisão Lateral;Luz do Dia;Bom;Seca;Cruz;Pare;Comercial;0;0;2;1;0;0;0;0;0;0;0;0;-38,496070;-3,735853;;;
251889;1;6;2015;11:55;9144;RUA JUVENAL DE CARVALHO;RUA CEL PERGENTINO FERREIRA;;;;Colisão Lateral;Luz do Dia;Bom;Seca;Cruz;Pare;Residencial;0;1;1;1;0;0;0;0;0;1;0;0;-38,524903;-3,748779;;;
251890;1;6;2015;07:00;5383;AV DUQ CAXIAS;RUA MAJ FACUNDO;;;;Colisão Lateral;Luz do Dia;Bom;Seca;Cruz;Semáforo;Residencial;0;1;2;1;1;0;0;0;0;1;0;0;-38,529285;-3,731981;;;
251891;1;6;2015;21:00;0;AV SANTOS DUMONT;;;7800;;Colisão Lateral;Via Iluminada;Bom;Seca;Meio de Quadra;Não Há Controle;Comercial;0;1;1;0;0;0;0;0;0;1;0;0;-38,462283;-3,747888;;;
251885;1;6;2015;08:30;12844;AV FELINO BARROSO;RUA JAIME BENEVOLO;;;;Colisão Lateral;Luz do Dia;Bom;Seca;Y;Pare;Comercial;0;0;2;1;0;0;1;0;0;0;0;0;-38,528763;-3,742348;;;
251883;1;6;2015;18:30;0;AV GAL OSORIO DE PAIVA;;;;;Colisão Lateral;Luz do Dia;Bom;Seca;Meio de Quadra;Semáforo;Comercial;0;0;2;1;1;0;0;0;0;0;0;0;;;;;
251897;1;6;2015;20:00;9136;RUA MON OTAVIO CASTRO;RUA BONFIM SOBRINHO;;;;Colisão Lateral;Via Iluminada;Bom;Seca;T;Pare;Residencial;0;0;2;1;0;0;0;0;0;0;0;0;-38,526287;-3,751367;;;
251901;1;6;2015;09:20;6817;RUA FRANCISCO MATOS;RUA BENTO ALBUQUERQUE;;;;Colisão Transversal;Luz do Dia;Bom;Seca;Cruz;Pare;Residencial;0;0;2;1;0;0;0;0;0;0;0;0;-38,470436;-3,747862;;;
251902;1;6;2015;05:50;2669;RUA DAS CARAVELAS;RUA SEN ROBERT KENNEDY;;;;Colisão Traseira;Luz do Dia;Bom;Seca;T;Pare;Residencial;0;1;1;1;0;0;0;0;0;1;0;0;-38,576310;-3,698290;;;
251903;1;6;2015;11:50;25192;AV ALM MAXIMIANO DA FONSECA;RUA EFESIO;;;;Colisão Transversal;Luz do Dia;Bom;Seca;;Não Há Controle;Residencial;0;0;2;1;0;0;1;0;0;0;0;0;-38,487169;-3,770976;;;
251899;1;6;2015;07:00;0;RUA PRO CASTELO BRANCO D08;;;;;Colisão Lateral;Luz do Dia;Bom;Seca;Meio de Quadra;Semáforo;Comercial;0;0;2;1;1;0;0;0;0;0;0;0;;;;;
251907;1;6;2015;14:10;0;RUA MARCOS MACEDO;;;1211;;Colisão Lateral;Luz do Dia;Bom;Seca;Meio de Quadra;Não Há Controle;Comercial;0;0;2;1;0;0;1;0;0;0;0;0;-38,491961;-3,736141;;;
251909;1;6;2015;16:15;0;AV BEZERRA DE MENEZES;;;1000;;Colisão Lateral;Luz do Dia;Bom;Seca;Meio de Quadra;;Comercial;0;0;2;1;0;0;0;0;0;0;0;0;-38,553777;-3,733456;;;
251912;1;6;2015;20:30;20042;AV PRS JUSCELINO KUBITSCHEK (PASSARÉ);AV ALBERTO CRAVEIRO;;;;Colisão;Via Iluminada;Bom;Seca;Cruz;Semáforo;Residencial;0;1;1;1;0;0;0;0;0;1;0;0;-38,524782;-3,807229;;;
251913;1;6;2015;08:20;7508;RUA PEDRO DANTAS;RUA NENEN GONCALVES;;;;Colisão Lateral;Luz do Dia;Bom;Seca;Cruz;Pare;Misto;0;3;0;1;0;0;0;0;0;1;0;0;-38,518947;-3,786437;;;
251875;1;6;2015;14:53;15360;AV DOM LUIS;AV DES MOREIRA;;;;Colisão Lateral;Luz do Dia;Bom;Seca;Rotatória;Não Há Controle;Comercial;0;0;2;1;1;0;0;0;0;0;0;0;-38,497383;-3,733239;;;
251881;1;6;2015;10:20;13507;RUA CEL ALVES TEIXEIRA;RUA DR JOSE LOURENCO;;;;Colisão Lateral;Luz do Dia;Bom;Seca;Cruz;Pare;Residencial;0;0;2;1;0;0;0;0;0;0;0;0;-38,511496;-3,746256;;;
251879;1;6;2015;12:20;0;AV AGUANAMBI;;;1637;;Colisão Traseira;Luz do Dia;Bom;Seca;Meio de Quadra;Semáforo;Comercial;0;2;0;1;0;0;0;0;0;1;0;0;-38,523538;-3,751120;;;
251877;1;6;2015;01:00;10730;AV SEN FERNANDES TAVORA;RUA VITORIA (AV. PERIMETRAL);;;;Colisão Lateral;Via Iluminada;Chuva;Seca;Cruz;Semáforo Intermitente;Comercial;0;0;2;1;0;0;0;0;0;0;0;0;-38,585903;-3,760193;;;
251917;1;6;2015;12:40;9103;AV EDUARDO GIRAO;RUA PAULA RODRIGUES;;;;Choque c/ Obstáculo Fixo;Luz do Dia;Bom;Seca;T;Pare;Residencial;0;0;1;1;0;0;0;0;0;0;0;0;-38,529104;-3,755984;;;
251920;1;6;2015;13:30;1470;RUA BARBARA DE ALENCAR;RUA MON BRUNO;;;;Colisão Transversal;Luz do Dia;Bom;Seca;Cruz;Pare;;0;0;2;0;0;0;0;0;0;0;0;0;-38,511522;-3,738830;;;
251922;1;6;2015;10:30;0;AV SEN FERNANDES TAVORA;;;1335;;Colisão Transversal;Luz do Dia;Bom;Seca;Meio de Quadra;Outros;Comercial;0;0;2;0;1;0;0;0;0;0;0;0;-38,584714;-3,760828;;;
251923;1;6;2015;15:00;11191;AV DR SILAS MUNGUBA;RUA JOSE MENELEU D41;;;;Colisão Frontal;Luz do Dia;Bom;Seca;T;Semáforo;Comercial;0;2;0;0;1;1;0;0;0;0;0;0;-38,558016;-3,780972;;;
251926;1;6;2015;10:20;13492;RUA DR JOSE LOURENCO;RUA PINHO PESSOA;;;;Colisão Transversal;Luz do Dia;Bom;Seca;Cruz;Pare;Residencial;0;0;2;1;0;0;0;0;0;0;0;0;-38,511254;-3,745487;;;
251927;1;6;2015;08:15;0;AV AUGUSTO DOS ANJOS;;;902;;Colisão Lateral;Luz do Dia;Bom;Seca;Meio de Quadra;;Comercial;0;2;0;0;0;0;0;0;0;1;0;0;-38,575233;-3,775714;;;
251928;1;6;2015;07:00;0;AV DR SILAS MUNGUBA;;;;;Colisão Traseira;Luz do Dia;Bom;Seca;Meio de Quadra;Não Há Controle;Comercial;0;0;2;0;0;0;1;0;0;0;0;0;;;;;
251929;1;6;2015;08:30;20042;AV PRS JUSCELINO KUBITSCHEK (PASSARÉ);AV DEP PAULINO ROCHA;;;;Colisão Lateral;Luz do Dia;Bom;Seca;Rotatória;Não Há Controle;Comercial;0;0;2;1;0;0;0;0;0;0;0;0;-38,524782;-3,807229;;;
251934;1;6;2015;09:00;5612;RUA CEL NOGUEIRA PAES;AV CASTANHOLEIRAS;;;;Colisão Lateral;;Bom;Seca;Outros;;Comercial;0;1;1;1;0;0;0;0;0;1;0;0;;;;;
259306;1;6;2015;08:00;0;RD CE-040;;;;KM-05;Colisão;Luz do Dia;;Seca;Meio de Quadra;;;0;0;2;0;0;0;0;0;0;0;0;0;-38,480349;-3,790876;;;
259312;1;6;2015;11:30;0;AV MIN JOSE AMERICO;;;;;Colisão;Luz do Dia;Bom;Seca;Meio de Quadra;;;0;1;1;1;0;0;0;0;0;1;0;0;-38,481365;-3,811544;;;
251939;1;6;2015;18:30;19957;AV LUCIANO CARNEIRO;RUA STA QUITERIA;;;;Colisão Frontal;Anoitecer;Bom;Seca;Cruz;Semáforo;Comercial;0;1;1;1;0;0;0;0;0;1;0;0;-38,535339;-3,760537;;;
251941;1;6;2015;07:00;10765;RUA FLORIANOPOLIS;RUA PRO MIRAMAR DA PONTE;;;;Colisão Transversal;Luz do Dia;Bom;Seca;Cruz;Pare;Residencial;0;2;1;1;0;0;0;0;1;0;0;0;-38,585683;-3,761604;;;
251942;1;6;2015;07:30;0;AV OLIVEIRA PAIVA;;;2400;;Engavetamento;Luz do Dia;Bom;Seca;Meio de Quadra;Não Há Controle;Comercial;0;0;2;1;0;0;0;0;0;0;0;0;-38,484927;-3,796174;;;
251944;1;6;2015;08:40;9287;AV DOS EXPEDICIONARIOS;AV BORGES DE MELO;;;;Colisão Lateral;Luz do Dia;Bom;Seca;Cruz;Semáforo;Misto;0;0;2;1;0;0;1;0;0;0;0;0;-38,537674;-3,753391;;;
251945;1;6;2015;16:30;5213;RUA SENA MADUREIRA;RUA VIS SABOIA;;;;Engavetamento;Luz do Dia;Bom;Seca;Cruz;Semáforo;Comercial;0;2;2;0;1;0;0;0;0;0;0;0;-38,525915;-3,726579;;;
251946;1;6;2015;11:00;5235;RUA PRC ISABEL;RUA PEDRO PEREIRA;;;;Colisão Transversal;Luz do Dia;Bom;Seca;Cruz;Pare;Residencial;0;0;2;1;0;0;0;0;0;0;0;0;-38,535705;-3,727353;;;
251947;1;6;2015;16:45;1445;RUA DES LEITE ALBUQUERQUE;RUA VICENTE LEITE;;;;Colisão Transversal;Via Iluminada;Bom;Seca;Cruz;Pare;Escola;0;0;2;1;0;0;0;0;0;0;0;0;-38,495734;-3,738178;;;
251949;1;6;2015;00:30;3975;RUA ALBERTO MAGNO;RUA PRO COSTA MENDES;;;;Colisão Transversal;Via Iluminada;Bom;Seca;Cruz;Semáforo Intermitente;Residencial;0;1;1;1;0;0;0;0;0;0;0;0;-38,543548;-3,757528;;;
251950;1;6;2015;16:58;5457;RUA ANTONIO POMPEU;RUA ASSUNCAO;;;;Colisão Lateral;Luz do Dia;Bom;Seca;Cruz;Semáforo;Comercial;0;1;1;0;1;0;0;0;0;1;0;0;-38,528927;-3,735329;;;
251951;1;6;2015;18:00;3302;AV GAL OSORIO DE PAIVA;RUA LUIS VIEIRA;;;;Colisão Lateral;Anoitecer;Bom;Seca;Cruz;Semáforo;Comercial;0;0;2;1;0;0;1;0;0;0;0;0;-38,588616;-3,790879;;;
251952;1;6;2015;14:00;0;AV GODOFREDO MACIEL;;;2947;DETRAN;Colisão Transversal;Luz do Dia;Bom;Seca;Meio de Quadra;Semáforo;Comercial;0;1;1;1;0;0;0;0;0;0;0;0;-38,571377;-3,801128;;;
262310;1;6;2015;16:07;5146;RUA GUILHERME ROCHA;RUA PRC ISABEL;;;;Colisão;Luz do Dia;;;Cruz;Pare;Comercial;0;1;1;1;0;0;0;0;0;1;0;0;-38,534931;-3,724720;;;
262311;1;6;2015;16:35;0;AV BEZERRA DE MENEZES;;;944;;Atropelamento;Luz do Dia;;;Meio de Quadra;;;0;1;1;0;0;1;0;0;0;0;0;0;-38,553318;-3,733367;;;
262312;1;6;2015;18:03;0;AV MAE LISBOA;;;;;Colisão;Anoitecer;;;Meio de Quadra;;;0;1;1;1;0;0;0;0;0;1;0;0;;;;;
262313;1;6;2015;18:50;0;RUA VERBENA;;;;;Colisão;;;;Meio de Quadra;;;0;2;0;0;0;0;0;0;0;1;0;0;-38,587966;-3,778306;;;