COD_ACIDENTE;DIA;MES;ANO;HORA;INTERSECAO;LOG1;LOG2;LOG3;NUMERO;REFERENCIA;NATUREZA;ILUMINACAO;TEMPO;SUPERFICIEPISTA;TIPOCRUZAMENTO;CONTROLETRAFEGO;USOSOLO;MORTOS;FERIDOS;ILESOS;AUTOMOVEL;ONIBUS;BICICLETA;CAMINHAO;MICROONIBUS;CICLOMOTOR;MOTOCICLETA;TRACAOANIMAL;TREM;LONG;LAT;;;
262314;1;6;2015;19:58;0;AV PRS COSTA E SILVA;;;;;Colisão;;;;Meio de Quadra;;;0;2;0;0;0;0;0;0;0;1;0;0;;;;;
262300;1;6;2015;00:34;0;RUA ALBERTO MAGNO;;;;;Colisão;;;;Meio de Quadra;;;0;1;1;1;0;0;0;0;0;1;0;0;;;;;
262301;1;6;2015;08:03;0;RUA BAR RIO BRANCO;;;;;Colisão;Luz do Dia;;;Meio de Quadra;;;0;1;1;1;0;0;0;0;0;1;0;0;;;;;
262302;1;6;2015;09:55;0;AV WASHINGTON SOARES;;;;;Colisão;Luz do Dia;;;Meio de Quadra;;;0;1;1;1;0;0;0;0;0;1;0;0;;;;;
262340;2;6;2015;10:37;0;AV GAL OSORIO DE PAIVA;;;;;Colisão;Luz do Dia;;;Meio de Quadra;;;0;1;1;1;0;0;0;0;0;1;0;0;-38,605198;-3,807958;;;
262325;2;6;2015;06:52;0;RD BR 116;;;4000;KM-04;Colisão;Luz do Dia;;;Meio de Quadra;;;0;1;1;1;0;0;0;0;0;0;0;0;-38,510646;-3,788331;;;
262321;2;6;2015;06:42;0;AV ENG HUMBERTO MONTE;;;;;Queda;Luz do Dia;;;Meio de Quadra;;;0;1;0;0;0;0;0;0;0;1;0;0;;;;;
262346;2;6;2015;10:43;0;AV DOS EXPEDICIONARIOS;;;;;Colisão;Luz do Dia;;;Meio de Quadra;;;0;1;1;1;0;0;0;0;0;1;0;0;;;;;
262328;2;6;2015;07:04;0;AV IMPERADOR;;;;;Queda;Luz do Dia;;;Meio de Quadra;;;0;1;0;0;0;0;0;0;0;1;0;0;-38,535773;-3,731633;;;
262329;2;6;2015;07:26;0;RD BR 116;;;;;Colisão;Luz do Dia;;;Meio de Quadra;;;0;1;1;1;0;0;0;0;0;1;0;0;;;;;
262330;2;6;2015;09:23;0;RD BR 116;;;4000;KM-04;Colisão;Luz do Dia;;;Meio de Quadra;;;0;1;1;1;0;0;0;0;0;0;0;0;-38,510646;-3,788331;;;
262348;2;6;2015;11:00;0;RUA BETEL;;;;;Colisão;Luz do Dia;;;Meio de Quadra;;;0;1;1;1;0;0;0;0;0;0;0;0;-38,552561;-3,792079;;;
262349;2;6;2015;11:38;0;AV CASTELO DE CASTRO;;;;;Queda;Luz do Dia;;;Meio de Quadra;;;0;1;0;0;0;0;0;0;0;1;0;0;-38,521661;-3,836013;;;
262350;2;6;2015;12:07;0;RUA RIBEIRO LEITAO;;;;;Queda;Luz do Dia;;;Meio de Quadra;;;0;1;0;0;0;1;0;0;0;0;0;0;-38,576676;-3,761464;;;
262351;2;6;2015;12:08;0;AV DOS EXPEDICIONARIOS;;;;;Colisão;Luz do Dia;;;Meio de Quadra;;;0;1;1;1;0;0;0;0;0;1;0;0;-38,541620;-3,766395;;;
262352;2;6;2015;12:24;0;AV DR SILAS MUNGUBA;;;;NORMATEL;Colisão;Luz do Dia;;;Meio de Quadra;;;0;1;1;1;0;0;0;0;0;1;0;0;;;;;
262353;2;6;2015;13:19;0;AV CONTORNO SUL;;;;;Colisão;Luz do Dia;;;Meio de Quadra;;;0;1;1;1;0;0;0;0;0;1;0;0;-38,515631;-3,835521;;;
262354;2;6;2015;13:27;0;RUA JULIO SILVA;;;;;Atropelamento;Luz do Dia;;;Meio de Quadra;;;0;1;1;1;0;0;0;0;0;0;0;0;;;;;
262355;2;6;2015;14:37;0;AV DEP PAULINO ROCHA;;;;;Colisão;Luz do Dia;;;Meio de Quadra;;;0;2;0;0;0;0;0;0;0;1;0;0;;;;;
262377;2;6;2015;17:17;18806;RUA VALPARAISO;RUA MODESTA;;;;Queda;Anoitecer;;;T;Pare;Comercial;0;1;0;0;0;0;0;0;0;1;0;0;-38,522992;-3,846011;;;
262378;2;6;2015;19:29;1537;AV BAR STUDART;RUA ROCHA LIMA;;;;Atropelamento;;;;Cruz;Pare;Misto;0;1;1;0;1;0;0;0;0;0;0;0;-38,508580;-3,740782;;;
262379;2;6;2015;19:54;0;AV FRANCISCO SA;;;;;Colisão;;;;Meio de Quadra;;;0;1;1;1;0;0;0;0;0;1;0;0;-38,568166;-3,713726;;;
262380;2;6;2015;21:11;0;AV GAL OSORIO DE PAIVA;;;1127;FROTINHA DA PARANGABA;Atropelamento;;;;Meio de Quadra;;;0;1;1;1;0;0;0;0;0;0;0;0;-38,572016;-3,779137;;;
262381;2;6;2015;21:51;0;AV PERIMETRAL;;;;;Queda;;;;Meio de Quadra;;;0;1;0;0;0;0;0;0;0;1;0;0;;;;;
262382;2;6;2015;22:31;7911;AV ANTONIO SALES;RUA OSVALDO CRUZ (ALDEOTA);;;;Atropelamento;;;;Cruz;Semáforo;Residencial;0;1;1;1;0;0;0;0;0;0;0;0;-38,503390;-3,745139;;;
262374;2;6;2015;15:56;3408;RUA DES PRAXEDES;RUA MATOS VASCONCELOS;;;;Colisão;Luz do Dia;;;Cruz;Pare;Residencial;0;1;1;1;0;0;0;0;0;1;0;0;-38,554688;-3,755879;;;
252095;2;6;2015;14:30;0;AV PRO JOSE ARTHUR CARVALHO;;;;;Colisão Traseira;Luz do Dia;Bom;Seca;Meio de Quadra;Não Há Controle;Residencial;0;1;1;1;0;0;0;0;0;0;0;0;;;;;
252096;2;6;2015;18:35;15370;AV DOM LUIS;AV SEN VIRGILIO TAVORA;;;;Colisão Lateral;Via Iluminada;Bom;Seca;Cruz;Semáforo;Comercial;0;0;2;0;1;0;0;0;0;0;0;0;-38,492507;-3,734829;;;
252070;2;6;2015;23:30;17579;RUA PIAUI;RUA ESPIRITO SANTO;;;;Colisão Transversal;Via Iluminada;Bom;Seca;Cruz;Pare;Comercial;0;1;1;0;1;0;0;0;0;1;0;0;-38,566924;-3,750946;;;
252072;2;6;2015;11:20;12097;AV CASTELO DE CASTRO;RUA 305 CJ SAO CRISTOVAO;;;;Colisão Traseira;Luz do Dia;Bom;Seca;Cruz;Pare;Residencial;0;1;1;0;0;0;1;0;0;1;0;0;-38,521668;-3,836195;;;
251953;2;6;2015;20:30;12068;AV CASTELO DE CASTRO;AV MON AMARILIO RODRIGUES;;;;Outros;Via Iluminada;Bom;Seca;Cruz;Semáforo;Misto;0;0;4;1;0;0;0;0;0;0;0;0;-38,521635;-3,835217;;;
251966;2;6;2015;17:50;3788;RUA PDE FRANCISCO PINTO;RUA WALDERY UCHOA;;;;Colisão Transversal;Via Iluminada;Bom;Seca;Cruz;Pare;Residencial;0;0;2;1;0;0;0;0;0;0;0;0;-38,539138;-3,744299;;;
251967;2;6;2015;08:10;1321;RUA VICENTE LEITE;RUA MARCOS MACEDO;;;;Colisão Transversal;Luz do Dia;Bom;Seca;Cruz;Pare;Residencial;0;0;3;1;0;0;0;0;0;0;0;0;-38,494787;-3,735201;;;
251963;2;6;2015;13:50;18993;AV ENG ALBERTO SA;AV DOS JANGADEIROS;;;;Colisão Transversal;Luz do Dia;Bom;Seca;T;Não Há Controle;Residencial;0;0;2;1;0;0;1;0;0;0;0;0;;;;;
251943;2;6;2015;21:45;0;AV PRS COSTA E SILVA;;;;;Queda;Mal Iluminada;Bom;Seca;Meio de Quadra;Outros;Outros;0;1;0;0;0;0;0;0;0;1;0;0;;;;;
251955;2;6;2015;16:37;25119;RUA BAR AQUIRAZ;RUA MIGUEL COUTO;;;;Colisão Transversal;Luz do Dia;Bom;Seca;Cruz;Pare;Residencial;0;2;1;1;0;0;0;0;0;1;0;0;-38,487996;-3,837441;;;
251956;2;6;2015;19:15;735;AV DR THEBERGE;AV TEN LISBOA;;;;Colisão Lateral;Via Iluminada;Bom;Seca;T;Pare;Misto;0;0;2;1;0;0;0;0;0;0;0;0;-38,566942;-3,720711;;;
251957;2;6;2015;15:50;6729;RUA DES WALDETARIO P MOTA;RUA BENTO ALBUQUERQUE;;;;Colisão Transversal;Luz do Dia;Bom;Seca;Cruz;Semáforo;Residencial;0;0;2;1;0;0;0;0;0;1;0;0;-38,484685;-3,743274;;;
252030;2;6;2015;19:15;17400;RUA EDITE BRAGA;RUA BAR SOBRAL;;;;Colisão Transversal;Via Iluminada;Bom;Seca;Cruz;Pare;Residencial;0;0;2;1;0;0;0;0;0;0;0;0;-38,553278;-3,767521;;;
252033;2;6;2015;;6802;AV PDE ANTONIO TOMAS;RUA SEBASTIAO DE ABREU;;;;;;;;;;;0;0;2;1;0;0;1;0;0;0;0;0;-38,479940;-3,746548;;;
252068;2;6;2015;18:30;1445;RUA DES LEITE ALBUQUERQUE;RUA VICENTE LEITE;;;;Colisão Transversal;Via Iluminada;Bom;Seca;Cruz;Pare;Escola;0;0;2;1;0;0;0;0;0;0;0;0;-38,495734;-3,738178;;;
252066;2;6;2015;10:10;0;AV JOSE BASTOS;;;4454;;Colisão Traseira;Luz do Dia;Bom;Seca;Meio de Quadra;Semáforo;Comercial;0;1;1;1;0;0;0;0;0;0;0;0;-38,555968;-3,755498;;;
252056;2;6;2015;08:30;9072;AV PONTES VIEIRA;AV VIS RIO BRANCO;;;;Colisão Lateral;Luz do Dia;Bom;Seca;Cruz;Semáforo;Comercial;0;1;1;1;0;0;0;0;0;1;0;0;-38,520486;-3,753544;;;
252059;2;6;2015;11:00;0;AV ANTONIO SALES;;;1419;;Engavetamento;Luz do Dia;Bom;Seca;Meio de Quadra;Não Há Controle;Comercial;0;0;3;1;0;0;0;0;0;0;0;0;-38,511490;-3,742635;;;
252062;2;6;2015;11:00;1285;AV DOM LUIS;RUA VIS MAUA;;;;Colisão Transversal;Luz do Dia;Bom;Seca;Cruz;Pare;Comercial;0;0;2;1;0;0;0;0;0;0;0;0;-38,498390;-3,732923;;;
252063;2;6;2015;11:40;0;RUA SEN POMPEU;;;2607;;Colisão Traseira;Luz do Dia;Bom;Seca;Meio de Quadra;Não Há Controle;Misto;0;1;1;1;0;0;0;0;0;1;0;0;-38,533965;-3,741253;;;
267138;2;6;2015;02:45;9410;RUA RIO TOCANTINS;RUA CARNAUBAL;;;;Colisão;;;;Cruz;Pare;Residencial;1;0;1;0;0;0;0;0;0;1;0;0;-38,581132;-3,722720;;;
263449;2;6;2015;19:00;17474;AV ABOLICAO;RUA JUVENCIO VASCONCELOS;;;;Colisão;;;;Cruz;Semáforo;Comercial;0;1;0;1;0;0;0;0;0;0;0;0;-38,481815;-3,724048;;;
259316;2;6;2015;08:30;21475;RUA EVARISTO DA VEIGA;AV MIN JOSE AMERICO;;;;Colisão;Luz do Dia;;Seca;;;;0;1;1;1;0;0;0;0;0;1;0;0;-38,494252;-3,810550;;;
251935;2;6;2015;13:00;0;AV SANTOS DUMONT;;;;;Atropelamento;Luz do Dia;Bom;Seca;Meio de Quadra;Não Há Controle;Misto;0;0;2;1;0;0;0;0;0;0;0;0;;;;;
251936;2;6;2015;13:40;15313;RUA ANA BILHAR;RUA VICENTE LEITE;;;;Colisão Transversal;Luz do Dia;Bom;Seca;Cruz;Pare;Residencial;0;0;2;1;0;0;1;0;0;0;0;0;-38,493215;-3,730261;;;
251924;2;6;2015;10:00;15371;AV DOM LUIS;RUA PRO DIAS DA ROCHA;;;;Colisão Transversal;Luz do Dia;Bom;Seca;Cruz;Pare;Comercial;0;0;2;1;0;0;0;0;0;1;0;0;-38,491572;-3,735126;;;
251921;2;6;2015;17:30;1441;AV SANTOS DUMONT;RUA PRO DIAS DA ROCHA;;;;Colisão Lateral;Anoitecer;Bom;Seca;Cruz;Pare;Residencial;0;0;2;1;0;0;0;0;0;0;0;0;-38,492502;-3,738113;;;
251918;2;6;2015;15:00;1574;RUA PDE VALDEVINO;RUA JOSE VILAR;;;;Colisão Traseira;Luz do Dia;Bom;Seca;Cruz;Semáforo;Comercial;0;1;1;0;0;0;0;0;0;1;0;0;-38,506779;-3,742300;;;
251919;2;6;2015;13:20;19805;AV ENG HUMBERTO MONTE;RUA JOSE PONTES;;;;Colisão Frontal;Luz do Dia;Bom;Seca;Cruz;Semáforo;Misto;0;1;1;1;0;0;0;0;0;1;0;0;-38,568553;-3,739413;;;
251938;2;6;2015;18:45;7884;AV ANTONIO SALES;RUA VICENTE LEITE;;;;Colisão Transversal;Anoitecer;Bom;Seca;Cruz;Pare;Residencial;0;1;1;0;0;0;0;0;0;1;0;0;-38,498468;-3,746656;;;
251932;2;6;2015;07:35;5130;RUA CASTRO E SILVA;RUA FLORIANO PEIXOTO;;;;Colisão Transversal;Luz do Dia;Bom;Seca;Cruz;Pare;Comercial;0;0;2;1;0;0;0;0;0;0;0;0;-38,526110;-3,724272;;;
251933;2;6;2015;09:00;1656;RUA BENI DE CARVALHO;RUA PRO DIAS DA ROCHA;;;;Colisão Transversal;Luz do Dia;Bom;Seca;Cruz;Pare;Comercial;0;0;2;1;0;0;0;0;0;0;0;0;-38,495024;-3,745994;;;
251914;2;6;2015;12:30;22083;RUA CAP FRANCISCO PEDRO;RUA DELMIRO FARIAS;;;;Colisão Transversal;Luz do Dia;Bom;Seca;Cruz;Pare;Misto;0;0;2;1;0;0;0;0;0;0;0;0;-38,549818;-3,748223;;;
251915;2;6;2015;15:00;2758;RUA MARIA JULIA;RUA OSCAR FRANCA;;;;Colisão Transversal;Luz do Dia;Bom;Seca;Cruz;Pare;Residencial;0;0;3;1;0;0;0;0;0;0;0;0;-38,599725;-3,791890;;;
251910;2;6;2015;10:30;25858;RUA 1 CJ PEQ MONDUBIM;AV JOAO DE ARAUJO LIMA;;;;Colisão Traseira;Luz do Dia;Bom;Seca;T;Pare;Comercial;0;0;2;1;0;0;0;0;0;0;0;0;;;;;
251905;2;6;2015;18:30;13408;AV ANTONIO SALES;RUA BAR ARACATI;;;;Colisão Lateral;Via Iluminada;Bom;Seca;Cruz;Outros;Comercial;0;0;2;1;0;0;0;0;0;1;0;0;-38,514894;-3,741563;;;
251894;2;6;2015;09:00;0;RUA JOSE HIPOLITO;;;264;;Colisão Lateral;Luz do Dia;Nublado;Seca;Meio de Quadra;Não Há Controle;Misto;0;0;2;1;0;0;0;0;0;1;0;0;-38,492993;-3,832878;;;
251895;2;6;2015;09:00;0;RUA JUSTINIANO DE SERPA;;;344;;Colisão Lateral;Luz do Dia;Bom;Seca;Meio de Quadra;Pare;Misto;0;1;1;1;0;0;0;0;0;1;0;0;-38,542227;-3,734158;;;
251892;2;6;2015;22:00;0;AV AGUANAMBI;;;;;Colisão Traseira;Via Iluminada;Bom;Seca;Meio de Quadra;Semáforo;Comercial;0;0;2;1;1;0;0;0;0;0;0;0;;;;;
258969;2;6;2015;11:10;0;RD BR 116;;;3000;KM-03;Colisão Transversal;Luz do Dia;Bom;Seca;Meio de Quadra;Não Há Controle;Comercial;0;0;2;1;0;0;1;0;0;0;0;0;-38,514372;-3,779838;;;
258970;2;6;2015;07:10;0;RD BR 116;;;3000;KM-03;Colisão Traseira;Luz do Dia;Bom;Seca;Meio de Quadra;Não Há Controle;Comercial;0;1;3;1;1;0;0;0;0;0;0;0;-38,514372;-3,779838;;;
258971;2;6;2015;11:30;0;RD BR 116;;;3000;KM-03;Colisão Traseira;Luz do Dia;Bom;Seca;Meio de Quadra;Não Há Controle;Comercial;0;1;1;1;0;0;0;0;0;1;0;0;-38,514372;-3,779838;;;
258972;2;6;2015;17:45;0;RD BR 116;;;2000;KM-02;Colisão Traseira;Anoitecer;Bom;Seca;Meio de Quadra;Não Há Controle;Comercial;0;2;1;1;0;0;0;0;0;1;0;0;-38,516780;-3,771391;;;
267573;2;6;2015;11:11;0;AV AUGUSTO DOS ANJOS;;;2443;;Colisão;Luz do Dia;;;Meio de Quadra;;;0;0;2;0;0;0;0;0;0;0;0;0;;;;;
267575;2;6;2015;11:12;0;RUA CON DE CASTRO;;;2270;;Colisão;Luz do Dia;;;Meio de Quadra;;;0;0;2;0;0;0;0;0;0;0;0;0;-38,577859;-3,789804;;;
267584;2;6;2015;16:49;15320;RUA ANA BILHAR;RUA CEL LINHARES;;;;Colisão;Luz do Dia;;;Cruz;Pare;Residencial;0;0;2;0;0;0;0;0;0;0;0;0;-38,492228;-3,730568;;;
267580;2;6;2015;11:52;0;RUA TEN TITO BARROS;;;330;;Colisão;Luz do Dia;;;Meio de Quadra;;;0;0;2;0;0;0;0;0;0;0;0;0;-38,511356;-3,797920;;;
267591;2;6;2015;17:10;12404;AV LINEU MACHADO;AV SEN FERNANDES TAVORA;;;;Colisão;Anoitecer;;;Cruz;Não Há Controle;Comercial;0;0;2;0;0;0;0;0;0;0;0;0;-38,576540;-3,765199;;;
267593;2;6;2015;17:17;15254;AV ANTONIO JUSTA;RUA VICENTE LEITE;;;;Colisão;Anoitecer;;;Cruz;Pare;Residencial;0;0;2;0;0;0;0;0;0;0;0;0;-38,492584;-3,728280;;;
267598;2;6;2015;18:02;0;RUA PORTO VELHO;;;135;;Colisão;Anoitecer;;;Meio de Quadra;;;0;0;2;0;0;0;0;0;0;0;0;0;-38,582241;-3,768524;;;
267599;2;6;2015;18:05;0;AV PRS COSTA E SILVA;;;;;Colisão;Anoitecer;;;Meio de Quadra;;;0;0;2;0;0;0;0;0;0;0;0;0;;;;;
267596;2;6;2015;17:42;0;AV DES MOREIRA;;;200;;Colisão;Anoitecer;;;Meio de Quadra;;;0;0;2;0;0;0;0;0;0;0;0;0;-38,495921;-3,728741;;;
267605;2;6;2015;22:41;577;AV FRANCISCO SA;AV DR THEBERGE;;;;Atropelamento;;;;Cruz;Semáforo;Comercial;0;0;2;0;0;0;0;0;0;0;0;0;-38,565016;-3,714822;;;
267607;2;6;2015;22:58;7948;RUA JOAQUIM NABUCO;AV PONTES VIEIRA;;;;Colisão;;;;Cruz;Semáforo Intermitente;Comercial;0;0;2;0;0;0;0;0;0;0;0;0;-38,506628;-3,751917;;;
262081;2;6;2015;21:37;0;AV MAJ ASSIS;;;;;Colisão;;;;Meio de Quadra;;;0;0;2;1;0;0;0;0;0;0;0;0;;;;;
262082;3;6;2015;03:06;0;AV PERIMETRAL;;;;;Colisão;;;;Meio de Quadra;;;0;0;2;0;0;0;1;0;0;0;0;0;;;;;
267608;3;6;2015;10:52;0;AV BEZERRA DE MENEZES;;;1640;;Colisão;Luz do Dia;;;Meio de Quadra;;;0;0;2;0;0;0;0;0;0;0;0;0;-38,559270;-3,734578;;;
267616;3;6;2015;12:34;0;RUA 701 CJ CEARA;;;;;Colisão;Luz do Dia;;;Meio de Quadra;;;0;0;2;0;0;0;0;0;0;0;0;0;;;;;
267617;3;6;2015;13:34;0;LOGRADOURO SEM NOME;;;1700;;Choque c/ Obstáculo Fixo;Luz do Dia;;;Meio de Quadra;;;0;0;1;0;0;0;0;0;0;0;0;0;;;;;
267618;3;6;2015;14:00;0;RUA DA PAZ;;;;;Colisão;Luz do Dia;;;Meio de Quadra;;;0;0;2;0;0;0;0;0;0;0;0;0;;;;;
267619;3;6;2015;16:19;9160;RUA DEP OSWALDO STUDART;RUA GRACILIANO RAMOS;;;;Colisão;Luz do Dia;;;Cruz;Pare;Comercial;0;0;2;0;0;0;0;0;0;0;0;0;-38,529082;-3,754499;;;
267620;3;6;2015;16:38;25769;RUA CORUMBA;AV DR SILAS MUNGUBA;;;;Colisão;Luz do Dia;;;;Gesto;Comercial;0;0;2;0;0;0;0;0;0;0;0;0;-38,530014;-3,801188;;;
267621;3;6;2015;16:44;0;AV DOMINGOS OLIMPIO;;;88;;Colisão;Luz do Dia;;;Meio de Quadra;;;0;0;2;0;0;0;0;0;0;0;0;0;;;;;
267622;3;6;2015;17:26;10131;RUA MIRTES CORDEIRO;RUA VICENTE PINHEIRO;;;;Atropelamento;Anoitecer;;;;;;0;0;2;0;0;0;0;0;0;0;0;0;-38,593947;-3,790584;;;
267623;3;6;2015;17:30;0;AV RUI BARBOSA;;;;;Colisão;Anoitecer;;;Meio de Quadra;;;0;0;2;0;0;0;0;0;0;0;0;0;;;;;
267624;3;6;2015;18:00;0;RUA SEN POMPEU;;;1279;;Colisão;Anoitecer;;;Meio de Quadra;;;0;0;2;0;0;0;0;0;0;0;0;0;-38,530510;-3,729842;;;
267625;3;6;2015;18:18;0;AV PRS COSTA E SILVA;;;5479;;Colisão;Anoitecer;;;Meio de Quadra;;;0;0;2;0;0;0;0;0;0;0;0;0;-38,531405;-3,828541;;;
267748;3;6;2015;18:27;0;AV OLIVEIRA PAIVA;;;;;Colisão;Anoitecer;;;Meio de Quadra;;;0;0;2;0;0;0;0;0;0;0;0;0;;;;;
267749;3;6;2015;18:52;7983;AV JOAO PESSOA;RUA JOAO SORONGO;;;;Colisão;;;;;;;0;0;2;0;0;0;0;0;0;0;0;0;-38,546069;-3,748663;;;
267750;3;6;2015;19:03;0;AV JOVITA FEITOSA;;;2988;;Colisão;;;;Meio de Quadra;;;0;0;2;0;0;0;0;0;0;0;0;0;-38,564398;-3,741478;;;
267751;3;6;2015;19:38;0;RUA BOA VISTA;;;;;Atropelamento;;;;Meio de Quadra;;;0;0;2;0;0;0;0;0;0;0;0;0;;;;;
267753;3;6;2015;20:00;0;RUA VITORIA;;;1321;;Atropelamento;;;;Meio de Quadra;;;0;0;2;0;0;0;0;0;0;0;0;0;;;;;
267755;3;6;2015;20:31;0;RUA EURICO MEDINA;;;718;;Colisão;;;;Meio de Quadra;;;0;0;2;0;0;0;0;0;0;0;0;0;-38,586937;-3,760362;;;
267757;3;6;2015;21:58;0;RUA HOLANDA;;;281;;Colisão;;;;Meio de Quadra;;;0;0;2;0;0;0;0;0;0;0;0;0;;;;;
267758;3;6;2015;22:01;0;RUA 104 CJ PASSARE;;;;;Colisão;;;;Meio de Quadra;;;0;0;2;0;0;0;0;0;0;0;0;0;;;;;
267760;3;6;2015;22:03;0;RUA JUSTINIANO DE SERPA;;;268;;Colisão;;;;Meio de Quadra;;;0;0;2;0;0;0;0;0;0;0;0;0;-38,542370;-3,733483;;;
267761;3;6;2015;22:04;15162;AV BEIRA MAR;RUA TIBURCIO CAVALCANTE;;;;Colisão;;;;T;Pare;Comercial;0;0;2;0;0;0;0;0;0;0;0;0;-38,499109;-3,725126;;;
267762;3;6;2015;22:31;0;RUA MAL DEODORO;;;1407;;Colisão;;;;Meio de Quadra;;;0;0;2;0;0;0;0;0;0;0;0;0;;;;;
267765;3;6;2015;22:31;5098;RUA CASTRO E SILVA;RUA SEN POMPEU;;;;Colisão;;;;Cruz;Semáforo;Comercial;0;0;2;0;0;0;0;0;0;0;0;0;-38,528597;-3,723468;;;
267767;3;6;2015;22:46;0;RUA LONDRINA;;;1845;;Colisão;;;;Meio de Quadra;;;0;0;2;0;0;0;0;0;0;0;0;0;-38,607435;-3,779866;;;
267770;3;6;2015;23:52;0;RUA TIBURCIO CAVALCANTE;;;1876;;Colisão;;;;Meio de Quadra;;;0;0;2;0;0;0;0;0;0;0;0;0;-38,504193;-3,740966;;;
258973;3;6;2015;11:40;0;RD BR 116;;;1000;KM-01;Colisão Traseira;Luz do Dia;Bom;Seca;Meio de Quadra;Não Há Controle;Comercial;0;0;3;1;0;0;0;0;0;0;0;0;-38,518702;-3,762554;;;
259032;3;6;2015;19:45;0;RD BR 222;;;;;Colisão Traseira;Via Iluminada;Bom;Seca;Meio de Quadra;Não Há Controle;Comercial;0;0;4;1;0;0;0;0;0;0;0;0;;;;;
252391;3;6;2015;08:00;8137;RUA 1 GLEBA 5S;RUA BENTO ALBUQUERQUE;;;;Colisão Lateral;Luz do Dia;Bom;Seca;T;Não Há Controle;Comercial;0;0;2;1;0;0;0;0;0;0;0;0;-38,462487;-3,750391;;;
252392;3;6;2015;19:15;0;AV ANTONIO SALES;;;1811;;Colisão Lateral;Via Iluminada;Bom;Seca;Meio de Quadra;Não Há Controle;Residencial;0;0;2;1;1;0;0;0;0;0;0;0;-38,507743;-3,743792;;;
252393;3;6;2015;08:10;0;RUA 5 CJ PEQ MONDUBIM;;;;;Colisão Lateral;Luz do Dia;Bom;Seca;Meio de Quadra;Não Há Controle;Comercial;0;0;2;1;1;0;0;0;0;0;0;0;;;;;
251893;3;6;2015;18:12;0;RUA OSVALDO CRUZ (ALDEOTA);;;2557;;Colisão Lateral;Anoitecer;Bom;Seca;Meio de Quadra;Não Há Controle;Residencial;0;1;1;0;0;0;0;0;0;1;0;0;-38,504291;-3,747908;;;
251896;3;6;2015;11:40;7849;RUA JOSE VILAR;RUA FRANCISCO HOLANDA;;;;Colisão Transversal;Luz do Dia;Bom;Seca;Cruz;Pare;Comercial;0;1;1;1;0;0;0;0;0;1;0;0;-38,508441;-3,747448;;;
251898;3;6;2015;12:35;0;RUA DES JOSE GIL DE CARVALHO;;;144;;Colisão Transversal;Luz do Dia;Bom;Seca;Meio de Quadra;Não Há Controle;Comercial;0;0;2;1;0;0;0;0;0;1;0;0;;;;;
251906;3;6;2015;17:20;5303;AV SANTOS DUMONT;RUA DNA LEOPOLDINA;;;;Colisão Lateral;Via Iluminada;Bom;Seca;Outros;;Comercial;0;0;2;1;1;0;0;0;0;0;0;0;-38,519029;-3,729515;;;
251900;3;6;2015;10:20;0;AV JOAO PESSOA;;;5215;;Engavetamento;Luz do Dia;Bom;Seca;Meio de Quadra;Não Há Controle;Comercial;0;1;3;1;0;0;0;0;0;0;0;0;-38,553678;-3,757141;;;
251904;3;6;2015;19:30;20129;AV DEP PAULINO ROCHA;RUA POMPILIO GOMES;;;;Colisão Lateral;Via Iluminada;Bom;Seca;T;Pare;Comercial;0;0;2;1;0;0;1;0;0;0;0;0;-38,519652;-3,810076;;;
251911;3;6;2015;04:50;0;AV PRS COSTA E SILVA;;;3088;;Atropelamento;Via Iluminada;Chuva;Molhada;Meio de Quadra;Não Há Controle;Comercial;1;1;0;0;0;0;0;0;0;1;0;0;-38,523054;-3,828998;;;
251908;3;6;2015;10:30;0;AV DR THEBERGE;;;1711;;Atropelamento;Luz do Dia;Bom;Seca;Meio de Quadra;Não Há Controle;Comercial;0;1;1;1;0;0;0;0;0;0;0;0;;;;;
251916;3;6;2015;;24982;AV ALM HENRIQUE SABOIA;RUA CAROLINA SUCUPIRA;;;;Colisão Lateral;Luz do Dia;Bom;Seca;;Semáforo;Comercial;0;0;2;1;0;0;1;0;0;0;0;0;-38,490003;-3,744387;;;
251925;3;6;2015;16:20;2523;AV FRANCISCO SA;RUA TULIPA;;;;Colisão Lateral Sentido Oposto;Luz do Dia;Bom;Seca;T;Pare;Comercial;0;1;1;1;0;0;0;0;1;0;0;0;-38,577954;-3,710359;;;
251937;3;6;2015;09:00;12685;AV DA INDEPENDENCIA;AV CEL CARVALHO;;;;Colisão Lateral;Luz do Dia;Bom;Seca;Cruz;Semáforo;Residencial;0;0;2;1;0;0;1;0;0;0;0;0;-38,584952;-3,728711;;;
251930;3;6;2015;10:00;13544;RUA DR JOSE LOURENCO;RUA JULIO SIQUEIRA;;;;Colisão Transversal;Luz do Dia;Bom;Seca;Cruz;Pare;Comercial;0;0;3;1;0;0;0;0;0;0;0;0;-38,512200;-3,748473;;;
263456;3;6;2015;21:20;7277;RUA JOANA SOARES;RUA ELZA  L ALBUQUERQUE;;;;;;;;;;;0;1;0;0;0;0;0;0;0;0;0;0;-38,478273;-3,821261;;;
259321;3;6;2015;12:00;0;RD CE-040;;;;KM-03;Colisão;Luz do Dia;;Seca;Meio de Quadra;;;0;0;2;1;0;0;0;0;0;0;0;0;-38,481014;-3,783185;;;
259324;3;6;2015;15:10;0;RD CE-040;;;;KM-03;Colisão;Luz do Dia;;Seca;Meio de Quadra;;;0;0;2;1;1;0;0;0;0;0;0;0;-38,481014;-3,783185;;;