COD_ACIDENTE;DIA;MES;ANO;HORA;INTERSECAO;LOG1;LOG2;LOG3;NUMERO;REFERENCIA;NATUREZA;ILUMINACAO;TEMPO;SUPERFICIEPISTA;TIPOCRUZAMENTO;CONTROLETRAFEGO;USOSOLO;MORTOS;FERIDOS;ILESOS;AUTOMOVEL;ONIBUS;BICICLETA;CAMINHAO;MICROONIBUS;CICLOMOTOR;MOTOCICLETA;TRACAOANIMAL;TREM;LONG;LAT;;;
259332;3;6;2015;17:46;0;AV MIN JOSE AMERICO;;;;;Colisão;Anoitecer;;Seca;Meio de Quadra;;;0;0;4;1;0;0;0;0;0;0;0;0;;;;;
259330;3;6;2015;17:40;0;RD CE-040;;;;KM-03;Colisão;Anoitecer;;Seca;Meio de Quadra;;;0;0;2;1;0;0;0;0;0;0;0;0;-38,481014;-3,783185;;;
267147;3;6;2015;12:00;0;RUA APUCARANA;;;342;;Colisão;Luz do Dia;;;Meio de Quadra;;;1;0;1;0;0;0;0;0;0;1;0;0;;;;;
252038;3;6;2015;09:40;0;AV ENG HUMBERTO MONTE;;;;;Engavetamento;Luz do Dia;Nublado;Seca;Meio de Quadra;Não Há Controle;Comercial;0;0;3;1;0;0;0;0;0;0;0;0;;;;;
252035;3;6;2015;07:10;0;AV DA UNIVERSIDADE;;;2386;;Choque c/ Obstáculo Fixo;Luz do Dia;Bom;Seca;Meio de Quadra;Não Há Controle;Comercial;0;0;1;0;1;0;0;0;0;0;0;0;-38,536556;-3,738150;;;
252036;3;6;2015;08:00;0;AV SUL SITIO TUNGA;;;;;Choque c/ Obstáculo Fixo;Luz do Dia;Nublado;Outros;Meio de Quadra;Outros;Comercial;0;0;1;1;0;0;0;0;0;0;0;0;;;;;
252031;3;6;2015;17:40;0;RUA DOM JOSE LOURENCO  D27;;;1740;;Colisão Traseira;Via Iluminada;Bom;Seca;Meio de Quadra;Semáforo;Comercial;0;0;2;1;0;0;0;0;0;0;0;0;;;;;
252021;3;6;2015;12:20;17285;RUA JOAO FIRMINO;RUA IRM BAZET;;;;Colisão Traseira;Luz do Dia;Bom;Seca;Cruz;Pare;Residencial;0;0;2;0;0;0;0;0;0;0;0;0;-38,554308;-3,762808;;;
252028;3;6;2015;08:00;0;AV ROGACIANO LEITE;;;2176;;Colisão Traseira;Luz do Dia;Bom;Seca;Meio de Quadra;Não Há Controle;Residencial;0;0;2;1;0;0;0;0;0;0;0;0;-38,499236;-3,774111;;;
252017;3;6;2015;07:30;0;AV GOV RAUL BARBOSA;;;6666;;Colisão Lateral;Luz do Dia;Bom;Seca;Meio de Quadra;Não Há Controle;Comercial;0;0;2;1;1;0;0;0;0;0;0;0;-38,512345;-3,772572;;;
252018;3;6;2015;18:30;15136;AV MON TABOSA;RUA ANTONIO AUGUSTO;;;;Colisão Transversal;Via Iluminada;Bom;Seca;Cruz;Pare;Comercial;0;0;2;1;0;0;0;0;0;0;0;0;-38,511469;-3,724092;;;
252023;3;6;2015;15:20;14967;AV GODOFREDO MACIEL;RUA JULIO ALCIDES;;;;Colisão Transversal;Luz do Dia;Bom;Seca;T;Pare;Residencial;0;0;2;1;0;0;0;0;0;0;0;0;-38,566785;-3,787856;;;
251998;3;6;2015;17:27;8931;RUA JUSTINIANO DE SERPA;RUA ANTONIO POMPEU;;;;Colisão Lateral;Anoitecer;Bom;Seca;T;Pare;Comercial;0;0;2;0;0;0;1;0;0;0;0;0;-38,542672;-3,732034;;;
252001;3;6;2015;18:10;0;RUA MONTE LIBANO;;;560;;Colisão Transversal;Via Iluminada;Bom;Seca;Meio de Quadra;Não Há Controle;Comercial;0;1;1;1;0;0;0;0;0;1;0;0;-38,562256;-3,825127;;;
252002;3;6;2015;22:35;2830;AV GAL OSORIO DE PAIVA;RUA OSCAR FRANCA;;;;Colisão Transversal;Via Iluminada;Bom;Seca;T;Semáforo;Comercial;0;0;2;1;1;0;0;0;0;0;0;0;-38,592113;-3,794473;;;
252004;3;6;2015;14:30;12712;RUA JULIO CESAR D12;RUA MAJ WEYNE;;;;Colisão Lateral;Luz do Dia;Bom;Seca;Cruz;Pare;Residencial;0;0;2;1;0;0;0;0;0;0;0;0;-38,542813;-3,750019;;;
252006;3;6;2015;07:20;0;RUA CAP GUSTAVO;;;3399;;Colisão Traseira;Luz do Dia;Bom;Seca;Meio de Quadra;Pare;Comercial;0;0;2;1;0;0;0;0;0;0;0;0;-38,517537;-3,751045;;;
252008;3;6;2015;10:10;0;RUA PRO RAIMUNDO ARRUDA;;;646;;Colisão Traseira;Luz do Dia;Bom;Seca;Meio de Quadra;Semáforo;Residencial;0;0;2;1;0;0;0;0;0;0;0;0;-38,550935;-3,739031;;;
252012;3;6;2015;13:40;15194;RUA ILDEFONSO ALBANO;RUA DEP MOREIRA DA ROCHA;;;;Colisão Transversal;Luz do Dia;Bom;Seca;Cruz;Pare;Comercial;0;1;1;1;0;0;0;0;0;0;0;0;-38,511072;-3,726480;;;
252014;3;6;2015;08:02;10951;RUA EQUADOR;RUA DOM CARLOTO TAVORA;;;;Colisão Traseira;Luz do Dia;Bom;Seca;Cruz;Pare;Comercial;0;1;2;1;0;0;0;0;0;1;0;0;-38,551645;-3,771500;;;
252015;3;6;2015;08:40;0;AV LUCIANO CARNEIRO;;;840;;Colisão Transversal;Luz do Dia;Bom;Seca;Meio de Quadra;Não Há Controle;Comercial;0;0;2;1;0;0;0;0;0;1;0;0;-38,533792;-3,755371;;;
251958;3;6;2015;19:00;15374;AV DOM LUIS;RUA FREDERICO BORGES;;;;Colisão Transversal;Via Iluminada;Bom;Seca;Cruz;Semáforo;Comercial;0;0;2;1;1;0;0;0;0;0;0;0;-38,489136;-3,735890;;;
251948;3;6;2015;13:30;5371;RUA VINTE E QUATRO DE MAIO;RUA GAL CLARINDO DE QUEIROZ;;;;Colisão Transversal;Luz do Dia;Bom;Seca;Cruz;Pare;Comercial;0;1;2;1;0;0;0;0;0;0;0;0;-38,533532;-3,731621;;;
251964;3;6;2015;21:20;3829;RUA MAL DEODORO;RUA PAULINO NOGUEIRA;;;;Colisão Traseira;Via Iluminada;Bom;Seca;;Pare;Comercial;0;0;2;1;0;0;0;0;0;0;0;0;-38,537199;-3,744452;;;
251985;3;6;2015;07:50;15975;AV GODOFREDO MACIEL;RUA CEL MANUEL ALBANO;;;;Colisão Transversal;Luz do Dia;Bom;Seca;Cruz;Pare;Comercial;0;1;1;1;0;0;0;0;0;1;0;0;-38,572780;-3,805644;;;
251981;3;6;2015;13:10;15152;AV ABOLICAO;AV BAR STUDART;;;;Colisão Traseira;Luz do Dia;Bom;Seca;;Não Há Controle;Comercial;0;0;2;1;0;0;0;0;0;0;0;0;-38,503445;-3,724762;;;
251988;3;6;2015;09:45;0;RUA TIBURCIO CAVALCANTE;;;1656;;Colisão Traseira;Luz do Dia;Bom;Seca;Meio de Quadra;Não Há Controle;Residencial;0;0;2;1;0;0;0;0;0;1;0;0;-38,503591;-3,739109;;;
251991;3;6;2015;09:00;1425;RUA JOAO CARVALHO;AV BAR STUDART;;;;Colisão Traseira;Luz do Dia;Bom;Seca;Cruz;Semáforo;Comercial;0;0;2;1;0;0;0;0;0;0;0;0;-38,507567;-3,737632;;;
251994;3;6;2015;14:45;0;AV PONTES VIEIRA;;;832;;Colisão Traseira;Luz do Dia;Bom;Seca;Meio de Quadra;Não Há Controle;Comercial;0;0;2;1;0;0;0;0;0;0;0;0;-38,513460;-3,752724;;;
251954;3;6;2015;20:00;0;AV BORGES DE MELO;;;2061;;Colisão Lateral;Via Iluminada;Bom;Seca;Meio de Quadra;Outros;Outros;0;1;1;0;0;0;0;1;0;1;0;0;-38,536504;-3,754403;;;
251970;3;6;2015;18:40;0;RUA CANDIDO CASTELO BRANCO;;;;;Engavetamento;Via Iluminada;Bom;Seca;Meio de Quadra;Outros;Comercial;0;0;3;1;0;0;0;0;0;0;0;0;;;;;
251977;3;6;2015;12:00;12883;RUA JOAQUIM MAGALHAES;RUA COS TRISTAO;;;;Colisão Transversal;Luz do Dia;Bom;Seca;Cruz;Pare;Residencial;0;0;2;0;0;0;0;0;0;0;0;0;-38,527096;-3,740231;;;
262384;3;6;2015;02:20;0;AV AUGUSTO DOS ANJOS;;;;;Colisão;;;;Meio de Quadra;;;0;1;1;1;0;0;0;0;0;1;0;0;-38,580388;-3,781573;;;
262385;3;6;2015;04:28;0;AV AUGUSTO DOS ANJOS;;;;;Colisão;;;;Meio de Quadra;;;0;1;1;0;0;0;0;0;0;1;0;0;-38,579460;-3,780508;;;
262386;3;6;2015;05:38;0;RUA COSME JERONIMO;;;;;Queda;Amanhecer;;;Meio de Quadra;;;0;1;0;0;0;0;0;0;0;1;0;0;;;;;
262387;3;6;2015;07:02;0;RUA RAIMUNDO FROTA;;;;;Colisão;Luz do Dia;;;Meio de Quadra;;;0;1;1;0;0;0;0;0;0;0;0;0;-38,586753;-3,714735;;;
262388;3;6;2015;07:56;0;AV ALBERTO CRAVEIRO;;;;;Colisão;Luz do Dia;;;Meio de Quadra;;;0;1;1;1;0;0;0;0;0;1;0;0;;;;;
262389;3;6;2015;09:38;5374;AV DUQ CAXIAS;RUA BAR RIO BRANCO;;;;Colisão;Luz do Dia;;;Cruz;Semáforo;Comercial;0;1;1;1;0;0;0;0;0;1;0;0;-38,529947;-3,731774;;;
262390;3;6;2015;11:17;0;ET DO JATOBA;;;2200;;Atropelamento;Luz do Dia;;;Meio de Quadra;;;1;0;2;1;0;0;0;0;0;0;0;0;;;;;
262368;3;6;2015;20:57;19377;RUA EDUARDO PERDIGAO;RUA GERMANO FRANCK;;;;Colisão;;;;Cruz;Semáforo;Residencial;0;0;2;1;1;0;0;0;0;0;0;0;-38,562542;-3,777704;;;
262414;3;6;2015;19:32;0;AV PERIMETRAL;;;1700;;Atropelamento;;;;Meio de Quadra;;;0;1;1;0;0;0;0;0;0;0;0;0;-38,566942;-3,816852;;;
262416;3;6;2015;19:57;0;AV PRS CASTELO BRANCO;;;;;Colisão;;;;Meio de Quadra;;;0;1;1;1;0;0;0;0;0;1;0;0;;;;;
262417;3;6;2015;21:23;0;AV GAL OSORIO DE PAIVA;;;4500;;Atropelamento;;;;Meio de Quadra;;;0;2;0;0;0;0;0;0;0;1;0;0;-38,595374;-3,797784;;;
262418;3;6;2015;22:23;0;AV CARNEIRO DE MENDONCA;;;509;;Colisão;;;;Meio de Quadra;;;0;1;1;1;0;0;0;0;0;1;0;0;-38,564271;-3,765361;;;
262410;3;6;2015;19:07;0;AV FRANCISCO SA;;;;;Atropelamento;;;;Meio de Quadra;;;0;1;1;0;0;0;0;0;0;1;0;0;-38,561387;-3,716049;;;
262411;3;6;2015;19:26;0;AV DOS EXPEDICIONARIOS;;;4495;;Atropelamento;;;;Meio de Quadra;;;0;1;1;0;1;0;0;0;0;0;0;0;-38,538987;-3,757645;;;
262403;3;6;2015;17:32;0;RUA TIBURCIO RODRIGUES;;;;;Queda;Anoitecer;;;Meio de Quadra;;;0;1;0;0;0;0;0;0;0;1;0;0;-38,516803;-3,758586;;;
262400;3;6;2015;16:24;0;AV PRO JOSE ARTHUR CARVALHO;;;;;Queda;Luz do Dia;;;Meio de Quadra;;;0;1;0;0;0;0;0;0;0;1;0;0;;;;;
262396;3;6;2015;12:34;2628;RUA TULIPA;RUA LARA;;;;Colisão;Luz do Dia;;;Cruz;Pare;Comercial;0;1;1;0;0;0;1;0;0;1;0;0;-38,579471;-3,714268;;;
262303;3;6;2015;20:00;0;AV GODOFREDO MACIEL;;;;;Colisão;;;;Meio de Quadra;;;0;0;2;1;0;0;0;0;0;0;0;0;;;;;
262419;4;6;2015;06:56;0;AV WASHINGTON SOARES;;;;;Queda;Luz do Dia;;;Meio de Quadra;;;0;1;0;0;0;0;0;0;0;1;0;0;-38,482002;-3,771639;;;
262420;4;6;2015;10:49;0;RUA JOSE CARLOS GURGEL NOGUEIRA;;;;;Queda;Luz do Dia;;;Meio de Quadra;;;0;1;0;0;0;0;0;0;0;1;0;0;-38,473567;-3,732467;;;
262422;4;6;2015;12:52;0;AV PRS CASTELO BRANCO;;;;;Atropelamento;Luz do Dia;;;Meio de Quadra;;;0;1;0;0;0;0;0;0;0;1;0;0;;;;;
262423;4;6;2015;16:14;0;AV MAE LISBOA;;;;;Queda;Luz do Dia;;;Meio de Quadra;;;0;1;0;0;0;0;0;0;0;1;0;0;-38,465029;-3,807946;;;
262424;4;6;2015;17:03;0;AV FRANCISCO SA;;;;;Colisão;Anoitecer;;;Meio de Quadra;;;0;1;1;0;0;0;0;0;0;0;0;0;-38,573192;-3,712014;;;
262425;4;6;2015;18:00;0;AV PRO JOSE ARTHUR CARVALHO;;;;;Queda;Anoitecer;;;Meio de Quadra;;;0;0;1;0;0;0;0;0;0;1;0;0;;;;;
262426;4;6;2015;19:13;0;RUA ALBERTO TORRES;;;11;;Atropelamento;;;;Meio de Quadra;;;0;1;1;1;0;0;0;0;0;0;0;0;-38,498166;-3,816004;;;
262427;4;6;2015;19:15;0;AV CEL CARVALHO;;;;;Queda;;;;Meio de Quadra;;;0;1;0;0;0;0;0;0;0;1;0;0;-38,591521;-3,703579;;;
262428;4;6;2015;20:07;0;RUA URUCUTUBA;;;1550;;Colisão;;;;Meio de Quadra;;;0;1;1;1;0;0;0;0;0;1;0;0;-38,608863;-3,797673;;;
262429;4;6;2015;22:13;0;AV ENG HUMBERTO MONTE;;;;;Queda;;;;Meio de Quadra;;;0;1;0;0;0;0;0;0;0;1;0;0;;;;;
262373;4;6;2015;08:37;7957;AV PONTES VIEIRA;AV BAR STUDART;;;;Colisão;Luz do Dia;;;T;Semáforo Intermitente;Comercial;0;0;2;0;1;0;0;0;0;0;0;0;-38,512361;-3,752590;;;
262383;4;6;2015;18:00;0;AV JOVITA FEITOSA;;;;;Colisão;Anoitecer;;;Meio de Quadra;;;0;0;2;1;1;0;0;0;0;0;0;0;;;;;
251978;4;6;2015;13:00;0;RUA VASCO DA GAMA;;;233;;Colisão;Via Iluminada;Nublado;Seca;Meio de Quadra;;Residencial;0;1;1;1;0;1;0;0;0;0;0;0;-38,552333;-3,759349;;;
251979;4;6;2015;11:50;9020;RUA SALDANHA MARINHO;RUA JAIME BENEVOLO;;;;Colisão Transversal;Luz do Dia;Bom;Seca;Cruz;Semáforo;Residencial;0;1;1;1;0;0;0;0;0;1;0;0;-38,528994;-3,743046;;;
251980;4;6;2015;08:00;0;AV BEZERRA DE MENEZES;;;1819;;Colisão Traseira;Luz do Dia;Bom;Seca;Meio de Quadra;Não Há Controle;Comercial;0;1;1;1;0;0;0;0;0;1;0;0;-38,561839;-3,735122;;;
251971;4;6;2015;07:00;0;RUA AMADEU FURTADO;;;440;;Choque c/ Obstáculo Fixo;Luz do Dia;Nublado;Seca;Meio de Quadra;Outros;Residencial;0;0;1;0;0;0;0;0;0;0;0;0;-38,563292;-3,739345;;;
251972;4;6;2015;12:00;1654;AV SEN VIRGILIO TAVORA;RUA BENI DE CARVALHO;;;;Colisão Lateral;Luz do Dia;Nublado;Seca;Cruz;Semáforo Intermitente;Comercial;0;1;1;1;0;0;0;0;0;1;0;0;-38,500877;-3,744098;;;
251973;4;6;2015;15:00;12699;AV CEL CARVALHO;AV MAJ ASSIS;;;;Colisão Lateral;Luz do Dia;Bom;Seca;Cruz;Semáforo;Residencial;0;0;2;1;1;0;0;0;0;0;0;0;-38,586255;-3,723796;;;
251974;4;6;2015;04:40;0;AV CARNEIRO DE MENDONCA;;;413;;Choque c/ Obstáculo Fixo;Amanhecer;Chuva;Seca;Meio de Quadra;Não Há Controle;Misto;0;1;0;1;0;0;0;0;0;0;0;0;-38,563085;-3,765858;;;
251975;4;6;2015;10:15;9108;RUA BARTOLOMEU DE GUSMAO;RUA FRANCOIS T MENEZES;;;;Colisão Lateral;Luz do Dia;Bom;Molhada;Cruz;Gesto;Residencial;0;0;2;1;1;0;0;0;0;0;0;0;-38,526108;-3,757998;;;
251976;4;6;2015;15:10;23436;RUA MON SALAZAR;RUA CAP GUSTAVO;;;;Colisão Transversal;Luz do Dia;Bom;Seca;Cruz;Pare;Residencial;0;0;2;1;0;0;0;0;0;0;0;0;-38,516507;-3,756364;;;
251968;4;6;2015;16:40;5356;AV DUQ CAXIAS;RUA GAL SAMPAIO;;;;Colisão Transversal;Luz do Dia;Bom;Seca;Cruz;Semáforo;Comercial;0;1;1;1;0;0;0;0;0;1;0;0;-38,532029;-3,731096;;;
251969;4;6;2015;14:50;6749;RUA BATISTA DE OLIVEIRA;RUA DR GILBERTO STUDART;;;;Colisão Transversal;Luz do Dia;Bom;Seca;Cruz;Pare;Residencial;0;0;2;1;0;0;1;0;0;0;0;0;-38,480581;-3,743734;;;
251982;4;6;2015;08:30;15277;AV ANTONIO JUSTA;AV SEN VIRGILIO TAVORA;;;;Colisão Traseira;Luz do Dia;Chuva;Molhada;;Semáforo;Residencial;0;0;2;1;0;0;0;0;0;0;0;0;-38,490692;-3,728875;;;
251983;4;6;2015;21:00;26206;RUA VASCO DE ATAIDE;RUA CEL ERNESTO MATOS;;;;Colisão Frontal;Via Iluminada;Nublado;Seca;;;;0;1;1;1;0;0;0;0;0;1;0;0;;;;;
251984;4;6;2015;11:15;13537;AV SORIANO ALBUQUERQUE;RUA CAP GUSTAVO;;;;Colisão Transversal;Luz do Dia;Chuva;Molhada;Cruz;Semáforo;Comercial;0;0;2;1;0;0;0;0;0;0;0;0;-38,518063;-3,748124;;;
251986;4;6;2015;04:20;0;AV CARAPINIMA;;;;;Choque c/ Obstáculo Fixo;Luz do Dia;Chuva;Seca;Outros;Outros;Misto;0;0;1;0;0;0;1;0;0;0;0;0;;;;;
251965;4;6;2015;11:00;2955;RUA MARIA JULIA;RUA SAO FRANCISCO D21;;;;Colisão Lateral;;Nublado;Seca;Cruz;Pare;Comercial;0;0;3;1;0;0;0;0;0;0;0;0;-38,601633;-3,798608;;;
251959;4;6;2015;02:00;0;AV 13 DE MAIO;;;1025;;Colisão Traseira;Anoitecer;Chuva;Molhada;Meio de Quadra;Não Há Controle;Comercial;0;0;4;1;0;0;0;0;0;0;0;0;-38,528411;-3,750109;;;
251960;4;6;2015;18:30;0;RUA JOSE HIPOLITO;;;1093;;Colisão Transversal;;Nublado;Seca;Meio de Quadra;Não Há Controle;;0;0;2;1;0;0;0;0;0;1;0;0;-38,486381;-3,835587;;;
251961;4;6;2015;14:00;18049;AV DIOGUINHO;RUA DR ELIZEU HOLANDA;;;;Colisão Transversal;Luz do Dia;Bom;Seca;T;Pare;Comercial;0;1;1;1;0;0;0;0;0;1;0;0;-38,456756;-3,735343;;;
251962;4;6;2015;20:40;17342;AV PRO GOMES DE MATOS;RUA ALAN KARDEC;;;;Colisão Transversal;Via Iluminada;Bom;Seca;Cruz;Semáforo;Comercial;0;1;1;1;0;0;0;0;0;0;0;0;-38,549213;-3,765321;;;
252037;4;6;2015;23:06;24969;AV PDE ANTONIO TOMAS;AV ALM HENRIQUE SABOIA;;;;Colisão Transversal;Via Iluminada;Nublado;Seca;Cruz;Semáforo;Misto;0;1;1;1;0;0;0;0;0;1;0;0;-38,489455;-3,743493;;;
259333;4;6;2015;17:20;0;RD CE-025;;;;KM-03;Colisão;Via Iluminada;;Seca;Meio de Quadra;;;0;0;2;1;0;0;0;0;0;1;0;0;-38,446791;-3,805236;;;
259336;4;6;2015;16:00;0;RD CE-025;;;;KM-02;Colisão;Luz do Dia;;Seca;Meio de Quadra;;;0;1;1;1;0;0;0;0;0;1;0;0;-38,460957;-3,807584;;;
267778;4;6;2015;00:23;25517;RUA DES WALDETARIO P MOTA;AV PDE ANTONIO TOMAS;;;;Colisão;;;;Cruz;Semáforo;Residencial;0;0;2;0;0;0;0;0;0;0;0;0;;;;;
267779;4;6;2015;03:22;391;RUA PRO VIRGILIO DE MORAIS;AV LIBERDADE;;;;Colisão;;;;Cruz;Pare;Residencial;0;0;2;0;0;0;0;0;0;0;0;0;-38,596325;-3,749531;;;
267780;4;6;2015;03:25;3233;RUA EMILIO DE MENESES;RUA ARACA;;;;Colisão;;;;Cruz;Pare;Comercial;0;0;2;0;0;0;0;0;0;0;0;0;-38,584038;-3,782708;;;
267785;4;6;2015;03:31;0;RUA PESSOA ANTA;;;142;;Choque c/ Obstáculo Fixo;;;;Meio de Quadra;;;0;0;1;0;0;0;0;0;0;0;0;0;-38,521649;-3,721062;;;
267786;4;6;2015;09:59;14665;RUA PDE JANUARIO CAMPOS;RUA DES AVELAR;;;;Colisão;Luz do Dia;;;Cruz;Pare;Residencial;0;0;2;0;0;0;0;0;0;0;0;0;-38,489472;-3,794498;;;
267787;4;6;2015;12:16;0;RUA JOSE CAETANO;;;;;Choque c/ Obstáculo Fixo;Luz do Dia;;;Meio de Quadra;;;0;0;1;0;0;0;0;0;0;0;0;0;;;;;
267789;4;6;2015;18:13;0;AV RECREIO D64;;;;;Atropelamento;Anoitecer;;;Meio de Quadra;;;0;0;2;0;0;0;0;0;0;0;0;0;;;;;
267791;4;6;2015;18:19;0;RUA POE MARIO LINHARES (J.WALTER);;;158;;Atropelamento;Anoitecer;;;Meio de Quadra;;;0;0;2;0;0;0;0;0;0;0;0;0;;;;;
267792;4;6;2015;19:24;0;RUA JUVENAL DE CARVALHO;;;629;;Colisão;;;;Meio de Quadra;;;0;0;2;0;0;0;0;0;0;0;0;0;-38,525225;-3,746786;;;
267796;4;6;2015;21:34;0;AV ENG HUMBERTO MONTE;;;1297;;Colisão;;;;Meio de Quadra;;;0;0;2;0;0;0;0;0;0;0;0;0;-38,561277;-3,748124;;;
267798;5;6;2015;09:12;0;RUA MARIA PERDIGAO;;;325;;Choque c/ Obstáculo Fixo;Luz do Dia;;;Meio de Quadra;;;0;0;1;0;0;0;0;0;0;0;0;0;-38,508129;-3,823681;;;
267800;5;6;2015;09:16;21042;RUA 8 DE JUNHO UI 601;RUA CASTELO DE CASTRO (PICI);;;;Choque c/ Obstáculo Fixo;Luz do Dia;;;;;;0;0;1;0;0;0;0;0;0;0;0;0;-38,579473;-3,751740;;;
267801;5;6;2015;11:25;0;AV CEL CARVALHO;;;;;Colisão;Luz do Dia;;;Meio de Quadra;;;0;0;2;0;0;0;0;0;0;0;0;0;;;;;
267804;5;6;2015;11:27;5695;RUA MARGARIDA DE QUEIROZ;RUA CHICO LEMOS;;;;Colisão;Luz do Dia;;;Cruz;Pare;Residencial;0;0;2;0;0;0;0;0;0;0;0;0;-38,498869;-3,791881;;;
267807;5;6;2015;13:32;0;RUA VALPARAISO;;;;;Colisão;Luz do Dia;;;Meio de Quadra;;;0;0;2;0;0;0;0;0;0;0;0;0;;;;;
267812;5;6;2015;16:15;0;AV ANTONIO SALES;;;3243;;Colisão;Luz do Dia;;;Meio de Quadra;;;0;0;2;0;0;0;0;0;0;0;0;0;-38,495368;-3,747637;;;
267814;5;6;2015;16:19;15834;RUA CEL FRANCISCO PEREIRA (MESSEJANA);RUA TEN JURANDIR ALENCAR;;;;Colisão;Luz do Dia;;;Cruz;Semáforo;Comercial;0;0;2;0;0;0;0;0;0;0;0;0;-38,492929;-3,831773;;;
267815;5;6;2015;16:52;0;AV PRS CASTELO BRANCO;;;;;Colisão;Luz do Dia;;;Meio de Quadra;;;0;0;2;0;0;0;0;0;0;0;0;0;;;;;
267841;5;6;2015;18:07;0;RUA N UI 309;;;351;;Atropelamento;Anoitecer;;;Meio de Quadra;;;0;0;2;0;0;0;0;0;0;0;0;0;;;;;
267845;5;6;2015;18:23;19587;AV GODOFREDO MACIEL;RUA PRIMEIRO DE JANEIRO;;;;Colisão;Anoitecer;;;T;Outros;Comercial;0;0;2;0;0;0;0;0;0;0;0;0;-38,566283;-3,784762;;;
259034;5;6;2015;10:40;0;RD BR 222;;;;KM-01;Colisão;Luz do Dia;Bom;Seca;Meio de Quadra;Não Há Controle;Comercial;0;0;2;1;0;0;1;0;0;0;0;0;-38,577952;-3,737774;;;
259035;5;6;2015;15:30;0;RD BR 222;;;;KM-02;Colisão Transversal;Luz do Dia;Bom;Seca;Meio de Quadra;Não Há Controle;Comercial;0;2;0;0;0;0;0;0;0;1;0;0;-38,586880;-3,738951;;;
259001;5;6;2015;20:10;0;RD BR 116;;;1000;KM-01;Colisão Traseira;Via Iluminada;Bom;Seca;Meio de Quadra;Não Há Controle;Comercial;0;2;1;0;1;0;0;0;0;1;0;0;-38,518702;-3,762554;;;
258974;5;6;2015;15:10;0;RD BR 116;;;7000;KM-07;Atropelamento de Animal;Luz do Dia;Bom;Seca;Meio de Quadra;Não Há Controle;Comercial;0;1;2;0;0;0;0;0;0;1;0;0;-38,501101;-3,813246;;;
267848;5;6;2015;19:01;0;AV ROGACIANO LEITE;;;;;Colisão;;;;Meio de Quadra;;;0;0;2;0;0;0;0;0;0;0;0;0;;;;;
267850;5;6;2015;22:28;0;RUA TULIPA NEGRA;;;1869;;Colisão;;;;Meio de Quadra;;;0;0;2;0;0;0;0;0;0;0;0;0;-38,596337;-3,820332;;;
267852;5;6;2015;23:21;13474;RUA DR JOSE LOURENCO;RUA TOMAS ACIOLI;;;;Colisão;;;;Cruz;Pare;Comercial;0;0;2;0;0;0;0;0;0;0;0;0;-38,510934;-3,744447;;;
263474;5;6;2015;13:10;0;AV DR SILAS MUNGUBA;;;976;;Colisão;Luz do Dia;;;Meio de Quadra;;;0;1;0;1;0;0;0;0;0;1;0;0;-38,557165;-3,781438;;;
263469;5;6;2015;11:50;10921;RUA PRO MIRAMAR DA PONTE;RUA SILVA BAIMA;;;;Colisão;Luz do Dia;;;;;;0;1;0;1;0;0;0;0;0;0;0;0;-38,582534;-3,755623;;;
252042;5;6;2015;18:03;0;AV TRISTAO GONCALVES;;;1380;;Colisão Lateral;Anoitecer;Bom;Seca;Meio de Quadra;Não Há Controle;Comercial;0;1;1;1;0;0;0;0;0;1;0;0;-38,535159;-3,733629;;;
252039;5;6;2015;17:18;0;AV FRANCISCO SA;;;3557;;Atropelamento;Anoitecer;Nublado;Seca;Meio de Quadra;Semáforo;Misto;0;1;1;0;0;0;0;0;0;0;0;0;-38,557290;-3,717440;;;
252040;5;6;2015;07:50;0;RUA PRC ISABEL;;;819;;Colisão Lateral;Luz do Dia;Nublado;Seca;Meio de Quadra;Não Há Controle;Comercial;0;0;2;1;0;0;0;0;0;0;0;0;-38,536011;-3,728373;;;
252044;5;6;2015;11:00;0;RUA PEREIRA FILGUEIRAS;;;2111;;Colisão Traseira;Luz do Dia;Bom;Seca;Meio de Quadra;Não Há Controle;Misto;0;0;2;1;0;0;0;0;0;0;0;0;-38,504259;-3,731169;;;
252045;5;6;2015;13:40;1376;RUA JOAO CARVALHO;RUA MON BRUNO;;;;Colisão Lateral;Luz do Dia;;Seca;Cruz;Pare;Comercial;0;0;2;1;0;0;0;0;0;0;0;0;-38,510792;-3,736585;;;
252046;5;6;2015;09:30;19585;RUA DINAMARCA;RUA DES BALTAR;;;;Colisão Transversal;Luz do Dia;Bom;Seca;Cruz;Pare;Residencial;0;0;2;1;0;0;0;0;0;0;0;0;-38,571077;-3,784917;;;
252016;5;6;2015;10:45;1386;AV SEN VIRGILIO TAVORA;RUA MARIA TOMASIA;;;;Colisão Transversal;Luz do Dia;Bom;Seca;Cruz;Pare;Comercial;0;0;2;1;0;0;0;0;0;1;0;0;-38,493150;-3,736801;;;
252013;5;6;2015;08:10;0;RUA PRO LINO ENCARNACAO;;;928;;Colisão Lateral;Luz do Dia;Bom;Seca;Meio de Quadra;;Residencial;0;1;3;1;0;0;0;0;0;0;0;0;-38,560135;-3,743768;;;