COD_ACIDENTE;DIA;MES;ANO;HORA;INTERSECAO;LOG1;LOG2;LOG3;NUMERO;REFERENCIA;NATUREZA;ILUMINACAO;TEMPO;SUPERFICIEPISTA;TIPOCRUZAMENTO;CONTROLETRAFEGO;USOSOLO;MORTOS;FERIDOS;ILESOS;AUTOMOVEL;ONIBUS;BICICLETA;CAMINHAO;MICROONIBUS;CICLOMOTOR;MOTOCICLETA;TRACAOANIMAL;TREM;LONG;LAT;;;
252009;5;6;2015;18:30;0;AV SANTOS DUMONT;;;5160;;Colisão Lateral;Via Iluminada;Bom;Seca;Meio de Quadra;Não Há Controle;Comercial;0;0;2;1;1;0;0;0;0;0;0;0;-38,485210;-3,740482;;;
252010;5;6;2015;15:10;0;AV ABOLICAO;;;2016;;Colisão Traseira;;Bom;Seca;Meio de Quadra;Não Há Controle;Misto;0;0;2;1;0;0;0;0;0;0;0;0;-38,501092;-3,725522;;;
252011;5;6;2015;09:00;0;AV PRS COSTA E SILVA;;;;;Colisão Transversal;Luz do Dia;Bom;Seca;Meio de Quadra;Não Há Controle;Residencial;0;0;2;1;0;0;0;0;0;0;0;0;;;;;
252007;5;6;2015;14:30;17951;RUA JOAQUIM ALBANO;RUA DRACON BARRETO;;;;Colisão Lateral;Luz do Dia;Bom;Seca;Cruz;Semáforo Intermitente;Misto;0;0;2;1;0;0;0;0;0;0;0;0;-38,578990;-3,735122;;;
252005;5;6;2015;21:30;24939;AV BEZERRA DE MENEZES;RUA CEL MOZART GONDIM;;;;Colisão Lateral;Via Iluminada;Bom;Seca;Cruz;Semáforo;Comercial;0;1;2;1;0;0;0;0;0;1;0;0;-38,558651;-3,734449;;;
252003;5;6;2015;12:30;0;AV DEP PAULINO ROCHA;;;;;Colisão Lateral;Luz do Dia;Bom;Seca;Meio de Quadra;Pare;Comercial;0;0;2;1;0;0;1;0;0;0;0;0;;;;;
251999;5;6;2015;15:00;0;AV CEL CARVALHO;;;2901;;Colisão Traseira;Luz do Dia;Bom;Seca;Meio de Quadra;Não Há Controle;Misto;0;0;2;0;1;0;1;0;0;0;0;0;-38,585031;-3,728395;;;
252000;5;6;2015;06:45;5436;RUA GAL CLARINDO DE QUEIROZ;RUA JAIME BENEVOLO;;;;Colisão Transversal;Luz do Dia;Nublado;Seca;Cruz;Pare;Comercial;0;1;1;1;0;0;0;0;0;1;0;0;-38,526017;-3,734060;;;
252024;5;6;2015;13:40;24441;AV LUCIANO CARNEIRO;RUA RAUL CABRAL;;;;Colisão Traseira;Luz do Dia;Bom;Seca;Cruz;Pare;Residencial;0;1;1;1;0;0;1;0;0;0;0;0;-38,538495;-3,770842;;;
252025;5;6;2015;03:00;5188;RUA NOGUEIRA ACIOLI;RUA TEN BENEVOLO;;;;Colisão Transversal;Via Iluminada;Bom;Seca;Cruz;Pare;Comercial;0;1;1;1;0;0;0;0;0;1;0;0;-38,515591;-3,725858;;;
252026;5;6;2015;18:25;0;AV AGUANAMBI;;;;;Colisão Lateral;Via Iluminada;Bom;Seca;Meio de Quadra;Semáforo;Comercial;0;0;2;1;0;0;0;0;0;0;0;0;;;;;
252027;5;6;2015;17:10;25029;AV CEL CARVALHO;RUA TEN ELIEZER COSTA;;;;Colisão Transversal;;Bom;Seca;Cruz;Pare;Misto;0;1;1;1;0;0;0;0;0;1;0;0;-38,589633;-3,710718;;;
252019;5;6;2015;17:40;15357;RUA LEONARDO MOTA;RUA PEREIRA VALENTE;;;;Colisão Transversal;Via Iluminada;Bom;Seca;Cruz;Pare;Comercial;0;0;2;1;0;0;0;0;0;0;0;0;-38,495134;-3,732885;;;
252020;5;6;2015;11:20;15435;RUA FREDERICO SEVERO;RUA FARIAS LEMOS;;;;Colisão Lateral;;Bom;Seca;Cruz;;Residencial;0;0;2;1;0;0;0;0;0;0;0;0;-38,492707;-3,816836;;;
252029;5;6;2015;09:00;792;RUA CAP VASCONCELOS D46;RUA TEN JAIME ANDRADE;;;;Colisão Lateral;Luz do Dia;Bom;Seca;T;Pare;Comercial;0;0;2;1;0;0;0;0;0;0;0;0;-38,515978;-3,771671;;;
252022;5;6;2015;07:00;21372;AV JOVITA FEITOSA;RUA JOSE SOMBRA;;;;Colisão Traseira;Luz do Dia;Nublado;Seca;Cruz;Semáforo;Comercial;0;0;2;0;0;0;0;0;0;0;0;0;-38,546301;-3,737763;;;
252032;5;6;2015;18:50;1302;RUA MARCOS MACEDO;RUA BARBOSA DE FREITAS;;;;Colisão Lateral;Via Iluminada;Bom;Seca;Cruz;Pare;Comercial;0;0;2;1;0;0;1;0;0;0;0;0;-38,496719;-3,734569;;;
252034;5;6;2015;15:45;5108;RUA SAO PAULO;RUA PRC ISABEL;;;;Colisão Lateral;Luz do Dia;Bom;Seca;Cruz;Pare;Comercial;0;0;1;1;0;0;0;0;0;0;0;0;-38,534619;-3,723679;;;
251987;5;6;2015;16:20;1302;RUA MARCOS MACEDO;RUA BARBOSA DE FREITAS;;;;Colisão Transversal;Luz do Dia;Bom;Seca;Cruz;Pare;Comercial;0;0;2;1;0;0;0;0;0;0;0;0;-38,496719;-3,734569;;;
251995;5;6;2015;19:40;12925;AV AGUANAMBI;AV DOMINGOS OLIMPIO;;;;Colisão Lateral;Via Iluminada;Bom;Seca;Cruz;Não Há Controle;Comercial;0;2;2;1;0;0;1;0;0;1;0;0;-38,524628;-3,738683;;;
251996;5;6;2015;18:00;16971;RUA JOSE DUTRA;AV WENEFRIDO MELO;;;;Colisão Traseira;Via Iluminada;Bom;Seca;T;Pare;Residencial;0;0;2;1;0;0;1;0;0;0;0;0;-38,575417;-3,811155;;;
251997;5;6;2015;10:49;19437;AV DR SILAS MUNGUBA;RUA CASIMIRO DE ABREU;;;;Colisão Lateral;Via Iluminada;Bom;Seca;T;Semáforo Intermitente;Misto;0;1;1;1;0;0;0;0;0;1;0;0;-38,560637;-3,779395;;;
251992;5;6;2015;10:05;0;AV SANTOS DUMONT;;;;;Colisão Transversal;Luz do Dia;Bom;Seca;Meio de Quadra;Semáforo;Comercial;0;0;2;1;1;0;0;0;0;0;0;0;;;;;
251993;5;6;2015;09:20;0;RUA ILDEFONSO ALBANO;;;2100;;Colisão;Luz do Dia;Bom;Seca;Meio de Quadra;Semáforo;Comercial;0;0;2;1;0;0;0;0;0;0;0;0;-38,515305;-3,739182;;;
251989;5;6;2015;17:40;0;AV BEZERRA DE MENEZES;;;2048;;Colisão Traseira;Via Iluminada;Bom;Seca;Meio de Quadra;Não Há Controle;Comercial;0;0;3;1;0;0;0;0;0;0;0;0;-38,563276;-3,735412;;;
251990;5;6;2015;14:00;7211;AV PRS CASTELO BRANCO;AV DR THEBERGE;;;;Colisão Lateral;Luz do Dia;Bom;Seca;Cruz;Semáforo;Residencial;0;0;2;1;0;0;0;0;0;0;0;0;-38,563456;-3,710079;;;
262596;5;6;2015;16:10;1538;AV PDE ANTONIO TOMAS;RUA LEONARDO MOTA;;;;Colisão;Luz do Dia;;;Cruz;Semáforo;Comercial;0;0;3;1;0;0;0;0;0;0;0;0;-38,497662;-3,740811;;;
262597;5;6;2015;18:38;0;RUA ADOLFO CAMINHA;;;;;Colisão;;;;Meio de Quadra;;;0;0;2;1;0;0;0;0;0;1;0;0;;;;;
262493;5;6;2015;11:53;0;AV BEZERRA DE MENEZES;;;;;Colisão;Luz do Dia;;;Meio de Quadra;;;0;0;2;1;0;0;0;0;0;0;0;0;;;;;
262478;5;6;2015;14:10;0;RUA RIO TOCANTINS;;;;;Colisão;Luz do Dia;;;Meio de Quadra;;;0;1;1;1;0;0;0;0;0;1;0;0;;;;;
262479;5;6;2015;15:39;0;AV MR HULL;;;;;Colisão;Luz do Dia;;;Meio de Quadra;;;0;2;0;0;0;0;0;0;0;1;0;0;;;;;
262480;5;6;2015;16:02;0;RUA JOSE CARLOS GURGEL NOGUEIRA;;;;;Colisão;Luz do Dia;;;Meio de Quadra;;;0;2;0;0;0;0;0;0;0;1;0;0;;;;;
262481;5;6;2015;16:14;0;AV JOSE LEON;;;;;Colisão;Luz do Dia;;;Meio de Quadra;;;0;1;1;1;0;0;0;0;0;1;0;0;-38,501711;-3,787845;;;
262482;5;6;2015;19:35;0;AV JOAO DE ARAUJO LIMA;;;;;Atropelamento;;;;Meio de Quadra;;;0;1;1;1;0;0;0;0;0;0;0;0;-38,561042;-3,835058;;;
262483;5;6;2015;23:09;0;AV J CJ JOSE WALTER;;;;;Colisão;;;;Meio de Quadra;;;0;2;0;0;0;0;0;0;0;1;0;0;;;;;
262470;5;6;2015;13:37;0;AV PRS CASTELO BRANCO;;;;;Colisão;Luz do Dia;;;Meio de Quadra;;;0;1;1;0;0;0;0;0;0;1;0;0;;;;;
262464;5;6;2015;10:55;3521;RUA VALERIA;RUA AMARO BANDEIRA;;;;Colisão;Luz do Dia;;;;;;0;1;1;1;0;0;0;0;0;1;0;0;-38,505282;-3,822073;;;
262465;5;6;2015;12:11;0;AV GAL OSORIO DE PAIVA;;;;;Atropelamento;Luz do Dia;;;Meio de Quadra;;;0;1;1;0;0;0;0;0;0;1;0;0;-38,572016;-3,779137;;;
262457;5;6;2015;00:26;0;RUA CAP JOAO FERREIRA LIMA;;;;;Queda;;;;Meio de Quadra;;;0;1;0;0;0;0;0;0;0;1;0;0;;;;;
262458;5;6;2015;03:20;0;AV ENG HUMBERTO MONTE;;;;;Colisão;;;;Meio de Quadra;;;0;1;1;1;0;0;0;0;0;0;0;0;;;;;
262459;5;6;2015;07:04;0;AV D CJ CEARA;;;;;Colisão;Luz do Dia;;;Meio de Quadra;;;0;2;0;0;0;0;0;0;0;1;0;0;;;;;
262460;5;6;2015;07:43;0;RUA FRANCISCO MATIAS;;;;;Queda;Luz do Dia;;;Meio de Quadra;;;0;1;0;0;0;0;0;0;0;1;0;0;;;;;
262461;5;6;2015;07:48;25107;RUA JOAQUIM ALBANO;RUA DEMETRIO MENEZES;;;;Colisão;Luz do Dia;;;Duplo T;Pare;Comercial;0;1;1;1;0;0;0;0;0;1;0;0;-38,584096;-3,735910;;;
262462;5;6;2015;10:55;0;AV SGT HERMINIO SAMPAIO;;;;;Queda;Luz do Dia;;;Meio de Quadra;;;0;1;0;0;0;0;0;0;0;1;0;0;-38,551994;-3,724822;;;
262484;6;6;2015;05:55;24212;RUA RENATO BRAGA;RUA OLIVEIRA FILHO;;;;Queda;Amanhecer;;;Cruz;Não Há Controle;Residencial;0;1;0;0;0;0;0;0;0;1;0;0;-38,461183;-3,732559;;;
262494;6;6;2015;11:23;0;AV CEL CARVALHO;;;;;Queda;Luz do Dia;;;Meio de Quadra;;;0;1;0;0;0;0;0;0;0;1;0;0;-38,591521;-3,703579;;;
262495;6;6;2015;11:25;0;AV EDILSON B SOARES;;;;;Colisão;Luz do Dia;;;Meio de Quadra;;;0;1;1;0;0;0;0;0;0;0;0;0;-38,477198;-3,789161;;;
262496;6;6;2015;14:43;0;AV DOS EXPEDICIONARIOS;;;;;Colisão;Luz do Dia;;;Meio de Quadra;;;0;1;1;0;0;0;0;0;0;0;0;0;;;;;
262498;6;6;2015;16:59;0;RUA TERTULIANO SALES;;;;;Atropelamento;Luz do Dia;;;Meio de Quadra;;;0;2;0;0;0;0;0;0;0;1;0;0;;;;;
262499;6;6;2015;17:36;12849;RUA ASSUNCAO;RUA SALDANHA MARINHO;;;;Colisão;Anoitecer;;;Cruz;Pare;Residencial;0;1;1;0;0;0;0;0;0;0;0;0;-38,531231;-3,742314;;;
262500;6;6;2015;19:02;0;RUA COS LAFAYETE;;;;;Colisão;;;;Meio de Quadra;;;0;1;1;0;0;0;0;0;0;0;0;0;-38,582256;-3,718037;;;
262488;6;6;2015;09:08;0;AV ROGACIANO LEITE;;;;;Colisão;Luz do Dia;;;Meio de Quadra;;;0;1;1;1;0;0;0;0;0;1;0;0;-38,501132;-3,778511;;;
262486;6;6;2015;09:03;0;AV MAE LISBOA;;;2279;;Colisão;Luz do Dia;;;Meio de Quadra;;;0;1;0;1;0;0;0;0;0;1;0;0;-38,459389;-3,807236;;;
262503;6;6;2015;19:26;0;RUA VALPARAISO;;;;;Colisão;;;;Meio de Quadra;;;0;2;0;1;0;0;0;0;0;1;0;0;-38,528347;-3,842122;;;
262505;6;6;2015;21:27;0;AV ODILON GUIMARAES;;;;;Queda;;;;Meio de Quadra;;;0;1;0;0;0;0;0;0;0;1;0;0;-38,476412;-3,821309;;;
252075;6;6;2015;03:00;0;AV JOSE SABOIA;;;908;;Colisão Traseira;Via Iluminada;Nublado;Molhada;Meio de Quadra;Não Há Controle;Comercial;0;0;1;0;0;0;0;0;0;0;0;0;-38,466047;-3,718154;;;
252078;6;6;2015;09:40;24293;RUA JULIO ABREU;RUA DELMIRO GOUVEIA;;;;Colisão Transversal;Luz do Dia;Bom;Seca;Cruz;Pare;Comercial;0;1;1;1;1;0;0;0;0;0;0;0;-38,488072;-3,735900;;;
252097;6;6;2015;13:00;0;AV PRS COSTA E SILVA;;;;;Colisão Traseira;Luz do Dia;Bom;Seca;Meio de Quadra;Semáforo;Residencial;0;0;3;1;0;0;0;0;0;0;0;0;;;;;
252098;6;6;2015;02:47;1463;RUA ILDEFONSO ALBANO;RUA ROCHA LIMA;;;;Colisão Transversal;Via Iluminada;Chuva;Molhada;Cruz;Pare;Comercial;0;1;1;0;0;0;0;0;0;0;0;0;-38,515157;-3,738687;;;
252082;6;6;2015;09:45;0;AV DR SILAS MUNGUBA;;;6070;;Colisão Traseira;Luz do Dia;Bom;Seca;Outros;Não Há Controle;Comercial;0;1;1;1;0;0;0;0;0;1;0;0;-38,526502;-3,805396;;;
252100;6;6;2015;07:50;9169;AV LUCIANO CARNEIRO;RUA DR ALFREDO WEYNE D14;;;;Colisão Lateral;Luz do Dia;Nublado;Molhada;;Pare;Comercial;0;0;2;1;0;0;0;0;0;0;0;0;-38,533556;-3,754682;;;
252101;6;6;2015;00:00;24970;AV ALM HENRIQUE SABOIA;RUA VICENTE LEITE;;;;Colisão Traseira;Via Iluminada;Bom;Seca;Cruz;Pare;Residencial;0;0;3;1;0;0;0;0;0;0;0;0;-38,499821;-3,752102;;;
252085;6;6;2015;07:30;10953;RUA ALM RUBIM;RUA DOM CARLOTO TAVORA;;;;Colisão Transversal;Luz do Dia;Bom;Seca;Cruz;Pare;Comercial;0;1;1;1;0;0;0;0;0;1;0;0;-38,556269;-3,769820;;;
252090;6;6;2015;17:48;0;AV PRS CASTELO BRANCO;;;2436;;Atropelamento;Anoitecer;Bom;Seca;Meio de Quadra;Não Há Controle;Comercial;1;0;1;0;0;0;0;0;0;1;0;0;-38,549676;-3,713388;;;
252091;6;6;2015;12:20;0;AV HERACLITO GRACA;;;1245;;Colisão Transversal;;Bom;Seca;Meio de Quadra;Outros;Comercial;0;0;2;1;0;0;0;0;0;0;0;0;-38,514261;-3,736822;;;
252092;6;6;2015;12:45;19651;AV GAL OSORIO DE PAIVA;RUA AFRANIO PEIXOTO;;;;Colisão;Luz do Dia;Bom;Seca;Duplo T;Semáforo;Comercial;0;2;1;0;0;0;0;0;0;1;0;0;-38,573584;-3,780072;;;
252094;6;6;2015;08:40;15160;AV ABOLICAO;RUA SILVA PAULET;;;;Colisão Frontal;Luz do Dia;Nublado;Molhada;Outros;Semáforo;Residencial;0;2;1;1;0;0;0;0;0;0;0;0;-38,502412;-3,725111;;;
252113;6;6;2015;19:00;0;RUA PDE JOAO PIAMARTA;;;336;;Colisão Lateral;Via Iluminada;Bom;Seca;Meio de Quadra;Não Há Controle;Residencial;0;0;2;0;0;0;1;0;0;1;0;0;-38,541514;-3,758148;;;
252107;6;6;2015;15:20;8953;AV BEZERRA DE MENEZES;RUA TEOFILO GURGEL;;;;Colisão Traseira;Luz do Dia;Bom;Seca;Duplo T;Pare;Comercial;0;1;1;1;0;0;0;0;0;1;0;0;-38,546109;-3,731856;;;
252103;6;6;2015;15:00;0;RUA NUNES VALENTE;;;802;;Colisão Lateral;;;;Meio de Quadra;;;0;0;2;1;0;0;0;0;0;0;0;0;-38,501881;-3,730437;;;
252111;6;6;2015;12:30;5692;AV DES GONZAGA;RUA MARGARIDA DE QUEIROZ;;;;Colisão Transversal;Luz do Dia;Bom;Seca;;Pare;Comercial;0;0;2;1;0;0;0;0;0;0;0;0;-38,501753;-3,793168;;;
262598;6;6;2015;22:52;25803;RUA DR HUGO ROCHA;RUA SAO ROQUE (ALVARO WEYNE);;;;Colisão;;;;;;;0;0;2;1;1;0;0;0;0;0;0;0;;;;;
252051;6;6;2015;14:45;7976;AV JOAO PESSOA;RUA MAJ WEYNE;;;;Colisão Lateral;Luz do Dia;Bom;Seca;Cruz;;Comercial;0;1;1;0;1;0;0;0;0;1;0;0;-38,545334;-3,747841;;;
252052;6;6;2015;19:00;23380;RUA NUNES VALENTE;RUA CAP TIBURCIO DA FROTA;;;;Colisão Lateral;Via Iluminada;Bom;Seca;Cruz;Pare;Residencial;0;0;2;1;0;0;0;0;0;0;0;0;-38,509109;-3,754506;;;
252054;6;6;2015;07:40;12849;RUA SALDANHA MARINHO;RUA ASSUNCAO;;;;Colisão Transversal;Anoitecer;Bom;Seca;Cruz;Pare;Comercial;0;2;2;1;0;0;0;0;0;0;0;0;-38,531231;-3,742314;;;
252041;6;6;2015;18:50;0;AV PRS COSTA E SILVA;;;151;;Colisão Traseira;Via Iluminada;Bom;Seca;Meio de Quadra;Não Há Controle;Residencial;0;0;2;1;0;0;1;0;0;0;0;0;-38,551861;-3,823036;;;
252043;6;6;2015;06:40;0;RUA AMADEU FURTADO;;;2252;;Colisão Traseira;Luz do Dia;Bom;Molhada;Meio de Quadra;Não Há Controle;Residencial;0;1;3;1;0;0;0;0;0;0;0;0;;;;;
252069;6;6;2015;15:20;5188;RUA TEN BENEVOLO;RUA NOGUEIRA ACIOLI;;;;Colisão Transversal;Luz do Dia;Bom;Seca;Cruz;Pare;Residencial;0;3;0;1;0;0;0;0;0;0;0;0;-38,515591;-3,725858;;;
252048;6;6;2015;12:30;9229;RUA MARIO MAMEDE;RUA MON LIBERATO;;;;Colisão Lateral;Luz do Dia;Bom;Seca;T;Não Há Controle;Comercial;0;0;2;1;0;0;0;0;0;0;0;0;-38,530817;-3,749814;;;
252065;6;6;2015;10:30;0;RUA CASTRO E SILVA;;;651;;Colisão Lateral;Luz do Dia;Bom;Seca;Meio de Quadra;Não Há Controle;Comercial;0;0;2;1;0;0;0;0;0;0;0;0;-38,531690;-3,722356;;;
263475;6;6;2015;15:50;19317;RUA VENUS;RUA IGUAPE;;;;Colisão;Luz do Dia;;;Cruz;Pare;Residencial;0;1;0;1;0;0;0;0;0;0;0;0;-38,571076;-3,775284;;;
263477;6;6;2015;17:50;13173;AV L CJ JOSE WALTER;RUA 56 CJ JOSE WALTER;;;;Colisão;Anoitecer;;;;;;0;1;0;1;0;0;0;0;0;1;0;0;-38,557872;-3,832260;;;
267854;6;6;2015;02:46;0;AV A CJ CEARA;;;1350;;Colisão;;;;Meio de Quadra;;;0;0;2;0;0;0;0;0;0;0;0;0;-38,605386;-3,773218;;;
267857;6;6;2015;14:10;0;RUA VIS CAUIPE;;;;;Colisão;Luz do Dia;;;Meio de Quadra;;;0;0;2;0;0;0;0;0;0;0;0;0;;;;;
267860;6;6;2015;15:04;0;RUA 104 CJ PASSARE;;;;;Colisão;Luz do Dia;;;Meio de Quadra;;;0;0;2;0;0;0;0;0;0;0;0;0;;;;;
267863;6;6;2015;15:21;0;RUA SOCORRO GOMES;;;503;;Colisão;Luz do Dia;;;Meio de Quadra;;;0;0;2;0;0;0;0;0;0;0;0;0;-38,478626;-3,835685;;;
267864;6;6;2015;15:44;0;AV RAD JOSE LIMA VERDE;;;57;;Colisão;Luz do Dia;;;Meio de Quadra;;;0;0;2;0;0;0;0;0;0;0;0;0;;;;;
267865;6;6;2015;16:16;0;RUA MAURO FREIRE;;;150;;Colisão;Luz do Dia;;;Meio de Quadra;;;0;0;2;0;0;0;0;0;0;0;0;0;;;;;
267866;6;6;2015;17:51;0;AV ENG JOSÉ GUIMARÃES;;;;;Colisão;Anoitecer;;;Meio de Quadra;;;0;0;2;0;0;0;0;0;0;0;0;0;;;;;
267868;6;6;2015;18:26;0;RUA DR HUGO ROCHA;;;;;Colisão;Anoitecer;;;Meio de Quadra;;;0;0;2;0;0;0;0;0;0;0;0;0;;;;;
267871;6;6;2015;18:56;0;AV GENIBAU;;;141;;Colisão;;;;Meio de Quadra;;;0;0;2;0;0;0;0;0;0;0;0;0;-38,596313;-3,761502;;;
267873;6;6;2015;19:45;0;RUA NELSON COELHO;;;209;;Colisão;;;;Meio de Quadra;;;0;0;2;0;0;0;0;0;0;0;0;0;-38,464112;-3,827333;;;
267878;6;6;2015;21:24;24407;RUA PRO VICENTE SILVEIRA;RUA VICENTE SPINDOLA;;;;Colisão;;;;;;;0;0;2;0;0;0;0;0;0;0;0;0;-38,539355;-3,768816;;;
267881;6;6;2015;21:33;0;RUA FREDERICO ANDRADE;;;280;;Colisão;;;;Meio de Quadra;;;0;0;2;0;0;0;0;0;0;0;0;0;-38,565073;-3,717548;;;
267884;6;6;2015;21:52;0;AV DR SILAS MUNGUBA;;;;;Colisão;;;;Meio de Quadra;;;0;0;2;0;0;0;0;0;0;0;0;0;;;;;
267887;6;6;2015;22:34;26150;RUA CRISTAIS PAULISTA;RUA AMANCIO PEREIRA;;;;Colisão;;;;Cruz;Pare;Comercial;0;0;2;0;0;0;0;0;0;0;0;0;-38,523860;-3,818428;;;
252394;6;6;2015;15:00;0;RUA CESAR ROSSAS;;;43;;Colisão Transversal;Luz do Dia;Bom;Seca;Meio de Quadra;Semáforo;Misto;0;0;2;1;0;0;0;0;0;0;0;0;-38,552119;-3,768408;;;
252395;6;6;2015;21:40;19389;RUA PERDIGAO DE OLIVEIRA;AV GAL OSORIO DE PAIVA;;;;Colisão Transversal;Via Iluminada;Bom;Seca;Cruz;Pare;Comercial;0;1;1;0;0;0;1;0;0;1;0;0;-38,570115;-3,777906;;;
267740;6;6;2015;18:30;0;AV N CJ JOSE WALTER;;;;;;Anoitecer;;;Meio de Quadra;;;1;0;1;0;0;0;0;0;0;1;0;0;;;;;
260784;7;6;2015;00:46;0;AV DR SILAS MUNGUBA;;;;;Queda;;;;Meio de Quadra;;;0;1;0;0;0;0;0;0;0;1;0;0;;;;;
267897;7;6;2015;00:17;17412;RUA BAR SOBRAL;RUA ALBERTO MAGNO;;;;Colisão;;;;Cruz;Semáforo;Comercial;0;0;2;0;0;0;0;0;0;0;0;0;-38,552417;-3,767991;;;
267905;7;6;2015;02:39;0;AV GAL OSORIO DE PAIVA;;;;;Colisão;;;;Meio de Quadra;;;0;0;2;0;0;0;0;0;0;0;0;0;;;;;
267906;7;6;2015;02:41;0;AV JOR THOMAZ COELHO;;;2257;;Choque c/ Obstáculo Fixo;;;;Meio de Quadra;;;0;0;1;0;0;0;0;0;0;0;0;0;-38,516075;-3,828079;;;
267907;7;6;2015;06:42;0;RUA JOAQUIM FELICIO;;;170;;Colisão;Luz do Dia;;;Meio de Quadra;;;0;0;2;0;0;0;0;0;0;0;0;0;-38,493401;-3,829775;;;
267908;7;6;2015;16:13;0;AV GAL OSORIO DE PAIVA;;;3444;;Colisão;Luz do Dia;;;Meio de Quadra;;;0;0;2;0;0;0;0;0;0;0;0;0;-38,589042;-3,791328;;;
267909;7;6;2015;16:49;0;RUA SOUSA PINTO;;;;;Atropelamento;Luz do Dia;;;Meio de Quadra;;;0;0;2;0;0;0;0;0;0;0;0;0;;;;;
267910;7;6;2015;17:42;0;RUA NATAL;;;748;;Colisão;Anoitecer;;;Meio de Quadra;;;0;0;2;0;0;0;0;0;0;0;0;0;-38,591965;-3,761346;;;
267899;7;6;2015;01:30;0;AV SEN FERNANDES TAVORA;;;594;;Colisão;;;;Meio de Quadra;;;0;0;2;0;0;0;0;0;0;0;0;0;-38,577416;-3,764720;;;
267900;7;6;2015;01:48;23002;RUA VILA RICA;RUA PRA HELOISA F LIMA;;;;Choque c/ Obstáculo Fixo;;;;Cruz;Pare;Outros;0;0;1;0;0;0;0;0;0;0;0;0;-38,545724;-3,787573;;;
267902;7;6;2015;02:10;9236;RUA DR RATISBONA;RUA GRACILIANO RAMOS;;;;Colisão;;;;Cruz;Pare;Residencial;0;0;2;0;0;0;0;0;0;0;0;0;-38,529613;-3,754038;;;
267903;7;6;2015;02:10;0;RUA DOM SEBASTIAO LEME;;;477;;Colisão;;;;Meio de Quadra;;;0;0;2;0;0;0;0;0;0;0;0;0;-38,526322;-3,745749;;;
268034;7;6;2015;18:39;0;RUA SAO JOAO UI 803;;;20;;Colisão;;;;Meio de Quadra;;;0;0;2;0;0;0;0;0;0;0;0;0;-38,603537;-3,724513;;;
268035;7;6;2015;18:42;0;RUA SALGADO FILHO;;;734;;Choque c/ Obstáculo Fixo;;;;Meio de Quadra;;;0;0;2;0;0;0;0;0;0;0;0;0;-38,594856;-3,743567;;;
268036;7;6;2015;19:42;3242;RUA PRIMEIRO DE MAIO D34;RUA JOSE ARISTOTELES GONDIM;;;;Colisão;;;;Cruz;Pare;Residencial;0;0;2;0;0;0;0;0;0;0;0;0;-38,586280;-3,783524;;;
268038;7;6;2015;20:09;0;AV JOSE BASTOS;;;2771;;Queda;;;;Meio de Quadra;;;0;0;1;0;0;0;0;0;0;1;0;0;;;;;
268039;7;6;2015;20:40;0;RUA STA LUCRECIA;;;981;;Colisão;;;;Meio de Quadra;;;0;0;2;0;0;0;0;0;0;0;0;0;;;;;
268040;7;6;2015;21:39;0;AV AGUANAMBI;;;;;Colisão;;;;Meio de Quadra;;;0;0;2;0;0;0;0;0;0;0;0;0;;;;;
268041;7;6;2015;21:40;1238;RUA ILDEFONSO ALBANO;AV SANTOS DUMONT;;;;Queda;;;;Cruz;Semáforo;Comercial;0;0;1;0;0;0;0;0;0;1;0;0;-38,512669;-3,731565;;;
268043;7;6;2015;22:09;10475;AV SEN FERNANDES TAVORA;RUA HUMAITA D73;;;;Colisão;;;;Cruz;Pare;Comercial;0;0;2;0;0;0;0;0;0;0;0;0;-38,599578;-3,754880;;;
268044;7;6;2015;22:11;0;AV DR SILAS MUNGUBA;;;;;Colisão;;;;Meio de Quadra;;;0;0;2;0;0;0;0;0;0;0;0;0;;;;;
268045;7;6;2015;23:31;1260;RUA JOSE VILAR;RUA COSTA BARROS;;;;Colisão;;;;Cruz;Semáforo;Comercial;0;0;2;0;0;0;0;0;0;0;0;0;-38,503746;-3,732908;;;
263486;7;6;2015;03:20;12660;RUA CARNAUBAL;RUA OTAVIO PARANHOS;;;;Choque c/ Obstáculo Fixo;;;;;;;0;1;0;0;0;0;0;0;0;0;0;0;-38,586104;-3,722252;;;
263483;7;6;2015;02:20;0;RUA NUNES FEIJO;;;1008;;Colisão;;;;Meio de Quadra;;;0;1;0;1;0;0;0;0;0;1;0;0;-38,503801;-3,847490;;;
263489;7;6;2015;21:00;0;AV NORTE SUL;;;;;Colisão Lateral;;;;Meio de Quadra;;;0;1;0;0;0;0;0;0;0;0;0;0;;;;;
259341;7;6;2015;19:25;0;RD CE-040;;;;KM-09;Colisão;Luz do Dia;Bom;Seca;Meio de Quadra;;;0;1;1;0;0;1;0;0;0;0;0;0;-38,481431;-3,824774;;;
252067;7;6;2015;;0;AV SAUDADE D68;;;900;ZOOLÓGICO;Colisão Transversal;Anoitecer;Bom;Seca;Meio de Quadra;Não Há Controle;Residencial;0;1;1;1;0;0;1;0;0;0;0;0;-38,541837;-3,823487;;;
252049;7;6;2015;19:00;0;AV ENG LEAL LIMA VERDE (SAPIRANGA/COITE);;;1422;;Colisão Transversal;Via Iluminada;Bom;Seca;Meio de Quadra;Não Há Controle;Residencial;0;0;2;1;0;0;0;0;0;0;0;0;-38,475106;-3,802451;;;
252050;7;6;2015;22:00;7396;RUA PRO EDGAR DE ARRUDA;RUA EURICO MEDINA;;;;Colisão Transversal;Via Iluminada;Bom;Seca;Cruz;Pare;Misto;0;1;1;1;0;0;0;0;0;1;0;0;-38,585584;-3,757814;;;