COD_ACIDENTE;DIA;MES;ANO;HORA;INTERSECAO;LOG1;LOG2;LOG3;NUMERO;REFERENCIA;NATUREZA;ILUMINACAO;TEMPO;SUPERFICIEPISTA;TIPOCRUZAMENTO;CONTROLETRAFEGO;USOSOLO;MORTOS;FERIDOS;ILESOS;AUTOMOVEL;ONIBUS;BICICLETA;CAMINHAO;MICROONIBUS;CICLOMOTOR;MOTOCICLETA;TRACAOANIMAL;TREM;LONG;LAT;;;
252057;7;6;2015;17:30;20042;AV PRS JUSCELINO KUBITSCHEK (PASSARÉ);AV DEP PAULINO ROCHA;;;;Colisão Traseira;Luz do Dia;Bom;Seca;Rotatória;Não Há Controle;Residencial;0;0;2;1;0;0;0;0;0;0;0;0;-38,524782;-3,807229;;;
252058;7;6;2015;08:00;5051;RUA SEN POMPEU;RUA SEN JAGUARIBE;;;;Colisão Transversal;Luz do Dia;Bom;Seca;Cruz;Pare;Misto;0;0;2;1;0;0;0;0;0;0;0;0;-38,528055;-3,721667;;;
252060;7;6;2015;16:00;0;RUA OSCAR ARARIPE;;;;;Colisão Traseira;Luz do Dia;Bom;Seca;Meio de Quadra;Não Há Controle;Comercial;0;0;2;1;0;0;0;0;0;0;0;0;;;;;
252061;7;6;2015;15:30;19155;RUA JULIO AZEVEDO;RUA PEREIRA DE MIRANDA;;;;Colisão Transversal;Luz do Dia;Bom;Seca;Cruz;Pare;Residencial;0;2;1;1;0;0;0;0;0;1;0;0;-38,480558;-3,740205;;;
252055;7;6;2015;07:00;0;RUA EMILIO DE MENESES;;;;;Colisão;Luz do Dia;Nublado;Seca;Meio de Quadra;Pare;Residencial;0;3;0;1;0;0;0;0;0;1;0;0;-38,590205;-3,780962;;;
252047;7;6;2015;14:45;17453;RUA DES PRAXEDES;AV JOSE DO PATROCINIO;;;;Colisão Transversal;Luz do Dia;Bom;Seca;Cruz;Pare;Residencial;0;0;2;1;0;0;0;0;0;0;0;0;-38,543752;-3,762794;;;
262599;7;6;2015;03:31;0;RUA DOM SEBASTIAO LEME;;;;;Colisão;;;;Meio de Quadra;;;0;0;3;1;0;0;0;0;0;0;0;0;;;;;
262600;7;6;2015;20:24;22937;AV DR SILAS MUNGUBA;RUA GOV JOAO CARLOS;;;;Colisão;;;;T;Semáforo;Comercial;0;0;2;1;0;0;0;0;0;1;0;0;-38,553910;-3,783950;;;
262601;7;6;2015;22:17;0;AV AGUANAMBI;;;;;Colisão;;;;Meio de Quadra;;;0;0;2;1;0;0;0;0;0;0;0;0;;;;;
262508;7;6;2015;01:17;0;AV SEN FERNANDES TAVORA;;;;;Colisão;;;;Meio de Quadra;;;0;1;1;1;0;0;0;0;0;1;0;0;-38,577416;-3,764720;;;
262509;7;6;2015;01:33;0;RUA PRA HELOISA F LIMA;;;;;Choque c/ Obstáculo Fixo;;;;Meio de Quadra;;;0;1;0;1;0;0;0;0;0;0;0;0;-38,545580;-3,787070;;;
262510;7;6;2015;02:56;17310;RUA ALBERTO MAGNO;RUA ALVARO FERNANDES;;;;Colisão;;;;Cruz;Semáforo;Comercial;0;0;2;1;0;0;0;0;0;1;0;0;-38,549422;-3,764244;;;
262511;7;6;2015;03:32;0;AV CEL CARVALHO;;;;;Queda;;;;Meio de Quadra;;;0;1;0;0;0;0;0;0;0;1;0;0;;;;;
262512;7;6;2015;09:54;0;RUA 860 CJ CEARA;;;;;Queda;Luz do Dia;;;Meio de Quadra;;;0;1;0;0;0;0;0;0;0;1;0;0;;;;;
262513;7;6;2015;10:33;0;RUA PRO HERIBALDO COSTA;;;;;Colisão;Luz do Dia;;;Meio de Quadra;;;0;2;0;0;0;0;0;0;0;1;0;0;;;;;
262514;7;6;2015;11:52;0;RUA PEDRO MELO;;;;;Colisão;Luz do Dia;;;Meio de Quadra;;;0;1;1;0;0;0;0;0;0;0;0;0;;;;;
262515;7;6;2015;15:27;25019;RUA TEODOMIRO DE CASTRO;RUA DNA MENDINHA;;;;Colisão;Luz do Dia;;;Cruz;Não Há Controle;Residencial;0;1;1;1;0;0;0;0;0;1;0;0;-38,573357;-3,718209;;;
262516;7;6;2015;18:12;0;AV DOM LUIS;;;;;Atropelamento;Anoitecer;;;Meio de Quadra;;;0;1;1;1;0;0;0;0;0;0;0;0;-38,493109;-3,734637;;;
262517;7;6;2015;19:11;0;RUA VERBENA;;;;;Queda;;;;Meio de Quadra;;;0;1;0;0;0;0;0;0;0;1;0;0;-38,589385;-3,783319;;;
262518;7;6;2015;19:19;0;AV WASHINGTON SOARES;;;;;Colisão;;;;Meio de Quadra;;;0;1;1;1;0;1;0;0;0;0;0;0;-38,482314;-3,830219;;;
262519;7;6;2015;19:23;0;AV JOSE BASTOS;;;;;Queda;;;;Meio de Quadra;;;0;1;0;0;0;0;0;0;0;1;0;0;;;;;
262520;7;6;2015;20:14;0;RUA CEL MATOS DOURADO;;;;;Colisão;;;;Meio de Quadra;;;0;1;1;1;0;0;0;0;0;1;0;0;;;;;
262785;7;6;2015;10:00;19662;RUA GUSTAVO SAMPAIO;RUA PRO NOGUEIRA;;;;Colisão;Luz do Dia;Bom;Seca;Cruz;Pare;Misto;0;0;3;1;0;0;0;0;0;0;0;0;-38,549740;-3,733875;;;
252079;7;6;2015;21:00;6756;AV ENG SANTANA JUNIOR;AV ANTONIO SALES;;;;Colisão Lateral;;Bom;Seca;Cruz;Outros;Misto;0;0;2;1;0;0;0;0;0;0;0;0;-38,490039;-3,749257;;;
252076;7;6;2015;13:30;17427;RUA AQUILES BORIS;RUA PERU;;;;Engavetamento;Luz do Dia;;Seca;Cruz;Semáforo;;0;0;3;1;0;0;0;0;0;0;0;0;-38,549523;-3,768524;;;
252077;7;6;2015;12:00;13592;AV PONTES VIEIRA;RUA PRO CARVALHO;;;;Colisão Traseira;Luz do Dia;Bom;Seca;Cruz;Semáforo;Misto;0;0;2;1;0;0;0;0;0;0;0;0;-38,514949;-3,752890;;;
252073;7;6;2015;14:15;3767;AV IMPERADOR;AV DOMINGOS OLIMPIO;;;;Colisão Lateral;Luz do Dia;Bom;Seca;Cruz;Semáforo;Misto;0;0;2;1;0;0;0;0;0;1;0;0;-38,536697;-3,734790;;;
252074;7;6;2015;13:39;738;AV FRANCISCO SA;RUA DNA MENDINHA;;;;Colisão Transversal;Luz do Dia;Bom;Seca;Cruz;Pare;Misto;0;1;1;0;1;0;0;0;0;1;0;0;-38,571238;-3,712666;;;
252071;7;6;2015;18:30;20042;AV PRS JUSCELINO KUBITSCHEK (PASSARÉ);AV DEP PAULINO ROCHA;;;;Colisão Traseira;Anoitecer;Bom;Seca;Rotatória;Não Há Controle;Residencial;0;0;2;1;0;0;0;0;0;0;0;0;-38,524782;-3,807229;;;
252080;8;6;2015;09:36;15283;RUA PEREIRA FILGUEIRAS;RUA BAR ARACATI;;;;Colisão Transversal;Luz do Dia;Bom;Seca;Cruz;Pare;Misto;0;1;1;1;0;0;0;0;0;1;0;0;-38,510707;-3,729076;;;
252081;8;6;2015;09:20;22176;AV JOSE BASTOS;AV ENG HUMBERTO MONTE;;;;Engavetamento;Luz do Dia;Bom;Seca;T;Semáforo;Comercial;0;0;4;1;0;0;0;0;0;0;0;0;-38,555455;-3,754966;;;
252112;8;6;2015;12:30;24988;RUA FRE MANSUETO;RUA TAVARES COUTINHO;;;;Colisão Lateral;;Bom;Seca;Cruz;Semáforo;Comercial;0;1;0;0;1;0;0;0;0;1;0;0;-38,488784;-3,732638;;;
252104;8;6;2015;21:30;0;AV TRISTAO GONCALVES;;;;;Colisão Transversal;Via Iluminada;Bom;Seca;Meio de Quadra;Semáforo;Comercial;0;0;2;1;0;0;0;0;0;0;0;0;;;;;
252106;8;6;2015;23:00;15437;AV FRE CIRILO;RUA HOMEM DE MELO;;;;Colisão Lateral;Via Iluminada;Bom;Seca;Cruz;Não Há Controle;Comercial;0;0;2;1;0;0;0;0;0;0;0;0;-38,497528;-3,817039;;;
252108;8;6;2015;07:20;3844;RUA JOAO GENTIL;RUA ADOLFO HERBSTER;;;;Colisão Transversal;Luz do Dia;Chuva;Molhada;Cruz;Pare;Residencial;0;0;2;1;0;0;0;0;0;0;0;0;-38,539577;-3,745475;;;
252109;8;6;2015;18:00;22100;AV JOSE BASTOS;RUA ANTONIO MARTINS;;;;Colisão Lateral;Via Iluminada;Bom;Seca;T;Pare;Residencial;0;1;1;0;1;0;0;0;0;0;0;0;-38,554113;-3,753653;;;
252110;8;6;2015;16:30;0;AV PRS CASTELO BRANCO;;;2533;;Colisão Traseira;Via Iluminada;Bom;Seca;Meio de Quadra;Outros;Residencial;0;0;2;1;0;0;1;0;0;0;0;0;;;;;
252114;8;6;2015;14:00;4087;AV FRANCISCO SA;RUA LUCAS PINTO;;;;Colisão Lateral;Luz do Dia;Bom;Seca;Cruz;Não Há Controle;Comercial;0;0;2;0;0;0;1;0;0;0;0;0;-38,559268;-3,716763;;;
252115;8;6;2015;10:00;5460;AV HERACLITO GRACA;RUA NOGUEIRA ACIOLI;;;;Colisão Traseira;Luz do Dia;Bom;Seca;Cruz;Semáforo;Comercial;0;0;2;1;0;0;0;0;0;0;0;0;-38,518518;-3,735440;;;
252116;8;6;2015;;23344;RUA EDUARDO BEZERRA;RUA NUNES VALENTE;;;;Colisão Transversal;Luz do Dia;Bom;Seca;Cruz;Pare;Residencial;0;0;2;1;0;0;0;0;0;0;0;0;-38,509234;-3,753429;;;
252117;8;6;2015;08:40;19935;RUA FRANCISCO LORDA;RUA JORGE ACURCIO;;;;Colisão Lateral;Luz do Dia;Chuva;Seca;Cruz;Pare;Residencial;0;1;1;0;0;0;1;0;0;1;0;0;-38,530533;-3,762325;;;
252122;8;6;2015;15:15;0;AV GOV RAUL BARBOSA;;;5460;;Colisão Traseira;Luz do Dia;Bom;Seca;Meio de Quadra;Não Há Controle;Residencial;0;0;2;1;0;0;0;0;0;0;0;0;-38,509270;-3,767316;;;
252119;8;6;2015;17:30;13478;RUA ILDEFONSO ALBANO;RUA PINHO PESSOA;;;;Colisão Transversal;Anoitecer;Bom;Seca;Cruz;Pare;Residencial;0;1;1;1;0;0;0;0;0;1;0;0;-38,517011;-3,744667;;;
252120;8;6;2015;12:15;7849;RUA JOSE VILAR;RUA FRANCISCO HOLANDA;;;;Colisão Transversal;Luz do Dia;Bom;Seca;Cruz;Pare;Residencial;0;1;1;1;0;0;0;0;0;1;0;0;-38,508441;-3,747448;;;
252086;8;6;2015;18:50;15360;AV DOM LUIS;AV DES MOREIRA;;;;Colisão Lateral;Via Iluminada;Bom;Seca;Rotatória;Outros;Comercial;0;0;2;1;1;0;0;0;0;0;0;0;-38,497383;-3,733239;;;
252087;8;6;2015;07:10;8096;AV DOS EXPEDICIONARIOS;TR JOSE PEDRA D44;;;;Colisão Transversal;Luz do Dia;Bom;Molhada;T;Pare;Comercial;0;1;1;0;1;0;0;0;0;1;0;0;;;;;
252088;8;6;2015;19:30;0;AV BAR STUDART;;;1127;;Outros;Via Iluminada;Bom;Seca;Meio de Quadra;Não Há Controle;Comercial;0;0;3;1;0;0;0;0;0;0;0;0;-38,506628;-3,734613;;;
252089;8;6;2015;17:20;17513;RUA MANUEL JACARE;AV ABOLICAO;;;;Colisão Lateral;Anoitecer;Bom;Seca;Cruz;Pare;Residencial;0;0;2;1;0;0;0;0;0;0;0;0;-38,487572;-3,726087;;;
252102;8;6;2015;20:30;15144;AV MON TABOSA;AV RUI BARBOSA;;;;Colisão Lateral;Via Iluminada;Bom;Seca;Cruz;Pare;Comercial;0;0;2;1;0;0;0;0;0;0;0;0;-38,505696;-3,724441;;;
252083;8;6;2015;15:50;1322;AV DOM LUIS;RUA VICENTE LEITE;;;;Engavetamento;Luz do Dia;Bom;Seca;Cruz;Semáforo;Comercial;0;0;2;1;0;0;0;0;0;0;0;0;-38,494467;-3,734197;;;
252084;8;6;2015;19:50;0;AV PRS CASTELO BRANCO;;;2426;;Colisão Lateral;Via Iluminada;Bom;Seca;Meio de Quadra;Não Há Controle;Residencial;0;0;2;1;0;0;1;0;0;0;0;0;-38,549590;-3,713413;;;
252130;8;6;2015;08:40;0;RUA ANDRADE FURTADO;;;;;Colisão Transversal;Luz do Dia;;Seca;Meio de Quadra;Pare;Misto;0;0;2;1;1;0;0;0;0;0;0;0;;;;;
252128;8;6;2015;20:15;1276;RUA CARLOS VASCONCELOS;RUA PDE LUIS FIGUEIRA;;;;Colisão Lateral;Via Iluminada;Bom;Seca;Duplo T;Pare;Residencial;0;0;2;1;0;0;0;0;0;0;0;0;-38,510962;-3,733509;;;
262544;8;6;2015;20:44;0;AV RAD JOSE LIMA VERDE;;;;;Queda;;;;Meio de Quadra;;;0;1;0;0;0;0;0;0;0;1;0;0;;;;;
262521;8;6;2015;01:56;0;AV DOS EXPEDICIONARIOS;;;3824;;Atropelamento;;;;Meio de Quadra;;;0;1;1;1;0;0;0;0;0;0;0;0;-38,537226;-3,751921;;;
262522;8;6;2015;03:43;0;AV ENG HUMBERTO MONTE;;;;;Atropelamento;;;;Meio de Quadra;;;0;1;1;1;0;0;0;0;0;0;0;0;-38,563106;-3,745988;;;
262523;8;6;2015;05:48;0;AV GODOFREDO MACIEL;;;;;Colisão;Amanhecer;;;Meio de Quadra;;;0;1;0;1;0;0;0;0;0;0;0;0;-38,565647;-3,782642;;;
262524;8;6;2015;07:22;10936;RUA ELCIAS LOPES;RUA ZACARIAS GONDIM;;;;Colisão;Luz do Dia;;;;;;0;1;1;1;0;1;0;0;0;0;0;0;-38,559103;-3,769876;;;
262525;8;6;2015;07:30;0;RUA BERNARDO MANUEL;;;;;Colisão;Luz do Dia;;;Meio de Quadra;;;0;0;2;0;0;0;0;0;0;0;0;0;;;;;
262526;8;6;2015;07:34;0;RUA MANUEL TEOFILO;;;;;Colisão;Luz do Dia;;;Meio de Quadra;;;0;1;1;1;0;0;0;0;0;1;0;0;;;;;
262527;8;6;2015;08:04;0;AV BEZERRA DE MENEZES;;;;;Queda;Luz do Dia;;;Meio de Quadra;;;0;1;0;0;0;0;0;0;0;1;0;0;-38,547792;-3,732209;;;
262528;8;6;2015;14:59;0;RUA CEL ALVES TEIXEIRA;;;;;Colisão;Luz do Dia;;;Meio de Quadra;;;0;1;1;1;0;0;0;0;0;1;0;0;;;;;
262529;8;6;2015;15:18;0;RUA MARIA GOMES DE SA;;;;;Colisão;Luz do Dia;;;Meio de Quadra;;;0;1;1;1;0;0;0;0;0;1;0;0;;;;;
262530;8;6;2015;16:24;0;RUA PDE PERDIGAO SAMPAIO;;;;;Colisão;Luz do Dia;;;Meio de Quadra;;;0;0;2;1;0;0;0;0;0;1;0;0;;;;;
262531;8;6;2015;17:15;0;AV DEP PAULINO ROCHA;;;;;Colisão;Anoitecer;;;Meio de Quadra;;;0;1;1;1;0;0;0;0;0;1;0;0;;;;;
262554;8;6;2015;21:34;0;AV CANDIDO PORTINARI;;;;;Colisão;;;;Meio de Quadra;;;0;1;1;1;0;0;0;0;0;1;0;0;-38,483802;-3,801720;;;
262555;8;6;2015;21:35;19328;RUA CON DE CASTRO;RUA EDUARDO PERDIGAO;;;;Colisão;;;;Cruz;Não Há Controle;Comercial;0;1;1;0;0;0;1;0;0;1;0;0;-38,564769;-3,775579;;;
262556;8;6;2015;22:09;0;AV CARNEIRO DE MENDONCA;;;;;Colisão;;;;Meio de Quadra;;;0;1;1;1;0;0;0;0;0;1;0;0;;;;;
262535;8;6;2015;17:17;0;AV JOAO PESSOA;;;5831;;Colisão;Anoitecer;;;Meio de Quadra;;;0;1;1;0;1;0;0;0;0;1;0;0;-38,557444;-3,761596;;;
262602;8;6;2015;00:18;0;RUA COSTA BARROS;;;;;Colisão;;;;Meio de Quadra;;;0;0;2;1;0;0;0;0;0;0;0;0;;;;;
262603;8;6;2015;11:56;0;AV WASHINGTON SOARES;;;;;Colisão;Luz do Dia;;;Meio de Quadra;;;0;0;2;1;1;0;0;0;0;0;0;0;;;;;
262619;8;6;2015;23:40;19328;RUA EDUARDO PERDIGAO;RUA CON DE CASTRO;;;;Colisão;;;;Cruz;Não Há Controle;Comercial;0;0;2;1;0;0;0;0;0;0;0;0;-38,564769;-3,775579;;;
259345;8;6;2015;07:00;0;AV SEN CARLOS JEREISSATI (AEROPORTO);;;;;Colisão;Luz do Dia;;Seca;Meio de Quadra;;;0;0;2;1;0;0;1;0;0;0;0;0;;;;;
259351;8;6;2015;13:00;0;RD CE-040;;;;KM-03;Colisão;Luz do Dia;;Seca;Meio de Quadra;;;0;0;4;1;0;0;0;0;0;0;0;0;-38,481014;-3,783185;;;
263617;8;6;2015;20:30;0;RUA DR JOSE LOURENCO;;;;;Colisão;;;;Meio de Quadra;;;0;1;0;1;0;0;0;0;0;1;0;0;;;;;
263610;8;6;2015;03:30;0;AV JOSE LEON;;;1256;;Colisão;;;;Meio de Quadra;;;0;1;0;1;0;0;0;0;1;0;0;0;-38,499515;-3,788399;;;
268046;8;6;2015;16:51;19828;RUA TIP SALES;RUA FRECHEIRINHA;;;;Colisão;Luz do Dia;;;;;;0;0;2;0;0;0;0;0;0;0;0;0;-38,564130;-3,740830;;;
268048;8;6;2015;22:11;12496;AV CARNEIRO DE MENDONCA;AV LINEU MACHADO;;;;Colisão;;;;T;Semáforo;Comercial;0;0;2;0;0;0;0;0;0;0;0;0;-38,574021;-3,760403;;;
268049;8;6;2015;22:52;12654;RUA ERETIDES ALENCAR;AV MAJ ASSIS;;;;Colisão;;;;Cruz;Não Há Controle;Residencial;0;0;2;0;0;0;0;0;0;0;0;0;-38,582691;-3,724131;;;
259036;8;6;2015;10:00;0;RD BR 222;;;;KM-02;Colisão Traseira;Luz do Dia;Bom;Seca;Meio de Quadra;Não Há Controle;Comercial;0;0;2;1;0;0;0;0;0;0;0;0;-38,586880;-3,738951;;;
259002;9;6;2015;10:15;0;RD BR 116;;;8000;KM-08;Colisão;Luz do Dia;Bom;Seca;Meio de Quadra;Não Há Controle;Comercial;0;1;1;1;0;1;0;0;0;0;0;0;-38,503269;-3,822018;;;
259003;9;6;2015;15:35;0;RD BR 116;;;7000;KM-07;Choque c/ Obstáculo Fixo;Luz do Dia;Bom;Seca;Meio de Quadra;Não Há Controle;Comercial;0;0;1;0;0;0;1;0;0;0;0;0;-38,501101;-3,813246;;;
268050;9;6;2015;11:11;0;RUA PRO RAIMUNDO ARRUDA;;;22;;Colisão;Luz do Dia;;;Meio de Quadra;;;0;0;2;0;0;0;0;0;0;0;0;0;-38,552103;-3,733360;;;
268051;9;6;2015;11:12;0;RUA D CJ VILA VELHA;;;1240;;Colisão;Luz do Dia;;;Meio de Quadra;;;0;0;2;0;0;0;0;0;0;0;0;0;;;;;
268052;9;6;2015;16:49;3969;RUA PRO COSTA MENDES;RUA FRE ORLANDO;;;;Colisão;Luz do Dia;;;Cruz;Pare;Comercial;0;0;2;0;0;0;0;0;0;0;0;0;-38,546297;-3,755259;;;
268053;9;6;2015;17:57;0;RUA MARIA TOMASIA;;;900;;Colisão;Anoitecer;;;Meio de Quadra;;;0;0;2;0;0;0;0;0;0;0;0;0;-38,494055;-3,736510;;;
268054;9;6;2015;18:00;0;RUA NUNES FEIJO;;;1614;;Choque c/ Obstáculo Fixo;Anoitecer;;;Meio de Quadra;;;0;0;1;0;0;0;0;0;0;0;0;0;-38,508831;-3,845541;;;
267810;9;6;2015;18:48;0;AV CASTELO DE CASTRO;;;;;Colisão;;;;Meio de Quadra;;;0;1;1;1;0;0;0;0;0;1;0;0;;;;;
267808;9;6;2015;18:42;19664;RUA GUSTAVO SAMPAIO;RUA PRO JOSE DE BARCELOS;;;;Colisão;;;;Cruz;Pare;Residencial;0;1;1;1;0;0;0;0;0;1;0;0;-38,550829;-3,734101;;;
259357;9;6;2015;10:25;0;RD CE-040;;;;KM-08;Colisão;Luz do Dia;;Molhada;Meio de Quadra;;;0;0;2;0;0;0;0;0;0;1;0;0;-38,481317;-3,823332;;;
259358;9;6;2015;14:27;0;RD CE-040;;;;KM-02;Colisão;Luz do Dia;;Molhada;Meio de Quadra;;;0;1;1;0;0;0;0;0;0;1;0;0;-38,481598;-3,776479;;;
262590;9;6;2015;19:17;0;RUA ARTUR DE CARVALHO;;;;;Colisão;;;;Meio de Quadra;;;0;1;1;1;0;0;0;0;0;1;0;0;;;;;
262591;9;6;2015;19:22;0;AV CEL CARVALHO;;;;;Colisão;;;;Meio de Quadra;;;0;1;1;0;0;0;0;0;0;0;0;0;;;;;
262593;9;6;2015;21:27;0;AV DR SILAS MUNGUBA;;;;;Queda;;;;Meio de Quadra;;;0;1;0;0;0;0;0;0;0;1;0;0;-38,537743;-3,791270;;;
262594;9;6;2015;21:56;0;AV PERIMETRAL;;;;;Atropelamento;;;;Meio de Quadra;;;0;1;1;0;0;0;0;0;0;0;0;0;;;;;
262586;9;6;2015;18:55;0;RUA BAR RIO BRANCO;;;;;Atropelamento;;;;Meio de Quadra;;;0;1;0;0;0;0;0;0;0;1;0;0;;;;;
262584;9;6;2015;18:36;0;RUA PRO GOMES BRASIL;;;;;Colisão;;;;Meio de Quadra;;;0;1;1;1;0;0;0;0;0;1;0;0;;;;;
262558;9;6;2015;10:27;12687;RUA PRP NASSAU;RUA ERETIDES ALENCAR;;;;Choque c/ Obstáculo Fixo;Luz do Dia;;;;;;0;1;0;1;0;0;0;0;0;0;0;0;-38,583113;-3,728655;;;
262559;9;6;2015;10:29;0;AV D CJ CEARA;;;;;Colisão;Luz do Dia;;;Meio de Quadra;;;0;2;0;0;0;0;0;0;0;1;0;0;-38,602612;-3,762883;;;
262580;9;6;2015;17:04;0;AV RAD JOSE LIMA VERDE;;;;;Atropelamento;Anoitecer;;;Meio de Quadra;;;0;1;0;0;0;0;0;0;0;1;0;0;-38,586383;-3,696108;;;
262581;9;6;2015;17:35;0;RUA JOVINO VERISSIMO;;;;;Atropelamento;Anoitecer;;;Meio de Quadra;;;0;1;0;1;0;0;0;0;0;0;0;0;;;;;
262562;9;6;2015;15:39;0;AV PRS COSTA E SILVA;;;;;Queda;Luz do Dia;;;Meio de Quadra;;;0;1;0;0;0;0;0;0;0;1;0;0;;;;;
252131;9;6;2015;16:30;25986;RUA PDE PEDRO DE ALENCAR;RUA MANOEL VIRINO;;;;Colisão Transversal;Luz do Dia;Bom;Seca;Cruz;Não Há Controle;Comercial;0;0;2;0;1;0;1;0;0;0;0;0;-38,494812;-3,848501;;;
252132;9;6;2015;19:30;1658;RUA MON CATAO;RUA BENI DE CARVALHO;;;;Colisão Lateral;Via Iluminada;Bom;Seca;Cruz;Outros;Comercial;0;0;2;1;0;0;0;0;0;0;0;0;-38,493113;-3,746618;;;
252127;9;6;2015;17:13;0;AV JOR THOMAZ COELHO;;;1416;;Colisão Traseira;Mal Iluminada;Bom;Seca;Meio de Quadra;Não Há Controle;Misto;0;1;1;1;0;0;0;0;0;1;0;0;-38,507842;-3,830236;;;
252124;9;6;2015;19:45;0;RUA FLORENCIO ALENCAR;;;;;Colisão Lateral;Via Iluminada;Bom;Seca;Meio de Quadra;Não Há Controle;Comercial;0;1;1;0;1;0;0;0;0;1;0;0;;;;;
252125;9;6;2015;08:00;0;AV SGT HERMINIO SAMPAIO;;;1628;;Colisão Lateral;Luz do Dia;Bom;Seca;Meio de Quadra;Não Há Controle;Comercial;0;1;1;1;0;0;0;0;0;1;0;0;-38,555230;-3,725394;;;
252171;9;6;2015;07:00;0;AV JOSE BASTOS;;;2380;;Colisão Transversal;Amanhecer;Bom;Seca;Meio de Quadra;Não Há Controle;Comercial;0;1;1;1;0;0;0;0;0;1;0;0;;;;;
252172;9;6;2015;12:45;12925;AV DOMINGOS OLIMPIO;AV AGUANAMBI;;;;Colisão Traseira;Luz do Dia;Bom;Seca;Cruz;Semáforo;Misto;0;0;2;1;0;0;1;0;0;0;0;0;-38,524628;-3,738683;;;
252173;9;6;2015;07:50;24392;RUA TEODORICO BARROSO;AV LUCIANO CARNEIRO;;;;Colisão Lateral;Luz do Dia;Bom;Seca;Cruz;Pare;Comercial;0;0;2;1;0;0;0;0;0;1;0;0;-38,537620;-3,767956;;;
252174;9;6;2015;04:55;0;RUA URUCUTUBA;;;1547;;Colisão Lateral;Amanhecer;Bom;Seca;Meio de Quadra;;Residencial;0;0;2;0;1;0;1;0;0;0;0;0;-38,609435;-3,797759;;;
252175;9;6;2015;11:30;0;RUA MAJ FACUNDO;;;692;;;Luz do Dia;Bom;Seca;Meio de Quadra;Não Há Controle;Comercial;0;0;2;1;0;0;0;0;0;0;0;0;-38,528383;-3,729225;;;
252176;9;6;2015;08:30;588;RUA ANA FACO;RUA FRE TEOBALDO;;;;Colisão Transversal;Luz do Dia;Bom;Seca;Cruz;Pare;Comercial;0;0;2;1;0;0;0;0;0;0;0;0;-38,561634;-3,715154;;;
252177;9;6;2015;12:40;15699;RUA MEM DE SA;RUA GUILHERME PESSOA;;;;Colisão Lateral;Luz do Dia;Bom;Seca;Cruz;Não Há Controle;Residencial;0;0;2;1;0;0;0;0;0;0;0;0;-38,485338;-3,827417;;;
252178;9;6;2015;18:20;19161;RUA LAURO NOGUEIRA;RUA PRO OTAVIO LOBO;;;;Colisão Transversal;Via Iluminada;Bom;Seca;Cruz;Semáforo;Residencial;0;1;1;1;0;0;0;0;0;1;0;0;-38,476452;-3,740673;;;
252179;9;6;2015;07:40;0;AV PRS COSTA E SILVA;;;863;;Colisão Lateral;Luz do Dia;Bom;Seca;Meio de Quadra;Outros;Misto;0;0;2;1;0;0;0;0;0;0;0;0;-38,571498;-3,812873;;;
252180;9;6;2015;15:30;12836;AV DOMINGOS OLIMPIO;RUA BAR ARATANHA;;;;Colisão Lateral;Luz do Dia;Bom;Seca;Cruz;Semáforo;Comercial;0;0;2;1;0;0;0;0;0;0;0;0;-38,527953;-3,737562;;;
252181;9;6;2015;07:40;12863;AV DOMINGOS OLIMPIO;RUA FLORIANO PEIXOTO;;;;Colisão Transversal;Luz do Dia;Bom;Seca;Cruz;Pare;Comercial;0;0;2;1;1;0;0;0;0;0;0;0;-38,530313;-3,736976;;;
252182;9;6;2015;13:20;300;RUA DOM LINO;RUA DAMIAO FERNANDES;;;;Colisão Lateral;Luz do Dia;Bom;Seca;Cruz;Pare;Residencial;0;0;2;1;0;0;0;0;0;0;0;0;-38,555700;-3,743350;;;
252183;9;6;2015;08:10;0;AV PRS COSTA E SILVA;;;834;;Colisão Traseira;Luz do Dia;Bom;Seca;Meio de Quadra;Não Há Controle;Comercial;0;0;2;1;0;0;0;0;0;0;0;0;;;;;
252184;9;6;2015;07:20;1285;AV DOM LUIS;RUA VIS MAUA;;;;Colisão Transversal;Luz do Dia;Bom;Seca;Cruz;Pare;Comercial;0;2;1;0;0;0;0;0;1;0;0;0;-38,498390;-3,732923;;;
252185;9;6;2015;10:00;0;AV LUCIANO CARNEIRO;;;;;Colisão Transversal;Luz do Dia;Bom;Seca;Meio de Quadra;Não Há Controle;Misto;0;1;1;1;0;0;0;0;0;1;0;0;;;;;
252186;9;6;2015;19:30;15295;RUA PEREIRA FILGUEIRAS;RUA CARLOS VASCONCELOS;;;;Colisão Lateral;Via Iluminada;Bom;Seca;Duplo T;Semáforo Intermitente;Misto;0;0;2;1;0;0;0;0;0;0;0;0;-38,509622;-3,729429;;;
252187;9;6;2015;15:54;0;AV DEP PAULINO ROCHA;;;1285;;Colisão Transversal;Luz do Dia;Nublado;Seca;Meio de Quadra;Pare;Misto;0;0;2;1;0;0;0;0;0;0;0;0;-38,508509;-3,807950;;;
252188;9;6;2015;18:51;15329;RUA VIS MAUA;RUA REPUBLICA DO LIBANO;;;;Colisão;Via Iluminada;Bom;Seca;Cruz;Pare;Residencial;0;1;1;1;0;0;0;0;0;1;0;0;-38,497750;-3,730960;;;
252189;9;6;2015;18:45;0;RUA JUVENAL GALENO;;;403;;Colisão Traseira;Via Iluminada;Bom;Seca;Meio de Quadra;Semáforo;Misto;0;0;2;1;0;0;0;0;0;1;0;0;-38,539011;-3,739140;;;