COD_ACIDENTE;DIA;MES;ANO;HORA;INTERSECAO;LOG1;LOG2;LOG3;NUMERO;REFERENCIA;NATUREZA;ILUMINACAO;TEMPO;SUPERFICIEPISTA;TIPOCRUZAMENTO;CONTROLETRAFEGO;USOSOLO;MORTOS;FERIDOS;ILESOS;AUTOMOVEL;ONIBUS;BICICLETA;CAMINHAO;MICROONIBUS;CICLOMOTOR;MOTOCICLETA;TRACAOANIMAL;TREM;LONG;LAT;;;
252190;9;6;2015;09:50;7861;RUA CEL JUCA;AV ANTONIO SALES;;;;Colisão Traseira;Luz do Dia;Bom;Seca;Cruz;Semáforo;Comercial;0;0;2;1;0;0;0;0;0;0;0;0;-38,494573;-3,747893;;;
252191;9;6;2015;15:15;22120;RUA CEL NUNES DE MELO;RUA PRO COSTA MENDES;;;;Colisão Transversal;Luz do Dia;Bom;Seca;Cruz;Pare;Comercial;0;0;2;0;0;0;0;0;0;0;0;0;-38,553197;-3,749003;;;
252192;9;6;2015;21:00;0;RUA PDE PEDRO DE ALENCAR;;;244;;Colisão Lateral;Via Iluminada;Bom;Seca;Outros;Não Há Controle;Comercial;0;0;2;0;0;0;0;0;0;0;0;0;-38,493766;-3,829791;;;
252193;9;6;2015;14:30;15301;RUA TEN BENEVOLO;RUA SILVA PAULET;;;;Colisão Transversal;Luz do Dia;Bom;Seca;Cruz;Pare;Misto;0;1;2;1;0;0;0;0;0;0;0;0;-38,503888;-3,729724;;;
252194;9;6;2015;17:00;0;AV SANTOS DUMONT;;;5150;;Colisão Traseira;Luz do Dia;Bom;Seca;Meio de Quadra;Não Há Controle;Comercial;0;0;2;1;1;0;0;0;0;0;0;0;-38,485326;-3,740445;;;
252195;9;6;2015;21:40;0;AV GODOFREDO MACIEL;;;201;ASSAI;Colisão Transversal;Via Iluminada;Bom;Seca;Meio de Quadra;Não Há Controle;Comercial;0;1;1;1;0;0;0;0;0;1;0;0;-38,564374;-3,778393;;;
252196;9;6;2015;19:30;13507;RUA DR JOSE LOURENCO;RUA CEL ALVES TEIXEIRA;;;;Outros;Via Iluminada;Bom;Seca;Cruz;Pare;Residencial;0;0;2;1;0;0;0;0;0;0;0;0;-38,511496;-3,746256;;;
252197;9;6;2015;17:00;3896;AV EDUARDO GIRAO;RUA CARLOS CAMARA;;;;Colisão Transversal;Luz do Dia;Bom;Seca;Cruz;Pare;Comercial;0;0;3;1;0;0;0;0;0;0;0;0;-38,543106;-3,747043;;;
252198;9;6;2015;11:40;0;RUA CARLOS AMORA;;;;;Colisão Traseira;Luz do Dia;Bom;Seca;Meio de Quadra;Pare;Comercial;0;0;2;1;0;0;0;0;0;0;0;0;;;;;
252199;9;6;2015;20:26;25116;AV ROGACIANO LEITE;RUA PDE FRANCISCO PITA;;;;Atropelamento;Via Iluminada;Bom;Seca;Cruz;Pare;Residencial;0;0;2;1;0;0;0;0;0;0;0;0;-38,501766;-3,780960;;;
252134;9;6;2015;13:00;0;AV SANTOS DUMONT;;;3646;;Colisão Traseira;Luz do Dia;Bom;Seca;Meio de Quadra;;Misto;0;0;2;1;0;0;0;0;0;0;0;0;-38,491451;-3,738462;;;
252135;9;6;2015;07:15;13435;RUA ANTONIO AUGUSTO;RUA ADOLFO SIQUEIRA;;;;Colisão Transversal;Luz do Dia;Bom;Seca;Cruz;Pare;Residencial;0;0;2;1;0;0;0;0;0;0;0;0;-38,517599;-3,742786;;;
252136;9;6;2015;17:10;0;AV ABOLICAO;;;2933;;Colisão Traseira;Luz do Dia;Bom;Seca;Meio de Quadra;Não Há Controle;Comercial;0;0;2;1;0;0;0;0;0;1;0;0;-38,493084;-3,726929;;;
252137;9;6;2015;18:00;24270;RUA DELMIRO GOUVEIA;RUA PEREIRA VALENTE;;;;Colisão Transversal;Anoitecer;Bom;Seca;Cruz;Não Há Controle;Residencial;0;0;2;1;0;0;0;0;0;0;0;0;-38,488125;-3,734817;;;
252138;9;6;2015;07:15;9219;AV 13 DE MAIO;RUA EUSEBIO DE SOUZA;;;;Colisão Transversal;Luz do Dia;Bom;Seca;Cruz;Pare;Comercial;0;0;2;1;1;0;0;0;0;0;0;0;-38,529402;-3,749261;;;
252139;9;6;2015;07:50;0;RUA METON DE ALENCAR;;;1757;;Colisão Lateral;Luz do Dia;Bom;Seca;Meio de Quadra;Não Há Controle;Comercial;0;0;2;1;0;0;0;1;0;0;0;0;-38,539293;-3,730845;;;
252099;9;6;2015;18:00;20814;RUA JOSE PONTES;RUA DOM MANUEL DE MEDEIROS;;;;Colisão Lateral;Via Iluminada;Bom;Seca;Cruz;Pare;Comercial;0;0;2;1;0;0;0;0;0;0;0;0;-38,568598;-3,739964;;;
252123;10;6;2015;19:40;0;AV OLIVEIRA PAIVA;;;695;IGREJA DA GLÓRIA;Colisão Traseira;Não Iluminada;Bom;Seca;Meio de Quadra;Semáforo Danificado;Comercial;0;0;2;1;0;0;0;0;0;0;0;0;-38,500084;-3,797223;;;
252118;10;6;2015;17:20;1447;AV DES MOREIRA;RUA EDUARDO GARCIA;;;;Colisão Lateral;;Bom;;Cruz;Semáforo;Comercial;0;0;2;1;0;0;0;0;0;0;0;0;;;;;
252140;10;6;2015;07:20;3887;RUA WALDERY UCHOA;RUA ANTENOR FROTA WANDERLEY;;;;Colisão Transversal;Luz do Dia;Bom;Seca;Cruz;Pare;Residencial;0;0;2;1;0;0;0;0;0;0;0;0;-38,540663;-3,745992;;;
252141;10;6;2015;09:00;5627;AV ROGACIANO LEITE;AV JOSE LEON;;;;Colisão Lateral;Luz do Dia;Bom;Seca;Cruz;Semáforo;Residencial;0;0;2;0;0;0;1;0;0;1;0;0;-38,503527;-3,787355;;;
252142;10;6;2015;15:20;5039;RUA PESSOA ANTA;AV ALBERTO NEPOMUCENO;;;;Colisão Lateral;Luz do Dia;Bom;Seca;Cruz;Semáforo;Comercial;0;0;2;1;0;0;0;0;0;0;0;0;-38,523212;-3,721257;;;
252144;10;6;2015;15:10;0;AV BEZERRA DE MENEZES;;;325;;;Luz do Dia;Bom;Seca;Meio de Quadra;Semáforo;Comercial;0;0;2;0;0;0;0;0;0;0;0;0;-38,547695;-3,732190;;;
252145;10;6;2015;20:00;7957;AV PONTES VIEIRA;AV BAR STUDART;;;;Colisão Lateral;Via Iluminada;Bom;Seca;Cruz;Semáforo;Comercial;0;0;2;1;1;0;0;0;0;0;0;0;-38,512361;-3,752590;;;
252146;10;6;2015;07:00;0;AV JOSE BASTOS;;;5647;;Colisão Traseira;Luz do Dia;Bom;Seca;Meio de Quadra;Não Há Controle;Comercial;0;0;1;1;0;0;0;0;0;0;0;0;-38,564894;-3,761201;;;
252147;10;6;2015;09:36;0;RUA JACINTO MATOS;;;687;;Atropelamento;Luz do Dia;Bom;Seca;Meio de Quadra;Não Há Controle;Comercial;0;2;0;1;0;0;0;0;0;0;0;0;;;;;
252148;10;6;2015;17:00;0;AV AGUANAMBI;;;;ROTATÓRIA;Colisão Lateral;Via Iluminada;Bom;Seca;Meio de Quadra;Semáforo;Residencial;0;0;2;1;0;0;0;0;0;0;0;0;-38,523043;-3,755538;;;
252149;10;6;2015;21:50;0;AV AGUANAMBI;;;;COMANDO GERAL DA PM;Colisão Frontal;Via Iluminada;Bom;Seca;Meio de Quadra;Não Há Controle;Residencial;1;1;1;0;0;0;0;0;0;1;0;0;-38,523043;-3,755538;;;
252150;10;6;2015;12:30;0;AV PDE ANTONIO TOMAS;;;;;Colisão Lateral;Luz do Dia;Bom;Seca;Meio de Quadra;Não Há Controle;Residencial;0;0;2;1;1;0;0;0;0;0;0;0;;;;;
252151;10;6;2015;10:00;25049;AV PONTES VIEIRA;RUA CAP MELO;;;;Colisão Traseira;Luz do Dia;Bom;Seca;Cruz;Semáforo;Comercial;0;0;3;1;0;0;0;0;0;0;0;0;-38,513797;-3,752762;;;
252152;10;6;2015;09:00;0;AV PRS CASTELO BRANCO;;;;;Colisão Lateral;;Bom;Seca;Meio de Quadra;Semáforo;Comercial;0;0;2;1;0;0;0;0;0;0;0;0;;;;;
252153;10;6;2015;14:00;0;RUA PIAUI;;;1388;;Colisão Traseira;Luz do Dia;Bom;Seca;Meio de Quadra;Outros;Residencial;0;0;2;1;1;0;0;0;0;0;0;0;;;;;
252154;10;6;2015;14:50;0;AV PONTES VIEIRA;;;;;Colisão Traseira;Luz do Dia;Bom;Seca;Meio de Quadra;Não Há Controle;Comercial;0;1;1;1;0;0;0;0;0;1;0;0;;;;;
252155;10;6;2015;06:15;1433;RUA LEONARDO MOTA;RUA DES LEITE ALBUQUERQUE;;;;Colisão Lateral;;Bom;Seca;Cruz;Semáforo;Comercial;0;0;2;1;0;0;0;0;0;0;0;0;-38,496708;-3,737862;;;
252156;10;6;2015;13:40;12842;RUA JAIME BENEVOLO;RUA CARLOS GOMES;;;;Colisão Transversal;Luz do Dia;Bom;Seca;Cruz;Pare;Residencial;0;0;2;1;0;0;0;0;0;0;0;0;-38,528298;-3,740955;;;
252157;10;6;2015;09:10;0;AV ANTONIO SALES;;;55;;Colisão Traseira;Luz do Dia;Bom;Seca;Meio de Quadra;Semáforo;Comercial;0;0;2;1;0;0;0;0;0;0;0;0;-38,522994;-3,738817;;;
252158;10;6;2015;09:00;0;AV AGUANAMBI;;;;ROTATÓRIA;Colisão Traseira;Luz do Dia;Bom;Seca;Meio de Quadra;Semáforo;Comercial;0;0;2;1;0;0;0;0;0;0;0;0;-38,523043;-3,755538;;;
252159;10;6;2015;20:00;5627;AV ROGACIANO LEITE;AV JOSE LEON;;;;Colisão Lateral;Anoitecer;Bom;Seca;Cruz;Semáforo;Comercial;0;0;2;1;0;0;0;0;0;0;0;0;-38,503527;-3,787355;;;
252160;10;6;2015;08:00;17366;RUA ROMEU MARTINS;RUA EDITE BRAGA;;;;Colisão Lateral;;Bom;Seca;Cruz;Pare;Residencial;0;0;2;1;0;0;0;0;0;0;0;0;-38,552486;-3,766408;;;
252161;10;6;2015;07:45;25069;AV DOS EXPEDICIONARIOS;RUA RAUL CABRAL;;;;Colisão Traseira;Luz do Dia;Bom;Seca;Cruz;Semáforo;Residencial;0;0;2;1;0;0;0;0;0;0;0;0;-38,542595;-3,769605;;;
252162;10;6;2015;13:30;0;RUA DEMETRIO MENEZES;;;1861;TERM. ANTONIO BEZERRA;Engavetamento;Luz do Dia;Bom;Seca;Outros;Semáforo;Comercial;0;0;3;1;0;0;0;1;0;0;0;0;-38,584051;-3,736655;;;
252163;10;6;2015;08:00;12614;AV CEL CARVALHO;RUA COS LAFAYETE;;;;Colisão Traseira;Luz do Dia;Bom;Seca;Cruz;Semáforo Intermitente;Comercial;0;1;1;1;0;0;0;0;0;0;0;0;-38,587938;-3,717512;;;
252164;10;6;2015;11:15;0;AV ENG HUMBERTO MONTE;;;1745;;Colisão Lateral;Luz do Dia;Bom;Seca;Meio de Quadra;Não Há Controle;Residencial;0;0;2;1;0;0;1;0;0;0;0;0;-38,563394;-3,745641;;;
252165;10;6;2015;19:00;1439;RUA FONSECA LOBO;RUA MARIA TOMASIA;;;;Colisão Transversal;Anoitecer;Bom;Seca;Cruz;Pare;Residencial;0;0;2;1;0;0;0;0;0;0;0;0;-38,489290;-3,738057;;;
252166;10;6;2015;09:48;12614;AV CEL CARVALHO;RUA COS LAFAYETE;;;;Colisão Traseira;Luz do Dia;Bom;Seca;Cruz;Semáforo;Comercial;0;0;2;1;0;0;0;0;0;1;0;0;-38,587938;-3,717512;;;
252167;10;6;2015;18:00;0;AV GAL OSORIO DE PAIVA;;;;;Colisão Lateral;Anoitecer;Bom;;Meio de Quadra;;;0;0;2;1;0;0;0;0;0;0;0;0;;;;;
252168;10;6;2015;07:30;5384;RUA PDE MORORO;RUA ANTONIO POMPEU;;;;Colisão Transversal;Luz do Dia;Bom;Seca;Cruz;Pare;Comercial;0;0;2;1;0;0;0;0;0;0;0;0;-38,539450;-3,731997;;;
252169;10;6;2015;16:30;5290;AV DUQ CAXIAS;RUA PDE MORORO;;;;Colisão Transversal;Luz do Dia;Bom;Seca;Cruz;Semáforo;Comercial;0;0;2;1;0;0;1;0;0;0;0;0;-38,538552;-3,728983;;;
252170;10;6;2015;12:30;1378;RUA OSVALDO CRUZ (ALDEOTA);RUA DES LEITE ALBUQUERQUE;;;;Colisão Transversal;Luz do Dia;Bom;Seca;Cruz;Pare;Misto;0;0;2;1;0;0;0;0;0;0;0;0;-38,500640;-3,736598;;;
252126;10;6;2015;10:05;8934;AV DOMINGOS OLIMPIO;RUA PDE MORORO;;;;Colisão Transversal;Luz do Dia;Bom;Seca;Cruz;Pare;Residencial;0;1;1;1;0;0;0;0;0;1;0;0;-38,539949;-3,733752;;;
252133;10;6;2015;12:30;0;AV JOSE BASTOS;;;1350;;Colisão Traseira;Luz do Dia;Bom;Seca;Meio de Quadra;Outros;Comercial;0;0;2;1;0;0;0;0;0;0;0;0;;;;;
252129;10;6;2015;19:50;13507;RUA DR JOSE LOURENCO;RUA CEL ALVES TEIXEIRA;;;;Colisão Lateral;Via Iluminada;Bom;Seca;;Não Há Controle;Outros;0;0;2;0;0;0;0;0;0;0;0;0;-38,511496;-3,746256;;;
268301;10;6;2015;22:53;0;AV SEN FERNANDES TAVORA;;;1264;;Colisão;;;;Meio de Quadra;;;0;0;2;0;0;0;0;0;0;0;0;0;-38,584311;-3,761044;;;
268303;10;6;2015;23:43;5490;AV DOM MANUEL;AV AGUANAMBI;;;;Colisão;;;;;;;0;0;2;0;0;0;0;0;0;0;0;0;-38,523967;-3,736873;;;
262595;10;6;2015;06:08;0;RUA BAR AQUIRAZ;;;;;Colisão;Luz do Dia;;;Meio de Quadra;;;0;1;1;0;0;0;0;0;0;0;0;0;;;;;
262641;10;6;2015;10:52;0;AV WASHINGTON SOARES;;;;;Atropelamento;Luz do Dia;;;Meio de Quadra;;;0;1;1;1;0;0;0;0;0;0;0;0;;;;;
262669;10;6;2015;22:53;10749;AV SEN FERNANDES TAVORA;RUA PRO HERIBALDO COSTA;;;;Colisão;;;;Cruz;Semáforo;Comercial;0;1;1;0;0;0;0;0;0;0;0;0;-38,584384;-3,761006;;;
262667;10;6;2015;23:17;1219;RUA JOAO CORDEIRO;RUA COSTA BARROS;;;;Colisão;;;;Cruz;Semáforo;Misto;0;0;3;1;1;0;0;0;0;0;0;0;-38,514331;-3,729449;;;
262654;10;6;2015;17:00;0;AV PRS CASTELO BRANCO;;;;;Colisão;Anoitecer;;;Meio de Quadra;;;0;1;1;1;0;1;0;0;0;0;0;0;;;;;
262659;10;6;2015;20:11;0;AV PRS COSTA E SILVA;;;;;Colisão;;;;Meio de Quadra;;;0;1;1;1;0;0;0;0;0;1;0;0;;;;;
262661;10;6;2015;20:25;0;AV GAL OSORIO DE PAIVA;;;;;Atropelamento;;;;Meio de Quadra;;;0;2;0;0;0;0;0;0;0;1;0;0;;;;;
262662;10;6;2015;21:26;19442;RUA GERMANO FRANCK;AV GODOFREDO MACIEL;;;;Atropelamento;;;;;Semáforo;Comercial;0;2;0;0;0;0;0;0;0;1;0;0;-38,564715;-3,779532;;;
262663;10;6;2015;11:37;0;AV GODOFREDO MACIEL;;;;;Colisão;Luz do Dia;;;Meio de Quadra;;;0;0;2;1;0;0;1;0;0;0;0;0;;;;;
262664;10;6;2015;21:33;0;RUA PDE PEDRO DE ALENCAR;;;;;Atropelamento;;;;Meio de Quadra;;;0;1;1;1;0;0;0;0;0;0;0;0;;;;;
262665;10;6;2015;21:46;0;RUA AUGUSTA BENEVIDES;;;805;;Atropelamento;;;;Meio de Quadra;;;0;1;1;0;0;0;0;0;0;1;0;0;-38,498093;-3,849136;;;
262651;10;6;2015;16:17;0;AV BORGES DE MELO;;;;;Queda;Luz do Dia;;;Meio de Quadra;;;0;1;0;0;0;0;0;0;0;1;0;0;-38,537014;-3,753959;;;
262652;10;6;2015;16:22;0;RUA TULIPA NEGRA;RUA VICENTE CELESTINO;;;;Colisão;Luz do Dia;;;;;;0;1;1;1;0;0;0;0;0;1;0;0;;;;;
262648;10;6;2015;11:56;0;RUA VALPARAISO;;;;;Queda;Luz do Dia;;;Meio de Quadra;;;0;1;0;0;0;0;0;0;0;1;0;0;;;;;
262645;10;6;2015;11:10;19787;RUA DOM LINO;RUA PDE GUERRA;;;;Colisão;Luz do Dia;;;Cruz;Pare;Residencial;0;1;1;0;0;0;1;0;0;1;0;0;-38,556643;-3,738718;;;
262643;10;6;2015;11:31;0;AV ODILON GUIMARAES;;;4365;;Colisão;Luz do Dia;;;Meio de Quadra;;;0;2;0;0;0;0;0;0;0;1;0;0;-38,462333;-3,810305;;;
262612;10;6;2015;07:13;0;RUA COMERCIO D57;;;;;Atropelamento;Luz do Dia;;;Meio de Quadra;;;0;2;0;0;0;0;0;0;0;1;0;0;;;;;
262613;10;6;2015;07:36;0;RUA GERMANO FRANCK;;;;;Colisão;Luz do Dia;;;Meio de Quadra;;;0;1;1;0;0;0;0;0;0;0;0;0;-38,563808;-3,778750;;;
259362;10;6;2015;09:50;0;RD CE-060;;;;KM-01;Colisão;Luz do Dia;;Seca;Meio de Quadra;;;0;1;2;1;0;0;0;0;0;0;0;0;-38,576995;-3,819537;;;
252218;10;6;2015;15:50;20269;AV PRS JUSCELINO KUBITSCHEK (PASSARÉ);RUA ELDORADO;;;;Colisão Traseira;Via Iluminada;Bom;Seca;Cruz;Semáforo;Residencial;0;0;2;1;0;0;0;0;0;0;0;0;-38,531633;-3,816307;;;
267693;10;6;2015;03:30;0;RUA DESCONHECIDA;;;;;Colisão;;;;Meio de Quadra;;;1;0;0;0;0;0;0;0;0;1;0;0;;;;;
268055;10;6;2015;10:57;16557;AV GODOFREDO MACIEL;RUA MIRTYL MEYER;;;;Colisão;Luz do Dia;;;Cruz;Não Há Controle;Comercial;0;0;2;0;0;0;0;0;0;0;0;0;-38,573893;-3,809211;;;
268056;10;6;2015;11:53;0;AV ZEZE DIOGO;;;;;Colisão;Luz do Dia;;;Meio de Quadra;;;0;0;2;0;0;0;0;0;0;0;0;0;;;;;
268140;10;6;2015;22:42;1219;RUA COSTA BARROS;RUA JOAO CORDEIRO;;;;;;;;Cruz;Semáforo;Misto;0;0;1;0;0;0;0;0;0;0;0;0;-38,514331;-3,729449;;;
268123;10;6;2015;20:33;0;AV OLIVEIRA PAIVA;;;2982;;Atropelamento;;;;Meio de Quadra;;;0;0;2;0;0;0;0;0;0;0;0;0;-38,480733;-3,795781;;;
268119;10;6;2015;16:50;0;RUA CON DE CASTRO;;;9480;;Colisão;Luz do Dia;;;Meio de Quadra;;;0;0;2;0;0;0;0;0;0;0;0;0;-38,606019;-3,825233;;;
268120;10;6;2015;17:20;5100;AV MON TABOSA;AV DOM MANUEL;;;;Colisão;Anoitecer;;;Cruz;Semáforo;Comercial;0;0;2;0;0;0;0;0;0;0;0;0;-38,519439;-3,723554;;;
259005;10;6;2015;08:00;0;RD BR 116;;;11000;KM-11;Colisão Lateral;Luz do Dia;Bom;Seca;Meio de Quadra;Não Há Controle;Comercial;0;0;2;1;0;0;0;0;0;0;0;0;-38,497176;-3,847160;;;
259006;10;6;2015;17:00;0;RD BR 116;;;14000;KM-14;Choque c/ Obstáculo Fixo;Anoitecer;Bom;Seca;Meio de Quadra;Não Há Controle;Comercial;0;0;1;0;0;0;1;0;0;0;0;0;-38,499242;-3,873523;;;
259037;10;6;2015;23:10;0;RD BR 222;;;;KM-03;Colisão Traseira;Via Iluminada;Bom;Seca;Meio de Quadra;Não Há Controle;Comercial;0;0;2;0;1;0;0;1;0;0;0;0;-38,571997;-3,736999;;;
252396;10;6;2015;21:38;0;RUA MOURA MATOS;AV SAUDADE D68;;;;Colisão Traseira;Via Iluminada;Bom;Seca;Meio de Quadra;Não Há Controle;Outros;0;0;2;1;0;0;1;0;0;0;0;0;;;;;
259038;11;6;2015;06:40;0;RD BR 222;;;;KM-02;Colisão Lateral;Luz do Dia;Bom;Seca;Meio de Quadra;Não Há Controle;Comercial;0;1;1;1;0;0;0;0;0;1;0;0;-38,586880;-3,738951;;;
259040;11;6;2015;12:50;0;RD BR 222;;;;KM-01;Colisão Traseira;Luz do Dia;Bom;Seca;Meio de Quadra;Não Há Controle;Comercial;0;1;1;1;0;0;0;0;0;1;0;0;-38,577952;-3,737774;;;
259041;11;6;2015;12:50;0;RD BR 222;;;;KM-01;Colisão Traseira;Luz do Dia;Bom;Seca;Meio de Quadra;Não Há Controle;Comercial;0;0;2;0;1;0;0;0;0;0;0;0;-38,577952;-3,737774;;;
259042;11;6;2015;13:30;0;RD BR 222;;;;;Colisão Traseira;Luz do Dia;Bom;Seca;Meio de Quadra;Não Há Controle;Comercial;0;1;2;1;0;0;1;0;0;0;0;0;;;;;
273280;11;6;2015;18:25;5269;RUA PDE IBIAPINA;AV DUQ CAXIAS;;;;Colisão;Anoitecer;;;Cruz;Semáforo;Comercial;0;1;0;0;0;0;0;0;0;0;0;0;-38,540226;-3,728446;;;
273277;11;6;2015;17:54;0;AV PERIMETRAL;;;;;Colisão;Anoitecer;;;Meio de Quadra;;;0;1;0;1;0;0;0;0;0;1;0;0;;;;;
273285;11;6;2015;20:46;0;RUA OLIVEIRA SOBRINHO;;;;;Colisão;;;;Meio de Quadra;;;0;1;0;0;0;0;0;0;0;1;0;0;-38,596242;-3,779994;;;
273288;11;6;2015;21:07;7223;RUA IRINEU DE SOUZA;RUA ALVES LIMA;;;;Queda;;;;Cruz;Pare;Residencial;0;1;0;0;0;0;0;0;0;1;0;0;-38,569298;-3,710391;;;
273294;11;6;2015;22:34;0;RUA ILDEFONSO ALBANO;;;;;Colisão;;;;Meio de Quadra;;;0;1;0;1;0;0;0;0;0;1;0;0;-38,510174;-3,723651;;;
273249;11;6;2015;14:20;0;RUA PINTO MADEIRA;;;;;Colisão;Luz do Dia;;;Meio de Quadra;;;0;1;0;1;0;0;0;0;0;0;0;0;;;;;
273232;11;6;2015;13:18;0;ET DO FIO (MESSEJANA);;;;;Colisão;Luz do Dia;;;Meio de Quadra;;;0;1;0;1;0;0;0;0;0;1;0;0;;;;;
273254;11;6;2015;16:23;0;AV GAL OSORIO DE PAIVA;;;;;Queda;Luz do Dia;;;Meio de Quadra;;;0;1;0;0;0;0;0;0;0;1;0;0;;;;;
273261;11;6;2015;16:32;0;AV SEN FERNANDES TAVORA;;;;;Queda;Luz do Dia;;;Meio de Quadra;;;0;1;0;0;0;0;0;0;0;1;0;0;;;;;
273267;11;6;2015;16:54;0;RUA DORALICE COSTA;;;;;Colisão;Luz do Dia;;;Meio de Quadra;;;0;1;0;1;0;0;0;0;0;1;0;0;;;;;
252219;11;6;2015;06:50;0;RUA MARTINS NETO;;;;;Colisão Frontal;Luz do Dia;Bom;Seca;Meio de Quadra;Outros;Residencial;0;0;2;1;0;0;0;1;0;0;0;0;;;;;
252220;11;6;2015;08:00;22665;AV ENG LEAL LIMA VERDE (SAPIRANGA/COITE);AV COS GOMES DE FREITAS (SAPIRANGA/COITE);;;;Colisão Lateral;Luz do Dia;Bom;Seca;Rotatória;Dê Preferência;Comercial;0;1;1;0;0;0;0;0;0;1;0;0;-38,475739;-3,795341;;;
252221;11;6;2015;08:00;5844;AV DES GONZAGA;RUA ENF JOAQUIM PINTO;;;;Colisão Lateral;Luz do Dia;Bom;Seca;Cruz;Pare;Residencial;0;0;2;1;0;0;0;0;0;1;0;0;-38,497696;-3,800396;;;
252201;11;6;2015;21:30;0;AV SANTOS DUMONT;;;7800;;Colisão Traseira;Mal Iluminada;Bom;Seca;Meio de Quadra;Outros;Misto;0;0;2;1;0;0;0;0;0;1;0;0;-38,462283;-3,747888;;;
252202;11;6;2015;10:00;0;AV JULIO VENTURA;;;2267;;Colisão Lateral;Luz do Dia;Bom;Seca;Meio de Quadra;Não Há Controle;Comercial;0;0;2;0;0;0;0;0;0;0;0;0;;;;;
252203;11;6;2015;08:15;0;AV ALBERTO CRAVEIRO;;;822;;Colisão Lateral;Luz do Dia;Bom;Seca;Meio de Quadra;Não Há Controle;Comercial;0;0;2;1;0;0;1;0;0;0;0;0;-38,517093;-3,785395;;;
252204;11;6;2015;18:03;5419;RUA FIUZA DE PONTES;RUA NOGUEIRA ACIOLI;;;;Colisão Lateral;Via Iluminada;Bom;Seca;Cruz;Pare;Residencial;0;0;2;1;0;0;0;0;0;0;0;0;-38,517884;-3,733368;;;
252205;11;6;2015;08:40;5082;RUA DR JOAO MOREIRA;RUA BAR RIO BRANCO;;;;Colisão Lateral;Luz do Dia;Bom;Seca;Cruz;Não Há Controle;Comercial;0;1;1;1;0;0;0;0;0;1;0;0;-38,527092;-3,722797;;;
252206;11;6;2015;16:00;0;AV BEZERRA DE MENEZES;;;1105;;Colisão Traseira;Luz do Dia;Bom;Seca;Meio de Quadra;Semáforo;Comercial;0;0;2;1;0;0;0;0;0;0;0;0;-38,554645;-3,733635;;;
252207;11;6;2015;13:50;12445;AV SEN FERNANDES TAVORA;TR HELENA DE MARIA;;;;Colisão Lateral;Luz do Dia;Bom;Seca;Duplo T;Não Há Controle;Comercial;0;1;2;0;0;0;0;0;0;1;0;0;-38,574916;-3,766094;;;
252208;11;6;2015;23:10;4016;RUA JULIO CESAR D12;RUA PRO COSTA MENDES;;;;Colisão Transversal;Via Iluminada;Bom;Seca;Cruz;Pare;Residencial;0;1;1;1;0;0;0;0;0;0;0;0;-38,546911;-3,754698;;;
252209;11;6;2015;16:30;5437;RUA FLORIANO PEIXOTO;RUA METON DE ALENCAR;;;;Colisão Lateral;Luz do Dia;Bom;Seca;Cruz;Pare;Residencial;0;0;2;1;0;0;0;0;0;0;0;0;-38,529358;-3,734071;;;
252210;11;6;2015;14:10;8934;AV DOMINGOS OLIMPIO;RUA PDE MORORO;;;;Colisão Transversal;Luz do Dia;Bom;Seca;Cruz;Pare;Comercial;0;1;1;0;0;0;0;0;0;1;0;0;-38,539949;-3,733752;;;
252211;11;6;2015;08:20;25037;AV LUCIANO CARNEIRO;RUA JULIO DA SILVEIRA;;;;Colisão Transversal;Luz do Dia;Bom;Seca;T;Pare;Misto;0;2;0;0;0;0;0;0;0;1;0;0;-38,535029;-3,759514;;;
252212;11;6;2015;15:15;0;AV JOSE BASTOS;;;5355;;Colisão Traseira;Luz do Dia;Bom;Seca;Meio de Quadra;Não Há Controle;Comercial;0;0;2;1;0;0;0;0;0;0;0;0;;;;;
252213;11;6;2015;11:00;19611;AV GODOFREDO MACIEL;RUA NEREU RAMOS;;;;Colisão Traseira;Luz do Dia;Bom;Seca;T;Semáforo;Comercial;0;0;2;1;1;0;0;0;0;0;0;0;-38,566802;-3,787250;;;
252214;11;6;2015;14:50;1527;RUA OSVALDO CRUZ (ALDEOTA);RUA CAROLINA SUCUPIRA;;;;Colisão Traseira;Luz do Dia;Bom;Seca;Cruz;Pare;Comercial;0;0;2;1;0;0;0;0;0;0;0;0;-38,501914;-3,740552;;;
252215;11;6;2015;13:00;0;AV CARAPINIMA;RUA PDE FRANCISCO PINTO;;2600;;Atropelamento;Luz do Dia;Bom;Seca;Meio de Quadra;Semáforo;Residencial;1;1;0;0;0;0;0;0;0;1;0;0;-38,542017;-3,741779;;;
252216;11;6;2015;18:00;0;RUA MATOS VASCONCELOS;;;850;;;Via Iluminada;Bom;Seca;Meio de Quadra;Não Há Controle;Residencial;0;1;1;0;0;0;0;0;0;1;0;0;-38,552101;-3,753059;;;