COD_ACIDENTE;DIA;MES;ANO;HORA;INTERSECAO;LOG1;LOG2;LOG3;NUMERO;REFERENCIA;NATUREZA;ILUMINACAO;TEMPO;SUPERFICIEPISTA;TIPOCRUZAMENTO;CONTROLETRAFEGO;USOSOLO;MORTOS;FERIDOS;ILESOS;AUTOMOVEL;ONIBUS;BICICLETA;CAMINHAO;MICROONIBUS;CICLOMOTOR;MOTOCICLETA;TRACAOANIMAL;TREM;LONG;LAT;;;
252217;11;6;2015;09:20;17957;RUA JOAQUIM ALBANO;RUA ALCANTARA BILHAR;;;;Colisão Transversal;Luz do Dia;Bom;Seca;Cruz;Pare;Residencial;0;1;1;1;0;0;0;0;0;1;0;0;-38,582130;-3,735593;;;
252227;11;6;2015;19:10;23518;RUA FLORO BARTOLOMEU;RUA BELISARIO TAVORA;;;;Colisão Transversal;Mal Iluminada;Bom;Seca;Cruz;Pare;Residencial;0;0;2;1;0;0;1;0;0;0;0;0;-38,505584;-3,759786;;;
252228;11;6;2015;19:30;7401;AV SEN FERNANDES TAVORA;RUA AUDISIO PINHEIRO;;;;Colisão Transversal;Via Iluminada;Bom;Seca;Cruz;Semáforo;Comercial;0;1;1;1;0;0;0;0;0;1;0;0;-38,588886;-3,758593;;;
252230;11;6;2015;14:15;1605;AV DES MOREIRA;RUA PDE VALDEVINO;;;;Engavetamento;Luz do Dia;Bom;Seca;Cruz;Semáforo;Comercial;0;0;3;1;0;0;0;0;0;0;0;0;-38,500877;-3,744098;;;
252232;11;6;2015;09:00;7760;AV ANTONIO SALES;RUA SILVA PAULET;;;;Colisão Transversal;Luz do Dia;Bom;Seca;Cruz;Pare;Comercial;0;1;1;1;0;0;0;0;1;0;0;0;-38,508383;-3,743595;;;
252235;11;6;2015;09:00;1625;RUA PDE VALDEVINO;RUA LEONARDO MOTA;;;;Colisão Traseira;Luz do Dia;Bom;Seca;Cruz;Semáforo;Comercial;0;0;2;1;0;0;0;0;0;0;0;0;-38,498931;-3,744739;;;
252241;11;6;2015;19:30;5269;RUA PDE IBIAPINA;AV DUQ CAXIAS;;;;Colisão Traseira;Via Iluminada;Bom;Seca;Cruz;Semáforo;Comercial;0;1;1;0;0;0;0;0;0;1;0;0;-38,540226;-3,728446;;;
252242;11;6;2015;08:00;26118;AV ALM MAXIMIANO DA FONSECA;RUA JOSE B PARENTE D59;;;;Colisão Lateral Sentido Oposto;Luz do Dia;Bom;Seca;Duplo T;Pare;Residencial;0;0;2;1;0;0;0;0;0;0;0;0;-38,485100;-3,771301;;;
252237;11;6;2015;08:15;1405;RUA VICENTE LEITE;AV SANTOS DUMONT;;;;Colisão Lateral;Luz do Dia;Bom;Seca;Cruz;Semáforo;Comercial;0;0;2;1;0;0;0;0;0;0;0;0;-38,495419;-3,737173;;;
252239;11;6;2015;09:40;13161;AV D CJ JOSE WALTER;RUA 69 CJ JOSE WALTER;;;;Colisão Transversal;Luz do Dia;Bom;Seca;T;Não Há Controle;Comercial;0;0;2;1;0;0;1;0;0;0;0;0;-38,555098;-3,831825;;;
252256;11;6;2015;16:20;0;RUA PEREIRA FILGUEIRAS;;;1931;;Colisão Traseira;Luz do Dia;Bom;Seca;Meio de Quadra;Semáforo;Comercial;0;0;2;1;0;0;0;0;0;0;0;0;-38,505439;-3,730785;;;
252257;11;6;2015;15:30;9020;RUA JAIME BENEVOLO;RUA SALDANHA MARINHO;;;;Colisão Transversal;Luz do Dia;Bom;Seca;Cruz;Semáforo;Residencial;0;0;2;1;0;0;0;0;0;0;0;0;-38,528994;-3,743046;;;
252262;11;6;2015;18:30;5421;AV DUQ CAXIAS;AV VIS RIO BRANCO;;;;Colisão Transversal;Luz do Dia;Bom;Seca;Cruz;Pare;Comercial;0;1;2;1;0;0;0;0;0;1;0;0;-38,524603;-3,733481;;;
252269;11;6;2015;14:00;0;AV 13 DE MAIO;;;465;;Colisão Traseira;Luz do Dia;Bom;Seca;Meio de Quadra;Semáforo Intermitente;Comercial;0;0;2;1;0;0;0;0;0;0;0;0;-38,525563;-3,752537;;;
252270;11;6;2015;13:00;25116;RUA PDE FRANCISCO PITA;AV ROGACIANO LEITE;;;;Colisão Transversal;Luz do Dia;Bom;Seca;Cruz;Pare;Comercial;0;0;2;1;0;0;0;0;0;0;0;0;-38,501766;-3,780960;;;
252271;11;6;2015;13:50;0;AV OLIVEIRA PAIVA;;;2939;;Colisão Traseira;Luz do Dia;Bom;Seca;Meio de Quadra;;Comercial;0;0;1;1;0;0;0;0;0;0;0;0;-38,481169;-3,795829;;;
252272;11;6;2015;07:40;12457;AV JOSE BASTOS;AV SEN FERNANDES TAVORA;;;;Colisão Traseira;Luz do Dia;Bom;Seca;Cruz;Semáforo;Comercial;0;0;2;0;0;0;0;0;0;1;0;0;-38,570427;-3,770153;;;
252274;11;6;2015;08:40;19587;AV GODOFREDO MACIEL;RUA PRIMEIRO DE JANEIRO;;;;Colisão Lateral;Luz do Dia;Bom;Seca;T;Outros;Comercial;0;1;1;0;1;0;0;0;0;1;0;0;-38,566283;-3,784762;;;
252283;11;6;2015;13:40;17342;AV PRO GOMES DE MATOS;RUA ALAN KARDEC;;;;Colisão Transversal;Luz do Dia;Bom;Seca;Cruz;Semáforo;Comercial;0;1;1;0;0;0;0;0;0;1;0;0;-38,549213;-3,765321;;;
252285;11;6;2015;18:30;11768;AV FILOMENO GOMES;AV PRS CASTELO BRANCO;;;;Colisão Traseira;Via Iluminada;Bom;Seca;Cruz;Semáforo;Lazer;0;0;2;1;0;0;0;0;0;0;0;0;-38,541982;-3,715542;;;
252287;11;6;2015;18:20;0;RUA MANUEL RODRIGUES;;;188;;Choque c/ Obstáculo Fixo;Anoitecer;Bom;Seca;Meio de Quadra;Não Há Controle;Residencial;0;0;1;1;0;0;0;0;0;0;0;0;-38,515856;-3,792737;;;
259367;11;6;2015;13:40;0;AV SEN CARLOS JEREISSATI (AEROPORTO);;;;KM 03;Colisão;Luz do Dia;;Seca;Meio de Quadra;;;0;0;2;1;0;0;0;0;0;1;0;0;-38,541414;-3,780382;;;
263651;11;6;2015;23:15;10777;RUA PORTO ALEGRE;RUA VITORIA (AV. PERIMETRAL);;;;Colisão;;;;Cruz;Pare;Comercial;0;1;0;1;1;0;0;0;0;0;0;0;-38,586947;-3,762193;;;
263649;11;6;2015;15:20;25087;AV PINTO BANDEIRA D56;AV ALM MAXIMIANO DA FONSECA;;;;Colisão;Luz do Dia;;;Cruz;Pare;Misto;0;1;0;1;0;0;0;0;0;0;0;0;-38,486067;-3,771039;;;
263633;11;6;2015;09:30;13592;AV PONTES VIEIRA;RUA PRO CARVALHO;;;;Colisão;Luz do Dia;;;Cruz;Semáforo;Comercial;0;1;0;1;0;0;0;0;0;1;0;0;-38,514949;-3,752890;;;
262680;11;6;2015;06:09;25443;RUA ROCHA LIMA;RUA NOGUEIRA ACIOLI;;;;Colisão;Luz do Dia;;;Cruz;Pare;Comercial;0;1;1;1;0;0;0;0;0;1;0;0;-38,519293;-3,737351;;;
262678;11;6;2015;01:03;1260;RUA COSTA BARROS;RUA JOSE VILAR;;;;Choque c/ Obstáculo Fixo;;;;Cruz;Semáforo;Comercial;0;1;1;0;0;0;0;0;0;0;0;0;-38,503746;-3,732908;;;
262682;11;6;2015;08:11;0;AV LUCIANO CARNEIRO;;;;;Colisão;Luz do Dia;;;Meio de Quadra;;;0;1;1;1;0;0;0;0;0;1;0;0;-38,535315;-3,760457;;;
262683;11;6;2015;10:33;0;AV CEL CARVALHO;;;;;Colisão;Luz do Dia;;;Meio de Quadra;;;0;1;1;1;0;0;0;0;0;1;0;0;-38,591414;-3,703990;;;
262684;11;6;2015;16:51;10420;RUA LUIZ MARIANO;RUA DAS PEDRINHAS;;;;Colisão;Luz do Dia;;;Cruz;Não Há Controle;Residencial;0;0;5;1;0;0;0;0;0;0;0;0;-38,600122;-3,761937;;;
262685;11;6;2015;18:53;15832;RUA PDE PEDRO DE ALENCAR;RUA EDUARDO PORTO;;;;Colisão;;;;;;;0;0;2;1;1;0;0;0;0;0;0;0;-38,494029;-3,832741;;;
268161;11;6;2015;17:26;0;RUA VITAL BRASIL;;;;;Colisão;Anoitecer;;;Meio de Quadra;;;0;0;2;0;0;0;0;0;0;0;0;0;;;;;
268165;11;6;2015;17:59;0;RUA PDE PEDRO DE ALENCAR;;;;;Colisão;Anoitecer;;;Meio de Quadra;;;0;0;2;1;0;0;0;0;0;1;0;0;;;;;
268169;11;6;2015;20:25;0;AV COS GOMES DE FREITAS (SAPIRANGA/COITE);;;;;Colisão;;;;Meio de Quadra;;;0;1;0;0;0;0;0;0;0;0;0;0;;;;;
268170;11;6;2015;20:53;10052;RUA BRAGANCA;RUA OLIVEIRA SOBRINHO;;;;Colisão;;;;;;;0;0;2;0;0;0;0;0;0;0;0;0;-38,596353;-3,779965;;;
268167;11;6;2015;18:06;0;RUA MEXICO;;;248;;Atropelamento;Anoitecer;;;Meio de Quadra;;;0;1;0;0;0;0;0;0;0;0;0;0;;;;;
268173;11;6;2015;21:41;10666;AV MIGUEL DIAS;RUA ROMEU ALDIGUERI;;;;Colisão;;;;Cruz;Pare;Comercial;0;0;2;0;0;0;0;0;0;1;0;0;-38,487547;-3,765358;;;
268190;11;6;2015;22:05;5313;RUA VINTE E QUATRO DE MAIO;RUA PEDRO I;;;;Colisão;;;;Cruz;Pare;Comercial;0;0;2;0;0;0;0;0;0;0;0;0;-38,532952;-3,729830;;;
252200;11;6;2015;05:30;15896;RUA GURGEL DO AMARAL;RUA JOSE CAVALCANTE SOBR;;;;Colisão Lateral;Luz do Dia;Bom;Seca;T;Não Há Controle;Residencial;0;0;2;1;0;0;0;0;0;0;0;0;-38,486455;-3,835550;;;
268201;12;6;2015;06:50;0;RUA MANUEL SATIRO;;;;ESTAÇÃO MONDUBIM;Colisão;Luz do Dia;;;Meio de Quadra;;;0;0;1;0;0;0;0;0;0;0;0;0;;;;;
268204;12;6;2015;10:31;10021;RUA BRAGANCA;RUA SOUSA CARVALHO;;;;Colisão;Luz do Dia;;;Cruz;;Residencial;0;0;2;0;0;0;0;0;0;0;0;0;-38,596732;-3,781357;;;
268208;12;6;2015;10:49;0;AV JOR THOMAZ COELHO;;;;;Colisão;Luz do Dia;;;Meio de Quadra;;;0;0;2;0;0;0;0;0;0;0;0;0;;;;;
268212;12;6;2015;16:24;22099;AV JOSE BASTOS;RUA JOSE FACANHA;;;;Colisão;Luz do Dia;;;T;Semáforo;Comercial;0;0;1;0;0;0;0;0;0;0;0;0;-38,554822;-3,754359;;;
268215;12;6;2015;16:32;7806;RUA FRANCISCO HOLANDA;RUA SILVA PAULET;;;;Colisão;Luz do Dia;;;Cruz;Pare;Residencial;0;0;2;0;0;0;0;0;0;0;0;0;-38,509525;-3,747096;;;
268219;12;6;2015;17:13;8949;AV BEZERRA DE MENEZES;RUA JUSTINIANO DE SERPA;;;;Colisão;Anoitecer;;;Cruz;Semáforo Intermitente;Comercial;0;0;2;0;0;0;0;0;0;0;0;0;-38,542857;-3,731156;;;
268221;12;6;2015;20:25;0;RUA LAURO MAIA;;;;;Colisão;;;;Meio de Quadra;;;0;2;0;0;0;0;0;0;0;0;0;0;;;;;
268222;12;6;2015;21:33;24990;AV PRS JUSCELINO KUBITSCHEK (PASSARÉ);AV PRS COSTA E SILVA;;;;Colisão;;;;T;Semáforo;Residencial;0;0;2;1;0;0;0;0;0;1;0;0;-38,539516;-3,825648;;;
268223;12;6;2015;21:41;0;RUA BERNARDO MANUEL;;;;;Colisão;;;;Meio de Quadra;;;0;0;2;0;0;0;0;0;0;0;0;0;;;;;
268225;12;6;2015;21:45;0;AV PRS CASTELO BRANCO;;;;;Colisão;;;;Meio de Quadra;;;0;0;2;0;0;0;0;0;0;0;0;0;;;;;
262689;12;6;2015;14:43;0;RUA PDE PEDRO DE ALENCAR;;;;;Colisão;Luz do Dia;;;Meio de Quadra;;;0;0;2;1;0;0;0;0;0;0;0;0;;;;;
262694;12;6;2015;16:41;0;RUA 7 DE SETEMBRO;;;;;Colisão;Luz do Dia;;;Meio de Quadra;;;0;0;2;0;0;0;0;0;0;0;0;0;;;;;
262700;12;6;2015;19:10;0;AV BEZERRA DE MENEZES;;;;;Colisão;;;;Meio de Quadra;;;0;0;2;1;1;0;0;0;0;0;0;0;;;;;
263666;12;6;2015;17:55;9753;RUA LUMINOSA;RUA TRES CORACOES;;;;Colisão;Anoitecer;;;;;;0;1;0;1;0;0;0;0;0;1;0;0;-38,608682;-3,783608;;;
263662;12;6;2015;11:35;0;RUA 1 PQ SAO LUCAS;;;751;;Choque c/ Obstáculo Fixo;Luz do Dia;;;Meio de Quadra;;;0;1;0;0;0;0;0;0;0;0;0;0;;;;;
252275;12;6;2015;17:40;7884;AV ANTONIO SALES;RUA VICENTE LEITE;;;;Colisão Transversal;Via Iluminada;Bom;;Cruz;Pare;Comercial;0;0;2;1;0;0;0;0;0;1;0;0;-38,498468;-3,746656;;;
252276;12;6;2015;13:25;12352;RUA MON HIPOLITO BRASIL;RUA ERNESTO PEDRO SANTOS;;;;Colisão Transversal;Luz do Dia;Bom;Seca;Cruz;Pare;Comercial;0;1;1;1;0;0;0;0;0;1;0;0;-38,575314;-3,760775;;;
252277;12;6;2015;13:00;3347;AV ENG HUMBERTO MONTE;RUA GOIAS;;;;Colisão Lateral;Luz do Dia;Bom;Seca;T;Pare;Comercial;0;0;1;1;0;0;0;0;0;0;0;0;-38,559425;-3,750494;;;
252278;12;6;2015;09:45;0;AV GODOFREDO MACIEL;;;3654;;;Luz do Dia;Bom;Seca;Meio de Quadra;Pare;Comercial;0;0;2;1;0;0;0;0;0;1;0;0;;;;;
252273;12;6;2015;16:40;22930;RUA BERNARDO MANUEL;RUA LEAO TREZE;;;;Colisão Lateral;Luz do Dia;Bom;Seca;Cruz;Pare;Residencial;0;0;2;1;0;0;0;0;0;0;0;0;-38,546723;-3,783394;;;
252263;12;6;2015;20:30;7762;AV ANTONIO SALES;RUA NUNES VALENTE;;;;Colisão Transversal;Via Iluminada;Bom;Seca;Cruz;Pare;Residencial;0;1;1;1;0;0;0;0;0;1;0;0;-38,506314;-3,744237;;;
252264;12;6;2015;18:50;0;RUA VIA FERREA;;;179;;Colisão Lateral;Mal Iluminada;Bom;Seca;Meio de Quadra;Não Há Controle;Residencial;0;0;2;0;0;0;0;0;0;1;0;0;;;;;
252265;12;6;2015;08:30;25974;RUA TRES MARIAS D39 (MONTESE);RUA PERU;;;;Colisão Traseira;Luz do Dia;Bom;Seca;T;Não Há Controle;Residencial;0;0;2;1;1;0;0;0;0;0;0;0;-38,549898;-3,769519;;;
252266;12;6;2015;16:00;0;RUA PAURILO BARROSO;;;209;;Colisão Lateral;Luz do Dia;Bom;Seca;Meio de Quadra;Não Há Controle;Residencial;0;1;1;1;0;0;0;0;0;1;0;0;-38,569729;-3,801088;;;
252267;12;6;2015;13:00;4875;RUA CON DE CASTRO;RUA JARDIM FLUMINENSE;;;;Colisão Traseira;Luz do Dia;Bom;;T;Semáforo;Residencial;0;0;2;1;0;0;0;0;0;1;0;0;-38,597948;-3,812831;;;
252268;12;6;2015;10:00;0;AV SGT HERMINIO SAMPAIO;;;4157;;Colisão Transversal;Luz do Dia;Bom;Seca;Meio de Quadra;Não Há Controle;Residencial;0;1;1;0;0;0;0;0;0;1;0;0;-38,577354;-3,730769;;;
252258;12;6;2015;07:00;0;AV ODILON GUIMARAES;;;3721;;Colisão Lateral;Luz do Dia;Bom;Seca;Meio de Quadra;Não Há Controle;Comercial;0;1;1;1;0;0;0;0;0;1;0;0;-38,468343;-3,815177;;;
252259;12;6;2015;16:20;0;AV PRS CASTELO BRANCO;;;;;Colisão Traseira;Luz do Dia;Bom;Molhada;Meio de Quadra;Semáforo;Comercial;0;0;2;1;0;0;0;0;0;0;0;0;;;;;
252260;12;6;2015;17:00;446;RUA AZEVEDO BARRETO;RUA PRO VIEIRA;;;;Colisão Transversal;Luz do Dia;Bom;Seca;Cruz;Pare;Residencial;0;0;2;1;0;0;0;0;0;0;0;0;-38,593522;-3,750109;;;
252261;12;6;2015;15:15;9079;RUA LAURO MAIA;RUA BONFIM SOBRINHO;;;;Colisão Transversal;Luz do Dia;Bom;Seca;Cruz;Pare;Residencial;1;0;1;0;0;0;0;0;0;1;0;0;-38,522154;-3,750867;;;
252240;12;6;2015;07:40;1445;RUA DES LEITE ALBUQUERQUE;RUA VICENTE LEITE;;;;Colisão Transversal;Luz do Dia;Bom;Seca;Cruz;Pare;Comercial;0;1;1;1;0;0;0;0;0;1;0;0;-38,495734;-3,738178;;;
252238;12;6;2015;17:20;0;RUA FRANCO ROCHA;;;423;;Colisão Lateral;Via Iluminada;Bom;Seca;Meio de Quadra;Outros;Residencial;0;1;1;1;0;0;0;0;0;1;0;0;;;;;
252243;12;6;2015;07:30;0;AV BORGES DE MELO;;;;;Colisão Lateral;Luz do Dia;Bom;Seca;Meio de Quadra;Pare;Comercial;0;0;2;1;0;0;0;0;0;0;0;0;;;;;
252244;12;6;2015;17:20;0;RUA METON DE ALENCAR;;;;;Colisão Lateral;Anoitecer;Bom;Seca;Meio de Quadra;Outros;Comercial;0;0;2;1;0;0;0;0;0;0;0;0;;;;;
252246;12;6;2015;17:20;15227;AV ABOLICAO;AV DES MOREIRA;;;;Colisão Transversal;Luz do Dia;Bom;Seca;Cruz;Semáforo;Comercial;0;0;2;1;1;0;0;0;0;0;0;0;-38,495474;-3,727331;;;
252247;12;6;2015;18:40;0;AV 13 DE MAIO;;;1776;;Colisão Traseira;Via Iluminada;Bom;Seca;Meio de Quadra;Não Há Controle;Comercial;0;0;2;1;0;0;0;0;0;0;0;0;-38,533607;-3,745675;;;
252248;12;6;2015;13:10;8936;AV DOMINGOS OLIMPIO;RUA PRC ISABEL;;;;Colisão Transversal;Luz do Dia;Bom;Seca;Cruz;Semáforo;Comercial;0;0;2;1;0;0;0;0;0;0;0;0;-38,537790;-3,734438;;;
252249;12;6;2015;10:30;0;AV AGUANAMBI;;;;ROTATÓRIA;Colisão Lateral;Luz do Dia;Bom;Seca;Meio de Quadra;Outros;Outros;0;0;2;1;0;0;1;0;0;0;0;0;-38,523043;-3,755538;;;
252250;12;6;2015;19:40;0;AV AUGUSTO DOS ANJOS;;;150;;Colisão Traseira;Via Iluminada;Bom;Seca;Meio de Quadra;Não Há Controle;Comercial;0;0;2;1;1;0;0;0;0;0;0;0;-38,570436;-3,770180;;;
252251;12;6;2015;19:40;7786;RUA OSVALDO CRUZ (ALDEOTA);RUA JOAQUIM SA;;;;Colisão Traseira;Luz do Dia;Bom;Seca;Cruz;Pare;Comercial;0;2;0;1;0;0;0;0;0;1;0;0;-38,504759;-3,749392;;;
252252;12;6;2015;16:05;1456;AV SANTOS DUMONT;RUA CEL JUCA;;;;Colisão Traseira;Luz do Dia;Bom;Seca;Cruz;Semáforo;Comercial;0;0;2;1;0;0;0;0;0;0;0;0;-38,491530;-3,738438;;;
252253;12;6;2015;20:00;8931;RUA JUSTINIANO DE SERPA;RUA ANTONIO POMPEU;;;;Colisão Transversal;Via Iluminada;Bom;Seca;T;Pare;Comercial;0;0;2;1;0;0;0;0;0;0;0;0;-38,542672;-3,732034;;;
252254;12;6;2015;16:00;0;AV BEZERRA DE MENEZES;;;887;;Colisão Traseira;Luz do Dia;Bom;Seca;Meio de Quadra;;Comercial;0;0;2;1;0;0;0;0;0;0;0;0;-38,552722;-3,733243;;;
252255;12;6;2015;11:00;0;AV AGUANAMBI;;;;ROTATÓRIA;Colisão Traseira;Luz do Dia;Bom;Seca;Meio de Quadra;Semáforo;Comercial;0;0;2;0;1;0;0;0;0;0;0;0;-38,523043;-3,755538;;;
252236;12;6;2015;20:00;0;AV PRS COSTA E SILVA;;;2246;;Colisão Lateral;Via Iluminada;Bom;Seca;Meio de Quadra;Não Há Controle;Residencial;0;0;2;1;0;0;0;0;0;1;0;0;-38,561486;-3,819601;;;
252233;12;6;2015;00:30;13537;AV SORIANO ALBUQUERQUE;RUA CAP GUSTAVO;;;;Colisão Lateral;Via Iluminada;Bom;Seca;Cruz;Semáforo;Comercial;0;1;1;1;0;0;0;0;0;1;0;0;-38,518063;-3,748124;;;
252234;12;6;2015;08:25;9153;AV 13 DE MAIO;RUA PAULA RODRIGUES;;;;Atropelamento;Luz do Dia;Bom;Seca;T;Semáforo;Comercial;1;2;0;0;0;0;0;0;0;1;0;0;-38,525876;-3,752271;;;
252231;12;6;2015;06:30;7939;RUA VIS MAUA;RUA TOMAS ACIOLI;;;;Colisão Transversal;Luz do Dia;Bom;Seca;Cruz;Pare;Comercial;0;0;2;1;0;0;0;0;0;1;0;0;-38,502977;-3,747201;;;
252229;12;6;2015;13:40;0;AV ENG SANTANA JUNIOR;;;332;;Colisão Lateral;Luz do Dia;Bom;Seca;Meio de Quadra;Não Há Controle;Residencial;0;0;3;1;1;0;0;0;0;0;0;0;-38,479822;-3,732068;;;
252222;12;6;2015;17:20;0;RUA BAR SOBRAL;;;890;;Colisão Lateral;;Bom;Seca;Meio de Quadra;Não Há Controle;Residencial;0;1;1;1;0;0;0;0;0;1;0;0;-38,557237;-3,765322;;;
252223;12;6;2015;16:00;15383;RUA FARIAS LEMOS;RUA ALMEIDA REGO;;;;Colisão Frontal;Luz do Dia;Bom;Seca;Cruz;;Residencial;0;0;2;1;0;0;0;0;0;0;0;0;-38,494338;-3,813110;;;
252225;12;6;2015;11:30;17316;RUA TEN MOACIR MATOS;RUA ZACARIAS GONDIM;;;;Colisão Frontal;Luz do Dia;Bom;Seca;;Pare;Residencial;0;1;1;1;0;0;0;0;0;0;0;0;-38,556819;-3,764447;;;
252226;12;6;2015;11:30;3771;AV DOMINGOS OLIMPIO;AV DA UNIVERSIDADE;;;;Colisão Traseira;Luz do Dia;Bom;Seca;Cruz;Semáforo;Comercial;0;1;1;1;0;0;0;0;0;1;0;0;-38,534216;-3,735594;;;
273301;12;6;2015;00:13;0;AV OLIVEIRA PAIVA;;;;;Colisão;;;;Meio de Quadra;;;0;1;0;1;0;0;0;0;0;1;0;0;-38,494359;-3,795473;;;
273354;12;6;2015;07:00;3238;RUA ANSELMO NOGUEIRA;RUA PRIMEIRO DE MAIO D34;;;;Colisão;Luz do Dia;;;Cruz;Pare;Residencial;0;1;0;1;0;0;0;0;0;1;0;0;-38,587753;-3,783108;;;
273357;12;6;2015;07:06;0;AV SGT HERMINIO SAMPAIO;;;;;Colisão;Luz do Dia;;;Meio de Quadra;;;0;1;0;1;0;0;0;0;0;1;0;0;-38,555230;-3,725394;;;
273359;12;6;2015;07:31;0;RUA BERNARDO MANUEL;;;;;Colisão;Luz do Dia;;;Meio de Quadra;;;0;1;0;1;0;0;0;0;0;1;0;0;-38,553049;-3,804176;;;
273366;12;6;2015;11:08;0;RUA MON HIPOLITO BRASIL;;;;;Colisão;Luz do Dia;;;Meio de Quadra;;;0;1;0;1;0;0;0;0;0;1;0;0;;;;;
273370;12;6;2015;11:55;0;RUA ALBERTO MAGNO;;;;;Colisão;Luz do Dia;;;Meio de Quadra;;;0;1;0;1;0;0;0;0;0;1;0;0;-38,544751;-3,758897;;;
273374;12;6;2015;15:26;0;RUA RUBENS MONTE D43;;;;;Colisão;Luz do Dia;;;Meio de Quadra;;;0;1;0;1;0;0;0;0;0;1;0;0;-38,565733;-3,803593;;;
273377;12;6;2015;15:53;0;RUA PERNAMBUCO;;;;;Queda;Luz do Dia;;;Meio de Quadra;;;0;1;0;0;0;0;0;0;0;1;0;0;;;;;
273378;12;6;2015;17:24;0;RUA FRANCO ROCHA;;;;;Colisão;Anoitecer;;;Meio de Quadra;;;0;1;0;1;0;0;0;0;0;1;0;0;;;;;
273382;12;6;2015;17:37;3860;AV 13 DE MAIO;AV DA UNIVERSIDADE;;;;Colisão;Anoitecer;;;Cruz;Semáforo;Comercial;0;1;0;0;0;0;0;0;0;0;0;0;-38,539107;-3,740962;;;
273390;12;6;2015;18:54;0;AV PERIMETRAL;;;;;Atropelamento;;;;Meio de Quadra;;;0;1;0;0;0;0;0;0;0;1;0;0;;;;;
273391;12;6;2015;19:20;0;AV DR SILAS MUNGUBA;;;;;Colisão;;;;Meio de Quadra;;;0;1;0;1;0;0;0;0;0;0;0;0;-38,545180;-3,788665;;;
273392;12;6;2015;19:49;0;AV BEZERRA DE MENEZES;;;;;Colisão;;;;Meio de Quadra;;;0;1;0;0;0;0;0;0;0;0;0;0;-38,543055;-3,731170;;;
273312;12;6;2015;01:25;0;RUA 333 CJ CEARA;;;;;Queda;;;;Meio de Quadra;;;0;1;0;0;0;0;0;0;0;1;0;0;;;;;
273314;12;6;2015;04:43;0;RUA OSCAR ARARIPE;;;;;Queda;;;;Meio de Quadra;;;0;1;0;0;0;0;0;0;0;1;0;0;-38,593897;-3,792922;;;
273330;12;6;2015;05:32;0;AV N CJ JOSE WALTER;;;;;Colisão;Amanhecer;;;Meio de Quadra;;;0;1;0;0;0;0;0;0;0;0;0;0;;;;;
273337;12;6;2015;06:25;0;AV ODILON GUIMARAES;;;;;Colisão;Luz do Dia;;;Meio de Quadra;;;0;1;0;0;0;0;0;0;0;0;0;0;-38,468645;-3,815323;;;
273350;12;6;2015;06:59;1764;RUA TEN WILSON  D46;RUA ASP MENDES;;;;Colisão;Luz do Dia;;;Cruz;Não Há Controle;Residencial;0;1;0;0;0;0;0;0;0;0;0;0;-38,514054;-3,769481;;;
273394;12;6;2015;20:56;3973;RUA PDE MACEDO;RUA AQUIRAZ;;;;Colisão;;;;;;;0;1;0;1;0;0;0;0;0;1;0;0;-38,545931;-3,756290;;;
273407;12;6;2015;21:36;0;AV BEZERRA DE MENEZES;;;;;Colisão;;;;Meio de Quadra;;;0;1;0;1;0;0;0;0;0;1;0;0;;;;;
273408;12;6;2015;22:49;0;AV MR HULL;;;;;Queda;;;;Meio de Quadra;;;0;1;0;0;0;0;0;0;0;1;0;0;;;;;
273404;12;6;2015;21:24;0;AV PERIMETRAL;;;;;Colisão;;;;Meio de Quadra;;;0;1;0;0;0;0;0;0;0;0;0;0;;;;;
259044;12;6;2015;12:45;0;RD BR 222;;;;KM-02;Colisão Lateral;Luz do Dia;Bom;Seca;Meio de Quadra;Não Há Controle;Comercial;0;0;3;0;1;0;0;0;0;0;0;0;-38,586880;-3,738951;;;
259045;12;6;2015;22:50;0;RD BR 222;;;;;Atropelamento de Animal;Via Iluminada;Nublado;Seca;Meio de Quadra;Não Há Controle;Comercial;0;2;0;0;0;0;0;0;0;1;0;0;;;;;
259007;12;6;2015;07:30;0;RD BR 116;;;4000;KM-04;Colisão Lateral;Luz do Dia;Bom;Seca;Meio de Quadra;Não Há Controle;Comercial;0;1;1;1;0;0;0;0;0;1;0;0;-38,510646;-3,788331;;;
252398;13;6;2015;16:30;3811;RUA TEREZA CRISTINA;RUA LUIS DE MIRANDA;;;;Colisão Transversal;Luz do Dia;Bom;Seca;Cruz;Pare;Residencial;0;0;2;1;0;0;0;0;0;0;0;0;-38,539896;-3,737524;;;
273437;13;6;2015;03:08;24967;AV ALM HENRIQUE SABOIA;AV SANTOS DUMONT;;;;Colisão;;;;Outros;Não Há Controle;Comercial;0;1;0;0;0;0;0;0;0;0;0;0;-38,487482;-3,739751;;;
273435;13;6;2015;01:16;0;RUA NOGUEIRA ACIOLI;;;;;Colisão;;;;Meio de Quadra;;;0;1;0;1;0;0;0;0;0;1;0;0;;;;;
273441;13;6;2015;07:20;0;RUA BERNARDO MANUEL;;;852;;Colisão;Luz do Dia;;;Meio de Quadra;;;0;1;0;1;0;0;0;0;0;1;0;0;;;;;
273446;13;6;2015;07:30;17287;AV PRO GOMES DE MATOS;RUA VASCO DA GAMA;;;;Colisão;Luz do Dia;;;Cruz;Pare;Comercial;0;1;0;1;0;0;0;0;0;1;0;0;-38,547335;-3,763166;;;