COD_ACIDENTE;DIA;MES;ANO;HORA;INTERSECAO;LOG1;LOG2;LOG3;NUMERO;REFERENCIA;NATUREZA;ILUMINACAO;TEMPO;SUPERFICIEPISTA;TIPOCRUZAMENTO;CONTROLETRAFEGO;USOSOLO;MORTOS;FERIDOS;ILESOS;AUTOMOVEL;ONIBUS;BICICLETA;CAMINHAO;MICROONIBUS;CICLOMOTOR;MOTOCICLETA;TRACAOANIMAL;TREM;LONG;LAT;;;
273452;13;6;2015;08:09;0;AV GAL OSORIO DE PAIVA;;;;;Colisão;Luz do Dia;;;Meio de Quadra;;;0;1;0;1;0;0;0;0;0;1;0;0;-38,572016;-3,779137;;;
273454;13;6;2015;09:46;0;AV GODOFREDO MACIEL;;;;;Colisão;Luz do Dia;;;Meio de Quadra;;;0;1;0;0;0;0;0;0;0;0;0;0;;;;;
273456;13;6;2015;11:01;10704;RUA ANTONIO IVO;RUA MON HIPOLITO BRASIL;;;;Colisão;Luz do Dia;;;;;;0;1;0;1;0;0;0;0;0;1;0;0;-38,580214;-3,758154;;;
273459;13;6;2015;12:11;0;RUA 115 CJ CEARA;;;;;Queda;Luz do Dia;;;Meio de Quadra;;;0;1;0;0;0;0;0;0;0;1;0;0;-38,606385;-3,774387;;;
273464;13;6;2015;12:23;0;RUA MARIA CLARA;;;;;Colisão;Luz do Dia;;;Meio de Quadra;;;0;1;0;0;0;0;0;0;0;0;0;0;;;;;
273470;13;6;2015;13:42;5247;AV IMPERADOR;RUA PEDRO PEREIRA;;;;Queda;Luz do Dia;;;Cruz;Semáforo;Comercial;0;1;0;0;0;0;0;0;0;1;0;0;-38,534609;-3,727714;;;
273505;13;6;2015;17:27;0;AV PRS JUSCELINO KUBITSCHEK (PASSARÉ);;;;;Atropelamento;Anoitecer;;;Meio de Quadra;;;0;1;0;0;0;0;0;0;0;0;0;0;-38,528922;-3,812546;;;
273507;13;6;2015;18:02;9287;AV DOS EXPEDICIONARIOS;AV BORGES DE MELO;;;;Colisão;Anoitecer;;;Cruz;Semáforo;Comercial;0;1;0;1;0;0;0;0;0;1;0;0;-38,537674;-3,753391;;;
273508;13;6;2015;18:10;0;RUA DOM SEBASTIAO LEME;;;;;Atropelamento;Anoitecer;;;Meio de Quadra;;;0;1;0;1;0;0;0;0;0;0;0;0;-38,526785;-3,743044;;;
273499;13;6;2015;16:09;0;RUA JOSE MARTINS;;;;;Queda;Luz do Dia;;;Meio de Quadra;;;0;1;0;0;0;0;0;0;0;1;0;0;;;;;
273500;13;6;2015;16:14;0;AV CASTELO DE CASTRO;;;;;Colisão;Luz do Dia;;;Meio de Quadra;;;0;1;0;0;0;0;0;0;0;0;0;0;;;;;
273511;13;6;2015;18:25;0;RUA VILA VELHA;;;;;Colisão;Anoitecer;;;Meio de Quadra;;;0;1;0;1;0;0;0;0;0;1;0;0;;;;;
273513;13;6;2015;21:41;0;RUA CEL FABRICIANO;;;;;Queda;;;;Meio de Quadra;;;0;1;0;0;0;0;0;0;0;1;0;0;-38,597097;-3,785853;;;
273514;13;6;2015;22:49;0;AV PERIMETRAL;;;;;Colisão;;;;Meio de Quadra;;;0;1;0;0;0;0;0;0;0;1;0;0;;;;;
273515;13;6;2015;23:06;0;AV CASTELO DE CASTRO;;;;;Queda;;;;Meio de Quadra;;;0;1;0;0;0;0;0;0;0;1;0;0;-38,521490;-3,830826;;;
273477;13;6;2015;14:04;0;AV BEZERRA DE MENEZES;;;;;Colisão;Luz do Dia;;;Meio de Quadra;;;0;1;0;0;0;0;0;0;0;0;0;0;;;;;
273490;13;6;2015;15:56;0;AV DEP PAULINO ROCHA;;;;;Atropelamento;Luz do Dia;;;Meio de Quadra;;;0;1;0;1;0;0;0;0;0;0;0;0;-38,507330;-3,801112;;;
267339;13;6;2015;00:24;26240;RUA REGINA SILVA;RUA GEORGE SOSA;;;;Colisão;;;;;;;1;0;1;1;0;0;0;0;0;0;0;0;;;;;
252279;13;6;2015;14:00;0;RUA CEL JUSTINO F RAMOS;;;95;;Colisão Lateral;Via Iluminada;Bom;Seca;Meio de Quadra;Não Há Controle;Residencial;0;1;1;1;0;0;0;0;0;1;0;0;;;;;
252280;13;6;2015;07:45;0;RUA VILEBALDO AGUIAR;;;1740;;Colisão Transversal;Luz do Dia;Bom;Seca;Meio de Quadra;Não Há Controle;Residencial;0;1;1;0;0;0;0;0;0;1;0;0;-38,473308;-3,745221;;;
252281;13;6;2015;07:11;1260;RUA JOSE VILAR;RUA COSTA BARROS;;;;Colisão Transversal;Luz do Dia;Bom;Seca;Cruz;Semáforo;Residencial;0;1;1;0;0;0;0;0;0;1;0;0;-38,503746;-3,732908;;;
252282;13;6;2015;13:50;13376;RUA JOAO BRIGIDO;RUA GONCALVES LEDO;;;;Colisão Transversal;Luz do Dia;Bom;Seca;Cruz;Não Há Controle;Residencial;0;1;2;1;0;0;0;0;0;0;0;0;-38,518955;-3,739611;;;
252286;13;6;2015;12:50;0;RUA PEDRO PEREIRA;;;501;;Colisão Lateral;Luz do Dia;Bom;Seca;Meio de Quadra;Semáforo;Comercial;0;0;2;1;0;0;0;0;0;0;0;0;-38,529845;-3,729256;;;
252292;13;6;2015;09:10;9227;RUA JAIME BENEVOLO;RUA MARIO MAMEDE;;;;Colisão Transversal;Luz do Dia;Bom;Seca;Cruz;Semáforo;Residencial;0;1;1;1;0;0;1;0;0;0;0;0;-38,531586;-3,749153;;;
252289;13;6;2015;14:30;0;AV BEZERRA DE MENEZES;;;692;;Engavetamento;Luz do Dia;Bom;Seca;Meio de Quadra;Semáforo;Comercial;0;1;1;0;1;0;0;0;0;1;0;0;-38,551146;-3,732914;;;
252297;13;6;2015;15:00;0;RUA VALMIR PONTES;;;;;Colisão Transversal;Luz do Dia;Bom;Seca;Meio de Quadra;Não Há Controle;Escola;0;0;2;1;0;0;0;0;0;0;0;0;;;;;
252300;13;6;2015;14:00;0;RUA BAR RIO BRANCO;;;538;;Colisão Transversal;Luz do Dia;Bom;Seca;Meio de Quadra;Não Há Controle;Comercial;0;0;2;1;0;0;0;0;0;0;0;0;-38,527184;-3,723075;;;
252313;13;6;2015;05:55;22353;AV BEZERRA DE MENEZES;AV OLAVO BILAC;;;;Colisão Transversal;Amanhecer;Bom;Seca;Cruz;Semáforo;Comercial;1;1;1;0;1;0;0;0;0;1;0;0;-38,564151;-3,735601;;;
252314;13;6;2015;08:30;5437;RUA METON DE ALENCAR;RUA FLORIANO PEIXOTO;;;;Tombamento;Luz do Dia;Bom;Seca;Cruz;Pare;Residencial;0;0;2;1;0;0;0;0;0;0;0;0;-38,529358;-3,734071;;;
252315;13;6;2015;11:30;12352;RUA ERNESTO PEDRO SANTOS;RUA MON HIPOLITO BRASIL;;;;Colisão Transversal;Luz do Dia;Bom;Seca;Cruz;Pare;Comercial;0;0;2;1;0;0;0;0;0;0;0;0;-38,575314;-3,760775;;;
252316;13;6;2015;13:30;5433;RUA METON DE ALENCAR;RUA MAJ FACUNDO;;;;Colisão Transversal;Luz do Dia;Bom;Seca;Cruz;Pare;Comercial;0;1;1;1;0;0;0;0;0;0;0;0;-38,529899;-3,733917;;;
252304;13;6;2015;05:40;7633;AV CARNEIRO DE MENDONCA;RUA RIO GRANDE DO SUL;;;;Colisão Traseira;Amanhecer;Bom;Seca;Cruz;;Comercial;0;0;3;1;0;0;1;0;0;0;0;0;-38,570011;-3,762374;;;
252305;13;6;2015;13:50;0;RUA ALBERTO MAGNO;;;570;;Colisão Lateral;Luz do Dia;Bom;Seca;Meio de Quadra;Não Há Controle;Residencial;0;0;2;0;0;0;1;0;0;1;0;0;-38,546317;-3,760679;;;
252306;13;6;2015;22:30;1243;RUA PEREIRA FILGUEIRAS;RUA DR JOSE LOURENCO;;;;Colisão Transversal;Via Iluminada;Bom;Seca;Cruz;Pare;Comercial;0;0;2;1;0;0;0;0;0;0;0;0;-38,506470;-3,730449;;;
252310;13;6;2015;04:30;5189;RUA PDE IBIAPINA;RUA PEDRO PEREIRA;;;;Colisão Lateral;Amanhecer;Bom;Seca;Cruz;Outros;Comercial;0;0;2;1;1;0;0;0;0;0;0;0;-38,540601;-3,725940;;;
263687;13;6;2015;18:50;0;AV PRS JUSCELINO KUBITSCHEK (PASSARÉ);;;3555;;Colisão;;;;Meio de Quadra;;;0;1;0;1;0;1;0;0;0;0;0;0;-38,528922;-3,812546;;;
263690;13;6;2015;22:33;0;RUA CAP HUGO BEZERRA;;;1553;;Atropelamento;;;;Meio de Quadra;;;1;0;1;1;0;0;0;0;0;0;0;0;-38,516336;-3,819496;;;
259369;13;6;2015;09:55;0;RD CE-040;;;;KM-07;Colisão;Luz do Dia;;Seca;Meio de Quadra;;;0;0;3;1;0;0;0;0;0;0;0;0;-38,483160;-3,817953;;;
259370;13;6;2015;08:30;0;AV SEN CARLOS JEREISSATI (AEROPORTO);;;;KM 02;Colisão;Luz do Dia;;Seca;Meio de Quadra;;;0;0;3;1;0;0;1;0;0;0;0;0;-38,529156;-3,783932;;;
259372;13;6;2015;12:30;0;RD CE-040;;;;KM-03;Colisão;Luz do Dia;Bom;Seca;Meio de Quadra;;;0;0;3;1;0;0;0;0;0;1;0;0;-38,481014;-3,783185;;;
262708;13;6;2015;18:43;3795;RUA JUVENAL GALENO;RUA GERVASIO DE CASTRO;;;;Colisão;;;;T;Pare;Comercial;0;0;2;1;0;0;1;0;0;0;0;0;-38,539609;-3,738628;;;
268228;13;6;2015;01:08;5054;RUA ALM JACEGUAI;RUA DRAGAO DO MAR;;;;Colisão;;;;Cruz;Pare;Comercial;0;0;2;0;0;0;0;0;0;0;0;0;-38,519333;-3,721835;;;
268231;13;6;2015;02:26;0;RUA CEL MATOS DOURADO;;;;;Atropelamento;;;;Meio de Quadra;;;0;1;1;0;0;0;0;0;0;0;0;0;;;;;
268235;13;6;2015;03:40;0;RUA GAL CLARINDO DE QUEIROZ;;;;;Atropelamento;;;;Meio de Quadra;;;0;0;2;0;0;0;0;0;0;0;0;0;;;;;
268262;13;6;2015;11:57;0;RUA JOAO GENTIL;;;2998;;Choque c/ Obstáculo Fixo;Luz do Dia;;;Meio de Quadra;;;0;0;1;0;0;0;0;0;0;0;0;0;;;;;
268263;13;6;2015;12:00;0;RUA RAIMUNDO MARQUES;;;;;Colisão;Luz do Dia;;;Meio de Quadra;;;0;0;2;0;0;0;0;0;0;0;0;0;;;;;
268256;13;6;2015;08:39;23710;AV GAL OSORIO DE PAIVA;RUA DOM HENRIQUE;;;;Colisão;Luz do Dia;;;Duplo T;Pare;Comercial;0;0;2;0;0;0;0;0;0;0;0;0;-38,583025;-3,786100;;;
268237;13;6;2015;05:02;0;AV PDE ANTONIO TOMAS;;;3646;PQ DO COCO;Choque c/ Obstáculo Fixo;Amanhecer;;;Meio de Quadra;;;0;1;0;0;0;0;0;0;0;0;0;0;-38,487191;-3,743806;;;
268239;13;6;2015;05:15;0;AV AGUANAMBI;;;;;Colisão;Amanhecer;;;Meio de Quadra;;;0;0;2;0;0;0;0;0;0;0;0;0;;;;;
268251;13;6;2015;07:59;0;RUA SAO FRANCISCO D34;;;;;Colisão;Luz do Dia;;;Meio de Quadra;;;0;0;2;0;0;0;0;0;0;0;0;0;;;;;
268258;13;6;2015;08:48;0;RUA ANTERO QUENTAL;;;;;Colisão;Luz do Dia;;;Meio de Quadra;;;0;0;2;0;0;0;0;0;0;0;0;0;;;;;
268259;13;6;2015;10:49;0;RUA 408 CJ SAO CRISTOVAO;;;;;Choque c/ Obstáculo Fixo;Luz do Dia;;;Meio de Quadra;;;0;1;0;0;0;0;0;0;0;0;0;0;;;;;
268321;13;6;2015;12:02;9093;AV VIS RIO BRANCO;RUA DR PEDRO TELES;;;;Colisão;Luz do Dia;;;T;Pare;Residencial;0;0;2;0;0;0;0;0;0;0;0;0;-38,521882;-3,746660;;;
268328;13;6;2015;12:28;0;RUA GAL CLARINDO DE QUEIROZ;;;;;Colisão;Luz do Dia;;;Meio de Quadra;;;0;0;2;0;0;0;0;0;0;0;0;0;;;;;
268334;13;6;2015;12:30;0;RUA MARIA CLARA;;;;;Atropelamento;Luz do Dia;;;Meio de Quadra;;;0;0;2;0;0;0;0;0;0;0;0;0;;;;;
268336;13;6;2015;12:46;0;RUA EMILIA GONCALVES;;;;;Atropelamento;Luz do Dia;;;Meio de Quadra;;;0;0;2;0;0;0;0;0;0;0;0;0;;;;;
268339;13;6;2015;13:29;0;RUA BERNARDO MANUEL;;;;;Colisão;Luz do Dia;;;Meio de Quadra;;;0;0;2;0;0;0;0;0;0;0;0;0;;;;;
268344;13;6;2015;13:47;0;RUA FRANCISCA MARIA DA CONCEICAO;;;;;Colisão;Luz do Dia;;;Meio de Quadra;;;0;0;1;0;0;0;0;0;0;0;0;0;;;;;
268348;13;6;2015;14:24;13177;AV I CJ JOSE WALTER;AV D CJ JOSE WALTER;;;;Colisão;Luz do Dia;;;Rotatória;Dê Preferência;Comercial;0;0;2;0;0;0;0;0;0;0;0;0;-38,552957;-3,832440;;;
268351;13;6;2015;14:32;18743;RUA VALPARAISO;RUA CATOLE;;;;Colisão;Luz do Dia;;;Cruz;Pare;Residencial;0;0;1;0;0;0;0;0;0;0;0;0;-38,520171;-3,846407;;;
268456;13;6;2015;20:19;0;AV 13 DE MAIO;;;;;Colisão;;;;Meio de Quadra;;;0;0;2;0;0;0;0;0;0;0;0;0;;;;;
268466;13;6;2015;20:32;0;RUA PEREIRA COUTINHO;;;;;Choque c/ Obstáculo Fixo;;;;Meio de Quadra;;;0;0;1;0;0;0;0;0;0;0;0;0;;;;;
268471;13;6;2015;20:40;0;AV PRO JOSE ARTHUR CARVALHO;;;;;Colisão;;;;Meio de Quadra;;;0;0;2;0;0;0;0;0;0;0;0;0;;;;;
268475;13;6;2015;21:37;21611;RUA COM GARCIA;RUA JOAO RAMALHO;;;;Colisão;;;;Cruz;Pare;Residencial;0;0;2;0;0;0;0;0;0;0;0;0;-38,588536;-3,799067;;;
268355;13;6;2015;14:53;13937;RUA VER PEDRO PAULO MOREIRA;RUA IEDA PEREIRA;;;;Colisão;Luz do Dia;;;Cruz;Pare;Comercial;0;0;2;0;0;0;0;0;0;0;0;0;-38,488151;-3,787070;;;
268359;13;6;2015;16:33;17294;RUA CEL ALEXANDRINO;RUA JOAO FIRMINO;;;;Colisão;Luz do Dia;;;Cruz;Pare;Comercial;0;0;1;0;0;0;0;0;0;0;0;0;-38,554922;-3,763514;;;
268361;13;6;2015;17:29;0;AV PRS COSTA E SILVA;;;;;Atropelamento;Anoitecer;;;Meio de Quadra;;;0;0;2;0;0;0;0;0;0;0;0;0;;;;;
268377;13;6;2015;19:25;0;RUA VALPARAISO;;;;;Colisão;;;;Meio de Quadra;;;0;0;2;0;0;0;0;0;0;0;0;0;;;;;
268386;13;6;2015;19:47;0;AV DOM ALOÍSIO LORSCHEIDER;;;;;Colisão;;;;Meio de Quadra;;;0;0;2;0;0;0;0;0;0;0;0;0;;;;;
268477;14;6;2015;00:17;22951;AV DR SILAS MUNGUBA;RUA DR JUSTA ARAUJO D45;;;;Colisão;;;;Cruz;Outros;Comercial;0;0;2;0;0;0;0;0;0;0;0;0;-38,553426;-3,784586;;;
268516;14;6;2015;06:46;0;AV MIGUEL DIAS;;;;;Colisão;Luz do Dia;;;Meio de Quadra;;;0;0;1;0;0;0;0;0;0;0;0;0;;;;;
268519;14;6;2015;06:53;0;RUA CARLOS CHAGAS;;;;;Colisão;Luz do Dia;;;Meio de Quadra;;;0;0;1;0;0;0;0;0;0;0;0;0;;;;;
268520;14;6;2015;06:59;1432;AV SANTOS DUMONT;AV SEN VIRGILIO TAVORA;;;;Colisão;Luz do Dia;;;Cruz;Semáforo;Comercial;0;0;1;0;0;0;0;0;0;0;0;0;-38,493482;-3,737828;;;
268500;14;6;2015;03:07;3769;AV DOMINGOS OLIMPIO;RUA SEN POMPEU;;;;Choque c/ Obstáculo Fixo;;;;Cruz;Semáforo;Comercial;0;0;1;0;0;0;0;0;0;0;0;0;-38,532455;-3,736254;;;
268502;14;6;2015;03:09;0;RUA CEARA;;;;;Colisão;;;;Meio de Quadra;;;0;0;1;0;0;0;0;0;0;0;0;0;;;;;
268507;14;6;2015;04:42;2523;RUA TULIPA;AV FRANCISCO SA;;;;Colisão;;;;T;Pare;Comercial;0;0;1;0;0;0;0;0;0;0;0;0;-38,577954;-3,710359;;;
268480;14;6;2015;00:21;0;AV BENJAMIM BRASIL;;;;;Colisão;;;;Meio de Quadra;;;0;0;1;0;0;0;0;0;0;0;0;0;;;;;
268484;14;6;2015;00:22;25965;RUA CEL MANUEL ANTONIO LEITE;RUA DECIO DE CASTRO;;;;Colisão;;;;Cruz;Não Há Controle;Residencial;0;0;2;0;0;0;0;0;0;0;0;0;-38,591473;-3,772952;;;
268486;14;6;2015;00:24;0;AV AUGUSTO DOS ANJOS;;;;;Colisão;;;;Meio de Quadra;;;0;0;1;0;0;0;0;0;0;0;0;0;;;;;
268488;14;6;2015;00:43;0;RUA OFIR;;;;;Colisão;;;;Meio de Quadra;;;0;0;1;0;0;0;0;0;0;0;0;0;;;;;
268493;14;6;2015;02:49;5159;AV IMPERADOR;RUA GUILHERME ROCHA;;;;Colisão;;;;Cruz;Semáforo;Comercial;0;0;1;0;0;0;0;0;0;0;0;0;-38,533829;-3,725081;;;
268496;14;6;2015;03:06;0;AV JOR THOMAZ COELHO;;;;;Colisão;;;;Meio de Quadra;;;0;0;2;0;0;0;0;0;0;0;0;0;;;;;
268504;14;6;2015;04:06;7899;AV ANTONIO SALES;RUA MON CATAO;;;;Choque c/ Obstáculo Fixo;;;;Cruz;Pare;Comercial;0;0;1;0;0;0;0;0;0;0;0;0;-38,493642;-3,748174;;;
268524;14;6;2015;10:07;0;RUA DUAS NACOES;;;;;Choque c/ Obstáculo Fixo;Luz do Dia;;;Meio de Quadra;;;0;0;1;0;0;0;0;0;0;0;0;0;;;;;
268526;14;6;2015;10:31;0;AV GAL OSORIO DE PAIVA;;;;;Colisão;Luz do Dia;;;Meio de Quadra;;;0;0;2;0;0;0;0;0;0;0;0;0;;;;;
262711;14;6;2015;20:21;0;RUA PDE PEDRO DE ALENCAR;;;;;Colisão;;;;Meio de Quadra;;;0;0;2;1;0;0;0;0;0;0;0;0;;;;;
263692;14;6;2015;01:00;0;AV VIS RIO BRANCO;;;;;Colisão;;;;Meio de Quadra;;;0;1;0;1;0;0;0;0;0;1;0;0;;;;;
268617;14;6;2015;17:03;0;AV DEP PAULINO ROCHA;;;;;Colisão;Anoitecer;;;Meio de Quadra;;;0;0;2;0;0;0;0;0;0;0;0;0;;;;;
268534;14;6;2015;12:34;0;AV COSTA OESTE;;;;;Colisão;Luz do Dia;;;Meio de Quadra;;;0;0;1;0;0;0;0;0;0;0;0;0;;;;;
268537;14;6;2015;19:31;0;RUA NOVE UI 211;;;;;Colisão;;;;Meio de Quadra;;;0;0;2;0;0;0;0;0;0;0;0;0;;;;;
268540;14;6;2015;21:32;24886;AV MOZART PINHEIRO DE LUCENA;AV MAJ ASSIS;;;;;;;;Cruz;Semáforo;Residencial;0;0;2;0;0;0;0;0;0;0;0;0;-38,596693;-3,721695;;;
268544;14;6;2015;21:33;3030;RUA DIOGO CORREIA;RUA ANDRE REBOUCAS;;;;Colisão;;;;Cruz;Semáforo;Comercial;0;0;1;0;0;0;0;0;0;0;0;0;-38,588606;-3,774008;;;
268546;14;6;2015;22:40;0;AV GAL OSORIO DE PAIVA;;;;;Colisão;;;;Meio de Quadra;;;0;0;1;0;0;0;0;0;0;0;0;0;;;;;
268549;14;6;2015;22:46;6342;RUA 703 CJ CEARA;RUA 705 CJ CEARA;;;;Colisão;;;;;;;0;0;1;0;0;0;0;0;0;0;0;0;-38,598231;-3,771163;;;
252311;14;6;2015;09:00;5235;RUA PEDRO PEREIRA;RUA PRC ISABEL;;;;Colisão Transversal;Luz do Dia;Bom;Seca;Cruz;Pare;Misto;0;1;1;0;0;0;0;0;0;1;0;0;-38,535705;-3,727353;;;
252312;14;6;2015;20:00;13089;AV C CJ JOSE WALTER;RUA 41 CJ JOSE WALTER;;;;Colisão Transversal;Via Iluminada;Bom;Seca;Cruz;Não Há Controle;Residencial;0;0;2;1;0;0;0;0;0;0;0;0;-38,557167;-3,828279;;;
252307;14;6;2015;17:30;4021;AV PRO GOMES DE MATOS;RUA DES PRAXEDES;;;;Colisão Transversal;Via Iluminada;Bom;Seca;Cruz;Semáforo;Comercial;0;3;0;0;0;0;0;0;0;1;0;0;-38,546229;-3,761872;;;
252308;14;6;2015;13:50;5158;RUA SOBRAL D03;RUA CONDE D´EU;;;;Colisão Lateral;Luz do Dia;Bom;Seca;T;Não Há Controle;Comercial;0;0;2;0;0;0;0;0;0;1;0;0;-38,525264;-3,725059;;;
252309;14;6;2015;07:00;5200;RUA TEN BENEVOLO;RUA GONCALVES LEDO;;;;Colisão Lateral;Luz do Dia;Chuva;Molhada;Cruz;Pare;Residencial;0;0;2;1;1;0;0;0;0;0;0;0;-38,514537;-3,726183;;;
252301;14;6;2015;07:10;9117;RUA DR ALFREDO WEYNE D14;RUA DR RATISBONA;;;;Colisão Transversal;Luz do Dia;Chuva;Molhada;Cruz;Pare;Residencial;0;0;2;1;0;0;0;0;0;0;0;0;-38,531575;-3,756355;;;
252302;14;6;2015;07:30;0;RUA COS LAFAYETE;;;690;;Choque c/ Obstáculo Fixo;Luz do Dia;Nublado;Seca;Meio de Quadra;Pare;Residencial;1;0;0;0;0;0;0;0;0;1;0;0;-38,584160;-3,717862;;;
252303;14;6;2015;09:20;5433;RUA METON DE ALENCAR;RUA MAJ FACUNDO;;;;Colisão Transversal;Luz do Dia;Bom;Seca;Cruz;Pare;Comercial;0;0;2;1;0;0;0;0;0;0;0;0;-38,529899;-3,733917;;;
252298;14;6;2015;20:50;0;AV DR SILAS MUNGUBA;;;5454;;Colisão Lateral;Via Iluminada;Bom;Seca;Meio de Quadra;Não Há Controle;Comercial;0;0;2;1;1;0;0;0;0;0;0;0;-38,529767;-3,801695;;;
252299;14;6;2015;13:20;6343;AV C CJ CEARA;RUA 1084 CJ CEARA;;;;Colisão Transversal;Luz do Dia;Bom;Seca;Cruz;Não Há Controle;Residencial;0;2;1;0;0;0;0;0;0;1;0;0;;;;;
252290;14;6;2015;19:10;1257;RUA COSTA BARROS;RUA SILVA PAULET;;;;Colisão Transversal;Via Iluminada;Bom;Seca;Cruz;Pare;Comercial;0;2;0;0;0;0;0;0;0;1;0;0;-38,504799;-3,732565;;;
252291;14;6;2015;12:30;22055;AV JOSE BASTOS;RUA PDE CICERO;;;;Choque c/ Obstáculo Fixo;Luz do Dia;Bom;Seca;T;Pare;Comercial;0;0;1;0;0;0;1;0;0;0;0;0;-38,544887;-3,744462;;;
252293;14;6;2015;10:25;0;AV RECREIO D64;;;840;;Outros;Luz do Dia;Bom;Seca;Meio de Quadra;Não Há Controle;Residencial;0;0;3;1;0;0;0;0;0;0;0;0;-38,449597;-3,813186;;;
252294;14;6;2015;13:13;0;AV ZEZE DIOGO;;;;;Colisão Lateral;Luz do Dia;Bom;Seca;Meio de Quadra;Outros;Comercial;0;0;2;1;0;0;0;0;0;0;0;0;;;;;
252295;14;6;2015;09:50;0;AV JOSE SABOIA;;;300;;Choque c/ Obstáculo Fixo;Luz do Dia;Bom;Seca;Meio de Quadra;Não Há Controle;Industrial;0;1;0;0;0;0;0;0;0;0;0;0;-38,467612;-3,717001;;;
252296;14;6;2015;18:45;1359;RUA CARLOS VASCONCELOS;RUA JOAO CARVALHO;;;;Colisão Transversal;Via Iluminada;Bom;Seca;Cruz;Pare;Residencial;0;0;2;1;0;0;0;0;0;0;0;0;-38,511844;-3,736251;;;
252288;14;6;2015;13:00;0;AV CEL CARVALHO;;;2570;;Colisão Traseira;Luz do Dia;Bom;Seca;Meio de Quadra;Pare;Residencial;0;0;3;1;0;0;0;0;0;0;0;0;-38,585839;-3,725303;;;
273516;14;6;2015;00:17;0;RUA JULIO PINTO D08;;;;;Colisão;;;;Meio de Quadra;;;0;1;0;1;0;0;0;0;0;1;0;0;;;;;
273517;14;6;2015;03:06;0;AV GODOFREDO MACIEL;;;;;Queda;;;;Meio de Quadra;;;0;1;0;0;0;0;0;0;0;1;0;0;;;;;
273518;14;6;2015;05:53;0;RUA 761 CJ CEARA;;;;;Queda;Amanhecer;;;Meio de Quadra;;;0;1;0;0;0;0;0;0;0;1;0;0;;;;;
273519;14;6;2015;05:57;0;AV ENG SANTANA JUNIOR;;;;;Capotamento;Amanhecer;;;Meio de Quadra;;;0;1;0;1;0;0;0;0;0;0;0;0;;;;;
273520;14;6;2015;07:04;0;RUA CEL VIRGILIO NOGUEIRA (BOM JARDIM);;;;;Colisão;Luz do Dia;;;Meio de Quadra;;;0;1;0;1;0;0;0;0;0;1;0;0;;;;;
273522;14;6;2015;09:04;5235;RUA PRC ISABEL;RUA PEDRO PEREIRA;;;;Colisão;Luz do Dia;;;Cruz;Pare;Comercial;0;1;0;0;0;0;0;0;0;0;0;0;-38,535705;-3,727353;;;
273531;14;6;2015;14:42;0;RUA BOM JESUS (GRANJA LISBOA);;;;;Queda;Luz do Dia;;;Meio de Quadra;;;0;1;0;0;0;0;0;0;0;1;0;0;;;;;
273533;14;6;2015;17:45;3263;AV PERIMETRAL;RUA POMAR CARIOCA;;;;Colisão;Anoitecer;;;Cruz;Outros;Residencial;0;1;0;0;0;0;0;0;0;0;0;0;-38,589809;-3,784820;;;
273534;14;6;2015;18:15;0;AV DA INDEPENDENCIA;;;;;Colisão;Anoitecer;;;Meio de Quadra;;;0;1;0;0;0;0;0;0;0;1;0;0;-38,591482;-3,726765;;;
273535;14;6;2015;19:40;0;RD BR 116;;;6000;KM-06;Colisão;;;;Meio de Quadra;;;0;1;0;0;0;0;0;0;0;0;0;0;-38,503053;-3,804691;;;
273536;14;6;2015;19:42;0;AV DR SILAS MUNGUBA;;;;;Colisão;;;;Meio de Quadra;;;0;1;0;0;0;0;0;0;0;1;0;0;-38,543234;-3,789391;;;
273539;14;6;2015;21:02;12398;AV LINEU MACHADO;ET PICI;;;;Colisão;;;;Cruz;Pare;Misto;0;1;0;1;0;0;0;0;0;1;0;0;-38,577683;-3,767407;;;
273540;14;6;2015;21:59;0;AV GAL OSORIO DE PAIVA;;;;;Colisão;;;;Meio de Quadra;;;0;1;0;1;0;0;0;0;0;1;0;0;-38,597087;-3,799588;;;
273542;14;6;2015;22:30;6526;RUA 303 C CJ CEARA;RUA 311 CJ CEARA;;;;Colisão;;;;;;;0;1;0;0;0;0;0;0;0;0;0;0;-38,614759;-3,774700;;;
273543;14;6;2015;23:09;0;AV WASHINGTON SOARES;;;;;Queda;;;;Meio de Quadra;;;0;1;0;0;0;1;0;0;0;0;0;0;;;;;
273525;14;6;2015;12:03;0;AV COSTA OESTE;;;;;Atropelamento;Luz do Dia;;;Meio de Quadra;;;0;1;0;0;0;0;0;0;0;1;0;0;;;;;
259009;14;6;2015;09:00;0;RD BR 116;;;5000;KM-05;Colisão Traseira;Luz do Dia;Bom;Seca;Meio de Quadra;Não Há Controle;Comercial;0;1;1;1;0;0;0;0;0;1;0;0;-38,506787;-3,796502;;;
259010;15;6;2015;06:40;0;RD BR 116;;;3000;KM-03;Colisão Traseira;Luz do Dia;Bom;Seca;Meio de Quadra;Não Há Controle;Comercial;0;1;1;1;0;0;0;0;0;0;0;0;-38,514372;-3,779838;;;
259011;15;6;2015;22:30;0;RD BR 116;;;3000;KM-03;Queda;Via Iluminada;Bom;Seca;Meio de Quadra;Não Há Controle;Comercial;0;1;0;0;0;0;0;0;0;1;0;0;-38,514372;-3,779838;;;
273570;15;6;2015;12:56;7849;RUA FRANCISCO HOLANDA;RUA JOSE VILAR;;;;Colisão;Luz do Dia;;;Cruz;Pare;Residencial;0;1;0;1;0;0;0;0;0;1;0;0;-38,508441;-3,747448;;;
273575;15;6;2015;14:19;0;RUA 20 DE JANEIRO;;;;;Colisão;Luz do Dia;;;Meio de Quadra;;;0;1;0;1;0;0;0;0;0;0;0;0;;;;;