COD_ACIDENTE;DIA;MES;ANO;HORA;INTERSECAO;LOG1;LOG2;LOG3;NUMERO;REFERENCIA;NATUREZA;ILUMINACAO;TEMPO;SUPERFICIEPISTA;TIPOCRUZAMENTO;CONTROLETRAFEGO;USOSOLO;MORTOS;FERIDOS;ILESOS;AUTOMOVEL;ONIBUS;BICICLETA;CAMINHAO;MICROONIBUS;CICLOMOTOR;MOTOCICLETA;TRACAOANIMAL;TREM;LONG;LAT;;;
273579;15;6;2015;16:18;0;RUA ALVES DE SOUZA;;;;;Colisão;Luz do Dia;;;Meio de Quadra;;;0;1;0;0;0;0;0;0;0;0;0;0;;;;;
273581;15;6;2015;16:29;0;RUA DEP MATOSO FILHO;;;;;Colisão;Luz do Dia;;;Meio de Quadra;;;0;0;1;0;0;0;0;0;0;1;0;0;;;;;
273582;15;6;2015;17:10;11533;RUA BARRA NOVA;RUA VALE FORMOSO;;;;Colisão;Anoitecer;;;Cruz;Pare;Misto;0;1;0;0;0;0;0;0;0;0;0;0;-38,505665;-3,784756;;;
273584;15;6;2015;17:42;0;AV BORGES DE MELO;;;;;Colisão;Anoitecer;;;Meio de Quadra;;;0;1;0;1;0;0;0;0;0;1;0;0;;;;;
273585;15;6;2015;17:52;0;AV GAL OSORIO DE PAIVA;;;;;Colisão;Anoitecer;;;Meio de Quadra;;;0;1;0;0;0;0;0;0;0;1;0;0;-38,565833;-3,775166;;;
273586;15;6;2015;18:20;0;RUA 14 CJ PEQ MONDUBIM;;;;;Colisão;Anoitecer;;;Meio de Quadra;;;0;1;0;1;0;0;0;0;0;1;0;0;;;;;
273588;15;6;2015;19:03;5202;RUA PEREIRA FILGUEIRAS;RUA RODRIGUES JUNIOR;;;;Colisão;;;;Cruz;Pare;Comercial;0;2;0;1;0;0;0;0;0;0;0;0;-38,519213;-3,726304;;;
273593;15;6;2015;19:09;0;AV FRANCISCO SA;;;;;Colisão;;;;Meio de Quadra;;;0;0;1;0;0;0;0;0;0;0;0;0;;;;;
273598;15;6;2015;21:18;0;AV CASTANHOLEIRAS;;;;;Queda;;;;Meio de Quadra;;;0;1;0;0;0;0;0;0;0;1;0;0;-38,468533;-3,752991;;;
273599;15;6;2015;22:14;0;AV ALBERTO CRAVEIRO;;;;;Queda;;;;Meio de Quadra;;;0;1;0;0;0;0;0;0;0;1;0;0;;;;;
273601;15;6;2015;23:46;0;AV BEZERRA DE MENEZES;;;;;Queda;;;;Meio de Quadra;;;0;1;0;0;0;0;0;0;0;1;0;0;;;;;
273563;15;6;2015;11:13;0;AV GAL OSORIO DE PAIVA;;;;;Atropelamento;Luz do Dia;;;Meio de Quadra;;;0;1;0;0;0;0;0;0;0;1;0;0;-38,565833;-3,775166;;;
273565;15;6;2015;12:49;0;AV PRS COSTA E SILVA;;;;;Atropelamento;Luz do Dia;;;Meio de Quadra;;;0;1;0;0;1;0;0;0;0;0;0;0;;;;;
252388;15;6;2015;10:00;0;AV JOR THOMAZ COELHO;;;;;Colisão Frontal;;;Seca;Meio de Quadra;Semáforo;Comercial;0;0;2;1;0;0;0;0;0;0;0;0;;;;;
252379;15;6;2015;16:30;19152;RUA BATISTA DE OLIVEIRA;RUA LAURO NOGUEIRA;;;;Colisão Transversal;Luz do Dia;Bom;Seca;Cruz;Pare;Residencial;0;1;2;0;0;0;0;0;0;0;0;0;-38,478301;-3,740086;;;
252385;15;6;2015;16:30;17563;RUA ESPIRITO SANTO;RUA AMAZONAS;;;;Colisão Transversal;Luz do Dia;Bom;Seca;Cruz;Pare;Residencial;0;1;1;1;0;0;0;0;0;1;0;0;-38,567217;-3,751391;;;
252333;15;6;2015;14:30;0;TR 25 DE MARCO UI 806;;;60;;Colisão Lateral;Luz do Dia;Bom;Seca;Meio de Quadra;Não Há Controle;Residencial;0;0;2;1;0;0;0;1;0;0;0;0;;;;;
252335;15;6;2015;14:30;0;AV 20 DE JANEIRO;;;1621;;Colisão Lateral Sentido Oposto;Luz do Dia;Bom;Seca;Meio de Quadra;;Residencial;0;1;3;1;0;0;0;0;0;0;0;0;-38,580919;-3,705791;;;
252337;15;6;2015;14:30;0;RUA METON DE ALENCAR;;;;;Colisão Lateral;Luz do Dia;Bom;Seca;Meio de Quadra;Semáforo;Comercial;0;0;2;1;1;0;0;0;0;0;0;0;;;;;
252342;15;6;2015;15:30;3946;RUA DULCINEIA GONDIM;RUA FRE ORLANDO;;;;Colisão Lateral;Luz do Dia;Bom;Seca;Cruz;Pare;Residencial;0;1;1;1;0;0;0;0;0;1;0;0;-38,547738;-3,756988;;;
252344;15;6;2015;08:30;15238;RUA TEN BENEVOLO;RUA BAR ARACATI;;;;Colisão Lateral;Luz do Dia;Bom;Seca;Cruz;Pare;Residencial;0;0;2;1;0;0;0;0;0;1;0;0;-38,510266;-3,727628;;;
252346;15;6;2015;21:00;0;AV JOR THOMAZ COELHO;;;;;Colisão Lateral;Via Iluminada;Bom;Seca;Meio de Quadra;Outros;Comercial;0;0;2;1;1;0;0;0;0;0;0;0;;;;;
252375;15;6;2015;10:00;17331;RUA ROMEU MARTINS;RUA BAR CANINDE;;;;Colisão Transversal;Luz do Dia;Bom;Seca;Cruz;Pare;Residencial;0;1;1;1;0;0;0;0;0;1;0;0;-38,554694;-3,764890;;;
252376;15;6;2015;08:30;15347;AV DOM LUIS;RUA TIBURCIO CAVALCANTE;;;;Colisão Lateral;;Bom;;Duplo T;;;0;0;2;1;1;0;0;0;0;0;0;0;-38,501313;-3,732021;;;
252377;15;6;2015;09:30;0;RUA CARLOS VASCONCELOS;;;170;;Colisão Lateral;Luz do Dia;Bom;Seca;Meio de Quadra;Não Há Controle;Residencial;0;0;2;1;0;0;0;0;0;0;0;0;-38,507765;-3,723623;;;
252358;15;6;2015;16:20;0;AV ODILON GUIMARAES;;;2136;;Colisão Traseira;Luz do Dia;Bom;Seca;Meio de Quadra;Não Há Controle;Residencial;0;0;2;1;0;0;0;0;0;0;0;0;-38,475434;-3,819952;;;
252370;15;6;2015;09:00;1538;AV PDE ANTONIO TOMAS;RUA LEONARDO MOTA;;;;Colisão Frontal;Luz do Dia;Bom;Seca;Cruz;Semáforo;Residencial;0;0;2;1;0;0;0;0;0;0;0;0;-38,497662;-3,740811;;;
252371;15;6;2015;16:30;9046;RUA MON OTAVIO CASTRO;RUA PDE MATOS SERRA;;;;Colisão Transversal;Luz do Dia;Bom;Seca;Cruz;Pare;Comercial;0;0;2;1;0;0;0;0;0;0;0;0;-38,527506;-3,744257;;;
252373;15;6;2015;07:00;9952;RUA EMILIO DE MENESES;RUA JOSE TORRES;;;;Colisão Transversal;Luz do Dia;;;Cruz;Pare;Comercial;0;1;1;1;1;0;0;0;0;0;0;0;-38,606283;-3,776425;;;
252348;15;6;2015;13:00;0;RUA CEL MATOS DOURADO;;;;;Engavetamento;Luz do Dia;Bom;Seca;Meio de Quadra;Outros;Comercial;0;0;3;0;1;0;0;0;0;0;0;0;;;;;
252350;15;6;2015;13:00;7849;RUA JOSE VILAR;RUA FRANCISCO HOLANDA;;;;Colisão Transversal;Luz do Dia;Bom;Seca;Cruz;Pare;Residencial;0;1;2;1;0;0;0;0;0;1;0;0;-38,508441;-3,747448;;;
252352;15;6;2015;12:50;0;AV JOSE BASTOS;;;4683;;Colisão Traseira;Luz do Dia;Bom;Seca;Meio de Quadra;Gesto;Comercial;0;0;4;1;0;0;0;0;0;0;0;0;-38,557516;-3,756873;;;
252362;15;6;2015;14:30;0;AV FRE CIRILO;;;3845;;Colisão Transversal;Luz do Dia;Bom;Seca;Meio de Quadra;Não Há Controle;Comercial;0;0;2;1;0;0;0;0;0;0;0;0;-38,497268;-3,817626;;;
252363;15;6;2015;07:45;0;AV HERACLITO GRACA;;;1390;;Colisão Lateral;Luz do Dia;Bom;Seca;Meio de Quadra;Não Há Controle;Comercial;0;0;2;1;0;0;0;0;0;1;0;0;-38,512442;-3,737513;;;
252364;15;6;2015;00:15;8949;AV BEZERRA DE MENEZES;RUA JUSTINIANO DE SERPA;;;;Choque c/ Obstáculo Fixo;Via Iluminada;Bom;Seca;Cruz;Semáforo;Comercial;0;0;1;1;0;0;0;0;0;0;0;0;-38,542857;-3,731156;;;
252365;15;6;2015;20:40;8937;RUA ANTONIO POMPEU;RUA CARLOS SEVERO;;;;Colisão Lateral;Via Iluminada;Bom;Seca;Cruz;Pare;Comercial;0;1;1;1;0;0;0;0;0;1;0;0;-38,541865;-3,731863;;;
273550;15;6;2015;06:57;0;AV FRANCISCO SA;;;;;Queda;Luz do Dia;;;Meio de Quadra;;;0;1;0;0;0;0;0;0;0;1;0;0;;;;;
273551;15;6;2015;08:07;0;AV DR SILAS MUNGUBA;;;;;Colisão;Luz do Dia;;;Meio de Quadra;;;0;1;0;1;0;0;0;0;0;1;0;0;-38,531621;-3,797134;;;
273552;15;6;2015;08:50;15288;RUA SILVA JATAHY;RUA VICENTE LEITE;;;;Colisão;Luz do Dia;;;Cruz;Pare;Residencial;0;1;0;1;0;0;0;0;0;1;0;0;-38,492910;-3,729302;;;
273553;15;6;2015;09:04;9198;RUA BAR ARATANHA;RUA COSTA ARAUJO;;;;Colisão;Luz do Dia;;;Cruz;Pare;Comercial;0;1;0;1;0;0;0;0;0;1;0;0;-38,531099;-3,746946;;;
273554;15;6;2015;09:16;15227;AV ABOLICAO;AV DES MOREIRA;;;;Colisão;Luz do Dia;;;Cruz;Semáforo;Comercial;0;1;0;0;0;0;0;0;0;0;0;0;-38,495474;-3,727331;;;
273555;15;6;2015;09:46;0;RUA PDE PEDRO DE ALENCAR;;;;;Colisão;Luz do Dia;;;Meio de Quadra;;;0;1;0;1;0;0;0;0;0;1;0;0;-38,494171;-3,837197;;;
273561;15;6;2015;11:06;0;RUA CAROLINA SUCUPIRA;;;;;Queda;Luz do Dia;;;Meio de Quadra;;;0;1;0;0;0;0;0;0;0;1;0;0;;;;;
273544;15;6;2015;05:00;0;AV ABOLICAO;;;;;Colisão;Amanhecer;;;Meio de Quadra;;;0;1;0;0;0;0;1;0;0;1;0;0;;;;;
273546;15;6;2015;05:13;9952;RUA EMILIO DE MENESES;RUA JOSE TORRES;;;;Colisão;Amanhecer;;;Cruz;Pare;Comercial;0;1;0;1;1;0;0;0;0;0;0;0;-38,606283;-3,776425;;;
273547;15;6;2015;06:03;0;AV PERIMETRAL;;;;;Colisão;Luz do Dia;;;Meio de Quadra;;;0;1;0;0;0;0;0;0;0;0;0;0;;;;;
273548;15;6;2015;06:36;0;RUA GAL GOIS MONTEIRO;;;;;Colisão;Luz do Dia;;;Meio de Quadra;;;0;1;0;1;0;0;0;0;0;1;0;0;;;;;
252317;15;6;2015;08:00;15226;AV ANTONIO JUSTA;AV ABOLICAO;;;;Colisão Lateral;Luz do Dia;Bom;Seca;;Semáforo;Comercial;0;2;0;0;1;0;0;0;0;1;0;0;-38,495474;-3,727331;;;
252318;15;6;2015;08:45;0;AV DR SILAS MUNGUBA;;;1700;;Colisão Traseira;Luz do Dia;Bom;Seca;Meio de Quadra;Semáforo;Escola;0;1;1;1;0;0;0;0;0;1;0;0;-38,552153;-3,785332;;;
252319;15;6;2015;12:30;0;AV AGUANAMBI;;;1020;;Colisão Lateral;Luz do Dia;Bom;Seca;Meio de Quadra;Semáforo;Residencial;0;0;2;1;0;0;0;0;0;0;0;0;-38,525342;-3,745822;;;
252321;15;6;2015;06:40;20839;AV JOVITA FEITOSA;RUA 21 DE ABRIL D27;;;;Colisão Lateral;Luz do Dia;Bom;Seca;Cruz;Não Há Controle;Residencial;0;0;2;1;0;0;0;0;0;0;0;0;-38,567358;-3,742913;;;
252322;15;6;2015;19:00;1566;RUA PDE VALDEVINO;RUA SILVA PAULET;;;;Colisão Transversal;Via Iluminada;Bom;Seca;Cruz;Pare;Comercial;0;0;2;1;0;0;0;0;0;0;0;0;-38,507851;-3,741957;;;
252323;15;6;2015;14:50;0;RUA JOSE VILAR;;;;;Colisão Lateral;Luz do Dia;Bom;Seca;Meio de Quadra;Não Há Controle;Residencial;0;1;1;1;0;0;0;0;1;0;0;0;-38,509601;-3,751014;;;
252326;15;6;2015;12:50;347;RUA PRO COSTA MENDES;RUA FRANCISCA CLOTILDE;;;;Colisão Lateral Sentido Oposto;Luz do Dia;Bom;Seca;Cruz;Pare;Comercial;0;0;2;1;1;0;0;0;0;0;0;0;-38,556137;-3,746335;;;
252330;15;6;2015;16:30;0;AV BEZERRA DE MENEZES;;;600;;Colisão Lateral;Luz do Dia;Bom;Seca;Meio de Quadra;Semáforo;Comercial;0;0;2;1;0;0;1;0;0;0;0;0;-38,550352;-3,732748;;;
268551;15;6;2015;11:06;2737;RUA CEL JOAO CORREIA;RUA ZACARIAS FLORINDO;;;;Atropelamento;Luz do Dia;;;;;;0;0;2;0;0;0;0;0;0;0;0;0;-38,607428;-3,790872;;;
268553;15;6;2015;11:18;6169;RUA MIN ALBUQUERQUE LIMA;RUA 836 CJ CEARA;;;;;Luz do Dia;;;;;;0;0;2;0;0;0;0;0;0;0;0;0;-38,603437;-3,770922;;;
268556;15;6;2015;13:45;0;RUA MARIA GOMES DE SA;;;;;Colisão;Luz do Dia;;;Meio de Quadra;;;0;0;3;0;0;0;0;0;0;0;0;0;;;;;
268560;15;6;2015;17:28;0;RUA BARRA NOVA;;;;;Atropelamento;Anoitecer;;;Meio de Quadra;;;0;0;2;0;0;0;0;0;0;0;0;0;;;;;
268568;15;6;2015;20:15;0;AV BENJAMIM BRASIL;;;;;Atropelamento;Anoitecer;;;Meio de Quadra;;;0;0;2;0;0;0;0;0;0;0;0;0;;;;;
268579;15;6;2015;16:33;0;RUA BAR AQUIRAZ;;;;;Colisão;Luz do Dia;;;Meio de Quadra;;;0;0;1;0;0;0;0;0;0;0;0;0;;;;;
268580;15;6;2015;17:20;0;AV N CJ JOSE WALTER;;;;;Colisão;Anoitecer;;;Meio de Quadra;;;0;0;1;0;0;0;0;0;0;0;0;0;;;;;
268574;15;6;2015;08:36;3199;RUA VERBENA;RUA VITAL BRASIL;;;;Colisão;Luz do Dia;;;Cruz;Semáforo;Comercial;0;0;1;0;0;0;0;0;0;0;0;0;-38,588650;-3,780666;;;
263700;15;6;2015;00:04;0;AV LINEU MACHADO;;;826;;Colisão;;;;Meio de Quadra;;;0;2;0;1;0;0;0;0;0;1;0;0;;;;;
259375;15;6;2015;08:20;0;RD CE-040;;;;KM-05;Colisão;Luz do Dia;;Seca;Meio de Quadra;;;0;1;1;1;0;0;0;0;0;0;0;0;-38,480349;-3,790876;;;
262746;15;6;2015;19:15;0;AV GAL OSORIO DE PAIVA;;;;;Colisão;;;;Meio de Quadra;;;0;0;2;1;1;0;0;0;0;0;0;0;;;;;
262768;16;6;2015;14:03;0;AV DOS EXPEDICIONARIOS;;;;;Colisão;Luz do Dia;;;Meio de Quadra;;;0;0;2;1;0;0;0;0;0;0;0;0;;;;;
259380;16;6;2015;13:55;0;RD CE-040;;;;KM-03;;Luz do Dia;;Seca;Meio de Quadra;;;0;0;2;1;0;0;1;0;0;0;0;0;-38,481014;-3,783185;;;
259382;16;6;2015;14:00;0;RD CE-065;;;;KM-03;Colisão;Luz do Dia;;Seca;Meio de Quadra;;;0;1;1;1;0;0;0;0;0;1;0;0;;;;;
268577;16;6;2015;10:27;0;RUA SGT SERPA;;;;;Colisão;Luz do Dia;;;Meio de Quadra;;;0;0;2;0;0;0;0;0;0;0;0;0;;;;;
268581;16;6;2015;17:53;0;RUA MON FURTADO;;;;;Colisão;Anoitecer;;;Meio de Quadra;;;0;0;2;0;0;0;0;0;0;0;0;0;;;;;
268582;16;6;2015;18:15;0;RUA JOSE CAVALCANTE SOBR;;;;;Colisão;Anoitecer;;;Meio de Quadra;;;0;0;2;0;0;0;0;0;0;0;0;0;;;;;
268583;16;6;2015;20:21;0;AV RECREIO D64;;;;;Colisão;;;;Meio de Quadra;;;0;0;1;0;0;0;0;0;0;0;0;0;;;;;
268584;16;6;2015;00:27;0;RUA FENELON BOMILCAR;;;;;Choque c/ Obstáculo Fixo;;;;Meio de Quadra;;;0;1;0;0;0;0;0;0;0;1;0;0;;;;;
252331;16;6;2015;20:00;0;AV LINEU MACHADO;;;419;JOCKEY CLUBE;Colisão Lateral;Via Iluminada;Bom;Seca;Meio de Quadra;Outros;Outros;0;1;1;1;0;0;0;0;0;1;0;0;-38,576251;-3,764716;;;
252332;16;6;2015;11:25;0;RUA JULIO ABREU;;;120;;Colisão Transversal;Luz do Dia;Bom;Seca;Meio de Quadra;Não Há Controle;Comercial;0;0;2;1;0;0;0;0;0;0;0;0;-38,488154;-3,735894;;;
252327;16;6;2015;06:20;0;RUA VERBENA;;;713;;Colisão Traseira;Luz do Dia;Bom;Seca;Meio de Quadra;Não Há Controle;Residencial;0;0;2;1;0;0;0;0;0;0;0;0;-38,589385;-3,783319;;;
252328;16;6;2015;16:15;17379;RUA TEN MOACIR MATOS;RUA EDITE BRAGA;;;;Colisão Transversal;Luz do Dia;Bom;Seca;Cruz;Pare;Residencial;0;1;1;1;0;0;0;0;0;0;0;0;-38,552921;-3,766915;;;
252329;16;6;2015;08:00;15144;AV MON TABOSA;AV RUI BARBOSA;;;;Colisão Traseira;Luz do Dia;Bom;Seca;Cruz;Pare;Comercial;0;0;2;1;0;0;1;0;0;0;0;0;-38,505696;-3,724441;;;
252324;16;6;2015;15:50;0;RUA MAL DEODORO;;;;;Colisão Transversal;Luz do Dia;Bom;Seca;Meio de Quadra;Pare;Escola;0;1;1;1;0;0;0;0;0;1;0;0;;;;;
252325;16;6;2015;06:20;0;AV PRS COSTA E SILVA;;;121;;Colisão Lateral;Luz do Dia;Bom;Seca;Meio de Quadra;Não Há Controle;Residencial;0;1;1;1;0;0;0;0;0;1;0;0;;;;;
252366;16;6;2015;13:00;4082;AV JOAO PESSOA;RUA CEARA;;;;Colisão Traseira;Luz do Dia;Bom;Seca;T;Semáforo;Comercial;0;1;2;1;0;0;0;0;0;1;0;0;-38,558244;-3,763434;;;
252367;16;6;2015;10:40;9160;RUA DEP OSWALDO STUDART;RUA GRACILIANO RAMOS;;;;Colisão Transversal;Luz do Dia;Bom;Seca;Cruz;Pare;Misto;0;1;1;1;0;0;0;0;0;0;0;0;-38,529082;-3,754499;;;
252368;16;6;2015;09:00;0;RUA COSTA BARROS;;;928;;Colisão Lateral;Luz do Dia;Bom;Seca;Meio de Quadra;Não Há Controle;Residencial;0;1;1;1;0;0;0;0;1;0;0;0;-38,515035;-3,729217;;;
252369;16;6;2015;16:40;0;RUA VICENTE LEITE;;;631;;Colisão Lateral;Luz do Dia;Bom;Seca;Meio de Quadra;Semáforo;Comercial;0;0;2;1;0;0;0;0;0;0;0;0;;;;;
252353;16;6;2015;18:50;0;RUA CATOLE;;;;;Colisão Transversal;Via Iluminada;Bom;Seca;Outros;Não Há Controle;Rural;0;1;1;0;0;0;1;0;0;1;0;0;;;;;
252354;16;6;2015;14:10;6569;AV H CJ CEARA;RUA 343 A CJ CEARA;;;;Colisão Lateral;Luz do Dia;Bom;Seca;Cruz;Pare;Residencial;0;1;1;0;1;0;0;0;0;1;0;0;-38,611464;-3,775974;;;
252355;16;6;2015;12:30;0;RUA BENI DE CARVALHO;;;183;;Engavetamento;Luz do Dia;Bom;Seca;Meio de Quadra;Não Há Controle;Residencial;0;0;5;1;0;0;1;0;0;0;0;0;-38,499009;-3,744715;;;
252357;16;6;2015;19:00;0;AV PRS CASTELO BRANCO;;;;;Colisão Lateral;Via Iluminada;Bom;Seca;Meio de Quadra;Semáforo;Outros;0;0;2;1;0;0;1;0;0;0;0;0;;;;;
252351;16;6;2015;14:50;6729;RUA BENTO ALBUQUERQUE;RUA DES WALDETARIO P MOTA;;;;Colisão Transversal;Luz do Dia;Bom;Seca;Cruz;Semáforo;Residencial;0;1;1;1;0;0;0;0;0;1;0;0;-38,484685;-3,743274;;;
252349;16;6;2015;07:15;17433;RUA CESAR ROSSAS;RUA PRO TEODORICO;;;;Colisão Lateral;Luz do Dia;Bom;Seca;Outros;Pare;Comercial;0;1;1;0;1;1;0;0;0;0;0;0;-38,553473;-3,768770;;;
252374;16;6;2015;08:00;3420;AV JOAO PESSOA;RUA DES PRAXEDES;;;;Colisão Traseira;Luz do Dia;Bom;Seca;Cruz;Semáforo;Misto;0;0;2;1;1;0;0;0;0;0;0;0;-38,553504;-3,756946;;;
252372;16;6;2015;20:00;22719;AV ENG LEAL LIMA VERDE (SAPIRANGA/COITE);RUA EUCLIDES O DE SOUSA;;;;Colisão Transversal;Via Iluminada;Bom;Seca;Cruz;Pare;Residencial;0;2;1;1;0;0;0;0;0;1;0;0;-38,475497;-3,797866;;;
252359;16;6;2015;20:45;0;RUA LAURO MAIA;;;347;;Colisão Lateral;Via Iluminada;Bom;Seca;Meio de Quadra;;Comercial;0;0;2;1;0;0;0;0;0;0;0;0;-38,523653;-3,743649;;;
252360;16;6;2015;10:00;25342;AV ROGACIANO LEITE;RUA GONTRAN GIFFONI;;;;Colisão Lateral;Luz do Dia;Bom;Seca;T;Pare;Residencial;0;0;2;1;0;0;1;0;0;0;0;0;-38,496061;-3,765753;;;
252361;16;6;2015;12:30;9037;AV AGUANAMBI;RUA DR JOAO DE DEUS D11;;;;Colisão Lateral;Luz do Dia;Bom;Seca;Cruz;Não Há Controle;Comercial;0;1;1;0;0;0;0;0;0;1;0;0;-38,525445;-3,745224;;;
252378;16;6;2015;14:00;25232;AV PRS COSTA E SILVA;AV M CJ JOSE WALTER;;;;Colisão Transversal;Luz do Dia;Bom;Seca;T;Pare;Residencial;0;0;2;1;0;0;0;0;0;0;0;0;-38,554973;-3,822098;;;
252347;16;6;2015;19:00;7674;AV JOSE BASTOS;RUA RIO GRANDE DO NORTE;;;;Colisão Transversal;Via Iluminada;Bom;Seca;Cruz;Pare;Residencial;0;0;2;1;0;0;0;0;0;0;0;0;-38,564477;-3,760562;;;
252345;16;6;2015;08:05;0;AV MON TABOSA;;;1521;;Colisão Traseira;Luz do Dia;Bom;Seca;Meio de Quadra;Não Há Controle;Residencial;0;0;2;1;0;0;0;0;0;0;0;0;-38,505613;-3,724445;;;
252343;16;6;2015;19:10;15293;AV BAR STUDART;RUA TEN BENEVOLO;;;;Colisão Transversal;Via Iluminada;Bom;Seca;Cruz;Semáforo;Comercial;0;2;1;1;0;0;0;0;0;1;0;0;-38,504908;-3,729390;;;
252336;16;6;2015;16:30;7348;RUA COS ARAUJO LIMA;RUA MANAUS;;;;Colisão Lateral;Anoitecer;Bom;Seca;Cruz;Não Há Controle;Residencial;0;1;1;1;0;0;0;0;0;1;0;0;-38,589452;-3,750379;;;
252339;16;6;2015;20:30;15322;RUA BARBOSA DE FREITAS;RUA CANUTO DE AGUIAR;;;;Colisão;Via Iluminada;Bom;Seca;Cruz;Pare;Residencial;0;1;1;1;0;0;0;0;0;1;0;0;-38,495453;-3,730624;;;
252340;16;6;2015;17:00;0;AV GOV RAUL BARBOSA;;;;;Colisão Transversal;Via Iluminada;Bom;Seca;Meio de Quadra;Pare;Comercial;0;1;1;0;1;1;0;0;0;0;0;0;;;;;
252341;16;6;2015;08:00;5318;RUA PDE IBIAPINA;RUA GAL CLARINDO DE QUEIROZ;;;;Colisão Lateral;Luz do Dia;Bom;Seca;Cruz;Pare;Comercial;0;1;1;1;0;0;0;0;0;1;0;0;-38,540084;-3,729518;;;
252334;16;6;2015;19:30;7348;RUA COS ARAUJO LIMA;RUA MANAUS;;;;Colisão Lateral Sentido Oposto;Via Iluminada;Bom;Seca;Cruz;Não Há Controle;Residencial;0;1;1;1;0;0;0;0;0;1;0;0;-38,589452;-3,750379;;;
252380;16;6;2015;08:10;0;AV ALM HENRIQUE SABOIA;AV ANTONIO JUSTA;;;;Colisão Traseira;Luz do Dia;Bom;Seca;Meio de Quadra;Outros;Misto;0;0;2;1;0;0;0;0;0;0;0;0;;;;;
273623;16;6;2015;13:55;25890;AV H CJ CEARA;RUA BARRA VERMELHA;;;;Colisão;Luz do Dia;;;Cruz;Não Há Controle;Residencial;0;1;0;0;0;0;0;0;0;0;0;0;-38,611523;-3,775983;;;
273649;16;6;2015;16:05;3831;RUA MAL DEODORO;AV 13 DE MAIO;;;;Colisão;Luz do Dia;;;Cruz;Semáforo;Comercial;0;1;0;1;0;0;0;0;0;1;0;0;-38,536588;-3,743122;;;
273625;16;6;2015;14:57;0;RUA CATOLE;;;;;Colisão;Luz do Dia;;;Meio de Quadra;;;0;1;0;0;0;0;1;0;0;1;0;0;;;;;
273635;16;6;2015;15:50;0;RUA TEODOMIRO DE CASTRO;;;;;Colisão;Luz do Dia;;;Meio de Quadra;;;0;1;0;1;0;0;0;0;0;1;0;0;;;;;
273638;16;6;2015;16:02;0;RUA BAR AQUIRAZ;;;;;Colisão;Luz do Dia;;;Meio de Quadra;;;0;1;0;1;0;0;0;0;0;1;0;0;-38,485544;-3,840278;;;
273670;16;6;2015;19:09;0;RUA FRANCISCA MARIA DA CONCEICAO;;;;;Colisão;;;;Meio de Quadra;;;0;1;0;0;0;0;0;0;0;1;0;0;;;;;
273657;16;6;2015;17:11;0;AV GOV RAUL BARBOSA;;;;;Atropelamento;Anoitecer;;;Meio de Quadra;;;0;1;0;0;1;0;0;0;0;0;0;0;-38,507689;-3,761633;;;
273661;16;6;2015;19:02;0;RUA SOBREIRA FILHO;;;;;Colisão;Anoitecer;;;Meio de Quadra;;;0;1;0;1;0;0;0;0;0;1;0;0;-38,584027;-3,778933;;;
273653;16;6;2015;16:53;0;RUA COS ARAUJO LIMA;;;;;Colisão;Luz do Dia;;;Meio de Quadra;;;0;1;0;0;0;0;0;0;0;1;0;0;;;;;
273602;16;6;2015;00:31;0;RUA TEN WILSON  D46;;;;;Atropelamento;;;;Meio de Quadra;;;0;1;0;1;0;0;0;0;0;0;0;0;-38,511692;-3,769042;;;
273603;16;6;2015;05:27;11030;RUA CESAR ROSSAS;RUA 15 DE NOVEMBRO;;;;Colisão;Amanhecer;;;Outros;Semáforo;Comercial;0;1;0;1;0;0;0;0;0;1;0;0;-38,555011;-3,769241;;;
273604;16;6;2015;06:13;0;AV PERIMETRAL;;;;;Colisão;Luz do Dia;;;Meio de Quadra;;;0;1;0;1;0;0;0;0;0;1;0;0;;;;;
273607;16;6;2015;06:22;0;RUA CON DE CASTRO;;;;;Queda;Luz do Dia;;;Meio de Quadra;;;0;1;0;0;0;0;0;0;0;1;0;0;;;;;
273609;16;6;2015;06:44;0;AV MR HULL;;;;;Colisão;Luz do Dia;;;Meio de Quadra;;;0;1;0;0;0;0;0;0;0;1;0;0;;;;;
273610;16;6;2015;07:27;0;AV SGT HERMINIO SAMPAIO;;;;;Colisão;Luz do Dia;;;Meio de Quadra;;;0;1;0;1;0;0;0;0;0;1;0;0;;;;;
273611;16;6;2015;07:42;0;RUA ALEXANDRE BARAUNA;;;;;Atropelamento;Luz do Dia;;;Meio de Quadra;;;0;1;0;0;0;0;0;0;0;1;0;0;;;;;
273612;16;6;2015;07:57;11675;RUA PRO HERIBALDO COSTA;RUA DIOGO CORREIA;;;;Colisão;Luz do Dia;;;Cruz;Pare;Residencial;0;1;0;1;0;0;0;0;0;1;0;0;-38,590102;-3,770996;;;
273614;16;6;2015;10:11;0;AV GOV RAUL BARBOSA;;;;;Colisão;Luz do Dia;;;Meio de Quadra;;;0;1;0;1;0;0;0;0;0;1;0;0;;;;;
273616;16;6;2015;10:43;0;RUA PERO COELHO;;;;;Colisão;Luz do Dia;;;Meio de Quadra;;;0;1;0;0;0;0;0;0;0;0;0;0;;;;;
273618;16;6;2015;12:46;502;AV SEN FERNANDES TAVORA;RUA PRO VIRGILIO DE MORAIS;;;;Colisão;Luz do Dia;;;Cruz;Semáforo;Comercial;0;1;0;0;0;0;0;0;0;1;0;0;-38,597421;-3,755286;;;