COD_ACIDENTE;DIA;MES;ANO;HORA;INTERSECAO;LOG1;LOG2;LOG3;NUMERO;REFERENCIA;NATUREZA;ILUMINACAO;TEMPO;SUPERFICIEPISTA;TIPOCRUZAMENTO;CONTROLETRAFEGO;USOSOLO;MORTOS;FERIDOS;ILESOS;AUTOMOVEL;ONIBUS;BICICLETA;CAMINHAO;MICROONIBUS;CICLOMOTOR;MOTOCICLETA;TRACAOANIMAL;TREM;LONG;LAT;;;
273680;16;6;2015;20:12;0;AV PRO JOSE ARTHUR CARVALHO;;;;;Colisão;;;;Meio de Quadra;;;0;1;0;0;0;0;0;0;0;0;0;0;;;;;
259012;16;6;2015;08:05;0;RD BR 116;;;1000;KM-01;Colisão Lateral;Luz do Dia;Bom;Seca;Meio de Quadra;Não Há Controle;Comercial;0;0;2;1;1;0;0;0;0;0;0;0;-38,518702;-3,762554;;;
259047;16;6;2015;07:20;0;RD BR 222;;;;;Colisão Lateral;Luz do Dia;Bom;Seca;Meio de Quadra;Não Há Controle;Comercial;0;2;0;0;0;0;0;0;0;1;0;0;;;;;
273768;17;6;2015;23:34;0;AV MR HULL;;;;;Colisão;;;;Meio de Quadra;;;0;1;0;0;0;0;0;0;0;1;0;0;;;;;
273729;17;6;2015;21:32;0;AV CASTELO DE CASTRO;;;;;Colisão;;;;Meio de Quadra;;;0;1;0;1;0;0;0;0;0;1;0;0;;;;;
273716;17;6;2015;18:05;0;AV MAE LISBOA;;;;;Colisão;Anoitecer;;;Meio de Quadra;;;0;1;0;0;0;1;0;0;0;0;0;0;;;;;
273720;17;6;2015;19:02;0;RUA EMILIO DE MENESES;;;;;Colisão;;;;Meio de Quadra;;;0;1;0;1;0;0;0;0;0;1;0;0;-38,606207;-3,776455;;;
273691;17;6;2015;06:49;0;RUA PRO GOMES BRASIL;;;;;Atropelamento;Luz do Dia;;;Meio de Quadra;;;0;1;0;1;0;0;0;0;0;0;0;0;;;;;
273693;17;6;2015;07:44;0;AV CARNEIRO DE MENDONCA;;;;;Colisão;Luz do Dia;;;Meio de Quadra;;;0;1;0;1;0;0;0;0;0;1;0;0;-38,564179;-3,765400;;;
273699;17;6;2015;12:26;0;AV DIOGUINHO;;;;;Colisão;Luz do Dia;;;Meio de Quadra;;;0;1;0;1;0;0;0;0;0;1;0;0;;;;;
273703;17;6;2015;12:38;0;AV WASHINGTON SOARES;;;;;Colisão;Luz do Dia;;;Meio de Quadra;;;0;1;0;1;0;0;0;0;0;1;0;0;;;;;
273704;17;6;2015;12:58;0;AV ROGACIANO LEITE;;;;;Colisão;Luz do Dia;;;Meio de Quadra;;;0;1;0;1;0;0;0;0;0;1;0;0;-38,498040;-3,770479;;;
273705;17;6;2015;13:04;10897;AV LINEU MACHADO;RUA MOZART FIRMEZA;;;;Colisão;Luz do Dia;;;Cruz;Não Há Controle;Misto;0;1;0;1;0;0;0;0;0;1;0;0;-38,577784;-3,767588;;;
273708;17;6;2015;13:54;0;RUA ROSA MISTICA;;;;;Colisão;Luz do Dia;;;Meio de Quadra;;;0;1;0;1;0;0;0;0;0;1;0;0;;;;;
273710;17;6;2015;14:23;0;RUA DR JOAQUIM BENTO;;;;;Colisão;Luz do Dia;;;Meio de Quadra;;;0;1;0;1;0;1;0;0;0;0;0;0;-38,488213;-3,828565;;;
252397;17;6;2015;13:40;5303;AV SANTOS DUMONT;RUA DNA LEOPOLDINA;;;;Colisão Traseira;Luz do Dia;Bom;Seca;T;Semáforo;Comercial;0;1;1;1;0;0;0;0;0;1;0;0;-38,519029;-3,729515;;;
252389;17;6;2015;08:30;4021;AV PRO GOMES DE MATOS;RUA DES PRAXEDES;;;;Colisão Traseira;Luz do Dia;Bom;Seca;Cruz;Semáforo;Comercial;0;0;2;1;0;0;0;0;0;1;0;0;-38,546229;-3,761872;;;
252390;17;6;2015;07:40;0;RUA IRINEU DE SOUZA;;;507;;Colisão Traseira;Luz do Dia;Bom;Seca;Meio de Quadra;Não Há Controle;Residencial;0;0;2;1;0;0;0;0;0;0;0;0;;;;;
252399;17;6;2015;15:50;4319;AV VICENTE DE CASTRO;AV JOSE SABOIA;;;;Colisão Lateral;Luz do Dia;Bom;Seca;Cruz;Pare;Comercial;0;0;2;1;0;0;1;0;0;0;0;0;-38,473200;-3,713785;;;
252400;17;6;2015;03:40;3302;AV GAL OSORIO DE PAIVA;RUA LUIS VIEIRA;;;;Colisão Transversal;Via Iluminada;Bom;Seca;Cruz;Semáforo;Comercial;0;1;1;1;0;0;1;0;0;0;0;0;-38,588616;-3,790879;;;
252405;17;6;2015;09:15;25451;RUA CASTRO ALVES;AV VIS RIO BRANCO;;;;Colisão Lateral;Luz do Dia;Bom;Seca;Cruz;Pare;Residencial;0;1;1;1;0;0;0;0;0;0;0;0;-38,521157;-3,750125;;;
252402;17;6;2015;01:00;0;AV DR SILAS MUNGUBA;;;5700;;Choque c/ Obstáculo Fixo;Via Iluminada;Bom;Seca;Meio de Quadra;Não Há Controle;Comercial;0;0;1;1;0;0;0;0;0;0;0;0;-38,528485;-3,803141;;;
252410;17;6;2015;11:30;24418;RUA JORGE ACURCIO;RUA LIV GUALTER;;;;Colisão Transversal;Luz do Dia;Bom;Seca;Cruz;Não Há Controle;Comercial;0;0;2;1;0;0;1;0;0;0;0;0;-38,533475;-3,769564;;;
252408;17;6;2015;14:30;20043;AV PRUDENTE BRASIL;AV PALESTINA D68;;;;Colisão Transversal;Luz do Dia;Bom;Seca;Cruz;Pare;Residencial;0;0;2;1;0;0;0;0;0;0;0;0;-38,533505;-3,806944;;;
252416;17;6;2015;19:00;0;RUA JORGE ACURCIO;;;222;;Colisão Transversal;Via Iluminada;Bom;Seca;Meio de Quadra;Não Há Controle;Residencial;0;0;2;1;0;0;0;0;0;1;0;0;-38,530476;-3,762147;;;
252417;17;6;2015;16:40;22176;AV ENG HUMBERTO MONTE;AV JOSE BASTOS;;;;Colisão Traseira;Luz do Dia;Bom;Seca;T;Semáforo;Comercial;0;1;1;0;0;0;0;0;0;1;0;0;-38,555455;-3,754966;;;
252419;17;6;2015;09:00;0;AV CARNEIRO DE MENDONCA;;;1273;;Colisão Traseira;Luz do Dia;Bom;Seca;Meio de Quadra;Outros;Comercial;0;0;2;1;0;0;0;0;0;1;0;0;-38,570431;-3,762141;;;
252420;17;6;2015;13:18;1358;AV SANTOS DUMONT;AV DES MOREIRA;;;;;Luz do Dia;Bom;Seca;Cruz;Semáforo;Comercial;0;0;2;1;1;0;0;0;0;0;0;0;-38,498365;-3,736226;;;
252421;17;6;2015;14:45;1339;RUA NUNES VALENTE;RUA DES LEITE ALBUQUERQUE;;;;Colisão Transversal;Luz do Dia;Bom;Seca;Cruz;Pare;Comercial;0;1;1;1;0;0;0;0;0;1;0;0;-38,503540;-3,735649;;;
252422;17;6;2015;11:00;8933;AV DOMINGOS OLIMPIO;RUA RUBIA SAMPAIO;;;;Colisão Lateral;;Bom;Seca;Cruz;Pare;Residencial;0;0;2;1;0;0;0;0;0;0;0;0;-38,541015;-3,733409;;;
252423;17;6;2015;16:40;0;AV DOMINGOS OLIMPIO;;;1800;;Colisão Traseira;Luz do Dia;Bom;Seca;Meio de Quadra;Outros;Comercial;0;0;2;1;0;0;0;0;0;0;0;0;-38,538962;-3,734062;;;
252424;17;6;2015;19:40;22849;RUA CON LIMA SUCUPIRA;RUA DR JUSTA ARAUJO D45;;;;Colisão Transversal;Via Iluminada;Bom;Seca;Cruz;Pare;Residencial;0;0;2;1;0;0;0;0;0;0;0;0;-38,550832;-3,778167;;;
252426;17;6;2015;07:00;22167;AV JOSE BASTOS;RUA TAVARES IRACEMA;;;;Colisão Transversal;Luz do Dia;Bom;Seca;T;Pare;Comercial;0;1;1;0;0;0;0;1;0;1;0;0;-38,552770;-3,752313;;;
252427;17;6;2015;09:50;10807;RUA PORTO VELHO;RUA AUDISIO PINHEIRO;;;;Colisão Transversal;Luz do Dia;Bom;Seca;Cruz;Outros;Residencial;0;1;1;1;0;0;0;0;0;1;0;0;-38,591490;-3,763570;;;
252428;17;6;2015;10:50;7948;AV PONTES VIEIRA;RUA JOAQUIM NABUCO;;;;Colisão Lateral;Luz do Dia;Bom;Seca;Cruz;Semáforo;Comercial;0;0;2;1;0;0;0;0;0;0;0;0;-38,506628;-3,751917;;;
252429;17;6;2015;08:00;242;RUA GAL BERNARDO FIGUEIREDO;RUA COS ALVARO DE OLIVEIRA;;;;Colisão Transversal;Luz do Dia;Bom;Seca;Cruz;Pare;Residencial;0;1;1;1;0;0;0;0;0;0;0;0;-38,555261;-3,740373;;;
252430;17;6;2015;;22939;RUA LEAO TREZE;RUA PRA HELOISA F LIMA;;;;Colisão Transversal;Luz do Dia;Bom;Seca;Cruz;Pare;Residencial;0;0;2;1;0;0;0;0;0;0;0;0;-38,544709;-3,784072;;;
268585;17;6;2015;03:13;9139;RUA CEL PERGENTINO FERREIRA;RUA MON OTAVIO CASTRO;;;;Colisão;;;;Cruz;Pare;Comercial;0;0;1;0;0;0;0;0;0;0;0;0;-38,526704;-3,748970;;;
268595;17;6;2015;13:24;0;AV ROGACIANO LEITE;;;;;Colisão;Luz do Dia;;;Meio de Quadra;;;0;0;1;0;0;0;0;0;0;0;0;0;;;;;
268597;17;6;2015;;0;RUA VALPARAISO;;;;;Capotamento;;;;Meio de Quadra;;;0;0;1;0;0;0;0;0;0;0;0;0;;;;;
268600;17;6;2015;13:57;0;AV JOSE SABOIA;;;;;Colisão;Luz do Dia;;;Meio de Quadra;;;0;0;1;0;0;0;0;0;0;0;0;0;;;;;
268588;17;6;2015;11:07;20023;AV HEROIS DO ACRE;AV DR SILAS MUNGUBA;;;;Choque c/ Obstáculo Fixo;Luz do Dia;;;Cruz;Semáforo;Comercial;0;0;1;0;0;0;0;0;0;0;0;0;-38,528540;-3,803079;;;
268589;17;6;2015;12:00;25735;RUA VIRGILIO PAES;RUA DR JOSE FURTADO;;;;Colisão;Luz do Dia;;;Cruz;Pare;Residencial;0;0;1;0;0;0;0;0;0;0;0;0;-38,488225;-3,797220;;;
268602;17;6;2015;14:50;0;RUA MOZART FIRMEZA;;;;;Choque c/ Obstáculo Fixo;Luz do Dia;;;Meio de Quadra;;;0;1;0;0;0;0;0;0;0;1;0;0;;;;;
268606;17;6;2015;16:26;1447;RUA TORRES CAMARA;AV DES MOREIRA;;;;Colisão;Luz do Dia;;;;;;0;0;2;0;0;0;0;0;0;0;0;0;;;;;
268609;17;6;2015;16:27;3863;AV 13 DE MAIO;AV DOS EXPEDICIONARIOS;;;;Colisão;Luz do Dia;;;;;;0;0;1;0;0;0;0;0;0;0;0;0;-38,534969;-3,744515;;;
268615;17;6;2015;16:53;0;AV PRS COSTA E SILVA;;;;;Colisão;Luz do Dia;;;Meio de Quadra;;;0;0;2;0;0;0;0;0;0;0;0;0;;;;;
268625;17;6;2015;17:17;19469;AV AUGUSTO DOS ANJOS;AV GAL OSORIO DE PAIVA;;;;Colisão;Anoitecer;;;Outros;Pare;Misto;0;0;2;0;0;0;0;0;0;0;0;0;-38,584939;-3,787349;;;
268626;17;6;2015;18:23;0;AV GAL OSORIO DE PAIVA;;;;;Atropelamento;Anoitecer;;;Meio de Quadra;;;0;0;2;0;0;0;0;0;0;0;0;0;;;;;
268630;17;6;2015;18:25;0;AV PERIMETRAL;;;;;Colisão;Anoitecer;;;Meio de Quadra;;;0;0;1;0;0;0;0;0;0;0;0;0;;;;;
268641;17;6;2015;18:32;19694;RUA TIP SALES;AV BEZERRA DE MENEZES;;;;Colisão;;;;T;Pare;Comercial;0;0;2;0;0;0;0;0;0;0;0;0;-38,565167;-3,735828;;;
268642;17;6;2015;19:28;0;RUA MOURA MATOS;;;;;;;;;Meio de Quadra;;;0;0;1;0;0;0;0;0;0;0;0;0;;;;;
268644;17;6;2015;19:29;0;AV ABOLICAO;;;;;Colisão;;;;Meio de Quadra;;;0;1;0;1;0;0;0;0;0;1;0;0;-38,483388;-3,725056;;;
268715;17;6;2015;20:07;0;AV SGT HERMINIO SAMPAIO;;;;;Colisão;;;;Meio de Quadra;;;0;0;1;0;0;0;0;0;0;0;0;0;;;;;
268716;17;6;2015;20:08;0;RUA DR HUGO ROCHA;;;;;Atropelamento;;;;Meio de Quadra;;;0;0;2;0;0;0;0;0;0;0;0;0;;;;;
268718;17;6;2015;20:50;12561;RUA CARIUS;RUA GEORGE CAVALCANTE;;;;Colisão;;;;Cruz;Não Há Controle;Residencial;0;0;2;0;0;0;0;0;0;0;0;0;-38,592336;-3,721920;;;
268639;17;6;2015;18:29;19707;RUA ARMANDO OLIVEIRA;AV BEZERRA DE MENEZES;;;;Colisão;Anoitecer;;;Cruz;Semáforo;;0;0;2;0;0;0;0;0;0;0;0;0;-38,567270;-3,736264;;;
268721;17;6;2015;21:00;0;AV JOR THOMAZ COELHO;;;;;Colisão;;;;Meio de Quadra;;;0;0;2;0;0;0;0;0;0;0;0;0;;;;;
268722;17;6;2015;21:07;15261;RUA JOSE VILAR;RUA CANUTO DE AGUIAR;;;;Colisão;;;;T;Não Há Controle;Residencial;0;0;2;0;0;0;0;0;0;0;0;0;-38,502288;-3,728393;;;
268724;17;6;2015;21:16;21319;RUA JOSE SOMBRA;RUA GUSTAVO SAMPAIO;;;;Colisão;;;;Cruz;Pare;Residencial;0;1;1;1;0;0;0;0;0;1;0;0;-38,547260;-3,733349;;;
268732;17;6;2015;21:59;3901;AV EDUARDO GIRAO;RUA JORGE DUMAR;;;;Colisão;;;;Cruz;Semáforo;Comercial;0;0;2;0;0;0;0;0;0;0;0;0;-38,538695;-3,749691;;;
268734;17;6;2015;22:36;0;AV SEN FERNANDES TAVORA;;;;;Colisão;;;;Meio de Quadra;;;0;1;1;1;0;0;0;0;0;1;0;0;;;;;
268737;17;6;2015;06:15;5346;RUA JOAO CORDEIRO;AV SANTOS DUMONT;;;;Colisão;Luz do Dia;;;Cruz;Semáforo;Comercial;0;0;2;0;0;0;0;0;0;0;0;0;-38,514781;-3,730878;;;
259383;17;6;2015;09:00;0;AV SEN CARLOS JEREISSATI (AEROPORTO);;;;KM 02;Colisão;Luz do Dia;;Seca;Meio de Quadra;;;0;0;2;1;0;0;0;0;0;0;0;0;-38,529156;-3,783932;;;
259388;17;6;2015;13:00;0;RD CE-040;;;;KM-02;Colisão;Luz do Dia;;Seca;Meio de Quadra;;;0;1;1;1;0;0;0;0;0;1;0;0;-38,481598;-3,776479;;;
262749;17;6;2015;19:32;0;RUA ARMANDO OLIVEIRA;;;;;Colisão;;;;Meio de Quadra;;;0;0;2;1;1;0;0;0;0;0;0;0;;;;;
262751;18;6;2015;12:16;0;AV PONTES VIEIRA;;;;;Colisão;Luz do Dia;;;Meio de Quadra;;;0;0;2;1;0;0;0;0;0;0;0;0;;;;;
262759;18;6;2015;18:33;0;AV DR THEBERGE;;;;;Colisão;;;;Meio de Quadra;;;0;0;2;1;0;0;1;0;0;0;0;0;;;;;
259392;18;6;2015;08:50;0;RD CE-040;;;;KM-10;Colisão;Luz do Dia;;Seca;Meio de Quadra;;;0;0;2;0;0;0;0;0;0;0;0;0;-38,480068;-3,838671;;;
259394;18;6;2015;10:20;0;RD CE-040;;;;KM-07;Colisão;Luz do Dia;;Seca;Meio de Quadra;;;0;0;3;1;0;0;0;0;0;0;0;0;-38,483160;-3,817953;;;
268741;18;6;2015;07:48;0;AV CENTRAL;;;;;Colisão;Luz do Dia;;;Meio de Quadra;;;0;0;2;0;0;0;0;0;0;0;0;0;;;;;
268745;18;6;2015;09:43;0;RUA ASP MENDES;;;;;Colisão;Luz do Dia;;;Meio de Quadra;;;0;0;2;0;0;0;0;0;0;0;0;0;;;;;
268748;18;6;2015;10:23;0;AV ANTONIO JUSTA;;;;;Colisão;Luz do Dia;;;Meio de Quadra;;;0;0;3;0;0;0;0;0;0;0;0;0;;;;;
268749;18;6;2015;10:48;743;AV PASTEUR;AV PRS CASTELO BRANCO;;;;Colisão;Luz do Dia;;;Cruz;Semáforo;Comercial;0;0;2;0;0;0;0;0;0;0;0;0;-38,558856;-3,711181;;;
268757;18;6;2015;11:27;0;RUA GRACO CARDOSO;;;;;Atropelamento;Luz do Dia;;;Meio de Quadra;;;0;0;2;0;0;0;0;0;0;0;0;0;;;;;
268760;18;6;2015;12:11;0;RUA DEP MATOSO FILHO;;;;;Colisão;Luz do Dia;;;Meio de Quadra;;;0;0;2;0;0;0;0;0;0;0;0;0;;;;;
268763;18;6;2015;16:27;25108;AV BEZERRA DE MENEZES;RUA BRAZ DE FRANCESCO;;;;Atropelamento;Luz do Dia;;;Cruz;Semáforo;Comercial;0;0;2;0;0;0;0;0;0;0;0;0;-38,567363;-3,736282;;;
268766;18;6;2015;16:58;0;RUA CEARA;;;;;Colisão;Luz do Dia;;;Meio de Quadra;;;0;0;2;0;0;0;0;0;0;0;0;0;;;;;
268768;18;6;2015;17:11;0;AV GAL OSORIO DE PAIVA;;;;;Colisão;Anoitecer;;;Meio de Quadra;;;0;0;2;0;0;0;0;0;0;0;0;0;;;;;
268769;18;6;2015;17:22;23684;RUA COSTA FREIRE;RUA GABRIEL FIUZA;;;;Colisão;Anoitecer;;;Cruz;Pare;Residencial;0;0;2;0;0;0;0;0;0;0;0;0;-38,579907;-3,787067;;;
268770;18;6;2015;17:31;618;RUA COS GOUVEIA;AV DR THEBERGE;;;;Colisão;Anoitecer;;;T;Semáforo Intermitente;Comercial;0;0;2;0;0;0;0;0;0;0;0;0;-38,565848;-3,717354;;;
268771;18;6;2015;18:29;4419;RUA LINDOIA;RUA 7 DE ABRIL;;;;Colisão;Anoitecer;;;;;;0;0;2;0;0;0;0;0;0;0;0;0;-38,473299;-3,721330;;;
268773;18;6;2015;18:56;21979;RUA GAL BERNARDO FIGUEIREDO;RUA PRO RAIMUNDO ARRUDA;;;;Colisão;;;;Cruz;Pare;Residencial;0;0;2;0;0;0;0;0;0;0;0;0;-38,550840;-3,739476;;;
268775;18;6;2015;20:51;0;RUA CREUSA ROCHA;;;;;Atropelamento;;;;Meio de Quadra;;;0;0;2;0;0;0;0;0;0;0;0;0;;;;;
268776;18;6;2015;22:33;0;AV ENG SANTANA JUNIOR;;;;;Colisão;;;;Meio de Quadra;;;0;0;2;0;0;0;0;0;0;0;0;0;;;;;
268778;18;6;2015;22:34;0;AV GAL OSORIO DE PAIVA;;;;;Colisão;;;;Meio de Quadra;;;0;0;2;0;0;0;0;0;0;0;0;0;;;;;
263710;18;6;2015;16:50;0;RUA PDE ANTONINO;;;1073;;Choque c/ Obstáculo Fixo;Luz do Dia;;;Meio de Quadra;;;0;1;0;1;0;0;0;0;0;0;0;0;-38,520183;-3,749667;;;
263706;18;6;2015;09:00;0;RUA 24 DE OUTUBRO;;;415;;Colisão;Luz do Dia;;;Meio de Quadra;;;0;1;0;1;0;0;0;0;0;0;0;0;-38,602896;-3,753207;;;
252449;18;6;2015;07:30;17359;AV PRO GOMES DE MATOS;RUA IRM BAZET;;;;Colisão Transversal;Luz do Dia;Bom;Seca;Cruz;Pare;Comercial;0;0;2;1;0;0;0;0;0;0;0;0;-38,549810;-3,766045;;;
252454;18;6;2015;15:05;5437;RUA METON DE ALENCAR;RUA FLORIANO PEIXOTO;;;;Colisão Transversal;Luz do Dia;Bom;Seca;Cruz;Pare;Comercial;0;0;2;1;0;0;0;0;0;0;0;0;-38,529358;-3,734071;;;
252461;18;6;2015;21:45;0;AV JOSE BASTOS;;;3250;;Engavetamento;Via Iluminada;Bom;Seca;Meio de Quadra;Não Há Controle;Comercial;0;1;4;1;0;0;0;0;0;1;0;0;-38,549161;-3,748698;;;
252425;18;6;2015;14:00;10993;RUA 15 DE NOVEMBRO;RUA BAR CANINDE;;;;Colisão Lateral;Luz do Dia;Bom;Seca;Cruz;Pare;Lazer;0;0;2;1;0;0;0;0;0;0;0;0;-38,556768;-3,768608;;;
252418;18;6;2015;14:00;13741;RUA LUIZA MIRANDA COELHO;RUA PINDORAMA;;;;Colisão Frontal;Luz do Dia;Bom;Seca;Cruz;Não Há Controle;Comercial;0;1;2;1;0;0;0;0;0;1;0;0;;;;;
252412;18;6;2015;14:30;0;RUA CARLOS AMORA;;;150;;Colisão Traseira;Luz do Dia;Bom;Seca;Meio de Quadra;;Comercial;0;0;2;1;0;0;0;0;0;0;0;0;-38,563653;-3,775187;;;
252413;18;6;2015;16:50;9019;RUA BAR ARATANHA;RUA SALDANHA MARINHO;;;;Colisão Transversal;Luz do Dia;Bom;Seca;Cruz;Semáforo;Comercial;0;0;2;0;0;0;0;0;0;0;0;0;-38,529697;-3,742820;;;
252414;18;6;2015;19:15;48;RUA JOAQUIM LEITAO;RUA TEN QUEIROZ;;;;Colisão Transversal;Via Iluminada;Bom;Seca;Cruz;Pare;Misto;0;1;2;1;0;0;0;0;0;1;0;0;-38,591941;-3,745296;;;
252386;18;6;2015;10:00;0;AV AGUANAMBI;;;150;;Colisão Lateral;Luz do Dia;Bom;Seca;Meio de Quadra;;Comercial;0;0;2;1;0;0;0;0;0;0;0;0;-38,524598;-3,738607;;;
252382;18;6;2015;10:05;2523;AV FRANCISCO SA;RUA TULIPA;;;;Colisão;Luz do Dia;Bom;Seca;T;Pare;Comercial;0;1;1;0;1;0;0;0;0;1;0;0;-38,577954;-3,710359;;;
252383;18;6;2015;20:00;22167;AV JOSE BASTOS;RUA TAVARES IRACEMA;;;;Colisão Transversal;Via Iluminada;Bom;Seca;Cruz;Pare;Comercial;0;2;1;1;0;0;0;0;0;1;0;0;-38,552770;-3,752313;;;
252384;18;6;2015;18:30;0;AV BORGES DE MELO;;;138;IGREJA DA BASE AÉREA;Colisão Transversal;Via Iluminada;Bom;Seca;Meio de Quadra;Dê Preferência;Residencial;0;2;0;0;0;0;0;0;0;1;0;0;-38,520250;-3,761320;;;
273784;18;6;2015;17:10;0;RUA RIO GRANDE DO NORTE;;;;;Colisão;Anoitecer;;;Meio de Quadra;;;0;1;0;1;0;0;0;0;0;1;0;0;-38,566162;-3,759510;;;
273787;18;6;2015;17:21;0;AV JOSE BASTOS;;;;;Colisão;Anoitecer;;;Meio de Quadra;;;0;1;0;1;0;0;0;0;0;1;0;0;;;;;
273770;18;6;2015;06:46;0;RD BR 116;;;;;Atropelamento;Luz do Dia;;;Meio de Quadra;;;0;1;0;0;0;0;0;0;0;1;0;0;-38,507645;-3,794757;;;
273772;18;6;2015;07:40;0;AV JOAO PESSOA;;;;;Colisão;Luz do Dia;;;Meio de Quadra;;;0;1;0;1;0;0;0;0;0;1;0;0;-38,561093;-3,770351;;;
273773;18;6;2015;09:02;0;RUA GAL SAMPAIO;;;;;Atropelamento;Luz do Dia;;;Meio de Quadra;;;0;1;0;1;0;0;0;0;0;0;0;0;-38,531255;-3,728502;;;
273774;18;6;2015;09:41;0;RUA 12 DE JULHO;;;;;Queda;Luz do Dia;;;Meio de Quadra;;;0;1;0;0;0;0;0;0;0;1;0;0;;;;;
273776;18;6;2015;09:42;19366;AV DR SILAS MUNGUBA;RUA GERMANO FRANCK;;;;Atropelamento;Luz do Dia;;;Cruz;Semáforo;Comercial;0;1;0;0;0;0;0;0;0;1;0;0;-38,562004;-3,777251;;;
273777;18;6;2015;11:55;5329;RUA PEDRO PEREIRA;RUA SOLON PINHEIRO;;;;Atropelamento;Luz do Dia;;;Cruz;Semáforo;Comercial;0;1;0;0;0;0;0;0;0;1;0;0;-38,526298;-3,730414;;;
273779;18;6;2015;13:14;384;RUA ELESBAO VELOSO;RUA DR LUIS MORAES CORREIA;;;;Queda;Luz do Dia;;;;;;0;1;0;0;0;0;0;0;0;1;0;0;-38,592292;-3,751140;;;
273790;18;6;2015;17:48;0;RUA PRO HERIBALDO COSTA;;;;;Colisão;Anoitecer;;;Meio de Quadra;;;0;1;0;1;0;0;0;0;0;1;0;0;-38,585472;-3,763069;;;
273791;18;6;2015;18:04;0;AV BORGES DE MELO;;;;;Queda;Anoitecer;;;Meio de Quadra;;;0;1;0;0;0;0;0;0;0;1;0;0;;;;;
273793;18;6;2015;20:23;0;RUA DJALMA PETIT;;;;;Atropelamento;;;;Meio de Quadra;;;0;1;0;0;0;0;0;0;0;0;0;0;-38,512478;-3,765538;;;
273794;18;6;2015;20:23;0;AV D CJ JOSE WALTER;;;;HOSP. GONZAGUINHA;Colisão;;;;Meio de Quadra;;;0;1;0;1;0;0;0;0;0;1;0;0;;;;;
273795;18;6;2015;20:36;0;RUA CREUSA ROCHA;;;;;Colisão;;;;Meio de Quadra;;;0;1;0;1;0;0;0;0;0;1;0;0;;;;;
259013;18;6;2015;06:40;0;RD BR 116;;;4000;KM-04;Colisão Transversal;Luz do Dia;Bom;Seca;Meio de Quadra;Não Há Controle;Comercial;0;1;1;0;0;0;0;0;0;1;0;0;-38,510646;-3,788331;;;
252464;18;6;2015;15:45;1656;RUA PRO DIAS DA ROCHA;RUA BENI DE CARVALHO;;;;Colisão Lateral;Luz do Dia;Bom;Seca;Cruz;Pare;Comercial;0;1;1;0;0;0;0;0;0;1;0;0;-38,495024;-3,745994;;;
252466;18;6;2015;08:10;0;AV ALBERTO NEPOMUCENO;;;;;Colisão Lateral;Luz do Dia;Bom;Seca;Meio de Quadra;Não Há Controle;Comercial;0;0;2;1;1;0;0;0;0;0;0;0;;;;;
252469;18;6;2015;11:00;0;RUA NAT FEIJO;;;550;;Colisão Transversal;Luz do Dia;Bom;Seca;Meio de Quadra;Não Há Controle;Misto;0;0;2;1;0;0;1;0;0;0;0;0;-38,553768;-3,722112;;;
252470;18;6;2015;11:00;19787;RUA PDE GUERRA;RUA DOM LINO;;;;Colisão Transversal;Luz do Dia;Bom;Seca;Cruz;Pare;Residencial;0;1;1;1;0;0;0;0;0;1;0;0;-38,556643;-3,738718;;;
252471;18;6;2015;18:30;1285;AV DOM LUIS;RUA VIS MAUA;;;;Outros;Via Iluminada;Bom;Seca;Cruz;Pare;Comercial;0;0;2;1;0;0;0;0;0;0;0;0;-38,498390;-3,732923;;;
252472;18;6;2015;18:04;0;AV AGUANAMBI;;;;ROTATÓRIA;Colisão Lateral;Via Iluminada;Bom;Seca;Meio de Quadra;Não Há Controle;Comercial;0;0;2;1;0;0;1;0;0;0;0;0;-38,523043;-3,755538;;;
252484;18;6;2015;09:30;19135;RUA JOAQUIM LIMA;AV DOS JANGADEIROS;;;;Colisão Frontal;Luz do Dia;Bom;Seca;T;Pare;Residencial;0;1;1;0;1;0;0;0;0;1;0;0;;;;;
252485;18;6;2015;14:00;0;AV SEN VIRGILIO TAVORA;;;535;;Engavetamento;Luz do Dia;;Seca;Meio de Quadra;Semáforo;Comercial;0;0;3;1;0;0;0;0;0;0;0;0;;;;;
252486;18;6;2015;14:00;0;AV JOVITA FEITOSA;;;809;;Colisão Lateral;Luz do Dia;Bom;Seca;Meio de Quadra;Semáforo;Comercial;0;0;2;1;0;0;0;0;0;0;0;0;-38,551123;-3,738769;;;
252487;18;6;2015;11:30;0;RUA GAL GOIS MONTEIRO;;;934;;;Luz do Dia;Bom;Seca;Meio de Quadra;Não Há Controle;Residencial;0;0;2;1;0;0;0;0;0;0;0;0;-38,583025;-3,734329;;;
252488;18;6;2015;13:00;4250;AV FRANCISCO SA;RUA PDE ANCHIETA;;;;Colisão Lateral;Luz do Dia;Bom;Seca;Cruz;Semáforo;Comercial;0;0;2;1;0;0;1;0;0;0;0;0;-38,549538;-3,719988;;;
252474;18;6;2015;19:50;25328;RUA PORTO VELHO;RUA TUPI D35;;;;Colisão Traseira;Via Iluminada;Bom;Seca;;Não Há Controle;Misto;0;0;2;1;0;0;0;0;0;0;0;0;-38,583018;-3,768111;;;
252475;18;6;2015;13:50;1557;RUA BARBOSA DE FREITAS;RUA CAROLINA SUCUPIRA;;;;Colisão Transversal;Luz do Dia;Bom;Seca;Cruz;Não Há Controle;Misto;0;0;2;1;0;0;0;0;0;0;0;0;-38,498942;-3,741517;;;