COD_ACIDENTE;DIA;MES;ANO;HORA;INTERSECAO;LOG1;LOG2;LOG3;NUMERO;REFERENCIA;NATUREZA;ILUMINACAO;TEMPO;SUPERFICIEPISTA;TIPOCRUZAMENTO;CONTROLETRAFEGO;USOSOLO;MORTOS;FERIDOS;ILESOS;AUTOMOVEL;ONIBUS;BICICLETA;CAMINHAO;MICROONIBUS;CICLOMOTOR;MOTOCICLETA;TRACAOANIMAL;TREM;LONG;LAT;;;
252498;18;6;2015;15:30;0;RUA PDE FRANCISCO PINTO;;;337;;Colisão Traseira;Luz do Dia;Bom;Seca;;;;0;0;2;1;0;0;0;1;0;0;0;0;-38,539894;-3,743594;;;
252499;18;6;2015;18:30;15100;AV HIS RAIMUNDO GIRAO;RUA JOAO CORDEIRO;;;;Colisão Traseira;Via Iluminada;Bom;Seca;Cruz;Semáforo;Comercial;0;0;2;1;0;0;0;0;0;0;0;0;-38,511630;-3,720835;;;
252500;18;6;2015;20:40;0;RUA PRO DIAS DA ROCHA;;;684;;Colisão Transversal;Via Iluminada;Bom;Seca;Meio de Quadra;Não Há Controle;Residencial;0;0;2;1;0;0;0;0;0;0;0;0;-38,491595;-3,735205;;;
252501;18;6;2015;14:00;5051;RUA SEN JAGUARIBE;RUA SEN POMPEU;;;;Colisão Lateral;Luz do Dia;Bom;Seca;Cruz;Pare;Residencial;0;0;2;1;0;0;0;0;0;0;0;0;-38,528055;-3,721667;;;
252503;18;6;2015;10:40;25331;AV BENJAMIM BRASIL;ET PAVUNA;;;;Colisão Transversal;Luz do Dia;Bom;Seca;Duplo T;Não Há Controle;Residencial;0;0;2;1;0;0;0;0;0;0;0;0;-38,556174;-3,809073;;;
252481;18;6;2015;05:45;5346;AV SANTOS DUMONT;RUA JOAO CORDEIRO;;;;Colisão Transversal;Luz do Dia;Bom;Seca;Cruz;Semáforo;Comercial;0;0;2;0;1;0;0;0;0;0;0;0;-38,514781;-3,730878;;;
252482;18;6;2015;08:30;15269;AV RUI BARBOSA;RUA TEN BENEVOLO;;;;Colisão Transversal;Luz do Dia;Bom;Seca;Cruz;Semáforo;Residencial;0;1;1;1;0;0;0;0;0;1;0;0;-38,507048;-3,728685;;;
272447;18;6;2015;18:30;0;AV FRANCISCO SA;;;5036;HOSP. LUIS DE FRANÇA;Atropelamento;Anoitecer;;;Meio de Quadra;;;1;0;1;1;0;0;0;0;0;0;0;0;-38,569272;-3,713340;;;
259014;19;6;2015;18:45;0;RD BR 116;;;9000;KM-09;Colisão Lateral;Via Iluminada;Bom;Seca;Meio de Quadra;Não Há Controle;Comercial;0;2;1;0;0;0;0;0;0;1;0;0;-38,504865;-3,830837;;;
259015;19;6;2015;20:20;0;RD BR 116;;;;;Colisão Traseira;Via Iluminada;Bom;Seca;Meio de Quadra;Não Há Controle;Comercial;0;0;3;1;0;0;0;0;0;0;0;0;;;;;
259016;19;6;2015;22:20;0;RD BR 116;;;4000;KM-04;Colisão Lateral;Via Iluminada;Bom;Seca;Meio de Quadra;Não Há Controle;Comercial;0;1;1;1;0;0;0;0;0;1;0;0;-38,510646;-3,788331;;;
273796;19;6;2015;03:24;0;AV DEP PAULINO ROCHA;;;;;Queda;;;;Meio de Quadra;;;0;1;0;0;0;0;0;0;0;1;0;0;-38,509042;-3,809828;;;
273797;19;6;2015;04:54;0;AV GAL OSORIO DE PAIVA;;;;;Queda;;;;Meio de Quadra;;;0;1;0;0;0;0;0;0;0;1;0;0;;;;;
273800;19;6;2015;08:58;0;RUA CHICO LEMOS;;;;;Colisão;Luz do Dia;;;Meio de Quadra;;;0;1;0;1;0;0;0;0;0;1;0;0;;;;;
252431;19;6;2015;16:50;7923;AV GOV RAUL BARBOSA;RUA ISAC AMARAL;;;;Colisão Transversal;Luz do Dia;Bom;Seca;Cruz;Semáforo;Residencial;0;0;2;1;0;0;0;0;0;1;0;0;-38,503726;-3,753019;;;
252432;19;6;2015;13:20;0;AV JOAO PESSOA;;;5253;;Colisão Traseira;Luz do Dia;Bom;Seca;Meio de Quadra;Não Há Controle;Comercial;0;0;2;1;0;0;0;0;0;0;0;0;-38,553906;-3,757398;;;
252433;19;6;2015;01:30;0;RUA CARLOS WALRAVEN;;;439;;Colisão Lateral;Via Iluminada;Bom;Seca;Meio de Quadra;Não Há Controle;Comercial;0;1;1;1;0;0;0;0;0;0;0;0;-38,592710;-3,719587;;;
252434;19;6;2015;11:50;1463;RUA ILDEFONSO ALBANO;RUA ROCHA LIMA;;;;Colisão Transversal;Luz do Dia;Bom;;Cruz;Pare;Comercial;0;0;2;1;0;0;0;0;0;0;0;0;-38,515157;-3,738687;;;
252435;19;6;2015;18:30;565;RUA DNA MENDINHA;RUA SAO BERNARDO;;;;Colisão Transversal;Anoitecer;Bom;Molhada;Cruz;Pare;Residencial;0;1;1;1;0;0;1;0;0;0;0;0;-38,572165;-3,714988;;;
252436;19;6;2015;07:00;0;AV DOMINGOS OLIMPIO;;;52;;Colisão Traseira;Luz do Dia;Bom;Seca;Meio de Quadra;Não Há Controle;Comercial;0;0;3;1;1;0;0;0;0;0;0;0;;;;;
252437;19;6;2015;06:10;0;AV SGT HERMINIO SAMPAIO;;;1416;;Colisão Lateral;Luz do Dia;Bom;Molhada;Meio de Quadra;;Residencial;0;0;2;1;0;0;0;0;0;0;0;0;-38,553212;-3,725042;;;
252438;19;6;2015;08:20;5395;RUA TEREZA CRISTINA;RUA ANTONIO POMPEU;;;;Colisão Transversal;Luz do Dia;Bom;Seca;Cruz;Pare;Comercial;0;0;2;1;0;0;0;0;0;0;0;0;-38,538356;-3,732340;;;
252439;19;6;2015;19:15;25149;AV DOM LUIS;RUA MON CATAO;;;;Colisão Lateral;Via Iluminada;Bom;Seca;T;Pare;Comercial;0;0;2;1;0;0;0;0;0;0;0;0;-38,489602;-3,735758;;;
252440;19;6;2015;15:30;13408;AV ANTONIO SALES;RUA BAR ARACATI;;;;Colisão Transversal;Luz do Dia;Bom;Seca;Cruz;Pare;Comercial;0;0;2;1;0;0;0;0;0;0;0;0;-38,514894;-3,741563;;;
252441;19;6;2015;20:00;7975;RUA CARLOS CAMARA;RUA ALVARO MARTINS;;;;Atropelamento;Via Iluminada;Bom;Seca;Cruz;Pare;Residencial;0;1;1;1;0;0;0;0;0;0;0;0;-38,543554;-3,747550;;;
252442;19;6;2015;08:15;0;AV GOV RAUL BARBOSA;;;5487;;Colisão Lateral;Luz do Dia;Bom;Seca;Meio de Quadra;Não Há Controle;Comercial;0;0;2;0;0;0;1;0;0;1;0;0;;;;;
252443;19;6;2015;13:10;16692;AV PRS COSTA E SILVA;AV DOS JANGADEIROS;;;;;Luz do Dia;Bom;Seca;;Não Há Controle;Residencial;0;0;2;0;1;0;0;0;0;0;0;0;-38,566159;-3,817238;;;
252444;19;6;2015;12:00;17378;RUA ALBERTO MAGNO;RUA ROMEU MARTINS;;;;Colisão Lateral;Luz do Dia;Bom;Seca;Cruz;Pare;Comercial;0;2;0;1;0;0;0;0;0;1;0;0;-38,551758;-3,766914;;;
252445;19;6;2015;16:45;0;RUA EDUARDO PERDIGAO;;;168;;Colisão Transversal;Luz do Dia;Bom;Seca;Meio de Quadra;Pare;Comercial;0;0;2;1;1;0;0;0;0;0;0;0;-38,564344;-3,776058;;;
252446;19;6;2015;08:00;0;AV DEP PAULINO ROCHA;;;;SEMAM;Colisão Lateral;Luz do Dia;Bom;Seca;Meio de Quadra;Não Há Controle;Comercial;0;0;2;0;0;0;1;0;0;0;0;0;;;;;
268779;19;6;2015;02:09;15339;RUA FRE MANSUETO;RUA ANA BILHAR;;;;Colisão;;;;Cruz;Semáforo;Residencial;0;0;2;0;0;0;0;0;0;0;0;0;-38,488841;-3,731552;;;
268785;19;6;2015;10:15;0;RUA MENOR JERONIMO;;;;;Atropelamento;Luz do Dia;;;Meio de Quadra;;;0;1;1;1;0;0;0;0;0;0;0;0;;;;;
268781;19;6;2015;10:05;26176;RUA AFONSO HENRIQUE;AV ODILON GUIMARAES;;;;Colisão;Luz do Dia;;;T;Pare;Comercial;0;0;2;0;0;0;0;0;0;0;0;0;-38,480330;-3,826720;;;
268782;19;6;2015;10:10;16294;RUA CEL QUEIROZ;RUA LUCAS AVELINO;;;;Colisão;Luz do Dia;;;;;;0;0;2;0;0;0;0;0;0;0;0;0;-38,564343;-3,835331;;;
268783;19;6;2015;10:12;0;RUA SOBRAL D03;;;;;Colisão;Luz do Dia;;;Meio de Quadra;;;0;0;2;0;0;0;0;0;0;0;0;0;;;;;
268787;19;6;2015;10:16;0;RUA ELDORADO;;;;;Colisão;Luz do Dia;;;Meio de Quadra;;;0;0;2;0;0;0;0;0;0;0;0;0;;;;;
268788;19;6;2015;10:22;0;AV AUGUSTO DOS ANJOS;;;;;Colisão;Luz do Dia;;;Meio de Quadra;;;0;0;2;0;0;0;0;0;0;0;0;0;;;;;
268791;19;6;2015;10:45;3929;RUA ANTONIO POMPEU;RUA SEN POMPEU;;;;Colisão;Luz do Dia;;;Cruz;Semáforo;Misto;0;0;2;0;0;0;0;0;0;0;0;0;-38,531891;-3,734439;;;
268792;19;6;2015;10:49;18743;RUA VALPARAISO;RUA CATOLE;;;;Colisão;Luz do Dia;;;Cruz;Pare;Residencial;0;0;2;0;0;0;0;0;0;0;0;0;-38,520171;-3,846407;;;
268797;19;6;2015;11:03;0;RUA NOSSA SRA APARECIDA;;;;;Colisão;Luz do Dia;;;Meio de Quadra;;;0;0;2;0;0;0;0;0;0;0;0;0;;;;;
268798;19;6;2015;11:17;0;RUA FONSECA LOBO;;;;;Atropelamento;Luz do Dia;;;Meio de Quadra;;;0;1;1;0;0;0;0;0;0;0;0;0;;;;;
268800;19;6;2015;12:25;6944;RUA DIONISIO SERQUEIRA;AV CONTORNO NORTE D71;;;;Choque c/ Obstáculo Fixo;Luz do Dia;;;;;;0;0;1;0;0;0;0;0;0;0;0;0;-38,589473;-3,811796;;;
268805;19;6;2015;12:25;5709;AV OLIVEIRA PAIVA;AV DES GONZAGA;;;;Colisão;Luz do Dia;;;Cruz;Semáforo;Lazer;0;0;2;0;0;0;0;0;0;0;0;0;-38,499953;-3,797165;;;
268808;19;6;2015;12:40;0;AV I CJ JOSE WALTER;;;;;Colisão;Luz do Dia;;;Meio de Quadra;;;0;0;2;0;0;0;0;0;0;0;0;0;;;;;
268811;19;6;2015;14:11;0;AV OLIVEIRA PAIVA;;;;;Colisão;Luz do Dia;;;Meio de Quadra;;;0;0;2;0;0;0;0;0;0;0;0;0;;;;;
268813;19;6;2015;14:15;0;AV DEP PAULINO ROCHA;;;;;Colisão;Luz do Dia;;;Meio de Quadra;;;0;0;2;0;0;0;0;0;0;0;0;0;;;;;
268814;19;6;2015;14:34;0;AV ABOLICAO;;;;;Colisão;Luz do Dia;;;Meio de Quadra;;;0;0;2;0;0;0;0;0;0;0;0;0;;;;;
268816;19;6;2015;14:39;0;AV HERACLITO GRACA;;;;;Colisão;Luz do Dia;;;Meio de Quadra;;;0;0;2;0;0;0;0;0;0;0;0;0;;;;;
268819;19;6;2015;15:06;0;AV AGUANAMBI;;;;;Colisão;Luz do Dia;;;Meio de Quadra;;;0;0;2;0;0;0;0;0;0;0;0;0;;;;;
268825;19;6;2015;15:25;0;RUA EMILIO DE MENESES;;;;;Colisão;Luz do Dia;;;Meio de Quadra;;;0;0;2;0;0;0;0;0;0;0;0;0;;;;;
268826;19;6;2015;15:27;5437;RUA FLORIANO PEIXOTO;RUA METON DE ALENCAR;;;;Colisão;Luz do Dia;;;Cruz;Pare;Comercial;0;0;2;0;0;0;0;0;0;0;0;0;-38,529358;-3,734071;;;
268827;19;6;2015;15:55;17311;RUA ROMEU MARTINS;RUA JOAO FIRMINO;;;;Colisão;Luz do Dia;;;Cruz;Pare;Residencial;0;0;2;0;0;0;0;0;0;0;0;0;-38,555582;-3,764274;;;
268828;19;6;2015;16:48;0;AV ALBERTO CRAVEIRO;;;;;Colisão;Luz do Dia;;;Meio de Quadra;;;0;0;2;0;0;0;0;0;0;0;0;0;;;;;
268829;19;6;2015;17:00;5079;RUA AGAPITO DOS SANTOS;RUA SAO PAULO;;;;Colisão;Anoitecer;;;Cruz;Não Há Controle;Residencial;0;0;2;0;0;0;0;0;0;0;0;0;-38,537811;-3,722650;;;
268865;19;6;2015;08:26;0;AV SGT HERMINIO SAMPAIO;;;;;Colisão;Luz do Dia;;;Meio de Quadra;;;0;0;2;0;0;0;0;0;0;0;0;0;;;;;
268867;19;6;2015;08:21;3347;AV ENG HUMBERTO MONTE;RUA GOIAS;;;;Colisão;Luz do Dia;;;T;Pare;Comercial;0;0;2;0;0;0;0;0;0;0;0;0;-38,559425;-3,750494;;;
268851;19;6;2015;23:46;0;RUA JUVENTUDE;;;;;Colisão;;;;Meio de Quadra;;;0;0;2;0;0;0;0;0;0;0;0;0;;;;;
268852;19;6;2015;05:05;0;AV PONTES VIEIRA;;;;;Colisão;Amanhecer;;;Meio de Quadra;;;0;0;2;0;0;0;0;0;0;0;0;0;;;;;
268854;19;6;2015;07:06;0;AV PRS COSTA E SILVA;;;;;Colisão;Luz do Dia;;;Meio de Quadra;;;0;1;1;0;0;0;0;0;0;0;0;0;;;;;
268831;19;6;2015;17:13;7923;RUA ISAC AMARAL;AV DES MOREIRA;;;;Colisão Frontal;Anoitecer;;;;;;0;0;2;0;0;0;0;0;0;0;0;0;-38,503726;-3,753019;;;
268832;19;6;2015;17:30;15135;AV HIS RAIMUNDO GIRAO;RUA FRANCISCO DIAS RIBEIRO;;;;Colisão;Anoitecer;;;Cruz;Não Há Controle;Residencial;0;0;2;0;0;0;0;0;0;0;0;0;-38,504397;-3,724024;;;
268822;19;6;2015;15:23;0;AV DR SILAS MUNGUBA;;;;;Colisão;Luz do Dia;;;Meio de Quadra;;;0;0;2;0;0;0;0;0;0;0;0;0;;;;;
268835;19;6;2015;19:06;0;AV DR THEBERGE;;;;;Colisão;;;;Meio de Quadra;;;0;0;2;0;0;0;0;0;0;0;0;0;;;;;
268839;19;6;2015;19:20;0;RUA RUA SABINO LORETO (BARROSO);;;;;Colisão;;;;Meio de Quadra;;;0;0;2;0;0;0;0;0;0;0;0;0;;;;;
268841;19;6;2015;20:07;0;RUA CEL VIRGILIO NOGUEIRA (BOM JARDIM);;;;;Colisão;;;;Meio de Quadra;;;0;0;2;0;0;0;0;0;0;0;0;0;;;;;
268844;19;6;2015;22:44;0;AV PERIMETRAL;;;;;Colisão;;;;Meio de Quadra;;;0;1;1;1;0;0;0;0;0;1;0;0;;;;;
268846;19;6;2015;23:14;3302;AV GAL OSORIO DE PAIVA;RUA LUIS VIEIRA;;;;Colisão;;;;Cruz;Semáforo Intermitente;Comercial;0;1;1;1;0;0;0;0;0;1;0;0;-38,588616;-3,790879;;;
259419;19;6;2015;20:10;0;AV MAE LISBOA;;;;;Colisão;Via Iluminada;;Seca;Meio de Quadra;;;0;1;1;1;0;0;0;0;0;1;0;0;-38,449058;-3,805513;;;
259415;19;6;2015;14:55;0;RD CE-040;;;;KM-01;Colisão;Luz do Dia;;Seca;Meio de Quadra;;;0;0;2;1;0;0;0;0;0;0;0;0;-38,483270;-3,754877;;;
259416;19;6;2015;16:05;0;RD CE-040;;;;KM-03;Colisão;Luz do Dia;;Seca;Meio de Quadra;;;0;2;5;1;0;0;0;0;0;1;0;0;-38,481014;-3,783185;;;
262764;19;6;2015;09:46;0;AV FRANCISCO SA;;;;;Colisão;Luz do Dia;;;Meio de Quadra;;;0;0;2;1;0;0;0;0;0;0;0;0;;;;;
262765;19;6;2015;10:19;3770;RUA MAL DEODORO;AV DOMINGOS OLIMPIO;;;;Colisão;Luz do Dia;;;T;Pare;Comercial;0;0;2;1;1;0;0;0;0;0;0;0;-38,533360;-3,735847;;;
262762;19;6;2015;08:57;0;AV ANTONIO SALES;;;;;Colisão;Luz do Dia;;;Meio de Quadra;;;0;0;3;1;0;0;0;1;0;0;0;0;;;;;
273801;19;6;2015;09:36;0;RUA ARACAJU;;;;;Queda;Luz do Dia;;;Meio de Quadra;;;0;1;0;0;0;1;0;0;0;0;0;0;-38,584785;-3,754529;;;
273808;19;6;2015;11:51;0;AV BEIRA MAR;;;;;Atropelamento;Luz do Dia;;;Meio de Quadra;;;0;1;0;1;0;0;0;0;0;0;0;0;-38,481482;-3,722529;;;
273809;19;6;2015;12:27;0;AV ENG HUMBERTO MONTE;;;;;Colisão;Luz do Dia;;;Meio de Quadra;;;0;1;0;1;0;0;0;0;0;1;0;0;;;;;
273811;19;6;2015;15:41;0;RUA ROMEU MARTINS;;;;;Colisão;Luz do Dia;;;Meio de Quadra;;;0;1;0;1;0;0;0;0;0;1;0;0;;;;;
273804;19;6;2015;09:38;0;RUA NOSSA SRA DAS GRACAS;;;;;Queda;Luz do Dia;;;Meio de Quadra;;;0;1;0;0;0;0;0;0;0;1;0;0;;;;;
273813;19;6;2015;16:03;0;AV WASHINGTON SOARES;;;;;Colisão;Luz do Dia;;;Meio de Quadra;;;0;1;0;0;0;0;0;0;0;0;0;0;-38,481154;-3,781466;;;
273814;19;6;2015;17:55;11160;RUA JOSE MENELEU D41;RUA SUECIA;;;;Colisão;Anoitecer;;;Cruz;Pare;Residencial;0;1;0;1;0;0;0;0;0;1;0;0;-38,559334;-3,782586;;;
273816;19;6;2015;19:53;0;RD BR 116;;;;;Colisão;;;;Meio de Quadra;;;0;1;0;1;0;0;0;0;0;1;0;0;;;;;
273817;19;6;2015;20:47;0;RUA MATO GROSSO;;;;;Colisão;;;;Meio de Quadra;;;0;1;0;0;0;0;0;0;0;0;0;0;-38,563307;-3,755933;;;
273819;19;6;2015;23:45;0;RD BR 116;;;4000;KM-04;Colisão;;;;Meio de Quadra;;;0;1;0;1;0;0;0;0;0;1;0;0;-38,510646;-3,788331;;;
273820;20;6;2015;05:41;0;RUA LUIZA GUIMARAES;;;;;Queda;Amanhecer;;;Meio de Quadra;;;0;1;0;0;0;0;0;0;0;1;0;0;;;;;
273821;20;6;2015;06:46;0;RUA SEN POMPEU;;;;;Colisão;Luz do Dia;;;Meio de Quadra;;;0;1;0;0;0;0;0;0;0;0;0;0;;;;;
273863;20;6;2015;20:03;0;RUA CARLOS CAMARA;;;;;Colisão;;;;Meio de Quadra;;;0;1;0;1;0;0;0;0;0;1;0;0;-38,543608;-3,747611;;;
273865;20;6;2015;21:03;18756;RUA VALPARAISO;AV B CJ HAB ST SAO JOAO;;;;Colisão;;;;Cruz;Pare;Residencial;0;1;0;0;0;0;0;0;0;1;0;0;-38,517719;-3,846515;;;
273867;20;6;2015;22:22;0;AV PERIMETRAL;;;;;Queda;;;;Meio de Quadra;;;0;1;0;0;0;1;0;0;0;0;0;0;;;;;
273871;20;6;2015;23:16;0;RUA PDE PERDIGAO SAMPAIO;;;;;Colisão;;;;Meio de Quadra;;;0;1;0;0;0;0;0;0;0;0;0;0;;;;;
273873;20;6;2015;23:42;0;RD BR 116;;;7000;KM-07;Queda;;;;Meio de Quadra;;;0;1;0;0;0;0;0;0;0;1;0;0;-38,501101;-3,813246;;;
273824;20;6;2015;06:49;0;AV PERIMETRAL;;;;;Colisão;Luz do Dia;;;Meio de Quadra;;;0;1;0;0;0;0;0;0;0;1;0;0;;;;;
273825;20;6;2015;07:06;0;RUA VERBENA;;;;;Colisão;Luz do Dia;;;Meio de Quadra;;;0;1;0;1;0;0;0;0;0;1;0;0;-38,588860;-3,781423;;;
273827;20;6;2015;07:40;0;RUA IMPERATRIZ D44;;;;;Atropelamento;Luz do Dia;;;Meio de Quadra;;;0;1;0;0;0;0;0;0;0;1;0;0;;;;;
273829;20;6;2015;07:59;0;AV HIS RAIMUNDO GIRAO;;;;;Capotamento;Luz do Dia;;;Meio de Quadra;;;0;1;0;1;0;0;0;0;0;0;0;0;;;;;
273830;20;6;2015;09:15;10018;RUA HUMBERTO LOMEU;RUA DUAS NACOES;;;;Colisão;Luz do Dia;;;;;;0;1;0;1;0;0;0;0;0;1;0;0;-38,603382;-3,781768;;;
273832;20;6;2015;11:56;48;RUA JOAQUIM LEITAO;RUA TEN QUEIROZ;;;;Colisão;Luz do Dia;;;Cruz;Pare;Misto;0;1;0;1;0;0;0;0;0;1;0;0;-38,591941;-3,745296;;;
273841;20;6;2015;12:47;0;RUA ANTONIO DE CASTRO;;;;;Colisão;Luz do Dia;;;Meio de Quadra;;;0;1;0;1;0;0;0;0;0;1;0;0;;;;;
273843;20;6;2015;13:42;0;AV N CJ JOSE WALTER;;;;;Colisão;Luz do Dia;;;Meio de Quadra;;;0;1;0;1;0;0;0;0;0;1;0;0;;;;;
273847;20;6;2015;16:43;24511;RUA DR QUIXADA FELICIO;AV J CJ POLAR;;;;Colisão;Luz do Dia;;;Cruz;Pare;Residencial;0;1;0;1;0;0;0;0;0;1;0;0;-38,596399;-3,709781;;;
273848;20;6;2015;17:46;0;AV ODILON GUIMARAES;;;;;Colisão;Anoitecer;;;Meio de Quadra;;;0;1;0;1;0;0;0;0;0;1;0;0;-38,469950;-3,815963;;;
273850;20;6;2015;17:54;0;AV WASHINGTON SOARES;;;;;Atropelamento;Anoitecer;;;Meio de Quadra;;;0;1;0;1;0;0;0;0;0;0;0;0;-38,479060;-3,807568;;;
273851;20;6;2015;18:22;0;RUA EDITE BRAGA;;;;;Colisão;Anoitecer;;;Meio de Quadra;;;0;1;0;1;0;0;0;0;0;1;0;0;-38,541600;-3,753638;;;
273852;20;6;2015;19:02;0;AV OLIVEIRA PAIVA;;;;;Atropelamento;;;;Meio de Quadra;;;0;1;0;0;0;0;0;0;0;0;0;0;;;;;
273854;20;6;2015;19:15;0;AV PRS CASTELO BRANCO;;;;;Atropelamento;;;;Meio de Quadra;;;0;1;0;0;0;0;0;0;0;1;0;0;-38,553008;-3,712413;;;
262812;20;6;2015;15:46;17251;RUA EUGENIO GADELHA;RUA BAR CANINDE;;;;Colisão;Luz do Dia;;;Cruz;Pare;Residencial;0;0;2;1;0;0;0;0;0;0;0;0;-38,551248;-3,760980;;;
262813;20;6;2015;17:11;0;RUA CONDE D´EU;;;;;Colisão;Anoitecer;;;Meio de Quadra;;;0;0;2;1;1;0;0;0;0;0;0;0;;;;;
262815;20;6;2015;23:33;15326;RUA PEREIRA FILGUEIRAS;AV BAR STUDART;;;;Colisão;;;;Cruz;Semáforo;Comercial;0;0;2;1;0;0;0;0;0;0;0;0;-38,505361;-3,730810;;;
259421;20;6;2015;18:10;0;RD CE-040;;;;KM-07;Atropelamento;Anoitecer;;Seca;Meio de Quadra;;;0;1;1;1;0;0;0;0;0;0;0;0;-38,483160;-3,817953;;;
259422;20;6;2015;20:00;0;AV SEN CARLOS JEREISSATI (AEROPORTO);;;;KM 02;Colisão;Via Iluminada;;Seca;Meio de Quadra;;;0;0;2;1;0;0;0;0;0;0;0;0;-38,529156;-3,783932;;;
268984;20;6;2015;23:18;7391;RUA ARACAJU;RUA CURITIBA;;;;Atropelamento;;;;Cruz;Pare;Misto;0;1;1;1;0;0;0;0;0;0;0;0;-38,586845;-3,758402;;;
268985;20;6;2015;23:19;0;RUA HUGO VITOR;;;;;Colisão;;;;Meio de Quadra;;;0;0;2;0;0;0;0;0;0;0;0;0;;;;;
268971;20;6;2015;19:22;0;RUA MIRTES CORDEIRO;;;;;Colisão;;;;Meio de Quadra;;;0;0;2;0;0;0;0;0;0;0;0;0;;;;;
268972;20;6;2015;19:23;0;AV DES FAUSTINO ALBUQUERQUE;;;;;Colisão;;;;Meio de Quadra;;;0;1;1;1;0;0;0;0;0;1;0;0;-38,499345;-3,785497;;;
268974;20;6;2015;19:25;0;AV CAP WALDEMAR PAULA LIMA;;;;;Colisão;;;;Meio de Quadra;;;0;1;1;1;0;0;0;0;0;1;0;0;;;;;
268976;20;6;2015;19:26;0;RUA FRANCISCO RAMOS;;;;;Colisão;;;;Meio de Quadra;;;0;1;1;0;0;0;0;0;0;0;0;0;;;;;
268977;20;6;2015;19:27;0;RUA DAS PITANGUEIRAS;;;;;Colisão;;;;Meio de Quadra;;;0;0;2;0;0;0;0;0;0;0;0;0;;;;;
268978;20;6;2015;20:04;0;RUA URUCUTUBA;;;;;Colisão;;;;Meio de Quadra;;;0;0;2;0;0;0;0;0;0;0;0;0;;;;;
268979;20;6;2015;21:06;1538;AV PDE ANTONIO TOMAS;RUA LEONARDO MOTA;;;;Choque c/ Obstáculo Fixo;;;;Cruz;Semáforo;Comercial;0;0;2;0;0;0;0;0;0;0;0;0;-38,497662;-3,740811;;;
268980;20;6;2015;21:48;0;RUA JOSE MENDONCA;;;;;Colisão;;;;Meio de Quadra;;;0;0;2;0;0;0;0;0;0;0;0;0;;;;;
268981;20;6;2015;21:50;0;AV GODOFREDO MACIEL;;;;;Colisão;;;;Meio de Quadra;;;0;0;2;0;0;0;0;0;0;0;0;0;;;;;
268991;20;6;2015;03:12;0;RUA JOSE HIPOLITO;;;;;Colisão;;;;Meio de Quadra;;;0;0;2;0;0;0;0;0;0;0;0;0;;;;;
268987;20;6;2015;23:20;0;AV 13 DE MAIO;;;;;Colisão;;;;Meio de Quadra;;;0;0;2;0;0;0;0;0;0;0;0;0;;;;;
268938;20;6;2015;16:22;0;RUA PEDRO MARTINS;;;;;Colisão;Luz do Dia;;;Meio de Quadra;;;0;1;1;1;0;0;0;0;0;1;0;0;-38,603230;-3,798673;;;
268936;20;6;2015;16:22;670;RUA GOMES PASSOS;RUA PRO JOSE BONIFACIO;;;;Colisão;Luz do Dia;;;Cruz;Pare;Residencial;0;0;2;0;0;0;0;0;0;0;0;0;-38,562431;-3,710794;;;
268929;20;6;2015;15:03;18503;RUA ANTONIO LAFAYETTE;RUA OURO BRANCO;;;;Colisão;Luz do Dia;;;;;;0;1;1;0;0;0;0;0;0;0;0;0;-38,574293;-3,733798;;;
268933;20;6;2015;15:31;0;RUA ISAIE BORIS;;;;;Colisão;Luz do Dia;;;Meio de Quadra;;;0;1;1;1;0;0;0;0;0;1;0;0;-38,548179;-3,766945;;;
268940;20;6;2015;16:26;5142;RUA CASTRO E SILVA;RUA CONDE D´EU;;;;Colisão;Luz do Dia;;;Outros;Semáforo;Comercial;0;0;2;0;0;0;0;0;0;0;0;0;-38,525072;-3,724606;;;
268942;20;6;2015;16:39;0;RUA GOMES PASSOS;;;;;Colisão;Luz do Dia;;;Meio de Quadra;;;0;0;2;0;0;0;0;0;0;0;0;0;;;;;
268944;20;6;2015;16:40;0;AV BEZERRA DE MENEZES;;;;;Colisão;Luz do Dia;;;Meio de Quadra;;;0;0;2;0;0;0;0;0;0;0;0;0;;;;;
268947;20;6;2015;16:45;0;RUA EMILIO CONDE;;;;;Colisão;Luz do Dia;;;Meio de Quadra;;;0;0;2;0;0;0;0;0;0;0;0;0;;;;;
268955;20;6;2015;17:59;0;RUA TULIPA;;;;;Colisão;Anoitecer;;;Meio de Quadra;;;0;0;2;0;0;0;0;0;0;0;0;0;;;;;
268962;20;6;2015;18:51;8934;AV DOMINGOS OLIMPIO;RUA PDE MORORO;;;;Colisão;;;;Cruz;Pare;Residencial;0;0;2;0;0;0;0;0;0;0;0;0;-38,539949;-3,733752;;;
268965;20;6;2015;19:13;4188;AV PRS CASTELO BRANCO;RUA STA ROSA D20/21 (JACARECANGA);;;;Colisão;;;;T;Não Há Controle;Residencial;0;0;2;0;0;0;0;0;0;0;0;0;-38,553260;-3,712336;;;
268969;20;6;2015;19:21;25559;RUA FERNANDO FARIAS DE MELO (MANUEL SÁTIRO);RUA UIRAPURU;;;;Colisão;;;;Cruz;Pare;;0;0;2;0;0;0;0;0;0;0;0;0;-38,578318;-3,795633;;;
268879;20;6;2015;09:58;0;RUA DES EURICO MONTEIRO;;;;;Colisão;Luz do Dia;;;Meio de Quadra;;;0;0;2;0;0;0;0;0;0;0;0;0;;;;;
268881;20;6;2015;09:59;0;RUA PRO SILAS RIBEIRO;;;;;Colisão;Luz do Dia;;;Meio de Quadra;;;0;1;1;1;0;0;0;0;0;1;0;0;;;;;
268886;20;6;2015;10:08;0;AV PASTEUR;;;;;Colisão;Luz do Dia;;;Meio de Quadra;;;0;0;2;0;0;0;0;0;0;0;0;0;;;;;
268892;20;6;2015;10:27;0;AV PRS CASTELO BRANCO;;;749;PEFOCE;Atropelamento;Luz do Dia;;;Meio de Quadra;;;0;1;1;1;0;0;0;0;0;0;0;0;-38,535806;-3,718066;;;