COD_ACIDENTE;DIA;MES;ANO;HORA;INTERSECAO;LOG1;LOG2;LOG3;NUMERO;REFERENCIA;NATUREZA;ILUMINACAO;TEMPO;SUPERFICIEPISTA;TIPOCRUZAMENTO;CONTROLETRAFEGO;USOSOLO;MORTOS;FERIDOS;ILESOS;AUTOMOVEL;ONIBUS;BICICLETA;CAMINHAO;MICROONIBUS;CICLOMOTOR;MOTOCICLETA;TRACAOANIMAL;TREM;LONG;LAT;;;
268894;20;6;2015;10:57;0;RUA MAL BITENCOURT;;;;;Colisão;Luz do Dia;;;Meio de Quadra;;;0;1;1;1;0;0;0;0;0;1;0;0;;;;;
268897;20;6;2015;10:40;0;RUA VALPARAISO;;;;;Colisão;Luz do Dia;;;Meio de Quadra;;;0;1;1;1;0;0;0;0;0;1;0;0;;;;;
268901;20;6;2015;10:49;0;RUA MIGUEL GURGEL;;;;;Colisão;Luz do Dia;;;Meio de Quadra;;;0;0;2;0;0;0;0;0;0;0;0;0;;;;;
268902;20;6;2015;10:50;0;RUA DAS PEDRINHAS;;;;;Colisão;Luz do Dia;;;Meio de Quadra;;;0;0;2;0;0;0;0;0;0;0;0;0;;;;;
268905;20;6;2015;11:03;0;RUA DES PRAXEDES;;;;;Colisão;Luz do Dia;;;Meio de Quadra;;;0;0;2;0;0;0;0;0;0;0;0;0;;;;;
268908;20;6;2015;11:03;0;AV JOAO PESSOA;;;;;Colisão;Luz do Dia;;;Meio de Quadra;;;0;0;2;0;0;0;0;0;0;0;0;0;;;;;
268912;20;6;2015;11:12;22886;RUA INACIO PARENTE;RUA BERNARDO MANUEL;;;;Colisão;Luz do Dia;;;Cruz;Semáforo;Comercial;0;0;2;0;0;0;0;0;0;0;0;0;-38,546074;-3,781268;;;
268913;20;6;2015;13:48;12954;RUA BERNARDO MANUEL;AV PRS COSTA E SILVA;;;;Colisão;Luz do Dia;;;;;;0;0;2;0;0;0;0;0;0;0;0;0;-38,558276;-3,821079;;;
268921;20;6;2015;14:52;0;RUA ANTONIO LAFAYETTE;;;;;Atropelamento;Luz do Dia;;;Meio de Quadra;;;0;0;2;0;0;0;0;0;0;0;0;0;;;;;
268924;20;6;2015;14:55;0;RUA EDUARDO ANGELIM;;;;;Colisão;Luz do Dia;;;Meio de Quadra;;;0;0;2;0;0;0;0;0;0;0;0;0;;;;;
268861;20;6;2015;07:24;3199;RUA VITAL BRASIL;RUA VERBENA;;;;Colisão;Luz do Dia;;;Cruz;Semáforo;Comercial;0;0;2;0;0;0;0;0;0;0;0;0;-38,588650;-3,780666;;;
268857;20;6;2015;07:07;0;AV A CJ CEARA;;;;;Colisão;Luz do Dia;;;Meio de Quadra;;;0;0;2;0;0;0;0;0;0;0;0;0;;;;;
268864;20;6;2015;07:58;0;RUA IMPERATRIZ;;;;;Atropelamento;Luz do Dia;;;Meio de Quadra;;;0;0;2;0;0;0;0;0;0;0;0;0;;;;;
268873;20;6;2015;08:21;0;AV CASTELO DE CASTRO;;;;;Atropelamento;Luz do Dia;;;Meio de Quadra;;;0;0;2;0;0;0;0;0;0;0;0;0;;;;;
268877;20;6;2015;09:37;0;RUA DES FRANCISCO BARROS FONTENELE;;;;;Colisão;Luz do Dia;;;Meio de Quadra;;;0;0;2;0;0;0;0;0;0;0;0;0;;;;;
263789;20;6;2015;12:15;15435;RUA FARIAS LEMOS;RUA FREDERICO SEVERO;;;;Colisão;Luz do Dia;;;Cruz;;Residencial;0;1;0;1;0;0;0;0;0;0;0;0;-38,492707;-3,816836;;;
259017;20;6;2015;19:00;0;RD BR 116;;;9000;KM-09;Queda;Via Iluminada;Bom;Seca;Meio de Quadra;Não Há Controle;Comercial;0;1;0;0;0;0;0;0;1;0;0;0;-38,504865;-3,830837;;;
259019;20;6;2015;23:20;0;RD BR 116;;;6000;KM-06;Colisão Traseira;Via Iluminada;Bom;Seca;Meio de Quadra;Não Há Controle;Comercial;0;3;0;0;0;0;0;0;0;1;0;0;-38,503053;-3,804691;;;
252526;20;6;2015;12:30;0;AV FRANCISCO SA;;;4533;;Colisão Traseira;Luz do Dia;Bom;Seca;Meio de Quadra;Semáforo;Comercial;0;0;2;1;0;0;1;0;0;0;0;0;-38,565462;-3,714667;;;
252527;20;6;2015;13:19;5283;AV DOM MANUEL;AV SANTOS DUMONT;;;;;Luz do Dia;Bom;Seca;Cruz;Semáforo;Misto;0;0;5;1;0;0;0;0;0;0;0;0;-38,521250;-3,728774;;;
252529;20;6;2015;15:00;0;RUA VALPARAISO;;;;;Colisão Transversal;Luz do Dia;Bom;Seca;Meio de Quadra;Não Há Controle;Comercial;0;0;2;1;0;0;0;0;0;0;0;0;;;;;
252530;20;6;2015;20:00;17434;RUA CESAR ROSSAS;RUA EDITE BRAGA;;;;Colisão Lateral;Via Iluminada;Bom;Seca;Cruz;Pare;Residencial;0;1;1;1;0;0;0;0;0;1;0;0;-38,553869;-3,768906;;;
252515;20;6;2015;10:30;3410;RUA DES PRAXEDES;RUA JOAO MELO;;;;Colisão Transversal;Luz do Dia;Bom;Seca;Cruz;Não Há Controle;Comercial;0;0;2;1;0;0;0;0;0;0;0;0;-38,554104;-3,756403;;;
252516;20;6;2015;05:30;25006;RUA BENI DE CARVALHO;RUA LEONARDO MOTA;;;;Colisão Lateral;Luz do Dia;Bom;Seca;Cruz;Semáforo;Comercial;0;0;2;0;0;0;0;0;0;0;0;0;-38,498931;-3,744739;;;
252517;20;6;2015;12:00;0;RUA VALPARAISO;;;;;Colisão Transversal;Luz do Dia;Bom;Seca;Meio de Quadra;Não Há Controle;;0;0;2;1;0;0;0;0;0;0;0;0;;;;;
252518;20;6;2015;15:00;5235;RUA PEDRO PEREIRA;RUA PRC ISABEL;;;;Colisão Transversal;Luz do Dia;Bom;Seca;Cruz;Pare;Residencial;0;0;2;1;0;0;0;0;0;0;0;0;-38,535705;-3,727353;;;
252519;20;6;2015;07:00;15245;AV ANTONIO JUSTA;RUA LEONARDO MOTA;;;;Colisão Transversal;Luz do Dia;Bom;Seca;Cruz;Pare;Residencial;0;1;1;1;0;0;0;0;0;0;0;0;-38,493542;-3,727945;;;
252521;20;6;2015;09:00;10842;RUA PRO HERIBALDO COSTA;RUA CUIABA;;;;Colisão Lateral;Luz do Dia;;Seca;Cruz;Pare;Residencial;0;0;2;1;0;0;1;0;0;0;0;0;-38,586471;-3,764961;;;
252522;20;6;2015;01:35;1225;RUA COSTA BARROS;RUA ILDEFONSO ALBANO;;;;Colisão Transversal;Via Iluminada;Nublado;Seca;Cruz;Semáforo;Comercial;0;1;1;1;1;0;0;0;0;0;0;0;-38,512227;-3,730135;;;
252523;20;6;2015;08:15;14995;AV GODOFREDO MACIEL;RUA NIGERIA;;;;Colisão Traseira;Luz do Dia;Bom;Seca;Duplo T;Outros;Residencial;0;1;1;1;0;0;0;0;0;1;0;0;-38,568128;-3,792542;;;
252524;20;6;2015;10:20;15301;RUA TEN BENEVOLO;RUA SILVA PAULET;;;;Colisão Transversal;Luz do Dia;Bom;Seca;Cruz;Pare;Residencial;0;2;0;1;0;0;0;0;0;0;0;0;-38,503888;-3,729724;;;
252504;20;6;2015;07:45;15288;RUA VICENTE LEITE;RUA SILVA JATAHY;;;;Colisão Transversal;Luz do Dia;Bom;Seca;Cruz;Pare;Residencial;0;0;2;0;0;0;0;0;0;0;0;0;-38,492910;-3,729302;;;
252505;20;6;2015;10:50;17424;RUA ANTONIO FIUZA;RUA TRES MARIAS D39 (MONTESE);;;;Colisão Traseira;Luz do Dia;Bom;Seca;Cruz;Semáforo;Comercial;0;1;1;1;0;0;0;0;0;1;0;0;-38,551577;-3,768452;;;
252506;20;6;2015;08:00;5051;RUA SEN POMPEU;RUA SEN JAGUARIBE;;;;Colisão Transversal;Luz do Dia;Bom;Seca;Cruz;Pare;Comercial;0;1;1;0;0;0;0;0;0;1;0;0;-38,528055;-3,721667;;;
252507;20;6;2015;13:20;0;RUA CON DE CASTRO;;;5205;;Colisão Frontal;Luz do Dia;Bom;Seca;Meio de Quadra;Não Há Controle;Residencial;0;0;2;0;1;0;1;0;0;0;0;0;-38,595246;-3,808732;;;
252508;20;6;2015;02:45;15005;AV GODOFREDO MACIEL;RUA SUICA;;;;Choque c/ Obstáculo Fixo;Via Iluminada;Bom;Seca;T;Não Há Controle;Comercial;0;0;3;1;0;0;0;0;0;0;0;0;-38,568361;-3,792859;;;
252510;20;6;2015;12:10;0;AV DUQ CAXIAS;;;;;Colisão Traseira;Luz do Dia;Bom;Seca;Meio de Quadra;Não Há Controle;Comercial;0;2;0;1;0;0;0;0;0;0;0;0;;;;;
252511;20;6;2015;07:00;0;AV PRS CASTELO BRANCO;;;;;Colisão Traseira;Luz do Dia;Bom;Seca;Meio de Quadra;Não Há Controle;Comercial;0;0;2;1;0;0;0;0;0;0;0;0;;;;;
252512;20;6;2015;13:20;19278;RUA CAIO PRADO;RUA 7 DE SETEMBRO;;;;Colisão Lateral;Luz do Dia;Bom;Seca;Cruz;Semáforo;Comercial;0;0;2;1;1;0;0;0;0;0;0;0;-38,563028;-3,773724;;;
252513;20;6;2015;13:00;4630;AV VIENA WEYNE;RUA BOTELHO MAGALHAES;;;;Colisão Transversal;Luz do Dia;Bom;Seca;Cruz;Pare;Comercial;0;0;2;1;0;0;0;0;0;0;0;0;-38,491573;-3,801029;;;
252467;21;6;2015;14:00;10863;RUA PORTO VELHO;RUA PRO HERIBALDO COSTA;;;;Colisão Lateral;;Bom;Seca;Cruz;Semáforo;Comercial;0;2;1;1;0;0;0;0;0;1;0;0;-38,587014;-3,765974;;;
252468;21;6;2015;05:00;0;RUA LAURO MAIA;;;353;;Choque c/ Obstáculo Fixo;Amanhecer;Nublado;Seca;Meio de Quadra;Outros;Residencial;0;0;1;1;0;0;0;0;0;0;0;0;-38,523644;-3,743685;;;
252465;21;6;2015;09:30;0;AV CEL CARVALHO;;;235;;Colisão Lateral;Luz do Dia;Bom;Seca;Meio de Quadra;;Comercial;0;0;2;1;0;0;0;0;0;1;0;0;-38,591142;-3,705046;;;
252463;21;6;2015;12:20;22887;RUA DR JUSTA ARAUJO D45;RUA VITORIANO BORGES;;;;Colisão Transversal;Luz do Dia;Bom;Seca;Cruz;Pare;Residencial;0;3;1;1;0;0;0;0;0;1;0;0;-38,552083;-3,781281;;;
259022;21;6;2015;10:05;0;RD BR 116;;;14000;KM-14;Colisão Lateral;Luz do Dia;Bom;Seca;Meio de Quadra;Não Há Controle;Comercial;0;2;0;1;0;0;0;0;0;0;0;0;-38,499242;-3,873523;;;
252447;21;6;2015;05:50;25729;AV TRISTAO GONCALVES;RUA ANTONIO POMPEU;;;;Colisão Transversal;Amanhecer;Bom;Seca;Cruz;Semáforo;Comercial;0;0;2;1;0;0;0;0;0;0;0;0;-38,535088;-3,733388;;;
252448;21;6;2015;08:10;20131;RUA PRO JOSE SILVEIRA;RUA CRISANTO ARRUDA;;;;Colisão Transversal;Luz do Dia;Nublado;Seca;Cruz;Outros;Residencial;0;0;3;1;0;0;0;0;0;0;0;0;-38,522564;-3,810268;;;
252462;21;6;2015;08:30;15350;AV DES MOREIRA;RUA PEREIRA VALENTE;;;;Choque c/ Obstáculo Fixo;Luz do Dia;Nublado;Molhada;Cruz;Semáforo;Comercial;0;0;1;1;0;0;0;0;0;0;0;0;-38,497076;-3,732253;;;
252455;21;6;2015;19:20;0;AV BEZERRA DE MENEZES;;;2495;;Colisão Lateral;Via Iluminada;Bom;Seca;Meio de Quadra;Não Há Controle;Comercial;0;0;2;1;1;0;0;0;0;0;0;0;-38,566827;-3,736168;;;
252456;21;6;2015;17:30;13389;AV ANTONIO SALES;RUA JOAO CORDEIRO;;;;Outros;Via Iluminada;Bom;Seca;Cruz;Semáforo Intermitente;Comercial;0;0;2;1;0;0;0;0;0;0;0;0;-38,518068;-3,740588;;;
252457;21;6;2015;14:45;0;AV ENG ALBERTO SA;;;52;;Colisão Lateral;Luz do Dia;Bom;Seca;Meio de Quadra;Semáforo;Comercial;0;0;2;1;0;0;0;0;0;0;0;0;-38,482669;-3,732599;;;
252458;21;6;2015;09:00;1649;RUA CEL JUCA;RUA GAL TERTULIANO POTYGUARA;;;;Colisão;Via Iluminada;Nublado;Seca;Cruz;Pare;Residencial;0;1;1;1;0;0;0;0;0;0;0;0;-38,493766;-3,745325;;;
252459;21;6;2015;19:25;0;AV DR SILAS MUNGUBA;;;3483;;Atropelamento;Via Iluminada;Bom;Seca;Meio de Quadra;Não Há Controle;Comercial;0;1;1;0;1;0;0;0;0;0;0;0;-38,542838;-3,789525;;;
252460;21;6;2015;02:00;12752;RUA MAJ WEYNE;RUA EDITE BRAGA;;;;Choque c/ Obstáculo Fixo;Luz do Dia;Nublado;Molhada;T;Não Há Controle;Residencial;0;1;0;1;0;0;0;0;0;0;0;0;-38,540332;-3,752226;;;
252450;21;6;2015;22:30;0;AV HIS RAIMUNDO GIRAO;;;900;;Colisão Traseira;Via Iluminada;Bom;Seca;Meio de Quadra;Semáforo;Residencial;0;0;3;1;0;0;0;0;0;0;0;0;-38,507507;-3,722562;;;
252451;21;6;2015;21:00;23045;AV DR SILAS MUNGUBA;RUA MALMEQUER;;;;Colisão Transversal;Via Iluminada;Bom;Seca;Cruz;Semáforo;Comercial;0;1;1;1;0;0;0;0;0;1;0;0;-38,538571;-3,790980;;;
252452;21;6;2015;18:40;0;RUA BENTO GONCALVES;;;700;;Colisão Frontal;Via Iluminada;Bom;Seca;Meio de Quadra;Não Há Controle;Residencial;0;1;1;1;0;0;0;0;0;1;0;0;-38,587358;-3,811504;;;
252453;21;6;2015;18:30;19672;AV BEZERRA DE MENEZES;RUA GAL PIRAGIBE;;;;Engavetamento;Via Iluminada;Bom;Seca;Cruz;Semáforo;Comercial;0;0;3;1;0;0;0;0;0;0;0;0;-38,558651;-3,734449;;;
263795;21;6;2015;00:20;0;RUA LIBERATO BARROSO;;;1163;;Colisão Lateral;;;;Meio de Quadra;;;0;1;0;1;0;0;0;0;0;0;0;0;-38,537573;-3,725483;;;
263802;21;6;2015;20:20;11288;RUA ROSA CRUZ;RUA VIDAL DE NEGREIROS;;;;Colisão;;;;Cruz;Pare;Rural;0;1;0;0;0;1;0;0;0;0;0;0;-38,565010;-3,799905;;;
263811;21;6;2015;21:10;0;RUA BERNARDO MANUEL;;;10000;;Colisão;;;;Meio de Quadra;;;0;1;0;1;0;0;0;0;0;1;0;0;-38,553769;-3,806539;;;
268996;21;6;2015;04:27;12762;AV BORGES DE MELO;RUA JORGE DUMAR;;;;Choque c/ Obstáculo Fixo;;;;Cruz;Semáforo;Comercial;0;0;1;0;0;0;0;0;0;0;0;0;-38,539369;-3,752695;;;
269003;21;6;2015;04:32;1649;RUA GAL TERTULIANO POTYGUARA;RUA CEL JUCA;;;;Colisão;;;;Cruz;Pare;Residencial;0;0;2;0;0;0;0;0;0;0;0;0;-38,493766;-3,745325;;;
269004;21;6;2015;05:04;1657;RUA CEL JUCA;RUA BENI DE CARVALHO;;;;Colisão;Amanhecer;;;Cruz;Semáforo;Misto;0;0;2;0;0;0;0;0;0;0;0;0;-38,494070;-3,746301;;;
268992;21;6;2015;03:13;0;AV CARAPINIMA;;;;;Colisão;;;;Meio de Quadra;;;0;0;2;0;0;0;0;0;0;0;0;0;;;;;
268993;21;6;2015;04:25;184;RUA BALDUINO FREIRE;RUA CAP BRASIL;;;;Colisão;;;;Cruz;Semáforo Intermitente;Residencial;0;1;0;0;0;0;0;0;0;0;0;0;-38,586378;-3,735496;;;
269100;21;6;2015;17:55;0;RUA 15 DE NOVEMBRO;;;;;Colisão;Anoitecer;;;Meio de Quadra;;;0;1;1;1;0;0;0;0;0;1;0;0;;;;;
269039;21;6;2015;17:32;0;RUA GERMANO FRANCK;;;;;Colisão;Anoitecer;;;Meio de Quadra;;;0;0;2;0;0;0;0;0;0;0;0;0;;;;;
269064;21;6;2015;20:25;12404;AV SEN FERNANDES TAVORA;AV LINEU MACHADO;;;;Colisão;;;;Cruz;Não Há Controle;Comercial;0;0;2;0;0;0;0;0;0;0;0;0;-38,576540;-3,765199;;;
269061;21;6;2015;19:04;0;RUA SAO FRANCISCO D21;;;;;Colisão;;;;Meio de Quadra;;;0;0;2;0;0;0;0;0;0;0;0;0;;;;;
269058;21;6;2015;19:02;0;RUA CAP BRASIL;;;;;Colisão;;;;Meio de Quadra;;;0;0;2;0;0;0;0;0;0;0;0;0;;;;;
269054;21;6;2015;18:45;0;RUA ULLISSES GUIMARAES;;;;;Colisão;;;;Outros;Pare;Misto;0;0;2;0;0;0;0;0;0;0;0;0;;;;;
269067;21;6;2015;20:57;18743;RUA VALPARAISO;RUA CATOLE;;;;Colisão;;;;Cruz;Pare;Residencial;0;0;2;0;0;0;0;0;0;0;0;0;-38,520171;-3,846407;;;
269069;21;6;2015;21:09;0;AV DR SILAS MUNGUBA;;;;;Colisão;;;;Meio de Quadra;;;0;0;2;0;0;0;0;0;0;0;0;0;;;;;
269071;21;6;2015;21:39;0;RUA TEN TITO BARROS;;;;;Atropelamento;;;;Meio de Quadra;;;0;0;2;0;0;0;0;0;0;0;0;0;;;;;
269073;21;6;2015;21:58;581;AV PASTEUR;AV FRANCISCO SA;;;;Atropelamento;;;;Cruz;;Comercial;0;0;2;0;0;0;0;0;0;0;0;0;-38,560567;-3,716325;;;
269076;21;6;2015;22:16;0;AV EDILSON B SOARES;;;;;Colisão;;;;Meio de Quadra;;;0;1;1;0;0;0;0;0;0;1;0;0;-38,469356;-3,788490;;;
269029;21;6;2015;13:38;10065;RUA ANTONIO NERY;RUA SEN MENEZES PIMENTEL;;;;Colisão;Luz do Dia;;;Cruz;Pare;Rural;0;0;2;0;0;0;0;0;0;0;0;0;;;;;
269031;21;6;2015;14:40;6254;RUA 541 C CJ CEARA;RUA 541 B CJ CEARA;;;;Colisão;Luz do Dia;;;;;;0;0;2;0;0;0;0;0;0;0;0;0;-38,609504;-3,768962;;;
269033;21;6;2015;14:54;21864;RUA EMILIA GONCALVES;RUA ALINE VIEIRA COLARES;;;;Colisão;Luz do Dia;;;Cruz;Não Há Controle;Residencial;0;0;2;0;0;0;0;0;0;0;0;0;-38,592922;-3,732622;;;
269035;21;6;2015;13:36;0;RUA ANIBAL MASCARENHAS;;;;;Colisão;Luz do Dia;;;Meio de Quadra;;;0;0;2;0;0;0;0;0;0;0;0;0;;;;;
269036;21;6;2015;20:55;0;RUA DES JOSE GIL DE CARVALHO;;;;;Atropelamento;;;;Meio de Quadra;;;0;0;2;0;0;0;0;0;0;0;0;0;;;;;
269009;21;6;2015;10:22;5235;RUA PEDRO PEREIRA;RUA PRC ISABEL;;;;Colisão;Luz do Dia;;;Cruz;Pare;Comercial;0;0;2;0;0;0;0;0;0;0;0;0;-38,535705;-3,727353;;;
269014;21;6;2015;11:07;1337;RUA OSVALDO CRUZ (ALDEOTA);AV SANTOS DUMONT;;;;Colisão;Luz do Dia;;;Cruz;Semáforo;Comercial;0;0;2;0;0;0;0;0;0;0;0;0;-38,500317;-3,735602;;;
269015;21;6;2015;12:02;1175;AV ODILON GUIMARAES;AV IZABEL M ALENCAR;;;;Colisão;Luz do Dia;;;;;;0;0;2;0;0;0;0;0;0;0;0;0;-38,473680;-3,817893;;;
269017;21;6;2015;12:06;0;RUA FRANCISCO PEREIRA (JD DAS OLIVEIRAS);;;;;Colisão;Luz do Dia;;;Meio de Quadra;;;0;0;2;0;0;0;0;0;0;0;0;0;;;;;
269020;21;6;2015;12:08;0;RUA FRANCISCO PEREIRA (JD DAS OLIVEIRAS);;;;;Colisão;Luz do Dia;;;Meio de Quadra;;;0;0;2;0;0;0;0;0;0;0;0;0;;;;;
269022;21;6;2015;12:09;15951;RUA PDE PEDRO DE ALENCAR;AV FRE CIRILO;;;;Colisão;Luz do Dia;;;T;Não Há Controle;Comercial;0;0;2;0;0;0;0;0;0;0;0;0;-38,493485;-3,827783;;;
269024;21;6;2015;12:54;0;RUA FRANCISCO PAIVA;;;;;Colisão;Luz do Dia;;;Meio de Quadra;;;0;0;2;0;0;0;0;0;0;0;0;0;;;;;
269026;21;6;2015;12:58;200;RUA SAO SALVADOR;RUA MARTINS NETO;;;;Colisão;Luz do Dia;;;;;;0;0;2;0;0;0;0;0;0;0;0;0;-38,589691;-3,740482;;;
259424;21;6;2015;07:45;0;AV SEN CARLOS JEREISSATI (AEROPORTO);;;;KM 01;Colisão;Luz do Dia;;Seca;Meio de Quadra;;;0;0;2;1;0;0;0;0;0;0;0;0;-38,520356;-3,783803;;;
273875;21;6;2015;01:22;0;AV CEL CARVALHO;;;;;Queda;;;;Meio de Quadra;;;0;1;0;0;0;0;0;0;0;1;0;0;-38,588929;-3,713441;;;
273885;21;6;2015;04:24;12757;RUA MAJ WEYNE;RUA DAMASCENO GIRAO;;;;Colisão;;;;;;;0;1;0;1;0;0;0;0;0;0;0;0;-38,540018;-3,752487;;;
273892;21;6;2015;09:07;0;AV PRAIA DE SABIAGUABA;;;;;Queda;Luz do Dia;;;Meio de Quadra;;;0;1;0;0;0;0;0;0;0;1;0;0;;;;;
273887;21;6;2015;05:14;0;AV PERIMETRAL;;;;;Colisão;Amanhecer;;;Meio de Quadra;;;0;1;0;0;0;0;0;0;0;0;0;0;;;;;
273898;21;6;2015;09:54;0;AV PDE ANTONIO TOMAS;;;;;Colisão;Luz do Dia;;;Meio de Quadra;;;0;1;0;1;0;0;0;0;0;1;0;0;-38,493691;-3,742097;;;
273899;21;6;2015;10:16;0;AV PDE ANTONIO TOMAS;;;;;Queda;Luz do Dia;;;Meio de Quadra;;;0;1;0;0;0;1;0;0;0;0;0;0;-38,493691;-3,742097;;;
273902;21;6;2015;12:13;0;RUA DR JUSTA ARAUJO D45;;;;;Colisão;Luz do Dia;;;Meio de Quadra;;;0;1;0;1;0;0;0;0;0;1;0;0;-38,552032;-3,781153;;;
273905;21;6;2015;12:39;0;RUA FRANCISCO PAIVA;;;;;Queda;Luz do Dia;;;Meio de Quadra;;;0;1;0;0;0;0;0;0;0;1;0;0;;;;;
273914;21;6;2015;13:50;0;RUA PORTO VELHO;;;;;Colisão;Luz do Dia;;;Meio de Quadra;;;0;1;0;1;0;0;0;0;0;1;0;0;;;;;
273923;21;6;2015;14:03;0;AV PERIMETRAL;;;;VIADUTO ANTONIO BEZERRA;Colisão;Luz do Dia;;;Meio de Quadra;;;0;1;0;1;0;0;0;0;0;1;0;0;;;;;
273933;21;6;2015;17:21;0;AV FRE CIRILO;;;3480;HOSPITAL DO CORAÇÃO;Atropelamento;Anoitecer;;;Meio de Quadra;;;0;1;0;1;0;0;0;0;0;0;0;0;-38,498245;-3,815475;;;
273934;21;6;2015;17:30;0;AV ROGACIANO LEITE;;;;;Colisão;Anoitecer;;;Meio de Quadra;;;0;1;0;1;0;1;0;0;0;0;0;0;;;;;
273937;21;6;2015;17:37;0;RUA BERNARDO MANUEL;;;;;Colisão;Anoitecer;;;Meio de Quadra;;;0;1;0;1;0;0;0;0;0;1;0;0;;;;;
273939;21;6;2015;18:04;0;AV SEN FERNANDES TAVORA;;;;;Atropelamento;Anoitecer;;;Meio de Quadra;;;0;1;0;1;0;0;0;0;0;0;0;0;;;;;
273941;21;6;2015;19:21;0;AV DR SILAS MUNGUBA;;;;;Atropelamento;;;;Meio de Quadra;;;0;1;0;0;0;0;0;0;0;0;0;0;;;;;
273942;21;6;2015;19:22;15335;AV DES MOREIRA;RUA REPUBLICA DO LIBANO;;;;Colisão;;;;Cruz;Pare;Outros;0;1;0;1;0;0;0;0;0;1;0;0;-38,496754;-3,731285;;;
273944;21;6;2015;19:57;0;AV DIOGUINHO;;;;;Colisão;;;;Meio de Quadra;;;0;1;0;1;0;0;0;0;0;1;0;0;;;;;
273947;21;6;2015;20:36;0;AV DR SILAS MUNGUBA;;;;;Colisão;;;;Meio de Quadra;;;0;1;0;0;0;0;0;0;0;0;0;0;;;;;
273929;21;6;2015;17:04;0;AV FRANCISCO SA;;;;;Colisão;Anoitecer;;;Meio de Quadra;;;0;1;0;1;0;0;0;0;0;1;0;0;-38,546254;-3,721053;;;
273969;21;6;2015;20:40;0;AV MR HULL;;;;;Queda;;;;Meio de Quadra;;;0;1;0;0;0;0;0;0;0;1;0;0;;;;;
273974;22;6;2015;02:48;0;AV H CJ CEARA;;;;;Queda;;;;Meio de Quadra;;;0;1;0;0;0;0;0;0;0;1;0;0;-38,615004;-3,776362;;;
273992;22;6;2015;19:48;0;RD QUARTO ANEL VIARIO;;;;;Colisão;;;;Meio de Quadra;;;0;1;0;1;0;1;0;0;0;0;0;0;;;;;
273995;22;6;2015;19:55;0;RUA 1018 CJ CEARA;;;;;Queda;;;;Meio de Quadra;;;0;1;0;0;0;0;0;0;0;1;0;0;;;;;
273976;22;6;2015;06:53;21601;RUA COM GARCIA;RUA DARCY VARGAS;;;;Colisão;Luz do Dia;;;;;;0;1;0;1;0;0;0;0;0;1;0;0;-38,586988;-3,797338;;;
273978;22;6;2015;07:43;11932;AV CASTELO DE CASTRO;AV PRS COSTA E SILVA;;;;Atropelamento;Luz do Dia;;;Cruz;Semáforo;Misto;0;1;0;1;0;0;0;0;0;0;0;0;-38,521435;-3,829012;;;
273979;22;6;2015;09:57;0;AV RAD JOSE LIMA VERDE;;;;;Queda;Luz do Dia;;;Meio de Quadra;;;0;1;0;0;0;0;0;0;0;1;0;0;;;;;
273981;22;6;2015;10:07;0;RUA FRANCISCO MATOS;;;;;Colisão;Luz do Dia;;;Meio de Quadra;;;0;1;0;0;0;0;0;0;0;0;0;0;;;;;
273982;22;6;2015;10:24;0;RD BR 116;;;;;Colisão;Luz do Dia;;;Meio de Quadra;;;0;1;0;0;0;0;1;0;0;1;0;0;;;;;
273983;22;6;2015;11:49;0;AV GOV RAUL BARBOSA;;;;;Queda;Luz do Dia;;;Meio de Quadra;;;0;1;0;0;0;0;0;0;0;1;0;0;;;;;
273984;22;6;2015;13:30;0;AV ABOLICAO;;;;;Colisão;Luz do Dia;;;Meio de Quadra;;;0;1;0;1;0;0;0;0;0;1;0;0;-38,503368;-3,724791;;;
273987;22;6;2015;15:06;0;AV ROGACIANO LEITE;;;;;Colisão;Luz do Dia;;;Meio de Quadra;;;0;0;1;0;0;0;0;0;0;0;0;0;;;;;
273988;22;6;2015;17:20;0;RUA VITORIA;;;;;Queda;Anoitecer;;;Meio de Quadra;;;0;1;0;0;0;0;0;0;0;1;0;0;;;;;
273990;22;6;2015;18:18;0;AV MAE LISBOA;;;;;Colisão;Anoitecer;;;Meio de Quadra;;;0;1;0;1;0;0;0;0;0;1;0;0;-38,453444;-3,806027;;;
274009;22;6;2015;22:47;0;RUA GAL SAMPAIO;;;;;Colisão;;;;Meio de Quadra;;;0;1;0;1;0;0;0;0;0;1;0;0;;;;;
273997;22;6;2015;22:28;0;RUA VITORIA;;;;;Colisão;;;;Meio de Quadra;;;0;1;0;1;0;0;0;0;0;1;0;0;;;;;
262818;22;6;2015;12:25;0;AV DR SILAS MUNGUBA;;;;;Colisão;Luz do Dia;;;Meio de Quadra;;;0;0;2;1;0;0;0;0;0;0;0;0;;;;;
269077;22;6;2015;00:15;0;AV CEL CARVALHO;;;;;Colisão;;;;Meio de Quadra;;;0;1;1;1;0;0;0;0;0;1;0;0;;;;;
269081;22;6;2015;16:20;2830;AV GAL OSORIO DE PAIVA;RUA OSCAR FRANCA;;;;Colisão;Luz do Dia;;;T;Semáforo;Residencial;0;0;2;0;0;0;0;0;0;0;0;0;-38,592113;-3,794473;;;
269083;22;6;2015;16:39;7401;AV SEN FERNANDES TAVORA;RUA AUDISIO PINHEIRO;;;;Colisão;Luz do Dia;;;Cruz;Semáforo;Comercial;0;0;2;0;0;0;0;0;0;0;0;0;-38,588886;-3,758593;;;
269086;22;6;2015;16:43;7860;AV ANTONIO SALES;AV SEN VIRGILIO TAVORA;;;;Colisão;Luz do Dia;;;Cruz;Semáforo;Comercial;0;0;2;0;0;0;0;0;0;0;0;0;-38,496500;-3,747279;;;