COD_ACIDENTE;DIA;MES;ANO;HORA;INTERSECAO;LOG1;LOG2;LOG3;NUMERO;REFERENCIA;NATUREZA;ILUMINACAO;TEMPO;SUPERFICIEPISTA;TIPOCRUZAMENTO;CONTROLETRAFEGO;USOSOLO;MORTOS;FERIDOS;ILESOS;AUTOMOVEL;ONIBUS;BICICLETA;CAMINHAO;MICROONIBUS;CICLOMOTOR;MOTOCICLETA;TRACAOANIMAL;TREM;LONG;LAT;;;
269087;22;6;2015;16:59;0;RUA PDE PEDRO DE ALENCAR;;;;;Colisão;Luz do Dia;;;Meio de Quadra;;;0;0;2;0;0;0;0;0;0;0;0;0;;;;;
269089;22;6;2015;17:10;0;AV DR SILAS MUNGUBA;;;;;Colisão;Anoitecer;;;Meio de Quadra;;;0;0;2;0;0;0;0;0;0;0;0;0;;;;;
269091;22;6;2015;17:23;0;RUA ANTONIO COSTA MENDES;;;;;Colisão;Anoitecer;;;Meio de Quadra;;;0;0;2;0;0;0;0;0;0;0;0;0;;;;;
269105;22;6;2015;18:13;0;AV ALBERTO CRAVEIRO;;;;;Colisão;Anoitecer;;;;;;0;0;2;0;0;0;0;0;0;0;0;0;;;;;
269106;22;6;2015;18:34;7211;AV PRS CASTELO BRANCO;AV DR THEBERGE;;;;Colisão;;;;Cruz;Semáforo;Comercial;0;0;2;0;0;0;0;0;0;0;0;0;-38,563456;-3,710079;;;
269107;22;6;2015;18:59;0;RUA RICARDO PONTES;;;;;Colisão;;;;Meio de Quadra;;;0;1;1;1;0;0;0;0;0;1;0;0;;;;;
269112;22;6;2015;19:21;10681;AV MIGUEL DIAS;RUA ATILANO MOURA;;;;Colisão;;;;;Semáforo;Residencial;0;0;2;0;0;0;0;0;0;0;0;0;-38,487708;-3,763517;;;
269115;22;6;2015;19:50;10774;AV SEN FERNANDES TAVORA;RUA ANTONIO IVO;;;;Colisão;;;;Cruz;Não Há Controle;Residencial;0;0;2;0;0;0;0;0;0;0;0;0;-38,582305;-3,762109;;;
269118;22;6;2015;20:54;0;RUA OSVALDO ARANHA;;;;;Colisão;;;;Meio de Quadra;;;0;0;2;0;0;0;0;0;0;0;0;0;;;;;
269123;22;6;2015;22:41;0;RUA JOAQUIM B DOS SANTOS;;;;;Colisão;;;;Meio de Quadra;;;0;0;2;0;0;0;0;0;0;0;0;0;;;;;
269126;22;6;2015;23:02;13594;AV PONTES VIEIRA;RUA CAP GUSTAVO;;;;Colisão;;;;Cruz;Semáforo;Comercial;0;1;1;1;0;0;0;0;0;1;0;0;-38,517125;-3,753153;;;
269128;22;6;2015;23:09;0;RUA CON DE CASTRO;;;;;Colisão;;;;Meio de Quadra;;;0;0;2;0;0;0;0;0;0;0;0;0;;;;;
263818;22;6;2015;14:10;666;RUA FERREIRA DOS SANTOS;RUA JOAO RIBEIRO;;;;Colisão;Luz do Dia;;;;;;0;1;0;1;1;0;0;0;0;0;0;0;-38,567265;-3,717916;;;
263821;22;6;2015;17:20;272;RUA ABILIO MARTINS;RUA PEDRO DE QUEIROZ;;;;Colisão;Anoitecer;;;Cruz;Pare;Residencial;0;1;0;0;0;0;0;0;0;0;0;0;-38,559367;-3,741922;;;
263822;22;6;2015;19:10;14857;RUA MARIO FILHO;TR REJANE;;;;Colisão;;;;Cruz;;Residencial;0;1;1;1;0;0;0;0;0;1;0;0;-38,585721;-3,806710;;;
263816;22;6;2015;10:28;0;RUA DUTRA;;;13;;Choque c/ Obstáculo Fixo;Luz do Dia;;;Meio de Quadra;;;0;1;0;0;0;0;0;0;0;1;0;0;-38,486658;-3,731678;;;
259023;22;6;2015;09:40;0;RD BR 116;;;6000;KM-06;Colisão Lateral;Luz do Dia;Bom;Seca;Meio de Quadra;Não Há Controle;Comercial;0;1;1;1;1;0;0;0;0;0;0;0;-38,503053;-3,804691;;;
259024;22;6;2015;14:54;0;RD BR 116;;;;;Colisão Lateral;Luz do Dia;Bom;Seca;Meio de Quadra;Não Há Controle;Comercial;0;0;2;0;1;0;0;0;0;0;0;0;;;;;
252605;22;6;2015;18:30;0;RUA JUSTINIANO DE SERPA;;;83;;Colisão Lateral;Anoitecer;Bom;Seca;Meio de Quadra;Outros;Misto;0;0;2;1;1;0;0;0;0;0;0;0;-38,542689;-3,731954;;;
252592;22;6;2015;16:30;1380;RUA NUNES VALENTE;RUA TORRES CAMARA;;;;Colisão Frontal;Via Iluminada;Bom;Seca;Cruz;Pare;Residencial;0;1;1;1;0;0;0;0;0;0;0;0;-38,503856;-3,736618;;;
252594;22;6;2015;16:30;0;AV DOM LUIS;;;500;;Colisão Lateral;Luz do Dia;Bom;Seca;Meio de Quadra;Outros;Comercial;0;0;2;1;0;0;0;0;0;0;0;0;-38,497304;-3,733263;;;
252537;22;6;2015;09:25;5331;AV SANTOS DUMONT;RUA GONCALVES LEDO;;;;Colisão Transversal;Luz do Dia;Bom;Seca;Cruz;Pare;Comercial;0;0;2;1;0;0;0;0;0;0;0;0;-38,515848;-3,730535;;;
252538;22;6;2015;07:00;4114;AV PRS CASTELO BRANCO;RUA LUCAS PINTO;;;;Colisão Transversal;Luz do Dia;Bom;Seca;Cruz;Pare;Residencial;0;1;2;1;0;0;0;0;1;0;0;0;-38,558025;-3,711416;;;
252539;22;6;2015;07:00;1311;RUA LEONARDO MOTA;RUA MARCOS MACEDO;;;;Colisão Transversal;Luz do Dia;Bom;Seca;Cruz;Semáforo;Residencial;0;1;1;1;0;0;0;0;0;0;0;0;-38,495763;-3,734885;;;
252552;22;6;2015;17:45;1512;RUA ROCHA LIMA;AV RUI BARBOSA;;;;Colisão Lateral;Via Iluminada;Bom;Seca;Cruz;Outros;Residencial;0;0;2;1;0;0;0;0;0;1;0;0;-38,510753;-3,740096;;;
252553;22;6;2015;16:20;5455;RUA ANTONIO POMPEU;RUA FLORIANO PEIXOTO;;;;Colisão Lateral;Luz do Dia;Bom;Seca;Cruz;Não Há Controle;Comercial;0;0;2;1;0;0;0;0;0;1;0;0;-38,529685;-3,735086;;;
252554;22;6;2015;08:40;0;AV LUCIANO CARNEIRO;RUA MIN JOAQUIM BASTOS D14;RUA MARIO MAMEDE;;;Colisão Traseira;Luz do Dia;Bom;Seca;Meio de Quadra;Não Há Controle;;0;0;2;1;0;0;0;0;0;0;0;0;;;;;
252555;22;6;2015;07:30;18440;AV SGT HERMINIO SAMPAIO;RUA CARLINDO CRUZ;;;;Colisão Lateral;Luz do Dia;Bom;Seca;T;Pare;Misto;0;0;2;1;0;0;0;0;0;1;0;0;-38,574437;-3,729636;;;
252556;22;6;2015;11:30;22951;AV DR SILAS MUNGUBA;RUA DR JUSTA ARAUJO D45;;;;Colisão Transversal;Luz do Dia;Bom;Seca;Cruz;Semáforo;Comercial;0;1;1;1;0;0;0;0;0;1;0;0;-38,553426;-3,784586;;;
252535;22;6;2015;11:30;12925;AV ANTONIO SALES;AV AGUANAMBI;;;;Colisão Traseira;Luz do Dia;Bom;Seca;Cruz;Semáforo;Misto;0;0;3;1;0;0;1;0;0;0;0;0;-38,524628;-3,738683;;;
252558;22;6;2015;18:30;12849;RUA ASSUNCAO;RUA SALDANHA MARINHO;;;;Colisão Transversal;Via Iluminada;Bom;Seca;Cruz;Pare;Misto;0;2;1;1;0;0;0;0;0;1;0;0;-38,531231;-3,742314;;;
252562;22;6;2015;08:30;0;AV DR THEBERGE;;;2420;;Colisão Lateral;Luz do Dia;Bom;Seca;Meio de Quadra;Não Há Controle;Residencial;0;0;2;1;0;0;1;0;0;0;0;0;-38,567737;-3,723153;;;
252563;22;6;2015;17:20;0;AV PRS CASTELO BRANCO;;;2944;;Colisão Traseira;Luz do Dia;Bom;Seca;Meio de Quadra;Não Há Controle;Comercial;0;0;2;1;0;0;0;0;0;0;0;0;-38,554955;-3,711963;;;
252565;22;6;2015;14:00;0;AV WENEFRIDO MELO;;;390;;Colisão Lateral;Luz do Dia;Bom;Seca;Meio de Quadra;Outros;Comercial;0;0;2;1;0;0;0;0;0;0;0;0;-38,575518;-3,811056;;;
252560;22;6;2015;15:46;0;AV ROGACIANO LEITE;;;200;;Choque c/ Obstáculo Fixo;Luz do Dia;Bom;Seca;Meio de Quadra;Não Há Controle;Residencial;0;1;0;0;0;0;0;0;0;1;0;0;-38,491845;-3,758927;;;
252567;22;6;2015;18:10;15597;RUA CEL JOAO OLIVEIRA;RUA VICENTE NOBRE MACEDO;;;;Colisão Transversal;Via Iluminada;Bom;Seca;Cruz;Pare;Residencial;0;0;3;1;0;0;0;0;0;0;0;0;-38,484102;-3,823327;;;
252569;22;6;2015;13:15;15152;AV BAR STUDART;AV MON TABOSA;;;;Colisão Transversal;Luz do Dia;Bom;Seca;Cruz;Semáforo;Misto;0;1;1;1;0;0;0;0;0;1;0;0;-38,503445;-3,724762;;;
252570;22;6;2015;14:35;0;AV PRS CASTELO BRANCO;;;289;;Colisão Traseira;Luz do Dia;Bom;;Meio de Quadra;;;0;0;2;1;0;0;0;0;0;0;0;0;;;;;
252572;22;6;2015;16:30;0;AV DR SILAS MUNGUBA;;;3723;;Colisão Traseira;Via Iluminada;Bom;Seca;Meio de Quadra;Não Há Controle;Residencial;0;0;2;1;0;0;0;0;0;0;0;0;-38,540645;-3,790272;;;
252573;22;6;2015;19:35;13408;AV ANTONIO SALES;RUA BAR ARACATI;;;;Colisão Transversal;Via Iluminada;Bom;Seca;Cruz;Pare;Comercial;0;0;2;0;1;0;0;0;0;0;0;0;-38,514894;-3,741563;;;
252575;22;6;2015;07:00;7790;AV PONTES VIEIRA;AV DES MOREIRA;;;;Colisão Transversal;Luz do Dia;Bom;Seca;Cruz;Semáforo;Comercial;0;0;2;1;0;0;0;0;0;0;0;0;-38,503254;-3,751526;;;
252576;22;6;2015;09:20;15260;RUA ANA BILHAR;RUA JOAQUIM NABUCO;;;;Colisão Transversal;Luz do Dia;Bom;Seca;Cruz;Semáforo;Residencial;0;0;2;1;0;0;0;0;0;1;0;0;-38,499077;-3,728382;;;
252577;22;6;2015;10:15;6817;RUA BENTO ALBUQUERQUE;RUA FRANCISCO MATOS;;;;Colisão Lateral;Luz do Dia;Bom;Seca;Cruz;Pare;Residencial;0;1;1;1;1;0;0;0;0;0;0;0;-38,470436;-3,747862;;;
252578;22;6;2015;16:00;25745;RUA FRANCISCO JOSE A PEREIRA;RUA DR WANDA SIDOU;;;;Colisão Transversal;Luz do Dia;Bom;Seca;Cruz;Gesto;Comercial;0;0;3;1;0;0;1;0;0;0;0;0;;;;;
252580;22;6;2015;10:56;0;AV AGUANAMBI;;;358;;Engavetamento;Luz do Dia;Bom;Seca;Meio de Quadra;Não Há Controle;Comercial;0;0;3;1;0;0;0;0;0;0;0;0;-38,524995;-3,740220;;;
252581;22;6;2015;10:00;5402;RUA VINTE E QUATRO DE MAIO;RUA METON DE ALENCAR;;;;Colisão Transversal;Luz do Dia;Bom;Seca;Cruz;Pare;Misto;0;0;2;1;0;0;0;0;0;0;0;0;-38,533848;-3,732626;;;
252583;22;6;2015;08:00;10962;RUA ANTONIO FIUZA;RUA DOM CARLOTO TAVORA;;;;Colisão Transversal;Luz do Dia;Bom;Seca;Cruz;Pare;Residencial;0;1;1;1;0;0;0;1;0;0;0;0;-38,552567;-3,771157;;;
252585;22;6;2015;16:00;0;RUA PRO COSTA MENDES;;;;;Colisão Lateral;Luz do Dia;Bom;Seca;Meio de Quadra;Pare;Comercial;0;0;2;1;0;0;0;0;0;0;0;0;;;;;
252586;22;6;2015;07:15;0;AV GAL OSORIO DE PAIVA;;;857;;Colisão Traseira;Luz do Dia;Bom;Seca;Meio de Quadra;Semáforo;Residencial;0;1;1;0;1;0;0;0;0;1;0;0;-38,570045;-3,777862;;;
252587;22;6;2015;11:00;17326;RUA ALBERTO MAGNO;RUA ALAN KARDEC;;;;Colisão Traseira;Luz do Dia;Bom;Seca;Cruz;Pare;Comercial;0;0;2;1;0;0;0;0;0;0;0;0;-38,549918;-3,764796;;;
252589;22;6;2015;15:00;0;RUA MARGARIDA DE QUEIROZ;;;274;;Colisão Lateral;Luz do Dia;Bom;Seca;Meio de Quadra;Não Há Controle;Residencial;0;0;2;1;0;0;0;0;0;1;0;0;-38,504536;-3,794416;;;
252590;22;6;2015;16:00;0;AV GAL OSORIO DE PAIVA;;;420;;Colisão Traseira;Luz do Dia;Bom;Seca;Meio de Quadra;Outros;Misto;0;0;2;1;0;0;0;0;0;0;0;0;-38,566760;-3,775801;;;
252591;22;6;2015;16:30;0;AV BEZERRA DE MENEZES;;;2695;;Colisão Lateral;Luz do Dia;Bom;Seca;Meio de Quadra;;Comercial;0;0;2;1;0;0;1;0;0;0;0;0;;;;;
252536;23;6;2015;09:10;0;AV DOS JANGADEIROS;;;620;;Colisão Lateral;Luz do Dia;Bom;Seca;Meio de Quadra;Não Há Controle;Residencial;0;0;2;1;0;0;1;0;0;0;0;0;;;;;
252540;23;6;2015;07:10;7907;AV PONTES VIEIRA;RUA VICENTE LEITE;;;;Colisão Transversal;Luz do Dia;Bom;Seca;Cruz;Semáforo;Comercial;0;0;2;1;0;0;0;0;0;0;0;0;-38,500282;-3,751180;;;
252541;23;6;2015;16:48;7846;RUA JULIO SIQUEIRA;RUA JOSE VILAR;;;;Colisão Transversal;Anoitecer;Bom;Seca;Cruz;Pare;Residencial;0;0;2;1;0;0;0;0;0;0;0;0;-38,509103;-3,749493;;;
252542;23;6;2015;09:00;0;AV JOR THOMAZ COELHO;;;;;Atropelamento;Luz do Dia;Bom;Seca;Outros;Não Há Controle;Outros;0;2;0;0;0;0;0;0;0;1;0;0;;;;;
252525;23;6;2015;09:00;3420;AV JOAO PESSOA;RUA DES PRAXEDES;;;;Colisão Traseira;Luz do Dia;Bom;Seca;Cruz;Semáforo;Comercial;0;1;1;1;0;0;0;0;0;0;0;0;-38,553504;-3,756946;;;
252520;23;6;2015;11:30;25697;RUA JOAO CORDEIRO;RUA ROCHA LIMA;;;;Colisão Lateral;Luz do Dia;Bom;Seca;Cruz;Pare;Residencial;0;0;2;1;0;0;0;0;0;0;0;0;-38,517275;-3,738000;;;
252531;23;6;2015;14:20;11281;AV GODOFREDO MACIEL;RUA RUBENS MONTE D43;;;;Colisão Traseira;Luz do Dia;Bom;Seca;T;Não Há Controle;Comercial;0;0;2;1;1;0;0;0;0;0;0;0;-38,570810;-3,799374;;;
252532;23;6;2015;10:00;0;RUA PRO EDUARDO BARROS LEAL;;;77;;Colisão Traseira;Luz do Dia;Bom;Seca;Meio de Quadra;Pare;Residencial;0;0;2;1;0;0;0;0;0;0;0;0;-38,563526;-3,734784;;;
252533;23;6;2015;13:40;0;AV DES MOREIRA;;;;;Colisão Traseira;Luz do Dia;Nublado;Seca;Meio de Quadra;Semáforo;Comercial;0;0;2;1;0;0;0;0;0;0;0;0;;;;;
252534;23;6;2015;14:00;0;RUA NEREU RAMOS;;;60;;Colisão Traseira;Luz do Dia;Nublado;Molhada;Meio de Quadra;Semáforo;Comercial;0;0;2;1;1;0;0;0;0;0;0;0;-38,567490;-3,786999;;;
252528;23;6;2015;09:40;8050;AV JOAO PESSOA;RUA DONDON FEITOSA;;;;Colisão Transversal;Luz do Dia;Bom;Seca;T;Pare;Comercial;0;0;2;1;0;0;0;0;0;1;0;0;-38,551359;-3,754529;;;
252483;23;6;2015;16:00;0;RUA PEDRO PEREIRA;;;383;;;Luz do Dia;Bom;Seca;Meio de Quadra;Não Há Controle;Comercial;0;0;2;1;0;0;0;0;0;0;0;0;-38,528874;-3,729604;;;
252473;23;6;2015;19:50;23045;AV DR SILAS MUNGUBA;RUA MALMEQUER;;;;Colisão Lateral;Via Iluminada;Chuva;Molhada;Cruz;Semáforo;Comercial;0;1;1;0;1;0;0;0;0;1;0;0;-38,538571;-3,790980;;;
252489;23;6;2015;09:15;0;RUA CARLOS AMORA;;;;IGREJA DA PARANGABA;Colisão Lateral;Luz do Dia;Bom;Seca;Meio de Quadra;Pare;Comercial;0;0;2;0;1;0;1;0;0;0;0;0;;;;;
252490;23;6;2015;08:40;0;AV AGUANAMBI;;;;ROTATÓRIA;Outros;Luz do Dia;Bom;Seca;Meio de Quadra;Semáforo;Residencial;0;2;0;0;0;0;0;0;0;1;0;0;-38,523043;-3,755538;;;
252492;23;6;2015;16:48;25976;AV ENG JOSÉ GUIMARÃES;AV DEP JOAQUIM F CORREIA;;;;Colisão Lateral;Luz do Dia;Bom;Seca;Cruz;Não Há Controle;Residencial;0;2;0;1;0;0;0;0;0;1;0;0;;;;;
252493;23;6;2015;16:00;706;AV DR THEBERGE;RUA ACUCENA;;;;Colisão Traseira;Luz do Dia;Nublado;;Duplo T;Não Há Controle;Comercial;0;0;2;1;0;0;0;0;0;1;0;0;-38,566788;-3,720185;;;
252494;23;6;2015;12:00;14606;AV JOSE LEON;RUA GAL CAIADO DE CASTRO;;;;Colisão Transversal;Luz do Dia;Bom;Seca;T;Pare;Residencial;0;0;2;1;0;0;0;0;0;0;0;0;;;;;
252495;23;6;2015;09:30;8050;AV JOAO PESSOA;RUA DONDON FEITOSA;;;;Colisão;Luz do Dia;Bom;Seca;T;Pare;Comercial;0;1;1;1;0;0;0;0;0;1;0;0;-38,551359;-3,754529;;;
252496;23;6;2015;08:00;0;RUA DIOGO CORREIA;;;;;Colisão Transversal;Luz do Dia;Bom;Seca;Meio de Quadra;Não Há Controle;Residencial;0;1;1;1;0;0;0;0;0;1;0;0;;;;;
252497;23;6;2015;08:45;15189;AV ABOLICAO;RUA FRE MANSUETO;;;;Colisão Lateral;Luz do Dia;Bom;Seca;;Semáforo;Comercial;0;0;2;1;0;0;0;1;0;0;0;0;-38,489324;-3,726368;;;
252514;23;6;2015;17:30;7762;AV ANTONIO SALES;RUA NUNES VALENTE;;;;Colisão Transversal;Via Iluminada;Bom;Seca;Cruz;Pare;;0;0;2;1;0;0;0;0;0;0;0;0;-38,506314;-3,744237;;;
252509;23;6;2015;12:15;0;RUA DES LEITE ALBUQUERQUE;;;;;Outros;Luz do Dia;Bom;Seca;Meio de Quadra;Não Há Controle;Comercial;0;0;2;1;0;0;0;0;0;0;0;0;;;;;
252502;23;6;2015;06:00;0;AV EDILSON B SOARES;;;;;Outros;Luz do Dia;Bom;Seca;Meio de Quadra;Outros;Residencial;0;2;1;1;0;1;0;0;0;0;0;0;;;;;
252476;23;6;2015;16:10;0;AV GODOFREDO MACIEL;;;86;ASSAI;Colisão Traseira;Luz do Dia;Bom;Seca;Meio de Quadra;Não Há Controle;Comercial;0;0;2;1;0;0;0;0;0;0;0;0;-38,563941;-3,776991;;;
252477;23;6;2015;19:55;0;AV SEN FERNANDES TAVORA;;;;JOCKEY;Colisão Traseira;Via Iluminada;Chuva;Molhada;Meio de Quadra;Não Há Controle;Comercial;0;0;2;1;0;0;0;0;0;0;0;0;;;;;
252478;23;6;2015;09:00;0;RUA PDE VALDEVINO;;;526;;Colisão Lateral;Luz do Dia;Bom;Seca;Meio de Quadra;Semáforo;Comercial;0;0;2;0;1;0;0;0;0;0;0;0;-38,519378;-3,738326;;;
252479;23;6;2015;08:50;0;AV PRS COSTA E SILVA;;;;;Colisão Lateral;Luz do Dia;Bom;Seca;Meio de Quadra;Semáforo;Industrial;0;1;1;0;0;0;0;0;0;1;0;0;;;;;
252480;23;6;2015;11:00;0;RUA JOAQUIM TORRES;;;1072;;Outros;Luz do Dia;Nublado;Molhada;Meio de Quadra;Não Há Controle;Comercial;0;0;2;1;0;0;0;0;0;0;0;0;;;;;
273383;23;6;2015;06:00;0;AV ZEZE DIOGO;;;4111;BIRUTA;Queda;Luz do Dia;;;Meio de Quadra;;;1;0;0;0;0;1;0;0;0;0;0;0;-38,452857;-3,740175;;;
262822;23;6;2015;11:03;0;RUA TEN MOACIR MATOS;;;;;Colisão;Luz do Dia;;;Meio de Quadra;;;0;0;2;0;0;0;1;0;0;0;0;0;;;;;
262824;23;6;2015;19:36;0;RUA PDE PEDRO DE ALENCAR;;;;;Colisão;;;;Meio de Quadra;;;0;0;2;1;0;0;0;1;0;0;0;0;;;;;
263828;23;6;2015;02:20;0;RUA COS TRISTAO;;;;;Choque c/ Obstáculo Fixo;;;;Meio de Quadra;;;0;1;0;0;0;0;0;0;0;0;0;0;;;;;
269136;23;6;2015;08:11;19533;RUA NEREU RAMOS;AV GAL OSORIO DE PAIVA;;;;Colisão;Luz do Dia;;;Cruz;Semáforo;Comercial;0;0;2;0;0;0;0;0;0;0;0;0;-38,576828;-3,782196;;;
269131;23;6;2015;07:56;0;RUA JOSE TORRES;;;;;Colisão;Luz do Dia;;;Meio de Quadra;;;0;0;2;0;0;0;0;0;0;0;0;0;;;;;
269141;23;6;2015;08:12;24990;AV PRS COSTA E SILVA;AV PRS JUSCELINO KUBITSCHEK (PASSARÉ);;;;Colisão;Luz do Dia;;;T;Semáforo;Residencial;0;0;3;0;0;0;0;0;0;0;0;0;-38,539516;-3,825648;;;
269146;23;6;2015;08:21;0;AV ALBERTO CRAVEIRO;;;;;Colisão;Luz do Dia;;;Meio de Quadra;;;0;0;2;0;0;0;0;0;0;0;0;0;;;;;
269149;23;6;2015;10:50;0;RUA PERGENTINO MAIA;;;;;Atropelamento;Luz do Dia;;;Meio de Quadra;;;0;0;2;0;0;0;0;0;0;0;0;0;;;;;
269154;23;6;2015;10:53;15804;RUA PERGENTINO MAIA;RUA ANTONINO BARROS;;;;Colisão;Luz do Dia;;;Cruz;Pare;Comercial;0;1;1;1;0;0;0;0;0;1;0;0;-38,488977;-3,831390;;;
269158;23;6;2015;15:15;25107;RUA JOAQUIM ALBANO;RUA DEMETRIO MENEZES;;;;Colisão;Luz do Dia;;;Duplo T;Pare;Comercial;0;0;2;0;0;0;0;0;0;0;0;0;-38,584096;-3,735910;;;
269160;23;6;2015;13:28;0;AV DR THEBERGE;;;;;Colisão;Luz do Dia;;;Meio de Quadra;;;0;0;2;0;0;0;0;0;0;0;0;0;;;;;
269163;23;6;2015;15:51;0;AV FRANCISCO SA;;;3700;BCO. BRADESCO;Colisão;Luz do Dia;;;Meio de Quadra;;;0;0;2;0;0;0;0;0;0;0;0;0;-38,558134;-3,717113;;;
259425;23;6;2015;17:00;0;AV SEN CARLOS JEREISSATI (AEROPORTO);;;;KM 02;Colisão;Via Iluminada;;Seca;Meio de Quadra;;;0;0;2;1;0;0;0;0;0;0;0;0;-38,529156;-3,783932;;;
259426;23;6;2015;18:00;0;RD CE-040;;;;KM-04;Colisão;Via Iluminada;;Seca;Meio de Quadra;;;0;0;2;1;0;0;0;0;0;1;0;0;-38,480251;-3,792050;;;
269167;23;6;2015;16:35;0;RUA PEDRO I;;;;;Colisão;Luz do Dia;;;Meio de Quadra;;;0;0;2;0;0;0;0;0;0;0;0;0;;;;;
269172;23;6;2015;18:54;0;RUA DA SAUDADE;;;;;;;;;Meio de Quadra;;;0;0;2;0;0;0;0;0;0;0;0;0;;;;;
269169;23;6;2015;17:09;0;AV ENG ALBERTO SA;;;;;Atropelamento;Anoitecer;;;Meio de Quadra;;;0;0;2;0;0;0;0;0;0;0;0;0;;;;;
269170;23;6;2015;17:13;0;RUA VALPARAISO;;;;;Colisão;Anoitecer;;;Meio de Quadra;;;0;1;1;1;0;0;0;0;0;1;0;0;;;;;
269178;23;6;2015;19:14;0;AV DOS EXPEDICIONARIOS;;;;;Queda;;;;Meio de Quadra;;;0;0;2;0;0;0;0;0;0;0;0;0;;;;;
269180;23;6;2015;20:19;0;RUA SAO FRANCISCO D21;;;;;Colisão;;;;Meio de Quadra;;;0;0;2;0;0;0;0;0;0;0;0;0;;;;;
274011;23;6;2015;06:41;0;AV EDILSON B SOARES;;;;;Queda;Luz do Dia;;;Meio de Quadra;;;0;1;0;0;0;1;0;0;0;0;0;0;;;;;
274013;23;6;2015;06:51;25116;AV ROGACIANO LEITE;RUA PDE FRANCISCO PITA;;;;Colisão;Luz do Dia;;;Cruz;Pare;Comercial;0;1;0;1;0;0;0;0;0;1;0;0;-38,501766;-3,780960;;;
274014;23;6;2015;07:22;0;RUA NEREU RAMOS;;;;;Colisão;Luz do Dia;;;Meio de Quadra;;;0;1;0;1;0;0;0;0;0;1;0;0;-38,575766;-3,782980;;;
274016;23;6;2015;07:42;0;AV SEN CARLOS JEREISSATI (AEROPORTO);;;;;Queda;Luz do Dia;;;Meio de Quadra;;;0;1;0;0;0;0;0;0;0;1;0;0;;;;;
274017;23;6;2015;08:00;0;AV JOAO PESSOA;;;;;Colisão;Luz do Dia;;;Meio de Quadra;;;0;1;0;1;0;0;0;0;0;1;0;0;-38,551131;-3,754275;;;
274019;23;6;2015;08:48;0;RUA ANTONIO ARRUDA;;;;;Colisão;Luz do Dia;;;Meio de Quadra;;;0;1;0;1;0;1;0;0;0;0;0;0;-38,590880;-3,709344;;;
274020;23;6;2015;08:54;0;RUA CONRADO CABRAL;;;;;Colisão;Luz do Dia;;;Meio de Quadra;;;0;1;0;1;0;0;0;0;0;0;0;0;-38,549429;-3,729228;;;
274021;23;6;2015;12:47;0;AV DOMINGOS OLIMPIO;;;;;Queda;Luz do Dia;;;Meio de Quadra;;;0;1;0;0;0;0;0;0;0;1;0;0;;;;;
274027;23;6;2015;16:04;0;AV JOSE BASTOS;;;3786;BANCO DO BRASIL;Queda;Luz do Dia;;;Meio de Quadra;;;0;1;0;0;0;0;0;0;0;1;0;0;-38,552141;-3,751658;;;
274033;23;6;2015;18:20;15722;RUA DR JOAQUIM BENTO;RUA MEM DE SA;;;;Colisão;Anoitecer;;;T;Semáforo;Outros;0;1;0;0;0;0;0;0;0;0;0;0;-38,485446;-3,828294;;;
274034;23;6;2015;19:02;0;RUA BERNARDO MANUEL;;;;;Queda;;;;Meio de Quadra;;;0;1;0;0;0;0;0;0;0;1;0;0;;;;;
274040;24;6;2015;05:17;0;AV MR HULL;;;;;Colisão;Amanhecer;;;Meio de Quadra;;;0;1;0;1;0;0;0;0;0;1;0;0;-38,589985;-3,739434;;;
274042;24;6;2015;06:03;12925;AV ANTONIO SALES;AV AGUANAMBI;;;;Colisão;Luz do Dia;;;;;;0;1;0;1;0;0;0;0;0;0;0;0;-38,524628;-3,738683;;;
274043;24;6;2015;06:35;15139;RUA BAR ARACATI;AV MON TABOSA;;;;Colisão;Luz do Dia;;;Cruz;Pare;Comercial;0;1;0;1;0;0;0;0;0;1;0;0;-38,509158;-3,724226;;;
274045;24;6;2015;07:24;0;AV PERIMETRAL;;;;;Colisão;Luz do Dia;;;Meio de Quadra;;;0;1;0;1;0;1;0;0;0;0;0;0;;;;;
269183;24;6;2015;09:08;0;RUA MARIO STUDART;;;;;Colisão;Luz do Dia;;;Meio de Quadra;;;0;0;2;0;0;0;0;0;0;0;0;0;;;;;
269186;24;6;2015;09:10;0;RUA EMILIA GONCALVES;;;;;Colisão;Luz do Dia;;;Meio de Quadra;;;0;0;2;0;0;0;0;0;0;0;0;0;;;;;
269189;24;6;2015;11:10;0;RUA 105 CJ TUPAN MIRIM;;;;;Colisão;Luz do Dia;;;Meio de Quadra;;;0;0;2;0;0;0;0;0;0;0;0;0;;;;;
269193;24;6;2015;11:11;0;AV PRO GOMES DE MATOS;;;;;Colisão;Luz do Dia;;;Meio de Quadra;;;0;0;2;0;0;0;0;0;0;0;0;0;;;;;
269199;24;6;2015;12:35;2326;AV PRS CASTELO BRANCO;RUA SEN ROBERT KENNEDY;;;;Colisão;Luz do Dia;;;Cruz;Semáforo;Residencial;0;0;2;0;0;0;0;0;0;0;0;0;-38,579042;-3,704117;;;
269200;24;6;2015;15:03;0;AV MOZART PINHEIRO DE LUCENA;;;;;Colisão;Luz do Dia;;;;;;0;0;2;0;0;0;0;0;0;0;0;0;;;;;