COD_ACIDENTE;DIA;MES;ANO;HORA;INTERSECAO;LOG1;LOG2;LOG3;NUMERO;REFERENCIA;NATUREZA;ILUMINACAO;TEMPO;SUPERFICIEPISTA;TIPOCRUZAMENTO;CONTROLETRAFEGO;USOSOLO;MORTOS;FERIDOS;ILESOS;AUTOMOVEL;ONIBUS;BICICLETA;CAMINHAO;MICROONIBUS;CICLOMOTOR;MOTOCICLETA;TRACAOANIMAL;TREM;LONG;LAT;;;
269201;24;6;2015;15:35;0;RUA ALBERTO MAGNO;;;;;Atropelamento;Luz do Dia;;;Meio de Quadra;;;0;1;1;1;0;0;0;0;0;0;0;0;-38,548900;-3,763666;;;
269202;24;6;2015;16:54;0;RUA BERNARDO PORTO;;;;;Colisão;Luz do Dia;;;Meio de Quadra;;;0;0;2;0;0;0;0;0;0;0;0;0;;;;;
269203;24;6;2015;16:54;0;AV DOM MANUEL;;;;;Atropelamento;Luz do Dia;;;;;;0;0;2;0;0;0;0;0;0;0;0;0;;;;;
269204;24;6;2015;16:54;0;AV DOM MANUEL;;;;;Atropelamento;Luz do Dia;;;Meio de Quadra;;;0;0;2;0;0;0;0;0;0;0;0;0;;;;;
269205;24;6;2015;17:23;0;AV DIOGUINHO;;;;;Colisão;Anoitecer;;;;;;0;1;1;0;0;0;0;0;0;0;0;0;;;;;
269196;24;6;2015;11:13;0;RUA PDE PEDRO DE ALENCAR;;;;;Colisão;Luz do Dia;;;Meio de Quadra;;;0;0;2;0;0;0;0;0;0;0;0;0;;;;;
269207;24;6;2015;21:39;23688;RUA GABRIEL FIUZA;RUA DR ESTENIO GOMES;;;;Colisão;;;;;;;0;0;2;0;0;0;0;0;0;0;0;0;-38,579286;-3,787655;;;
269212;24;6;2015;20:53;0;RUA JOAQUIM LIMA;;;;;Colisão;;;;Meio de Quadra;;;0;0;2;0;0;0;0;0;0;0;0;0;;;;;
269213;24;6;2015;18:52;22092;AV JOSE BASTOS;RUA VALDEMIRO CAVALCANTE;;;;Colisão;;;;;;;0;0;2;0;0;0;0;0;0;0;0;0;-38,553400;-3,752938;;;
269214;24;6;2015;19:46;0;AV JOSE BASTOS;;;;;Colisão;;;;Meio de Quadra;;;0;1;1;0;0;0;0;0;0;0;0;0;-38,564999;-3,761363;;;
269216;24;6;2015;20:43;0;AV DEP PAULINO ROCHA;;;;;Colisão;;;;Meio de Quadra;;;0;0;2;0;0;0;0;0;0;0;0;0;;;;;
269217;24;6;2015;20:47;14786;RUA STA LIDUINA D42;RUA JOAO AMORA;;;;Colisão;;;;Cruz;Pare;Residencial;0;0;2;0;0;0;0;0;0;0;0;0;-38,585104;-3,799663;;;
269209;24;6;2015;18:21;0;AV PRS CASTELO BRANCO;;;;;Colisão;Anoitecer;;;Meio de Quadra;;;0;0;2;0;0;0;0;0;0;0;0;0;;;;;
269210;24;6;2015;18:22;0;RUA JOSE MENDONCA;;;;;Colisão;Anoitecer;;;Meio de Quadra;;;0;0;2;0;0;0;0;0;0;0;0;0;;;;;
269221;24;6;2015;02:00;3420;AV JOAO PESSOA;RUA DES PRAXEDES;;;;Colisão;;;;Cruz;Semáforo;Comercial;0;0;2;0;0;0;0;0;0;0;0;0;-38,553504;-3,756946;;;
263840;24;6;2015;16:17;4224;RUA ARISTOTELES BEZERRA;RUA BERNARDO PORTO;;;;Colisão;Luz do Dia;;;Cruz;Não Há Controle;Comercial;1;1;1;1;0;0;0;0;0;1;0;0;-38,557553;-3,719838;;;
263837;24;6;2015;16:35;121;RUA RUI MONTE;RUA CEL JOAQUIM FRANKLIN;;;;Colisão;Luz do Dia;;;;;;1;0;1;1;0;0;0;0;0;1;0;0;-38,587330;-3,742326;;;
274050;24;6;2015;08:17;7765;RUA DOM EXPEDITO LOPES;RUA TIBURCIO CAVALCANTE;;;;Colisão;Luz do Dia;;;Cruz;Pare;Residencial;0;1;0;0;0;0;0;0;0;0;0;0;-38,505097;-3,743802;;;
274051;24;6;2015;13:17;12699;AV CEL CARVALHO;AV MAJ ASSIS;;;;Colisão;Luz do Dia;;;Cruz;Semáforo;Residencial;0;1;0;1;0;0;0;0;0;1;0;0;-38,586255;-3,723796;;;
274052;24;6;2015;14:38;0;RUA CESAR ROSSAS;;;;;Colisão;Luz do Dia;;;Meio de Quadra;;;0;1;0;0;0;0;0;0;0;1;0;0;-38,552765;-3,768582;;;
274057;24;6;2015;15:55;0;RUA OSCAR FRANCA;;;;;Queda;Luz do Dia;;;Meio de Quadra;;;0;1;0;0;0;1;0;0;0;0;0;0;-38,619667;-3,785561;;;
274061;24;6;2015;16:56;0;AV PRS CASTELO BRANCO;;;;;Atropelamento;Luz do Dia;;;Meio de Quadra;;;0;1;0;0;0;0;0;0;0;1;0;0;;;;;
274062;24;6;2015;18:18;0;AV TRISTAO GONCALVES;;;;;Colisão;Anoitecer;;;Meio de Quadra;;;0;1;0;1;0;0;0;0;0;1;0;0;;;;;
274063;24;6;2015;18:21;0;AV N CJ JOSE WALTER;;;;;Colisão;Anoitecer;;;Meio de Quadra;;;0;1;0;1;0;0;0;0;0;1;0;0;;;;;
274064;24;6;2015;18:39;0;RUA GUSTAVO SAMPAIO;;;;;Queda;;;;Meio de Quadra;;;0;1;0;0;0;0;0;0;0;1;0;0;-38,556785;-3,735326;;;
274065;24;6;2015;18:51;0;RUA TRES CORACOES;;;;;Atropelamento;;;;Meio de Quadra;;;0;1;0;0;0;0;0;0;0;0;0;0;;;;;
274067;24;6;2015;20:17;0;AV DEP PAULINO ROCHA;;;;;Colisão;;;;Meio de Quadra;;;0;1;0;0;0;0;0;0;0;1;0;0;;;;;
262829;24;6;2015;10:38;0;RUA JULIO VERNE;;;;;Colisão;Luz do Dia;;;Meio de Quadra;;;0;0;2;1;0;0;0;0;0;0;0;0;;;;;
262833;24;6;2015;13:52;0;AV DEP PAULINO ROCHA;;;;;Colisão;Luz do Dia;;;Meio de Quadra;;;0;0;2;0;0;0;1;0;0;0;0;0;;;;;
262837;24;6;2015;18:24;0;AV ABOLICAO;;;;;Colisão;Anoitecer;;;Meio de Quadra;;;0;0;2;1;0;0;0;0;0;0;0;0;;;;;
262840;24;6;2015;18:31;25067;AV DOS EXPEDICIONARIOS;RUA DES PRAXEDES;;;;Colisão;;;;;Outros;Misto;0;0;2;1;0;0;0;0;0;0;0;0;-38,540839;-3,763679;;;
252595;24;6;2015;09:00;23453;RUA PAULO FIRMEZA;RUA CAP MELO;;;;Colisão Lateral;Luz do Dia;Bom;Seca;Cruz;Pare;Residencial;0;1;1;1;0;0;0;0;0;1;0;0;-38,512966;-3,757131;;;
252596;24;6;2015;08:00;0;RUA JACINTO MATOS;;;944;;Colisão Traseira;Luz do Dia;Bom;Seca;Meio de Quadra;Não Há Controle;Residencial;0;1;1;1;0;0;0;0;0;1;0;0;;;;;
252598;24;6;2015;13:30;5076;RUA DR JOAO MOREIRA;RUA SEN POMPEU;;;;Colisão Traseira;Luz do Dia;Bom;Seca;Cruz;Semáforo Intermitente;Comercial;0;0;2;1;1;0;0;0;0;0;0;0;-38,528275;-3,722400;;;
252599;24;6;2015;17:40;0;AV BEZERRA DE MENEZES;;;;;Colisão Lateral;Luz do Dia;Bom;Seca;Meio de Quadra;Semáforo Intermitente;Comercial;0;0;2;1;0;0;1;0;0;0;0;0;;;;;
252600;24;6;2015;17:50;5099;AV TRISTAO GONCALVES;RUA SEN ALENCAR;;;;Colisão Transversal;Anoitecer;Bom;Seca;Cruz;Pare;Comercial;1;0;1;0;1;0;0;0;0;1;0;0;-38,532122;-3,723524;;;
252606;24;6;2015;13:30;12892;AV DOMINGOS OLIMPIO;RUA BAR RIO BRANCO;;;;Colisão Traseira;Luz do Dia;Bom;Seca;Cruz;Semáforo;Comercial;0;0;2;1;0;0;0;0;0;0;0;0;-38,531494;-3,736579;;;
252607;24;6;2015;16:10;0;AV JOAO PESSOA;;;4408;;Colisão Traseira;Luz do Dia;Bom;Seca;Meio de Quadra;Não Há Controle;Comercial;0;0;2;1;0;0;1;0;0;0;0;0;-38,548815;-3,751707;;;
252608;24;6;2015;13:30;3205;RUA CARLOS CHAGAS;RUA THOMPSON GONCALVES;;;;Colisão Transversal;Luz do Dia;Bom;Seca;Cruz;Pare;Comercial;0;1;1;0;0;0;0;0;1;0;0;0;-38,582303;-3,780970;;;
252609;24;6;2015;16:00;0;AV JOAO PESSOA;;;3912;;;Luz do Dia;Bom;Seca;Meio de Quadra;;;0;0;2;1;0;0;0;0;0;1;0;0;-38,545753;-3,748309;;;
252616;24;6;2015;06:30;12926;AV ANTONIO SALES;AV VIS RIO BRANCO;;;;Colisão Lateral;Luz do Dia;Bom;Seca;Cruz;Semáforo Intermitente;Comercial;0;0;2;1;0;0;0;0;0;0;0;0;-38,523589;-3,738574;;;
252637;24;6;2015;15:50;15327;AV SEN VIRGILIO TAVORA;RUA ANA BILHAR;;;;Colisão Lateral;Via Iluminada;Bom;Seca;Cruz;Semáforo;Comercial;0;1;1;1;0;0;0;0;0;1;0;0;-38,491262;-3,730893;;;
252638;24;6;2015;21:00;10405;RUA JOSE MENDONCA;AV GENIBAU;;;;Colisão Lateral;Via Iluminada;Bom;Seca;Duplo T;Pare;Misto;0;0;3;0;1;0;0;0;0;1;0;0;-38,602771;-3,760237;;;
252639;24;6;2015;13:30;13334;AV L CJ JOSE WALTER;AV H CJ JOSE WALTER;;;;Colisão Transversal;Luz do Dia;Bom;Seca;Cruz;Pare;Residencial;0;1;2;1;0;0;0;0;0;0;0;0;-38,560432;-3,840720;;;
252602;24;6;2015;06:30;5051;RUA SEN POMPEU;RUA SEN JAGUARIBE;;;;Colisão Transversal;Luz do Dia;Bom;Seca;Cruz;Pare;Comercial;0;1;1;1;0;0;0;0;0;1;0;0;-38,528055;-3,721667;;;
252603;24;6;2015;10:24;0;RUA JUSTINIANO DE SERPA;;;115;;Colisão Lateral;Luz do Dia;Bom;Seca;Meio de Quadra;Pare;Residencial;0;0;2;1;0;0;1;0;0;0;0;0;-38,542654;-3,732114;;;
252625;24;6;2015;17:30;17289;RUA ALFREDO DE CASTRO;RUA EDITE BRAGA;;;;Atropelamento;Via Iluminada;Bom;Seca;Cruz;Pare;Residencial;0;1;1;1;0;0;0;0;0;0;0;0;-38,549658;-3,763213;;;
252627;24;6;2015;07:00;5283;AV DOM MANUEL;AV SANTOS DUMONT;;;;Colisão Lateral Sentido Oposto;Luz do Dia;Bom;Seca;Cruz;Semáforo;Comercial;0;1;1;1;0;0;0;0;0;1;0;0;-38,521250;-3,728774;;;
252613;24;6;2015;08:30;0;AV I CJ JOSE WALTER;;;780;;Colisão Lateral;Luz do Dia;Bom;Seca;Meio de Quadra;Não Há Controle;Residencial;0;1;2;0;0;0;0;0;0;1;0;0;-38,552456;-3,830789;;;
252641;24;6;2015;07:30;3419;AV JOAO PESSOA;RUA MIGUEL GONCALVES;;;;Colisão Transversal;Luz do Dia;Bom;Seca;Cruz;Pare;Residencial;0;1;1;0;1;0;0;0;0;1;0;0;-38,555080;-3,758710;;;
252645;24;6;2015;10:00;0;RUA BRI TORRES;;;1395;;Colisão Transversal;Luz do Dia;Bom;Seca;Meio de Quadra;Outros;Residencial;0;1;1;1;0;0;0;0;0;1;0;0;;;;;
252646;24;6;2015;09:00;25144;RUA PRO HERIBALDO COSTA;RUA CEL MATOS DOURADO;;;;Colisão Lateral;Luz do Dia;Bom;Seca;Outros;Semáforo;Misto;0;0;2;1;0;0;0;0;0;0;0;0;-38,582309;-3,753427;;;
252647;24;6;2015;11:10;0;AV VIS RIO BRANCO;;;3556;;Colisão Lateral;Luz do Dia;Bom;Seca;Meio de Quadra;Não Há Controle;Comercial;0;0;2;1;0;0;1;0;0;0;0;0;-38,520724;-3,752333;;;
252648;24;6;2015;14:00;1324;RUA DR JOSE LOURENCO;RUA TORRES CAMARA;;;;Colisão Transversal;Luz do Dia;Bom;Seca;Cruz;Pare;Comercial;0;0;3;0;0;0;0;0;0;1;0;0;-38,508053;-3,735281;;;
252650;24;6;2015;14:30;0;AV TRISTAO GONCALVES;;;1345;;Colisão Lateral;Luz do Dia;Bom;Seca;Meio de Quadra;Semáforo;Comercial;0;0;2;1;0;0;0;0;0;1;0;0;;;;;
252651;24;6;2015;09:50;15258;RUA PEREIRA FILGUEIRAS;RUA ANTONIO AUGUSTO;;;;Colisão Transversal;Luz do Dia;Bom;Seca;Cruz;Pare;Comercial;0;0;2;1;0;0;0;0;0;0;0;0;-38,512866;-3,728380;;;
252652;24;6;2015;18:00;0;RUA BERNARDO MANUEL;;;1054;;Colisão Traseira;Via Iluminada;Bom;Seca;Meio de Quadra;Outros;Comercial;0;1;1;1;0;0;0;0;0;1;0;0;;;;;
252654;24;6;2015;10:30;5185;RUA LIBERATO BARROSO;RUA TEREZA CRISTINA;;;;Colisão Transversal;Luz do Dia;Bom;Seca;Cruz;Pare;Comercial;0;0;2;1;0;0;0;0;0;0;0;0;-38,536404;-3,725833;;;
252655;24;6;2015;11:00;0;AV ROGACIANO LEITE;;;900;;Colisão Lateral;Luz do Dia;Bom;Seca;Meio de Quadra;Outros;Residencial;0;0;4;1;0;0;1;0;0;0;0;0;-38,495042;-3,764269;;;
252662;24;6;2015;14:50;3809;AV CARAPINIMA;RUA PDE FRANCISCO PINTO;;;;Colisão Lateral;Luz do Dia;Bom;Seca;Cruz;Semáforo Intermitente;Comercial;0;0;2;1;0;0;0;0;0;1;0;0;-38,541958;-3,741723;;;
252658;24;6;2015;17:00;0;RUA VINTE E CINCO DE MARCO;;;425;;Colisão Lateral;Anoitecer;Bom;Seca;Meio de Quadra;Não Há Controle;Comercial;0;1;1;1;0;0;0;0;0;1;0;0;-38,521972;-3,727644;;;
252659;24;6;2015;11:00;7805;RUA OSVALDO CRUZ (ALDEOTA);RUA FRANCISCO HOLANDA;;;;Colisão Transversal;Luz do Dia;Bom;Seca;Cruz;Pare;Comercial;0;1;1;1;0;0;0;0;0;1;0;0;-38,504543;-3,748713;;;
252660;24;6;2015;16:00;15138;AV HIS RAIMUNDO GIRAO;RUA ANTONIO LIMA;;;;Colisão Lateral;Luz do Dia;Bom;Seca;Duplo T;Não Há Controle;Misto;0;0;2;1;0;0;0;0;0;1;0;0;-38,504023;-3,724196;;;
252643;24;6;2015;07:00;15227;AV ABOLICAO;AV DES MOREIRA;;;;Colisão Lateral;Luz do Dia;Bom;Seca;Cruz;Semáforo;Comercial;0;0;2;1;1;0;0;0;0;0;0;0;-38,495474;-3,727331;;;
267424;24;6;2015;07:50;0;RUA VALPARAISO;;;608;;Colisão;Luz do Dia;;;Meio de Quadra;;;1;1;1;0;0;0;0;0;0;1;0;0;-38,525780;-3,844210;;;
252543;25;6;2015;15:00;5692;AV DES GONZAGA;RUA MARGARIDA DE QUEIROZ;;;;Colisão Transversal;;Nublado;Seca;Cruz;Pare;Comercial;0;1;1;1;0;0;0;0;0;1;0;0;-38,501753;-3,793168;;;
252544;25;6;2015;18:20;0;AV AGUANAMBI;;;;ROTATÓRIA;Colisão Lateral;Anoitecer;Nublado;;Meio de Quadra;Semáforo;Comercial;0;0;2;1;0;0;0;0;0;0;0;0;-38,523043;-3,755538;;;
252545;25;6;2015;20:30;7403;AV SEN FERNANDES TAVORA;RUA ARACAJU;;;;Engavetamento;Anoitecer;Nublado;Molhada;Cruz;Outros;Comercial;0;1;2;1;0;0;0;0;0;1;0;0;-38,587377;-3,759398;;;
252546;25;6;2015;08:40;0;RUA CEL FRANCISCO PEREIRA (MESSEJANA);;;;;Colisão Traseira;Luz do Dia;Bom;Seca;Meio de Quadra;Não Há Controle;Comercial;0;0;2;1;0;0;0;0;0;0;0;0;;;;;
252547;25;6;2015;19:40;0;AV PRS COSTA E SILVA;;;1726;;Colisão Transversal;Via Iluminada;Bom;Seca;Meio de Quadra;Não Há Controle;Residencial;0;0;2;1;0;0;0;0;0;0;0;0;-38,566140;-3,817247;;;
252548;25;6;2015;13:50;7765;RUA TIBURCIO CAVALCANTE;RUA DOM EXPEDITO LOPES;;;;Atropelamento;Luz do Dia;Bom;Seca;Cruz;Pare;Residencial;0;1;1;1;0;0;0;0;0;0;0;0;-38,505097;-3,743802;;;
252549;25;6;2015;11:10;7790;AV DES MOREIRA;AV PONTES VIEIRA;;;;;Luz do Dia;Bom;Seca;Cruz;Semáforo;Comercial;0;1;1;1;0;0;0;0;0;1;0;0;-38,503254;-3,751526;;;
252550;25;6;2015;19:30;12440;AV AUGUSTO DOS ANJOS;ET PICI;;;;Colisão Transversal;Via Iluminada;Nublado;Seca;Cruz;Pare;Comercial;0;0;3;1;0;0;0;0;0;0;0;0;-38,571749;-3,771936;;;
252551;25;6;2015;15:20;9131;AV 13 DE MAIO;RUA BAR ARATANHA;;;;Colisão Traseira;Luz do Dia;Bom;Seca;Cruz;Semáforo;Comercial;0;1;1;1;0;0;0;0;0;0;0;0;-38,531331;-3,747615;;;
252559;25;6;2015;20:40;19755;RUA JOSE PONTES;RUA GUSTAVO SAMPAIO;;;;Colisão Transversal;Via Iluminada;Bom;Seca;Cruz;Pare;Residencial;0;0;2;1;0;0;0;0;0;0;0;0;-38,568421;-3,737730;;;
252557;25;6;2015;22:30;0;AV BEZERRA DE MENEZES;;;2458;;Colisão Lateral;Via Iluminada;Bom;Seca;Meio de Quadra;Não Há Controle;Comercial;0;0;2;1;0;0;0;0;0;0;0;0;-38,566356;-3,736068;;;
252588;25;6;2015;14:00;0;RUA ILDEFONSO ALBANO;;;1500;;Engavetamento;Luz do Dia;Bom;Seca;Meio de Quadra;Semáforo;Comercial;0;0;3;1;0;0;0;0;0;0;0;0;-38,513407;-3,733894;;;
252584;25;6;2015;19:30;0;RUA BAR AQUIRAZ;;;587;;Colisão Transversal;Via Iluminada;Bom;Seca;Meio de Quadra;Não Há Controle;Comercial;0;1;1;1;0;0;0;0;0;1;0;0;-38,490037;-3,832323;;;
252582;25;6;2015;19:30;1302;RUA MARCOS MACEDO;RUA BARBOSA DE FREITAS;;;;Colisão Lateral;Via Iluminada;Nublado;Molhada;Cruz;Pare;Comercial;0;0;2;1;0;0;0;0;0;0;0;0;-38,496719;-3,734569;;;
252579;25;6;2015;08:10;12836;RUA BAR ARATANHA;AV DOMINGOS OLIMPIO;;;;Colisão Traseira;Luz do Dia;Chuva;Molhada;Cruz;Semáforo;Comercial;0;1;3;1;1;0;0;0;0;0;0;0;-38,527953;-3,737562;;;
252574;25;6;2015;08:15;13592;AV PONTES VIEIRA;RUA PRO CARVALHO;;;;Colisão Traseira;;Nublado;Molhada;Cruz;Semáforo;Comercial;0;0;2;1;0;0;0;0;0;0;0;0;-38,514949;-3,752890;;;
252571;25;6;2015;07:10;0;RUA MACHADO DE ASSIS;;;;;Colisão Lateral;Luz do Dia;Chuva;Molhada;Meio de Quadra;;;0;0;2;1;1;0;0;0;0;0;0;0;;;;;
252568;25;6;2015;20:30;7760;AV ANTONIO SALES;RUA SILVA PAULET;;;;Colisão Lateral;Via Iluminada;Bom;Seca;Cruz;Pare;Comercial;0;0;2;1;1;0;0;0;0;0;0;0;-38,508383;-3,743595;;;
252561;25;6;2015;17:05;5235;RUA PRC ISABEL;RUA PEDRO PEREIRA;;;;Colisão Lateral;Via Iluminada;Chuva;Molhada;Cruz;Pare;Comercial;0;1;1;1;0;0;0;0;0;1;0;0;-38,535705;-3,727353;;;
252566;25;6;2015;12:30;9099;AV EDUARDO GIRAO;RUA FRANCOIS T MENEZES;;;;Colisão Lateral;;Bom;Seca;;Pare;Comercial;0;0;2;1;0;0;1;0;0;0;0;0;-38,525973;-3,755700;;;
252614;25;6;2015;18:30;1476;AV BAR STUDART;AV JULIO VENTURA;;;;Colisão Transversal;Via Iluminada;Chuva;Molhada;Cruz;Semáforo;Comercial;0;1;1;1;0;0;0;0;0;1;0;0;-38,508029;-3,739072;;;
252615;25;6;2015;19:00;5436;RUA GAL CLARINDO DE QUEIROZ;RUA JAIME BENEVOLO;;;;Colisão Transversal;Via Iluminada;Nublado;Molhada;Cruz;Pare;Comercial;0;0;2;1;0;0;0;0;0;0;0;0;-38,526017;-3,734060;;;
252604;25;6;2015;05:50;7694;RUA RIO GRANDE DO SUL;RUA RIO GRANDE DO NORTE;;;;Colisão Transversal;Luz do Dia;Chuva;Molhada;Cruz;Pare;Comercial;0;1;1;0;0;0;0;1;0;1;0;0;-38,567559;-3,758617;;;
252610;25;6;2015;14:30;1282;AV SANTOS DUMONT;AV BAR STUDART;;;;Colisão Traseira;Luz do Dia;Bom;Seca;Cruz;Semáforo;Comercial;0;0;2;1;0;0;0;0;0;0;0;0;-38,506304;-3,733642;;;
252611;25;6;2015;15:50;23453;RUA CAP MELO;RUA PAULO FIRMEZA;;;;Colisão Lateral;Luz do Dia;Nublado;Seca;Cruz;Pare;Residencial;0;0;2;0;0;0;0;0;0;1;0;0;-38,512966;-3,757131;;;
252612;25;6;2015;11:20;5160;RUA TEN BENEVOLO;RUA SEN ALMINO;;;;Colisão Traseira;Luz do Dia;Bom;Seca;T;Pare;Comercial;0;0;2;1;0;0;0;0;0;0;0;0;-38,518077;-3,725100;;;
252601;25;6;2015;07:40;0;AV GOV PARSIFAL BARROSO;;;;;Colisão Frontal;Luz do Dia;Nublado;Molhada;Outros;Não Há Controle;Comercial;0;0;2;1;0;0;0;0;0;0;0;0;;;;;
252597;25;6;2015;07:30;19686;AV BEZERRA DE MENEZES;RUA ERICO MOTA;;;;Colisão Traseira;Luz do Dia;Nublado;Molhada;T;Semáforo;Comercial;0;0;2;1;0;0;0;1;0;0;0;0;-38,562991;-3,735357;;;
252593;25;6;2015;08:30;25037;AV LUCIANO CARNEIRO;RUA JULIO DA SILVEIRA;;;;Colisão Transversal;Luz do Dia;Nublado;Seca;T;Pare;Comercial;0;1;1;0;0;0;0;0;0;1;0;0;-38,535029;-3,759514;;;
262846;25;6;2015;19:25;0;RUA DR JOAO GUILHERME;;;;;Colisão;;;;Meio de Quadra;;;0;0;2;1;0;0;0;0;0;0;0;0;;;;;
262843;25;6;2015;09:01;0;RUA TEREZA CRISTINA;;;;;Colisão;Luz do Dia;;;Meio de Quadra;;;0;0;2;1;0;0;1;0;0;0;0;0;;;;;
269256;25;6;2015;21:52;0;RUA 13 DE ABRIL;;;;;Colisão;;;;Meio de Quadra;;;0;0;2;0;0;0;0;0;0;0;0;0;;;;;
269258;25;6;2015;20:30;0;RUA UBERLANDIA;;;;;Colisão;;;;Meio de Quadra;;;0;0;2;0;0;0;0;0;0;0;0;0;;;;;
274093;25;6;2015;04:19;0;RUA CON DE CASTRO;;;;;Queda;;;;Meio de Quadra;;;0;1;0;0;0;0;0;0;0;1;0;0;-38,585786;-3,798346;;;
274095;25;6;2015;07:36;12836;AV DOMINGOS OLIMPIO;RUA BAR ARATANHA;;;;Atropelamento;Luz do Dia;;;Cruz;Semáforo;Comercial;0;1;0;1;0;0;0;0;0;0;0;0;-38,527953;-3,737562;;;
274101;25;6;2015;08:13;0;RUA ABELARDO MARINHO;;;;;Queda;Luz do Dia;;;Meio de Quadra;;;0;1;0;0;0;0;0;0;0;1;0;0;;;;;
274106;25;6;2015;08:14;0;AV GOV PARSIFAL BARROSO;;;;;Colisão;Luz do Dia;;;Meio de Quadra;;;0;1;0;1;0;0;0;0;0;1;0;0;;;;;
274107;25;6;2015;08:25;0;AV ALBERTO CRAVEIRO;;;;;Queda;Luz do Dia;;;Meio de Quadra;;;0;1;0;0;0;0;0;0;0;1;0;0;;;;;
274108;25;6;2015;09:47;13372;RUA NOGUEIRA ACIOLI;RUA JOAO BRIGIDO;;;;Colisão;Luz do Dia;;;Cruz;Semáforo;Residencial;0;1;0;1;0;0;0;0;0;1;0;0;-38,520044;-3,739259;;;
274099;25;6;2015;08:06;13233;AV L CJ JOSE WALTER;AV F CJ JOSE WALTER;;;;Colisão;Luz do Dia;;;Cruz;Pare;Residencial;0;1;0;1;0;0;0;0;0;1;0;0;-38,558805;-3,835328;;;
274113;25;6;2015;11:10;7790;AV PONTES VIEIRA;AV DES MOREIRA;;;;Colisão;Luz do Dia;;;Cruz;Semáforo;Comercial;0;1;0;0;0;0;0;0;0;0;0;0;-38,503254;-3,751526;;;
274114;25;6;2015;11:46;0;RUA CON DE CASTRO;;;;;Colisão;Luz do Dia;;;Meio de Quadra;;;0;1;0;1;0;0;0;0;0;1;0;0;-38,594198;-3,807494;;;
274130;25;6;2015;17:41;0;AV ALM HENRIQUE SABOIA;;;;;Queda;Anoitecer;;;Meio de Quadra;;;0;1;0;0;0;0;0;0;0;1;0;0;;;;;
274116;25;6;2015;12:52;0;AV CEL CARVALHO;;;;;Colisão;Luz do Dia;;;Meio de Quadra;;;0;1;0;0;0;0;0;0;0;0;0;0;-38,590076;-3,709055;;;
274118;25;6;2015;13:21;6738;RUA DES WALDETARIO P MOTA;RUA VILEBALDO AGUIAR;;;;Colisão;Luz do Dia;;;Cruz;Pare;Residencial;0;1;0;1;0;0;0;0;0;1;0;0;-38,483787;-3,741853;;;
274124;25;6;2015;15:03;0;AV DES GONZAGA;;;;;Colisão;Luz do Dia;;;Meio de Quadra;;;0;1;0;0;0;0;0;0;0;0;0;0;-38,503772;-3,788742;;;
274125;25;6;2015;16:48;0;AV PERIMETRAL;;;;;Colisão;Luz do Dia;;;Meio de Quadra;;;0;1;0;0;0;0;0;0;0;0;0;0;;;;;
274128;25;6;2015;17:23;0;AV OLAVO BILAC;;;;;Colisão;Anoitecer;;;Meio de Quadra;;;0;1;0;1;0;0;0;0;0;1;0;0;-38,564432;-3,734255;;;
274136;25;6;2015;19:41;0;AV JOSE LEON;;;;;Colisão;;;;Meio de Quadra;;;0;1;0;1;0;0;0;0;0;1;0;0;-38,503347;-3,787415;;;
274137;25;6;2015;20:31;0;AV DR THEBERGE;;;;;Colisão;;;;Meio de Quadra;;;0;1;0;1;0;0;0;0;0;1;0;0;-38,566129;-3,718217;;;
274139;25;6;2015;21:19;632;AV PASTEUR;RUA ENG JOAO NOGUEIRA;;;;Colisão;;;;Cruz;Pare;Comercial;0;1;0;1;0;0;0;0;0;1;0;0;-38,559415;-3,712927;;;
263847;25;6;2015;18:20;0;AV 13 DE MAIO;;;2400;;Colisão;Anoitecer;;;Meio de Quadra;;;0;1;0;1;0;0;0;0;0;1;0;0;-38,537898;-3,741992;;;
263845;25;6;2015;11:20;0;AV GOV PARSIFAL BARROSO;;;1300;COLÉGIO STA. ISABEL;Engavetamento;Luz do Dia;;;Meio de Quadra;;;0;1;0;1;0;0;0;0;0;1;0;0;-38,569071;-3,736214;;;
269228;25;6;2015;09:01;0;RUA BALDUINO FREIRE;;;;;Colisão;Luz do Dia;;;Meio de Quadra;;;0;0;2;0;0;0;0;0;0;0;0;0;;;;;
269235;25;6;2015;18:13;0;AV CARNEIRO DE MENDONCA;;;;;Atropelamento;Anoitecer;;;Meio de Quadra;;;0;1;1;0;0;0;0;0;0;1;0;0;-38,572096;-3,761245;;;
269239;25;6;2015;19:55;0;RUA FRE ODILON;;;;;Colisão;;;;Meio de Quadra;;;0;0;2;0;0;0;0;0;0;0;0;0;;;;;
269253;25;6;2015;20:55;0;RUA PRO GOMES BRASIL;;;;;Colisão;;;;Meio de Quadra;;;0;0;2;0;0;0;0;0;0;0;0;0;;;;;
269246;25;6;2015;20:28;24657;RUA RAIMUNDO GOMES;RUA ANTONIO ARRUDA;;;;Colisão;;;;;;;0;0;2;0;0;0;0;0;0;0;0;0;-38,592133;-3,713723;;;
269249;25;6;2015;20:36;0;AV JOSE BASTOS;;;;;Atropelamento;;;;Meio de Quadra;;;0;0;2;0;0;0;0;0;0;0;0;0;;;;;
269251;25;6;2015;20:54;598;RUA FERREIRA DOS SANTOS;AV DR THEBERGE;;;;Colisão;;;;T;Não Há Controle;Comercial;0;0;2;0;0;0;0;0;0;0;0;0;-38,566155;-3,718296;;;