COD_ACIDENTE;DIA;MES;ANO;HORA;INTERSECAO;LOG1;LOG2;LOG3;NUMERO;REFERENCIA;NATUREZA;ILUMINACAO;TEMPO;SUPERFICIEPISTA;TIPOCRUZAMENTO;CONTROLETRAFEGO;USOSOLO;MORTOS;FERIDOS;ILESOS;AUTOMOVEL;ONIBUS;BICICLETA;CAMINHAO;MICROONIBUS;CICLOMOTOR;MOTOCICLETA;TRACAOANIMAL;TREM;LONG;LAT;;;
259430;25;6;2015;13:50;0;RD CE-040;;;;KM-07;Colisão;Luz do Dia;;Seca;Meio de Quadra;;;0;0;3;1;0;0;0;0;0;0;0;0;-38,483160;-3,817953;;;
259432;26;6;2015;08:00;0;RD CE-040;;;;KM-09;Colisão;Luz do Dia;;Seca;Meio de Quadra;;;0;1;1;0;0;0;0;0;0;1;0;0;-38,481431;-3,824774;;;
259433;26;6;2015;14:20;0;AV SEN CARLOS JEREISSATI (AEROPORTO);;;;KM 01;Colisão;Luz do Dia;;Seca;Meio de Quadra;;;0;1;1;1;0;0;0;0;0;1;0;0;-38,520356;-3,783803;;;
259435;26;6;2015;19:40;0;RD CE-040;;;;KM-07;Colisão;Via Iluminada;;Seca;Meio de Quadra;;;0;2;0;0;0;0;0;0;0;1;0;0;-38,483160;-3,817953;;;
263943;26;6;2015;18:25;0;AV OLIVEIRA PAIVA;;;535;;Colisão;Anoitecer;;;Meio de Quadra;;;0;0;1;0;1;0;0;0;0;0;0;0;-38,500575;-3,797419;;;
263939;26;6;2015;17:40;670;RUA PRO JOSE BONIFACIO;RUA GOMES PASSOS;;;;Colisão;Anoitecer;;;Cruz;Pare;Residencial;0;0;1;0;0;0;0;0;0;1;0;0;-38,562431;-3,710794;;;
263945;26;6;2015;19:00;0;RUA MORAUJO;;;474;;Atropelamento;;;;Meio de Quadra;;;1;0;1;0;0;0;0;0;0;1;0;0;;;;;
273925;26;6;2015;21:32;0;RUA DNA LUCIA PINHEIRO (QUINTINO CUNHA);;;;;Colisão;;;;Meio de Quadra;;;0;1;1;1;0;0;0;0;0;1;0;0;-38,600549;-3,731272;;;
273926;26;6;2015;21:29;0;RUA PERNAMBUCO;;;;;Atropelamento;;;;Meio de Quadra;;;0;1;1;0;0;0;0;0;0;1;0;0;-38,576667;-3,752984;;;
273927;26;6;2015;23:08;0;AV PRS CASTELO BRANCO;;;;;Colisão;;;;Meio de Quadra;;;0;1;1;1;0;0;0;0;0;1;0;0;;;;;
273928;26;6;2015;23:45;0;RUA 23 DE JUNHO;;;;;Queda;;;;Meio de Quadra;;;0;1;0;0;0;0;0;0;0;1;0;0;;;;;
273915;26;6;2015;19:49;0;AV CEL CARVALHO;;;;;Colisão;;;;Meio de Quadra;;;0;1;1;1;0;0;0;0;0;1;0;0;-38,585706;-3,725800;;;
273917;26;6;2015;20:27;743;AV PASTEUR;AV PRS CASTELO BRANCO;;;;Atropelamento;;;;Cruz;Semáforo;Comercial;0;1;1;0;0;0;0;0;0;1;0;0;-38,558856;-3,711181;;;
273918;26;6;2015;20:38;0;AV WASHINGTON SOARES;;;;;Queda;;;;Meio de Quadra;;;0;1;0;0;0;1;0;0;0;0;0;0;-38,481712;-3,826113;;;
273919;26;6;2015;21:19;0;RUA ARTUR DE CARVALHO;;;;;Colisão;;;;Meio de Quadra;;;0;1;1;1;0;1;0;0;0;0;0;0;;;;;
273922;26;6;2015;21:22;0;RUA DOM XISTO ALBANO;;;;;Colisão;;;;Meio de Quadra;;;0;1;1;1;0;0;0;0;0;1;0;0;;;;;
273908;26;6;2015;13:24;10844;RUA PORTO ALEGRE;RUA TUPI D35;;;;Colisão;Luz do Dia;;;Cruz;Pare;Residencial;0;1;1;1;0;0;0;0;0;1;0;0;-38,581470;-3,765120;;;
273909;26;6;2015;16:57;670;RUA PRO JOSE BONIFACIO;RUA GOMES PASSOS;;;;Colisão;Luz do Dia;;;Cruz;Pare;Residencial;0;1;1;1;0;0;0;0;0;1;0;0;-38,562431;-3,710794;;;
273911;26;6;2015;18:39;0;AV L CJ JOSE WALTER;;;;;Colisão;;;;Meio de Quadra;;;0;1;0;0;0;0;0;0;0;0;0;0;-38,558863;-3,835527;;;
273913;26;6;2015;19:43;4733;AV MIN JOSE AMERICO;AV WASHINGTON SOARES;;;;Queda;;;;;Dê Preferência;Outros;0;1;0;0;0;0;0;0;0;1;0;0;-38,479419;-3,812650;;;
273901;26;6;2015;12:55;0;AV C CJ CEARA;;;;;Atropelamento;Luz do Dia;;;Meio de Quadra;;;0;1;1;1;0;0;0;0;0;0;0;0;-38,609304;-3,762044;;;
273889;26;6;2015;07:15;0;AV I CJ JOSE WALTER;;;;;Colisão;Luz do Dia;;;Meio de Quadra;;;0;1;1;1;0;0;0;0;0;1;0;0;;;;;
273891;26;6;2015;07:50;0;AV WASHINGTON SOARES;;;;;Colisão;Luz do Dia;;;Meio de Quadra;;;0;1;1;1;0;0;0;0;0;1;0;0;-38,481712;-3,826113;;;
273893;26;6;2015;08:49;0;AV DR SILAS MUNGUBA;;;;;Colisão;Luz do Dia;;;Meio de Quadra;;;0;1;1;1;0;0;0;0;0;1;0;0;-38,549737;-3,786619;;;
273895;26;6;2015;09:51;0;AV JOSE BASTOS;;;;;Atropelamento;Luz do Dia;;;Meio de Quadra;;;0;1;1;0;0;0;0;0;0;1;0;0;;;;;
273897;26;6;2015;10:15;5437;RUA METON DE ALENCAR;RUA FLORIANO PEIXOTO;;;;Colisão;Luz do Dia;;;Cruz;Pare;Comercial;0;1;0;1;0;0;0;0;0;0;0;0;-38,529358;-3,734071;;;
273886;26;6;2015;06:10;0;AV FRANCISCO SA;;;;;Colisão;Luz do Dia;;;Meio de Quadra;;;0;1;0;0;0;0;0;0;0;0;0;0;-38,569768;-3,713169;;;
269271;26;6;2015;10:52;0;RUA LUIS TIBURCIO;;;;;Colisão;Luz do Dia;;;;;;0;0;2;0;0;0;0;0;0;0;0;0;;;;;
269278;26;6;2015;16:29;659;RUA ANA FACO;RUA CRUZEIRO DO SUL;;;;Colisão;Luz do Dia;;;Cruz;Não Há Controle;Misto;0;0;2;0;0;0;0;0;0;0;0;0;-38,562314;-3,714368;;;
269279;26;6;2015;16:30;15190;AV ABOLICAO;RUA JOAQUIM NABUCO;;;;Colisão;Luz do Dia;;;Cruz;Semáforo;Comercial;0;0;2;0;0;0;0;0;0;0;0;0;-38,498436;-3,726373;;;
269281;26;6;2015;17:55;0;AV BEIRA MAR;;;;;Colisão;Anoitecer;;;Meio de Quadra;;;0;0;2;0;0;0;0;0;0;0;0;0;;;;;
269283;26;6;2015;18:47;0;AV L CJ JOSE WALTER;;;;;Colisão;;;;Meio de Quadra;;;0;0;2;0;0;0;0;0;0;0;0;0;;;;;
269289;26;6;2015;21:10;0;AV PASTEUR;;;;;Atropelamento;;;;Meio de Quadra;;;0;0;2;0;0;0;0;0;0;0;0;0;;;;;
269292;26;6;2015;21:14;0;AV SEN FERNANDES TAVORA;;;;;Atropelamento;;;;Meio de Quadra;;;0;0;2;0;0;0;0;0;0;0;0;0;;;;;
269295;26;6;2015;21:34;0;RUA LUCIANA NUNES;;;;;Colisão;;;;Meio de Quadra;;;0;0;2;0;0;0;0;0;0;0;0;0;;;;;
269300;26;6;2015;22:12;0;RUA PERNAMBUCO;;;;;Atropelamento;;;;Meio de Quadra;;;0;0;2;0;0;0;0;0;0;0;0;0;;;;;
269308;26;6;2015;22:15;0;AV OLIVEIRA PAIVA;;;;;Colisão;;;;Meio de Quadra;;;0;0;2;0;0;0;0;0;0;0;0;0;;;;;
269310;26;6;2015;22:34;0;AV LINEU MACHADO;;;;;Colisão;;;;Meio de Quadra;;;0;0;2;0;0;0;0;0;0;0;0;0;;;;;
269312;26;6;2015;23:02;25084;AV BENJAMIM BRASIL;RUA BERNARDO MANUEL;;;;Colisão;;;;T;Semáforo;Comercial;0;0;2;0;0;0;0;0;0;0;0;0;-38,554874;-3,810060;;;
262853;26;6;2015;15:40;0;AV GODOFREDO MACIEL;;;;;Outros;Luz do Dia;;;Meio de Quadra;;;0;0;1;0;0;0;0;0;0;1;0;0;;;;;
252677;26;6;2015;18:00;15160;AV ABOLICAO;RUA SILVA PAULET;;;;Colisão Lateral;Anoitecer;Bom;Seca;Y;Semáforo Intermitente;Comercial;0;0;2;1;0;0;1;0;0;0;0;0;-38,502412;-3,725111;;;
252679;26;6;2015;18:30;0;RUA FAUSTO AGUIAR;;;700;;Colisão Frontal;Mal Iluminada;Bom;Seca;Meio de Quadra;;Comercial;0;0;2;1;0;0;0;0;0;0;0;0;-38,492580;-3,811619;;;
252680;26;6;2015;20:40;0;AV FRANCISCO SA;;;4130;;Colisão Traseira;Via Iluminada;Bom;Seca;Meio de Quadra;Semáforo;Comercial;0;0;2;1;0;0;0;0;0;1;0;0;-38,561870;-3,715884;;;
252681;26;6;2015;19:40;15370;AV DOM LUIS;AV SEN VIRGILIO TAVORA;;;;Colisão Lateral;Via Iluminada;Bom;Seca;Cruz;Semáforo;Comercial;0;0;2;1;0;0;0;0;0;0;0;0;-38,492507;-3,734829;;;
252682;26;6;2015;21:30;0;AV DOM LUIS;;;1040;;Colisão Transversal;Via Iluminada;Bom;Seca;Meio de Quadra;Semáforo;Comercial;0;0;2;1;0;0;0;0;0;0;0;0;-38,491844;-3,735039;;;
252686;26;6;2015;;15302;RUA MON BRUNO;RUA PEREIRA FILGUEIRAS;;;;Colisão Lateral;Via Iluminada;Bom;Seca;;Pare;Residencial;0;0;2;1;0;0;0;0;0;0;0;0;-38,508580;-3,729763;;;
252684;26;6;2015;06:20;0;AV SANTOS DUMONT;;;6945;;Colisão Lateral;Luz do Dia;Bom;Seca;Meio de Quadra;Não Há Controle;Residencial;0;1;1;1;0;0;0;0;0;1;0;0;-38,470832;-3,745116;;;
252691;26;6;2015;09:30;0;AV WENEFRIDO MELO;;;;;Colisão Lateral;Luz do Dia;Bom;Seca;Meio de Quadra;Não Há Controle;Residencial;0;0;2;1;0;0;1;0;0;0;0;0;;;;;
252692;26;6;2015;11:30;0;AV BAR STUDART;;;2044;;Colisão Lateral;Luz do Dia;Bom;Seca;Meio de Quadra;Não Há Controle;Comercial;0;0;2;1;0;0;0;0;0;0;0;0;;;;;
252694;26;6;2015;09:15;5709;AV DES GONZAGA;AV OLIVEIRA PAIVA;;;;Colisão Traseira;Luz do Dia;Bom;Seca;Cruz;Semáforo;Comercial;0;0;2;1;0;0;0;0;0;0;0;0;-38,499953;-3,797165;;;
252695;26;6;2015;05:55;26210;AV CHANC EDSON QUEIROZ;AV MIGUEL DIAS;;;;Colisão Transversal;Amanhecer;Bom;Seca;Cruz;Semáforo;Comercial;0;2;0;0;0;0;0;0;1;1;0;0;;;;;
252696;26;6;2015;09:00;0;AV ANTONIO SALES;;;239;;Colisão Transversal;Luz do Dia;Bom;Seca;Meio de Quadra;Não Há Controle;Comercial;0;1;1;1;0;0;0;0;0;1;0;0;-38,519314;-3,740182;;;
252699;26;6;2015;10:00;0;RUA JOAO LOBO FILHO;;;57;;Colisão Lateral;;Nublado;Seca;Meio de Quadra;Pare;Residencial;0;0;2;1;0;0;0;0;0;0;0;0;-38,523132;-3,749337;;;
252700;26;6;2015;13:10;9236;RUA GRACILIANO RAMOS;RUA DR RATISBONA;;;;Colisão Transversal;Luz do Dia;Bom;Seca;Cruz;Pare;Residencial;0;0;2;1;1;0;0;0;0;0;0;0;-38,529613;-3,754038;;;
252701;26;6;2015;19:00;8934;AV DOMINGOS OLIMPIO;RUA PDE MORORO;;;;Colisão Transversal;Via Iluminada;Bom;Seca;Cruz;Pare;Comercial;0;0;2;1;0;0;1;0;0;0;0;0;-38,539949;-3,733752;;;
252702;26;6;2015;11:45;0;AV GOV RAUL BARBOSA;;;7140;;Colisão Traseira;;Bom;Seca;Meio de Quadra;Não Há Controle;Comercial;0;0;2;1;0;0;1;0;0;0;0;0;-38,512975;-3,775123;;;
252704;26;6;2015;13:30;0;AV DES MOREIRA;;;2040;;Colisão Traseira;;Bom;Seca;Meio de Quadra;Não Há Controle;Residencial;0;0;2;1;0;0;0;0;0;0;0;0;-38,500593;-3,743208;;;
252707;26;6;2015;15:00;19029;RUA SOLON ONOFRE;AV ENG ALBERTO SA;;;;Colisão Transversal;;Bom;Seca;Cruz;Pare;Comercial;0;0;2;1;0;0;0;0;0;0;0;0;-38,473145;-3,735314;;;
252711;26;6;2015;19:31;0;AV ALBERTO CRAVEIRO;;;430;MAKRO;Engavetamento;Via Iluminada;Bom;Seca;Meio de Quadra;Outros;Comercial;0;0;3;1;0;0;0;0;0;0;0;0;-38,516505;-3,782668;;;
252712;26;6;2015;07:29;0;AV DR SILAS MUNGUBA;;;5455;;Colisão Lateral;Luz do Dia;Bom;Seca;Meio de Quadra;Não Há Controle;Residencial;0;0;2;1;0;0;1;0;0;0;0;0;-38,530296;-3,800495;;;
252713;26;6;2015;08:50;22990;AV DR SILAS MUNGUBA;RUA AMERICO VESPUCIO;;;;Colisão Transversal;;Bom;;Cruz;;;0;1;1;1;0;0;0;0;0;1;0;0;-38,549873;-3,786542;;;
252714;26;6;2015;07:50;0;AV DR SILAS MUNGUBA;;;7500;BNB;Colisão Frontal;;Bom;Seca;Meio de Quadra;Não Há Controle;Residencial;0;0;2;1;0;0;0;0;0;0;0;0;-38,527608;-3,804187;;;
252715;26;6;2015;10:20;0;RUA ANTONIO AUGUSTO;;;1300;;Colisão Traseira;Luz do Dia;Bom;Seca;Meio de Quadra;Não Há Controle;Residencial;0;1;1;1;0;0;0;0;0;1;0;0;-38,514112;-3,732392;;;
252717;26;6;2015;07:50;0;AV PRS CASTELO BRANCO;;;4547;;Colisão Lateral;Luz do Dia;Bom;Seca;Meio de Quadra;;Comercial;0;1;1;1;0;0;0;0;0;1;0;0;-38,572732;-3,706827;;;
252719;26;6;2015;13:20;0;AV HEROIS DO ACRE;;;100;;Colisão Lateral;Luz do Dia;Bom;Seca;Meio de Quadra;;Residencial;0;0;2;1;0;0;0;0;0;0;0;0;-38,529438;-3,803048;;;
252720;26;6;2015;08:15;13483;RUA CARLOS VASCONCELOS;RUA PINHO PESSOA;;;;Colisão Lateral;Luz do Dia;Bom;Seca;Cruz;Pare;Residencial;0;0;3;0;0;0;0;0;0;0;0;0;-38,514738;-3,745054;;;
252721;26;6;2015;07:00;0;AV 13 DE MAIO;;;1312;;Colisão Traseira;Luz do Dia;Bom;Seca;Meio de Quadra;Outros;Comercial;0;0;2;1;0;0;0;0;0;0;0;0;-38,530612;-3,748226;;;
252723;26;6;2015;10:00;21086;RUA GASPAR LEMOS;RUA PIAUI;;;;Colisão Transversal;;;;;;;0;0;2;1;0;0;0;0;0;1;0;0;-38,571547;-3,753021;;;
252724;26;6;2015;10:50;19707;AV BEZERRA DE MENEZES;RUA ARMANDO OLIVEIRA;;;;Colisão Lateral;Luz do Dia;Bom;;Cruz;Semáforo;;0;0;2;1;0;0;1;0;0;0;0;0;-38,567270;-3,736264;;;
252725;26;6;2015;08:10;5174;AV TRISTAO GONCALVES;RUA GUILHERME ROCHA;;;;Colisão Lateral;Luz do Dia;Bom;Seca;Cruz;Semáforo;Comercial;0;0;2;1;1;0;0;0;0;0;0;0;-38,532707;-3,725452;;;
252727;26;6;2015;10:45;5437;RUA FLORIANO PEIXOTO;RUA METON DE ALENCAR;;;;Colisão Transversal;Luz do Dia;Bom;Seca;Cruz;Pare;Comercial;0;0;2;1;0;0;0;0;0;0;0;0;-38,529358;-3,734071;;;
252730;26;6;2015;14:00;1429;RUA NUNES VALENTE;RUA AFONSO CELSO;;;;Colisão Transversal;Luz do Dia;Bom;Seca;Cruz;Pare;Residencial;0;0;2;1;0;0;0;0;0;0;0;0;-38,504234;-3,737785;;;
252731;26;6;2015;15:20;11021;RUA ALM RUBIM;RUA MUNDICA PAULA;;;;Colisão Transversal;Luz do Dia;Bom;Seca;Cruz;Semáforo;Comercial;0;0;2;1;1;0;0;0;0;0;0;0;-38,557470;-3,773259;;;
252748;26;6;2015;14:20;577;AV DR THEBERGE;AV FRANCISCO SA;;;;Colisão Lateral;Luz do Dia;Bom;Seca;Cruz;Semáforo Intermitente;Comercial;0;0;2;1;0;0;1;0;0;0;0;0;-38,565016;-3,714822;;;
252738;26;6;2015;10:30;0;AV AGUANAMBI;;;;ROTATÓRIA;Colisão Lateral;Luz do Dia;Bom;Seca;Meio de Quadra;Semáforo;Comercial;0;0;2;1;0;0;1;0;0;0;0;0;-38,523043;-3,755538;;;
252733;26;6;2015;17:00;15383;RUA ALMEIDA REGO;RUA FARIAS LEMOS;;;;Colisão Transversal;Luz do Dia;Bom;Seca;Cruz;Não Há Controle;Residencial;0;0;2;1;0;0;0;0;0;0;0;0;-38,494338;-3,813110;;;
252741;26;6;2015;13:10;15072;RUA FRANCISCO GLICERIO;RUA ALFA;;;;Colisão Lateral;Luz do Dia;Bom;Seca;T;Pare;Residencial;0;0;2;1;0;0;0;0;0;0;0;0;-38,570622;-3,795719;;;
252742;26;6;2015;10:15;23801;RUA COSTA FREIRE;RUA PLACIDO DE CASTRO;;;;Colisão Lateral;Luz do Dia;Bom;Seca;Cruz;Pare;Residencial;0;0;2;0;1;0;0;0;0;0;0;0;-38,584125;-3,791629;;;
252743;26;6;2015;17:30;7762;AV ANTONIO SALES;RUA NUNES VALENTE;;;;Colisão Transversal;;Bom;Seca;Cruz;Pare;Residencial;0;0;2;1;0;0;0;1;0;0;0;0;-38,506314;-3,744237;;;
252685;27;6;2015;10:00;9139;RUA CEL PERGENTINO FERREIRA;RUA MON OTAVIO CASTRO;;;;Colisão Lateral;Luz do Dia;Bom;Seca;Cruz;Pare;Comercial;0;1;1;1;0;0;0;0;0;1;0;0;-38,526704;-3,748970;;;
252617;27;6;2015;12:30;0;AV DUQ CAXIAS;;;;;Colisão Traseira;Luz do Dia;Bom;Seca;Meio de Quadra;Pare;Comercial;0;0;2;1;0;0;0;0;0;1;0;0;;;;;
252618;27;6;2015;09:00;0;RUA PDE AMBROSIO MACHADO;;;;;Colisão Lateral;Luz do Dia;Bom;Seca;Meio de Quadra;;Residencial;0;0;2;1;0;0;1;0;0;0;0;0;;;;;
252619;27;6;2015;07:10;0;RUA LUIZ FERNANDES;;;;;Colisão Transversal;Luz do Dia;Bom;Seca;Meio de Quadra;Outros;Residencial;0;1;1;1;0;0;0;0;0;1;0;0;;;;;
252620;27;6;2015;07:30;1350;RUA TORRES CAMARA;RUA SILVA PAULET;;;;Colisão Transversal;Luz do Dia;Bom;Seca;Cruz;Pare;Comercial;0;0;2;1;0;0;0;0;0;0;0;0;-38,505905;-3,735958;;;
252621;27;6;2015;11:00;0;RUA DOS POTIGUARAS;;;117;;;Luz do Dia;Bom;Seca;Meio de Quadra;Não Há Controle;Residencial;0;0;4;1;0;0;0;0;0;0;0;0;-38,516833;-3,719753;;;
252622;27;6;2015;07:00;24993;AV DOM MANUEL;RUA ROCHA LIMA;;;;Colisão Lateral;Luz do Dia;Bom;Seca;Cruz;Semáforo;Comercial;0;0;2;1;0;0;0;0;0;0;0;0;-38,523587;-3,735959;;;
252623;27;6;2015;11:30;8949;AV BEZERRA DE MENEZES;RUA JUSTINIANO DE SERPA;;;;Colisão Traseira;Luz do Dia;Bom;Seca;Cruz;Semáforo;Comercial;0;0;2;1;1;0;0;0;0;0;0;0;-38,542857;-3,731156;;;
252624;27;6;2015;12:30;0;AV HEROIS DO ACRE;;;455;;Colisão Lateral;Luz do Dia;Bom;Seca;Meio de Quadra;Não Há Controle;Comercial;0;1;1;1;0;0;0;0;0;1;0;0;-38,533569;-3,803181;;;
262854;27;6;2015;15:40;0;RUA PEDRO A SILVA;;;;;Colisão;Luz do Dia;;;Meio de Quadra;;;0;0;2;1;0;0;0;0;0;0;0;0;;;;;
262856;27;6;2015;17:31;0;AV PRS COSTA E SILVA;;;;;Engavetamento;Anoitecer;;;Meio de Quadra;;;0;0;6;1;0;0;0;0;0;0;0;0;;;;;
269313;27;6;2015;01:31;15099;AV BEIRA MAR;RUA JOAO CORDEIRO;;;;Colisão;;;;T;Pare;Comercial;0;0;2;0;0;0;0;0;0;0;0;0;-38,511410;-3,720256;;;
269314;27;6;2015;11:24;0;AV MAJ ASSIS;;;;;Colisão;Luz do Dia;;;Meio de Quadra;;;0;0;2;0;0;0;0;0;0;0;0;0;;;;;
269316;27;6;2015;14:46;15441;RUA JOHN LENNON;RUA PEDRO A SILVA;;;;Colisão;Luz do Dia;;;;;;0;0;2;0;0;0;0;0;0;0;0;0;-38,490148;-3,817268;;;
269318;27;6;2015;14:47;0;AV AUGUSTO DOS ANJOS;;;;;Colisão;Luz do Dia;;;Meio de Quadra;;;0;0;2;0;0;0;0;0;0;0;0;0;;;;;
269321;27;6;2015;15:54;0;AV JOR THOMAZ COELHO;;;;;Tombamento;Luz do Dia;;;Meio de Quadra;;;0;0;2;0;0;0;0;0;0;0;0;0;;;;;
269323;27;6;2015;15:41;1534;RUA EDUARDO GARCIA;RUA MON CATAO;;;;Colisão;Luz do Dia;;;Cruz;Pare;Residencial;0;0;2;0;0;0;0;0;0;0;0;0;-38,491196;-3,740726;;;
269325;27;6;2015;15:54;26230;AV PRS CASTELO BRANCO;RUA BORIS;;;;Colisão;Luz do Dia;;;Cruz;Não Há Controle;Comercial;0;0;2;0;0;0;0;0;0;0;0;0;-38,521056;-3,723228;;;
269326;27;6;2015;16:02;0;RUA VITORIA;;;;;Colisão;Luz do Dia;;;Meio de Quadra;;;0;0;2;0;0;0;0;0;0;0;0;0;;;;;
269327;27;6;2015;16:21;0;AV SEN FERNANDES TAVORA;;;;;Colisão;Luz do Dia;;;Meio de Quadra;;;0;0;2;0;0;0;0;0;0;0;0;0;;;;;
269331;27;6;2015;16:40;0;AV CASTELO DE CASTRO;;;;;Atropelamento;Luz do Dia;;;Meio de Quadra;;;0;0;2;0;0;0;0;0;0;0;0;0;;;;;
269329;27;6;2015;16:34;0;RUA 1125 CJ CEARA;;;;;Colisão;Luz do Dia;;;Meio de Quadra;;;0;0;2;0;0;0;0;0;0;0;0;0;;;;;
269336;27;6;2015;16:42;571;RUA SILVIO ROMERO;RUA COELHO NETO;;;;Colisão;Luz do Dia;;;Cruz;Não Há Controle;Residencial;0;0;2;0;0;0;0;0;0;0;0;0;-38,570252;-3,718451;;;
269342;27;6;2015;17:11;0;RUA MIGUEL ARAGAO;;;;;;Anoitecer;;;Meio de Quadra;;;0;0;2;0;0;0;0;0;0;0;0;0;;;;;
269348;27;6;2015;17:26;0;RUA CEL FRANCISCO RIBEIRO;;;;;Colisão;Anoitecer;;;Meio de Quadra;;;0;0;2;0;0;0;0;0;0;0;0;0;;;;;
269351;27;6;2015;17:59;0;RUA BRAGANCA;;;;;Colisão;Anoitecer;;;Meio de Quadra;;;0;0;2;0;0;0;0;0;0;0;0;0;;;;;
269356;27;6;2015;18:01;23380;RUA CAP TIBURCIO DA FROTA;RUA NUNES VALENTE;;;;Colisão;Anoitecer;;;Cruz;Pare;Residencial;0;0;2;0;0;0;0;0;0;0;0;0;-38,509109;-3,754506;;;
269359;27;6;2015;18:43;0;RUA DOIS;;;;;Colisão;;;;Meio de Quadra;;;0;0;2;0;0;0;0;0;0;0;0;0;;;;;
269364;27;6;2015;18:46;0;RUA JACAUNA;;;;;Colisão;;;;Meio de Quadra;;;0;0;2;0;0;0;0;0;0;0;0;0;;;;;
269371;27;6;2015;18:47;12807;RUA ALBERTO MAGNO;RUA ANA NERY;;;;Colisão;;;;Cruz;Semáforo;Residencial;0;0;2;0;0;0;0;0;0;0;0;0;-38,541058;-3,754704;;;
269375;27;6;2015;19:29;0;AV ALBERTO CRAVEIRO;;;;;Colisão;;;;Meio de Quadra;;;0;0;2;0;0;0;0;0;0;0;0;0;;;;;
269378;27;6;2015;19:30;0;AV BENJAMIM BRASIL;;;;;Colisão;;;;Meio de Quadra;;;0;0;2;0;0;0;0;0;0;0;0;0;;;;;
269381;27;6;2015;19:37;0;AV LINEU MACHADO;;;;;Colisão;;;;Meio de Quadra;;;0;0;2;0;0;0;0;0;0;0;0;0;;;;;
269385;27;6;2015;20:09;0;AV JOSE BASTOS;;;;;Colisão;;;;Meio de Quadra;;;0;0;2;0;0;0;0;0;0;0;0;0;;;;;
269387;27;6;2015;20:33;0;RUA OSCAR ARARIPE;;;;;Colisão;;;;Meio de Quadra;;;0;0;2;0;0;0;0;0;0;0;0;0;;;;;
269391;27;6;2015;22:31;0;AV DEP PAULINO ROCHA;;;;;Colisão;;;;Meio de Quadra;;;0;0;2;0;0;0;0;0;0;0;0;0;;;;;
269393;27;6;2015;22:32;2302;AV PRS CASTELO BRANCO;RUA GAL MUNIZ ARAGAO;;;;Colisão;;;;;;;0;0;2;0;0;0;0;0;0;0;0;0;-38,580385;-3,703494;;;
269395;27;6;2015;23:38;5099;RUA SEN ALENCAR;AV TRISTAO GONCALVES;;;;Colisão;;;;Cruz;Pare;Comercial;0;0;2;0;0;0;0;0;0;0;0;0;-38,532122;-3,723524;;;
273938;27;6;2015;05:24;0;RUA MINAS GERAIS;;;;;Queda;Amanhecer;;;Meio de Quadra;;;0;1;0;0;0;0;0;0;0;1;0;0;-38,564391;-3,754971;;;
273954;27;6;2015;11:47;0;RUA VINTE QUATRO DE MAIO;;;;;Colisão;Luz do Dia;;;Meio de Quadra;;;0;1;1;1;0;0;0;0;0;1;0;0;;;;;
273956;27;6;2015;15:35;0;RUA ITAJAI;;;;;Colisão;Luz do Dia;;;Meio de Quadra;;;0;1;1;1;0;0;0;0;0;1;0;0;;;;;
273957;27;6;2015;16:35;0;RUA SILVA ROMÉRIO;;;;;Colisão;Luz do Dia;;;Meio de Quadra;;;0;1;1;1;0;0;0;0;0;1;0;0;;;;;
273959;27;6;2015;17:45;10115;RUA MARIA JULIA;RUA 23 DE JUNHO;;;;Colisão;Anoitecer;;;;;;0;1;1;1;0;0;0;0;0;1;0;0;;;;;
273991;27;6;2015;20:03;0;RUA PRO COSTA MENDES;;;;;Atropelamento;;;;Meio de Quadra;;;0;1;1;0;0;0;0;0;0;1;0;0;;;;;
273994;27;6;2015;23:45;22353;AV OLAVO BILAC;AV BEZERRA DE MENEZES;;;;Colisão;;;;;;;0;1;0;0;0;0;0;0;0;0;0;0;-38,564151;-3,735601;;;
273931;27;6;2015;00:31;7473;PR LAGOINHA;RUA PRO NELSON;;;;Colisão;;;;;;;0;1;1;1;0;1;0;0;0;0;0;0;-38,515947;-3,790497;;;
273932;27;6;2015;03:57;0;RD BR 116;;;;;Atropelamento;;;;Meio de Quadra;;;0;1;0;0;0;0;0;0;0;0;0;0;;;;;
271620;27;6;2015;10:43;0;RUA CAP CLOVIS MAIA;;;;;Colisão;Luz do Dia;;;Meio de Quadra;;;0;0;2;0;0;0;0;0;0;0;0;0;;;;;
271621;27;6;2015;12:47;0;RUA NOSSA SRA DAS GRACAS;;;904;;Colisão;Luz do Dia;;;Meio de Quadra;;;0;0;2;0;0;0;0;0;0;0;0;0;-38,556181;-3,709438;;;
259437;27;6;2015;06:20;0;AV MIN JOSE AMERICO;;;;;Colisão;Luz do Dia;;Seca;Meio de Quadra;;;0;1;1;0;0;0;1;0;0;1;0;0;;;;;
259445;27;6;2015;13:00;0;RD CE-040;;;;KM-07;Colisão;Luz do Dia;;Seca;Meio de Quadra;;;0;0;2;1;0;0;0;0;0;0;0;0;-38,483160;-3,817953;;;
259454;28;6;2015;17:00;0;RD CE-040;;;;KM-09;Atropelamento;Anoitecer;;Seca;Meio de Quadra;;;0;1;1;0;0;0;0;0;0;1;0;0;-38,481431;-3,824774;;;
259448;28;6;2015;13:10;0;RD CE-040;;;;KM-04;Colisão;Luz do Dia;;Seca;Meio de Quadra;;;0;0;2;1;0;0;0;0;0;0;0;0;-38,480251;-3,792050;;;
259457;28;6;2015;18:10;0;RD CE-040;;;;KM-08;Colisão;Anoitecer;;Seca;Meio de Quadra;;;0;1;1;1;0;0;0;0;0;1;0;0;-38,481317;-3,823332;;;