COD_ACIDENTE;DIA;MES;ANO;HORA;INTERSECAO;LOG1;LOG2;LOG3;NUMERO;REFERENCIA;NATUREZA;ILUMINACAO;TEMPO;SUPERFICIEPISTA;TIPOCRUZAMENTO;CONTROLETRAFEGO;USOSOLO;MORTOS;FERIDOS;ILESOS;AUTOMOVEL;ONIBUS;BICICLETA;CAMINHAO;MICROONIBUS;CICLOMOTOR;MOTOCICLETA;TRACAOANIMAL;TREM;LONG;LAT;;;
274046;28;6;2015;16:10;1784;RUA MARIA QUINTINO;RUA PEDRO DE SOUZA;;;;Colisão;Luz do Dia;;;Cruz;Pare;Comercial;0;1;1;1;0;0;0;0;0;1;0;0;-38,500227;-3,852277;;;
274047;28;6;2015;16:16;0;AV GOV RAUL BARBOSA;;;;;Colisão;Luz do Dia;;;Meio de Quadra;;;0;1;1;1;0;0;0;0;0;1;0;0;;;;;
274066;28;6;2015;23:11;0;RUA BERNARDO MANUEL;;;;;Colisão;;;;Meio de Quadra;;;0;1;1;1;0;0;0;0;0;1;0;0;;;;;
274058;28;6;2015;19:07;0;RUA OSCAR FRANCA;;;;;Queda;;;;Meio de Quadra;;;0;1;0;0;0;0;0;0;0;1;0;0;-38,621248;-3,785117;;;
274059;28;6;2015;19:27;0;ET PICI;;;;;Atropelamento;;;;Meio de Quadra;;;0;1;1;0;0;0;0;0;0;1;0;0;-38,574158;-3,770197;;;
274060;28;6;2015;19:43;25118;RUA DO CONTORNO UI 302;AV DEP PAULINO ROCHA;;;;Queda;;;;Outros;Não Há Controle;Comercial;0;1;0;0;0;0;0;0;0;1;0;0;-38,520975;-3,809737;;;
274053;28;6;2015;16:17;0;AV SEN FERNANDES TAVORA;;;;;Queda;Luz do Dia;;;Meio de Quadra;;;0;1;0;0;0;0;0;0;0;1;0;0;-38,599980;-3,754820;;;
274054;28;6;2015;16:22;0;AV JOSE LEON;;;;;Colisão;Luz do Dia;;;Meio de Quadra;;;0;1;0;0;0;0;0;0;0;0;0;0;;;;;
274055;28;6;2015;16:47;0;AV WASHINGTON SOARES;;;;;Atropelamento;Luz do Dia;;;Meio de Quadra;;;0;1;1;0;0;0;0;0;0;1;0;0;;;;;
274056;28;6;2015;17:57;0;AV WASHINGTON SOARES;;;;;Colisão;Anoitecer;;;Meio de Quadra;;;0;1;1;1;0;0;0;0;0;1;0;0;;;;;
273996;28;6;2015;00:28;0;RUA PRO JOSE MILTON;;;;;Atropelamento;;;;Meio de Quadra;;;0;1;1;0;0;0;0;0;0;1;0;0;;;;;
274038;28;6;2015;09:14;0;RUA URUCUTUBA;;;;;Colisão;Luz do Dia;;;Meio de Quadra;;;0;1;1;1;0;0;0;0;0;1;0;0;-38,621770;-3,798907;;;
274039;28;6;2015;12:54;0;AV GAL OSORIO DE PAIVA;;;;;Colisão;Luz do Dia;;;Meio de Quadra;;;0;1;1;1;0;0;0;0;0;1;0;0;-38,590215;-3,792545;;;
274028;28;6;2015;05:54;0;RUA PDE FRANCISCO PITA;;;;;Colisão;Amanhecer;;;Meio de Quadra;;;0;1;1;1;0;0;0;0;0;1;0;0;;;;;
274030;28;6;2015;06:10;17606;RUA CEARA;RUA PARANA;;;;Queda;Luz do Dia;;;Cruz;Pare;Comercial;0;1;0;0;0;0;0;0;0;1;0;0;-38,568348;-3,757261;;;
274031;28;6;2015;07:42;0;AV PENETRACAO OESTE I;;;;;Colisão;Luz do Dia;;;Meio de Quadra;;;0;1;1;1;0;0;0;0;0;1;0;0;;;;;
274023;28;6;2015;04:31;15189;AV ABOLICAO;RUA FRE MANSUETO;;;;Atropelamento;;;;Cruz;Semáforo;Comercial;1;0;1;1;0;0;0;0;0;0;0;0;-38,489324;-3,726368;;;
274024;28;6;2015;04:45;11021;RUA GERMANO FRANCK;RUA ALM RUBIM;;;;Queda;;;;;;;0;1;0;0;0;0;0;0;0;1;0;0;-38,557470;-3,773259;;;
274026;28;6;2015;05:38;0;AV GAL OSORIO DE PAIVA;;;;;Colisão;Amanhecer;;;Meio de Quadra;;;0;1;1;1;0;0;0;0;0;1;0;0;-38,590219;-3,792549;;;
274041;28;6;2015;13:20;0;RUA TAQUARI;;;;;Queda;Luz do Dia;;;Meio de Quadra;;;0;1;0;0;0;0;0;0;0;1;0;0;;;;;
273998;28;6;2015;02:19;0;AV PRS CASTELO BRANCO;;;;;Atropelamento;;;;Meio de Quadra;;;0;1;1;1;0;0;0;0;0;0;0;0;-38,521551;-3,723121;;;
269399;28;6;2015;00:13;23493;RUA CARVALHO JUNIOR;RUA SABINO MONTE;;;;Colisão;;;;Cruz;Pare;Residencial;0;0;2;0;0;0;0;0;0;0;0;0;-38,511538;-3,758605;;;
269402;28;6;2015;00:34;0;RUA TEN JOSE NEWTON;;;;;Atropelamento;;;;Meio de Quadra;;;0;0;2;0;0;0;0;0;0;0;0;0;;;;;
269404;28;6;2015;02:24;743;AV PASTEUR;AV PRS CASTELO BRANCO;;;;Atropelamento;;;;Cruz;Semáforo;Comercial;0;0;2;0;0;0;0;0;0;0;0;0;-38,558856;-3,711181;;;
269406;28;6;2015;02:59;15227;AV ABOLICAO;AV DES MOREIRA;;;;Colisão;;;;Cruz;Semáforo;Comercial;0;0;2;0;0;0;0;0;0;0;0;0;-38,495474;-3,727331;;;
269410;28;6;2015;04:53;0;AV DEP PAULINO ROCHA;;;;;Choque c/ Obstáculo Fixo;;;;Meio de Quadra;;;0;0;1;0;0;0;0;0;0;0;0;0;;;;;
269417;28;6;2015;09:06;0;AV DOLOR BARREIRA;;;;;Colisão;Luz do Dia;;;Meio de Quadra;;;0;0;2;0;0;0;0;0;0;0;0;0;;;;;
269422;28;6;2015;09:58;0;RUA URUCUTUBA;;;;;Atropelamento;Luz do Dia;;;Meio de Quadra;;;0;0;2;0;0;0;0;0;0;0;0;0;;;;;
269427;28;6;2015;10:04;25227;AV A CJ CEARA;AV D CJ CEARA;;;;Colisão;Luz do Dia;;;;;;0;0;2;0;0;0;0;0;0;0;0;0;-38,601152;-3,766922;;;
269430;28;6;2015;10:31;0;AV DAS GRAVIOLAS;;;;;Colisão;Luz do Dia;;;Meio de Quadra;;;0;0;2;0;0;0;0;0;0;0;0;0;;;;;
269432;28;6;2015;10:33;0;RUA JOSE BUSON;;;;;Colisão;Luz do Dia;;;Meio de Quadra;;;0;0;2;0;0;0;0;0;0;0;0;0;;;;;
269434;28;6;2015;13:57;0;AV PERIMETRAL;;;;;Colisão;Luz do Dia;;;Meio de Quadra;;;0;0;2;0;0;0;0;0;0;0;0;0;;;;;
269438;28;6;2015;16:25;0;RUA PEDRO DE SOUZA;;;;;Colisão;Luz do Dia;;;Meio de Quadra;;;0;0;2;0;0;0;0;0;0;0;0;0;;;;;
269436;28;6;2015;14:42;0;RUA OSCAR ARARIPE;;;;;Colisão;Luz do Dia;;;Meio de Quadra;;;0;1;1;1;0;0;0;0;0;1;0;0;;;;;
269445;28;6;2015;16:37;0;AV JOSE LEON;;;;;Colisão;Luz do Dia;;;Meio de Quadra;;;0;0;2;0;0;0;0;0;0;0;0;0;;;;;
269447;28;6;2015;17:46;12954;RUA BERNARDO MANUEL;AV PRS COSTA E SILVA;;;;Colisão;Anoitecer;;;;;;0;1;1;0;0;0;0;0;0;0;0;0;-38,558276;-3,821079;;;
269450;28;6;2015;18:51;0;RUA CRISTAIS PAULISTA;;;;;Colisão;;;;Meio de Quadra;;;0;0;2;0;0;0;0;0;0;0;0;0;;;;;
269452;28;6;2015;19:19;9671;RUA OSCAR FRANCA;RUA ARI MAIA;;;;Colisão;;;;Cruz;Pare;Residencial;0;0;2;0;0;0;0;0;0;0;0;0;-38,621799;-3,784963;;;
269455;28;6;2015;20:52;23688;RUA GABRIEL FIUZA;RUA DR ESTENIO GOMES;;;;Colisão;;;;;;;0;0;2;0;0;0;0;0;0;0;0;0;-38,579286;-3,787655;;;
269458;28;6;2015;20:53;0;RUA EMILIO DE MENESES;;;;;Atropelamento;;;;Meio de Quadra;;;0;1;1;1;0;0;0;0;0;0;0;0;-38,594734;-3,779686;;;
262861;28;6;2015;12:00;0;AL GRACIOLAS;;;;;Colisão;Luz do Dia;;;Meio de Quadra;;;0;0;2;1;0;0;1;0;0;0;0;0;;;;;
252678;28;6;2015;18:05;0;AV JOVITA FEITOSA;;;293;;Colisão Transversal;Anoitecer;Bom;Seca;Meio de Quadra;Semáforo;Residencial;0;0;2;1;0;0;0;0;0;0;0;0;-38,546382;-3,737776;;;
252693;28;6;2015;17:00;0;RUA BAR SOBRAL;;;756;;Colisão Traseira;Anoitecer;Bom;Seca;Meio de Quadra;Não Há Controle;Comercial;0;0;3;1;0;0;0;0;0;0;0;0;;;;;
252697;28;6;2015;11:45;5396;RUA SEN POMPEU;RUA GAL CLARINDO DE QUEIROZ;;;;Colisão Transversal;Luz do Dia;Bom;Seca;Cruz;Semáforo;Comercial;0;0;2;1;0;0;0;0;0;0;0;0;-38,531279;-3,732353;;;
252698;28;6;2015;06:45;0;AV PRO JOSE ARTHUR CARVALHO;;;2200;;Colisão Traseira;Luz do Dia;Bom;Seca;Meio de Quadra;Não Há Controle;Comercial;0;0;2;1;0;0;0;0;0;1;0;0;-38,459699;-3,824586;;;
252687;28;6;2015;18:40;1324;RUA TORRES CAMARA;RUA DR JOSE LOURENCO;;;;Colisão Transversal;Via Iluminada;Bom;Seca;Cruz;Pare;Comercial;0;1;1;1;0;0;0;0;0;1;0;0;-38,508053;-3,735281;;;
252688;28;6;2015;20:00;15290;RUA JOAQUIM NABUCO;RUA CANUTO DE AGUIAR;;;;Colisão Transversal;Via Iluminada;Bom;Seca;Cruz;Pare;Residencial;0;0;2;1;0;0;0;0;0;0;0;0;-38,499390;-3,729360;;;
252689;28;6;2015;06:00;3788;RUA WALDERY UCHOA;RUA PDE FRANCISCO PINTO;;;;Colisão Transversal;Luz do Dia;Bom;Seca;Cruz;Pare;Residencial;0;1;1;0;0;0;0;0;0;1;0;0;-38,539138;-3,744299;;;
252690;28;6;2015;12:00;1559;RUA MON CATAO;RUA PAULA NEI;;;;Colisão Transversal;Luz do Dia;Bom;Seca;Cruz;Gesto;Residencial;0;0;2;1;0;0;0;0;0;0;0;0;-38,491510;-3,741704;;;
252683;28;6;2015;12:20;1451;RUA ROCHA LIMA;RUA ANTONIO AUGUSTO;;;;Colisão Transversal;Luz do Dia;Bom;Seca;Cruz;Pare;Residencial;0;1;1;1;0;0;0;0;0;1;0;0;-38,516207;-3,738344;;;
252708;28;6;2015;06:40;0;RUA PDE IBIAPINA;;;1313;;Atropelamento;Luz do Dia;Bom;Seca;Meio de Quadra;Não Há Controle;Escola;0;1;1;1;0;0;0;0;0;0;0;0;-38,540489;-3,726692;;;
252709;28;6;2015;19:00;15104;AV HIS RAIMUNDO GIRAO;RUA ILDEFONSO ALBANO;;;;Colisão Traseira;Via Iluminada;Bom;Seca;Cruz;Semáforo;Misto;0;0;2;1;1;0;0;0;0;0;0;0;-38,509542;-3,721603;;;
252705;28;6;2015;09:00;20145;RUA POMPILIO GOMES;RUA PRO JOSE SILVEIRA;;;;Colisão Traseira;Luz do Dia;Bom;Seca;Cruz;Pare;Residencial;0;0;2;1;0;0;0;0;0;1;0;0;-38,519895;-3,811008;;;
252706;28;6;2015;14:30;0;AV ALBERTO CRAVEIRO;;;466;;Atropelamento;Luz do Dia;Bom;Seca;Meio de Quadra;Dê Preferência;Comercial;0;2;0;0;0;0;0;0;0;1;0;0;-38,516560;-3,782812;;;
252703;28;6;2015;08:20;20145;RUA POMPILIO GOMES;RUA PRO JOSE SILVEIRA;;;;Colisão Transversal;Luz do Dia;Bom;Seca;Cruz;Pare;Residencial;0;1;1;0;0;0;1;0;0;1;0;0;-38,519895;-3,811008;;;
252644;29;6;2015;20:00;22849;RUA DR JUSTA ARAUJO D45;RUA CON LIMA SUCUPIRA;;;;Outros;Via Iluminada;Bom;Seca;Cruz;Pare;Residencial;0;0;2;1;0;0;0;0;0;1;0;0;-38,550832;-3,778167;;;
252661;29;6;2015;07:50;0;AV BEZERRA DE MENEZES;;;2224;;Colisão Traseira;Luz do Dia;Nublado;Seca;Meio de Quadra;Semáforo;Comercial;0;0;2;1;0;0;1;0;0;0;0;0;-38,564524;-3,735683;;;
252663;29;6;2015;10:10;0;AV AUGUSTO DOS ANJOS;;;489;;Colisão Lateral;Luz do Dia;Bom;Seca;Meio de Quadra;Outros;Comercial;0;1;1;1;0;0;0;0;0;1;0;0;-38,572751;-3,772994;;;
252664;29;6;2015;09:00;11339;AV GODOFREDO MACIEL;AV BENJAMIM BRASIL;;;;Colisão Traseira;Luz do Dia;Bom;Seca;Cruz;Semáforo;Comercial;0;0;2;1;0;0;0;0;0;0;0;0;-38,572040;-3,803264;;;
252665;29;6;2015;13:45;1445;RUA VICENTE LEITE;RUA DES LEITE ALBUQUERQUE;;;;Colisão Transversal;Luz do Dia;Nublado;Seca;Cruz;Pare;Comercial;0;0;2;1;0;0;0;0;0;0;0;0;-38,495734;-3,738178;;;
252666;29;6;2015;12:35;0;RUA EDUARDO GARCIA;;;;;Colisão Transversal;Luz do Dia;Bom;Seca;Meio de Quadra;Gesto;Comercial;0;0;2;1;0;0;0;0;0;0;0;0;;;;;
252668;29;6;2015;09:48;0;AV PRS COSTA E SILVA;;;121;;Colisão Traseira;Luz do Dia;Bom;Seca;Meio de Quadra;Não Há Controle;Comercial;0;1;1;1;0;0;0;0;0;1;0;0;;;;;
252670;29;6;2015;14:30;13507;RUA DR JOSE LOURENCO;RUA CEL ALVES TEIXEIRA;;;;Colisão Transversal;Luz do Dia;Bom;Seca;Cruz;Não Há Controle;Comercial;0;0;2;1;0;0;0;0;0;0;0;0;-38,511496;-3,746256;;;
252671;29;6;2015;15:00;15331;RUA PEREIRA FILGUEIRAS;RUA SILVA PAULET;;;;Colisão Transversal;Luz do Dia;Bom;Seca;Cruz;Pare;Comercial;0;1;1;1;0;0;0;0;0;0;0;0;-38,504338;-3,731144;;;
252672;29;6;2015;17:40;0;AV ALBERTO CRAVEIRO;;;;;Colisão Lateral;Via Iluminada;Bom;Seca;Meio de Quadra;Dê Preferência;Comercial;0;2;0;0;0;0;0;0;0;1;0;0;;;;;
252673;29;6;2015;08:15;0;RUA ANTONIO POMPEU;;;586;;Colisão Traseira;Luz do Dia;Bom;Seca;Outros;Não Há Controle;Comercial;0;1;1;1;0;0;0;0;0;1;0;0;-38,529005;-3,735304;;;
252674;29;6;2015;10:00;0;AV JOVITA FEITOSA;;;2426;;Colisão Lateral;Luz do Dia;Bom;Seca;Meio de Quadra;Não Há Controle;Comercial;0;0;2;1;0;0;1;0;0;0;0;0;-38,559165;-3,740386;;;
252675;29;6;2015;09:00;14454;RUA TEOFILO GURGEL;RUA JULIO PINTO D08;;;;Colisão Transversal;Luz do Dia;Bom;Seca;Cruz;Pare;Residencial;0;1;1;1;0;0;0;0;0;1;0;0;-38,546395;-3,726436;;;
252676;29;6;2015;07:00;23741;RUA CON DE CASTRO;RUA GABRIEL FIUZA;;;;Colisão Transversal;Anoitecer;Bom;Seca;T;;Residencial;0;1;1;1;0;0;0;0;0;1;0;0;-38,577474;-3,789390;;;
252642;29;6;2015;06:45;0;AV GAL OSORIO DE PAIVA;;;467;;Colisão Traseira;Luz do Dia;Nublado;Seca;Meio de Quadra;Outros;Residencial;0;1;1;1;0;0;0;0;0;1;0;0;-38,566802;-3,775827;;;
252649;29;6;2015;10:00;0;AV SANTOS DUMONT;;;;;Colisão Transversal;Luz do Dia;Bom;Seca;Meio de Quadra;Semáforo;Comercial;0;0;2;1;1;0;0;0;0;0;0;0;;;;;
252656;29;6;2015;08:00;13581;RUA CAP GUSTAVO;RUA FRE BERNARDINO;;;;Colisão Lateral Sentido Oposto;Luz do Dia;Nublado;Seca;T;Pare;Residencial;0;0;2;1;0;0;0;0;0;0;0;0;-38,517554;-3,750964;;;
252657;29;6;2015;06:50;1360;RUA DES LEITE ALBUQUERQUE;RUA JOAQUIM NABUCO;;;;Colisão Traseira;Luz do Dia;Nublado;Seca;Cruz;Pare;Comercial;0;1;2;1;0;0;0;1;0;0;0;0;-38,501621;-3,736273;;;
252653;29;6;2015;15:30;8937;RUA CARLOS SEVERO;RUA ANTONIO POMPEU;;;;Colisão Lateral;Luz do Dia;Bom;Seca;Cruz;Pare;Comercial;0;0;2;1;0;0;1;0;0;0;0;0;-38,541865;-3,731863;;;
252628;29;6;2015;16:00;0;AV GOV RAUL BARBOSA;;;6887;;Colisão Lateral;Luz do Dia;Bom;Seca;Meio de Quadra;Não Há Controle;Comercial;0;0;2;1;1;0;0;0;0;0;0;0;-38,512795;-3,773995;;;
252629;29;6;2015;19:30;11164;RUA JULIO GASPAR;RUA FAGUNDES VARELA;;;;Colisão Lateral;Via Iluminada;Bom;Seca;Cruz;Pare;Residencial;0;0;2;0;0;0;0;0;0;1;0;0;-38,562332;-3,783086;;;
252630;29;6;2015;01:15;13559;RUA PRO CARVALHO;RUA CASTRO ALVES;;;;Colisão Lateral;Via Iluminada;Bom;Seca;Cruz;Não Há Controle;Residencial;0;0;2;1;0;0;0;0;0;0;0;0;-38,515531;-3,749706;;;
252631;29;6;2015;18:30;0;AV ABOLICAO;;;4022;;Colisão Traseira;Via Iluminada;Bom;Seca;Outros;Pare;Comercial;0;0;2;1;0;0;0;0;0;0;0;0;-38,481625;-3,723952;;;
252640;29;6;2015;21:30;12864;AV DOMINGOS OLIMPIO;RUA ASSUNCAO;;;;Outros;Via Iluminada;Nublado;Molhada;Cruz;Semáforo;Residencial;0;1;1;1;0;0;0;0;1;0;0;0;-38,529548;-3,737192;;;
252633;29;6;2015;19:30;0;RUA DR SOCORRO AZEVEDO;;;580;;Choque c/ Obstáculo Fixo;Não Iluminada;Bom;Seca;Meio de Quadra;Outros;Residencial;0;0;1;1;0;0;0;0;0;0;0;0;-38,492543;-3,768871;;;
252634;29;6;2015;22:00;17277;AV PRO GOMES DE MATOS;RUA SATIRO DIAS;;;;Colisão Transversal;Via Iluminada;Nublado;Molhada;Cruz;Semáforo;Comercial;0;1;1;0;0;0;1;0;0;1;0;0;-38,546868;-3,762623;;;
252635;29;6;2015;08:30;8643;AV EDILSON B SOARES;AV ENG LEAL LIMA VERDE (SAPIRANGA/COITE);;;;Colisão Transversal;Luz do Dia;Nublado;Seca;Cruz;Pare;Comercial;0;0;2;1;1;0;0;0;0;0;0;0;-38,476215;-3,789082;;;
252636;29;6;2015;15:30;3789;AV 13 DE MAIO;RUA WALDERY UCHOA;;;;Colisão Lateral;Luz do Dia;Bom;Seca;Cruz;Pare;Comercial;0;0;3;1;0;0;0;0;0;0;0;0;-38,537427;-3,742399;;;
259026;29;6;2015;07:50;0;RD BR 116;;;2000;KM-02;Colisão Traseira;Luz do Dia;Bom;Seca;Meio de Quadra;Não Há Controle;Comercial;0;1;1;1;0;0;0;0;0;1;0;0;-38,516780;-3,771391;;;
259027;29;6;2015;18:30;0;RD BR 116;;;6000;KM-06;Atropelamento;Anoitecer;Bom;Seca;Meio de Quadra;Não Há Controle;Comercial;0;2;0;0;0;0;0;0;0;1;0;0;-38,503053;-3,804691;;;
259048;29;6;2015;04:40;0;RD BR 222;;;;;Choque c/ Obstáculo Fixo;Amanhecer;Chuva;Molhada;Meio de Quadra;Não Há Controle;Comercial;1;0;0;1;0;0;0;0;0;0;0;0;-38,604686;-3,741613;;;
262863;29;6;2015;17:25;0;RUA GERMANO FRANCK;;;;;Colisão;Anoitecer;;;Meio de Quadra;;;0;0;2;1;1;0;0;0;0;0;0;0;;;;;
269459;29;6;2015;02:40;0;RUA PESSOA ANTA;;;;;Atropelamento;;;;Meio de Quadra;;;0;0;2;0;0;0;0;0;0;0;0;0;;;;;
269461;29;6;2015;11:21;0;RUA VITAL BRASIL;;;;;Colisão;Luz do Dia;;;Meio de Quadra;;;0;0;2;0;0;0;0;0;0;0;0;0;;;;;
269463;29;6;2015;11:27;0;RUA CEL QUEIROZ;;;;;Atropelamento;Luz do Dia;;;Meio de Quadra;;;0;1;1;0;0;0;0;0;0;1;0;0;;;;;
269465;29;6;2015;11:53;0;RUA PDE SA LEITAO;;;;;Colisão;Luz do Dia;;;Meio de Quadra;;;0;0;2;0;0;0;0;0;0;0;0;0;;;;;
269467;29;6;2015;12:09;0;AV DOM ALOÍSIO LORSCHEIDER;;;;;Colisão;Luz do Dia;;;Meio de Quadra;;;0;0;2;0;0;0;0;0;0;0;0;0;;;;;
269468;29;6;2015;12:59;24585;RUA GAMA;RUA BETA CJ VILA VELHA;;;;Atropelamento;Luz do Dia;;;;;;0;0;2;0;0;0;0;0;0;0;0;0;-38,602595;-3,711820;;;
269470;29;6;2015;17:33;0;AV PRS COSTA E SILVA;;;;;Colisão;Anoitecer;;;Meio de Quadra;;;0;0;2;0;0;0;0;0;0;0;0;0;;;;;
269473;29;6;2015;18:26;0;AV GAL OSORIO DE PAIVA;;;;;Colisão;Anoitecer;;;Meio de Quadra;;;0;0;2;0;0;0;0;0;0;0;0;0;;;;;
269474;29;6;2015;18:36;3033;RUA DECIO DE CASTRO;RUA ANDRE REBOUCAS;;;;Colisão;;;;Com Via Férrea;Pare;Residencial;0;0;2;0;0;0;0;0;0;0;0;0;-38,589480;-3,774642;;;
274068;29;6;2015;01:06;0;RUA MARIA QUINTELA;;;;;Queda;;;;Meio de Quadra;;;0;1;0;0;0;0;0;0;0;1;0;0;-38,582564;-3,777906;;;
274081;29;6;2015;05:18;0;AV DIOGUINHO;;;577;BARATAO;Queda;Amanhecer;;;Meio de Quadra;;;0;1;0;0;0;0;0;0;0;1;0;0;-38,463604;-3,722674;;;
274115;29;6;2015;15:53;0;RUA CHICO LEMOS;;;;;Colisão;Luz do Dia;;;Meio de Quadra;;;0;1;1;1;0;0;0;0;0;1;0;0;-38,499281;-3,790979;;;
274100;29;6;2015;06:40;0;AV BEZERRA DE MENEZES;;;;;Colisão;Luz do Dia;;;Meio de Quadra;;;0;1;1;1;0;0;0;0;0;1;0;0;;;;;
274109;29;6;2015;11:33;0;AV DR SILAS MUNGUBA;;;;;Colisão;Luz do Dia;;;Meio de Quadra;;;0;1;1;1;0;0;0;0;0;1;0;0;-38,532397;-3,795686;;;
274110;29;6;2015;13:57;0;RUA COM GARCIA;;;;;Colisão;Luz do Dia;;;Meio de Quadra;;;0;1;1;1;0;0;0;0;0;1;0;0;-38,584122;-3,794173;;;
274111;29;6;2015;14:33;0;AV ROGACIANO LEITE;;;;;Colisão;Luz do Dia;;;Meio de Quadra;;;0;1;1;1;0;0;0;0;0;1;0;0;-38,501747;-3,780880;;;
274102;29;6;2015;06:53;15184;AV ABOLICAO;RUA TIBURCIO CAVALCANTE;;;;Colisão;Luz do Dia;;;Cruz;Semáforo;Comercial;0;1;1;1;0;0;0;0;0;1;0;0;-38,499409;-3,726066;;;
274103;29;6;2015;07:06;0;RUA RAUL CABRAL;;;;;Colisão;Luz do Dia;;;Meio de Quadra;;;0;1;0;0;0;0;0;0;0;0;0;0;-38,545386;-3,768463;;;
274104;29;6;2015;07:12;0;AV DEP PAULINO ROCHA;;;;;Colisão;Luz do Dia;;;Meio de Quadra;;;0;1;1;1;0;0;0;0;0;1;0;0;;;;;
274097;29;6;2015;06:04;0;AV HERACLITO GRACA;;;;;Colisão;Luz do Dia;;;Meio de Quadra;;;0;1;1;1;0;0;0;0;0;1;0;0;;;;;
274098;29;6;2015;06:31;0;RUA CRISTAIS PAULISTA;;;;;Colisão;Luz do Dia;;;Meio de Quadra;;;0;1;0;0;0;0;0;0;0;1;0;0;;;;;
274094;29;6;2015;05:38;0;RUA VILA LOBOS;;;;;Atropelamento;Amanhecer;;;Meio de Quadra;;;0;1;1;1;0;0;0;0;0;0;0;0;;;;;
274129;29;6;2015;19:09;0;AV SEN CARLOS JEREISSATI (AEROPORTO);;;;;Atropelamento;;;;Meio de Quadra;;;0;1;0;0;0;0;0;0;0;0;0;0;;;;;
274126;29;6;2015;18:46;0;RUA DES LEITE ALBUQUERQUE;;;;;Colisão;;;;Meio de Quadra;;;0;1;1;1;0;0;0;0;0;1;0;0;-38,491560;-3,739534;;;
274121;29;6;2015;17:29;0;RUA CON DE CASTRO;;;;;Colisão;Anoitecer;;;Meio de Quadra;;;0;1;1;1;0;0;0;0;0;1;0;0;-38,577530;-3,789450;;;
274123;29;6;2015;18:34;0;RUA PAU BRASIL;;;;;Colisão;;;;Meio de Quadra;;;0;1;0;0;0;0;0;0;0;0;0;0;;;;;
274132;29;6;2015;19:43;0;AV J CJ CEARA;;;;ESTAÇÃO DE TREM;Atropelamento;;;;Meio de Quadra;;;0;1;0;0;0;0;0;0;0;0;0;1;;;;;
274151;30;6;2015;03:11;0;AV CASTELO DE CASTRO;;;;;Colisão;;;;Meio de Quadra;;;0;1;0;1;0;0;0;0;0;0;0;0;-38,521543;-3,832592;;;
274152;30;6;2015;04:05;0;AV 13 DE MAIO;;;;;Queda;;;;Meio de Quadra;;;0;1;0;0;0;0;0;0;0;1;0;0;-38,526569;-3,751684;;;
274153;30;6;2015;07:29;12666;RUA ROSINHA SAMPAIO;AV CEL CARVALHO;;;;Colisão;Luz do Dia;;;Cruz;Pare;Comercial;0;1;0;0;0;0;0;0;0;1;0;0;-38,585413;-3,726938;;;
274155;30;6;2015;09:05;0;AV JOSE BASTOS;;;;;Colisão;Luz do Dia;;;Meio de Quadra;;;0;1;1;1;0;0;0;0;0;1;0;0;;;;;
274163;30;6;2015;09:29;0;RUA JULIO ABREU;;;;;Colisão;Luz do Dia;;;;;;0;1;0;0;0;0;0;0;0;0;0;0;;;;;
274164;30;6;2015;09:29;0;RUA JULIO ABREU;;;;;Colisão;Luz do Dia;;;Meio de Quadra;;;0;0;1;0;0;0;0;0;0;0;0;0;;;;;
274167;30;6;2015;14:17;0;AV JOSE BASTOS;;;;;Colisão;Luz do Dia;;;Meio de Quadra;;;0;1;1;1;0;0;0;0;0;1;0;0;-38,554835;-3,754377;;;
274172;30;6;2015;15:14;0;RUA NOGUEIRA ACIOLI;;;;;Colisão;Luz do Dia;;;Meio de Quadra;;;0;1;1;1;0;0;0;0;0;1;0;0;;;;;
274187;30;6;2015;17:04;0;RUA SEBASTIAO DE ABREU;;;;;Colisão;Anoitecer;;;Meio de Quadra;;;0;1;1;1;0;0;0;0;0;1;0;0;;;;;
274190;30;6;2015;17:13;0;RUA NEREU RAMOS;;;;;Colisão;Anoitecer;;;Meio de Quadra;;;0;1;0;1;0;0;1;0;0;0;0;0;;;;;
274194;30;6;2015;22:48;0;AV BEZERRA DE MENEZES;;;;;Colisão;;;;Meio de Quadra;;;0;1;1;0;0;0;0;0;0;1;0;0;;;;;
269476;30;6;2015;09:51;0;AV FRANCISCO SA;;;;;Colisão;Luz do Dia;;;Meio de Quadra;;;0;0;2;0;0;0;0;0;0;0;0;0;;;;;
269477;30;6;2015;11:09;12645;RUA MARIA CLARA;RUA ERETIDES ALENCAR;;;;Colisão;Luz do Dia;;;Cruz;Não Há Controle;Residencial;0;1;1;1;0;0;0;0;0;1;0;0;-38,582832;-3,725660;;;
269481;30;6;2015;11:41;12834;RUA ANTONIO POMPEU;RUA BAR RIO BRANCO;;;;Colisão;Luz do Dia;;;Cruz;Semáforo;Comercial;0;0;2;0;0;0;0;0;0;0;0;0;-38,530891;-3,734707;;;
269483;30;6;2015;16:18;25062;RUA PDE AMBROSIO MACHADO;AV DOS EXPEDICIONARIOS;;;;Colisão;Luz do Dia;;;Cruz;Pare;Misto;0;0;2;0;0;0;0;0;0;0;0;0;-38,539946;-3,760838;;;
269484;30;6;2015;20:58;12903;RUA BAR ARATANHA;RUA CARLOS GOMES;;;;Atropelamento;;;;Cruz;Não Há Controle;Residencial;0;1;1;1;0;0;0;0;0;0;0;0;-38,529020;-3,740756;;;