COD_ACIDENTE;DIA;MES;ANO;HORA;INTERSECAO;LOG1;LOG2;LOG3;NUMERO;REFERENCIA;NATUREZA;ILUMINACAO;TEMPO;SUPERFICIEPISTA;TIPOCRUZAMENTO;CONTROLETRAFEGO;USOSOLO;MORTOS;FERIDOS;ILESOS;AUTOMOVEL;ONIBUS;BICICLETA;CAMINHAO;MICROONIBUS;CICLOMOTOR;MOTOCICLETA;TRACAOANIMAL;TREM;LONG;LAT;;;
269486;30;6;2015;21:44;0;RUA VALPARAISO;;;;;Colisão;;;;Meio de Quadra;;;0;1;1;0;0;0;0;0;0;1;0;0;-38,526004;-3,844035;;;
262872;30;6;2015;14:37;0;AV FRE CIRILO;;;;;Colisão;Luz do Dia;;;Meio de Quadra;;;0;0;2;1;0;0;1;0;0;0;0;0;;;;;
262870;30;6;2015;10:42;605;AV FRANCISCO SA;RUA TEODORO CABRAL;;;;Colisão;Luz do Dia;;;Cruz;Pare;Residencial;0;0;2;1;0;0;0;0;0;0;0;0;-38,566115;-3,714432;;;
259028;30;6;2015;13:02;0;RD BR 116;;;3000;KM-03;Colisão Transversal;Luz do Dia;Bom;Seca;Meio de Quadra;Não Há Controle;Comercial;0;1;1;0;0;0;1;0;0;1;0;0;-38,514372;-3,779838;;;
252722;30;6;2015;17:40;0;AV JOAO PESSOA;;;6411;;Colisão Lateral;Anoitecer;Bom;Seca;Meio de Quadra;Semáforo Intermitente;Comercial;0;0;2;1;1;0;0;0;0;0;0;0;-38,559406;-3,766267;;;
252744;30;6;2015;18:30;9055;AV VIS RIO BRANCO;RUA ARTHUR TEMOTEO;;;;Colisão Lateral;Via Iluminada;Bom;Seca;Cruz;Pare;Misto;0;1;1;1;0;0;0;0;0;1;0;0;-38,522164;-3,745349;;;
252745;30;6;2015;07:50;5458;RUA BARBARA DE ALENCAR;RUA RODRIGUES JUNIOR;;;;Colisão Lateral;Luz do Dia;Nublado;Seca;Cruz;Pare;Comercial;0;0;2;1;1;0;0;0;0;0;0;0;-38,522156;-3,735343;;;
252746;30;6;2015;19:00;0;AV FRANCISCO SA;;;2366;;Colisão Transversal;Via Iluminada;Bom;Seca;Meio de Quadra;Não Há Controle;Comercial;0;0;3;1;1;0;1;0;0;0;0;0;-38,546524;-3,720963;;;
252747;30;6;2015;21:50;6743;AV SANTOS DUMONT;RUA ALMEIDA PRADO;;;;Colisão Lateral;Via Iluminada;Bom;Seca;Cruz;Semáforo;Comercial;0;0;2;1;0;0;0;0;0;0;0;0;-38,475153;-3,743712;;;
252734;30;6;2015;15:30;5627;AV ROGACIANO LEITE;AV JOSE LEON;;;;Colisão Lateral;Via Iluminada;;Seca;Cruz;Semáforo;Comercial;0;1;1;1;0;0;0;0;0;1;0;0;-38,503527;-3,787355;;;
252735;30;6;2015;23:40;0;AV PRS COSTA E SILVA;;;2670;;Colisão Traseira;Via Iluminada;Bom;Seca;Meio de Quadra;Não Há Controle;Comercial;0;1;1;1;0;0;0;0;0;0;0;0;;;;;
252736;30;6;2015;09:00;22099;AV JOSE BASTOS;RUA JOSE FACANHA;;;;Colisão Traseira;Luz do Dia;Chuva;Molhada;T;Semáforo;Comercial;0;1;2;0;0;0;0;0;0;1;0;0;-38,554822;-3,754359;;;
252737;30;6;2015;14:20;8936;AV DOMINGOS OLIMPIO;RUA PRC ISABEL;;;;Colisão Traseira;Luz do Dia;Bom;Seca;Cruz;Semáforo;Residencial;0;0;2;1;0;0;0;0;0;0;0;0;-38,537790;-3,734438;;;
252739;30;6;2015;13:30;0;AV AGUANAMBI;;;68;;Colisão Traseira;Luz do Dia;Bom;Seca;Meio de Quadra;Semáforo;Comercial;0;1;1;1;0;0;0;0;0;0;0;0;-38,524250;-3,737691;;;
252740;30;6;2015;14:30;22176;AV JOSE BASTOS;AV ENG HUMBERTO MONTE;;;;Colisão Transversal;Luz do Dia;Bom;Seca;T;Semáforo;Comercial;0;1;1;0;0;0;0;0;0;1;0;0;-38,555455;-3,754966;;;
252749;30;6;2015;19:00;13602;AV ROGACIANO LEITE;RUA DR THOMPSON BULCAO;;;;Colisão Traseira;Via Iluminada;Bom;Seca;Cruz;Semáforo;Comercial;0;0;2;1;0;0;0;0;0;0;0;0;-38,496968;-3,767788;;;
252751;30;6;2015;13:40;0;RUA RIO GRANDE DO NORTE;;;420;;Colisão Lateral;Luz do Dia;Bom;Seca;Meio de Quadra;;Residencial;0;0;2;0;0;0;0;0;0;1;0;0;;;;;
252752;30;6;2015;21:00;6817;RUA BENTO ALBUQUERQUE;RUA FRANCISCO MATOS;;;;Colisão Transversal;Via Iluminada;Bom;Seca;Cruz;Pare;Residencial;0;1;1;1;0;0;0;0;0;0;0;0;-38,470436;-3,747862;;;
252754;30;6;2015;09:20;5317;RUA GAL CLARINDO DE QUEIROZ;RUA PDE MORORO;;;;Colisão Lateral;Luz do Dia;Nublado;Molhada;T;Outros;Comercial;0;1;1;1;0;0;0;0;0;1;0;0;-38,538837;-3,729924;;;
252755;30;6;2015;07:00;5333;RUA GAL CLARINDO DE QUEIROZ;RUA PRC ISABEL;;;;Colisão Transversal;Luz do Dia;Nublado;Seca;Cruz;Pare;Comercial;0;1;1;1;0;0;0;0;0;0;0;0;-38,536711;-3,730592;;;
252756;30;6;2015;07:30;13505;AV RUI BARBOSA;RUA CEL ALVES TEIXEIRA;;;;Colisão Transversal;Luz do Dia;Chuva;Molhada;Cruz;Gesto;Comercial;0;1;2;1;0;1;0;0;0;0;0;0;-38,512684;-3,746112;;;
252757;30;6;2015;10:05;1538;AV PDE ANTONIO TOMAS;RUA LEONARDO MOTA;;;;Colisão Lateral;Luz do Dia;Bom;Seca;Cruz;Semáforo;Misto;0;0;2;1;0;0;1;0;0;0;0;0;-38,497662;-3,740811;;;
252758;30;6;2015;08:30;0;AV ZEZE DIOGO;;;3740;;Colisão Lateral;Luz do Dia;Chuva;Molhada;Meio de Quadra;Outros;Comercial;0;0;2;1;0;0;1;0;0;0;0;0;;;;;
252760;30;6;2015;07:30;6813;RUA VILEBALDO AGUIAR;RUA JOSE BORBA VASCONCELOS;;;;Colisão Lateral;Luz do Dia;Chuva;Molhada;Cruz;Pare;Misto;0;0;2;1;0;0;0;0;0;0;0;0;-38,471771;-3,745728;;;
252761;30;6;2015;09:20;0;AV MIGUEL DIAS;;;220;;Colisão Traseira;Luz do Dia;Nublado;Seca;Meio de Quadra;Outros;Comercial;0;0;2;1;0;0;0;0;0;0;0;0;-38,488175;-3,759344;;;
252762;30;6;2015;10:40;0;AV JOVITA FEITOSA;;;1196;;Colisão Traseira;Luz do Dia;Bom;Seca;Meio de Quadra;Não Há Controle;Comercial;0;0;2;1;0;0;0;0;0;0;0;0;-38,554779;-3,739522;;;
252764;30;6;2015;17:00;5234;RUA PEREIRA FILGUEIRAS;RUA NOGUEIRA ACIOLI;;;;Colisão Transversal;Via Iluminada;Bom;Seca;Cruz;Pare;Residencial;0;0;2;0;0;0;0;0;0;0;0;0;-38,516029;-3,727333;;;
252765;30;6;2015;10:10;0;AV ANTONIO SALES;AV ALM HENRIQUE SABOIA;;;;Colisão Traseira;Luz do Dia;Chuva;Molhada;Meio de Quadra;;Outros;0;0;2;1;0;0;0;0;0;0;0;0;;;;;
252766;30;6;2015;09:30;24293;RUA JULIO ABREU;RUA DELMIRO GOUVEIA;;;;Colisão Lateral;Luz do Dia;Nublado;Seca;Cruz;Pare;Comercial;0;1;3;1;1;0;0;0;0;0;0;0;-38,488072;-3,735900;;;
252767;30;6;2015;13:10;25163;RUA SAO FRANCISCO D34;RUA MARIA JULIA ROCHA;;;;Colisão Transversal;Luz do Dia;Bom;Seca;Cruz;Pare;Residencial;0;0;2;1;0;0;0;0;0;0;0;0;-38,602742;-3,800920;;;
252768;30;6;2015;09:15;0;AV SGT HERMINIO SAMPAIO;;;725;;Engavetamento;Luz do Dia;Bom;Seca;Meio de Quadra;Não Há Controle;Comercial;0;0;3;1;0;0;0;0;0;0;0;0;-38,547354;-3,724577;;;
252769;30;6;2015;09:00;0;AV JOAO PESSOA;;;5358;;Engavetamento;Luz do Dia;Chuva;Molhada;Meio de Quadra;Não Há Controle;Residencial;0;0;3;1;0;0;0;0;0;0;0;0;-38,554648;-3,758233;;;
252771;30;6;2015;21:00;0;AV AGUANAMBI;;;;ROTATÓRIA;Colisão Lateral;Via Iluminada;Bom;Seca;Meio de Quadra;Pare;Comercial;0;0;2;1;0;0;0;0;0;0;0;0;-38,523043;-3,755538;;;
252772;30;6;2015;15:30;5419;RUA NOGUEIRA ACIOLI;RUA FIUZA DE PONTES;;;;Colisão Lateral;Luz do Dia;Bom;Seca;Cruz;Pare;Residencial;0;1;1;1;0;0;0;0;0;1;0;0;-38,517884;-3,733368;;;
252773;30;6;2015;19:00;0;RUA NEREU RAMOS;;;540;;Colisão Transversal;Via Iluminada;Bom;Seca;Meio de Quadra;Não Há Controle;Residencial;0;1;2;1;0;0;1;0;0;0;0;0;-38,571378;-3,785577;;;
252732;30;6;2015;09:30;0;AV JOVITA FEITOSA;RUA CARVALHO MOTA;;;;Colisão Traseira;Luz do Dia;Chuva;Molhada;Meio de Quadra;Não Há Controle;Comercial;0;0;3;1;0;0;0;0;0;0;0;0;;;;;
252728;30;6;2015;15:00;0;AV ALBERTO CRAVEIRO;;;466;;Colisão Lateral;Luz do Dia;Bom;Seca;Meio de Quadra;Não Há Controle;Comercial;0;0;2;1;0;0;1;0;0;0;0;0;-38,516560;-3,782812;;;
252729;30;6;2015;14:30;17501;RUA MANUEL JESUINO;AV ABOLICAO;;;;Colisão Traseira;Luz do Dia;Bom;Seca;Cruz;Semáforo Intermitente;Comercial;0;0;2;1;0;0;0;0;0;1;0;0;-38,484515;-3,725398;;;
252726;30;6;2015;;0;AV ALBERTO CRAVEIRO;;;466;;Engavetamento;Luz do Dia;Bom;Seca;Meio de Quadra;Não Há Controle;Comercial;0;0;3;1;0;0;0;0;0;0;0;0;-38,516560;-3,782812;;;
259061;1;7;2015;07:00;0;RD BR 116;;;5000;KM-05;Colisão Traseira;Luz do Dia;Bom;Seca;Meio de Quadra;Não Há Controle;Comercial;0;1;1;1;0;0;0;0;0;1;0;0;-38,506787;-3,796502;;;
262917;1;7;2015;13:58;0;RUA BERNARDO MANUEL;;;;;Colisão;Luz do Dia;;;Meio de Quadra;;;0;0;2;1;0;0;0;0;0;0;0;0;;;;;
262914;1;7;2015;08:07;238;RUA GAL BERNARDO FIGUEIREDO;RUA GONCALVES DIAS;;;;Colisão;Luz do Dia;;;Cruz;Pare;Comercial;0;0;2;1;0;0;0;0;0;0;0;0;-38,552444;-3,739793;;;
262915;1;7;2015;13:07;0;AV DOM MANUEL;;;;;Colisão;Luz do Dia;;;Meio de Quadra;;;0;0;2;1;0;0;0;0;0;0;0;0;;;;;
262987;1;7;2015;02:57;0;AV WASHINGTON SOARES;;;;;Atropelamento;;;;Meio de Quadra;;;0;1;1;1;0;0;0;0;0;0;0;0;;;;;
263031;1;7;2015;19:28;0;AV GAL OSORIO DE PAIVA;;;;;Atropelamento;;;;Meio de Quadra;;;0;1;1;0;1;0;0;0;0;0;0;0;;;;;
263027;1;7;2015;17:07;0;AV BORGES DE MELO;;;;;Atropelamento;Anoitecer;;;Meio de Quadra;;;0;1;0;0;0;0;0;0;0;0;0;0;;;;;
263025;1;7;2015;16:42;0;AV JOSE LEON;;;;;Colisão;Luz do Dia;;;Meio de Quadra;;;0;1;1;1;0;0;0;0;0;1;0;0;;;;;
263034;1;7;2015;19:36;0;AV SGT HERMINIO SAMPAIO;;;;;Atropelamento;;;;Meio de Quadra;;;0;1;1;0;0;0;0;0;0;1;0;0;;;;;
263036;1;7;2015;19:45;0;AV SEN CARLOS JEREISSATI (AEROPORTO);;;;;Colisão;;;;Meio de Quadra;;;0;1;1;1;0;0;0;0;0;1;0;0;;;;;
263038;1;7;2015;22:09;4099;RUA OLIMPIO DE PAIVA;RUA LUCAS PINTO;;;;Colisão;;;;Cruz;Não Há Controle;Residencial;0;1;1;1;0;0;0;0;0;1;0;0;-38,559618;-3,717822;;;
263009;1;7;2015;15:54;0;RUA ANARIO BRAGA;;;;;Colisão;Luz do Dia;;;Meio de Quadra;;;0;1;1;1;0;0;0;0;0;1;0;0;;;;;
263022;1;7;2015;16:38;0;AV DA INDEPENDENCIA;;;;;Colisão;Luz do Dia;;;Meio de Quadra;;;0;1;1;1;0;0;0;0;0;1;0;0;;;;;
263006;1;7;2015;14:26;19252;RUA LIVINO DE CARVALHO;AV JOAO PESSOA;;;;Colisão;Luz do Dia;;;T;;;0;1;0;0;1;0;0;0;0;1;0;0;-38,561062;-3,770275;;;
263007;1;7;2015;15:39;0;AV SEN CARLOS JEREISSATI (AEROPORTO);;;;;Colisão;Luz do Dia;;;Meio de Quadra;;;0;1;0;1;0;0;0;0;0;0;0;0;;;;;
263000;1;7;2015;09:53;0;AV ENG HUMBERTO MONTE;;;;;Queda;Luz do Dia;;;Meio de Quadra;;;0;1;0;0;0;0;0;0;0;1;0;0;;;;;
263001;1;7;2015;12:14;0;AV PERIMETRAL;;;;;Queda;Luz do Dia;;;Meio de Quadra;;;0;1;0;0;0;0;0;0;0;1;0;0;;;;;
264042;1;7;2015;22:00;19667;AV BEZERRA DE MENEZES;RUA ERETIDES MARTINS;;;;Colisão;;;;;;;0;2;0;1;0;0;0;0;0;1;0;0;-38,557568;-3,734232;;;
259443;1;7;2015;14:15;0;AV SEN CARLOS JEREISSATI (AEROPORTO);;;;KM 03;Colisão;Luz do Dia;Bom;Seca;Meio de Quadra;;Comercial;0;0;2;1;0;0;1;0;0;0;0;0;-38,541414;-3,780382;;;
259444;1;7;2015;15:00;0;AV SEN CARLOS JEREISSATI (AEROPORTO);;;;KM 02;Colisão;Luz do Dia;Nublado;Seca;Meio de Quadra;;Comercial;0;0;2;1;0;0;0;0;0;0;0;0;-38,529156;-3,783932;;;
268337;1;7;2015;22:51;6087;RUA 218 CJ CEARA;RUA 202 CJ CEARA;;;;Colisão;;;;T;Outros;Residencial;0;0;2;0;0;0;0;0;0;0;0;0;-38,608467;-3,767243;;;
268335;1;7;2015;22:47;0;RUA RAIMUNDO MATIAS;;;815;;Colisão;;;;Meio de Quadra;;;0;0;2;0;0;0;0;0;0;0;0;0;;;;;
268332;1;7;2015;18:39;0;RUA DNA BELA;;;58;;Colisão;;;;Meio de Quadra;;;0;0;2;0;0;0;0;0;0;0;0;0;;;;;
268326;1;7;2015;18:34;1900;RUA MARIA QUINTINO;RUA AUGUSTA BENEVIDES;;;;Colisão;;;;Cruz;Não Há Controle;Comercial;0;0;2;0;0;0;0;0;0;0;0;0;-38,499690;-3,849445;;;
268322;1;7;2015;16:56;0;AV OLIVEIRA PAIVA;;;1267;;Colisão;Luz do Dia;;;Meio de Quadra;;;0;0;2;0;0;0;0;0;0;0;0;0;-38,495100;-3,795403;;;
268319;1;7;2015;12:02;0;RUA EUCLIDES O DE SOUSA;;;1152;;Atropelamento;Luz do Dia;;;Meio de Quadra;;;0;0;2;0;0;0;0;0;0;0;0;0;-38,469655;-3,797362;;;
254436;1;7;2015;02:49;15169;AV BEIRA MAR;RUA JOAQUIM NABUCO;;;;Colisão;;;;T;Pare;Outros;0;0;2;1;0;0;1;0;0;0;0;0;-38,498120;-3,725387;;;
254438;1;7;2015;20:30;0;AV FRE CIRILO;;;;;Colisão Traseira;Via Iluminada;Bom;Seca;Meio de Quadra;Semáforo;Comercial;0;0;2;1;0;0;0;0;0;0;0;0;;;;;
254442;1;7;2015;13:00;0;RUA GONCALVES DIAS;;;;;Colisão Transversal;Luz do Dia;Bom;Seca;Meio de Quadra;Pare;Residencial;0;1;1;1;0;0;0;0;0;1;0;0;;;;;
254443;1;7;2015;17:40;12533;AV CEL CARVALHO;RUA MARIA CLARA;;;;Colisão Transversal;Luz do Dia;Bom;Seca;Cruz;Pare;Comercial;0;0;2;1;0;0;0;1;0;0;0;0;-38,585818;-3,725382;;;
254446;1;7;2015;15:40;0;AV PRS COSTA E SILVA;;;4587;CHESF;Colisão Lateral;Luz do Dia;Bom;Seca;Meio de Quadra;Semáforo;Comercial;0;0;2;1;0;0;0;0;0;0;0;0;-38,539331;-3,825712;;;
254447;1;7;2015;19:30;15135;AV HIS RAIMUNDO GIRAO;RUA FRANCISCO DIAS RIBEIRO;;;;Colisão Transversal;Via Iluminada;Bom;Seca;Cruz;Pare;Comercial;0;0;2;1;1;0;0;0;0;0;0;0;-38,504397;-3,724024;;;
254448;1;7;2015;06:30;0;RUA DA MANGUEIRA;;;;;Choque c/ Obstáculo Fixo;Luz do Dia;Chuva;Molhada;Meio de Quadra;Não Há Controle;Residencial;0;0;1;1;0;0;0;0;0;0;0;0;;;;;
254450;1;7;2015;18:20;0;RUA PAPI JUNIOR;;;1682;;Colisão Transversal;Via Iluminada;Bom;Seca;Meio de Quadra;Não Há Controle;Residencial;0;1;1;1;0;1;0;0;0;0;0;0;-38,556065;-3,750715;;;
254451;1;7;2015;12:00;0;RUA MANUEL DE QUEIROZ;;;460;;Colisão Lateral;Luz do Dia;Bom;Seca;Meio de Quadra;Não Há Controle;Misto;0;1;1;1;0;0;0;0;0;1;0;0;;;;;
254452;1;7;2015;16:15;6817;RUA FRANCISCO MATOS;RUA BENTO ALBUQUERQUE;;;;Colisão Transversal;Luz do Dia;Bom;Seca;Cruz;Pare;Residencial;0;0;2;0;0;0;0;0;0;1;0;0;-38,470436;-3,747862;;;
254453;1;7;2015;13:00;19753;RUA AZEVEDO BOLAO;RUA ERICO MOTA;;;;Colisão Transversal;Luz do Dia;Bom;Seca;Cruz;Pare;Misto;0;0;3;1;0;0;0;0;0;0;0;0;-38,562522;-3,737645;;;
254454;1;7;2015;09:30;15501;AV FRE CIRILO;RUA FREDERICO SEVERO;;;;Colisão Traseira;Luz do Dia;Bom;Seca;T;Pare;Comercial;0;1;1;1;0;0;0;0;0;1;0;0;-38,496307;-3,819870;;;
254455;1;7;2015;19:50;0;AV ALBERTO CRAVEIRO;;;2111;;Choque c/ Obstáculo Fixo;Via Iluminada;Bom;Seca;Meio de Quadra;Não Há Controle;Residencial;0;1;0;1;0;0;0;0;0;0;0;0;-38,518813;-3,798843;;;
254456;1;7;2015;19:00;0;AV ENG HUMBERTO MONTE;;;887;;Colisão Transversal;Via Iluminada;Bom;Seca;Meio de Quadra;Não Há Controle;Misto;0;0;2;1;0;0;0;0;0;0;0;0;-38,559036;-3,750961;;;
254457;1;7;2015;16:00;17410;RUA ALM RUBIM;RUA PRO TEODORICO;;;;Colisão Lateral;Luz do Dia;Bom;Seca;Cruz;Pare;Residencial;0;0;2;1;0;0;0;0;0;0;0;0;-38,555605;-3,767984;;;
254460;1;7;2015;09:00;0;AV GOV PARSIFAL BARROSO;;;;;Queda;Luz do Dia;Bom;Seca;Meio de Quadra;Não Há Controle;Comercial;0;1;0;0;0;0;0;0;0;1;0;0;;;;;
254461;1;7;2015;06:30;19820;AV JOVITA FEITOSA;RUA GAL PIRAGIBE;;;;Colisão Transversal;Luz do Dia;Bom;Seca;Cruz;Semáforo;Residencial;0;0;2;1;0;0;0;0;0;0;0;0;-38,557484;-3,740049;;;
254462;1;7;2015;14:30;20975;RUA ALAGOAS;RUA MONTEIRO LOBATO;;;;Colisão Transversal;Luz do Dia;Bom;Seca;Cruz;Pare;Residencial;0;0;2;1;0;0;0;0;0;0;0;0;-38,580095;-3,750582;;;
254463;1;7;2015;14:55;7645;RUA ESTADO DO RIO;RUA PERNAMBUCO;;;;Colisão Transversal;Luz do Dia;Nublado;Seca;Cruz;Pare;Misto;0;1;1;1;0;0;0;0;0;1;0;0;-38,570848;-3,758439;;;
254465;1;7;2015;18:25;0;AV ENG SANTANA JUNIOR;;;1927;;Colisão Traseira;Via Iluminada;Bom;Seca;Meio de Quadra;Semáforo;Comercial;0;0;2;1;0;0;0;0;0;1;0;0;-38,486384;-3,742507;;;
254467;1;7;2015;17:30;7982;RUA CARLOS CAMARA;RUA MAJ WEYNE;;;;Colisão Lateral;Anoitecer;Bom;Seca;Cruz;Pare;Residencial;0;1;1;1;0;0;0;0;0;1;0;0;-38,544497;-3,748600;;;
254468;2;7;2015;07:00;5062;RUA DR JOAO MOREIRA;RUA GAL SAMPAIO;;;;Colisão Transversal;Luz do Dia;Bom;Seca;Cruz;Semáforo;Comercial;0;2;0;0;0;0;0;0;0;1;0;0;-38,529364;-3,722030;;;
254469;2;7;2015;15:00;8937;RUA ANTONIO POMPEU;RUA CARLOS SEVERO;;;;Colisão Lateral;Luz do Dia;Bom;Seca;Cruz;Pare;Comercial;0;1;1;1;0;0;0;0;0;1;0;0;-38,541865;-3,731863;;;
254473;2;7;2015;06:10;0;RUA ANTONIO DIVINO;;;104;;Colisão Frontal;Anoitecer;Bom;Seca;Meio de Quadra;;Residencial;0;0;2;1;0;0;0;0;0;1;0;0;-38,560074;-3,804026;;;
254474;2;7;2015;08:00;1503;AV SEN VIRGILIO TAVORA;RUA EDUARDO GARCIA;;;;Colisão Traseira;Luz do Dia;Bom;Seca;Cruz;Semáforo;Comercial;0;0;1;1;0;0;0;0;0;1;0;0;-38,494102;-3,739797;;;
254475;2;7;2015;09:00;0;RUA MERUOCA;;;190;;Colisão Transversal;Luz do Dia;Bom;Seca;Meio de Quadra;Não Há Controle;Residencial;0;0;2;1;1;0;0;0;0;0;0;0;-38,482933;-3,731504;;;
254477;2;7;2015;13:00;0;RUA DES LEITE ALBUQUERQUE;;;1056;;Outros;Luz do Dia;Bom;Seca;Meio de Quadra;Não Há Controle;Escola;0;0;2;0;0;0;0;0;0;1;0;0;-38,495655;-3,738201;;;
254479;2;7;2015;14:00;5504;RUA PDE VALDEVINO;RUA JOAO CORDEIRO;;;;Colisão Traseira;Luz do Dia;Bom;Seca;Cruz;Semáforo;Residencial;0;0;1;1;0;0;0;0;0;1;0;0;-38,517550;-3,738896;;;
254481;2;7;2015;08:10;5109;AV ALBERTO NEPOMUCENO;RUA DR JOAO MOREIRA;;;;Colisão Lateral;Luz do Dia;Bom;Seca;Com Via Férrea;Semáforo;Misto;0;0;3;1;1;0;0;0;0;0;0;0;-38,524608;-3,723737;;;
254482;2;7;2015;15:20;25387;AV AUGUSTO DOS ANJOS;TR SANTABAIA;;;;Colisão Transversal;Luz do Dia;Bom;Seca;T;Pare;Comercial;0;1;1;1;0;0;0;0;0;1;0;0;-38,575525;-3,776038;;;
254483;2;7;2015;;0;AV BEZERRA DE MENEZES;;;;;Choque c/ Obstáculo Fixo;Via Iluminada;Nublado;Seca;Meio de Quadra;Semáforo;Comercial;0;0;1;1;0;0;0;0;0;0;0;0;;;;;
254485;2;7;2015;19:00;7862;AV ANTONIO SALES;RUA PRO DIAS DA ROCHA;;;;Colisão Transversal;;Bom;Seca;Cruz;Pare;Comercial;0;0;2;1;0;0;0;0;0;0;0;0;-38,495535;-3,747586;;;
254486;2;7;2015;19:50;0;AV 13 DE MAIO;;;1251;;Colisão;Luz do Dia;Bom;Seca;Meio de Quadra;Não Há Controle;Comercial;0;1;1;1;0;0;0;0;0;0;0;0;-38,530043;-3,748709;;;
254488;2;7;2015;06:50;0;AV ANTONIO SALES;;;55;;Colisão Lateral;Luz do Dia;Bom;Seca;Meio de Quadra;Semáforo;;0;0;2;0;1;0;0;0;0;0;0;0;-38,522994;-3,738817;;;
254489;2;7;2015;18:40;0;AV CARNEIRO DE MENDONCA;;;1600;;Colisão Lateral;Via Iluminada;Bom;Seca;Meio de Quadra;Não Há Controle;Comercial;0;0;2;1;0;0;0;0;0;1;0;0;-38,572666;-3,760990;;;
254490;2;7;2015;18:05;0;AV BENJAMIM BRASIL;;;498;;Colisão Traseira;Luz do Dia;Bom;Seca;Meio de Quadra;;Residencial;0;0;2;1;0;0;0;0;0;0;0;0;-38,568417;-3,804379;;;
254491;2;7;2015;14:30;5084;RUA SEN ALENCAR;RUA PRC ISABEL;;;;Colisão Transversal;Luz do Dia;Bom;Seca;Cruz;Pare;Comercial;0;0;2;1;0;0;0;0;0;0;0;0;-38,534356;-3,722828;;;
254492;2;7;2015;12:00;25021;RUA TEODOMIRO DE CASTRO;RUA DR HUGO ROCHA;;;;Colisão Lateral;Luz do Dia;Bom;Seca;Cruz;Pare;Comercial;0;0;2;0;1;0;0;0;0;0;0;0;-38,568901;-3,720504;;;
254493;2;7;2015;09:30;0;RUA ALBERTO MAGNO;;;;;Colisão Lateral;Luz do Dia;Bom;Seca;Meio de Quadra;;Comercial;0;0;2;1;0;0;0;0;0;0;0;0;;;;;
254494;2;7;2015;16:40;0;AV PRS JUSCELINO KUBITSCHEK (PASSARÉ);;;3999;;Colisão Traseira;Luz do Dia;Nublado;Seca;Meio de Quadra;Semáforo;Comercial;0;0;2;1;0;0;0;0;0;0;0;0;-38,532271;-3,817185;;;
254495;2;7;2015;12:00;0;AV JOSE BASTOS;;;4000;;Colisão Lateral;Luz do Dia;Bom;Seca;Meio de Quadra;Gesto;Comercial;0;1;2;1;0;0;0;0;0;1;0;0;-38,553458;-3,752996;;;
254496;2;7;2015;13:40;0;RUA MON CARNEIRO DA CUNHA;;;;;Colisão Lateral;Luz do Dia;Bom;Seca;Meio de Quadra;Semáforo;Residencial;0;1;1;1;0;0;0;0;0;1;0;0;;;;;
254498;2;7;2015;18:00;25102;AV FILOMENO GOMES;AV FRANCISCO SA;;;;Colisão Lateral;Via Iluminada;Bom;Seca;Cruz;Semáforo;Comercial;0;0;2;1;0;0;1;0;0;0;0;0;-38,541044;-3,722742;;;
254500;2;7;2015;09:20;22099;AV JOSE BASTOS;RUA JOSE FACANHA;;;;Colisão Traseira;Luz do Dia;Bom;Seca;T;Semáforo;Comercial;0;1;1;0;0;0;0;0;0;1;0;0;-38,554822;-3,754359;;;
254502;2;7;2015;14:20;0;RUA JOAQUIM NABUCO;;;2570;;Engavetamento;Luz do Dia;Bom;Seca;Meio de Quadra;Não Há Controle;Misto;0;1;2;1;0;0;0;0;0;1;0;0;-38,505278;-3,747701;;;
254504;2;7;2015;15:15;0;RUA BAR ARACATI;;;1060;;Colisão Lateral;Luz do Dia;Bom;Seca;;;;0;0;2;1;0;0;0;0;0;0;0;0;-38,511127;-3,730409;;;
254505;2;7;2015;12:30;22162;AV JOSE BASTOS;RUA PORFIRIO SAMPAIO;;;;Colisão Lateral;Luz do Dia;Bom;Seca;Cruz;Semáforo;Comercial;0;0;2;1;0;0;0;0;0;0;0;0;-38,546271;-3,745851;;;
254507;2;7;2015;09:00;0;AV DR THEBERGE;;;1618;;Atropelamento;Luz do Dia;Bom;Seca;Meio de Quadra;Outros;Residencial;0;3;0;0;0;0;0;0;0;1;0;0;-38,565219;-3,715461;;;
254510;2;7;2015;06:40;0;RUA WALDIR DIOGO;;;;;Colisão Lateral;Luz do Dia;Bom;Seca;Outros;Pare;Residencial;0;1;1;1;0;1;0;0;0;0;0;0;;;;;
254511;2;7;2015;16:35;9159;RUA MIN JOAQUIM BASTOS D14;RUA DEP OSWALDO STUDART;;;;Colisão Traseira;Luz do Dia;Bom;Seca;Outros;Pare;Comercial;0;0;2;1;0;0;0;0;0;0;0;0;-38,528221;-3,753766;;;
268352;2;7;2015;17:49;13402;AV ANTONIO SALES;RUA ILDEFONSO ALBANO;;;;Colisão;Anoitecer;;;Cruz;Não Há Controle;Comercial;0;0;2;0;0;0;0;0;0;0;0;0;-38,515947;-3,741238;;;
268346;2;7;2015;16:07;6746;RUA DR GILBERTO STUDART;RUA ZAMENHOF;;;;Colisão;Luz do Dia;;;Cruz;Pare;Residencial;0;0;2;0;0;0;0;0;0;0;0;0;-38,476632;-3,745007;;;