COD_ACIDENTE;DIA;MES;ANO;HORA;INTERSECAO;LOG1;LOG2;LOG3;NUMERO;REFERENCIA;NATUREZA;ILUMINACAO;TEMPO;SUPERFICIEPISTA;TIPOCRUZAMENTO;CONTROLETRAFEGO;USOSOLO;MORTOS;FERIDOS;ILESOS;AUTOMOVEL;ONIBUS;BICICLETA;CAMINHAO;MICROONIBUS;CICLOMOTOR;MOTOCICLETA;TRACAOANIMAL;TREM;LONG;LAT;;;
268347;2;7;2015;16:53;0;LOGRADOURO SEM NOME;;;;;Colisão;Luz do Dia;;;Meio de Quadra;;;0;0;2;0;0;0;0;0;0;0;0;0;;;;;
268343;2;7;2015;13:46;15238;RUA TEN BENEVOLO;RUA BAR ARACATI;;;;Colisão;Luz do Dia;;;Cruz;Pare;Comercial;0;0;2;0;0;0;0;0;0;0;0;0;-38,510266;-3,727628;;;
268340;2;7;2015;12:58;0;RUA RUFINO DE ALENCAR;;;;;Colisão;Luz do Dia;;;Meio de Quadra;;;0;0;2;0;0;0;0;0;0;0;0;0;;;;;
268379;2;7;2015;22:57;25709;AV D CJ CEARA;RUA 432 CJ CEARA;;;;Colisão;;;;T;Não Há Controle;Residencial;0;0;2;0;0;0;0;0;0;0;0;0;-38,603300;-3,761083;;;
268383;2;7;2015;23:39;0;AV OLIVEIRA PAIVA;;;;;Colisão;;;;Meio de Quadra;;;0;0;2;0;0;0;0;0;0;0;0;0;;;;;
268365;2;7;2015;21:34;0;RUA RAIMUNDO FROTA;;;4437;;Colisão;;;;Meio de Quadra;;;0;0;2;0;0;0;0;0;0;0;0;0;;;;;
268369;2;7;2015;21:56;15137;AV MON TABOSA;RUA ILDEFONSO ALBANO;;;;Colisão;;;;Cruz;Semáforo;Comercial;0;0;2;0;0;0;0;0;0;0;0;0;-38,510333;-3,724155;;;
259446;2;7;2015;07:00;0;RD CE-040;;;;;Colisão;Luz do Dia;Bom;Seca;Meio de Quadra;;Comercial;0;0;2;1;0;0;0;0;0;0;0;0;;;;;
259447;2;7;2015;10:00;0;RD CE-040;;;;KM-06;Colisão;Luz do Dia;Bom;Seca;Meio de Quadra;;Comercial;0;0;2;1;0;0;1;0;0;0;0;0;-38,478781;-3,811270;;;
259449;2;7;2015;15:00;0;RD CE-040;;;;KM-06;Colisão;Luz do Dia;Bom;Seca;Meio de Quadra;;Comercial;0;0;2;1;0;0;0;0;0;0;0;0;-38,478781;-3,811270;;;
259450;2;7;2015;18:00;0;AV SEN CARLOS JEREISSATI (AEROPORTO);;;;KM 01;Atropelamento;Anoitecer;Bom;Seca;Meio de Quadra;;Comercial;0;3;0;0;0;0;0;0;0;1;0;0;-38,520356;-3,783803;;;
263048;2;7;2015;06:14;0;AV ANTONIO SALES;;;;;Colisão;Luz do Dia;;;Meio de Quadra;;;0;1;0;0;0;0;0;0;0;0;0;0;;;;;
263072;2;7;2015;14:38;0;RUA JOSE HIPOLITO;;;;;Colisão;Luz do Dia;;;Meio de Quadra;;;0;1;1;1;0;0;0;0;0;1;0;0;;;;;
263073;2;7;2015;14:53;17535;RUA MANUEL JESUINO;RUA ALVARO CORREIA;;;;Colisão;Luz do Dia;;;Cruz;Não Há Controle;Residencial;0;1;1;1;0;0;0;0;0;1;0;0;-38,485118;-3,728674;;;
263068;2;7;2015;09:24;0;RUA MON SALAZAR;;;;;Colisão;Luz do Dia;;;Meio de Quadra;;;0;1;1;1;0;0;0;0;0;1;0;0;;;;;
263069;2;7;2015;13:59;0;RUA CON DE CASTRO;;;;;Colisão;Luz do Dia;;;Meio de Quadra;;;0;1;0;0;0;0;0;0;0;0;0;0;;;;;
263078;2;7;2015;17:44;0;RD BR 116;;;3000;KM-03;Atropelamento;Anoitecer;;;Meio de Quadra;;;0;1;1;0;0;0;0;0;0;1;0;0;-38,514372;-3,779838;;;
263079;2;7;2015;18:20;0;RUA RAUL CABRAL;;;;;Colisão;Anoitecer;;;Meio de Quadra;;;0;1;1;1;0;0;0;0;0;1;0;0;;;;;
263080;2;7;2015;18:20;7646;RUA ESTADO DO RIO;RUA ALAGOAS;;;;Colisão;Anoitecer;;;Cruz;Pare;Escola;0;1;0;0;0;0;0;0;0;0;0;0;-38,571323;-3,759172;;;
263081;2;7;2015;18:26;0;AV WASHINGTON SOARES;;;;;Atropelamento;Anoitecer;;;Meio de Quadra;;;0;1;1;0;0;0;0;0;0;1;0;0;;;;;
263075;2;7;2015;15:02;0;AV AUGUSTO DOS ANJOS;;;;;Colisão;Luz do Dia;;;Meio de Quadra;;;0;1;1;1;0;0;0;0;0;1;0;0;;;;;
263076;2;7;2015;16:57;11932;AV CASTELO DE CASTRO;AV PRS COSTA E SILVA;;;;Colisão;Luz do Dia;;;Cruz;Semáforo;Misto;0;1;0;0;0;0;0;0;0;0;0;0;-38,521435;-3,829012;;;
263083;2;7;2015;18:53;0;AV DIOGUINHO;;;479;;Atropelamento;;;;Meio de Quadra;;;0;1;1;1;0;0;0;0;0;0;0;0;-38,463833;-3,722211;;;
263084;2;7;2015;20:18;0;AV F CJ CEARA;;;;;Colisão;;;;Meio de Quadra;;;0;1;0;0;0;0;0;0;0;0;0;0;;;;;
263040;2;7;2015;00:56;0;AV 13 DE MAIO;;;;;Colisão;;;;Meio de Quadra;;;0;1;1;1;0;0;0;0;0;1;0;0;;;;;
263041;2;7;2015;01:19;15289;RUA ANA BILHAR;AV DES MOREIRA;;;;Colisão;;;;Cruz;Semáforo;Residencial;0;1;1;1;0;0;0;0;0;1;0;0;-38,496113;-3,729331;;;
263065;2;7;2015;08:30;0;RD BR 116;;;;;Colisão;Luz do Dia;;;Meio de Quadra;;;0;1;1;1;0;1;0;0;0;0;0;0;;;;;
263066;2;7;2015;09:04;577;AV FRANCISCO SA;AV DR THEBERGE;;;;Colisão;Luz do Dia;;;Cruz;Semáforo;Comercial;0;1;0;1;0;0;0;0;0;1;0;0;-38,565016;-3,714822;;;
262921;2;7;2015;04:32;0;RUA CONDE D´EU;;;;;Colisão;;;;Meio de Quadra;;;0;0;2;0;1;0;1;0;0;0;0;0;;;;;
262922;2;7;2015;09:50;0;AV MIN JOSE AMERICO;;;;;Colisão;Luz do Dia;;;Meio de Quadra;;;0;0;2;1;0;0;0;0;0;0;0;0;;;;;
262924;2;7;2015;09:50;0;AV CEL CARVALHO;;;;;Colisão;Luz do Dia;;;Meio de Quadra;;;0;0;2;1;0;0;0;0;0;0;0;0;;;;;
259062;2;7;2015;08:30;0;RD BR 116;;;6000;KM-06;Colisão;Luz do Dia;Bom;Seca;Meio de Quadra;Não Há Controle;Comercial;0;1;1;0;1;1;0;0;0;0;0;0;-38,503053;-3,804691;;;
259063;2;7;2015;17:35;0;RD BR 116;;;3000;KM-03;Colisão Frontal;Anoitecer;Bom;Seca;Meio de Quadra;Não Há Controle;Comercial;0;2;0;0;0;0;0;0;0;1;0;0;-38,514372;-3,779838;;;
263085;2;7;2015;21:14;0;RUA TEODOMIRO DE CASTRO;;;;;Colisão;;;;Meio de Quadra;;;0;1;1;1;0;0;0;0;0;1;0;0;;;;;
263087;2;7;2015;22:19;0;RUA VIRGILIO BRANDAO;;;;;Colisão;;;;Meio de Quadra;;;0;1;0;0;0;0;0;0;0;0;0;0;;;;;
263089;2;7;2015;23:56;0;RUA PRO GOMES BRASIL;;;;;Queda;;;;Meio de Quadra;;;0;1;0;0;0;0;0;0;0;1;0;0;;;;;
263090;2;7;2015;01:13;0;AV JOVITA FEITOSA;;;;;Capotamento;;;;Meio de Quadra;;;0;1;0;1;0;0;0;0;0;0;0;0;;;;;
268000;2;7;2015;18:30;0;RUA ENG LUIS MONTENEGRO;;;;;Colisão;Anoitecer;;;Meio de Quadra;;;1;0;1;1;0;0;0;0;0;0;0;0;;;;;
263093;3;7;2015;05:31;0;RUA PDE MORORO;;;;;Colisão;Amanhecer;;;Meio de Quadra;Pare;Residencial;0;1;0;1;1;0;0;0;0;0;0;0;;;;;
263095;3;7;2015;06:24;0;RUA HOMEM DE MELO;;;;;Colisão;Luz do Dia;;;Meio de Quadra;;;0;1;1;1;0;0;0;0;0;1;0;0;;;;;
263098;3;7;2015;06:58;5174;AV TRISTAO GONCALVES;RUA GUILHERME ROCHA;;;;Atropelamento;Luz do Dia;;;Cruz;Semáforo;Comercial;0;1;1;0;0;0;0;0;0;1;0;0;-38,532707;-3,725452;;;
263099;3;7;2015;07:21;0;AV AGUANAMBI;;;;ROTATÓRIA;Colisão;Luz do Dia;;;Meio de Quadra;;;0;1;1;1;0;0;0;0;0;1;0;0;-38,523043;-3,755538;;;
263101;3;7;2015;08:17;0;AV PERIMETRAL;;;;;Colisão;Luz do Dia;;;Meio de Quadra;;;0;1;0;0;0;0;0;0;0;1;0;0;;;;;
263111;3;7;2015;09:23;0;RUA OSVALDO CRUZ;;;;;Colisão;Luz do Dia;;;Meio de Quadra;;;0;0;2;1;0;0;0;0;0;1;0;0;;;;;
263109;3;7;2015;08:55;0;AV 13 DE MAIO;;;;;Atropelamento;Luz do Dia;;;Meio de Quadra;;;0;1;1;0;0;0;0;0;0;1;0;0;;;;;
263116;3;7;2015;09:58;0;RUA ALVARO FERNANDES;;;;;Colisão;Luz do Dia;;;Meio de Quadra;;;0;1;1;1;0;0;0;0;0;1;0;0;;;;;
263118;3;7;2015;13:11;0;AV MR HULL;;;;;Colisão;Luz do Dia;;;Meio de Quadra;;;0;1;1;1;0;0;0;0;0;1;0;0;;;;;
263119;3;7;2015;16:20;0;AV WASHINGTON SOARES;;;;;Colisão;Luz do Dia;;;Meio de Quadra;;;0;1;1;1;0;0;0;0;0;1;0;0;;;;;
263120;3;7;2015;17:20;0;RUA JOSE HIPOLITO;;;;;Colisão;Anoitecer;;;Meio de Quadra;;;0;1;0;0;0;0;0;0;0;0;0;0;;;;;
263126;3;7;2015;20:14;0;RUA PDE PEDRO DE ALENCAR;;;;;Colisão;;;;Meio de Quadra;;;0;1;1;1;0;0;0;0;0;1;0;0;;;;;
263146;3;7;2015;02:47;0;AV CASTELO DE CASTRO;;;;;Colisão;;;;Meio de Quadra;;;0;1;1;0;0;0;0;0;0;1;0;0;;;;;
263122;3;7;2015;18:16;0;AV GAL MURILO BORGES;;;;;Colisão;Anoitecer;;;Meio de Quadra;;;0;1;1;1;0;0;0;0;0;1;0;0;;;;;
263124;3;7;2015;19:50;0;AV GAL OSORIO DE PAIVA;;;;;Queda;;;;Meio de Quadra;;;0;1;0;0;0;0;0;0;0;1;0;0;;;;;
263141;3;7;2015;20:47;0;RUA PRO GOMES BRASIL;;;;;Colisão;;;;Meio de Quadra;;;0;1;1;1;0;0;0;0;0;1;0;0;;;;;
259049;3;7;2015;13:50;0;RD BR 222;;;;KM-01;Colisão Traseira;Luz do Dia;Bom;Seca;Meio de Quadra;Não Há Controle;Comercial;1;0;1;1;0;0;0;0;0;1;0;0;-38,577952;-3,737774;;;
262927;3;7;2015;01:01;0;AV BEZERRA DE MENEZES;;;;;Colisão;;;;Meio de Quadra;;;0;0;2;1;0;0;0;0;0;0;0;0;;;;;
262928;3;7;2015;02:28;15194;RUA DEP MOREIRA DA ROCHA;RUA ILDEFONSO ALBANO;;;;Colisão;;;;Cruz;Pare;Residencial;0;0;2;1;0;0;0;0;0;0;0;0;-38,511072;-3,726480;;;
262937;3;7;2015;14:57;0;AV GAL OSORIO DE PAIVA;;;;;Colisão;Luz do Dia;;;Meio de Quadra;;;0;0;2;1;0;0;0;0;0;0;0;0;;;;;
264123;3;7;2015;23:07;0;AV CARAPINIMA;;;;;Atropelamento;;;;Meio de Quadra;;;1;0;1;0;0;0;0;0;0;0;0;0;;;;;
259451;3;7;2015;12:30;0;RD CE-040;;;;KM-08;Colisão;Luz do Dia;Bom;Seca;Meio de Quadra;;Comercial;0;1;1;1;0;0;0;0;0;1;0;0;-38,481317;-3,823332;;;
259455;3;7;2015;17:00;0;AV SEN CARLOS JEREISSATI (AEROPORTO);;;;KM 01;Colisão;Anoitecer;Bom;Seca;Meio de Quadra;Não Há Controle;Comercial;0;0;2;1;0;0;0;0;0;0;0;0;-38,520356;-3,783803;;;
259453;3;7;2015;16:00;0;RD CE-040;;;;KM-08;Colisão;Luz do Dia;Bom;Seca;Meio de Quadra;;Comercial;0;1;1;1;0;0;0;0;0;1;0;0;-38,481317;-3,823332;;;
259459;3;7;2015;19:00;0;RD CE-040;;;;KM-06;Colisão;Via Iluminada;Bom;Seca;Meio de Quadra;;Comercial;0;0;2;1;0;0;0;0;0;0;0;0;-38,478781;-3,811270;;;
268387;3;7;2015;14:38;0;RUA VALPARAISO;;;45;;Colisão;Luz do Dia;;;Meio de Quadra;;;0;0;2;0;0;0;0;0;0;0;0;0;;;;;
268398;3;7;2015;16:15;13389;AV ANTONIO SALES;RUA JOAO CORDEIRO;;;;Atropelamento;Luz do Dia;;;Cruz;Semáforo Intermitente;Comercial;0;0;2;0;0;0;0;0;0;0;0;0;-38,518068;-3,740588;;;
268402;3;7;2015;17:20;0;AV MON TABOSA;;;578;;Colisão;Anoitecer;;;Meio de Quadra;;;0;0;2;0;0;0;0;0;0;0;0;0;-38,514174;-3,723902;;;
268407;3;7;2015;21:07;0;AV CENTRAL CJ CEARA;;;;;Colisão;;;;Meio de Quadra;;;0;0;2;0;0;0;0;0;0;0;0;0;;;;;
268411;3;7;2015;22:01;0;AV GODOFREDO MACIEL;;;277;;Colisão;;;;Meio de Quadra;;;0;0;2;0;0;0;0;0;0;0;0;0;-38,564696;-3,779464;;;
268414;3;7;2015;22:31;23784;RUA RAIMUNDO NERY;RUA MON AGOSTINHO;;;;Atropelamento;;;;Cruz;Pare;Comercial;0;0;2;0;0;0;0;0;0;0;0;0;-38,587155;-3,792435;;;
268435;3;7;2015;23:09;0;RUA F CJ ITAPERI;;;158;;Colisão;;;;Meio de Quadra;;;0;0;2;0;0;0;0;0;0;0;0;0;-38,547223;-3,796863;;;
268438;3;7;2015;23:14;7751;RUA ESTADO DO RIO;RUA CEARA;;;;Colisão;;;;Cruz;Pare;Misto;0;0;2;0;0;0;0;0;0;0;0;0;-38,569606;-3,756475;;;
268442;3;7;2015;23:46;0;RUA CLAUDIO MANUEL;;;;;Atropelamento;;;;Meio de Quadra;;;0;0;2;0;0;0;0;0;0;0;0;0;;;;;
254514;3;7;2015;19:55;1557;RUA BARBOSA DE FREITAS;RUA CAROLINA SUCUPIRA;;;;Colisão Transversal;Via Iluminada;Bom;Seca;Cruz;Pare;Residencial;0;1;1;1;0;0;0;0;0;0;0;0;-38,498942;-3,741517;;;
254517;3;7;2015;13:45;15360;AV DES MOREIRA;AV DOM LUIS;;;;Colisão Lateral;Luz do Dia;Bom;Seca;Rotatória;Não Há Controle;Comercial;0;0;2;1;1;0;0;0;0;0;0;0;-38,497383;-3,733239;;;
254520;3;7;2015;01:30;0;AV ENG HUMBERTO MONTE;;;2450;;Choque c/ Obstáculo Fixo;Via Iluminada;Bom;Molhada;Meio de Quadra;Não Há Controle;Residencial;0;1;0;1;0;0;0;0;0;0;0;0;-38,566889;-3,741654;;;
254521;3;7;2015;04:50;0;AV BEZERRA DE MENEZES;;;1339;;Colisão Traseira;Via Iluminada;Bom;Seca;Meio de Quadra;Não Há Controle;Comercial;0;1;2;1;0;0;1;0;0;0;0;0;;;;;
254523;3;7;2015;19:30;12495;RUA ERNESTO PEDRO SANTOS;AV CARNEIRO DE MENDONCA;;;;Atropelamento;Via Iluminada;Bom;Seca;Cruz;Pare;Residencial;1;0;1;0;0;0;0;0;0;0;0;0;-38,574887;-3,760006;;;
254524;3;7;2015;08:15;17287;AV PRO GOMES DE MATOS;RUA VASCO DA GAMA;;;;Colisão Transversal;Luz do Dia;Chuva;Molhada;Cruz;Pare;Comercial;0;0;2;1;0;0;0;0;0;0;0;0;-38,547335;-3,763166;;;
254526;3;7;2015;11:15;0;AV AGUANAMBI;;;1017;;Colisão Traseira;Luz do Dia;Nublado;Molhada;Meio de Quadra;Não Há Controle;Comercial;0;0;2;0;0;0;0;1;0;0;0;0;-38,525342;-3,745822;;;
254527;3;7;2015;13:00;5327;RUA FRANKLIN TAVORA;RUA RODRIGUES JUNIOR;;;;Colisão Transversal;Luz do Dia;Bom;Seca;Cruz;Pare;Residencial;0;1;1;1;0;0;0;0;0;1;0;0;-38,520551;-3,730338;;;
254528;3;7;2015;10:18;1527;RUA OSVALDO CRUZ (ALDEOTA);RUA CAROLINA SUCUPIRA;;;;Colisão Transversal;Luz do Dia;Nublado;Molhada;Cruz;Pare;Residencial;0;1;1;1;0;0;0;0;0;1;0;0;-38,501914;-3,740552;;;
254529;3;7;2015;08:00;6737;AV ENG SANTANA JUNIOR;AV PDE ANTONIO TOMAS;;;;Colisão Lateral;Luz do Dia;Nublado;Molhada;Cruz;Semáforo;Comercial;0;0;2;0;0;0;0;0;0;0;0;0;-38,488012;-3,743981;;;
254530;3;7;2015;15:50;9176;AV AGUANAMBI;AV EDUARDO GIRAO;;;;Colisão Traseira;Luz do Dia;Bom;Seca;Rotatória;Semáforo;Comercial;0;0;2;1;0;0;0;0;0;0;0;0;-38,523639;-3,755303;;;
254531;3;7;2015;19:15;21586;RUA CON DE CASTRO;RUA AGAMENON;;;;Colisão Transversal;Via Iluminada;Bom;Seca;Cruz;Não Há Controle;Residencial;0;2;0;0;0;0;0;0;0;1;0;0;-38,583003;-3,795357;;;
254532;3;7;2015;20:15;7635;AV CARNEIRO DE MENDONCA;RUA GOIAS;;;;Colisão Transversal;Via Iluminada;Bom;Seca;Cruz;Pare;Residencial;0;0;2;1;1;0;0;0;0;0;0;0;-38,568394;-3,763223;;;
254533;3;7;2015;18:00;0;RUA STA LIDUINA D42;;;255;;Colisão Traseira;Via Iluminada;Bom;Seca;Meio de Quadra;Semáforo Manual;Residencial;0;0;2;1;0;0;0;0;0;0;0;0;-38,585123;-3,800171;;;
254534;3;7;2015;12:10;9193;RUA MARIO MAMEDE;RUA JAIME CALADO;;;;Colisão Transversal;Luz do Dia;Bom;Seca;Cruz;Pare;Residencial;0;0;2;1;0;0;0;0;0;0;0;0;-38,527919;-3,752281;;;
254535;3;7;2015;18:30;15301;RUA TEN BENEVOLO;RUA SILVA PAULET;;;;Colisão Transversal;Via Iluminada;Bom;Seca;Cruz;Pare;Residencial;0;0;2;1;0;0;0;0;0;0;0;0;-38,503888;-3,729724;;;
254536;3;7;2015;06:15;5356;AV DUQ CAXIAS;RUA GAL SAMPAIO;;;;Colisão Transversal;Amanhecer;Bom;Seca;Cruz;Semáforo;Misto;0;0;2;1;0;0;0;0;0;0;0;0;-38,532029;-3,731096;;;
254537;3;7;2015;12:30;0;RUA CON DE CASTRO;;;;;Colisão Lateral;;Bom;Seca;Meio de Quadra;;Residencial;0;0;2;1;1;0;0;0;0;0;0;0;;;;;
254538;3;7;2015;12:25;23787;RUA RAIMUNDO NERY;RUA DR ESTENIO GOMES;;;;Colisão Transversal;Luz do Dia;Bom;Seca;Cruz;Pare;Comercial;0;0;2;0;0;0;0;0;0;0;0;0;-38,586043;-3,795067;;;
254541;3;7;2015;07:30;18743;RUA VALPARAISO;RUA CATOLE;;;;Colisão Lateral;Luz do Dia;Chuva;Molhada;Cruz;Pare;Residencial;0;0;2;1;0;0;1;0;0;0;0;0;-38,520171;-3,846407;;;
254542;3;7;2015;08:00;0;RUA CHICO LEMOS;;;269;;Colisão Frontal;;Chuva;Molhada;Meio de Quadra;Não Há Controle;Residencial;0;0;2;1;0;0;0;0;0;0;0;0;-38,499437;-3,790638;;;
254543;3;7;2015;08:00;1230;RUA COSTA BARROS;RUA BAR ARACATI;;;;Colisão Traseira;Luz do Dia;Nublado;Molhada;Cruz;Pare;Misto;0;0;2;1;0;0;0;0;0;0;0;0;-38,511153;-3,730488;;;
254544;3;7;2015;10:00;13537;AV SORIANO ALBUQUERQUE;RUA CAP GUSTAVO;;;;Colisão Traseira;Luz do Dia;Nublado;Seca;Cruz;Semáforo;Comercial;0;0;2;1;0;0;1;0;0;0;0;0;-38,518063;-3,748124;;;
254545;3;7;2015;09:10;7888;AV DES MOREIRA;RUA ISRAEL BEZERRA;;;;Colisão Traseira;Luz do Dia;Nublado;Molhada;Cruz;Semáforo;Comercial;0;0;2;1;1;0;0;0;0;0;0;0;-38,501963;-3,747526;;;
254546;3;7;2015;09:20;0;AV DOS EXPEDICIONARIOS;;;11171;;Colisão Transversal;Luz do Dia;Bom;Molhada;;;;0;0;2;0;1;0;1;0;0;0;0;0;-38,557075;-3,817334;;;
254548;3;7;2015;08:00;0;AV JULIO VENTURA;;;;;Colisão Traseira;Luz do Dia;Chuva;Molhada;Meio de Quadra;Semáforo;Comercial;0;0;1;1;0;0;0;0;0;0;0;0;;;;;
254549;3;7;2015;09:20;0;AV BEZERRA DE MENEZES;;;500;;Colisão Traseira;Luz do Dia;Nublado;Molhada;Meio de Quadra;Não Há Controle;Comercial;0;0;2;1;0;0;0;0;0;0;0;0;-38,549481;-3,732563;;;
254550;3;7;2015;06:40;116;RUA RUI MONTE;RUA PRO JOSE LEITE GONDIM;;;;Colisão Transversal;Luz do Dia;Nublado;Molhada;Cruz;Pare;Residencial;0;0;2;1;0;0;0;0;0;0;0;0;-38,587413;-3,741250;;;
254551;3;7;2015;09:35;1337;AV SANTOS DUMONT;RUA OSVALDO CRUZ (ALDEOTA);;;;Colisão;Luz do Dia;Nublado;Molhada;Cruz;Semáforo;Comercial;0;0;2;1;1;0;0;0;0;0;0;0;-38,500317;-3,735602;;;
254552;3;7;2015;08:20;3829;RUA PAULINO NOGUEIRA;RUA MAL DEODORO;;;;Colisão Traseira;Luz do Dia;Chuva;Molhada;Cruz;Pare;Comercial;0;1;1;0;0;0;0;0;0;1;0;0;-38,537199;-3,744452;;;
254553;3;7;2015;18:20;0;AV JOSE BASTOS;;;2850;;Colisão Traseira;Via Iluminada;Bom;Seca;Meio de Quadra;Não Há Controle;Comercial;0;0;3;1;0;0;0;0;0;0;0;0;-38,546151;-3,745726;;;
254554;3;7;2015;18:00;22162;AV JOSE BASTOS;RUA PORFIRIO SAMPAIO;;;;Colisão Traseira;Anoitecer;Bom;Seca;Cruz;Semáforo;Comercial;0;0;2;1;0;0;0;0;0;0;0;0;-38,546271;-3,745851;;;
254556;3;7;2015;10:10;15501;AV FRE CIRILO;RUA FREDERICO SEVERO;;;;Colisão Traseira;;Chuva;Seca;T;Pare;Residencial;0;0;2;1;0;0;0;1;0;0;0;0;-38,496307;-3,819870;;;
254557;3;7;2015;12:05;0;RUA ANTONIO POMPEU;;;1711;;Colisão Transversal;Luz do Dia;Bom;Seca;;;;0;0;2;0;0;0;1;0;0;0;0;0;-38,538431;-3,732322;;;
254558;3;7;2015;15:00;2486;RUA SEN ROBERT KENNEDY;AV FRANCISCO SA;;;;Colisão Lateral;Luz do Dia;Bom;Seca;Cruz;Pare;Residencial;0;0;2;1;0;0;1;0;0;0;0;0;-38,581426;-3,709140;;;
254559;3;7;2015;16:30;17297;AV PRO GOMES DE MATOS;RUA EDUARDO ANGELIM;;;;Colisão Transversal;Luz do Dia;Bom;Seca;Cruz;Pare;Comercial;0;0;2;1;1;0;0;0;0;0;0;0;-38,547809;-3,763719;;;
254569;4;7;2015;01:55;1358;AV DES MOREIRA;AV SANTOS DUMONT;;;;Colisão Lateral;Via Iluminada;Chuva;Molhada;Cruz;Semáforo;Comercial;0;1;1;1;0;0;0;0;0;0;0;0;-38,498365;-3,736226;;;
254547;4;7;2015;07:50;0;AV AGUANAMBI;;;1453;;Colisão Lateral;Luz do Dia;Nublado;Molhada;Meio de Quadra;Não Há Controle;Comercial;0;0;2;1;0;0;0;0;0;0;0;0;-38,523789;-3,749558;;;
268446;4;7;2015;00:01;0;RUA GAL TERTULIANO POTYGUARA;;;1079;;Choque c/ Obstáculo Fixo;;;;Meio de Quadra;;;0;0;1;0;0;0;0;0;0;0;0;0;-38,495177;-3,744871;;;
268454;4;7;2015;02:26;1359;RUA JOAO CARVALHO;RUA CARLOS VASCONCELOS;;;;Colisão;;;;Cruz;Pare;Residencial;0;0;2;0;0;0;0;0;0;0;0;0;-38,511844;-3,736251;;;
268450;4;7;2015;02:25;0;RUA DRAGAO DO MAR;;;218;;Colisão;;;;Meio de Quadra;;;0;0;2;0;0;0;0;0;0;0;0;0;-38,519181;-3,721833;;;
268472;4;7;2015;09:04;0;AV GAL OSORIO DE PAIVA;;;;;Colisão;Luz do Dia;;;Meio de Quadra;;;0;0;2;0;0;0;0;0;0;0;0;0;;;;;
268473;4;7;2015;09:14;7775;AV BAR STUDART;AV ANTONIO SALES;;;;Colisão;Luz do Dia;;;Cruz;Semáforo;Comercial;0;0;2;0;0;0;0;0;0;0;0;0;-38,509378;-3,743288;;;
268468;4;7;2015;08:48;0;RUA PRO COSTA MENDES;;;68;;Colisão;Luz do Dia;;;Meio de Quadra;;;0;0;2;0;0;0;0;0;0;0;0;0;-38,542735;-3,758199;;;
268463;4;7;2015;07:59;5253;RUA GOV SAMPAIO;RUA POCINHO;;;;Colisão;Luz do Dia;;;Cruz;Não Há Controle;Comercial;0;0;2;0;0;0;0;0;0;0;0;0;-38,524268;-3,727970;;;
268458;4;7;2015;07:30;5343;AV BEZERRA DE MENEZES;RUA METON DE ALENCAR;;;;Colisão;Luz do Dia;;;;;;0;0;2;0;0;0;0;0;0;0;0;0;-38,539973;-3,730548;;;
268508;4;7;2015;11:49;0;AV BENJAMIM BRASIL;;;432;;Colisão;Luz do Dia;;;Meio de Quadra;;;0;0;2;0;0;0;0;0;0;0;0;0;;;;;
268509;4;7;2015;12:39;13582;RUA DR JOSE LOURENCO;RUA ANTONIO FURTADO;;;;Colisão;Luz do Dia;;;Cruz;Não Há Controle;Residencial;0;0;2;0;0;0;0;0;0;0;0;0;-38,513202;-3,751649;;;
268510;4;7;2015;12:49;17265;RUA ALBERTO MAGNO;RUA SATIRO DIAS;;;;Colisão;Luz do Dia;;;Cruz;Pare;Comercial;0;0;2;0;0;0;0;0;0;0;0;0;-38,547531;-3,762063;;;
268511;4;7;2015;12:54;0;RUA GODOFREDO OLIVEIRA;;;4000;;Colisão;Luz do Dia;;;Meio de Quadra;;;0;0;2;0;0;0;0;0;0;0;0;0;;;;;
268512;4;7;2015;13:05;0;AV JOVITA FEITOSA;;;554;;Colisão;Luz do Dia;;;Meio de Quadra;;;0;0;2;0;0;0;0;0;0;0;0;0;-38,548919;-3,738297;;;
268513;4;7;2015;13:06;0;AV ENG HUMBERTO MONTE;;;2546;;Colisão;Luz do Dia;;;Meio de Quadra;;;0;0;2;0;0;0;0;0;0;0;0;0;-38,567960;-3,740189;;;
268503;4;7;2015;09:47;0;RUA MARIA JULIA;;;2069;;Colisão;Luz do Dia;;;Meio de Quadra;;;0;0;2;0;0;0;0;0;0;0;0;0;-38,604222;-3,803791;;;
268505;4;7;2015;10:26;7393;RUA AUDISIO PINHEIRO;RUA PRO EDGAR DE ARRUDA;;;;Colisão;Luz do Dia;;;Cruz;Pare;Residencial;0;0;2;0;0;0;0;0;0;0;0;0;-38,587846;-3,756603;;;
268506;4;7;2015;10:40;0;AV GODOFREDO MACIEL;;;4572;;Colisão;Luz do Dia;;;Meio de Quadra;;;0;0;2;0;0;0;0;0;0;0;0;0;-38,574911;-3,814933;;;
268495;4;7;2015;09:36;0;LOGRADOURO SEM NOME;;;;;Colisão;Luz do Dia;;;Meio de Quadra;;;0;0;2;0;0;0;0;0;0;0;0;0;;;;;
259461;4;7;2015;12:50;0;AV SEN CARLOS JEREISSATI (AEROPORTO);;;;KM 03;Colisão;Luz do Dia;Bom;Seca;Meio de Quadra;;Comercial;0;0;2;1;0;0;0;0;0;0;0;0;-38,541414;-3,780382;;;
268699;4;7;2015;22:40;0;RUA BOM JESUS (GRANJA LISBOA);;;261;;Colisão;;;;Meio de Quadra;;;0;0;2;0;0;0;0;0;0;0;0;0;-38,596402;-3,796015;;;
268700;4;7;2015;23:21;15372;RUA CEL JUCA;AV DOM LUIS;;;;Colisão;;;;Cruz;Semáforo;Comercial;0;0;2;0;0;0;0;0;0;0;0;0;-38,490579;-3,735452;;;