COD_ACIDENTE;DIA;MES;ANO;HORA;INTERSECAO;LOG1;LOG2;LOG3;NUMERO;REFERENCIA;NATUREZA;ILUMINACAO;TEMPO;SUPERFICIEPISTA;TIPOCRUZAMENTO;CONTROLETRAFEGO;USOSOLO;MORTOS;FERIDOS;ILESOS;AUTOMOVEL;ONIBUS;BICICLETA;CAMINHAO;MICROONIBUS;CICLOMOTOR;MOTOCICLETA;TRACAOANIMAL;TREM;LONG;LAT;;;
268701;4;7;2015;23:33;11001;RUA ANTONIO FIUZA;RUA ELCIAS LOPES;;;;Colisão;;;;Cruz;Pare;Residencial;0;0;2;0;0;0;0;0;0;0;0;0;-38,552914;-3,772090;;;
268702;4;7;2015;23:35;0;AV BEIRA MAR;;;2120;;Atropelamento;;;;Meio de Quadra;;;0;0;2;0;0;0;0;0;0;0;0;0;-38,501531;-3,724488;;;
268703;4;7;2015;23:36;0;AV GAL OSORIO DE PAIVA;;;;;Colisão;;;;Meio de Quadra;;;0;0;2;0;0;0;0;0;0;0;0;0;;;;;
268704;4;7;2015;23:37;0;AV CENTRAL CJ CEARA;;;;;Colisão;;;;Meio de Quadra;;;0;0;2;0;0;0;0;0;0;0;0;0;;;;;
268705;4;7;2015;23:41;0;RUA FRANCISCO CALACA;;;;;Colisão;;;;Meio de Quadra;;;0;0;2;0;0;0;0;0;0;0;0;0;;;;;
268706;4;7;2015;23:56;9168;AV LUCIANO CARNEIRO;AV BORGES DE MELO;;;;Colisão;;;;Cruz;Semáforo;Residencial;0;0;2;0;0;0;0;0;0;0;0;0;-38,534097;-3,756465;;;
268658;4;7;2015;14:51;0;RUA DNA MENDINHA;;;118;;Colisão;Luz do Dia;;;Meio de Quadra;;;0;0;2;0;0;0;0;0;0;0;0;0;;;;;
268661;4;7;2015;15:34;0;RUA MACEIO;;;750;;Colisão;Luz do Dia;;;Meio de Quadra;;;0;0;2;0;0;0;0;0;0;0;0;0;-38,588841;-3,760388;;;
268662;4;7;2015;16:05;0;RUA GUILHERME PESSOA;;;256;;Colisão;Luz do Dia;;;Meio de Quadra;;;0;0;2;0;0;0;0;0;0;0;0;0;;;;;
268664;4;7;2015;16:22;0;RUA BENI DE CARVALHO;;;660;;Colisão;Luz do Dia;;;Meio de Quadra;;;0;0;2;0;0;0;0;0;0;0;0;0;-38,494298;-3,746229;;;
268665;4;7;2015;16:27;0;AV BEZERRA DE MENEZES;;;2494;;Colisão;Luz do Dia;;;Meio de Quadra;;;0;0;2;0;0;0;0;0;0;0;0;0;-38,566626;-3,736126;;;
268671;4;7;2015;17:04;0;AV MOZART PINHEIRO DE LUCENA;;;1460;;Colisão;Anoitecer;;;Meio de Quadra;;;0;0;2;0;0;0;0;0;0;0;0;0;-38,594872;-3,715400;;;
268674;4;7;2015;17:35;0;AV JOAO PESSOA;;;;;Colisão;Anoitecer;;;Meio de Quadra;;;0;0;2;0;0;0;0;0;0;0;0;0;;;;;
268678;4;7;2015;19:23;19095;AV DOS JANGADEIROS;RUA LAURO NOGUEIRA;;;;Colisão;;;;Cruz;Pare;Residencial;0;0;2;0;0;0;0;0;0;0;0;0;-38,485765;-3,737682;;;
268676;4;7;2015;18:38;0;AV HILDEBRANDO DE MELO;;;169;;Atropelamento;;;;Meio de Quadra;;;0;0;2;0;0;0;0;0;0;0;0;0;;;;;
268682;4;7;2015;19:41;0;AV PRS COSTA E SILVA;;;;;Colisão;;;;Meio de Quadra;;;0;0;2;1;0;0;0;0;0;0;0;0;;;;;
268685;4;7;2015;20:28;0;RUA MAJ GERARDO MENDES;;;;;Atropelamento;;;;Meio de Quadra;;;0;0;2;0;0;0;0;0;0;0;0;0;;;;;
268687;4;7;2015;20:31;0;LOGRADOURO SEM NOME;;;;;Colisão;;;;Meio de Quadra;;;0;0;2;0;0;0;0;0;0;0;0;0;;;;;
268691;4;7;2015;20:54;2755;RUA BOM JESUS (GRANJA LISBOA);RUA CEL VIRGILIO NOGUEIRA (BOM JARDIM);;;;Colisão;;;;Cruz;Cancela;Misto;0;0;2;0;0;0;0;0;0;0;0;0;-38,609686;-3,791684;;;
268692;4;7;2015;21:00;10897;AV LINEU MACHADO;RUA MOZART FIRMEZA;;;;Colisão;;;;Cruz;Não Há Controle;Misto;0;0;2;0;0;0;0;0;0;0;0;0;-38,577784;-3,767588;;;
268693;4;7;2015;21:51;15372;RUA CEL JUCA;AV DOM LUIS;;;;Choque c/ Obstáculo Fixo;;;;Cruz;Semáforo;Comercial;0;0;1;0;0;0;0;0;0;0;0;0;-38,490579;-3,735452;;;
268694;4;7;2015;21:59;6573;AV C CJ CEARA;AV H CJ CEARA;;;;Colisão;;;;Cruz;Não Há Controle;Residencial;0;0;2;0;0;0;0;0;0;0;0;0;-38,616458;-3,776518;;;
268689;4;7;2015;20:33;0;AV HIS RAIMUNDO GIRAO;;;600;;Colisão;;;;Meio de Quadra;;;0;0;2;0;0;0;0;0;0;0;0;0;-38,510435;-3,721178;;;
268697;4;7;2015;22:10;5060;RUA CASTRO E SILVA;AV IMPERADOR;;;;Choque c/ Obstáculo Fixo;;;;Cruz;Semáforo;Comercial;0;0;1;0;0;0;0;0;0;0;0;0;-38,532916;-3,722013;;;
268650;4;7;2015;13:08;3066;RUA MARIA QUINTELA;RUA GUARANI D35 (JOAO XXIII);;;;Colisão;Luz do Dia;;;;;;0;0;2;0;0;0;0;0;0;0;0;0;-38,586404;-3,775852;;;
268651;4;7;2015;13:20;0;AV AGUANAMBI;;;94;;Colisão;Luz do Dia;;;Meio de Quadra;;;0;0;2;0;0;0;0;0;0;0;0;0;-38,524263;-3,737727;;;
268653;4;7;2015;10:40;13177;AV I CJ JOSE WALTER;AV D CJ JOSE WALTER;;;;Colisão;Luz do Dia;;;Rotatória;Dê Preferência;Comercial;0;0;2;0;0;0;0;0;0;0;0;0;-38,552957;-3,832440;;;
268656;4;7;2015;14:38;6950;AV C CJ ESPERANCA;AV PENETRACAO OESTE I;;;;Colisão;Luz do Dia;;;;;;0;0;2;0;0;0;0;0;0;0;0;0;-38,589362;-3,815622;;;
254572;4;7;2015;10:00;0;AV AGUANAMBI;;;;ROTATÓRIA;Colisão Lateral;Luz do Dia;Bom;Seca;Meio de Quadra;Não Há Controle;Comercial;0;0;2;1;0;0;1;0;0;0;0;0;-38,523043;-3,755538;;;
254591;4;7;2015;15:00;21376;AV JOVITA FEITOSA;RUA PRO NOGUEIRA;;;;Colisão Transversal;Luz do Dia;Nublado;Seca;Cruz;Pare;Comercial;0;0;2;1;0;0;0;0;0;0;0;0;-38,548839;-3,738280;;;
254576;4;7;2015;05:30;0;AV DR THEBERGE;;;2790;;Engavetamento;Amanhecer;Nublado;Seca;Meio de Quadra;Não Há Controle;Comercial;0;0;2;1;0;0;1;0;0;0;0;0;-38,568963;-3,726959;;;
254584;4;7;2015;09:00;0;AV BORGES DE MELO;;;1196;;Colisão Lateral;Luz do Dia;Bom;Seca;Meio de Quadra;Semáforo;Residencial;0;1;1;1;0;0;0;0;0;1;0;0;-38,530403;-3,759636;;;
254600;4;7;2015;11:00;0;RUA VER PEDRO PAULO MOREIRA;;;;;Colisão Lateral;Luz do Dia;Bom;Seca;Meio de Quadra;Pare;Comercial;0;0;2;1;0;0;0;0;0;0;0;0;;;;;
254609;4;7;2015;16:10;0;AV ANTONIO SALES;;;3196;;Engavetamento;Luz do Dia;Bom;Seca;Meio de Quadra;Não Há Controle;Comercial;0;0;3;0;0;0;0;0;0;1;0;0;;;;;
254619;4;7;2015;06:00;0;AV AGUANAMBI;;;1386;;Choque c/ Obstáculo Fixo;Luz do Dia;Bom;Molhada;Meio de Quadra;Semáforo;Comercial;0;1;0;1;0;0;0;0;0;0;0;0;-38,523933;-3,748923;;;
254636;4;7;2015;11:20;7608;AV DR SILAS MUNGUBA;RUA MAL BITENCOURT;;;;Colisão Lateral;Luz do Dia;;Seca;T;Semáforo;Comercial;0;1;1;0;0;0;0;0;0;1;0;0;-38,531678;-3,796992;;;
264132;4;7;2015;20:20;0;ET DO ANCURI;;;500;;Colisão;;;;Meio de Quadra;;;0;0;1;1;0;0;0;0;0;0;0;0;;;;;
262938;4;7;2015;03:31;0;AV GODOFREDO MACIEL;;;;;Colisão;;;;Meio de Quadra;;;0;0;2;1;0;0;0;0;0;0;0;0;;;;;
262940;4;7;2015;12:43;5709;AV DES GONZAGA;AV OLIVEIRA PAIVA;;;;Colisão;Luz do Dia;;;Cruz;Semáforo;Lazer;0;0;2;1;0;0;1;0;0;0;0;0;-38,499953;-3,797165;;;
262942;4;7;2015;12:53;0;RUA PRO HERIBALDO COSTA;;;;;Colisão;Luz do Dia;;;Meio de Quadra;;;0;0;2;1;0;0;0;0;0;0;0;0;;;;;
262945;4;7;2015;17:14;0;AV PENETRACAO OESTE I;;;;;Colisão;Anoitecer;;;Meio de Quadra;;;0;0;2;1;0;0;0;0;0;0;0;0;;;;;
262975;4;7;2015;20:26;0;RUA LEON GRADVOHL;RUA FRANCISCO GLICERIO;;;;Colisão;;;;;;;0;0;2;1;1;0;0;0;0;0;0;0;;;;;
259050;4;7;2015;07:00;0;RD BR 222;;;;KM-02;Colisão Traseira;Luz do Dia;Nublado;Molhada;Meio de Quadra;Não Há Controle;Comercial;0;0;2;1;0;0;0;0;0;0;0;0;-38,586880;-3,738951;;;
259064;4;7;2015;15:00;0;RD BR 116;;;12000;KM-12;Colisão Traseira;Luz do Dia;Bom;Seca;Meio de Quadra;Não Há Controle;Comercial;0;0;2;1;0;0;0;0;0;0;0;0;-38,496066;-3,855740;;;
259065;4;7;2015;19:00;0;RD BR 116;;;10000;KM-10;Colisão Transversal;Via Iluminada;Bom;Seca;Meio de Quadra;Não Há Controle;Comercial;0;2;0;0;0;0;0;0;0;1;0;0;-38,503373;-3,834435;;;
263157;4;7;2015;09:31;0;AV BORGES DE MELO;;;;;Colisão;Luz do Dia;;;Meio de Quadra;;;0;1;1;1;0;0;0;0;0;1;0;0;;;;;
263152;4;7;2015;06:19;0;RUA LEANDRO MONTEIRO;;;;;Queda;Luz do Dia;;;Meio de Quadra;;;0;1;0;0;0;0;0;0;0;1;0;0;;;;;
263153;4;7;2015;08:40;0;AV PRS CASTELO BRANCO;;;;;Queda;Luz do Dia;;;Meio de Quadra;;;0;1;0;0;0;0;0;0;0;1;0;0;;;;;
263167;4;7;2015;13:03;0;AV BEZERRA DE MENEZES;;;;;Queda;Luz do Dia;;;Meio de Quadra;;;0;1;0;0;0;0;0;0;0;1;0;0;;;;;
263168;4;7;2015;14:47;0;AV PERIMETRAL;;;3593;;Colisão;Luz do Dia;;;Meio de Quadra;;;0;1;1;1;0;0;0;0;0;1;0;0;;;;;
263195;4;7;2015;16:27;8937;RUA CARLOS SEVERO;RUA ANTONIO POMPEU;;;;Colisão;Luz do Dia;;;Cruz;Pare;Comercial;0;1;0;1;0;0;0;0;0;0;0;0;-38,541865;-3,731863;;;
263189;4;7;2015;16:15;0;AV PERIMETRAL;;;;;Colisão;Luz do Dia;;;Meio de Quadra;;;1;1;1;1;0;0;0;0;0;1;0;0;;;;;
263207;4;7;2015;18:26;21624;RUA CON DE CASTRO;RUA PIRAJUI;;;;Colisão;Anoitecer;;;;;;0;1;1;1;0;0;0;0;0;1;0;0;-38,589623;-3,802339;;;
263208;4;7;2015;18:52;0;AV ENG LEAL LIMA VERDE (SAPIRANGA/COITE);;;;;Colisão;;;;Meio de Quadra;;;0;0;2;1;0;1;0;0;0;0;0;0;;;;;
263199;4;7;2015;16:29;0;AV GAL OSORIO DE PAIVA;RUA PERDIGAO DE OLIVEIRA;;;;Colisão;Luz do Dia;;;;;;0;1;1;1;0;0;0;0;0;1;0;0;;;;;
263202;4;7;2015;16:49;3768;AV TRISTAO GONCALVES;AV DOMINGOS OLIMPIO;;;;Colisão;Luz do Dia;;;Cruz;Semáforo;Comercial;0;1;1;1;0;0;0;0;0;1;0;0;-38,535613;-3,735133;;;
263203;4;7;2015;17:04;10013;RUA OLIVEIRA SOBRINHO;RUA DUAS NACOES;;;;Atropelamento;Anoitecer;;;Cruz;Pare;Rural;0;1;1;1;0;0;0;0;0;0;0;0;-38,602409;-3,778267;;;
263163;4;7;2015;11:27;0;AV CASTANHOLEIRAS;;;;;Atropelamento;Luz do Dia;;;Meio de Quadra;;;0;1;1;0;0;0;0;0;0;1;0;0;;;;;
263164;4;7;2015;12:17;5625;AV DES GONZAGA;AV ROGACIANO LEITE;;;;Colisão;Luz do Dia;;;T;Dê Preferência;Comercial;0;1;1;1;0;0;0;0;0;1;0;0;-38,503866;-3,788545;;;
263173;4;7;2015;14:24;565;RUA SAO BERNARDO;RUA DNA MENDINHA;;;;Colisão;Luz do Dia;;;Cruz;Pare;Residencial;0;1;0;1;0;0;0;0;0;0;0;0;-38,572165;-3,714988;;;
263233;4;7;2015;19:18;0;RD BR 116;;;10000;KM-10;Atropelamento;;;;Meio de Quadra;;;0;2;0;0;0;0;0;0;0;1;0;0;-38,503373;-3,834435;;;
263238;4;7;2015;19:45;0;RUA SGT JOAO PINHEIRO;;;;;Atropelamento;;;;Meio de Quadra;;;0;1;0;0;0;0;0;0;0;0;0;0;;;;;
263239;4;7;2015;19:51;0;RUA GOIANESA;;;152;;Atropelamento de Animal;;;;Meio de Quadra;;;0;1;0;0;0;0;0;0;0;0;0;0;;;;;
263240;4;7;2015;20:04;23786;RUA DR ESTENIO GOMES;RUA AGAMENON;;;;Colisão;;;;;;;0;1;1;1;0;0;0;0;0;1;0;0;-38,584783;-3,793655;;;
263243;4;7;2015;21:21;0;AV BEZERRA DE MENEZES;RUA PDE ANCHIETA;;;;Queda;;;;;;;0;1;0;0;0;0;0;0;0;1;0;0;;;;;
263244;4;7;2015;21:26;19285;RUA MARACANA;RUA ARARIPE PRATA;;;;Colisão;;;;T;Pare;Residencial;0;1;1;1;0;0;0;0;0;1;0;0;-38,569939;-3,773944;;;
263247;4;7;2015;22:32;21983;RUA GAL BERNARDO FIGUEIREDO;RUA TIRADENTES;;;;Colisão;;;;Duplo T;Pare;Residencial;0;1;0;0;0;0;0;0;0;0;0;0;-38,551719;-3,739647;;;
263248;4;7;2015;23:37;0;RUA BAR CRATO;RUA CHASTINET GUIMARAES;;;;Colisão;;;;;;;0;1;1;1;0;1;0;0;0;0;0;0;;;;;
263251;5;7;2015;00:06;0;AV ALBERTO CRAVEIRO;;;;;Queda;;;;Meio de Quadra;;;0;1;0;0;0;0;0;0;0;1;0;0;;;;;
263252;5;7;2015;00:24;0;AV JOSE BASTOS;;;3110;;Colisão;;;;Meio de Quadra;;;0;1;1;1;0;1;0;0;0;0;0;0;-38,569681;-3,767496;;;
263254;5;7;2015;01:26;23395;RUA CAP TIBURCIO DA FROTA;RUA PRO CARVALHO;;;;Colisão;;;;Cruz;Pare;Residencial;0;1;0;0;0;0;0;0;0;1;0;0;-38,514532;-3,754980;;;
263256;5;7;2015;02:41;12849;RUA ASSUNCAO;RUA SALDANHA MARINHO;;;;Colisão;;;;Cruz;Pare;Residencial;0;1;1;1;0;0;1;0;0;0;0;0;-38,531231;-3,742314;;;
263260;5;7;2015;02:41;0;AV WASHINGTON SOARES;;;;;Choque c/ Obstáculo Fixo;;;;Meio de Quadra;;;0;1;0;1;0;0;0;0;0;0;0;0;;;;;
263261;5;7;2015;03:08;0;AV JOSE BASTOS;;;;;Colisão;;;;Meio de Quadra;;;0;1;1;1;0;0;0;0;0;1;0;0;;;;;
263262;5;7;2015;03:28;0;AV CEL CARVALHO;;;;;Colisão;;;;Meio de Quadra;;;0;1;1;1;0;0;0;0;0;1;0;0;;;;;
263263;5;7;2015;05:20;0;AV AMERICO BARREIRA;;;;;Colisão;Amanhecer;;;Meio de Quadra;;;0;1;0;0;0;0;0;0;0;0;0;0;;;;;
263265;5;7;2015;08:32;0;RUA JAIME BENEVOLO;;;;;Colisão;Luz do Dia;;;Meio de Quadra;;;0;1;0;1;1;0;0;0;0;0;0;0;;;;;
263276;5;7;2015;11:12;0;RUA JOAO AMORA;;;;;Queda;Luz do Dia;;;Meio de Quadra;;;0;1;0;0;0;0;0;0;0;1;0;0;;;;;
263277;5;7;2015;12:38;0;AV ZEZE DIOGO;;;;;Colisão;Luz do Dia;;;Meio de Quadra;;;0;1;1;1;0;0;0;0;0;1;0;0;;;;;
263278;5;7;2015;14:03;6817;RUA BENTO ALBUQUERQUE;RUA FRANCISCO MATOS;;;;Atropelamento;Luz do Dia;;;Cruz;Pare;Residencial;0;1;1;0;1;0;0;0;0;0;0;0;-38,470436;-3,747862;;;
263279;5;7;2015;16:30;5798;RUA MARGARIDA DE QUEIROZ;RUA RAIMUNDO G HOLANDA;;;;Colisão;Luz do Dia;;;Cruz;Pare;Residencial;0;1;1;1;0;0;0;0;0;1;0;0;-38,496860;-3,790975;;;
263280;5;7;2015;17:59;48;RUA JOAQUIM LEITAO;RUA TEN QUEIROZ;;;;Colisão;Anoitecer;;;Cruz;Pare;Misto;0;1;1;1;0;0;0;0;0;1;0;0;-38,591941;-3,745296;;;
263281;5;7;2015;18:13;0;RUA SGT JOAO PINHEIRO;RUA OSCAR FRANCA;;;;Colisão;Anoitecer;;;;;;0;1;1;1;0;0;0;0;0;1;0;0;;;;;
263282;5;7;2015;19:11;15276;RUA TEN BENEVOLO;RUA MELQUIADES PINTO;;;;Colisão;;;;T;Pare;Residencial;0;1;1;1;0;0;0;0;0;1;0;0;-38,506551;-3,728847;;;
263283;5;7;2015;19:17;3251;RUA SOUSA CARVALHO;RUA JOSE ARISTOTELES GONDIM;;;;Queda;;;;;;;0;1;0;0;0;0;0;0;0;1;0;0;-38,586469;-3,784202;;;
263284;5;7;2015;19:34;0;RUA DEP MATOSO FILHO;;;335;;Atropelamento;;;;Meio de Quadra;;;0;1;1;0;0;0;0;0;0;1;0;0;-38,587800;-3,731275;;;
263285;5;7;2015;22:05;0;RUA CAP JOAO FERREIRA LIMA;;;;;Colisão;;;;Meio de Quadra;;;0;1;1;1;0;0;0;0;0;1;0;0;;;;;
263286;5;7;2015;22:10;0;RUA BERNARDO MANUEL;;;;;Queda;;;;Meio de Quadra;;;0;1;0;0;0;0;0;0;0;1;0;0;;;;;
259068;5;7;2015;06:30;0;RD BR 116;;;3000;KM-03;Choque c/ Obstáculo Fixo;Luz do Dia;Chuva;Molhada;Meio de Quadra;Não Há Controle;Comercial;0;0;1;1;0;0;0;0;0;0;0;0;-38,514372;-3,779838;;;
259070;5;7;2015;11:10;0;RD BR 116;;;5000;KM-05;Colisão Lateral;Luz do Dia;Chuva;Molhada;Meio de Quadra;Não Há Controle;Comercial;0;0;2;1;0;0;0;0;0;0;0;0;-38,506787;-3,796502;;;
264146;5;7;2015;19:45;0;RUA REPUBLICA;;;17;;Colisão Lateral;;;;Meio de Quadra;;;0;1;0;1;0;0;0;0;0;1;0;0;-38,548311;-3,711930;;;
264141;5;7;2015;14:50;0;AV BAR STUDART;;;1670;;Choque c/ Obstáculo Fixo;Luz do Dia;;;Meio de Quadra;;;0;1;0;1;0;0;0;0;0;0;0;0;-38,507895;-3,738661;;;
254571;5;7;2015;08:00;5436;RUA GAL CLARINDO DE QUEIROZ;RUA JAIME BENEVOLO;;;;Colisão Lateral;Luz do Dia;Chuva;Seca;Cruz;Pare;Residencial;0;0;1;1;0;0;0;0;0;0;0;0;-38,526017;-3,734060;;;
268707;5;7;2015;11:47;0;RUA DES HERMES PARAHYBA;;;750;;Colisão;Luz do Dia;;;Meio de Quadra;;;0;0;2;0;0;0;0;0;0;0;0;0;-38,590607;-3,713401;;;
268708;5;7;2015;00:20;0;AV DOM MANUEL;;;12;;Colisão;;;;Meio de Quadra;;;0;0;2;0;0;0;0;0;0;0;0;0;-38,519775;-3,724187;;;
268709;5;7;2015;00:54;0;AV AGUANAMBI;;;;;Choque c/ Obstáculo Fixo;;;;Meio de Quadra;;;0;0;1;0;0;0;0;0;0;0;0;0;;;;;
268710;5;7;2015;00:58;0;RUA TEODOMIRO DE CASTRO;;;4107;;Colisão;;;;Meio de Quadra;;;0;0;2;0;0;0;0;0;0;0;0;0;-38,570414;-3,719733;;;
268711;5;7;2015;01:02;0;AV BEZERRA DE MENEZES;;;;;Colisão;;;;Meio de Quadra;;;0;0;2;0;0;0;0;0;0;0;0;0;;;;;
268712;5;7;2015;01:16;3121;AV LINEU MACHADO;RUA MARIA QUINTELA;;;;Choque c/ Obstáculo Fixo;;;;;;;0;0;1;0;0;0;0;0;0;0;0;0;-38,583045;-3,777615;;;
268714;5;7;2015;02:40;0;RUA PRO VIEIRA;;;698;;Colisão;;;;Meio de Quadra;;;0;0;2;0;0;0;0;0;0;0;0;0;;;;;
268720;5;7;2015;05:27;0;RUA JOSE HIPOLITO;;;1320;;Colisão;Amanhecer;;;Meio de Quadra;;;0;0;2;0;0;0;0;0;0;0;0;0;-38,484451;-3,836558;;;
268717;5;7;2015;03:18;18306;RUA TREMEMBES;RUA DOS POTIGUARAS;;;;Colisão;;;;Cruz;Pare;;0;0;2;0;0;0;0;0;0;0;0;0;-38,516031;-3,719888;;;
268746;5;7;2015;10:05;25419;RUA JULIO ABREU;AV ALM HENRIQUE SABOIA;;;;Choque c/ Obstáculo Fixo;Luz do Dia;;;Cruz;Semáforo;Comercial;0;0;1;0;0;0;0;0;0;0;0;0;-38,485245;-3,736144;;;
268742;5;7;2015;08:19;0;RUA JOSE HIPOLITO;;;130;;Colisão;Luz do Dia;;;Meio de Quadra;;;0;0;2;0;0;0;0;0;0;0;0;0;;;;;
268744;5;7;2015;08:40;0;RUA BARBARA DE ALENCAR;;;227;;Colisão;Luz do Dia;;;Meio de Quadra;;;0;0;2;0;0;0;0;0;0;0;0;0;-38,522383;-3,735271;;;
268731;5;7;2015;07:44;0;RUA SEN ALENCAR;;;;;Choque c/ Obstáculo Fixo;Luz do Dia;;;Meio de Quadra;;;0;0;1;0;0;0;0;0;0;0;0;0;;;;;
268733;5;7;2015;07:58;0;AV CESAR CALS;;;2612;;Colisão;Luz do Dia;;;Meio de Quadra;;;0;0;2;0;0;0;0;0;0;0;0;0;-38,455538;-3,739245;;;
268725;5;7;2015;08:51;12457;AV AUGUSTO DOS ANJOS;RUA PRO GOMES BRASIL;;;;Colisão;Luz do Dia;;;Cruz;Semáforo;Comercial;0;0;2;0;0;0;0;0;0;0;0;0;-38,570427;-3,770153;;;
268728;5;7;2015;06:52;0;LOGRADOURO SEM NOME;;;;;Colisão;Luz do Dia;;;Meio de Quadra;;;0;0;2;0;0;0;0;0;0;0;0;0;;;;;
259466;5;7;2015;01:05;0;RD CE-040;;;;KM-02;Outros;Via Iluminada;Bom;Seca;Meio de Quadra;;Comercial;0;0;1;1;0;0;0;0;0;0;0;0;-38,481598;-3,776479;;;
259473;5;7;2015;02:00;0;RD CE-040;;;;KM-08;Capotamento;Via Iluminada;Bom;Molhada;Meio de Quadra;;Comercial;0;0;1;1;0;0;0;0;0;0;0;0;-38,481317;-3,823332;;;
259483;5;7;2015;15:30;0;RD CE-040;;;;KM-13;Colisão;Luz do Dia;Bom;Seca;Meio de Quadra;;Comercial;0;0;2;1;0;0;0;0;0;0;0;0;-38,472314;-3,857083;;;
259484;5;7;2015;17:00;0;RD CE-040;;;;KM-06;Colisão;Anoitecer;Nublado;Seca;Meio de Quadra;Não Há Controle;Comercial;0;0;2;1;0;0;1;0;0;0;0;0;-38,478781;-3,811270;;;
259478;5;7;2015;02:20;0;RD CE-040;;;;KM-02;Outros;Via Iluminada;Bom;Seca;Meio de Quadra;Não Há Controle;Comercial;0;0;1;1;0;0;0;0;0;0;0;0;-38,481598;-3,776479;;;
269068;5;7;2015;20:25;0;AV A CJ CEARA;;;739;;Colisão;;;;Meio de Quadra;;;0;0;2;0;0;0;0;0;0;0;0;0;;;;;
269055;5;7;2015;18:51;0;AV N (CJ VILA VELHA);;;339;;Colisão;;;;Meio de Quadra;;;0;0;2;0;0;0;0;0;0;0;0;0;;;;;
269062;5;7;2015;20:22;0;AV DR THEBERGE;;;2044;;Colisão;;;;Meio de Quadra;;;0;0;2;0;0;0;0;0;0;0;0;0;-38,566289;-3,718719;;;
269010;5;7;2015;18:10;9675;RUA OSCAR ARARIPE;RUA GUARAREMA;;;;Colisão;Anoitecer;;;Cruz;Pare;Misto;0;0;2;0;0;0;0;0;0;0;0;0;-38,618664;-3,785079;;;
268994;5;7;2015;15:00;10830;RUA PORTO ALEGRE;RUA PDE SA LEITAO;;;;Colisão;Luz do Dia;;;;;;0;0;2;0;0;0;0;0;0;0;0;0;-38,582727;-3,764452;;;
268995;5;7;2015;16:55;19328;RUA EDUARDO PERDIGAO;RUA CON DE CASTRO;;;;Colisão;Luz do Dia;;;Cruz;Não Há Controle;Comercial;0;0;2;0;0;0;0;0;0;0;0;0;-38,564769;-3,775579;;;
268998;5;7;2015;15:55;0;AV PRS COSTA E SILVA;;;;;Choque c/ Obstáculo Fixo;Luz do Dia;;;Meio de Quadra;;;0;0;1;0;0;0;0;0;0;0;0;0;;;;;
268999;5;7;2015;16:24;0;RUA PDE CONSTANTINO;;;19;;Choque c/ Obstáculo Fixo;Luz do Dia;;;Meio de Quadra;;;0;0;1;0;0;0;0;0;0;0;0;0;-38,545631;-3,716313;;;
269006;5;7;2015;17:31;0;AV GAL OSORIO DE PAIVA;;;;;Colisão;Anoitecer;;;Meio de Quadra;;;0;0;2;0;0;0;0;0;0;0;0;0;;;;;
254570;5;7;2015;13:40;0;AV ALM HENRIQUE SABOIA;;;3737;;Queda;;Nublado;Molhada;Meio de Quadra;Semáforo Manual;Residencial;0;1;1;0;1;0;0;0;0;1;0;0;-38,494737;-3,750512;;;
254560;5;7;2015;22:30;25137;RUA BENI DE CARVALHO;RUA BARBOSA DE FREITAS;;;;Colisão Transversal;Via Iluminada;Bom;Seca;Cruz;Semáforo;Residencial;0;0;2;1;0;0;0;0;0;0;0;0;-38,499890;-3,744414;;;
254561;5;7;2015;09:20;5352;AV DOM MANUEL;RUA PINTO MADEIRA;;;;Colisão Transversal;Luz do Dia;Chuva;Molhada;Cruz;Semáforo;Comercial;0;0;2;1;0;0;0;0;0;0;0;0;-38,521957;-3,730964;;;
254562;5;7;2015;02:00;18302;RUA SEN ALMINO;RUA DRAGAO DO MAR;;;;Colisão Transversal;Via Iluminada;Chuva;Molhada;Cruz;Pare;Lazer;0;1;1;1;0;0;0;0;0;1;0;0;-38,517919;-3,721816;;;
254563;5;7;2015;07:30;12757;RUA MAJ WEYNE;AV BORGES DE MELO;;;;Colisão Lateral;Luz do Dia;;;;;;0;0;2;1;0;0;0;0;0;0;0;0;-38,540018;-3,752487;;;
254564;5;7;2015;07:40;11160;RUA SUECIA;RUA JOSE MENELEU D41;;;;Colisão Lateral;Luz do Dia;Chuva;Molhada;Cruz;Pare;Residencial;0;0;2;1;0;0;0;0;0;0;0;0;-38,559334;-3,782586;;;
254565;5;7;2015;07:30;0;AV BAR STUDART;;;345;;Colisão Lateral;Luz do Dia;Chuva;Molhada;Meio de Quadra;Semáforo;Comercial;0;0;2;1;1;0;0;0;0;0;0;0;-38,504212;-3,727176;;;
254566;5;7;2015;12:20;15280;RUA DR JOSE LOURENCO;RUA TEN BENEVOLO;;;;Colisão Transversal;Luz do Dia;Nublado;Seca;Cruz;Pare;Misto;0;0;2;1;0;0;0;0;0;0;0;0;-38,506010;-3,729029;;;
254567;5;7;2015;12:30;1266;RUA BAR ARACATI;RUA PDE LUIS FIGUEIRA;;;;Colisão Transversal;Luz do Dia;Nublado;Seca;Cruz;Pare;Residencial;0;0;2;1;0;0;0;0;0;0;0;0;-38,512022;-3,733156;;;
254568;5;7;2015;11:40;22167;AV JOSE BASTOS;RUA TAVARES IRACEMA;;;;Colisão Transversal;Luz do Dia;Nublado;Molhada;Cruz;Pare;Comercial;0;1;1;1;0;0;0;0;0;0;0;0;-38,552770;-3,752313;;;
269070;6;7;2015;21:51;0;AV ISABEL BEZERRA;;;520;;Colisão;;;;Meio de Quadra;;;0;0;2;0;0;0;0;0;0;0;0;0;-38,500598;-3,855021;;;
269090;6;7;2015;22:09;7892;RUA PRO DIAS DA ROCHA;RUA PRO FRANCISCO GONCALVES;;;;Colisão;;;;Cruz;Pare;Comercial;0;0;2;0;0;0;0;0;0;0;0;0;-38,495852;-3,748582;;;