COD_ACIDENTE;DIA;MES;ANO;HORA;INTERSECAO;LOG1;LOG2;LOG3;NUMERO;REFERENCIA;NATUREZA;ILUMINACAO;TEMPO;SUPERFICIEPISTA;TIPOCRUZAMENTO;CONTROLETRAFEGO;USOSOLO;MORTOS;FERIDOS;ILESOS;AUTOMOVEL;ONIBUS;BICICLETA;CAMINHAO;MICROONIBUS;CICLOMOTOR;MOTOCICLETA;TRACAOANIMAL;TREM;LONG;LAT;;;
259485;6;7;2015;12:30;0;RD CE-040;;;;KM-08;Colisão;Luz do Dia;Bom;Seca;Meio de Quadra;Não Há Controle;Comercial;0;1;1;1;0;0;0;0;0;1;0;0;-38,481317;-3,823332;;;
259486;6;7;2015;01:40;0;RD CE-025;;;;KM-06;Colisão;Via Iluminada;Bom;Seca;Meio de Quadra;Não Há Controle;Comercial;0;1;1;1;0;0;0;0;0;1;0;0;-38,426982;-3,810993;;;
254573;6;7;2015;21:00;5413;RUA METON DE ALENCAR;RUA GAL SAMPAIO;;;;Colisão Transversal;Via Iluminada;Bom;Seca;Cruz;Semáforo;Misto;0;1;1;0;0;0;0;0;0;1;0;0;-38,532600;-3,733033;;;
254574;6;7;2015;16:00;0;AV PONTES VIEIRA;;;1843;;Colisão Transversal;Luz do Dia;Bom;Seca;Meio de Quadra;Não Há Controle;Misto;0;0;2;1;0;0;0;0;0;0;0;0;-38,505144;-3,751738;;;
254585;6;7;2015;08:30;23433;RUA MON SALAZAR;RUA PRO CARVALHO;;;;Colisão Transversal;Luz do Dia;Bom;Seca;Cruz;Pare;Comercial;0;2;1;1;0;0;0;0;1;0;0;0;-38,514308;-3,756146;;;
254586;6;7;2015;09:00;15360;AV DOM LUIS;AV DES MOREIRA;;;;Colisão Lateral;Luz do Dia;Bom;Seca;Rotatória;Não Há Controle;Comercial;0;0;1;1;0;0;0;0;0;0;0;0;-38,497383;-3,733239;;;
254577;6;7;2015;21:20;7693;RUA RIO GRANDE DO SUL;RUA CEARA;;;;Colisão Transversal;Via Iluminada;Bom;Seca;Cruz;Pare;Residencial;0;0;2;0;0;0;0;0;0;1;0;0;-38,567187;-3,758036;;;
254579;6;7;2015;19:30;22937;AV DR SILAS MUNGUBA;RUA GOV JOAO CARLOS;;;;Colisão Transversal;Via Iluminada;Bom;Seca;T;Semáforo;Comercial;0;1;1;1;0;0;0;0;0;1;0;0;-38,553910;-3,783950;;;
254593;6;7;2015;12:00;0;AV JOSE BASTOS;;;4000;;Engavetamento;Luz do Dia;Bom;Seca;Meio de Quadra;Gesto;Comercial;0;0;3;1;0;0;0;0;0;0;0;0;-38,553458;-3,752996;;;
254590;6;7;2015;14:55;12557;RUA CARLOS WALRAVEN;RUA GEORGE CAVALCANTE;;;;Colisão Lateral;Luz do Dia;Bom;Seca;Cruz;Pare;Residencial;0;0;2;1;1;0;0;0;0;0;0;0;-38,591740;-3,719866;;;
254588;6;7;2015;13:50;0;RUA JACINTO MATOS;;;449;;Colisão Lateral;Luz do Dia;Bom;Seca;Meio de Quadra;Não Há Controle;Comercial;0;0;2;1;0;0;0;0;0;0;0;0;-38,546341;-3,714712;;;
254620;6;7;2015;14:10;20042;AV PRS JUSCELINO KUBITSCHEK (PASSARÉ);AV DR SILAS MUNGUBA;;;;Colisão Lateral;Luz do Dia;Bom;Seca;Rotatória;Dê Preferência;Lazer;0;1;1;1;0;0;0;0;0;1;0;0;-38,524782;-3,807229;;;
254621;6;7;2015;06:55;5118;RUA RUFINO DE ALENCAR;RUA VINTE E CINCO DE MARCO;;;;Colisão Lateral;Anoitecer;Bom;Seca;T;Não Há Controle;Residencial;0;0;2;1;0;0;0;0;0;0;0;0;-38,520769;-3,723953;;;
254622;6;7;2015;08:30;0;AV GAL OSORIO DE PAIVA;;;7617;;Colisão Traseira;Luz do Dia;Bom;Seca;Meio de Quadra;Semáforo;Misto;0;0;2;1;0;0;0;0;0;0;0;0;-38,615729;-3,818845;;;
254623;6;7;2015;09:45;0;AV LINEU MACHADO;;;841;;Atropelamento;Luz do Dia;Bom;Seca;Meio de Quadra;Não Há Controle;Misto;1;1;0;0;0;0;0;0;0;1;0;0;;;;;
254624;6;7;2015;14:20;7752;AV JOAO PESSOA;AV CARNEIRO DE MENDONCA;;;;Colisão Traseira;Luz do Dia;Bom;Seca;Cruz;Semáforo;Misto;0;0;1;1;0;0;0;0;0;0;0;0;-38,559808;-3,767222;;;
254625;6;7;2015;07:40;0;AV DR SILAS MUNGUBA;;;1700;;Colisão Lateral;Luz do Dia;Bom;Seca;Meio de Quadra;Outros;Comercial;0;1;3;1;0;0;0;0;0;1;0;0;-38,552153;-3,785332;;;
254626;6;7;2015;08:00;12984;AV A CJ JOSE WALTER;AV M CJ JOSE WALTER;;;;Colisão Transversal;Luz do Dia;Bom;Seca;Cruz;Pare;Residencial;0;1;1;1;0;0;0;0;0;0;0;0;-38,555667;-3,824397;;;
254627;6;7;2015;15:45;340;RUA CESAR FONTENELE;RUA DOM JOSE LOURENCO  D27;;;;Colisão Transversal;;Bom;Seca;Cruz;Pare;Residencial;0;1;1;1;0;0;0;0;0;1;0;0;-38,557429;-3,745892;;;
254628;6;7;2015;;5051;RUA SEN POMPEU;RUA SEN JAGUARIBE;;;;Colisão Lateral;Via Iluminada;Bom;Seca;Cruz;Pare;Comercial;0;0;2;1;0;0;0;0;0;0;0;0;-38,528055;-3,721667;;;
254629;6;7;2015;14:30;0;AV DEP PAULINO ROCHA;;;;;Colisão Traseira;Luz do Dia;Bom;Seca;Meio de Quadra;Pare;Lazer;0;0;2;1;0;0;1;0;0;0;0;0;;;;;
254630;6;7;2015;12:25;25069;RUA RAUL CABRAL;AV DOS EXPEDICIONARIOS;;;;Colisão Transversal;Luz do Dia;Bom;Seca;Cruz;Não Há Controle;Comercial;0;0;2;1;0;0;0;0;0;0;0;0;-38,542595;-3,769605;;;
254615;6;7;2015;15:50;1378;RUA DES LEITE ALBUQUERQUE;RUA OSVALDO CRUZ (ALDEOTA);;;;Colisão Transversal;Luz do Dia;Bom;Seca;Cruz;Gesto;Comercial;0;0;2;1;0;0;0;0;0;0;0;0;-38,500640;-3,736598;;;
254617;6;7;2015;12:30;0;RUA AGAPITO DOS SANTOS;;;800;;Colisão;Luz do Dia;Bom;Seca;Meio de Quadra;Pare;Comercial;0;0;3;1;0;0;0;0;0;0;0;0;-38,539446;-3,728148;;;
254618;6;7;2015;08:30;0;RUA EDUARDO BEZERRA;;;290;;Atropelamento;Luz do Dia;Bom;Seca;Meio de Quadra;Não Há Controle;Residencial;0;1;1;1;0;0;0;0;0;0;0;0;-38,516869;-3,754139;;;
254632;6;7;2015;06:15;0;RUA BENTO ALBUQUERQUE;;;485;;Colisão Lateral;Luz do Dia;Bom;Seca;Meio de Quadra;Não Há Controle;Residencial;0;1;1;0;0;0;0;0;0;1;0;0;-38,484606;-3,743299;;;
254633;6;7;2015;10:30;0;AV DES GONZAGA;;;;;Colisão Lateral;Luz do Dia;Bom;Seca;Meio de Quadra;Não Há Controle;Residencial;0;0;2;1;0;0;1;0;0;0;0;0;;;;;
254634;6;7;2015;;0;AV PRS COSTA E SILVA;;;321;;Colisão Frontal;Luz do Dia;Bom;Seca;Meio de Quadra;Não Há Controle;Residencial;0;0;1;0;0;0;0;0;0;0;0;0;;;;;
254635;6;7;2015;18:00;0;AV DOM MANUEL;;;101;;Colisão Traseira;Anoitecer;Bom;Seca;Meio de Quadra;;Comercial;0;0;2;1;0;0;0;0;0;0;0;0;-38,520070;-3,725105;;;
254610;6;7;2015;20:40;19656;AV BEZERRA DE MENEZES;RUA PRO JOSE DE BARCELOS;;;;Colisão Transversal;Via Iluminada;Bom;Seca;T;Semáforo;Comercial;0;1;1;1;1;0;0;0;0;0;0;0;-38,551066;-3,732898;;;
254612;6;7;2015;17:00;9154;AV 13 DE MAIO;RUA DOM SEBASTIAO LEME;;;;Colisão Transversal;Anoitecer;Bom;Seca;T;Não Há Controle;Misto;0;1;1;1;0;0;0;0;0;1;0;0;-38,525221;-3,752832;;;
254613;6;7;2015;14:30;10609;RUA ELISEU UCHOA BECCO;RUA OLIMPIO GALDINO DE SOUSA;;;;Colisão Transversal;Luz do Dia;Bom;Seca;Cruz;Pare;Residencial;0;0;2;1;0;0;0;0;0;0;0;0;-38,486414;-3,759641;;;
254605;6;7;2015;13:40;15204;AV ABOLICAO;RUA JULIO IBIAPINA;;;;Colisão Traseira;Luz do Dia;Bom;Seca;Cruz;Semáforo;Comercial;0;1;1;1;0;0;0;0;0;1;0;0;-38,491290;-3,726679;;;
254607;6;7;2015;14:40;0;AV MON TABOSA;;;552;;Colisão Lateral;Luz do Dia;Bom;Seca;Meio de Quadra;Não Há Controle;Comercial;0;1;1;1;0;0;0;0;0;1;0;0;-38,514399;-3,723889;;;
254602;6;7;2015;10:20;1432;AV SANTOS DUMONT;AV SEN VIRGILIO TAVORA;;;;Colisão Traseira;Luz do Dia;Bom;Seca;Cruz;Semáforo;Comercial;0;0;2;1;1;0;0;0;0;0;0;0;-38,493482;-3,737828;;;
254603;6;7;2015;07:20;0;AV JOSE SABOIA;;;495;;Colisão;Amanhecer;Bom;Seca;Meio de Quadra;Não Há Controle;Comercial;0;1;1;1;0;0;1;0;0;0;0;0;-38,467434;-3,717130;;;
254596;6;7;2015;06:00;7990;RUA JOAO SORONGO;RUA CARLOS CAMARA;;;;Colisão Lateral;Luz do Dia;Bom;Seca;Cruz;Pare;Comercial;0;0;2;1;0;0;0;0;0;0;0;0;-38,545224;-3,749406;;;
263287;6;7;2015;06:44;0;RUA DOM CARLOTO TAVORA;;;;;Colisão;Luz do Dia;;;Meio de Quadra;;;0;1;0;0;0;0;0;0;0;1;0;0;;;;;
263288;6;7;2015;07:31;0;RUA JOSE HIPOLITO;;;;;Colisão;Luz do Dia;;;Meio de Quadra;;;0;1;2;1;0;0;0;0;0;1;0;0;;;;;
263289;6;7;2015;10:30;0;AV CESAR CALS;;;;;Atropelamento;Luz do Dia;;;Meio de Quadra;;;0;1;1;1;0;0;0;0;0;0;0;0;;;;;
263290;6;7;2015;11:13;0;RUA MARIA JULIA;;;;;Colisão;Luz do Dia;;;Meio de Quadra;;;0;1;1;1;0;0;0;0;0;1;0;0;;;;;
263291;6;7;2015;12:38;0;AV WASHINGTON SOARES;;;909;SHOPPING SALINAS;Colisão;Luz do Dia;;;Meio de Quadra;;;0;1;1;1;0;0;0;0;0;1;0;0;-38,482824;-3,762147;;;
263292;6;7;2015;13:46;11761;RUA JACINTO MATOS;AV PRS CASTELO BRANCO;;;;Colisão;Luz do Dia;;;T;Semáforo;Residencial;0;1;1;1;0;0;0;0;0;1;0;0;-38,546333;-3,714630;;;
263293;6;7;2015;14:01;0;AV CAP WALDEMAR PAULA LIMA;;;;;Colisão;Luz do Dia;;;Meio de Quadra;;;0;1;0;0;0;0;0;0;0;1;0;0;;;;;
263294;6;7;2015;15:03;0;RUA LONDRINA;;;;;Colisão;Luz do Dia;;;Meio de Quadra;;;0;1;0;0;0;0;0;0;0;0;0;0;;;;;
263295;6;7;2015;16:36;0;RUA VALPARAISO;;;;;Atropelamento;Luz do Dia;;;Meio de Quadra;;;0;1;1;0;0;0;0;0;0;1;0;0;;;;;
263296;6;7;2015;17:48;0;AV PRS CASTELO BRANCO;;;;;Queda;Anoitecer;;;Meio de Quadra;;;0;1;0;0;0;0;0;0;0;1;0;0;;;;;
263364;6;7;2015;21:53;18108;AV DIOGUINHO;AV SANTOS DUMONT;;;;Queda;;;;Cruz;Semáforo;Comercial;0;1;0;0;0;0;0;0;0;1;0;0;-38,450425;-3,747029;;;
263365;6;7;2015;22:12;0;RUA ROSINHA SAMPAIO;;;964;;Colisão;;;;Meio de Quadra;;;0;1;1;1;0;0;0;0;0;1;0;0;-38,587596;-3,726731;;;
263298;6;7;2015;18:28;9772;RUA JOSE MARTINS;RUA TRES CORACOES;;;;Colisão;Anoitecer;;;;;;0;2;1;1;0;0;0;0;0;1;0;0;-38,609601;-3,786341;;;
263366;7;7;2015;06:41;0;AV AUGUSTO DOS ANJOS;;;;;Atropelamento;Luz do Dia;;;Meio de Quadra;;;0;1;1;0;0;0;0;0;0;0;0;0;;;;;
263367;7;7;2015;07:34;0;AV ROGACIANO LEITE;;;;;Colisão;Luz do Dia;;;Meio de Quadra;;;0;1;0;0;0;0;0;0;0;0;0;0;;;;;
263368;7;7;2015;08:27;5295;AV IMPERADOR;RUA PEDRO I;;;;Atropelamento;Luz do Dia;;;Cruz;Semáforo;Comercial;0;1;1;0;0;0;1;0;0;0;0;0;-38,535035;-3,729161;;;
259051;7;7;2015;10:30;0;RD BR 222;;;;KM-01;Colisão Traseira;Luz do Dia;Bom;Seca;Meio de Quadra;Não Há Controle;Comercial;0;0;2;1;0;0;0;0;0;0;0;0;-38,577952;-3,737774;;;
259074;7;7;2015;08:30;0;RD BR 116;;;12000;KM-12;Colisão Lateral;Luz do Dia;Bom;Seca;Meio de Quadra;Não Há Controle;Comercial;0;0;2;1;0;0;1;0;0;0;0;0;-38,496066;-3,855740;;;
262982;7;7;2015;15:15;0;RUA BERNARDO MANUEL;;;7718;;Colisão;Luz do Dia;;;Meio de Quadra;;;0;0;3;1;0;0;0;0;0;0;0;0;-38,547397;-3,785654;;;
254597;7;7;2015;18:00;1523;RUA DR JOSE LOURENCO;RUA ROCHA LIMA;;;;Colisão Lateral;Via Iluminada;Bom;Seca;Cruz;Pare;Comercial;0;0;2;1;0;0;0;0;0;0;0;0;-38,509641;-3,740430;;;
254598;7;7;2015;20:00;0;AV GOV RAUL BARBOSA;;;6572;;Colisão Traseira;Via Iluminada;Bom;Seca;Meio de Quadra;Não Há Controle;Comercial;0;0;2;1;0;0;0;0;0;0;0;0;-38,511488;-3,771749;;;
254599;7;7;2015;15:10;1331;RUA MARCOS MACEDO;RUA CEL LINHARES;;;;Colisão Transversal;Luz do Dia;Bom;Seca;Cruz;Pare;Residencial;0;0;2;1;0;0;0;0;0;0;0;0;-38,493827;-3,735526;;;
254604;7;7;2015;05:00;0;AV SEN CARLOS JEREISSATI (AEROPORTO);;;3000;AEROPORTO;Colisão Traseira;Amanhecer;Bom;Seca;Meio de Quadra;Não Há Controle;Comercial;0;0;2;1;0;0;0;0;0;0;0;0;-38,541414;-3,780382;;;
254601;7;7;2015;13:00;5037;RUA PESSOA ANTA;RUA GUILHERME BLHUM;;;;Colisão Transversal;Luz do Dia;Bom;Seca;T;Pare;Comercial;0;1;1;1;0;0;0;0;0;1;0;0;-38,522017;-3,721113;;;
254608;7;7;2015;15:15;0;AV SEN VIRGILIO TAVORA;;;2225;;Atropelamento;Luz do Dia;Bom;Seca;Meio de Quadra;Não Há Controle;Misto;0;0;2;0;0;0;0;0;0;1;0;0;-38,496147;-3,746164;;;
254606;7;7;2015;07:50;0;AV FRE CIRILO;;;3571;;Colisão Traseira;Luz do Dia;Bom;Seca;Meio de Quadra;Semáforo;Comercial;0;0;2;1;1;0;0;0;0;0;0;0;-38,498157;-3,815613;;;
254614;7;7;2015;07:40;10427;RUA 30 DE MAIO D73;RUA ALVES BATISTA;;;;Colisão Transversal;Luz do Dia;Bom;Seca;Cruz;Não Há Controle;Residencial;0;1;2;1;0;0;0;0;0;1;0;0;-38,601748;-3,762797;;;
254611;7;7;2015;07:20;7401;AV SEN FERNANDES TAVORA;RUA AUDISIO PINHEIRO;;;;Colisão Transversal;Luz do Dia;Bom;Seca;Cruz;Semáforo;Comercial;0;1;1;1;0;0;0;0;0;1;0;0;-38,588886;-3,758593;;;
254616;7;7;2015;11:55;8794;RUA MARCELINO LOPES;RUA MIN ABNER VASCONCELOS;;;;Colisão Lateral;Luz do Dia;Bom;Seca;Cruz;Pare;Comercial;0;0;2;1;0;0;0;0;0;0;0;0;-38,479299;-3,793134;;;
254631;7;7;2015;11:55;15397;RUA FAUSTO AGUIAR;RUA HOMEM DE MELO;;;;Colisão Lateral;Luz do Dia;Bom;Seca;T;Pare;Residencial;0;0;2;1;1;0;0;0;0;0;0;0;-38,492437;-3,814719;;;
254589;7;7;2015;10:00;675;AV PASTEUR;RUA CRUZEIRO DO SUL;;;;Colisão Lateral;Luz do Dia;Bom;Seca;Cruz;Pare;Comercial;0;0;2;1;0;0;0;0;0;1;0;0;;;;;
254594;7;7;2015;10:00;13021;AV I CJ JOSE WALTER;AV A CJ JOSE WALTER;;;;Colisão Lateral;Luz do Dia;Bom;Seca;Cruz;Pare;Residencial;0;0;2;1;0;0;0;0;0;0;0;0;-38,550935;-3,825834;;;
254595;7;7;2015;11:45;0;AV WENEFRIDO MELO;;;390;;Colisão Transversal;Luz do Dia;Bom;Seca;Meio de Quadra;Semáforo;Residencial;0;0;2;1;0;0;0;0;0;0;0;0;-38,575518;-3,811056;;;
254592;7;7;2015;19:00;0;RUA DA SAUDADE D04;;;161;;Colisão Lateral;Luz do Dia;Bom;Seca;Meio de Quadra;Não Há Controle;Residencial;0;1;1;1;0;0;0;0;0;1;0;0;-38,533366;-3,719829;;;
254581;7;7;2015;13:20;0;AV PRS COSTA E SILVA;;;5581;;Colisão Traseira;Luz do Dia;Bom;Seca;Meio de Quadra;Gesto;Comercial;0;0;2;1;0;0;0;0;0;0;0;0;-38,529493;-3,828937;;;
254582;7;7;2015;10:00;0;RUA 1020 CJ CEARA;;;121;;Colisão Transversal;Luz do Dia;Bom;Seca;Meio de Quadra;Gesto;Residencial;0;0;2;1;0;0;0;0;0;1;0;0;-38,616348;-3,769962;;;
254583;7;7;2015;12:20;15275;RUA JOSE VILAR;RUA TEN AMAURI PIO;;;;Colisão Lateral;Luz do Dia;Bom;Seca;T;Pare;Residencial;0;0;2;1;0;0;0;0;0;0;0;0;-38,502395;-3,728727;;;
254587;7;7;2015;07:40;0;AV AGUANAMBI;;;69;;Engavetamento;Luz do Dia;Bom;Seca;Meio de Quadra;Semáforo Intermitente;Comercial;0;0;3;1;0;0;0;0;0;0;0;0;-38,523995;-3,736950;;;
254637;7;7;2015;15:45;0;AV DOM LUIS;;;251;;Colisão Traseira;Luz do Dia;Bom;Seca;Meio de Quadra;Gesto;Comercial;0;0;2;1;1;0;0;0;0;0;0;0;-38,499105;-3,732694;;;
254639;7;7;2015;15:30;0;RUA GAL SAMPAIO;;;1366;;Colisão Transversal;Luz do Dia;Bom;Seca;Meio de Quadra;Não Há Controle;Comercial;0;0;2;1;1;0;0;0;0;0;0;0;-38,531808;-3,730361;;;
254641;7;7;2015;13:15;0;AV PRS CASTELO BRANCO;;;709;;Colisão Transversal;Luz do Dia;Bom;Seca;Meio de Quadra;Semáforo;Comercial;0;0;2;1;0;0;1;0;0;0;0;0;;;;;
254642;7;7;2015;07:30;0;AV BEZERRA DE MENEZES;;;502;HIPER BOMPREÇO;Colisão Traseira;Luz do Dia;Bom;Seca;Meio de Quadra;Não Há Controle;Comercial;0;0;3;1;0;0;0;0;0;0;0;0;-38,545486;-3,731698;;;
254644;7;7;2015;14:15;11339;AV BENJAMIM BRASIL;AV GODOFREDO MACIEL;;;;Colisão Transversal;Luz do Dia;Bom;Seca;Cruz;Semáforo;Comercial;0;0;2;1;0;0;1;0;0;0;0;0;-38,572040;-3,803264;;;
254646;7;7;2015;09:45;0;AV JOAO PESSOA;;;7189;;Outros;Luz do Dia;Bom;Seca;Meio de Quadra;Não Há Controle;Comercial;0;0;2;0;0;0;0;1;0;0;0;0;-38,562153;-3,772909;;;
254648;7;7;2015;18:30;0;RUA EDUARDO GARCIA;;;555;;Colisão Traseira;Anoitecer;Bom;Seca;Meio de Quadra;Não Há Controle;Comercial;0;0;2;1;0;0;0;0;0;0;0;0;-38,494021;-3,739816;;;
254652;7;7;2015;08:20;23401;RUA CAP TIBURCIO DA FROTA;RUA FIS VIEIRA;;;;Colisão Transversal;Luz do Dia;Bom;Seca;Cruz;Pare;Residencial;0;0;2;1;0;0;0;0;0;1;0;0;-38,515629;-3,755115;;;
254653;7;7;2015;07:45;0;AV GOV RAUL BARBOSA;;;6666;;Colisão Transversal;Luz do Dia;Bom;Seca;Meio de Quadra;Não Há Controle;Misto;0;0;2;0;0;0;0;0;0;1;0;0;-38,512345;-3,772572;;;
254650;7;7;2015;09:00;0;AV ABOLICAO;;;2960;;Colisão Traseira;Luz do Dia;Bom;Seca;Meio de Quadra;Não Há Controle;Comercial;0;0;2;1;0;0;1;0;0;0;0;0;-38,493002;-3,726939;;;
254656;7;7;2015;06:40;0;RUA GAL RABELO;;;;;Colisão Frontal;Luz do Dia;Bom;Seca;Meio de Quadra;Outros;Residencial;0;1;1;0;0;0;1;0;0;1;0;0;;;;;
254659;7;7;2015;19:40;634;AV PASTEUR;RUA GOMES PASSOS;;;;Colisão Lateral;Via Iluminada;Bom;Seca;Cruz;Não Há Controle;Residencial;0;0;2;1;0;0;1;0;0;0;0;0;-38,559096;-3,711941;;;
254660;7;7;2015;18:00;0;RUA GAL PIRAGIBE;;;;;Colisão Transversal;Via Iluminada;Bom;Seca;Meio de Quadra;Pare;Residencial;0;0;2;1;0;0;0;0;0;0;0;0;;;;;
254662;7;7;2015;20:00;11836;RUA JACINTO MATOS;RUA MON DANTAS;;;;Colisão Transversal;Via Iluminada;Bom;Seca;Cruz;Pare;Residencial;0;1;2;1;0;0;0;0;0;1;0;0;-38,546800;-3,719714;;;
254665;7;7;2015;00:50;0;AV PRS COSTA E SILVA;;;;;Engavetamento;Luz do Dia;Bom;Seca;Meio de Quadra;;Residencial;0;0;4;1;0;0;0;0;0;1;0;0;;;;;
254667;7;7;2015;09:40;0;RUA JUVENAL GALENO;;;512;;Colisão Lateral;Luz do Dia;Bom;Seca;Outros;Não Há Controle;Comercial;0;0;2;1;0;0;0;0;0;0;0;0;-38,539361;-3,738838;;;
254671;7;7;2015;13:40;19669;RUA GUSTAVO SAMPAIO;RUA PRO RAIMUNDO ARRUDA;;;;Colisão Transversal;Luz do Dia;Bom;Seca;Cruz;Pare;Residencial;0;1;1;1;0;0;0;0;0;1;0;0;-38,551915;-3,734328;;;
254678;7;7;2015;14:40;1324;RUA TORRES CAMARA;RUA DR JOSE LOURENCO;;;;Colisão Transversal;Luz do Dia;Bom;Seca;Cruz;Pare;Comercial;0;2;1;0;0;0;0;0;0;1;0;0;-38,508053;-3,735281;;;
254675;7;7;2015;20:25;24990;AV PRS COSTA E SILVA;AV PRS JUSCELINO KUBITSCHEK (PASSARÉ);;;;Engavetamento;Via Iluminada;Bom;Seca;T;Semáforo;Residencial;0;0;3;0;1;0;1;0;0;0;0;0;-38,539516;-3,825648;;;
254691;7;7;2015;15:00;0;AV DR SILAS MUNGUBA;;;4392;;Colisão Traseira;Luz do Dia;Bom;Seca;Meio de Quadra;Gesto;Comercial;0;0;2;1;0;0;0;0;0;0;0;0;-38,535227;-3,792890;;;
254692;7;7;2015;07:15;0;AV JOAO PESSOA;;;4595;;Colisão Lateral;Luz do Dia;Bom;Seca;Outros;;Comercial;0;0;2;1;0;0;0;0;0;0;0;0;-38,549818;-3,752820;;;
254688;7;7;2015;16:15;0;AV PRO GOMES DE MATOS;;;1349;;Colisão Lateral;Luz do Dia;Bom;Seca;Meio de Quadra;Não Há Controle;Comercial;0;0;2;1;1;0;0;0;0;0;0;0;-38,548018;-3,763943;;;
259487;7;7;2015;01:40;0;RD CE-040;;;;KM-04;Capotamento;Via Iluminada;Bom;Seca;Meio de Quadra;Não Há Controle;Comercial;1;0;0;1;0;0;0;0;0;0;0;0;-38,480251;-3,792050;;;
259488;7;7;2015;13:10;0;AV SEN CARLOS JEREISSATI (AEROPORTO);;;;KM 03;Colisão;Luz do Dia;Bom;Seca;Meio de Quadra;;Comercial;0;1;1;1;0;0;0;0;0;1;0;0;-38,541414;-3,780382;;;
259489;7;7;2015;14:00;0;AV SEN CARLOS JEREISSATI (AEROPORTO);;;;KM 01;Colisão;Luz do Dia;Bom;Seca;Meio de Quadra;Não Há Controle;Comercial;0;0;2;1;0;0;0;0;0;0;0;0;-38,520356;-3,783803;;;
259491;7;7;2015;15:30;0;AV SEN CARLOS JEREISSATI (AEROPORTO);;;;KM 01;Colisão;Luz do Dia;Bom;Seca;Meio de Quadra;Não Há Controle;Comercial;0;0;2;1;0;0;0;0;0;0;0;0;-38,520356;-3,783803;;;
263371;7;7;2015;17:52;0;AV PRS COSTA E SILVA;;;;;Colisão;Anoitecer;;;Meio de Quadra;;;0;1;0;0;0;0;0;0;0;0;0;0;;;;;
263372;7;7;2015;18:41;15815;RUA MANUEL CASTELO BRANCO;RUA CEL GUILHERME ALENCAR;;;;Colisão;;;;Cruz;Pare;Comercial;0;1;1;1;0;0;0;0;0;1;0;0;-38,491829;-3,831934;;;
263373;7;7;2015;19:03;0;RUA DORALICE COSTA;;;;;Colisão;;;;Meio de Quadra;;;0;1;1;0;0;0;0;0;0;1;0;0;;;;;
263374;7;7;2015;19:09;0;AV GAL OSORIO DE PAIVA;;;;;Queda;;;;Meio de Quadra;;;0;1;0;0;0;0;0;0;0;1;0;0;;;;;
263375;7;7;2015;20:19;0;RUA SAO PAULO;;;;;Colisão;;;;Meio de Quadra;;;0;1;0;0;0;0;0;0;0;0;0;0;;;;;
263382;7;7;2015;21:49;0;RUA ANA FACO;;;;;Queda;;;;Meio de Quadra;;;0;1;0;0;0;1;0;0;0;0;0;0;;;;;
269095;7;7;2015;10:58;10885;RUA CUIABA;RUA TUPI D35;;;;Colisão;Luz do Dia;;;;;;0;0;2;0;0;0;0;0;0;0;0;0;-38,582496;-3,767102;;;
269108;7;7;2015;17:43;0;AV PRS COSTA E SILVA;;;3021;;Atropelamento;Anoitecer;;;Meio de Quadra;;;0;0;2;0;0;0;0;0;0;0;0;0;;;;;
269102;7;7;2015;15:23;0;AV GOV RAUL BARBOSA;;;;;Colisão;Luz do Dia;;;Meio de Quadra;;;0;0;2;0;0;0;0;0;0;0;0;0;;;;;
269111;7;7;2015;21:32;23770;RUA COSTA FREIRE;RUA LINS DO REGO;;;;Colisão;;;;Cruz;Pare;Residencial;0;0;2;0;0;0;0;0;0;0;0;0;-38,576684;-3,783248;;;
269114;7;7;2015;21:55;0;RUA 4 CJ JOSE WALTER;;;;;Atropelamento;;;;Meio de Quadra;;;0;0;2;0;0;0;0;0;0;0;0;0;;;;;
269098;7;7;2015;14:46;0;RUA SAO JOAO D20;;;20;;Colisão;Luz do Dia;;;Meio de Quadra;;;0;0;2;0;0;0;0;0;0;0;0;0;-38,549363;-3,715651;;;
269164;8;7;2015;17:09;0;AV VIS RIO BRANCO;;;1040;;Atropelamento;Anoitecer;;;Meio de Quadra;;;0;0;2;0;0;0;0;0;0;0;0;0;;;;;
269156;8;7;2015;16:40;0;RUA MARIA G DE MEDEIROS;;;36;;Colisão;Luz do Dia;;;Meio de Quadra;;;0;0;2;0;0;0;0;0;0;0;0;0;-38,476918;-3,783853;;;
269152;8;7;2015;16:22;0;RUA SILVA PAULET;;;2526;;Colisão;Luz do Dia;;;Meio de Quadra;;;0;0;2;0;0;0;0;0;0;0;0;0;-38,509321;-3,746462;;;
269139;8;7;2015;16:09;0;RUA JOSE HIPOLITO;;;575;;Colisão;Luz do Dia;;;Meio de Quadra;;;0;0;2;0;0;0;0;0;0;0;0;0;-38,490316;-3,833593;;;
269137;8;7;2015;11:32;0;RUA BOM JESUS (GRANJA LISBOA);;;780;;Atropelamento;Luz do Dia;;;Meio de Quadra;;;0;0;2;0;0;0;0;0;0;0;0;0;-38,600705;-3,794606;;;