COD_ACIDENTE;DIA;MES;ANO;HORA;INTERSECAO;LOG1;LOG2;LOG3;NUMERO;REFERENCIA;NATUREZA;ILUMINACAO;TEMPO;SUPERFICIEPISTA;TIPOCRUZAMENTO;CONTROLETRAFEGO;USOSOLO;MORTOS;FERIDOS;ILESOS;AUTOMOVEL;ONIBUS;BICICLETA;CAMINHAO;MICROONIBUS;CICLOMOTOR;MOTOCICLETA;TRACAOANIMAL;TREM;LONG;LAT;;;
263383;8;7;2015;04:50;0;AV BEZERRA DE MENEZES;;;;;Colisão;;;;Meio de Quadra;;;0;1;1;1;0;0;0;0;0;1;0;0;;;;;
263384;8;7;2015;06:19;0;AV ALM HENRIQUE SABOIA;;;;;Queda;Luz do Dia;;;Meio de Quadra;;;0;1;0;0;0;0;0;0;0;1;0;0;;;;;
263385;8;7;2015;11:23;14624;RUA HERMINIO DE CASTRO;AV JOSE LEON;;;;Colisão;Luz do Dia;;;;;;0;1;1;1;0;0;0;0;0;1;0;0;-38,486375;-3,791637;;;
263386;8;7;2015;16:03;0;AV WASHINGTON SOARES;;;;;Colisão;Luz do Dia;;;Meio de Quadra;;;0;1;1;1;0;0;0;0;0;1;0;0;;;;;
263387;8;7;2015;16:21;0;RUA HOLANDA;;;;;Queda;Luz do Dia;;;Meio de Quadra;;;0;1;0;0;0;0;0;0;0;1;0;0;;;;;
263388;8;7;2015;16:49;0;AV BEZERRA DE MENEZES;;;;;Colisão;Luz do Dia;;;Meio de Quadra;;;0;1;0;0;0;0;0;0;0;0;0;0;;;;;
263390;8;7;2015;17:01;0;RUA BAR RIO BRANCO;;;;;Atropelamento;Anoitecer;;;Meio de Quadra;;;0;1;1;0;0;0;0;0;0;1;0;0;;;;;
263399;8;7;2015;20:26;0;RUA 701 CJ CEARA;;;;;Colisão;;;;Meio de Quadra;;;0;1;1;0;0;0;0;0;0;1;0;0;;;;;
263400;8;7;2015;20:37;3335;RUA VIRIATO RIBEIRO;RUA MARIO DE ANDRADE;;;;Colisão;;;;Cruz;Pare;Residencial;0;1;1;1;0;0;0;0;0;1;0;0;-38,561808;-3,749713;;;
263401;8;7;2015;21:49;0;AV DOS EXPEDICIONARIOS;;;;;Queda;;;;Meio de Quadra;;;0;1;0;0;0;0;0;0;0;1;0;0;;;;;
259492;8;7;2015;07:15;0;RD CE-040;;;;KM-10;Colisão;Luz do Dia;Bom;Seca;Meio de Quadra;Não Há Controle;Comercial;0;1;1;1;0;0;0;0;0;1;0;0;-38,480068;-3,838671;;;
259496;8;7;2015;08:00;0;RD CE-040;;;;KM-13;Colisão;Luz do Dia;Bom;Seca;Meio de Quadra;;Comercial;0;1;2;1;0;0;0;0;0;0;0;0;-38,472314;-3,857083;;;
259497;8;7;2015;14:30;0;RD CE-040;;;;KM-12;Colisão;Luz do Dia;Bom;Seca;Meio de Quadra;;Comercial;0;2;0;1;0;0;0;0;0;1;0;0;-38,476237;-3,848945;;;
259498;8;7;2015;01:30;0;RD CE-040;;;;KM-08;Colisão;Via Iluminada;Bom;Seca;Meio de Quadra;Não Há Controle;Comercial;0;0;2;1;0;0;0;0;0;0;0;0;-38,481317;-3,823332;;;
269166;8;7;2015;17:48;1825;RUA MARIA QUINTINO;RUA JOSE MOREIRA;;;;Colisão;Anoitecer;;;;;;0;0;2;0;0;0;0;0;0;0;0;0;-38,501171;-3,857732;;;
254693;8;7;2015;14:50;23451;RUA PAULO FIRMEZA;RUA SABINO MONTE;;;;Colisão Lateral;Luz do Dia;Bom;Seca;Cruz;Pare;Residencial;0;1;1;1;0;0;0;0;0;1;0;0;-38,511850;-3,757031;;;
254686;8;7;2015;05:00;0;AV PERIMETRAL;;;1801;;Choque c/ Obstáculo Fixo;Amanhecer;Bom;Seca;Meio de Quadra;Não Há Controle;Comercial;0;0;1;0;1;0;0;0;0;0;0;0;;;;;
254664;8;7;2015;09:00;0;RUA MARTINS CARVALHO;;;;;Colisão Transversal;Luz do Dia;Bom;Seca;Meio de Quadra;Pare;Residencial;0;2;0;0;0;0;0;0;0;1;0;0;;;;;
254670;8;7;2015;17:00;5189;RUA PEDRO PEREIRA;RUA PDE IBIAPINA;;;;Colisão;Luz do Dia;Bom;Seca;Cruz;Pare;Escola;0;1;1;0;0;0;0;0;0;1;0;0;-38,540601;-3,725940;;;
254661;8;7;2015;10:00;9189;RUA MARIO MAMEDE;RUA CAMPO AMOR ROCHA;;;;Colisão Lateral;Luz do Dia;Bom;Molhada;Cruz;Outros;Residencial;0;0;2;1;0;0;0;0;0;0;0;0;-38,525444;-3,754388;;;
254657;8;7;2015;08:30;5474;RUA J DA PENHA;RUA BARBARA DE ALENCAR;;;;Choque c/ Obstáculo Fixo;Luz do Dia;Bom;Seca;Cruz;Pare;Comercial;0;0;2;1;0;0;1;0;0;0;0;0;-38,520055;-3,736038;;;
254638;8;7;2015;19:00;15227;AV ABOLICAO;AV DES MOREIRA;;;;Colisão Transversal;Via Iluminada;Bom;Seca;Cruz;Semáforo;Comercial;0;0;2;1;1;0;0;0;0;0;0;0;-38,495474;-3,727331;;;
262988;8;7;2015;11:50;8647;AV EDILSON B SOARES;RUA PRO SOLON FARIAS;;;;Colisão;Luz do Dia;;;Cruz;Pare;Misto;0;0;2;1;0;0;1;0;0;0;0;0;-38,477116;-3,789155;;;
262993;8;7;2015;23:10;6809;RUA BENTO ALBUQUERQUE;RUA CESAR FONSECA;;;;Colisão;;;;Cruz;Pare;Residencial;0;0;2;1;1;0;0;0;0;0;0;0;-38,474090;-3,746679;;;
262991;8;7;2015;14:35;0;AV JOSE LEON;;;;;Colisão;Luz do Dia;;;Meio de Quadra;;;0;0;2;1;0;0;0;0;0;0;0;0;;;;;
254709;8;7;2015;10:30;0;RUA TOMAS ACIOLI;;;2366;;Colisão Traseira;Luz do Dia;Nublado;Seca;Meio de Quadra;Não Há Controle;Residencial;0;0;2;1;0;0;0;0;0;0;0;0;;;;;
254740;8;7;2015;19:30;0;RUA VINTE E QUATRO DE MAIO;;;72;PRAÇA DA ESTAÇÃO;Colisão;Luz do Dia;Bom;Seca;Outros;Outros;Comercial;0;1;1;0;1;1;0;0;0;0;0;0;-38,530500;-3,722287;;;
254745;8;7;2015;18:30;19656;AV BEZERRA DE MENEZES;RUA PRO JOSE DE BARCELOS;;;;Colisão Transversal;Anoitecer;Bom;Seca;T;Semáforo;Comercial;0;1;1;0;1;0;0;0;0;1;0;0;-38,551066;-3,732898;;;
254751;8;7;2015;17:35;5499;RUA PDE VALDEVINO;RUA J DA PENHA;;;;Colisão Transversal;Anoitecer;Bom;Seca;Cruz;Pare;Comercial;0;0;2;0;1;0;0;0;0;0;0;0;-38,520695;-3,737911;;;
254753;8;7;2015;15:30;0;AV PRS COSTA E SILVA;;;5559;;Colisão Lateral;Luz do Dia;Bom;Seca;Meio de Quadra;Não Há Controle;Comercial;0;1;1;0;0;0;1;0;0;1;0;0;;;;;
254758;8;7;2015;09:10;15144;AV MON TABOSA;AV RUI BARBOSA;;;;Colisão Traseira;Luz do Dia;;Molhada;Cruz;Pare;Comercial;0;0;2;1;0;0;0;0;0;0;0;0;-38,505696;-3,724441;;;
254766;8;7;2015;16:10;0;RUA DR PEDRO BORGES;;;;;Colisão Transversal;Luz do Dia;Bom;Seca;Meio de Quadra;Gesto;Comercial;0;0;2;1;0;0;1;0;0;0;0;0;;;;;
254778;8;7;2015;09:50;8934;AV DOMINGOS OLIMPIO;RUA PDE MORORO;;;;Colisão Transversal;Luz do Dia;Bom;Molhada;Cruz;Pare;Residencial;0;0;2;1;0;0;0;0;0;1;0;0;-38,539949;-3,733752;;;
254779;8;7;2015;09:30;0;RUA AZEVEDO BARRETO;;;964;;Colisão Lateral;Luz do Dia;Nublado;Seca;Meio de Quadra;Outros;Residencial;0;0;2;0;1;0;1;0;0;0;0;0;-38,594954;-3,749295;;;
254784;8;7;2015;08:30;4765;RUA STO AGOSTINHO D71;RUA MONTE PASCOAL;;;;Colisão Transversal;Luz do Dia;Nublado;Seca;Cruz;Outros;Residencial;0;0;2;1;0;0;0;0;0;0;0;0;-38,600530;-3,804348;;;
254789;8;7;2015;19:00;17334;RUA ALM RUFINO;RUA FRE VICENTE SALVADOR;;;;Colisão Lateral;Via Iluminada;Bom;Seca;Cruz;Pare;Residencial;0;0;3;1;0;0;0;0;0;1;0;0;-38,541996;-3,765072;;;
254793;8;7;2015;09:00;13396;RUA JOAO BRIGIDO;RUA BAR ARACATI;;;;Colisão Transversal;Luz do Dia;Chuva;Molhada;Cruz;Pare;Residencial;0;0;2;1;0;0;0;0;0;0;0;0;-38,514697;-3,740939;;;
254797;8;7;2015;07:30;24979;AV ALM HENRIQUE SABOIA;RUA PRO FRANCISCO GONCALVES;;;;Colisão Traseira;Luz do Dia;Chuva;Molhada;Outros;;Residencial;0;1;1;1;0;0;0;0;0;1;0;0;-38,493668;-3,749278;;;
254799;8;7;2015;08:35;7949;RUA OSVALDO CRUZ (ALDEOTA);RUA ISAC AMARAL;;;;Colisão Lateral;Luz do Dia;Chuva;Molhada;Cruz;Pare;Residencial;0;0;2;1;0;0;1;0;0;0;0;0;-38,505756;-3,752487;;;
254801;8;7;2015;09:40;0;AV JOVITA FEITOSA;;;2402;;Colisão Traseira;Luz do Dia;Chuva;Molhada;Meio de Quadra;Não Há Controle;Comercial;0;0;2;1;0;0;0;0;0;0;0;0;-38,558711;-3,740298;;;
254802;8;7;2015;18:00;17429;RUA RAUL CABRAL;RUA MIMOSA;;;;Colisão Transversal;Anoitecer;Bom;Seca;Cruz;Pare;Residencial;0;1;1;1;0;0;0;0;0;1;0;0;-38,545143;-3,768620;;;
254803;8;7;2015;07:30;0;RUA JOAQUIM MAGALHAES;;;;;Colisão Transversal;Luz do Dia;Nublado;Molhada;Meio de Quadra;Não Há Controle;Residencial;0;0;2;1;0;0;0;0;0;0;0;0;;;;;
254804;8;7;2015;08:30;0;AV PRS COSTA E SILVA;;;;;Colisão Lateral;Luz do Dia;Chuva;Molhada;Meio de Quadra;Pare;Comercial;0;0;2;1;0;0;1;0;0;0;0;0;;;;;
254810;8;7;2015;06:30;0;AV GOV RAUL BARBOSA;;;;;Colisão Traseira;Luz do Dia;Bom;Seca;Meio de Quadra;Não Há Controle;Comercial;0;1;1;1;0;0;0;0;0;1;0;0;;;;;
254812;8;7;2015;06:45;0;RUA TEN JAIME ANDRADE;;;;;Colisão Lateral;Luz do Dia;Chuva;Molhada;Meio de Quadra;;Residencial;0;0;2;1;1;0;0;0;0;0;0;0;;;;;
254817;8;7;2015;20:50;0;RUA TEBAS;;;;;Colisão Frontal;Mal Iluminada;Bom;Seca;Meio de Quadra;Não Há Controle;Residencial;0;0;2;1;0;0;0;0;0;1;0;0;;;;;
254824;8;7;2015;08:40;13021;AV I CJ JOSE WALTER;AV A CJ JOSE WALTER;;;;Colisão Lateral;Luz do Dia;Bom;Seca;Cruz;Pare;Residencial;0;2;1;0;0;0;1;0;0;1;0;0;-38,550935;-3,825834;;;
254831;8;7;2015;21:00;0;RUA JOSE HIPOLITO;;;;;Colisão Lateral;Via Iluminada;Bom;Seca;Meio de Quadra;Outros;Residencial;0;1;2;1;0;0;0;0;0;1;0;0;;;;;
254822;8;7;2015;15:10;7884;AV ANTONIO SALES;RUA VICENTE LEITE;;;;Colisão Lateral;Luz do Dia;Bom;Seca;Cruz;Pare;Comercial;0;0;2;1;0;0;0;0;0;0;0;0;-38,498468;-3,746656;;;
274293;8;7;2015;18:20;0;AV ANTONIO SALES;;;806;;Engavetamento;Anoitecer;;;Meio de Quadra;;;0;0;1;1;0;0;0;0;0;0;0;0;-38,514532;-3,741683;;;
259077;8;7;2015;10:05;0;RD BR 116;;;1000;KM-01;Colisão Traseira;Luz do Dia;Bom;Seca;Meio de Quadra;Não Há Controle;Comercial;0;0;5;1;0;0;0;0;0;0;0;0;-38,518702;-3,762554;;;
259082;8;7;2015;13:30;0;RD BR 116;;;3000;KM-03;Colisão Traseira;Luz do Dia;Bom;Seca;Meio de Quadra;Não Há Controle;Comercial;0;0;2;1;0;0;0;0;0;0;0;0;-38,514372;-3,779838;;;
259080;8;7;2015;12:10;0;RD BR 116;;;14000;KM-14;Tombamento;Luz do Dia;Bom;Seca;Meio de Quadra;Não Há Controle;Comercial;0;0;1;0;0;0;1;0;0;0;0;0;-38,499242;-3,873523;;;
254837;8;7;2015;07:40;24272;RUA TAVARES COUTINHO;RUA DR ALOISIO MAMEDE;;;;Colisão Transversal;Luz do Dia;Bom;Seca;Cruz;Pare;Comercial;0;1;2;1;0;0;0;0;0;1;0;0;-38,483864;-3,732445;;;
254835;8;7;2015;19:00;0;RUA PDE PEDRO DE ALENCAR;;;266;;Colisão Lateral;Via Iluminada;Bom;Seca;Meio de Quadra;Outros;Comercial;0;0;2;1;0;0;0;0;0;1;0;0;-38,493794;-3,829997;;;
259083;9;7;2015;11:00;0;RD BR 116;;;;;Colisão Lateral;Luz do Dia;Bom;Seca;Meio de Quadra;Não Há Controle;Comercial;0;0;2;1;0;0;1;0;0;0;0;0;;;;;
254705;9;7;2015;12:00;9176;AV AGUANAMBI;AV EDUARDO GIRAO;;;;Colisão Traseira;Luz do Dia;Bom;Seca;Rotatória;Semáforo;Comercial;0;0;2;1;0;0;0;0;0;0;0;0;-38,523639;-3,755303;;;
262996;9;7;2015;13:06;0;RUA NOSSA SRA APARECIDA;;;877;;Colisão;Luz do Dia;;;Meio de Quadra;;;0;0;2;1;1;0;0;0;0;0;0;0;-38,604491;-3,757551;;;
263008;9;7;2015;17:05;0;RUA PRA HELOISA F LIMA;;;;;Colisão;Anoitecer;;;Meio de Quadra;;;0;0;2;1;0;0;1;0;0;0;0;0;;;;;
263017;9;7;2015;20:46;15821;AV JOR THOMAZ COELHO;RUA ANGELICA GURGEL;;;;Colisão;;;;T;Pare;Comercial;0;0;2;0;1;0;0;0;0;1;0;0;-38,499058;-3,832400;;;
263012;9;7;2015;18:36;0;AV DR SILAS MUNGUBA;;;;;Colisão;;;;Meio de Quadra;;;0;0;2;1;1;0;0;0;0;0;0;0;;;;;
263013;9;7;2015;19:29;0;RUA GAL TERTULIANO POTYGUARA;;;;;Colisão;;;;Meio de Quadra;;;0;0;2;1;0;0;0;0;0;0;0;0;;;;;
264162;9;7;2015;12:40;7335;RUA MACAPA;RUA COS ARAUJO LIMA;;;;Colisão;Luz do Dia;;;;;;1;0;1;1;0;0;0;0;0;0;0;0;-38,590096;-3,750036;;;
254640;9;7;2015;05:40;0;RUA METON DE ALENCAR;;;1791;;Colisão Lateral;Luz do Dia;Bom;Seca;Meio de Quadra;Não Há Controle;Comercial;0;0;2;1;0;0;0;0;0;0;0;0;-38,539497;-3,730777;;;
254645;9;7;2015;14:30;9237;AV EDUARDO GIRAO;RUA DR RATISBONA;;;;Colisão Traseira;Luz do Dia;Bom;Seca;T;Pare;Misto;0;0;2;1;0;0;0;0;0;0;0;0;-38,530274;-3,754825;;;
254643;9;7;2015;18:30;19144;RUA DES WALDETARIO P MOTA;RUA PEREIRA DE MIRANDA;;;;Colisão;Via Iluminada;Bom;Seca;Cruz;Pare;Residencial;0;0;2;1;0;0;0;0;0;1;0;0;-38,482385;-3,739627;;;
254654;9;7;2015;18:40;0;AV PONTES VIEIRA;;;177;VIADUTO;Colisão Traseira;Via Iluminada;Bom;Seca;Meio de Quadra;Não Há Controle;Outros;0;0;2;1;0;0;0;0;0;0;0;0;-38,518720;-3,753338;;;
254655;9;7;2015;16:40;9021;RUA CEL SOLON;AV FELINO BARROSO;;;;Colisão Transversal;Luz do Dia;Bom;Seca;Cruz;Pare;Comercial;0;1;1;0;0;0;0;0;0;1;0;0;-38,528653;-3,743154;;;
254649;9;7;2015;09:15;19252;AV JOAO PESSOA;RUA LIVINO DE CARVALHO;;;;Colisão;;Bom;;T;;;0;0;2;0;1;0;0;0;0;0;0;0;-38,561062;-3,770275;;;
254647;9;7;2015;14:30;9081;AV 13 DE MAIO;AV AGUANAMBI;;;;Colisão Lateral;Luz do Dia;Bom;Seca;Cruz;;Comercial;0;0;2;0;1;0;0;0;0;0;0;0;-38,523451;-3,753844;;;
254658;9;7;2015;05:55;19667;AV BEZERRA DE MENEZES;RUA ERETIDES MARTINS;;;;Colisão Transversal;Amanhecer;Bom;Seca;Cruz;Semáforo;Comercial;0;1;1;1;0;0;0;0;0;1;0;0;-38,557568;-3,734232;;;
254651;9;7;2015;16:30;5340;AV DUQ CAXIAS;RUA VINTE E QUATRO DE MAIO;;;;Colisão Transversal;Anoitecer;Bom;Seca;Cruz;Semáforo;Comercial;0;1;1;1;0;0;0;0;1;0;0;0;-38,533230;-3,730708;;;
254663;9;7;2015;07:35;0;AV DOMINGOS OLIMPIO;;;1199;;Colisão Traseira;Luz do Dia;Bom;Seca;Meio de Quadra;Outros;Comercial;0;1;2;1;0;0;0;0;1;1;0;0;;;;;
254672;9;7;2015;08:40;0;AV BEZERRA DE MENEZES;;;370;;Colisão Traseira;Luz do Dia;Bom;Seca;Meio de Quadra;Semáforo;Residencial;0;0;2;1;0;0;0;0;0;0;0;0;-38,547792;-3,732209;;;
254673;9;7;2015;04:00;7869;RUA BARBOSA DE FREITAS;RUA FRANCISCO HOLANDA;;;;Colisão Transversal;Luz do Dia;Bom;Seca;Cruz;Pare;Comercial;0;0;2;1;0;0;0;0;0;0;0;0;-38,501555;-3,749671;;;
254668;9;7;2015;13:30;11057;AV DR SILAS MUNGUBA;AV DOS EXPEDICIONARIOS;;;;Colisão Lateral;;Bom;Seca;Cruz;Semáforo;Comercial;0;0;2;1;0;0;0;0;0;0;0;0;-38,547960;-3,787538;;;
254669;9;7;2015;18:15;7884;AV ANTONIO SALES;RUA VICENTE LEITE;;;;Colisão Transversal;;Bom;;Cruz;;Comercial;0;0;2;1;0;0;0;0;0;0;0;0;-38,498468;-3,746656;;;
254666;9;7;2015;14:10;5184;RUA GUILHERME ROCHA;RUA VINTE E QUATRO DE MAIO;;;;Colisão Traseira;Luz do Dia;Bom;Seca;Cruz;Pare;Comercial;0;1;1;0;0;0;1;0;0;1;0;0;-38,531622;-3,725813;;;
254687;9;7;2015;07:30;0;AV HIS RAIMUNDO GIRAO;;;;;Colisão Lateral;Luz do Dia;Bom;Seca;Meio de Quadra;Pare;Comercial;0;1;1;1;0;0;0;0;0;1;0;0;;;;;
254676;9;7;2015;09:20;348;RUA PRO LINO ENCARNACAO;RUA CESAR FONTENELE;;;;Colisão Lateral;Luz do Dia;Bom;Seca;Cruz;Pare;Comercial;0;0;2;1;0;0;0;0;0;0;0;0;-38,559596;-3,746359;;;
254677;9;7;2015;02:23;6750;RUA BATISTA DE OLIVEIRA;RUA VILEBALDO AGUIAR;;;;Colisão Transversal;Via Iluminada;Bom;Seca;Cruz;Pare;Residencial;0;1;1;1;0;0;0;0;0;0;0;0;-38,480134;-3,743019;;;
254679;9;7;2015;14:00;0;AV GOV PARSIFAL BARROSO;;;600;;Colisão Traseira;Luz do Dia;Bom;Seca;Meio de Quadra;;Comercial;0;0;2;1;0;0;1;0;0;0;0;0;-38,569038;-3,731972;;;
254680;9;7;2015;07:45;12496;AV CARNEIRO DE MENDONCA;AV LINEU MACHADO;;;;Colisão Lateral;Luz do Dia;Bom;Seca;T;Semáforo;Comercial;0;0;2;1;0;0;0;0;0;0;0;0;-38,574021;-3,760403;;;
254681;9;7;2015;10:00;0;AV DR SILAS MUNGUBA;;;;;Atropelamento;Luz do Dia;Bom;Seca;Meio de Quadra;Semáforo;Outros;0;2;1;1;0;0;0;0;0;0;0;0;;;;;
254682;9;7;2015;16:00;23375;RUA JOAQUIM NABUCO;RUA CAP TIBURCIO DA FROTA;;;;Colisão Lateral;Luz do Dia;Bom;Seca;Cruz;Pare;Residencial;0;0;2;1;0;0;0;0;0;0;0;0;-38,507482;-3,754360;;;
254684;9;7;2015;10:00;0;AV GOV PARSIFAL BARROSO;;;300;;Atropelamento;Luz do Dia;Bom;Seca;Meio de Quadra;Não Há Controle;Residencial;0;2;0;0;0;0;0;0;0;1;0;0;-38,569183;-3,729806;;;
254685;9;7;2015;06:50;4189;AV PRS CASTELO BRANCO;RUA FRANCISCO CORDEIRO;;;;Colisão Lateral;Luz do Dia;Bom;Seca;Cruz;Não Há Controle;Residencial;0;0;2;1;1;0;0;0;0;0;0;0;-38,550593;-3,713113;;;
254695;9;7;2015;16:50;0;RUA CEL JUCA;;;;;Colisão Lateral;Luz do Dia;Bom;Seca;;;;0;1;1;1;0;0;0;0;0;1;0;0;;;;;
254696;9;7;2015;12:30;7805;RUA OSVALDO CRUZ (ALDEOTA);RUA FRANCISCO HOLANDA;;;;Colisão Transversal;Luz do Dia;Bom;Seca;Cruz;Pare;Comercial;0;2;0;1;0;0;0;0;0;1;0;0;-38,504543;-3,748713;;;
254697;9;7;2015;16:20;7760;AV ANTONIO SALES;RUA SILVA PAULET;;;;Colisão Transversal;Luz do Dia;Bom;Seca;Cruz;Pare;Comercial;0;1;1;1;0;0;0;0;0;1;0;0;-38,508383;-3,743595;;;
254689;9;7;2015;08:10;5437;RUA METON DE ALENCAR;RUA FLORIANO PEIXOTO;;;;Colisão Transversal;Luz do Dia;Bom;Seca;Cruz;Pare;Comercial;0;0;2;1;0;0;1;0;0;0;0;0;-38,529358;-3,734071;;;
254690;9;7;2015;14:20;1737;RUA CAP ARAGAO;RUA ALECRIN;;;;Colisão Traseira;Luz do Dia;Bom;Seca;Cruz;Pare;Misto;0;0;2;1;0;0;1;0;0;0;0;0;-38,509505;-3,764185;;;
254700;9;7;2015;17:00;12404;AV SEN FERNANDES TAVORA;AV LINEU MACHADO;;;;Colisão Transversal;Luz do Dia;Bom;Seca;Cruz;Não Há Controle;Misto;0;0;2;1;1;0;0;0;0;0;0;0;-38,576540;-3,765199;;;
254703;9;7;2015;15:50;0;RUA METON DE ALENCAR;;;199;;Colisão Lateral;Luz do Dia;Bom;Seca;Meio de Quadra;Não Há Controle;Comercial;0;1;2;1;0;0;0;0;0;1;0;0;;;;;
269185;9;7;2015;13:48;0;RUA JOSE MENDONCA;;;765;;Colisão;Luz do Dia;;;Meio de Quadra;;;0;0;2;0;0;0;0;0;0;0;0;0;-38,602032;-3,756282;;;
269181;9;7;2015;11:17;16204;RUA MONTE LIBANO;RUA 5 CJ PEQ MONDUBIM;;;;Colisão;Luz do Dia;;;Duplo T;Pare;Misto;0;0;2;0;0;0;0;0;0;0;0;0;-38,561359;-3,823957;;;
269176;9;7;2015;10:49;7694;RUA RIO GRANDE DO NORTE;RUA RIO GRANDE DO SUL;;;;Colisão;Luz do Dia;;;Cruz;Pare;Residencial;0;0;2;0;0;0;0;0;0;0;0;0;-38,567559;-3,758617;;;
269194;9;7;2015;16:41;0;AV GAL OSORIO DE PAIVA;;;5840;;Colisão;Luz do Dia;;;Meio de Quadra;;;0;0;2;0;0;0;0;0;0;0;0;0;-38,604625;-3,807352;;;
269191;9;7;2015;16:26;0;RUA VALPARAISO;;;1430;;Atropelamento;Luz do Dia;;;Meio de Quadra;;;0;0;2;0;0;0;0;0;0;0;0;0;-38,533596;-3,837799;;;
269187;9;7;2015;15:07;7497;RUA PEDRO DANTAS;RUA BOA VENTURA;;;;Colisão;Luz do Dia;;;Cruz;Não Há Controle;Misto;0;0;2;0;0;0;0;0;0;0;0;0;-38,523885;-3,785562;;;
269237;9;7;2015;20:25;0;RUA XAVIER DA SILVEIRA;;;4208;;Colisão;;;;Meio de Quadra;;;0;0;2;0;0;0;0;0;0;0;0;0;-38,625717;-3,788313;;;
269198;9;7;2015;18:14;0;RUA BARBOSA DE FREITAS;;;1850;;Colisão;Anoitecer;;;Meio de Quadra;;;0;0;2;0;0;0;0;0;0;0;0;0;-38,499230;-3,742408;;;
269250;9;7;2015;21:43;0;AV BEZERRA DE MENEZES;;;2496;;Colisão;;;;Meio de Quadra;;;0;0;2;0;0;0;0;0;0;0;0;0;-38,566682;-3,736138;;;
269244;9;7;2015;21:41;0;AV FRANCISCO SA;;;5426;;Colisão;;;;Meio de Quadra;;;0;0;2;0;0;0;0;0;0;0;0;0;-38,572352;-3,712282;;;
259499;9;7;2015;18:00;0;RD CE-040;;;;KM-09;Colisão;Anoitecer;Bom;Seca;Meio de Quadra;Não Há Controle;Comercial;0;0;2;1;0;0;0;0;0;0;0;0;-38,481431;-3,824774;;;
259500;9;7;2015;18:15;0;AV SEN CARLOS JEREISSATI (AEROPORTO);;;;KM 03;Colisão;Anoitecer;Bom;Seca;Meio de Quadra;Não Há Controle;Comercial;0;1;1;1;0;0;0;0;0;1;0;0;-38,541414;-3,780382;;;
263402;9;7;2015;01:46;0;AV WASHINGTON SOARES;;;;;Choque c/ Obstáculo Fixo;;;;Meio de Quadra;;;0;1;0;1;0;0;0;0;0;0;0;0;;;;;
263403;9;7;2015;04:16;26091;AV JOVITA FEITOSA;AV 13 DE MAIO;;;;Queda;;;;;;;0;1;0;0;0;0;0;0;0;1;0;0;-38,543936;-3,737273;;;
263404;9;7;2015;05:13;0;AV BEZERRA DE MENEZES;;;;;Queda;Amanhecer;;;Meio de Quadra;;;0;1;0;0;0;0;0;0;0;1;0;0;;;;;
263405;9;7;2015;09:34;0;RUA PERNAMBUCO;;;;;Colisão;Luz do Dia;;;Meio de Quadra;;;0;1;1;0;0;0;0;0;0;1;0;0;;;;;
263406;9;7;2015;09:48;0;RUA VALPARAISO;;;;;Colisão;Luz do Dia;;;Meio de Quadra;;;0;1;0;0;0;0;1;0;0;1;0;0;;;;;
263407;9;7;2015;10:29;0;AV SEN CARLOS JEREISSATI (AEROPORTO);;;;;Colisão;Luz do Dia;;;Meio de Quadra;;;0;1;1;1;0;0;0;0;0;1;0;0;;;;;
263408;9;7;2015;11:05;0;AV B CJ CEARA;;;;;Queda;Luz do Dia;;;Meio de Quadra;;;0;1;0;0;0;0;0;0;0;1;0;0;;;;;
263409;9;7;2015;11:13;0;AV PRO JOSE ARTHUR CARVALHO;;;;;Queda;Luz do Dia;;;Meio de Quadra;;;0;1;0;0;0;0;0;0;0;1;0;0;;;;;
263414;9;7;2015;15:26;0;AV CASTANHOLEIRAS;;;;;Colisão;Luz do Dia;;;Meio de Quadra;;;0;1;1;1;0;0;0;0;0;1;0;0;;;;;
263415;9;7;2015;16:07;0;RUA DA PAZ;;;;;Colisão;Luz do Dia;;;Meio de Quadra;;;0;1;1;1;0;0;0;0;0;1;0;0;;;;;
263416;9;7;2015;16:15;0;RUA JULIO SILVA;;;;;Colisão;Luz do Dia;;;Meio de Quadra;;;0;1;0;0;0;0;0;0;0;0;0;0;;;;;
263417;9;7;2015;19:13;0;RUA VALPARAISO;;;;;Queda;;;;Meio de Quadra;;;0;1;0;0;0;1;0;0;0;0;0;0;;;;;
263418;9;7;2015;20:19;0;AV DEP PAULINO ROCHA;;;;;Colisão;;;;Meio de Quadra;;;0;1;0;1;0;0;0;0;0;0;0;0;;;;;
263419;9;7;2015;22:04;0;RUA PDE GUERRA;;;;;Colisão;;;;Meio de Quadra;;;0;1;0;0;0;0;0;0;0;0;0;0;;;;;
263420;9;7;2015;22:41;0;AV CARNEIRO DE MENDONCA;;;;;Colisão;;;;;;;0;2;0;1;0;0;0;0;0;1;0;0;;;;;
263422;9;7;2015;00:35;21312;AV BEZERRA DE MENEZES;RUA JOSE SOMBRA;;;;Queda;;;;Duplo T;Pare;Comercial;0;1;0;0;0;0;0;0;0;1;0;0;-38,547516;-3,732150;;;
263423;10;7;2015;01:30;0;AV FRANCISCO SA;;;;;Atropelamento;;;;Meio de Quadra;;;0;1;1;0;0;0;0;0;0;1;0;0;;;;;
263424;10;7;2015;05:35;0;AV SEN CARLOS JEREISSATI (AEROPORTO);;;;;Atropelamento;Amanhecer;;;Meio de Quadra;;;0;1;1;0;0;0;0;0;0;1;0;0;;;;;