COD_ACIDENTE;DIA;MES;ANO;HORA;INTERSECAO;LOG1;LOG2;LOG3;NUMERO;REFERENCIA;NATUREZA;ILUMINACAO;TEMPO;SUPERFICIEPISTA;TIPOCRUZAMENTO;CONTROLETRAFEGO;USOSOLO;MORTOS;FERIDOS;ILESOS;AUTOMOVEL;ONIBUS;BICICLETA;CAMINHAO;MICROONIBUS;CICLOMOTOR;MOTOCICLETA;TRACAOANIMAL;TREM;LONG;LAT;;;
263425;10;7;2015;06:11;0;AV SIQUEIRA CAMPOS;;;;;Atropelamento;Luz do Dia;;;Meio de Quadra;;;0;1;1;1;0;0;0;0;0;1;0;0;;;;;
263478;10;7;2015;17:04;0;AL VIOLETAS;;;;;Colisão;Anoitecer;;;Meio de Quadra;;;0;1;1;1;0;0;0;0;0;1;0;0;;;;;
263479;10;7;2015;17:35;0;AV CASTELO DE CASTRO;;;;;Atropelamento;Anoitecer;;;Meio de Quadra;;;0;1;1;0;0;0;0;0;0;1;0;0;;;;;
263476;10;7;2015;16:07;0;RUA VENEZUELA;;;;;Colisão;Luz do Dia;;;Meio de Quadra;;;0;1;1;1;0;0;0;0;0;1;0;0;-38,548061;-3,765021;;;
263470;10;7;2015;12:09;12457;RUA PRO GOMES BRASIL;AV SEN FERNANDES TAVORA;;;;Colisão;Luz do Dia;;;;;;0;1;0;1;1;0;0;0;0;1;0;0;-38,570427;-3,770153;;;
263467;10;7;2015;09:05;0;RUA URUCUTUBA;;;;;Colisão;Luz do Dia;;;Meio de Quadra;;;0;0;1;0;0;0;0;0;0;0;0;0;;;;;
263468;10;7;2015;10:45;0;RUA BOM JESUS (BARRA DO CEARA);;;;;Atropelamento;Luz do Dia;;;Meio de Quadra;;;0;1;1;1;0;0;0;0;0;0;0;0;;;;;
263451;10;7;2015;07:48;3769;RUA SEN POMPEU;AV DOMINGOS OLIMPIO;;;;Colisão;Luz do Dia;;;Cruz;Semáforo;Comercial;0;1;0;0;0;0;0;0;0;0;0;0;-38,532455;-3,736254;;;
263490;10;7;2015;18:01;0;AV DES GONZAGA;;;;;Colisão;Anoitecer;;;Meio de Quadra;;;0;1;0;0;0;0;0;0;0;0;0;0;;;;;
263491;10;7;2015;20:40;0;AV MIGUEL DIAS;;;;;Queda;;;;Meio de Quadra;;;0;1;0;0;0;1;0;0;0;0;0;0;;;;;
263492;10;7;2015;21:06;0;AV GAL OSORIO DE PAIVA;;;;;Colisão;;;;Meio de Quadra;;;0;1;0;0;0;0;0;0;0;0;0;0;-38,615923;-3,819047;;;
263493;10;7;2015;23:47;0;AV FRE CIRILO;;;;;Queda;;;;Meio de Quadra;;;0;1;0;0;0;0;0;0;0;1;0;0;;;;;
263495;10;7;2015;00:07;0;RUA JULIO AZEVEDO;;;;;Colisão;;;;Meio de Quadra;;;0;1;1;1;0;0;0;0;0;1;0;0;;;;;
263496;10;7;2015;03:43;0;AV N CJ JOSE WALTER;;;;;Colisão;;;;Meio de Quadra;;;0;1;1;1;0;0;0;0;0;1;0;0;;;;;
263498;10;7;2015;04:28;0;AV JOSE LEON;;;;;Atropelamento;;;;Meio de Quadra;;;0;1;1;1;0;0;0;0;0;0;0;0;;;;;
263499;10;7;2015;07:13;0;AV JOSE BASTOS;;;;;Colisão;Luz do Dia;;;Meio de Quadra;;;0;1;0;0;0;0;0;0;0;0;0;0;;;;;
263500;10;7;2015;09:03;10752;RUA ANTONIO IVO;RUA JOCKEY CLUBE;;;;Colisão;Luz do Dia;;;Cruz;Pare;Residencial;0;1;1;1;0;0;0;0;0;1;0;0;-38,581779;-3,761104;;;
263443;10;7;2015;07:09;0;AV BEZERRA DE MENEZES;;;;;Queda;Luz do Dia;;;Meio de Quadra;;;0;1;0;0;0;0;0;0;0;1;0;0;;;;;
263444;10;7;2015;07:10;0;AV ALM HENRIQUE SABOIA;;;;;Queda;Luz do Dia;;;Meio de Quadra;;;0;1;0;0;0;0;0;0;0;1;0;0;;;;;
263458;10;7;2015;08:13;0;RUA ORIENTE;;;;;Queda;Luz do Dia;;;Meio de Quadra;;;0;1;0;0;0;0;0;0;0;1;0;0;;;;;
263502;10;7;2015;11:18;0;RUA GERMANO FRANCK;;;;;Colisão;Luz do Dia;;;Meio de Quadra;;;0;1;1;1;0;0;0;0;0;1;0;0;;;;;
263503;10;7;2015;12:02;0;AV CEL CARVALHO;;;2473;;Colisão;Luz do Dia;;;Meio de Quadra;;;0;1;1;1;0;0;0;0;0;1;0;0;-38,586084;-3,724419;;;
259502;10;7;2015;07:20;0;RD CE-040;;;;KM-10;Colisão;Luz do Dia;Bom;Seca;Meio de Quadra;Não Há Controle;Comercial;0;1;1;1;0;0;0;0;0;1;0;0;-38,480068;-3,838671;;;
259504;10;7;2015;09:40;0;RD CE-040;;;;KM-07;Colisão;Luz do Dia;Bom;Seca;Meio de Quadra;Não Há Controle;Comercial;0;0;2;1;0;0;1;0;0;0;0;0;-38,483160;-3,817953;;;
259505;10;7;2015;10:45;0;AV SEN CARLOS JEREISSATI (AEROPORTO);;;;;Colisão;Luz do Dia;Bom;Seca;Meio de Quadra;Não Há Controle;Comercial;0;0;2;1;0;0;0;0;0;0;0;0;;;;;
259508;10;7;2015;14:00;0;RD CE-040;;;;KM-04;Colisão;Luz do Dia;Bom;Seca;Meio de Quadra;Não Há Controle;Comercial;0;0;2;1;0;0;0;0;0;0;0;0;-38,480251;-3,792050;;;
269252;10;7;2015;03:46;0;AV HIS RAIMUNDO GIRAO;;;;;Colisão;;;;Meio de Quadra;;;0;0;2;0;0;0;0;0;0;0;0;0;;;;;
254704;10;7;2015;19:45;11936;AV PRS COSTA E SILVA;RUA PAULINA ARRUDA;;;;Colisão Lateral;Via Iluminada;Bom;Seca;Cruz;Outros;Comercial;0;0;3;1;1;0;0;0;0;0;0;0;-38,512038;-3,828997;;;
254701;10;7;2015;14:30;1302;RUA MARCOS MACEDO;RUA BARBOSA DE FREITAS;;;;Colisão Transversal;Luz do Dia;Bom;Seca;Cruz;Pare;Comercial;0;0;2;1;0;0;1;0;0;0;0;0;-38,496719;-3,734569;;;
254702;10;7;2015;18:10;0;AV OLIVEIRA PAIVA;;;2368;;Colisão Lateral;Via Iluminada;Bom;Seca;Meio de Quadra;;Comercial;0;0;2;0;0;0;0;0;0;1;0;0;;;;;
254698;10;7;2015;10:00;9160;RUA DEP OSWALDO STUDART;RUA GRACILIANO RAMOS;;;;Colisão Lateral;Luz do Dia;Bom;Seca;Cruz;Pare;Comercial;0;0;3;1;0;0;0;0;0;0;0;0;-38,529082;-3,754499;;;
254694;10;7;2015;16:00;5448;RUA BAR ARATANHA;RUA METON DE ALENCAR;;;;Colisão Lateral;Luz do Dia;Bom;Seca;Cruz;Pare;Comercial;0;0;2;1;0;0;0;0;0;1;0;0;-38,527028;-3,734847;;;
264165;10;7;2015;11:10;0;RUA OSVALDO CRUZ (ALDEOTA);;;188;;Colisão;Luz do Dia;;;Meio de Quadra;;;0;1;0;0;0;0;0;0;0;1;0;0;-38,497742;-3,727616;;;
269311;10;7;2015;22:15;0;RUA TEODOMIRO DE CASTRO;;;6490;;Colisão;;;;Meio de Quadra;;;0;0;2;0;0;0;0;0;0;0;0;0;-38,578510;-3,716219;;;
269304;10;7;2015;18:06;0;AV PRS CASTELO BRANCO;;;;;Colisão;Anoitecer;;;Meio de Quadra;;;0;0;2;0;0;0;0;0;0;0;0;0;;;;;
269306;10;7;2015;18:31;581;AV PASTEUR;AV FRANCISCO SA;;;;Colisão;;;;Cruz;;Comercial;0;0;2;0;0;0;0;0;0;0;0;0;-38,560567;-3,716325;;;
269302;10;7;2015;17:06;0;VL DO MAR;;;633;;Atropelamento;Anoitecer;;;Meio de Quadra;;;0;0;2;0;0;0;0;0;0;0;0;0;;;;;
269294;10;7;2015;16:08;0;AV CESAR CALS;;;280;;Colisão;Luz do Dia;;;Meio de Quadra;;;0;0;2;0;0;0;0;0;0;0;0;0;-38,464611;-3,720563;;;
269288;10;7;2015;13:58;0;AV A CJ CEARA;;;;;Colisão;Luz do Dia;;;Meio de Quadra;;;0;0;2;0;0;0;0;0;0;0;0;0;;;;;
269265;10;7;2015;13:06;21312;AV BEZERRA DE MENEZES;RUA JOSE SOMBRA;;;;Colisão;Luz do Dia;;;Duplo T;Pare;Comercial;0;0;2;0;0;0;0;0;0;0;0;0;-38,547516;-3,732150;;;
269260;10;7;2015;11:31;0;RUA BOM JESUS (GRANJA LISBOA);;;3375;;Colisão;Luz do Dia;;;Meio de Quadra;;;0;0;2;0;0;0;0;0;0;0;0;0;;;;;
269261;10;7;2015;13:34;0;RUA SGT JOAO PINHEIRO;;;378;;Colisão;Luz do Dia;;;Meio de Quadra;;;0;0;2;0;0;0;0;0;0;0;0;0;;;;;
269257;10;7;2015;11:03;5356;AV DUQ CAXIAS;RUA GAL SAMPAIO;;;;Colisão;Luz do Dia;;;Cruz;Semáforo;Misto;0;0;2;0;0;0;0;0;0;0;0;0;-38,532029;-3,731096;;;
254710;10;7;2015;07:00;1312;AV DOM LUIS;RUA LEONARDO MOTA;;;;Colisão Lateral;Luz do Dia;Bom;Seca;Cruz;;Comercial;0;0;2;1;0;0;0;0;0;0;0;0;-38,495445;-3,733872;;;
254808;10;7;2015;14:50;11285;RUA FRANCISCO GLICERIO;RUA CARLOS STUDART;;;;Colisão Lateral;Luz do Dia;Bom;Seca;Cruz;Pare;Comercial;0;1;1;1;0;0;0;0;0;1;0;0;-38,568900;-3,796234;;;
254771;10;7;2015;09:30;0;RUA ENG JAIME ROLEMBERG;;;1258;;Colisão Transversal;Luz do Dia;Bom;Seca;Meio de Quadra;Pare;Residencial;0;0;2;1;0;0;0;0;0;0;0;0;;;;;
254769;10;7;2015;20:45;15135;AV HIS RAIMUNDO GIRAO;RUA FRANCISCO DIAS RIBEIRO;;;;Engavetamento;Via Iluminada;Bom;Seca;Cruz;Pare;Comercial;0;0;3;1;0;0;0;0;0;1;0;0;-38,504397;-3,724024;;;
254775;10;7;2015;13:40;0;AV JOSE BASTOS;;;5036;;Colisão Traseira;Luz do Dia;Bom;Seca;Meio de Quadra;Não Há Controle;Comercial;0;1;2;1;0;0;0;0;0;0;0;0;-38,561685;-3,757505;;;
254776;10;7;2015;11:10;0;AV BEZERRA DE MENEZES;;;1653;;Colisão Traseira;Luz do Dia;Bom;;Meio de Quadra;;Comercial;0;1;1;1;0;0;0;0;1;0;0;0;-38,559541;-3,734635;;;
254767;10;7;2015;16:30;15135;AV HIS RAIMUNDO GIRAO;RUA FRANCISCO DIAS RIBEIRO;;;;Colisão Transversal;Luz do Dia;Bom;Seca;Cruz;Pare;Comercial;0;0;2;1;1;0;0;0;0;0;0;0;-38,504397;-3,724024;;;
254760;10;7;2015;14:30;15834;RUA CEL FRANCISCO PEREIRA (MESSEJANA);RUA TEN JURANDIR ALENCAR;;;;Colisão Lateral;Luz do Dia;Bom;Seca;T;Não Há Controle;Comercial;0;0;2;0;0;0;0;1;0;0;0;0;-38,492929;-3,831773;;;
254762;10;7;2015;20:00;19367;RUA JULIO BRAGA;RUA STA LIGIA;;;;Colisão Transversal;Via Iluminada;Bom;Seca;Cruz;Pare;Residencial;0;2;0;0;0;0;0;0;0;1;0;0;-38,574892;-3,777294;;;
254763;10;7;2015;18:30;15374;AV DOM LUIS;RUA FREDERICO BORGES;;;;Colisão Lateral;Via Iluminada;Bom;Seca;Cruz;Semáforo;Comercial;0;1;1;0;1;0;0;0;0;1;0;0;-38,489136;-3,735890;;;
254756;10;7;2015;12:56;0;AV BEZERRA DE MENEZES;;;335;;Colisão Lateral;Luz do Dia;Bom;Seca;Meio de Quadra;Outros;Comercial;0;1;1;1;0;0;0;0;0;0;0;0;-38,547792;-3,732209;;;
254757;10;7;2015;05:10;5348;RUA METON DE ALENCAR;RUA PDE MORORO;;;;Colisão Lateral;Luz do Dia;Bom;Seca;T;Não Há Controle;Comercial;0;1;1;0;1;0;0;0;0;1;0;0;-38,539143;-3,730892;;;
254746;10;7;2015;19:20;0;RUA VIRGILIO VASCONCELOS;;;;;Colisão Lateral;Via Iluminada;Bom;Seca;Meio de Quadra;Não Há Controle;Residencial;0;0;2;1;0;0;0;0;0;0;0;0;;;;;
254748;10;7;2015;20:00;0;AV ABOLICAO;;;2308;;Colisão Lateral;Via Iluminada;Bom;Seca;Meio de Quadra;Não Há Controle;Comercial;0;0;2;1;0;0;0;1;0;0;0;0;-38,498357;-3,726398;;;
254742;10;7;2015;07:00;15289;AV DES MOREIRA;RUA ANA BILHAR;;;;Colisão Transversal;Luz do Dia;Bom;Seca;Cruz;Semáforo;Residencial;0;1;1;1;0;0;0;0;0;0;0;0;-38,496113;-3,729331;;;
254737;10;7;2015;03:40;15230;RUA JOAQUIM NABUCO;RUA SILVA JATAHY;;;;Colisão Transversal;Via Iluminada;Bom;Seca;Cruz;Pare;Residencial;0;0;4;1;0;0;0;0;0;0;0;0;-38,498765;-3,727387;;;
254728;10;7;2015;06:05;0;AV 13 DE MAIO;;;1932;;Colisão Traseira;Luz do Dia;Bom;Seca;Meio de Quadra;Semáforo;Comercial;0;0;2;1;0;0;0;0;0;0;0;0;-38,534905;-3,744566;;;
254739;10;7;2015;10:45;0;AV JOAO PESSOA;;;;;Colisão Lateral;Luz do Dia;Bom;Seca;Meio de Quadra;Não Há Controle;Outros;0;0;2;0;0;0;0;1;0;0;0;0;;;;;
254731;10;7;2015;06:10;3863;AV 13 DE MAIO;RUA SEN POMPEU;;;;Colisão Transversal;Luz do Dia;Bom;Seca;Outros;Semáforo;Comercial;0;1;2;0;0;0;0;0;0;1;0;0;-38,534969;-3,744515;;;
254733;10;7;2015;08:00;0;AV VICENTE DE CASTRO;;;;;Colisão Lateral;Luz do Dia;Bom;Seca;Meio de Quadra;Não Há Controle;Comercial;0;0;2;0;0;0;1;0;0;0;0;0;;;;;
254725;10;7;2015;16:30;5402;RUA METON DE ALENCAR;RUA VINTE E QUATRO DE MAIO;;;;Colisão Transversal;Luz do Dia;Bom;Seca;Cruz;Pare;Comercial;0;1;1;1;0;0;0;0;0;1;0;0;-38,533848;-3,732626;;;
254721;10;7;2015;13:50;0;AV PRS CASTELO BRANCO;;;400;;Colisão Lateral;Luz do Dia;Bom;Seca;Meio de Quadra;Não Há Controle;Comercial;0;0;2;1;1;0;0;0;0;0;0;0;-38,530144;-3,720316;;;
254719;10;7;2015;20:00;22157;RUA DELMIRO FARIAS;RUA MON FURTADO;;;;Colisão Transversal;Via Iluminada;Bom;Seca;Cruz;Pare;Residencial;0;0;2;1;0;0;0;0;0;0;0;0;-38,550550;-3,747544;;;
254715;10;7;2015;03:30;11021;RUA ALM RUBIM;RUA GERMANO FRANCK;;;;Colisão Frontal;Via Iluminada;Bom;Seca;;Não Há Controle;Lazer;0;1;1;1;0;0;0;0;0;0;0;0;-38,557470;-3,773259;;;
254716;10;7;2015;23:00;0;AV JOSE BASTOS;;;3830;;Colisão Frontal;Via Iluminada;Bom;Seca;Meio de Quadra;Dê Preferência;Comercial;0;0;2;0;0;0;0;1;0;0;0;0;-38,552363;-3,751911;;;
267886;10;7;2015;03:00;0;RUA PESSOA ANTA;;;287;CAIXA ECONOMICA;Colisão;;;;Meio de Quadra;;;1;0;1;0;0;0;0;0;0;1;0;0;-38,520444;-3,720865;;;
254855;10;7;2015;10:30;0;AV AGUANAMBI;;;615;;Colisão Transversal;Luz do Dia;Bom;Seca;Meio de Quadra;Não Há Controle;Comercial;0;0;2;1;0;0;0;0;0;0;0;0;-38,525862;-3,742577;;;
254856;10;7;2015;07:50;12839;RUA SEN POMPEU;RUA CARLOS GOMES;;;;Colisão Traseira;Luz do Dia;Bom;Seca;T;Não Há Controle;Residencial;0;1;1;0;0;0;0;0;0;1;0;0;-38,533382;-3,739312;;;
254858;10;7;2015;13:00;24990;AV PRS COSTA E SILVA;AV PRS JUSCELINO KUBITSCHEK (PASSARÉ);;;;Colisão Traseira;Luz do Dia;Bom;Seca;T;Semáforo;Misto;0;1;1;1;0;0;0;0;0;0;0;0;-38,539516;-3,825648;;;
254859;10;7;2015;12:25;15214;AV ABOLICAO;RUA LEONARDO MOTA;;;;Colisão Lateral;Luz do Dia;Bom;Seca;T;Pare;Comercial;0;0;2;1;0;0;1;0;0;0;0;0;-38,493236;-3,726977;;;
254860;10;7;2015;19:00;11630;RUA PRO HERIBALDO COSTA;RUA BOA VISTA;;;;Colisão Traseira;Via Iluminada;Bom;Seca;Cruz;Pare;Residencial;0;0;2;1;0;0;1;0;0;0;0;0;-38,588035;-3,767974;;;
254862;10;7;2015;16:36;0;AV SANTOS DUMONT;;;3051;;Colisão Transversal;Luz do Dia;Bom;Seca;Meio de Quadra;Não Há Controle;Comercial;0;0;2;1;0;0;0;0;0;0;0;0;-38,497461;-3,736518;;;
254865;10;7;2015;16:54;12954;AV PRS COSTA E SILVA;RUA BERNARDO MANUEL;;;;Colisão Traseira;Luz do Dia;Bom;Seca;;Semáforo;Outros;0;0;2;1;0;0;0;0;0;0;0;0;-38,558276;-3,821079;;;
254867;10;7;2015;08:30;6727;RUA DR GILBERTO STUDART;RUA DES WALDETARIO P MOTA;;;;Colisão Lateral;Luz do Dia;Bom;Seca;Cruz;Pare;Residencial;0;0;2;1;0;0;0;0;0;0;0;0;-38,484239;-3,742559;;;
254869;10;7;2015;11:10;0;AV AGUANAMBI;;;;ROTATÓRIA;Colisão Lateral;Luz do Dia;Bom;Seca;Meio de Quadra;Semáforo;Comercial;0;0;2;1;0;0;1;0;0;0;0;0;-38,523043;-3,755538;;;
254874;10;7;2015;12:10;1279;AV DOM LUIS;RUA OSVALDO CRUZ (ALDEOTA);;;;Colisão Traseira;Luz do Dia;Bom;Seca;Cruz;Semáforo;Comercial;0;0;2;1;0;0;0;0;0;0;0;0;-38,499353;-3,732616;;;
254875;10;7;2015;14:35;0;AV SANTOS DUMONT;;;5071;;Colisão Lateral;Luz do Dia;Bom;Seca;Meio de Quadra;Outros;Comercial;0;0;2;1;1;0;0;0;0;0;0;0;-38,486438;-3,740092;;;
254871;10;7;2015;09:05;0;AV PDE ANTONIO TOMAS;;;920;;Atropelamento;Luz do Dia;Bom;Seca;Meio de Quadra;;Comercial;0;1;1;1;0;0;0;0;0;0;0;0;-38,495650;-3,741462;;;
254714;11;7;2015;13:00;0;AV HIS RAIMUNDO GIRAO;;;600;;Colisão Lateral;Luz do Dia;Bom;Seca;Meio de Quadra;Semáforo;Misto;0;0;2;1;0;0;0;0;0;0;0;0;-38,510435;-3,721178;;;
254720;11;7;2015;05:40;0;AV GAL OSORIO DE PAIVA;;;1498;;Choque c/ Obstáculo Fixo;;Bom;Seca;Meio de Quadra;Pare;Comercial;0;0;1;0;1;0;0;0;0;0;0;0;-38,575019;-3,781021;;;
254718;11;7;2015;13:00;0;AV ANTONIO SALES;;;;;Colisão Traseira;Luz do Dia;Bom;Seca;Meio de Quadra;Semáforo;Comercial;0;0;2;1;0;0;0;1;0;0;0;0;;;;;
254722;11;7;2015;09:30;22865;RUA CON LIMA SUCUPIRA;RUA BERNARDO MANUEL;;;;Colisão Lateral;Luz do Dia;Bom;Seca;Cruz;Pare;Misto;0;0;2;0;0;0;0;0;0;0;0;0;-38,545656;-3,779874;;;
254724;11;7;2015;14:40;0;AV GODOFREDO MACIEL;;;1892;;Colisão Traseira;Luz do Dia;Bom;Seca;Meio de Quadra;Não Há Controle;Comercial;0;0;2;1;0;0;0;0;0;0;0;0;-38,568928;-3,793649;;;
254726;11;7;2015;07:00;0;AV ABOLICAO;;;;;Colisão Traseira;Luz do Dia;Bom;Seca;Meio de Quadra;Não Há Controle;Comercial;0;1;1;1;0;0;0;0;0;1;0;0;;;;;
254727;11;7;2015;07:50;3820;AV CARAPINIMA;AV 13 DE MAIO;;;;Colisão Traseira;Luz do Dia;Bom;Seca;Cruz;Semáforo;Misto;0;0;2;1;1;0;0;0;0;0;0;0;-38,540239;-3,740001;;;
254730;11;7;2015;10:40;5091;RUA CASTRO E SILVA;RUA GAL SAMPAIO;;;;Colisão Lateral;Luz do Dia;Bom;Seca;Cruz;Semáforo;Comercial;0;0;2;0;1;0;0;0;0;0;0;0;-38,529670;-3,723098;;;
254734;11;7;2015;15:05;366;RUA ERICO MOTA;RUA LOPES FILHO;;;;Colisão Transversal;Luz do Dia;Bom;Seca;Cruz;Pare;Residencial;0;0;2;1;0;0;0;0;0;0;0;0;-38,560405;-3,747993;;;
254735;11;7;2015;12:10;17361;RUA BAR SOBRAL;RUA BAR CANINDE;;;;Colisão Lateral;Luz do Dia;Bom;Seca;Cruz;Pare;Residencial;0;2;0;0;0;0;0;0;0;1;0;0;-38,555751;-3,766148;;;
254732;11;7;2015;16:00;10807;RUA PORTO VELHO;RUA AUDISIO PINHEIRO;;;;Colisão Transversal;;Bom;;Cruz;;;0;1;1;1;0;0;0;0;0;1;0;0;-38,591490;-3,763570;;;
254738;11;7;2015;05:40;1558;RUA PDE VALDEVINO;AV BAR STUDART;;;;Colisão Traseira;Luz do Dia;Bom;Seca;Cruz;Semáforo;Comercial;0;1;3;1;0;0;0;0;0;0;0;0;-38,508855;-3,741641;;;
254743;11;7;2015;14:00;0;AV BAR STUDART;;;;;Colisão Traseira;Luz do Dia;Bom;Seca;Meio de Quadra;Não Há Controle;Comercial;0;0;2;1;0;0;0;0;0;0;0;0;;;;;
254744;11;7;2015;18:20;19953;RUA FRANCISCO LORDA;RUA ARTUR DE CARVALHO;;;;Colisão Traseira;Via Iluminada;Bom;Seca;Cruz;Outros;Residencial;0;0;2;1;1;0;0;0;0;0;0;0;-38,534715;-3,761042;;;
254741;11;7;2015;14:50;1453;AV HERACLITO GRACA;AV RUI BARBOSA;;;;Colisão Traseira;Luz do Dia;Bom;Seca;Cruz;Semáforo;Comercial;0;0;2;1;0;0;0;0;0;0;0;0;-38,510199;-3,738357;;;
254747;11;7;2015;19:18;0;AV 13 DE MAIO;;;2881;;Atropelamento;Via Iluminada;Bom;Seca;Meio de Quadra;Não Há Controle;Comercial;0;1;1;0;0;0;0;0;0;1;0;0;-38,541080;-3,739281;;;
254711;11;7;2015;10:50;0;AV MIN JOSE AMERICO;;;;;Colisão Lateral;Luz do Dia;Bom;Seca;;;;0;0;2;1;0;0;1;0;0;0;0;0;;;;;
254712;11;7;2015;14:00;18440;AV SGT HERMINIO SAMPAIO;RUA CARLINDO CRUZ;;;;Colisão Lateral;Luz do Dia;Bom;Seca;T;Pare;Misto;0;1;1;1;0;0;0;0;0;1;0;0;-38,574437;-3,729636;;;
254706;11;7;2015;20:15;0;RUA CEL MATOS DOURADO;;;1277;;Colisão Lateral;Luz do Dia;Bom;Seca;Meio de Quadra;Outros;Comercial;0;0;2;1;1;0;0;0;0;0;0;0;-38,584271;-3,749947;;;
254707;11;7;2015;23:30;1585;RUA TIBURCIO CAVALCANTE;RUA PDE VALDEVINO;;;;Colisão Transversal;Via Iluminada;Bom;Seca;Cruz;Semáforo;Residencial;0;3;0;0;0;0;0;0;0;1;0;0;-38,504815;-3,742915;;;
254708;11;7;2015;13:45;0;AV MIN JOSE AMERICO;;;;;Colisão Lateral;;Bom;Seca;Meio de Quadra;Semáforo;Residencial;0;0;2;1;0;0;1;0;0;0;0;0;;;;;
269415;11;7;2015;21:37;0;AV EDUARDO GIRAO;;;;;Colisão;;;;Meio de Quadra;;;0;0;2;0;0;0;0;0;0;0;0;0;;;;;
269409;11;7;2015;21:01;0;AV MOZART PINHEIRO DE LUCENA;;;;;Colisão;;;;Meio de Quadra;;;0;0;2;0;0;0;0;0;0;0;0;0;;;;;
269423;11;7;2015;22:07;0;AV FRANCISCO SA;;;3190;;Atropelamento;;;;Meio de Quadra;;;0;0;2;0;0;0;0;0;0;0;0;0;-38,555264;-3,718106;;;
269425;11;7;2015;22:45;0;AV WASHINGTON LUIS;;;73;;Colisão;;;;Meio de Quadra;;;0;0;2;0;0;0;0;0;0;0;0;0;-38,589591;-3,717449;;;
269418;11;7;2015;22:00;1310;RUA TORRES CAMARA;RUA GAL JOAQUIM DE ANDRADE;;;;Colisão;;;;Cruz;Não Há Controle;Comercial;0;0;2;0;0;0;0;0;0;0;0;0;-38,509624;-3,734775;;;
269411;11;7;2015;21:20;9168;AV LUCIANO CARNEIRO;AV BORGES DE MELO;;;;Choque c/ Obstáculo Fixo;;;;Cruz;Semáforo;Residencial;0;0;1;0;0;0;0;0;0;0;0;0;-38,534097;-3,756465;;;
269405;11;7;2015;20:23;0;RUA CEL MANUEL ANTONIO LEITE;;;177;;Colisão;;;;Meio de Quadra;;;0;0;2;0;0;0;0;0;0;0;0;0;-38,592032;-3,773406;;;
269400;11;7;2015;19:40;0;RUA MON ROSA D20/21;;;918;;Atropelamento;;;;Meio de Quadra;;;0;0;2;0;0;0;0;0;0;0;0;0;-38,554965;-3,712855;;;
269401;11;7;2015;20:13;0;RUA MON VICENTE MARTINS;;;;;Colisão;;;;Meio de Quadra;;;0;0;2;0;0;0;0;0;0;0;0;0;;;;;
269397;11;7;2015;19:19;0;RUA BRAS VIDAL;;;574;;Colisão;;;;Meio de Quadra;;;0;0;2;0;0;0;0;0;0;0;0;0;-38,484010;-3,827436;;;
269386;11;7;2015;18:43;0;AV JOVITA FEITOSA;;;856;;Colisão;;;;Meio de Quadra;;;0;0;2;0;0;0;0;0;0;0;0;0;-38,551649;-3,738884;;;
269382;11;7;2015;18:36;0;RUA MARIA JULIA ROCHA;;;;;Colisão;;;;Meio de Quadra;;;0;0;2;0;0;0;0;0;0;0;0;0;;;;;
269377;11;7;2015;18:27;111;RUA CAP BRASIL;RUA DR CATUNDA GONDIM;;;;Colisão;Anoitecer;;;T;Pare;Residencial;0;0;2;0;0;0;0;0;0;0;0;0;-38,586326;-3,737649;;;
269380;11;7;2015;18:33;0;AV JOSE BASTOS;;;4855;;Colisão;;;;Meio de Quadra;;;0;0;2;0;0;0;0;0;0;0;0;0;;;;;
269372;11;7;2015;18:18;7181;AV PRS CASTELO BRANCO;RUA TOMAS GONZAGA;;;;Colisão;Anoitecer;;;T;Pare;Misto;0;0;2;0;0;0;0;0;0;0;0;0;-38,567577;-3,708698;;;
269374;11;7;2015;18:20;0;RUA ARISTIDES B NETO;;;;;Colisão;Anoitecer;;;Meio de Quadra;;;0;0;2;0;0;0;0;0;0;0;0;0;;;;;
269367;11;7;2015;16:38;15597;RUA CEL JOAO OLIVEIRA;RUA VICENTE NOBRE MACEDO;;;;Colisão;Luz do Dia;;;Cruz;Pare;Residencial;0;0;2;0;0;0;0;0;0;0;0;0;-38,484102;-3,823327;;;
269358;11;7;2015;16:15;0;RUA DR JOSE LINO;;;263;;Colisão;Luz do Dia;;;Meio de Quadra;;;0;0;2;0;0;0;0;0;0;0;0;0;;;;;
269362;11;7;2015;16:27;0;RUA FRANCISCANO;;;579;;Colisão;Luz do Dia;;;Meio de Quadra;;;0;0;2;0;0;0;0;0;0;0;0;0;;;;;
269349;11;7;2015;16:07;0;RUA FONSECA LOBO;;;1223;;Colisão;Luz do Dia;;;Meio de Quadra;;;0;0;2;0;0;0;0;0;0;0;0;0;;;;;
269350;11;7;2015;16:08;1658;RUA MON CATAO;RUA BENI DE CARVALHO;;;;Colisão;Luz do Dia;;;Cruz;Pare;Comercial;0;0;2;0;0;0;0;0;0;0;0;0;-38,493113;-3,746618;;;
269346;11;7;2015;15:07;0;LOGRADOURO SEM NOME;;;340;;Colisão;Luz do Dia;;;Meio de Quadra;;;0;0;2;0;0;0;0;0;0;0;0;0;;;;;
269343;11;7;2015;13:15;9410;RUA CARNAUBAL;RUA RIO TOCANTINS;;;;Colisão;Luz do Dia;;;Cruz;Pare;Residencial;0;0;2;0;0;0;0;0;0;0;0;0;-38,581132;-3,722720;;;