COD_ACIDENTE;DIA;MES;ANO;HORA;INTERSECAO;LOG1;LOG2;LOG3;NUMERO;REFERENCIA;NATUREZA;ILUMINACAO;TEMPO;SUPERFICIEPISTA;TIPOCRUZAMENTO;CONTROLETRAFEGO;USOSOLO;MORTOS;FERIDOS;ILESOS;AUTOMOVEL;ONIBUS;BICICLETA;CAMINHAO;MICROONIBUS;CICLOMOTOR;MOTOCICLETA;TRACAOANIMAL;TREM;LONG;LAT;;;
269340;11;7;2015;12:58;0;RUA PRO HERIBALDO COSTA;;;89;;Colisão;Luz do Dia;;;Meio de Quadra;;;0;0;2;0;0;0;0;0;0;0;0;0;-38,582286;-3,753506;;;
269332;11;7;2015;11:40;0;AV PRS COSTA E SILVA;;;3130;;Colisão;Luz do Dia;;;Meio de Quadra;;;0;0;2;0;0;0;0;0;0;0;0;0;;;;;
269333;11;7;2015;12:47;0;AV SEN FERNANDES TAVORA;;;;;Colisão;Luz do Dia;;;Meio de Quadra;;;0;0;2;0;0;0;0;0;0;0;0;0;;;;;
269335;11;7;2015;12:57;0;RUA MOCAMBIQUE;;;602;;Colisão;Luz do Dia;;;Meio de Quadra;;;0;0;2;0;0;0;0;0;0;0;0;0;;;;;
269328;11;7;2015;10:29;0;RUA BERNARDO MANUEL;;;;;Colisão;Luz do Dia;;;Meio de Quadra;;;0;0;2;0;0;0;0;0;0;0;0;0;;;;;
269324;11;7;2015;10:20;24984;AV ALM HENRIQUE SABOIA;RUA BENTO ALBUQUERQUE;;;;Colisão;Luz do Dia;;;T;Não Há Controle;Residencial;0;0;2;0;0;0;0;0;0;0;0;0;-38,488529;-3,742019;;;
269322;11;7;2015;10:02;0;AV DEP PAULINO ROCHA;;;;;Colisão;Luz do Dia;;;Meio de Quadra;;;0;0;2;0;0;0;0;0;0;0;0;0;;;;;
269319;11;7;2015;01:22;0;RUA JACINTO MATOS;;;536;;Colisão;;;;Meio de Quadra;;;0;0;2;0;0;0;0;0;0;0;0;0;-38,546432;-3,715797;;;
269320;11;7;2015;01:26;0;RUA VERBENA;;;1081;;Choque c/ Obstáculo Fixo;;;;Meio de Quadra;;;0;0;1;0;0;0;0;0;0;0;0;0;-38,590003;-3,785487;;;
264182;11;7;2015;01:28;0;AV CEL CARVALHO;;;1797;;Atropelamento;;;;Meio de Quadra;;;0;1;1;1;0;0;0;0;0;0;0;0;-38,587575;-3,718739;;;
264183;11;7;2015;22:10;483;RUA PORTO ALEGRE;RUA VIRGILIO BRANDAO;;;;Choque c/ Obstáculo Fixo;;;;;;;0;1;0;0;0;0;0;0;0;0;0;0;-38,597039;-3,757438;;;
263018;11;7;2015;11:35;25509;RUA HOLANDA;RUA ANTONIO DIVINO;;;;Colisão;Luz do Dia;;;Cruz;Pare;Residencial;0;0;2;1;0;0;0;0;0;0;0;0;-38,559490;-3,803674;;;
263019;11;7;2015;11:49;15832;RUA PDE PEDRO DE ALENCAR;RUA TEN JURANDIR ALENCAR;;;;Colisão;Luz do Dia;;;Cruz;Semáforo;Comercial;0;0;2;1;1;0;0;0;0;0;0;0;-38,494029;-3,832741;;;
263021;11;7;2015;17:56;2755;RUA CEL VIRGILIO NOGUEIRA (BOM JARDIM);RUA BOM JESUS (GRANJA LISBOA);;;;Colisão;Anoitecer;;;Cruz;Cancela;Misto;0;0;2;0;1;0;0;0;0;1;0;0;-38,609686;-3,791684;;;
259509;11;7;2015;15:40;0;RD CE-040;;;;KM-04;Colisão;Luz do Dia;Bom;Seca;Meio de Quadra;Não Há Controle;Comercial;0;1;1;1;0;0;0;0;0;0;0;0;-38,480251;-3,792050;;;
259510;11;7;2015;19:08;0;RD CE-040;;;;KM-04;Colisão;Via Iluminada;Bom;Seca;Meio de Quadra;Não Há Controle;Comercial;0;1;1;1;0;0;0;0;0;1;0;0;-38,480251;-3,792050;;;
263523;11;7;2015;18:43;10054;RUA OLIVEIRA SOBRINHO;RUA ANTONIO NERY;;;;Colisão;;;;Cruz;Pare;Comercial;0;1;1;0;0;0;0;0;0;1;0;0;-38,600388;-3,778827;;;
263528;11;7;2015;19:56;0;RUA HONORINA MAIA;;;;;Colisão;;;;Meio de Quadra;;;0;1;1;1;0;0;0;0;0;1;0;0;;;;;
263529;11;7;2015;21:16;3321;RUA 21 DE ABRIL D27;RUA URUGUAI;;;;Colisão;;;;Cruz;Pare;Comercial;0;1;1;1;0;1;0;0;0;0;0;0;-38,562805;-3,747687;;;
263530;11;7;2015;21:29;0;RUA LINEU JUCA;;;;;Queda;;;;Meio de Quadra;;;0;1;0;0;0;0;0;0;0;1;0;0;-38,532625;-3,769114;;;
263525;11;7;2015;19:16;1534;RUA MON CATAO;RUA EDUARDO GARCIA;;;;Colisão;;;;Cruz;Pare;Residencial;0;1;1;1;0;0;0;0;0;1;0;0;-38,491196;-3,740726;;;
263526;11;7;2015;19:51;0;RUA CEL OLEGARIO MEMORIA;;;;;Colisão;;;;Meio de Quadra;;;0;1;1;1;0;0;0;0;0;1;0;0;-38,460913;-3,790264;;;
263532;11;7;2015;22:10;0;AV PRS CASTELO BRANCO;;;;;Colisão;;;;Meio de Quadra;;;0;1;1;1;0;0;0;0;0;1;0;0;;;;;
263533;11;7;2015;23:22;0;AV PRS COSTA E SILVA;;;;;Atropelamento;;;;Meio de Quadra;;;0;1;1;1;0;0;0;0;0;0;0;0;;;;;
263537;11;7;2015;22:47;0;AV DR SILAS MUNGUBA;;;;;Colisão;;;;Meio de Quadra;;;0;1;1;1;0;0;0;0;0;1;0;0;-38,540392;-3,790373;;;
263535;11;7;2015;23:23;0;AV D CJ JOSE WALTER;;;;;Queda;;;;Meio de Quadra;;;0;1;0;0;0;0;0;0;0;1;0;0;;;;;
263518;11;7;2015;17:37;0;AV GAL OSORIO DE PAIVA;;;;;Colisão;Anoitecer;;;Meio de Quadra;;;0;1;1;1;0;0;0;0;0;1;0;0;-38,617259;-3,820401;;;
263519;11;7;2015;17:52;0;AV ZEZE DIOGO;;;;;Queda;Anoitecer;;;Meio de Quadra;;;0;1;0;0;0;0;0;0;0;1;0;0;;;;;
263520;11;7;2015;18:25;21546;RUA TULIPA NEGRA;RUA CEREJEIRAS;;;;Atropelamento;Anoitecer;;;Cruz;Pare;Comercial;0;1;1;0;0;0;0;0;0;1;0;0;-38,597655;-3,819417;;;
263521;11;7;2015;18:32;0;RUA JABORANDI;;;905;;Atropelamento;;;;Meio de Quadra;;;0;1;1;1;0;0;0;0;0;0;0;0;-38,514825;-3,838194;;;
263505;11;7;2015;12:32;0;RUA HELENA MARIA;;;;;Colisão;Luz do Dia;;;Meio de Quadra;;;0;1;1;1;0;0;0;0;0;1;0;0;;;;;
263506;11;7;2015;12:34;24331;RUA ARMANDO MONTEIRO;AV LUCIANO CARNEIRO;;;;Colisão;Luz do Dia;;;Cruz;Pare;Comercial;0;1;1;1;0;0;0;0;0;1;0;0;-38,536219;-3,763454;;;
263507;11;7;2015;15:39;0;RUA ANTONIO FIUZA;;;;;Colisão;Luz do Dia;;;Meio de Quadra;;;0;1;1;1;0;0;0;0;0;1;0;0;-38,551606;-3,768529;;;
263508;11;7;2015;15:50;0;AV MAE LISBOA;;;;;Colisão;Luz do Dia;;;Meio de Quadra;;;0;1;0;1;0;0;0;0;0;0;0;0;;;;;
263509;11;7;2015;16:10;0;RUA MON BRUNO;;;;;Colisão;Luz do Dia;;;Meio de Quadra;;;0;1;1;1;0;0;0;0;0;1;0;0;;;;;
263510;11;7;2015;17:34;12806;RUA ANDRE CHAVES;RUA AQUIRAZ;;;;Colisão;Anoitecer;;;Duplo T;Pare;Residencial;0;1;1;1;0;0;0;0;0;1;0;0;-38,544786;-3,754688;;;
263511;11;7;2015;17:35;0;AV PRS COSTA E SILVA;;;;;Colisão;Anoitecer;;;Meio de Quadra;;;0;1;1;1;0;0;0;0;0;1;0;0;-38,569697;-3,814101;;;
263536;12;7;2015;00:27;0;AV DOMINGOS OLIMPIO;;;1951;;Atropelamento;;;;Meio de Quadra;;;0;1;1;0;0;0;0;0;0;1;0;0;-38,540907;-3,733446;;;
263541;12;7;2015;07:26;0;RUA JOSE ACIOLY;;;157;;Colisão;Luz do Dia;;;Meio de Quadra;;;0;1;0;0;0;0;0;0;0;0;0;0;-38,585805;-3,732019;;;
263542;12;7;2015;10:38;1432;AV SANTOS DUMONT;AV SEN VIRGILIO TAVORA;;;;Queda;Luz do Dia;;;Cruz;Semáforo;Comercial;0;1;0;0;0;1;0;0;0;0;0;0;-38,493482;-3,737828;;;
263544;12;7;2015;11:31;0;AV DR SILAS MUNGUBA;;;;;Colisão;Luz do Dia;;;Meio de Quadra;;;0;1;1;1;0;0;0;0;0;1;0;0;-38,529767;-3,801695;;;
263545;12;7;2015;13:07;25538;AV SEN FERNANDES TAVORA;RUA CAETANO SILVA (A. NUNES);;;;Colisão;Luz do Dia;;;T;Pare;Misto;0;1;0;0;0;0;0;0;0;0;0;0;;;;;
263546;12;7;2015;16:09;0;AV CARNEIRO DE MENDONCA;;;;;Atropelamento;Luz do Dia;;;Meio de Quadra;;;0;1;1;0;0;0;0;0;0;1;0;0;-38,573694;-3,760557;;;
263548;12;7;2015;18:06;0;AV DIOGUINHO;;;2950;;Colisão;Anoitecer;;;Meio de Quadra;;;0;1;0;0;0;0;0;0;0;0;0;0;-38,453121;-3,742009;;;
263550;12;7;2015;18:40;0;AV CARNEIRO DE MENDONCA;;;;;Colisão;;;;Meio de Quadra;;;0;1;0;0;0;0;0;0;0;0;0;0;;;;;
263551;12;7;2015;18:58;4213;RUA BAR CRATO;RUA RAQUEL HOLANDA;;;;Colisão;;;;Cruz;Pare;Residencial;0;1;0;0;0;0;0;0;0;0;0;0;-38,558927;-3,721069;;;
263555;12;7;2015;23:11;6285;AV C CJ CEARA;AV G CJ CEARA;;;;Queda;;;;T;Não Há Controle;Residencial;0;1;0;0;0;0;0;0;0;1;0;0;;;;;
263556;12;7;2015;00:15;0;AV ALBERTO CRAVEIRO;;;;;Queda;;;;Meio de Quadra;;;0;1;0;0;0;0;0;0;0;1;0;0;;;;;
263538;12;7;2015;03:15;0;RUA TIBURCIO PEREIRA;;;;;Queda;;;;Meio de Quadra;;;0;1;0;0;0;0;0;0;0;1;0;0;-38,509011;-3,795792;;;
263539;12;7;2015;04:53;0;AV TRISTAO GONCALVES;;;;;Colisão;;;;Meio de Quadra;;;0;1;0;1;0;0;0;0;0;0;0;0;;;;;
263553;12;7;2015;21:46;0;RUA JOAQUIM ALBANO;RUA DRACON BARRETO;;;;Colisão;;;;;;;0;1;1;1;0;0;0;0;0;1;0;0;-38,578909;-3,735108;;;
263024;12;7;2015;15:00;0;AV ZEZE DIOGO;;;4987;;Colisão;Luz do Dia;;;Meio de Quadra;;;0;0;2;1;0;0;0;0;0;0;0;0;;;;;
264200;12;7;2015;21:20;0;AV J CJ JOSE WALTER;;;1770;;Colisão Lateral;;;;Meio de Quadra;;;0;1;0;0;1;0;0;0;0;0;0;0;-38,558522;-3,840473;;;
269444;12;7;2015;13:43;0;RUA PINHEIRO TORRES;;;1849;;Colisão;Luz do Dia;;;Meio de Quadra;;;0;0;2;0;0;0;0;0;0;0;0;0;-38,543659;-3,811265;;;
269437;12;7;2015;12:15;10420;RUA DAS PEDRINHAS;RUA LUIZ MARIANO;;;;Colisão;Luz do Dia;;;Cruz;Não Há Controle;Residencial;0;0;2;0;0;0;0;0;0;0;0;0;-38,600122;-3,761937;;;
269448;12;7;2015;18:33;0;RUA JOAQUIM NABUCO;;;;;Colisão;;;;Meio de Quadra;;;0;0;2;0;0;0;0;0;0;0;0;0;;;;;
269446;12;7;2015;15:29;0;AV MIN JOSE AMERICO;;;;;Colisão;Luz do Dia;;;Meio de Quadra;;;0;0;2;0;0;0;0;0;0;0;0;0;;;;;
269439;12;7;2015;13:20;0;AV ZEZE DIOGO;;;;;Colisão;Luz do Dia;;;Meio de Quadra;;;0;0;2;0;0;0;0;0;0;0;0;0;;;;;
269435;12;7;2015;00:30;0;AV DR SILAS MUNGUBA;;;;;Colisão;;;;Meio de Quadra;;;0;0;2;0;0;0;0;0;0;0;0;0;;;;;
254749;12;7;2015;12:15;1238;RUA ILDEFONSO ALBANO;AV SANTOS DUMONT;;;;Colisão Lateral;Luz do Dia;Bom;Seca;Cruz;Semáforo;Comercial;0;0;2;1;0;0;1;0;0;0;0;0;-38,512669;-3,731565;;;
254750;12;7;2015;13:10;0;RUA TEREZA CRISTINA;;;1580;;Colisão Lateral;Luz do Dia;Bom;Seca;;;;0;0;2;1;0;0;0;0;0;0;0;0;-38,538906;-3,734165;;;
254759;12;7;2015;18:13;3830;RUA PAULINO NOGUEIRA;RUA STO ANTONIO D12;;;;Colisão Lateral;Luz do Dia;Bom;Seca;Cruz;Pare;Comercial;0;0;2;1;0;0;0;0;0;0;0;0;-38,537736;-3,743991;;;
254754;12;7;2015;13:00;0;AV DOS EXPEDICIONARIOS;;;8641;;Colisão Transversal;Luz do Dia;Bom;Seca;Meio de Quadra;Pare;Residencial;0;0;2;1;0;0;0;0;0;0;0;0;-38,550345;-3,795196;;;
254755;12;7;2015;12:00;5715;RUA ULISSES BEZERRA;AV DES GONZAGA;;;;Colisão Lateral;Luz do Dia;Bom;Seca;Cruz;Pare;Comercial;0;0;2;1;0;0;0;0;0;0;0;0;-38,499492;-3,798159;;;
254752;12;7;2015;18:30;15360;AV DOM LUIS;AV DES MOREIRA;;;;Colisão Lateral;Via Iluminada;Bom;Seca;Rotatória;Pare;Comercial;0;0;2;1;0;0;0;0;0;0;0;0;-38,497383;-3,733239;;;
254764;12;7;2015;06:00;0;AV FRANCISCO SA;;;1904;;Queda;Luz do Dia;Bom;Seca;Meio de Quadra;Não Há Controle;Residencial;0;1;0;1;0;0;0;0;0;0;0;0;-38,542553;-3,722256;;;
254765;12;7;2015;12:15;3860;AV 13 DE MAIO;AV DA UNIVERSIDADE;;;;Colisão Traseira;Luz do Dia;Bom;Seca;Cruz;Semáforo Danificado;Comercial;0;0;2;1;0;0;0;0;0;0;0;0;-38,539107;-3,740962;;;
254761;12;7;2015;20:32;18299;RUA SEN ALMINO;RUA JOSE AVELINO;;;;Colisão Lateral;Via Iluminada;Bom;Seca;Cruz;Não Há Controle;Comercial;0;0;2;1;0;0;0;0;0;0;0;0;-38,517954;-3,722476;;;
254768;12;7;2015;13:15;3481;RUA CAP HUGO BEZERRA;RUA PARAISO;;;;Colisão Transversal;Luz do Dia;Bom;Seca;Cruz;Pare;Comercial;0;1;1;0;1;0;0;0;0;1;0;0;-38,510990;-3,820611;;;
254770;12;7;2015;06:30;5255;AV TRISTAO GONCALVES;RUA PEDRO PEREIRA;;;;Colisão Frontal;Amanhecer;Bom;Seca;Cruz;Semáforo;Comercial;0;0;2;1;0;0;0;0;0;0;0;0;-38,533489;-3,728075;;;
254772;12;7;2015;17:50;24364;RUA PRO VICENTE SILVEIRA;RUA ALM RUFINO;;;;Colisão Frontal;Anoitecer;Bom;Seca;Cruz;Pare;Residencial;0;1;1;1;0;0;0;0;0;1;0;0;-38,538534;-3,766138;;;
254773;12;7;2015;23:40;25435;AV ALBERTO CRAVEIRO;RUA PAULA FRANCINETE;;;;Colisão Lateral;Via Iluminada;Bom;Seca;T;Pare;Comercial;0;1;1;0;0;0;1;0;0;1;0;0;-38,518044;-3,795238;;;
254774;12;7;2015;18:30;0;AV AUGUSTO DOS ANJOS;;;;;Colisão;Anoitecer;;;Meio de Quadra;;;0;0;2;1;0;0;0;0;0;0;0;0;;;;;
254777;13;7;2015;17:00;0;AV DUQ CAXIAS;;;560;;Colisão Traseira;Anoitecer;Bom;Seca;Meio de Quadra;Semáforo;Comercial;0;1;1;0;0;0;0;0;0;1;0;0;-38,529869;-3,731800;;;
254785;13;7;2015;17:40;9037;AV AGUANAMBI;RUA DR JOAO DE DEUS D11;;;;Colisão Transversal;Anoitecer;Bom;Seca;Cruz;Não Há Controle;Comercial;0;1;1;0;0;0;0;0;0;1;0;0;-38,525445;-3,745224;;;
254786;13;7;2015;11:30;0;RUA VALPARAISO;;;;;Colisão Traseira;Luz do Dia;Bom;Seca;Meio de Quadra;Gesto;Residencial;0;0;2;1;0;0;0;0;0;0;0;0;;;;;
254787;13;7;2015;15:00;0;AV BEZERRA DE MENEZES;;;2660;;Colisão;Luz do Dia;Bom;Seca;Meio de Quadra;;Comercial;1;0;1;1;0;1;0;0;0;0;0;0;;;;;
254788;13;7;2015;15:35;0;AV CARAPINIMA;;;1746;;Atropelamento;Luz do Dia;Bom;Seca;Meio de Quadra;Não Há Controle;Comercial;1;0;1;0;1;0;0;0;0;0;0;0;-38,537245;-3,737097;;;
254780;13;7;2015;09:10;5438;RUA METON DE ALENCAR;RUA ASSUNCAO;;;;Colisão Transversal;Luz do Dia;Bom;Seca;Cruz;Pare;Comercial;0;1;1;1;0;0;0;0;0;1;0;0;-38,528594;-3,734332;;;
254781;13;7;2015;16:45;0;AV PRS COSTA E SILVA;;;4010;;Colisão Transversal;Luz do Dia;Bom;Seca;Meio de Quadra;Semáforo;Comercial;0;2;0;0;0;0;0;0;0;1;0;0;;;;;
254782;13;7;2015;01:00;3293;AV PERIMETRAL;RUA LUIS VIEIRA;;;;Capotamento;Via Iluminada;Bom;Seca;;Não Há Controle;Comercial;1;0;0;1;0;0;0;0;0;0;0;0;-38,590193;-3,786828;;;
254783;13;7;2015;16:15;8014;RUA PRO COSTA MENDES;RUA MACHADO DE ASSIS;;;;Colisão Lateral;Luz do Dia;Bom;Seca;Cruz;Semáforo;Residencial;0;2;0;1;0;0;0;0;0;1;0;0;-38,550288;-3,751652;;;
254809;13;7;2015;18:00;0;AV BORGES DE MELO;;;1630;RODOVIARIA;Colisão Lateral;Via Iluminada;Bom;Seca;Meio de Quadra;Semáforo;Comercial;0;0;2;1;0;0;1;0;0;0;0;0;-38,531511;-3,758655;;;
254811;13;7;2015;08:30;22947;RUA FRE ALEMAO;RUA LEAO TREZE;;;;Colisão Lateral;Luz do Dia;Bom;Seca;Cruz;Pare;Residencial;0;0;2;0;1;0;0;0;0;1;0;0;-38,543639;-3,784415;;;
254813;13;7;2015;10:30;10561;RUA ANTONIO MAGALHAES;RUA FRE GALVAO D64;;;;Colisão Transversal;Luz do Dia;Bom;Seca;Cruz;Não Há Controle;Residencial;0;0;2;1;0;0;0;0;0;0;0;0;-38,475466;-3,834386;;;
254814;13;7;2015;08:00;0;AV JOR THOMAZ COELHO;;;;;Colisão Traseira;Luz do Dia;Bom;Seca;Meio de Quadra;Não Há Controle;Comercial;0;0;2;1;0;0;0;0;0;0;0;0;;;;;
254815;13;7;2015;16:00;0;RUA TEN JURANDIR ALENCAR;;;222;;Colisão;Via Iluminada;Bom;Seca;;;;0;0;2;1;0;0;1;0;0;0;0;0;-38,493274;-3,831739;;;
254816;13;7;2015;09:00;7650;AV CARNEIRO DE MENDONCA;RUA BELO HORIZONTE;;;;Colisão Transversal;Luz do Dia;Bom;Seca;Cruz;Pare;Residencial;0;1;1;1;0;0;0;0;0;1;0;0;-38,567567;-3,763666;;;
254825;13;7;2015;10:39;1605;AV DES MOREIRA;RUA PDE VALDEVINO;;;;Colisão Transversal;Luz do Dia;Bom;Seca;Cruz;Semáforo;Comercial;0;1;1;1;0;0;0;0;0;1;0;0;-38,500877;-3,744098;;;
254826;13;7;2015;02:00;1585;RUA PDE VALDEVINO;RUA TIBURCIO CAVALCANTE;;;;Colisão Lateral;Via Iluminada;Bom;Seca;Cruz;Semáforo;Residencial;0;1;2;1;0;0;0;0;0;0;0;0;-38,504815;-3,742915;;;
254827;13;7;2015;16:30;0;AV PRS CASTELO BRANCO;;;6374;;Colisão Traseira;Luz do Dia;Bom;Seca;Meio de Quadra;Pare;Comercial;0;1;1;1;0;0;0;0;0;0;0;0;;;;;
254828;13;7;2015;;15370;AV DOM LUIS;AV SEN VIRGILIO TAVORA;;;;Colisão Transversal;Via Iluminada;Bom;Seca;Cruz;Semáforo;Misto;0;0;2;1;0;0;0;0;0;0;0;0;-38,492507;-3,734829;;;
254818;13;7;2015;20:00;0;AV JOSE BASTOS;;;283;;Colisão Traseira;Via Iluminada;Bom;Seca;Meio de Quadra;Não Há Controle;Comercial;0;0;2;1;0;0;0;0;0;0;0;0;-38,563264;-3,758709;;;
254819;13;7;2015;17:10;25406;RUA CEL MATOS DOURADO;RUA PRO JOSE LEITE GONDIM;;;;Colisão Lateral;Luz do Dia;Bom;Seca;T;Pare;Residencial;0;1;1;1;0;0;0;0;0;1;0;0;-38,585210;-3,740923;;;
254820;13;7;2015;15:20;0;RUA BAR RIO BRANCO;;;2543;;Colisão Traseira;Luz do Dia;Bom;Seca;Meio de Quadra;Outros;Comercial;0;0;3;1;0;0;0;0;0;0;0;0;-38,532711;-3,740421;;;
254821;13;7;2015;12:40;17435;RUA ALBERTO MAGNO;RUA PRO TEODORICO;;;;Colisão Lateral;Luz do Dia;Bom;Seca;Cruz;Pare;Residencial;0;1;1;0;0;0;0;0;0;1;0;0;-38,552834;-3,768977;;;
254805;13;7;2015;11:30;15227;AV DES MOREIRA;AV ABOLICAO;;;;Colisão Lateral;Luz do Dia;Bom;Seca;Cruz;Semáforo;Comercial;0;0;2;1;1;0;0;0;0;0;0;0;-38,495474;-3,727331;;;
254806;13;7;2015;10:20;1232;RUA COSTA BARROS;RUA MON BRUNO;;;;Colisão Lateral;Luz do Dia;Bom;Seca;Cruz;Pare;Comercial;0;0;2;1;0;0;0;0;0;0;0;0;-38,509040;-3,731183;;;
254807;13;7;2015;21:30;0;AV ENG HUMBERTO MONTE;;;1195;;Colisão Lateral;Via Iluminada;Bom;Seca;Meio de Quadra;Não Há Controle;Comercial;0;0;2;1;1;0;0;0;0;0;0;0;-38,560418;-3,749151;;;
254800;13;7;2015;15:00;8949;AV BEZERRA DE MENEZES;RUA JUSTINIANO DE SERPA;;;;Colisão Traseira;Luz do Dia;Bom;Seca;Cruz;Semáforo;Comercial;0;0;2;0;0;0;1;0;0;0;0;0;-38,542857;-3,731156;;;
254798;13;7;2015;08:30;0;AV PRS CASTELO BRANCO;;;4613;;Colisão Transversal;Luz do Dia;Bom;Seca;Meio de Quadra;Não Há Controle;Comercial;0;1;1;1;0;0;0;0;0;0;0;0;-38,573097;-3,706692;;;
254794;13;7;2015;20:30;3992;RUA ALBERTO MAGNO;RUA RAUL UCHOA;;;;Colisão Traseira;Via Iluminada;Bom;Seca;Cruz;Pare;Comercial;0;0;2;1;0;0;0;0;0;0;0;0;-38,545916;-3,760225;;;
254795;13;7;2015;18:40;0;RUA EDUARDO PERDIGAO;;;62;CENTRO ESPORTIVO;Colisão Traseira;Via Iluminada;Bom;Seca;Meio de Quadra;Não Há Controle;Misto;0;0;2;1;0;0;0;1;0;0;0;0;-38,565738;-3,774471;;;
254796;13;7;2015;07:15;12627;RUA COS LAFAYETE;RUA ROSA LEITE OLIVEIRA;;;;Colisão Transversal;Luz do Dia;Bom;Seca;Cruz;Pare;Residencial;0;1;1;1;0;0;0;0;0;1;0;0;-38,586377;-3,717646;;;
254790;13;7;2015;16:30;0;AV SANTOS DUMONT;;;3600;;Colisão Traseira;Luz do Dia;Bom;Seca;Meio de Quadra;Não Há Controle;Comercial;0;1;2;1;0;0;0;0;0;1;0;0;-38,492423;-3,738139;;;
254791;13;7;2015;19:00;0;AV SANTOS DUMONT;;;;;Colisão Traseira;Via Iluminada;Bom;Seca;Meio de Quadra;Semáforo;Comercial;0;0;2;1;0;0;0;0;0;0;0;0;;;;;
254792;13;7;2015;16:40;0;RUA ALCANTARA BILHAR;;;677;;Colisão Frontal;Luz do Dia;Bom;Seca;Meio de Quadra;Pare;Residencial;0;1;1;0;0;0;0;0;0;1;0;0;-38,581898;-3,737047;;;
254823;13;7;2015;18:01;15135;AV HIS RAIMUNDO GIRAO;RUA FRANCISCO DIAS RIBEIRO;;;;Colisão Transversal;Luz do Dia;Bom;Seca;Cruz;Não Há Controle;Residencial;0;0;2;1;0;0;0;0;0;0;0;0;-38,504397;-3,724024;;;
269453;13;7;2015;20:02;0;LOGRADOURO SEM NOME;;;;;Atropelamento;;;;Meio de Quadra;;;0;0;2;0;0;0;0;0;0;0;0;0;;;;;
269451;13;7;2015;16:30;3788;RUA PDE FRANCISCO PINTO;RUA WALDERY UCHOA;;;;Colisão;Luz do Dia;;;Cruz;Pare;Residencial;0;0;2;0;0;0;0;0;0;0;0;0;-38,539138;-3,744299;;;
264210;13;7;2015;21:11;0;RUA STA CECILIA D18;;;;;Colisão;;;;Meio de Quadra;;;0;1;0;1;0;0;0;0;0;1;0;0;;;;;
263030;13;7;2015;16:56;0;RUA METON DE ALENCAR;;;;;Colisão;Luz do Dia;;;Meio de Quadra;;;0;0;2;1;0;0;0;0;0;0;0;0;;;;;
259084;13;7;2015;07:30;0;RD BR 116;;;7000;KM-07;Colisão Traseira;Luz do Dia;Bom;Seca;Meio de Quadra;Não Há Controle;Comercial;0;3;1;1;0;0;0;0;0;1;0;0;-38,501101;-3,813246;;;
259087;13;7;2015;14:45;0;RD BR 116;;;8000;KM-08;Colisão Traseira;Luz do Dia;Bom;Seca;Meio de Quadra;Não Há Controle;Comercial;0;1;1;1;0;0;0;0;1;0;0;0;-38,503269;-3,822018;;;
259088;13;7;2015;17:00;0;RD BR 116;;;6000;KM-06;Colisão Lateral;Anoitecer;Bom;Seca;Meio de Quadra;Não Há Controle;Comercial;0;0;2;1;0;0;0;0;0;0;0;0;-38,503053;-3,804691;;;
263562;13;7;2015;00:34;0;AV PERIMETRAL;;;;;Capotamento;;;;Meio de Quadra;;;0;1;0;1;0;0;0;0;0;0;0;0;;;;;
263563;13;7;2015;05:56;0;RUA ROSA LEITE OLIVEIRA;;;;;Colisão;Amanhecer;;;Meio de Quadra;;;0;1;1;1;0;0;0;0;0;1;0;0;;;;;
263564;13;7;2015;06:21;0;AV GAL OSORIO DE PAIVA;;;;;Atropelamento;Luz do Dia;;;Meio de Quadra;;;0;1;1;0;1;0;0;0;0;0;0;0;;;;;
263565;13;7;2015;06:47;0;RUA CON DE CASTRO;;;;;Colisão;Luz do Dia;;;Meio de Quadra;;;0;1;1;1;0;0;0;0;0;1;0;0;-38,570271;-3,781572;;;
263566;13;7;2015;07:52;4250;AV FRANCISCO SA;RUA PDE ANCHIETA;;;;Queda;Luz do Dia;;;Cruz;Semáforo;Comercial;0;1;0;0;0;0;0;0;0;1;0;0;-38,549538;-3,719988;;;
263567;13;7;2015;07:27;0;RD BR 116;;;2000;KM-02;Colisão;Luz do Dia;;;Meio de Quadra;;;0;1;1;1;0;0;0;0;0;1;0;0;-38,516780;-3,771391;;;
263568;13;7;2015;08:22;1225;RUA COSTA BARROS;RUA ILDEFONSO ALBANO;;;;Colisão;Luz do Dia;;;Cruz;Semáforo;Comercial;0;1;1;1;0;0;0;0;0;1;0;0;-38,512227;-3,730135;;;
263569;13;7;2015;11:56;0;RUA ALBERTO MAGNO;;;;;Colisão;Luz do Dia;;;Meio de Quadra;;;0;1;1;1;0;0;0;0;0;1;0;0;-38,552861;-3,769054;;;
263570;13;7;2015;16:53;1507;RUA PDE VALDEVINO;RUA BAR ARACATI;;;;Colisão;Luz do Dia;;;Cruz;Pare;Comercial;0;1;1;1;0;0;0;0;0;1;0;0;-38,514377;-3,739898;;;
263571;13;7;2015;;5374;AV DUQ CAXIAS;RUA BAR RIO BRANCO;;;;Colisão;;;;Cruz;Não Há Controle;Comercial;0;1;1;1;0;0;0;0;0;1;0;0;-38,529947;-3,731774;;;
263638;13;7;2015;17:42;0;AV AUGUSTO DOS ANJOS;;;;;Colisão;Anoitecer;;;Meio de Quadra;;;0;1;1;1;0;0;0;0;0;1;0;0;;;;;