COD_ACIDENTE;DIA;MES;ANO;HORA;INTERSECAO;LOG1;LOG2;LOG3;NUMERO;REFERENCIA;NATUREZA;ILUMINACAO;TEMPO;SUPERFICIEPISTA;TIPOCRUZAMENTO;CONTROLETRAFEGO;USOSOLO;MORTOS;FERIDOS;ILESOS;AUTOMOVEL;ONIBUS;BICICLETA;CAMINHAO;MICROONIBUS;CICLOMOTOR;MOTOCICLETA;TRACAOANIMAL;TREM;LONG;LAT;;;
263639;13;7;2015;19:17;23658;AV SGT HERMINIO SAMPAIO;RUA POMPEU CAVALCANTE;;;;Queda;;;;Duplo T;Pare;Comercial;0;1;0;0;0;0;0;0;0;1;0;0;-38,562833;-3,726772;;;
263657;13;7;2015;23:16;0;AV BEZERRA DE MENEZES;;;;;Colisão;;;;Meio de Quadra;;;0;1;1;1;0;0;0;0;0;1;0;0;-38,545980;-3,731803;;;
263648;13;7;2015;21:57;0;AV PERIMETRAL;;;;;Queda;;;;Meio de Quadra;;;0;1;0;0;0;0;0;0;0;1;0;0;;;;;
263654;13;7;2015;22:12;0;RUA FRE MARCELINO;;;100;;Atropelamento;;;;Meio de Quadra;;;0;1;0;0;0;0;0;0;0;1;0;0;;;;;
259511;13;7;2015;07:40;0;AV SEN CARLOS JEREISSATI (AEROPORTO);;;;KM 02;Atropelamento;Luz do Dia;Bom;Seca;Meio de Quadra;;Comercial;1;0;1;1;0;0;0;0;0;0;0;0;-38,529156;-3,783932;;;
259513;14;7;2015;21:45;0;RD CE-040;;;;KM-12;Colisão;Via Iluminada;Bom;Seca;Meio de Quadra;Não Há Controle;Comercial;0;2;0;0;0;0;0;0;1;1;0;0;-38,476237;-3,848945;;;
263660;14;7;2015;06:07;0;AV DR SILAS MUNGUBA;;;;;Colisão;Luz do Dia;;;Meio de Quadra;;;0;1;0;0;0;0;0;0;0;1;0;0;;;;;
263661;14;7;2015;06:43;0;AV ROGACIANO LEITE;;;;;Atropelamento;Luz do Dia;;;Meio de Quadra;;;0;1;1;1;0;0;0;0;0;0;0;0;-38,496935;-3,767713;;;
263663;14;7;2015;09:09;0;AV PRS CASTELO BRANCO;;;;;Colisão;Luz do Dia;;;Meio de Quadra;;;0;1;1;1;0;0;0;0;0;1;0;0;-38,530144;-3,720316;;;
263683;14;7;2015;14:55;0;AV CEL CARVALHO;;;;;Colisão;Luz do Dia;;;Meio de Quadra;;;0;1;1;0;0;0;1;0;0;1;0;0;;;;;
263677;14;7;2015;09:24;0;RUA DR JOSE LOURENCO;;;;;Atropelamento;Luz do Dia;;;Meio de Quadra;;;0;1;1;0;0;0;0;0;0;1;0;0;-38,509422;-3,739767;;;
263679;14;7;2015;13:18;0;AV DUQ CAXIAS;;;;;Atropelamento;Luz do Dia;;;Meio de Quadra;;;0;1;1;1;0;0;0;0;0;0;0;0;-38,531951;-3,731120;;;
263680;14;7;2015;13:31;0;AV J CJ CEARA;;;;;Colisão;Luz do Dia;;;Meio de Quadra;;;0;1;1;0;0;0;0;0;0;1;0;0;;;;;
263699;14;7;2015;22:03;0;RUA PRO GOMES BRASIL;;;;;Queda;;;;Meio de Quadra;;;0;1;0;0;0;0;0;0;0;1;0;0;;;;;
263696;14;7;2015;21:15;0;AV GAL OSORIO DE PAIVA;;;;;Colisão;;;;Meio de Quadra;;;0;1;0;0;0;0;0;0;0;0;0;0;;;;;
263694;14;7;2015;19:43;0;AV DOLOR BARREIRA;;;;;Queda;;;;Meio de Quadra;;;0;1;0;0;0;0;0;0;0;1;0;0;-38,473209;-3,728023;;;
263689;14;7;2015;18:17;0;RUA SAO FIDELIS D71;;;;;Colisão;Anoitecer;;;Meio de Quadra;;;0;1;0;0;0;0;0;0;0;0;0;0;;;;;
263686;14;7;2015;17:00;0;RUA DR FERNANDO AUGUSTO;;;;;Queda;Anoitecer;;;Meio de Quadra;;;0;1;0;0;0;0;0;0;0;1;0;0;-38,620820;-3,787459;;;
263684;14;7;2015;15:31;0;AV SANTOS DUMONT;;;;;Colisão;Luz do Dia;;;Meio de Quadra;;;0;1;1;1;0;0;0;0;0;1;0;0;;;;;
263088;14;7;2015;15:12;0;RUA CEL ZACARIAS J FRANCA;;;;;Colisão;Luz do Dia;;;Meio de Quadra;;;0;0;2;1;0;0;0;0;0;0;0;0;;;;;
263070;14;7;2015;09:11;0;RUA TREMEMBES;;;;;Colisão;Luz do Dia;;;Meio de Quadra;;;0;0;2;1;0;0;0;0;0;0;0;0;;;;;
269456;14;7;2015;11:11;0;RUA OSCAR ARARIPE;;;1668;;Colisão;Luz do Dia;;;Meio de Quadra;;;0;0;2;0;0;0;0;0;0;0;0;0;-38,606294;-3,788965;;;
269457;14;7;2015;11:23;0;RUA FRE MANSUETO;;;1225;;Colisão;Luz do Dia;;;Meio de Quadra;;;0;0;2;0;0;0;0;0;0;0;0;0;-38,488662;-3,735050;;;
254832;14;7;2015;16:40;15194;RUA ILDEFONSO ALBANO;RUA DEP MOREIRA DA ROCHA;;;;Colisão Transversal;Luz do Dia;Bom;Seca;Cruz;Pare;Residencial;0;1;1;1;0;0;0;0;0;1;0;0;-38,511072;-3,726480;;;
254833;14;7;2015;15:00;0;RUA SATIRO DIAS;;;320;;Colisão Lateral;Luz do Dia;Bom;Seca;Meio de Quadra;Não Há Controle;Comercial;0;0;2;1;0;0;0;0;0;0;0;0;-38,547350;-3,762211;;;
254829;14;7;2015;17:30;0;AV VICENTE DE CASTRO;;;;;Colisão Lateral;Anoitecer;Bom;Seca;Outros;Não Há Controle;Comercial;0;0;2;1;0;0;0;0;0;0;0;0;;;;;
254830;14;7;2015;18:30;15190;RUA JOAQUIM NABUCO;AV ABOLICAO;;;;Colisão Transversal;Via Iluminada;Bom;Seca;Cruz;Semáforo;Comercial;0;0;2;1;0;0;0;0;0;0;0;0;-38,498436;-3,726373;;;
254872;14;7;2015;07:00;0;RUA PDE PEDRO DE ALENCAR;;;;;Colisão Transversal;Luz do Dia;Bom;Seca;Meio de Quadra;Pare;Misto;0;0;2;1;0;0;1;0;0;0;0;0;;;;;
254880;14;7;2015;10:20;10624;AV ROGACIANO LEITE;RUA ATILANO MOURA;;;;Colisão Lateral;Luz do Dia;Bom;Seca;Cruz;Semáforo;Comercial;0;0;2;1;0;0;0;0;0;0;0;0;-38,492149;-3,759455;;;
254882;14;7;2015;12:50;19952;AV LUCIANO CARNEIRO;RUA FRANCISCO LORDA;;;;Colisão Traseira;Luz do Dia;;;Cruz;Semáforo;Comercial;0;0;2;1;0;0;0;0;0;0;0;0;-38,535431;-3,760835;;;
254884;14;7;2015;21:00;5455;RUA ANTONIO POMPEU;RUA FLORIANO PEIXOTO;;;;Colisão Transversal;Via Iluminada;Bom;Seca;Cruz;Pare;Comercial;0;1;1;0;0;0;0;1;0;1;0;0;-38,529685;-3,735086;;;
254885;14;7;2015;09:10;0;AV PRS CASTELO BRANCO;;;400;;Colisão Traseira;Luz do Dia;Bom;Seca;Meio de Quadra;Outros;Comercial;0;1;1;1;0;0;0;0;0;1;0;0;-38,530144;-3,720316;;;
254889;14;7;2015;10:30;15227;AV ABOLICAO;AV DES MOREIRA;;;;Colisão Lateral;Luz do Dia;Bom;Seca;Cruz;Semáforo;Comercial;0;0;2;0;1;0;0;0;0;0;0;0;-38,495474;-3,727331;;;
254890;14;7;2015;17:30;0;AV PRS CASTELO BRANCO;;;6131;;Colisão Lateral;;Bom;Seca;Meio de Quadra;Não Há Controle;Residencial;0;0;2;1;1;0;0;0;0;0;0;0;-38,585477;-3,701115;;;
254887;14;7;2015;18:00;4189;AV PRS CASTELO BRANCO;RUA FRANCISCO CORDEIRO;;;;Colisão Lateral;Via Iluminada;Bom;Seca;Cruz;Pare;Residencial;0;0;2;1;0;0;0;0;0;0;0;0;-38,550593;-3,713113;;;
254876;14;7;2015;08:30;24943;AV ABOLICAO;AV ALM HENRIQUE SABOIA;;;;Colisão Traseira;Luz do Dia;Bom;Seca;Cruz;Semáforo;Residencial;0;0;2;0;0;0;1;0;0;0;0;0;-38,479798;-3,722615;;;
254877;14;7;2015;21:30;0;AV GAL OSORIO DE PAIVA;;;4832;;Colisão;Via Iluminada;Bom;Seca;Meio de Quadra;Não Há Controle;Residencial;0;2;0;0;0;1;0;0;0;1;0;0;-38,598803;-3,801358;;;
254870;14;7;2015;15:00;25910;RUA ROSITA;RUA TAQUATIARA;;;;Colisão Lateral;Luz do Dia;Bom;Seca;T;Pare;Misto;0;0;2;1;0;0;1;0;0;0;0;0;;;;;
254868;14;7;2015;09:25;0;RUA COSTA BARROS;;;1850;;Atropelamento;Luz do Dia;Bom;Seca;Meio de Quadra;Não Há Controle;Comercial;0;2;0;0;0;0;0;0;0;1;0;0;-38,507039;-3,731832;;;
254866;14;7;2015;09:30;0;RUA J DA PENHA;;;738;;Colisão Lateral;Luz do Dia;Bom;Seca;Meio de Quadra;Não Há Controle;Comercial;0;1;1;0;0;0;0;0;0;1;0;0;;;;;
254863;14;7;2015;17:00;0;RUA VILEBALDO AGUIAR;;;196;;Colisão;Via Iluminada;Bom;Seca;Meio de Quadra;Não Há Controle;Comercial;0;0;2;0;0;1;0;0;0;0;0;0;;;;;
254864;14;7;2015;15:40;0;AV ABOLICAO;;;3406;;Atropelamento;;Bom;Seca;Meio de Quadra;;Comercial;0;1;1;0;0;0;1;0;0;0;0;0;-38,489173;-3,726344;;;
254861;14;7;2015;13:10;1534;RUA MON CATAO;RUA EDUARDO GARCIA;;;;Colisão Transversal;Luz do Dia;Bom;Seca;Cruz;Pare;Misto;0;1;1;1;0;0;0;0;0;0;0;0;-38,491196;-3,740726;;;
254836;14;7;2015;11:00;0;AV 13 DE MAIO;;;;;Colisão Traseira;Luz do Dia;Bom;Seca;Meio de Quadra;Semáforo;Escola;0;0;2;1;0;0;0;0;0;0;0;0;;;;;
254834;14;7;2015;08:45;12849;RUA ASSUNCAO;RUA SALDANHA MARINHO;;;;Colisão Transversal;Luz do Dia;Bom;Seca;Cruz;Pare;Residencial;0;0;2;1;0;0;0;0;0;0;0;0;-38,531231;-3,742314;;;
254845;14;7;2015;10:05;0;RUA ANSELMO NOGUEIRA;;;295;;Colisão Traseira;Luz do Dia;Bom;Seca;Meio de Quadra;Semáforo;Misto;0;1;1;0;0;1;0;0;0;0;0;0;-38,587158;-3,780992;;;
254846;14;7;2015;10:11;3808;AV CARAPINIMA;RUA LUIS DE MIRANDA;;;;Colisão Traseira;Luz do Dia;Bom;Seca;T;Pare;Misto;0;1;1;1;1;0;0;0;0;0;0;0;-38,538169;-3,738138;;;
254847;14;7;2015;14:00;5162;RUA SAO PAULO;RUA GAL SAMPAIO;;;;Colisão Transversal;Luz do Dia;Bom;Seca;Cruz;Semáforo;Comercial;0;1;0;1;0;0;0;0;0;1;0;0;-38,530266;-3,725134;;;
254848;14;7;2015;14:30;8934;AV DOMINGOS OLIMPIO;RUA PDE MORORO;;;;Colisão Lateral;Luz do Dia;Bom;Seca;Cruz;Pare;Residencial;0;0;2;0;0;0;0;0;0;0;0;0;-38,539949;-3,733752;;;
254849;14;7;2015;16:30;22220;AV OLAVO BILAC;RUA IPE (ALAGADIÇO);;;;Colisão Transversal;Luz do Dia;Bom;Seca;T;Pare;Residencial;0;1;1;1;0;0;0;0;0;1;0;0;-38,564604;-3,731875;;;
254850;14;7;2015;09:20;0;AV DR SILAS MUNGUBA;;;;;Colisão Traseira;Luz do Dia;Bom;Seca;Meio de Quadra;Pare;Comercial;0;0;2;1;0;0;1;0;0;0;0;0;;;;;
254851;14;7;2015;12:30;0;RUA ALBERTO MAGNO;;;;;Colisão Lateral;Luz do Dia;Bom;Seca;;;;0;0;2;1;1;0;0;0;0;0;0;0;;;;;
254852;14;7;2015;20:20;0;AV DR SILAS MUNGUBA;;;;;;Via Iluminada;Bom;Seca;Meio de Quadra;Não Há Controle;Residencial;0;0;2;1;0;0;0;0;0;1;0;0;;;;;
254853;14;7;2015;18:10;0;VL FRANCISCO GERARDO;;;;;Colisão Lateral;Via Iluminada;Bom;Seca;Meio de Quadra;Não Há Controle;Comercial;0;0;2;1;1;0;0;0;0;0;0;0;;;;;
254838;14;7;2015;12:00;20129;AV DEP PAULINO ROCHA;RUA POMPILIO GOMES;;;;Colisão Lateral;Luz do Dia;Bom;Seca;T;Pare;Comercial;0;0;2;1;0;0;1;0;0;0;0;0;-38,519652;-3,810076;;;
254839;14;7;2015;12:30;0;AV DUQ CAXIAS;;;1701;SESC;Outros;Luz do Dia;Bom;Seca;Meio de Quadra;Não Há Controle;Comercial;0;1;2;1;0;0;0;0;0;1;0;0;-38,539517;-3,728676;;;
254840;14;7;2015;22:30;0;AV JOSE BASTOS;;;3132;;Engavetamento;Via Iluminada;Bom;Seca;Meio de Quadra;Não Há Controle;Comercial;0;1;2;1;0;0;0;1;0;0;0;0;-38,547836;-3,747381;;;
254841;14;7;2015;16:30;1784;RUA PEDRO DE SOUZA;RUA MARIA QUINTINO;;;;Colisão;Luz do Dia;Bom;Seca;Cruz;Pare;Comercial;0;0;2;1;0;0;0;0;0;0;0;0;-38,500227;-3,852277;;;
254842;14;7;2015;17:20;8030;RUA PRO COSTA MENDES;RUA CARLOS CAMARA;;;;Colisão Transversal;Anoitecer;Bom;Seca;Cruz;Pare;Residencial;0;0;2;1;0;0;0;0;0;0;0;0;-38,548622;-3,753143;;;
254843;14;7;2015;19:30;21590;RUA RAIMUNDO NERY;RUA COM GARCIA;;;;Colisão Transversal;Via Iluminada;Bom;Seca;Cruz;Pare;Residencial;0;2;1;1;0;0;0;0;0;1;0;0;-38,585684;-3,795908;;;
254854;15;7;2015;11:30;5092;RUA SEN ALENCAR;AV IMPERADOR;;;;Colisão Traseira;Luz do Dia;Bom;Seca;Cruz;Semáforo;Comercial;0;0;2;1;0;0;0;0;0;0;0;0;-38,533258;-3,723171;;;
254857;15;7;2015;09:35;19328;RUA EDUARDO PERDIGAO;RUA CON DE CASTRO;;;;Colisão Lateral;Luz do Dia;Bom;Seca;Cruz;Não Há Controle;Comercial;0;0;2;0;1;0;1;0;0;0;0;0;-38,564769;-3,775579;;;
254878;15;7;2015;07:20;15225;RUA TEN BENEVOLO;RUA ILDEFONSO ALBANO;;;;Colisão Transversal;Luz do Dia;Bom;Seca;Cruz;Semáforo;Comercial;0;0;2;1;0;0;0;0;0;0;0;0;-38,511332;-3,727294;;;
254893;15;7;2015;08:00;0;RUA PAULA BARROS;;;260;;Colisão Transversal;Luz do Dia;Bom;Seca;Meio de Quadra;Não Há Controle;Comercial;0;0;2;1;0;0;0;0;0;0;0;0;;;;;
254886;15;7;2015;20:40;17265;RUA ALBERTO MAGNO;RUA SATIRO DIAS;;;;Colisão Transversal;Luz do Dia;Bom;Seca;Cruz;Pare;Comercial;0;3;0;1;0;0;0;0;0;1;0;0;-38,547531;-3,762063;;;
254873;15;7;2015;15:00;3829;RUA PAULINO NOGUEIRA;RUA MAL DEODORO;;;;Colisão Lateral;Luz do Dia;Bom;Seca;Cruz;Pare;Comercial;0;0;2;1;0;0;0;0;0;0;0;0;-38,537199;-3,744452;;;
254895;15;7;2015;;0;RUA CAP MELO;;;3684;;Colisão Transversal;Anoitecer;Bom;Seca;Meio de Quadra;Não Há Controle;Residencial;0;1;1;1;0;0;0;0;0;1;0;0;-38,513415;-3,754768;;;
254899;15;7;2015;07:00;0;RUA NEWTON CRAVEIRO;;;875;;Choque c/ Obstáculo Fixo;Luz do Dia;Bom;Seca;Meio de Quadra;Não Há Controle;Residencial;0;0;2;0;0;0;1;0;0;0;0;0;;;;;
254900;15;7;2015;17:00;23466;RUA PAULO FIRMEZA;RUA CAP GUSTAVO;;;;Colisão Transversal;Luz do Dia;Bom;Seca;Duplo T;Pare;Residencial;0;0;2;1;0;0;0;0;0;1;0;0;-38,516363;-3,757459;;;
254906;15;7;2015;18:00;0;AV DES MOREIRA;;;1759;;Choque c/ Obstáculo Fixo;Anoitecer;Bom;Seca;Meio de Quadra;Semáforo;Comercial;0;0;2;1;0;0;0;0;0;0;0;0;-38,500106;-3,741692;;;
254915;15;7;2015;15:30;0;AV CARAPINIMA;;;2642;;Colisão Traseira;Luz do Dia;Bom;Seca;Meio de Quadra;;Comercial;0;0;2;0;1;0;0;0;0;0;0;0;-38,542443;-3,742175;;;
254922;15;7;2015;18:10;0;AV HERACLITO GRACA;;;406;;;Anoitecer;Bom;Seca;Meio de Quadra;Semáforo;Comercial;0;0;2;1;1;0;0;0;0;0;0;0;-38,520857;-3,734682;;;
254929;15;7;2015;11:15;5295;AV IMPERADOR;RUA PEDRO I;;;;;Luz do Dia;Bom;Seca;Cruz;Semáforo;Comercial;0;1;1;1;0;0;0;0;0;1;0;0;-38,535035;-3,729161;;;
254933;15;7;2015;12:20;14870;RUA WALDIR DIOGO;RUA ALFREDO MAMEDE;;;;Colisão Transversal;Luz do Dia;Bom;Seca;Cruz;Semáforo;Residencial;0;0;2;1;0;0;0;0;0;1;0;0;-38,580084;-3,807367;;;
254936;15;7;2015;15:00;0;RUA VITORIA;;;890;;Colisão Traseira;Luz do Dia;Bom;Seca;Meio de Quadra;Outros;Comercial;0;0;2;1;0;0;0;0;0;1;0;0;;;;;
254941;15;7;2015;11:20;17495;AV ABOLICAO;RUA UMARI;;;;Colisão Transversal;Luz do Dia;Bom;Seca;Cruz;Pare;Comercial;0;0;2;1;0;0;0;1;0;0;0;0;-38,483577;-3,725135;;;
254938;15;7;2015;21:30;10863;RUA PORTO VELHO;RUA PRO HERIBALDO COSTA;;;;Colisão Transversal;Via Iluminada;Bom;Seca;Cruz;Semáforo;Comercial;0;1;1;1;0;0;0;0;0;1;0;0;-38,587014;-3,765974;;;
254945;15;7;2015;18:10;0;AV LUCIANO CARNEIRO;;;;;;Mal Iluminada;Bom;Seca;Meio de Quadra;Outros;Comercial;0;0;2;1;0;0;0;0;0;0;0;0;;;;;
254948;15;7;2015;08:00;19062;RUA DES WALDETARIO P MOTA;RUA PAULO MORAIS;;;;Colisão Transversal;Luz do Dia;Bom;Seca;Cruz;Pare;Residencial;0;1;1;1;0;0;0;0;0;1;0;0;-38,480491;-3,736632;;;
254950;15;7;2015;16:10;0;RUA ANTONIO FIUZA;;;181;;Colisão Traseira;Luz do Dia;Bom;Seca;Meio de Quadra;Não Há Controle;Comercial;0;0;2;1;0;0;0;0;0;0;0;0;-38,551606;-3,768529;;;
254953;15;7;2015;08:00;6817;RUA BENTO ALBUQUERQUE;RUA FRANCISCO MATOS;;;;Colisão Transversal;Luz do Dia;Bom;Seca;Cruz;Pare;Residencial;0;1;1;1;0;0;0;0;0;1;0;0;-38,470436;-3,747862;;;
254957;15;7;2015;10:00;12835;AV DOMINGOS OLIMPIO;RUA SOLON PINHEIRO;;;;Colisão Traseira;Luz do Dia;Bom;Seca;;Semáforo;Comercial;0;0;2;1;0;0;0;0;0;0;0;0;-38,528650;-3,737409;;;
269460;15;7;2015;08:15;0;RUA STA EFIGENIA;;;764;;Colisão;Luz do Dia;;;Meio de Quadra;;;0;0;2;0;0;0;0;0;0;0;0;0;;;;;
269469;15;7;2015;16:59;0;AV DES FLORIANO BENEVIDES;;;;;Colisão;Luz do Dia;;;Meio de Quadra;;;0;0;2;0;0;0;0;0;0;0;0;0;;;;;
269466;15;7;2015;15:12;14841;RUA PDE RODOLFO;TR REJANE;;;;Colisão;Luz do Dia;;;;;;0;0;2;0;0;0;0;0;0;0;0;0;-38,584954;-3,805515;;;
269464;15;7;2015;10:41;0;RUA BARBARA DE ALENCAR;;;602;;Colisão;Luz do Dia;;;Meio de Quadra;;;0;0;2;0;0;0;0;0;0;0;0;0;-38,519129;-3,736343;;;
269472;15;7;2015;17:39;0;AV EDUARDO GIRAO;;;;;Colisão;Anoitecer;;;Meio de Quadra;;;0;0;2;0;0;0;0;0;0;0;0;0;;;;;
269480;15;7;2015;22:38;0;RUA 8 DE SETEMBRO;;;1444;;Colisão;;;;Meio de Quadra;;;0;0;2;0;0;0;0;0;0;0;0;0;;;;;
269475;15;7;2015;22:28;0;RUA EUGENIO GADELHA;;;436;;Colisão;;;;Meio de Quadra;;;0;0;2;0;0;0;0;0;0;0;0;0;-38,551376;-3,760941;;;
263096;15;7;2015;18:50;25119;RUA BAR AQUIRAZ;RUA MIGUEL COUTO;;;;Colisão;;;;Cruz;Pare;Residencial;0;0;2;1;0;0;0;0;0;0;0;0;-38,487996;-3,837441;;;
259089;15;7;2015;09:51;0;RD BR 116;;;8000;KM-08;Colisão Traseira;Luz do Dia;Bom;Seca;Meio de Quadra;Não Há Controle;Comercial;0;2;1;1;0;0;0;0;0;1;0;0;-38,503269;-3,822018;;;
259090;15;7;2015;18:00;0;RD BR 116;;;1000;KM-01;Colisão Traseira;Anoitecer;Bom;Seca;Meio de Quadra;Não Há Controle;Comercial;0;1;1;1;0;0;0;0;0;1;0;0;-38,518702;-3,762554;;;
259052;15;7;2015;17:00;0;RD BR 222;;;;;Colisão Lateral;Anoitecer;Bom;Seca;Meio de Quadra;Não Há Controle;Comercial;0;1;1;1;0;0;0;0;0;1;0;0;;;;;
267945;15;7;2015;04:30;6752;AV SANTOS DUMONT;RUA PRO OTAVIO LOBO;;;;Colisão Traseira;;;;Cruz;Semáforo;Residencial;1;0;1;1;0;0;0;0;0;1;0;0;-38,477829;-3,742845;;;
263701;15;7;2015;07:12;0;AV PRS CASTELO BRANCO;;;;;Queda;Luz do Dia;;;Meio de Quadra;;;0;1;0;0;0;0;0;0;0;1;0;0;;;;;
263714;15;7;2015;07:13;0;RUA PRO JOSE SILVEIRA;;;;;Colisão;Luz do Dia;;;Meio de Quadra;;;0;1;1;1;0;1;0;0;0;0;0;0;;;;;
263715;15;7;2015;07:48;0;RUA GUARUJA;;;;;Colisão;Luz do Dia;;;Meio de Quadra;;;0;1;1;0;0;0;0;0;0;1;0;0;;;;;
263716;15;7;2015;09:05;0;AV MAE LISBOA;;;;;Queda;Luz do Dia;;;Meio de Quadra;;;0;1;0;0;0;0;0;0;0;1;0;0;-38,469416;-3,807857;;;
263717;15;7;2015;09:31;0;AV CASTELO DE CASTRO;;;;;Colisão;Luz do Dia;;;Meio de Quadra;;;0;1;1;0;0;0;1;0;0;1;0;0;-38,521739;-3,841242;;;
263719;15;7;2015;11:51;0;AV L CJ JOSE WALTER;;;;;Colisão;Luz do Dia;;;Meio de Quadra;;;0;1;1;1;0;0;0;0;0;1;0;0;;;;;
263720;15;7;2015;12:38;0;AV GOV PARSIFAL BARROSO;;;;;Colisão;Luz do Dia;;;Meio de Quadra;;;0;1;1;1;0;0;0;0;0;1;0;0;;;;;
263721;15;7;2015;12:56;0;AV PRS COSTA E SILVA;;;;;Colisão;Luz do Dia;;;Meio de Quadra;;;0;1;0;0;0;0;0;0;0;0;0;0;;;;;
263722;15;7;2015;15:13;0;AV PRS CASTELO BRANCO;;;2996;;Atropelamento;Luz do Dia;;;Meio de Quadra;;;0;1;1;1;0;0;0;0;0;0;0;0;-38,555758;-3,711841;;;
263723;15;7;2015;15:14;0;RUA STA ELISA D21;;;;;Colisão;Luz do Dia;;;Meio de Quadra;;;0;1;1;1;0;0;0;0;0;1;0;0;-38,566210;-3,703843;;;
263724;15;7;2015;16:53;0;AV LINEU MACHADO;;;;;Colisão;Luz do Dia;;;Meio de Quadra;;;0;1;1;1;0;0;0;0;0;1;0;0;;;;;
263728;15;7;2015;17:23;0;AV LUCIANO CARNEIRO;;;;;Colisão;Anoitecer;;;Meio de Quadra;;;0;1;1;1;0;0;0;0;0;1;0;0;-38,536538;-3,764491;;;
263729;15;7;2015;18:16;0;RUA GUARANI D65;;;;;Colisão;Anoitecer;;;Meio de Quadra;;;0;1;0;0;0;0;0;0;0;1;0;0;;;;;
263730;15;7;2015;18:41;0;AV GAL OSORIO DE PAIVA;;;;;Colisão;;;;Meio de Quadra;;;0;1;1;0;0;0;0;0;0;1;0;0;-38,599658;-3,802245;;;
263731;15;7;2015;18:59;0;AV RAD JOSE LIMA VERDE;;;;;Atropelamento;;;;Meio de Quadra;;;0;1;1;1;0;0;0;0;0;0;0;0;-38,586777;-3,697561;;;
263732;15;7;2015;19:17;0;AV GAL OSORIO DE PAIVA;;;;;Atropelamento;;;;Meio de Quadra;;;0;1;1;1;0;0;0;0;0;0;0;0;-38,566657;-3,775741;;;
263726;15;7;2015;17:23;0;RUA PRO HERIBALDO COSTA;;;;;Colisão;Anoitecer;;;Meio de Quadra;;;0;1;1;1;0;0;0;0;0;1;0;0;;;;;
263740;15;7;2015;21:34;0;AV SGT HERMINIO SAMPAIO;VL PONTES;;;;Atropelamento;;;;;;;0;1;1;1;0;0;0;0;0;0;0;0;-38,573474;-3,729246;;;
259515;15;7;2015;11:40;0;RD CE-040;;;;;Colisão;Luz do Dia;Bom;Seca;Meio de Quadra;Não Há Controle;Comercial;0;0;2;1;0;0;0;0;0;0;0;0;;;;;
259517;15;7;2015;22:05;0;AV SEN CARLOS JEREISSATI (AEROPORTO);;;;KM 02;Colisão;Via Iluminada;Bom;Seca;Meio de Quadra;;Comercial;0;0;2;1;0;0;0;0;0;0;0;0;-38,529156;-3,783932;;;
256123;15;7;2015;18:30;20042;AV DEP PAULINO ROCHA;AV ALBERTO CRAVEIRO;;;;Colisão Traseira;Via Iluminada;Bom;;Rotatória;Pare;Residencial;0;0;2;1;0;0;0;0;0;0;0;0;-38,524782;-3,807229;;;
254983;15;7;2015;19:40;3788;RUA WALDERY UCHOA;RUA PDE FRANCISCO PINTO;;;;Colisão Traseira;Via Iluminada;Bom;Seca;Cruz;Pare;Residencial;0;0;2;0;0;0;0;0;0;1;0;0;-38,539138;-3,744299;;;
254972;15;7;2015;15:00;1378;RUA DES LEITE ALBUQUERQUE;RUA OSVALDO CRUZ (ALDEOTA);;;;Colisão Transversal;Luz do Dia;Bom;Seca;Cruz;Pare;Comercial;0;0;4;1;0;0;0;0;0;0;0;0;-38,500640;-3,736598;;;
254977;15;7;2015;13:00;23458;RUA PAULO FIRMEZA;RUA PRO CARVALHO;;;;Colisão Transversal;Luz do Dia;Bom;Seca;Cruz;Pare;Residencial;0;0;2;1;0;0;0;0;0;0;0;0;-38,514078;-3,757232;;;
254962;15;7;2015;12:45;0;RUA CARLOS CAMARA;;;1289;;Colisão Lateral;Luz do Dia;Bom;Seca;Meio de Quadra;Não Há Controle;Residencial;0;0;2;1;0;0;0;0;0;1;0;0;-38,543635;-3,747642;;;
254998;15;7;2015;21:10;0;RUA PAULO CANDIDO;;;545;;Colisão Lateral;Via Iluminada;Bom;Seca;Meio de Quadra;Outros;Residencial;0;0;2;1;0;0;0;0;0;0;0;0;-38,566057;-3,801537;;;
254999;15;7;2015;19:20;12405;AV LINEU MACHADO;RUA JOCKEY CLUBE;;;;;Via Iluminada;Bom;Seca;Outros;Outros;Residencial;0;0;3;1;0;0;0;0;0;1;0;0;-38,576001;-3,764186;;;
254981;15;7;2015;19:05;22979;RUA FRE ALEMAO;RUA MAD ELISA BALDO;;;;Colisão Transversal;Via Iluminada;Bom;Seca;Cruz;Pare;Residencial;0;0;2;1;0;0;0;0;0;0;0;0;-38,544056;-3,785835;;;
256144;15;7;2015;18:20;0;AV WASHINGTON SOARES;;;980;;Colisão Lateral;Via Iluminada;Bom;Seca;Meio de Quadra;Pare;Comercial;0;0;2;1;0;0;0;0;0;0;0;0;;;;;
254970;16;7;2015;13:50;18303;AV ALM BARROSO;RUA ITAPIPOCA;;;;Colisão Lateral;Via Iluminada;Chuva;Molhada;;Não Há Controle;Comercial;0;0;2;1;0;0;0;0;0;1;0;0;-38,516762;-3,720403;;;
254974;16;7;2015;10:15;13416;AV RUI BARBOSA;RUA JOAO BRIGIDO;;;;Colisão Transversal;Luz do Dia;Nublado;Seca;Cruz;Pare;Misto;0;1;1;1;0;0;0;0;0;1;0;0;-38,511369;-3,741995;;;