COD_ACIDENTE;DIA;MES;ANO;HORA;INTERSECAO;LOG1;LOG2;LOG3;NUMERO;REFERENCIA;NATUREZA;ILUMINACAO;TEMPO;SUPERFICIEPISTA;TIPOCRUZAMENTO;CONTROLETRAFEGO;USOSOLO;MORTOS;FERIDOS;ILESOS;AUTOMOVEL;ONIBUS;BICICLETA;CAMINHAO;MICROONIBUS;CICLOMOTOR;MOTOCICLETA;TRACAOANIMAL;TREM;LONG;LAT;;;
259520;16;7;2015;18:10;0;AV SEN CARLOS JEREISSATI (AEROPORTO);;;;KM 03;Colisão;Anoitecer;Bom;Seca;Meio de Quadra;;Comercial;0;3;6;1;0;0;0;0;0;1;0;0;-38,541414;-3,780382;;;
263742;16;7;2015;05:09;0;RD BR 116;;;;;Colisão;Amanhecer;;;Meio de Quadra;;;0;1;1;0;0;0;1;0;0;1;0;0;;;;;
263743;16;7;2015;06:38;0;RUA NOSSA SRA APARECIDA;;;;;Colisão;Luz do Dia;;;Meio de Quadra;;;0;1;1;1;0;0;0;0;0;1;0;0;;;;;
263744;16;7;2015;07:20;3768;AV TRISTAO GONCALVES;AV DOMINGOS OLIMPIO;;;;Colisão;Luz do Dia;;;Cruz;Semáforo;Comercial;0;1;1;1;0;0;0;0;0;1;0;0;-38,535613;-3,735133;;;
263746;16;7;2015;09:52;0;AV CEL CARVALHO;;;1761;;Colisão;Luz do Dia;;;Meio de Quadra;;;0;1;1;1;0;0;0;0;0;1;0;0;-38,587852;-3,717857;;;
263762;16;7;2015;15:42;0;AV ZUCA ACIOLY;;;;;Queda;Luz do Dia;;;Meio de Quadra;;;0;1;0;0;0;0;0;0;0;1;0;0;;;;;
263763;16;7;2015;16:41;0;AV MIGUEL DIAS;;;;;Colisão;Luz do Dia;;;Meio de Quadra;;;0;1;0;0;0;0;0;0;0;0;0;0;;;;;
263748;16;7;2015;13:31;0;RUA FRANCISCA CLOTILDE;;;;;Queda;Luz do Dia;;;Meio de Quadra;;;0;1;1;0;0;0;0;0;0;1;0;0;-38,556917;-3,747202;;;
263813;16;7;2015;21:30;0;RUA BERNARDO MANUEL;;;;;Colisão;;;;Meio de Quadra;;;0;1;0;0;0;0;0;0;0;0;0;0;;;;;
263814;16;7;2015;22:49;0;RUA CON DE CASTRO;;;;;Colisão;;;;Meio de Quadra;;;0;1;1;1;0;0;0;0;0;1;0;0;-38,564380;-3,775175;;;
263815;16;7;2015;23:44;0;AV PERIMETRAL;;;;;Atropelamento;;;;Meio de Quadra;;;0;1;1;1;0;0;0;0;0;0;0;0;;;;;
263810;16;7;2015;21:12;7861;RUA CEL JUCA;AV ANTONIO SALES;;;;Queda;;;;Cruz;Semáforo;Comercial;0;1;0;0;0;0;0;0;0;1;0;0;-38,494573;-3,747893;;;
263805;16;7;2015;19:05;0;RUA MELO DE OLIVEIRA;;;;;Colisão;;;;Meio de Quadra;;;0;1;1;1;0;0;0;0;0;1;0;0;;;;;
263797;16;7;2015;18:35;0;RUA JOAO FONSECA;;;;;Queda;;;;Meio de Quadra;;;0;1;0;0;0;0;0;0;0;1;0;0;;;;;
263794;16;7;2015;18:20;0;AV SEN CARLOS JEREISSATI (AEROPORTO);;;;;Colisão;Anoitecer;;;Meio de Quadra;;;0;1;1;1;0;0;0;0;0;1;0;0;;;;;
267904;16;7;2015;17:14;0;RUA VALPARAISO;;;160;EMEIF MARIETA CALS;Atropelamento;Anoitecer;;;Meio de Quadra;;;1;0;1;1;0;0;0;0;0;0;0;0;-38,523560;-3,845773;;;
263103;16;7;2015;17:20;6722;AV ENG SANTANA JUNIOR;RUA DR GILBERTO STUDART;;;;Colisão;Anoitecer;;;Cruz;Pare;Comercial;0;0;2;1;1;0;0;0;0;0;0;0;-38,486048;-3,741972;;;
269485;16;7;2015;02:24;2205;AV RAD JOSE LIMA VERDE;AV CEL CARVALHO;;;;Choque c/ Obstáculo Fixo;;;;Y;Não Há Controle;Comercial;0;0;1;0;0;0;0;0;0;0;0;0;-38,591542;-3,703499;;;
269489;16;7;2015;05:27;0;RUA JOSE LUCAS;;;603;;Colisão;Amanhecer;;;Meio de Quadra;;;0;0;2;0;0;0;0;0;0;0;0;0;;;;;
269490;16;7;2015;10:21;0;RUA BORIS;;;90;;Colisão;Luz do Dia;;;Meio de Quadra;;;0;0;2;0;0;0;0;0;0;0;0;0;-38,521020;-3,721249;;;
269491;16;7;2015;11:39;0;AV PRS CASTELO BRANCO;;;;;Colisão;Luz do Dia;;;Meio de Quadra;;;0;0;2;0;0;0;0;0;0;0;0;0;;;;;
269496;16;7;2015;15:18;9055;AV VIS RIO BRANCO;RUA CEL ALVES TEIXEIRA;;;;Colisão;Luz do Dia;;;;;;0;0;2;0;0;0;0;0;0;0;0;0;-38,522164;-3,745349;;;
269497;16;7;2015;16:16;0;RUA RODRIGUES JUNIOR;;;488;;Atropelamento;Luz do Dia;;;Meio de Quadra;;;0;0;2;0;0;0;0;0;0;0;0;0;;;;;
269502;16;7;2015;22:21;0;AV J CJ JOSE WALTER;;;;;Colisão;;;;Meio de Quadra;;;0;0;2;0;0;0;0;0;0;0;0;0;;;;;
269503;16;7;2015;22:45;2431;RUA ESTEVAO DE CAMPOS;RUA JERONIMO ALBUQUERQUE;;;;Colisão;;;;Cruz;Pare;Misto;0;0;2;0;0;0;0;0;0;0;0;0;-38,576292;-3,706713;;;
254928;16;7;2015;18:40;0;AV AGUANAMBI;;;965;;Engavetamento;Via Iluminada;Bom;Seca;Meio de Quadra;Não Há Controle;Comercial;0;0;3;1;0;0;0;0;0;0;0;0;-38,524970;-3,746726;;;
254905;16;7;2015;07:20;18407;AV SGT HERMINIO SAMPAIO;RUA VIRGILIO BRIGIDO;;;;Atropelamento;Luz do Dia;Bom;Seca;T;Não Há Controle;Residencial;0;1;1;0;0;0;0;0;0;0;0;0;-38,570340;-3,728096;;;
254921;16;7;2015;07:50;0;RUA PEDRO PEREIRA;;;694;;Colisão Traseira;Luz do Dia;Bom;Seca;Meio de Quadra;Não Há Controle;Comercial;0;0;2;1;0;0;0;0;0;0;0;0;-38,531851;-3,728609;;;
254924;16;7;2015;08:30;5371;RUA GAL CLARINDO DE QUEIROZ;RUA VINTE E QUATRO DE MAIO;;;;Colisão Transversal;Luz do Dia;Bom;Seca;Cruz;Pare;Comercial;0;1;1;1;0;0;0;0;0;1;0;0;-38,533532;-3,731621;;;
254926;16;7;2015;13:18;0;AV DIOGUINHO;;;2125;;Choque c/ Obstáculo Fixo;Luz do Dia;Bom;Seca;Meio de Quadra;Não Há Controle;Comercial;0;1;0;0;0;0;1;0;0;0;0;0;-38,456716;-3,735415;;;
254912;16;7;2015;13:10;5709;AV DES GONZAGA;AV OLIVEIRA PAIVA;;;;Colisão Lateral;Luz do Dia;Bom;Seca;Cruz;Semáforo;Comercial;0;0;2;1;0;0;1;0;0;0;0;0;-38,499953;-3,797165;;;
254913;16;7;2015;14:00;0;AV DOMINGOS OLIMPIO;;;1050;;Colisão Traseira;Luz do Dia;Bom;Seca;Meio de Quadra;Não Há Controle;Comercial;0;0;2;1;0;0;0;0;0;0;0;0;-38,533283;-3,735873;;;
254919;16;7;2015;15:00;0;AV DUQ CAXIAS;;;914;;;Luz do Dia;Bom;Seca;Meio de Quadra;;Comercial;0;0;1;1;0;0;0;0;0;0;0;0;-38,532552;-3,730929;;;
254903;16;7;2015;07:10;13592;AV PONTES VIEIRA;RUA PRO CARVALHO;;;;Choque c/ Obstáculo Fixo;Luz do Dia;Bom;Seca;Cruz;Semáforo;Comercial;0;1;1;1;0;0;0;0;0;0;0;0;-38,514949;-3,752890;;;
254908;16;7;2015;08:30;0;AV BEZERRA DE MENEZES;;;1001;;Colisão Traseira;Luz do Dia;Bom;Seca;Meio de Quadra;;Comercial;0;1;1;1;0;0;0;0;0;1;0;0;-38,554018;-3,733521;;;
254910;16;7;2015;14:00;0;AV OLIVEIRA PAIVA;;;1237;;Colisão Traseira;Luz do Dia;Bom;Seca;Meio de Quadra;Não Há Controle;Comercial;0;0;2;1;0;0;0;0;0;0;0;0;-38,495265;-3,795391;;;
254901;16;7;2015;15:10;1306;RUA TORRES CAMARA;RUA MON BRUNO;;;;Engavetamento;Luz do Dia;Bom;Seca;Cruz;Pare;Comercial;0;0;3;1;0;0;0;0;0;0;0;0;-38,510152;-3,734594;;;
254896;16;7;2015;16:00;569;RUA COELHO NETO;RUA FRANCISCO CALACA;;;;Colisão Lateral;Luz do Dia;Bom;Seca;Cruz;Pare;Residencial;0;0;2;1;1;0;0;0;0;0;0;0;-38,573999;-3,716762;;;
254881;16;7;2015;10:35;8000;AV JOAO PESSOA;RUA DELMIRO FARIAS;;;;Colisão Transversal;Luz do Dia;Nublado;Seca;Cruz;Pare;Escola;0;0;2;1;1;0;0;0;0;0;0;0;-38,547538;-3,750275;;;
254883;16;7;2015;15:20;0;AV DOMINGOS OLIMPIO;;;397;;Colisão Transversal;Luz do Dia;Bom;Seca;Meio de Quadra;Não Há Controle;Comercial;0;0;2;1;1;0;0;0;0;0;0;0;-38,527874;-3,737584;;;
254894;16;7;2015;12:30;7999;RUA CARLOS CAMARA;RUA ANA NERY;;;;Colisão Traseira;Luz do Dia;Nublado;Seca;Cruz;Pare;Misto;0;0;2;1;1;0;0;0;0;0;0;0;-38,545958;-3,750211;;;
254888;16;7;2015;09:30;1423;RUA TORRES CAMARA;RUA OSVALDO CRUZ (ALDEOTA);;;;Colisão Transversal;Luz do Dia;Bom;Seca;Cruz;Semáforo;Residencial;0;0;2;1;0;0;0;0;0;0;0;0;-38,500953;-3,737574;;;
254891;16;7;2015;21:50;1297;AV SANTOS DUMONT;RUA JOSE VILAR;;;;Colisão Transversal;Via Iluminada;Chuva;Molhada;Cruz;Semáforo;Comercial;0;0;2;1;0;0;0;0;0;0;0;0;-38,504194;-3,734337;;;
254892;16;7;2015;16:30;0;AV DR SILAS MUNGUBA;;;2555;;Colisão Transversal;Luz do Dia;Bom;Seca;Meio de Quadra;Pare;Comercial;0;2;1;1;0;0;0;0;1;0;0;0;-38,550338;-3,786312;;;
254879;16;7;2015;10:00;0;AV DOMINGOS OLIMPIO;;;185;;Colisão Traseira;Luz do Dia;Nublado;Seca;Meio de Quadra;Não Há Controle;Comercial;0;0;2;1;0;0;0;0;0;0;0;0;-38,526273;-3,738102;;;
267783;16;7;2015;09:30;0;RUA TARSILA DO AMARAL;;;44;;Colisão;Luz do Dia;;;Meio de Quadra;;;1;0;1;0;0;0;1;0;0;1;0;0;;;;;
254897;17;7;2015;17:30;12618;RUA COS LAFAYETE;RUA RIO ARAGUAIA;;;;Colisão Lateral;Anoitecer;Nublado;Molhada;Cruz;Pare;Misto;0;1;1;0;0;0;0;0;0;1;0;0;-38,581410;-3,718123;;;
254898;17;7;2015;18:40;9034;AV AGUANAMBI;RUA CEL SOLON;;;;Colisão Lateral;Via Iluminada;Nublado;Seca;Cruz;Semáforo;Misto;0;1;1;0;1;0;0;0;0;1;0;0;-38,525818;-3,742854;;;
254902;17;7;2015;19:00;18302;RUA DRAGAO DO MAR;RUA SEN ALMINO;;;;Colisão Traseira;Via Iluminada;Bom;Seca;Cruz;Pare;Comercial;0;0;2;1;0;0;0;0;0;0;0;0;-38,517919;-3,721816;;;
254911;17;7;2015;13:00;25071;AV DOS EXPEDICIONARIOS;RUA TEODORICO BARROSO;;;;Colisão Transversal;Luz do Dia;Bom;Seca;Cruz;Pare;Comercial;0;1;1;1;0;0;0;0;0;1;0;0;-38,541696;-3,766646;;;
254909;17;7;2015;14:50;3896;RUA CARLOS CAMARA;AV EDUARDO GIRAO;;;;Colisão Transversal;Luz do Dia;Bom;Seca;Cruz;Não Há Controle;Residencial;0;0;2;1;0;0;0;0;0;0;0;0;-38,543106;-3,747043;;;
254904;17;7;2015;19:30;0;RUA PRO HERIBALDO COSTA;;;2116;;Colisão Transversal;Via Iluminada;Chuva;Molhada;Meio de Quadra;;Residencial;0;0;2;1;0;0;0;0;0;0;0;0;-38,588915;-3,769661;;;
254907;17;7;2015;12:15;0;AV VIS RIO BRANCO;;;2840;;Colisão Traseira;Luz do Dia;Bom;Seca;Meio de Quadra;Não Há Controle;Residencial;0;0;2;1;0;0;0;0;0;0;0;0;-38,522036;-3,745935;;;
254920;17;7;2015;20:30;7481;RUA BOA VENTURA;RUA BANDEIRA DE MELO;;;;Colisão Transversal;Via Iluminada;Chuva;Molhada;Cruz;Pare;Residencial;0;0;2;0;1;0;0;0;0;0;0;0;-38,524278;-3,787535;;;
254914;17;7;2015;16:30;15224;AV BAR STUDART;RUA DEP MOREIRA DA ROCHA;;;;Colisão Lateral;Luz do Dia;Bom;Seca;Cruz;Semáforo;Comercial;0;1;1;1;0;0;0;0;0;1;0;0;-38,504238;-3,727254;;;
254916;17;7;2015;18:06;4250;AV FRANCISCO SA;RUA PDE ANCHIETA;;;;Colisão Lateral;Anoitecer;Nublado;Seca;Cruz;Semáforo;Comercial;0;1;1;0;0;0;0;1;0;1;0;0;-38,549538;-3,719988;;;
254917;17;7;2015;05:30;0;AV DES MOREIRA;;;2565;;Choque c/ Obstáculo Fixo;Luz do Dia;Chuva;Molhada;Meio de Quadra;Não Há Controle;Comercial;0;0;1;1;0;0;0;0;0;0;0;0;-38,502181;-3,748216;;;
254918;17;7;2015;10:00;1351;RUA DES LEITE ALBUQUERQUE;RUA TIBURCIO CAVALCANTE;;;;Colisão Transversal;Luz do Dia;Bom;Seca;Cruz;Pare;Misto;0;1;1;1;0;0;0;0;0;1;0;0;-38,502587;-3,735956;;;
254927;17;7;2015;12:00;7762;AV ANTONIO SALES;RUA NUNES VALENTE;;;;Colisão Transversal;Luz do Dia;Bom;Seca;Cruz;Pare;Residencial;0;1;1;1;0;0;0;0;0;1;0;0;-38,506314;-3,744237;;;
254925;17;7;2015;10:50;8931;RUA ANTONIO POMPEU;RUA JUSTINIANO DE SERPA;;;;Colisão Transversal;Luz do Dia;Bom;Seca;T;Pare;Comercial;0;0;2;1;0;0;1;0;0;0;0;0;-38,542672;-3,732034;;;
254923;17;7;2015;14:00;0;AV GOV RAUL BARBOSA;;;5354;;Colisão Traseira;Luz do Dia;Bom;Seca;Meio de Quadra;Não Há Controle;Comercial;0;1;1;1;0;0;0;0;0;1;0;0;-38,508993;-3,766404;;;
254939;17;7;2015;10:40;0;AV AGUANAMBI;;;417;;Colisão Traseira;;Bom;Seca;Meio de Quadra;Gesto;Comercial;0;0;2;1;0;0;0;1;0;0;0;0;-38,525030;-3,740422;;;
254937;17;7;2015;07:40;0;AV WENEFRIDO MELO;;;108;;Colisão Lateral;Luz do Dia;Bom;Seca;Meio de Quadra;Não Há Controle;Residencial;0;1;2;1;0;0;1;0;0;1;0;0;-38,578026;-3,808744;;;
254934;17;7;2015;09:30;0;AV FRANCISCO SA;;;2152;;Colisão Lateral;Luz do Dia;Bom;Seca;Meio de Quadra;Não Há Controle;Residencial;0;0;2;1;1;0;0;0;0;0;0;0;-38,544721;-3,721549;;;
254935;17;7;2015;09:50;1547;AV DES MOREIRA;RUA CAROLINA SUCUPIRA;;;;Colisão Transversal;Luz do Dia;Nublado;Seca;Cruz;Semáforo;Comercial;0;1;1;0;0;0;0;0;0;1;0;0;-38,499948;-3,741192;;;
254930;17;7;2015;16:00;25769;AV DR SILAS MUNGUBA;RUA CORUMBA;;;;Colisão Traseira;Luz do Dia;Bom;Seca;T;Pare;Comercial;0;0;2;1;0;0;0;0;0;1;0;0;-38,530014;-3,801188;;;
254931;17;7;2015;21:10;19811;RUA MOREIRA DE SOUSA;RUA DOM MANUEL DE MEDEIROS;;;;Colisão Lateral;Mal Iluminada;Nublado;Seca;Cruz;Pare;Residencial;0;0;2;1;0;0;0;0;0;0;0;0;-38,566790;-3,739647;;;
254932;17;7;2015;07:45;735;AV DR THEBERGE;AV TEN LISBOA;;;;Colisão Transversal;Luz do Dia;Bom;Seca;T;Pare;Comercial;0;1;1;1;0;0;0;0;0;1;0;0;-38,566942;-3,720711;;;
269505;17;7;2015;08:53;0;RUA FRANCISCO SEGUNDO DA COSTA;;;247;;Colisão;Luz do Dia;;;Meio de Quadra;;;0;0;2;0;0;0;0;0;0;0;0;0;;;;;
269509;17;7;2015;09:49;0;RUA PDE PEDRO DE ALENCAR;;;1130;;Colisão;Luz do Dia;;;Meio de Quadra;;;0;0;2;0;0;0;0;0;0;0;0;0;-38,494213;-3,837576;;;
269510;17;7;2015;10:26;0;RUA JOSE FACANHA;;;52;;Colisão;Luz do Dia;;;Meio de Quadra;;;0;0;2;0;0;0;0;0;0;0;0;0;-38,553078;-3,755929;;;
269507;17;7;2015;09:27;0;AV FRANCISCO SA;;;6050;;Colisão;Luz do Dia;;;Meio de Quadra;;;0;0;2;0;0;0;0;0;0;0;0;0;-38,578841;-3,710033;;;
269513;17;7;2015;11:16;0;RUA CAP AFRANIO;;;149;;Colisão;Luz do Dia;;;Meio de Quadra;;;0;0;2;0;0;0;0;0;0;0;0;0;-38,494869;-3,829314;;;
269515;17;7;2015;12:32;6751;RUA PRO OTAVIO LOBO;RUA VILEBALDO AGUIAR;;;;Colisão;Luz do Dia;;;Cruz;Pare;Residencial;0;0;2;0;0;0;0;0;0;0;0;0;-38,478303;-3,743596;;;
269518;17;7;2015;12:36;0;AV PRS COSTA E SILVA;;;;;Colisão;Luz do Dia;;;Meio de Quadra;;;0;0;2;0;0;0;0;0;0;0;0;0;;;;;
269519;17;7;2015;13:34;0;AV ALBERTO CRAVEIRO;;;;;Colisão;Luz do Dia;;;Meio de Quadra;;;0;0;2;0;0;0;0;0;0;0;0;0;;;;;
269521;17;7;2015;13:36;10420;RUA DAS PEDRINHAS;RUA LUIZ MARIANO;;;;Colisão;Luz do Dia;;;Cruz;Não Há Controle;Residencial;0;0;2;0;0;0;0;0;0;0;0;0;-38,600122;-3,761937;;;
269523;17;7;2015;16:12;0;RUA PEDRO DANTAS;;;81;;Colisão;Luz do Dia;;;Meio de Quadra;;;0;0;2;0;0;0;0;0;0;0;0;0;-38,518370;-3,786547;;;
269529;17;7;2015;16:50;10859;RUA PORTO ALEGRE;RUA JULIO MACIEL D35;;;;Colisão;Luz do Dia;;;;;;0;0;2;0;0;0;0;0;0;0;0;0;-38,579716;-3,765825;;;
269535;17;7;2015;17:48;0;RUA GUILHERME MENDES;;;347;;Colisão;Anoitecer;;;Meio de Quadra;;;0;0;2;0;0;0;0;0;0;0;0;0;;;;;
269538;17;7;2015;18:09;11009;RUA EQUADOR;RUA JULIO VERNE;;;;Colisão;Anoitecer;;;Cruz;Pare;Misto;0;0;2;0;0;0;0;0;0;0;0;0;-38,552843;-3,775427;;;
269541;17;7;2015;18:41;0;LOGRADOURO SEM NOME;;;;;Colisão;;;;Meio de Quadra;;;0;0;2;0;0;0;0;0;0;0;0;0;;;;;
269544;17;7;2015;18:43;21983;RUA GAL BERNARDO FIGUEIREDO;RUA TIRADENTES;;;;Colisão;;;;Duplo T;Pare;Residencial;0;0;2;0;0;0;0;0;0;0;0;0;-38,551719;-3,739647;;;
269552;17;7;2015;20:17;0;RUA BOM JESUS (GRANJA LISBOA);;;227;;Capotamento;;;;Meio de Quadra;;;0;0;1;0;0;0;0;0;0;0;0;0;-38,596063;-3,796126;;;
269558;17;7;2015;20:38;0;AV BENJAMIM BRASIL;;;;;Colisão;;;;Meio de Quadra;;;0;0;2;0;0;0;0;0;0;0;0;0;;;;;
269561;17;7;2015;21:38;3219;RUA ANSELMO NOGUEIRA;RUA EMILIO DE MENESES;;;;Colisão;;;;Cruz;Semáforo;Comercial;0;0;2;0;0;0;0;0;0;0;0;0;-38,587374;-3,781760;;;
263106;17;7;2015;16:21;15399;RUA ALMEIDA REGO;AV FRE CIRILO;;;;Colisão;Luz do Dia;;;Cruz;Semáforo;Comercial;0;0;2;1;0;0;1;0;0;0;0;0;-38,498444;-3,814967;;;
263107;17;7;2015;17:47;0;RUA ILDEFONSO ALBANO;;;;;Colisão;Anoitecer;;;Meio de Quadra;;;0;0;2;1;1;0;0;0;0;0;0;0;;;;;
259053;17;7;2015;05:10;0;RD BR 222;;;;KM-01;Colisão Traseira;Amanhecer;Bom;Seca;Meio de Quadra;Não Há Controle;Comercial;0;2;1;1;0;0;0;1;0;0;0;0;-38,577952;-3,737774;;;
259091;17;7;2015;18:00;0;RD BR 116;;;11000;KM-11;Colisão Traseira;Anoitecer;Chuva;Molhada;Meio de Quadra;Não Há Controle;Comercial;0;0;3;1;0;0;0;0;0;0;0;0;-38,497176;-3,847160;;;
263819;17;7;2015;09:14;0;AV DA INDEPENDENCIA;;;;;Colisão;Luz do Dia;;;Meio de Quadra;;;0;1;1;1;0;0;0;0;0;1;0;0;-38,589712;-3,727268;;;
263839;17;7;2015;13:08;0;RUA PAPI JUNIOR;;;250;;Atropelamento;Luz do Dia;;;Meio de Quadra;;;0;1;0;0;0;0;0;0;0;1;0;0;;;;;
263835;17;7;2015;12:04;0;RUA VIS CAUIPE;;;;;Queda;Luz do Dia;;;Meio de Quadra;;;0;1;0;0;0;0;0;0;0;1;0;0;;;;;
263858;17;7;2015;19:55;0;RUA SAO PAULO;;;;;Colisão;;;;Meio de Quadra;;;0;1;1;1;0;0;0;0;0;1;0;0;;;;;
263859;17;7;2015;20:11;0;RUA CON DE CASTRO;;;;;Colisão;;;;Meio de Quadra;;;0;1;0;0;0;0;0;0;0;0;0;0;-38,588405;-3,801091;;;
263851;17;7;2015;15:48;0;AV 20 DE JANEIRO;;;;;Queda;Luz do Dia;;;Meio de Quadra;;;0;1;0;0;0;0;0;0;0;1;0;0;-38,589256;-3,702262;;;
263852;17;7;2015;16:38;0;RUA PORTO VELHO;;;;;Colisão;Luz do Dia;;;Meio de Quadra;;;0;1;0;0;0;0;0;0;0;0;0;0;-38,584180;-3,767508;;;
263853;17;7;2015;18:59;271;AV JOVITA FEITOSA;RUA AMADEU FURTADO;;;;Colisão;;;;Cruz;Semáforo;Residencial;0;1;0;0;0;0;0;0;0;0;0;0;-38,562915;-3,741173;;;
263849;17;7;2015;15:46;0;RUA MOREIRA DA ROCHA;;;;;Colisão;Luz do Dia;;;Meio de Quadra;;;0;1;1;1;0;0;0;0;0;1;0;0;;;;;
263855;17;7;2015;19:46;0;AV GAL OSORIO DE PAIVA;;;;;Atropelamento;;;;Meio de Quadra;;;0;1;1;1;0;0;0;0;0;0;0;0;-38,603765;-3,806454;;;
259525;17;7;2015;18:00;0;AV SEN CARLOS JEREISSATI (AEROPORTO);;;;KM 01;Colisão;Anoitecer;Bom;Seca;Meio de Quadra;Não Há Controle;Comercial;0;0;2;1;0;0;0;0;0;0;0;0;-38,520356;-3,783803;;;
259526;18;7;2015;08:40;0;RD CE-040;;;;KM-06;Colisão;Luz do Dia;Bom;Seca;Meio de Quadra;Não Há Controle;Comercial;0;0;2;0;0;0;0;0;0;0;0;0;-38,478781;-3,811270;;;
259527;18;7;2015;15:00;0;RD CE-040;;;;KM-01;Choque c/ Obstáculo Fixo;Luz do Dia;Bom;Seca;Meio de Quadra;Não Há Controle;Comercial;0;0;1;1;0;0;0;0;0;0;0;0;-38,483270;-3,754877;;;
263861;18;7;2015;00:35;0;RUA IPALMERIM;;;;;Queda;;;;Meio de Quadra;;;0;1;0;0;0;0;0;0;0;1;0;0;;;;;
263872;18;7;2015;00:50;9952;RUA JOSE TORRES;RUA EMILIO DE MENESES;;;;Queda;;;;Cruz;Pare;Comercial;0;1;0;0;0;0;0;0;0;1;0;0;-38,606283;-3,776425;;;
263873;18;7;2015;01:19;0;AV JOAO PESSOA;;;;;Colisão;;;;Meio de Quadra;;;0;1;0;0;0;0;0;0;0;0;0;0;-38,561064;-3,770280;;;
263874;18;7;2015;06:30;0;RUA TEODOMIRO DE CASTRO;;;6404;;Colisão;Luz do Dia;;;Meio de Quadra;;;0;1;0;1;0;0;0;0;0;1;0;0;-38,577502;-3,716589;;;
263882;18;7;2015;10:53;0;AV GODOFREDO MACIEL;;;;;Colisão;Luz do Dia;;;Meio de Quadra;;;0;1;1;1;0;0;0;0;0;1;0;0;;;;;
263884;18;7;2015;11:04;17564;RUA PARA;RUA ESTADO DO RIO;;;;Colisão;Luz do Dia;;;Cruz;Pare;Residencial;0;1;1;1;0;0;0;0;0;1;0;0;-38,567337;-3,752973;;;
263886;18;7;2015;11:09;0;AV PRS ARTUR BERNARDES;;;;;Queda;Luz do Dia;;;Meio de Quadra;;;0;1;0;0;0;0;0;0;0;1;0;0;;;;;
263888;18;7;2015;11:40;0;RUA MARIA QUINTELA;;;;;Colisão;Luz do Dia;;;Meio de Quadra;;;0;1;1;0;0;0;1;0;0;1;0;0;;;;;
263890;18;7;2015;13:29;18733;RUA VALPARAISO;RUA VERDE 2 CJ ST S.JOAO;;;;Colisão;Luz do Dia;;;;;;0;1;0;0;0;0;0;0;0;1;0;0;-38,518933;-3,846425;;;
263903;18;7;2015;18:16;0;RUA CRISANTO ARRUDA;;;;;Queda;Anoitecer;;;Meio de Quadra;;;0;1;0;0;0;0;0;0;0;1;0;0;;;;;
263904;18;7;2015;18:37;0;RUA MARACANA;;;;;Colisão;;;;Meio de Quadra;;;0;1;0;0;0;0;0;0;0;0;0;0;;;;;
263905;18;7;2015;18:58;0;RUA 448 A CJ CEARA;;;;;Queda;;;;Meio de Quadra;;;0;1;0;0;0;0;0;0;0;1;0;0;;;;;
263906;18;7;2015;21:59;0;AV PASTEUR;;;;;Queda;;;;Meio de Quadra;;;0;1;0;0;0;0;0;0;0;1;0;0;-38,558456;-3,709763;;;
263907;18;7;2015;22:07;0;RUA WALDIR DIOGO;;;;;Atropelamento;;;;Meio de Quadra;;;0;1;0;1;0;0;0;0;0;0;0;0;-38,587854;-3,802753;;;
263908;18;7;2015;22:32;0;RUA GUANABARA;;;;;Colisão;;;;;;;0;1;1;1;0;0;0;0;0;1;0;0;-38,567167;-3,754026;;;
263900;18;7;2015;17:22;0;RUA DALAS;;;;;Colisão;Anoitecer;;;Meio de Quadra;;;0;1;1;1;0;0;0;0;0;1;0;0;;;;;
263901;18;7;2015;17:57;0;RUA CARLOS MAGNO;;;;;Queda;Anoitecer;;;Meio de Quadra;;;0;1;0;0;0;0;0;0;0;1;0;0;;;;;
263895;18;7;2015;13:02;25154;RUA BENI DE CARVALHO;RUA VICENTE LEITE;;;;Colisão;Luz do Dia;;;Cruz;Pare;Residencial;0;1;1;1;0;0;0;0;0;1;0;0;-38,497966;-3,745037;;;
263897;18;7;2015;14:38;0;AV BEZERRA DE MENEZES;;;;;Colisão;Luz do Dia;;;Meio de Quadra;;;0;1;1;1;0;0;0;0;0;1;0;0;;;;;
263898;18;7;2015;15:26;0;RUA SAO PAULO;;;973;;Colisão;Luz do Dia;;;Meio de Quadra;;;0;1;1;1;0;0;0;0;0;1;0;0;-38,534308;-3,723791;;;
259054;18;7;2015;08:00;0;RD BR 222;;;;KM-02;Colisão Traseira;Luz do Dia;Bom;Seca;Meio de Quadra;Não Há Controle;Comercial;0;0;3;1;1;0;0;0;0;0;0;0;-38,586880;-3,738951;;;
263112;18;7;2015;14:49;0;RUA PRO LINO ENCARNACAO;RUA CESAR FONTENELE;;;;Colisão;Luz do Dia;;;;;;0;0;3;1;0;0;0;0;0;0;0;0;;;;;
263113;18;7;2015;15:03;0;AV LINEU MACHADO;;;400;;Colisão;Luz do Dia;;;Meio de Quadra;;;0;0;2;1;0;0;0;0;0;0;0;0;-38,575815;-3,763844;;;
269569;18;7;2015;10:40;5347;RUA BAR RIO BRANCO;RUA PEDRO I;;;;Colisão;Luz do Dia;;;Cruz;Semáforo;Comercial;0;0;2;0;0;0;0;0;0;0;0;0;-38,529673;-3,730887;;;
269571;18;7;2015;10:52;0;AV PERIMETRAL;;;;;Colisão;Luz do Dia;;;Meio de Quadra;;;0;0;2;0;0;0;0;0;0;0;0;0;;;;;