COD_ACIDENTE;DIA;MES;ANO;HORA;INTERSECAO;LOG1;LOG2;LOG3;NUMERO;REFERENCIA;NATUREZA;ILUMINACAO;TEMPO;SUPERFICIEPISTA;TIPOCRUZAMENTO;CONTROLETRAFEGO;USOSOLO;MORTOS;FERIDOS;ILESOS;AUTOMOVEL;ONIBUS;BICICLETA;CAMINHAO;MICROONIBUS;CICLOMOTOR;MOTOCICLETA;TRACAOANIMAL;TREM;LONG;LAT;;;
269575;18;7;2015;11:12;24385;RUA TEODORICO BARROSO;RUA PRO VICENTE SILVEIRA;;;;Colisão;Luz do Dia;;;;;;0;0;2;0;0;0;0;0;0;0;0;0;-38,538951;-3,767495;;;
269577;18;7;2015;11:56;0;AV ZEZE DIOGO;;;;;Colisão;Luz do Dia;;;Meio de Quadra;;;0;0;2;0;0;0;0;0;0;0;0;0;;;;;
269580;18;7;2015;12:02;0;RUA JOSE B PARENTE D59;;;;;Queda;Luz do Dia;;;Meio de Quadra;;;0;0;1;0;0;0;0;0;0;1;0;0;;;;;
269582;18;7;2015;12:49;0;RUA ROQUET PINTO;;;235;;Atropelamento;Luz do Dia;;;Meio de Quadra;;;0;0;2;0;0;0;0;0;0;0;0;0;-38,567150;-3,783962;;;
269585;18;7;2015;12:57;0;RUA CAP HERMINIO;;;601;;Colisão;Luz do Dia;;;Meio de Quadra;;;0;0;2;0;0;0;0;0;0;0;0;0;;;;;
269592;18;7;2015;13:24;0;AV DIOGUINHO;;;;;Colisão;Luz do Dia;;;Meio de Quadra;;;0;0;2;0;0;0;0;0;0;0;0;0;;;;;
269588;18;7;2015;12:59;0;AV JOSE JATAHY;;;;;Colisão;Luz do Dia;;;Meio de Quadra;;;0;0;2;0;0;0;0;0;0;0;0;0;;;;;
269601;18;7;2015;13:31;22055;AV JOSE BASTOS;RUA PDE CICERO;;;;Colisão;Luz do Dia;;;T;Pare;Comercial;0;0;2;0;0;0;0;0;0;0;0;0;-38,544887;-3,744462;;;
269604;18;7;2015;13:32;0;RUA DES PRAXEDES;;;221;;Colisão;Luz do Dia;;;Meio de Quadra;;;0;0;2;0;0;0;0;0;0;0;0;0;-38,552359;-3,757724;;;
269616;18;7;2015;14:33;18986;RUA PENSAMENTO;RUA EDILSON CANDEIAS;;;;Colisão;Luz do Dia;;;Cruz;Não Há Controle;Residencial;0;0;2;0;0;0;0;0;0;0;0;0;-38,526015;-3,844736;;;
269617;18;7;2015;15:11;26236;AV DR SILAS MUNGUBA;RUA BERNARDO MANUEL;;;;Colisão;Luz do Dia;;;;;;0;0;2;0;0;0;0;0;0;0;0;0;-38,547960;-3,787538;;;
269613;18;7;2015;13:58;16072;RUA JOAO GADELHA;RUA RAIMUNDO MAIA;;;;Colisão;Luz do Dia;;;;;;0;0;2;0;0;0;0;0;0;0;0;0;-38,563977;-3,813962;;;
269620;18;7;2015;15:20;0;RUA SENA MADUREIRA;;;820;;Colisão;Luz do Dia;;;Meio de Quadra;;;0;0;2;0;0;0;0;0;0;0;0;0;-38,525851;-3,728080;;;
269623;18;7;2015;15:26;12674;AV CEL CARVALHO;RUA GUILHERME MENDES;;;;Colisão;Luz do Dia;;;Cruz;Pare;Comercial;0;0;2;0;0;0;0;0;0;0;0;0;-38,587094;-3,720651;;;
269630;18;7;2015;18:33;0;RUA G ESPL CASTELAO;;;641;;Colisão;;;;Meio de Quadra;;;0;0;2;0;0;0;0;0;0;0;0;0;-38,518520;-3,808317;;;
269632;18;7;2015;20:00;0;TR VIANA WEYNE;;;1048;;Colisão;;;;Meio de Quadra;;;0;0;2;0;0;0;0;0;0;0;0;0;;;;;
269627;18;7;2015;16:21;18299;RUA SEN ALMINO;RUA JOSE AVELINO;;;;Colisão;Luz do Dia;;;Cruz;Pare;Comercial;0;0;2;0;0;0;0;0;0;0;0;0;-38,517954;-3,722476;;;
254940;18;7;2015;22:20;0;AV ABOLICAO;;;2208;;Choque c/ Obstáculo Fixo;Via Iluminada;Bom;Seca;Meio de Quadra;Não Há Controle;Residencial;0;0;1;1;0;0;0;0;0;0;0;0;-38,499222;-3,726124;;;
254946;18;7;2015;13:40;25118;AV DEP PAULINO ROCHA;RUA DO CONTORNO UI 302;;;;Colisão Lateral;Luz do Dia;Bom;Seca;Outros;Não Há Controle;Comercial;0;0;2;0;1;0;0;0;0;0;0;0;-38,520975;-3,809737;;;
254947;18;7;2015;09:00;9176;AV AGUANAMBI;AV EDUARDO GIRAO;;;;Colisão Traseira;Luz do Dia;Bom;Seca;Rotatória;Semáforo;Comercial;0;0;2;1;0;0;0;0;0;0;0;0;-38,523639;-3,755303;;;
254942;18;7;2015;01:40;25548;AV JOAO PESSOA;RUA VILA LOBOS;;;;Atropelamento;Via Iluminada;Chuva;Molhada;Outros;;Residencial;1;0;1;0;0;0;0;0;0;0;0;0;-38,561439;-3,771198;;;
254943;18;7;2015;13:20;5331;AV SANTOS DUMONT;RUA GONCALVES LEDO;;;;Colisão Transversal;Luz do Dia;Bom;Seca;Cruz;Pare;Comercial;0;2;0;0;0;0;0;0;0;1;0;0;-38,515848;-3,730535;;;
254944;18;7;2015;07:00;7781;AV DES MOREIRA;AV ANTONIO SALES;;;;Colisão Traseira;Luz do Dia;Bom;Seca;Cruz;Semáforo;Comercial;0;0;2;1;0;0;0;0;0;0;0;0;-38,501410;-3,745744;;;
254958;18;7;2015;19:20;5981;RUA 448 A CJ CEARA;RUA 448 CJ CEARA;;;;Colisão Lateral;Via Iluminada;Bom;Seca;;;;0;1;2;1;0;0;0;0;0;1;0;0;-38,606874;-3,763225;;;
254959;18;7;2015;09:40;22990;AV DR SILAS MUNGUBA;RUA AMERICO VESPUCIO;;;;Colisão Lateral;Luz do Dia;Bom;Seca;Cruz;;Comercial;0;1;1;1;0;0;0;0;0;1;0;0;-38,549873;-3,786542;;;
254960;18;7;2015;05:30;0;RUA CEL JOSE FILOMENO GOMES;;;1754;;Choque c/ Obstáculo Fixo;Amanhecer;Bom;Seca;Meio de Quadra;Não Há Controle;Residencial;0;0;1;1;0;0;0;0;0;0;0;0;-38,488488;-3,781829;;;
254954;18;7;2015;07:00;18299;RUA SEN ALMINO;RUA JOSE AVELINO;;;;Colisão Transversal;Luz do Dia;Bom;Seca;Cruz;Pare;Comercial;0;1;1;0;0;0;0;0;1;0;0;0;-38,517954;-3,722476;;;
254955;18;7;2015;;0;AV EDILSON B SOARES;;;70;;Colisão;Via Iluminada;;;Meio de Quadra;Não Há Controle;;0;0;2;1;0;0;0;0;0;0;0;0;-38,484925;-3,789832;;;
254956;18;7;2015;10:00;26130;AV VIS RIO BRANCO;RUA PINHO PESSOA;;;;Colisão Lateral;Luz do Dia;Nublado;Seca;T;Não Há Controle;Residencial;0;1;1;0;0;0;0;0;0;1;0;0;-38,522340;-3,744525;;;
254951;18;7;2015;05:30;0;AV PRS COSTA E SILVA;;;1001;;Choque c/ Obstáculo Fixo;Luz do Dia;Bom;Seca;Meio de Quadra;Não Há Controle;Residencial;0;1;0;1;0;0;0;0;0;0;0;0;-38,570407;-3,813270;;;
254952;18;7;2015;11:40;0;AV DOM LUIS;;;;;Colisão;Luz do Dia;Bom;Seca;;;;0;0;2;1;0;0;1;0;0;0;0;0;;;;;
254949;18;7;2015;07:30;0;AV ENG HUMBERTO MONTE;;;221;;Colisão Lateral;;Bom;Seca;Meio de Quadra;Não Há Controle;Comercial;0;1;1;1;0;0;0;0;0;1;0;0;;;;;
264284;18;7;2015;17:30;18058;RUA PRO MOZART SOLON;AV ZEZE DIOGO;;;;;Anoitecer;;;Cruz;;Residencial;0;1;0;1;0;0;0;0;0;0;0;0;-38,454206;-3,737739;;;
269646;18;7;2015;23:43;23016;AV DR SILAS MUNGUBA;RUA PRA HELOISA F LIMA;;;;Colisão;;;;Cruz;Semáforo Intermitente;Comercial;0;0;2;0;0;0;0;0;0;0;0;0;-38,545961;-3,788406;;;
269647;19;7;2015;01:16;0;RUA JOSE FACANHA;;;830;;Colisão;;;;Meio de Quadra;;;0;0;2;0;0;0;0;0;0;0;0;0;-38,558462;-3,751064;;;
269767;19;7;2015;03:08;0;RUA CECILIA MEIRELES;;;46;;Colisão;;;;Meio de Quadra;;;0;0;2;0;0;0;0;0;0;0;0;0;-38,491776;-3,819553;;;
269768;19;7;2015;09:30;25253;RUA VALMIR PONTES;AV WASHINGTON SOARES;;;;Atropelamento;Luz do Dia;;;Cruz;Semáforo;Comercial;0;0;2;0;0;0;0;0;0;0;0;0;-38,482016;-3,771482;;;
269769;19;7;2015;10:06;0;RUA HUMAITA D29;;;459;;Colisão;Luz do Dia;;;Meio de Quadra;;;0;0;2;0;0;0;0;0;0;0;0;0;;;;;
269770;19;7;2015;11:09;1339;RUA DES LEITE ALBUQUERQUE;RUA NUNES VALENTE;;;;Colisão;Luz do Dia;;;Cruz;Pare;Comercial;0;0;2;0;0;0;0;0;0;0;0;0;-38,503540;-3,735649;;;
269771;19;7;2015;12:29;5185;RUA TEREZA CRISTINA;RUA LIBERATO BARROSO;;;;Colisão;Luz do Dia;;;Cruz;Pare;Comercial;0;0;2;0;0;0;0;0;0;0;0;0;-38,536404;-3,725833;;;
269772;19;7;2015;16:27;4319;AV JOSE SABOIA;AV VICENTE DE CASTRO;;;;Colisão;Luz do Dia;;;Cruz;Não Há Controle;Comercial;0;0;2;0;0;0;0;0;0;0;0;0;-38,473200;-3,713785;;;
269773;19;7;2015;16:28;21611;RUA JOAO RAMALHO;RUA COM GARCIA;;;;Colisão;Luz do Dia;;;Cruz;Pare;Residencial;0;0;2;0;0;0;0;0;0;0;0;0;-38,588536;-3,799067;;;
269774;19;7;2015;18:21;0;RUA MOURA MATOS;;;1256;;Colisão;Anoitecer;;;Meio de Quadra;;;0;0;2;0;0;0;0;0;0;0;0;0;-38,540055;-3,815524;;;
269775;19;7;2015;21:25;0;RUA 147 CJ CEARA;;;100;;Colisão;;;;Meio de Quadra;;;0;0;2;0;0;0;0;0;0;0;0;0;-38,608183;-3,769962;;;
269776;19;7;2015;22:12;0;RUA CARIUS;;;450;;Colisão;;;;Meio de Quadra;;;0;0;2;0;0;0;0;0;0;0;0;0;-38,593015;-3,721693;;;
269777;19;7;2015;22:27;0;RUA SOL;;;383;;Colisão;;;;Meio de Quadra;;;0;0;2;0;0;0;0;0;0;0;0;0;;;;;
263114;19;7;2015;00:17;0;AV DR SILAS MUNGUBA;;;;;Colisão;;;;Meio de Quadra;;;0;0;2;1;1;0;0;0;0;0;0;0;;;;;
263115;19;7;2015;08:41;0;RUA DES WALDETARIO P MOTA;;;;;Colisão;Luz do Dia;;;Meio de Quadra;;;0;0;2;1;1;0;0;0;0;0;0;0;;;;;
259055;19;7;2015;18:50;0;RD BR 222;;;;KM-01;Atropelamento;Via Iluminada;Bom;Seca;Meio de Quadra;Não Há Controle;Comercial;0;1;1;0;0;0;0;0;0;0;0;0;-38,577952;-3,737774;;;
259092;19;7;2015;19:00;0;RD BR 116;;;7000;KM-07;Colisão Traseira;Via Iluminada;Bom;Seca;Meio de Quadra;Não Há Controle;Comercial;0;1;2;1;0;0;0;1;0;1;0;0;-38,501101;-3,813246;;;
263911;19;7;2015;00:01;23687;RUA DOM HENRIQUE;RUA DOM XISTO ALBANO;;;;Colisão;;;;Cruz;Pare;Residencial;0;2;0;1;0;0;0;0;0;0;0;0;-38,579040;-3,789861;;;
263912;19;7;2015;00:09;0;AV PERIMETRAL;;;3236;;Colisão;;;;Meio de Quadra;;;0;1;1;1;0;0;0;0;0;1;0;0;;;;;
263913;19;7;2015;01:36;0;AV PERIMETRAL;;;;;Colisão;;;;Meio de Quadra;;;0;1;1;1;0;0;0;0;0;1;0;0;;;;;
263914;19;7;2015;01:39;0;AV GAL OSORIO DE PAIVA;;;5704;;Queda;;;;Meio de Quadra;;;0;1;0;0;0;0;0;0;0;1;0;0;-38,603733;-3,806420;;;
263915;19;7;2015;03:25;0;RUA MARANGUAPE D50;;;2805;;Queda;;;;Meio de Quadra;;;0;1;0;0;0;0;0;0;0;1;0;0;;;;;
263917;19;7;2015;11:11;0;RUA PERNAMBUCO;;;;;Colisão;Luz do Dia;;;Meio de Quadra;;;0;1;1;1;0;0;0;0;0;1;0;0;-38,580471;-3,748901;;;
263918;19;7;2015;13:55;0;AV MR HULL;;;;;Atropelamento;Luz do Dia;;;Meio de Quadra;;;0;1;0;0;0;0;0;0;0;0;0;0;;;;;
263925;19;7;2015;17:30;0;AV GAL OSORIO DE PAIVA;;;;;Atropelamento;Anoitecer;;;Meio de Quadra;;;0;1;1;0;0;0;0;0;0;1;0;0;-38,602923;-3,805574;;;
263926;19;7;2015;17:40;0;RUA PDE PEDRO DE ALENCAR;;;;;Colisão;Anoitecer;;;Meio de Quadra;;;0;1;1;1;0;0;0;0;0;1;0;0;-38,494803;-3,848328;;;
263927;19;7;2015;18:31;743;AV PASTEUR;AV PRS CASTELO BRANCO;;;;Atropelamento;;;;Cruz;Semáforo;Comercial;1;0;1;0;0;0;0;0;0;1;0;0;-38,558856;-3,711181;;;
263928;19;7;2015;18:40;0;AV GAL OSORIO DE PAIVA;;;;;Colisão;;;;Meio de Quadra;;;0;1;1;1;0;0;0;0;0;1;0;0;-38,602923;-3,805574;;;
263929;19;7;2015;19:02;0;AV MR HULL;;;;;Atropelamento;;;;Meio de Quadra;;;0;1;1;0;0;0;0;0;0;1;0;0;;;;;
263930;19;7;2015;19:26;0;AV GAL OSORIO DE PAIVA;;;;;Colisão;;;;Meio de Quadra;;;0;1;1;1;0;0;0;0;0;1;0;0;;;;;
263931;19;7;2015;19:33;0;RUA URUCUTUBA;;;;;Queda;;;;Meio de Quadra;;;0;1;0;0;0;0;0;0;0;1;0;0;-38,619316;-3,799233;;;
263946;19;7;2015;19:59;9529;RUA SGT JOAO PINHEIRO;RUA MIRTES CORDEIRO;;;;Queda;;;;Cruz;Não Há Controle;Residencial;0;1;0;0;0;0;0;0;0;1;0;0;-38,622506;-3,781806;;;
263957;19;7;2015;08:41;0;RUA L CJ VILA VELHA;;;;;Colisão;Luz do Dia;;;Meio de Quadra;;;0;1;1;1;0;0;0;0;0;1;0;0;;;;;
263948;19;7;2015;22:15;0;RUA PRO VIRGILIO DE MORAIS;;;;;Colisão;;;;Meio de Quadra;;;0;1;1;1;0;0;0;0;0;1;0;0;-38,596653;-3,751282;;;
263949;19;7;2015;23:19;0;AV WASHINGTON SOARES;;;;;Colisão;;;;Meio de Quadra;;;0;1;1;1;0;0;0;0;0;1;0;0;-38,482510;-3,819252;;;
259528;19;7;2015;23:30;0;RD CE-040;;;;KM-08;Colisão;Via Iluminada;Nublado;Seca;Meio de Quadra;Não Há Controle;Comercial;0;1;1;1;0;0;0;0;1;0;0;0;-38,481317;-3,823332;;;
255005;19;7;2015;05:50;1453;AV RUI BARBOSA;AV HERACLITO GRACA;;;;Colisão Lateral;Luz do Dia;Bom;Seca;Cruz;Semáforo;Comercial;0;0;2;1;1;0;0;0;0;0;0;0;-38,510199;-3,738357;;;
255013;19;7;2015;19:30;9543;RUA ARI MAIA;RUA CEL FABRICIANO;;;;Choque c/ Obstáculo Fixo;Luz do Dia;Bom;Seca;Cruz;Pare;Residencial;0;0;1;0;0;0;0;0;0;0;0;0;-38,620267;-3,779362;;;
255017;19;7;2015;19:35;0;AV DOS EXPEDICIONARIOS;;;4363;;Colisão Lateral;Via Iluminada;Bom;Seca;Meio de Quadra;;Comercial;0;1;1;1;0;0;0;0;0;1;0;0;-38,538672;-3,756651;;;
255089;19;7;2015;18:40;137;RUA RUI MONTE;RUA MARTINS NETO;;;;;;;;;;;0;0;2;1;0;0;0;0;0;0;0;0;-38,587494;-3,740128;;;
255094;19;7;2015;09:00;0;RUA BOM JESUS (BARRA DO CEARA);;;2846;;Colisão Frontal;Luz do Dia;Bom;Seca;Meio de Quadra;Outros;Comercial;0;1;1;0;0;0;0;0;0;1;0;0;;;;;
255077;19;7;2015;00:10;25006;RUA BENI DE CARVALHO;RUA LEONARDO MOTA;;;;Colisão Transversal;Via Iluminada;Bom;Seca;Cruz;Semáforo;Comercial;0;3;0;1;0;0;0;0;0;1;0;0;-38,498931;-3,744739;;;
255083;19;7;2015;14:30;0;AV BEZERRA DE MENEZES;;;2461;;Atropelamento;Luz do Dia;Bom;Seca;Meio de Quadra;Não Há Controle;Comercial;0;1;1;0;1;0;0;0;0;0;0;0;-38,566326;-3,736062;;;
255025;19;7;2015;09:00;6128;RUA MIN ALBUQUERQUE LIMA;AV B CJ CEARA;;;;Colisão Transversal;Luz do Dia;Bom;Seca;Cruz;Semáforo;Residencial;0;0;2;0;0;0;0;0;0;1;0;0;-38,607506;-3,768744;;;
255030;19;7;2015;19:30;3003;AV GAL OSORIO DE PAIVA;RUA JARDIM PARUARA;;;;Atropelamento;Via Iluminada;Bom;Seca;T;Outros;Comercial;0;0;2;1;0;0;0;0;0;0;0;0;-38,600890;-3,803497;;;
255039;19;7;2015;13:40;19038;RUA PAULO MORAIS;AV ENG SANTANA JUNIOR;;;;Colisão Traseira;;Bom;Seca;Cruz;Pare;Comercial;0;0;2;0;0;0;1;0;0;0;0;0;-38,481999;-3,735537;;;
255047;19;7;2015;18:00;0;AV PRS COSTA E SILVA;;;859;;Colisão Traseira;Via Iluminada;Bom;Seca;Meio de Quadra;Não Há Controle;Comercial;0;1;2;1;0;0;0;0;0;0;0;0;-38,571914;-3,812746;;;
255050;19;7;2015;19:00;11968;AV JOR THOMAZ COELHO;RD BR 116;;;;Choque c/ Obstáculo Fixo;Via Iluminada;Bom;Seca;;Não Há Controle;Comercial;0;0;1;1;0;0;0;0;0;0;0;0;-38,530987;-3,828613;;;
255052;19;7;2015;20:00;0;RUA MAL DEODORO;;;;;Colisão Transversal;Anoitecer;Bom;Seca;Meio de Quadra;Não Há Controle;Residencial;0;0;2;1;0;0;0;0;0;0;0;0;;;;;
255102;19;7;2015;13:30;0;AV GOV RAUL BARBOSA;;;;;Atropelamento;Luz do Dia;Bom;Seca;Meio de Quadra;Não Há Controle;Comercial;0;2;0;0;0;0;0;0;0;1;0;0;;;;;
254982;20;7;2015;20:10;0;AV JOSE BASTOS;;;2736;;Engavetamento;Via Iluminada;Bom;Seca;Meio de Quadra;Não Há Controle;Comercial;0;0;3;1;0;0;0;0;0;0;0;0;-38,544940;-3,744525;;;
254992;20;7;2015;10:00;1232;RUA COSTA BARROS;RUA MON BRUNO;;;;Colisão Lateral;Luz do Dia;Bom;Seca;Cruz;Pare;Comercial;0;0;2;1;0;0;1;0;0;0;0;0;-38,509040;-3,731183;;;
254994;20;7;2015;16:00;7662;RUA RIO GRANDE DO NORTE;RUA MINAS GERAIS;;;;Colisão Traseira;;Bom;Seca;Rotatória;Gesto;Residencial;0;0;2;1;0;0;0;0;0;0;0;0;;;;;
254996;20;7;2015;10:00;13409;RUA JOAO BRIGIDO;RUA MON BRUNO;;;;Colisão Transversal;Luz do Dia;Bom;Seca;Cruz;Pare;Comercial;0;0;2;1;0;0;0;0;0;0;0;0;-38,512432;-3,741670;;;
254975;20;7;2015;15:00;21569;RUA LUIS VIEIRA;RUA MON AGOSTINHO;;;;Colisão Traseira;Luz do Dia;Bom;Seca;Cruz;Pare;Comercial;0;1;1;1;0;0;0;0;0;1;0;0;-38,587761;-3,793096;;;
254976;20;7;2015;20:30;8933;AV DOMINGOS OLIMPIO;RUA RUBIA SAMPAIO;;;;Colisão Traseira;Via Iluminada;Bom;Seca;Cruz;Pare;Residencial;0;0;2;1;0;0;0;0;0;0;0;0;-38,541015;-3,733409;;;
254973;20;7;2015;11:42;5652;RUA CHICO LEMOS;RUA JOSE FRAGA NETO;;;;Colisão Frontal;Luz do Dia;Bom;Seca;T;Pare;Residencial;0;0;2;1;0;0;1;0;0;0;0;0;-38,500113;-3,789141;;;
254978;20;7;2015;08:39;0;AV FRANCISCO SA;;;2743;;Colisão Transversal;Luz do Dia;Bom;Seca;Meio de Quadra;Não Há Controle;Comercial;0;1;1;1;0;0;0;0;0;1;0;0;-38,549965;-3,719850;;;
254979;20;7;2015;08:30;5348;RUA METON DE ALENCAR;RUA PDE MORORO;;;;Colisão Lateral;Luz do Dia;Bom;Seca;T;Não Há Controle;Comercial;0;0;2;1;0;0;0;0;0;0;0;0;-38,539143;-3,730892;;;
254980;20;7;2015;09:24;0;RUA TEN BENEVOLO;;;;;Colisão Lateral;Luz do Dia;Bom;Seca;Meio de Quadra;Pare;Residencial;0;0;2;1;0;0;0;0;0;0;0;0;;;;;
254984;20;7;2015;11:10;16051;AV GODOFREDO MACIEL;RUA OSCAR BENEVIDES;;;;Colisão Lateral;Luz do Dia;Bom;Seca;T;Semáforo;Comercial;0;0;2;1;0;0;1;0;0;0;0;0;-38,574179;-3,810087;;;
254985;20;7;2015;18:20;25127;AV ENG HUMBERTO MONTE;RUA BOLIVIA;;;;Colisão Transversal;Via Iluminada;Bom;Seca;Cruz;Pare;Comercial;0;0;2;1;0;0;0;0;0;0;0;0;-38,564826;-3,743796;;;
254986;20;7;2015;07:30;8949;AV BEZERRA DE MENEZES;RUA JUSTINIANO DE SERPA;;;;Queda;Luz do Dia;Bom;Seca;Cruz;Semáforo;Comercial;0;1;0;0;0;0;0;0;0;1;0;0;-38,542857;-3,731156;;;
254987;20;7;2015;10:00;0;AV BAR STUDART;;;2360;;Colisão Traseira;Luz do Dia;Bom;Seca;Meio de Quadra;Não Há Controle;Comercial;0;0;2;1;0;0;0;0;0;0;0;0;-38,509723;-3,744383;;;
254989;20;7;2015;11:10;13590;AV PONTES VIEIRA;RUA DR JOSE LOURENCO;;;;Colisão Traseira;Luz do Dia;Bom;Seca;T;Não Há Controle;Comercial;0;0;2;1;0;0;0;0;0;0;0;0;-38,513542;-3,752735;;;
254990;20;7;2015;14:46;15269;RUA TEN BENEVOLO;AV RUI BARBOSA;;;;Colisão Lateral;Luz do Dia;Bom;Seca;Cruz;Semáforo;Residencial;0;1;1;1;0;0;0;0;0;1;0;0;-38,507048;-3,728685;;;
254971;20;7;2015;17:20;7884;AV ANTONIO SALES;RUA VICENTE LEITE;;;;Colisão Transversal;;Bom;Seca;Cruz;Pare;Comercial;0;0;2;1;1;0;0;0;0;0;0;0;-38,498468;-3,746656;;;
254963;20;7;2015;11:20;0;RUA ELISEU UCHOA BECCO;;;;;Colisão Transversal;Não Iluminada;Bom;Seca;;;;0;0;2;1;0;0;0;0;0;0;0;0;;;;;
254964;20;7;2015;17:10;17412;RUA ALBERTO MAGNO;RUA BAR SOBRAL;;;;Colisão Lateral;Luz do Dia;Bom;Seca;Cruz;Semáforo;Comercial;0;0;2;1;1;0;0;0;0;0;0;0;-38,552417;-3,767991;;;
254965;20;7;2015;16:00;6724;AV SANTOS DUMONT;AV ENG SANTANA JUNIOR;;;;Colisão Lateral;Luz do Dia;Bom;Seca;Cruz;Pare;Comercial;0;0;2;0;1;0;1;0;0;0;0;0;-38,485132;-3,740506;;;
254966;20;7;2015;06:10;7976;AV JOAO PESSOA;RUA MAJ WEYNE;;;;Colisão Transversal;Luz do Dia;Bom;Seca;Cruz;Semáforo;Comercial;0;0;2;0;1;0;0;0;0;0;0;0;-38,545334;-3,747841;;;
254967;20;7;2015;12:50;0;AV PONTES VIEIRA;;;220;;Colisão Lateral;Luz do Dia;Bom;Seca;Meio de Quadra;Não Há Controle;Comercial;0;1;1;0;1;1;0;0;0;0;0;0;-38,518725;-3,753367;;;
254968;20;7;2015;19:50;0;AV BEIRA MAR;;;2560;;Colisão Lateral;Via Iluminada;Bom;Seca;Meio de Quadra;Outros;Comercial;0;1;1;0;1;1;0;0;0;0;0;0;-38,498040;-3,725408;;;
254969;20;7;2015;06:00;5370;RUA PRC ISABEL;RUA METON DE ALENCAR;;;;Colisão;Luz do Dia;Bom;Seca;Cruz;Pare;Comercial;1;0;1;0;0;1;0;1;0;0;0;0;-38,536973;-3,731614;;;
263950;20;7;2015;06:42;0;AV GAL OSORIO DE PAIVA;;;;;Colisão;Luz do Dia;;;Meio de Quadra;;;0;1;1;1;0;1;0;0;0;0;0;0;-38,604625;-3,807352;;;
263951;20;7;2015;07:12;4082;RUA CEARA;AV JOAO PESSOA;;;;Colisão;Luz do Dia;;;T;Semáforo;Comercial;0;1;1;1;0;0;0;0;0;1;0;0;-38,558244;-3,763434;;;
263952;20;7;2015;07:17;2326;AV PRS CASTELO BRANCO;RUA SEN ROBERT KENNEDY;;;;Colisão;Luz do Dia;;;Cruz;Semáforo;Residencial;0;1;1;1;0;0;0;0;0;1;0;0;-38,579042;-3,704117;;;
263953;20;7;2015;08:28;0;AV PRS CASTELO BRANCO;;;;;Atropelamento;Luz do Dia;;;Meio de Quadra;;;0;1;1;1;0;0;0;0;0;0;0;0;;;;;
263960;20;7;2015;09:13;0;AV GAL OSORIO DE PAIVA;;;;;Colisão;Luz do Dia;;;Meio de Quadra;;;0;1;1;1;0;0;0;0;0;1;0;0;;;;;
263961;20;7;2015;10:56;0;AV DR THEBERGE;;;;;Colisão;Luz do Dia;;;Meio de Quadra;;;0;1;1;1;0;0;0;0;0;1;0;0;-38,566289;-3,718719;;;
263117;20;7;2015;10:42;0;AV GODOFREDO MACIEL;;;;;Colisão;Luz do Dia;;;Meio de Quadra;;;0;0;2;1;0;0;1;0;0;0;0;0;;;;;
263981;20;7;2015;22:08;3481;RUA CAP HUGO BEZERRA;RUA PARAISO;;;;Colisão;;;;Cruz;Pare;Comercial;0;1;1;1;0;0;0;0;0;1;0;0;-38,510990;-3,820611;;;
263971;20;7;2015;16:13;7875;AV PONTES VIEIRA;AV SEN VIRGILIO TAVORA;;;;Queda;Luz do Dia;;;T;Semáforo;Comercial;0;1;0;0;0;0;0;0;0;1;0;0;-38,497652;-3,750886;;;
263972;20;7;2015;16:28;0;AV MR HULL;;;;;Colisão;Luz do Dia;;;Meio de Quadra;;;0;1;0;0;0;0;0;0;0;1;0;0;;;;;
263974;20;7;2015;19:06;0;AV ROGACIANO LEITE;;;;;Atropelamento;;;;Meio de Quadra;;;0;1;1;0;0;0;0;0;0;1;0;0;-38,498501;-3,771909;;;
263975;20;7;2015;20:24;15238;RUA TEN BENEVOLO;RUA BAR ARACATI;;;;Colisão;;;;Cruz;Pare;Comercial;0;1;0;0;0;0;0;0;0;1;0;0;-38,510266;-3,727628;;;
263976;20;7;2015;22:05;832;RUA DR PEDRO ROCHA;RUA DR AMADEU SA;;;;Colisão;;;;;;;0;1;1;1;0;0;0;0;0;1;0;0;-38,517396;-3,775019;;;
263965;20;7;2015;13:48;15951;AV FRE CIRILO;RUA PDE PEDRO DE ALENCAR;;;;Colisão;Luz do Dia;;;T;Não Há Controle;Comercial;0;1;0;0;0;0;0;0;0;1;0;0;-38,493485;-3,827783;;;
263966;20;7;2015;14:01;411;RUA PRO VIEIRA;RUA CURITIBA;;;;Colisão;Luz do Dia;;;Cruz;Não Há Controle;Residencial;0;1;1;1;0;0;0;0;0;1;0;0;-38,594380;-3,754678;;;
263968;20;7;2015;15:04;6983;AV CONTORNO SUL D71;RUA PEDRO CABRAL;;;;Colisão;Luz do Dia;;;;;;0;1;1;1;0;0;0;0;0;1;0;0;-38,589165;-3,818544;;;
269778;20;7;2015;21:36;2758;RUA MARIA JULIA;RUA OSCAR FRANCA;;;;Colisão;;;;Cruz;Pare;Residencial;0;0;2;0;0;0;0;0;0;0;0;0;-38,599725;-3,791890;;;
269780;20;7;2015;22:36;0;AV BAR STUDART;;;706;;Colisão;;;;Meio de Quadra;;;0;0;2;0;0;0;0;0;0;0;0;0;-38,505149;-3,730146;;;