COD_ACIDENTE;DIA;MES;ANO;HORA;INTERSECAO;LOG1;LOG2;LOG3;NUMERO;REFERENCIA;NATUREZA;ILUMINACAO;TEMPO;SUPERFICIEPISTA;TIPOCRUZAMENTO;CONTROLETRAFEGO;USOSOLO;MORTOS;FERIDOS;ILESOS;AUTOMOVEL;ONIBUS;BICICLETA;CAMINHAO;MICROONIBUS;CICLOMOTOR;MOTOCICLETA;TRACAOANIMAL;TREM;LONG;LAT;;;
269786;20;7;2015;22:37;0;RUA CEL MATOS DOURADO;;;685;;Colisão;;;;Meio de Quadra;;;0;0;2;0;0;0;0;0;0;0;0;0;-38,584869;-3,745012;;;
264316;20;7;2015;11:30;0;AV PRS COSTA E SILVA;;;394;;Colisão;Luz do Dia;;;Meio de Quadra;;;1;0;1;1;0;0;0;0;0;1;0;0;;;;;
270149;20;7;2015;02:00;5072;AV TRISTAO GONCALVES;RUA CASTRO E SILVA;;;;Atropelamento;;;;Cruz;Pare;Comercial;0;0;2;0;0;0;0;0;0;0;0;0;-38,531768;-3,722330;;;
254961;20;7;2015;18:40;15282;RUA TIBURCIO CAVALCANTE;RUA CANUTO DE AGUIAR;;;;Colisão Transversal;Via Iluminada;Bom;Seca;Cruz;Pare;Residencial;0;0;2;1;0;0;0;0;0;0;0;0;-38,500359;-3,729044;;;
269794;21;7;2015;12:03;4251;AV FRANCISCO SA;RUA MARIO STUDART;;;;Colisão;Luz do Dia;;;T;Pare;Misto;0;0;2;0;0;0;0;0;0;0;0;0;-38,550501;-3,719680;;;
269796;21;7;2015;16:25;0;RUA 08 UI 509;;;141;;Colisão;Luz do Dia;;;Meio de Quadra;;;0;0;2;0;0;0;0;0;0;0;0;0;-38,591591;-3,805588;;;
269798;21;7;2015;16:47;0;AV SIQUEIRA CAMPOS;;;1193;;Colisão;Luz do Dia;;;Meio de Quadra;;;0;0;2;0;0;0;0;0;0;0;0;0;-38,626837;-3,814615;;;
263986;21;7;2015;09:49;0;AV PERIMETRAL;;;;;Colisão;Luz do Dia;;;Meio de Quadra;;;0;1;0;0;0;0;0;0;0;0;0;0;;;;;
263987;21;7;2015;12:05;0;RUA 43 CJ JOSE WALTER;;;;;Atropelamento;Luz do Dia;;;Meio de Quadra;;;0;1;1;0;0;0;1;0;0;0;0;0;-38,555148;-3,824829;;;
263991;21;7;2015;12:33;9131;AV 13 DE MAIO;AV LUCIANO CARNEIRO;;;;Colisão;Luz do Dia;;;;;;0;1;1;1;0;0;0;0;0;1;0;0;-38,531331;-3,747615;;;
263992;21;7;2015;14:28;0;RUA STA LUZIA;;;;;Colisão;Luz do Dia;;;Meio de Quadra;;;0;1;1;1;0;0;0;0;0;1;0;0;;;;;
263993;21;7;2015;14:59;2469;AV 20 DE JANEIRO;RUA ALBERTO DE OLIVEIRA;;;;Colisão;Luz do Dia;;;Cruz;Pare;Misto;0;1;1;1;0;0;0;0;0;1;0;0;-38,575648;-3,708286;;;
263996;21;7;2015;15:10;0;AV SEN CARLOS JEREISSATI (AEROPORTO);;;;;Colisão;Luz do Dia;;;Meio de Quadra;;;0;1;1;1;0;0;0;0;0;1;0;0;;;;;
263997;21;7;2015;15:25;0;RUA PDE PEDRO DE ALENCAR;;;;;Colisão;Luz do Dia;;;Meio de Quadra;;;0;1;1;1;0;0;0;0;0;1;0;0;;;;;
263999;21;7;2015;15:32;0;AV CARAPINIMA;;;;;Queda;Luz do Dia;;;Meio de Quadra;;;0;1;0;0;0;0;0;0;0;1;0;0;-38,537848;-3,737790;;;
264006;21;7;2015;18:42;0;AV SGT HERMINIO SAMPAIO;;;;;Colisão;;;;Meio de Quadra;;;0;1;1;1;0;0;0;0;0;1;0;0;-38,561502;-3,726552;;;
263982;21;7;2015;04:14;0;RUA HOLANDA;;;;;Queda;;;;Meio de Quadra;;;0;1;0;0;0;0;0;0;0;1;0;0;;;;;
263983;21;7;2015;06:09;0;AV WASHINGTON SOARES;;;;;Queda;Luz do Dia;;;Meio de Quadra;;;0;1;0;0;0;1;0;0;0;0;0;0;;;;;
263984;21;7;2015;07:33;0;AV JOAO PESSOA;;;;;Colisão;Luz do Dia;;;Meio de Quadra;;;0;1;1;1;0;0;0;0;0;1;0;0;-38,552781;-3,756100;;;
263144;21;7;2015;11:19;0;AV PRS CASTELO BRANCO;;;;;Colisão;Luz do Dia;;;Meio de Quadra;;;0;0;2;1;0;0;1;0;0;0;0;0;;;;;
254991;21;7;2015;15:00;15347;AV DOM LUIS;RUA TIBURCIO CAVALCANTE;;;;Colisão Lateral;Luz do Dia;Bom;Seca;Outros;Semáforo;Comercial;0;0;2;1;1;0;0;0;0;0;0;0;-38,501313;-3,732021;;;
254997;21;7;2015;12:50;7762;AV ANTONIO SALES;RUA NUNES VALENTE;;;;Colisão Transversal;Luz do Dia;Bom;Seca;Cruz;Pare;Residencial;0;0;2;1;0;0;0;0;0;0;0;0;-38,506314;-3,744237;;;
254995;21;7;2015;15:50;0;AV MON TABOSA;;;;;Colisão Traseira;Luz do Dia;Bom;Seca;Meio de Quadra;Não Há Controle;Comercial;0;0;2;1;0;0;0;0;0;1;0;0;;;;;
254993;21;7;2015;15:47;0;AV DOM MANUEL;;;511;;Colisão Lateral;Luz do Dia;Bom;Seca;Meio de Quadra;Semáforo;Residencial;0;0;2;1;0;0;1;0;0;0;0;0;-38,521225;-3,728696;;;
255004;21;7;2015;16:30;0;RUA BAR ARATANHA;;;1300;;Colisão Lateral;Luz do Dia;Bom;Seca;Meio de Quadra;Não Há Controle;Comercial;0;0;2;1;0;0;0;0;0;0;0;0;-38,530214;-3,744371;;;
255002;21;7;2015;11:45;5419;RUA NOGUEIRA ACIOLI;RUA FIUZA DE PONTES;;;;Colisão Transversal;Luz do Dia;Bom;Seca;Cruz;Pare;Residencial;0;0;2;1;0;0;0;0;0;0;0;0;-38,517884;-3,733368;;;
255010;21;7;2015;14:05;12666;AV CEL CARVALHO;RUA ROSINHA SAMPAIO;;;;Colisão Lateral;Luz do Dia;Bom;Seca;Cruz;Pare;Comercial;0;0;2;1;1;0;0;0;0;0;0;0;-38,585413;-3,726938;;;
255021;21;7;2015;09:40;0;AV ALBERTO CRAVEIRO;;;1515;;Colisão Lateral;Luz do Dia;Nublado;Seca;Meio de Quadra;Não Há Controle;Comercial;0;1;1;0;1;0;0;0;0;0;1;0;-38,517751;-3,793803;;;
255006;21;7;2015;08:30;0;AV GAL OSORIO DE PAIVA;;;4059;;Colisão Lateral;Luz do Dia;Nublado;Seca;Meio de Quadra;Não Há Controle;Comercial;0;0;2;1;0;0;1;0;0;0;0;0;-38,590239;-3,792568;;;
255008;21;7;2015;13:45;0;AV CEL CARVALHO;;;2798;;Colisão Lateral;Luz do Dia;Bom;Seca;Meio de Quadra;Outros;Comercial;0;0;2;1;0;0;0;0;0;1;0;0;-38,585254;-3,727527;;;
255053;21;7;2015;08:20;0;AV BEIRA MAR;;;4050;;Colisão Transversal;Luz do Dia;Bom;Seca;Meio de Quadra;Não Há Controle;Comercial;0;0;2;1;0;0;0;0;0;0;0;0;-38,484328;-3,723239;;;
255054;21;7;2015;18:30;0;RUA ANTONIO AUGUSTO;;;1080;;Colisão Lateral;Via Iluminada;Bom;Seca;Meio de Quadra;Não Há Controle;Comercial;0;0;2;1;0;0;1;0;0;0;0;0;-38,513327;-3,729910;;;
255055;21;7;2015;15:20;5711;AV OLIVEIRA PAIVA;RUA CHICO LEMOS;;;;Colisão Lateral;Luz do Dia;Bom;Seca;Cruz;Semáforo;Comercial;0;0;2;1;0;0;0;0;0;0;0;0;-38,497091;-3,795857;;;
255051;21;7;2015;23:25;12842;RUA CARLOS GOMES;RUA JAIME BENEVOLO;;;;Outros;Via Iluminada;Bom;Seca;Cruz;Pare;Residencial;0;1;0;1;0;0;0;0;0;0;0;0;-38,528298;-3,740955;;;
255046;21;7;2015;09:30;15909;RUA PDE PEDRO DE ALENCAR;RUA VENEZA;;;;Colisão Transversal;Luz do Dia;Bom;Seca;Duplo T;Pare;Residencial;0;0;2;1;0;0;0;0;0;0;0;0;-38,494157;-3,836296;;;
255049;21;7;2015;12:00;22000;RUA ALEXANDRE BARAUNA;RUA FRE MARCELINO;;;;Colisão Transversal;Luz do Dia;;;Cruz;Pare;Residencial;0;0;2;1;0;0;0;0;0;0;0;0;-38,554232;-3,745701;;;
255084;21;7;2015;08:00;20042;AV DEP PAULINO ROCHA;AV ALBERTO CRAVEIRO;;;;Colisão Lateral;Luz do Dia;Bom;Seca;Rotatória;Pare;Comercial;0;0;2;1;0;0;1;0;0;0;0;0;-38,524782;-3,807229;;;
255085;21;7;2015;07:00;0;AV JOAO DE ARAUJO LIMA;;;119;;Colisão Lateral;Luz do Dia;Bom;Seca;Meio de Quadra;Outros;Misto;0;0;2;1;0;0;0;0;0;0;0;0;-38,558375;-3,822456;;;
255069;21;7;2015;12:00;13935;RUA VER PEDRO PAULO MOREIRA;RUA GAL CAIADO DE CASTRO;;;;Colisão Transversal;Luz do Dia;Bom;Seca;Cruz;Pare;Misto;0;0;2;1;0;0;0;0;0;0;0;0;-38,488961;-3,786953;;;
255095;21;7;2015;11:00;7781;AV ANTONIO SALES;AV DES MOREIRA;;;;Colisão Traseira;Luz do Dia;Bom;Seca;Cruz;Semáforo;Comercial;0;0;2;1;0;0;0;1;0;0;0;0;-38,501410;-3,745744;;;
255090;21;7;2015;10:30;5424;RUA METON DE ALENCAR;RUA BAR RIO BRANCO;;;;Colisão Traseira;Luz do Dia;Bom;Seca;Cruz;Pare;Comercial;0;0;2;1;0;0;0;0;0;1;0;0;-38,530563;-3,733701;;;
255092;21;7;2015;06:05;2573;AV FRANCISCO SA;RUA GRACA ARANHA;;;;Colisão Frontal;Luz do Dia;Bom;Seca;Cruz;Pare;Residencial;0;1;2;1;1;0;0;0;0;1;0;0;-38,574359;-3,711611;;;
259529;21;7;2015;16:16;0;RD CE-040;;;;KM-05;Colisão;Luz do Dia;Bom;Seca;Meio de Quadra;Não Há Controle;Comercial;0;1;3;1;0;0;0;0;0;1;0;0;-38,480349;-3,790876;;;
259530;21;7;2015;17:40;0;RD CE-040;;;;KM-06;Colisão;Anoitecer;Bom;Seca;Meio de Quadra;Não Há Controle;Comercial;0;1;1;1;0;0;0;0;0;1;0;0;-38,478781;-3,811270;;;
255103;21;7;2015;21:00;3368;RUA AMAZONAS;RUA RIO GRANDE DO SUL;;;;Colisão Transversal;Via Iluminada;Outros;Seca;Cruz;Pare;Residencial;0;2;1;1;0;0;0;0;0;1;0;0;-38,564164;-3,753306;;;
255099;21;7;2015;14:50;22082;RUA CAP FRANCISCO PEDRO;RUA ALEXANDRE BARAUNA;;;;Colisão Transversal;Luz do Dia;Bom;Seca;Cruz;Pare;Comercial;0;0;2;0;0;0;0;0;0;0;0;0;-38,550539;-3,749020;;;
255123;21;7;2015;10:15;0;AV JOSE BASTOS;;;1140;;Colisão Traseira;Luz do Dia;Bom;Seca;Meio de Quadra;Não Há Controle;Comercial;0;0;2;0;1;0;0;0;0;0;0;0;;;;;
255148;21;7;2015;08:10;22951;AV DR SILAS MUNGUBA;RUA DR JUSTA ARAUJO D45;;;;Colisão Lateral;Luz do Dia;Bom;Seca;Cruz;Outros;Comercial;0;0;2;1;0;0;0;0;0;0;0;0;-38,553426;-3,784586;;;
255156;21;7;2015;15:40;0;AV HEROIS DO ACRE;;;;;Colisão Lateral;Luz do Dia;Bom;Seca;Meio de Quadra;Não Há Controle;Residencial;0;1;1;1;0;0;0;0;0;1;0;0;-38,537849;-3,803155;;;
255159;21;7;2015;11:50;13028;RUA 26 CJ JOSE WALTER;RUA 43 CJ JOSE WALTER;;;;Colisão Lateral;Luz do Dia;Bom;Seca;T;Pare;Residencial;0;1;1;0;0;1;1;0;0;0;0;0;-38,555548;-3,826144;;;
255164;21;7;2015;09:40;0;AV N CJ JOSE WALTER;;;1830;;Colisão Lateral;Luz do Dia;Nublado;Seca;Meio de Quadra;Não Há Controle;Misto;0;0;2;1;0;0;0;0;0;1;0;0;-38,561695;-3,838012;;;
255162;21;7;2015;15:00;0;AV ALBERTO CRAVEIRO;;;466;;Colisão Traseira;Luz do Dia;Bom;Seca;Outros;Gesto;Comercial;0;0;2;1;0;0;0;0;0;0;0;0;-38,516560;-3,782812;;;
255172;21;7;2015;10:40;0;AV SEN FERNANDES TAVORA;;;387;;Colisão Lateral;Luz do Dia;Bom;Seca;Meio de Quadra;Semáforo;Comercial;0;0;2;1;1;0;0;0;0;0;0;0;-38,576470;-3,765241;;;
255188;21;7;2015;14:00;15168;RUA ANTONIO AUGUSTO;RUA PDE CLIMERIO;;;;Colisão Lateral;Luz do Dia;Bom;Seca;Cruz;Não Há Controle;Residencial;0;0;2;1;0;0;0;0;0;0;0;0;-38,511892;-3,725368;;;
255185;21;7;2015;09:00;15366;RUA PEREIRA VALENTE;RUA PRO DIAS DA ROCHA;;;;Colisão Transversal;Luz do Dia;Nublado;Seca;Cruz;Pare;Comercial;0;0;2;1;0;0;0;0;0;0;0;0;-38,491243;-3,734132;;;
255097;21;7;2015;11:15;0;RUA FRE MANSUETO;;;934;;;Luz do Dia;Bom;Seca;Meio de Quadra;Semáforo;Comercial;0;0;2;1;0;0;0;0;0;0;0;0;-38,488790;-3,732507;;;
259533;22;7;2015;17:45;0;RD CE-040;;;;KM-10;Colisão;Anoitecer;Bom;Seca;Meio de Quadra;;Comercial;0;0;2;1;0;0;0;0;0;0;0;0;-38,480068;-3,838671;;;
255070;22;7;2015;20:15;12603;RUA FENELON BOMILCAR;RUA TULIPA;;;;Colisão Lateral;Via Iluminada;Bom;Seca;Cruz;Pare;Residencial;0;0;2;1;0;0;0;0;0;0;0;0;-38,580157;-3,716114;;;
255072;22;7;2015;09:30;25062;AV DOS EXPEDICIONARIOS;RUA PDE AMBROSIO MACHADO;;;;Colisão Transversal;Luz do Dia;Bom;Seca;Cruz;Pare;Misto;0;1;1;1;0;0;0;0;0;1;0;0;-38,539946;-3,760838;;;
255073;22;7;2015;09:00;1462;RUA JOAO CARVALHO;RUA NUNES VALENTE;;;;Colisão Frontal;Luz do Dia;Nublado;Molhada;Cruz;Pare;Comercial;0;0;2;1;0;0;0;0;0;0;0;0;-38,504491;-3,738599;;;
255086;22;7;2015;20:30;22200;AV SGT HERMINIO SAMPAIO;RUA MAJ VERISSIMO;;;;Colisão Frontal;Anoitecer;Bom;Seca;Cruz;Pare;Comercial;0;1;1;0;0;0;0;0;0;1;0;0;-38,561327;-3,726516;;;
255079;22;7;2015;20:48;0;AV PDE ANTONIO TOMAS;;;180;;Colisão Traseira;Mal Iluminada;Bom;Seca;;;;0;1;1;1;0;0;0;0;0;1;0;0;-38,502032;-3,739394;;;
255081;22;7;2015;21:12;0;AV BEZERRA DE MENEZES;;;2714;HABBIB'S;Colisão Traseira;Via Iluminada;Bom;Seca;Outros;Outros;Comercial;0;0;2;0;1;0;1;0;0;0;0;0;-38,568945;-3,736593;;;
255062;22;7;2015;10:30;20269;AV PRS JUSCELINO KUBITSCHEK (PASSARÉ);RUA ELDORADO;;;;Colisão Transversal;Luz do Dia;Bom;Seca;Cruz;Semáforo;Comercial;0;1;1;1;0;0;0;0;0;1;0;0;-38,531633;-3,816307;;;
255063;22;7;2015;10:20;5433;RUA METON DE ALENCAR;RUA MAJ FACUNDO;;;;Colisão Transversal;Luz do Dia;Bom;Seca;Cruz;Pare;;0;0;2;1;0;0;0;0;0;0;0;0;-38,529899;-3,733917;;;
255064;22;7;2015;06:30;17366;RUA ROMEU MARTINS;RUA EDITE BRAGA;;;;Colisão Transversal;Luz do Dia;Bom;Seca;Cruz;Pare;Residencial;0;1;2;1;0;0;0;0;0;1;0;0;-38,552486;-3,766408;;;
255065;22;7;2015;13:30;0;RUA JOSE VILAR;;;1932;;Colisão Transversal;Luz do Dia;Bom;;Meio de Quadra;;;0;1;3;1;0;0;0;0;0;0;0;0;-38,506394;-3,741144;;;
255059;22;7;2015;;5188;RUA TEN BENEVOLO;RUA NOGUEIRA ACIOLI;;;;Colisão Lateral;Via Iluminada;Bom;Seca;Cruz;Pare;Residencial;0;0;2;1;0;0;0;0;0;0;0;0;-38,515591;-3,725858;;;
255067;22;7;2015;18:00;12837;AV DOMINGOS OLIMPIO;RUA JAIME BENEVOLO;;;;Colisão Lateral;Via Iluminada;Bom;Seca;Cruz;Semáforo;Comercial;0;0;3;1;0;0;1;0;0;0;0;0;-38,527245;-3,737780;;;
255041;22;7;2015;19:00;3387;AV ENG HUMBERTO MONTE;RUA MON FURTADO;;;;Colisão Traseira;Via Iluminada;Bom;Seca;Cruz;Pare;Comercial;0;0;2;1;0;0;0;0;0;0;0;0;-38,556153;-3,754242;;;
255037;22;7;2015;07:40;19683;RUA PRO JOSE DE BARCELOS;RUA AZEVEDO BOLAO;;;;Colisão Lateral;Luz do Dia;Nublado;Seca;Cruz;Pare;Residencial;0;0;2;1;0;0;0;0;0;0;0;0;-38,550610;-3,735196;;;
255031;22;7;2015;15:15;1661;RUA JOAQUIM NABUCO;RUA VICENTE LINHARES;;;;Colisão Lateral;;Bom;Seca;Cruz;Pare;Comercial;0;0;2;1;0;0;0;0;0;0;0;0;-38,503180;-3,741195;;;
255032;22;7;2015;16:30;0;AV ALBERTO CRAVEIRO;;;;;Atropelamento;Luz do Dia;Bom;Seca;Meio de Quadra;Não Há Controle;Comercial;0;1;1;1;0;0;0;0;0;0;0;0;-38,517453;-3,792398;;;
255033;22;7;2015;21:50;19611;AV GODOFREDO MACIEL;RUA NEREU RAMOS;;;;Colisão;Via Iluminada;Bom;Seca;T;Semáforo;Comercial;0;0;2;1;0;0;0;0;0;0;0;0;-38,566802;-3,787250;;;
255034;22;7;2015;10:50;59;RUA TOMAS RODRIGUES;RUA CEL JOAQUIM FRANKLIN;;;;Colisão Transversal;Luz do Dia;Bom;Seca;Cruz;Não Há Controle;Residencial;0;0;2;1;0;0;1;0;0;0;0;0;-38,593540;-3,743315;;;
255026;22;7;2015;14:30;15367;RUA PEREIRA VALENTE;RUA CEL JUCA;;;;Colisão Transversal;Luz do Dia;Bom;Seca;Cruz;Pare;Misto;0;1;1;0;0;0;0;0;0;1;0;0;-38,490267;-3,734439;;;
255027;22;7;2015;06:50;18743;RUA VALPARAISO;RUA CATOLE;;;;Colisão Lateral;Luz do Dia;Nublado;Molhada;Cruz;Pare;Residencial;0;0;2;1;0;0;0;0;0;0;0;0;-38,520171;-3,846407;;;
255028;22;7;2015;18:00;13393;RUA HENRIQUE RABELO;RUA JOAQUIM TORRES;;;;Colisão Lateral Sentido Oposto;Anoitecer;Bom;Seca;Cruz;Pare;Misto;0;0;2;1;0;0;0;0;0;0;0;0;-38,521515;-3,740897;;;
255029;22;7;2015;19:00;0;AV LINEU MACHADO;;;1372;;Colisão Lateral;Via Iluminada;Bom;Seca;Meio de Quadra;Não Há Controle;Residencial;0;0;3;1;0;0;1;1;0;0;0;0;-38,579905;-3,771685;;;
255009;22;7;2015;18:00;0;RUA BERNARDO MANUEL;;;5099;;Colisão;;Bom;Seca;Meio de Quadra;Não Há Controle;Comercial;0;1;1;1;0;0;0;0;0;1;0;0;;;;;
255007;22;7;2015;15:30;11761;AV PRS CASTELO BRANCO;RUA JACINTO MATOS;;;;Colisão Traseira;Luz do Dia;Bom;Seca;Cruz;Pare;Comercial;0;0;2;1;1;0;0;0;0;0;0;0;-38,546333;-3,714630;;;
255014;22;7;2015;17:30;0;RUA EUGENIO GADELHA;;;39;;Colisão Lateral;Luz do Dia;Bom;Seca;Meio de Quadra;Não Há Controle;Residencial;0;0;2;1;0;0;0;0;0;0;0;0;-38,548040;-3,761720;;;
255015;22;7;2015;09:30;5500;RUA PDE VALDEVINO;RUA NOGUEIRA ACIOLI;;;;Colisão Transversal;Luz do Dia;Bom;Seca;Cruz;Semáforo;Comercial;0;0;2;1;0;0;0;0;0;0;0;0;-38,519630;-3,738246;;;
255016;22;7;2015;18:50;5709;AV OLIVEIRA PAIVA;AV DES GONZAGA;;;;Colisão Traseira;Via Iluminada;Bom;Seca;Cruz;Semáforo;Comercial;0;0;2;1;0;0;0;0;0;1;0;0;-38,499953;-3,797165;;;
255022;22;7;2015;16:40;0;AV ABOLICAO;;;4034;;Colisão Lateral;Luz do Dia;Bom;Seca;Meio de Quadra;Não Há Controle;Misto;0;0;2;1;0;0;0;0;0;0;0;0;-38,481040;-3,723520;;;
255024;22;7;2015;14:15;0;RUA BATISTA DE OLIVEIRA;;;1000;;Colisão Lateral;Luz do Dia;Bom;Seca;Meio de Quadra;Não Há Controle;Residencial;0;0;2;1;0;0;0;0;0;0;0;0;-38,482291;-3,746460;;;
255011;22;7;2015;09:00;0;AV SGT HERMINIO SAMPAIO;;;1723;;Colisão Frontal;Luz do Dia;Bom;Seca;Meio de Quadra;Pare;Comercial;0;0;2;1;0;0;0;0;0;0;0;0;-38,556218;-3,725590;;;
255012;22;7;2015;22:30;7923;AV DES MOREIRA;RUA ISAC AMARAL;;;;Colisão Frontal;Via Iluminada;Bom;Seca;Cruz;Semáforo Intermitente;Comercial;0;0;2;1;0;0;0;0;0;1;0;0;-38,503726;-3,753019;;;
255018;22;7;2015;14:20;0;AV CARNEIRO DE MENDONCA;;;728;;Colisão;Luz do Dia;Bom;Seca;Meio de Quadra;Não Há Controle;Comercial;0;1;1;0;0;0;1;0;0;1;0;0;-38,566349;-3,764330;;;
255019;22;7;2015;14:35;0;AV ABOLICAO;;;4043;;Colisão Lateral;Luz do Dia;Bom;Seca;Meio de Quadra;Não Há Controle;Comercial;0;1;1;0;1;1;0;0;0;0;0;0;-38,482742;-3,724670;;;
255020;22;7;2015;13:20;0;AV EDILSON B SOARES;;;2606;;Colisão Lateral;Luz do Dia;Bom;Seca;Meio de Quadra;Não Há Controle;Residencial;0;0;2;1;0;0;0;0;0;0;0;0;-38,462521;-3,787901;;;
255003;22;7;2015;15:02;5332;RUA PEDRO I;RUA SEN POMPEU;;;;Colisão Transversal;Luz do Dia;Bom;Seca;Cruz;Semáforo;Comercial;0;0;3;1;0;0;0;0;0;0;0;0;-38,530728;-3,730553;;;
255000;22;7;2015;06:50;7847;RUA JOSE VILAR;RUA JOAQUIM SA;;;;Colisão Transversal;Via Iluminada;Bom;Seca;Cruz;Pare;Residencial;0;1;1;1;0;0;0;0;0;1;0;0;-38,508665;-3,748119;;;
255001;22;7;2015;14:00;0;TR SOBRAL (PASSARE);;;160;;Colisão Lateral;Luz do Dia;Bom;Seca;Meio de Quadra;Não Há Controle;Comercial;0;0;2;1;0;0;0;0;0;0;0;0;;;;;
255076;22;7;2015;19:30;0;RUA LEONARDO MOTA;;;1420;;Engavetamento;;Bom;Seca;Meio de Quadra;Não Há Controle;Comercial;0;0;3;1;0;0;0;0;0;0;0;0;-38,496936;-3,738565;;;
259094;22;7;2015;11:55;0;RD BR 116;;;2000;KM-02;Outros;Luz do Dia;Bom;Seca;Meio de Quadra;Não Há Controle;Comercial;0;0;2;0;0;0;0;0;0;0;0;0;-38,516780;-3,771391;;;
264009;22;7;2015;01:03;0;RUA TRES MARIAS;;;;;Choque c/ Obstáculo Fixo;;;;Meio de Quadra;;;0;1;0;1;0;0;0;0;0;0;0;0;;;;;
264015;22;7;2015;07:04;0;RUA ROMEU MARTINS;;;;;Colisão;Luz do Dia;;;Meio de Quadra;;;0;1;1;1;0;0;0;0;0;1;0;0;-38,552418;-3,766455;;;
264013;22;7;2015;06:54;0;RUA PDE VALDEVINO;;;;;Colisão;Luz do Dia;;;Meio de Quadra;;;0;1;0;0;0;0;0;0;0;0;0;0;-38,509665;-3,741387;;;
264095;22;7;2015;12:25;0;AV PRS JUSCELINO KUBITSCHEK (PASSARÉ);;;;;Atropelamento;Luz do Dia;;;Meio de Quadra;;;0;1;1;0;0;0;0;0;0;1;0;0;;;;;
264104;22;7;2015;17:26;21478;AV MIN JOSE AMERICO;RUA ELISARIO MENDES;;;;Colisão;Anoitecer;;;Cruz;Não Há Controle;Rural;0;1;1;1;0;0;0;0;0;1;0;0;-38,496335;-3,811474;;;
264097;22;7;2015;14:31;0;AV ALBERTO CRAVEIRO;;;;;Queda;Luz do Dia;;;Meio de Quadra;;;0;1;0;0;0;0;0;0;0;1;0;0;-38,517453;-3,792398;;;
264098;22;7;2015;15:11;0;AV AUGUSTO DOS ANJOS;;;;;Atropelamento;Luz do Dia;;;Meio de Quadra;;;0;1;0;0;0;0;0;0;0;0;0;0;;;;;
264026;22;7;2015;09:50;0;AV DOS EXPEDICIONARIOS;;;42339;;Colisão;Luz do Dia;;;Meio de Quadra;;;0;1;1;1;0;0;0;0;0;1;0;0;;;;;
264023;22;7;2015;08:18;0;AV PRS COSTA E SILVA;;;;;Queda;Luz do Dia;;;Meio de Quadra;;;0;1;0;0;0;0;0;0;0;1;0;0;;;;;
264090;22;7;2015;12:06;0;RUA JOAO BRIGIDO;;;;;Colisão;Luz do Dia;;;Meio de Quadra;;;0;1;1;1;0;0;0;0;0;1;0;0;;;;;
264111;22;7;2015;18:48;0;RUA VINTE E QUATRO DE MAIO;;;;;Queda;;;;Meio de Quadra;;;0;1;0;0;0;1;0;0;0;0;0;0;;;;;
264019;22;7;2015;07:22;0;AV SEN CARLOS JEREISSATI (AEROPORTO);;;;;Colisão;Luz do Dia;;;Meio de Quadra;;;0;1;1;1;0;0;0;0;0;1;0;0;;;;;
264109;22;7;2015;18:13;6969;AV F CJ ESPERANCA;AV B CJ ESPERANCA;;;;Colisão;Anoitecer;;;Cruz;Pare;Misto;0;1;0;0;0;0;0;0;0;0;0;0;-38,588467;-3,817486;;;
264101;22;7;2015;17:04;19776;RUA MOREIRA DE SOUSA;RUA AZEVEDO BOLAO;;;;Atropelamento;Anoitecer;;;Cruz;Pare;Comercial;0;1;0;0;0;0;0;0;0;0;0;0;-38,566735;-3,738489;;;
264106;22;7;2015;18:00;23640;RUA BAR CRATO;RUA POMPEU CAVALCANTE;;;;Colisão;Anoitecer;;;Rotatória;Pare;Residencial;0;1;0;1;0;0;0;0;0;0;0;0;-38,564168;-3,722474;;;
269805;22;7;2015;21:41;0;RUA CON DE CASTRO;;;;;Colisão;;;;Meio de Quadra;;;0;0;2;0;0;0;0;0;0;0;0;0;;;;;
269806;22;7;2015;23:51;23458;RUA PRO CARVALHO;RUA PAULO FIRMEZA;;;;Colisão;;;;Cruz;Pare;Residencial;0;0;2;0;0;0;0;0;0;0;0;0;-38,514078;-3,757232;;;
269802;22;7;2015;10:44;12682;AV CEL CARVALHO;RUA DEP MATOSO FILHO;;;;Colisão;Luz do Dia;;;Cruz;Pare;Residencial;0;0;2;0;0;0;0;0;0;0;0;0;-38,584780;-3,729932;;;
269803;22;7;2015;19:03;0;RUA XAVIER DA SILVEIRA;;;2600;;Colisão;;;;Meio de Quadra;;;0;0;2;0;0;0;0;0;0;0;0;0;-38,613703;-3,791903;;;
264324;22;7;2015;09:20;9243;AV DOS EXPEDICIONARIOS;AV EDUARDO GIRAO;;;;Colisão;Luz do Dia;;;Cruz;Semáforo;Comercial;0;1;0;1;0;0;0;0;0;1;0;0;-38,536849;-3,750712;;;
264333;22;7;2015;23:30;10749;AV SEN FERNANDES TAVORA;RUA PRO HERIBALDO COSTA;;;;Colisão;;;;Cruz;Semáforo;Comercial;0;1;0;1;0;0;0;0;0;1;0;0;-38,584384;-3,761006;;;
264346;22;7;2015;22:58;4875;RUA CON DE CASTRO;RUA JARDIM FLUMINENSE;;;;Colisão;;;;T;Semáforo;Residencial;0;1;1;1;0;0;0;0;0;1;0;0;-38,597948;-3,812831;;;