COD_ACIDENTE;DIA;MES;ANO;HORA;INTERSECAO;LOG1;LOG2;LOG3;NUMERO;REFERENCIA;NATUREZA;ILUMINACAO;TEMPO;SUPERFICIEPISTA;TIPOCRUZAMENTO;CONTROLETRAFEGO;USOSOLO;MORTOS;FERIDOS;ILESOS;AUTOMOVEL;ONIBUS;BICICLETA;CAMINHAO;MICROONIBUS;CICLOMOTOR;MOTOCICLETA;TRACAOANIMAL;TREM;LONG;LAT;;;
264342;22;7;2015;21:16;0;RUA GERMANO FRANCK;;;;;Colisão;;;;Meio de Quadra;;;0;1;1;1;0;0;0;0;0;1;0;0;-38,563902;-3,778830;;;
264343;23;7;2015;18:30;5490;AV DOM MANUEL;AV AGUANAMBI;;;;Colisão;Anoitecer;;;;;;0;1;0;1;0;0;0;0;0;1;0;0;-38,523967;-3,736873;;;
264349;23;7;2015;01:30;0;AV ALM BARROSO;;;;;Colisão;;;;Meio de Quadra;;;0;1;1;1;0;0;0;0;0;1;0;0;-38,518373;-3,720616;;;
264337;23;7;2015;16:30;245;RUA DOM LINO;RUA GAL BERNARDO FIGUEIREDO;;;;Outros;Luz do Dia;;;Cruz;Pare;Misto;0;1;0;1;0;0;0;0;0;0;0;0;-38,556267;-3,740582;;;
264376;23;7;2015;05:45;14723;RUA UIRAPURU;RUA FRANCFORT;;;;Queda;Amanhecer;;;;;;0;1;0;0;0;0;0;0;0;1;0;0;-38,581627;-3,795490;;;
264378;23;7;2015;08:29;0;RUA BAR CRATO;;;;;Colisão;Luz do Dia;;;Meio de Quadra;;;0;1;1;1;0;0;0;0;0;1;0;0;-38,559693;-3,721279;;;
264379;23;7;2015;08:54;0;RUA PERNAMBUCO;;;;;Colisão;Luz do Dia;;;Meio de Quadra;;;0;1;1;1;0;0;0;0;0;1;0;0;-38,572498;-3,757376;;;
264380;23;7;2015;09:14;0;RUA NOSSA SRA DAS GRACAS;;;;;Atropelamento;Luz do Dia;;;Meio de Quadra;;;0;1;1;0;0;0;0;0;0;1;0;0;-38,561503;-3,707743;;;
264381;23;7;2015;10:41;0;AV CONTORNO SUL;;;123;;Colisão;Luz do Dia;;;Meio de Quadra;;;0;1;1;1;0;0;0;0;0;1;0;0;-38,519786;-3,837741;;;
264382;23;7;2015;12:50;0;AV PERIMETRAL;;;998;;Colisão;Luz do Dia;;;Meio de Quadra;;;0;1;1;1;0;0;0;0;0;1;0;0;;;;;
264387;23;7;2015;15:09;24229;AV ENG SANTANA JUNIOR;AV ENG ALBERTO SA;;;;Colisão;Luz do Dia;;;Cruz;Semáforo;Comercial;0;1;1;1;0;0;0;0;0;1;0;0;-38,480624;-3,733357;;;
264388;23;7;2015;16:07;0;AV GAL OSORIO DE PAIVA;;;;;Atropelamento;Luz do Dia;;;Meio de Quadra;;;0;1;1;0;0;0;0;0;0;1;0;0;-38,564003;-3,773612;;;
264384;23;7;2015;14:14;0;RUA PORTO VELHO;;;;;Queda;Luz do Dia;;;Meio de Quadra;;;0;1;0;0;0;0;0;0;0;1;0;0;-38,582568;-3,768351;;;
264385;23;7;2015;14:54;0;AV CENTRAL CJ CEARA;;;;;Colisão;Luz do Dia;;;;;;0;1;1;1;0;0;0;0;0;1;0;0;;;;;
269818;23;7;2015;10:00;0;RUA C CJ LUCIANO CALV;;;;;Colisão;Luz do Dia;;;Meio de Quadra;;;0;0;2;0;0;0;0;0;0;0;0;0;;;;;
269826;23;7;2015;10:41;7497;RUA PEDRO DANTAS;RUA BOA VENTURA;;;;Colisão;Luz do Dia;;;Cruz;Não Há Controle;Misto;0;0;2;0;0;0;0;0;0;0;0;0;-38,523885;-3,785562;;;
269828;23;7;2015;10:47;1510;RUA JOSE VILAR;AV JULIO VENTURA;;;;Colisão;Luz do Dia;;;Cruz;Semáforo;Comercial;0;0;2;0;0;0;0;0;0;0;0;0;-38,506014;-3,739985;;;
269829;23;7;2015;10:59;0;AV JOSE BASTOS;;;2700;;Colisão;Luz do Dia;;;Meio de Quadra;;;0;0;2;0;0;0;0;0;0;0;0;0;;;;;
269831;23;7;2015;11:03;3218;RUA TAQUARI;RUA THOMPSON GONCALVES;;;;Colisão;Luz do Dia;;;;;;0;0;2;0;0;0;0;0;0;0;0;0;-38,582499;-3,781659;;;
269832;23;7;2015;11:15;3789;RUA WALDERY UCHOA;AV 13 DE MAIO;;;;Colisão;Luz do Dia;;;Cruz;Pare;Comercial;0;0;2;0;0;0;0;0;0;0;0;0;-38,537427;-3,742399;;;
269836;23;7;2015;11:28;9246;AV 13 DE MAIO;RUA BAR RIO BRANCO;;;;Colisão;Luz do Dia;;;Cruz;Semáforo;Comercial;0;0;2;0;0;0;0;0;0;0;0;0;-38,534255;-3,745129;;;
269838;23;7;2015;12:50;12426;RUA RIBEIRO LEITAO;AV SEN FERNANDES TAVORA;;;;Colisão;Luz do Dia;;;Cruz;Pare;Residencial;0;0;2;0;0;0;0;0;0;0;0;0;-38,578199;-3,764304;;;
269839;23;7;2015;12:54;0;RUA CANINDE D48;;;490;;Colisão;Luz do Dia;;;Meio de Quadra;;;0;0;2;0;0;0;0;0;0;0;0;0;;;;;
269843;23;7;2015;12:55;0;RUA ROSA MISTICA;;;239;;Colisão;Luz do Dia;;;Meio de Quadra;;;0;0;2;0;0;0;0;0;0;0;0;0;;;;;
269874;23;7;2015;20:59;5490;RUA PDE VALDEVINO;AV AGUANAMBI;;;;Colisão;;;;;;;0;0;2;0;0;0;0;0;0;0;0;0;-38,523967;-3,736873;;;
269877;23;7;2015;23:10;15200;RUA DEP MOREIRA DA ROCHA;RUA CARLOS VASCONCELOS;;;;Colisão;;;;Cruz;Semáforo;Residencial;0;0;2;0;0;0;0;0;0;0;0;0;-38,508724;-3,726560;;;
269869;23;7;2015;17:31;0;RUA COELHO NETO;;;169;;Colisão;Anoitecer;;;Meio de Quadra;;;0;0;2;0;0;0;0;0;0;0;0;0;;;;;
269866;23;7;2015;16:50;6112;AV A CJ CEARA;AV F CJ CEARA;;;;Colisão;Luz do Dia;;;Cruz;Não Há Controle;Misto;0;0;2;0;0;0;0;0;0;0;0;0;-38,603189;-3,767855;;;
263169;23;7;2015;20:39;6788;RUA DES WALDETARIO P MOTA;AV SANTOS DUMONT;;;;Colisão;;;;Cruz;Semáforo;Misto;0;0;2;0;1;0;0;0;0;0;0;0;-38,483309;-3,741093;;;
263155;23;7;2015;13:58;0;AV AUGUSTO DOS ANJOS;;;;;Colisão;Luz do Dia;;;Meio de Quadra;;;0;0;2;1;1;0;0;0;0;0;0;0;;;;;
255036;23;7;2015;18:40;1451;RUA ANTONIO AUGUSTO;RUA ROCHA LIMA;;;;Colisão Lateral;Via Iluminada;Bom;Seca;Cruz;Pare;Residencial;0;1;1;0;0;0;0;0;1;0;0;0;-38,516207;-3,738344;;;
255040;23;7;2015;19:10;1358;AV DES MOREIRA;AV SANTOS DUMONT;;;;Colisão;Via Iluminada;Bom;Seca;Cruz;Semáforo;Comercial;0;1;1;1;0;1;0;0;0;0;0;0;-38,498365;-3,736226;;;
255066;23;7;2015;11:00;22124;RUA PRO COSTA MENDES;RUA MAJ PEDRO SAMPAIO;;;;Colisão Transversal;Luz do Dia;Bom;Seca;Cruz;Pare;Comercial;0;0;2;1;0;0;0;1;0;0;0;0;-38,554665;-3,747674;;;
255056;23;7;2015;18:00;0;RUA PRO CARLOS LOBO;;;350;;Colisão Transversal;Via Iluminada;Bom;Seca;Meio de Quadra;;Comercial;0;1;1;1;0;0;0;0;0;1;0;0;-38,482297;-3,795100;;;
255080;23;7;2015;10:00;0;RUA ALBERTO MAGNO;;;1038;;Colisão Lateral;;Bom;Seca;Meio de Quadra;Não Há Controle;Comercial;0;1;1;1;0;0;0;0;0;1;0;0;-38,549336;-3,764159;;;
255058;23;7;2015;14:00;0;AV GOV RAUL BARBOSA;;;;;Colisão Lateral;Luz do Dia;Bom;Seca;Meio de Quadra;;Comercial;0;0;2;0;0;0;1;0;0;0;0;0;;;;;
255075;23;7;2015;05:50;26050;RUA GURGEL DO AMARAL;RUA MARQ SANTOS;;;;Colisão Lateral;Amanhecer;Bom;Seca;T;Pare;Residencial;0;1;1;1;0;0;0;0;0;1;0;0;-38,486088;-3,835739;;;
259541;23;7;2015;16:20;0;RD CE-040;;;;KM-06;Colisão;Luz do Dia;Bom;Seca;Meio de Quadra;;Comercial;0;0;2;1;0;0;0;0;0;0;0;0;-38,478781;-3,811270;;;
259538;23;7;2015;11:00;0;RD CE-040;;;;KM-05;Colisão;Luz do Dia;Bom;Seca;Meio de Quadra;;Comercial;0;0;2;1;0;0;0;0;0;0;0;0;-38,480349;-3,790876;;;
255184;23;7;2015;14:00;15346;RUA PEREIRA VALENTE;RUA VIS MAUA;;;;Colisão Lateral;Luz do Dia;Bom;Seca;Cruz;Pare;Residencial;0;0;3;1;0;0;0;0;0;0;0;0;-38,498067;-3,731927;;;
255177;23;7;2015;18:30;14967;AV GODOFREDO MACIEL;RUA JULIO ALCIDES;;;;Colisão Lateral;Anoitecer;Bom;Seca;T;Pare;Comercial;0;0;2;1;0;0;1;0;0;0;0;0;-38,566785;-3,787856;;;
255181;23;7;2015;16:40;15245;AV ANTONIO JUSTA;RUA LEONARDO MOTA;;;;Colisão Transversal;Luz do Dia;Bom;Seca;Cruz;Pare;Comercial;0;1;1;1;0;0;0;0;0;1;0;0;-38,493542;-3,727945;;;
255171;23;7;2015;13:00;0;AV GODOFREDO MACIEL;;;;;;Luz do Dia;Bom;Seca;Meio de Quadra;Semáforo;Comercial;0;0;2;0;0;0;1;0;1;0;0;0;;;;;
255169;23;7;2015;09:40;0;RUA BARBOSA DE FREITAS;;;1990;;Colisão Lateral;Luz do Dia;Bom;Seca;Meio de Quadra;Não Há Controle;Residencial;0;0;2;1;0;0;0;0;0;0;0;0;-38,499602;-3,743532;;;
255122;23;7;2015;09:05;0;AV PRO GOMES DE MATOS;;;1835;;Colisão Lateral;Luz do Dia;Bom;Seca;Meio de Quadra;Não Há Controle;Comercial;0;0;2;0;0;0;1;0;0;0;0;0;-38,550970;-3,767385;;;
255105;23;7;2015;08:50;15104;AV HIS RAIMUNDO GIRAO;RUA ILDEFONSO ALBANO;;;;Colisão Lateral;Luz do Dia;Bom;Seca;Cruz;Semáforo;Residencial;0;0;2;1;0;0;0;0;0;0;0;0;-38,509542;-3,721603;;;
255113;23;7;2015;08:00;4219;RUA BAR CRATO;RUA DR ALMEIDA FILHO;;;;Colisão Transversal;Luz do Dia;Bom;Seca;Cruz;Pare;Comercial;0;1;1;1;0;0;0;0;0;1;0;0;-38,559614;-3,721259;;;
255116;23;7;2015;23:00;13544;RUA DR JOSE LOURENCO;RUA JULIO SIQUEIRA;;;;Colisão Lateral;;Bom;Seca;Cruz;Pare;Comercial;0;1;1;1;0;0;0;0;0;0;0;0;-38,512200;-3,748473;;;
255128;23;7;2015;21:10;25769;AV DR SILAS MUNGUBA;RUA CORUMBA;;;;Colisão Lateral;;;;T;Pare;Comercial;0;0;2;1;0;0;0;0;1;0;0;0;-38,530014;-3,801188;;;
255112;24;7;2015;20:30;9153;RUA PAULA RODRIGUES;AV 13 DE MAIO;;;;Colisão Transversal;Via Iluminada;Bom;Seca;T;Semáforo;Outros;0;0;2;0;0;0;0;0;0;0;0;0;-38,525876;-3,752271;;;
255115;24;7;2015;18:30;0;AV SANTOS DUMONT;;;5303;;Colisão Lateral;Via Iluminada;Bom;Seca;Meio de Quadra;Semáforo;Comercial;0;1;1;1;0;0;0;0;0;1;0;0;;;;;
255100;24;7;2015;06:10;4828;RUA CON DE CASTRO;RUA LAGO DO TANQUE;;;;Colisão Lateral;Luz do Dia;Bom;Seca;Cruz;Pare;Residencial;0;1;1;0;1;0;0;0;0;1;0;0;-38,595300;-3,808795;;;
255107;24;7;2015;16:15;14807;RUA JOAO AREAS;RUA CREUSA ROQUE;;;;Colisão Frontal;Luz do Dia;Bom;Seca;T;Pare;Residencial;0;1;1;0;0;0;1;0;0;1;0;0;-38,576292;-3,800789;;;
255121;24;7;2015;20:20;0;AV DOMINGOS OLIMPIO;;;1536;;Colisão Lateral;Via Iluminada;Bom;Seca;Meio de Quadra;Semáforo;Comercial;0;2;0;1;1;0;0;0;0;0;0;0;;;;;
255119;24;7;2015;10:58;1332;AV DOM LUIS;RUA CEL LINHARES;;;;Colisão Lateral;Luz do Dia;Bom;Seca;Cruz;Pare;Comercial;0;1;1;1;1;0;0;0;0;0;0;0;-38,493503;-3,734513;;;
255125;24;7;2015;15:00;8125;RUA MANUEL DE QUEIROZ;RUA BENTO ALBUQUERQUE;;;;Colisão Transversal;Luz do Dia;Bom;Seca;Cruz;Pare;Comercial;0;1;1;1;0;0;0;0;0;0;0;0;-38,467393;-3,748837;;;
255149;24;7;2015;15:30;0;AV AUGUSTO DOS ANJOS;;;517;;Engavetamento;Luz do Dia;Bom;Seca;Meio de Quadra;Semáforo;Comercial;0;0;2;1;0;0;0;0;0;0;0;0;-38,573109;-3,773378;;;
255183;24;7;2015;11:10;0;AV PONTES VIEIRA;;;241;;Colisão Traseira;Luz do Dia;Bom;Seca;Meio de Quadra;Não Há Controle;Comercial;0;0;2;1;0;0;0;0;0;0;0;0;-38,518326;-3,753295;;;
255179;24;7;2015;14:40;17294;RUA CEL ALEXANDRINO;RUA JOAO FIRMINO;;;;Colisão Transversal;Luz do Dia;Bom;Seca;Cruz;Pare;Comercial;0;0;2;1;0;0;0;0;0;0;0;0;-38,554922;-3,763514;;;
255180;24;7;2015;15:16;8026;RUA SAMUEL UCHOA;RUA CARLOS CAMARA;;;;Colisão Transversal;Luz do Dia;Bom;Seca;Cruz;Pare;Residencial;0;1;1;0;0;0;0;0;0;1;0;0;-38,548069;-3,752537;;;
255187;24;7;2015;19:00;0;RUA ALBERTO MAGNO;;;1821;;;Mal Iluminada;Bom;Seca;Meio de Quadra;Não Há Controle;Residencial;0;0;2;1;0;0;0;0;0;0;0;0;-38,552999;-3,769514;;;
255096;24;7;2015;10:30;5067;RUA PDE MORORO;RUA SEN ALENCAR;;;;Colisão Transversal;Luz do Dia;Bom;Seca;Cruz;Pare;Comercial;0;0;2;1;0;0;0;1;0;0;0;0;-38,536475;-3,722160;;;
259542;24;7;2015;14:40;0;AV SEN CARLOS JEREISSATI (AEROPORTO);;;;KM 03;Colisão;Luz do Dia;Bom;Seca;Meio de Quadra;;Comercial;0;1;1;1;0;0;0;0;0;1;0;0;-38,541414;-3,780382;;;
259543;24;7;2015;06:30;0;RD CE-040;;;;KM-11;Colisão;Luz do Dia;Bom;Seca;Meio de Quadra;Não Há Controle;Comercial;1;0;1;0;0;0;1;0;0;1;0;0;-38,480252;-3,844873;;;
259545;24;7;2015;16:10;0;RD CE-040;;;;KM-06;Colisão;Luz do Dia;Bom;Seca;Meio de Quadra;;Comercial;0;0;2;1;0;0;0;0;0;0;0;0;-38,478781;-3,811270;;;
255078;24;7;2015;15:40;6818;RUA DR GILBERTO STUDART;RUA FRANCISCO MATOS;;;;Colisão Lateral;Luz do Dia;Bom;Seca;Cruz;Pare;Residencial;0;0;2;1;1;0;0;0;0;0;0;0;-38,470191;-3,747084;;;
255074;24;7;2015;08:15;1522;RUA CEL JUCA;RUA EDUARDO GARCIA;;;;Capotamento;Luz do Dia;Bom;Seca;Cruz;Pare;Residencial;0;0;2;1;0;0;0;0;0;0;0;0;-38,492166;-3,740419;;;
255071;24;7;2015;20:30;25283;RUA DES WALDEMAR ALVES PEREIRA;RUA LIV LUIZ MAIA;;;;Colisão Transversal;Via Iluminada;Bom;Seca;Cruz;Pare;Residencial;0;0;2;1;1;0;0;0;0;0;0;0;;;;;
255082;24;7;2015;15:15;0;AV ALBERTO CRAVEIRO;;;430;;Colisão Traseira;Luz do Dia;Bom;Seca;Meio de Quadra;Outros;Comercial;0;0;2;1;0;0;0;0;0;1;0;0;-38,516505;-3,782668;;;
255087;24;7;2015;08:00;7393;RUA AUDISIO PINHEIRO;RUA PRO EDGAR DE ARRUDA;;;;Colisão Transversal;Luz do Dia;Bom;Seca;Cruz;Pare;Residencial;0;2;0;0;0;0;0;0;0;1;0;0;-38,587846;-3,756603;;;
255057;24;7;2015;14:30;11738;AV LINEU MACHADO;RUA VIS CAUIPE;;;;Colisão Lateral;Luz do Dia;Bom;Seca;Cruz;Pare;Comercial;0;1;2;1;0;0;0;0;0;1;0;0;-38,581269;-3,774312;;;
255068;24;7;2015;18:26;15238;RUA BAR ARACATI;RUA TEN BENEVOLO;;;;Colisão Lateral;Via Iluminada;Bom;Seca;Cruz;Pare;Comercial;0;0;2;1;0;0;0;0;0;0;0;0;-38,510266;-3,727628;;;
255060;24;7;2015;21:00;1716;AV GAL MURILO BORGES;AV GOV RAUL BARBOSA;;;;Colisão Traseira;Via Iluminada;Bom;Seca;Cruz;Semáforo;Residencial;0;0;2;1;0;0;0;0;0;0;0;0;-38,508802;-3,763977;;;
255061;24;7;2015;10:00;11761;AV PRS CASTELO BRANCO;RUA JACINTO MATOS;;;;Colisão Traseira;Luz do Dia;Bom;Seca;T;Semáforo;Comercial;0;0;3;1;0;0;1;0;0;0;0;0;-38,546333;-3,714630;;;
255038;24;7;2015;16:00;9176;AV AGUANAMBI;AV EDUARDO GIRAO;;;;Colisão Lateral;Luz do Dia;Bom;Seca;Rotatória;Não Há Controle;Comercial;0;0;1;0;0;0;1;0;0;0;0;0;-38,523639;-3,755303;;;
255042;24;7;2015;20:33;17226;RUA SAO GONCALO DO AMARANTE;RUA MIGUEL GONCALVES;;;;Colisão Transversal;Via Iluminada;Bom;Seca;Cruz;Pare;Residencial;0;0;2;0;0;0;0;0;0;0;0;0;-38,554236;-3,759443;;;
255043;24;7;2015;17:00;0;RUA PRO TEODORICO;;;620;;Colisão Traseira;Anoitecer;Bom;Seca;Meio de Quadra;Pare;Residencial;0;0;2;1;0;0;0;0;0;1;0;0;-38,554099;-3,768528;;;
255048;24;7;2015;19:00;0;RUA VITORIA;;;1264;;Colisão Traseira;Via Iluminada;Bom;Seca;Meio de Quadra;Outros;Residencial;0;1;1;1;0;0;1;0;0;0;0;0;;;;;
263170;24;7;2015;14:11;0;RUA PDE VALDEVINO;;;;;Colisão;Luz do Dia;;;Meio de Quadra;;;0;0;2;1;0;0;0;0;0;0;0;0;;;;;
263172;24;7;2015;15:00;0;AV 13 DE MAIO;;;;;Colisão;Luz do Dia;;;Meio de Quadra;;;0;0;2;1;0;0;0;0;0;0;0;0;;;;;
259056;24;7;2015;18:50;0;RD BR 222;;;;KM-02;Colisão Transversal;Via Iluminada;Bom;Seca;Meio de Quadra;Não Há Controle;Comercial;0;2;1;0;0;0;0;0;0;1;0;0;-38,586880;-3,738951;;;
269886;24;7;2015;07:57;0;RUA FRANCISCO LEANDRO;;;;;Colisão;Luz do Dia;;;Meio de Quadra;;;0;0;2;0;0;0;0;0;0;0;0;0;;;;;
269887;24;7;2015;08:48;0;RUA JOAQUIM MACHADO;;;170;;Colisão;Luz do Dia;;;Meio de Quadra;;;0;0;2;0;0;0;0;0;0;0;0;0;-38,495021;-3,860818;;;
269888;24;7;2015;20:37;0;AV GODOFREDO MACIEL;;;;;Atropelamento;;;;Meio de Quadra;;;0;0;2;0;0;0;0;0;0;0;0;0;;;;;
269897;24;7;2015;23:23;15190;AV ABOLICAO;RUA JOAQUIM NABUCO;;;;Colisão;;;;Cruz;Semáforo;Comercial;0;0;2;0;0;0;0;0;0;0;0;0;-38,498436;-3,726373;;;
269890;24;7;2015;21:06;0;RUA FRANCISCO GLICERIO;;;;;Colisão;;;;Meio de Quadra;;;0;0;2;0;0;0;0;0;0;0;0;0;;;;;
269891;24;7;2015;21:20;22082;RUA CAP FRANCISCO PEDRO;RUA ALEXANDRE BARAUNA;;;;Colisão;;;;Cruz;Pare;Comercial;0;0;2;0;0;0;0;0;0;0;0;0;-38,550539;-3,749020;;;
269894;24;7;2015;23:19;2852;RUA ITU;RUA MARTINS CARVALHO;;;;Colisão;;;;;;;0;0;2;0;0;0;0;0;0;0;0;0;-38,604177;-3,795320;;;
264399;24;7;2015;07:33;0;RD BR 116;;;13000;KM-13;Colisão;Luz do Dia;;;Meio de Quadra;;;0;1;1;0;0;0;1;0;0;1;0;0;-38,497727;-3,864670;;;
264401;24;7;2015;07:45;0;RUA BERNARDO MANUEL;;;;;Atropelamento;Luz do Dia;;;Meio de Quadra;;;0;1;1;1;0;0;0;0;0;0;0;0;;;;;
264355;24;7;2015;11:35;0;RUA HOLANDA;;;;;Atropelamento;Luz do Dia;;;Meio de Quadra;;;0;0;1;0;1;0;0;0;0;0;0;0;;;;;
264414;24;7;2015;09:39;0;RUA AZEVEDO BOLAO;;;;;Colisão;Luz do Dia;;;Meio de Quadra;;;0;1;1;1;0;0;0;0;0;1;0;0;-38,546985;-3,734219;;;
264417;24;7;2015;10:18;0;RUA SAO PAULO;;;;;Colisão;Luz do Dia;;;Meio de Quadra;;;0;1;1;1;0;1;0;0;0;0;0;0;-38,539832;-3,721986;;;
264418;24;7;2015;12:23;0;AV BORGES DE MELO;;;;;Atropelamento;Luz do Dia;;;Meio de Quadra;;;0;1;1;0;0;0;0;0;0;1;0;0;;;;;
264420;24;7;2015;13:08;0;AV GODOFREDO MACIEL;;;;;Atropelamento;Luz do Dia;;;Meio de Quadra;;;0;1;1;1;0;0;0;0;0;0;0;0;-38,576069;-3,818695;;;
264422;24;7;2015;15:22;8935;RUA TEREZA CRISTINA;AV DOMINGOS OLIMPIO;;;;Colisão;Luz do Dia;;;Cruz;Semáforo;Residencial;0;1;1;1;0;0;0;0;0;1;0;0;-38,538883;-3,734086;;;
264423;24;7;2015;15:32;25311;RUA JOAO REGINO;RUA ANTENOR ROCHA ALEXANDRE;;;;Colisão;Luz do Dia;;;Cruz;Pare;Residencial;0;1;1;1;0;0;0;0;0;1;0;0;-38,482810;-3,792178;;;
264424;24;7;2015;16:27;0;AV CASTELO DE CASTRO;;;;;Queda;Luz do Dia;;;Meio de Quadra;;;0;1;0;0;0;0;0;0;0;1;0;0;;;;;
264555;24;7;2015;23:02;0;AV PRS CASTELO BRANCO;;;;;Colisão;;;;Meio de Quadra;;;0;1;0;0;0;0;0;0;0;0;0;0;-38,539363;-3,717541;;;
264552;24;7;2015;22:56;0;RUA TEODOMIRO DE CASTRO;;;4344;;Colisão;;;;Meio de Quadra;;;0;1;1;1;0;0;0;0;0;1;0;0;-38,572252;-3,718794;;;
264539;24;7;2015;20:17;3767;AV DOMINGOS OLIMPIO;AV IMPERADOR;;;;Colisão;;;;Cruz;Semáforo;Comercial;0;1;0;0;0;0;0;0;0;0;0;0;-38,536697;-3,734790;;;
264542;24;7;2015;22:50;0;AV GAL OSORIO DE PAIVA;;;;;Queda;;;;Meio de Quadra;;;0;1;0;0;0;0;0;0;0;1;0;0;;;;;
264441;24;7;2015;17:20;0;AV SANTOS DUMONT;;;;;Colisão;Anoitecer;;;Meio de Quadra;;;0;1;0;0;0;0;0;0;0;0;0;0;-38,484370;-3,740748;;;
264442;24;7;2015;17:24;0;RUA RAUL CABRAL;;;;;Atropelamento;Anoitecer;;;Meio de Quadra;;;0;1;1;0;0;0;0;0;0;1;0;0;-38,546857;-3,767402;;;
264444;24;7;2015;17:44;21376;AV JOVITA FEITOSA;RUA PRO NOGUEIRA;;;;Queda;Anoitecer;;;Cruz;Pare;Comercial;0;1;0;0;0;0;0;0;0;1;0;0;-38,548839;-3,738280;;;
264445;24;7;2015;18:32;0;RUA OSCAR ARARIPE;;;;;Colisão;;;;Meio de Quadra;;;0;1;0;0;0;0;0;0;0;0;0;0;-38,621496;-3,784284;;;
264451;24;7;2015;18:50;0;AV MR HULL;;;;;Colisão;;;;Meio de Quadra;;;0;1;1;1;0;0;0;0;0;1;0;0;-38,594716;-3,740125;;;
264448;24;7;2015;18:41;0;RUA VITORIA;;;;;Colisão;;;;Meio de Quadra;;;0;1;0;1;0;0;1;0;0;0;0;0;;;;;
264389;24;7;2015;06:39;0;AV WASHINGTON SOARES;;;;;Colisão;Luz do Dia;;;Meio de Quadra;;;0;1;1;1;0;0;0;0;0;1;0;0;;;;;
264391;24;7;2015;06:41;19331;RUA PRO GOMES BRASIL;AV GAL OSORIO DE PAIVA;;;;Atropelamento;Luz do Dia;;;Cruz;Semáforo;Comercial;0;1;1;0;0;0;0;0;0;1;0;0;-38,566451;-3,775618;;;
264392;24;7;2015;07:09;0;AV H CJ CEARA;;;;;Colisão;Luz do Dia;;;Meio de Quadra;;;0;1;1;1;0;0;0;0;0;1;0;0;;;;;
264393;24;7;2015;07:27;0;AV VICENTE DE CASTRO;;;;;Queda;Luz do Dia;;;Meio de Quadra;;;0;1;0;0;0;0;0;0;0;1;0;0;;;;;
264358;24;7;2015;18:50;26236;AV DR SILAS MUNGUBA;RUA BERNARDO MANUEL;;;;Colisão;;;;;;;0;0;1;1;0;0;0;0;0;0;0;0;-38,547960;-3,787538;;;
264359;25;7;2015;14:41;7529;RUA PEDRO DANTAS;RUA CHICO MOTA;;;;Colisão;Luz do Dia;;;Cruz;Pare;Residencial;0;2;0;1;0;0;0;0;0;1;0;0;-38,521908;-3,785914;;;
264360;25;7;2015;18:05;4319;AV JOSE SABOIA;AV VICENTE DE CASTRO;;;;Choque c/ Obstáculo Fixo;Anoitecer;;;Cruz;Não Há Controle;Comercial;0;1;0;1;0;0;0;0;0;0;0;0;-38,473200;-3,713785;;;
264361;25;7;2015;22:40;0;AV DIOGUINHO;;;5800;;Colisão;;;;Meio de Quadra;;;0;1;0;1;0;0;0;0;0;1;0;0;-38,441748;-3,764529;;;
264362;25;7;2015;23:25;0;AV DIOGUINHO;;;140;;Colisão;;;;Meio de Quadra;;;0;2;0;1;0;0;0;0;0;1;0;0;-38,465071;-3,719616;;;
264564;25;7;2015;03:50;12521;AV AUGUSTO DOS ANJOS;RUA JULIO BRAGA;;;;Queda;;;;Duplo T;Não Há Controle;Comercial;0;1;0;0;0;0;0;0;0;1;0;0;-38,576193;-3,776779;;;
264561;25;7;2015;00:10;0;AV CASTELO DE CASTRO;;;;;Colisão;;;;;;;0;1;1;1;0;0;0;0;0;1;0;0;;;;;
269904;25;7;2015;02:05;0;RUA POMPILIO GOMES;;;261;;Colisão;;;;Meio de Quadra;;;0;0;2;0;0;0;0;0;0;0;0;0;;;;;
269910;25;7;2015;02:09;5371;RUA VINTE E QUATRO DE MAIO;RUA GAL CLARINDO DE QUEIROZ;;;;Colisão;;;;Cruz;Pare;Comercial;0;0;2;0;0;0;0;0;0;0;0;0;-38,533532;-3,731621;;;
269918;25;7;2015;02:11;0;RUA H ESPL CASTELAO;;;3375;;Choque c/ Obstáculo Fixo;;;;Meio de Quadra;;;0;0;1;0;0;0;0;0;0;0;0;0;;;;;
269924;25;7;2015;09:37;0;RUA VITAL BRASIL;;;2298;;Colisão;Luz do Dia;;;Meio de Quadra;;;0;0;2;0;0;0;0;0;0;0;0;0;;;;;
269928;25;7;2015;11:51;1378;RUA DES LEITE ALBUQUERQUE;RUA OSVALDO CRUZ (ALDEOTA);;;;Colisão;Luz do Dia;;;Cruz;Pare;Comercial;0;0;2;0;0;0;0;0;0;0;0;0;-38,500640;-3,736598;;;
269929;25;7;2015;13:03;0;RUA BAR AQUIRAZ;;;;;Colisão;Luz do Dia;;;Meio de Quadra;;;0;0;2;0;0;0;0;0;0;0;0;0;;;;;
269971;25;7;2015;19:37;0;RUA TEN ROMA;;;522;;Colisão;;;;Meio de Quadra;;;0;0;2;0;0;0;0;0;0;0;0;0;-38,513381;-3,767523;;;
269972;25;7;2015;20:20;3785;RUA WALDERY UCHOA;RUA ADOLFO HERBSTER;;;;Colisão;;;;Cruz;Pare;Residencial;0;0;2;0;0;0;0;0;0;0;0;0;-38,539914;-3,745159;;;
269975;25;7;2015;21:55;0;LOGRADOURO SEM NOME;;;1580;;Colisão;;;;Meio de Quadra;;;0;0;2;0;0;0;0;0;0;0;0;0;;;;;