COD_ACIDENTE;DIA;MES;ANO;HORA;INTERSECAO;LOG1;LOG2;LOG3;NUMERO;REFERENCIA;NATUREZA;ILUMINACAO;TEMPO;SUPERFICIEPISTA;TIPOCRUZAMENTO;CONTROLETRAFEGO;USOSOLO;MORTOS;FERIDOS;ILESOS;AUTOMOVEL;ONIBUS;BICICLETA;CAMINHAO;MICROONIBUS;CICLOMOTOR;MOTOCICLETA;TRACAOANIMAL;TREM;LONG;LAT;;;
269977;25;7;2015;23:57;0;AV DR SILAS MUNGUBA;;;4410;;Colisão;;;;Meio de Quadra;;;0;0;2;0;0;0;0;0;0;0;0;0;-38,535173;-3,792948;;;
269932;25;7;2015;13:07;0;RUA 339 CJ CEARA;;;77;;Colisão;Luz do Dia;;;Meio de Quadra;;;0;0;2;0;0;0;0;0;0;0;0;0;-38,611507;-3,774100;;;
269934;25;7;2015;14:00;0;AV ZEZE DIOGO;;;;;Colisão;Luz do Dia;;;Meio de Quadra;;;0;0;2;0;0;0;0;0;0;0;0;0;;;;;
269939;25;7;2015;14:32;3788;RUA PDE FRANCISCO PINTO;RUA WALDERY UCHOA;;;;Colisão;Luz do Dia;;;Cruz;Pare;Residencial;0;0;2;0;0;0;0;0;0;0;0;0;-38,539138;-3,744299;;;
269950;25;7;2015;15:25;17054;RUA ANA BRITO;RUA PAULO MENDONCA;;;;Colisão;Luz do Dia;;;;;;0;0;2;0;0;0;0;0;0;0;0;0;-38,584709;-3,830927;;;
269953;25;7;2015;15:25;16057;AV PRS COSTA E SILVA;AV GODOFREDO MACIEL;;;;Colisão;Luz do Dia;;;;;;0;0;2;0;0;0;0;0;0;0;0;0;-38,574739;-3,811743;;;
269956;25;7;2015;16:56;15584;RUA ALVES RIBEIRO;RUA LOPES TROVAO;;;;Colisão;Luz do Dia;;;;;;0;0;2;0;0;0;0;0;0;0;0;0;-38,501838;-3,822740;;;
269961;25;7;2015;18:35;0;RUA CON DE CASTRO;;;3517;;Choque c/ Obstáculo Fixo;;;;Meio de Quadra;;;0;0;1;0;0;0;0;0;0;0;0;0;-38,585786;-3,798346;;;
269963;25;7;2015;18:40;0;AV BENJAMIM BRASIL;;;;;Colisão;;;;Meio de Quadra;;;0;0;2;0;0;0;0;0;0;0;0;0;;;;;
269967;25;7;2015;19:24;26122;AV MAJ ASSIS;AV J CJ POLAR;;;;Colisão;;;;T;Pare;Residencial;0;0;2;0;0;0;0;0;0;0;0;0;-38,599604;-3,720828;;;
269968;25;7;2015;19:25;14781;RUA AMERICO ROCHA LIMA;RUA JOAO AREAS;;;;Colisão;;;;;;;0;0;2;0;0;0;0;0;0;0;0;0;-38,576245;-3,799187;;;
263178;25;7;2015;15:34;0;RUA PDE PEDRO DE ALENCAR;;;587;;Colisão;Luz do Dia;;;Meio de Quadra;;;0;0;2;1;0;0;1;0;0;0;0;0;-38,494044;-3,833088;;;
263179;25;7;2015;14:33;15104;AV HIS RAIMUNDO GIRAO;RUA ILDEFONSO ALBANO;;;;Colisão;Luz do Dia;;;Cruz;Semáforo;Residencial;0;0;2;1;1;0;0;0;0;0;0;0;-38,509542;-3,721603;;;
263181;25;7;2015;18:08;0;RUA VITAL BRASIL;;;;;Colisão;Anoitecer;;;Meio de Quadra;;;0;0;2;1;0;0;0;0;0;1;0;0;;;;;
255093;25;7;2015;09:10;0;AV PRS COSTA E SILVA;;;1960;;Colisão Transversal;;Bom;;Meio de Quadra;;;0;0;2;1;0;0;0;0;0;0;0;0;-38,564147;-3,818335;;;
255091;25;7;2015;09:45;24331;AV LUCIANO CARNEIRO;RUA ARMANDO MONTEIRO;;;;Colisão Lateral;Luz do Dia;Bom;Seca;Cruz;Pare;Residencial;0;2;1;1;0;0;0;0;0;1;0;0;-38,536219;-3,763454;;;
259546;25;7;2015;04:00;0;AV SEN CARLOS JEREISSATI (AEROPORTO);;;;KM 03;Colisão;Via Iluminada;Bom;Seca;Meio de Quadra;;Comercial;0;1;1;0;0;0;1;0;0;0;0;0;-38,541414;-3,780382;;;
259547;25;7;2015;16:25;0;RD CE-060;;;;KM-01;Colisão;Luz do Dia;;Seca;Meio de Quadra;;Comercial;0;2;1;1;1;0;0;0;0;1;0;0;-38,576995;-3,819537;;;
259550;25;7;2015;17:00;0;RD CE-040;;;;KM-04;Colisão;Anoitecer;Bom;Seca;Meio de Quadra;;Comercial;0;0;2;1;0;0;0;0;0;0;0;0;-38,480251;-3,792050;;;
259551;25;7;2015;19:15;0;RD CE-040;;;;KM-12;Colisão;;Bom;Seca;Meio de Quadra;Não Há Controle;Comercial;0;0;2;1;1;0;0;0;0;0;0;0;-38,476237;-3,848945;;;
255098;25;7;2015;16:40;0;AV JOSE BASTOS;;;2428;;Colisão Lateral;Via Iluminada;Bom;Seca;Meio de Quadra;Outros;Comercial;0;1;1;0;0;0;0;0;0;1;0;0;-38,543361;-3,742866;;;
255126;25;7;2015;10:00;1257;RUA COSTA BARROS;RUA SILVA PAULET;;;;Colisão Transversal;Luz do Dia;Bom;Seca;Cruz;Pare;Comercial;0;0;2;1;0;0;0;0;0;0;0;0;-38,504799;-3,732565;;;
255127;25;7;2015;06:10;19174;RUA PRO OTAVIO LOBO;RUA PEREIRA DE MIRANDA;;;;Colisão Transversal;Luz do Dia;Bom;Seca;Cruz;Pare;Residencial;0;0;2;1;1;0;0;0;0;0;0;0;-38,476904;-3,741389;;;
255124;25;7;2015;12:30;5392;RUA PINTO MADEIRA;RUA NOGUEIRA ACIOLI;;;;Colisão Lateral;Luz do Dia;Bom;Seca;Cruz;Pare;Misto;0;0;2;1;0;0;0;0;0;0;0;0;-38,517559;-3,732292;;;
255120;25;7;2015;22:00;0;AV DR SILAS MUNGUBA;;;5007;;Colisão Traseira;Via Iluminada;Nublado;Seca;Meio de Quadra;Outros;Comercial;0;1;3;1;0;0;0;0;0;1;0;0;-38,531613;-3,797153;;;
255109;25;7;2015;00:05;9287;AV DOS EXPEDICIONARIOS;AV BORGES DE MELO;;;;Colisão Transversal;Via Iluminada;Bom;Seca;Cruz;Semáforo;Comercial;0;0;2;1;0;0;0;0;0;0;0;0;-38,537674;-3,753391;;;
255110;25;7;2015;12:20;11191;AV DR SILAS MUNGUBA;RUA JOSE MENELEU D41;;;;Colisão Transversal;Luz do Dia;Bom;Seca;T;Semáforo;Comercial;0;1;1;0;1;0;0;0;0;1;0;0;-38,558016;-3,780972;;;
255101;25;7;2015;10:20;13396;RUA JOAO BRIGIDO;RUA BAR ARACATI;;;;Colisão Transversal;Luz do Dia;Bom;Seca;Cruz;Pare;Residencial;0;1;1;1;0;0;0;0;0;0;0;0;-38,514697;-3,740939;;;
255104;25;7;2015;19:30;12457;AV SEN FERNANDES TAVORA;AV AUGUSTO DOS ANJOS;;;;Colisão Traseira;Via Iluminada;Bom;Seca;Cruz;Semáforo;Misto;0;0;2;1;1;0;0;0;0;0;0;0;-38,570427;-3,770153;;;
255117;25;7;2015;00:20;5413;RUA GAL SAMPAIO;RUA METON DE ALENCAR;;;;Colisão Lateral;Via Iluminada;Bom;Seca;Cruz;Semáforo;Comercial;0;1;1;1;0;0;0;0;0;0;0;0;-38,532600;-3,733033;;;
255114;25;7;2015;12:45;0;AV ALBERTO CRAVEIRO;;;;;Engavetamento;Luz do Dia;Bom;Seca;Meio de Quadra;Não Há Controle;Comercial;0;0;3;1;0;0;0;0;0;0;0;0;;;;;
255106;25;7;2015;18:00;22849;RUA CON LIMA SUCUPIRA;RUA DR JUSTA ARAUJO D45;;;;Colisão Lateral Sentido Oposto;Via Iluminada;Bom;Seca;Cruz;Pare;Residencial;0;0;2;1;0;0;0;0;0;0;0;0;-38,550832;-3,778167;;;
255129;25;7;2015;17:15;0;RUA SATIRO DIAS;;;92;;Colisão Lateral;;Bom;Seca;Meio de Quadra;;Residencial;0;1;1;1;0;0;0;0;0;1;0;0;-38,545652;-3,763668;;;
255130;25;7;2015;10:00;0;AV SANTOS DUMONT;;;;;Colisão Traseira;Luz do Dia;Bom;Seca;Meio de Quadra;Não Há Controle;Lazer;0;0;2;1;0;0;0;0;0;0;0;0;;;;;
255131;25;7;2015;18:20;0;AV SANTOS DUMONT;;;6140;;Colisão;Via Iluminada;Bom;Seca;Meio de Quadra;Não Há Controle;Comercial;0;0;2;1;0;0;0;0;0;0;0;0;-38,476696;-3,743212;;;
255132;25;7;2015;09:50;25009;RUA TULIPA;RUA RAIMUNDO FROTA;;;;Colisão Frontal;Luz do Dia;Bom;Seca;;;;0;1;1;1;0;0;0;0;0;1;0;0;-38,579975;-3,715652;;;
255133;25;7;2015;12:40;9040;RUA JAIME BENEVOLO;RUA PDE MIGUELINHO;;;;Choque c/ Obstáculo Fixo;Luz do Dia;Bom;Seca;Cruz;;Comercial;0;0;1;0;0;0;1;0;0;0;0;0;-38,529347;-3,744086;;;
264569;25;7;2015;06:39;0;AV JOSE LEON;;;;;Colisão;Luz do Dia;;;Meio de Quadra;;;0;1;1;1;0;0;0;0;0;1;0;0;;;;;
264578;25;7;2015;14:17;0;AV DEP PAULINO ROCHA;;;;;Colisão;Luz do Dia;;;Meio de Quadra;;;0;1;1;1;0;0;0;0;0;1;0;0;-38,507467;-3,801657;;;
264575;25;7;2015;12:28;0;RUA AQUIRAZ;;;;;Colisão;Luz do Dia;;;Meio de Quadra;;;0;1;1;1;0;0;0;0;0;1;0;0;;;;;
264571;25;7;2015;09:00;17359;AV PRO GOMES DE MATOS;RUA IRM BAZET;;;;Colisão;Luz do Dia;;;Cruz;Pare;Residencial;0;1;1;1;0;0;0;0;0;1;0;0;-38,549810;-3,766045;;;
264650;25;7;2015;23:22;24941;AV CEL CARVALHO;RUA RAIMUNDO GOMES;;;;Choque c/ Obstáculo Fixo;;;;Cruz;Não Há Controle;Residencial;0;1;1;1;0;0;0;0;0;1;0;0;-38,588617;-3,714758;;;
264651;25;7;2015;23:44;0;AV BEIRA MAR;;;;;Atropelamento;;;;Meio de Quadra;;;0;1;1;0;0;0;0;0;0;1;0;0;-38,480388;-3,722124;;;
264648;25;7;2015;22:22;0;AV DIOGUINHO;;;;;Colisão;;;;Meio de Quadra;;;0;1;1;1;0;0;0;0;0;1;0;0;-38,441812;-3,764402;;;
264644;25;7;2015;20:49;0;RUA LOURDES VIDAL ALVES;;;804;;Colisão;;;;Meio de Quadra;;;0;1;0;0;0;0;0;0;0;1;0;0;;;;;
264645;25;7;2015;22:01;0;RUA CARLOS CHAGAS;;;;;Atropelamento;;;;Meio de Quadra;;;0;1;1;1;0;0;0;0;0;0;0;0;;;;;
264608;25;7;2015;19:22;0;AV SEN FERNANDES TAVORA;;;;;Queda;;;;Meio de Quadra;;;0;1;0;0;0;0;0;0;0;1;0;0;;;;;
264591;25;7;2015;16:31;0;AV SGT HERMINIO SAMPAIO;;;;;Colisão;Luz do Dia;;;Meio de Quadra;;;0;1;1;1;0;0;0;0;0;1;0;0;-38,574854;-3,729797;;;
264592;25;7;2015;17:48;0;RUA RAIMUNDO NERY;;;;;Queda;Anoitecer;;;Meio de Quadra;;;0;1;0;0;0;0;0;0;0;1;0;0;;;;;
264589;25;7;2015;16:27;0;RUA PRIMEIRO DE JANEIRO;AV GODOFREDO MACIEL;;;;Atropelamento;Luz do Dia;;;;;;0;1;1;1;0;0;0;0;0;0;0;0;-38,565293;-3,785063;;;
264581;25;7;2015;14:34;0;AV MAE LISBOA;;;;;Colisão;Luz do Dia;;;Meio de Quadra;;;0;1;1;1;0;0;0;0;0;1;0;0;;;;;
264582;25;7;2015;15:58;0;AV GAL OSORIO DE PAIVA;;;;;Colisão;Luz do Dia;;;Meio de Quadra;;;0;1;0;0;0;0;0;0;0;0;0;0;-38,606787;-3,809632;;;
264653;26;7;2015;03:03;0;AV PERIMETRAL;;;;;Queda;;;;Meio de Quadra;;;0;1;0;0;0;0;0;0;0;1;0;0;;;;;
264654;26;7;2015;03:32;0;AV PERIMETRAL;;;;;Queda;;;;Meio de Quadra;;;0;1;0;0;0;0;0;0;0;1;0;0;;;;;
264661;26;7;2015;03:41;4875;RUA CON DE CASTRO;RUA JARDIM FLUMINENSE;;;;Colisão;;;;T;Semáforo;Residencial;0;1;1;1;0;0;0;0;0;1;0;0;-38,597948;-3,812831;;;
264667;26;7;2015;11:17;0;AV IMPERADOR;;;;;Queda;Luz do Dia;;;Meio de Quadra;;;0;1;0;0;0;0;0;0;0;1;0;0;;;;;
264663;26;7;2015;04:34;0;AV CONTORNO SUL;;;;;Colisão;;;;Meio de Quadra;;;0;1;1;1;0;0;0;0;0;1;0;0;-38,517710;-3,835878;;;
264664;26;7;2015;05:36;0;RUA PANAMA;;;;;Choque c/ Obstáculo Fixo;Amanhecer;;;Meio de Quadra;;;0;1;0;1;0;0;0;0;0;0;0;0;;;;;
264672;26;7;2015;15:41;0;AV PRAIA DE SABIAGUABA;;;;;Colisão;Luz do Dia;;;Meio de Quadra;;;0;1;1;1;0;0;0;0;0;1;0;0;;;;;
264678;26;7;2015;17:02;0;RUA JULIO SILVA;;;;;Colisão;Anoitecer;;;Meio de Quadra;;;0;1;0;0;0;0;0;0;0;0;0;0;;;;;
264679;26;7;2015;19:01;18108;AV SANTOS DUMONT;AV DIOGUINHO;;;;Queda;;;;Cruz;Semáforo;Comercial;0;1;0;0;0;0;0;0;0;1;0;0;-38,450425;-3,747029;;;
264680;26;7;2015;19:30;0;AV GODOFREDO MACIEL;;;;;Atropelamento;;;;Meio de Quadra;;;0;1;1;0;0;0;0;0;0;1;0;0;;;;;
264681;26;7;2015;22:11;5709;AV OLIVEIRA PAIVA;AV DES GONZAGA;;;;Colisão;;;;Cruz;Semáforo;Lazer;0;1;1;1;0;0;0;0;0;1;0;0;-38,499953;-3,797165;;;
264684;26;7;2015;22:22;0;AV PRS JUSCELINO KUBITSCHEK (PASSARÉ);;;;;Colisão;;;;Meio de Quadra;;;0;1;1;1;0;0;0;0;0;1;0;0;-38,539451;-3,825598;;;
264675;26;7;2015;16:30;0;AV CONTORNO NORTE D71;;;1536;;Colisão;Luz do Dia;;;Meio de Quadra;;;0;1;1;1;0;0;0;0;0;1;0;0;-38,589692;-3,811531;;;
264676;26;7;2015;16:51;0;RUA MANOEL DE CASTRO (SIQUEIRA);;;;;Colisão;Luz do Dia;;;Meio de Quadra;;;0;1;1;1;0;0;0;0;0;1;0;0;;;;;
264688;26;7;2015;23:36;0;AV MR HULL;;;;;Atropelamento;;;;Meio de Quadra;;;0;1;1;1;0;0;0;0;0;0;0;0;-38,575886;-3,737504;;;
255118;26;7;2015;01:40;11339;AV GODOFREDO MACIEL;AV BENJAMIM BRASIL;;;;Colisão Transversal;Via Iluminada;Bom;Seca;Cruz;Semáforo;Comercial;0;1;1;1;0;0;0;0;0;0;0;0;-38,572040;-3,803264;;;
255111;26;7;2015;07:00;1496;RUA ILDEFONSO ALBANO;RUA PDE VALDEVINO;;;;Colisão Lateral;Luz do Dia;Bom;Seca;Cruz;Semáforo;Comercial;0;1;1;0;0;0;0;0;0;0;0;0;-38,515423;-3,739573;;;
255154;26;7;2015;19:00;0;AV PRS COSTA E SILVA;;;;;Colisão Lateral;Via Iluminada;Bom;Seca;Meio de Quadra;Não Há Controle;Comercial;0;1;1;0;1;1;0;0;0;0;0;0;;;;;
255173;26;7;2015;23:15;0;RUA ARTUR DE CARVALHO;;;1250;;Colisão Lateral;Via Iluminada;Bom;Seca;Meio de Quadra;Não Há Controle;Residencial;0;1;1;0;1;0;0;0;0;1;0;0;;;;;
255175;26;7;2015;05:30;0;RUA JOSE ACIOLY;;;;;Choque c/ Obstáculo Fixo;Luz do Dia;Bom;Seca;Meio de Quadra;Pare;Residencial;0;1;1;1;0;0;0;0;0;0;0;0;;;;;
255176;26;7;2015;11:00;0;AV ALM BARROSO;;;;;Colisão Transversal;Luz do Dia;Bom;Seca;Meio de Quadra;Pare;Residencial;0;0;2;1;0;0;0;0;0;0;0;0;;;;;
255165;26;7;2015;12:40;0;AV SANTOS DUMONT;;;8674;;Colisão Traseira;Luz do Dia;Bom;Seca;Meio de Quadra;;Outros;0;0;2;0;0;0;0;0;0;0;0;0;-38,450500;-3,747060;;;
255158;26;7;2015;21:50;19271;AV GAL OSORIO DE PAIVA;RUA CAIO PRADO;;;;Colisão Lateral;Via Iluminada;Bom;Seca;Cruz;Pare;Comercial;0;0;2;1;0;0;0;0;0;0;0;0;-38,563447;-3,773190;;;
255161;26;7;2015;17:10;25423;AV SANTOS DUMONT;AV ZUCA ACIOLY;;;;Colisão Traseira;Luz do Dia;Bom;Seca;Cruz;Não Há Controle;Residencial;0;0;2;1;0;0;0;0;0;0;0;0;-38,465623;-3,746816;;;
255186;26;7;2015;;99;RUA MARTINS NETO;RUA TOMAS RODRIGUES;;;;Colisão Transversal;Via Iluminada;Bom;Seca;Cruz;Outros;Residencial;0;1;1;1;0;0;0;0;0;1;0;0;-38,593771;-3,741063;;;
255191;26;7;2015;14:40;2955;RUA MARIA JULIA;RUA SAO FRANCISCO D21;;;;Colisão Transversal;Luz do Dia;Bom;Seca;Cruz;Pare;Comercial;0;2;1;1;0;0;0;0;0;1;0;0;-38,601633;-3,798608;;;
255178;26;7;2015;14:00;15205;AV ABOLICAO;RUA OSVALDO CRUZ (ALDEOTA);;;;Colisão Transversal;Luz do Dia;Bom;Seca;Cruz;Semáforo;Residencial;0;0;2;1;0;0;0;0;0;0;0;0;-38,497445;-3,726690;;;
255182;26;7;2015;19:00;0;RUA CRISANTO M DA ROCHA;;;777;;Colisão Lateral;;Bom;Seca;Meio de Quadra;Outros;Comercial;0;0;3;1;0;0;0;0;0;1;0;0;-38,479750;-3,795513;;;
255199;26;7;2015;18:15;0;AV JOAO PESSOA;;;4538;;Colisão Traseira;Anoitecer;Bom;Seca;Meio de Quadra;Semáforo;Comercial;0;1;3;1;0;0;0;0;0;0;0;0;-38,549636;-3,752613;;;
255195;26;7;2015;12:00;22082;RUA CAP FRANCISCO PEDRO;RUA ALEXANDRE BARAUNA;;;;Colisão Transversal;Luz do Dia;Bom;Seca;Cruz;Pare;Comercial;0;0;2;1;0;0;0;0;0;0;0;0;-38,550539;-3,749020;;;
255214;26;7;2015;21:10;0;AV 13 DE MAIO;;;1746;;Colisão;Via Iluminada;Bom;Seca;Meio de Quadra;Não Há Controle;Comercial;0;0;2;1;0;0;0;0;0;0;0;0;-38,533366;-3,745871;;;
259552;26;7;2015;10:40;0;RD CE-025;;;;KM-05;Colisão;Luz do Dia;Bom;Seca;Meio de Quadra;Não Há Controle;Comercial;0;0;2;0;1;0;0;0;0;0;0;0;-38,433120;-3,810070;;;
259555;26;7;2015;16:30;0;RD CE-040;;;;KM-01;Colisão;Luz do Dia;Bom;Seca;Meio de Quadra;Não Há Controle;Comercial;0;1;1;0;0;0;0;0;0;1;0;0;-38,483270;-3,754877;;;
264447;26;7;2015;22:42;0;AV PRS JUSCELINO KUBITSCHEK (PASSARÉ);;;5551;;Atropelamento;;;;Meio de Quadra;;;0;1;0;1;0;0;0;0;0;0;0;0;-38,539451;-3,825598;;;
270150;26;7;2015;02:01;0;RUA TABAJARAS;;;;;Atropelamento;;;;Meio de Quadra;;;0;0;2;0;0;0;0;0;0;0;0;0;;;;;
270151;26;7;2015;03:46;0;AV PRS COSTA E SILVA;;;;;Colisão;;;;Meio de Quadra;;;0;0;2;0;0;0;0;0;0;0;0;0;;;;;
270152;26;7;2015;08:05;0;RUA PRO GOMES BRASIL;;;;;Colisão;Luz do Dia;;;Meio de Quadra;;;0;0;2;0;0;0;0;0;0;0;0;0;;;;;
270153;26;7;2015;11:24;0;LOGRADOURO SEM NOME;;;;;Colisão;Luz do Dia;;;Meio de Quadra;;;0;0;2;0;0;0;0;0;0;0;0;0;;;;;
270230;26;7;2015;22:45;0;AV PRS COSTA E SILVA;;;2015;;Colisão;;;;Meio de Quadra;;;0;0;2;0;0;0;0;0;0;0;0;0;-38,563559;-3,818620;;;
270234;26;7;2015;23:27;6473;RUA 111 CJ CEARA;AV A CJ CEARA;;;;Colisão;;;;;;;0;0;2;0;0;0;0;0;0;0;0;0;-38,605484;-3,773555;;;
270227;26;7;2015;22:44;0;AV PRS COSTA E SILVA;;;896;;Colisão;;;;Meio de Quadra;;;0;0;2;0;0;0;0;0;0;0;0;0;-38,571243;-3,812958;;;
270222;26;7;2015;20:56;3841;RUA PDE FRANCISCO PINTO;RUA JULIO CESAR D12;;;;Colisão;;;;T;Pare;Residencial;0;0;2;0;0;0;0;0;0;0;0;0;-38,538314;-3,745041;;;
270218;26;7;2015;19:08;0;RUA SGT JOAO PINHEIRO;;;;;Colisão;;;;Meio de Quadra;;;0;0;2;0;0;0;0;0;0;0;0;0;;;;;
270219;26;7;2015;20:37;15654;RUA VICENTE NOBRE MACEDO;RUA AFONSO HENRIQUE;;;;Choque c/ Obstáculo Fixo;;;;Cruz;Pare;Misto;0;0;1;0;0;0;0;0;0;0;0;0;-38,484383;-3,825453;;;
270214;26;7;2015;18:39;2706;RUA CEL VIRGILIO NOGUEIRA (BOM JARDIM);RUA OSCAR FRANCA;;;;Colisão;;;;Cruz;Pare;Residencial;0;0;2;0;0;0;0;0;0;0;0;0;-38,608784;-3,788936;;;
270211;26;7;2015;17:40;6584;AV H CJ CEARA;AV J CJ CEARA;;;;Colisão;Anoitecer;;;Cruz;Outros;Residencial;0;0;2;0;0;0;0;0;0;0;0;0;-38,621543;-3,777092;;;
270148;26;7;2015;05:09;0;AV ODILON GUIMARAES;;;4419;;Colisão;Amanhecer;;;Meio de Quadra;;;0;0;2;0;0;0;0;0;0;0;0;0;-38,462157;-3,809724;;;
270189;26;7;2015;17:38;0;AV CONTORNO OESTE D71;;;;;Atropelamento;Anoitecer;;;Meio de Quadra;;;0;0;2;0;0;0;0;0;0;0;0;0;;;;;
270178;26;7;2015;17:06;22392;RUA MANUEL DE CASTRO FEITOSA;RUA SABIAGUABA;;;;Colisão;Anoitecer;;;;;;0;0;2;0;0;0;0;0;0;0;0;0;-38,434700;-3,780411;;;
270174;26;7;2015;17:02;0;AV A CJ CEARA;;;1320;;Choque c/ Obstáculo Fixo;Anoitecer;;;Meio de Quadra;;;0;0;1;0;0;0;0;0;0;0;0;0;-38,605312;-3,772949;;;
270181;26;7;2015;17:13;0;RUA 101 CJ ESPERANCA;;;;;Atropelamento;Anoitecer;;;Meio de Quadra;;;0;0;2;0;0;0;0;0;0;0;0;0;;;;;
270155;26;7;2015;13:14;0;RUA RUA 1 (MONDUBIM);;;45;;Colisão;Luz do Dia;;;Meio de Quadra;;;0;0;2;0;0;0;0;0;0;0;0;0;;;;;
270156;26;7;2015;14:27;0;RUA DR JOSE ROBERTO SALES;;;105;;Colisão;Luz do Dia;;;Meio de Quadra;;;0;0;2;0;0;0;0;0;0;0;0;0;;;;;
270157;26;7;2015;15:53;0;AV GODOFREDO MACIEL;;;;;Atropelamento;Luz do Dia;;;Meio de Quadra;;;0;0;2;0;0;0;0;0;0;0;0;0;;;;;
270159;26;7;2015;16:59;0;RUA ALM RUBIM;;;;;Choque c/ Obstáculo Fixo;Luz do Dia;;;Meio de Quadra;;;0;0;1;0;0;0;0;0;0;0;0;0;;;;;
270172;26;7;2015;17:01;0;LOGRADOURO SEM NOME;;;;;Atropelamento;Anoitecer;;;Meio de Quadra;;;0;0;2;0;0;0;0;0;0;0;0;0;;;;;
270265;27;7;2015;17:40;0;AV CASTANHOLEIRAS;;;400;;Atropelamento;Anoitecer;;;Meio de Quadra;;;0;0;2;0;0;0;0;0;0;0;0;0;-38,468530;-3,752982;;;
270256;27;7;2015;15:46;0;AV CEL CARVALHO;;;3621;;Colisão;Luz do Dia;;;Meio de Quadra;;;0;0;2;0;0;0;0;0;0;0;0;0;;;;;
270242;27;7;2015;14:12;0;AV SGT HERMINIO SAMPAIO;;;;;Colisão;Luz do Dia;;;Meio de Quadra;;;0;0;2;0;0;0;0;0;0;0;0;0;;;;;
270247;27;7;2015;14:53;0;AV RAD JOSE LIMA VERDE;;;1057;;Colisão;Luz do Dia;;;Meio de Quadra;;;0;0;2;0;0;0;0;0;0;0;0;0;-38,589870;-3,701794;;;
270267;27;7;2015;18:45;0;AV FRANCISCO SA;;;5036;;Atropelamento;;;;Meio de Quadra;;;0;0;2;0;0;0;0;0;0;0;0;0;-38,569272;-3,713340;;;
270272;27;7;2015;19:19;22105;RUA ANTONIO MARTINS;RUA CEL NUNES DE MELO;;;;Colisão;;;;;;;0;0;2;0;0;0;0;0;0;0;0;0;;;;;
270278;27;7;2015;19:30;23453;RUA PAULO FIRMEZA;RUA CAP MELO;;;;Colisão;;;;Cruz;Pare;Residencial;0;0;2;0;0;0;0;0;0;0;0;0;-38,512966;-3,757131;;;
270281;27;7;2015;23:37;22082;RUA CAP FRANCISCO PEDRO;RUA ALEXANDRE BARAUNA;;;;Colisão;;;;Cruz;Pare;Comercial;0;0;2;0;0;0;0;0;0;0;0;0;-38,550539;-3,749020;;;
270285;27;7;2015;22:23;0;AV SORIANO ALBUQUERQUE;;;189;;Colisão;;;;Meio de Quadra;;;0;0;2;0;0;0;0;0;0;0;0;0;;;;;
270289;27;7;2015;23:36;1219;RUA JOAO CORDEIRO;RUA COSTA BARROS;;;;Colisão;;;;Cruz;Semáforo;Misto;0;0;2;0;0;0;0;0;0;0;0;0;-38,514331;-3,729449;;;
270292;27;7;2015;23:00;743;AV PASTEUR;AV PRS CASTELO BRANCO;;;;Colisão;;;;Cruz;Semáforo;Comercial;0;0;2;0;0;0;0;0;0;0;0;0;-38,558856;-3,711181;;;
264516;27;7;2015;08:50;0;AV SEN CARLOS JEREISSATI (AEROPORTO);;;;KM 03;Colisão;Luz do Dia;;;Meio de Quadra;;;0;1;0;0;1;0;0;0;0;1;0;0;-38,541414;-3,780382;;;
264353;27;7;2015;;20557;RUA JOAQUIM MACHADO;RUA CEL ANTONIO SAMPAIO;;;;;;;;;;;0;2;0;0;1;0;0;0;0;1;0;0;-38,494831;-3,860850;;;
263183;27;7;2015;10:01;0;RUA CON DE CASTRO;;;956;;Colisão;Luz do Dia;;;Meio de Quadra;;;0;0;2;1;0;0;0;0;0;0;0;0;-38,570245;-3,781544;;;
259556;27;7;2015;15:00;0;RD CE-040;;;;KM-06;Colisão;Luz do Dia;Bom;Seca;Meio de Quadra;Não Há Controle;Comercial;0;0;2;1;0;0;1;0;0;0;0;0;-38,478781;-3,811270;;;
259557;27;7;2015;18:00;0;RD CE-025;;;;KM-03;Colisão;Anoitecer;Bom;Seca;Meio de Quadra;;Comercial;0;1;1;1;0;0;0;0;0;1;0;0;-38,446791;-3,805236;;;
255160;27;7;2015;16:40;15216;AV ABOLICAO;RUA VIS MAUA;;;;Engavetamento;Luz do Dia;Bom;Seca;Cruz;Outros;Comercial;0;1;3;1;0;0;0;0;0;0;0;0;-38,496477;-3,727006;;;
255166;27;7;2015;20:40;15282;RUA CANUTO DE AGUIAR;RUA TIBURCIO CAVALCANTE;;;;Colisão Transversal;Via Iluminada;Bom;Seca;Cruz;Pare;Residencial;0;1;1;1;0;0;0;0;0;1;0;0;-38,500359;-3,729044;;;
255167;27;7;2015;08:45;22940;RUA BERNARDO MANUEL;RUA JAPI;;;;Colisão Transversal;Luz do Dia;Bom;Seca;Cruz;Pare;Comercial;0;1;1;1;0;0;0;0;0;1;0;0;-38,546927;-3,784073;;;
255168;27;7;2015;12:30;12954;AV PRS COSTA E SILVA;AV DOS EXPEDICIONARIOS;;;;Colisão Lateral;;Nublado;Seca;;Gesto;Residencial;0;0;2;1;1;0;0;0;0;0;0;0;-38,558276;-3,821079;;;
255174;27;7;2015;13:55;12445;AV SEN FERNANDES TAVORA;TR HELENA DE MARIA;;;;;Luz do Dia;Bom;Seca;Cruz;Não Há Controle;Comercial;0;1;1;1;0;0;0;0;0;1;0;0;-38,574916;-3,766094;;;