COD_ACIDENTE;DIA;MES;ANO;HORA;INTERSECAO;LOG1;LOG2;LOG3;NUMERO;REFERENCIA;NATUREZA;ILUMINACAO;TEMPO;SUPERFICIEPISTA;TIPOCRUZAMENTO;CONTROLETRAFEGO;USOSOLO;MORTOS;FERIDOS;ILESOS;AUTOMOVEL;ONIBUS;BICICLETA;CAMINHAO;MICROONIBUS;CICLOMOTOR;MOTOCICLETA;TRACAOANIMAL;TREM;LONG;LAT;;;
255170;27;7;2015;13:30;3376;AV ENG HUMBERTO MONTE;RUA CEL NUNES DE MELO;;;;Colisão Transversal;Luz do Dia;Bom;Seca;Cruz;Gesto;Residencial;0;1;1;1;0;0;0;0;0;1;0;0;-38,556940;-3,753384;;;
255163;27;7;2015;15:30;0;AV SEN VIRGILIO TAVORA;;;1800;;Engavetamento;Luz do Dia;Bom;Seca;Meio de Quadra;Não Há Controle;Comercial;0;0;3;1;0;0;0;0;0;0;0;0;-38,494881;-3,742172;;;
255155;27;7;2015;16:20;0;RUA GASPAR DUTRA;;;1710;;Colisão Frontal;Luz do Dia;Bom;Seca;Meio de Quadra;Não Há Controle;Comercial;0;1;1;0;1;0;0;0;0;1;0;0;-38,569737;-3,837619;;;
255157;27;7;2015;10:20;19331;AV GAL OSORIO DE PAIVA;RUA PRO GOMES BRASIL;;;;Colisão Transversal;Luz do Dia;Nublado;Seca;Cruz;Semáforo;Lazer;0;1;1;1;0;0;0;0;0;1;0;0;-38,566451;-3,775618;;;
255150;27;7;2015;15:30;17287;AV PRO GOMES DE MATOS;RUA VASCO DA GAMA;;;;Engavetamento;Luz do Dia;Bom;Seca;Cruz;Pare;Comercial;0;0;3;1;0;0;0;0;0;0;0;0;-38,547335;-3,763166;;;
255151;27;7;2015;13:40;14588;RUA JOAO REGINO;AV EDILSON B SOARES;;;;Colisão Lateral;Luz do Dia;Bom;Seca;Cruz;Pare;Misto;0;0;2;1;0;0;0;0;0;0;0;0;-38,483001;-3,789663;;;
255152;27;7;2015;07:45;0;RUA JOSE IVO;;;;;Colisão Transversal;Luz do Dia;Bom;Seca;Meio de Quadra;Pare;Comercial;0;1;1;0;0;0;0;0;0;1;0;0;;;;;
255153;27;7;2015;;20001;RUA DES OTACILIO PEIXOTO;RUA ITAREMA;;;;Colisão Transversal;Via Iluminada;Bom;Seca;Cruz;Pare;Misto;0;1;1;1;0;0;0;0;0;1;0;0;-38,534723;-3,800241;;;
255134;27;7;2015;09:50;5123;RUA CASTRO E SILVA;RUA MAJ FACUNDO;;;;Colisão Transversal;Luz do Dia;Bom;Seca;Cruz;Semáforo;Comercial;0;0;2;1;0;0;0;0;0;0;0;0;-38,526703;-3,724082;;;
255135;27;7;2015;01:35;0;AV SANTOS DUMONT;;;;;Colisão Traseira;Via Iluminada;Nublado;Seca;Meio de Quadra;Não Há Controle;Residencial;0;1;1;1;0;0;0;0;0;1;0;0;-38,477907;-3,742821;;;
255136;27;7;2015;02:43;0;AV SANTOS DUMONT;;;;;Choque c/ Obstáculo Fixo;Via Iluminada;Nublado;Molhada;Meio de Quadra;Não Há Controle;Comercial;0;1;0;1;0;0;0;0;0;0;0;0;-38,478024;-3,742784;;;
255137;27;7;2015;07:30;0;AV GAL OSORIO DE PAIVA;;;4841;;Colisão Traseira;Luz do Dia;Bom;Seca;Meio de Quadra;Não Há Controle;Escola;0;0;2;0;1;0;0;0;0;0;0;0;-38,598660;-3,801211;;;
255138;27;7;2015;18:00;5460;AV HERACLITO GRACA;RUA NOGUEIRA ACIOLI;;;;Colisão Lateral;Anoitecer;Bom;Seca;Cruz;Semáforo Intermitente;Comercial;0;2;1;0;0;0;0;0;0;1;0;0;-38,518518;-3,735440;;;
255139;27;7;2015;05:00;3820;AV CARAPINIMA;AV 13 DE MAIO;;;;Colisão Lateral;Amanhecer;Bom;Seca;Cruz;Semáforo;Comercial;0;1;1;0;0;0;0;0;0;1;0;0;-38,540239;-3,740001;;;
255140;27;7;2015;21:00;5168;RUA JOAO CORDEIRO;RUA PDE CLIMERIO;;;;Colisão Transversal;Mal Iluminada;Bom;Seca;Cruz;Pare;Misto;0;0;2;1;0;0;0;0;0;0;0;0;-38,513034;-3,725241;;;
255141;27;7;2015;17:40;5123;RUA MAJ FACUNDO;RUA CASTRO E SILVA;;;;Colisão Lateral;Anoitecer;Bom;Seca;Cruz;Não Há Controle;Comercial;0;0;2;1;0;0;0;0;0;0;0;0;-38,526703;-3,724082;;;
255142;27;7;2015;21:40;3892;RUA JULIO CESAR D12;RUA ADOLFO HERBSTER;;;;Choque c/ Obstáculo Fixo;Via Iluminada;Bom;Seca;Cruz;Gesto;Residencial;0;1;2;1;1;0;0;0;0;0;0;0;-38,539092;-3,745900;;;
255143;27;7;2015;13:40;0;RUA CEL MATOS DOURADO;;;1220;;Choque c/ Obstáculo Fixo;Luz do Dia;Bom;Seca;Meio de Quadra;Semáforo;Residencial;0;1;0;1;0;0;0;0;0;0;0;0;-38,584692;-3,749092;;;
255144;27;7;2015;07:30;0;AV GAL OSORIO DE PAIVA;;;;;Colisão Lateral;Luz do Dia;Nublado;Seca;Meio de Quadra;Outros;Residencial;0;0;2;0;0;0;1;0;0;0;0;0;;;;;
255145;27;7;2015;06:10;0;RUA TAUBATE;;;966;;Colisão Traseira;Luz do Dia;Bom;Seca;Meio de Quadra;Outros;Residencial;0;0;2;1;1;0;0;0;0;0;0;0;-38,598995;-3,781665;;;
255146;27;7;2015;13:00;9087;AV AGUANAMBI;RUA DR JOSE VITOR;;;;Colisão Traseira;Luz do Dia;Bom;Seca;Cruz;Pare;Comercial;0;0;2;1;0;0;1;0;0;0;0;0;-38,524576;-3,747548;;;
255147;27;7;2015;14:00;13662;AV MIGUEL DIAS;RUA GONTRAN GIFFONI;;;;Colisão Transversal;Luz do Dia;Bom;Seca;T;Não Há Controle;Residencial;0;0;2;1;0;0;0;0;0;0;0;0;-38,487636;-3,770045;;;
264697;27;7;2015;00:32;0;RUA PDE PEDRO DE ALENCAR;;;;;Colisão;;;;Meio de Quadra;;;0;1;1;1;0;0;0;0;0;1;0;0;-38,493616;-3,828784;;;
264713;27;7;2015;11:37;0;RUA TOMAS RODRIGUES;;;;;Colisão;Luz do Dia;;;Meio de Quadra;;;0;1;1;1;0;0;0;0;0;1;0;0;;;;;
264715;27;7;2015;16:39;0;AV GAL OSORIO DE PAIVA;;;7053;;Colisão;Luz do Dia;;;Meio de Quadra;;;0;1;0;0;0;0;0;0;0;0;0;0;-38,612851;-3,815843;;;
264716;27;7;2015;17:53;0;RUA EDUARDO ANGELIM;;;;;Colisão;Anoitecer;;;Meio de Quadra;;;0;1;1;1;0;0;0;0;0;1;0;0;-38,548992;-3,762822;;;
264703;27;7;2015;06:02;1463;RUA ILDEFONSO ALBANO;RUA ROCHA LIMA;;;;Colisão;Luz do Dia;;;Cruz;Pare;Comercial;0;1;1;1;0;0;0;0;0;1;0;0;-38,515157;-3,738687;;;
264704;27;7;2015;07:27;0;AV CEL CARVALHO;;;;;Colisão;Luz do Dia;;;Meio de Quadra;;;0;1;1;1;0;0;0;0;0;1;0;0;;;;;
264709;27;7;2015;08:27;10420;RUA DAS PEDRINHAS;RUA LUIZ MARIANO;;;;Colisão;Luz do Dia;;;Cruz;Não Há Controle;Residencial;0;1;0;0;0;0;0;0;0;1;0;0;-38,600122;-3,761937;;;
264718;27;7;2015;18:43;1538;RUA LEONARDO MOTA;AV PDE ANTONIO TOMAS;;;;Atropelamento;;;;Cruz;Semáforo;Comercial;0;1;0;1;0;0;0;0;0;0;0;0;-38,497662;-3,740811;;;
264719;27;7;2015;18:43;0;AV OLIVEIRA PAIVA;;;;;Colisão;;;;Meio de Quadra;;;0;1;1;1;0;0;0;0;0;1;0;0;-38,492741;-3,795658;;;
264720;27;7;2015;19:25;0;RUA VINTE E QUATRO DE MAIO;;;574;PRAÇA JOSÉ DE ALENCAR;Atropelamento;;;;Meio de Quadra;;;0;1;0;1;0;0;0;0;0;0;0;0;;;;;
264721;27;7;2015;19:56;0;RUA GANDOLA;;;;;Atropelamento;;;;Meio de Quadra;;;0;1;0;0;0;0;0;0;0;0;0;0;-38,561017;-3,758187;;;
264722;27;7;2015;20:01;17375;RUA ALAN KARDEC;RUA ISAIE BORIS;;;;Atropelamento;;;;;;;0;1;1;0;0;0;0;0;0;1;0;0;-38,547462;-3,766831;;;
264723;27;7;2015;20:30;0;RUA DEP OSWALDO STUDART;;;;;Colisão;;;;Meio de Quadra;;;0;1;1;1;0;0;0;0;0;1;0;0;;;;;
264724;27;7;2015;21:24;0;RUA VALPARAISO;;;;;Colisão;;;;Meio de Quadra;;;0;1;0;0;0;0;0;0;0;1;0;0;;;;;
264725;27;7;2015;22:02;0;RUA CARLOS AMORA;;;;;Atropelamento;;;;Meio de Quadra;;;0;1;1;0;1;0;0;0;0;0;0;0;-38,563609;-3,775246;;;
264726;27;7;2015;22:23;6745;RUA PRO OTAVIO LOBO;RUA BENTO ALBUQUERQUE;;;;Colisão;;;;Cruz;Semáforo;Residencial;0;1;0;0;0;0;0;0;0;1;0;0;-38,479196;-3,745035;;;
264742;28;7;2015;00:03;0;AV GODOFREDO MACIEL;;;;;Queda;;;;Meio de Quadra;;;0;1;0;0;0;0;0;0;0;1;0;0;-38,571899;-3,802813;;;
264743;28;7;2015;07:04;4672;AV MIN JOSE AMERICO;RUA PEDRO LAZAR;;;;Colisão;Luz do Dia;;;;Não Há Controle;Comercial;0;1;1;1;0;0;0;0;0;1;0;0;-38,489290;-3,808267;;;
264744;28;7;2015;12:11;68;RUA PEDRO MELO;RUA PRO JOAQUIM NOGUEIRA D29;;;;Colisão;Luz do Dia;;;Cruz;Pare;Misto;0;1;1;1;0;0;0;0;0;1;0;0;-38,589881;-3,743857;;;
264745;28;7;2015;16:36;0;AV SEN FERNANDES TAVORA;;;;;Colisão;Luz do Dia;;;Meio de Quadra;;;0;1;1;1;0;0;0;0;0;1;0;0;-38,597501;-3,755270;;;
264746;28;7;2015;17:14;0;AV SGT HERMINIO SAMPAIO;;;;;Colisão;Anoitecer;;;Meio de Quadra;;;0;1;1;1;0;0;0;0;0;1;0;0;-38,564337;-3,727052;;;
264747;28;7;2015;17:23;0;RUA COM LUIS RIBEIRO;;;;;Colisão;Anoitecer;;;Meio de Quadra;;;0;1;1;1;0;0;0;0;0;1;0;0;;;;;
264748;28;7;2015;18:30;0;AV PRS JUSCELINO KUBITSCHEK (PASSARÉ);;;;;Colisão;Anoitecer;;;Meio de Quadra;;;0;1;1;1;0;0;0;0;0;1;0;0;;;;;
264749;28;7;2015;19:19;12501;AV JOSE BASTOS;RUA DIAMANTINA;;;;Colisão;;;;T;Pare;Comercial;0;1;1;1;0;0;0;0;0;1;0;0;-38,567402;-3,764978;;;
264750;28;7;2015;19:23;0;RUA ANDRE CHAVES;;;;;Atropelamento;;;;Meio de Quadra;;;0;1;1;0;0;0;0;0;0;1;0;0;;;;;
264751;28;7;2015;19:34;0;RUA L CJ VILA VELHA;;;;;Colisão;;;;Meio de Quadra;;;0;1;1;1;0;0;0;0;0;1;0;0;;;;;
264752;28;7;2015;20:36;0;AV LINEU MACHADO;;;;;Colisão;;;;Meio de Quadra;;;0;1;1;1;0;0;0;0;0;1;0;0;-38,575518;-3,763282;;;
264753;28;7;2015;22:04;0;AV OLIVEIRA PAIVA;;;;;Colisão;;;;Meio de Quadra;;;0;1;0;0;0;0;0;0;0;0;0;0;;;;;
264754;28;7;2015;23:25;155;RUA PDE PERDIGAO SAMPAIO;RUA ANARIO BRAGA;;;;Colisão;;;;Cruz;Pare;Comercial;0;1;1;1;0;0;0;0;0;1;0;0;-38,595191;-3,736242;;;
255215;28;7;2015;20:40;0;AV BEZERRA DE MENEZES;;;711;;Capotamento;Via Iluminada;Bom;Seca;Meio de Quadra;Não Há Controle;Comercial;0;1;0;1;0;0;0;0;0;0;0;0;-38,551146;-3,732914;;;
255216;28;7;2015;21:50;0;AV DOMINGOS OLIMPIO;;;;;Colisão Lateral;Via Iluminada;Bom;Seca;Meio de Quadra;Não Há Controle;Comercial;0;0;2;1;0;0;0;0;0;0;0;0;;;;;
255223;28;7;2015;19:30;0;AV GAL MURILO BORGES;;;;;Colisão;Luz do Dia;Bom;Seca;Meio de Quadra;Semáforo;Residencial;0;1;1;1;0;0;0;0;0;1;0;0;;;;;
255224;28;7;2015;07:00;7860;AV ANTONIO SALES;AV SEN VIRGILIO TAVORA;;;;Colisão Lateral;Luz do Dia;Bom;Seca;Cruz;Semáforo;Residencial;0;0;2;1;0;0;0;0;0;0;0;0;-38,496500;-3,747279;;;
255225;28;7;2015;18:10;5191;AV DOM MANUEL;RUA PEREIRA FILGUEIRAS;;;;Colisão Lateral;;Bom;Seca;Cruz;Semáforo;Comercial;0;2;1;1;0;0;0;0;0;1;0;0;-38,520338;-3,725943;;;
255221;28;7;2015;17:30;1343;AV SEN VIRGILIO TAVORA;RUA MARCOS MACEDO;;;;Colisão Traseira;Anoitecer;Bom;Seca;Cruz;Pare;Comercial;0;0;2;1;0;0;0;0;0;0;0;0;-38,492845;-3,735843;;;
255213;28;7;2015;07:40;0;AV VIS RIO BRANCO;;;3826;;Colisão Lateral;Luz do Dia;Bom;Seca;Meio de Quadra;Não Há Controle;Comercial;0;1;1;1;0;0;0;0;0;1;0;0;-38,520239;-3,754767;;;
255198;28;7;2015;08:10;14421;RUA PDE ANCHIETA;AV SGT HERMINIO SAMPAIO;;;;Colisão Traseira;Luz do Dia;Bom;Seca;Cruz;Semáforo;Comercial;0;0;2;1;0;0;0;0;0;0;0;0;-38,551079;-3,724693;;;
255201;28;7;2015;09:30;0;RUA MON DANTAS;;;;;Choque c/ Obstáculo Fixo;Luz do Dia;Bom;Seca;Outros;Pare;Comercial;0;0;3;1;0;0;0;0;0;0;0;0;;;;;
255204;28;7;2015;19:30;22726;RUA EUCLIDES O DE SOUSA;RUA MARIO ALENCAR ARARIPE;;;;Colisão Transversal;Via Iluminada;Bom;Seca;Cruz;Pare;Residencial;0;1;2;1;0;0;0;0;0;1;0;0;-38,478038;-3,798084;;;
255209;28;7;2015;19:30;0;RUA BENTO ALBUQUERQUE;;;333;;Colisão Traseira;Via Iluminada;Bom;Seca;Meio de Quadra;Semáforo;Misto;0;1;1;1;0;0;0;0;0;1;0;0;-38,486459;-3,742703;;;
255210;28;7;2015;17:30;15194;RUA DEP MOREIRA DA ROCHA;RUA ILDEFONSO ALBANO;;;;Colisão Transversal;Anoitecer;Bom;Seca;Cruz;Pare;Misto;0;0;2;0;0;0;0;0;0;1;0;0;-38,511072;-3,726480;;;
259558;28;7;2015;08:31;0;AV SEN CARLOS JEREISSATI (AEROPORTO);;;;KM 02;Colisão;Luz do Dia;Bom;Seca;Meio de Quadra;;Comercial;0;0;2;1;0;0;0;0;0;0;0;0;-38,529156;-3,783932;;;
259563;28;7;2015;13:40;0;RD CE-040;;;;KM-11;Colisão;Luz do Dia;Bom;Seca;Meio de Quadra;Não Há Controle;Comercial;0;0;2;1;0;0;1;0;0;0;0;0;-38,480252;-3,844873;;;
256117;28;7;2015;13:00;5391;RUA PEDRO I;RUA JAIME BENEVOLO;;;;Atropelamento;Luz do Dia;Bom;Seca;T;Semáforo Intermitente;Comercial;0;2;0;0;0;0;0;0;0;1;0;0;-38,525437;-3,732251;;;
255228;28;7;2015;00:30;19018;AV ENG ALBERTO SA;RUA JOSE CARLOS GURGEL NOGUEIRA;;;;Colisão Transversal;Luz do Dia;Bom;Seca;Cruz;Semáforo;Misto;0;1;1;1;0;0;0;0;0;1;0;0;-38,475012;-3,734800;;;
255229;28;7;2015;07:20;8001;RUA ALEXANDRE BARAUNA;RUA MACHADO DE ASSIS;;;;Colisão Lateral;Luz do Dia;Bom;Seca;Cruz;Não Há Controle;Misto;0;0;2;1;1;0;0;0;0;0;0;0;-38,549095;-3,750339;;;
255232;28;7;2015;06:50;0;RUA CARLOS AMORA;;;;;Outros;Luz do Dia;Bom;Seca;Meio de Quadra;Não Há Controle;Comercial;0;0;2;0;0;0;0;0;0;1;0;0;;;;;
255242;28;7;2015;09:55;25170;AV LINEU MACHADO;RUA PRO EDGAR DE ARRUDA;;;;Colisão Transversal;Luz do Dia;Bom;Seca;Cruz;Pare;Misto;0;1;1;0;0;0;1;0;0;1;0;0;-38,575480;-3,763209;;;
255245;28;7;2015;;0;AV AGUANAMBI;;;90;;Colisão Traseira;Luz do Dia;Bom;Seca;Meio de Quadra;Não Há Controle;Comercial;0;0;2;1;0;0;0;0;0;0;0;0;-38,525536;-3,741141;;;
255246;28;7;2015;11:30;13735;RUA CAIO CID;RUA NELSON STUDART;;;;Colisão Traseira;Luz do Dia;Bom;Seca;Cruz;Pare;Misto;0;0;2;1;0;0;0;0;0;0;0;0;-38,484694;-3,773571;;;
255248;28;7;2015;08:30;0;RUA TIBURCIO CAVALCANTE;;;1660;;Colisão Lateral;Luz do Dia;Bom;Seca;Meio de Quadra;Não Há Controle;Comercial;0;0;2;1;0;0;0;0;0;0;0;0;-38,503606;-3,739163;;;
255251;28;7;2015;07:20;6750;RUA VILEBALDO AGUIAR;RUA BATISTA DE OLIVEIRA;;;;Colisão Transversal;Luz do Dia;Bom;Seca;Cruz;Pare;Residencial;0;0;2;1;0;0;0;0;0;0;0;0;-38,480134;-3,743019;;;
255255;28;7;2015;07:15;20042;AV ALBERTO CRAVEIRO;AV DR SILAS MUNGUBA;;;;Colisão Traseira;Luz do Dia;Bom;Seca;Rotatória;Dê Preferência;Residencial;0;0;2;1;0;0;0;0;0;0;0;0;-38,524782;-3,807229;;;
255257;28;7;2015;15:45;0;RUA JOAQUIM MAGALHAES;;;10;;Colisão Lateral;Luz do Dia;Bom;Seca;Meio de Quadra;Não Há Controle;Comercial;0;0;2;1;0;0;0;0;0;0;0;0;-38,535528;-3,737134;;;
255259;28;7;2015;13:30;25063;AV DOS EXPEDICIONARIOS;RUA ARMANDO MONTEIRO;;;;Colisão Transversal;Luz do Dia;Bom;Seca;Cruz;Pare;Misto;0;0;2;1;0;0;0;0;0;0;0;0;-38,540372;-3,762230;;;
255263;28;7;2015;09:15;0;AV ALM HENRIQUE SABOIA;;;;;Choque c/ Obstáculo Fixo;Luz do Dia;Bom;Seca;Outros;Não Há Controle;Residencial;0;0;1;1;0;0;0;0;0;0;0;0;;;;;
255264;28;7;2015;09:20;0;AV ALM HENRIQUE SABOIA;;;;;Colisão Traseira;Luz do Dia;Bom;Seca;Meio de Quadra;Não Há Controle;Residencial;0;0;2;1;0;0;0;0;0;0;0;0;;;;;
255266;28;7;2015;07:00;0;RUA DEP OSWALDO STUDART;;;;;Colisão Lateral;Luz do Dia;Bom;Seca;Meio de Quadra;Outros;Misto;0;1;1;0;0;0;0;0;0;1;0;0;;;;;
255269;28;7;2015;09:10;19949;RUA FRANCISCO LORDA;RUA ALBERTO MONTEZUMA;;;;Colisão Lateral;Luz do Dia;Bom;Seca;Cruz;Pare;Misto;0;0;2;1;0;0;1;0;0;0;0;0;-38,531928;-3,761900;;;
255273;28;7;2015;14:00;0;AV DR SILAS MUNGUBA;;;4376;;Colisão Traseira;;Bom;Seca;Meio de Quadra;;Misto;0;0;2;1;0;0;0;0;0;0;0;0;-38,536489;-3,791940;;;
255278;28;7;2015;11:30;12841;RUA SILVA JARDIM;RUA SOLON PINHEIRO;;;;Colisão Lateral;Luz do Dia;Bom;Seca;Cruz;Pare;Comercial;0;0;2;1;0;0;0;0;0;0;0;0;-38,530062;-3,741562;;;
255276;28;7;2015;12:20;0;RUA STA LIDUINA D42;;;28;;Colisão Transversal;Luz do Dia;Bom;Seca;Meio de Quadra;Pare;Residencial;0;1;1;0;0;0;0;0;0;1;0;0;-38,585005;-3,797992;;;
264527;28;7;2015;03:50;0;AV DUQ CAXIAS;;;;;Colisão;;;;Meio de Quadra;;;0;1;0;0;0;0;0;0;0;1;0;0;;;;;
270298;28;7;2015;15:01;0;RUA LAURO MAIA;;;;;Colisão;Luz do Dia;;;Meio de Quadra;;;0;0;2;0;0;0;0;0;0;0;0;0;;;;;
270299;28;7;2015;15:07;0;RUA IRM BAZET;;;1226;;Colisão;Luz do Dia;;;Meio de Quadra;;;0;0;2;0;0;0;0;0;0;0;0;0;-38,548214;-3,767400;;;
270295;28;7;2015;11:03;0;RUA PDE PEDRO DE ALENCAR;;;1969;;Colisão;Luz do Dia;;;Meio de Quadra;;;0;0;2;0;0;0;0;0;0;0;0;0;-38,494477;-3,845088;;;
270304;28;7;2015;15:27;0;RUA C UI 204;;;480;;Capotamento;Luz do Dia;;;Meio de Quadra;;;0;0;1;0;0;0;0;0;0;0;0;0;;;;;
270306;28;7;2015;16:26;0;RUA FRANCISCO GLICERIO;;;356;;Colisão;Luz do Dia;;;Meio de Quadra;;;0;0;2;0;0;0;0;0;0;0;0;0;-38,564842;-3,797480;;;
270309;28;7;2015;18:51;10112;RUA NEREIDE;RUA RAIMUNDO PINHEIRO;;;;Colisão;;;;Cruz;Não Há Controle;Residencial;0;0;2;0;0;0;0;0;0;0;0;0;-38,596824;-3,788179;;;
270310;28;7;2015;23:15;0;RUA CON PENAFORT;;;4;;Colisão;;;;Meio de Quadra;;;0;0;2;0;0;0;0;0;0;0;0;0;;;;;
270315;29;7;2015;00:23;0;RUA JOSE NOGUEIRA FREIRE;;;80;;Colisão;;;;Meio de Quadra;;;0;0;2;0;0;0;0;0;0;0;0;0;-38,498355;-3,806119;;;
270316;29;7;2015;10:04;21883;RUA DEP MATOSO FILHO;RUA EMILIA GONCALVES;;;;Colisão;Luz do Dia;;;Cruz;Pare;Residencial;0;0;2;0;0;0;0;0;0;0;0;0;-38,592575;-3,733400;;;
270321;29;7;2015;10:40;0;AV SANTOS DUMONT;;;6564;;Colisão;Luz do Dia;;;Meio de Quadra;;;0;0;2;0;0;0;0;0;0;0;0;0;-38,474149;-3,744037;;;
264546;29;7;2015;19:52;0;RUA SAO PAULO;AV FILOMENO GOMES;;1868;;Colisão Lateral;;;;;;;0;1;1;1;0;0;0;0;0;0;0;0;-38,541662;-3,721385;;;
255364;29;7;2015;18:30;0;AV BEZERRA DE MENEZES;;;2090;;Colisão Traseira;Via Iluminada;Bom;Seca;Meio de Quadra;Outros;Comercial;0;0;2;0;0;0;0;0;0;1;0;0;-38,563510;-3,735462;;;
255368;29;7;2015;08:30;16975;RUA DR PROCOPIO;TR SAO JOAO BATISTA;;;;Colisão Transversal;Luz do Dia;Bom;Seca;Cruz;Não Há Controle;Residencial;0;1;1;1;0;0;0;0;0;1;0;0;-38,588713;-3,826849;;;
255370;29;7;2015;10:20;5711;AV OLIVEIRA PAIVA;RUA CHICO LEMOS;;;;Colisão Transversal;Luz do Dia;Bom;Seca;Cruz;Semáforo;Comercial;0;1;1;0;0;0;0;0;0;1;0;0;-38,497091;-3,795857;;;
255375;29;7;2015;10:55;0;AV SANTOS DUMONT;;;2383;;Colisão Traseira;Luz do Dia;Bom;Seca;Meio de Quadra;;Comercial;0;0;2;1;0;0;0;0;0;0;0;0;-38,503477;-3,734578;;;
255382;29;7;2015;08:50;15282;RUA CANUTO DE AGUIAR;RUA TIBURCIO CAVALCANTE;;;;Colisão Transversal;Luz do Dia;Bom;Seca;Cruz;Pare;Misto;0;1;1;0;0;0;0;1;0;0;0;0;-38,500359;-3,729044;;;
255384;29;7;2015;09:30;0;AV SANTOS DUMONT;;;2829;;Colisão Lateral;Luz do Dia;Bom;Seca;Meio de Quadra;Semáforo Intermitente;Misto;0;1;1;1;0;0;0;0;0;1;0;0;-38,498973;-3,736033;;;
255386;29;7;2015;20:15;0;RUA FREDERICO BORGES;;;186;;Colisão Lateral;Mal Iluminada;Bom;Seca;Meio de Quadra;Não Há Controle;Comercial;0;0;2;1;0;0;0;0;0;0;0;0;-38,489288;-3,731317;;;
255388;29;7;2015;17:00;0;RUA EDUARDO GARCIA;;;813;;Outros;Via Iluminada;Bom;Seca;Meio de Quadra;Outros;Residencial;0;0;2;1;0;0;0;0;0;1;0;0;;;;;
255392;29;7;2015;14:50;0;AV DR SILAS MUNGUBA;;;5555;;Colisão Traseira;Luz do Dia;Bom;Seca;Meio de Quadra;Não Há Controle;Comercial;0;0;2;1;0;0;0;0;0;1;0;0;-38,530135;-3,800875;;;
255393;29;7;2015;20:30;25552;AV VICENTE DE CASTRO;RUA BENEDITO MACEDO;;;;Colisão Transversal;Via Iluminada;Bom;Seca;Cruz;Pare;Comercial;0;0;2;1;0;0;0;0;0;0;0;0;;;;;
255272;29;7;2015;;25136;AV ENG HUMBERTO MONTE;RUA CHILE;;;;;Via Iluminada;Bom;Seca;T;Não Há Controle;Residencial;0;0;2;1;0;0;0;0;0;0;0;0;-38,563951;-3,744928;;;
255285;29;7;2015;06:55;1498;RUA SILVA PAULET;AV JULIO VENTURA;;;;Colisão Transversal;Luz do Dia;Bom;Seca;Cruz;Semáforo;Comercial;0;0;2;1;0;0;0;0;0;1;0;0;-38,507100;-3,739640;;;
255288;29;7;2015;13:00;0;AV HERACLITO GRACA;;;45;;Colisão Traseira;Luz do Dia;Bom;Seca;Meio de Quadra;Não Há Controle;Comercial;0;1;1;1;0;0;0;0;0;1;0;0;-38,524164;-3,733624;;;
255279;29;7;2015;21:20;0;RUA CAMELIA;;;765;;Choque c/ Obstáculo Fixo;Via Iluminada;Bom;Seca;Meio de Quadra;Não Há Controle;Comercial;0;0;1;1;0;0;0;0;0;0;0;0;;;;;
255280;29;7;2015;09:00;0;AV SEN VIRGILIO TAVORA;;;1525;;Colisão Traseira;Luz do Dia;Bom;Seca;Meio de Quadra;Semáforo;Comercial;0;0;3;1;0;0;0;0;0;0;0;0;-38,493994;-3,739454;;;
255270;29;7;2015;18:20;0;AV BEZERRA DE MENEZES;;;2597;;Colisão Lateral;Anoitecer;Bom;Seca;Meio de Quadra;Semáforo;Comercial;0;0;2;1;0;0;0;0;0;0;0;0;-38,567673;-3,736342;;;
255267;29;7;2015;11:10;0;AV GOV PARSIFAL BARROSO;;;600;;Colisão Traseira;Luz do Dia;Bom;Seca;Meio de Quadra;Semáforo;Comercial;0;0;2;1;0;0;0;0;0;0;0;0;-38,569038;-3,731972;;;
255250;29;7;2015;15:40;19656;AV BEZERRA DE MENEZES;RUA PRO JOSE DE BARCELOS;;;;Colisão Transversal;Luz do Dia;Bom;Seca;T;Semáforo;Comercial;0;1;1;0;1;0;0;0;0;1;0;0;-38,551066;-3,732898;;;
255262;29;7;2015;08:30;0;AV BEZERRA DE MENEZES;;;2585;;Colisão Lateral;Luz do Dia;Bom;Seca;Meio de Quadra;Outros;Comercial;0;0;2;1;0;0;1;0;0;0;0;0;-38,567567;-3,736321;;;
255240;29;7;2015;09:30;1649;RUA CEL JUCA;RUA GAL TERTULIANO POTYGUARA;;;;Colisão Transversal;Luz do Dia;Bom;Seca;Cruz;Pare;Residencial;0;0;3;1;0;0;0;0;0;0;0;0;-38,493766;-3,745325;;;
255236;29;7;2015;18:00;7508;RUA PEDRO DANTAS;RUA NENEN GONCALVES;;;;Colisão Traseira;Anoitecer;Bom;Seca;Cruz;Pare;Residencial;0;1;1;1;0;0;0;0;0;1;0;0;-38,518947;-3,786437;;;
255237;29;7;2015;18:50;21372;AV JOVITA FEITOSA;RUA JOSE SOMBRA;;;;Colisão Traseira;Via Iluminada;Bom;Seca;Cruz;Semáforo;Comercial;0;0;3;1;0;0;0;0;0;0;0;0;-38,546301;-3,737763;;;
263200;29;7;2015;13:51;26236;AV DR SILAS MUNGUBA;RUA BERNARDO MANUEL;;;;Colisão;Luz do Dia;;;;;;0;0;2;1;0;0;0;0;0;0;0;0;-38,547960;-3,787538;;;