COD_ACIDENTE;DIA;MES;ANO;HORA;INTERSECAO;LOG1;LOG2;LOG3;NUMERO;REFERENCIA;NATUREZA;ILUMINACAO;TEMPO;SUPERFICIEPISTA;TIPOCRUZAMENTO;CONTROLETRAFEGO;USOSOLO;MORTOS;FERIDOS;ILESOS;AUTOMOVEL;ONIBUS;BICICLETA;CAMINHAO;MICROONIBUS;CICLOMOTOR;MOTOCICLETA;TRACAOANIMAL;TREM;LONG;LAT;;;
263201;29;7;2015;17:02;0;AV BEZERRA DE MENEZES;;;;;Colisão;Anoitecer;;;Meio de Quadra;;;0;1;2;1;0;0;0;0;0;0;0;0;;;;;
263205;29;7;2015;18:53;0;AV DR SILAS MUNGUBA;;;;;Colisão;;;;Meio de Quadra;;;0;0;2;1;1;0;0;0;0;0;0;0;;;;;
263190;29;7;2015;10:20;0;AV CEL CARVALHO;AV MAJ ASSIS;;;;Colisão;Luz do Dia;;;;;;0;0;2;1;0;0;1;0;0;0;0;0;;;;;
263196;29;7;2015;12:58;0;RUA ESPERANTINA;;;155;;Colisão;Luz do Dia;;;Meio de Quadra;;;0;0;2;1;0;0;0;0;0;0;0;0;;;;;
259057;29;7;2015;17:10;0;RD BR 222;;;;KM-01;Colisão Traseira;Anoitecer;Bom;Seca;Meio de Quadra;Não Há Controle;Comercial;0;0;2;1;1;0;0;0;0;0;0;0;-38,577952;-3,737774;;;
259058;29;7;2015;19:30;0;RD BR 222;;;;KM-01;Atropelamento;Via Iluminada;Bom;Seca;Meio de Quadra;Não Há Controle;Comercial;0;3;0;1;0;0;0;0;0;1;0;0;-38,577952;-3,737774;;;
259096;29;7;2015;08:00;0;RD BR 116;;;3000;KM-03;Colisão Lateral;Luz do Dia;Bom;Seca;Meio de Quadra;Não Há Controle;Comercial;0;2;0;0;0;0;0;0;0;1;0;0;-38,514372;-3,779838;;;
259097;29;7;2015;17:30;0;RD BR 116;;;14000;KM-14;Colisão Lateral;Anoitecer;Bom;Seca;Meio de Quadra;Não Há Controle;Comercial;0;0;2;1;0;0;1;0;0;0;0;0;-38,499242;-3,873523;;;
259564;29;7;2015;17:20;0;AV SEN CARLOS JEREISSATI (AEROPORTO);;;;KM 02;Colisão;Anoitecer;Bom;Seca;Meio de Quadra;Não Há Controle;Comercial;0;0;2;0;0;0;0;0;0;0;0;0;-38,529156;-3,783932;;;
255205;29;7;2015;;25003;AV DR THEBERGE;AV SGT HERMINIO SAMPAIO;;;;Colisão Traseira;Luz do Dia;Bom;Seca;Cruz;Semáforo;Residencial;0;0;2;0;1;0;0;0;0;0;0;0;-38,569276;-3,727916;;;
255202;29;7;2015;16:40;7972;RUA MAJ WEYNE;RUA MACHADO DE ASSIS;;;;Colisão Traseira;Luz do Dia;Bom;Seca;T;Pare;Outros;0;0;2;1;0;0;0;0;0;0;0;0;-38,546151;-3,747089;;;
255196;29;7;2015;12:35;8625;AV EDILSON B SOARES;RUA EVILASIO A MIRANDA;;;;Colisão Traseira;Luz do Dia;Bom;Seca;T;Pare;Residencial;0;0;2;1;0;0;0;0;0;0;0;0;;;;;
255190;29;7;2015;08:00;0;RUA GAL PIRAGIBE;;;577;;Colisão Lateral;Luz do Dia;Bom;Seca;Meio de Quadra;;Comercial;0;0;2;1;0;0;0;0;0;0;0;0;-38,557571;-3,739633;;;
255192;29;7;2015;11:18;23791;RUA RAIMUNDO NERY;RUA COSTA FREIRE;;;;Colisão Transversal;Luz do Dia;Bom;Seca;Cruz;Pare;Residencial;0;2;0;0;1;0;0;0;0;1;0;0;-38,586423;-3,794144;;;
255193;29;7;2015;08:00;0;AV DOS EXPEDICIONARIOS;;;3826;;Colisão Lateral;Luz do Dia;Bom;Seca;Meio de Quadra;Não Há Controle;Escola;0;0;2;1;0;0;0;0;0;0;0;0;-38,537256;-3,752015;;;
255194;29;7;2015;09:00;0;RUA MARACANA;;;317;;Outros;Luz do Dia;Bom;Seca;Meio de Quadra;Não Há Controle;Residencial;0;0;1;0;0;0;1;0;0;0;0;0;;;;;
262248;29;7;2015;12:23;0;RUA CON DE CASTRO;;;;;Atropelamento;Luz do Dia;;;Meio de Quadra;;;0;2;0;0;0;0;0;0;0;1;0;0;-38,586245;-3,798827;;;
264755;29;7;2015;06:45;0;RUA GAL PIRAGIBE;;;;;Colisão;Luz do Dia;;;Meio de Quadra;;;0;1;1;0;0;0;1;0;0;1;0;0;;;;;
264756;29;7;2015;07:07;0;RUA DR GILBERTO STUDART;;;;;Colisão;Luz do Dia;;;Meio de Quadra;;;0;1;1;1;0;0;0;0;0;1;0;0;-38,479740;-3,744012;;;
264757;29;7;2015;07:09;0;AV GODOFREDO MACIEL;;;;;Colisão;Luz do Dia;;;Meio de Quadra;;;0;1;1;1;0;0;0;0;0;1;0;0;-38,572755;-3,805565;;;
264758;29;7;2015;07:11;0;AV ENG SANTANA JUNIOR;;;;;Colisão;Luz do Dia;;;Meio de Quadra;;;0;1;1;1;0;0;0;0;0;1;0;0;-38,481389;-3,734560;;;
264759;29;7;2015;07:48;0;RUA TEODOMIRO DE CASTRO;;;;;Colisão;Luz do Dia;;;Meio de Quadra;;;0;1;0;0;0;0;0;0;0;1;0;0;-38,576410;-3,717003;;;
264760;29;7;2015;07:51;13021;AV I CJ JOSE WALTER;AV A CJ JOSE WALTER;;;;Colisão;Luz do Dia;;;Cruz;Pare;Residencial;0;1;0;0;0;0;0;0;0;1;0;0;-38,550935;-3,825834;;;
264761;29;7;2015;07:57;0;RD BR 116;;;2000;KM-02;Queda;Luz do Dia;;;Meio de Quadra;;;0;1;0;0;0;0;0;0;0;1;0;0;-38,516780;-3,771391;;;
264762;29;7;2015;10:13;0;RUA SAO FRANCISCO D34;;;;;Atropelamento;Luz do Dia;;;Meio de Quadra;;;0;1;1;1;0;0;0;0;0;0;0;0;;;;;
264763;29;7;2015;10:22;0;ET PICI;;;;;Colisão;Luz do Dia;;;Meio de Quadra;;;0;1;1;1;0;0;0;0;0;1;0;0;;;;;
264764;29;7;2015;10:47;1433;RUA DES LEITE ALBUQUERQUE;RUA LEONARDO MOTA;;;;Atropelamento;Luz do Dia;;;Cruz;Semáforo;Comercial;0;1;1;0;0;0;0;0;0;1;0;0;-38,496708;-3,737862;;;
264769;29;7;2015;16:31;0;AV SEN FERNANDES TAVORA;;;;;Colisão;Luz do Dia;;;Meio de Quadra;;;0;1;1;1;0;0;0;0;0;1;0;0;;;;;
264770;29;7;2015;17:17;0;RUA DR WANDA SIDOU;;;;;Colisão;Anoitecer;;;Meio de Quadra;;;0;1;0;0;0;0;0;0;0;0;0;0;;;;;
264789;29;7;2015;18:42;11630;RUA PRO HERIBALDO COSTA;RUA BOA VISTA;;;;Colisão;;;;Cruz;Pare;Residencial;0;1;0;0;0;0;0;0;0;1;0;0;-38,588035;-3,767974;;;
264795;29;7;2015;19:31;0;AV MR HULL;;;;;Colisão;;;;Meio de Quadra;;;0;1;1;1;0;0;0;0;0;1;0;0;;;;;
264796;29;7;2015;21:59;0;AV PRO GOMES DE MATOS;;;;;Colisão;;;;Meio de Quadra;;;0;1;1;1;0;0;0;0;0;1;0;0;-38,541925;-3,756859;;;
264797;29;7;2015;22:19;0;RUA CON DE CASTRO;;;;;Colisão;;;;Meio de Quadra;;;0;1;1;1;0;0;0;0;0;1;0;0;;;;;
264798;29;7;2015;22:26;10999;RUA 15 DE NOVEMBRO;RUA ALBERTO MAGNO;;;;Colisão;;;;Cruz;Pare;Residencial;0;1;1;1;0;0;0;0;0;1;0;0;-38,553169;-3,769909;;;
264802;29;7;2015;22:56;14952;RUA CON DE CASTRO;RUA FERNANDO FARIAS DE MELO (MANUEL SÁTIRO);;;;Colisão;;;;Duplo T;Pare;Residencial;0;1;0;0;0;0;0;0;0;0;0;0;-38,578102;-3,790043;;;
270439;29;7;2015;11:00;5433;RUA METON DE ALENCAR;RUA MAJ FACUNDO;;;;Colisão;Luz do Dia;;;Cruz;Pare;Comercial;0;0;2;0;0;0;0;0;0;0;0;0;-38,529899;-3,733917;;;
270446;29;7;2015;16:18;12971;AV A CJ JOSE WALTER;RUA 7 CJ JOSE WALTER;;;;Colisão;Luz do Dia;;;;;;0;0;2;0;0;0;0;0;0;0;0;0;-38,557073;-3,823964;;;
270441;29;7;2015;11:27;0;AV DOS EXPEDICIONARIOS;;;5645;;Colisão;Luz do Dia;;;Meio de Quadra;;;0;0;2;0;0;0;0;0;0;0;0;0;;;;;
270443;29;7;2015;12:36;0;AV CENTRAL CJ CEARA;;;;;Colisão;Luz do Dia;;;Meio de Quadra;;;0;0;2;0;0;0;0;0;0;0;0;0;;;;;
270448;29;7;2015;22:10;25009;RUA TULIPA;RUA TEODOMIRO DE CASTRO;;;;Colisão;;;;;;;0;0;2;0;0;0;0;0;0;0;0;0;-38,579975;-3,715652;;;
270449;29;7;2015;23:06;5396;RUA SEN POMPEU;RUA GAL CLARINDO DE QUEIROZ;;;;Colisão;;;;Cruz;Semáforo;Comercial;0;0;2;0;0;0;0;0;0;0;0;0;-38,531279;-3,732353;;;
270450;30;7;2015;04:39;0;AV DEP PAULINO ROCHA;;;50;;Colisão;;;;Meio de Quadra;;;0;0;2;0;0;0;0;0;0;0;0;0;-38,507550;-3,802055;;;
270451;30;7;2015;09:20;17350;RUA BAR SOBRAL;RUA JOAO FIRMINO;;;;Colisão;Luz do Dia;;;Cruz;Pare;Residencial;0;0;2;0;0;0;0;0;0;0;0;0;-38,556531;-3,765714;;;
270452;30;7;2015;09:32;0;AV JOSE BASTOS;;;;;Colisão;Luz do Dia;;;Meio de Quadra;;;0;0;2;0;0;0;0;0;0;0;0;0;;;;;
270453;30;7;2015;10:25;64;RUA MARTINS NETO;RUA PDE PERDIGAO SAMPAIO;;;;Colisão;Luz do Dia;;;Cruz;Pare;Comercial;0;0;2;0;0;0;0;0;0;0;0;0;-38,594477;-3,741162;;;
270454;30;7;2015;11:41;0;RUA PERILIO TEIXEIRA;;;810;;Colisão;Luz do Dia;;;Meio de Quadra;;;0;0;2;0;0;0;0;0;0;0;0;0;-38,601401;-3,756989;;;
270455;30;7;2015;16:24;0;RUA TELES DE SOUZA;;;;;Colisão;Luz do Dia;;;Meio de Quadra;Semáforo;Comercial;0;0;2;0;0;0;0;0;0;0;0;0;;;;;
270456;30;7;2015;16:38;0;RUA OLIVEIRA SOBRINHO;;;346;;Colisão;Luz do Dia;;;Meio de Quadra;;;0;0;2;0;0;0;0;0;0;0;0;0;-38,585312;-3,783051;;;
270457;30;7;2015;22:08;0;RUA CARAMURU D45 (ITAPERI);;;269;;Colisão;;;;Meio de Quadra;;;0;0;2;0;0;0;0;0;0;0;0;0;-38,541132;-3,789110;;;
270458;30;7;2015;22:21;3819;AV CARAPINIMA;RUA JUVENAL GALENO;;;;Colisão;;;;Cruz;Semáforo;Comercial;0;0;2;0;0;0;0;0;0;0;0;0;-38,539176;-3,738998;;;
264803;30;7;2015;01:47;0;AV COS GOMES DE FREITAS (SAPIRANGA/COITE);;;;;Capotamento;;;;Meio de Quadra;;;0;1;0;1;0;0;0;0;0;0;0;0;;;;;
264804;30;7;2015;06:04;0;AV MR HULL;;;;;Queda;Luz do Dia;;;Meio de Quadra;;;0;1;0;0;0;0;0;0;0;1;0;0;-38,580937;-3,738105;;;
264815;30;7;2015;06:43;978;RD BR 116;AV BORGES DE MELO;;;;Atropelamento;Luz do Dia;;;T;Não Há Controle;Comercial;0;1;1;0;0;0;0;0;0;0;0;0;-38,518888;-3,761468;;;
264816;30;7;2015;06:52;0;AV JOSE BASTOS;;;;;Atropelamento;Luz do Dia;;;Meio de Quadra;;;0;1;1;1;0;0;0;0;0;0;0;0;;;;;
264817;30;7;2015;08:13;0;RD BR 116;;;2000;KM-02;Colisão;Luz do Dia;;;Meio de Quadra;;;0;1;1;1;0;0;0;0;0;1;0;0;-38,516780;-3,771391;;;
264819;30;7;2015;10:22;0;RUA ANDRE REBOUCAS;;;212;;Atropelamento;Luz do Dia;;;Meio de Quadra;;;1;0;1;1;0;0;0;0;0;0;0;0;-38,590116;-3,775103;;;
264820;30;7;2015;10:26;0;AV DUQ CAXIAS;;;;;Colisão;Luz do Dia;;;Meio de Quadra;;;0;1;1;1;0;0;0;0;0;1;0;0;;;;;
264822;30;7;2015;11:37;0;AV FRANCISCO SA;;;43;;Colisão;Luz do Dia;;;Meio de Quadra;;;0;1;1;0;0;0;0;0;0;0;0;0;;;;;
264823;30;7;2015;12:39;0;RUA HOLANDA;;;;;Colisão;Luz do Dia;;;Meio de Quadra;;;0;1;0;0;0;0;0;0;0;0;0;0;;;;;
264824;30;7;2015;13:24;5201;RUA FLORIANO PEIXOTO;RUA SAO PAULO;;;;Colisão;Luz do Dia;;;Cruz;Semáforo;Comercial;0;1;1;1;0;0;0;0;0;1;0;0;-38,526784;-3,726281;;;
264825;30;7;2015;14:13;0;RUA JOSE MENDONCA;;;;;Colisão;Luz do Dia;;;Meio de Quadra;;;0;1;0;0;0;0;0;0;0;0;0;0;-38,602795;-3,760374;;;
264829;30;7;2015;18:02;0;RUA GUILHERME ALENCAR;;;;;Colisão;Anoitecer;;;Meio de Quadra;;;0;1;1;1;0;0;0;0;0;1;0;0;-38,491800;-3,834915;;;
264830;30;7;2015;18:34;0;AV DOLOR BARREIRA;;;;;Atropelamento;Anoitecer;;;Meio de Quadra;;;0;1;1;0;0;0;0;0;0;1;0;0;-38,472630;-3,729238;;;
264832;30;7;2015;20:37;1516;AV PDE ANTONIO TOMAS;AV DES MOREIRA;;;;Colisão;;;;Cruz;Semáforo;Comercial;0;1;0;0;0;0;0;0;0;0;0;0;-38,499616;-3,740161;;;
264834;30;7;2015;02:42;0;AV BEZERRA DE MENEZES;;;;;Colisão;;;;Meio de Quadra;;;0;1;0;0;0;0;0;0;0;0;0;0;;;;;
264835;30;7;2015;06:04;0;RUA MARIA JULIA;;;;;Queda;Luz do Dia;;;Meio de Quadra;;;0;1;0;0;0;0;0;0;0;1;0;0;;;;;
255203;30;7;2015;04:15;0;AV ALBERTO NEPOMUCENO;;;146;;Colisão Lateral;Via Iluminada;Bom;Seca;Meio de Quadra;Não Há Controle;Comercial;0;0;2;1;0;0;0;0;0;0;0;0;-38,523816;-3,722354;;;
255211;30;7;2015;16:00;1406;AV DES MOREIRA;RUA DES LEITE ALBUQUERQUE;;;;Colisão Transversal;Luz do Dia;Bom;Seca;Cruz;Semáforo;Comercial;0;0;2;0;0;0;0;0;0;1;0;0;-38,498678;-3,737220;;;
255222;30;7;2015;20:10;0;RUA EMILIO DE MENESES;;;1293;;Colisão Transversal;Via Iluminada;Bom;Seca;Meio de Quadra;Não Há Controle;Residencial;0;0;2;1;0;0;0;0;0;1;0;0;-38,593047;-3,780167;;;
255208;30;7;2015;13:20;1351;RUA TIBURCIO CAVALCANTE;RUA DES LEITE ALBUQUERQUE;;;;Colisão Transversal;Luz do Dia;Bom;Seca;Cruz;Não Há Controle;Comercial;0;0;2;1;0;0;0;0;0;0;0;0;-38,502587;-3,735956;;;
255218;30;7;2015;23:00;19062;RUA DES WALDETARIO P MOTA;RUA PAULO MORAIS;;;;Colisão Transversal;Via Iluminada;Bom;Seca;Cruz;Pare;Comercial;0;1;1;1;0;0;0;0;0;0;0;0;-38,480491;-3,736632;;;
255219;30;7;2015;11:00;0;AV DUQ CAXIAS;;;1573;;Colisão Lateral;Luz do Dia;Bom;Seca;;;;0;1;1;1;0;0;0;0;0;1;0;0;-38,538343;-3,729050;;;
259567;30;7;2015;08:15;0;RD CE-060;;;;KM-03;Outros;Luz do Dia;Bom;Seca;Meio de Quadra;Não Há Controle;Comercial;0;1;0;0;0;0;0;0;0;1;0;0;-38,582776;-3,836637;;;
259568;30;7;2015;09:00;0;RD CE-060;;;4747;KM-02;Colisão;Luz do Dia;Bom;Seca;Meio de Quadra;;Comercial;0;2;1;0;0;0;1;0;0;1;0;0;-38,574608;-3,817124;;;
259098;30;7;2015;06:45;0;RD BR 116;;;2000;KM-02;Colisão Lateral;Luz do Dia;Bom;Seca;Meio de Quadra;Não Há Controle;Comercial;0;2;1;1;0;0;0;0;0;1;0;0;-38,516780;-3,771391;;;
259059;30;7;2015;11:30;0;RD BR 222;;;;KM-03;Colisão Traseira;Luz do Dia;Bom;Seca;Meio de Quadra;Não Há Controle;Comercial;0;1;2;1;0;0;0;0;0;1;0;0;-38,571997;-3,736999;;;
263232;30;7;2015;13:10;0;AV JOAO PESSOA;;;;;Colisão;Luz do Dia;;;Meio de Quadra;;;0;0;2;1;0;0;0;0;0;0;0;0;;;;;
263236;30;7;2015;23:22;15339;RUA ANA BILHAR;RUA FRE MANSUETO;;;;Colisão;;;;Cruz;Semáforo;Residencial;0;0;2;1;0;0;0;0;0;0;0;0;-38,488841;-3,731552;;;
263210;30;7;2015;09:18;12593;AV CEL CARVALHO;RUA MISERICORDIA;;;;Colisão;Luz do Dia;;;Cruz;Pare;Residencial;0;0;2;1;0;0;0;0;0;0;0;0;-38,585686;-3,725879;;;
255238;30;7;2015;14:00;20042;AV ALBERTO CRAVEIRO;AV DR SILAS MUNGUBA;;;;Colisão Lateral;Luz do Dia;Bom;Seca;Rotatória;Dê Preferência;Lazer;0;0;2;1;0;0;0;0;0;0;0;0;-38,524782;-3,807229;;;
255241;30;7;2015;10:30;15834;RUA TEN JURANDIR ALENCAR;RUA CEL FRANCISCO PEREIRA (MESSEJANA);;;;Colisão Lateral;Luz do Dia;Bom;Seca;Cruz;Semáforo;Comercial;0;0;2;1;0;0;1;0;0;0;0;0;-38,492929;-3,831773;;;
255233;30;7;2015;18:00;0;AV AGUANAMBI;;;94;;Colisão Lateral;Via Iluminada;Bom;Seca;Meio de Quadra;Semáforo;Comercial;0;0;2;1;1;0;0;0;0;0;0;0;-38,524263;-3,737727;;;
255230;30;7;2015;16:00;0;AV BEZERRA DE MENEZES;;;1256;;Colisão Traseira;Luz do Dia;Bom;Seca;Meio de Quadra;;Comercial;0;0;2;0;0;0;0;0;0;0;0;0;-38,556489;-3,734015;;;
255226;30;7;2015;16:30;0;AV 13 DE MAIO;;;1400;;Colisão Traseira;Luz do Dia;Bom;Seca;Meio de Quadra;Semáforo;Comercial;0;0;2;1;1;0;0;0;0;0;0;0;-38,531113;-3,747801;;;
255256;30;7;2015;16:00;24988;RUA FRE MANSUETO;RUA TAVARES COUTINHO;;;;Colisão Transversal;Luz do Dia;Bom;Seca;Cruz;Semáforo;Comercial;0;0;2;1;0;0;0;0;0;0;0;0;-38,488784;-3,732638;;;
255253;30;7;2015;15:45;281;AV JOVITA FEITOSA;RUA PRO RAIMUNDO VITOR;;;;Colisão Lateral;Luz do Dia;Bom;Seca;T;Pare;Comercial;0;1;1;1;0;0;0;0;0;1;0;0;-38,565085;-3,741618;;;
255249;30;7;2015;12:20;12762;AV BORGES DE MELO;RUA JORGE DUMAR;;;;Colisão Traseira;Luz do Dia;Bom;Seca;Cruz;Semáforo;Comercial;0;0;3;1;0;0;0;0;0;0;0;0;-38,539369;-3,752695;;;
255235;30;7;2015;20:00;0;RUA TAQUATIARA;;;;TERMINAL DE MESSEJANA;Colisão Traseira;Via Iluminada;Bom;Seca;Meio de Quadra;Não Há Controle;Residencial;0;0;2;1;0;0;0;0;1;0;0;0;;;;;
255244;30;7;2015;21:30;0;RUA ESIO LIMA VERDE;;;24;;Colisão Frontal;Mal Iluminada;Bom;Seca;Meio de Quadra;Não Há Controle;Residencial;0;1;1;0;1;0;0;0;1;0;0;0;-38,472135;-3,774056;;;
255260;30;7;2015;18:30;13416;AV RUI BARBOSA;RUA JOAO BRIGIDO;;;;Colisão Lateral;Via Iluminada;Bom;Seca;Cruz;Pare;Comercial;0;0;2;1;0;0;0;0;0;0;0;0;-38,511369;-3,741995;;;
255265;30;7;2015;07:40;0;RUA RIO GRANDE DO SUL;;;1377;;Colisão Transversal;Luz do Dia;Bom;Seca;Meio de Quadra;Não Há Controle;Residencial;0;0;2;1;0;0;0;0;0;0;0;0;-38,568688;-3,760368;;;
255271;30;7;2015;07:30;20042;AV ALBERTO CRAVEIRO;AV DEP PAULINO ROCHA;;;;Colisão Lateral;Luz do Dia;Bom;Seca;Rotatória;Dê Preferência;Comercial;0;1;1;1;0;0;0;0;0;1;0;0;-38,524782;-3,807229;;;
255287;30;7;2015;07:40;7833;AV BAR STUDART;RUA CEL ALVES TEIXEIRA;;;;Colisão Traseira;Luz do Dia;Bom;Seca;Cruz;Semáforo;Comercial;0;0;4;1;0;0;0;0;0;1;0;0;-38,510368;-3,746400;;;
255296;30;7;2015;08:10;7770;RUA JOSE VILAR;RUA TOMAS ACIOLI;;;;Colisão Lateral;Luz do Dia;Bom;Seca;Cruz;Pare;Residencial;0;0;2;1;1;0;0;0;0;0;0;0;-38,507807;-3,745503;;;
255297;30;7;2015;18:00;0;AV DOMINGOS OLIMPIO;;;1195;;Colisão Frontal;Anoitecer;Bom;Seca;Meio de Quadra;Outros;Comercial;0;0;3;1;0;0;0;0;0;0;0;0;-38,534135;-3,735606;;;
255283;30;7;2015;09:00;13497;RUA BAR ARACATI;RUA CEL ALVES TEIXEIRA;;;;Colisão Transversal;Luz do Dia;Bom;Seca;Cruz;Pare;Residencial;0;1;1;1;0;0;0;0;0;1;0;0;-38,516177;-3,745716;;;
255284;30;7;2015;09:00;0;AV AGUANAMBI;;;1001;;Colisão Traseira;Luz do Dia;Bom;Seca;Meio de Quadra;;Comercial;0;0;3;1;0;0;0;0;0;0;0;0;-38,525423;-3,745362;;;
255277;30;7;2015;15:30;0;AV GODOFREDO MACIEL;;;424;;Choque c/ Obstáculo Fixo;Luz do Dia;Bom;Seca;Meio de Quadra;Não Há Controle;Comercial;0;0;1;1;0;0;0;0;0;0;0;0;-38,564831;-3,779933;;;
255292;30;7;2015;08:46;24257;RUA MANUEL JESUINO;RUA TAVARES COUTINHO;;;;Colisão Lateral;Luz do Dia;Bom;Seca;Cruz;Semáforo;Residencial;0;1;1;0;1;0;0;0;0;1;0;0;-38,484965;-3,732500;;;
255304;30;7;2015;21:30;632;AV PASTEUR;RUA ENG JOAO NOGUEIRA;;;;Colisão Frontal;Via Iluminada;Bom;Seca;Cruz;Pare;Comercial;0;2;1;1;0;0;0;0;0;0;0;0;-38,559415;-3,712927;;;
264549;30;7;2015;01:27;22665;AV ENG LEAL LIMA VERDE (SAPIRANGA/COITE);AV COS GOMES DE FREITAS (SAPIRANGA/COITE);;;;Colisão;;;;Rotatória;Dê Preferência;Comercial;0;3;0;1;0;0;0;0;0;0;0;0;-38,475739;-3,795341;;;
264553;30;7;2015;05:30;0;AV PRS CASTELO BRANCO;;;255;BIBLIOTECA PÚBLICA;Colisão Lateral;Amanhecer;;;Meio de Quadra;;;0;1;0;1;0;0;0;0;0;0;0;0;-38,520828;-3,723277;;;
264556;30;7;2015;09:15;10999;RUA 15 DE NOVEMBRO;RUA ALBERTO MAGNO;;;;Colisão;Luz do Dia;;;Cruz;Pare;Residencial;0;2;0;1;0;0;0;0;0;1;0;0;-38,553169;-3,769909;;;
255385;31;7;2015;10:40;0;RUA JOAO CORDEIRO;;;1596;;Colisão Lateral;Luz do Dia;Bom;Seca;Meio de Quadra;Não Há Controle;Comercial;0;2;1;1;0;0;0;0;0;1;0;0;-38,515848;-3,734302;;;
255379;31;7;2015;22:00;0;RUA DEP MOREIRA DA ROCHA;;;1266;;Choque c/ Obstáculo Fixo;Via Iluminada;Bom;Molhada;Meio de Quadra;Não Há Controle;Residencial;0;0;2;1;0;0;0;0;0;0;0;0;-38,501514;-3,727943;;;
255405;31;7;2015;08:20;0;AV JOSE BASTOS;;;;;Colisão Lateral;Luz do Dia;Bom;Seca;Meio de Quadra;Semáforo Danificado;Comercial;0;0;3;1;0;0;0;0;0;1;0;0;;;;;
255413;31;7;2015;05:20;11339;AV GODOFREDO MACIEL;AV BENJAMIM BRASIL;;;;Colisão Traseira;Amanhecer;Bom;Seca;Cruz;Semáforo;Comercial;0;0;2;1;0;0;0;0;0;0;0;0;-38,572040;-3,803264;;;
255425;31;7;2015;12:15;0;AV BEZERRA DE MENEZES;;;;;Colisão Lateral;Luz do Dia;Bom;Seca;Meio de Quadra;Não Há Controle;Comercial;0;0;2;0;1;0;0;0;0;1;0;0;;;;;
255426;31;7;2015;15:00;0;AV DR SILAS MUNGUBA;;;3666;;Colisão Traseira;Luz do Dia;Bom;Seca;Meio de Quadra;Semáforo;Comercial;0;0;2;1;0;0;0;0;0;0;0;0;-38,540801;-3,790219;;;
255430;31;7;2015;17:30;0;RUA EDITE BRAGA;;;1401;;Colisão Lateral;Anoitecer;Bom;Seca;Meio de Quadra;Não Há Controle;Residencial;0;0;2;1;0;0;0;0;0;0;0;0;-38,548445;-3,761673;;;
255432;31;7;2015;19:31;0;RUA GERMANO FRANCK;;;;;Colisão Lateral;Via Iluminada;Bom;Seca;Meio de Quadra;Não Há Controle;Comercial;0;0;2;1;0;0;0;1;0;0;0;0;;;;;
255436;31;7;2015;16:20;0;AV ALBERTO CRAVEIRO;;;;;Colisão Traseira;Luz do Dia;Bom;Seca;Meio de Quadra;Pare;Comercial;0;0;2;1;0;0;0;0;0;0;0;0;;;;;
255437;31;7;2015;;0;RUA FIS VIEIRA;;;3456;;Colisão Traseira;Via Iluminada;Bom;Seca;Meio de Quadra;Não Há Controle;Residencial;0;0;3;1;0;0;0;0;0;0;0;0;-38,516276;-3,751664;;;
255438;31;7;2015;05:30;13586;RUA CAP GUSTAVO;RUA ANTONIO FURTADO;;;;Choque c/ Obstáculo Fixo;Amanhecer;Bom;Seca;T;Pare;Comercial;0;0;1;1;0;0;0;0;0;0;0;0;-38,517333;-3,752095;;;
255434;31;7;2015;11:45;12954;AV PRS COSTA E SILVA;RUA BERNARDO MANUEL;;;;Colisão Lateral;Luz do Dia;Bom;Seca;Cruz;Semáforo;Comercial;0;0;2;0;0;0;0;0;0;0;0;0;-38,558276;-3,821079;;;
255372;31;7;2015;15:20;1297;AV SANTOS DUMONT;RUA JOSE VILAR;;;;Colisão Traseira;Luz do Dia;Bom;Seca;Cruz;Não Há Controle;Comercial;0;0;2;1;0;0;0;0;0;0;0;0;-38,504194;-3,734337;;;
255365;31;7;2015;14:45;5440;AV HERACLITO GRACA;RUA RODRIGUES JUNIOR;;;;Colisão Traseira;Luz do Dia;Bom;Seca;Cruz;Não Há Controle;Comercial;0;0;2;1;0;0;0;0;0;0;0;0;-38,521831;-3,734374;;;
255362;31;7;2015;10:00;0;AV AGUANAMBI;;;1637;;Colisão Lateral;Luz do Dia;Bom;Seca;Meio de Quadra;Outros;Comercial;0;0;2;1;0;0;0;0;0;0;0;0;-38,523538;-3,751120;;;
255357;31;7;2015;09:20;0;RUA JOSE VILAR;;;800;;Colisão Lateral;Luz do Dia;Bom;Seca;Meio de Quadra;Não Há Controle;Comercial;0;0;2;1;0;0;1;0;0;0;0;0;-38,503542;-3,732271;;;
255360;31;7;2015;08:00;9020;RUA SALDANHA MARINHO;RUA JAIME BENEVOLO;;;;Colisão Lateral;Luz do Dia;Bom;Seca;Cruz;Semáforo;Comercial;0;0;2;1;0;0;0;0;0;1;0;0;-38,528994;-3,743046;;;
264849;31;7;2015;18:09;0;RUA CON DE CASTRO;;;;;Colisão;Anoitecer;;;Meio de Quadra;;;0;1;0;0;0;0;0;0;0;1;0;0;-38,604268;-3,821426;;;
264850;31;7;2015;18:13;0;AV MR HULL;;;;;Colisão;Anoitecer;;;Meio de Quadra;;;0;1;0;0;0;0;0;0;0;0;0;0;;;;;