COD_ACIDENTE;DIA;MES;ANO;HORA;INTERSECAO;LOG1;LOG2;LOG3;NUMERO;REFERENCIA;NATUREZA;ILUMINACAO;TEMPO;SUPERFICIEPISTA;TIPOCRUZAMENTO;CONTROLETRAFEGO;USOSOLO;MORTOS;FERIDOS;ILESOS;AUTOMOVEL;ONIBUS;BICICLETA;CAMINHAO;MICROONIBUS;CICLOMOTOR;MOTOCICLETA;TRACAOANIMAL;TREM;LONG;LAT;;;
264851;31;7;2015;18:17;0;RUA PRO HERIBALDO COSTA;;;;;Colisão;Anoitecer;;;Meio de Quadra;;;0;1;1;1;0;0;0;0;0;1;0;0;;;;;
264852;31;7;2015;18:25;0;RUA PORTO VELHO;;;;;Colisão;Anoitecer;;;Meio de Quadra;;;0;1;0;0;0;0;0;0;0;0;0;0;;;;;
264861;31;7;2015;19:09;0;AV MR HULL;;;;;Colisão;;;;Meio de Quadra;;;0;1;1;1;0;0;0;0;0;1;0;0;;;;;
264865;31;7;2015;19:48;0;AV GAL OSORIO DE PAIVA;;;;;Colisão;;;;Meio de Quadra;;;0;1;1;1;0;0;0;0;0;1;0;0;;;;;
264866;31;7;2015;20:56;0;AV CONTORNO SUL;;;;;Colisão;;;;Meio de Quadra;;;0;1;1;1;0;0;0;0;0;1;0;0;-38,517891;-3,836082;;;
264867;31;7;2015;21:09;0;RUA CEL VIRGILIO NOGUEIRA (BOM JARDIM);;;;;Atropelamento;;;;Meio de Quadra;;;0;1;1;0;0;0;0;0;0;1;0;0;;;;;
264870;31;7;2015;22:17;3767;AV IMPERADOR;AV DOMINGOS OLIMPIO;;;;Colisão;;;;Cruz;Semáforo;Comercial;0;1;1;1;0;0;0;0;0;1;0;0;-38,536697;-3,734790;;;
264871;31;7;2015;22:22;0;AV PERIMETRAL;;;;;Colisão;;;;Meio de Quadra;;;0;1;1;0;0;0;0;0;0;0;0;0;;;;;
264872;31;7;2015;22:51;0;AV VICENTE DE CASTRO;;;6870;;Colisão;;;;Meio de Quadra;;;0;2;0;1;0;0;0;0;0;1;0;0;-38,471203;-3,709002;;;
264873;31;7;2015;22:55;0;RUA TEODOMIRO DE CASTRO;;;;;Queda;;;;Meio de Quadra;;;0;1;0;0;0;0;0;0;0;1;0;0;;;;;
264874;31;7;2015;23:32;0;AV GAL OSORIO DE PAIVA;;;;;Colisão;;;;Meio de Quadra;;;0;1;0;1;1;0;0;0;0;0;0;0;;;;;
264876;31;7;2015;23:46;0;RUA DR ESTENIO GOMES;;;;;Colisão;;;;Meio de Quadra;;;0;0;2;1;0;0;0;0;0;1;0;0;;;;;
255319;31;7;2015;14:00;0;RUA PRO OTAVIO LOBO;;;540;;Colisão Lateral;Luz do Dia;Bom;Seca;Meio de Quadra;Pare;Residencial;0;0;3;0;1;0;0;0;0;0;0;0;-38,478347;-3,743665;;;
255327;31;7;2015;13:20;0;AV VICENTE DE CASTRO;;;6070;;Colisão Lateral;Luz do Dia;Bom;Material Derrapante;Meio de Quadra;Não Há Controle;Industrial;0;1;2;0;0;0;1;0;0;1;0;0;-38,472228;-3,711400;;;
255282;31;7;2015;08:00;0;AV PRS COSTA E SILVA;;;;;Colisão Transversal;Luz do Dia;Bom;Seca;Meio de Quadra;Não Há Controle;Residencial;0;2;1;1;0;0;0;0;0;1;0;0;-38,537464;-3,826378;;;
255286;31;7;2015;08:30;0;RUA GERMANO FRANCK;;;720;TERMINAL PARANGABA;Colisão Lateral;Luz do Dia;Bom;Seca;Meio de Quadra;Não Há Controle;Residencial;0;0;2;1;0;0;0;0;0;1;0;0;-38,562071;-3,777298;;;
255291;31;7;2015;14:40;15815;RUA MANUEL CASTELO BRANCO;RUA CEL GUILHERME ALENCAR;;;;;Luz do Dia;Bom;Seca;Cruz;Pare;Comercial;0;0;2;1;0;0;0;0;0;0;0;0;-38,491829;-3,831934;;;
255274;31;7;2015;10:00;7426;AV SEN FERNANDES TAVORA;RUA NATAL;;;;Colisão Lateral;Luz do Dia;Bom;Seca;Cruz;Não Há Controle;Residencial;0;0;2;1;0;0;0;0;0;0;0;0;-38,590172;-3,757915;;;
255261;31;7;2015;15:30;7401;AV SEN FERNANDES TAVORA;RUA AUDISIO PINHEIRO;;;;;Luz do Dia;Bom;;Cruz;Semáforo;Comercial;0;0;2;1;0;0;0;0;0;0;0;0;-38,588886;-3,758593;;;
255243;31;7;2015;17:30;13375;AV ANTONIO SALES;RUA HENRIQUE RABELO;;;;Colisão Lateral;Anoitecer;Bom;Seca;Cruz;Pare;Comercial;0;1;1;1;0;0;0;0;0;1;0;0;-38,521352;-3,739540;;;
255254;31;7;2015;12:20;7892;RUA PRO FRANCISCO GONCALVES;RUA PRO DIAS DA ROCHA;;;;Colisão Lateral;Luz do Dia;Bom;Seca;Cruz;Pare;Comercial;0;1;1;0;0;0;0;0;0;1;0;0;-38,495852;-3,748582;;;
255227;31;7;2015;10:50;13586;RUA CAP GUSTAVO;RUA ANTONIO FURTADO;;;;Colisão Transversal;Luz do Dia;Bom;Seca;T;Pare;Comercial;0;0;2;1;0;0;0;0;0;0;0;0;-38,517333;-3,752095;;;
255234;31;7;2015;12:30;2604;AV CEL CARVALHO;RUA ARQUIMEDES MEMORIA;;;;Outros;Luz do Dia;Nublado;Seca;T;Gesto;Residencial;0;0;1;0;0;0;1;0;0;0;0;0;-38,589014;-3,713096;;;
255239;31;7;2015;14:40;0;AV FRANCISCO SA;;;2410;;Colisão Transversal;Luz do Dia;Bom;Seca;Meio de Quadra;Não Há Controle;Residencial;0;0;2;1;0;0;1;0;0;0;0;0;-38,547906;-3,720520;;;
255353;31;7;2015;09:15;19053;AV ENG SANTANA JUNIOR;RUA EDUARDO SABOIA;;;;Colisão Lateral;Luz do Dia;Bom;Seca;T;Não Há Controle;Comercial;0;0;2;0;1;0;0;0;0;1;0;0;-38,482443;-3,736244;;;
255333;31;7;2015;08:40;0;RUA EDITE BRAGA;;;301;;Colisão Lateral;Luz do Dia;Bom;Seca;Meio de Quadra;Pare;Residencial;0;0;2;1;0;0;0;0;0;0;0;0;-38,542240;-3,754343;;;
255339;31;7;2015;13:40;7860;AV ANTONIO SALES;AV SEN VIRGILIO TAVORA;;;;Colisão Traseira;Luz do Dia;Bom;Seca;Cruz;Semáforo;Residencial;0;0;2;1;0;0;0;0;0;0;0;0;-38,496500;-3,747279;;;
255344;31;7;2015;08:00;20023;AV DR SILAS MUNGUBA;AV HEROIS DO ACRE;;;;Colisão Lateral;Luz do Dia;Bom;Seca;Cruz;Semáforo;Comercial;0;0;2;1;1;0;0;0;0;0;0;0;-38,528540;-3,803079;;;
255346;31;7;2015;17:30;13264;RUA 60 CJ JOSE WALTER;RUA 49 CJ JOSE WALTER;;;;Colisão Lateral;Luz do Dia;Bom;Seca;Cruz;Não Há Controle;Residencial;0;0;2;1;0;0;0;0;1;0;0;0;-38,557030;-3,837154;;;
255349;31;7;2015;17:00;0;AV N CJ JOSE WALTER;;;751;;Colisão Lateral;Luz do Dia;Bom;Seca;Meio de Quadra;Não Há Controle;Residencial;0;0;2;1;0;0;0;0;0;1;0;0;-38,559544;-3,828346;;;
263249;31;7;2015;16:25;0;AV JOAO PESSOA;RUA PRO COSTA MENDES;;;;Colisão;Luz do Dia;;;;;;0;0;2;1;0;0;0;0;0;0;0;0;;;;;
263253;31;7;2015;16:51;15290;RUA JOAQUIM NABUCO;RUA CANUTO DE AGUIAR;;;;Colisão;Luz do Dia;;;Cruz;Pare;Residencial;0;0;2;1;0;0;0;0;0;0;0;0;-38,499390;-3,729360;;;
263258;31;7;2015;22:40;0;RUA GUILHERME ROCHA;RUA COS ESTELITA;;;;Colisão;;;;;;;0;0;2;1;0;0;0;0;0;0;0;0;;;;;
259060;31;7;2015;19:00;0;RD BR 222;;;;KM-01;Atropelamento;Via Iluminada;Bom;Seca;Meio de Quadra;Não Há Controle;Comercial;1;1;0;0;0;0;0;0;0;1;0;0;-38,577952;-3,737774;;;
263246;31;7;2015;14:59;6818;RUA FRANCISCO MATOS;RUA DR GILBERTO STUDART;;;;Colisão;Luz do Dia;;;Cruz;Pare;Residencial;0;0;2;1;0;0;0;0;0;0;0;0;-38,470191;-3,747084;;;
259570;31;7;2015;10:20;0;RD CE-040;;;;KM-04;Colisão;Luz do Dia;Bom;Seca;Meio de Quadra;;Comercial;0;0;2;1;0;0;0;0;0;0;0;0;-38,480251;-3,792050;;;
259571;31;7;2015;10:21;0;RD CE-040;;;;KM-06;Colisão;Luz do Dia;Bom;Seca;Meio de Quadra;;Comercial;0;0;2;1;0;0;0;0;0;0;0;0;-38,478781;-3,811270;;;
259573;31;7;2015;17:30;0;RD CE-040;;;;KM-06;Colisão;Anoitecer;Bom;Seca;Meio de Quadra;;Comercial;0;0;2;1;0;0;0;0;0;0;0;0;-38,478781;-3,811270;;;
259574;31;7;2015;17:30;0;RD CE-040;;;;KM-07;Colisão;Anoitecer;Bom;Seca;Meio de Quadra;;Comercial;0;0;2;0;0;0;0;0;0;0;0;0;-38,483160;-3,817953;;;
259576;31;7;2015;19:00;0;AV SEN CARLOS JEREISSATI (AEROPORTO);;;;;Colisão;Via Iluminada;Bom;Seca;Meio de Quadra;;Comercial;0;2;0;0;0;1;0;0;0;1;0;0;;;;;
259464;31;7;2015;18:00;0;AV SEN CARLOS JEREISSATI (AEROPORTO);;;;KM 02;Colisão;Anoitecer;;Seca;Meio de Quadra;;;0;1;1;1;0;0;0;0;0;1;0;0;-38,529156;-3,783932;;;
255220;31;7;2015;17:30;15126;AV HIS RAIMUNDO GIRAO;AV RUI BARBOSA;;;;Colisão Lateral;Anoitecer;Bom;Seca;Cruz;Semáforo;Comercial;0;0;2;1;0;0;0;0;0;1;0;0;-38,505405;-3,723546;;;
255217;31;7;2015;09:00;0;RUA MARIA TOMASIA;;;555;;Choque c/ Obstáculo Fixo;Luz do Dia;Bom;Seca;Meio de Quadra;Não Há Controle;Comercial;0;0;2;0;0;0;1;0;0;0;0;0;;;;;
255212;31;7;2015;22:20;15194;RUA ILDEFONSO ALBANO;RUA DEP MOREIRA DA ROCHA;;;;Queda;Via Iluminada;Bom;Seca;Cruz;Pare;Residencial;0;1;2;1;0;0;0;0;0;1;0;0;-38,511072;-3,726480;;;
255206;31;7;2015;18:30;0;AV OLIVEIRA PAIVA;;;2061;;Colisão Traseira;Via Iluminada;Bom;Seca;Meio de Quadra;Semáforo;Comercial;0;0;2;0;0;0;0;0;0;1;0;0;-38,488030;-3,796209;;;
255200;31;7;2015;19:00;0;AV BORGES DE MELO;;;2121;;Colisão Lateral;Via Iluminada;Bom;Seca;Meio de Quadra;Outros;Residencial;0;0;2;1;0;0;0;0;0;0;0;0;-38,537014;-3,753959;;;
264836;31;7;2015;07:33;0;AV PRS COSTA E SILVA;;;;;Colisão;Luz do Dia;;;Meio de Quadra;;;0;1;1;1;0;0;0;0;0;1;0;0;-38,537464;-3,826378;;;
264838;31;7;2015;08:20;5214;RUA PEREIRA FILGUEIRAS;RUA DNA LEOPOLDINA;;;;Colisão;Luz do Dia;;;Cruz;Semáforo;Comercial;0;1;1;1;0;0;0;0;0;1;0;0;-38,518167;-3,726647;;;
264846;31;7;2015;16:44;0;AV PRS CASTELO BRANCO;;;;;Colisão;Luz do Dia;;;Meio de Quadra;;;0;1;1;1;0;0;0;0;0;1;0;0;;;;;
264847;31;7;2015;17:02;0;RUA PEDRO DANTAS;;;;;Atropelamento;Anoitecer;;;Meio de Quadra;;;0;1;1;1;0;0;0;0;0;0;0;0;;;;;
264843;31;7;2015;14:31;23047;AV DR SILAS MUNGUBA;RUA GIRASSOL;;;;Colisão;Luz do Dia;;;Cruz;Outros;Comercial;0;1;1;1;0;0;0;0;0;1;0;0;-38,537818;-3,791235;;;
264844;31;7;2015;16:05;0;AV WASHINGTON SOARES;;;;;Atropelamento;Luz do Dia;;;Meio de Quadra;;;0;1;1;1;0;0;0;0;0;0;0;0;-38,485082;-3,758550;;;
270459;31;7;2015;14:44;0;AV CASTELO DE CASTRO;;;1592;;Colisão;Luz do Dia;;;Meio de Quadra;;;0;0;2;0;0;0;0;0;0;0;0;0;;;;;
270460;31;7;2015;15:22;0;RUA JOSE HIPOLITO;;;1019;;Colisão;Luz do Dia;;;Meio de Quadra;;;0;0;2;0;0;0;0;0;0;0;0;0;-38,487111;-3,835207;;;
270461;31;7;2015;15:48;17932;RUA GAL GOIS MONTEIRO;RUA DRACON BARRETO;;;;Colisão;Luz do Dia;;;Cruz;Pare;Residencial;0;0;2;0;0;0;0;0;0;0;0;0;-38,579178;-3,733801;;;
270462;31;7;2015;15:58;0;RUA PRO HERIBALDO COSTA;;;774;;Atropelamento;Luz do Dia;;;Meio de Quadra;;;0;0;2;0;0;0;0;0;0;0;0;0;-38,583478;-3,759278;;;
270463;31;7;2015;16:14;0;AV OLIVEIRA PAIVA;;;1556;;Colisão;Luz do Dia;;;Meio de Quadra;;;0;0;2;0;0;0;0;0;0;0;0;0;;;;;
270464;31;7;2015;17:01;0;RUA RIO GRANDE DO SUL;;;1155;;Colisão;Anoitecer;;;Meio de Quadra;;;0;0;2;0;0;0;0;0;0;0;0;0;-38,567603;-3,758686;;;
270465;31;7;2015;17:14;0;AV GODOFREDO MACIEL;;;4000;;Colisão;Anoitecer;;;Meio de Quadra;;;0;0;2;0;0;0;0;0;0;0;0;0;-38,573939;-3,809372;;;
270466;31;7;2015;17:20;0;ET PAVUNA;;;161;;Colisão;Anoitecer;;;Meio de Quadra;;;0;0;2;0;0;0;0;0;0;0;0;0;-38,558554;-3,819062;;;
270467;31;7;2015;18:15;10344;RUA PERILIO TEIXEIRA;RUA PORTO DAS ROSAS;;;;Colisão;Anoitecer;;;;;;0;0;2;0;0;0;0;0;0;0;0;0;-38,601385;-3,756908;;;
270468;31;7;2015;18:44;0;AV CEL CARVALHO;;;;;Colisão;;;;Meio de Quadra;;;0;0;2;0;0;0;0;0;0;0;0;0;;;;;
270469;31;7;2015;20:19;0;LOGRADOURO SEM NOME;;;;;Choque c/ Obstáculo Fixo;;;;Meio de Quadra;;;0;0;2;0;0;0;0;0;0;0;0;0;;;;;
270470;31;7;2015;20:30;0;RUA CORREIA LIMA D39;;;;;Colisão;;;;Meio de Quadra;;;0;0;2;0;0;0;0;0;0;0;0;0;;;;;
270471;31;7;2015;20:32;24904;RUA ROSINHA SAMPAIO;RUA PEDRO FERREIRA;;;;Colisão;;;;Cruz;Não Há Controle;Residencial;0;0;2;0;0;0;0;0;0;0;0;0;-38,599496;-3,723605;;;
270472;31;7;2015;20:34;0;RUA CUIABA;;;;;Colisão;;;;Meio de Quadra;;;0;0;2;0;0;0;0;0;0;0;0;0;;;;;
270473;31;7;2015;20:58;25681;RUA CEL MANUEL ANTONIO LEITE;RUA VALDEMAR HOLANDA;;;;Choque c/ Obstáculo Fixo;;;;Cruz;Não Há Controle;Residencial;0;0;1;0;0;0;0;0;0;0;0;0;-38,590951;-3,772499;;;
270474;31;7;2015;21:44;0;LOGRADOURO SEM NOME;;;;;Colisão;;;;Meio de Quadra;;;0;0;2;0;0;0;0;0;0;0;0;0;;;;;
270475;31;7;2015;22:43;0;RUA 113 CJ CEARA;;;;;Colisão;;;;Meio de Quadra;;;0;0;2;0;0;0;0;0;0;0;0;0;;;;;
270476;31;7;2015;22:52;0;AV DR SILAS MUNGUBA;;;953;;Colisão;;;;Meio de Quadra;;;0;0;2;0;0;0;0;0;0;0;0;0;-38,557195;-3,781419;;;
270477;31;7;2015;22:59;1450;RUA JOSE VILAR;RUA JOAO CARVALHO;;;;Colisão;;;;Cruz;Semáforo;Residencial;0;0;2;0;0;0;0;0;0;0;0;0;-38,505477;-3,738318;;;
270478;31;7;2015;23:13;22353;RUA AMADEU FURTADO;AV BEZERRA DE MENEZES;;;;Colisão;;;;Cruz;Semáforo;Comercial;0;0;2;0;0;0;0;0;0;0;0;0;-38,564151;-3,735601;;;
270479;31;7;2015;00:02;0;RUA RAIMUNDO NERY;;;297;;Colisão;;;;Meio de Quadra;;;0;0;2;0;0;0;0;0;0;0;0;0;-38,586012;-3,795143;;;
264576;31;7;2015;21:13;19469;AV GAL OSORIO DE PAIVA;AV AUGUSTO DOS ANJOS;;;;Colisão;;;;Outros;Pare;Misto;0;1;0;1;0;0;0;0;0;1;0;0;-38,584939;-3,787349;;;
259460;1;8;2015;14:10;0;AV SEN CARLOS JEREISSATI (AEROPORTO);;;;KM 03;Colisão;Luz do Dia;;Seca;Meio de Quadra;;;0;0;2;1;0;0;0;0;0;0;0;0;-38,541414;-3,780382;;;
263457;1;8;2015;12:42;0;RUA BERNARDO MANUEL;;;;;Colisão;Luz do Dia;;;Meio de Quadra;;;0;0;2;1;0;0;0;0;0;0;0;0;;;;;
259100;1;8;2015;07:25;0;RD BR 116;;;5000;KM-05;Colisão Traseira;Luz do Dia;Bom;Seca;Meio de Quadra;Não Há Controle;Comercial;0;0;3;1;0;0;0;1;0;0;0;0;-38,506787;-3,796502;;;
255332;1;8;2015;07:00;17315;RUA DES PRAXEDES;RUA PDE JOAO PIAMARTA;;;;Colisão Transversal;Luz do Dia;Bom;Seca;Cruz;Pare;Residencial;0;0;2;0;0;0;0;0;0;0;0;0;-38,543546;-3,762866;;;
255231;1;8;2015;;0;RUA BENEDITO MACEDO;;;;;Choque c/ Obstáculo Fixo;Via Iluminada;Bom;Seca;Meio de Quadra;Não Há Controle;Industrial;0;0;1;1;0;0;0;0;0;0;0;0;;;;;
255252;1;8;2015;20:00;0;AV CEL CARVALHO;;;;;Colisão Traseira;Via Iluminada;Bom;Seca;Meio de Quadra;Outros;Comercial;0;0;2;1;1;0;0;0;0;0;0;0;;;;;
255258;1;8;2015;18:00;1485;RUA PDE VALDEVINO;RUA ANTONIO AUGUSTO;;;;Colisão Lateral;;Bom;Seca;Cruz;Pare;Comercial;0;1;1;1;0;0;0;0;0;1;0;0;-38,516489;-3,739239;;;
255247;1;8;2015;13:30;0;AV PRO GOMES DE MATOS;;;1173;;Colisão Traseira;Luz do Dia;Bom;Seca;Meio de Quadra;Semáforo;Comercial;0;0;2;1;1;0;0;0;0;0;0;0;-38,547023;-3,762804;;;
255268;1;8;2015;02:00;0;AV DR SILAS MUNGUBA;;;;;Colisão Transversal;Via Iluminada;Bom;;Meio de Quadra;Semáforo;Comercial;0;0;2;1;1;0;0;0;0;0;0;0;;;;;
255275;1;8;2015;18:10;10749;AV SEN FERNANDES TAVORA;RUA PRO HERIBALDO COSTA;;;;Colisão Traseira;Via Iluminada;Bom;Seca;Cruz;Semáforo;Comercial;0;0;2;1;1;0;0;0;0;0;0;0;-38,584384;-3,761006;;;
255281;1;8;2015;14:00;0;RUA CASTRO E SILVA;;;;;Colisão Lateral;Luz do Dia;Bom;Seca;Meio de Quadra;Não Há Controle;Comercial;0;0;2;1;0;0;0;0;0;0;0;0;;;;;
255330;1;8;2015;14:00;0;RUA JOAQUIM TORRES;;;465;;Colisão Transversal;Luz do Dia;Bom;Seca;Meio de Quadra;Outros;Residencial;0;0;2;1;0;0;0;0;0;0;0;0;-38,518772;-3,741434;;;
255315;1;8;2015;05:40;5305;RUA SENA MADUREIRA;RUA MON LUIS ROCHA;;;;Choque c/ Obstáculo Fixo;;Bom;Seca;;;Comercial;0;0;1;1;0;0;0;0;0;0;0;0;-38,525666;-3,729618;;;
255316;1;8;2015;13:00;0;AV PRS COSTA E SILVA;;;1717;;Colisão;Luz do Dia;Bom;Seca;Meio de Quadra;;Comercial;1;1;0;0;0;0;0;0;0;1;0;0;-38,566965;-3,816840;;;
255300;1;8;2015;23:40;0;RUA ADOLFO CAMINHA;;;37;;Colisão Transversal;Luz do Dia;Bom;Seca;Meio de Quadra;Não Há Controle;Outros;0;0;2;1;0;0;0;0;0;0;0;0;-38,523629;-3,721193;;;
255306;1;8;2015;00:55;5468;RUA BAR ARATANHA;RUA ANTONIO POMPEU;;;;Colisão Transversal;Via Iluminada;Nublado;Molhada;Cruz;Semáforo;Residencial;0;0;2;1;0;0;0;0;0;0;0;0;-38,527351;-3,735826;;;
255295;1;8;2015;16:30;0;AV CASTELO DE CASTRO;;;924;;Colisão Lateral;Luz do Dia;Bom;Seca;Meio de Quadra;Pare;Comercial;0;0;2;1;0;0;0;0;0;0;0;0;-38,521716;-3,837888;;;
255310;1;8;2015;11:30;15194;RUA DEP MOREIRA DA ROCHA;RUA ILDEFONSO ALBANO;;;;Colisão Transversal;Luz do Dia;Bom;Seca;Cruz;Pare;Residencial;0;1;1;1;0;0;0;0;0;1;0;0;-38,511072;-3,726480;;;
269607;1;8;2015;22:36;0;AV I CJ JOSE WALTER;;;;;Colisão;;;;Meio de Quadra;;;0;0;2;0;0;0;0;0;0;0;0;0;;;;;
269610;1;8;2015;22:58;0;AV SANTOS DUMONT;;;;;Colisão;;;;Meio de Quadra;;;0;0;2;0;0;0;0;0;0;0;0;0;;;;;
269602;1;8;2015;21:49;22120;RUA CEL NUNES DE MELO;RUA PRO COSTA MENDES;;;;Atropelamento;;;;Cruz;Pare;Comercial;0;0;2;0;0;0;0;0;0;0;0;0;-38,553197;-3,749003;;;
269589;1;8;2015;20:18;0;AV PERIMETRAL;;;;;Colisão;;;;Meio de Quadra;;;0;0;2;0;0;0;0;0;0;0;0;0;;;;;
269600;1;8;2015;21:23;21979;RUA GAL BERNARDO FIGUEIREDO;RUA PRO RAIMUNDO ARRUDA;;;;Colisão;;;;Cruz;Pare;Residencial;0;0;2;0;0;0;0;0;0;0;0;0;-38,550840;-3,739476;;;
269593;1;8;2015;20:53;15348;RUA PRO DIAS DA ROCHA;RUA CANUTO DE AGUIAR;;;;Colisão;;;;Cruz;Pare;Misto;0;0;2;0;0;0;0;0;0;0;0;0;-38,490611;-3,732186;;;
269597;1;8;2015;21:17;0;RUA CARVALHO JUNIOR;;;;;Atropelamento;;;;Meio de Quadra;;;0;0;2;0;0;0;0;0;0;0;0;0;;;;;
269574;1;8;2015;18:12;0;RUA GUILHERME ASSUNCAO;;;;;Colisão;Anoitecer;;;Meio de Quadra;;;0;0;2;0;0;0;0;0;0;0;0;0;;;;;
269578;1;8;2015;19:38;18744;RUA CODO;RUA DALVA DE OLIVEIRA;;;;Choque c/ Obstáculo Fixo;;;;;;;0;0;1;0;0;0;0;0;0;0;0;0;-38,521891;-3,848308;;;
269579;1;8;2015;20:06;0;AV DOS EXPEDICIONARIOS;;;;;Colisão;;;;Meio de Quadra;;;0;0;2;0;0;0;0;0;0;0;0;0;;;;;
269576;1;8;2015;18:24;0;AV CONTORNO SUL;;;;;Colisão;Anoitecer;;;Meio de Quadra;;;0;0;2;0;0;0;0;0;0;0;0;0;;;;;
269572;1;8;2015;18:00;6804;RUA ALMEIDA PRADO;RUA BENTO ALBUQUERQUE;;;;Colisão;Anoitecer;;;Cruz;Pare;Residencial;0;0;2;0;0;0;0;0;0;0;0;0;-38,475918;-3,746101;;;
269570;1;8;2015;16:05;0;AV OLIVEIRA PAIVA;;;;;Colisão;Luz do Dia;;;Meio de Quadra;;;0;0;2;0;0;0;0;0;0;0;0;0;;;;;
269567;1;8;2015;15:12;0;RUA BRILHANTE;;;;;Atropelamento;Luz do Dia;;;Meio de Quadra;;;0;0;2;0;0;0;0;0;0;0;0;0;;;;;
269568;1;8;2015;16:05;0;RUA JOSE MENDONCA;;;;;Colisão;Luz do Dia;;;Meio de Quadra;;;0;0;2;0;0;0;0;0;0;0;0;0;;;;;
269557;1;8;2015;12:46;0;RUA TRÊS (MESSEJANA);;;;;Colisão;Luz do Dia;;;Meio de Quadra;;;0;0;2;0;0;0;0;0;0;0;0;0;;;;;
269547;1;8;2015;12:39;0;RUA JOAO AREAS;;;;;Colisão;Luz do Dia;;;;;;0;0;2;0;0;0;0;0;0;0;0;0;;;;;
269549;1;8;2015;13:48;17579;RUA ESPIRITO SANTO;RUA PIAUI;;;;Colisão;Luz do Dia;;;Cruz;Não Há Controle;Comercial;0;0;2;0;0;0;0;0;0;0;0;0;-38,566924;-3,750946;;;
269539;1;8;2015;11:23;0;RUA PDE PEDRO DE ALENCAR;;;;;Colisão;Luz do Dia;;;Meio de Quadra;;;0;0;2;0;0;0;0;0;0;0;0;0;;;;;
269537;1;8;2015;11:20;22905;RUA DR JUSTA ARAUJO D45;RUA PDE NOBREGA;;;;Colisão;Luz do Dia;;;;;;0;0;2;0;0;0;0;0;0;0;0;0;-38,552507;-3,782321;;;
269533;1;8;2015;11:07;9904;ET DO JATOBA;RUA JOAO GENTIL;;;;Atropelamento;Luz do Dia;;;T;;Residencial;0;0;2;0;0;0;0;0;0;0;0;0;-38,626124;-3,791072;;;
269526;1;8;2015;11:01;7211;AV PRS CASTELO BRANCO;AV DR THEBERGE;;;;Colisão;Luz do Dia;;;Cruz;Semáforo;Comercial;0;0;2;0;0;0;0;0;0;0;0;0;-38,563456;-3,710079;;;
269522;1;8;2015;;10695;RUA PRO HERIBALDO COSTA;RUA MON HIPOLITO BRASIL;;;;Colisão;;;;Cruz;Pare;Comercial;0;0;2;0;0;0;0;0;0;0;0;0;-38,582275;-3,757069;;;
269516;1;8;2015;08:56;9157;AV LUCIANO CARNEIRO;RUA JAIME BENEVOLO;;;;Colisão;Luz do Dia;;;Cruz;Semáforo;Residencial;0;0;2;0;0;0;0;0;0;0;0;0;-38,532033;-3,749679;;;
269514;1;8;2015;08:51;1287;RUA PINTO MADEIRA;RUA BAR ARACATI;;;;Colisão;Luz do Dia;;;Cruz;Pare;Residencial;0;0;2;0;0;0;0;0;0;0;0;0;-38,512278;-3,733944;;;
269511;1;8;2015;07:52;0;RUA DR BERNARDO DE CASTRO FEITOSA;;;;;Choque c/ Obstáculo Fixo;Luz do Dia;;;Meio de Quadra;;;0;0;1;0;0;0;0;0;0;0;0;0;;;;;
269506;1;8;2015;07:01;710;RUA JOAO RIBEIRO;RUA ACUCENA;;;;Choque c/ Obstáculo Fixo;Luz do Dia;;;;Pare;Rural;0;0;1;0;0;0;0;0;0;0;0;0;-38,567855;-3,719825;;;
269494;1;8;2015;00:14;0;RUA DES WALDETARIO P MOTA;;;;;Colisão;;;;Meio de Quadra;;;0;0;2;0;0;0;0;0;0;0;0;0;;;;;
269495;1;8;2015;00:24;0;AV 13 DE MAIO;;;;;Colisão;;;;Meio de Quadra;;;0;0;2;0;0;0;0;0;0;0;0;0;;;;;
269501;1;8;2015;02:47;0;RUA ANA BILHAR;;;;;Atropelamento;;;;Meio de Quadra;;;0;0;2;0;0;0;0;0;0;0;0;0;;;;;
269498;1;8;2015;01:49;15152;AV ABOLICAO;AV BAR STUDART;;;;Colisão;;;;;;;0;0;2;0;0;0;0;0;0;0;0;0;-38,503445;-3,724762;;;
264877;1;8;2015;00:59;0;AV HEROIS DO ACRE;;;;;Queda;;;;Meio de Quadra;;;0;1;0;0;0;0;0;0;0;1;0;0;;;;;
264878;1;8;2015;02:23;0;AV MAJ ASSIS;;;;;Queda;;;;Meio de Quadra;;;0;1;0;0;0;0;0;0;0;1;0;0;-38,590397;-3,723259;;;
264879;1;8;2015;02:25;0;RD BR 116;;;;;Colisão;;;;Meio de Quadra;;;0;1;1;1;0;0;0;0;0;1;0;0;;;;;
264880;1;8;2015;03:01;0;RUA CON DE CASTRO;;;;;Colisão;;;;Meio de Quadra;;;0;1;1;1;0;0;0;0;0;1;0;0;-38,574825;-3,786524;;;
264881;1;8;2015;03:26;15347;AV DOM LUIS;RUA TIBURCIO CAVALCANTE;;;;Queda;;;;T;Semáforo;Comercial;0;1;0;0;0;0;0;0;0;1;0;0;-38,501313;-3,732021;;;
264882;1;8;2015;07:44;11164;RUA JULIO GASPAR;RUA FAGUNDES VARELA;;;;Colisão;Luz do Dia;;;Cruz;Pare;Residencial;0;1;1;1;0;0;0;0;0;1;0;0;-38,562332;-3,783086;;;
264883;1;8;2015;07:52;0;RUA ROMEU MARTINS;;;;;Colisão;Luz do Dia;;;Meio de Quadra;;;0;1;1;1;0;0;0;0;0;1;0;0;;;;;
264884;1;8;2015;08:41;0;AV PRS CASTELO BRANCO;;;;;Colisão;Luz do Dia;;;Meio de Quadra;;;0;1;1;1;0;0;0;0;0;1;0;0;;;;;