COD_ACIDENTE;DIA;MES;ANO;HORA;INTERSECAO;LOG1;LOG2;LOG3;NUMERO;REFERENCIA;NATUREZA;ILUMINACAO;TEMPO;SUPERFICIEPISTA;TIPOCRUZAMENTO;CONTROLETRAFEGO;USOSOLO;MORTOS;FERIDOS;ILESOS;AUTOMOVEL;ONIBUS;BICICLETA;CAMINHAO;MICROONIBUS;CICLOMOTOR;MOTOCICLETA;TRACAOANIMAL;TREM;LONG;LAT;;;
264885;1;8;2015;09:43;0;AV FRE CIRILO;;;;;Colisão;Luz do Dia;;;Meio de Quadra;;;0;1;1;1;0;0;0;0;0;1;0;0;-38,495963;-3,820646;;;
264895;1;8;2015;16:27;0;RUA TEREZA CRISTINA;;;;;Atropelamento;Luz do Dia;;;Meio de Quadra;;;0;1;1;1;0;0;0;0;0;0;0;0;-38,535462;-3,722564;;;
264896;1;8;2015;17:15;0;RUA MARIA GOMES DE SA;;;;;Colisão;Anoitecer;;;Meio de Quadra;;;0;1;1;1;0;0;0;0;0;1;0;0;;;;;
264897;1;8;2015;20:28;19178;RUA PRO MOZART SOLON;RUA AMARILIO CARTAXO;;;;Colisão;;;;;;;0;1;1;1;0;0;0;0;0;1;0;0;-38,461558;-3,741570;;;
264898;1;8;2015;20:45;6128;RUA MIN ALBUQUERQUE LIMA;AV B CJ CEARA;;;;Colisão;;;;Cruz;Semáforo;Residencial;0;1;0;0;0;0;0;0;0;0;0;0;-38,607506;-3,768744;;;
264899;1;8;2015;21:01;0;AV JOSE BASTOS;;;;;Colisão;;;;Meio de Quadra;;;0;1;1;1;0;0;0;0;0;1;0;0;-38,553458;-3,752996;;;
264900;1;8;2015;21:41;0;RUA PRO COSTA MENDES;;;;;Colisão;;;;Meio de Quadra;;;0;1;1;1;0;1;0;0;0;0;0;0;;;;;
264901;1;8;2015;22:54;0;AV PRS CASTELO BRANCO;;;;;Colisão;;;;Meio de Quadra;;;0;1;0;0;0;0;0;0;0;0;0;0;;;;;
264954;1;8;2015;08:30;24369;RUA DOMINGOS JAGUARIBE;RUA ALBERTO MONTEZUMA;;;;Colisão;Luz do Dia;;;Cruz;Pare;Residencial;0;0;1;0;0;0;0;0;0;1;0;0;-38,533453;-3,766452;;;
264957;1;8;2015;12:00;0;RUA CEL JUSTINO F RAMOS;;;;;Choque c/ Obstáculo Fixo;Luz do Dia;;;Meio de Quadra;;;0;0;1;0;0;0;0;0;0;0;0;0;;;;;
264890;1;8;2015;15:40;0;AV SEN FERNANDES TAVORA;;;;;Queda;Luz do Dia;;;Meio de Quadra;;;0;1;0;0;0;0;0;0;0;1;0;0;-38,572775;-3,767909;;;
264887;1;8;2015;10:58;0;ET DO JATOBA;;;;;Colisão;Luz do Dia;;;Meio de Quadra;;;0;1;1;1;0;1;0;0;0;0;0;0;;;;;
264888;1;8;2015;11:36;0;RUA ARTUR DE CARVALHO;;;;;Colisão;Luz do Dia;;;Meio de Quadra;;;0;1;1;1;0;0;0;0;0;1;0;0;;;;;
264905;1;8;2015;23:21;0;RUA MARIO DE ANDRADE;;;;;Queda;;;;Meio de Quadra;;;0;1;0;0;0;0;0;0;0;1;0;0;-38,563410;-3,749109;;;
264984;1;8;2015;18:40;3199;RUA VITAL BRASIL;RUA VERBENA;;;;Colisão;;;;Cruz;Semáforo;Comercial;0;0;1;1;0;0;0;0;0;0;0;0;-38,588650;-3,780666;;;
269782;1;8;2015;23:01;19533;AV GAL OSORIO DE PAIVA;RUA NEREU RAMOS;;;;Colisão;;;;Cruz;Semáforo;Comercial;0;0;2;0;0;0;0;0;0;0;0;0;-38,576828;-3,782196;;;
269779;1;8;2015;23:01;0;AV JOSE BASTOS;;;;;Colisão;;;;Meio de Quadra;;;0;0;2;0;0;0;0;0;0;0;0;0;;;;;
255358;1;8;2015;05:50;19672;AV BEZERRA DE MENEZES;RUA GAL PIRAGIBE;;;;Colisão Traseira;Luz do Dia;Bom;Seca;Cruz;Semáforo;Residencial;0;1;1;1;0;0;0;0;0;1;0;0;-38,558651;-3,734449;;;
255367;1;8;2015;12:30;6901;RUA 111 CJ ESPERANCA;RUA I;;;;Colisão Transversal;Luz do Dia;Bom;Seca;Cruz;Não Há Controle;Residencial;0;0;2;1;0;0;0;0;0;1;0;0;-38,592298;-3,811272;;;
255381;1;8;2015;16:00;0;RUA CARLOS AMORA;;;;;Colisão Lateral;Luz do Dia;Bom;Seca;Meio de Quadra;Não Há Controle;Comercial;0;0;2;1;0;0;0;0;0;0;0;0;;;;;
269787;2;8;2015;01:36;25137;RUA BARBOSA DE FREITAS;RUA BENI DE CARVALHO;;;;Colisão;;;;Cruz;Semáforo;Residencial;0;0;2;0;0;0;0;0;0;0;0;0;-38,499890;-3,744414;;;
269795;2;8;2015;06:24;0;RUA 114 UI 508;;;;;Choque c/ Obstáculo Fixo;Luz do Dia;;;Meio de Quadra;;;0;0;1;0;0;0;0;0;0;0;0;0;;;;;
269785;2;8;2015;01:30;0;RUA DOM XISTO ALBANO;;;;;Colisão;;;;Meio de Quadra;;;0;0;2;0;0;0;0;0;0;0;0;0;;;;;
269793;2;8;2015;04:12;12954;AV PRS COSTA E SILVA;AV DOS EXPEDICIONARIOS;;;;Colisão;;;;Cruz;Semáforo;Comercial;0;0;2;0;0;0;0;0;0;0;0;0;-38,558276;-3,821079;;;
269789;2;8;2015;01:45;3831;AV 13 DE MAIO;RUA MAL DEODORO;;;;;;;;Cruz;Semáforo;Comercial;0;0;2;0;0;0;0;0;0;0;0;0;-38,536588;-3,743122;;;
269791;2;8;2015;02:31;0;RUA BERNARDO MANUEL;;;;;Colisão;;;;Meio de Quadra;;;0;0;2;0;0;0;0;0;0;0;0;0;;;;;
269804;2;8;2015;09:22;18464;AV SGT HERMINIO SAMPAIO;RUA PEDRO PONCIANO;;;;Colisão;Luz do Dia;;;Cruz;;Comercial;0;0;2;0;0;0;0;0;0;0;0;0;-38,576523;-3,730442;;;
269809;2;8;2015;17:30;0;RUA 99 CJ JOSE WALTER;;;;;Colisão;Anoitecer;;;Meio de Quadra;;;0;0;2;0;0;0;0;0;0;0;0;0;;;;;
269812;2;8;2015;20:47;0;AV DIOGUINHO;;;;;Atropelamento;;;;Meio de Quadra;;;0;0;2;0;0;0;0;0;0;0;0;0;;;;;
269814;2;8;2015;22:02;0;AV MAJ ASSIS;;;;;Colisão;;;;Meio de Quadra;;;0;0;2;0;0;0;0;0;0;0;0;0;;;;;
269807;2;8;2015;09:23;0;AV GAL OSORIO DE PAIVA;;;;;Colisão;Luz do Dia;;;Meio de Quadra;;Comercial;0;0;2;0;0;0;0;0;0;0;0;0;;;;;
269799;2;8;2015;07:26;0;RUA TIJIPIO;;;;;Colisão;Luz do Dia;;;Meio de Quadra;;;0;0;2;0;0;0;0;0;0;0;0;0;;;;;
269797;2;8;2015;06:30;0;AV ZEZE DIOGO;;;;;Atropelamento;Luz do Dia;;;Meio de Quadra;;;0;0;2;0;0;0;0;0;0;0;0;0;;;;;
269801;2;8;2015;08:25;0;RUA ANTONIO POMPEU;;;;;Atropelamento;Luz do Dia;;;Meio de Quadra;;;0;0;2;0;0;0;0;0;0;0;0;0;;;;;
264991;2;8;2015;17:51;0;RUA GUARANI D65;;;;;Queda;Anoitecer;;;Meio de Quadra;;;0;1;0;0;0;0;0;0;0;1;0;0;;;;;
264974;2;8;2015;15:31;0;RUA CAP NESTOR GOIS;;;;;Atropelamento;Luz do Dia;;;Meio de Quadra;;;0;1;1;0;0;0;0;0;0;1;0;0;;;;;
265007;2;8;2015;22:29;0;RUA COSTA FREIRE;;;;;Colisão;;;;Meio de Quadra;;;0;1;0;0;0;0;0;0;0;0;0;0;-38,583519;-3,790964;;;
265002;2;8;2015;22:04;0;RUA BAR AQUIRAZ;;;;;Colisão;;;;Meio de Quadra;;;0;1;1;0;0;0;0;0;0;0;0;0;-38,487948;-3,837508;;;
264999;2;8;2015;21:44;17955;RUA JOAQUIM ALBANO;RUA EUCLIDES DA CUNHA;;;;Colisão;;;;Cruz;Pare;Residencial;0;1;1;1;0;0;0;0;0;1;0;0;-38,581042;-3,735439;;;
265000;2;8;2015;21:53;26122;AV MAJ ASSIS;AV J CJ POLAR;;;;Colisão;;;;T;Pare;Residencial;0;1;1;0;0;0;0;0;0;1;0;0;-38,599604;-3,720828;;;
264993;2;8;2015;18:36;0;AV TEN LISBOA;;;;;Colisão;;;;Meio de Quadra;;;0;1;1;1;0;0;0;0;0;1;0;0;-38,576019;-3,727906;;;
264995;2;8;2015;20:06;0;AV GAL OSORIO DE PAIVA;;;;;Colisão;;;;Meio de Quadra;;;0;1;0;0;0;0;0;0;0;0;0;0;;;;;
264996;2;8;2015;21:30;0;AV CEL CARVALHO;;;;;Colisão;;;;Meio de Quadra;;;0;1;1;1;0;0;0;0;0;1;0;0;;;;;
264961;2;8;2015;12:44;0;RUA 23 CJ POLAR;;;;;Colisão;Luz do Dia;;;Meio de Quadra;;;0;1;1;1;0;0;0;0;0;1;0;0;;;;;
264964;2;8;2015;14:20;0;AV ALM BARROSO;;;;;Colisão;Luz do Dia;;;Meio de Quadra;;;0;1;0;0;0;0;0;0;0;0;0;0;-38,516831;-3,720396;;;
264907;2;8;2015;02:26;0;AV DOS EXPEDICIONARIOS;;;;;Colisão;;;;Meio de Quadra;;;0;1;1;1;0;0;0;0;0;1;0;0;-38,553473;-3,805651;;;
264908;2;8;2015;04:07;0;AV CEL CARVALHO;;;;;Queda;;;;Meio de Quadra;;;0;1;0;0;0;0;0;0;0;1;0;0;-38,587362;-3,719665;;;
264909;2;8;2015;04:26;17394;RUA CEL ALEXANDRINO;RUA QUEIROZ RIBEIRO;;;;Colisão;;;;Cruz;Semáforo;Comercial;0;1;1;1;0;0;0;0;0;1;0;0;-38,549675;-3,767401;;;
264910;2;8;2015;09:07;0;AV SGT HERMINIO SAMPAIO;;;;;Colisão;Luz do Dia;;;Meio de Quadra;;;0;1;1;1;0;0;0;0;0;1;0;0;-38,576287;-3,730352;;;
264911;2;8;2015;09:10;0;RUA BERNARDO MANUEL;;;;;Colisão;Luz do Dia;;;Meio de Quadra;;;0;1;1;1;0;1;0;0;0;0;0;0;-38,547351;-3,785500;;;
264912;2;8;2015;09:23;0;AV GAL OSORIO DE PAIVA;;;;;Colisão;Luz do Dia;;;Meio de Quadra;;;0;1;1;1;0;0;0;0;0;1;0;0;-38,579676;-3,783970;;;
255311;2;8;2015;11:30;9246;AV 13 DE MAIO;RUA BAR RIO BRANCO;;;;Colisão Lateral;Luz do Dia;Bom;Seca;T;Semáforo;Comercial;0;0;2;1;0;0;0;0;0;0;0;0;-38,534255;-3,745129;;;
255312;2;8;2015;13:00;7173;RUA CAMELIA;TR MUNDIAL;;;;Colisão Lateral;Luz do Dia;Bom;Seca;T;Outros;Residencial;0;1;1;1;0;0;0;0;0;1;0;0;-38,565254;-3,708461;;;
255309;2;8;2015;17:00;0;RUA BENTO ALBUQUERQUE;;;1611;;Colisão Traseira;Anoitecer;Bom;Seca;Meio de Quadra;Não Há Controle;Residencial;0;0;2;1;0;0;1;0;0;0;0;0;-38,475914;-3,746101;;;
255307;2;8;2015;11:10;9176;AV AGUANAMBI;AV EDUARDO GIRAO;;;;Colisão Traseira;Luz do Dia;Bom;Seca;Rotatória;Semáforo;Comercial;0;0;2;1;0;0;0;0;0;0;0;0;-38,523639;-3,755303;;;
255301;2;8;2015;09:30;3863;AV 13 DE MAIO;RUA SEN POMPEU;;;;Colisão Transversal;Luz do Dia;Bom;Seca;Outros;Semáforo;Comercial;0;1;1;1;1;0;0;0;0;0;0;0;-38,534969;-3,744515;;;
255302;2;8;2015;15:00;19130;RUA DES WALDETARIO P MOTA;RUA LAURO NOGUEIRA;;;;Colisão Transversal;Luz do Dia;Bom;Seca;Cruz;Pare;Residencial;0;1;1;1;0;0;0;0;0;1;0;0;-38,481940;-3,738921;;;
255303;2;8;2015;16:10;17394;RUA CEL ALEXANDRINO;RUA QUEIROZ RIBEIRO;;;;Colisão Transversal;Luz do Dia;Bom;Seca;T;Semáforo;Residencial;0;0;2;1;0;0;0;0;0;1;0;0;-38,549675;-3,767401;;;
255305;2;8;2015;18:20;25325;AV JOAO DE ARAUJO LIMA;AV PRS COSTA E SILVA;;;;Colisão Traseira;Anoitecer;Bom;Seca;Cruz;Semáforo;Comercial;0;0;2;1;0;0;0;0;0;0;0;0;;;;;
255293;2;8;2015;18:20;1443;RUA BARBARA DE ALENCAR;RUA BAR ARACATI;;;;Colisão Transversal;Anoitecer;Bom;Seca;Cruz;Pare;Residencial;0;0;2;1;0;0;0;0;0;0;0;0;-38,513608;-3,738162;;;
255294;2;8;2015;11:00;0;RUA PERNAMBUCO;;;;;Colisão Lateral;Luz do Dia;Bom;Seca;Meio de Quadra;;Residencial;0;1;2;0;0;0;0;0;0;1;0;0;;;;;
255317;2;8;2015;15:30;5403;RUA PINTO MADEIRA;RUA GONCALVES LEDO;;;;Colisão Transversal;Luz do Dia;Bom;Seca;Cruz;Pare;Misto;0;0;2;1;0;0;0;0;0;0;0;0;-38,516497;-3,732626;;;
255314;2;8;2015;12:50;0;AV JOR THOMAZ COELHO;;;2720;;Engavetamento;Luz do Dia;Bom;Seca;Meio de Quadra;;Comercial;0;0;3;1;0;0;0;0;0;0;0;0;-38,518982;-3,828340;;;
255289;2;8;2015;07:00;0;RUA ALBERTO MAGNO;;;1388;;Colisão Lateral;Luz do Dia;Bom;Seca;Meio de Quadra;Outros;Comercial;0;1;1;1;0;0;0;0;0;1;0;0;-38,550371;-3,765322;;;
255290;2;8;2015;06:30;25056;RUA ALM JACEGUAI;RUA PESSOA ANTA;;;;Colisão Lateral;Luz do Dia;Bom;Seca;Cruz;Semáforo Intermitente;Comercial;0;0;2;1;0;0;0;0;0;0;0;0;-38,519363;-3,720749;;;
255298;2;8;2015;14:30;0;AV JOR THOMAZ COELHO;;;;;Choque c/ Obstáculo Fixo;Luz do Dia;Bom;Seca;Outros;Não Há Controle;Comercial;0;0;1;1;0;0;0;0;0;0;0;0;;;;;
255299;2;8;2015;12:51;0;AV N CJ JOSE WALTER;;;;;Colisão Transversal;;Bom;Seca;Meio de Quadra;Não Há Controle;Comercial;0;0;2;1;0;0;0;0;0;0;0;0;;;;;
263463;2;8;2015;15:21;17350;RUA BAR SOBRAL;RUA JOAO FIRMINO;;;;Colisão;Luz do Dia;;;Cruz;Pare;Residencial;0;0;2;1;0;0;0;0;0;0;0;0;-38,556531;-3,765714;;;
263465;2;8;2015;19:24;15364;RUA REPUBLICA DO LIBANO;RUA FRE MANSUETO;;;;Colisão;;;;Cruz;Pare;Residencial;0;0;3;1;0;0;0;0;0;0;0;0;-38,488729;-3,733732;;;
263472;2;8;2015;22:06;5159;RUA GUILHERME ROCHA;AV IMPERADOR;;;;Colisão;;;;Cruz;Semáforo;Comercial;0;0;2;1;0;0;0;1;0;0;0;0;-38,533829;-3,725081;;;
259462;2;8;2015;07:30;0;RD CE-040;;;;KM-01;Colisão;Luz do Dia;;Seca;Meio de Quadra;;;0;0;2;1;0;0;0;0;0;0;0;0;-38,483270;-3,754877;;;
259463;2;8;2015;21:05;0;RD CE-040;;;;KM-05;Colisão;Não Iluminada;;Seca;Meio de Quadra;;;0;0;2;1;0;0;0;0;0;0;0;0;-38,480349;-3,790876;;;
259467;3;8;2015;08:17;0;RD CE-040;;;;KM-06;Colisão;Luz do Dia;;Seca;Meio de Quadra;;;0;0;2;1;0;0;0;0;0;1;0;0;-38,478781;-3,811270;;;
259469;3;8;2015;11:20;0;RD CE-040;;;;KM-06;Colisão;Luz do Dia;;Seca;Meio de Quadra;;;0;0;2;1;0;0;0;0;0;0;0;0;-38,478781;-3,811270;;;
263631;3;8;2015;13:03;0;AV SANTOS DUMONT;;;;;Colisão;Luz do Dia;;;Meio de Quadra;;;0;0;2;1;0;0;0;0;0;0;0;0;;;;;
263620;3;8;2015;12:32;3903;AV JOAO PESSOA;RUA PDE CICERO;;;;Colisão;Luz do Dia;;;;;;0;0;2;1;1;0;0;0;0;0;0;0;-38,543442;-3,745741;;;
263621;3;8;2015;12:50;0;AV PRO GOMES DE MATOS;;;;;Colisão;Luz do Dia;;;Meio de Quadra;;;0;0;2;0;1;0;0;0;0;0;0;0;;;;;
255326;3;8;2015;11:00;12691;RUA ALBERTO DE OLIVEIRA;RUA FENELON BOMILCAR;;;;Colisão Transversal;Luz do Dia;Bom;Seca;Y;Outros;Comercial;0;0;2;1;0;0;0;0;0;0;0;0;-38,578633;-3,716285;;;
255318;3;8;2015;18:00;0;AV DOS EXPEDICIONARIOS;;;;;Colisão Transversal;Anoitecer;Bom;Seca;Meio de Quadra;Pare;Comercial;0;0;2;1;0;0;0;0;0;0;0;0;;;;;
255322;3;8;2015;05:15;0;RUA PDE CHEVALIER;;;765;;Colisão Transversal;Amanhecer;Bom;Seca;Meio de Quadra;Pare;Residencial;0;0;2;1;0;0;0;0;0;0;0;0;;;;;
255308;3;8;2015;10:30;26091;AV JOVITA FEITOSA;AV JOSE JATAHY;;;;Colisão Lateral;Luz do Dia;Bom;Seca;Cruz;Não Há Controle;Comercial;0;0;2;1;0;0;1;0;0;0;0;0;-38,543936;-3,737273;;;
255313;3;8;2015;20:00;7760;AV ANTONIO SALES;RUA SILVA PAULET;;;;Colisão Lateral;Via Iluminada;Bom;Seca;Cruz;Pare;Comercial;0;1;3;1;1;0;0;0;0;0;0;0;-38,508383;-3,743595;;;
255354;3;8;2015;10:00;23364;RUA EDUARDO BEZERRA;RUA CAP GUSTAVO;;;;Colisão Transversal;Luz do Dia;Bom;Seca;Cruz;Semáforo Intermitente;Residencial;0;0;2;1;0;0;0;0;0;0;0;0;-38,516951;-3,754148;;;
255351;3;8;2015;09:00;0;AV PRS COSTA E SILVA;;;5301;;Colisão Traseira;Luz do Dia;Bom;Seca;Meio de Quadra;Semáforo;Escola;0;1;1;1;0;0;0;0;0;1;0;0;-38,533058;-3,828181;;;
255352;3;8;2015;16:40;1581;AV PDE ANTONIO TOMAS;RUA MON CATAO;;;;Colisão Transversal;Anoitecer;Bom;Seca;Cruz;Semáforo;Comercial;0;0;2;0;0;0;0;0;0;1;0;0;-38,491843;-3,742708;;;
255345;3;8;2015;14:15;0;RUA VICENTE N BRAGA D14;;;42;;Colisão Lateral;Luz do Dia;Bom;Seca;Meio de Quadra;Não Há Controle;Residencial;0;0;2;1;0;0;0;0;0;0;0;0;-38,520480;-3,755702;;;
255341;3;8;2015;16:30;0;AV BEZERRA DE MENEZES;;;370;;Colisão Traseira;Luz do Dia;Bom;Seca;Meio de Quadra;Semáforo;Comercial;0;0;2;1;1;0;0;0;0;0;0;0;-38,547792;-3,732209;;;
255342;3;8;2015;12:30;19766;RUA AZEVEDO BOLAO;RUA TIP SALES;;;;Colisão Transversal;Luz do Dia;Bom;Seca;Cruz;Pare;Residencial;0;0;2;1;0;0;0;0;0;1;0;0;-38,564696;-3,738108;;;
255335;3;8;2015;00:20;25029;AV CEL CARVALHO;RUA TEN ELIEZER COSTA;;;;Colisão Transversal;Via Iluminada;Bom;Seca;Cruz;Pare;Comercial;0;2;1;1;0;0;0;0;0;1;0;0;-38,589633;-3,710718;;;
259101;3;8;2015;14:00;0;RD BR 116;;;6000;KM-06;Colisão Traseira;Luz do Dia;Bom;Seca;Meio de Quadra;Não Há Controle;Comercial;0;0;2;1;0;0;0;0;0;0;0;0;-38,503053;-3,804691;;;
265012;3;8;2015;01:43;0;RUA PDE PEDRO DE ALENCAR;;;;;Colisão;;;;Meio de Quadra;;;0;1;0;0;0;0;0;0;0;0;0;0;;;;;
265013;3;8;2015;08:01;0;AV CEL CARVALHO;;;;;Colisão;Luz do Dia;;;Meio de Quadra;;;0;1;1;1;0;0;0;0;0;1;0;0;-38,590859;-3,706228;;;
265014;3;8;2015;09:07;0;RUA ANTONIO POMPEU;;;;;Colisão;Luz do Dia;;;Meio de Quadra;;;0;1;1;1;0;0;0;0;0;1;0;0;-38,539865;-3,731861;;;
269823;3;8;2015;03:49;22176;AV ENG HUMBERTO MONTE;AV JOSE BASTOS;;;;Colisão;;;;T;Semáforo;Comercial;0;0;2;0;0;0;0;0;0;0;0;0;-38,555455;-3,754966;;;
269833;3;8;2015;21:26;0;RUA ISABEL FERREIRA;;;;;Colisão;;;;Meio de Quadra;;;0;0;2;0;0;0;0;0;0;0;0;0;;;;;
269827;3;8;2015;06:31;6545;AV H CJ CEARA;AV A CJ CEARA;;;;Colisão;Luz do Dia;;;Cruz;Semáforo;Comercial;0;0;2;0;0;0;0;0;0;0;0;0;-38,605924;-3,775146;;;
265036;3;8;2015;18:12;0;RUA ZACARIAS GONDIM;;;;;Colisão;Anoitecer;;;Meio de Quadra;;;0;1;1;1;0;0;0;0;0;1;0;0;-38,558561;-3,768339;;;
265037;3;8;2015;18:38;0;AV PERIMETRAL;;;;;Colisão;;;;Meio de Quadra;;;0;1;1;1;0;0;0;0;0;1;0;0;;;;;
265038;3;8;2015;19:27;0;AV BORGES DE MELO;;;;;Colisão;;;;Meio de Quadra;;;0;1;0;0;0;0;0;0;0;1;0;0;;;;;
265022;3;8;2015;16:01;0;AV GAL OSORIO DE PAIVA;;;;;Colisão;Luz do Dia;;;Meio de Quadra;;;0;1;1;0;0;0;1;0;0;1;0;0;-38,594446;-3,796850;;;
265025;3;8;2015;16:34;0;RUA TRES CORACOES;;;;;Colisão;Luz do Dia;;;Meio de Quadra;;;0;1;1;1;0;0;0;0;0;1;0;0;;;;;
265026;3;8;2015;17:00;0;RUA TEOFILO GURGEL;;;;;Colisão;Anoitecer;;;Meio de Quadra;;;0;1;1;1;0;0;0;0;0;1;0;0;-38,546492;-3,727170;;;
265019;3;8;2015;10:10;0;RUA RIO GRANDE DO SUL;;;;;Colisão;Luz do Dia;;;Meio de Quadra;;;0;1;0;0;0;0;0;0;0;0;0;0;-38,562457;-3,751239;;;
265020;3;8;2015;10:51;0;AV PRS CASTELO BRANCO;;;;;Colisão;Luz do Dia;;;Meio de Quadra;;;0;1;0;0;0;0;0;0;0;0;0;0;;;;;
265010;3;8;2015;00:55;0;RUA NAT FEIJO;;;;;Queda;;;;Meio de Quadra;;;0;1;0;0;0;0;0;0;0;1;0;0;;;;;
265017;3;8;2015;09:52;0;RUA SAO FIDELIS D71;;;;;Colisão;Luz do Dia;;;Meio de Quadra;;;0;1;0;0;0;0;0;0;0;0;0;0;;;;;
255402;3;8;2015;19:00;0;AV EDUARDO GIRAO;;;948;;Colisão Traseira;Mal Iluminada;Bom;Seca;Meio de Quadra;Semáforo;Comercial;0;0;3;1;0;0;0;0;0;0;0;0;-38,531188;-3,753875;;;
255408;3;8;2015;09:00;24347;AV LUCIANO CARNEIRO;RUA DES PRAXEDES;;;;Outros;Luz do Dia;Bom;Seca;Outros;Semáforo;Comercial;0;0;3;1;0;0;0;0;0;0;0;0;-38,536679;-3,764934;;;
255411;3;8;2015;09:30;0;AV EDUARDO GIRAO;;;;;Colisão Traseira;Luz do Dia;Bom;Seca;Meio de Quadra;Pare;Comercial;0;0;2;1;0;0;0;0;0;0;0;0;;;;;
255415;3;8;2015;07:50;25073;AV DOS EXPEDICIONARIOS;RUA STA LUZIA;;;;Colisão Traseira;Luz do Dia;Bom;Seca;Cruz;Não Há Controle;Comercial;0;0;3;1;0;0;0;0;0;0;0;0;-38,539744;-3,760177;;;
255416;3;8;2015;18:30;20042;AV DEP PAULINO ROCHA;AV ALBERTO CRAVEIRO;;;;Colisão Lateral;Anoitecer;Bom;Seca;Rotatória;Dê Preferência;Comercial;0;0;2;1;0;0;0;0;0;1;0;0;-38,524782;-3,807229;;;
255380;3;8;2015;14:00;0;AV HIS RAIMUNDO GIRAO;;;;;Engavetamento;Luz do Dia;Bom;Seca;Meio de Quadra;Semáforo;Comercial;0;0;3;1;0;0;0;0;0;0;0;0;;;;;
255383;3;8;2015;08:00;9033;RUA CEL SOLON;RUA DOM SEBASTIAO LEME;;;;Colisão Transversal;Luz do Dia;Bom;Seca;Cruz;Pare;Residencial;0;0;2;1;0;0;0;0;0;0;0;0;-38,526799;-3,742963;;;
255395;3;8;2015;15:30;5125;RUA RUFINO DE ALENCAR;AV ALBERTO NEPOMUCENO;;;;Colisão Lateral;Luz do Dia;Bom;Seca;T;Semáforo;Comercial;0;0;2;0;1;0;0;0;0;0;0;0;-38,525072;-3,724606;;;
255390;3;8;2015;;0;RUA SOBRAL D03;;;;;Colisão Lateral;Luz do Dia;Bom;Seca;Meio de Quadra;Semáforo;Comercial;0;0;2;1;1;0;0;0;0;0;0;0;;;;;
255482;3;8;2015;10:30;1716;AV GOV RAUL BARBOSA;RUA CAP ARAGAO;;;;Colisão Traseira;Luz do Dia;Bom;Seca;Cruz;Semáforo;Comercial;0;0;2;1;1;0;0;0;0;0;0;0;-38,508802;-3,763977;;;
255474;3;8;2015;19:00;2706;RUA CEL VIRGILIO NOGUEIRA (BOM JARDIM);RUA OSCAR FRANCA;;;;Colisão Transversal;Anoitecer;Bom;Seca;Cruz;Pare;Residencial;0;1;1;1;0;0;0;0;0;1;0;0;-38,608784;-3,788936;;;
255478;3;8;2015;15:00;0;AV GOV RAUL BARBOSA;;;3614;;Colisão Transversal;Luz do Dia;Bom;Seca;Meio de Quadra;Não Há Controle;Comercial;0;0;2;1;0;0;1;0;0;0;0;0;;;;;
255461;3;8;2015;13:30;0;RUA NEREU RAMOS;;;340;;Colisão Lateral;Luz do Dia;Bom;Seca;Meio de Quadra;Outros;Comercial;0;0;2;1;0;0;0;0;0;0;0;0;-38,570094;-3,786047;;;
255465;3;8;2015;08:00;4193;AV FRANCISCO SA;RUA DOM HELIO CAMPOS D21;;;;Colisão Lateral;Luz do Dia;;;T;Pare;Comercial;0;0;2;1;0;0;0;1;0;0;0;0;-38,556428;-3,717711;;;
255466;3;8;2015;06:45;0;AV 13 DE MAIO;;;2686;;Colisão Lateral;Luz do Dia;Bom;Seca;Meio de Quadra;Não Há Controle;Escola;0;0;3;1;0;0;0;0;0;1;0;0;-38,539169;-3,740908;;;
255468;3;8;2015;14:00;0;AV BEZERRA DE MENEZES;;;2450;;Colisão Traseira;Luz do Dia;Bom;Seca;Meio de Quadra;Outros;Comercial;0;0;2;0;1;0;0;0;0;0;0;0;-38,566148;-3,736003;;;
255471;3;8;2015;17:00;23804;RUA RAIMUNDO NERY;AV GAL OSORIO DE PAIVA;;;;Colisão Transversal;Via Iluminada;Bom;Seca;Cruz;Pare;Comercial;0;0;2;1;0;0;1;0;0;0;0;0;-38,588065;-3,790306;;;
255356;3;8;2015;07:00;0;AV ALBERTO CRAVEIRO;;;512;;Colisão Lateral;Luz do Dia;Bom;Seca;Meio de Quadra;Não Há Controle;Residencial;0;0;2;1;0;0;0;0;0;1;0;0;-38,516633;-3,782995;;;
255363;3;8;2015;13:07;7813;RUA TIBURCIO CAVALCANTE;RUA JULIO SIQUEIRA;;;;Colisão Transversal;Luz do Dia;Bom;Seca;Cruz;Pare;Residencial;0;1;1;1;0;0;0;0;0;0;0;0;-38,507128;-3,750135;;;
255366;3;8;2015;20:30;21293;RUA NOSSA SRA DAS GRACAS;RUA ALVARO DE ALENCAR;;;;Colisão Transversal;Via Iluminada;Bom;Seca;Cruz;Não Há Controle;Residencial;0;0;2;1;0;0;0;0;0;0;0;0;-38,556571;-3,709334;;;
255371;3;8;2015;06:00;0;AV GAL OSORIO DE PAIVA;;;3366;;Choque c/ Obstáculo Fixo;Amanhecer;Bom;Seca;Meio de Quadra;Não Há Controle;Comercial;0;0;1;1;0;0;0;0;0;0;0;0;-38,588007;-3,790247;;;
255377;3;8;2015;09:00;0;RUA OSCAR ARARIPE;;;825;;Colisão Traseira;Luz do Dia;Bom;Seca;Meio de Quadra;Não Há Controle;Residencial;0;0;2;1;1;0;0;0;0;0;0;0;-38,598768;-3,791364;;;
255359;3;8;2015;11:20;8950;AV BEZERRA DE MENEZES;RUA RUBIA SAMPAIO;;;;Colisão Lateral;Luz do Dia;Bom;Seca;T;Pare;Comercial;0;0;2;1;0;0;0;0;0;0;0;0;-38,540176;-3,730585;;;