COD_ACIDENTE;DIA;MES;ANO;HORA;INTERSECAO;LOG1;LOG2;LOG3;NUMERO;REFERENCIA;NATUREZA;ILUMINACAO;TEMPO;SUPERFICIEPISTA;TIPOCRUZAMENTO;CONTROLETRAFEGO;USOSOLO;MORTOS;FERIDOS;ILESOS;AUTOMOVEL;ONIBUS;BICICLETA;CAMINHAO;MICROONIBUS;CICLOMOTOR;MOTOCICLETA;TRACAOANIMAL;TREM;LONG;LAT;;;
255361;3;8;2015;16:00;0;AV SANTOS DUMONT;;;;;Colisão Traseira;Luz do Dia;Bom;Seca;Meio de Quadra;Não Há Controle;Comercial;0;0;2;1;0;0;0;0;0;0;0;0;;;;;
255355;4;8;2015;13:00;0;AV GODOFREDO MACIEL;;;;;Colisão Traseira;Luz do Dia;Bom;Seca;Meio de Quadra;Semáforo;Comercial;0;0;2;1;0;0;1;0;0;0;0;0;;;;;
255378;4;8;2015;19:30;0;AV BEZERRA DE MENEZES;;;2018;;Colisão Traseira;Via Iluminada;Bom;Seca;Meio de Quadra;Semáforo;Comercial;0;0;3;1;0;0;0;0;0;0;0;0;-38,562695;-3,735296;;;
255376;4;8;2015;08:10;0;RUA PRO NOGUEIRA;;;125;;Colisão Lateral;Luz do Dia;Bom;Seca;Meio de Quadra;Pare;Misto;0;0;2;1;0;0;0;0;0;0;0;0;-38,549948;-3,732844;;;
255373;4;8;2015;09:00;3876;AV DA UNIVERSIDADE;RUA JOAQUIM MAGALHAES;;;;Colisão Traseira;Luz do Dia;Bom;Seca;T;Pare;Comercial;0;0;2;1;1;0;0;0;0;0;0;0;-38,535589;-3,737079;;;
255374;4;8;2015;09:50;18387;AV SGT HERMINIO SAMPAIO;AV OLAVO BILAC;;;;Colisão Lateral;Luz do Dia;Bom;Seca;Cruz;Semáforo;Residencial;0;0;2;1;0;0;1;0;0;0;0;0;-38,565080;-3,727179;;;
255369;4;8;2015;18:50;1402;RUA BAR ARACATI;AV HERACLITO GRACA;;;;Colisão Lateral;Via Iluminada;Bom;Seca;Cruz;Pare;Comercial;0;0;2;1;0;0;0;0;0;0;0;0;-38,513289;-3,737147;;;
255391;4;8;2015;12:40;0;AV PRS COSTA E SILVA;;;2560;;Colisão Lateral;Luz do Dia;Bom;Seca;Meio de Quadra;Gesto;Comercial;0;0;2;1;1;0;0;0;0;0;0;0;-38,559294;-3,820658;;;
255394;4;8;2015;10:06;0;AV BEZERRA DE MENEZES;;;146;;Colisão Traseira;Luz do Dia;Bom;Seca;Meio de Quadra;Outros;Misto;0;0;2;1;0;0;0;0;0;0;0;0;-38,541477;-3,730842;;;
255387;4;8;2015;20:30;169;AV SGT HERMINIO SAMPAIO;RUA CAP BRASIL;;;;Colisão Lateral;Luz do Dia;Bom;Seca;Cruz;Pare;Residencial;0;0;2;1;0;0;0;0;0;1;0;0;-38,586415;-3,734166;;;
255412;4;8;2015;14:30;25519;AV GOV RAUL BARBOSA;AV ALM HENRIQUE SABOIA;;;;Engavetamento;Luz do Dia;Bom;Seca;Y;Semáforo;Residencial;0;1;3;1;0;0;0;0;0;0;0;0;-38,504580;-3,758466;;;
255409;4;8;2015;15:30;0;AV BORGES DE MELO;;;80;SINDIONIBUS;Colisão Traseira;Luz do Dia;Bom;Seca;Meio de Quadra;Não Há Controle;Residencial;0;0;2;1;0;0;0;0;0;0;0;0;-38,517930;-3,761554;;;
255410;4;8;2015;07:45;0;RUA VALPARAISO;;;2000;;Colisão Traseira;Luz do Dia;Bom;Seca;Meio de Quadra;Não Há Controle;Residencial;0;0;2;1;0;0;0;0;0;0;0;0;-38,519766;-3,846389;;;
255403;4;8;2015;13:00;0;RUA LEONARDO MOTA;;;1355;;Colisão Lateral;Luz do Dia;Bom;Seca;Meio de Quadra;Não Há Controle;Comercial;0;0;2;1;0;0;0;0;0;0;0;0;-38,496819;-3,738269;;;
255406;4;8;2015;20:30;22176;AV JOSE BASTOS;AV ENG HUMBERTO MONTE;;;;Colisão;;;;T;Semáforo;Comercial;0;1;1;1;0;0;0;0;0;1;0;0;-38,555455;-3,754966;;;
255400;4;8;2015;21:30;0;AV ALBERTO CRAVEIRO;;;430;MAKRO;Colisão Traseira;Via Iluminada;Bom;Seca;Meio de Quadra;Não Há Controle;Comercial;0;0;2;1;0;0;0;0;0;0;0;0;-38,516505;-3,782668;;;
255397;4;8;2015;18:30;5749;AV DES GONZAGA;RUA JULIO LIMA;;;;Colisão Lateral;Via Iluminada;Bom;Seca;Cruz;Pare;Comercial;0;0;2;1;0;0;0;0;0;0;0;0;-38,500411;-3,796143;;;
255433;4;8;2015;07:30;0;AV OLAVO BILAC;;;449;;Colisão Transversal;Luz do Dia;Bom;Seca;Meio de Quadra;Não Há Controle;Residencial;0;1;1;0;0;0;0;0;0;1;0;0;-38,565545;-3,725320;;;
255431;4;8;2015;16:00;0;AV PRS JUSCELINO KUBITSCHEK (PASSARÉ);;;5451;;Engavetamento;Luz do Dia;Bom;Seca;Meio de Quadra;Gesto;Comercial;0;0;3;1;0;0;0;0;0;0;0;0;-38,536831;-3,823401;;;
255427;4;8;2015;19:30;24254;RUA DELMIRO GOUVEIA;AV ANTONIO JUSTA;;;;Colisão Lateral;Via Iluminada;Bom;Seca;T;Pare;Residencial;0;0;2;1;0;0;0;0;0;0;0;0;;;;;
255428;4;8;2015;23:20;17428;RUA CESAR ROSSAS;RUA ALBERTO MAGNO;;;;Colisão Transversal;Via Iluminada;Bom;Seca;Cruz;Semáforo;Comercial;1;0;1;1;0;0;0;0;0;1;0;0;-38,552686;-3,768561;;;
255419;4;8;2015;11:35;10005;RUA DUAS NACOES;RUA TAQUARI;;;;Colisão Transversal;Luz do Dia;Bom;Seca;Cruz;Pare;Residencial;0;0;2;1;0;0;0;1;0;0;0;0;-38,601822;-3,776149;;;
265058;4;8;2015;10:22;0;RUA VIS BARBACENA D61;;;;;Colisão;Luz do Dia;;;Meio de Quadra;;;0;1;1;1;0;0;0;0;0;1;0;0;-38,490806;-3,799898;;;
265059;4;8;2015;10:57;0;RUA VICENTE LINHARES;;;;;Colisão;Luz do Dia;;;Meio de Quadra;;;0;1;1;1;0;0;0;0;0;1;0;0;-38,493351;-3,744381;;;
265064;4;8;2015;14:42;0;RUA CARLOS GOMES;;;;;Queda;Luz do Dia;;;Meio de Quadra;;;0;1;0;0;0;0;0;0;0;1;0;0;-38,530240;-3,740446;;;
265065;4;8;2015;14:56;0;RUA CARLOS CHAGAS;;;;;Colisão;Luz do Dia;;;Meio de Quadra;;;0;1;1;1;0;0;0;0;0;1;0;0;;;;;
265068;4;8;2015;15:23;0;RUA SAO BERNARDO DE CAMPOS;;;;;Colisão;Luz do Dia;;;Meio de Quadra;;;0;1;1;1;0;0;0;0;0;1;0;0;;;;;
265070;4;8;2015;17:14;0;RUA LUIS VIEIRA;;;;;Colisão;Anoitecer;;;Meio de Quadra;;;0;1;1;0;0;0;0;0;0;1;0;0;-38,587389;-3,794040;;;
265071;4;8;2015;18:02;0;AV GAL MURILO BORGES;;;;;Colisão;Anoitecer;;;Meio de Quadra;;;0;1;1;1;0;0;0;0;0;1;0;0;;;;;
265073;4;8;2015;20:15;25046;RUA FERNANDO FARIAS DE MELO (MANUEL SÁTIRO);RUA AMERICO ROCHA LIMA;;;;Colisão;;;;Cruz;Pare;Residencial;0;1;0;0;0;0;0;0;0;0;0;0;-38,578449;-3,799080;;;
265074;4;8;2015;20:26;2486;AV FRANCISCO SA;RUA SEN ROBERT KENNEDY;;;;Colisão;;;;Cruz;Pare;Residencial;0;1;1;1;0;0;0;0;0;1;0;0;-38,581426;-3,709140;;;
265076;4;8;2015;21:42;7258;AV ODILON GUIMARAES;RUA FRANCISCO LEANDRO;;;;Colisão;;;;Cruz;Semáforo;Outros;0;1;1;1;0;0;0;0;0;1;0;0;-38,478709;-3,824509;;;
265077;4;8;2015;22:46;0;RUA BOM JESUS (BARRA DO CEARA);;;;;Colisão;;;;Meio de Quadra;;;0;1;1;1;0;0;0;0;0;1;0;0;;;;;
265078;4;8;2015;22:57;0;RUA CESAR ROSSAS;RUA ALBERTO MAGNO;;;;Colisão;;;;;Semáforo;Comercial;0;1;1;1;0;0;0;0;0;1;0;0;;;;;
269844;4;8;2015;11:18;7774;RUA JOAQUIM NABUCO;AV ANTONIO SALES;;;;Colisão;Luz do Dia;;;Cruz;;Comercial;0;0;2;0;0;0;0;0;0;0;0;0;-38,504371;-3,744832;;;
269841;4;8;2015;11:04;1649;RUA GAL TERTULIANO POTYGUARA;RUA CEL JUCA;;;;Colisão;Luz do Dia;;;Cruz;Pare;Residencial;0;0;2;0;0;0;0;0;0;0;0;0;-38,493766;-3,745325;;;
269837;4;8;2015;09:23;0;RUA PARAISO VERDE;;;;;Colisão;Luz do Dia;;;Meio de Quadra;;;0;0;2;0;0;0;0;0;0;0;0;0;;;;;
269848;4;8;2015;15:48;21619;RUA DOM XISTO ALBANO;RUA BERNARDINO CAMPOS;;;;Colisão;Luz do Dia;;;;;;0;0;2;0;0;0;0;0;0;0;0;0;-38,589087;-3,800768;;;
269849;4;8;2015;16:10;0;AV PRS COSTA E SILVA;;;;;Colisão;Luz do Dia;;;Meio de Quadra;;;0;0;2;0;0;0;0;0;0;0;0;0;;;;;
269853;4;8;2015;17:22;1943;RUA SAO LEOPOLDO D69;RUA ERIBERTO NOBRE;;;;Colisão;Anoitecer;;;Cruz;;Residencial;0;0;2;0;0;0;0;0;0;0;0;0;-38,504540;-3,862303;;;
269864;4;8;2015;23:04;9672;RUA BOM JESUS (GRANJA LISBOA);RUA GUARAREMA;;;;Colisão;;;;;;;0;0;2;0;0;0;0;0;0;0;0;0;-38,619640;-3,788544;;;
269856;4;8;2015;22:31;0;AV ALBERTO CRAVEIRO;;;;;Colisão;;;;Meio de Quadra;;;0;0;2;0;0;0;0;0;0;0;0;0;;;;;
269859;4;8;2015;23:03;0;AV GAL OSORIO DE PAIVA;;;;;Colisão;;;;Meio de Quadra;;;0;0;2;0;0;0;0;0;0;0;0;0;;;;;
264994;4;8;2015;12:20;0;RUA SGT SILVA;;;188;;Colisão;Luz do Dia;;;Meio de Quadra;;;0;0;1;1;0;0;0;0;0;0;0;0;-38,536552;-3,756869;;;
264988;4;8;2015;09:00;0;RUA PDE PEDRO DE ALENCAR;;;1791;;Colisão Lateral;Luz do Dia;;;Meio de Quadra;;;0;0;1;0;0;0;1;0;0;0;0;0;-38,494377;-3,843723;;;
259105;4;8;2015;10:15;0;RD BR 116;;;6000;KM-06;Colisão Lateral;Luz do Dia;Bom;Seca;Meio de Quadra;Não Há Controle;Comercial;0;1;1;1;0;0;0;0;0;1;0;0;-38,503053;-3,804691;;;
259106;4;8;2015;18:00;0;RD BR 116;;;1000;KM-01;Colisão Traseira;Anoitecer;Bom;Molhada;Meio de Quadra;Não Há Controle;Comercial;0;2;1;0;0;0;0;0;0;1;0;0;-38,518702;-3,762554;;;
255336;4;8;2015;06:30;0;AV BEZERRA DE MENEZES;;;2450;;Colisão Traseira;Luz do Dia;Bom;Seca;Meio de Quadra;Não Há Controle;Comercial;0;1;1;1;0;0;0;0;0;1;0;0;-38,566148;-3,736003;;;
255337;4;8;2015;09:38;3975;RUA ALBERTO MAGNO;RUA PRO COSTA MENDES;;;;Colisão Lateral;Luz do Dia;Bom;Seca;Cruz;Semáforo;;0;2;1;1;0;0;0;0;0;1;0;0;-38,543548;-3,757528;;;
255338;4;8;2015;06:30;19949;RUA FRANCISCO LORDA;RUA ALBERTO MONTEZUMA;;;;Colisão Lateral;Luz do Dia;Bom;Seca;Cruz;Pare;Comercial;0;1;1;1;0;0;0;0;0;1;0;0;-38,531928;-3,761900;;;
255340;4;8;2015;07:30;0;RUA STA MARLUCIA;;;118;;Colisão Transversal;Luz do Dia;Bom;Seca;Meio de Quadra;Não Há Controle;Misto;0;0;2;1;0;0;1;0;0;0;0;0;-38,580147;-3,806844;;;
255334;4;8;2015;09:20;3219;RUA EMILIO DE MENESES;RUA ANSELMO NOGUEIRA;;;;Colisão Transversal;Luz do Dia;Bom;Seca;Cruz;Semáforo;Comercial;0;0;2;1;0;0;0;0;1;0;0;0;-38,587374;-3,781760;;;
255343;4;8;2015;14:00;7773;RUA DOM EXPEDITO LOPES;RUA JOAQUIM NABUCO;;;;Colisão Traseira;Luz do Dia;Bom;Seca;Cruz;Pare;Residencial;0;0;2;1;0;0;0;0;0;0;0;0;-38,504144;-3,744118;;;
255350;4;8;2015;15:20;0;AV OLIVEIRA PAIVA;;;2555;;Colisão Traseira;Luz do Dia;Bom;Seca;Meio de Quadra;Gesto;Comercial;0;0;3;1;1;0;0;0;0;0;0;0;-38,483793;-3,796056;;;
255347;4;8;2015;15:00;15353;RUA PEREIRA VALENTE;RUA BARBOSA DE FREITAS;;;;Colisão Transversal;Luz do Dia;Bom;Seca;Cruz;Pare;Residencial;0;0;1;1;0;0;0;0;0;0;0;0;-38,496080;-3,732578;;;
255348;4;8;2015;14:30;5723;AV OLIVEIRA PAIVA;RUA MON ANTERO;;;;Colisão Transversal;;Bom;Seca;T;Gesto;Comercial;0;1;1;1;0;0;0;0;0;1;0;0;-38,493198;-3,795604;;;
255323;4;8;2015;12:45;15301;RUA TEN BENEVOLO;RUA SILVA PAULET;;;;Colisão Lateral;Luz do Dia;Bom;Seca;Cruz;Pare;Misto;0;0;2;1;0;0;0;0;0;0;0;0;-38,503888;-3,729724;;;
255324;4;8;2015;09:00;1450;RUA JOAO CARVALHO;RUA JOSE VILAR;;;;Colisão Frontal;Luz do Dia;Bom;Seca;Cruz;Semáforo Intermitente;Comercial;0;0;2;1;0;0;0;0;0;0;0;0;-38,505477;-3,738318;;;
255325;4;8;2015;07:30;0;RUA PDE PERDIGAO SAMPAIO;;;872;;Atropelamento;Luz do Dia;Bom;Seca;Meio de Quadra;Não Há Controle;Residencial;0;2;0;0;0;0;0;0;0;1;0;0;-38,593920;-3,745097;;;
255320;4;8;2015;18:40;0;RUA BAR CRATO;;;1700;;Colisão Lateral;Anoitecer;Bom;Seca;Meio de Quadra;Outros;Residencial;0;0;2;1;0;0;0;0;0;0;0;0;;;;;
255321;4;8;2015;20:00;0;AV FRANCISCO SA;;;2777;;Atropelamento;Via Iluminada;Bom;Seca;Meio de Quadra;Outros;Comercial;0;2;0;0;0;0;0;0;0;1;0;0;-38,550423;-3,719704;;;
255331;4;8;2015;16:45;0;AV PDE ANTONIO TOMAS;;;2302;;Colisão Traseira;Via Iluminada;Bom;Seca;Meio de Quadra;;Comercial;0;0;2;1;1;0;0;0;0;0;0;0;-38,491447;-3,742836;;;
255328;4;8;2015;03:00;0;AV ABOLICAO;;;2311;;Choque c/ Obstáculo Fixo;Via Iluminada;Bom;Seca;Meio de Quadra;Não Há Controle;Misto;0;0;1;1;0;0;0;0;0;0;0;0;-38,498514;-3,726348;;;
255329;4;8;2015;19:00;0;RUA CON LIMA SUCUPIRA;;;2036;;Colisão Transversal;Mal Iluminada;Bom;Seca;Meio de Quadra;Outros;Residencial;0;1;1;1;0;0;0;0;0;1;0;0;;;;;
263671;4;8;2015;17:08;0;RUA ANTONIO POMPEU;;;;;Colisão;Anoitecer;;;Meio de Quadra;;;0;0;2;1;0;0;0;0;0;0;0;0;;;;;
263642;4;8;2015;10:59;19305;RUA CARLOS AMORA;RUA CON DE CASTRO;;;;Colisão;Luz do Dia;;;T;Semáforo;Comercial;0;0;2;1;1;0;0;0;0;0;0;0;-38,563978;-3,774756;;;
259470;4;8;2015;15:00;0;RD CE-040;;;;KM-06;Colisão;Luz do Dia;;Seca;Meio de Quadra;;;0;0;3;1;0;0;1;0;0;0;0;0;-38,478781;-3,811270;;;
259471;4;8;2015;20:15;0;RD CE-040;;;;KM-07;Colisão;;;Seca;Meio de Quadra;;;0;0;2;1;0;0;0;0;0;0;0;0;-38,483160;-3,817953;;;
263673;4;8;2015;17:57;0;RUA TRES MARIAS D50;;;;;Colisão;Anoitecer;;;Meio de Quadra;;;0;0;2;0;0;0;0;0;0;0;0;0;;;;;
259197;4;8;2015;15:50;0;RD BR 222;;;;;Colisão Lateral;Luz do Dia;Bom;Seca;Meio de Quadra;Não Há Controle;Comercial;0;0;2;1;1;0;0;0;0;0;0;0;;;;;
263798;4;8;2015;20:50;16057;AV GODOFREDO MACIEL;AV WENEFRIDO MELO;;;;Colisão;;;;;;;0;0;2;1;0;0;0;1;0;0;0;0;-38,574739;-3,811743;;;
263808;5;8;2015;17:04;0;RUA ANTONIO POMPEU;;;;;Colisão;Anoitecer;;;Meio de Quadra;;;0;0;2;1;0;0;0;0;0;0;0;0;;;;;
263803;5;8;2015;16:03;22937;AV DR SILAS MUNGUBA;RUA GOV JOAO CARLOS;;;;Colisão;Luz do Dia;;;T;Semáforo;Comercial;0;0;2;1;1;0;0;0;0;0;0;0;-38,553910;-3,783950;;;
263801;5;8;2015;15:47;0;AV LUCIANO CARNEIRO;;;;;Colisão;Luz do Dia;;;Meio de Quadra;;;0;0;2;1;0;0;0;0;0;1;0;0;;;;;
263812;5;8;2015;19:05;11761;AV PRS CASTELO BRANCO;RUA JACINTO MATOS;;;;Colisão;;;;T;Semáforo;Residencial;0;0;2;1;1;0;0;0;0;0;0;0;-38,546333;-3,714630;;;
255612;5;8;2015;07:00;0;AV GODOFREDO MACIEL;;;3416;;Colisão Lateral;;Bom;Seca;Meio de Quadra;Não Há Controle;Comercial;0;0;2;1;0;0;0;0;0;0;0;0;-38,572560;-3,804935;;;
255623;5;8;2015;20:30;0;RUA JAIME BENEVOLO;;;801;;;Via Iluminada;Bom;Seca;Meio de Quadra;;Comercial;0;0;2;1;0;0;0;0;0;1;0;0;-38,527736;-3,739262;;;
255702;5;8;2015;15:30;0;AV PONTES VIEIRA;;;;;Outros;Luz do Dia;Bom;Seca;Meio de Quadra;Não Há Controle;Comercial;0;1;2;0;0;0;0;0;0;1;0;0;-38,516337;-3,753055;;;
255709;5;8;2015;17:45;0;RUA PEDRO I;;;873;;Colisão Lateral;Via Iluminada;Bom;Seca;Meio de Quadra;Não Há Controle;Comercial;0;0;2;0;1;0;0;0;0;0;0;0;-38,532452;-3,729988;;;
255698;5;8;2015;15:00;0;RUA ASSIS CHATEAUBRIAND;;;;;Colisão Lateral;;Bom;Seca;Meio de Quadra;Não Há Controle;Comercial;0;0;2;1;0;0;1;0;0;0;0;0;;;;;
255694;5;8;2015;12:20;7884;AV ANTONIO SALES;RUA VICENTE LEITE;;;;Colisão Lateral;Luz do Dia;Bom;Seca;Cruz;Pare;Comercial;0;0;2;1;0;0;0;0;0;0;0;0;-38,498468;-3,746656;;;
255628;5;8;2015;19:25;25268;AV BORGES DE MELO;RUA JORGE ACURCIO;;;;Colisão Lateral;Via Iluminada;Bom;Seca;T;Semáforo Intermitente;Comercial;0;0;2;0;0;0;1;0;0;0;0;0;-38,529837;-3,760118;;;
255638;5;8;2015;09:39;0;TR CAP ARAGAO;;;766;;Colisão Traseira;Luz do Dia;Bom;Seca;Meio de Quadra;;Residencial;0;0;2;1;0;0;0;0;0;0;0;0;;;;;
255644;5;8;2015;07:40;22083;RUA DELMIRO FARIAS;RUA CAP FRANCISCO PEDRO;;;;Colisão Transversal;Luz do Dia;Bom;Seca;Cruz;Pare;Residencial;0;0;2;1;0;0;1;0;0;0;0;0;-38,549818;-3,748223;;;
255646;5;8;2015;17:40;0;AV EDUARDO GIRAO;;;430;;Colisão Lateral;Anoitecer;Bom;Seca;Meio de Quadra;Não Há Controle;Comercial;0;1;1;1;0;0;0;0;0;1;0;0;-38,540212;-3,748180;;;
259475;5;8;2015;07:30;0;RD CE-060;;;;KM-02;Colisão;Luz do Dia;;Seca;Meio de Quadra;;;0;0;2;0;0;0;1;0;0;0;0;0;-38,580009;-3,828028;;;
255487;5;8;2015;20:30;302;RUA NELSON MACHADO;RUA PRO LINO ENCARNACAO;;;;Outros;Via Iluminada;Bom;Seca;Cruz;Pare;Residencial;0;0;3;1;0;0;0;0;0;0;0;0;-38,560182;-3,743542;;;
255495;5;8;2015;15:45;0;AV BEZERRA DE MENEZES;;;;;Colisão Traseira;Luz do Dia;Bom;Seca;Meio de Quadra;Não Há Controle;Comercial;0;0;2;1;0;0;0;0;0;0;0;0;;;;;
255501;5;8;2015;19:10;19538;AV GODOFREDO MACIEL;RUA INGA;;;;Colisão Lateral;Via Iluminada;Bom;Seca;T;Pare;Comercial;0;1;1;1;0;0;0;0;0;1;0;0;-38,565570;-3,782382;;;
255509;5;8;2015;11:30;9246;AV 13 DE MAIO;RUA BAR RIO BRANCO;;;;Colisão Lateral;Luz do Dia;Bom;Seca;;Semáforo;Comercial;0;1;1;0;0;0;0;0;0;1;0;0;-38,534255;-3,745129;;;
255516;5;8;2015;07:30;9020;RUA JAIME BENEVOLO;RUA SALDANHA MARINHO;;;;Colisão Lateral;Luz do Dia;Bom;Seca;Cruz;Semáforo;Comercial;0;0;2;1;0;0;0;0;0;0;0;0;-38,528994;-3,743046;;;
255522;5;8;2015;19:30;0;AV VICENTE DE CASTRO;;;;;Colisão Lateral;Via Iluminada;Bom;Seca;Outros;Pare;Outros;0;1;1;1;0;0;0;0;0;1;0;0;-38,471858;-3,710455;;;
255533;5;8;2015;08:30;18028;AV DIOGUINHO;RUA RENATO BRAGA;;;;Colisão Lateral;Anoitecer;Bom;Seca;Cruz;Semáforo;Comercial;0;0;2;1;0;0;1;0;0;0;0;0;-38,458889;-3,731428;;;
255537;5;8;2015;06:50;17496;RUA TEREZA HINKO;RUA DA PAZ;;;;Colisão Traseira;Luz do Dia;Bom;Seca;T;Semáforo;Comercial;0;0;2;1;0;0;0;0;0;0;0;0;-38,484485;-3,725162;;;
255539;5;8;2015;07:00;0;AV AGUANAMBI;;;150;;Colisão Traseira;Luz do Dia;Bom;Seca;Meio de Quadra;Semáforo Intermitente;Comercial;0;0;2;1;1;0;0;0;0;0;0;0;-38,524598;-3,738607;;;
255543;5;8;2015;09:30;18155;AV ZEZE DIOGO;RUA DOZE UI 211;;;;Colisão Transversal;Luz do Dia;Bom;Seca;T;Não Há Controle;Comercial;0;0;2;1;0;0;0;1;0;0;0;0;-38,444883;-3,755465;;;
255547;5;8;2015;06:00;8050;AV JOAO PESSOA;RUA DONDON FEITOSA;;;;Capotamento;Luz do Dia;Bom;Seca;T;Pare;Comercial;0;1;1;1;0;0;0;0;0;0;0;0;-38,551359;-3,754529;;;
255552;5;8;2015;09:10;0;RUA BERNARDO MANUEL;;;11173;;Colisão Lateral;Luz do Dia;Bom;Seca;Meio de Quadra;Não Há Controle;Comercial;0;0;2;0;1;0;1;0;0;0;0;0;-38,557082;-3,817356;;;
255553;5;8;2015;14:00;3829;RUA PAULINO NOGUEIRA;RUA MAL DEODORO;;;;Colisão Transversal;Luz do Dia;Bom;Seca;Cruz;Pare;Comercial;0;0;2;0;1;0;0;0;0;0;0;0;-38,537199;-3,744452;;;
255608;5;8;2015;07:20;0;RUA GALILEU;;;415;;Colisão Lateral;Luz do Dia;Bom;Seca;Meio de Quadra;Não Há Controle;Comercial;0;0;2;1;0;0;1;0;0;0;0;0;-38,552770;-3,776352;;;
255603;5;8;2015;07:50;0;RUA PAULINO ROCHA D32;;;;;Colisão Lateral;Luz do Dia;Bom;Seca;Meio de Quadra;Semáforo;Comercial;0;1;1;1;0;0;0;0;0;1;0;0;;;;;
255562;5;8;2015;14:00;5292;RUA GONCALVES LEDO;RUA COSTA BARROS;;;;Colisão Transversal;Luz do Dia;Bom;Seca;Cruz;Pare;Comercial;0;0;2;1;0;0;0;0;0;1;0;0;-38,515426;-3,729088;;;
255566;5;8;2015;16:45;9055;AV VIS RIO BRANCO;RUA ARTHUR TEMOTEO;;;;Colisão Transversal;Luz do Dia;Bom;Seca;Cruz;Pare;Residencial;0;0;3;1;0;0;0;0;0;0;0;0;-38,522164;-3,745349;;;
255570;5;8;2015;21:00;0;AV JOSE BASTOS;;;;;Colisão;;;;Meio de Quadra;;;0;0;2;0;1;0;0;0;0;0;0;0;;;;;
255573;5;8;2015;10:30;12455;AV SEN FERNANDES TAVORA;RUA RIO GRANDE DO SUL;;;;Colisão Traseira;Luz do Dia;Bom;Seca;T;Semáforo;Comercial;0;0;2;1;0;0;0;0;0;0;0;0;-38,572159;-3,768083;;;
255576;5;8;2015;09:20;9170;AV EDUARDO GIRAO;RUA GAL SILVA JUNIOR;;;;Colisão Transversal;Luz do Dia;Bom;Seca;;Semáforo;Comercial;0;0;2;1;0;0;0;0;0;0;0;0;-38,530785;-3,754309;;;
255593;5;8;2015;14:40;26077;AV DUQ CAXIAS;AV JOSE JATAHY;;;;Colisão Lateral;Luz do Dia;Bom;Seca;Cruz;Pare;Comercial;0;0;2;1;0;0;1;0;0;0;0;0;;;;;
255594;5;8;2015;07:40;0;AV ENG ALBERTO SA;;;100;;Colisão Traseira;Luz do Dia;Bom;Seca;Meio de Quadra;Outros;Residencial;0;0;3;1;0;0;0;0;0;0;0;0;-38,482028;-3,732849;;;
255595;5;8;2015;10:20;6730;RUA DES WALDETARIO P MOTA;RUA ANDRADE FURTADO;;;;Colisão Lateral;Luz do Dia;Bom;Seca;Cruz;Semáforo;Residencial;0;1;1;1;0;0;0;0;0;1;0;0;-38,485150;-3,744025;;;
265097;5;8;2015;10:28;0;AV CEL CARVALHO;;;;;Colisão;Luz do Dia;;;Meio de Quadra;;;0;0;2;1;0;0;0;0;0;1;0;0;;;;;
265098;5;8;2015;10:57;0;AV PRS CASTELO BRANCO;;;;;Atropelamento;Luz do Dia;;;Meio de Quadra;;;0;1;1;1;0;0;0;0;0;0;0;0;-38,571698;-3,707207;;;
265099;5;8;2015;12:09;0;RUA MIGUEL GURGEL;;;;;Queda;Luz do Dia;;;Meio de Quadra;;;0;1;0;0;0;0;0;0;0;1;0;0;;;;;
265100;5;8;2015;12:16;0;AV CEL CARVALHO;;;;;Colisão;Luz do Dia;;;Meio de Quadra;;;0;1;0;1;0;0;0;0;0;0;0;0;-38,590548;-3,707281;;;
265101;5;8;2015;14:48;0;AV MR HULL;;;;;Queda;Luz do Dia;;;Meio de Quadra;;;0;1;0;0;0;0;0;0;0;1;0;0;-38,580301;-3,738013;;;
265102;5;8;2015;15:07;0;RUA CEL FRANCISCO ALVES RIBEIRO;;;;;Queda;Luz do Dia;;;Meio de Quadra;;;0;1;0;0;0;0;0;0;0;1;0;0;;;;;
265103;5;8;2015;16:01;5091;RUA CASTRO E SILVA;RUA GAL SAMPAIO;;;;Atropelamento;Luz do Dia;;;Cruz;Semáforo;Comercial;0;1;1;1;0;0;0;0;0;0;0;0;-38,529670;-3,723098;;;
265104;5;8;2015;16:11;4000;AV PRO GOMES DE MATOS;RUA RAUL UCHOA;;;;Atropelamento;Luz do Dia;;;Cruz;Pare;Comercial;0;1;1;1;0;0;0;0;0;0;0;0;-38,545294;-3,760768;;;
265105;5;8;2015;17:41;0;AV WASHINGTON SOARES;;;;;Queda;Anoitecer;;;Meio de Quadra;;;0;1;0;0;0;0;0;0;0;1;0;0;;;;;
265127;5;8;2015;18:13;7975;RUA ALVARO MARTINS;RUA CARLOS CAMARA;;;;Colisão;Anoitecer;;;Cruz;Pare;Residencial;0;1;1;1;0;0;0;0;0;1;0;0;-38,543554;-3,747550;;;
265149;5;8;2015;19:45;0;RUA BERNARDO MANUEL;;;;;Colisão;;;;Meio de Quadra;;;0;1;1;1;0;0;0;0;0;1;0;0;;;;;
265145;5;8;2015;18:53;0;RUA PRO COSTA MENDES;;;;;Colisão;;;;Meio de Quadra;;;0;1;1;0;0;0;0;0;0;1;0;0;;;;;
265153;5;8;2015;21:43;0;RUA DUAS NACOES;;;;;Atropelamento;;;;Meio de Quadra;;;0;1;1;0;0;0;0;0;0;1;0;0;;;;;