COD_ACIDENTE;DIA;MES;ANO;HORA;INTERSECAO;LOG1;LOG2;LOG3;NUMERO;REFERENCIA;NATUREZA;ILUMINACAO;TEMPO;SUPERFICIEPISTA;TIPOCRUZAMENTO;CONTROLETRAFEGO;USOSOLO;MORTOS;FERIDOS;ILESOS;AUTOMOVEL;ONIBUS;BICICLETA;CAMINHAO;MICROONIBUS;CICLOMOTOR;MOTOCICLETA;TRACAOANIMAL;TREM;LONG;LAT;;;
259107;5;8;2015;07:35;0;RD BR 116;;;2000;KM-02;Colisão Traseira;Luz do Dia;Bom;Seca;Meio de Quadra;Não Há Controle;Comercial;0;1;1;1;0;0;0;0;0;1;0;0;-38,516780;-3,771391;;;
259108;5;8;2015;12:00;0;RD BR 116;;;6000;KM-06;Colisão Lateral;Luz do Dia;Bom;Seca;Meio de Quadra;Não Há Controle;Comercial;0;1;1;1;0;0;0;0;0;1;0;0;-38,503053;-3,804691;;;
259120;5;8;2015;18:03;0;RD BR 116;;;12000;KM-12;Tombamento;Anoitecer;Bom;Seca;Meio de Quadra;Não Há Controle;Comercial;0;2;0;0;0;0;1;0;0;0;0;0;-38,496066;-3,855740;;;
259121;5;8;2015;20:45;0;RD BR 116;;;7000;KM-07;Colisão Traseira;Via Iluminada;Bom;Seca;Meio de Quadra;Não Há Controle;Comercial;0;0;4;1;0;0;0;0;0;0;0;0;-38,501101;-3,813246;;;
269889;5;8;2015;10:36;0;RUA ANTONIO LAFAYETTE;;;;;Atropelamento;Luz do Dia;;;Meio de Quadra;;;0;0;2;0;0;0;0;0;0;0;0;0;;;;;
269882;5;8;2015;09:11;0;AV A CJ CEARA;;;;;Colisão;Luz do Dia;;;Meio de Quadra;;;0;0;2;0;0;0;0;0;0;0;0;0;;;;;
269876;5;8;2015;07:56;22159;RUA PRO COSTA MENDES;AV JOSE BASTOS;;;;Colisão;Luz do Dia;;;Outros;Não Há Controle;Residencial;0;0;2;0;0;0;0;0;0;0;0;0;-38,551247;-3,750784;;;
269923;5;8;2015;23:57;0;RUA COS TRISTAO;;;;;Colisão;;;;Meio de Quadra;;;0;0;2;0;0;0;0;0;0;0;0;0;;;;;
269921;5;8;2015;22:56;0;RUA URUCUTUBA;;;;;Choque c/ Obstáculo Fixo;;;;Meio de Quadra;;;0;0;1;0;0;0;0;0;0;0;0;0;;;;;
269919;5;8;2015;22:40;22082;RUA CAP FRANCISCO PEDRO;RUA ALEXANDRE BARAUNA;;;;Colisão;;;;Cruz;Pare;Comercial;0;0;2;0;0;0;0;0;0;0;0;0;-38,550539;-3,749020;;;
269914;5;8;2015;22:39;0;AV DA INDEPENDENCIA;;;;;Colisão;;;;Meio de Quadra;;;0;0;2;0;0;0;0;0;0;0;0;0;;;;;
269911;5;8;2015;22:34;0;RUA JOSE NAPOLEAO;;;;;Colisão;;;;Meio de Quadra;;;0;0;2;0;0;0;0;0;0;0;0;0;;;;;
269907;5;8;2015;21:50;0;RUA ABILIO MARTINS;;;;;Colisão;;;;Meio de Quadra;;;0;0;2;0;0;0;0;0;0;0;0;0;;;;;
269898;5;8;2015;11:57;17453;RUA DES PRAXEDES;AV JOSE DO PATROCINIO;;;;Colisão;Luz do Dia;;;Cruz;Pare;Residencial;0;0;2;0;0;0;0;0;0;0;0;0;-38,543752;-3,762794;;;
269899;5;8;2015;15:14;0;AV PRUDENTE BRASIL;;;;;Colisão;Luz do Dia;;;Meio de Quadra;;;0;0;2;0;0;0;0;0;0;0;0;0;;;;;
269901;5;8;2015;16:04;12352;RUA MON HIPOLITO BRASIL;RUA ERNESTO PEDRO SANTOS;;;;Colisão;Luz do Dia;;;Cruz;Pare;Residencial;0;0;2;0;0;0;0;0;0;0;0;0;-38,575314;-3,760775;;;
269885;5;8;2015;10:17;1259;RUA PDE LUIS FIGUEIRA;RUA ILDEFONSO ALBANO;;;;Colisão;Luz do Dia;;;Cruz;Pare;Comercial;0;0;2;0;0;0;0;0;0;0;0;0;-38,513063;-3,732813;;;
269896;5;8;2015;11:45;0;RUA REPUBLICA DO PERU;;;;;Colisão;Luz do Dia;;;Meio de Quadra;;;0;0;2;0;0;0;0;0;0;0;0;0;;;;;
269892;5;8;2015;11:01;0;RUA VALPARAISO;;;;;Colisão;Luz do Dia;;;Meio de Quadra;;;0;0;2;0;0;0;0;0;0;0;0;0;;;;;
265079;5;8;2015;07:39;0;AV GAL OSORIO DE PAIVA;;;;;Colisão;Luz do Dia;;;Meio de Quadra;;;0;1;1;1;0;0;0;0;0;1;0;0;-38,617199;-3,820341;;;
265080;5;8;2015;08:23;16587;RUA MONTE LIBANO;RUA AMARO JOSE DE SOUZA;;;;Colisão;Luz do Dia;;;T;Pare;Residencial;0;1;1;1;0;0;0;0;0;1;0;0;-38,564113;-3,827632;;;
265081;5;8;2015;08:29;0;AV PRS CASTELO BRANCO;;;;;Queda;Luz do Dia;;;Meio de Quadra;;;0;1;0;0;0;0;0;0;0;1;0;0;-38,524456;-3,722201;;;
265082;5;8;2015;08:34;0;AV MAE LISBOA;;;;;Atropelamento;Luz do Dia;;;Meio de Quadra;;;0;1;1;0;0;0;0;0;0;1;0;0;-38,456874;-3,806677;;;
265083;5;8;2015;08:57;0;RUA PRO JOSE SILVEIRA;;;;;Colisão;Luz do Dia;;;Meio de Quadra;;;0;1;1;1;0;0;0;0;0;1;0;0;;;;;
265005;5;8;2015;11:20;0;AV GAL OSORIO DE PAIVA;;;7775;;;Luz do Dia;;;Meio de Quadra;;;0;0;1;1;0;0;0;0;0;0;0;0;-38,617259;-3,820401;;;
265009;5;8;2015;13:40;6745;RUA PRO OTAVIO LOBO;RUA BENTO ALBUQUERQUE;;;;Colisão;Luz do Dia;;;Cruz;Semáforo;Residencial;0;1;0;1;0;0;0;0;0;1;0;0;-38,479196;-3,745035;;;
265029;5;8;2015;17:58;0;RUA MIN JOAQUIM BASTOS D14;;;750;;Colisão;Anoitecer;;;Meio de Quadra;;;1;1;1;1;0;0;0;0;0;1;0;0;;;;;
255414;5;8;2015;14:05;0;AV CEL CARVALHO;;;2901;;Colisão Lateral;Luz do Dia;Bom;Seca;Meio de Quadra;Semáforo;Comercial;0;0;2;1;0;0;1;0;0;0;0;0;-38,585031;-3,728395;;;
255423;5;8;2015;15:10;13381;RUA JOAO CORDEIRO;RUA JOAO BRIGIDO;;;;Colisão Transversal;Luz do Dia;Bom;Seca;;Não Há Controle;Residencial;0;0;2;1;0;0;0;0;0;1;0;0;-38,517870;-3,739927;;;
255429;5;8;2015;14:30;0;AV DOS EXPEDICIONARIOS;;;3910;;Colisão Traseira;Luz do Dia;Bom;Seca;Meio de Quadra;Não Há Controle;Escola;0;0;2;1;0;0;0;0;0;0;0;0;-38,537333;-3,752267;;;
255452;5;8;2015;08:30;16587;RUA MONTE LIBANO;RUA AMARO JOSE DE SOUZA;;;;Colisão Transversal;Luz do Dia;Bom;Seca;T;Pare;Residencial;0;0;2;1;0;0;0;0;0;1;0;0;-38,564113;-3,827632;;;
255445;5;8;2015;10:00;5038;RUA SEN ALENCAR;RUA OTO DE ALENCAR;;;;Colisão Transversal;Luz do Dia;Bom;Seca;Cruz;Pare;Comercial;0;1;2;1;0;0;0;0;0;1;0;0;-38,539632;-3,721158;;;
255442;5;8;2015;08:30;0;AV DEP PAULINO ROCHA;;;;;Colisão Traseira;Luz do Dia;Bom;Seca;Meio de Quadra;Não Há Controle;Comercial;0;0;2;1;0;0;0;0;0;0;0;0;;;;;
255398;5;8;2015;13:30;0;AV PRO GOMES DE MATOS;;;1368;;Colisão Traseira;Luz do Dia;Bom;Seca;Meio de Quadra;Não Há Controle;Comercial;0;0;2;1;0;0;0;0;0;0;0;0;-38,548214;-3,764172;;;
255407;5;8;2015;07:30;26097;RUA PAPI JUNIOR;AV JOSE JATAHY;;;;Colisão Lateral;Luz do Dia;Bom;Seca;Cruz;Pare;Residencial;0;0;2;1;0;0;1;0;0;0;0;0;-38,543919;-3,737364;;;
255389;5;8;2015;10:25;0;RUA PDE VALDEVINO;;;109;;Colisão Lateral;Luz do Dia;Bom;Seca;Meio de Quadra;Outros;Residencial;0;0;2;1;0;0;0;0;0;1;0;0;-38,523112;-3,737147;;;
264452;5;8;2015;17:09;15155;AV BEIRA MAR;RUA NUNES VALENTE;;;;Colisão;Anoitecer;;;Cruz;Pare;Residencial;0;0;3;1;0;0;0;0;0;0;0;0;-38,500106;-3,724863;;;
255396;6;8;2015;17:40;11668;RUA PRO HERIBALDO COSTA;RUA CACILDA BECKER;;;;Colisão Lateral;Via Iluminada;Bom;Seca;Cruz;Pare;Residencial;0;0;2;1;0;0;1;0;0;0;0;0;-38,589464;-3,770715;;;
255404;6;8;2015;18:05;0;RUA JACINTO MATOS;;;449;;Colisão Traseira;Via Iluminada;Bom;Seca;Meio de Quadra;;Residencial;0;0;2;1;0;0;0;0;0;0;0;0;-38,546341;-3,714712;;;
255401;6;8;2015;09:32;0;AV SEN CARLOS JEREISSATI (AEROPORTO);;;3000;;Colisão Lateral;Luz do Dia;Bom;Seca;Meio de Quadra;Não Há Controle;Outros;0;0;2;1;0;0;0;0;0;0;0;0;-38,541414;-3,780382;;;
255417;6;8;2015;21:00;0;RUA BERNARDO MANUEL;;;7941;;Colisão Lateral;Via Iluminada;Bom;Seca;Meio de Quadra;Não Há Controle;Residencial;0;0;2;1;1;0;0;0;0;0;0;0;-38,548344;-3,788638;;;
255418;6;8;2015;22:10;0;RUA ALBERTO MAGNO;;;412;;Colisão Transversal;Via Iluminada;Bom;Seca;Meio de Quadra;Não Há Controle;Residencial;0;1;1;0;0;0;0;0;0;1;0;0;-38,545174;-3,759383;;;
255439;6;8;2015;13:30;15346;RUA PEREIRA VALENTE;RUA VIS MAUA;;;;Colisão Transversal;Luz do Dia;Bom;Seca;Cruz;Pare;Residencial;0;0;2;1;0;0;0;0;0;0;0;0;-38,498067;-3,731927;;;
255440;6;8;2015;14:30;19165;RUA BATISTA DE OLIVEIRA;RUA PEREIRA DE MIRANDA;;;;Colisão Transversal;Luz do Dia;Bom;Seca;Cruz;Pare;Residencial;0;0;2;1;1;0;0;0;0;0;0;0;-38,478760;-3,740801;;;
255441;6;8;2015;20:00;15718;RUA CEL DIONISIO ALENCAR;RUA DR JOAQUIM BENTO;;;;Colisão Lateral;Via Iluminada;Bom;Seca;Cruz;Pare;Residencial;0;0;2;1;0;0;1;0;0;0;0;0;-38,486419;-3,828267;;;
255448;6;8;2015;09:45;12954;RUA BERNARDO MANUEL;AV PRS COSTA E SILVA;;;;Colisão Lateral;Anoitecer;Bom;Seca;Cruz;Semáforo;Comercial;0;0;2;1;0;0;0;0;0;1;0;0;-38,558276;-3,821079;;;
255424;6;8;2015;14:30;6756;AV ANTONIO SALES;AV ENG SANTANA JUNIOR;;;;Colisão Lateral;Luz do Dia;Bom;Seca;Outros;Não Há Controle;Comercial;0;0;2;1;0;0;0;0;0;0;0;0;-38,490039;-3,749257;;;
255420;6;8;2015;08:15;3851;RUA ADOLFO HERBSTER;AV DA UNIVERSIDADE;;;;Colisão Traseira;Luz do Dia;Bom;Seca;T;Pare;Misto;0;0;2;1;1;0;0;0;0;0;0;0;-38,541551;-3,743649;;;
255421;6;8;2015;21:30;19328;RUA EDUARDO PERDIGAO;RUA CON DE CASTRO;;;;Colisão Transversal;Via Iluminada;Bom;Seca;Cruz;Pare;Comercial;0;0;2;1;0;0;0;0;0;0;0;0;-38,564769;-3,775579;;;
255422;6;8;2015;19:15;0;RUA PRO GOMES BRASIL;;;;;Colisão Traseira;Via Iluminada;Bom;Seca;Meio de Quadra;Não Há Controle;Outros;0;0;2;1;0;0;0;0;0;0;0;0;;;;;
255451;6;8;2015;09:00;0;AV PRS CASTELO BRANCO;;;3100;;Colisão Traseira;Luz do Dia;Bom;Seca;Meio de Quadra;Não Há Controle;Residencial;0;0;2;1;0;0;1;0;0;0;0;0;-38,557253;-3,711624;;;
255454;6;8;2015;06:30;0;AV DR SILAS MUNGUBA;;;1700;UECE;Colisão Lateral;Luz do Dia;Bom;Seca;Meio de Quadra;Semáforo;Misto;0;2;1;0;1;0;0;0;0;1;0;0;-38,552153;-3,785332;;;
255456;6;8;2015;18:30;0;RUA GONTRAN GIFFONI;;;100;;Colisão Frontal;Via Iluminada;Bom;Seca;Meio de Quadra;Pare;Misto;0;1;1;1;0;0;0;0;0;1;0;0;-38,495508;-3,766089;;;
265031;6;8;2015;13:05;0;AV DUQ CAXIAS;;;1700;;Colisão Lateral;Luz do Dia;;;Meio de Quadra;;;0;0;1;1;1;0;0;0;0;0;0;0;-38,539517;-3,728676;;;
269951;6;8;2015;22:35;0;AV 13 DE MAIO;;;;;Colisão;;;;Meio de Quadra;;;0;0;2;0;0;0;0;0;0;0;0;0;;;;;
269952;6;8;2015;23:48;0;RUA NUNES VALENTE;;;;;Colisão;;;;Meio de Quadra;;;0;0;2;0;0;0;0;0;0;0;0;0;;;;;
269940;6;8;2015;11:06;5418;RUA ASSUNCAO;RUA GAL CLARINDO DE QUEIROZ;;;;Colisão;Luz do Dia;;;Cruz;Pare;Comercial;0;0;2;0;0;0;0;0;0;0;0;0;-38,528262;-3,733329;;;
269931;6;8;2015;02:34;22296;RUA PDE ANCHIETA;RUA SOARES BULCAO;;;;Colisão;;;;Cruz;;Comercial;0;0;2;0;0;0;0;0;0;0;0;0;-38,552133;-3,731832;;;
269935;6;8;2015;09:08;0;AV CEL CARVALHO;;;;;Atropelamento;Luz do Dia;;;Meio de Quadra;;;0;0;2;0;0;0;0;0;0;0;0;0;;;;;
269943;6;8;2015;11:27;0;AV ROGACIANO LEITE;;;;;Colisão;Luz do Dia;;;Meio de Quadra;;;0;0;2;0;0;0;0;0;0;0;0;0;;;;;
269946;6;8;2015;13:07;0;AV JOSE LEON;;;;;Colisão;Luz do Dia;;;Meio de Quadra;;;0;1;1;0;0;0;0;0;0;0;0;0;;;;;
269947;6;8;2015;13:15;0;RUA HIL MORAES;;;;;Colisão;Luz do Dia;;;Meio de Quadra;;;0;0;2;0;0;0;0;0;0;0;0;0;;;;;
269948;6;8;2015;16:30;7508;RUA PEDRO DANTAS;RUA NENEN GONCALVES;;;;Colisão;Luz do Dia;;;Cruz;Pare;Residencial;0;0;2;0;0;0;0;0;0;0;0;0;-38,518947;-3,786437;;;
259122;6;8;2015;22:30;0;RD BR 116;;;8000;KM-08;Choque c/ Obstáculo Fixo;Via Iluminada;Bom;Seca;Meio de Quadra;Não Há Controle;Comercial;0;0;1;1;0;0;0;0;0;0;0;0;-38,503269;-3,822018;;;
265154;6;8;2015;04:25;0;RUA PDE ANCHIETA;;;;;Colisão;;;;Meio de Quadra;;;0;1;0;1;0;0;0;0;0;0;0;0;;;;;
265157;6;8;2015;07:26;0;RUA PRO JOSE MILTON;;;;;Queda;Luz do Dia;;;Meio de Quadra;;;0;1;0;0;0;0;0;0;0;1;0;0;;;;;
265167;6;8;2015;13:05;0;AV JOSE BASTOS;;;;;Colisão;Luz do Dia;;;Meio de Quadra;;;0;0;1;0;0;0;0;0;0;0;0;0;;;;;
265160;6;8;2015;08:59;0;RUA DR JOSE GOIANA;;;;;Colisão;Luz do Dia;;;Meio de Quadra;;;0;1;1;1;0;1;0;0;0;0;0;0;;;;;
265186;6;8;2015;20:06;0;RUA MAL DEODORO;;;;;Colisão;;;;Meio de Quadra;;;0;1;0;0;0;0;0;0;0;0;0;0;;;;;
265187;6;8;2015;20:38;15184;AV ABOLICAO;RUA TIBURCIO CAVALCANTE;;;;Atropelamento;;;;Cruz;Semáforo;Comercial;0;1;1;0;0;0;0;0;0;1;0;0;-38,499409;-3,726066;;;
265190;6;8;2015;21:30;0;RUA ALBERTO MAGNO;;;;;Colisão;;;;Meio de Quadra;;;0;1;0;0;0;0;0;0;0;0;0;0;-38,545174;-3,759383;;;
265193;6;8;2015;22:11;0;RUA DAS PEDRINHAS;;;;;Colisão;;;;Meio de Quadra;;;0;1;0;1;0;0;0;0;0;0;0;0;-38,600139;-3,762017;;;
265194;6;8;2015;00:58;0;AV GAL OSORIO DE PAIVA;;;;;Colisão;;;;Meio de Quadra;;;0;1;0;0;0;0;0;0;0;0;0;0;;;;;
265170;6;8;2015;17:20;0;RUA CON DE CASTRO;;;;;Colisão;Anoitecer;;;Meio de Quadra;;;0;1;0;0;0;0;0;0;0;1;0;0;-38,603799;-3,820574;;;
265173;6;8;2015;19:01;0;RD BR 116;;;;;Atropelamento;;;;Meio de Quadra;;;0;1;1;1;0;0;0;0;0;0;0;0;;;;;
265174;6;8;2015;19:07;0;RUA EMILIO DE MENESES;;;;;Atropelamento;;;;Meio de Quadra;;;0;1;1;1;0;0;0;0;0;0;0;0;-38,598575;-3,778606;;;
255587;6;8;2015;13:45;0;RUA JOSE HIPOLITO;;;1270;;Colisão Transversal;Luz do Dia;Bom;Seca;Meio de Quadra;;Residencial;0;0;2;1;0;0;0;0;0;0;0;0;-38,484817;-3,836363;;;
255589;6;8;2015;12:00;0;AV BORGES DE MELO;;;124;;Colisão Lateral;Luz do Dia;Bom;Seca;Meio de Quadra;Não Há Controle;Outros;0;0;2;1;0;0;1;0;0;0;0;0;-38,520120;-3,761333;;;
255559;6;8;2015;18:15;0;RUA CAP TIBURCIO DA FROTA;;;60;;Colisão Traseira;Via Iluminada;Bom;Seca;Meio de Quadra;Não Há Controle;Residencial;0;0;2;1;0;0;0;0;0;0;0;0;-38,519510;-3,755394;;;
255557;6;8;2015;10:15;0;AV PRO GOMES DE MATOS;;;1181;;Colisão Lateral;Luz do Dia;Bom;Seca;Meio de Quadra;Não Há Controle;Comercial;0;0;2;1;1;0;0;0;0;0;0;0;-38,547075;-3,762864;;;
255545;6;8;2015;06:40;0;AV PRO GOMES DE MATOS;;;2107;;Colisão Lateral;Luz do Dia;Bom;Seca;Meio de Quadra;Dê Preferência;Comercial;0;0;2;1;1;0;0;0;0;0;0;0;;;;;
255546;6;8;2015;08:20;3245;RUA ANSELMO NOGUEIRA;RUA SOUSA CARVALHO;;;;Colisão Transversal;Luz do Dia;Bom;Seca;Cruz;Pare;Residencial;0;1;1;1;0;0;0;0;0;0;0;0;-38,587948;-3,783796;;;
255532;6;8;2015;09:00;0;AV GAL OSORIO DE PAIVA;;;4951;;Colisão Traseira;Luz do Dia;Bom;Seca;Meio de Quadra;Não Há Controle;Comercial;0;1;1;1;0;0;0;0;0;1;0;0;-38,599023;-3,801585;;;
255534;6;8;2015;12:45;25027;AV DR SILAS MUNGUBA;RUA PRA STELLA COCHRANE;;;;Colisão Lateral;Luz do Dia;Bom;Seca;Cruz;Semáforo;Comercial;0;0;2;1;0;0;0;0;0;0;0;0;-38,535043;-3,793090;;;
255517;6;8;2015;07:30;0;RUA DR JOSE ROBERTO SALES;;;;;Colisão Transversal;Luz do Dia;Bom;Seca;Meio de Quadra;Não Há Controle;Residencial;0;0;2;1;0;0;0;0;0;1;0;0;;;;;
255520;6;8;2015;11:00;5216;RUA SEN ALMIR PINTO;RUA CEL FERRAZ;;;;Choque c/ Obstáculo Fixo;Luz do Dia;Bom;Seca;T;Não Há Controle;Comercial;0;0;1;1;0;0;0;0;0;0;0;0;;;;;
255508;6;8;2015;09:00;15896;RUA GURGEL DO AMARAL;RUA JOSE CAVALCANTE SOBR;;;;Colisão Lateral;Luz do Dia;Bom;Seca;T;Pare;Residencial;0;0;2;1;0;0;0;0;0;1;0;0;-38,486455;-3,835550;;;
255515;6;8;2015;23:00;9168;AV LUCIANO CARNEIRO;AV BORGES DE MELO;;;;;;;;Cruz;Semáforo;Residencial;0;0;4;1;0;0;0;0;0;0;0;0;-38,534097;-3,756465;;;
255511;6;8;2015;22:00;5438;RUA METON DE ALENCAR;RUA ASSUNCAO;;;;Colisão Transversal;Via Iluminada;Bom;Seca;Cruz;Pare;Comercial;0;1;1;0;0;0;0;0;0;1;0;0;-38,528594;-3,734332;;;
255500;6;8;2015;08:00;6716;AV PDE ANTONIO TOMAS;RUA ALUYSIO SORIANO ADERALDO;;;;Colisão Lateral;Luz do Dia;Bom;Seca;Y;Não Há Controle;Residencial;0;0;2;1;0;0;1;0;0;0;0;0;;;;;
255506;6;8;2015;18:30;15288;RUA VICENTE LEITE;RUA SILVA JATAHY;;;;Colisão Transversal;Anoitecer;Bom;Seca;Cruz;Pare;Residencial;0;1;1;1;0;0;0;0;0;0;0;0;-38,492910;-3,729302;;;
255503;6;8;2015;17:00;15354;RUA CANUTO DE AGUIAR;RUA FREDERICO BORGES;;;;Colisão Transversal;Anoitecer;Bom;Seca;Cruz;Pare;Comercial;0;0;2;1;0;0;0;0;0;1;0;0;-38,489246;-3,732629;;;
255496;6;8;2015;15:40;9039;RUA BAR RIO BRANCO;RUA PDE MIGUELINHO;;;;Colisão Transversal;Luz do Dia;Bom;Seca;Cruz;Pare;Residencial;0;1;2;1;0;0;0;0;0;1;0;0;-38,533460;-3,742749;;;
255489;6;8;2015;12:30;8076;AV EDUARDO GIRAO;RUA WALDERY UCHOA;;;;Colisão Transversal;Luz do Dia;Bom;Seca;T;Pare;Comercial;0;0;2;1;1;0;0;0;0;0;0;0;-38,541834;-3,747280;;;
263826;6;8;2015;09:21;0;AV PRS CASTELO BRANCO;;;;;Colisão;Luz do Dia;;;Meio de Quadra;;;0;0;2;1;0;0;1;0;0;0;0;0;;;;;
263823;6;8;2015;00:45;0;RUA METON DE ALENCAR;;;;;Colisão;;;;Meio de Quadra;;;0;0;2;1;0;0;0;0;0;0;0;0;;;;;
263877;6;8;2015;14:22;0;AV DR THEBERGE;;;;;Colisão;Luz do Dia;;;Meio de Quadra;;;0;0;2;1;0;0;1;0;0;0;0;0;;;;;
259481;7;8;2015;12:50;0;RD CE-025;;;;KM-03;Colisão Lateral;Luz do Dia;;Seca;Meio de Quadra;;;0;0;2;1;0;0;0;0;0;0;0;0;-38,446791;-3,805236;;;
259490;7;8;2015;13:00;0;RD CE-040;;;;KM-02;Capotamento;Luz do Dia;;Seca;Meio de Quadra;;;0;0;2;1;0;0;0;0;0;0;0;0;-38,481598;-3,776479;;;
255490;7;8;2015;13:45;1398;RUA JOSE VILAR;RUA PDE QUINDERE;;;;Colisão Transversal;Luz do Dia;Bom;Seca;T;Pare;Misto;0;0;2;1;0;0;0;0;0;0;0;0;-38,505087;-3,737088;;;
255492;7;8;2015;15:00;0;RUA CEL JUCA;;;1612;;Colisão Transversal;Luz do Dia;Bom;Seca;Meio de Quadra;Não Há Controle;Residencial;0;0;2;1;0;0;0;0;0;0;0;0;-38,493792;-3,745403;;;
255493;7;8;2015;16:40;1358;AV SANTOS DUMONT;AV DES MOREIRA;;;;Colisão Transversal;Luz do Dia;Bom;Seca;Cruz;Semáforo;Comercial;0;0;2;1;0;0;0;0;0;0;0;0;-38,498365;-3,736226;;;
255488;7;8;2015;09:40;0;RUA PRO EDUARDO BARROS LEAL;;;113;;Colisão Transversal;Luz do Dia;Bom;Seca;Meio de Quadra;Gesto;Residencial;0;0;2;1;0;0;0;0;0;0;0;0;-38,563590;-3,734515;;;
255486;7;8;2015;07:30;0;AV GOV RAUL BARBOSA;;;5660;;Colisão Traseira;Luz do Dia;Bom;Seca;Meio de Quadra;Não Há Controle;Comercial;0;1;1;0;0;0;1;0;0;1;0;0;-38,509774;-3,768190;;;
255483;7;8;2015;16:00;17953;RUA BANVAR BEZERRA;RUA JOAQUIM ALBANO;;;;Colisão Lateral;Via Iluminada;Bom;Seca;Cruz;Pare;Residencial;0;0;2;1;0;0;1;0;0;0;0;0;-38,579975;-3,735275;;;
255484;7;8;2015;10:00;0;AV DR THEBERGE;;;3000;;Colisão Lateral;Luz do Dia;Bom;Seca;Outros;Semáforo Intermitente;Comercial;0;0;2;1;0;0;0;0;0;0;0;0;-38,569248;-3,727839;;;
265236;7;8;2015;06:56;19562;RUA NEREU RAMOS;RUA SEIFERT;;;;Colisão;Luz do Dia;;;Cruz;Pare;Residencial;0;1;1;1;0;0;0;0;0;1;0;0;-38,575359;-3,783283;;;
265237;7;8;2015;08:29;0;AV DOMINGOS OLIMPIO;;;;;Atropelamento;Luz do Dia;;;Meio de Quadra;;;0;1;1;0;0;1;0;0;0;0;0;0;;;;;
265243;7;8;2015;09:49;0;RUA SAO FRANCISCO D21;;;;;Queda;Luz do Dia;;;Meio de Quadra;;;0;1;0;0;0;0;0;0;0;1;0;0;;;;;
265244;7;8;2015;11:40;0;RUA MIN JOAQUIM BASTOS D14;;;;;Colisão;Luz do Dia;;;Meio de Quadra;;;0;1;0;0;0;0;0;0;0;0;0;0;-38,528968;-3,753124;;;
265245;7;8;2015;12:12;25125;RUA ROCHA LIMA;RUA DNA LEOPOLDINA;;;;Colisão;Luz do Dia;;;Cruz;Pare;Residencial;0;1;1;1;0;0;0;0;0;1;0;0;-38,521427;-3,736665;;;
265239;7;8;2015;09:03;0;AV FRANCISCO SA;;;;;Colisão;Luz do Dia;;;Meio de Quadra;;;0;1;1;1;0;0;0;0;0;1;0;0;;;;;
265248;7;8;2015;14:41;0;RUA FRE MARCELINO;;;;;Atropelamento;Luz do Dia;;;Meio de Quadra;;;0;1;1;0;0;0;0;0;0;1;0;0;-38,554501;-3,745995;;;
265250;7;8;2015;14:48;9142;RUA GUILHERME MOREIRA;RUA MON OTAVIO CASTRO;;;;Colisão;Luz do Dia;;;Cruz;Pare;Residencial;0;1;1;1;0;0;0;0;0;1;0;0;-38,526504;-3,750182;;;
265252;7;8;2015;14:49;0;AV GODOFREDO MACIEL;;;;;Colisão;Luz do Dia;;;Meio de Quadra;;;0;1;1;1;0;0;0;0;0;1;0;0;;;;;
265253;7;8;2015;15:40;0;AV ALBERTO CRAVEIRO;;;;;Colisão;Luz do Dia;;;Meio de Quadra;;;0;1;1;0;0;0;1;0;0;1;0;0;-38,516505;-3,782668;;;
265259;7;8;2015;16:20;24209;RUA JULIO AZEVEDO;RUA PRO HERACLITO;;;;Colisão;Luz do Dia;;;Cruz;Pare;Residencial;0;1;1;1;0;0;0;0;0;1;0;0;-38,475700;-3,732449;;;
265260;7;8;2015;16:48;0;RD BR 116;;;11000;KM-11;Colisão;Luz do Dia;;;Meio de Quadra;;;0;1;0;0;0;0;0;0;0;0;0;0;-38,497176;-3,847160;;;
265261;7;8;2015;17:57;0;AV GAL OSORIO DE PAIVA;;;;;Atropelamento;Anoitecer;;;Meio de Quadra;;;0;1;1;0;0;0;0;0;0;1;0;0;;;;;
259132;7;8;2015;19:30;0;RD BR 116;;;5000;KM-05;Colisão Traseira;Via Iluminada;Bom;Seca;Meio de Quadra;Não Há Controle;Comercial;0;1;2;1;0;0;0;0;0;1;0;0;-38,506787;-3,796502;;;
259130;7;8;2015;16:40;0;RD BR 116;;;10000;KM-10;Atropelamento;Luz do Dia;Bom;Seca;Meio de Quadra;Não Há Controle;Comercial;0;2;0;0;0;0;0;0;0;1;0;0;-38,503373;-3,834435;;;
259125;7;8;2015;07:15;0;RD BR 116;;;11000;KM-11;Colisão Transversal;Luz do Dia;Bom;Seca;Meio de Quadra;Não Há Controle;Comercial;0;1;1;0;0;0;1;0;0;1;0;0;-38,497176;-3,847160;;;
264107;7;8;2015;17:00;5706;RUA ANTONIO DE CASTRO;RUA CON BRAVEZA;;;;Colisão;Anoitecer;;;Cruz;Pare;Residencial;0;0;2;1;0;0;0;0;0;0;0;0;-38,499347;-3,794459;;;
264039;7;8;2015;13:37;15105;AV HIS RAIMUNDO GIRAO;RUA BAR ARACATI;;;;Colisão;Luz do Dia;;;T;Não Há Controle;Comercial;0;0;2;1;0;0;0;1;0;0;0;0;-38,508496;-3,722091;;;