COD_ACIDENTE;DIA;MES;ANO;HORA;INTERSECAO;LOG1;LOG2;LOG3;NUMERO;REFERENCIA;NATUREZA;ILUMINACAO;TEMPO;SUPERFICIEPISTA;TIPOCRUZAMENTO;CONTROLETRAFEGO;USOSOLO;MORTOS;FERIDOS;ILESOS;AUTOMOVEL;ONIBUS;BICICLETA;CAMINHAO;MICROONIBUS;CICLOMOTOR;MOTOCICLETA;TRACAOANIMAL;TREM;LONG;LAT;;;
255885;7;8;2015;09:00;0;AV 13 DE MAIO;AV AGUANAMBI;;;;Colisão Traseira;Luz do Dia;Bom;Seca;Meio de Quadra;Não Há Controle;Comercial;0;0;3;1;0;0;0;0;0;0;0;0;;;;;
269958;7;8;2015;00:29;1316;AV SANTOS DUMONT;RUA TIBURCIO CAVALCANTE;;;;Colisão;;;;Cruz;Semáforo;Comercial;0;0;2;0;0;0;0;0;0;0;0;0;-38,502259;-3,734979;;;
269969;7;8;2015;12:00;13000;RUA 29 CJ JOSE WALTER;RUA 22 CJ JOSE WALTER;;;;Colisão;Luz do Dia;;;;;;0;0;2;0;0;0;0;0;0;0;0;0;-38,557674;-3,824869;;;
269964;7;8;2015;10:49;22084;RUA CAP FRANCISCO PEDRO;RUA ANA NERY;;;;Colisão;Luz do Dia;;;Cruz;Pare;Residencial;0;0;2;0;0;0;0;0;0;0;0;0;-38,549085;-3,747399;;;
269965;7;8;2015;11:14;0;RUA PESSOA ANTA;;;;;Colisão;Luz do Dia;;;Meio de Quadra;;;0;0;2;0;0;0;0;0;0;0;0;0;;;;;
269962;7;8;2015;10:33;7774;AV ANTONIO SALES;RUA JOAQUIM NABUCO;;;;Colisão;Luz do Dia;;;Cruz;;Comercial;0;0;2;0;0;0;0;0;0;0;0;0;-38,504371;-3,744832;;;
269978;7;8;2015;23:48;15224;AV BAR STUDART;RUA DEP MOREIRA DA ROCHA;;;;Colisão;;;;Cruz;Semáforo;Comercial;0;0;2;0;0;0;0;0;0;0;0;0;-38,504238;-3,727254;;;
269976;7;8;2015;21:42;0;AV CASTELO DE CASTRO;;;;;Choque c/ Obstáculo Fixo;;;;Meio de Quadra;;;0;0;1;0;0;0;0;0;0;0;0;0;;;;;
269973;7;8;2015;12:55;0;AV DOS JANGADEIROS;;;;;Colisão;Luz do Dia;;;Meio de Quadra;;;0;0;2;0;0;0;0;0;0;0;0;0;;;;;
265035;7;8;2015;16:20;16557;AV GODOFREDO MACIEL;RUA MIRTYL MEYER;;;;Colisão;Luz do Dia;;;Cruz;Não Há Controle;Comercial;0;1;0;1;0;0;0;0;0;1;0;0;-38,573893;-3,809211;;;
255455;7;8;2015;19:30;24279;RUA TAVARES COUTINHO;RUA DELMIRO GOUVEIA;;;;Colisão Traseira;Via Iluminada;Bom;Seca;Cruz;;Residencial;0;0;2;1;0;0;0;0;0;0;0;0;-38,488224;-3,732656;;;
255462;7;8;2015;18:30;0;AV GAL OSORIO DE PAIVA;;;;;Colisão Traseira;Via Iluminada;Bom;Seca;Meio de Quadra;Não Há Controle;Comercial;0;0;3;1;0;0;0;0;0;0;0;0;;;;;
255458;7;8;2015;08:15;0;RUA MON SALAZAR;;;802;;Colisão Traseira;Luz do Dia;Bom;Seca;Outros;Outros;Comercial;0;0;2;0;0;0;0;0;0;0;0;0;-38,512372;-3,755982;;;
255459;7;8;2015;23:30;0;AV JOSE LEON;;;2369;;Engavetamento;Via Iluminada;Bom;Seca;Meio de Quadra;Não Há Controle;Comercial;0;0;3;1;0;0;0;0;0;0;0;0;-38,490571;-3,790531;;;
255460;7;8;2015;00:15;10420;RUA DAS PEDRINHAS;RUA LUIZ MARIANO;;;;Colisão Transversal;Via Iluminada;Bom;Seca;Cruz;Não Há Controle;Residencial;0;2;1;1;0;0;0;0;0;0;0;0;-38,600122;-3,761937;;;
255464;7;8;2015;18:00;15881;RUA PDE PEDRO DE ALENCAR;RUA GUARUJA;;;;Colisão Lateral;Via Iluminada;Bom;Seca;Rotatória;Pare;Comercial;0;0;2;1;0;0;1;0;0;0;0;0;-38,494118;-3,834885;;;
255467;7;8;2015;18:15;5348;RUA METON DE ALENCAR;RUA PDE MORORO;;;;Colisão Lateral;Via Iluminada;Bom;Seca;T;Não Há Controle;Comercial;0;0;2;1;0;0;0;1;0;0;0;0;-38,539143;-3,730892;;;
255469;7;8;2015;02:00;22036;RUA TIRADENTES;RUA CAP FRANCISCO PEDRO;;;;Colisão Transversal;Via Iluminada;Bom;Seca;T;Pare;Residencial;0;0;2;1;0;0;0;0;0;0;0;0;-38,546446;-3,744485;;;
255479;7;8;2015;12:40;0;RUA JOAO CORDEIRO;;;1296;;Colisão Lateral;Luz do Dia;Bom;Seca;Meio de Quadra;Não Há Controle;Residencial;0;1;1;1;0;0;0;0;0;1;0;0;-38,515025;-3,731644;;;
255473;7;8;2015;20:45;14981;AV GODOFREDO MACIEL;RUA HOLANDA;;;;Colisão Frontal;Via Iluminada;Bom;Seca;T;Não Há Controle;Comercial;0;2;0;0;0;1;0;0;0;1;0;0;-38,567077;-3,791113;;;
255481;7;8;2015;10:00;9043;RUA BAR ARATANHA;RUA PDE MIGUELINHO;;;;Colisão Transversal;Luz do Dia;Bom;Seca;Cruz;Pare;Comercial;0;0;2;1;0;0;0;0;0;0;0;0;-38,530045;-3,743861;;;
255475;7;8;2015;10:30;0;RUA ANA BILHAR;;;291;;Colisão Traseira;;Bom;Seca;Meio de Quadra;Semáforo;Misto;0;0;2;1;0;0;1;0;0;0;0;0;-38,497438;-3,728908;;;
255476;7;8;2015;15:30;17310;RUA ALBERTO MAGNO;RUA ALVARO FERNANDES;;;;Colisão Lateral;;Bom;Seca;Cruz;Semáforo;Comercial;0;2;1;1;0;0;0;0;0;1;0;0;-38,549422;-3,764244;;;
255446;7;8;2015;16:15;0;AV GAL OSORIO DE PAIVA;;;3398;;Colisão Lateral;Luz do Dia;Bom;Seca;Meio de Quadra;Semáforo;Comercial;0;0;3;0;1;0;0;0;0;0;0;0;-38,588687;-3,790954;;;
255450;7;8;2015;;0;AV PRS COSTA E SILVA;;;3021;;Colisão Traseira;Luz do Dia;Bom;Seca;Meio de Quadra;Não Há Controle;Residencial;0;0;2;1;0;0;0;0;0;0;0;0;;;;;
255435;7;8;2015;19:21;0;AV PRS COSTA E SILVA;;;3021;;Colisão Transversal;Via Iluminada;Bom;Seca;Meio de Quadra;Não Há Controle;Residencial;0;1;1;0;0;0;0;1;0;1;0;0;;;;;
255443;8;8;2015;20:40;24990;AV PRS COSTA E SILVA;AV PRS JUSCELINO KUBITSCHEK (PASSARÉ);;;;Colisão Lateral;Via Iluminada;Bom;Seca;T;Semáforo;Misto;0;1;1;0;0;0;0;0;0;1;0;0;-38,539516;-3,825648;;;
255444;8;8;2015;20:40;1405;AV SANTOS DUMONT;RUA VICENTE LEITE;;;;Colisão Lateral;Luz do Dia;Bom;Seca;Cruz;Semáforo;Comercial;0;0;2;1;0;0;0;0;0;0;0;0;-38,495419;-3,737173;;;
255453;8;8;2015;14:20;0;AV SANTOS DUMONT;;;2889;;Colisão Traseira;Luz do Dia;Bom;Seca;Meio de Quadra;Semáforo;Comercial;0;0;2;1;0;0;0;0;0;0;0;0;-38,498286;-3,736251;;;
255447;8;8;2015;18:30;15211;AV ABOLICAO;RUA PAULA BARROS;;;;Colisão Transversal;Anoitecer;Bom;Seca;Cruz;Semáforo;Comercial;0;0;2;1;0;0;0;0;0;0;0;0;-38,492313;-3,726831;;;
255449;8;8;2015;12:15;8291;RUA PRO ELADIO MAGALHAES;RUA POE ALUISIO DE MEDEIROS;;;;;Luz do Dia;Bom;Seca;T;Não Há Controle;Residencial;0;0;2;1;0;0;0;0;0;0;0;0;-38,481425;-3,758389;;;
255477;8;8;2015;06:30;0;AV AGUANAMBI;;;;;Colisão Traseira;Luz do Dia;Bom;Seca;Meio de Quadra;Semáforo;Comercial;0;0;2;1;0;0;0;0;0;1;0;0;;;;;
255480;8;8;2015;11:40;25032;RUA JOAO BRIGIDO;AV BAR STUDART;;;;Colisão Transversal;Luz do Dia;Bom;Seca;Cruz;Pare;Comercial;0;0;2;1;0;0;0;0;0;0;0;0;-38,509133;-3,742519;;;
255470;8;8;2015;02:00;1527;RUA OSVALDO CRUZ (ALDEOTA);RUA CAROLINA SUCUPIRA;;;;Capotamento;Via Iluminada;Bom;Seca;Cruz;Pare;Residencial;0;1;1;1;0;0;0;0;0;0;0;0;-38,501914;-3,740552;;;
255472;8;8;2015;14:50;7665;RUA RIO GRANDE DO NORTE;RUA BELO HORIZONTE;;;;Colisão Frontal;Luz do Dia;Bom;Seca;Cruz;Pare;Residencial;0;0;3;1;0;0;0;0;0;0;0;0;-38,565384;-3,760010;;;
255463;8;8;2015;19:00;19353;RUA GERMANO FRANCK;RUA CAIO PRADO;;;;Colisão Lateral;;;;T;Não Há Controle;Comercial;0;0;2;1;0;0;0;0;0;1;0;0;-38,560982;-3,776373;;;
255457;8;8;2015;19:00;0;AV PRS COSTA E SILVA;;;;;Colisão Traseira;Via Iluminada;Bom;Seca;Meio de Quadra;Não Há Controle;Outros;0;1;1;1;0;0;0;0;0;1;0;0;;;;;
265042;8;8;2015;16:15;0;RUA BARRA NOVA;;;805;;Colisão;Luz do Dia;;;Meio de Quadra;;;1;0;1;0;1;0;0;0;0;1;0;0;-38,505216;-3,782953;;;
265040;8;8;2015;10:55;9222;RUA GRACILIANO RAMOS;RUA GAL SILVA JUNIOR;;;;Colisão;Luz do Dia;;;Cruz;Pare;Residencial;0;0;1;1;0;0;0;0;0;0;0;0;-38,530158;-3,753567;;;
269981;8;8;2015;10:19;0;RUA BENTO ALBUQUERQUE;;;;;Colisão;Luz do Dia;;;Meio de Quadra;;;0;0;2;0;0;0;0;0;0;0;0;0;;;;;
269986;8;8;2015;10:48;1825;RUA JOSE MOREIRA;RUA MARIA QUINTINO;;;;Colisão;Luz do Dia;;;;;;0;0;2;0;0;0;0;0;0;0;0;0;-38,501171;-3,857732;;;
269991;8;8;2015;11:20;0;AV AGUANAMBI;;;;;Colisão;Luz do Dia;;;Meio de Quadra;;;0;0;2;0;0;0;0;0;0;0;0;0;;;;;
269998;8;8;2015;12:05;18314;AV HIS RAIMUNDO GIRAO;RUA XAVIER DE CASTRO;;;;Colisão;Luz do Dia;;;T;Pare;Residencial;0;0;2;0;0;0;0;0;0;0;0;0;-38,512216;-3,720718;;;
270001;8;8;2015;12:04;0;AV PRS COSTA E SILVA;;;;;Colisão;Luz do Dia;;;Meio de Quadra;;;0;0;2;0;0;0;0;0;0;0;0;0;;;;;
270004;8;8;2015;15:28;22162;AV JOSE BASTOS;RUA PORFIRIO SAMPAIO;;;;Colisão;Luz do Dia;;;Cruz;Semáforo;Comercial;0;0;2;0;0;0;0;0;0;0;0;0;-38,546271;-3,745851;;;
270005;8;8;2015;15:31;1350;RUA SILVA PAULET;RUA TORRES CAMARA;;;;Colisão;Luz do Dia;;;Cruz;Pare;Comercial;0;0;2;0;0;0;0;0;0;0;0;0;-38,505905;-3,735958;;;
270006;8;8;2015;15:51;0;AV CARAPINIMA;;;;;Colisão;Luz do Dia;;;Meio de Quadra;;;0;0;2;0;0;0;0;0;0;0;0;0;;;;;
270009;8;8;2015;15:57;1536;RUA PAULA NEI;AV SEN VIRGILIO TAVORA;;;;Colisão;Luz do Dia;;;;Pare;;0;0;2;0;0;0;0;0;0;0;0;0;-38,494423;-3,740746;;;
270011;8;8;2015;;22940;RUA BERNARDO MANUEL;RUA JAPI;;;;Colisão;;;;Cruz;Pare;Misto;0;0;2;0;0;0;0;0;0;0;0;0;-38,546927;-3,784073;;;
270018;8;8;2015;16:37;0;RUA GETULIO VARGAS;;;;;Colisão;Luz do Dia;;;Meio de Quadra;;;0;0;2;0;0;0;0;0;0;0;0;0;;;;;
270021;8;8;2015;16:40;2596;AV HILDEBRANDO DE MELO;RUA ALVARO GARRIDO;;;;Colisão;Luz do Dia;;;Duplo T;Não Há Controle;Residencial;0;0;2;0;0;0;0;0;0;0;0;0;-38,587882;-3,712472;;;
270025;8;8;2015;17:44;0;RUA IRM BAZET;;;;;Colisão;Anoitecer;;;Meio de Quadra;;;0;0;2;0;0;0;0;0;0;0;0;0;;;;;
270029;8;8;2015;18:24;18267;RUA JAMAICA;AV DIOGUINHO;;;;Choque c/ Obstáculo Fixo;Anoitecer;;;;;;0;0;1;0;0;0;0;0;0;0;0;0;;;;;
270033;8;8;2015;22:02;11630;RUA PRO HERIBALDO COSTA;RUA BOA VISTA;;;;Colisão;;;;Cruz;Pare;Residencial;0;0;2;0;0;0;0;0;0;0;0;0;-38,588035;-3,767974;;;
270036;8;8;2015;22:07;0;TR TEN JOSE BARREIRA;;;;;Colisão;;;;Meio de Quadra;;;0;0;2;0;0;0;0;0;0;0;0;0;;;;;
270039;8;8;2015;22:18;0;RUA RENATO BRAGA;;;;;Colisão;;;;Meio de Quadra;;;0;0;2;0;0;0;0;0;0;0;0;0;;;;;
270048;8;8;2015;22:20;0;RUA CON DE CASTRO;;;3918;CENTERBOX;Colisão;;;;Meio de Quadra;;;0;0;2;0;0;0;0;0;0;0;0;0;-38,587871;-3,800511;;;
270054;8;8;2015;22:20;0;AV CEL CARVALHO;;;;;Colisão;;;;Meio de Quadra;;;0;0;2;0;0;0;0;0;0;0;0;0;;;;;
270058;8;8;2015;23:38;0;RUA CARLOS VASCONCELOS;;;;;Colisão;;;;Meio de Quadra;;;0;0;2;0;0;0;0;0;0;0;0;0;;;;;
254844;8;8;2015;15:45;0;AV PRS COSTA E SILVA;;;4442;;Colisão Traseira;Luz do Dia;Bom;Seca;Meio de Quadra;Não Há Controle;Outros;0;1;1;0;0;0;0;0;0;1;0;0;;;;;
264124;8;8;2015;17:30;0;AV ALBERTO CRAVEIRO;;;;;Colisão;Anoitecer;;;Meio de Quadra;;;0;0;2;1;1;0;0;0;0;0;0;0;;;;;
259146;8;8;2015;11:40;0;RD BR 116;;;5000;KM-05;Colisão Traseira;Luz do Dia;Bom;Seca;Meio de Quadra;Não Há Controle;Comercial;0;0;2;1;0;0;0;0;0;0;0;0;-38,506787;-3,796502;;;
259139;8;8;2015;08:45;0;RD BR 116;;;3000;KM-03;Colisão Traseira;Luz do Dia;Bom;Seca;Meio de Quadra;Não Há Controle;Comercial;0;1;1;1;0;0;0;0;0;1;0;0;-38,514372;-3,779838;;;
265263;8;8;2015;01:07;0;RUA CEL DIONISIO ALENCAR;;;;;Colisão;;;;;;;0;1;1;1;0;0;0;0;0;1;0;0;;;;;
265265;8;8;2015;03:15;0;AV AGUANAMBI;;;;;Colisão;;;;Meio de Quadra;;;0;1;1;1;0;0;0;0;0;1;0;0;-38,525432;-3,745305;;;
265267;8;8;2015;04:37;12404;AV SEN FERNANDES TAVORA;AV LINEU MACHADO;;;;Choque c/ Obstáculo Fixo;;;;Cruz;Não Há Controle;Comercial;0;1;0;1;0;0;0;0;0;0;0;0;-38,576540;-3,765199;;;
265288;8;8;2015;19:03;0;AV PRS COSTA E SILVA;;;;;Colisão;;;;Meio de Quadra;;;0;1;1;1;0;0;0;0;0;1;0;0;;;;;
265289;8;8;2015;20:10;0;RUA PERGENTINO MAIA;;;;;Atropelamento;;;;Meio de Quadra;;;0;1;1;0;0;0;0;0;0;1;0;0;-38,481585;-3,832446;;;
265293;8;8;2015;21:02;0;RUA CAP FRANCISCO PEDRO;;;;;Colisão;;;;Meio de Quadra;;;0;1;1;1;0;0;0;0;0;1;0;0;;;;;
265294;8;8;2015;21:47;0;RUA PRO HERIBALDO COSTA;;;;;Colisão;;;;Meio de Quadra;;;0;1;0;0;0;0;0;0;0;0;0;0;-38,587999;-3,767900;;;
265295;8;8;2015;21:56;0;RUA CARLOS MAGNO;;;;;Queda;;;;Meio de Quadra;;;0;1;0;0;0;0;0;0;0;1;0;0;;;;;
265296;8;8;2015;23:18;7211;AV PRS CASTELO BRANCO;AV DR THEBERGE;;;;Colisão;;;;Cruz;Semáforo;Comercial;0;1;0;0;0;0;0;0;0;0;0;0;-38,563456;-3,710079;;;
265297;8;8;2015;23:28;18387;AV SGT HERMINIO SAMPAIO;AV OLAVO BILAC;;;;Colisão;;;;Cruz;Semáforo;Residencial;0;1;1;0;0;0;0;0;0;1;0;0;-38,565080;-3,727179;;;
265273;8;8;2015;08:51;0;AV ALBERTO CRAVEIRO;;;507;MAKRO;Colisão;Luz do Dia;;;Meio de Quadra;;;0;1;1;1;0;0;0;0;0;1;0;0;-38,515910;-3,781154;;;
265275;8;8;2015;10:31;15652;RUA AFONSO HENRIQUE;RUA MEM DE SA;;;;Colisão;Luz do Dia;;;Duplo T;Pare;;0;1;0;0;0;0;0;0;0;1;0;0;-38,485067;-3,825363;;;
265277;8;8;2015;10:49;0;AV AGUANAMBI;;;;;Colisão;Luz do Dia;;;Meio de Quadra;;;0;1;0;0;0;0;0;0;0;1;0;0;-38,524750;-3,747182;;;
265278;8;8;2015;12:57;0;RUA CARVALHO MOTA;;;;;Colisão;Luz do Dia;;;Meio de Quadra;;;0;1;1;1;0;0;0;0;0;1;0;0;;;;;
265284;8;8;2015;17:49;0;RUA ALFREDO MAMEDE;;;;;Colisão;Anoitecer;;;Meio de Quadra;;;0;1;1;1;0;0;0;0;0;1;0;0;;;;;
265285;8;8;2015;18:18;21081;RUA ALAGOAS;RUA STO AMARO DO PICI;;;;Colisão;Anoitecer;;;Cruz;Pare;Residencial;0;1;1;1;0;0;0;0;0;1;0;0;-38,577392;-3,752815;;;
265286;8;8;2015;18:30;0;AV PRS CASTELO BRANCO;;;;;Atropelamento;Anoitecer;;;Meio de Quadra;;;0;1;1;0;0;0;0;0;0;1;0;0;-38,581079;-3,703170;;;
255485;8;8;2015;15:37;23364;RUA CAP GUSTAVO;RUA EDUARDO BEZERRA;;;;Colisão Traseira;Luz do Dia;Bom;Seca;Cruz;Semáforo Intermitente;Residencial;0;0;5;1;0;0;0;0;0;0;0;0;-38,516951;-3,754148;;;
255497;8;8;2015;19:20;3814;RUA WALDERY UCHOA;RUA PAULINO NOGUEIRA;;;;Colisão Transversal;Via Iluminada;Bom;Seca;Cruz;Pare;Residencial;0;2;1;1;0;0;0;0;0;1;0;0;-38,538372;-3,743449;;;
255505;8;8;2015;20:30;22055;AV JOSE BASTOS;RUA PDE CICERO;;;;Choque c/ Obstáculo Fixo;Via Iluminada;Bom;Seca;T;Pare;Comercial;0;0;2;1;0;0;0;0;0;0;0;0;-38,544887;-3,744462;;;
255513;8;8;2015;12:50;0;AV AGUANAMBI;;;77;;Colisão Lateral;Luz do Dia;Bom;Seca;Meio de Quadra;Não Há Controle;Comercial;0;0;2;1;0;0;1;0;0;0;0;0;-38,524245;-3,737677;;;
255535;8;8;2015;00:15;0;AV DIOGUINHO;;;940;;Colisão Traseira;Via Iluminada;Bom;Seca;Meio de Quadra;Não Há Controle;Residencial;2;0;0;1;0;0;0;0;0;0;0;0;-38,462062;-3,725620;;;
255540;8;8;2015;16:30;3856;AV DA UNIVERSIDADE;RUA PDE FRANCISCO PINTO;;;;Colisão Transversal;Luz do Dia;Bom;Seca;Cruz;Semáforo;Comercial;0;1;1;1;0;0;0;0;0;1;0;0;-38,540777;-3,742799;;;
255523;8;8;2015;12:00;22081;RUA CAP FRANCISCO PEDRO;RUA GUSTAVO BRAGA;;;;Colisão Transversal;Luz do Dia;Bom;Seca;Cruz;Pare;Residencial;0;0;2;1;0;0;0;0;0;0;0;0;-38,552452;-3,751155;;;
255528;8;8;2015;14:30;5340;AV DUQ CAXIAS;RUA VINTE E QUATRO DE MAIO;;;;Colisão Transversal;Luz do Dia;;;Cruz;Semáforo;Comercial;0;2;1;0;1;0;0;0;0;1;0;0;-38,533230;-3,730708;;;
255519;8;8;2015;08:50;13474;RUA DR JOSE LOURENCO;RUA TOMAS ACIOLI;;;;Colisão Transversal;Luz do Dia;Bom;Seca;Cruz;Pare;Comercial;0;1;1;0;0;1;0;0;0;0;0;0;-38,510934;-3,744447;;;
255531;8;8;2015;13:30;22891;RUA GUERRA JUNQUEIRO;RUA ANTONIO BENTO;;;;Colisão Transversal;Luz do Dia;Bom;Seca;Meio de Quadra;Não Há Controle;Residencial;0;0;2;1;0;0;0;0;0;1;0;0;-38,547423;-3,781558;;;
255542;8;8;2015;16:00;0;AV ALBERTO CRAVEIRO;;;2770;CASTELAO;Colisão Lateral;Luz do Dia;Bom;Seca;Meio de Quadra;Não Há Controle;Comercial;0;0;2;1;0;0;0;0;0;0;0;0;-38,523255;-3,805335;;;
255555;8;8;2015;10:00;1493;RUA OSVALDO CRUZ (ALDEOTA);AV PDE ANTONIO TOMAS;;;;Colisão Transversal;Luz do Dia;Bom;Seca;Cruz;Semáforo;Comercial;0;1;1;1;0;0;0;0;0;1;0;0;-38,501588;-3,739538;;;
255556;8;8;2015;18:30;1316;AV SANTOS DUMONT;RUA TIBURCIO CAVALCANTE;;;;Colisão Transversal;Anoitecer;Bom;Seca;Cruz;Semáforo;Comercial;0;0;2;1;0;0;0;0;0;0;0;0;-38,502259;-3,734979;;;
255549;8;8;2015;08:30;5406;RUA ANTONIO POMPEU;RUA PRC ISABEL;;;;Engavetamento;Luz do Dia;Bom;Seca;Cruz;Pare;Comercial;0;1;4;1;0;0;0;0;0;1;0;0;-38,537283;-3,732693;;;
255560;8;8;2015;20:00;0;RUA ALM JACEGUAI;;;;DRAGÃO DO MAR;Colisão Traseira;Anoitecer;Bom;Seca;Meio de Quadra;Semáforo;Comercial;0;0;3;1;0;0;0;0;0;0;0;0;;;;;
255567;8;8;2015;20:30;0;RUA OLIVEIRA FILHO;;;1379;;Colisão Transversal;Anoitecer;Bom;Seca;Meio de Quadra;Não Há Controle;Comercial;0;1;1;1;0;0;0;0;0;1;0;0;;;;;
255551;8;8;2015;05:00;0;AV BEIRA MAR;;;3666;;Colisão Lateral;Amanhecer;Bom;Seca;Meio de Quadra;Não Há Controle;Comercial;0;0;2;0;1;0;0;0;0;0;0;0;-38,487957;-3,723409;;;
255564;8;8;2015;21:45;15340;RUA CEL LINHARES;RUA CANUTO DE AGUIAR;;;;Colisão Transversal;Via Iluminada;Bom;Seca;Cruz;Pare;Residencial;0;0;2;1;0;0;0;0;0;0;0;0;-38,492546;-3,731563;;;
259205;8;8;2015;18:00;0;RD BR 222;;;;KM-01;Colisão Lateral;Anoitecer;Bom;Seca;Meio de Quadra;Não Há Controle;Comercial;0;0;2;1;1;0;0;0;0;0;0;0;-38,577952;-3,737774;;;
259203;8;8;2015;13:00;0;RD BR 222;;;;KM-01;Colisão Traseira;Luz do Dia;Bom;Seca;Meio de Quadra;Não Há Controle;Comercial;0;0;2;0;0;0;1;0;0;0;0;0;-38,577952;-3,737774;;;
259501;9;8;2015;10:30;0;RD CE-040;;;;KM-08;Colisão;Luz do Dia;;Seca;Meio de Quadra;;;0;0;2;1;0;0;0;0;0;1;0;0;-38,481317;-3,823332;;;
259503;9;8;2015;16:45;0;RD CE-040;;;;KM-10;Colisão;Luz do Dia;;Seca;Meio de Quadra;;;0;0;2;1;0;0;0;0;0;0;0;0;-38,480068;-3,838671;;;
259506;9;8;2015;17:00;0;RD CE-040;;;;KM-10;Colisão;Anoitecer;;Seca;Meio de Quadra;;;0;0;2;1;0;0;0;0;0;0;0;0;-38,480068;-3,838671;;;
255550;9;8;2015;08:30;0;AV SGT HERMINIO SAMPAIO;;;3568;;Colisão Traseira;Luz do Dia;Bom;Seca;Meio de Quadra;Não Há Controle;Residencial;0;0;4;1;0;0;0;0;0;0;0;0;-38,572410;-3,728802;;;
255544;9;8;2015;19:30;0;AV GODOFREDO MACIEL;;;2959;;Colisão Traseira;Via Iluminada;Bom;Seca;Meio de Quadra;Não Há Controle;Comercial;0;0;2;1;0;0;0;0;0;1;0;0;-38,571570;-3,801758;;;
255548;9;8;2015;07:30;9750;RUA CEL FABRICIANO;RUA SAO LUIZ DO OESTE;;;;Colisão Transversal;Luz do Dia;Bom;Seca;Cruz;Pare;Comercial;0;2;1;1;0;0;0;0;0;1;0;0;-38,610116;-3,782125;;;
255529;9;8;2015;13:40;0;AV PRO GOMES DE MATOS;;;1577;;Choque c/ Obstáculo Fixo;Luz do Dia;Bom;Seca;Meio de Quadra;Não Há Controle;Comercial;0;0;2;1;1;0;0;0;0;0;0;0;-38,549265;-3,765384;;;
255530;9;8;2015;19:30;9085;RUA ALCANTARAS;RUA DR JOSE VITOR;;;;Choque c/ Obstáculo Fixo;Via Iluminada;Bom;Seca;T;Pare;Comercial;0;0;2;1;0;0;0;0;0;0;0;0;-38,523559;-3,747422;;;
255541;9;8;2015;20:20;25852;RUA MARTINS CARVALHO;RUA A CJ PALMARES (G. LISBOA);;;;Colisão Transversal;Via Iluminada;Bom;Seca;Cruz;Pare;Residencial;1;1;1;0;1;0;0;0;0;1;0;0;;;;;
255538;9;8;2015;17:00;0;RUA AGAMENON;;;27;;Colisão Traseira;Via Iluminada;Bom;Seca;Meio de Quadra;Não Há Controle;Comercial;0;1;1;1;0;0;0;0;0;1;0;0;-38,583193;-3,795219;;;
255536;9;8;2015;09:08;11418;AV DES FAUSTINO ALBUQUERQUE;RUA ADEMAR DE BARROS;;;;Colisão Transversal;Via Iluminada;Bom;Seca;Cruz;Pare;Residencial;1;1;1;1;0;0;0;0;0;1;0;0;-38,498022;-3,780906;;;
255518;9;8;2015;17:00;587;RUA FRE TEOBALDO;RUA COELHO DA FONSECA;;;;Colisão Lateral;Via Iluminada;Bom;Seca;Cruz;Não Há Controle;Residencial;0;1;1;1;0;0;0;0;0;0;0;0;-38,560921;-3,714819;;;
255512;9;8;2015;14:00;0;AV ALM HENRIQUE SABOIA;;;;;Choque c/ Obstáculo Fixo;Luz do Dia;Bom;Seca;Meio de Quadra;Pare;Residencial;0;0;1;1;0;0;0;0;0;0;0;0;;;;;
255498;9;8;2015;04:00;0;AV PRS CASTELO BRANCO;;;2700;;Colisão Transversal;Luz do Dia;Bom;Seca;Meio de Quadra;;Residencial;0;0;2;0;0;0;0;0;0;0;0;0;-38,551950;-3,712717;;;
255502;9;8;2015;21:00;0;AV GAL OSORIO DE PAIVA;;;;;Engavetamento;Via Iluminada;Bom;Seca;Meio de Quadra;Não Há Controle;Residencial;0;0;3;1;0;0;0;0;0;0;0;0;;;;;
255494;9;8;2015;13:10;12843;RUA JAIME BENEVOLO;RUA MES ROSA;;;;Choque c/ Obstáculo Fixo;Luz do Dia;Bom;Seca;Cruz;Pare;Residencial;0;0;1;1;0;0;0;0;0;0;0;0;-38,528645;-3,741987;;;
255491;9;8;2015;20:00;0;AV BAR STUDART;;;1334;;Choque c/ Obstáculo Fixo;Anoitecer;Bom;Seca;Meio de Quadra;Não Há Controle;Comercial;0;1;0;1;0;0;0;0;0;0;0;0;-38,507000;-3,735806;;;
265298;9;8;2015;01:04;0;TR AZEVEDO BOLAO;;;;;Atropelamento;;;;Meio de Quadra;;;0;1;0;0;0;0;0;0;0;0;0;0;-38,558369;-3,737338;;;
265299;9;8;2015;02:20;0;AV CEL CARVALHO;;;;;Colisão;;;;Meio de Quadra;;;0;1;1;1;0;0;0;0;0;1;0;0;;;;;
265351;9;8;2015;05:31;0;AV GODOFREDO MACIEL;;;;;Queda;Amanhecer;;;Meio de Quadra;;;0;1;0;0;0;0;0;0;0;1;0;0;;;;;
265349;9;8;2015;03:17;243;AV JOVITA FEITOSA;RUA COS ALVARO DE OLIVEIRA;;;;Choque c/ Obstáculo Fixo;;;;Cruz;Pare;Comercial;0;1;0;1;0;0;0;0;0;0;0;0;-38,555411;-3,739649;;;
265421;9;8;2015;23:30;0;AV PDE ANTONIO TOMAS;;;;;Queda;;;;Meio de Quadra;;;0;1;0;0;0;0;0;0;0;1;0;0;-38,483499;-3,745408;;;