COD_ACIDENTE;DIA;MES;ANO;HORA;INTERSECAO;LOG1;LOG2;LOG3;NUMERO;REFERENCIA;NATUREZA;ILUMINACAO;TEMPO;SUPERFICIEPISTA;TIPOCRUZAMENTO;CONTROLETRAFEGO;USOSOLO;MORTOS;FERIDOS;ILESOS;AUTOMOVEL;ONIBUS;BICICLETA;CAMINHAO;MICROONIBUS;CICLOMOTOR;MOTOCICLETA;TRACAOANIMAL;TREM;LONG;LAT;;;
265423;9;8;2015;23:59;0;AV OLIVEIRA PAIVA;;;;;Queda;;;;Meio de Quadra;;;0;1;0;0;0;0;0;0;0;1;0;0;;;;;
265419;9;8;2015;22:30;0;AV PERIMETRAL;;;;;Colisão;;;;Meio de Quadra;;;0;1;1;1;0;0;0;0;0;1;0;0;;;;;
265415;9;8;2015;22:12;0;AV PERIMETRAL;;;;;Colisão;;;;Meio de Quadra;;;0;1;1;1;0;0;0;0;0;1;0;0;;;;;
265393;9;8;2015;20:02;0;AV BAR STUDART;;;;;Colisão;;;;Meio de Quadra;;;0;1;0;0;0;0;0;0;0;0;0;0;-38,507013;-3,735847;;;
265360;9;8;2015;08:31;25020;RUA TEODOMIRO DE CASTRO;RUA FRE ODILON;;;;Colisão;Luz do Dia;;;T;Não Há Controle;Residencial;0;1;1;1;0;0;0;0;0;1;0;0;-38,569787;-3,720052;;;
265408;9;8;2015;21:20;0;RUA VITAL BRASIL;;;;;Colisão;;;;Meio de Quadra;;;0;1;1;1;0;0;0;0;0;1;0;0;-38,598098;-3,777983;;;
265411;9;8;2015;21:27;0;AV CASTELO DE CASTRO;;;;;Colisão;;;;Meio de Quadra;;;0;1;1;1;0;0;0;0;0;1;0;0;-38,521535;-3,832305;;;
265386;9;8;2015;18:19;0;AV PRS CASTELO BRANCO;;;;;Colisão;Anoitecer;;;Meio de Quadra;;;0;1;1;1;0;1;0;0;0;0;0;0;-38,566462;-3,709076;;;
265388;9;8;2015;19:33;0;AV DES FAUSTINO ALBUQUERQUE;;;;;Colisão;;;;Meio de Quadra;;;0;1;1;1;0;0;0;0;0;1;0;0;-38,497993;-3,780808;;;
265389;9;8;2015;19:41;0;RUA SEN ROBERT KENNEDY;;;;;Atropelamento;;;;Meio de Quadra;;;0;1;1;0;0;0;0;0;0;1;0;0;-38,578586;-3,703170;;;
265377;9;8;2015;14:56;0;RUA DR AMADEU SA;;;;;Atropelamento;Luz do Dia;;;Meio de Quadra;;;0;1;1;0;0;0;0;0;0;1;0;0;;;;;
265364;9;8;2015;11:56;0;RUA MOACIR MACHADO;;;;;Queda;Luz do Dia;;;Meio de Quadra;;;0;1;0;0;0;0;0;0;0;1;0;0;-38,528765;-3,765679;;;
265379;9;8;2015;15:24;0;RUA RUA 1 (MONDUBIM);;;;;Colisão;Luz do Dia;;;Meio de Quadra;;;0;1;1;0;0;0;0;0;0;1;0;0;;;;;
265374;9;8;2015;12:53;0;RUA CON DE CASTRO;;;;;Colisão;Luz do Dia;;;Meio de Quadra;;;0;1;0;1;1;0;0;0;0;0;0;0;-38,594198;-3,807494;;;
265355;9;8;2015;07:20;2205;AV RAD JOSE LIMA VERDE;AV CEL CARVALHO;;;;Queda;Luz do Dia;;;Y;Não Há Controle;Comercial;0;1;0;0;0;0;0;0;0;1;0;0;-38,591542;-3,703499;;;
259148;9;8;2015;15:45;0;RD BR 116;;;11000;KM-11;Colisão Traseira;Luz do Dia;Bom;Seca;Meio de Quadra;Não Há Controle;Comercial;0;0;2;1;0;0;0;0;0;0;0;0;-38,497176;-3,847160;;;
270060;9;8;2015;00:13;0;AV DR THEBERGE;;;;;Colisão;;;;Meio de Quadra;;;0;0;2;0;0;0;0;0;0;0;0;0;;;;;
270062;9;8;2015;00:16;0;RUA RENATO BRAGA;;;;;Colisão;;;;Meio de Quadra;;;0;0;2;0;0;0;0;0;0;0;0;0;;;;;
270067;9;8;2015;00:20;0;AV OLAVO BILAC;;;;;Colisão;;;;Meio de Quadra;;;0;0;2;0;0;0;0;0;0;0;0;0;;;;;
270120;9;8;2015;18:48;0;AV JOAO PESSOA;;;;;Colisão;;;;Meio de Quadra;;;0;0;2;0;0;0;0;0;0;0;0;0;;;;;
270122;9;8;2015;19:23;23468;RUA CRUZ ABREU;RUA ESV PINHEIRO;;;;Colisão Frontal;;;;Cruz;Pare;Residencial;0;0;2;0;0;0;0;0;0;0;0;0;-38,507840;-3,757508;;;
270124;9;8;2015;19:36;25334;AV B CJ CEARA;AV D CJ CEARA;;;;Colisão;;;;T;Pare;Misto;0;0;2;0;0;0;0;0;0;0;0;0;-38,602328;-3,763611;;;
270108;9;8;2015;10:09;0;RUA JOSE HIPOLITO;;;;;Colisão;Luz do Dia;;;Meio de Quadra;;;0;0;2;0;0;0;0;0;0;0;0;0;;;;;
270111;9;8;2015;10:59;0;RUA ANTONIO BARROS;;;;;Colisão Frontal;Luz do Dia;;;;;;0;0;2;0;0;0;0;0;0;0;0;0;;;;;
270113;9;8;2015;15:11;21269;RUA ALVARO DE ALENCAR;RUA DOM QUINTINO;;;;Colisão;Luz do Dia;;;Cruz;Não Há Controle;Residencial;0;0;2;0;0;0;0;0;0;0;0;0;-38,556962;-3,710610;;;
270095;9;8;2015;07:03;0;AV OLIVEIRA PAIVA;;;;;Choque c/ Obstáculo Fixo;Luz do Dia;;;Meio de Quadra;;;0;0;1;0;0;0;0;0;0;0;0;0;;;;;
270084;9;8;2015;04:17;0;AV ENG LEAL LIMA VERDE (SAPIRANGA/COITE);;;;;Queda;;;;Meio de Quadra;;;0;0;1;0;0;0;0;0;0;0;0;0;;;;;
270082;9;8;2015;04:15;0;AV PRS CASTELO BRANCO;;;;;Colisão;;;;Meio de Quadra;;;0;0;1;0;0;0;0;0;0;0;0;0;;;;;
270070;9;8;2015;02:21;0;AV LUCIANO CARNEIRO;;;;;Choque c/ Obstáculo Fixo;;;;Meio de Quadra;;;0;0;1;0;0;0;0;0;0;0;0;0;;;;;
270071;9;8;2015;02:26;5127;RUA GAL SAMPAIO;RUA SEN ALENCAR;;;;Colisão;;;;Cruz;Semáforo;Comercial;0;0;2;0;0;0;0;0;0;0;0;0;-38,529984;-3,724192;;;
270076;9;8;2015;02:46;0;RUA GAL PIRAGIBE;;;;;Colisão;;;;Meio de Quadra;;;0;0;2;0;0;0;0;0;0;0;0;0;;;;;
270079;9;8;2015;03:10;0;AV PERIMETRAL;;;;;Colisão;;;;Meio de Quadra;;;0;0;2;0;0;0;0;0;0;0;0;0;;;;;
265043;9;8;2015;04:18;0;RUA AZEVEDO BOLAO;;;75;;Choque c/ Obstáculo Fixo;;;;Meio de Quadra;;;0;2;0;1;0;0;0;0;0;0;0;0;;;;;
265075;10;8;2015;04:00;0;AV GOV RAUL BARBOSA;;;5720;;Outros;;;;Meio de Quadra;;;1;0;0;0;0;0;0;0;0;1;0;0;-38,510047;-3,768646;;;
270127;10;8;2015;10:40;0;AV GAL OSORIO DE PAIVA;;;;;Choque c/ Obstáculo Fixo;Luz do Dia;;;Meio de Quadra;;;0;0;2;0;0;0;0;0;0;0;0;0;;;;;
255749;10;8;2015;07:45;0;RUA 13 DE ABRIL;;;;;Colisão Lateral;Luz do Dia;Bom;Seca;Meio de Quadra;;Residencial;0;0;2;1;0;0;0;0;0;0;0;0;;;;;
255758;10;8;2015;08:00;25640;RUA 13 DE ABRIL;RUA VIA LACTEA;;;;Colisão Traseira;;Bom;Seca;T;Não Há Controle;Misto;0;1;1;1;0;0;0;0;0;1;0;0;;;;;
255759;10;8;2015;13:40;0;RUA COSTA BARROS;;;;;Colisão Transversal;Luz do Dia;Bom;Seca;Meio de Quadra;Semáforo;Residencial;0;0;2;1;0;0;0;0;0;0;0;0;;;;;
255767;10;8;2015;;0;AV DOMINGOS OLIMPIO;;;1234;;Colisão Traseira;Luz do Dia;Bom;Seca;Meio de Quadra;Não Há Controle;Comercial;0;0;3;1;0;0;0;0;0;0;0;0;-38,535010;-3,735345;;;
255770;10;8;2015;17:20;0;RUA OSVALDO CRUZ (ALDEOTA);;;;;Colisão Lateral;Via Iluminada;Bom;Seca;Meio de Quadra;Não Há Controle;Comercial;0;0;2;1;0;0;0;0;0;0;0;0;;;;;
265478;10;8;2015;10:13;0;RUA ROSA MISTICA;;;;;Queda;Luz do Dia;;;Meio de Quadra;;;0;1;0;0;0;1;0;0;0;0;0;0;;;;;
265479;10;8;2015;12:08;0;AV DR THEBERGE;;;;;Colisão;Luz do Dia;;;Meio de Quadra;;;0;1;1;1;0;1;0;0;0;0;0;0;-38,563063;-3,708927;;;
265481;10;8;2015;12:34;0;RUA CAP MELO;;;;;Colisão;Luz do Dia;;;Meio de Quadra;;;0;1;1;1;0;0;0;0;0;1;0;0;-38,513002;-3,756938;;;
265482;10;8;2015;13:04;0;RUA EMILIO DE MENESES;;;;;Colisão;Luz do Dia;;;Meio de Quadra;;;0;1;1;0;0;0;0;0;0;1;0;0;;;;;
265484;10;8;2015;13:08;0;RUA LUIS ANDRE;;;;;Colisão;Luz do Dia;;;Meio de Quadra;;;0;1;0;0;0;0;0;0;0;0;0;0;;;;;
265487;10;8;2015;14:45;0;RUA DEP MATOSO FILHO;;;;;Colisão;Luz do Dia;;;Meio de Quadra;;;0;1;1;1;0;0;0;0;0;1;0;0;-38,594491;-3,734063;;;
265491;10;8;2015;19:43;0;RD BR 116;;;1000;KM-01;Colisão;;;;Meio de Quadra;;;0;1;1;1;0;0;0;0;0;1;0;0;-38,518702;-3,762554;;;
265492;10;8;2015;20:01;0;AV SEN CARLOS JEREISSATI (AEROPORTO);;;;;Colisão;;;;Meio de Quadra;;;0;1;0;0;0;0;0;0;0;0;0;0;;;;;
265493;10;8;2015;21:18;0;RUA CANDIDO CASTELO BRANCO;;;;;Colisão;;;;Meio de Quadra;;;0;1;1;1;0;0;0;0;0;1;0;0;;;;;
265494;10;8;2015;21:31;0;RUA BOA ESPERANCA D43;;;;;Colisão;;;;Meio de Quadra;;;0;1;1;0;0;0;0;0;0;1;0;0;;;;;
259151;10;8;2015;17:40;0;RD BR 116;;;9000;KM-09;Colisão Lateral;Anoitecer;Bom;Seca;Meio de Quadra;Não Há Controle;Comercial;0;2;0;0;0;0;0;0;0;1;0;0;-38,504865;-3,830837;;;
265489;10;8;2015;17:34;0;AV PERIMETRAL;;;;;Colisão;Anoitecer;;;Meio de Quadra;;;0;1;1;1;0;0;0;0;0;1;0;0;-38,570251;-3,813422;;;
265496;10;8;2015;23:26;0;AV MIGUEL DIAS;;;;;Colisão;;;;Meio de Quadra;;;0;1;0;0;0;0;0;0;0;0;0;0;;;;;
264152;10;8;2015;17:00;17326;RUA ALBERTO MAGNO;RUA ALAN KARDEC;;;;Colisão;Anoitecer;;;Cruz;Pare;Comercial;0;0;2;1;0;0;1;0;0;0;0;0;-38,549918;-3,764796;;;
264149;10;8;2015;16:43;1432;AV SANTOS DUMONT;AV SEN VIRGILIO TAVORA;;;;Colisão;Luz do Dia;;;Cruz;Semáforo;Comercial;0;0;2;0;1;0;0;0;0;0;0;0;-38,493482;-3,737828;;;
265432;10;8;2015;07:59;0;RUA PRO JOSE HENRIQUE;;;;;Colisão;Luz do Dia;;;Meio de Quadra;;;0;1;1;1;0;0;0;0;0;1;0;0;;;;;
265434;10;8;2015;08:52;0;AV SEN FERNANDES TAVORA;;;;;Colisão;Luz do Dia;;;Meio de Quadra;;;0;1;0;0;0;0;0;0;0;0;0;0;;;;;
265438;10;8;2015;09:49;0;AV GAL OSORIO DE PAIVA;;;;;Colisão;Luz do Dia;;;Meio de Quadra;;;0;1;1;1;0;0;0;0;0;1;0;0;-38,613904;-3,816923;;;
255504;10;8;2015;12:10;8931;RUA JUSTINIANO DE SERPA;RUA ANTONIO POMPEU;;;;Colisão Frontal;Luz do Dia;Bom;Seca;T;Pare;Comercial;0;0;2;1;1;0;0;0;0;0;0;0;-38,542672;-3,732034;;;
255499;10;8;2015;17:30;0;RUA MARIA GOMES DE SA;;;2150;;;Anoitecer;Bom;Seca;Meio de Quadra;Outros;Comercial;0;0;2;1;0;0;0;0;0;0;0;0;-38,586467;-3,820332;;;
255510;10;8;2015;19:02;0;AV PRS CASTELO BRANCO;;;;;Colisão Traseira;Via Iluminada;Bom;Seca;Meio de Quadra;Não Há Controle;Comercial;0;1;1;1;0;0;0;0;0;1;0;0;;;;;
255507;10;8;2015;11:40;8931;RUA JUSTINIANO DE SERPA;RUA ANTONIO POMPEU;;;;Colisão Lateral;Luz do Dia;Bom;Seca;T;;Comercial;0;0;2;1;0;0;1;0;0;0;0;0;-38,542672;-3,732034;;;
255521;10;8;2015;09:15;5044;RUA SEN ALENCAR;RUA COS ESTELITA;;;;Colisão Lateral;Luz do Dia;Bom;Seca;Cruz;Pare;Residencial;0;1;1;0;0;0;0;0;0;1;0;0;-38,538606;-3,721483;;;
255514;10;8;2015;16:45;7733;AV JOAO PESSOA;RUA BAR SOBRAL;;;;Colisão Frontal;Anoitecer;Bom;Seca;Rotatória;Semáforo;Comercial;0;2;1;0;0;0;0;1;0;1;0;0;-38,558693;-3,764518;;;
255524;10;8;2015;09:00;0;AV ANTONIO JUSTA;;;;;Colisão Traseira;Luz do Dia;Bom;Seca;Meio de Quadra;Não Há Controle;Misto;0;0;2;1;0;0;0;0;0;0;0;0;;;;;
255525;10;8;2015;10:40;0;AV DR SILAS MUNGUBA;;;5445;;Colisão Traseira;Luz do Dia;Bom;Seca;Meio de Quadra;Não Há Controle;Comercial;0;1;1;1;0;0;0;0;0;1;0;0;;;;;
255526;10;8;2015;16:15;12818;RUA ALBERTO MAGNO;RUA ANDRE CHAVES;;;;Colisão Transversal;;Bom;Seca;Cruz;Pare;Comercial;0;1;1;0;0;0;0;1;0;1;0;0;-38,542230;-3,756035;;;
255527;10;8;2015;;3771;AV DA UNIVERSIDADE;AV DOMINGOS OLIMPIO;;;;Colisão Transversal;Via Iluminada;Bom;Seca;Cruz;Semáforo;Comercial;0;0;2;1;1;0;0;0;0;0;0;0;-38,534216;-3,735594;;;
259507;10;8;2015;03:00;0;RD CE-060;;;;KM-03;Colisão;Via Iluminada;;Seca;Meio de Quadra;;;0;0;2;1;0;0;1;0;0;0;0;0;-38,582776;-3,836637;;;
259512;10;8;2015;06:50;0;RD CE-060;;;;KM-03;Colisão Lateral;Luz do Dia;;Seca;Meio de Quadra;;;0;0;2;0;0;0;0;0;0;0;0;0;-38,582776;-3,836637;;;
259514;10;8;2015;10:20;0;RD CE-025;;;;KM-01;Colisão;Luz do Dia;;Seca;Meio de Quadra;;;0;0;2;1;0;0;0;0;0;0;0;0;-38,470976;-3,807681;;;
259207;10;8;2015;12:40;0;RD BR 222;;;;KM-01;Colisão Lateral;Luz do Dia;Bom;Seca;Meio de Quadra;Não Há Controle;Comercial;0;0;2;0;1;0;1;0;0;0;0;0;-38,577952;-3,737774;;;
255647;10;8;2015;18:00;5474;RUA J DA PENHA;RUA BARBARA DE ALENCAR;;;;Outros;Via Iluminada;Bom;Seca;Cruz;Não Há Controle;Comercial;0;0;2;1;0;0;0;0;0;0;0;0;-38,520055;-3,736038;;;
255654;10;8;2015;19:30;0;AV DOS EXPEDICIONARIOS;;;4970;;Colisão Lateral;Via Iluminada;Bom;Seca;Meio de Quadra;Não Há Controle;Residencial;0;0;3;1;1;0;0;0;0;0;0;0;-38,540671;-3,763219;;;
255655;10;8;2015;07:30;0;AV PONTES VIEIRA;;;710;;Colisão Traseira;Luz do Dia;Bom;Seca;Meio de Quadra;Não Há Controle;Comercial;0;0;2;1;0;0;0;0;0;0;0;0;-38,514447;-3,752834;;;
255657;10;8;2015;10:00;0;RUA BENTO ALBUQUERQUE;;;1190;;Colisão Traseira;Luz do Dia;Bom;Seca;Meio de Quadra;Não Há Controle;Residencial;0;0;2;1;0;0;0;0;0;0;0;0;-38,478674;-3,745201;;;
255658;10;8;2015;14:30;6731;AV PDE ANTONIO TOMAS;RUA ANDRADE FURTADO;;;;Colisão Lateral;Luz do Dia;Bom;Seca;;Não Há Controle;Residencial;0;1;1;1;0;0;0;0;0;1;0;0;-38,475355;-3,747141;;;
255661;10;8;2015;12:00;0;AV PRS COSTA E SILVA;;;600;;Colisão Traseira;Luz do Dia;Bom;Seca;Meio de Quadra;Gesto;Comercial;0;1;1;1;0;0;0;0;0;1;0;0;-38,573779;-3,812137;;;
255641;10;8;2015;14:00;3337;AV ENG HUMBERTO MONTE;RUA RIO GRANDE DO SUL;;;;Colisão Traseira;Luz do Dia;Bom;Seca;T;Pare;Comercial;0;0;2;1;0;0;0;0;0;0;0;0;-38,560374;-3,749204;;;
255642;10;8;2015;15:50;0;AV DES MOREIRA;;;2262;;Colisão Traseira;Luz do Dia;Bom;Seca;Meio de Quadra;Semáforo Intermitente;Comercial;0;1;1;1;0;0;0;0;0;1;0;0;-38,501209;-3,745134;;;
255639;10;8;2015;08:30;5203;RUA AGAPITO DOS SANTOS;RUA PEDRO PEREIRA;;;;Colisão Transversal;Luz do Dia;Bom;Seca;Cruz;Pare;Comercial;0;0;2;1;1;0;0;0;0;0;0;0;-38,538907;-3,726324;;;
255633;10;8;2015;;9156;AV LUCIANO CARNEIRO;RUA MIN JOAQUIM BASTOS D14;;;;Colisão Traseira;Via Iluminada;Bom;Seca;T;Semáforo;Outros;0;0;2;1;0;0;0;0;0;1;0;0;-38,532220;-3,750348;;;
255634;10;8;2015;08:00;0;AV BEZERRA DE MENEZES;;;1735;;Colisão Lateral;Luz do Dia;Bom;Seca;Meio de Quadra;Semáforo;Comercial;0;0;2;1;0;0;1;0;0;0;0;0;-38,560083;-3,734751;;;
255635;10;8;2015;20:00;25144;RUA CEL MATOS DOURADO;RUA PRO HERIBALDO COSTA;;;;Colisão Lateral;Via Iluminada;Bom;Seca;Outros;Semáforo;Residencial;0;0;2;1;0;0;1;0;0;0;0;0;-38,582309;-3,753427;;;
255701;10;8;2015;07:30;11761;AV PRS CASTELO BRANCO;RUA JACINTO MATOS;;;;Colisão Lateral;Luz do Dia;Bom;Seca;T;Semáforo;Residencial;0;0;2;1;0;0;1;0;0;0;0;0;-38,546333;-3,714630;;;
255664;10;8;2015;06:40;11761;AV PRS CASTELO BRANCO;RUA JACINTO MATOS;;;;Colisão Transversal;Luz do Dia;Bom;Seca;T;Semáforo;Residencial;0;0;2;1;0;0;0;0;0;0;0;0;-38,546333;-3,714630;;;
255704;10;8;2015;07:50;15227;AV ABOLICAO;AV DES MOREIRA;;;;Colisão Lateral;Luz do Dia;Bom;Seca;Cruz;Semáforo;Comercial;0;0;2;1;1;0;0;0;0;0;0;0;-38,495474;-3,727331;;;
255705;10;8;2015;14:20;22162;AV JOSE BASTOS;RUA PORFIRIO SAMPAIO;;;;Colisão Traseira;Luz do Dia;Bom;Seca;Cruz;Semáforo;Comercial;0;0;2;1;0;0;0;0;0;0;0;0;-38,546271;-3,745851;;;
255718;10;8;2015;10:30;23710;AV GAL OSORIO DE PAIVA;RUA DOM HENRIQUE;;;;Colisão;Luz do Dia;Bom;Seca;Duplo T;Pare;Comercial;0;0;2;1;0;0;0;0;0;0;0;0;-38,583025;-3,786100;;;
255722;10;8;2015;14:55;0;AV JOR THOMAZ COELHO;;;;;Colisão Traseira;Luz do Dia;Bom;Seca;Meio de Quadra;Pare;Comercial;0;0;2;1;0;0;0;1;0;0;0;0;;;;;
255723;10;8;2015;15:00;0;RUA 15 DE NOVEMBRO;;;887;;Engavetamento;Luz do Dia;Bom;Seca;Meio de Quadra;Não Há Controle;Misto;0;0;3;1;0;0;0;0;0;0;0;0;-38,552305;-3,770223;;;
255716;10;8;2015;14:10;0;AV 13 DE MAIO;;;1776;;Colisão Traseira;Luz do Dia;Bom;Seca;Meio de Quadra;Outros;Comercial;0;0;2;1;0;0;0;0;0;0;0;0;-38,533607;-3,745675;;;
255726;10;8;2015;06:40;0;AV DUQ CAXIAS;;;1701;;Colisão Traseira;Luz do Dia;Bom;Seca;Meio de Quadra;Não Há Controle;Comercial;0;0;2;1;1;0;0;0;0;0;0;0;-38,539517;-3,728676;;;
255727;10;8;2015;17:10;18431;AV SGT HERMINIO SAMPAIO;VL PONTES;;;;Colisão Lateral;Luz do Dia;Bom;Seca;T;Pare;Misto;0;1;1;1;0;0;0;0;0;1;0;0;-38,573329;-3,729183;;;
255731;10;8;2015;11:50;1421;RUA MON BRUNO;RUA CATAO MAMEDE;;;;Colisão Transversal;Luz do Dia;Bom;Seca;Cruz;Pare;Residencial;0;1;1;0;0;0;0;0;0;1;0;0;-38,511094;-3,737525;;;
255734;10;8;2015;12:30;0;RUA RAIMUNDO NERY;;;485;;Colisão Lateral;Luz do Dia;Bom;Seca;Meio de Quadra;Semáforo;Comercial;0;0;2;1;0;0;1;0;0;0;0;0;-38,586721;-3,793439;;;
255740;10;8;2015;14:20;0;AV SGT HERMINIO SAMPAIO;;;2006;POLO DE LAZER;Colisão Lateral;Luz do Dia;Bom;Seca;Meio de Quadra;Não Há Controle;Misto;0;2;1;1;0;0;0;0;0;1;0;0;-38,558438;-3,725997;;;
255738;10;8;2015;09:30;0;AV 13 DE MAIO;;;100;;Colisão Traseira;Luz do Dia;Bom;Seca;Meio de Quadra;Não Há Controle;Comercial;0;0;2;1;1;0;0;0;0;0;0;0;-38,521500;-3,753644;;;
255636;11;8;2015;07:45;6790;RUA SAMIR HILUY;RUA VER PAULO MAMEDE;;;;Colisão Traseira;Luz do Dia;Bom;Seca;Rotatória;Outros;Residencial;0;0;2;1;0;0;0;0;0;0;0;0;-38,481463;-3,747950;;;
255626;11;8;2015;18:00;19029;AV ENG ALBERTO SA;RUA SOLON ONOFRE;;;;Colisão Lateral;Via Iluminada;Bom;Seca;Cruz;Pare;Comercial;0;1;1;1;0;0;0;0;0;1;0;0;-38,473145;-3,735314;;;
255627;11;8;2015;08:00;3401;AV JOSE BASTOS;RUA VIRIATO RIBEIRO;;;;Colisão Traseira;Luz do Dia;Bom;Seca;;Não Há Controle;Comercial;0;0;2;1;0;0;0;0;0;0;0;0;-38,556028;-3,755554;;;
255640;11;8;2015;07:40;25090;AV GOV PARSIFAL BARROSO;RUA EDGAR FALCAO;;;;Engavetamento;Luz do Dia;Bom;Seca;T;Semáforo;Comercial;0;0;3;1;0;0;0;0;0;0;0;0;-38,569038;-3,732054;;;
255630;11;8;2015;13:55;13423;AV ANTONIO SALES;RUA MON BRUNO;;;;Colisão Transversal;Luz do Dia;Bom;Seca;Cruz;Pare;Comercial;0;0;2;0;0;0;0;0;0;1;0;0;-38,512634;-3,742276;;;
255631;11;8;2015;15:10;0;RUA JAIME BENEVOLO;;;1479;;Colisão Traseira;Luz do Dia;Bom;Seca;Meio de Quadra;Outros;Residencial;0;0;3;1;0;0;0;0;0;0;0;0;;;;;
255645;11;8;2015;15:20;15194;RUA DEP MOREIRA DA ROCHA;RUA ILDEFONSO ALBANO;;;;Colisão Transversal;Luz do Dia;Bom;Seca;Cruz;Pare;Residencial;0;0;2;1;0;0;0;1;0;0;0;0;-38,511072;-3,726480;;;
255648;11;8;2015;13:34;0;AV ENG SANTANA JUNIOR;;;2760;;Colisão Transversal;Luz do Dia;Bom;Seca;Meio de Quadra;Não Há Controle;Comercial;0;1;1;1;0;0;0;0;0;1;0;0;-38,489224;-3,745604;;;
255649;11;8;2015;20:00;0;AV AGUANAMBI;;;1588;;Colisão Lateral;Via Iluminada;Bom;Seca;Meio de Quadra;Não Há Controle;Comercial;0;0;2;1;0;0;0;0;0;1;0;0;-38,523564;-3,750958;;;
255622;11;8;2015;13:35;0;AV PONTES VIEIRA;;;600;;Colisão Traseira;Luz do Dia;Bom;Seca;Meio de Quadra;Não Há Controle;Comercial;0;1;1;0;0;0;0;0;0;1;0;0;-38,515941;-3,753006;;;
255615;11;8;2015;16:00;0;AV FRE CIRILO;;;;;Colisão Lateral;Luz do Dia;Bom;Seca;Meio de Quadra;Gesto;Residencial;0;1;1;1;0;0;0;0;0;1;0;0;;;;;
255619;11;8;2015;11:20;0;AV ANTONIO SALES;;;1950;;Colisão Traseira;Luz do Dia;Bom;Seca;Meio de Quadra;Não Há Controle;Comercial;0;0;4;1;0;0;0;0;0;0;0;0;-38,507234;-3,743950;;;
255613;11;8;2015;15:00;0;AV DR SILAS MUNGUBA;;;847;;Colisão Traseira;Luz do Dia;Bom;Seca;Meio de Quadra;Gesto;Comercial;0;0;2;0;0;0;1;0;0;0;0;0;;;;;
259516;11;8;2015;10:50;0;AV MIN JOSE AMERICO;;;;;Colisão;Luz do Dia;Bom;Seca;Meio de Quadra;;;0;0;2;1;0;0;0;0;0;0;0;0;;;;;
255554;11;8;2015;18:55;4830;RUA ITATIAIA;RUA DAS PITANGUEIRAS;;;;Colisão Transversal;Via Iluminada;Bom;Seca;Cruz;Não Há Controle;Residencial;0;0;2;1;0;0;0;0;0;1;0;0;-38,602538;-3,808917;;;
255558;11;8;2015;13:40;1658;RUA MON CATAO;RUA BENI DE CARVALHO;;;;Colisão Lateral;Luz do Dia;Bom;Seca;Cruz;Pare;Comercial;0;0;2;0;0;0;0;0;0;0;0;0;-38,493113;-3,746618;;;
255565;11;8;2015;14:00;0;RUA VALMIR PONTES;;;;UNIFOR;Colisão Lateral;Luz do Dia;Bom;Seca;Meio de Quadra;Não Há Controle;Comercial;0;0;2;1;0;0;0;0;0;0;0;0;;;;;
255572;11;8;2015;14:15;24943;AV ABOLICAO;AV ALM HENRIQUE SABOIA;;;;Colisão Traseira;Luz do Dia;Bom;Seca;T;Semáforo;Comercial;0;0;2;1;0;0;0;0;0;0;0;0;-38,479798;-3,722615;;;
255574;11;8;2015;22:30;0;AV CEL CARVALHO;;;3078;;Colisão Lateral;Via Iluminada;Bom;Seca;Meio de Quadra;Não Há Controle;Residencial;0;0;2;1;0;0;0;0;0;0;0;0;-38,584682;-3,730713;;;
255575;11;8;2015;12:30;1378;RUA DES LEITE ALBUQUERQUE;RUA OSVALDO CRUZ (ALDEOTA);;;;Colisão Transversal;Luz do Dia;Bom;Seca;Cruz;Pare;Comercial;0;0;2;1;0;0;0;0;0;0;0;0;-38,500640;-3,736598;;;
255568;11;8;2015;16:00;0;AV ALM MAXIMIANO DA FONSECA;;;1395;;Atropelamento;Luz do Dia;Bom;Seca;Meio de Quadra;Semáforo Intermitente;Comercial;0;0;2;0;0;0;0;0;0;1;0;0;-38,484045;-3,771600;;;
255569;11;8;2015;17:00;0;AV ALBERTO CRAVEIRO;;;;;Colisão Lateral;Luz do Dia;Bom;Seca;Meio de Quadra;Não Há Controle;Comercial;0;0;2;1;0;0;0;0;0;0;0;0;;;;;
255561;11;8;2015;17:30;12445;AV SEN FERNANDES TAVORA;TR HELENA DE MARIA;;;;Colisão Lateral;Via Iluminada;Bom;Seca;T;Outros;Comercial;0;1;1;0;0;0;0;0;0;1;0;0;-38,574916;-3,766094;;;
255563;11;8;2015;17:30;0;RUA JORGE ACURCIO;;;841;;Engavetamento;Anoitecer;Bom;Seca;Meio de Quadra;Não Há Controle;Residencial;0;0;2;1;0;0;0;0;0;0;0;0;-38,532885;-3,768056;;;
255590;11;8;2015;07:00;5338;RUA PINTO MADEIRA;RUA VINTE E CINCO DE MARCO;;;;Colisão Transversal;Luz do Dia;Bom;Seca;Cruz;Pare;Residencial;0;1;1;1;0;0;0;0;0;1;0;0;-38,522925;-3,730648;;;
255588;11;8;2015;15:30;5025;RUA SEN ALENCAR;AV FILOMENO GOMES;;;;Colisão Transversal;Luz do Dia;Bom;Seca;T;Pare;Comercial;0;0;2;1;0;0;0;0;0;0;0;0;-38,541328;-3,720616;;;
255578;11;8;2015;13:30;0;AV HIS RAIMUNDO GIRAO;;;860;;Colisão Lateral;Luz do Dia;Bom;Seca;Meio de Quadra;Semáforo;Comercial;0;0;2;1;0;0;0;0;0;0;0;0;-38,507703;-3,722468;;;