COD_ACIDENTE;DIA;MES;ANO;HORA;INTERSECAO;LOG1;LOG2;LOG3;NUMERO;REFERENCIA;NATUREZA;ILUMINACAO;TEMPO;SUPERFICIEPISTA;TIPOCRUZAMENTO;CONTROLETRAFEGO;USOSOLO;MORTOS;FERIDOS;ILESOS;AUTOMOVEL;ONIBUS;BICICLETA;CAMINHAO;MICROONIBUS;CICLOMOTOR;MOTOCICLETA;TRACAOANIMAL;TREM;LONG;LAT;;;
255579;11;8;2015;14:30;0;RUA ANA BILHAR;;;291;;Colisão Lateral;Luz do Dia;Bom;Seca;Meio de Quadra;Outros;Residencial;0;0;2;1;0;0;0;0;0;0;0;0;-38,497438;-3,728908;;;
255581;11;8;2015;16:00;6744;RUA BATISTA DE OLIVEIRA;RUA BENTO ALBUQUERQUE;;;;Colisão Traseira;Luz do Dia;Bom;Seca;Cruz;Semáforo;Residencial;0;0;2;1;0;0;0;0;0;0;0;0;-38,481027;-3,744448;;;
255582;11;8;2015;07:50;0;AV DOS EXPEDICIONARIOS;;;4522;;Colisão Lateral;Luz do Dia;Bom;Seca;Meio de Quadra;Não Há Controle;Comercial;0;1;1;1;0;0;0;0;0;1;0;0;-38,539129;-3,758150;;;
255583;11;8;2015;15:45;0;RUA NAT FEIJO;;;509;;Colisão Lateral;Luz do Dia;Bom;Seca;Meio de Quadra;Não Há Controle;Residencial;0;0;2;1;0;0;0;0;0;0;0;0;-38,553387;-3,722219;;;
255584;11;8;2015;07:40;0;AV PRS COSTA E SILVA;;;2719;;Colisão Transversal;Luz do Dia;Bom;Seca;Meio de Quadra;Não Há Controle;Comercial;0;1;1;1;0;0;0;0;0;1;0;0;;;;;
255585;11;8;2015;07:50;930;AV BORGES DE MELO;AV AGUANAMBI;;;;Engavetamento;Luz do Dia;Bom;Seca;T;Semáforo;Comercial;0;0;3;1;0;0;0;0;0;1;0;0;-38,523880;-3,760928;;;
255606;11;8;2015;09:20;25068;AV DOS EXPEDICIONARIOS;RUA STA QUITERIA;;;;Colisão Transversal;Luz do Dia;Bom;Seca;Rotatória;Semáforo;Residencial;0;0;2;1;0;0;0;0;0;0;0;0;-38,539477;-3,759299;;;
255599;11;8;2015;07:30;4542;AV DEP PAULINO ROCHA;RUA CEL ZACARIAS J FRANCA;;;;Colisão Transversal;Luz do Dia;Bom;Seca;T;Pare;Residencial;0;0;2;0;0;0;1;0;0;1;0;0;-38,508111;-3,805266;;;
255602;11;8;2015;20:30;4429;AV CESAR CALS;RUA ISMAEL PORDEUS;;;;Colisão Lateral;Via Iluminada;Bom;Seca;Cruz;Não Há Controle;Residencial;0;0;2;1;0;0;0;0;0;0;0;0;-38,464577;-3,720638;;;
255609;11;8;2015;12:00;15429;RUA DOMINGOS RAIOL;RUA HOMEM DE MELO;;;;Colisão Transversal;Luz do Dia;Bom;Seca;Cruz;Pare;Residencial;0;1;1;1;0;0;0;0;0;1;0;0;-38,496508;-3,816531;;;
255610;11;8;2015;12:15;25769;AV DR SILAS MUNGUBA;RUA CORUMBA;;;;Engavetamento;Luz do Dia;Bom;Seca;;Gesto;Comercial;0;0;3;1;0;0;0;0;0;0;0;0;-38,530014;-3,801188;;;
265138;11;8;2015;21:30;0;RUA QUIXADA D06;;;;;Colisão;;;;Meio de Quadra;;;0;1;0;0;1;0;0;0;0;1;0;0;;;;;
265123;11;8;2015;12:51;15189;AV ABOLICAO;RUA FRE MANSUETO;;;;Colisão;Luz do Dia;;;Cruz;Semáforo;Comercial;0;0;1;0;1;0;0;0;0;0;0;0;-38,489324;-3,726368;;;
264154;11;8;2015;09:55;0;RUA BERNARDO MANUEL;;;;;Colisão;Luz do Dia;;;Meio de Quadra;;;0;0;2;1;0;0;0;0;0;0;0;0;;;;;
264185;11;8;2015;14:44;15768;RUA CEL FRANCISCO PEREIRA (MESSEJANA);RUA JOAQUIM FELICIO;;;;Colisão;Luz do Dia;;;;;;0;0;2;1;1;0;0;0;0;0;0;0;-38,492670;-3,829908;;;
265501;11;8;2015;05:50;0;RUA MARIA DULCE;;;;;Queda;Amanhecer;;;Meio de Quadra;;;0;1;0;0;0;0;0;0;0;1;0;0;;;;;
265502;11;8;2015;06:38;0;AV PDE ANTONIO TOMAS;;;;;Queda;Luz do Dia;;;Meio de Quadra;;;0;1;0;0;0;0;0;0;0;1;0;0;;;;;
265503;11;8;2015;06:43;60;RUA TOMAS RODRIGUES;RUA TEN QUEIROZ;;;;Queda;Luz do Dia;;;Cruz;Pare;Residencial;0;1;0;0;0;0;0;0;0;1;0;0;-38,593135;-3,745469;;;
265498;11;8;2015;05:49;13334;AV H CJ JOSE WALTER;AV L CJ JOSE WALTER;;;;Colisão;Amanhecer;;;Cruz;Pare;Residencial;0;1;0;0;0;0;0;0;0;0;0;0;-38,560432;-3,840720;;;
265505;11;8;2015;07:21;0;AV DOS EXPEDICIONARIOS;;;;;Colisão;Luz do Dia;;;Meio de Quadra;;;0;1;0;0;0;0;0;0;0;0;0;0;-38,539080;-3,757975;;;
265506;11;8;2015;07:45;0;AV PERIMETRAL;;;;;Colisão;Luz do Dia;;;Meio de Quadra;;;0;1;1;1;0;0;0;0;0;1;0;0;;;;;
265508;11;8;2015;09:39;0;RUA CON DE CASTRO;;;;;Atropelamento;Luz do Dia;;;Meio de Quadra;;;0;1;1;0;0;0;0;0;0;1;0;0;-38,586852;-3,799485;;;
265519;11;8;2015;15:45;1422;RUA DES LEITE ALBUQUERQUE;RUA BARBOSA DE FREITAS;;;;Colisão;Luz do Dia;;;Cruz;Semáforo;Comercial;0;1;1;0;0;0;0;0;0;1;0;0;-38,497689;-3,737545;;;
265520;11;8;2015;15:55;0;VL PDE MAXIMILIANO;;;;;Atropelamento;Luz do Dia;;;Meio de Quadra;;;0;1;1;0;0;0;0;0;0;1;0;0;;;;;
265512;11;8;2015;13:50;16786;RUA OSCAR ROMERO;RUA QUIXADA D06;;;;Colisão;Luz do Dia;;;Cruz;Não Há Controle;Residencial;0;1;0;0;0;0;0;0;0;0;0;0;-38,571987;-3,832123;;;
265532;11;8;2015;17:17;5500;RUA PDE VALDEVINO;RUA NOGUEIRA ACIOLI;;;;Colisão;Anoitecer;;;Cruz;Semáforo;Comercial;0;1;1;0;0;0;0;0;0;1;0;0;-38,519630;-3,738246;;;
265533;11;8;2015;17:23;0;RUA PARAMBU;;;;;Colisão;Anoitecer;;;Meio de Quadra;;;0;1;0;1;0;0;0;0;0;0;0;0;;;;;
265534;11;8;2015;17:48;0;AV SEN FERNANDES TAVORA;;;;;Colisão;Anoitecer;;;Meio de Quadra;;;0;1;1;1;0;0;0;0;0;1;0;0;;;;;
265536;11;8;2015;18:24;0;RD BR 116;;;3000;KM-03;Colisão;Anoitecer;;;Meio de Quadra;;;0;1;1;1;0;0;0;0;0;1;0;0;-38,514372;-3,779838;;;
265537;11;8;2015;18:28;0;RUA PORTO VELHO;;;;;Atropelamento;Anoitecer;;;Meio de Quadra;;;0;1;1;0;0;0;0;0;0;1;0;0;-38,590887;-3,763883;;;
265539;11;8;2015;19:53;0;RUA ILDEFONSO ALBANO;;;;;Atropelamento;;;;Meio de Quadra;;;0;1;1;1;0;0;0;0;0;0;0;0;-38,511638;-3,728128;;;
265541;11;8;2015;21:07;0;AV PERIMETRAL;;;;;Colisão;;;;Meio de Quadra;;;0;1;1;0;0;0;0;0;0;1;0;0;;;;;
265542;11;8;2015;22:37;0;RUA CAETANO SILVA (A. NUNES);;;;;Queda;;;;Meio de Quadra;;;0;1;0;0;0;0;0;0;0;1;0;0;;;;;
265543;11;8;2015;23:52;0;AV AUGUSTO DOS ANJOS;;;;;Colisão;;;;Meio de Quadra;;;0;1;0;0;0;0;0;0;0;0;0;0;-38,578895;-3,779877;;;
265545;11;8;2015;06:05;0;AV PERIMETRAL;;;;;Colisão;Luz do Dia;;;Meio de Quadra;;;0;1;1;1;0;0;0;0;0;1;0;0;;;;;
265546;11;8;2015;06:16;0;AV DEP PAULINO ROCHA;;;;;Colisão;Luz do Dia;;;Meio de Quadra;;;0;1;0;0;0;0;0;0;0;0;0;0;;;;;
265547;11;8;2015;07:06;0;RUA PORTO FRANCO;;;;;Colisão;Luz do Dia;;;Meio de Quadra;;;0;1;1;1;0;0;0;0;0;1;0;0;;;;;
265548;11;8;2015;07:49;0;AV JOVITA FEITOSA;;;;;Colisão;Luz do Dia;;;Meio de Quadra;;;0;1;0;0;0;0;0;0;0;0;0;0;;;;;
265522;11;8;2015;16:57;0;RUA PRO JOSE LEITE GONDIM;;;;;Colisão;Luz do Dia;;;Meio de Quadra;;;0;1;1;1;0;0;0;0;0;1;0;0;;;;;
259152;11;8;2015;13:00;0;RD BR 116;;;9000;KM-09;Colisão Traseira;Luz do Dia;Bom;Seca;Meio de Quadra;Não Há Controle;Comercial;0;0;2;0;0;0;1;0;0;0;0;0;-38,504865;-3,830837;;;
259155;11;8;2015;18:30;0;RD BR 116;;;4000;KM-04;Colisão Lateral;Anoitecer;Bom;Seca;Meio de Quadra;Não Há Controle;Comercial;0;1;1;1;0;0;0;0;0;1;0;0;-38,510646;-3,788331;;;
255811;11;8;2015;13:10;0;AV ROGACIANO LEITE;;;;;Colisão;Luz do Dia;Bom;Seca;Meio de Quadra;Semáforo;Comercial;0;1;1;1;0;0;0;0;0;1;0;0;;;;;
270135;11;8;2015;11:04;0;AV GAL OSORIO DE PAIVA;;;;;Colisão;Luz do Dia;;;Meio de Quadra;;;0;0;2;0;0;0;0;0;0;0;0;0;;;;;
270179;11;8;2015;12:35;0;AV PRO GOMES DE MATOS;;;;;Colisão;Luz do Dia;;;Meio de Quadra;;;0;0;2;0;0;0;0;0;0;0;0;0;;;;;
270184;11;8;2015;16:31;0;AV JOSE BASTOS;;;;;Colisão;Luz do Dia;;;Meio de Quadra;;;0;0;2;0;0;0;0;0;0;0;0;0;;;;;
270185;11;8;2015;21:11;0;AV A CJ CEARA;;;;;Colisão;;;;Meio de Quadra;;;0;0;2;0;0;0;0;0;0;0;0;0;;;;;
270187;11;8;2015;22:56;0;AV CEL CARVALHO;;;3601;;;;;;Meio de Quadra;;;0;0;2;0;0;0;0;0;0;0;0;0;;;;;
270190;12;8;2015;09:32;18638;RUA AVARE;RUA TEREZA BERNARDO;;;;Atropelamento;Luz do Dia;;;;;;0;0;2;0;0;0;0;0;0;0;0;0;-38,528128;-3,841689;;;
270195;12;8;2015;10:53;0;AV ALBERTO CRAVEIRO;;;;;Colisão;Luz do Dia;;;Meio de Quadra;;;0;0;2;0;0;0;0;0;0;0;0;0;;;;;
270198;12;8;2015;11:13;0;RUA GAL CLARINDO DE QUEIROZ;;;;;Colisão;Luz do Dia;;;Meio de Quadra;;;0;0;2;0;0;0;0;0;0;0;0;0;;;;;
270210;12;8;2015;18:04;0;AV GAL OSORIO DE PAIVA;;;;;Atropelamento;Anoitecer;;;Meio de Quadra;;;0;0;2;0;0;0;0;0;0;0;0;0;;;;;
270206;12;8;2015;16:12;0;RUA VALPARAISO;;;;;Colisão;Luz do Dia;;;Meio de Quadra;;;0;0;2;0;0;0;0;0;0;0;0;0;;;;;
270204;12;8;2015;15:55;10780;RUA PDE SA LEITAO;AV SEN FERNANDES TAVORA;;;;Colisão;Luz do Dia;;;Cruz;Pare;Misto;0;0;2;0;0;0;0;0;0;0;0;0;-38,581677;-3,762452;;;
270212;12;8;2015;21:32;0;RUA DUARTE COELHO;;;;;Atropelamento;;;;Meio de Quadra;;;0;0;2;0;0;0;0;0;0;0;0;0;;;;;
270215;12;8;2015;22:01;19331;AV GAL OSORIO DE PAIVA;RUA PRO GOMES BRASIL;;;;Colisão;;;;Cruz;Semáforo;Comercial;0;0;2;0;0;0;0;0;0;0;0;0;-38,566451;-3,775618;;;
270220;12;8;2015;22:47;0;RUA AZEVEDO BOLAO;;;;;Colisão;;;;Meio de Quadra;;;0;0;2;0;0;0;0;0;0;0;0;0;;;;;
265563;12;8;2015;12:12;0;AV ALM HENRIQUE SABOIA;;;;;Queda;Luz do Dia;;;Meio de Quadra;;;0;1;0;0;0;0;0;0;0;1;0;0;;;;;
265565;12;8;2015;12:13;0;AV GAL OSORIO DE PAIVA;;;;;Colisão;Luz do Dia;;;Meio de Quadra;;;0;1;1;1;0;0;0;0;0;1;0;0;;;;;
265567;12;8;2015;16:41;0;RD BR 116;;;10000;KM-10;Atropelamento;Luz do Dia;;;Meio de Quadra;;;0;1;1;1;0;0;0;0;0;0;0;0;-38,503373;-3,834435;;;
265569;12;8;2015;17:04;0;AV PRS COSTA E SILVA;;;;;Queda;Anoitecer;;;Meio de Quadra;;;0;1;0;0;0;0;0;0;0;1;0;0;;;;;
265570;12;8;2015;19:19;0;AV MR HULL;;;;;Colisão;;;;Meio de Quadra;;;0;1;1;1;0;1;0;0;0;0;0;0;;;;;
265571;12;8;2015;21:05;0;AV JOSE BASTOS;;;;;Colisão;;;;Meio de Quadra;;;0;1;1;1;0;0;0;0;0;1;0;0;;;;;
265572;12;8;2015;21:11;0;RUA DUARTE COELHO;;;;;Queda;;;;Meio de Quadra;;;0;1;0;0;0;0;0;0;0;1;0;0;;;;;
265573;12;8;2015;21:45;0;AV AUGUSTO DOS ANJOS;;;;;Atropelamento;;;;Meio de Quadra;;;0;1;1;0;0;0;0;0;0;1;0;0;;;;;
265549;12;8;2015;08:00;0;RUA PRO HERIBALDO COSTA;;;;;Colisão;Luz do Dia;;;Meio de Quadra;;;0;1;1;1;0;0;0;0;0;1;0;0;-38,587773;-3,767445;;;
265550;12;8;2015;08:26;5306;RUA DO ROSARIO;RUA MON LUIS ROCHA;;;;Queda;Luz do Dia;;;Cruz;Pare;Comercial;0;1;0;0;0;0;0;0;0;1;0;0;-38,526198;-3,729645;;;
265551;12;8;2015;08:34;0;AV DA INDEPENDENCIA;;;;;Queda;Luz do Dia;;;Meio de Quadra;;;0;1;0;0;0;0;0;0;0;1;0;0;-38,588558;-3,727600;;;
265552;12;8;2015;08:52;0;RUA FRANCISCO ALMEIDA;;;;;Colisão;Luz do Dia;;;Meio de Quadra;;;0;1;1;1;0;0;0;0;0;1;0;0;-38,590787;-3,817155;;;
265553;12;8;2015;09:35;0;AV CASTELO DE CASTRO;;;;;Colisão;Luz do Dia;;;Meio de Quadra;;;0;1;0;0;0;0;0;0;0;0;0;0;;;;;
265554;12;8;2015;12:06;10615;RUA JUSTINO CAFE NETO;RUA ALBERT SABIN;;;;Colisão;Luz do Dia;;;;;;0;1;1;1;0;0;0;0;0;1;0;0;-38,490164;-3,758910;;;
265575;12;8;2015;22:15;3357;RUA GOIAS;RUA 3 DE MAIO;;;;Colisão;;;;Cruz;Pare;Residencial;0;1;0;0;0;0;0;0;0;0;0;0;-38,561270;-3,752292;;;
264188;12;8;2015;16:08;0;AV GAL OSORIO DE PAIVA;;;;;Colisão;Luz do Dia;;;Meio de Quadra;;;0;0;2;0;1;0;0;0;0;0;0;0;;;;;
265165;12;8;2015;15:00;0;AV GODOFREDO MACIEL;;;;;Colisão;Luz do Dia;;;Meio de Quadra;;;0;1;0;1;0;0;0;0;0;1;0;0;;;;;
265148;12;8;2015;09:50;0;RUA POMPEU CAVALCANTE;;;71;;Colisão Lateral;Luz do Dia;;;Meio de Quadra;;;0;0;1;1;0;0;0;0;0;0;0;0;-38,564635;-3,721025;;;
265152;12;8;2015;11:40;18688;RUA TEREZA BERNARDO;RUA SAQUAREMA;;;;Colisão Lateral;Luz do Dia;;;;;;0;1;1;1;0;0;0;0;0;0;0;0;-38,527725;-3,841200;;;
255592;12;8;2015;10:00;9073;RUA LAURO MAIA;RUA CEL JOSE EUCLIDES;;;;Colisão Transversal;Luz do Dia;Bom;Seca;Cruz;Pare;Residencial;0;0;2;1;0;0;0;0;0;0;0;0;-38,521915;-3,752061;;;
255600;12;8;2015;12:05;0;RUA ALBERTO FEITOSA LIMA;;;;;Colisão Lateral;Luz do Dia;Bom;Seca;Meio de Quadra;Não Há Controle;Comercial;0;1;1;1;0;0;0;0;0;1;0;0;;;;;
255607;12;8;2015;;0;AV PONTES VIEIRA;;;;;Colisão Lateral;Via Iluminada;Bom;Seca;Meio de Quadra;Não Há Controle;Comercial;0;0;2;1;0;0;1;0;0;0;0;0;;;;;
255604;12;8;2015;13:20;0;RUA ANTONIO AUGUSTO;;;;;Colisão Lateral;Luz do Dia;Bom;Seca;Meio de Quadra;Não Há Controle;Comercial;0;0;2;1;0;0;0;0;0;0;0;0;;;;;
255586;12;8;2015;22:45;0;AV DOM LUIS;;;502;PRACA PORTUGAL;Colisão Lateral;Via Iluminada;Bom;Seca;Meio de Quadra;Não Há Controle;Comercial;0;0;2;0;1;0;0;0;0;0;0;0;-38,497304;-3,733243;;;
255580;12;8;2015;13:30;0;RUA DEP OSWALDO STUDART;;;475;;Colisão Traseira;Luz do Dia;Bom;Seca;Meio de Quadra;Não Há Controle;Residencial;0;0;2;1;0;0;0;0;0;0;0;0;-38,529138;-3,754565;;;
255577;12;8;2015;07:35;1273;AV SANTOS DUMONT;RUA DR JOSE LOURENCO;;;;Colisão Lateral Sentido Oposto;Luz do Dia;Bom;Seca;Cruz;Pare;Comercial;0;0;2;1;1;0;0;0;0;0;0;0;-38,507380;-3,733299;;;
255571;12;8;2015;18:20;5077;AV ALBERTO NEPOMUCENO;AV PRS CASTELO BRANCO;;;;Colisão Transversal;Anoitecer;Bom;Seca;T;Não Há Controle;Comercial;0;0;2;1;0;0;0;0;0;0;0;0;-38,523857;-3,722425;;;
259518;12;8;2015;17:00;0;RD CE-040;;;;KM-07;Colisão;Anoitecer;;Seca;Meio de Quadra;;;0;0;3;1;0;0;0;0;0;0;0;0;-38,483160;-3,817953;;;
259519;12;8;2015;17:15;0;RD CE-040;;;;KM-06;Colisão;Anoitecer;;Seca;Meio de Quadra;;;0;0;2;1;0;0;0;0;1;0;0;0;-38,478781;-3,811270;;;
259211;12;8;2015;12:30;0;RD BR 222;;;;KM-01;Colisão Lateral;Luz do Dia;Bom;Seca;Meio de Quadra;Não Há Controle;Comercial;0;1;1;0;0;0;0;0;0;1;0;0;-38,577952;-3,737774;;;
255614;12;8;2015;22:30;15107;AV HIS RAIMUNDO GIRAO;RUA VIRGILIO VASCONCELOS;;;;Colisão Transversal;Amanhecer;Bom;Seca;T;Não Há Controle;Residencial;0;2;1;1;0;0;0;0;0;1;0;0;-38,507972;-3,722335;;;
255620;12;8;2015;09:40;23476;RUA SABINO MONTE;RUA CRUZ ABREU;;;;Colisão Lateral;Luz do Dia;Bom;Seca;T;Pare;Residencial;0;0;2;1;0;0;0;0;0;0;0;0;-38,511694;-3,757827;;;
255618;12;8;2015;21:20;0;AV BAR STUDART;;;2534;;Choque c/ Obstáculo Fixo;Via Iluminada;Bom;Seca;Meio de Quadra;Não Há Controle;Comercial;0;0;1;1;0;0;0;0;0;0;0;0;-38,510163;-3,745770;;;
255650;12;8;2015;14:49;18552;RUA OSORIO CORREIA;RUA CEREJEIRAS;;;;Colisão Transversal;Luz do Dia;Bom;Seca;Cruz;Não Há Controle;Residencial;0;0;2;1;1;0;0;0;0;0;0;0;-38,599378;-3,821969;;;
255625;12;8;2015;06:20;5518;AL ANGELICAS;AV FLAMBOYANTS;;;;Colisão Lateral;Luz do Dia;Bom;Seca;Cruz;;Residencial;0;1;1;1;0;0;0;0;0;1;0;0;-38,474694;-3,747703;;;
255663;12;8;2015;10:00;12863;AV DOMINGOS OLIMPIO;RUA FLORIANO PEIXOTO;;;;Colisão Frontal;Luz do Dia;Bom;Seca;Cruz;Pare;Comercial;0;0;2;1;0;0;0;0;0;0;0;0;-38,530313;-3,736976;;;
255660;12;8;2015;06:20;15347;AV DOM LUIS;RUA TIBURCIO CAVALCANTE;;;;Colisão Transversal;Luz do Dia;Bom;Seca;Outros;Semáforo;Comercial;0;0;2;1;1;0;0;0;0;0;0;0;-38,501313;-3,732021;;;
255643;12;8;2015;08:00;1423;RUA OSVALDO CRUZ (ALDEOTA);RUA TORRES CAMARA;;;;Colisão Lateral;Luz do Dia;Bom;Seca;Cruz;Semáforo;Residencial;0;0;2;0;0;0;0;0;0;1;0;0;-38,500953;-3,737574;;;
255632;12;8;2015;18:30;0;AV ANTONIO SALES;;;1654;;Colisão Lateral;Via Iluminada;Bom;Seca;Meio de Quadra;Outros;Comercial;0;0;2;1;0;0;0;0;0;0;0;0;;;;;
255629;12;8;2015;07:30;26091;AV JOVITA FEITOSA;AV JOSE JATAHY;;;;Colisão Transversal;Luz do Dia;Bom;Seca;Cruz;Não Há Controle;Comercial;0;1;1;0;1;0;0;0;0;1;0;0;-38,543936;-3,737273;;;
255637;12;8;2015;09:40;9098;RUA CAMPO AMOR ROCHA;RUA MIN JOAQUIM BASTOS D14;;;;Colisão Transversal;Luz do Dia;Bom;Seca;Cruz;Pare;Rural;0;0;2;1;0;0;0;0;0;0;0;0;-38,526294;-3,755419;;;
255665;12;8;2015;08:30;0;AV SEN VIRGILIO TAVORA;;;;;Engavetamento;Luz do Dia;Bom;Seca;Outros;Semáforo Intermitente;Comercial;0;0;4;1;0;0;0;0;0;0;0;0;;;;;
255671;12;8;2015;14:00;0;AV DOM MANUEL;;;124;;Colisão Lateral;Luz do Dia;Bom;Seca;Meio de Quadra;Não Há Controle;Comercial;0;0;2;1;0;0;1;0;0;0;0;0;-38,520084;-3,725149;;;
255673;12;8;2015;16:04;0;AV AUGUSTO DOS ANJOS;;;;;Colisão Lateral;Luz do Dia;Bom;;Meio de Quadra;Não Há Controle;Comercial;0;0;2;1;1;0;0;0;0;0;0;0;;;;;
255678;12;8;2015;08:00;17275;RUA ALVARO FERNANDES;RUA BAR CANINDE;;;;Colisão Transversal;Luz do Dia;Bom;Seca;Cruz;Pare;Residencial;0;0;2;1;0;0;0;0;0;0;0;0;-38,552236;-3,762184;;;
255679;12;8;2015;06:45;19437;AV DR SILAS MUNGUBA;RUA CASIMIRO DE ABREU;;;;Colisão Transversal;Luz do Dia;Bom;Seca;T;Semáforo Intermitente;Misto;0;0;2;1;0;0;0;0;0;0;0;0;-38,560637;-3,779395;;;
255676;12;8;2015;06:20;0;AV PRS COSTA E SILVA;;;;;Colisão Transversal;Luz do Dia;Bom;Seca;Meio de Quadra;Semáforo;Comercial;0;1;1;1;0;0;0;0;0;1;0;0;;;;;
255682;12;8;2015;07:30;0;AV JOSE BASTOS;;;3390;;Colisão Transversal;Luz do Dia;Bom;Seca;Meio de Quadra;Outros;Comercial;0;0;2;1;1;0;0;0;0;0;0;0;-38,549630;-3,749136;;;
255699;12;8;2015;15:20;15310;AV BAR STUDART;RUA EDGAR DAMASCENO;;;;Colisão Traseira;Luz do Dia;Bom;Seca;T;Pare;Comercial;0;0;2;1;0;0;0;0;0;0;0;0;-38,505124;-3,730068;;;
255684;12;8;2015;11:20;9006;AV JOSE BASTOS;AV 13 DE MAIO;;;;Colisão Transversal;Luz do Dia;Bom;Seca;Com Via Férrea;Não Há Controle;Residencial;0;0;2;1;0;0;0;0;0;1;0;0;;;;;
255686;12;8;2015;07:10;0;AV BORGES DE MELO;;;;;Colisão Transversal;Luz do Dia;Bom;Seca;Outros;Pare;Comercial;0;0;2;1;0;0;0;0;0;1;0;0;;;;;
255687;12;8;2015;19:39;0;RUA VICENTE LINHARES;;;;;Colisão Traseira;Via Iluminada;Bom;Seca;Meio de Quadra;Não Há Controle;Comercial;0;0;2;1;0;0;0;0;0;0;0;0;;;;;
255690;12;8;2015;13:00;4319;AV VICENTE DE CASTRO;AV JOSE SABOIA;;;;Colisão Transversal;Luz do Dia;Bom;Seca;Cruz;Pare;Comercial;0;0;2;1;0;0;0;0;0;0;0;0;-38,473200;-3,713785;;;
255707;12;8;2015;18:40;22109;RUA MON FURTADO;RUA GUSTAVO BRAGA;;;;Colisão Transversal;Via Iluminada;Bom;Seca;Cruz;Não Há Controle;Residencial;0;0;2;1;0;0;0;0;0;0;0;0;-38,553203;-3,750477;;;
255703;12;8;2015;20:30;7861;AV ANTONIO SALES;RUA CEL JUCA;;;;Colisão Transversal;Via Iluminada;Bom;Seca;Cruz;Semáforo;Comercial;0;0;2;1;0;0;0;0;0;0;0;0;-38,494573;-3,747893;;;
255710;13;8;2015;14:40;0;RUA SAO JOSE D03;;;32;;Colisão Lateral;Luz do Dia;Bom;Seca;Meio de Quadra;Semáforo;;0;1;1;1;0;0;0;0;0;1;0;0;-38,523721;-3,725384;;;
255711;13;8;2015;15:40;0;AV 13 DE MAIO;;;1806;;Colisão Transversal;Luz do Dia;Bom;Seca;Meio de Quadra;Semáforo;Comercial;0;0;2;0;1;0;0;0;0;0;0;0;-38,533845;-3,745477;;;
255708;13;8;2015;07:40;0;AV BORGES DE MELO;;;;;Colisão Lateral;Luz do Dia;Bom;Seca;Meio de Quadra;Semáforo;Comercial;0;0;2;1;1;0;0;0;0;0;0;0;;;;;
255713;13;8;2015;07:50;13741;RUA LUIZA MIRANDA COELHO;RUA PINDORAMA;;;;Colisão Lateral;Luz do Dia;Bom;Seca;Cruz;Pare;Comercial;0;1;1;1;0;0;0;0;0;1;0;0;;;;;
255714;13;8;2015;18:30;9147;RUA CARLOS RIBEIRO;RUA DOM SEBASTIAO LEME;;;;Colisão Transversal;Via Iluminada;Bom;Seca;Cruz;Pare;Misto;0;0;2;1;0;0;0;0;0;0;0;0;-38,526198;-3,746500;;;
255715;13;8;2015;10:00;7813;RUA JULIO SIQUEIRA;RUA TIBURCIO CAVALCANTE;;;;Colisão Transversal;Luz do Dia;Bom;Seca;Cruz;Pare;Residencial;0;0;2;1;0;0;0;0;0;0;0;0;-38,507128;-3,750135;;;
255719;13;8;2015;15:00;1255;RUA ANTONIO AUGUSTO;RUA PDE LUIS FIGUEIRA;;;;Colisão Transversal;Luz do Dia;Bom;Seca;Cruz;Pare;Residencial;0;0;3;1;0;0;0;0;0;0;0;0;-38,514136;-3,732470;;;
255691;13;8;2015;14:30;5464;AV HERACLITO GRACA;RUA GONCALVES LEDO;;;;Colisão Lateral;Luz do Dia;Bom;Seca;T;Pare;Comercial;0;0;2;1;0;0;0;0;0;0;0;0;-38,517456;-3,735774;;;
255692;13;8;2015;07:20;15227;AV ABOLICAO;AV DES MOREIRA;;;;Colisão Transversal;Luz do Dia;Bom;Seca;Cruz;Semáforo Intermitente;Misto;0;0;2;1;1;0;0;0;0;0;0;0;-38,495474;-3,727331;;;
255693;13;8;2015;19:00;0;AV PRS COSTA E SILVA;;;;;Colisão Transversal;;Bom;Seca;Meio de Quadra;;Residencial;0;0;2;0;1;0;0;0;0;0;0;0;;;;;
255696;13;8;2015;15:30;0;AV ALM MAXIMIANO DA FONSECA;AV WASHINGTON SOARES;;;;Colisão Traseira;Luz do Dia;Bom;Seca;Meio de Quadra;Semáforo;Comercial;0;0;3;1;0;0;0;0;0;0;0;0;;;;;
255697;13;8;2015;08:30;12469;RUA DES GOMES PARENTE;RUA MELO DE OLIVEIRA;;;;Colisão Lateral;Luz do Dia;Bom;Seca;Cruz;Pare;Comercial;0;0;2;1;0;0;0;0;0;0;0;0;-38,578654;-3,773360;;;
255674;13;8;2015;16:00;5318;RUA PDE IBIAPINA;RUA GAL CLARINDO DE QUEIROZ;;;;Colisão Lateral;Luz do Dia;Bom;Seca;Cruz;Pare;Comercial;0;0;2;1;1;0;0;0;0;0;0;0;-38,540084;-3,729518;;;
255624;13;8;2015;13:00;1350;RUA SILVA PAULET;RUA TORRES CAMARA;;;;Colisão Transversal;Luz do Dia;Bom;Seca;Cruz;Pare;Comercial;0;0;2;1;0;0;0;0;0;0;0;0;-38,505905;-3,735958;;;
255621;13;8;2015;16:07;22029;RUA TIRADENTES;RUA FRE MARCELINO;;;;Colisão Transversal;Luz do Dia;Bom;Seca;Cruz;Pare;Residencial;0;1;1;1;0;0;0;0;0;0;0;0;-38,550132;-3,741130;;;