COD_ACIDENTE;DIA;MES;ANO;HORA;INTERSECAO;LOG1;LOG2;LOG3;NUMERO;REFERENCIA;NATUREZA;ILUMINACAO;TEMPO;SUPERFICIEPISTA;TIPOCRUZAMENTO;CONTROLETRAFEGO;USOSOLO;MORTOS;FERIDOS;ILESOS;AUTOMOVEL;ONIBUS;BICICLETA;CAMINHAO;MICROONIBUS;CICLOMOTOR;MOTOCICLETA;TRACAOANIMAL;TREM;LONG;LAT;;;
255616;13;8;2015;15:30;0;AV ENG HUMBERTO MONTE;;;681;;Colisão Traseira;Luz do Dia;Bom;Seca;Meio de Quadra;Não Há Controle;Residencial;0;0;2;1;0;0;0;0;0;0;0;0;-38,557884;-3,752331;;;
255617;13;8;2015;12:40;0;AV DR THEBERGE;;;2196;;Colisão Frontal;Luz do Dia;Bom;Seca;Meio de Quadra;Não Há Controle;Comercial;0;0;2;1;0;0;0;0;0;1;0;0;-38,566738;-3,720044;;;
259214;13;8;2015;07:00;0;RD BR 222;;;;KM-01;Colisão Traseira;Luz do Dia;Bom;Seca;Meio de Quadra;Não Há Controle;Comercial;0;2;0;1;0;0;0;0;0;1;0;0;-38,577952;-3,737774;;;
259215;13;8;2015;18:20;0;RD BR 222;;;;KM-02;Colisão Lateral;Anoitecer;Bom;Seca;Meio de Quadra;Não Há Controle;Comercial;0;0;2;1;0;0;1;0;0;0;0;0;-38,586880;-3,738951;;;
259521;13;8;2015;11:14;0;RD CE-040;;;;KM-07;Colisão;Luz do Dia;;Seca;Meio de Quadra;;;0;0;3;1;0;0;0;0;0;0;0;0;-38,483160;-3,817953;;;
259522;13;8;2015;15:50;0;RD CE-040;;;;KM-05;Colisão;Luz do Dia;;Seca;Meio de Quadra;;;0;0;2;1;0;0;0;0;0;0;0;0;-38,480349;-3,790876;;;
255591;13;8;2015;18:30;0;AV AGUANAMBI;;;841;;Colisão Traseira;Via Iluminada;Bom;Seca;Meio de Quadra;Não Há Controle;Comercial;0;0;2;0;0;0;0;0;0;0;0;0;-38,525056;-3,746548;;;
255596;13;8;2015;09:20;0;RUA VALMIR PONTES;;;;;Colisão Lateral;Luz do Dia;Bom;Seca;Meio de Quadra;Não Há Controle;Misto;0;0;2;1;0;0;0;0;0;0;0;0;;;;;
255597;13;8;2015;23:00;12603;RUA TULIPA;RUA FENELON BOMILCAR;;;;Colisão Transversal;Mal Iluminada;Bom;Seca;Cruz;Pare;Comercial;0;1;1;0;0;0;0;0;0;1;0;0;-38,580157;-3,716114;;;
255598;13;8;2015;23:10;19328;RUA CON DE CASTRO;RUA EDUARDO PERDIGAO;;;;Colisão Transversal;Via Iluminada;Bom;Seca;Cruz;Não Há Controle;Comercial;0;0;2;1;0;0;1;0;0;0;0;0;-38,564769;-3,775579;;;
255605;13;8;2015;14:30;16022;AV BENJAMIM BRASIL;RUA ENG JAIME ROLEMBERG;;;;Colisão Transversal;Luz do Dia;Bom;Seca;Outros;Pare;Comercial;0;0;2;1;0;0;0;0;0;1;0;0;-38,565732;-3,805233;;;
255601;13;8;2015;17:00;5472;RUA JAIME BENEVOLO;RUA ANTONIO POMPEU;;;;Colisão Transversal;Luz do Dia;Bom;Seca;Cruz;Pare;Comercial;0;1;1;0;0;0;0;0;0;1;0;0;-38,526664;-3,736033;;;
265177;13;8;2015;18:00;0;AV GAL OSORIO DE PAIVA;;;7655;;Colisão;Anoitecer;;;Meio de Quadra;;;0;0;1;0;1;0;0;0;0;0;0;0;-38,616014;-3,819139;;;
265171;13;8;2015;06:30;3302;AV GAL OSORIO DE PAIVA;RUA LUIS VIEIRA;;;;Colisão;Luz do Dia;;;Cruz;Semáforo Intermitente;Comercial;0;2;0;1;0;0;0;0;0;1;0;0;-38,588616;-3,790879;;;
265180;13;8;2015;22:40;0;RUA OSCAR ARARIPE;;;3314;;Atropelamento;;;;Meio de Quadra;;;1;0;1;0;0;0;0;0;0;1;0;0;-38,620227;-3,784643;;;
264194;13;8;2015;15:54;0;AV GOV RAUL BARBOSA;;;;;Colisão;Luz do Dia;;;Meio de Quadra;;;0;0;2;1;0;0;1;0;0;0;0;0;;;;;
264192;13;8;2015;11:28;0;AV GOV RAUL BARBOSA;;;;;Colisão;Luz do Dia;;;Meio de Quadra;;;0;0;3;1;0;0;0;0;0;0;0;0;;;;;
269330;13;8;2015;20:00;0;RD BR 116;;;11000;KM-11;Atropelamento;;;;Meio de Quadra;;;1;0;1;0;0;0;0;0;0;0;0;0;-38,497176;-3,847160;;;
265581;13;8;2015;05:18;0;AV GAL OSORIO DE PAIVA;;;;;Colisão;Amanhecer;;;Meio de Quadra;;;0;1;0;0;0;0;0;0;0;0;0;0;;;;;
265583;13;8;2015;07:53;0;RUA BAR CRATO;;;;;Queda;Luz do Dia;;;Meio de Quadra;;;0;1;0;0;0;0;0;0;0;1;0;0;-38,561782;-3,721833;;;
265584;13;8;2015;12:24;12977;AV A CJ JOSE WALTER;RUA 9 CJ JOSE WALTER;;;;Atropelamento;Luz do Dia;;;;;;0;1;1;0;0;0;0;0;0;1;0;0;-38,556623;-3,824100;;;
265585;13;8;2015;12:27;0;RUA CRISTAIS PAULISTA;;;;;Colisão;Luz do Dia;;;Meio de Quadra;;;0;1;1;0;0;0;0;0;0;1;0;0;;;;;
265587;13;8;2015;15:11;0;RUA SAO JOSE D20;;;;;Colisão;Luz do Dia;;;Meio de Quadra;;;0;1;1;1;0;0;0;0;0;1;0;0;;;;;
265588;13;8;2015;17:03;9040;RUA JAIME BENEVOLO;RUA PDE MIGUELINHO;;;;Colisão;Anoitecer;;;Cruz;Pare;Misto;0;1;1;1;0;0;0;0;0;1;0;0;-38,529347;-3,744086;;;
265589;13;8;2015;17:12;5251;RUA SEN POMPEU;RUA LIBERATO BARROSO;;;;Choque c/ Obstáculo Fixo;Anoitecer;;;Cruz;Outros;Comercial;0;1;1;1;0;0;0;0;0;1;0;0;-38,529914;-3,727893;;;
265590;13;8;2015;18:16;0;AV CASTELO DE CASTRO;;;;;Colisão;Anoitecer;;;Meio de Quadra;;;0;1;1;1;0;0;0;0;0;1;0;0;;;;;
265592;13;8;2015;18:52;0;RUA DOM QUINTINO;;;;;Atropelamento;;;;Meio de Quadra;;;0;1;0;0;0;0;0;0;0;0;0;0;-38,546771;-3,713596;;;
265593;13;8;2015;21:16;0;RUA OSCAR ARARIPE;;;;;Colisão;;;;Meio de Quadra;;;0;1;1;1;0;0;0;0;0;1;0;0;-38,620359;-3,784605;;;
265619;13;8;2015;23:15;17579;RUA PIAUI;RUA ESPIRITO SANTO;;;;Colisão;;;;Cruz;Não Há Controle;Comercial;0;1;1;1;0;0;0;0;0;1;0;0;-38,566924;-3,750946;;;
265617;13;8;2015;22:18;0;RUA EDUARDO PERDIGAO;;;;;Colisão;;;;Meio de Quadra;;;0;1;0;0;0;0;0;0;0;0;0;0;;;;;
270221;13;8;2015;09:22;0;RUA REGINA DE FATIMA;;;;;Atropelamento;Luz do Dia;;;Meio de Quadra;;;0;0;2;0;0;0;0;0;0;0;0;0;;;;;
270224;13;8;2015;11:10;7888;RUA ISRAEL BEZERRA;AV DES MOREIRA;;;;Colisão;Luz do Dia;;;;;;0;0;2;0;0;0;0;0;0;0;0;0;-38,501963;-3,747526;;;
270228;13;8;2015;11:16;25519;AV GOV RAUL BARBOSA;AV ALM HENRIQUE SABOIA;;;;Colisão;Luz do Dia;;;Y;Não Há Controle;Residencial;0;0;2;0;0;0;0;0;0;0;0;0;-38,504580;-3,758466;;;
270239;13;8;2015;11:19;0;AV GODOFREDO MACIEL;;;;;Colisão;Luz do Dia;;;Meio de Quadra;;;0;0;2;0;0;0;0;0;0;0;0;0;;;;;
270240;13;8;2015;18:28;84;RUA PDE PERDIGAO SAMPAIO;AV MR HULL;;;;Colisão;Anoitecer;;;;;;0;0;2;0;0;0;0;0;0;0;0;0;-38,594635;-3,740113;;;
270250;13;8;2015;22:35;0;RUA NOVE UI 211;;;;;Colisão;;;;Meio de Quadra;;;0;0;2;0;0;0;0;0;0;0;0;0;;;;;
270253;13;8;2015;23:13;0;RUA DOM SEBASTIAO LEME;;;;;Colisão;;;;Meio de Quadra;;;0;0;2;0;0;0;0;0;0;0;0;0;;;;;
270257;14;8;2015;14:10;13735;RUA NELSON STUDART;RUA CAIO CID;;;;Colisão;Luz do Dia;;;Cruz;Pare;Misto;0;1;1;0;0;0;0;0;0;0;0;0;-38,484694;-3,773571;;;
270266;14;8;2015;21:27;0;RUA JULIO SILVA;;;;;Colisão;;;;Meio de Quadra;;;0;0;2;0;0;0;0;0;0;0;0;0;;;;;
270262;14;8;2015;17:40;0;RUA PERNAMBUCO;;;;;Choque c/ Obstáculo Fixo;Anoitecer;;;Meio de Quadra;;;0;0;1;0;0;0;0;0;0;0;0;0;;;;;
270263;14;8;2015;18:56;0;RUA PDE ANTONINO;;;;;Colisão;;;;Meio de Quadra;;;0;0;2;0;0;0;0;0;0;0;0;0;;;;;
270264;14;8;2015;20:35;0;RUA CAIO PRADO;;;;;Colisão;;;;Meio de Quadra;;;0;0;2;0;0;0;0;0;0;0;0;0;;;;;
270255;14;8;2015;10:51;0;RUA MARIO MAMEDE;;;;;Colisão;Luz do Dia;;;Meio de Quadra;;;0;0;2;0;0;0;0;0;0;0;0;0;;;;;
270260;14;8;2015;16:46;0;RUA PRO JOSE HENRIQUE;;;;;Colisão;Luz do Dia;;;Meio de Quadra;;;0;0;2;0;0;0;0;0;0;0;0;0;;;;;
270271;14;8;2015;21:55;0;RUA BAR CRATO;;;;;Colisão;;;;Meio de Quadra;;;0;1;0;0;0;0;0;0;0;0;0;0;;;;;
270280;14;8;2015;22:13;8025;AV JOAO PESSOA;RUA PRO COSTA MENDES;;;;Colisão;;;;Cruz;Semáforo;Comercial;0;0;2;0;0;0;0;0;0;0;0;0;-38,549441;-3,752393;;;
270269;14;8;2015;21:30;12521;AV AUGUSTO DOS ANJOS;RUA JULIO BRAGA;;;;Colisão;;;;Duplo T;Não Há Controle;Comercial;0;0;2;0;0;0;0;0;0;0;0;0;-38,576193;-3,776779;;;
270274;14;8;2015;22:09;0;AV FRANCISCO SA;;;;;Colisão;;;;Meio de Quadra;;;0;0;2;0;0;0;0;0;0;0;0;0;;;;;
264281;14;8;2015;12:58;9114;RUA DEP OSWALDO STUDART;AV BORGES DE MELO;;;;Colisão;Luz do Dia;;;Cruz;Semáforo;Comercial;0;0;2;1;0;0;0;0;0;0;0;0;-38,532143;-3,758147;;;
264286;14;8;2015;20:58;0;AV DIOGUINHO;;;;;Colisão;;;;Meio de Quadra;;;0;0;2;0;1;0;0;0;0;1;0;0;;;;;
264279;14;8;2015;12:47;15158;RUA JOSE NAPOLEAO;AV BEIRA MAR;;;;Colisão;Luz do Dia;;;T;Pare;Residencial;0;0;2;1;0;0;0;0;0;0;0;0;-38,490598;-3,724949;;;
255757;14;8;2015;17:40;15177;AV BEIRA MAR;RUA PAULA BARROS;;;;Colisão Traseira;Via Iluminada;Bom;Seca;T;Não Há Controle;Comercial;0;0;2;1;0;0;0;0;0;0;0;0;-38,492479;-3,725755;;;
255752;14;8;2015;11:50;0;RUA DEP OSWALDO STUDART;;;848;;Colisão Traseira;Luz do Dia;Bom;Seca;Meio de Quadra;Não Há Controle;Comercial;0;1;1;0;0;0;0;0;0;1;0;0;-38,531072;-3,756879;;;
255744;14;8;2015;07:10;0;RUA DR GILBERTO STUDART;;;805;;Colisão Lateral;Luz do Dia;Bom;Seca;Meio de Quadra;Não Há Controle;Residencial;0;0;2;1;0;0;0;0;0;1;0;0;-38,481095;-3,743567;;;
255747;14;8;2015;09:10;0;AV ABOLICAO;;;3049;;Choque c/ Obstáculo Fixo;Luz do Dia;Bom;Seca;Meio de Quadra;Não Há Controle;Residencial;0;0;2;0;0;0;1;0;0;0;0;0;-38,492015;-3,726788;;;
265620;14;8;2015;06:39;0;RUA CON DE CASTRO;;;;;Atropelamento;Luz do Dia;;;Meio de Quadra;;;0;1;1;1;0;0;0;0;0;0;0;0;-38,589891;-3,802694;;;
265622;14;8;2015;07:00;12533;RUA MARIA CLARA;AV CEL CARVALHO;;;;Colisão;Luz do Dia;;;Cruz;Pare;Comercial;0;1;1;1;0;0;0;0;0;1;0;0;-38,585818;-3,725382;;;
265629;14;8;2015;10:33;5433;RUA MAJ FACUNDO;RUA METON DE ALENCAR;;;;Colisão;Luz do Dia;;;Cruz;Pare;Comercial;0;1;1;1;0;0;0;0;0;1;0;0;-38,529899;-3,733917;;;
265624;14;8;2015;07:37;0;RUA LAGO AZUL;;;;;Colisão;Luz do Dia;;;Meio de Quadra;;;0;1;1;1;0;0;0;0;0;1;0;0;;;;;
265626;14;8;2015;10:01;0;AV ALBERTO CRAVEIRO;;;;;Capotamento;Luz do Dia;;;Meio de Quadra;;;0;1;0;1;0;0;0;0;0;0;0;0;;;;;
265642;14;8;2015;13:19;12925;AV DOMINGOS OLIMPIO;AV AGUANAMBI;;;;Colisão;Luz do Dia;;;;;;0;1;1;1;0;0;0;0;0;1;0;0;-38,524628;-3,738683;;;
265645;14;8;2015;13:47;9670;RUA OSCAR ARARIPE;RUA ARI MAIA;;;;Colisão;Luz do Dia;;;Cruz;Não Há Controle;Residencial;0;1;0;0;0;0;0;0;0;0;0;0;-38,621576;-3,784266;;;
265646;14;8;2015;15:21;19317;RUA IGUAPE;RUA VENUS;;;;Colisão;Luz do Dia;;;Cruz;Pare;Residencial;0;1;0;0;0;0;0;0;0;0;0;0;-38,571076;-3,775284;;;
265638;14;8;2015;12:59;329;RUA ALEXANDRE BARAUNA;RUA FRANCISCA CLOTILDE;;;;Queda;Luz do Dia;;;Cruz;Pare;Residencial;0;1;0;0;0;0;0;0;0;1;0;0;-38,554975;-3,745033;;;
265634;14;8;2015;10:47;0;AV PERIMETRAL;;;;;Colisão;Luz do Dia;;;Meio de Quadra;;;0;1;1;1;0;0;0;0;0;1;0;0;;;;;
265690;14;8;2015;22:54;0;AV COS GOMES DE FREITAS (SAPIRANGA/COITE);;;;;Colisão;;;;Meio de Quadra;;;0;1;0;0;0;0;0;0;0;0;0;0;;;;;
265682;14;8;2015;20:47;0;RUA DES PRAXEDES;;;;;Colisão;;;;Meio de Quadra;;;0;1;1;1;0;0;0;0;0;0;0;0;-38,552358;-3,757725;;;
265683;14;8;2015;20:57;13402;AV ANTONIO SALES;RUA ILDEFONSO ALBANO;;;;Colisão;;;;Cruz;Não Há Controle;Comercial;0;1;0;0;0;0;0;0;0;0;0;0;-38,515947;-3,741238;;;
265684;14;8;2015;21:29;0;AV GODOFREDO MACIEL;;;;;Colisão;;;;Meio de Quadra;;;0;1;1;1;0;0;0;0;0;1;0;0;;;;;
265660;14;8;2015;17:58;15701;RUA BRAS VIDAL;RUA GUILHERME PESSOA;;;;Colisão;Anoitecer;;;Cruz;Pare;Residencial;0;1;1;1;0;0;0;0;0;1;0;0;-38,484005;-3,827579;;;
265661;14;8;2015;18:13;10044;RUA EMILIO DE MENESES;RUA ANTONIO NERY;;;;Colisão;Anoitecer;;;Cruz;Pare;Comercial;0;1;1;1;0;0;0;0;0;1;0;0;-38,600204;-3,778162;;;
265664;14;8;2015;18:40;1322;AV DOM LUIS;RUA VICENTE LEITE;;;;Colisão;;;;Cruz;Semáforo;Comercial;0;1;0;0;0;0;0;0;0;0;0;0;-38,494467;-3,734197;;;
265665;14;8;2015;18:41;26236;RUA BERNARDO MANUEL;AV DR SILAS MUNGUBA;;;;Atropelamento;;;;;;;0;1;1;0;0;0;0;0;0;1;0;0;-38,547960;-3,787538;;;
265666;14;8;2015;18:51;0;RUA JOSE MESSIAS MATOS;;;;;Atropelamento;;;;Meio de Quadra;;;0;1;1;0;0;0;0;0;0;1;0;0;-38,516427;-3,795833;;;
265667;14;8;2015;20:14;0;RUA ARTUR DE CARVALHO;;;;;Colisão;;;;Meio de Quadra;;;0;1;1;1;0;0;0;0;0;1;0;0;;;;;
265657;14;8;2015;17:14;0;AV CARNEIRO DE MENDONCA;;;;;Colisão;Anoitecer;;;Meio de Quadra;;;0;1;0;0;0;0;0;0;0;0;0;0;-38,576717;-3,759080;;;
265654;14;8;2015;16:38;0;AV DIOGUINHO;;;;;Colisão;Luz do Dia;;;Meio de Quadra;;;0;1;1;1;0;0;0;0;0;1;0;0;-38,450047;-3,747629;;;
265652;14;8;2015;16:29;12872;RUA FLORIANO PEIXOTO;RUA JOAQUIM MAGALHAES;;;;Colisão;Luz do Dia;;;Cruz;Pare;Residencial;0;1;1;1;0;0;0;0;0;1;0;0;-38,530974;-3,738958;;;
259156;14;8;2015;10:20;0;RD BR 116;;;3000;KM-03;Capotamento;Luz do Dia;Bom;Seca;Meio de Quadra;Não Há Controle;Comercial;0;1;0;1;0;0;0;0;0;0;0;0;-38,514372;-3,779838;;;
264199;14;8;2015;12:26;0;RUA MARIA QUINTELA;;;;;Colisão;Luz do Dia;;;Meio de Quadra;;;0;0;2;1;0;0;0;0;0;0;0;0;;;;;
265192;14;8;2015;15:15;11069;RUA EQUADOR;RUA SUECIA;;;;Colisão;Luz do Dia;;;Cruz;Pare;Residencial;0;0;1;1;0;0;0;0;0;0;0;0;-38,557111;-3,784449;;;
255611;14;8;2015;17:30;24993;AV DOM MANUEL;RUA ROCHA LIMA;;;;Colisão Traseira;Anoitecer;Bom;Seca;Cruz;Semáforo;Comercial;0;0;2;1;0;0;0;0;0;0;0;0;-38,523587;-3,735959;;;
259523;14;8;2015;07:30;0;RD CE-040;;;;KM-03;Colisão;Luz do Dia;;Seca;Meio de Quadra;;;0;0;2;1;0;0;0;0;0;0;0;0;-38,481014;-3,783185;;;
259524;14;8;2015;22:30;0;AV SEN CARLOS JEREISSATI (AEROPORTO);;;;KM 01;Colisão;;;Seca;Meio de Quadra;;;0;0;3;1;0;0;0;0;0;0;0;0;-38,520356;-3,783803;;;
256020;14;8;2015;12:30;0;AV ALM HENRIQUE SABOIA;;;;;Colisão Traseira;Luz do Dia;Bom;Seca;Meio de Quadra;Não Há Controle;Comercial;0;1;1;1;0;0;1;0;0;0;0;0;;;;;
255675;14;8;2015;18:00;26211;AV PRS COSTA E SILVA;RUA DO JANGADEIRO;;;;Colisão Transversal;Via Iluminada;Bom;Seca;Cruz;Pare;Comercial;0;0;2;1;0;0;0;0;0;0;0;0;;;;;
255672;14;8;2015;04:00;0;RUA NEREU RAMOS;;;456;;Choque c/ Obstáculo Fixo;Amanhecer;Bom;Seca;Meio de Quadra;Outros;Residencial;0;1;0;1;0;0;0;0;0;0;0;0;-38,570972;-3,785724;;;
255666;14;8;2015;12:15;25096;RUA RODRIGUES JUNIOR;RUA ROCHA LIMA;;;;Colisão Transversal;Luz do Dia;Bom;Seca;Cruz;Pare;Residencial;0;0;2;1;1;0;0;0;0;0;0;0;-38,522475;-3,736320;;;
255667;14;8;2015;12:00;5492;RUA DNA LEOPOLDINA;RUA JAGUARIBARA;;;;Colisão Lateral;Luz do Dia;Bom;Seca;T;Não Há Controle;Residencial;0;0;2;0;0;0;0;0;0;1;0;0;-38,521544;-3,737035;;;
255668;14;8;2015;08:00;0;RUA PDE GUERRA;;;1268;;Colisão Lateral;Luz do Dia;Bom;Seca;Meio de Quadra;Não Há Controle;Comercial;0;0;2;1;0;0;0;0;0;0;0;0;-38,555874;-3,738565;;;
255669;14;8;2015;16:00;19317;RUA VENUS;RUA IGUAPE;;;;Colisão Transversal;Luz do Dia;Bom;Seca;Cruz;Pare;Residencial;0;1;2;1;0;0;0;0;0;1;0;0;-38,571076;-3,775284;;;
255670;14;8;2015;17:30;19009;RUA AVILA GOULART;RUA DES WALDETARIO P MOTA;;;;Colisão Transversal;Anoitecer;Bom;Seca;Cruz;Semáforo;Residencial;0;0;2;1;0;0;0;0;0;0;0;0;-38,479160;-3,734478;;;
255683;14;8;2015;05:45;5421;AV DUQ CAXIAS;AV VIS RIO BRANCO;;;;Colisão Traseira;Luz do Dia;Bom;Seca;Cruz;Semáforo;Comercial;0;0;2;1;0;0;0;0;0;0;0;0;-38,524603;-3,733481;;;
255677;14;8;2015;07:30;23710;AV GAL OSORIO DE PAIVA;RUA DOM HENRIQUE;;;;Colisão Lateral;Luz do Dia;Nublado;Seca;Duplo T;Pare;Comercial;0;0;2;1;1;0;0;0;0;0;0;0;-38,583025;-3,786100;;;
255680;14;8;2015;15:00;17908;AV SGT HERMINIO SAMPAIO;RUA BANVAR BEZERRA;;;;Colisão Lateral;Luz do Dia;Bom;Seca;Cruz;Semáforo;Comercial;0;0;2;1;0;0;0;0;0;0;0;0;-38,580411;-3,731982;;;
255681;14;8;2015;08:20;0;RUA BAR RIO BRANCO;;;1921;;Colisão Traseira;Luz do Dia;Bom;Seca;Meio de Quadra;;Comercial;0;0;2;1;0;0;0;0;0;0;0;0;-38,530985;-3,735001;;;
255685;14;8;2015;12:30;7903;AV ANTONIO SALES;RUA CEL LINHARES;;;;Engavetamento;Luz do Dia;Bom;Seca;Cruz;Pare;Comercial;0;0;3;1;0;0;0;0;0;0;0;0;-38,497481;-3,746964;;;
255700;14;8;2015;10:00;10842;RUA PRO HERIBALDO COSTA;RUA CUIABA;;;;Colisão Lateral;Luz do Dia;Bom;Seca;Cruz;Pare;Residencial;0;0;2;1;0;0;1;0;0;0;0;0;-38,586471;-3,764961;;;
255688;14;8;2015;13:00;25006;RUA BENI DE CARVALHO;RUA LEONARDO MOTA;;;;Colisão Transversal;Luz do Dia;Bom;Seca;Cruz;Semáforo;Residencial;0;0;2;1;0;0;0;0;0;0;0;0;-38,498931;-3,744739;;;
255689;14;8;2015;07:05;10953;RUA ALM RUBIM;RUA DOM CARLOTO TAVORA;;;;Engavetamento;Luz do Dia;Nublado;Seca;Cruz;Pare;Comercial;0;0;3;1;1;0;0;0;0;0;0;0;-38,556269;-3,769820;;;
255656;14;8;2015;01:40;11738;AV LINEU MACHADO;RUA VIS CAUIPE;;;;Choque c/ Obstáculo Fixo;Via Iluminada;Nublado;Seca;Cruz;Não Há Controle;Comercial;0;0;1;0;0;0;0;0;0;0;0;0;-38,581269;-3,774312;;;
255662;14;8;2015;15:45;0;AV JOAO PESSOA;;;;;Colisão Traseira;Luz do Dia;Bom;Seca;Meio de Quadra;Semáforo;Residencial;0;0;3;1;0;0;0;0;0;0;0;0;;;;;
255651;14;8;2015;07:15;22009;RUA TIRADENTES;RUA FRANCISCA CLOTILDE;;;;Colisão Transversal;Luz do Dia;Bom;Seca;Cruz;Pare;Comercial;0;0;2;1;0;0;0;0;0;0;0;0;-38,550861;-3,740470;;;
255652;14;8;2015;18:20;0;RUA BERNARDO MANUEL;;;7941;;Atropelamento;Via Iluminada;Bom;Seca;Meio de Quadra;Não Há Controle;Comercial;0;1;1;0;0;0;0;0;0;1;0;0;-38,548344;-3,788638;;;
255653;14;8;2015;18:40;9153;AV 13 DE MAIO;RUA PAULA RODRIGUES;;;;Colisão Lateral;Via Iluminada;Bom;Seca;T;Semáforo;Comercial;0;0;2;1;1;0;0;0;0;0;0;0;-38,525876;-3,752271;;;
255720;14;8;2015;17:30;0;AV DOMINGOS OLIMPIO;;;1289;;Colisão Traseira;Anoitecer;Bom;Seca;Meio de Quadra;Semáforo;Comercial;0;0;3;1;0;0;0;0;0;0;0;0;-38,535141;-3,735303;;;
255712;14;8;2015;19:45;0;RUA GAL CLARINDO DE QUEIROZ;;;1745;;Colisão Lateral;Via Iluminada;Bom;Seca;Meio de Quadra;Não Há Controle;Comercial;0;0;2;0;0;0;1;0;0;0;0;0;-38,538766;-3,729972;;;
255706;14;8;2015;09:30;17395;RUA ALBERTO MAGNO;RUA TEN MOACIR MATOS;;;;Colisão Lateral;Luz do Dia;Bom;Seca;Cruz;Pare;Comercial;0;0;2;0;0;0;0;1;0;0;0;0;-38,552117;-3,767411;;;
255736;14;8;2015;10:10;1472;RUA TIBURCIO CAVALCANTE;AV PDE ANTONIO TOMAS;;;;Colisão Lateral;Luz do Dia;Bom;Seca;Cruz;Semáforo;Comercial;0;0;2;1;0;0;0;0;0;0;0;0;-38,503547;-3,738950;;;
255729;14;8;2015;07:20;12533;AV CEL CARVALHO;RUA MARIA CLARA;;;;Colisão Transversal;Luz do Dia;Bom;Seca;Cruz;Pare;Comercial;0;0;2;1;0;0;0;0;1;0;0;0;-38,585818;-3,725382;;;
255724;14;8;2015;16:45;9055;AV VIS RIO BRANCO;RUA ARTHUR TEMOTEO;;;;Colisão Lateral;Luz do Dia;Bom;Seca;Cruz;Pare;Comercial;0;0;2;1;0;0;0;0;0;0;0;0;-38,522164;-3,745349;;;
255733;14;8;2015;10:40;5463;RUA DNA LEOPOLDINA;RUA BARBARA DE ALENCAR;;;;Colisão Transversal;Luz do Dia;Bom;Seca;Cruz;Pare;Comercial;0;0;2;1;0;0;0;0;0;0;0;0;-38,521102;-3,735695;;;
255739;15;8;2015;21:30;0;AV ENG SANTANA JUNIOR;;;;;Colisão Lateral;Via Iluminada;Bom;Seca;Meio de Quadra;Não Há Controle;Comercial;0;0;2;1;0;0;0;0;0;0;0;0;;;;;
255735;15;8;2015;10:30;6817;RUA FRANCISCO MATOS;RUA BENTO ALBUQUERQUE;;;;Colisão Transversal;Luz do Dia;Bom;Seca;Cruz;Pare;Residencial;0;1;1;1;1;0;0;0;0;0;0;0;-38,470436;-3,747862;;;
255721;15;8;2015;06:30;25056;RUA ALM JACEGUAI;RUA PESSOA ANTA;;;;Colisão Lateral;Amanhecer;Bom;Seca;Cruz;Semáforo;Comercial;0;0;2;1;1;0;0;0;0;0;0;0;-38,519363;-3,720749;;;
259531;15;8;2015;15:15;0;RD CE-040;;;;KM-07;Colisão;Luz do Dia;;Seca;Meio de Quadra;;;0;0;2;1;0;0;0;0;0;0;0;0;-38,483160;-3,817953;;;
259532;15;8;2015;15:30;0;RD CE-040;;;;KM-09;Colisão;Luz do Dia;;Seca;Meio de Quadra;;;0;0;2;1;0;0;0;0;0;0;0;0;-38,481431;-3,824774;;;
265833;15;8;2015;22:42;21828;RUA DA MANGUEIRA;RUA DNA LUCIA PINHEIRO (QUINTINO CUNHA);;;;Colisão;;;;;;;0;1;1;1;0;0;0;0;0;1;0;0;-38,600628;-3,731251;;;
265840;15;8;2015;22:51;0;AV GAL OSORIO DE PAIVA;;;;;Queda;;;;Meio de Quadra;;;0;1;0;0;0;0;0;0;0;1;0;0;;;;;
265845;15;8;2015;23:20;12834;RUA ANTONIO POMPEU;RUA BAR RIO BRANCO;;;;Colisão;;;;Cruz;Semáforo;Comercial;0;1;0;0;0;0;0;0;0;0;0;0;-38,530891;-3,734707;;;
265843;15;8;2015;22:55;0;RD BR 116;;;;;Queda;;;;Meio de Quadra;;;0;1;0;0;0;0;0;0;0;1;0;0;;;;;
265197;15;8;2015;19:35;0;RUA VALPARAISO;;;;;Colisão;;;;Meio de Quadra;;;0;2;0;1;0;0;0;0;0;1;0;0;-38,519766;-3,846389;;;
255937;15;8;2015;14:30;0;AV PONTES VIEIRA;;;2889;;Colisão Traseira;Luz do Dia;Bom;Seca;Meio de Quadra;Não Há Controle;Residencial;0;0;2;1;0;0;0;0;0;1;0;0;;;;;
265692;15;8;2015;00:14;0;AV WASHINGTON SOARES;;;;;Colisão;;;;Meio de Quadra;;;0;1;1;1;0;0;0;0;0;1;0;0;;;;;
265697;15;8;2015;06:13;0;RUA SGT JOAO PINHEIRO;;;;;Queda;Luz do Dia;;;Meio de Quadra;;;0;1;0;0;0;0;0;0;0;1;0;0;-38,621821;-3,779317;;;
265705;15;8;2015;06:37;0;RUA VITAL BRASIL;;;;;Colisão;Luz do Dia;;;Meio de Quadra;;;0;1;1;1;0;0;0;0;0;1;0;0;-38,596074;-3,778557;;;