COD_ACIDENTE;DIA;MES;ANO;HORA;INTERSECAO;LOG1;LOG2;LOG3;NUMERO;REFERENCIA;NATUREZA;ILUMINACAO;TEMPO;SUPERFICIEPISTA;TIPOCRUZAMENTO;CONTROLETRAFEGO;USOSOLO;MORTOS;FERIDOS;ILESOS;AUTOMOVEL;ONIBUS;BICICLETA;CAMINHAO;MICROONIBUS;CICLOMOTOR;MOTOCICLETA;TRACAOANIMAL;TREM;LONG;LAT;;;
270522;19;8;2015;06:51;0;RUA BERNARDO MANUEL;;;;;Colisão;Luz do Dia;;;Meio de Quadra;;;0;0;2;0;0;0;0;0;0;0;0;0;;;;;
270560;19;8;2015;22:14;17375;RUA ALAN KARDEC;AV JOSE DO PATROCINIO;;;;Atropelamento;;;;Outros;Pare;Comercial;0;0;2;0;0;0;0;0;0;0;0;0;-38,547462;-3,766831;;;
265231;19;8;2015;19:15;0;AV ALBERTO CRAVEIRO;;;2770;CASTELAO;Atropelamento;;;;Meio de Quadra;;;1;0;1;0;0;0;0;0;0;1;0;0;-38,523255;-3,805335;;;
255780;19;8;2015;10:40;1788;RUA CAP HERMINIO;RUA HONORINA MAIA;;;;Colisão Transversal;Luz do Dia;Bom;Seca;Cruz;Pare;Residencial;0;0;2;1;1;0;0;0;0;0;0;0;-38,501574;-3,851092;;;
255781;19;8;2015;07:30;0;RUA PDE PEDRO DE ALENCAR;;;805;;Colisão Traseira;Luz do Dia;Bom;Seca;Meio de Quadra;Semáforo;Residencial;0;0;2;1;0;0;0;0;0;0;0;0;-38,494156;-3,836214;;;
255772;19;8;2015;09:00;15244;RUA DEP MOREIRA DA ROCHA;RUA JOSE VILAR;;;;Colisão Lateral Sentido Oposto;Luz do Dia;Bom;Seca;Cruz;Pare;Residencial;0;0;3;1;0;0;0;0;0;1;0;0;-38,502113;-3,727832;;;
255777;19;8;2015;13:30;15227;AV ABOLICAO;AV DES MOREIRA;;;;Colisão Lateral;;Bom;Seca;Cruz;Semáforo;Comercial;0;0;2;1;1;0;0;0;0;0;0;0;-38,495474;-3,727331;;;
255774;19;8;2015;14:40;19599;RUA NEREU RAMOS;RUA MONACO;;;;Colisão Transversal;Luz do Dia;Bom;Seca;Cruz;Pare;Residencial;0;2;0;1;0;0;0;0;0;0;0;0;-38,569609;-3,786229;;;
255795;19;8;2015;08:20;20129;AV DEP PAULINO ROCHA;RUA POMPILIO GOMES;;;;Colisão Transversal;Luz do Dia;Bom;Seca;Outros;Outros;Misto;0;0;2;1;0;0;0;0;0;0;0;0;-38,519652;-3,810076;;;
255792;19;8;2015;07:10;15219;RUA TEN BENEVOLO;RUA ACARAU;;;;Colisão Lateral;Luz do Dia;Bom;Seca;Duplo T;Pare;Residencial;0;0;3;1;0;0;0;0;0;0;0;0;-38,511861;-3,727114;;;
255789;19;8;2015;13:30;17328;RUA DES PRAXEDES;RUA ANTONIO CORREIA LIMA;;;;Colisão Transversal;Luz do Dia;Bom;Seca;Cruz;Pare;Misto;0;1;1;1;0;0;0;0;0;1;0;0;-38,542197;-3,763245;;;
255797;19;8;2015;09:00;11884;RUA MON CARNEIRO DA CUNHA;RUA EPIFANIO LEITE;;;;Colisão Lateral;Luz do Dia;Bom;Seca;Duplo T;Pare;Misto;0;0;2;1;0;0;0;0;0;0;0;0;;;;;
255798;19;8;2015;07:40;17387;RUA ZACARIAS GONDIM;RUA PRO TEODORICO;;;;Colisão Transversal;Luz do Dia;Bom;Seca;Cruz;Pare;Misto;0;0;2;1;0;0;0;0;0;0;0;0;-38,558121;-3,767080;;;
255833;19;8;2015;22:00;15189;AV ABOLICAO;RUA FRE MANSUETO;;;;Colisão Lateral;Via Iluminada;Bom;Seca;Cruz;Semáforo;Comercial;0;1;1;1;0;0;0;0;0;1;0;0;-38,489324;-3,726368;;;
255840;19;8;2015;10:50;7141;RUA FRANCISCO CALACA;AV PRS CASTELO BRANCO;;;;Colisão Lateral;Luz do Dia;Bom;Seca;Cruz;Pare;Residencial;0;0;2;1;0;0;1;0;0;0;0;0;-38,570498;-3,707642;;;
255841;19;8;2015;15:20;3977;RUA PEDRO MACHADO;RUA ALBERTO MAGNO;;;;Colisão Traseira;Luz do Dia;Bom;Seca;T;Pare;Comercial;0;0;2;1;0;0;0;0;0;0;0;0;-38,544509;-3,758623;;;
255831;19;8;2015;08:00;0;RUA RAIMUNDO NERY;;;587;;Colisão Lateral;Luz do Dia;Bom;Seca;Meio de Quadra;;Residencial;0;0;2;1;0;0;1;0;0;0;0;0;-38,587085;-3,792596;;;
255822;19;8;2015;07:15;0;RUA CAR ARCO VERDE;;;310;;Colisão Lateral;Luz do Dia;Bom;Seca;Meio de Quadra;Outros;Residencial;0;1;1;0;1;1;0;0;0;0;0;0;-38,593229;-3,752599;;;
255823;19;8;2015;16:10;0;AV IMPERADOR;;;454;;Atropelamento;;Bom;Seca;;;;0;1;1;0;0;0;0;1;0;0;0;0;-38,533872;-3,725227;;;
255863;19;8;2015;12:50;320;RUA DOM JOSE LOURENCO  D27;RUA NESTOR BARBOSA;;;;Colisão Transversal;Luz do Dia;Bom;Seca;Cruz;Pare;Residencial;0;1;1;1;0;0;0;0;0;1;0;0;-38,557721;-3,744509;;;
255858;19;8;2015;08:40;25852;RUA MARTINS CARVALHO;RUA A CJ PALMARES (G. LISBOA);;;;Colisão Transversal;Luz do Dia;Bom;Seca;Cruz;Não Há Controle;Comercial;0;1;1;1;0;0;0;0;0;0;0;0;;;;;
255859;19;8;2015;18:35;1534;RUA EDUARDO GARCIA;RUA MON CATAO;;;;Colisão Transversal;Via Iluminada;Bom;Seca;Cruz;Pare;Residencial;0;0;2;1;0;0;0;0;0;0;0;0;-38,491196;-3,740726;;;
255861;19;8;2015;21:10;13659;AV ALM MAXIMIANO DA FONSECA;RUA REV BOLIVAR P BANDEIRA;;;;Colisão;Via Iluminada;Bom;Seca;T;Pare;Residencial;0;1;1;0;0;0;1;0;0;1;0;0;-38,492006;-3,770002;;;
255866;19;8;2015;12:30;7650;AV CARNEIRO DE MENDONCA;RUA BELO HORIZONTE;;;;Colisão Lateral;Luz do Dia;Bom;Seca;Cruz;Pare;Misto;0;0;2;1;0;0;0;1;0;0;0;0;-38,567567;-3,763666;;;
255867;19;8;2015;08:15;9125;RUA MON SALAZAR;RD BR 116;;;;Colisão Traseira;Luz do Dia;Bom;Seca;Outros;Pare;Comercial;0;0;2;1;0;0;0;0;0;0;0;0;-38,521139;-3,757058;;;
255868;19;8;2015;14:00;13771;AV PINTO BANDEIRA D56;RUA LUIZA MIRANDA COELHO;;;;Colisão Transversal;Luz do Dia;Bom;Seca;Cruz;Pare;Residencial;0;1;1;0;0;0;0;0;0;1;0;0;-38,487283;-3,774929;;;
255869;19;8;2015;07:10;7888;AV DES MOREIRA;RUA TOMAS ACIOLI;;;;Colisão Traseira;Luz do Dia;Bom;Seca;Cruz;;Comercial;0;1;1;1;0;0;0;0;0;1;0;0;-38,501963;-3,747526;;;
255870;19;8;2015;08:00;25964;AV GOV PARSIFAL BARROSO;RUA LICURGO MONTENEGRO;;;;Colisão;Luz do Dia;Bom;Seca;Duplo T;Pare;Residencial;0;0;2;1;0;0;0;0;0;0;0;0;-38,568900;-3,734410;;;
255871;19;8;2015;09:30;0;AV DR THEBERGE;;;1778;;Colisão Traseira;Luz do Dia;Bom;Seca;Outros;Semáforo;Residencial;0;0;2;1;0;0;0;0;0;0;0;0;-38,565781;-3,717143;;;
255872;19;8;2015;18:30;25268;RUA JORGE ACURCIO;AV BORGES DE MELO;;;;Colisão Lateral;Mal Iluminada;Bom;Seca;T;Não Há Controle;Comercial;0;0;2;1;0;0;0;0;0;0;0;0;-38,529837;-3,760118;;;
255844;19;8;2015;08:20;9176;AV AGUANAMBI;AV EDUARDO GIRAO;;;;Colisão Lateral;Luz do Dia;Bom;Seca;Rotatória;Semáforo;Outros;0;0;2;0;0;0;1;0;0;0;0;0;-38,523639;-3,755303;;;
255845;19;8;2015;10:40;7949;RUA OSVALDO CRUZ (ALDEOTA);RUA ISAC AMARAL;;;;Colisão Transversal;Luz do Dia;Bom;Seca;Cruz;Pare;Comercial;0;0;2;1;0;0;0;0;0;0;0;0;-38,505756;-3,752487;;;
255837;19;8;2015;19:00;5039;RUA PESSOA ANTA;AV ALBERTO NEPOMUCENO;;;;Colisão Traseira;Via Iluminada;Bom;Seca;Cruz;Semáforo;Comercial;0;0;2;1;0;0;0;0;0;1;0;0;-38,523212;-3,721257;;;
255854;19;8;2015;07:40;0;AV ROGACIANO LEITE;;;;;Colisão Transversal;Luz do Dia;Bom;Seca;Meio de Quadra;Não Há Controle;Comercial;0;2;0;0;0;0;0;0;0;1;0;0;-38,500556;-3,776745;;;
255855;19;8;2015;08:30;17350;RUA BAR SOBRAL;RUA JOAO FIRMINO;;;;Colisão Transversal;Luz do Dia;Bom;Seca;Cruz;Pare;Residencial;0;0;2;1;0;0;0;0;0;0;0;0;-38,556531;-3,765714;;;
264396;19;8;2015;12:26;0;RUA TEN JURANDIR ALENCAR;;;;;Colisão;Luz do Dia;;;Meio de Quadra;;;0;0;2;1;0;0;0;0;0;1;0;0;;;;;
264397;19;8;2015;14:40;0;RUA BAR RIO BRANCO;;;;;Colisão;Luz do Dia;;;Meio de Quadra;;;0;0;2;1;0;0;0;0;0;0;0;0;;;;;
264402;20;8;2015;00:15;18299;RUA JOSE AVELINO;RUA SEN ALMINO;;;;Colisão;;;;Cruz;Pare;Comercial;0;0;2;1;0;0;0;0;0;0;0;0;-38,517954;-3,722476;;;
264403;20;8;2015;08:35;0;AV JOAO PESSOA;;;;;Colisão;Luz do Dia;;;Meio de Quadra;;;0;0;2;1;0;0;1;0;0;0;0;0;;;;;
264404;20;8;2015;10:18;8043;RUA DONDON FEITOSA;RUA JOAO MELO;;;;Colisão;Luz do Dia;;;;;;0;0;2;1;0;0;0;0;0;0;0;0;-38,551992;-3,754068;;;
264405;20;8;2015;11:13;12457;RUA PRO GOMES BRASIL;AV AUGUSTO DOS ANJOS;;;;Colisão;Luz do Dia;;;Cruz;Semáforo;Comercial;0;0;2;1;0;0;0;1;0;0;0;0;-38,570427;-3,770153;;;
264407;20;8;2015;20:02;4613;AV WASHINGTON SOARES;RUA TAB JOAQUIM COELHO;;;;Colisão;;;;T;Pare;Comercial;0;0;2;1;1;0;0;0;0;0;0;0;-38,479883;-3,796971;;;
255816;20;8;2015;13:55;5400;RUA DNA LEOPOLDINA;RUA JOAQUIM DEODATO;;;;Colisão Lateral;Luz do Dia;Bom;Seca;Cruz;Pare;Residencial;0;0;2;1;0;0;0;0;0;0;0;0;-38,519926;-3,732519;;;
255819;20;8;2015;08:20;1477;RUA BAR ARACATI;RUA ROCHA LIMA;;;;Colisão Traseira;Luz do Dia;Nublado;Molhada;Cruz;Pare;Residencial;0;0;2;1;0;0;0;0;0;0;0;0;-38,513919;-3,739093;;;
255814;20;8;2015;12:45;5383;AV DUQ CAXIAS;RUA MAJ FACUNDO;;;;Colisão Transversal;Luz do Dia;Bom;Seca;Cruz;Semáforo;Residencial;0;0;2;1;0;0;0;0;0;0;0;0;-38,529285;-3,731981;;;
255825;20;8;2015;02:10;0;AV ALM HENRIQUE SABOIA;;;3225;;Choque c/ Obstáculo Fixo;Via Iluminada;Bom;Seca;Meio de Quadra;Não Há Controle;Comercial;0;0;1;1;0;0;0;0;0;0;0;0;;;;;
255826;20;8;2015;18:20;25061;AV 13 DE MAIO;RUA COS TRISTAO;;;;Colisão Lateral;Anoitecer;Bom;Seca;Cruz;Semáforo;Comercial;0;1;1;0;1;0;0;0;0;1;0;0;-38,529981;-3,748763;;;
255834;20;8;2015;14:30;0;AV PRS CASTELO BRANCO;;;;;Queda;Luz do Dia;Bom;Seca;Outros;Não Há Controle;Outros;0;1;0;0;0;0;0;0;0;1;0;0;;;;;
255836;20;8;2015;10:50;0;RUA EDUARDO PERDIGAO;;;;;Colisão Transversal;Luz do Dia;Bom;Seca;;;;0;0;2;1;1;0;0;0;0;0;0;0;;;;;
255794;20;8;2015;17:30;9200;RUA JAIME BENEVOLO;RUA DEP JOAO PONTES;;;;Colisão Transversal;Anoitecer;Bom;Seca;Cruz;Pare;Misto;0;2;1;1;0;0;0;0;0;1;0;0;-38,530076;-3,746140;;;
255800;20;8;2015;15:18;1321;RUA MARCOS MACEDO;RUA VICENTE LEITE;;;;Colisão Traseira;Luz do Dia;;;Cruz;Pare;Residencial;0;0;2;1;0;0;0;0;0;0;0;0;-38,494787;-3,735201;;;
255804;20;8;2015;17:00;0;AV GOV RAUL BARBOSA;;;1180;;Colisão Lateral;Anoitecer;Bom;Seca;Meio de Quadra;Não Há Controle;Comercial;0;2;1;1;0;0;0;0;0;1;0;0;-38,506649;-3,761413;;;
255779;20;8;2015;22:00;0;AV JOSE BASTOS;;;2770;;Colisão Traseira;Via Iluminada;Bom;Seca;Meio de Quadra;Outros;Comercial;0;0;2;1;0;0;0;0;0;0;0;0;-38,545302;-3,744882;;;
255787;20;8;2015;20:05;0;AV CHANC EDSON QUEIROZ;;;;;Colisão Traseira;Via Iluminada;Bom;Seca;Meio de Quadra;Não Há Controle;Residencial;0;0;2;1;0;0;0;0;0;0;0;0;;;;;
255784;20;8;2015;04:00;0;AV BEIRA MAR;;;585;;Colisão Traseira;;;;Meio de Quadra;;;0;0;2;1;0;0;0;0;0;0;0;0;;;;;
259160;20;8;2015;09:35;0;RD BR 116;;;7000;KM-07;Colisão Lateral;Luz do Dia;Bom;Seca;Meio de Quadra;Não Há Controle;Comercial;0;1;2;1;0;0;0;0;0;1;0;0;-38,501101;-3,813246;;;
259161;20;8;2015;09:30;0;RD BR 116;;;6000;KM-06;Colisão Transversal;Luz do Dia;Bom;Seca;Meio de Quadra;Não Há Controle;Comercial;0;1;1;1;0;0;0;0;0;1;0;0;-38,503053;-3,804691;;;
255904;20;8;2015;16:10;26077;AV JOSE JATAHY;AV DUQ CAXIAS;;;;Colisão Transversal;Luz do Dia;;;Cruz;Pare;Comercial;0;0;2;0;0;0;0;0;0;1;0;0;;;;;
255897;20;8;2015;18:00;25892;RUA ANSELMO NOGUEIRA;RUA COSMONAUTAS D34;;;;Colisão Transversal;Anoitecer;Bom;Seca;Cruz;Não Há Controle;Residencial;0;1;1;1;0;0;0;0;0;1;0;0;;;;;
255893;20;8;2015;10:30;5258;RUA PEDRO I;RUA PDE MORORO;;;;Colisão Transversal;Luz do Dia;Bom;Seca;Cruz;Pare;Comercial;0;0;2;1;0;0;0;0;0;0;0;0;-38,538290;-3,728123;;;
255882;20;8;2015;10:00;0;AV MON TABOSA;;;777;;Tombamento;Luz do Dia;Bom;Seca;Meio de Quadra;Não Há Controle;Residencial;0;0;3;1;0;0;0;0;0;0;0;0;-38,512553;-3,724019;;;
255888;20;8;2015;09:00;17900;AV SGT HERMINIO SAMPAIO;RUA PDE GUILHERME;;;;Colisão Traseira;Luz do Dia;Bom;Seca;Duplo T;Pare;Misto;0;1;2;1;0;0;0;0;0;0;0;0;-38,578623;-3,731267;;;
255874;20;8;2015;09:00;9150;RUA DOM SEBASTIAO LEME;RUA CEL PERGENTINO FERREIRA;;;;Colisão Lateral;Luz do Dia;Nublado;Seca;Cruz;Pare;Escola;0;0;2;1;0;0;0;0;0;0;0;0;-38,525802;-3,748879;;;
255909;20;8;2015;10:00;1529;RUA JOSE VILAR;RUA BARBARA DE ALENCAR;;;;Colisão Transversal;Luz do Dia;;;Cruz;Pare;Misto;0;0;2;0;0;0;0;0;0;0;0;0;-38,506213;-3,740591;;;
255920;20;8;2015;09:00;13536;AV RUI BARBOSA;RUA JULIO SIQUEIRA;;;;Colisão Transversal;Luz do Dia;Bom;Seca;Cruz;Semáforo;Misto;0;0;2;1;0;0;0;0;0;0;0;0;-38,513332;-3,748103;;;
255930;20;8;2015;10:30;0;RUA TRES MARIAS D39 (MONTESE);;;154;;Colisão Traseira;Luz do Dia;Bom;Seca;Meio de Quadra;Não Há Controle;Comercial;0;0;2;1;0;0;0;0;0;0;0;0;-38,551510;-3,768498;;;
255947;20;8;2015;17:00;0;AV DOS EXPEDICIONARIOS;;;;;Colisão Lateral;Via Iluminada;Bom;Seca;Meio de Quadra;Não Há Controle;Comercial;0;0;3;1;0;0;0;0;0;1;0;0;;;;;
255955;20;8;2015;22:22;15289;AV DES MOREIRA;RUA ANA BILHAR;;;;Colisão Transversal;Via Iluminada;Bom;Seca;Cruz;Semáforo;Residencial;0;1;1;0;0;0;0;0;0;1;0;0;-38,496113;-3,729331;;;
255959;20;8;2015;01:30;0;RUA JOSE MENDONCA;;;461;;Colisão Frontal;Via Iluminada;Bom;Seca;Meio de Quadra;Não Há Controle;Comercial;0;1;1;1;0;0;0;0;0;1;0;0;-38,602410;-3,758341;;;
255960;20;8;2015;18:50;0;AV IMPERADOR;;;1539;;Colisão Lateral;Via Iluminada;Bom;Seca;Meio de Quadra;Semáforo;Comercial;0;0;2;1;0;0;0;0;0;0;0;0;-38,536674;-3,734711;;;
255964;20;8;2015;12:30;5283;AV DOM MANUEL;AV SANTOS DUMONT;;;;Colisão Transversal;Luz do Dia;Bom;Seca;Cruz;Semáforo;Comercial;0;1;1;1;0;0;0;0;0;1;0;0;-38,521250;-3,728774;;;
255965;20;8;2015;14:30;25697;RUA JOAO CORDEIRO;RUA ROCHA LIMA;;;;Colisão Lateral;Luz do Dia;Bom;Seca;Cruz;Pare;Residencial;0;0;2;1;0;0;0;0;0;0;0;0;-38,517275;-3,738000;;;
255969;20;8;2015;20:30;0;AV ANTONIO SALES;;;;CLINICA JORIO DA ESCOSSIA;Colisão Lateral;Via Iluminada;Bom;Seca;Meio de Quadra;Outros;Outros;0;0;2;1;0;0;0;0;0;0;0;0;;;;;
265224;20;8;2015;18:00;15105;AV HIS RAIMUNDO GIRAO;RUA BAR ARACATI;;;;Colisão;Anoitecer;;;T;Não Há Controle;Comercial;0;0;1;1;0;0;0;0;0;0;0;0;-38,508496;-3,722091;;;
265217;20;8;2015;09:00;17388;AV JOAO PESSOA;RUA PRO TEODORICO;;;;Colisão;Luz do Dia;;;Cruz;Pare;Comercial;0;1;0;0;1;0;0;0;0;1;0;0;-38,559530;-3,766574;;;
265220;20;8;2015;09:14;0;AV ROGACIANO LEITE;;;444;;Colisão;Luz do Dia;;;Meio de Quadra;;;0;1;1;0;0;0;0;0;0;1;0;0;-38,493887;-3,762506;;;
265221;20;8;2015;09:56;0;RUA MIGUEL COUTO;;;442;;Colisão;Luz do Dia;;;Meio de Quadra;;;0;1;1;0;0;0;1;0;0;1;0;0;-38,489502;-3,838500;;;
265222;20;8;2015;16:00;0;AV BORGES DE MELO;;;822;POLICIA FEDERAL;Engavetamento;Luz do Dia;;;Meio de Quadra;;;0;1;0;1;0;0;0;0;0;1;0;0;-38,526568;-3,760611;;;
265354;20;8;2015;20:00;0;AV ALBERTO CRAVEIRO;;;;;Choque c/ Obstáculo Fixo;;;;Meio de Quadra;;;1;0;0;0;0;0;0;0;0;1;0;0;;;;;
265468;20;8;2015;23:10;25712;RUA RECANTO TRANQUILO;RUA DR PEDRO WILSON D45;;;;Colisão;Amanhecer;;;Cruz;Pare;Residencial;1;1;0;1;0;0;0;0;0;1;0;0;-38,544977;-3,790151;;;
270564;20;8;2015;09:54;1394;RUA TORRES CAMARA;RUA TIBURCIO CAVALCANTE;;;;Colisão;Luz do Dia;;;Cruz;Semáforo;Comercial;0;0;2;0;0;0;0;0;0;0;0;0;-38,502906;-3,736933;;;
270568;20;8;2015;09:57;19177;RUA BATISTA DE OLIVEIRA;RUA JOAQUIM LIMA;;;;Colisão;Luz do Dia;;;Cruz;Pare;Misto;0;0;2;0;0;0;0;0;0;0;0;0;-38,479209;-3,741498;;;
270570;20;8;2015;10:11;5120;AV MON TABOSA;RUA JOAO CORDEIRO;;;;Colisão;Luz do Dia;;;Cruz;Semáforo;Comercial;0;0;1;0;0;0;0;0;0;0;0;0;-38,512635;-3,724009;;;
270592;20;8;2015;10:55;0;AV WENEFRIDO MELO;;;;;Colisão;Luz do Dia;;;Meio de Quadra;;;0;0;2;0;0;0;0;0;0;0;0;0;;;;;
270587;20;8;2015;10:48;0;RUA DEP MARTINS RODRIGUES;;;;;Colisão;Luz do Dia;;;Meio de Quadra;;;0;0;2;0;0;0;0;0;0;0;0;0;;;;;
270584;20;8;2015;08:15;1696;RUA CAP ARAGAO;RUA ASP MENDES;;;;Colisão;Luz do Dia;;;Cruz;Pare;Residencial;0;0;2;0;0;0;0;0;0;0;0;0;-38,514843;-3,765175;;;
270577;20;8;2015;10:23;1538;AV PDE ANTONIO TOMAS;RUA LEONARDO MOTA;;;;Colisão;Luz do Dia;;;Cruz;Semáforo;Comercial;0;0;2;0;0;0;0;0;0;0;0;0;-38,497662;-3,740811;;;
270603;20;8;2015;16:43;352;RUA PEDRO DE QUEIROZ;RUA XAVIER DE OLIVEIRA;;;;Colisão;Luz do Dia;;;Cruz;Não Há Controle;Residencial;0;0;2;0;0;0;0;0;0;0;0;0;-38,558367;-3,746834;;;
270600;20;8;2015;16:17;0;RUA EMILIO DE MENESES;;;;;Colisão;Luz do Dia;;;Meio de Quadra;;;0;0;2;0;0;0;0;0;0;0;0;0;;;;;
270597;20;8;2015;11:02;0;RUA RIO GRANDE DO SUL;;;;;Colisão;Luz do Dia;;;Meio de Quadra;;;0;0;2;0;0;0;0;0;0;0;0;0;;;;;
270598;20;8;2015;11:04;0;RUA OLIVEIRA SOBRINHO;;;;;Colisão;Luz do Dia;;;Meio de Quadra;;;0;0;2;0;0;0;0;0;0;0;0;0;;;;;
259549;20;8;2015;17:50;0;RD CE-040;;;;KM-12;Colisão;Via Iluminada;;Seca;Meio de Quadra;;;0;0;3;1;0;0;1;0;0;0;0;0;-38,476237;-3,848945;;;
259553;20;8;2015;13:30;0;RD CE-025;;;;KM-01;Colisão;Luz do Dia;;Seca;Meio de Quadra;;;0;0;2;1;0;0;0;0;0;0;0;0;-38,470976;-3,807681;;;
266065;20;8;2015;05:58;0;RUA CARLOS AMORA;;;;;Queda;Amanhecer;;;Meio de Quadra;;;0;1;0;0;0;0;0;0;0;1;0;0;;;;;
266071;20;8;2015;07:15;7211;AV PRS CASTELO BRANCO;AV DR THEBERGE;;;;Atropelamento;Luz do Dia;;;Cruz;Semáforo;Comercial;0;1;1;1;0;0;0;0;0;0;0;0;-38,563456;-3,710079;;;
266072;20;8;2015;07:55;0;AV CASTELO DE CASTRO;;;;;Colisão;Luz do Dia;;;Meio de Quadra;;;0;1;1;1;0;0;0;0;0;1;0;0;-38,521564;-3,833218;;;
266069;20;8;2015;06:43;0;AV PERIMETRAL;;;;;Colisão;Luz do Dia;;;Meio de Quadra;;;0;1;1;1;0;0;0;0;0;1;0;0;;;;;
266075;20;8;2015;08:58;0;AV SGT HERMINIO SAMPAIO;;;;;Colisão;Luz do Dia;;;Meio de Quadra;;;0;1;1;1;0;0;0;0;0;1;0;0;-38,578814;-3,731339;;;
266079;20;8;2015;14:18;0;AV PRS COSTA E SILVA;;;;;Colisão;Luz do Dia;;;Meio de Quadra;;;0;1;1;1;0;0;0;0;0;1;0;0;;;;;
266080;20;8;2015;15:29;10044;RUA ANTONIO NERY;RUA EMILIO DE MENESES;;;;Colisão;Luz do Dia;;;Cruz;Pare;Comercial;0;1;1;1;0;0;0;0;0;1;0;0;-38,600204;-3,778162;;;
266077;20;8;2015;11:21;9168;AV BORGES DE MELO;AV LUCIANO CARNEIRO;;;;Colisão;Luz do Dia;;;Cruz;Semáforo;Residencial;0;1;1;1;0;0;0;0;0;1;0;0;-38,534097;-3,756465;;;
266085;20;8;2015;15:55;0;RUA ARMANDO OLIVEIRA;;;;;Colisão;Luz do Dia;;;Meio de Quadra;;;0;1;1;1;0;0;0;0;0;1;0;0;-38,567530;-3,739285;;;
266087;20;8;2015;16:29;26077;AV DUQ CAXIAS;AV JOSE JATAHY;;;;;Luz do Dia;;;T;Pare;Comercial;0;1;1;1;0;0;0;0;0;1;0;0;;;;;
266090;20;8;2015;16:31;0;RUA PRO HERIBALDO COSTA;;;;;Colisão;Luz do Dia;;;Meio de Quadra;;;0;1;0;0;0;0;0;0;0;0;0;0;-38,584874;-3,761936;;;
266092;20;8;2015;17:14;0;AV ALM HENRIQUE SABOIA;;;;;Colisão;Anoitecer;;;Meio de Quadra;;;0;1;1;0;0;0;0;0;0;1;0;0;;;;;
266096;20;8;2015;23:13;0;RUA DR PEDRO WILSON D45;;;;;Colisão;;;;Meio de Quadra;;;0;1;1;1;0;0;0;0;0;1;0;0;;;;;
266094;20;8;2015;18:07;0;AV PERIMETRAL;;;;;Colisão;Anoitecer;;;;;;0;1;1;1;0;0;0;0;0;1;0;0;;;;;
266124;21;8;2015;02:53;0;RUA MODESTA;;;;;Queda;;;;Meio de Quadra;;;0;1;0;0;0;0;0;0;0;1;0;0;-38,522717;-3,845682;;;
266126;21;8;2015;03:31;0;AV JOAO PESSOA;;;;;Choque c/ Obstáculo Fixo;;;;Meio de Quadra;;;0;1;0;1;0;0;0;0;0;0;0;0;-38,561612;-3,771614;;;
266163;21;8;2015;08:02;0;AV CEL CARVALHO;;;;;Colisão;Luz do Dia;;;Meio de Quadra;;;0;1;1;0;0;0;0;0;0;1;0;0;;;;;
266165;21;8;2015;09:46;0;AV BEZERRA DE MENEZES;;;;;Colisão;Luz do Dia;;;Meio de Quadra;;;0;1;0;0;0;0;0;0;0;0;0;0;;;;;
266166;21;8;2015;14:32;0;RUA CAP OLAVO;;;;;Atropelamento;Luz do Dia;;;Meio de Quadra;;;0;1;1;1;0;0;0;0;0;0;0;0;-38,516005;-3,764871;;;
266167;21;8;2015;14:50;0;RUA BAR RIO BRANCO;;;;;Atropelamento;Luz do Dia;;;Meio de Quadra;;;0;1;1;0;0;0;0;0;0;1;0;0;;;;;
266168;21;8;2015;15:14;0;AV PRS CASTELO BRANCO;;;;;Queda;Luz do Dia;;;Meio de Quadra;;;0;1;0;0;0;0;0;0;0;1;0;0;;;;;
266147;21;8;2015;07:09;0;AV PRS CASTELO BRANCO;;;;;Colisão;Luz do Dia;;;Meio de Quadra;;;0;1;0;0;0;0;0;0;0;1;0;0;-38,522837;-3,722850;;;
266143;21;8;2015;06:45;0;AV JOAO PESSOA;;;;;Colisão;Luz do Dia;;;Meio de Quadra;;;0;1;1;1;0;0;0;0;0;1;0;0;-38,561612;-3,771614;;;
266145;21;8;2015;06:50;0;RUA CEL FRANCISCO ALVES RIBEIRO;;;;;Colisão;Luz do Dia;;;Meio de Quadra;;;0;1;1;1;0;0;0;0;0;1;0;0;-38,509654;-3,831917;;;
259554;21;8;2015;07:30;0;RD CE-040;;;;KM-02;Queda;Luz do Dia;Bom;Seca;Meio de Quadra;;;0;0;1;0;0;0;0;0;0;1;0;0;-38,481598;-3,776479;;;
259559;21;8;2015;16:50;0;RD CE-040;;;;KM-05;Colisão;Luz do Dia;;Seca;Meio de Quadra;;;0;0;2;1;0;0;0;0;0;0;0;0;-38,480349;-3,790876;;;
259560;21;8;2015;21:00;0;RD CE-040;;;;KM-02;Colisão;Via Iluminada;;Seca;Meio de Quadra;;;0;0;2;1;1;0;0;0;0;0;0;0;-38,481598;-3,776479;;;
266196;21;8;2015;19:31;0;AV JOSE LEON;;;;;Colisão;;;;Meio de Quadra;;;0;1;1;1;0;0;0;0;0;1;0;0;;;;;
266202;21;8;2015;23:09;0;AV PERIMETRAL;;;;;Colisão;;;;Meio de Quadra;;;0;1;1;1;0;0;0;0;0;1;0;0;;;;;
266203;21;8;2015;23:40;0;AV CENTRAL CJ CEARA;;;;;Colisão;;;;Meio de Quadra;;;0;1;1;1;0;0;0;0;0;1;0;0;;;;;