COD_ACIDENTE;DIA;MES;ANO;HORA;INTERSECAO;LOG1;LOG2;LOG3;NUMERO;REFERENCIA;NATUREZA;ILUMINACAO;TEMPO;SUPERFICIEPISTA;TIPOCRUZAMENTO;CONTROLETRAFEGO;USOSOLO;MORTOS;FERIDOS;ILESOS;AUTOMOVEL;ONIBUS;BICICLETA;CAMINHAO;MICROONIBUS;CICLOMOTOR;MOTOCICLETA;TRACAOANIMAL;TREM;LONG;LAT;;;
266170;21;8;2015;15:36;0;RUA FLORO BARTOLOMEU;;;;;Atropelamento;Luz do Dia;;;Meio de Quadra;;;0;1;1;0;0;0;0;0;0;1;0;0;-38,509068;-3,760006;;;
266171;21;8;2015;16:41;0;AV GAL OSORIO DE PAIVA;;;;;Atropelamento;Luz do Dia;;;Meio de Quadra;;;0;1;1;0;0;0;0;0;0;1;0;0;;;;;
266172;21;8;2015;18:08;0;RUA NORUEGA;;;;;Colisão;Anoitecer;;;Meio de Quadra;;;0;1;1;1;0;0;0;0;0;1;0;0;-38,565001;-3,790215;;;
266175;21;8;2015;18:11;0;AV DR SILAS MUNGUBA;;;;;Colisão;Anoitecer;;;Meio de Quadra;;;0;1;1;0;0;0;0;0;0;1;0;0;-38,558764;-3,780573;;;
266180;21;8;2015;18:29;0;RUA MARIO MAMEDE;;;;;Colisão;Anoitecer;;;Meio de Quadra;;;0;1;1;1;0;0;0;0;0;1;0;0;-38,531227;-3,749465;;;
270604;21;8;2015;00:19;17361;RUA BAR CANINDE;RUA BAR SOBRAL;;;;Colisão;;;;Cruz;Pare;Misto;0;0;2;0;0;0;0;0;0;0;0;0;-38,555751;-3,766148;;;
270613;21;8;2015;11:02;0;AV DIOGUINHO;;;;;Colisão;Luz do Dia;;;Meio de Quadra;;;0;0;2;0;0;0;0;0;0;0;0;0;;;;;
270607;21;8;2015;00:41;5188;RUA NOGUEIRA ACIOLI;RUA TEN BENEVOLO;;;;Colisão;;;;Cruz;Pare;Residencial;0;0;2;0;0;0;0;0;0;0;0;0;-38,515591;-3,725858;;;
270611;21;8;2015;07:20;12620;RUA COS LAFAYETE;RUA TULIPA;;;;Colisão;Luz do Dia;;;Cruz;Pare;Residencial;0;0;2;0;0;0;0;0;0;0;0;0;-38,580936;-3,718159;;;
270631;21;8;2015;19:11;14974;RUA LOURENCO PESSOA;RUA NORUEGA;;;;Colisão;;;;;;;0;0;2;0;0;0;0;0;0;0;0;0;;;;;
270616;21;8;2015;12:36;0;AV RAD JOSE LIMA VERDE;;;;;Colisão;Luz do Dia;;;Meio de Quadra;;;0;0;2;0;0;0;0;0;0;0;0;0;;;;;
270626;21;8;2015;14:17;19692;RUA AZEVEDO BOLAO;RUA PRO ANACLETO;;;;Colisão;Luz do Dia;;;Cruz;Pare;Residencial;0;0;2;0;0;0;0;0;0;0;0;0;-38,552765;-3,735640;;;
270621;21;8;2015;12:57;0;RUA JUA;;;;;Colisão;Luz do Dia;;;Meio de Quadra;;;0;0;2;0;0;0;0;0;0;0;0;0;;;;;
270623;21;8;2015;12:58;0;TR HILDEBRANDO DE MELO;;;;;Colisão;Luz do Dia;;;Meio de Quadra;;;0;0;2;0;0;0;0;0;0;0;0;0;;;;;
270619;21;8;2015;12:53;0;AV EDILSON B SOARES;;;;;Colisão;Luz do Dia;;;Meio de Quadra;;;0;0;2;0;0;0;0;0;0;0;0;0;;;;;
270644;21;8;2015;22:33;0;RUA BERNARDO MANUEL;;;;;Colisão;;;;Meio de Quadra;;;0;0;2;0;0;0;0;0;0;0;0;0;;;;;
270635;21;8;2015;21:33;0;AV BEZERRA DE MENEZES;;;;;Colisão;;;;Meio de Quadra;;;0;0;2;0;0;0;0;0;0;0;0;0;;;;;
255966;21;8;2015;03:00;19596;RUA NEREU RAMOS;RUA TCHECOSLOVAQUIA;;;;Colisão Transversal;Via Iluminada;Bom;Seca;Cruz;Pare;Comercial;1;1;1;1;0;0;0;0;0;1;0;0;-38,570458;-3,785913;;;
255974;21;8;2015;01:30;25420;AV ALM HENRIQUE SABOIA;RUA PRO SILAS RIBEIRO;;;;Colisão Traseira;Via Iluminada;Bom;Seca;T;Semáforo Intermitente;Comercial;0;0;3;1;0;0;0;0;0;0;0;0;;;;;
255961;21;8;2015;12:30;0;RUA LUIS VIEIRA;;;786;;Colisão Traseira;Luz do Dia;Bom;Seca;Meio de Quadra;Não Há Controle;Comercial;0;0;2;1;0;0;1;0;0;0;0;0;-38,588392;-3,791469;;;
255925;21;8;2015;14:10;0;AV ABOLICAO;;;2900;;Engavetamento;Luz do Dia;Bom;Seca;;;;0;0;3;1;0;0;0;0;0;0;0;0;-38,493317;-3,726989;;;
255941;21;8;2015;15:15;1375;AV SANTOS DUMONT;RUA BARBOSA DE FREITAS;;;;Colisão Traseira;Luz do Dia;Bom;Seca;Cruz;Semáforo;Comercial;0;0;2;0;1;0;0;0;0;0;0;0;-38,497363;-3,736551;;;
255918;21;8;2015;18:10;371;RUA ERICO MOTA;RUA ZEMARIO MAMEDE;;;;Colisão Transversal;Via Iluminada;Bom;Seca;Cruz;Pare;Residencial;0;2;1;1;0;0;0;0;0;1;0;0;-38,560266;-3,748689;;;
255907;21;8;2015;15:10;24943;AV ABOLICAO;AV ALM HENRIQUE SABOIA;;;;Colisão Lateral;Luz do Dia;Bom;Seca;T;Semáforo;Comercial;0;0;2;0;1;0;0;0;0;0;0;0;-38,479798;-3,722615;;;
255913;21;8;2015;20:45;5079;RUA AGAPITO DOS SANTOS;RUA SAO PAULO;;;;Colisão Transversal;Via Iluminada;Bom;Seca;Cruz;Não Há Controle;Residencial;0;2;1;1;0;0;0;0;0;1;0;0;-38,537811;-3,722650;;;
255979;21;8;2015;12:40;0;AV WENEFRIDO MELO;;;141;;Colisão Lateral;Luz do Dia;Bom;Seca;Meio de Quadra;Não Há Controle;Residencial;0;0;2;1;0;0;0;0;0;1;0;0;-38,577902;-3,808851;;;
255984;21;8;2015;15:40;12457;AV AUGUSTO DOS ANJOS;AV SEN FERNANDES TAVORA;;;;Colisão Traseira;Luz do Dia;Bom;Seca;Cruz;Semáforo;Comercial;0;0;2;1;0;0;0;0;0;0;0;0;-38,570427;-3,770153;;;
255883;21;8;2015;17:30;1437;RUA JOAO CARVALHO;RUA SILVA PAULET;;;;Colisão Transversal;Via Iluminada;Bom;Seca;Cruz;Pare;Escola;0;0;2;1;0;0;0;0;0;0;0;0;-38,506557;-3,737966;;;
255890;21;8;2015;06:30;0;RUA ALVES RIBEIRO;;;;;Colisão Transversal;Luz do Dia;Bom;Seca;Meio de Quadra;Não Há Controle;Residencial;0;1;1;1;0;0;0;0;0;1;0;0;-38,497962;-3,821480;;;
255892;21;8;2015;06:40;19753;RUA ERICO MOTA;RUA AZEVEDO BOLAO;;;;Colisão Transversal;Luz do Dia;Bom;Seca;Cruz;Pare;Residencial;0;1;2;1;0;0;0;0;0;1;0;0;-38,562522;-3,737645;;;
255899;21;8;2015;18:00;5392;RUA PINTO MADEIRA;RUA NOGUEIRA ACIOLI;;;;Colisão Transversal;Via Iluminada;Bom;Seca;Cruz;Pare;Misto;0;0;2;1;0;0;0;0;0;0;0;0;-38,517559;-3,732292;;;
255887;21;8;2015;14:00;9153;AV 13 DE MAIO;RUA PAULA RODRIGUES;;;;Engavetamento;Luz do Dia;Bom;Seca;;Semáforo;Comercial;0;0;3;1;0;0;0;0;0;0;0;0;-38,525876;-3,752271;;;
255842;21;8;2015;08:00;0;AV VIS RIO BRANCO;;;3806;;Colisão Lateral;Luz do Dia;Bom;Molhada;Meio de Quadra;Não Há Controle;Comercial;0;0;3;0;0;0;0;0;0;1;0;0;-38,520276;-3,754589;;;
255830;21;8;2015;15:30;0;AV AGUANAMBI;;;46;;Colisão Lateral;Luz do Dia;Bom;Seca;Meio de Quadra;Não Há Controle;Comercial;0;0;2;1;0;0;1;0;0;0;0;0;-38,524239;-3,737660;;;
255839;21;8;2015;18:40;0;RUA ASSUNCAO;;;1450;;Colisão Lateral;Anoitecer;Bom;Seca;Meio de Quadra;Não Há Controle;Residencial;0;0;2;1;0;0;0;0;0;0;0;0;-38,531250;-3,742314;;;
255857;21;8;2015;19:30;22109;RUA MON FURTADO;RUA GUSTAVO BRAGA;;;;Colisão Transversal;Via Iluminada;Bom;Seca;Cruz;Não Há Controle;Residencial;0;1;1;1;0;1;0;0;0;0;0;0;-38,553203;-3,750477;;;
255852;21;8;2015;18:20;13731;RUA REV BOLIVAR P BANDEIRA;RUA LUIZA MIRANDA COELHO;;;;Colisão Transversal;Luz do Dia;Bom;Material Derrapante;Rotatória;Dê Preferência;Residencial;0;1;1;1;0;0;0;0;0;1;0;0;-38,493165;-3,773169;;;
255853;21;8;2015;08:40;0;AV PONTES VIEIRA;;;662;;Colisão Traseira;Luz do Dia;Bom;Seca;Meio de Quadra;Não Há Controle;Comercial;0;0;2;1;0;0;0;0;0;0;0;0;-38,515177;-3,752922;;;
255846;21;8;2015;16:30;0;AV LUCIANO CARNEIRO;;;;;Colisão Traseira;Luz do Dia;Bom;Seca;Meio de Quadra;Não Há Controle;Comercial;0;0;2;1;0;0;0;0;0;0;0;0;;;;;
255847;21;8;2015;09:20;19540;RUA CASIMIRO DE ABREU;RUA JULIO GASPAR;;;;Colisão Transversal;Luz do Dia;Bom;Seca;Cruz;Pare;Residencial;0;1;2;1;1;0;0;0;0;0;0;0;-38,563108;-3,782426;;;
255865;21;8;2015;08:00;15120;RUA ANTONIO AUGUSTO;RUA DR ATUALPA BARBOSA LIMA (P. IRACEMA);;;;Colisão Lateral;Luz do Dia;Bom;Seca;Cruz;Pare;Residencial;0;0;2;1;0;0;0;0;0;0;0;0;-38,511198;-3,723259;;;
264408;21;8;2015;20:35;0;AV PRS COSTA E SILVA;;;;;Colisão;;;;Meio de Quadra;;;0;0;2;1;0;0;0;0;0;0;0;0;;;;;
264410;22;8;2015;00:02;0;RUA SEBASTIAO DE ABREU;;;;;Colisão;;;;Meio de Quadra;;;0;0;2;1;0;0;0;0;0;0;0;0;;;;;
264412;22;8;2015;01:36;0;RUA ZACARIAS GONDIM;;;;;Colisão;;;;Meio de Quadra;;;0;0;2;1;0;0;0;0;0;0;0;0;;;;;
255848;22;8;2015;18:40;22147;RUA PAPI JUNIOR;RUA GUSTAVO BRAGA;;;;Colisão Lateral;Anoitecer;Bom;Seca;Cruz;Não Há Controle;Residencial;0;2;1;1;0;0;0;0;0;1;0;0;-38,554656;-3,749148;;;
255849;22;8;2015;08:20;1250;RUA COSTA BARROS;AV BAR STUDART;;;;Colisão Lateral;Luz do Dia;Nublado;Molhada;Cruz;Semáforo;Comercial;0;0;3;1;0;0;0;0;0;0;0;0;-38,505837;-3,732231;;;
255850;22;8;2015;09:00;8936;AV DOMINGOS OLIMPIO;RUA PRC ISABEL;;;;Colisão Transversal;Luz do Dia;Bom;Seca;Cruz;Semáforo;Comercial;0;0;3;1;0;0;0;0;0;1;0;0;-38,537790;-3,734438;;;
255851;22;8;2015;10:30;3876;AV DA UNIVERSIDADE;RUA JOAQUIM MAGALHAES;;;;Colisão Lateral;Luz do Dia;Bom;Seca;T;Pare;Comercial;0;0;2;1;0;0;0;0;0;0;0;0;-38,535589;-3,737079;;;
255838;22;8;2015;17:00;1381;AV HERACLITO GRACA;RUA ILDEFONSO ALBANO;;;;Colisão Traseira;Luz do Dia;Bom;Seca;Duplo T;Semáforo;Residencial;0;0;2;1;0;0;0;0;0;0;0;0;-38,514339;-3,736795;;;
255856;22;8;2015;14:10;6756;AV ANTONIO SALES;AV ENG SANTANA JUNIOR;;;;Colisão Traseira;Luz do Dia;Bom;Seca;Outros;Outros;Residencial;0;0;2;1;0;0;0;0;0;0;0;0;-38,490039;-3,749257;;;
255862;22;8;2015;06:30;13177;AV I CJ JOSE WALTER;AV D CJ JOSE WALTER;;;;Colisão Transversal;Luz do Dia;Bom;Molhada;Rotatória;Dê Preferência;Residencial;0;0;3;1;0;0;0;0;0;1;0;0;-38,552957;-3,832440;;;
255860;22;8;2015;07:00;5109;AV ALBERTO NEPOMUCENO;RUA DR JOAO MOREIRA;;;;Colisão Transversal;Luz do Dia;Bom;Molhada;Cruz;Semáforo;Comercial;0;1;1;1;0;0;0;0;0;1;0;0;-38,524608;-3,723737;;;
255864;22;8;2015;07:40;26177;RUA BERNARDO MANUEL;RUA H CJ MONTENEGRO I;;;;Engavetamento;Luz do Dia;Bom;Seca;T;Pare;Residencial;0;0;3;0;0;0;0;0;0;1;0;0;;;;;
255832;22;8;2015;07:00;25149;RUA MON CATAO;AV DOM LUIS;;;;Colisão Lateral;Luz do Dia;Nublado;Molhada;Duplo T;Pare;Comercial;0;0;2;1;1;0;0;0;0;0;0;0;-38,489602;-3,735758;;;
255843;22;8;2015;15:30;14511;RUA ADELIA FEIJO;RUA INES BRASIL;;;;Colisão Transversal;Luz do Dia;Bom;Seca;Cruz;Pare;Comercial;0;0;2;1;0;0;0;1;0;0;0;0;-38,518970;-3,803544;;;
255835;22;8;2015;13:00;0;RUA GAL ONOFRE;;;86;;Colisão Transversal;Luz do Dia;Bom;Seca;Meio de Quadra;Pare;Residencial;0;0;2;1;0;0;0;0;0;1;0;0;-38,572978;-3,807327;;;
255902;22;8;2015;13:40;0;AV ABOLICAO;;;3808;;Colisão Frontal;Luz do Dia;Bom;Seca;Meio de Quadra;;Comercial;0;0;2;1;0;0;0;0;0;0;0;0;-38,485388;-3,725616;;;
255900;22;8;2015;16:00;0;RUA ANTONIO POMPEU;;;1230;;Colisão Traseira;Luz do Dia;Bom;Seca;Meio de Quadra;Semáforo;Comercial;0;0;2;1;0;0;0;0;0;0;0;0;-38,535010;-3,733413;;;
255894;22;8;2015;08:00;19437;AV DR SILAS MUNGUBA;RUA CASIMIRO DE ABREU;;;;Colisão Transversal;Luz do Dia;Chuva;Seca;T;Semáforo;Misto;0;0;2;1;0;0;0;0;0;0;0;0;-38,560637;-3,779395;;;
255898;22;8;2015;07:10;0;AV JOAO PESSOA;;;6600;;Colisão Lateral;Luz do Dia;Chuva;Molhada;Meio de Quadra;Não Há Controle;Comercial;1;0;2;0;1;0;0;0;0;1;0;0;-38,559916;-3,767508;;;
255884;22;8;2015;12:30;11293;RUA ROSA CRUZ;RUA LEON GRADVOHL;;;;Colisão Lateral;Luz do Dia;Bom;Seca;Cruz;Não Há Controle;Residencial;0;1;1;0;0;0;0;0;0;1;0;0;-38,567025;-3,798812;;;
255880;22;8;2015;15:45;17350;RUA JOAO FIRMINO;RUA BAR SOBRAL;;;;Colisão Transversal;Luz do Dia;Bom;Seca;Cruz;Pare;Residencial;0;0;2;1;0;0;0;0;0;1;0;0;-38,556531;-3,765714;;;
255889;22;8;2015;14:30;0;AV SANTOS DUMONT;;;6021;;Colisão Traseira;Luz do Dia;Bom;Seca;Meio de Quadra;Não Há Controle;Comercial;0;0;2;1;0;0;0;0;0;0;0;0;-38,477907;-3,742821;;;
255886;22;8;2015;02:00;5504;RUA PDE VALDEVINO;RUA JOAO CORDEIRO;;;;Colisão Transversal;Via Iluminada;Bom;Molhada;Cruz;Semáforo;Residencial;0;0;2;1;0;0;0;0;0;0;0;0;-38,517550;-3,738896;;;
255911;22;8;2015;20:30;15144;AV MON TABOSA;AV RUI BARBOSA;;;;Colisão Transversal;Via Iluminada;Bom;Seca;Cruz;Pare;Comercial;0;0;2;1;0;0;0;0;0;0;0;0;-38,505696;-3,724441;;;
255917;22;8;2015;11:00;7903;AV ANTONIO SALES;RUA CEL LINHARES;;;;Colisão Transversal;Luz do Dia;Bom;Seca;;Semáforo;Comercial;0;0;2;1;0;0;0;0;0;0;0;0;-38,497481;-3,746964;;;
255923;22;8;2015;10:00;0;RUA RAUL CABRAL;;;;;Colisão Traseira;Luz do Dia;Bom;Seca;Meio de Quadra;Não Há Controle;Comercial;0;0;2;1;0;0;0;0;0;0;0;0;;;;;
255934;22;8;2015;18:40;15374;AV DOM LUIS;RUA FREDERICO BORGES;;;;Colisão Lateral;Via Iluminada;Bom;Seca;Cruz;Semáforo;Comercial;0;0;2;1;0;0;0;0;0;0;0;0;-38,489136;-3,735890;;;
255928;22;8;2015;09:00;0;AV JOAO PESSOA;;;6933;;Colisão Traseira;Luz do Dia;Nublado;Molhada;Meio de Quadra;Não Há Controle;Residencial;0;0;2;1;0;0;0;0;0;1;0;0;-38,561088;-3,770339;;;
255956;22;8;2015;05:00;0;AV PRS COSTA E SILVA;;;4677;CHESF;Choque c/ Obstáculo Fixo;Amanhecer;Chuva;Molhada;Meio de Quadra;Outros;Rural;1;0;0;0;0;0;0;0;0;1;0;0;-38,538498;-3,825895;;;
255957;22;8;2015;07:50;0;AV HERACLITO GRACA;;;148;;Engavetamento;Luz do Dia;Nublado;Molhada;Meio de Quadra;Semáforo;Comercial;0;0;2;1;0;0;0;0;0;0;0;0;-38,523030;-3,733988;;;
255958;22;8;2015;07:00;0;AV GAL OSORIO DE PAIVA;;;528;;Colisão Transversal;Luz do Dia;Nublado;Seca;Meio de Quadra;Não Há Controle;Escola;0;0;2;1;0;0;0;0;0;0;0;0;-38,567253;-3,776111;;;
255949;22;8;2015;08:00;5334;RUA DNA LEOPOLDINA;RUA FRANKLIN TAVORA;;;;Colisão Lateral;Luz do Dia;Nublado;Seca;Cruz;Pare;Comercial;0;0;2;1;1;0;0;0;0;0;0;0;-38,519361;-3,730619;;;
255944;22;8;2015;03:00;24337;RUA ABELARDO MARINHO;RUA JORGE ACURCIO;;;;Colisão Transversal;Via Iluminada;Bom;Seca;Cruz;Pare;Residencial;0;1;2;1;0;0;0;0;0;0;0;0;-38,531070;-3,764071;;;
255946;22;8;2015;09:00;0;RUA VALMIR PONTES;;;;;Colisão Lateral;Luz do Dia;Bom;Seca;T;Não Há Controle;Escola;0;0;2;1;0;0;0;0;0;0;0;0;;;;;
255954;22;8;2015;17:05;0;RUA DEP MOREIRA DA ROCHA;;;41;;Colisão Traseira;Luz do Dia;Bom;Seca;Meio de Quadra;Outros;Comercial;0;0;3;1;0;0;0;0;0;0;0;0;-38,512904;-3,726539;;;
255952;22;8;2015;19:28;0;RUA CARLOS JEREISSATI (JD DAS OLIVEIRAS);;;668;;Atropelamento;;Bom;Seca;Meio de Quadra;;Lazer;0;1;1;0;0;0;0;0;0;1;0;0;-38,497528;-3,787055;;;
259163;22;8;2015;08:00;0;RD BR 116;;;5000;KM-05;Colisão Lateral;Luz do Dia;Bom;Seca;Meio de Quadra;Não Há Controle;Comercial;0;0;2;1;1;0;0;0;0;0;0;0;-38,506787;-3,796502;;;
259166;22;8;2015;13:20;0;RD BR 116;;;1000;KM-01;Colisão Traseira;Luz do Dia;Bom;Seca;Meio de Quadra;Não Há Controle;Comercial;0;0;4;1;0;0;0;0;0;0;0;0;-38,518702;-3,762554;;;
259171;22;8;2015;16:00;0;RD BR 116;;;5000;KM-05;Queda;Luz do Dia;Bom;Seca;Meio de Quadra;Não Há Controle;Comercial;0;1;0;0;0;0;0;0;0;0;0;0;-38,506787;-3,796502;;;
259172;22;8;2015;16:10;0;RD BR 116;;;16000;KM-16;Outros;Luz do Dia;Bom;Seca;Meio de Quadra;Não Há Controle;Comercial;0;0;1;1;0;0;0;0;0;0;0;0;;;;;
259174;22;8;2015;18:30;0;RD BR 116;;;3000;KM-03;Queda;Anoitecer;Bom;Seca;Meio de Quadra;Não Há Controle;Comercial;0;1;0;0;0;0;0;0;0;1;0;0;-38,514372;-3,779838;;;
270650;22;8;2015;06:32;0;AV JOAO PESSOA;;;;;Colisão;Luz do Dia;;;Meio de Quadra;;;0;0;2;0;0;0;0;0;0;0;0;0;;;;;
270651;22;8;2015;07:53;0;RUA JOSE AVELINO;;;;;Colisão;Luz do Dia;;;Meio de Quadra;;;0;0;2;0;0;0;0;0;0;0;0;0;;;;;
270661;22;8;2015;09:50;0;RUA PRIMEIRO DE ABRIL;;;;;Colisão;Luz do Dia;;;;;;0;0;2;0;0;0;0;0;0;0;0;0;;;;;
270670;22;8;2015;15:01;21541;RUA SAO FIDELIS D71;RUA TULIPA NEGRA;;;;Colisão;Luz do Dia;;;;;;0;0;2;0;0;0;0;0;0;0;0;0;-38,593467;-3,822364;;;
270671;22;8;2015;18:47;571;RUA SILVIO ROMERO;RUA COELHO NETO;;;;Colisão;;;;Cruz;Não Há Controle;Residencial;0;0;2;0;0;0;0;0;0;0;0;0;-38,570252;-3,718451;;;
270673;22;8;2015;19:56;0;AV JOSE JATAHY;;;;;Atropelamento;;;;Meio de Quadra;;;0;0;2;0;0;0;0;0;0;0;0;0;;;;;
270666;22;8;2015;12:11;12643;RUA ALBERTO FERREIRA;RUA GUILHERME MENDES;;;;Colisão;Luz do Dia;;;Cruz;Pare;Residencial;0;0;2;0;0;0;0;0;0;0;0;0;-38,583132;-3,721019;;;
270667;22;8;2015;14:31;0;AV SORIANO ALBUQUERQUE;;;;;Colisão;Luz do Dia;;;Meio de Quadra;;;0;0;2;0;0;0;0;0;0;0;0;0;;;;;
270684;22;8;2015;22:23;25754;RUA ATILANO MOURA;RUA AUGUSTO J BENEVIDES;;;;Choque c/ Obstáculo Fixo;;;;;;;0;0;1;0;0;0;0;0;0;0;0;0;;;;;
270685;22;8;2015;22:23;0;RUA 818 CJ CEARA;;;;;Choque c/ Obstáculo Fixo;;;;Meio de Quadra;;;0;0;1;0;0;0;0;0;0;0;0;0;;;;;
270663;22;8;2015;10:13;0;RUA MARIA JOSE DE SOUSA;;;;;Atropelamento;Luz do Dia;;;Meio de Quadra;;;0;0;2;0;0;0;0;0;0;0;0;0;;;;;
270664;22;8;2015;11:54;0;RUA PARAGUACU D45;;;;;;Luz do Dia;;;Meio de Quadra;;;0;0;2;0;0;0;0;0;0;0;0;0;;;;;
270688;22;8;2015;22:40;13076;AV B CJ JOSE WALTER;AV I CJ JOSE WALTER;;;;Colisão;;;;T;Não Há Controle;Residencial;0;0;2;0;0;0;0;0;0;0;0;0;-38,551546;-3,827806;;;
270689;22;8;2015;22:45;7923;AV GOV RAUL BARBOSA;RUA ISAC AMARAL;;;;Colisão;;;;;Semáforo;Comercial;0;0;2;0;0;0;0;0;0;0;0;0;-38,503726;-3,753019;;;
270691;22;8;2015;23:05;9140;AV FELINO BARROSO;RUA PDE BARBOSA DE JESUS;;;;Colisão;;;;;;;0;0;2;0;0;0;0;0;0;0;0;0;-38,527957;-3,749106;;;
270692;22;8;2015;23:25;9612;RUA SGT JOAO PINHEIRO;RUA OSCAR ARARIPE;;;;Colisão;;;;Cruz;Pare;Comercial;0;0;2;0;0;0;0;0;0;0;0;0;-38,623073;-3,783833;;;
270694;22;8;2015;23:35;2116;AV PRS CASTELO BRANCO;AV RAD JOSE LIMA VERDE;;;;Colisão;;;;Outros;Pare;Misto;0;0;2;0;0;0;0;0;0;0;0;0;-38,588134;-3,699825;;;
270695;22;8;2015;23:54;15258;RUA PEREIRA FILGUEIRAS;RUA ANTONIO AUGUSTO;;;;Colisão;;;;Cruz;Pare;Comercial;0;0;2;0;0;0;0;0;0;0;0;0;-38,512866;-3,728380;;;
265362;22;8;2015;08:40;0;RD CE-040;;;;KM-12;Choque c/ Obstáculo Fixo;Luz do Dia;;;Meio de Quadra;;;0;1;0;1;0;0;0;0;0;0;0;0;-38,476237;-3,848945;;;
266206;22;8;2015;03:26;0;RUA DR ATUALPA (V. ELERY);;;;;Queda;;;;Meio de Quadra;;;0;1;0;0;0;0;0;0;0;1;0;0;;;;;
266210;22;8;2015;05:46;0;AV JOAO PESSOA;;;;;Colisão;Amanhecer;;;Meio de Quadra;;;0;1;1;0;0;0;0;0;0;1;0;0;-38,552098;-3,755381;;;
266211;22;8;2015;07:18;0;RD BR 116;;;;;Queda;Luz do Dia;;;Meio de Quadra;;;0;1;0;0;0;0;0;0;0;1;0;0;;;;;
266212;22;8;2015;09:35;0;RUA PRO HERIBALDO COSTA;;;;;Colisão;Luz do Dia;;;Meio de Quadra;;;0;1;1;1;0;0;0;0;0;1;0;0;-38,583296;-3,758942;;;
266213;22;8;2015;09:44;0;RUA DES HERMES PARAHYBA;;;;;Queda;Luz do Dia;;;Meio de Quadra;;;0;1;0;0;0;0;0;0;0;1;0;0;-38,593708;-3,712485;;;
266214;22;8;2015;09:57;0;RUA AMARO JOSE DE SOUZA;;;;;Atropelamento;Luz do Dia;;;Meio de Quadra;;;0;1;1;1;0;0;0;0;0;0;0;0;-38,566988;-3,825649;;;
266215;22;8;2015;12:05;0;RUA GUILHERME MENDES;;;;;Colisão;Luz do Dia;;;Meio de Quadra;;;0;1;1;0;0;0;0;0;0;1;0;0;-38,583050;-3,721025;;;
266208;22;8;2015;03:28;0;RUA GEORGE ROCHA;;;;;Queda;;;;Meio de Quadra;;;0;1;0;0;0;0;0;0;0;1;0;0;;;;;
266287;22;8;2015;13:05;11020;RUA GERMANO FRANCK;RUA AJURAMA;;;;Colisão;Luz do Dia;;;T;Semáforo;Residencial;0;1;1;1;0;0;0;0;0;1;0;0;-38,557982;-3,773829;;;
266315;22;8;2015;16:15;0;RD BR 116;;;4000;KM-04;Queda;Luz do Dia;;;Meio de Quadra;;;0;1;0;0;0;0;0;0;0;1;0;0;-38,510646;-3,788331;;;
266319;22;8;2015;16:40;3242;RUA PRIMEIRO DE MAIO D34;RUA JOSE ARISTOTELES GONDIM;;;;Colisão;Luz do Dia;;;Cruz;Pare;Residencial;0;1;1;1;0;0;0;0;0;1;0;0;-38,586280;-3,783524;;;
266305;22;8;2015;15:52;12849;RUA SALDANHA MARINHO;RUA ASSUNCAO;;;;Colisão;Luz do Dia;;;Cruz;Pare;Residencial;0;1;1;1;0;0;0;0;0;1;0;0;-38,531231;-3,742314;;;
266296;22;8;2015;14:03;12620;RUA COS LAFAYETE;RUA TULIPA;;;;Colisão;Luz do Dia;;;Cruz;Pare;Residencial;0;1;1;0;0;0;0;0;0;1;0;0;-38,580936;-3,718159;;;
266301;22;8;2015;15:49;0;RUA GAL SAMPAIO;;;;;Colisão;Luz do Dia;;;Meio de Quadra;;;0;1;1;0;0;0;0;0;0;1;0;0;;;;;
266298;22;8;2015;15:01;17428;RUA CESAR ROSSAS;RUA ALBERTO MAGNO;;;;Colisão;Luz do Dia;;;Cruz;Semáforo;Comercial;0;1;1;1;0;0;0;0;0;1;0;0;-38,552686;-3,768561;;;
266299;22;8;2015;15:14;0;AV VIS RIO BRANCO;;;;;Colisão;Luz do Dia;;;Meio de Quadra;;;0;1;1;1;0;0;0;0;0;1;0;0;;;;;
266294;22;8;2015;13:16;0;AV DR SILAS MUNGUBA;;;;;Colisão;Luz do Dia;;;Meio de Quadra;;;0;1;1;1;0;0;0;0;0;1;0;0;-38,546127;-3,788347;;;
266378;22;8;2015;01:50;0;RUA JULIO BRAGA;;;;;Colisão;;;;Meio de Quadra;;;0;1;1;1;0;0;0;0;0;0;0;0;;;;;
266372;22;8;2015;00:34;10404;AV D CJ CEARA;AV E CJ CEARA;;;;Colisão;;;;Y;Pare;Residencial;0;1;1;1;0;0;0;0;0;1;0;0;-38,603746;-3,759930;;;
266360;22;8;2015;19:13;21883;RUA DEP MATOSO FILHO;RUA EMILIA GONCALVES;;;;Colisão;;;;Cruz;Pare;Residencial;0;1;1;1;0;0;0;0;0;1;0;0;-38,592575;-3,733400;;;
266365;22;8;2015;20:41;0;AV ODILON GUIMARAES;;;;;Queda;;;;Meio de Quadra;;;0;1;0;0;0;0;0;0;0;1;0;0;-38,470040;-3,816007;;;
266366;22;8;2015;21:30;6817;RUA FRANCISCO MATOS;RUA BENTO ALBUQUERQUE;;;;Colisão;;;;Cruz;Pare;Residencial;0;1;1;1;0;0;0;0;0;1;0;0;-38,470436;-3,747862;;;