COD_ACIDENTE;DIA;MES;ANO;HORA;INTERSECAO;LOG1;LOG2;LOG3;NUMERO;REFERENCIA;NATUREZA;ILUMINACAO;TEMPO;SUPERFICIEPISTA;TIPOCRUZAMENTO;CONTROLETRAFEGO;USOSOLO;MORTOS;FERIDOS;ILESOS;AUTOMOVEL;ONIBUS;BICICLETA;CAMINHAO;MICROONIBUS;CICLOMOTOR;MOTOCICLETA;TRACAOANIMAL;TREM;LONG;LAT;;;
266362;22;8;2015;20:10;19695;RUA CRUZ SALDANHA;RUA AZEVEDO BOLAO;;;;Colisão;;;;Cruz;Não Há Controle;Residencial;0;1;0;1;0;0;0;0;0;0;0;0;-38,553848;-3,735858;;;
266352;22;8;2015;18:13;4612;AV OLIVEIRA PAIVA;AV WASHINGTON SOARES;;;;Queda;Anoitecer;;;;;;0;1;0;0;0;0;0;0;0;1;0;0;-38,479908;-3,795695;;;
266357;22;8;2015;18:52;0;RD BR 116;;;;;Queda;;;;Meio de Quadra;;;0;1;0;0;0;0;0;0;0;1;0;0;;;;;
266313;22;8;2015;16:10;0;AV GAL OSORIO DE PAIVA;;;;;Colisão;Luz do Dia;;;Meio de Quadra;;;0;1;0;0;0;0;0;0;0;0;0;0;-38,605198;-3,807958;;;
266325;22;8;2015;17:01;0;AV ALM HENRIQUE SABOIA;;;;;Queda;Anoitecer;;;Meio de Quadra;;;0;1;0;0;0;0;0;0;0;1;0;0;-38,488299;-3,741681;;;
259565;22;8;2015;08:35;0;AV SEN CARLOS JEREISSATI (AEROPORTO);;;;KM 01;Colisão;Luz do Dia;;Seca;Meio de Quadra;;;0;0;2;1;0;0;0;0;0;0;0;0;-38,520356;-3,783803;;;
259566;22;8;2015;22:30;0;RD CE-065;;;;KM-03;Colisão;Via Iluminada;;Seca;Meio de Quadra;;;0;0;2;1;0;0;0;0;0;1;0;0;;;;;
259217;22;8;2015;07:00;0;RD BR 222;;;;KM-01;Colisão Traseira;Luz do Dia;Bom;Seca;Meio de Quadra;Não Há Controle;Comercial;1;0;1;1;0;0;0;0;0;0;0;0;-38,577952;-3,737774;;;
257667;22;8;2015;09:30;0;RUA DEMETRIO MENEZES;;;1861;TERM. ANTONIO BEZERRA;Colisão Transversal;Luz do Dia;Bom;Seca;Meio de Quadra;Não Há Controle;Comercial;0;0;2;1;1;0;0;0;0;0;0;0;-38,584051;-3,736655;;;
266444;23;8;2015;05:40;0;AV DEP PAULINO ROCHA;;;;;Colisão;Amanhecer;;;Meio de Quadra;;;0;1;1;1;0;0;0;0;0;1;0;0;;;;;
266448;23;8;2015;07:05;0;RUA DEP OSWALDO STUDART;;;;;Colisão;Luz do Dia;;;Meio de Quadra;;;0;1;1;1;0;0;0;0;0;1;0;0;;;;;
266449;23;8;2015;10:32;0;RUA SGT BARBOSA D70;;;;;Queda;Luz do Dia;;;Meio de Quadra;;;0;1;0;0;0;0;0;0;0;1;0;0;;;;;
266456;23;8;2015;18:11;0;AV J CJ CEARA;;;;;Colisão;Anoitecer;;;Meio de Quadra;;;0;1;1;0;0;0;0;0;0;1;0;0;;;;;
266457;23;8;2015;19:45;0;RUA PRO COSTA MENDES;;;;;Colisão;;;;Meio de Quadra;;;0;1;1;1;0;0;0;0;0;0;0;0;-38,546206;-3,755332;;;
266453;23;8;2015;14:04;0;AV RAD JOSE LIMA VERDE;;;;;Queda;Luz do Dia;;;Meio de Quadra;;;0;1;0;0;0;0;0;0;0;1;0;0;;;;;
266454;23;8;2015;16:01;0;RD BR 116;;;8000;KM-08;Queda;Luz do Dia;;;Meio de Quadra;;;0;1;0;0;0;0;0;0;0;1;0;0;-38,503269;-3,822018;;;
265365;23;8;2015;04:15;15184;AV ABOLICAO;RUA TIBURCIO CAVALCANTE;;;;Colisão;;;;Cruz;Semáforo;Comercial;0;1;0;1;0;0;0;0;0;1;0;0;-38,499409;-3,726066;;;
270697;23;8;2015;00:31;0;RUA PORTO DAS ROSAS;;;;;Colisão;;;;Meio de Quadra;;;0;0;2;0;0;0;0;0;0;0;0;0;;;;;
270698;23;8;2015;00:43;0;AV DEP PAULINO ROCHA;;;;;Colisão;;;;Meio de Quadra;;;0;0;2;0;0;0;0;0;0;0;0;0;;;;;
270700;23;8;2015;01:31;0;AV AUGUSTO DOS ANJOS;;;;;Colisão;;;;Meio de Quadra;;;0;0;2;0;0;0;0;0;0;0;0;0;;;;;
270701;23;8;2015;04:21;0;RUA JUVENAL DE CARVALHO;;;;;Colisão;;;;Meio de Quadra;;;0;0;2;0;0;0;0;0;0;0;0;0;;;;;
270703;23;8;2015;05:21;9168;AV BORGES DE MELO;AV LUCIANO CARNEIRO;;;;Choque c/ Obstáculo Fixo;Amanhecer;;;Cruz;Semáforo;Residencial;0;0;1;0;0;0;0;0;0;0;0;0;-38,534097;-3,756465;;;
270708;23;8;2015;05:23;7718;AV JOSE BASTOS;AV CARNEIRO DE MENDONCA;;;;Colisão;Amanhecer;;;Cruz;Semáforo;Comercial;0;0;2;0;0;0;0;0;0;0;0;0;-38,566759;-3,764109;;;
270711;23;8;2015;07:04;9111;AV EDUARDO GIRAO;RUA DEP OSWALDO STUDART;;;;Colisão;Luz do Dia;;;Cruz;Outros;;0;0;2;0;0;0;0;0;0;0;0;0;-38,529775;-3,755323;;;
270715;23;8;2015;09:33;0;AV NOSSA SRA DAS GRACAS;;;;;Colisão;Luz do Dia;;;Meio de Quadra;;;0;0;2;0;0;0;0;0;0;0;0;0;;;;;
270716;23;8;2015;10:59;0;RUA ELDORADO;;;;;Choque c/ Obstáculo Fixo;Luz do Dia;;;Meio de Quadra;;;0;0;1;0;0;0;0;0;0;0;0;0;;;;;
270717;23;8;2015;14:18;0;AV RECREIO D64;;;;;Colisão;Luz do Dia;;;Meio de Quadra;;;0;0;2;0;0;0;0;0;0;0;0;0;;;;;
270750;23;8;2015;22:20;0;AV BEZERRA DE MENEZES;;;;;Colisão;;;;Meio de Quadra;;;0;1;1;0;0;0;0;0;0;0;0;0;;;;;
270713;23;8;2015;08:20;0;AV AGUANAMBI;;;;;Colisão;Luz do Dia;;;Meio de Quadra;;;0;0;2;0;0;0;0;0;0;0;0;0;;;;;
270720;23;8;2015;14:33;0;RUA 04 UI;;;;;Colisão;Luz do Dia;;;Meio de Quadra;;;0;0;2;0;0;0;0;0;0;0;0;0;;;;;
270722;23;8;2015;15:16;0;AV FRE CIRILO;;;;;Colisão;Luz do Dia;;;Meio de Quadra;;;0;0;2;0;0;0;0;0;0;0;0;0;;;;;
270728;23;8;2015;23:08;0;AV FRE CIRILO;;;;;Colisão;;;;Meio de Quadra;;;0;0;2;0;0;0;0;0;0;0;0;0;;;;;
270733;23;8;2015;15:38;0;AV NOSSA SRA DAS GRACAS;;;;;Colisão;Luz do Dia;;;;;;0;0;2;0;0;0;0;0;0;0;0;0;;;;;
270737;23;8;2015;16:17;0;RUA MELO DE OLIVEIRA;;;;;Colisão;Luz do Dia;;;Meio de Quadra;;;0;0;2;0;0;0;0;0;0;0;0;0;;;;;
270742;23;8;2015;17:21;0;RUA MARTINS CARVALHO;;;;;Colisão;Anoitecer;;;Meio de Quadra;;;0;0;2;0;0;0;0;0;0;0;0;0;;;;;
270743;23;8;2015;17:22;14755;RUA ALBANO AMARAL;RUA STA LIDUINA D42;;;;Colisão;Anoitecer;;;Cruz;Semáforo;Comercial;0;0;2;0;0;0;0;0;0;0;0;0;-38,584983;-3,797816;;;
270744;23;8;2015;18:22;0;AV PRS CASTELO BRANCO;;;;;Atropelamento;Anoitecer;;;Meio de Quadra;;;0;0;2;0;0;0;0;0;0;0;0;0;;;;;
270745;23;8;2015;19:06;0;RUA RAIMUNDO FROTA;;;;;Colisão;;;;Meio de Quadra;;;0;0;2;0;0;0;0;0;0;0;0;0;;;;;
270740;23;8;2015;17:19;0;AV LIBERDADE;;;;;Colisão;Anoitecer;;;Meio de Quadra;;;0;0;2;0;0;0;0;0;0;0;0;0;;;;;
270747;23;8;2015;19:06;0;RUA RAIMUNDO FROTA;;;;;Colisão;;;;Meio de Quadra;;;0;0;2;0;0;0;0;0;0;0;0;0;;;;;
259179;23;8;2015;15:40;0;RD BR 116;;;8000;KM-08;Colisão Transversal;Luz do Dia;Bom;Seca;Meio de Quadra;Não Há Controle;Comercial;0;4;0;0;0;0;0;0;0;1;0;0;-38,503269;-3,822018;;;
255922;23;8;2015;19:30;0;RUA HOLANDA;;;701;;Colisão;Via Iluminada;Bom;Seca;Meio de Quadra;Outros;Outros;0;0;2;1;0;0;0;0;0;0;0;0;-38,562223;-3,798187;;;
255945;23;8;2015;16:00;22157;RUA DELMIRO FARIAS;RUA MON FURTADO;;;;Colisão;Luz do Dia;Bom;Seca;Cruz;Pare;Residencial;0;0;2;1;0;0;0;0;0;0;0;0;-38,550550;-3,747544;;;
255950;23;8;2015;06:10;3901;RUA JORGE DUMAR;AV EDUARDO GIRAO;;;;Colisão Transversal;Luz do Dia;Bom;Seca;Cruz;Semáforo;Misto;0;0;2;1;0;0;0;0;0;0;0;0;-38,538695;-3,749691;;;
255948;23;8;2015;15:20;4559;RD BR 116;RUA PDE PAULINO;;;;Colisão Lateral;Via Iluminada;Bom;Seca;T;Pare;Comercial;0;0;2;1;0;0;0;0;0;0;0;0;-38,506589;-3,796988;;;
255926;23;8;2015;17:30;15327;RUA ANA BILHAR;AV SEN VIRGILIO TAVORA;;;;Colisão Lateral;Via Iluminada;Bom;Seca;Cruz;Semáforo;Comercial;0;1;1;1;0;0;0;0;0;1;0;0;-38,491262;-3,730893;;;
255927;23;8;2015;18:05;0;AV DIOGUINHO;;;4200;;Colisão Transversal;Via Iluminada;Bom;Seca;Meio de Quadra;Não Há Controle;Residencial;0;1;1;1;0;0;0;0;0;1;0;0;-38,448347;-3,750977;;;
255931;23;8;2015;;0;RUA ARARAQUARA;;;291;;Colisão Transversal;Mal Iluminada;Bom;Seca;Meio de Quadra;Outros;Residencial;0;0;3;1;0;0;0;0;0;0;0;0;-38,579604;-3,782696;;;
255935;23;8;2015;16:00;17360;RUA ELVIRA PINHO;RUA ZACARIAS GONDIM;;;;Colisão Transversal;Via Iluminada;Bom;Seca;Cruz;Pare;Residencial;0;0;2;1;0;0;0;0;0;0;0;0;-38,557766;-3,766122;;;
255942;23;8;2015;12:30;5433;RUA METON DE ALENCAR;RUA MAJ FACUNDO;;;;Colisão Lateral;Luz do Dia;Bom;Seca;Cruz;Pare;Comercial;0;1;1;1;0;0;0;0;0;1;0;0;-38,529899;-3,733917;;;
255938;23;8;2015;11:10;15204;AV ABOLICAO;RUA JULIO IBIAPINA;;;;Colisão Lateral;Luz do Dia;Bom;Seca;Cruz;Semáforo Intermitente;Residencial;0;0;2;1;0;0;0;0;0;0;0;0;-38,491290;-3,726679;;;
255919;23;8;2015;13:30;19328;RUA EDUARDO PERDIGAO;RUA CON DE CASTRO;;;;Colisão Transversal;Luz do Dia;Bom;Seca;Cruz;Não Há Controle;Comercial;0;0;2;0;0;0;0;1;0;0;0;0;-38,564769;-3,775579;;;
255875;23;8;2015;07:15;0;AV ALBERTO NEPOMUCENO;;;;;Atropelamento;Amanhecer;Bom;Seca;Meio de Quadra;Semáforo;Comercial;0;2;0;0;0;0;0;0;0;1;0;0;;;;;
255873;23;8;2015;09:00;0;RUA VICENTE LINHARES;;;196;;Colisão Lateral;Luz do Dia;Bom;Seca;Meio de Quadra;Pare;Residencial;0;0;3;1;0;0;0;0;0;0;0;0;-38,502299;-3,741478;;;
255896;23;8;2015;07:40;15126;AV HIS RAIMUNDO GIRAO;AV RUI BARBOSA;;;;Colisão Lateral;Luz do Dia;Bom;Seca;Cruz;Semáforo;Lazer;0;1;1;1;0;0;0;0;0;1;0;0;-38,505405;-3,723546;;;
255901;23;8;2015;20:10;4016;RUA PRO COSTA MENDES;RUA JULIO CESAR D12;;;;Colisão Lateral;Via Iluminada;Bom;Seca;Cruz;Pare;Comercial;0;1;2;1;0;0;0;0;0;0;0;0;-38,546911;-3,754698;;;
255906;23;8;2015;21:10;5742;AV OLIVEIRA PAIVA;RUA MANUEL MONTEIRO;;;;Colisão Traseira;Via Iluminada;Bom;Seca;Cruz;Semáforo;Misto;0;0;2;1;0;0;0;0;0;0;0;0;-38,494140;-3,795496;;;
264415;23;8;2015;00:25;0;RUA PEREIRA FILGUEIRAS;;;;;Colisão;;;;Meio de Quadra;;;0;0;2;1;0;0;0;0;0;0;0;0;;;;;
264426;23;8;2015;08:46;0;AV AGUANAMBI;;;;;Colisão;Luz do Dia;;;Meio de Quadra;;;0;0;2;1;1;0;0;0;0;0;0;0;;;;;
264428;23;8;2015;15:35;0;AV FRE CIRILO;;;;;Colisão;Luz do Dia;;;Meio de Quadra;;;0;0;2;1;0;0;0;0;0;0;0;0;;;;;
264429;24;8;2015;08:57;0;RUA TEN NICOLAU;;;;;Colisão;Luz do Dia;;;Meio de Quadra;;;0;0;2;0;0;0;1;0;0;0;0;0;;;;;
264431;24;8;2015;11:55;0;RUA MAL DEODORO;;;;;Colisão;Luz do Dia;;;Meio de Quadra;;;0;0;2;0;0;0;1;0;0;0;0;0;;;;;
264435;24;8;2015;15:13;15984;RUA DR RODRIGO C SANDOVAL;RUA GASTAO JUSTA;;;;Colisão;Luz do Dia;;;Cruz;Pare;Residencial;0;0;2;1;0;0;0;0;0;0;0;0;-38,569575;-3,805778;;;
264436;24;8;2015;19:28;0;RUA MIN ALBUQUERQUE LIMA;;;;;Colisão;;;;Meio de Quadra;;;0;0;2;1;0;0;0;0;0;1;0;0;;;;;
255924;24;8;2015;18:15;9250;RUA PDE MATOS SERRA;AV FELINO BARROSO;;;;Colisão;Via Iluminada;Bom;Seca;Outros;Pare;Residencial;0;1;1;1;0;1;0;0;0;0;0;0;-38,528511;-3,744343;;;
255908;24;8;2015;12:20;17350;RUA BAR SOBRAL;RUA JOAO FIRMINO;;;;Colisão Transversal;Luz do Dia;Bom;Seca;Cruz;Pare;Residencial;0;1;1;1;0;0;0;0;0;1;0;0;-38,556531;-3,765714;;;
255951;24;8;2015;07:30;0;AV ALM HENRIQUE SABOIA;;;;;Colisão Traseira;Luz do Dia;Bom;Seca;Meio de Quadra;Pare;Residencial;0;2;1;1;0;0;0;0;0;1;0;0;;;;;
255978;24;8;2015;09:00;7537;RUA XV UI 611;RUA IV UI 611;;;;Colisão Transversal;Luz do Dia;Bom;Seca;Outros;Pare;Residencial;0;1;1;1;0;0;0;0;0;0;0;0;-38,530871;-3,794133;;;
255983;24;8;2015;09:10;0;AV JOSE BASTOS;;;3250;;Colisão Traseira;Luz do Dia;Bom;Seca;Meio de Quadra;Semáforo;Comercial;0;0;2;1;0;0;0;0;0;0;0;0;-38,549161;-3,748698;;;
255987;24;8;2015;08:00;0;RUA VIA LACTEA;;;;;Colisão Traseira;Luz do Dia;Bom;Seca;Outros;Não Há Controle;Residencial;0;0;3;1;0;0;0;0;0;0;0;0;;;;;
255999;24;8;2015;19:50;9099;AV EDUARDO GIRAO;RUA MIN JOAQUIM BASTOS D14;;;;Colisão Lateral;Via Iluminada;Bom;Seca;Cruz;Outros;Residencial;0;0;2;1;0;0;0;0;0;0;0;0;-38,525973;-3,755700;;;
259181;24;8;2015;06:40;0;RD BR 116;;;15000;KM-15;Colisão Lateral;Luz do Dia;Bom;Seca;Meio de Quadra;Não Há Controle;Comercial;0;1;1;1;0;0;0;0;0;1;0;0;-38,501113;-3,882329;;;
270757;24;8;2015;11:32;0;AV SANTOS DUMONT;;;;;Colisão;Luz do Dia;;;Meio de Quadra;;;0;0;2;0;0;0;0;0;0;0;0;0;;;;;
270758;24;8;2015;11:32;0;RUA GASTAO JUSTA;;;;;Colisão;Luz do Dia;;;Meio de Quadra;;;0;0;1;0;0;0;0;0;0;0;0;0;;;;;
270759;24;8;2015;15:54;0;AV CENTRAL CJ CEARA;;;;;Colisão;Luz do Dia;;;Meio de Quadra;;;0;0;2;0;0;0;0;0;0;0;0;0;;;;;
270751;24;8;2015;09:09;0;AV GODOFREDO MACIEL;;;;;Colisão Frontal;Luz do Dia;;;Meio de Quadra;;;0;0;2;0;0;0;0;0;0;0;0;0;;;;;
270752;24;8;2015;10:39;0;AV ENG LEAL LIMA VERDE (SAPIRANGA/COITE);;;;;Colisão;Luz do Dia;;;Meio de Quadra;;Residencial;0;0;2;0;0;0;0;0;0;0;0;0;;;;;
270753;24;8;2015;11:03;0;AV ALBERTO NEPOMUCENO;;;;;Colisão;Luz do Dia;;;Meio de Quadra;;;0;0;2;0;0;0;0;0;0;0;0;0;;;;;
270766;24;8;2015;16:30;0;RUA FLORIANO PEIXOTO;;;;;Colisão;Luz do Dia;;;Meio de Quadra;;;0;0;2;0;0;0;0;0;0;0;0;0;;;;;
270767;24;8;2015;19:31;25638;RUA P CJ VILA VELHA;RUA J (VILA VELHA);;;;Colisão;;;;;;;0;0;2;0;0;0;0;0;0;0;0;0;;;;;
265380;24;8;2015;17:00;7733;AV JOAO PESSOA;RUA BAR SOBRAL;;;;;Anoitecer;;;Outros;Semáforo;Comercial;0;1;0;1;0;0;0;0;0;1;0;0;-38,558693;-3,764518;;;
256145;24;8;2015;10:00;0;AV ENG ALBERTO SA;;;173;;Colisão Frontal;Luz do Dia;Bom;Seca;Meio de Quadra;Não Há Controle;Comercial;0;1;1;1;0;0;0;0;0;1;0;0;-38,481198;-3,733130;;;
256146;24;8;2015;09:00;15365;AV SEN VIRGILIO TAVORA;RUA PEREIRA VALENTE;;;;Colisão Traseira;Luz do Dia;Bom;Seca;Cruz;Semáforo;Comercial;0;0;3;1;0;0;0;0;0;0;0;0;-38,492193;-3,733834;;;
256147;24;8;2015;06:10;1542;AV RUI BARBOSA;RUA PDE VALDEVINO;;;;Colisão Transversal;Luz do Dia;Bom;Seca;Cruz;Semáforo;Residencial;0;1;1;1;0;0;0;0;0;1;0;0;-38,511029;-3,740964;;;
266460;24;8;2015;07:25;0;AV ALM HENRIQUE SABOIA;;;;;Queda;Luz do Dia;;;Meio de Quadra;;;0;1;0;0;0;0;0;0;0;1;0;0;;;;;
266461;24;8;2015;07:26;0;RUA ARMANDO MONTEIRO;;;;;Queda;Luz do Dia;;;Meio de Quadra;;;0;1;0;0;0;1;0;0;0;0;0;0;-38,528948;-3,766255;;;
266458;24;8;2015;02:10;2523;AV FRANCISCO SA;RUA TULIPA;;;;Colisão;;;;T;Pare;Comercial;0;1;0;0;0;0;0;0;0;0;0;0;-38,577954;-3,710359;;;
266465;24;8;2015;07:47;0;AV AGUANAMBI;;;;;Colisão;Luz do Dia;;;Meio de Quadra;;;0;1;1;1;0;0;0;0;0;1;0;0;-38,523564;-3,750958;;;
266466;24;8;2015;07:48;0;RUA GUATEMALA;;;;;Colisão;Luz do Dia;;;Meio de Quadra;;;0;1;1;1;0;0;0;0;0;1;0;0;;;;;
266483;24;8;2015;15:41;1253;AV SANTOS DUMONT;RUA CARLOS VASCONCELOS;;;;Colisão;Luz do Dia;;;Cruz;Semáforo;Comercial;0;1;1;1;0;0;0;0;0;0;0;0;-38,510558;-3,732252;;;
266484;24;8;2015;15:57;0;AV DR SILAS MUNGUBA;;;;;Colisão;Luz do Dia;;;Meio de Quadra;;;0;1;1;1;0;0;0;0;0;1;0;0;-38,548557;-3,787232;;;
266468;24;8;2015;08:35;0;RUA MONACO;;;;;Colisão;Luz do Dia;;;Meio de Quadra;;;0;1;1;1;0;0;0;0;0;1;0;0;;;;;
266470;24;8;2015;09:00;0;AV N CJ JOSE WALTER;;;;;Atropelamento;Luz do Dia;;;Meio de Quadra;;;0;1;1;1;0;0;0;0;0;0;0;0;;;;;
266471;24;8;2015;09:52;0;AV DR SILAS MUNGUBA;;;;;Colisão;Luz do Dia;;;Meio de Quadra;;;0;1;1;1;0;0;0;0;0;1;0;0;-38,551254;-3,785826;;;
266473;24;8;2015;10:02;0;AV JOSE BASTOS;;;;;Colisão;Luz do Dia;;;Meio de Quadra;;;0;1;1;1;0;0;0;0;0;1;0;0;-38,565805;-3,762617;;;
266475;24;8;2015;10:31;0;RUA JOCKEY CLUBE;;;;;Colisão;Luz do Dia;;;Meio de Quadra;;;0;1;0;0;0;0;0;0;0;0;0;0;-38,580250;-3,761925;;;
266476;24;8;2015;10:50;0;RUA VIS MAUA;;;;;;Luz do Dia;;;Meio de Quadra;;;0;1;0;0;0;0;0;0;0;0;0;0;;;;;
266477;24;8;2015;14:38;0;AV JOSE BASTOS;;;;;Atropelamento;Luz do Dia;;;Meio de Quadra;;;0;1;0;0;0;0;0;0;0;0;0;0;-38,565805;-3,762617;;;
266478;24;8;2015;15:02;0;AV N CJ JOSE WALTER;;;;;Colisão;Luz do Dia;;;Meio de Quadra;;;0;1;1;1;0;0;0;0;0;1;0;0;;;;;
266480;24;8;2015;15:29;0;RUA 218 C CJ CEARA;;;;;Queda;Luz do Dia;;;Meio de Quadra;;;0;1;0;0;0;0;0;0;0;1;0;0;;;;;
266486;24;8;2015;16:32;0;AV JOR THOMAZ COELHO;;;;;Atropelamento;Luz do Dia;;;Meio de Quadra;;;0;1;1;1;0;0;0;0;0;0;0;0;;;;;
266488;24;8;2015;17:16;0;RUA EMILIO DE MENESES;;;;;Colisão;Anoitecer;;;Meio de Quadra;;;0;1;1;1;0;0;0;0;0;1;0;0;-38,588700;-3,781382;;;
266489;24;8;2015;19:18;0;AV DUQ CAXIAS;;;;;Atropelamento;;;;Meio de Quadra;;;0;1;1;1;0;0;0;0;0;0;0;0;;;;;
266490;24;8;2015;20:43;0;RUA ENG LUIS MONTENEGRO;;;;;Colisão;;;;Meio de Quadra;;;0;1;0;0;0;0;0;0;0;0;0;0;;;;;
266491;24;8;2015;21:06;0;RUA DOM JOSE LOURENCO  D27;;;;;Queda;;;;Meio de Quadra;;;0;1;0;0;0;0;0;0;0;1;0;0;-38,557896;-3,743660;;;
256019;24;8;2015;07:00;610;AV FRANCISCO SA;RUA ENG LIMA VERDE (ALVARO WEYNE);;;;Colisão Traseira;Luz do Dia;Bom;Seca;T;Não Há Controle;Residencial;0;0;3;1;0;0;0;0;0;0;0;0;-38,566692;-3,714234;;;
256025;24;8;2015;07:40;5292;RUA COSTA BARROS;RUA GONCALVES LEDO;;;;Colisão Lateral;Luz do Dia;Bom;Seca;Cruz;Pare;Comercial;0;0;2;1;0;0;0;0;0;0;0;0;-38,515426;-3,729088;;;
256026;24;8;2015;19:30;18024;AV ZEZE DIOGO;RUA RENATO BRAGA;;;;Colisão Transversal;Via Iluminada;Bom;Seca;Cruz;Semáforo;Comercial;0;0;2;1;1;0;0;0;0;0;0;0;-38,457388;-3,731905;;;
256028;24;8;2015;09:10;0;AV HERACLITO GRACA;;;600;;Outros;Luz do Dia;Bom;Seca;Meio de Quadra;Semáforo;Comercial;0;0;1;0;0;0;0;0;0;0;0;0;-38,518772;-3,735353;;;
256029;24;8;2015;13:20;0;AV SANTOS DUMONT;;;6355;;Colisão Traseira;Luz do Dia;Bom;;Meio de Quadra;;Misto;0;0;2;1;0;0;0;0;0;0;0;0;-38,475410;-3,743628;;;
256031;24;8;2015;10:00;11057;AV DOS EXPEDICIONARIOS;AV DR SILAS MUNGUBA;;;;Colisão Transversal;Luz do Dia;Bom;Seca;Cruz;Cancela;Comercial;0;1;2;1;0;0;0;0;0;0;0;0;-38,547960;-3,787538;;;
256035;24;8;2015;20:40;0;AV N CJ JOSE WALTER;;;545;;Colisão Lateral;Via Iluminada;Bom;Seca;Meio de Quadra;Semáforo;Comercial;0;1;1;1;0;0;1;0;0;0;0;0;-38,559077;-3,826418;;;
256036;24;8;2015;06:27;3768;AV DOMINGOS OLIMPIO;AV TRISTAO GONCALVES;;;;Colisão Lateral;Luz do Dia;Bom;Seca;Cruz;Semáforo;Comercial;0;0;2;0;1;0;0;0;0;0;0;0;-38,535613;-3,735133;;;
256044;24;8;2015;19:40;3990;AV PRO GOMES DE MATOS;RUA PRO COSTA MENDES;;;;Colisão Transversal;Via Iluminada;Bom;Seca;Cruz;Semáforo;Comercial;0;0;2;1;0;0;0;0;0;0;0;0;-38,542936;-3,758035;;;
256048;24;8;2015;20:50;0;RUA PRO GOMES BRASIL;;;;;Colisão Traseira;Via Iluminada;Bom;Seca;Meio de Quadra;Não Há Controle;Comercial;0;0;2;1;0;0;0;0;0;0;0;0;;;;;
256049;24;8;2015;10:00;0;AV ALBERTO CRAVEIRO;;;466;;Colisão Traseira;Luz do Dia;Bom;Seca;Meio de Quadra;Outros;Comercial;0;0;2;1;0;0;0;0;0;0;0;0;-38,516560;-3,782812;;;
256053;24;8;2015;09:00;5730;RUA ULISSES BEZERRA;RUA TEOFREDO GOIANA;;;;Colisão Transversal;Luz do Dia;Bom;Seca;Cruz;Pare;Residencial;0;1;1;1;0;0;0;0;0;1;0;0;-38,500785;-3,798740;;;
256051;24;8;2015;13:30;10943;RUA ZACARIAS GONDIM;RUA DOM CARLOTO TAVORA;;;;Colisão Traseira;Luz do Dia;Bom;Seca;Cruz;Pare;Residencial;0;0;2;1;0;0;0;0;0;0;0;0;-38,558785;-3,768945;;;
256059;24;8;2015;07:30;21596;RUA LUIS VIEIRA;RUA COM GARCIA;;;;Colisão Transversal;Luz do Dia;Bom;Seca;Cruz;Outros;Residencial;0;2;1;0;0;0;0;0;0;1;0;0;-38,586346;-3,796632;;;
256062;24;8;2015;00:10;5159;AV IMPERADOR;RUA GUILHERME ROCHA;;;;Colisão Transversal;Via Iluminada;Bom;Seca;Cruz;Semáforo;Comercial;0;0;2;0;0;0;0;1;0;1;0;0;-38,533829;-3,725081;;;
256070;24;8;2015;16:00;0;AV N CJ JOSE WALTER;;;1565;;Colisão Lateral;Luz do Dia;Bom;Seca;Meio de Quadra;Não Há Controle;Comercial;0;1;2;1;0;0;0;0;0;1;0;0;-38,561187;-3,835738;;;
256071;24;8;2015;18:00;15327;RUA ANA BILHAR;AV SEN VIRGILIO TAVORA;;;;Colisão Traseira;Via Iluminada;Bom;Seca;Cruz;Semáforo;Comercial;0;0;2;1;0;0;0;0;0;0;0;0;-38,491262;-3,730893;;;
256072;24;8;2015;13:00;22147;RUA PAPI JUNIOR;RUA GUSTAVO BRAGA;;;;Colisão Transversal;Luz do Dia;Bom;Seca;Cruz;Pare;Residencial;0;0;2;1;0;0;0;0;0;0;0;0;-38,554656;-3,749148;;;
256073;24;8;2015;22:17;0;AV GOV RAUL BARBOSA;;;;;Colisão Traseira;Via Iluminada;Bom;Seca;Meio de Quadra;Semáforo;Residencial;0;0;2;1;0;0;0;0;0;0;0;0;;;;;
256074;24;8;2015;12:30;1257;RUA COSTA BARROS;RUA SILVA PAULET;;;;Colisão Transversal;Luz do Dia;Bom;Seca;;Pare;Comercial;0;0;2;1;1;0;0;0;0;0;0;0;-38,504799;-3,732565;;;
256065;24;8;2015;08:30;0;AV GODOFREDO MACIEL;;;100;SUPERMERCADO PINHEIRO;Colisão Lateral;Luz do Dia;Bom;Seca;Meio de Quadra;Gesto;Comercial;0;0;2;0;0;0;1;0;0;1;0;0;-38,566485;-3,785433;;;
256068;24;8;2015;15:30;15804;RUA PERGENTINO MAIA;RUA ANTONINO BARROS;;;;Colisão Transversal;Luz do Dia;Bom;Seca;Cruz;Pare;Comercial;0;0;2;1;0;0;0;0;0;1;0;0;-38,488977;-3,831390;;;
256120;24;8;2015;22:00;5709;AV OLIVEIRA PAIVA;AV DES GONZAGA;;;;Engavetamento;Via Iluminada;Bom;Seca;Cruz;Semáforo;Lazer;0;0;3;1;0;0;0;0;0;0;0;0;-38,499953;-3,797165;;;
256094;24;8;2015;15:50;0;AV SANTOS DUMONT;;;1524;;Engavetamento;Luz do Dia;Bom;Seca;Meio de Quadra;;Comercial;0;1;3;1;0;0;0;0;0;0;0;0;-38,510131;-3,732390;;;
256132;24;8;2015;18:30;19753;RUA AZEVEDO BOLAO;RUA ERICO MOTA;;;;Colisão Lateral;Anoitecer;Bom;Seca;Cruz;Pare;Residencial;0;0;3;1;0;0;0;0;0;0;0;0;-38,562522;-3,737645;;;