COD_ACIDENTE;DIA;MES;ANO;HORA;INTERSECAO;LOG1;LOG2;LOG3;NUMERO;REFERENCIA;NATUREZA;ILUMINACAO;TEMPO;SUPERFICIEPISTA;TIPOCRUZAMENTO;CONTROLETRAFEGO;USOSOLO;MORTOS;FERIDOS;ILESOS;AUTOMOVEL;ONIBUS;BICICLETA;CAMINHAO;MICROONIBUS;CICLOMOTOR;MOTOCICLETA;TRACAOANIMAL;TREM;LONG;LAT;;;
256006;24;8;2015;12:20;0;AV ENG SANTANA JUNIOR;;;;;Colisão Traseira;Luz do Dia;Bom;Seca;Meio de Quadra;Não Há Controle;Comercial;0;1;1;1;0;0;0;0;0;1;0;0;;;;;
256013;24;8;2015;19:30;5402;RUA METON DE ALENCAR;RUA VINTE E QUATRO DE MAIO;;;;Colisão Transversal;Via Iluminada;Bom;Seca;Cruz;Pare;Escola;0;2;0;1;0;0;0;0;0;1;0;0;-38,533848;-3,732626;;;
259569;24;8;2015;16:10;0;AV WASHINGTON SOARES;;;85;IGUATEMI;Atropelamento;Luz do Dia;;Seca;Meio de Quadra;;;1;0;1;1;0;0;0;0;0;0;0;0;-38,488576;-3,757652;;;
259572;24;8;2015;18:15;0;RD CE-040;;;;KM-07;Colisão;Via Iluminada;;Seca;Meio de Quadra;;;0;0;3;1;0;0;0;0;0;0;0;0;-38,483160;-3,817953;;;
259575;25;8;2015;04:40;0;AV MAE LISBOA;;;2528;;Choque c/ Obstáculo Fixo;Mal Iluminada;;Seca;Meio de Quadra;;;1;0;0;0;0;0;0;0;0;1;0;0;-38,457412;-3,806790;;;
259577;25;8;2015;18:40;0;RD CE-040;;;;KM-05;Colisão;Via Iluminada;;Seca;Meio de Quadra;;;0;0;3;1;0;0;0;0;0;0;0;0;-38,480349;-3,790876;;;
259583;25;8;2015;19:15;0;AV SEN CARLOS JEREISSATI (AEROPORTO);;;;KM 04;Colisão;Via Iluminada;;Seca;Meio de Quadra;;;0;0;2;1;0;1;0;0;0;0;0;0;-38,514638;-3,779313;;;
259580;25;8;2015;22:30;0;AV SEN CARLOS JEREISSATI (AEROPORTO);;;;KM 01;Colisão;Via Iluminada;;Seca;Meio de Quadra;;;0;0;3;0;0;0;0;0;0;1;0;0;-38,520356;-3,783803;;;
256133;25;8;2015;15:00;0;RUA IDELZUITE C LIMA;;;;;Outros;Luz do Dia;Bom;Seca;Meio de Quadra;Não Há Controle;Residencial;0;0;2;0;0;0;0;0;0;0;0;0;;;;;
256122;25;8;2015;12:30;22194;AV SGT HERMINIO SAMPAIO;RUA ERETIDES MARTINS;;;;Colisão Lateral;Luz do Dia;Bom;Seca;Cruz;Semáforo;Comercial;0;0;2;1;0;0;0;0;0;0;0;0;-38,560489;-3,726371;;;
256129;25;8;2015;18:10;0;AV ANTONIO SALES;;;3895;;Colisão Traseira;Via Iluminada;Bom;Seca;Meio de Quadra;Não Há Controle;Comercial;0;0;3;1;0;0;0;0;0;0;0;0;;;;;
256131;25;8;2015;08:30;20042;AV DEP PAULINO ROCHA;AV ALBERTO CRAVEIRO;;;;Colisão Lateral;Luz do Dia;Bom;Seca;Rotatória;Dê Preferência;Lazer;0;0;2;1;0;0;0;0;0;0;0;0;-38,524782;-3,807229;;;
256102;25;8;2015;12:00;0;AV JOSE BASTOS;;;3504;;Colisão Traseira;Luz do Dia;Bom;Seca;Meio de Quadra;Gesto;Comercial;0;1;1;1;0;0;0;0;0;1;0;0;-38,550013;-3,749551;;;
256105;25;8;2015;07:10;11081;AV DOS EXPEDICIONARIOS;RUA ACAPULCO;;;;Colisão Transversal;Luz do Dia;Bom;Seca;T;Pare;Comercial;0;1;1;0;0;1;0;0;0;1;0;0;-38,549244;-3,791592;;;
256107;25;8;2015;12:30;0;AV A CJ CEARA;;;612;;Colisão Lateral;Luz do Dia;Bom;Seca;Meio de Quadra;Não Há Controle;Comercial;0;0;4;0;0;1;1;0;0;1;0;0;-38,601709;-3,767173;;;
256089;25;8;2015;10:00;24226;RUA FAUSTO CABRAL;RUA DES WALDETARIO P MOTA;;;;Colisão Lateral;Luz do Dia;Bom;Seca;Cruz;Pare;Misto;0;1;1;1;0;0;0;0;0;1;0;0;-38,478283;-3,733093;;;
256090;25;8;2015;11:00;3819;AV CARAPINIMA;RUA JUVENAL GALENO;;;;Atropelamento;Luz do Dia;Bom;Seca;Cruz;Semáforo;Comercial;0;2;0;0;0;0;0;0;0;1;0;0;-38,539176;-3,738998;;;
256092;25;8;2015;14:00;15227;AV ABOLICAO;AV DES MOREIRA;;;;Engavetamento;Luz do Dia;Bom;Seca;Cruz;Semáforo;Comercial;0;0;3;1;0;0;0;0;0;1;0;0;-38,495474;-3,727331;;;
256119;25;8;2015;00:30;0;RUA LUIZ FCO XAVIER;;;310;;Colisão Frontal;Via Iluminada;Bom;Seca;Meio de Quadra;Não Há Controle;Residencial;1;1;1;1;0;0;0;0;0;1;0;0;;;;;
256125;25;8;2015;18:00;25708;RUA ATILANO MOURA;RUA PRO JACINTO BOTELHO;;;;Colisão Traseira;Anoitecer;Bom;Seca;Duplo T;Pare;Residencial;0;0;2;1;0;0;0;0;0;0;0;0;-38,490491;-3,761244;;;
256115;25;8;2015;19:50;348;RUA PRO LINO ENCARNACAO;RUA CESAR FONTENELE;;;;Colisão Transversal;Via Iluminada;Bom;Seca;Cruz;Pare;Misto;0;0;2;1;0;0;0;0;0;0;0;0;-38,559596;-3,746359;;;
256116;25;8;2015;18:28;25140;RUA CAIO CID;AV ALM MAXIMIANO DA FONSECA;;;;Colisão Lateral;Anoitecer;Bom;Seca;T;Semáforo;Escola;0;0;2;1;1;0;0;0;0;0;0;0;-38,484125;-3,771580;;;
256109;25;8;2015;17:00;12954;RUA BERNARDO MANUEL;AV PRS COSTA E SILVA;;;;Colisão Lateral;Luz do Dia;Bom;Seca;Cruz;Semáforo;Comercial;0;0;2;1;0;0;1;0;0;0;0;0;-38,558276;-3,821079;;;
256112;25;8;2015;17:20;0;AV DUQ CAXIAS;;;1529;;Colisão Traseira;Via Iluminada;Bom;Seca;Meio de Quadra;Não Há Controle;Misto;0;0;2;1;0;0;0;0;0;1;0;0;-38,537767;-3,729239;;;
256043;25;8;2015;08:50;0;RUA HIS GUARINO ALVES;;;95;;Colisão Lateral;Luz do Dia;Bom;Seca;Meio de Quadra;Outros;Residencial;0;0;2;1;0;0;0;0;0;0;0;0;;;;;
256081;25;8;2015;09:00;1429;RUA AFONSO CELSO;RUA NUNES VALENTE;;;;Colisão Transversal;Luz do Dia;Bom;Seca;Cruz;Pare;Residencial;0;0;2;1;0;0;0;0;0;0;0;0;-38,504234;-3,737785;;;
256083;25;8;2015;13:40;21586;RUA CON DE CASTRO;RUA AGAMENON;;;;Colisão Lateral;Luz do Dia;Bom;Seca;Cruz;Pare;Comercial;0;1;1;1;0;0;0;0;0;1;0;0;-38,583003;-3,795357;;;
256085;25;8;2015;07:15;22147;RUA PAPI JUNIOR;RUA GUSTAVO BRAGA;;;;Colisão Transversal;Luz do Dia;Bom;Seca;Cruz;Pare;Residencial;0;0;2;1;0;0;0;0;0;0;0;0;-38,554656;-3,749148;;;
256087;25;8;2015;09:20;21372;AV JOVITA FEITOSA;RUA JOSE SOMBRA;;;;Colisão Traseira;Luz do Dia;Bom;Seca;T;Semáforo;Comercial;0;0;4;1;0;0;0;0;0;0;0;0;-38,546301;-3,737763;;;
256060;25;8;2015;04:40;9077;AV AGUANAMBI;RUA BONFIM SOBRINHO;;;;Colisão Lateral;Luz do Dia;Bom;Seca;Cruz;Não Há Controle;Misto;0;2;0;1;0;0;0;0;0;1;0;0;-38,523551;-3,751039;;;
259218;25;8;2015;07:20;0;RD BR 222;;;;KM-02;Colisão Transversal;Luz do Dia;Bom;Seca;Meio de Quadra;Não Há Controle;Comercial;0;1;1;0;0;0;0;0;0;1;0;0;-38,586880;-3,738951;;;
259183;25;8;2015;14:00;0;RD BR 116;;;2000;KM-02;Colisão Traseira;Luz do Dia;Bom;Seca;Meio de Quadra;Não Há Controle;Comercial;0;0;2;0;1;0;1;0;0;0;0;0;-38,516780;-3,771391;;;
266495;25;8;2015;06:38;22176;AV JOSE BASTOS;AV ENG HUMBERTO MONTE;;;;Queda;Luz do Dia;;;T;Semáforo;Comercial;0;1;0;0;0;0;0;0;0;1;0;0;-38,555455;-3,754966;;;
266496;25;8;2015;07:10;0;RUA BERNARDO MANUEL;;;;;Colisão;Luz do Dia;;;Meio de Quadra;;;0;1;0;0;0;0;0;0;0;0;0;0;-38,549248;-3,791601;;;
266497;25;8;2015;08:27;0;AV ENG HUMBERTO MONTE;;;;;Queda;Luz do Dia;;;Meio de Quadra;;;0;1;0;0;0;0;0;0;0;1;0;0;;;;;
266498;25;8;2015;09:13;0;RUA ISAIE BORIS;;;;;Colisão;Luz do Dia;;;Meio de Quadra;;;0;1;1;1;0;0;0;0;0;1;0;0;;;;;
256136;25;8;2015;12:00;0;RUA ALM RUBIM;;;;;Colisão Traseira;Luz do Dia;Bom;Seca;Meio de Quadra;Não Há Controle;Comercial;0;0;2;1;0;0;0;0;0;0;0;0;;;;;
256138;25;8;2015;09:00;5692;AV DES GONZAGA;RUA MARGARIDA DE QUEIROZ;;;;Colisão Lateral;Luz do Dia;Bom;Seca;Cruz;Pare;Comercial;0;0;2;1;0;0;1;0;0;0;0;0;-38,501753;-3,793168;;;
256139;25;8;2015;15:00;0;RUA BERNARDO MANUEL;;;9970;;Colisão Traseira;Luz do Dia;Bom;Seca;Meio de Quadra;Não Há Controle;Comercial;0;0;3;1;0;0;0;0;0;0;0;0;-38,553161;-3,804543;;;
270771;25;8;2015;10:58;15216;AV ABOLICAO;RUA VIS MAUA;;;;Colisão;Luz do Dia;;;Cruz;Outros;Comercial;0;0;2;0;0;0;0;0;0;0;0;0;-38,496477;-3,727006;;;
270772;25;8;2015;11:42;0;RUA GRACA ARANHA;;;;;Colisão;Luz do Dia;;;Meio de Quadra;;;0;0;2;0;0;0;0;0;0;0;0;0;;;;;
270774;25;8;2015;12:44;13659;RUA DR THOMPSON BULCAO;RUA REV BOLIVAR P BANDEIRA;;;;Colisão;Luz do Dia;;;;;;0;0;2;0;0;0;0;0;0;0;0;0;-38,492006;-3,770002;;;
270775;25;8;2015;15:49;5193;RUA PEDRO PEREIRA;RUA COS ESTELITA;;;;Atropelamento;Luz do Dia;;;;Não Há Controle;Comercial;0;0;2;0;0;0;0;0;0;0;0;0;-38,539988;-3,725970;;;
270776;25;8;2015;16:33;1444;RUA FRE MANSUETO;RUA ALFREDO LADISLAU;;;;Colisão;Luz do Dia;;;Cruz;Semáforo;Residencial;0;0;2;0;0;0;0;0;0;0;0;0;-38,488501;-3,738165;;;
255992;25;8;2015;14:00;16557;AV GODOFREDO MACIEL;RUA MIRTYL MEYER;;;;Colisão Transversal;Luz do Dia;Bom;Seca;Cruz;Não Há Controle;Comercial;0;0;3;1;0;0;0;0;0;1;0;0;-38,573893;-3,809211;;;
255993;25;8;2015;11:50;12837;AV DOMINGOS OLIMPIO;RUA JAIME BENEVOLO;;;;Colisão Traseira;Luz do Dia;Bom;Seca;Cruz;Semáforo;Comercial;0;0;2;1;0;0;0;0;0;0;0;0;-38,527245;-3,737780;;;
255971;25;8;2015;08:40;0;AV GAL OSORIO DE PAIVA;;;6654;;Colisão;Luz do Dia;Bom;Seca;Meio de Quadra;Não Há Controle;Comercial;0;1;1;1;0;0;0;0;0;1;0;0;-38,608811;-3,811705;;;
255972;25;8;2015;18:30;3809;AV CARAPINIMA;RUA PDE FRANCISCO PINTO;;;;Choque c/ Obstáculo Fixo;Via Iluminada;Bom;Seca;Cruz;Semáforo;Misto;0;0;1;1;0;0;0;0;0;0;0;0;-38,541958;-3,741723;;;
255973;25;8;2015;18:00;15792;RUA PERGENTINO MAIA;RUA CEL FRANCISCO PEREIRA (MESSEJANA);;;;Colisão Lateral;Anoitecer;Bom;Seca;Cruz;Pare;Comercial;0;0;2;1;0;0;1;0;0;0;0;0;-38,492803;-3,830868;;;
255912;25;8;2015;18:00;1508;RUA TIBURCIO CAVALCANTE;RUA CATAO MAMEDE;;;;Colisão Transversal;Via Iluminada;;Seca;Cruz;Pare;Comercial;0;0;2;1;1;0;0;0;0;0;0;0;-38,503842;-3,739901;;;
255914;25;8;2015;16:30;7793;RUA JOAQUIM SA;RUA VIS MAUA;;;;Colisão Transversal;Luz do Dia;Bom;Seca;Cruz;;Comercial;0;0;2;1;0;0;0;0;0;0;0;0;-38,503777;-3,749717;;;
255915;25;8;2015;10:50;4016;RUA JULIO CESAR D12;RUA PRO COSTA MENDES;;;;Colisão Transversal;Luz do Dia;Bom;Seca;Cruz;Pare;Residencial;0;0;2;1;0;0;0;0;0;0;0;0;-38,546911;-3,754698;;;
255916;25;8;2015;19:20;7674;AV JOSE BASTOS;RUA RIO GRANDE DO NORTE;;;;Colisão Lateral;Via Iluminada;Bom;Seca;Cruz;Semáforo;Comercial;0;1;2;1;0;1;0;0;0;1;0;0;-38,564477;-3,760562;;;
255921;25;8;2015;12:00;0;AV DR SILAS MUNGUBA;;;2555;;Colisão Lateral;Luz do Dia;Bom;Seca;Meio de Quadra;Semáforo;Escola;0;0;2;0;1;0;1;0;0;0;0;0;-38,550338;-3,786312;;;
255939;25;8;2015;16:20;0;RUA PDE MORORO;;;;;Colisão Lateral;Luz do Dia;Bom;Seca;Meio de Quadra;Pare;Comercial;0;0;2;1;0;0;0;0;0;0;0;0;;;;;
255940;25;8;2015;16:50;14622;AV JOSE LEON;RUA HONORIO VIEIRA;;;;Colisão Transversal;Luz do Dia;Bom;Seca;Outros;Pare;Misto;0;0;2;1;0;0;0;0;0;0;0;0;-38,487037;-3,791457;;;
255943;25;8;2015;13:30;0;AV PRS CASTELO BRANCO;;;2569;;Colisão Traseira;Luz do Dia;Bom;Seca;Meio de Quadra;Semáforo;Residencial;0;0;2;1;0;0;0;0;0;0;0;0;-38,550935;-3,713009;;;
255936;25;8;2015;07:40;13715;RUA MARIANA F LEITE;RUA JOSE B PARENTE D59;;;;Colisão Transversal;Luz do Dia;Bom;Seca;Cruz;Pare;Residencial;0;1;1;1;0;0;0;0;0;1;0;0;-38,485406;-3,772293;;;
255932;25;8;2015;14:40;0;RUA ALBERTO MAGNO;;;500;;Colisão Traseira;Luz do Dia;Bom;Seca;Meio de Quadra;Não Há Controle;Comercial;0;0;2;1;0;0;0;0;0;1;0;0;-38,545970;-3,760286;;;
255933;25;8;2015;09:30;0;RUA BENTO ALBUQUERQUE;;;2500;;Colisão Lateral;Luz do Dia;Bom;Seca;Meio de Quadra;Não Há Controle;Misto;0;0;2;1;1;0;0;0;0;0;0;0;-38,468534;-3,748446;;;
255929;25;8;2015;17:20;20042;AV DEP PAULINO ROCHA;AV ALBERTO CRAVEIRO;;;;Colisão Transversal;Luz do Dia;Bom;Seca;Rotatória;Dê Preferência;Lazer;0;1;1;1;0;1;0;0;0;0;0;0;-38,524782;-3,807229;;;
266520;25;8;2015;17:31;266;AV JOVITA FEITOSA;RUA ERICO MOTA;;;;Colisão;Anoitecer;;;Cruz;Semáforo;Comercial;0;1;1;1;0;0;0;0;0;1;0;0;-38,561850;-3,740938;;;
266525;25;8;2015;17:52;25279;AV ROGACIANO LEITE;RUA DES WALDEMAR ALVES PEREIRA;;;;Colisão;Anoitecer;;;Cruz;Não Há Controle;Comercial;0;1;1;1;0;0;0;0;0;1;0;0;;;;;
266526;25;8;2015;18:58;0;AV JOSE BASTOS;;;;;Colisão;;;;Meio de Quadra;;;0;1;1;1;0;0;0;0;0;1;0;0;;;;;
266523;25;8;2015;17:33;0;AV CEL CARVALHO;;;;;Queda;Anoitecer;;;Meio de Quadra;;;0;1;0;0;0;0;0;0;0;1;0;0;;;;;
266530;25;8;2015;19:22;12666;AV CEL CARVALHO;RUA ROSINHA SAMPAIO;;;;Colisão;;;;Cruz;Pare;Comercial;0;1;1;1;0;0;0;0;0;1;0;0;-38,585413;-3,726938;;;
266515;25;8;2015;11:38;0;RUA DEP OSWALDO STUDART;;;;;Colisão;Luz do Dia;;;Meio de Quadra;;;0;1;0;0;0;0;0;0;0;1;0;0;;;;;
266516;25;8;2015;15:25;21051;RUA PIAUI;RUA FERNAO MAGALHAES;;;;Colisão;Luz do Dia;;;;;;0;1;1;1;0;0;0;0;0;1;0;0;-38,572542;-3,751971;;;
266517;25;8;2015;16:30;0;AV BEZERRA DE MENEZES;;;;;Queda;Luz do Dia;;;Meio de Quadra;;;0;1;0;0;0;0;0;0;0;1;0;0;-38,547436;-3,732134;;;
266534;25;8;2015;19:36;0;AV CARNEIRO DE MENDONCA;;;;;Colisão;;;;Meio de Quadra;;;0;1;1;1;0;0;0;0;0;1;0;0;;;;;
264446;25;8;2015;16:05;0;AV GOV RAUL BARBOSA;;;;;Colisão;Luz do Dia;;;Meio de Quadra;;;0;0;2;1;0;0;0;0;0;0;0;0;;;;;
264453;25;8;2015;18:26;0;AV JOSE LEON;;;;;Colisão;Anoitecer;;;Meio de Quadra;;;0;0;2;1;0;0;0;0;0;0;0;0;;;;;
291235;25;8;2015;07:40;0;RUA VALPARAISO;;;;;Colisão Transversal;Luz do Dia;Bom;Seca;Meio de Quadra;Pare;Residencial;0;0;2;0;0;0;0;0;0;1;0;0;;;;;
264455;26;8;2015;12:26;0;RUA CEL JOSE EUCLIDES;;;;;Colisão;Luz do Dia;;;Meio de Quadra;;;0;0;2;1;0;0;0;0;0;0;0;0;;;;;
264456;26;8;2015;13:11;0;AV CARNEIRO DE MENDONCA;;;;;Colisão;Luz do Dia;;;Meio de Quadra;;;0;0;3;1;0;0;0;0;0;0;0;0;;;;;
266541;26;8;2015;06:35;0;RUA PARAISO;;;;;Colisão;Luz do Dia;;;Meio de Quadra;;;0;1;1;0;0;0;1;0;0;1;0;0;-38,511009;-3,820811;;;
266542;26;8;2015;06:56;0;AV PASTEUR;;;;;Colisão;Luz do Dia;;;Meio de Quadra;;;0;1;1;1;0;0;0;0;0;1;0;0;;;;;
266543;26;8;2015;07:30;25658;RUA ISABEL MAIA ALENCAR;AV WASHINGTON SOARES;;;;Colisão;Luz do Dia;;;;;;0;1;1;1;0;0;0;0;0;1;0;0;-38,479688;-3,812912;;;
266551;26;8;2015;07:43;7718;AV CARNEIRO DE MENDONCA;AV JOSE BASTOS;;;;Atropelamento;Luz do Dia;;;Cruz;Semáforo;Comercial;0;1;0;0;0;0;0;0;0;0;0;0;-38,566759;-3,764109;;;
266557;26;8;2015;10:00;0;AV BEZERRA DE MENEZES;;;;;Colisão;Luz do Dia;;;Meio de Quadra;;;0;1;0;0;0;0;0;0;0;0;0;0;;;;;
266558;26;8;2015;10:41;0;AV FRANCISCO SA;;;;;Colisão;Luz do Dia;;;Meio de Quadra;;;0;1;1;1;0;0;0;0;0;1;0;0;;;;;
266559;26;8;2015;13:17;0;RUA OTAVIO JUSTA;;;;;Atropelamento;Luz do Dia;;;Meio de Quadra;;;0;1;1;1;0;0;0;0;0;0;0;0;-38,547748;-3,735295;;;
266561;26;8;2015;15:39;0;AV MAJ ASSIS;;;;;Atropelamento;Luz do Dia;;;Meio de Quadra;;;0;1;0;0;0;0;0;0;0;0;0;0;-38,581767;-3,724227;;;
266563;26;8;2015;15:56;0;AV GAL OSORIO DE PAIVA;;;;;Colisão;Luz do Dia;;;Meio de Quadra;;;0;1;0;0;0;0;0;0;0;0;0;0;-38,578167;-3,783027;;;
266564;26;8;2015;17:26;0;AV FRANCISCO SA;;;;;Colisão;Anoitecer;;;Meio de Quadra;;;0;1;0;0;0;0;0;0;0;0;0;0;-38,575498;-3,711230;;;
266613;26;8;2015;19:26;0;AV WASHINGTON SOARES;;;;;Choque c/ Obstáculo Fixo;;;;Meio de Quadra;;;0;1;1;1;0;0;0;0;0;1;0;0;-38,482033;-3,771402;;;
266610;26;8;2015;18:05;183;AV CEL CARVALHO;AV SGT HERMINIO SAMPAIO;;;;Colisão;Anoitecer;;;;;;0;1;0;0;0;0;0;0;0;0;0;0;-38,584591;-3,731488;;;
266601;26;8;2015;17:49;0;AV CONTORNO NORTE D71;;;;;Queda;Anoitecer;;;Meio de Quadra;;;0;1;0;0;0;1;0;0;0;0;0;0;;;;;
266628;26;8;2015;20:00;0;RUA STA ROSA D65 (COAÇU);;;;;Colisão;;;;Meio de Quadra;;;0;1;0;0;0;0;0;0;0;0;0;0;;;;;
266629;26;8;2015;22:10;0;RUA AFONSO LOPES;;;;;Atropelamento;;;;Meio de Quadra;;;0;1;1;0;0;0;0;0;0;1;0;0;;;;;
266620;26;8;2015;19:52;0;AV FRANCISCO SA;;;;;Atropelamento;;;;Meio de Quadra;;;0;1;0;0;1;0;0;0;0;0;0;0;-38,558698;-3,716953;;;
266536;26;8;2015;02:37;0;AV CASTELO DE CASTRO;;;;;Colisão;;;;Meio de Quadra;;;0;1;0;0;0;0;0;0;0;0;0;0;;;;;
266537;26;8;2015;03:18;0;RUA FILIPINAS;;;;;Atropelamento;;;;Meio de Quadra;;;0;1;1;1;0;0;0;0;0;0;0;0;;;;;
255994;26;8;2015;18:50;5253;RUA POCINHO;RUA GOV SAMPAIO;;;;Colisão Transversal;Via Iluminada;Bom;Seca;Cruz;Não Há Controle;Comercial;0;0;2;1;0;0;0;0;0;0;0;0;-38,524268;-3,727970;;;
256001;26;8;2015;07:40;9220;AV 13 DE MAIO;RUA NAPOLEAO LAUREANO;;;;Colisão Traseira;Luz do Dia;Bom;Seca;Cruz;Semáforo;Comercial;0;1;1;0;0;0;0;0;0;1;0;0;-38,528825;-3,749758;;;
256005;26;8;2015;19:40;12457;RUA PRO GOMES BRASIL;AV AUGUSTO DOS ANJOS;;;;Colisão Traseira;Via Iluminada;Bom;Seca;Cruz;Semáforo;Comercial;0;0;2;1;1;0;0;0;0;0;0;0;-38,570427;-3,770153;;;
270868;26;8;2015;22:40;1611;RUA VICENTE LINHARES;RUA CEL JUCA;;;;Colisão;;;;Cruz;Pare;Residencial;0;0;2;0;0;0;0;0;0;0;0;0;-38,493430;-3,744356;;;
270871;26;8;2015;23:17;0;RUA JULIO LIMA;;;;;Colisão;;;;Meio de Quadra;;;0;0;2;0;0;0;0;0;0;0;0;0;;;;;
270859;26;8;2015;21:50;0;AV PRS CASTELO BRANCO;;;;;Colisão;;;;Meio de Quadra;;;0;0;2;0;0;0;0;0;0;0;0;0;;;;;
270832;26;8;2015;15:58;19045;RUA ANDRE DALL OLIO;RUA DES WALDETARIO P MOTA;;;;Colisão;Luz do Dia;;;Cruz;Pare;Residencial;0;0;2;0;0;0;0;0;0;0;0;0;-38,480043;-3,735907;;;
270854;26;8;2015;18:33;0;RUA STA ROSA D65 (COAÇU);;;;;Colisão;;;;Meio de Quadra;;;0;0;2;0;0;0;0;0;0;0;0;0;;;;;
270847;26;8;2015;16:32;0;AV DEP PAULINO ROCHA;;;;;Colisão;Luz do Dia;;;Meio de Quadra;;;0;0;2;0;0;0;0;0;0;0;0;0;;;;;
270848;26;8;2015;16:44;0;AV GAL OSORIO DE PAIVA;;;;;Colisão;Luz do Dia;;;Meio de Quadra;;;0;0;2;0;0;0;0;0;0;0;0;0;;;;;
270850;26;8;2015;18:05;0;AV JOAO DE ARAUJO LIMA;;;;;Colisão;Anoitecer;;;Meio de Quadra;;;0;0;2;0;0;0;0;0;0;0;0;0;;;;;
270838;26;8;2015;16:08;23707;RUA ARARAQUARA;AV GAL OSORIO DE PAIVA;;;;Colisão;Luz do Dia;;;Outros;Pare;Comercial;0;0;2;0;0;0;0;0;0;0;0;0;-38,578753;-3,783347;;;
270844;26;8;2015;16:30;0;AV DOS EXPEDICIONARIOS;;;;;Colisão;Luz do Dia;;;Meio de Quadra;;;0;0;2;0;0;0;0;0;0;0;0;0;;;;;
270825;26;8;2015;15:14;13490;RUA PINHO PESSOA;AV RUI BARBOSA;;;;Colisão;Luz do Dia;;;Cruz;Pare;Misto;0;0;2;0;0;0;0;0;0;0;0;0;-38,512465;-3,745389;;;
270823;26;8;2015;14:35;0;AV BEZERRA DE MENEZES;;;;;Colisão;Luz do Dia;;;Meio de Quadra;;;0;0;2;0;0;0;0;0;0;0;0;0;;;;;
270818;26;8;2015;14:30;1259;RUA ILDEFONSO ALBANO;RUA PDE LUIS FIGUEIRA;;;;Colisão;Luz do Dia;;;Cruz;Pare;Comercial;0;0;2;0;0;0;0;0;0;0;0;0;-38,513063;-3,732813;;;
270813;26;8;2015;13:45;0;RUA PIERRE LUZ;;;;;Colisão;Luz do Dia;;;Meio de Quadra;;;0;0;2;0;0;0;0;0;0;0;0;0;;;;;
270814;26;8;2015;13:50;7650;AV CARNEIRO DE MENDONCA;RUA BELO HORIZONTE;;;;Colisão;Luz do Dia;;;Cruz;Pare;Misto;0;0;2;0;0;0;0;0;0;0;0;0;-38,567567;-3,763666;;;
270816;26;8;2015;13:54;0;AV JOSE BASTOS;;;;;Colisão;Luz do Dia;;;Meio de Quadra;;;0;0;2;0;0;0;0;0;0;0;0;0;;;;;
270805;26;8;2015;12:33;25071;RUA TEODORICO BARROSO;AV DOS EXPEDICIONARIOS;;;;Colisão;Luz do Dia;;;Cruz;Pare;Comercial;0;0;2;0;0;0;0;0;0;0;0;0;-38,541696;-3,766646;;;
270798;26;8;2015;11:59;0;AV CARNEIRO DE MENDONCA;;;;;Colisão;Luz do Dia;;;Meio de Quadra;;;0;0;2;0;0;0;0;0;0;0;0;0;;;;;
270808;26;8;2015;12:45;0;RUA JOSE HIPOLITO;;;;;Colisão;Luz do Dia;;;Meio de Quadra;;;0;1;1;0;0;0;0;0;0;0;0;0;;;;;
270810;26;8;2015;13:24;0;RUA AMAZONAS;;;;;Colisão;Luz do Dia;;;Meio de Quadra;;;0;0;2;0;0;0;0;0;0;0;0;0;;;;;
270802;26;8;2015;12:32;0;RUA JULIO BRAGA;;;;;Colisão;Luz do Dia;;;Meio de Quadra;;;0;0;2;0;0;0;0;0;0;0;0;0;;;;;
270795;26;8;2015;11:58;9075;RUA CEL JOSE EUCLIDES;AV AGUANAMBI;;;;Colisão;Luz do Dia;;;T;Outros;Comercial;0;0;2;0;0;0;0;0;0;0;0;0;-38,523383;-3,752233;;;
270788;26;8;2015;11:56;22242;RUA CEL MOZART GONDIM;RUA IPE (ALAGADIÇO);;;;Colisão;Luz do Dia;;;Cruz;Pare;Residencial;0;0;2;0;0;0;0;0;0;0;0;0;-38,560214;-3,730108;;;
270785;26;8;2015;11:55;0;RUA JUSTINIANO DE SERPA;;;;;Colisão;Luz do Dia;;;Meio de Quadra;;;0;0;2;0;0;0;0;0;0;0;0;0;;;;;
270777;26;8;2015;10:06;0;AV CONTORNO NORTE (SAO CRSITOVAO);;;;CUCA JANGURUSSU;Colisão;Luz do Dia;;;Meio de Quadra;;;0;0;2;0;0;0;0;0;0;0;0;0;;;;;
270749;26;8;2015;21:36;10420;RUA LUIZ MARIANO;RUA DAS PEDRINHAS;;;;Colisão;;;;Cruz;Não Há Controle;Residencial;0;0;2;0;0;0;0;0;0;0;0;0;-38,600122;-3,761937;;;
270779;26;8;2015;10:31;0;RUA CIDADE PALHANO;;;;;Colisão;Luz do Dia;;;Meio de Quadra;;;0;0;2;0;0;0;0;0;0;0;0;0;;;;;
270780;26;8;2015;11:17;0;RUA DR WANDA SIDOU;;;;;Colisão;Luz do Dia;;;Meio de Quadra;;;0;1;1;0;0;0;0;0;0;0;0;0;;;;;
270781;26;8;2015;11:37;0;RUA DEP MOREIRA DA ROCHA;;;;;Colisão;Luz do Dia;;;Meio de Quadra;;;0;0;2;0;0;0;0;0;0;0;0;0;;;;;
265395;26;8;2015;17:35;26221;RUA PEREIRA DE MIRANDA;AV ALM HENRIQUE SABOIA;;;;Colisão;Anoitecer;;;Cruz;Não Há Controle;Comercial;0;1;0;0;1;0;0;0;0;0;0;0;-38,486210;-3,738316;;;