COD_ACIDENTE;DIA;MES;ANO;HORA;INTERSECAO;LOG1;LOG2;LOG3;NUMERO;REFERENCIA;NATUREZA;ILUMINACAO;TEMPO;SUPERFICIEPISTA;TIPOCRUZAMENTO;CONTROLETRAFEGO;USOSOLO;MORTOS;FERIDOS;ILESOS;AUTOMOVEL;ONIBUS;BICICLETA;CAMINHAO;MICROONIBUS;CICLOMOTOR;MOTOCICLETA;TRACAOANIMAL;TREM;LONG;LAT;;;
265396;26;8;2015;21:40;0;RD BR 116;;;8000;KM-08;Colisão;;;;Meio de Quadra;;;0;1;0;1;0;0;0;0;0;1;0;0;-38,503269;-3,822018;;;
265392;26;8;2015;15:00;0;AV DR SILAS MUNGUBA;;;1700;UECE;Colisão Lateral;Luz do Dia;;;Meio de Quadra;;;0;1;0;1;0;0;1;0;0;0;0;0;-38,552153;-3,785332;;;
256061;26;8;2015;19:40;18303;AV ALM BARROSO;RUA ITAPIPOCA;;;;Colisão Lateral;Via Iluminada;Bom;Seca;T;Não Há Controle;Comercial;0;1;1;1;0;0;0;0;0;1;0;0;-38,516762;-3,720403;;;
256063;26;8;2015;18:45;9170;AV EDUARDO GIRAO;RUA GAL SILVA JUNIOR;;;;Colisão Traseira;Anoitecer;Bom;Seca;Cruz;Semáforo;Comercial;0;0;2;1;0;0;0;0;0;1;0;0;-38,530785;-3,754309;;;
256064;26;8;2015;07:40;0;AV CARNEIRO DE MENDONCA;;;728;;Atropelamento;Luz do Dia;Bom;Seca;Meio de Quadra;Não Há Controle;Comercial;0;1;1;0;0;0;0;0;0;1;0;0;-38,566349;-3,764330;;;
256057;26;8;2015;11:00;0;AV IMPERADOR;;;297;;;Luz do Dia;Bom;Seca;Meio de Quadra;;Comercial;0;0;2;1;0;0;0;0;0;0;0;0;-38,533463;-3,723855;;;
256075;26;8;2015;17:30;1461;RUA CATAO MAMEDE;AV BAR STUDART;;;;Colisão Transversal;Anoitecer;Bom;Seca;Cruz;Não Há Controle;Comercial;0;0;2;1;0;0;0;0;0;0;0;0;-38,507870;-3,738583;;;
256088;26;8;2015;09:10;0;AV DEP PAULINO ROCHA;AV ALBERTO CRAVEIRO;;;;Colisão Traseira;Luz do Dia;Bom;Seca;Meio de Quadra;Dê Preferência;Comercial;0;0;2;0;1;0;0;0;0;0;0;0;;;;;
256084;26;8;2015;07:30;7733;AV JOAO PESSOA;RUA BAR SOBRAL;;;;Colisão Lateral;Luz do Dia;Bom;Seca;Outros;Semáforo;Comercial;0;2;0;0;0;0;0;0;0;1;0;0;-38,558693;-3,764518;;;
256080;26;8;2015;16:30;0;AV LUCIANO CARNEIRO;;;1991;;Colisão Transversal;Luz do Dia;Bom;Seca;Meio de Quadra;Semáforo;Residencial;0;1;1;1;0;0;0;0;0;1;0;0;-38,536703;-3,765012;;;
256069;26;8;2015;23:30;0;RUA TRES CORACOES;;;330;;Colisão Traseira;;Bom;;Meio de Quadra;;Residencial;0;1;1;1;0;0;0;0;0;1;0;0;;;;;
256066;26;8;2015;07:30;0;AV BORGES DE MELO;;;1620;;Colisão Traseira;Luz do Dia;Bom;Seca;Meio de Quadra;Não Há Controle;Comercial;0;0;2;1;0;0;0;0;0;0;0;0;-38,534035;-3,756518;;;
256067;26;8;2015;07:15;0;RUA SAMUEL UCHOA;;;78;;Colisão Lateral;Luz do Dia;Bom;Seca;Meio de Quadra;Não Há Controle;Comercial;0;0;2;1;0;0;0;0;0;0;0;0;-38,541981;-3,757381;;;
256054;26;8;2015;07:30;0;AV PRS CASTELO BRANCO;;;2043;;Colisão Lateral;Luz do Dia;Bom;Seca;Outros;Semáforo;Comercial;0;0;2;1;1;0;0;0;0;0;0;0;-38,546120;-3,714703;;;
256041;26;8;2015;19:30;1250;RUA COSTA BARROS;AV BAR STUDART;;;;Colisão Transversal;Via Iluminada;Bom;Seca;Cruz;Semáforo;Comercial;0;0;2;1;0;0;0;0;0;0;0;0;-38,505837;-3,732231;;;
256045;26;8;2015;18:00;0;AV PRS JUSCELINO KUBITSCHEK (PASSARÉ);;;3275;;Colisão Lateral;Via Iluminada;Bom;Molhada;Meio de Quadra;Não Há Controle;Residencial;0;0;2;1;0;0;1;0;0;0;0;0;-38,526552;-3,809227;;;
256038;26;8;2015;07:10;22142;RUA CEL NUNES DE MELO;RUA GUSTAVO BRAGA;;;;Colisão Lateral;Luz do Dia;Bom;Seca;Cruz;Pare;Comercial;0;0;2;1;0;0;0;0;0;0;0;0;-38,553931;-3,749809;;;
256024;26;8;2015;08:10;0;AV CARAPINIMA;;;;;Colisão Lateral;Luz do Dia;Bom;;;;;0;0;2;1;1;0;0;0;0;0;0;0;;;;;
256034;26;8;2015;17:00;23451;RUA PAULO FIRMEZA;RUA SABINO MONTE;;;;Colisão Transversal;;Bom;Seca;Cruz;Pare;Residencial;0;1;1;1;0;0;0;0;0;1;0;0;-38,511850;-3,757031;;;
256030;26;8;2015;19:29;0;AV JOSE SABOIA;;;300;;Colisão Traseira;;Bom;Seca;Meio de Quadra;;Industrial;0;0;2;1;0;0;0;0;0;0;0;0;-38,467612;-3,717001;;;
256027;26;8;2015;15:40;0;RUA PDE VALDEVINO;;;7303;;Colisão Lateral;Luz do Dia;Bom;Seca;Meio de Quadra;Semáforo;Comercial;0;0;2;1;0;0;0;0;0;0;0;0;;;;;
256016;26;8;2015;21:45;15135;AV HIS RAIMUNDO GIRAO;RUA FRANCISCO DIAS RIBEIRO;;;;Colisão Lateral;Via Iluminada;Bom;Seca;Cruz;Não Há Controle;Residencial;0;0;2;1;0;0;0;0;0;0;0;0;-38,504397;-3,724024;;;
256111;26;8;2015;07:30;26176;AV ODILON GUIMARAES;RUA AFONSO HENRIQUE;;;;Colisão Lateral;Luz do Dia;Bom;Seca;T;Pare;Comercial;0;0;2;0;0;0;1;0;0;1;0;0;-38,480330;-3,826720;;;
256103;26;8;2015;08:20;0;AV ALBERTO CRAVEIRO;;;;;Engavetamento;Luz do Dia;Bom;Seca;Meio de Quadra;Não Há Controle;Comercial;0;1;2;1;1;0;0;0;0;1;0;0;;;;;
256130;26;8;2015;19:20;0;AV DEP PAULINO ROCHA;;;;ROTATÓRIA;Colisão Lateral;Via Iluminada;Bom;Seca;Meio de Quadra;;Lazer;0;0;2;1;0;0;0;0;0;0;0;0;;;;;
256009;26;8;2015;08:55;0;AV 13 DE MAIO;;;;;Colisão Traseira;Luz do Dia;Bom;Seca;Meio de Quadra;Não Há Controle;Residencial;0;1;1;1;0;0;0;0;0;1;0;0;-38,528887;-3,749704;;;
256010;26;8;2015;10:50;8950;RUA RUBIA SAMPAIO;AV BEZERRA DE MENEZES;;;;Colisão Lateral;Luz do Dia;Bom;Seca;T;Pare;Comercial;0;0;2;1;0;0;0;0;0;0;0;0;-38,540176;-3,730585;;;
259592;26;8;2015;17:55;0;RD CE-040;;;;KM-04;Colisão;Anoitecer;;Seca;Meio de Quadra;;;0;0;2;1;1;0;0;0;0;0;0;0;-38,480251;-3,792050;;;
259593;26;8;2015;16:00;0;RD CE-040;;;;KM-12;Colisão;Luz do Dia;;Seca;Meio de Quadra;;;0;0;3;1;0;0;0;0;0;0;0;0;-38,476237;-3,848945;;;
259584;26;8;2015;07:20;0;RD CE-040;;;;KM-02;Colisão;Luz do Dia;;Seca;Meio de Quadra;;;0;1;2;1;0;0;0;0;0;1;0;0;-38,481598;-3,776479;;;
259597;27;8;2015;05:40;0;RD CE-040;;;;KM-12;Colisão;Via Iluminada;;Seca;Meio de Quadra;;;0;1;1;1;0;0;0;0;0;0;0;0;-38,476237;-3,848945;;;
259600;27;8;2015;09:30;0;RD CE-040;;;;KM-10;Colisão;Luz do Dia;;Seca;Meio de Quadra;;;0;1;2;1;0;0;0;0;1;0;0;0;-38,480068;-3,838671;;;
259612;27;8;2015;15:40;0;RD CE-040;;;;KM-03;Colisão;Luz do Dia;;Seca;Meio de Quadra;;;0;0;3;1;0;0;1;0;0;0;0;0;-38,481014;-3,783185;;;
259613;27;8;2015;17:00;0;RD CE-040;;;;KM-10;Colisão Lateral;Via Iluminada;;Seca;Meio de Quadra;;;0;0;2;1;0;0;0;0;0;0;0;0;-38,480068;-3,838671;;;
256128;27;8;2015;15:30;0;RUA ANTONIO ALEXANDRINO DOS REIS;;;237;;Colisão Lateral;Luz do Dia;Bom;Seca;Meio de Quadra;Não Há Controle;Residencial;0;1;1;1;0;0;0;0;0;1;0;0;;;;;
256108;27;8;2015;19:40;0;AV BEIRA MAR;;;3860;;Colisão Lateral;Anoitecer;Bom;Seca;Meio de Quadra;Não Há Controle;Residencial;0;0;2;1;0;0;0;0;0;0;0;0;-38,487193;-3,723328;;;
256093;27;8;2015;16:50;1321;RUA MARCOS MACEDO;RUA VICENTE LEITE;;;;Colisão Lateral;Luz do Dia;Bom;Seca;Cruz;Pare;Comercial;0;0;2;1;0;0;0;0;0;0;0;0;-38,494787;-3,735201;;;
256097;27;8;2015;21:00;15984;RUA GASTAO JUSTA;RUA DR RODRIGO C SANDOVAL;;;;Colisão Transversal;Via Iluminada;Bom;Seca;Cruz;Pare;Residencial;0;1;1;1;0;0;0;0;0;1;0;0;-38,569575;-3,805778;;;
256098;27;8;2015;15:00;20042;AV DEP PAULINO ROCHA;AV PRS JUSCELINO KUBITSCHEK (PASSARÉ);;;;Colisão Traseira;Luz do Dia;Bom;Seca;Rotatória;Não Há Controle;Lazer;0;0;2;1;0;0;0;0;0;0;0;0;-38,524782;-3,807229;;;
256121;27;8;2015;14:00;18299;RUA JOSE AVELINO;RUA SEN ALMINO;;;;Colisão Lateral;Luz do Dia;Bom;Seca;Cruz;Pare;Comercial;0;0;2;1;0;0;0;0;0;0;0;0;-38,517954;-3,722476;;;
256124;27;8;2015;15:30;2436;AV PRS CASTELO BRANCO;RUA GRACA ARANHA;;;;Colisão Transversal;Luz do Dia;Bom;Seca;;Não Há Controle;Comercial;0;3;0;0;0;0;0;0;0;1;0;0;-38,572655;-3,706856;;;
256113;27;8;2015;11:00;0;AV 13 DE MAIO;;;31;;Colisão Traseira;Luz do Dia;Bom;Seca;Meio de Quadra;Semáforo;Comercial;0;0;3;1;0;0;0;0;0;0;0;0;-38,520567;-3,753552;;;
256110;27;8;2015;19:30;1454;RUA JOAQUIM NABUCO;RUA AFONSO CELSO;;;;Colisão Lateral;Via Iluminada;Bom;Seca;Cruz;Pare;Residencial;0;0;2;1;0;0;0;0;0;0;0;0;-38,502300;-3,738407;;;
259186;27;8;2015;14:00;0;RD BR 116;;;5000;KM-05;Colisão Traseira;Luz do Dia;Bom;Seca;Meio de Quadra;Não Há Controle;Comercial;0;0;5;1;0;0;1;0;0;0;0;0;-38,506787;-3,796502;;;
259189;27;8;2015;19:30;0;RD BR 116;;;1000;KM-01;Colisão Traseira;Via Iluminada;Bom;Seca;Meio de Quadra;Não Há Controle;Comercial;0;2;1;1;0;0;0;0;0;1;0;0;-38,518702;-3,762554;;;
259219;27;8;2015;15:00;0;RD BR 222;;;;KM-02;Colisão;Luz do Dia;Nublado;Seca;Meio de Quadra;Não Há Controle;;0;1;1;1;0;0;0;0;0;1;0;0;-38,586880;-3,738951;;;
265401;27;8;2015;11:00;5686;RUA MARGARIDA DE QUEIROZ;RUA MELO CESAR;;;;Colisão;Luz do Dia;;;Cruz;Pare;Rural;0;1;0;1;0;0;0;0;0;1;0;0;-38,504462;-3,794381;;;
265402;27;8;2015;13:20;13161;AV D CJ JOSE WALTER;RUA 69 CJ JOSE WALTER;;;;Colisão;Luz do Dia;;;T;Não Há Controle;Comercial;0;1;0;0;0;0;0;0;0;1;0;0;-38,555098;-3,831825;;;
265404;27;8;2015;15:00;10634;AV WASHINGTON SOARES;AV MIGUEL DIAS;;;;Colisão;Luz do Dia;;;T;Semáforo;Comercial;0;1;0;1;0;0;0;0;0;1;0;0;-38,488341;-3,757742;;;
265405;27;8;2015;20:30;24272;RUA TAVARES COUTINHO;RUA DR ALOISIO MAMEDE;;;;Colisão;;;;Cruz;Pare;Comercial;0;1;0;1;0;0;0;0;0;1;0;0;-38,483864;-3,732445;;;
256140;27;8;2015;07:40;0;AV JOAO PESSOA;;;6330;;Colisão Lateral;Luz do Dia;Bom;Seca;Meio de Quadra;Não Há Controle;Comercial;0;0;3;1;0;0;1;0;0;0;0;0;-38,559172;-3,765695;;;
256137;27;8;2015;12:30;19730;RUA CRUZ SALDANHA;RUA DOM MANUEL DE MEDEIROS;;;;Colisão Transversal;Luz do Dia;Bom;Seca;Cruz;Pare;Residencial;0;0;2;1;0;0;0;0;0;0;0;0;-38,553612;-3,736980;;;
256151;27;8;2015;18:00;0;AV BEZERRA DE MENEZES;;;113;;Colisão Transversal;Via Iluminada;Bom;Seca;Meio de Quadra;Semáforo Intermitente;Comercial;0;2;1;0;1;0;0;0;0;1;0;0;-38,545728;-3,731776;;;
256152;27;8;2015;12:30;15366;RUA PEREIRA VALENTE;RUA PRO DIAS DA ROCHA;;;;Colisão Lateral;Luz do Dia;Bom;Seca;Cruz;Pare;Comercial;0;1;1;1;0;0;0;0;0;0;0;0;-38,491243;-3,734132;;;
256154;27;8;2015;03:30;0;RUA JOR ANTONIO P TAVARES;;;1141;;Colisão Traseira;Via Iluminada;Bom;Seca;Meio de Quadra;Não Há Controle;Misto;0;0;2;0;0;0;0;1;0;0;0;0;-38,507599;-3,813478;;;
256155;27;8;2015;12:30;22127;RUA MAJ PEDRO SAMPAIO;RUA GUSTAVO BRAGA;;;;Colisão Transversal;Luz do Dia;Bom;Seca;Cruz;Pare;Residencial;0;2;1;1;0;0;0;0;0;0;0;0;-38,555389;-3,748479;;;
270875;27;8;2015;07:39;0;RUA EDUARDO PORTO;;;;;Colisão;Luz do Dia;;;Meio de Quadra;;;0;0;2;0;0;0;0;0;0;0;0;0;;;;;
270886;27;8;2015;08:01;7712;RUA JOAO CAPOTE;AV CARNEIRO DE MENDONCA;;;;Colisão;Luz do Dia;;;Cruz;Pare;Residencial;0;0;2;0;0;0;0;0;0;0;0;0;-38,561662;-3,766458;;;
270931;27;8;2015;10:28;1463;RUA ROCHA LIMA;RUA ILDEFONSO ALBANO;;;;Colisão;Luz do Dia;;;Cruz;Pare;Comercial;0;0;2;0;0;0;0;0;0;0;0;0;-38,515157;-3,738687;;;
270928;27;8;2015;10:24;19824;RUA ARMANDO OLIVEIRA;AV ENG HUMBERTO MONTE;;;;Colisão;Luz do Dia;;;Outros;Não Há Controle;Residencial;0;0;2;0;0;0;0;0;0;0;0;0;-38,567671;-3,740607;;;
270925;27;8;2015;10:10;7393;RUA AUDISIO PINHEIRO;RUA PRO EDGAR DE ARRUDA;;;;Colisão;Luz do Dia;;;Cruz;Pare;Residencial;0;0;2;0;0;0;0;0;0;0;0;0;-38,587846;-3,756603;;;
270917;27;8;2015;09:29;19611;RUA NEREU RAMOS;AV GODOFREDO MACIEL;;;;Colisão;Luz do Dia;;;T;Semáforo;Residencial;0;0;2;0;0;0;0;0;0;0;0;0;-38,566802;-3,787250;;;
270901;27;8;2015;11:25;9952;RUA JOSE TORRES;RUA EMILIO DE MENESES;;;;Colisão;Luz do Dia;;;Cruz;Pare;Comercial;0;0;2;0;0;0;0;0;0;0;0;0;-38,606283;-3,776425;;;
270915;27;8;2015;08:31;14578;RUA HONORIO VIEIRA;RUA DR JOSE PERDIGAO;;;;Colisão;Luz do Dia;;;;;;0;0;2;0;0;0;0;0;0;0;0;0;-38,486845;-3,789285;;;
270908;27;8;2015;08:09;0;RUA NOVA CONQUISTA (GRANJA LISBOA);;;;;Colisão;Luz do Dia;;;Meio de Quadra;;;0;0;2;0;0;0;0;0;0;0;0;0;;;;;
270938;27;8;2015;10:36;5082;RUA DR JOAO MOREIRA;RUA BAR RIO BRANCO;;;;Colisão;Luz do Dia;;;Cruz;Não Há Controle;Comercial;0;0;2;0;0;0;0;0;0;0;0;0;-38,527092;-3,722797;;;
270939;27;8;2015;10:43;0;RUA TAVARES IRACEMA;;;;;Colisão;Luz do Dia;;;Meio de Quadra;;;0;0;2;0;0;0;0;0;0;0;0;0;;;;;
270941;27;8;2015;10:52;0;AV A CJ CEARA;;;1008;BEC;Colisão;Luz do Dia;;;Meio de Quadra;;;0;0;2;0;0;0;0;0;0;0;0;0;-38,604451;-3,769808;;;
270942;27;8;2015;10:54;21204;RUA PERNAMBUCO;RUA ESPIRITO SANTO;;;;Colisão;Luz do Dia;;;T;Pare;Residencial;0;0;2;0;0;0;0;0;0;0;0;0;-38,571345;-3,758113;;;
270943;27;8;2015;10:56;0;RUA MON FURTADO;;;;;Colisão;Luz do Dia;;;Meio de Quadra;;;0;0;2;0;0;0;0;0;0;0;0;0;;;;;
255953;27;8;2015;07:00;0;AV SANTOS DUMONT;;;5605;;Colisão Traseira;;Bom;Seca;Meio de Quadra;Semáforo;Misto;0;1;2;1;0;0;0;0;0;1;0;0;-38,481665;-3,741609;;;
266634;27;8;2015;05:46;0;AV WASHINGTON SOARES;;;;;Colisão;Amanhecer;;;Meio de Quadra;;;0;1;0;1;0;0;0;0;0;0;0;0;-38,488576;-3,757652;;;
266648;27;8;2015;08:05;0;RUA A CJ PALMARES (G. LISBOA);;;;;Colisão;Luz do Dia;;;Meio de Quadra;;;0;1;1;1;0;0;0;0;0;1;0;0;;;;;
266650;27;8;2015;08:10;23797;RUA PLACIDO DE CASTRO;RUA ANTONIO COSTA MENDES (PQ SÃO JOSÉ);;;;Colisão;Luz do Dia;;;Cruz;Não Há Controle;Residencial;0;1;2;0;0;0;0;0;0;0;0;0;-38,584743;-3,791050;;;
266652;27;8;2015;08:22;13161;RUA 69 CJ JOSE WALTER;AV D CJ JOSE WALTER;;;;Colisão;Luz do Dia;;;T;Não Há Controle;Comercial;0;1;1;1;0;0;0;0;0;1;0;0;-38,555098;-3,831825;;;
266653;27;8;2015;09:56;22157;RUA MON FURTADO;RUA DELMIRO FARIAS;;;;Colisão;Luz do Dia;;;Cruz;Pare;Residencial;0;1;1;0;0;0;0;0;0;1;0;0;-38,550550;-3,747544;;;
266655;27;8;2015;10:11;0;AV ENG HUMBERTO MONTE;;;;;Colisão;Luz do Dia;;;Meio de Quadra;;;0;1;1;1;0;0;0;0;0;1;0;0;-38,567711;-3,740535;;;
266658;27;8;2015;12:30;0;AV MAJ ASSIS;;;;;Atropelamento;Luz do Dia;;;Meio de Quadra;;;0;1;1;0;0;0;0;0;0;1;0;0;-38,601073;-3,720415;;;
266664;27;8;2015;12:42;0;RUA PEDRO I;;;;;Atropelamento;Luz do Dia;;;Meio de Quadra;;;0;1;1;0;0;0;0;0;0;1;0;0;;;;;
266669;27;8;2015;13:53;0;AV GAL OSORIO DE PAIVA;;;;;Colisão;Luz do Dia;;;Meio de Quadra;;;0;1;1;1;0;0;0;0;0;1;0;0;;;;;
266670;27;8;2015;14:08;0;AV WASHINGTON SOARES;;;;;Colisão;Luz do Dia;;;Meio de Quadra;;;0;1;1;1;0;0;0;0;0;1;0;0;-38,481712;-3,826113;;;
266675;27;8;2015;17:29;0;RUA PRO EDGAR DE ARRUDA;;;;;Colisão;Anoitecer;;;Meio de Quadra;;;0;1;1;1;0;0;0;0;0;1;0;0;-38,584936;-3,758154;;;
266677;27;8;2015;17:33;0;AV PRS CASTELO BRANCO;;;;;Atropelamento;Anoitecer;;;Meio de Quadra;;;0;1;1;0;0;0;0;0;0;1;0;0;;;;;
266678;27;8;2015;18:14;0;AV PRS CASTELO BRANCO;;;;;Atropelamento;Anoitecer;;;Meio de Quadra;;;0;1;1;1;0;0;0;0;0;0;0;0;-38,572831;-3,706790;;;
266686;27;8;2015;18:36;11700;RUA MON VICENTE MARTINS;RUA DES GOMES PARENTE;;;;Atropelamento;;;;Cruz;Não Há Controle;Residencial;0;1;1;0;0;0;0;0;0;1;0;0;-38,581189;-3,772059;;;
266695;27;8;2015;19:24;0;AV GAL OSORIO DE PAIVA;;;;;Atropelamento;;;;Meio de Quadra;;;0;1;1;0;0;0;0;0;0;1;0;0;-38,611416;-3,814354;;;
266698;27;8;2015;19:30;0;RUA VALPARAISO;;;;;Colisão;;;;Meio de Quadra;;;0;1;1;1;0;0;0;0;0;1;0;0;;;;;
266699;27;8;2015;20:44;0;AV CEL CARVALHO;;;;;Colisão;;;;Meio de Quadra;;;0;1;0;0;0;0;0;0;0;0;0;0;-38,585387;-3,727031;;;
266702;27;8;2015;21:21;0;RUA ESTADO DO RIO;;;;;Colisão;;;;Meio de Quadra;;;0;1;1;1;0;0;0;0;0;1;0;0;-38,569549;-3,756417;;;
266712;27;8;2015;08:27;0;RUA ALEXANDRE BARAUNA;;;;;Colisão;Luz do Dia;;;Meio de Quadra;;;0;1;1;1;0;0;0;0;0;1;0;0;;;;;
264515;27;8;2015;17:01;15292;RUA FRE MANSUETO;AV ANTONIO JUSTA;;;;Colisão;Anoitecer;;;Cruz;Pare;Residencial;0;0;2;1;0;0;0;0;0;0;0;0;-38,488950;-3,729381;;;
264512;27;8;2015;09:15;9602;RUA JOSE TORRES;RUA VITAL BRASIL;;;;Colisão;Luz do Dia;;;Cruz;Pare;Comercial;0;0;2;1;1;0;0;0;0;0;0;0;-38,606089;-3,775727;;;
264513;27;8;2015;10:19;0;RUA BERNARDO MANUEL;;;;;Colisão;Luz do Dia;;;Meio de Quadra;;;0;0;2;1;0;0;1;0;0;0;0;0;;;;;
264517;28;8;2015;10:22;0;AV GAL OSORIO DE PAIVA;;;;;Colisão;Luz do Dia;;;Meio de Quadra;;;0;0;2;1;1;0;0;0;0;0;0;0;;;;;
264518;28;8;2015;12:17;0;AV SGT HERMINIO SAMPAIO;;;;;Colisão;Luz do Dia;;;Meio de Quadra;;;0;0;2;0;1;0;0;0;0;0;0;0;;;;;
264522;28;8;2015;17:20;9224;RUA MIN JOAQUIM BASTOS D14;RUA GAL SILVA JUNIOR;;;;Colisão;Anoitecer;;;Cruz;Pare;Residencial;0;0;3;1;0;0;0;0;0;0;0;0;-38,529448;-3,752716;;;
264520;28;8;2015;12:27;5112;RUA CASTRO E SILVA;RUA BAR RIO BRANCO;;;;Colisão;Luz do Dia;;;Cruz;Semáforo;Comercial;0;0;2;1;1;0;0;0;0;0;0;0;-38,527429;-3,723847;;;
264528;28;8;2015;20:43;0;AV AGUANAMBI;;;;;Colisão;;;;Meio de Quadra;;;0;0;2;1;0;0;1;0;0;0;0;0;;;;;
264524;28;8;2015;18:29;0;RUA AMERICO VESPUCIO;;;;;Colisão;Anoitecer;;;Meio de Quadra;;;0;0;2;1;1;0;0;0;0;0;0;0;;;;;
264525;28;8;2015;18:53;0;RUA MARIA QUINTELA;;;;;Colisão;;;;Meio de Quadra;;;0;0;2;1;0;0;1;0;0;0;0;0;;;;;
264530;28;8;2015;21:43;3840;RUA MAL DEODORO;RUA PDE FRANCISCO PINTO;;;;Colisão;;;;T;Não Há Controle;Comercial;0;0;2;1;0;0;0;0;0;0;0;0;-38,537712;-3,745565;;;
266715;28;8;2015;10:56;0;AV CEL CARVALHO;;;;;Queda;Luz do Dia;;;Meio de Quadra;;;0;1;0;0;0;0;0;0;0;1;0;0;;;;;
266720;28;8;2015;12:17;0;RUA ABELARDO MARINHO;;;;;Colisão;Luz do Dia;;;Meio de Quadra;;;0;1;1;1;0;0;0;0;0;1;0;0;;;;;
266722;28;8;2015;15:37;22665;AV COS GOMES DE FREITAS (SAPIRANGA/COITE);AV ENG LEAL LIMA VERDE (SAPIRANGA/COITE);;;;Colisão;Luz do Dia;;;Rotatória;Dê Preferência;Comercial;0;1;1;1;0;0;0;0;0;1;0;0;-38,475739;-3,795341;;;
266743;28;8;2015;18:11;0;AV BEZERRA DE MENEZES;;;;;Atropelamento;Anoitecer;;;Meio de Quadra;;;0;1;1;0;0;0;0;0;0;1;0;0;;;;;
266744;28;8;2015;18:17;11451;RUA PDE FRANCISCO PITA;AV DES FAUSTINO ALBUQUERQUE;;;;Colisão;Anoitecer;;;Cruz;Pare;Comercial;0;1;1;1;0;0;0;0;0;1;0;0;-38,498345;-3,781966;;;
266740;28;8;2015;17:19;0;RUA DR HUGO ROCHA;;;;;Queda;Anoitecer;;;Meio de Quadra;;;0;1;0;0;0;0;0;0;0;1;0;0;-38,569508;-3,718626;;;
266756;28;8;2015;19:23;0;AV N CJ JOSE WALTER;;;;;Colisão;;;;Meio de Quadra;;;0;1;1;1;0;0;0;0;0;1;0;0;;;;;
266774;28;8;2015;19:29;0;AV DEP PAULINO ROCHA;;;;;Atropelamento;;;;Meio de Quadra;;;0;1;0;1;0;0;0;0;0;0;0;0;;;;;
266784;28;8;2015;20:14;0;RD BR 116;;;3000;KM-03;Colisão;;;;Meio de Quadra;;;0;1;1;1;0;0;0;0;0;1;0;0;-38,514372;-3,779838;;;
266779;28;8;2015;19:43;0;AV PRS COSTA E SILVA;;;;;Colisão;;;;Meio de Quadra;;;0;1;1;1;0;0;0;0;0;1;0;0;-38,571914;-3,812746;;;
266780;28;8;2015;19:57;0;AV DOS EXPEDICIONARIOS;;;;;Colisão;;;;Meio de Quadra;;;0;1;1;1;0;0;0;0;0;1;0;0;;;;;
266786;28;8;2015;20:44;15298;RUA BARBOSA DE FREITAS;RUA ANA BILHAR;;;;Colisão;;;;Cruz;Pare;Residencial;0;1;1;1;0;0;0;0;0;1;0;0;-38,495143;-3,729646;;;
266787;28;8;2015;20:52;22159;RUA PRO COSTA MENDES;AV JOSE BASTOS;;;;Colisão;;;;Outros;Não Há Controle;Residencial;0;1;1;0;0;0;0;0;0;1;0;0;-38,551247;-3,750784;;;
270945;28;8;2015;08:13;0;RUA OSVALDO CRUZ (ALDEOTA);;;;;Colisão;Luz do Dia;;;Meio de Quadra;;;0;0;2;0;0;0;0;0;0;0;0;0;;;;;
270946;28;8;2015;11:09;0;RUA PDE VALDEVINO;;;;;Colisão;Luz do Dia;;;Meio de Quadra;;;0;0;2;0;0;0;0;0;0;0;0;0;;;;;
270950;28;8;2015;12:05;0;AV ALBERTO CRAVEIRO;;;;;Colisão;Luz do Dia;;;Meio de Quadra;;;0;0;2;0;0;0;0;0;0;0;0;0;;;;;
270957;28;8;2015;16:14;0;AV SGT HERMINIO SAMPAIO;;;;;Colisão;Luz do Dia;;;Meio de Quadra;;;0;0;2;0;0;0;0;0;0;0;0;0;;;;;
270958;28;8;2015;16:29;0;RUA SAO LEOPOLDO D69;;;;;Colisão;Luz do Dia;;;Meio de Quadra;;;0;0;2;0;0;0;0;0;0;0;0;0;;;;;
270959;28;8;2015;16:52;24229;AV ENG ALBERTO SA;AV ENG SANTANA JUNIOR;;;;Colisão;Luz do Dia;;;Cruz;Semáforo;Comercial;0;0;2;0;0;0;0;0;0;0;0;0;-38,480624;-3,733357;;;
270960;28;8;2015;16:59;0;AV RAD JOSE LIMA VERDE;;;;;Colisão;Luz do Dia;;;Meio de Quadra;;;0;0;2;0;0;0;0;0;0;0;0;0;;;;;
270961;28;8;2015;17:48;0;AV ALM MAXIMIANO DA FONSECA;;;;;Colisão;Anoitecer;;;Meio de Quadra;;;0;0;2;0;0;0;0;0;0;0;0;0;;;;;
270962;28;8;2015;18:30;0;RUA PDE FRANCISCO PITA;;;;;Colisão;Anoitecer;;;Meio de Quadra;;;0;0;2;0;0;0;0;0;0;0;0;0;;;;;
270954;28;8;2015;13:08;0;RUA JOSE HIPOLITO;;;;;Colisão;Luz do Dia;;;Meio de Quadra;;;0;0;2;0;0;0;0;0;0;0;0;0;;;;;
270955;28;8;2015;13:59;6991;RUA 105 CJ ESPERANCA;AV CONTORNO NORTE D71;;;;Colisão;Luz do Dia;;;T;Pare;Misto;0;0;2;0;0;0;0;0;0;0;0;0;-38,589144;-3,812221;;;