COD_ACIDENTE;DIA;MES;ANO;HORA;INTERSECAO;LOG1;LOG2;LOG3;NUMERO;REFERENCIA;NATUREZA;ILUMINACAO;TEMPO;SUPERFICIEPISTA;TIPOCRUZAMENTO;CONTROLETRAFEGO;USOSOLO;MORTOS;FERIDOS;ILESOS;AUTOMOVEL;ONIBUS;BICICLETA;CAMINHAO;MICROONIBUS;CICLOMOTOR;MOTOCICLETA;TRACAOANIMAL;TREM;LONG;LAT;;;
270964;28;8;2015;18:31;17287;AV PRO GOMES DE MATOS;RUA VASCO DA GAMA;;;;Colisão;;;;Cruz;Pare;Comercial;0;0;2;0;0;0;0;0;0;0;0;0;-38,547335;-3,763166;;;
270965;28;8;2015;18:35;0;AV ANTONIO SALES;;;;;Colisão;;;;Meio de Quadra;;;0;0;2;0;0;0;0;0;0;0;0;0;;;;;
270967;28;8;2015;18:46;9281;AV AGUANAMBI;RUA JUVENAL DE CARVALHO;;;;Colisão;;;;Outros;Pare;Comercial;0;0;2;0;0;0;0;0;0;0;0;0;;;;;
270974;28;8;2015;19:03;0;AV DIOGUINHO;;;;;Colisão;;;;Meio de Quadra;;;0;0;2;0;0;0;0;0;0;0;0;0;;;;;
270976;28;8;2015;19:04;25645;AV GODOFREDO MACIEL;RUA CARLOS MAGNO;;;;Colisão;;;;;;;0;0;2;0;0;0;0;0;0;0;0;0;-38,575900;-3,818555;;;
270979;28;8;2015;19:35;0;AV GODOFREDO MACIEL;;;;;Colisão;;;;Meio de Quadra;;;0;0;2;0;0;0;0;0;0;0;0;0;;;;;
270982;28;8;2015;19:42;743;AV PASTEUR;AV PRS CASTELO BRANCO;;;;Colisão;;;;Cruz;Semáforo;Comercial;0;0;2;0;0;0;0;0;0;0;0;0;-38,558856;-3,711181;;;
270985;28;8;2015;20:24;0;RUA DOS ABOLICIONISTAS;;;;;Colisão;;;;Meio de Quadra;;;0;0;2;0;0;0;0;0;0;0;0;0;;;;;
265407;28;8;2015;14:02;0;RUA PEREIRA VALENTE;;;738;;Colisão;Luz do Dia;;;Meio de Quadra;;;0;1;0;0;0;0;0;0;0;1;0;0;-38,494745;-3,733009;;;
265412;28;8;2015;16:50;24337;RUA ABELARDO MARINHO;RUA JORGE ACURCIO;;;;Colisão;Luz do Dia;;;Cruz;Pare;Residencial;0;1;0;1;0;0;0;0;0;1;0;0;-38,531070;-3,764071;;;
265409;28;8;2015;;0;RUA JOSE MONTEIRO DOS SANTOS;;;1111;;Colisão;;;;Meio de Quadra;;;0;1;0;1;0;0;1;0;0;0;0;0;-38,549442;-3,751259;;;
265416;28;8;2015;18:35;0;AV PRS CASTELO BRANCO;;;2709;;Atropelamento;;;;Meio de Quadra;;;1;0;1;1;0;0;0;0;0;0;0;0;-38,552027;-3,712695;;;
265418;28;8;2015;21:37;0;AV DOS EXPEDICIONARIOS;;;4363;;Colisão;;;;Meio de Quadra;;;0;1;0;1;0;0;0;0;0;1;0;0;-38,538672;-3,756651;;;
259222;28;8;2015;18:30;0;RD BR 222;;;;KM-03;Colisão Traseira;Anoitecer;Bom;Seca;Meio de Quadra;Não Há Controle;Comercial;0;2;2;1;0;0;0;0;0;1;0;0;-38,571997;-3,736999;;;
259191;28;8;2015;15:30;0;RD BR 116;;;13000;KM-13;Colisão Lateral;Luz do Dia;Bom;Seca;Meio de Quadra;Não Há Controle;Comercial;0;0;2;1;0;0;1;0;0;0;0;0;-38,497727;-3,864670;;;
259614;28;8;2015;16:20;0;AV MIN JOSE AMERICO;;;;;Colisão;Luz do Dia;;Seca;Meio de Quadra;;;0;0;2;1;0;0;1;0;0;0;0;0;;;;;
259621;29;8;2015;11:00;0;RD CE-040;;;;KM-06;Colisão;Luz do Dia;;Seca;Meio de Quadra;;;0;0;2;1;0;0;0;0;0;0;0;0;-38,478781;-3,811270;;;
259624;29;8;2015;13:30;0;RD CE-040;;;;KM-08;Engavetamento;Luz do Dia;;Seca;Meio de Quadra;;;0;0;3;1;0;0;1;0;0;0;0;0;-38,481317;-3,823332;;;
259625;29;8;2015;23:10;0;RD CE-040;;;;KM-10;Atropelamento;Via Iluminada;;Seca;Meio de Quadra;;;0;1;1;0;0;0;0;0;0;0;0;0;-38,480068;-3,838671;;;
259195;29;8;2015;14:45;0;RD BR 116;;;3000;KM-03;Colisão Traseira;Luz do Dia;Bom;Seca;Meio de Quadra;Não Há Controle;Comercial;0;1;1;1;0;0;0;0;0;0;0;0;-38,514372;-3,779838;;;
259193;29;8;2015;07:10;0;RD BR 116;;;11000;KM-11;Queda;Luz do Dia;Bom;Seca;Meio de Quadra;Não Há Controle;Comercial;0;1;0;0;0;0;0;0;0;1;0;0;-38,497176;-3,847160;;;
256017;29;8;2015;;0;AV DR THEBERGE;;;1172;;Colisão Traseira;Luz do Dia;Bom;Seca;Meio de Quadra;Não Há Controle;Residencial;0;0;2;1;0;0;0;0;0;0;0;0;-38,564416;-3,713025;;;
256021;29;8;2015;12:20;24328;RUA ARMANDO MONTEIRO;RUA VICENTE PADILHA;;;;Colisão Transversal;Luz do Dia;Bom;Seca;Cruz;Pare;Residencial;0;0;2;1;0;0;0;0;0;0;0;0;-38,536911;-3,763260;;;
256022;29;8;2015;13:30;0;RUA JARDIM FLUMINENSE;;;1700;;Colisão Traseira;Luz do Dia;Bom;Seca;Meio de Quadra;Não Há Controle;Residencial;0;0;2;1;0;0;0;0;0;1;0;0;-38,603773;-3,809202;;;
256023;29;8;2015;17:30;0;AV FRE CIRILO;;;4177;;Colisão Traseira;Anoitecer;Bom;Seca;Meio de Quadra;Não Há Controle;Comercial;0;0;3;1;0;0;0;0;0;0;0;0;-38,495994;-3,820577;;;
256011;29;8;2015;06:00;0;RUA BENI DE CARVALHO;;;413;;Colisão Transversal;Luz do Dia;Bom;Seca;Meio de Quadra;Pare;Residencial;0;0;3;1;0;0;0;0;0;0;0;0;;;;;
256014;29;8;2015;03:00;19669;RUA PRO RAIMUNDO ARRUDA;RUA GUSTAVO SAMPAIO;;;;Colisão Transversal;Via Iluminada;Bom;Seca;Cruz;Pare;Residencial;0;0;2;1;0;0;0;0;0;0;0;0;-38,551915;-3,734328;;;
256015;29;8;2015;17:30;0;AV JOSE BASTOS;;;6510;;Colisão Traseira;Via Iluminada;Bom;Seca;Meio de Quadra;Não Há Controle;Comercial;0;1;1;1;0;0;0;0;0;0;0;0;-38,569576;-3,767391;;;
256007;29;8;2015;21:00;19377;RUA GERMANO FRANCK;RUA EDUARDO PERDIGAO;;;;Colisão Traseira;Anoitecer;Bom;Seca;Cruz;Semáforo;Residencial;0;0;2;1;0;0;0;0;0;0;0;0;-38,562542;-3,777704;;;
266808;29;8;2015;14:32;0;AV JOSE BASTOS;;;;;Colisão;Luz do Dia;;;Meio de Quadra;;;0;1;1;1;0;0;0;0;0;1;0;0;-38,546954;-3,746523;;;
266809;29;8;2015;15:56;0;AV JOR THOMAZ COELHO;;;;;Atropelamento;Luz do Dia;;;Meio de Quadra;;;0;1;0;0;0;0;0;0;0;0;0;0;;;;;
266813;29;8;2015;18:05;0;AV JOSE BASTOS;;;;;Colisão;Anoitecer;;;Meio de Quadra;;;0;1;0;1;0;0;0;0;0;0;0;0;-38,546954;-3,746523;;;
266814;29;8;2015;18:39;0;RUA DEP MATOSO FILHO;;;;;Colisão;;;;Meio de Quadra;;;0;1;0;0;0;0;0;0;0;0;0;0;-38,587476;-3,731132;;;
266815;29;8;2015;19:09;0;RUA MARIA GOMES DE SA;;;;;Atropelamento;;;;Meio de Quadra;;;0;1;1;0;0;0;0;0;0;1;0;0;-38,583698;-3,823772;;;
266816;29;8;2015;19:54;0;RUA CANDIDO MAIA;;;;;Colisão;;;;Meio de Quadra;;;0;1;0;0;0;0;0;0;0;0;0;0;;;;;
266817;29;8;2015;21:14;0;RUA AMELIA BENEBIEN;;;;;Colisão;;;;Meio de Quadra;;;0;1;1;1;0;0;0;0;0;1;0;0;;;;;
266818;29;8;2015;21:52;15622;RUA VASCO DE ATAIDE;RUA MEM DE SA;;;;Colisão;;;;Cruz;Pare;Residencial;0;1;1;1;0;0;0;0;0;1;0;0;-38,484923;-3,824277;;;
266819;29;8;2015;23:06;0;AV WASHINGTON SOARES;;;;;Atropelamento;;;;Meio de Quadra;;;0;1;1;1;0;0;0;0;0;0;0;0;;;;;
266811;29;8;2015;17:51;0;AV FRE CIRILO;;;;;Colisão;Anoitecer;;;Meio de Quadra;;;0;1;0;1;0;0;0;0;0;0;0;0;-38,495927;-3,820729;;;
270995;29;8;2015;07:38;0;AV ALBERTO CRAVEIRO;;;;;Colisão;Luz do Dia;;;Meio de Quadra;;;0;0;2;0;0;0;0;0;0;0;0;0;;;;;
271015;29;8;2015;12:25;15423;AV FRE CIRILO;RUA ALBERTO TORRES;;;;Colisão;Luz do Dia;;;;;;0;0;2;0;0;0;0;0;0;0;0;0;-38,498012;-3,815944;;;
271016;29;8;2015;12:41;2494;AV 20 DE JANEIRO;RUA GRACA ARANHA;;;;Colisão;Luz do Dia;;;;;;0;0;2;0;0;0;0;0;0;0;0;0;-38,573603;-3,709479;;;
271012;29;8;2015;12:24;0;RUA BAR CRATO;;;;;Colisão;Luz do Dia;;;Meio de Quadra;;;0;0;2;0;0;0;0;0;0;0;0;0;;;;;
271010;29;8;2015;11:47;0;RUA DEP MATOSO FILHO;;;;;Colisão;Luz do Dia;;;Meio de Quadra;;;0;0;2;0;0;0;0;0;0;0;0;0;;;;;
271007;29;8;2015;11:34;17270;RUA ALAN KARDEC;RUA JOAO FIRMINO;;;;Colisão;Luz do Dia;;;T;Pare;Residencial;0;1;1;0;0;0;0;0;0;0;0;0;-38,553643;-3,762094;;;
271002;29;8;2015;11:26;0;AV JOVITA FEITOSA;;;;;Colisão;Luz do Dia;;;Meio de Quadra;;;0;0;2;0;0;0;0;0;0;0;0;0;;;;;
271000;29;8;2015;11:04;10044;RUA EMILIO DE MENESES;RUA ANTONIO NERY;;;;Colisão;Luz do Dia;;;Cruz;Pare;Comercial;0;0;2;0;0;0;0;0;0;0;0;0;-38,600204;-3,778162;;;
271055;29;8;2015;20:56;0;RUA HIPOLITO PAMPLONA;;;;;Colisão;;;;Meio de Quadra;;;0;0;2;0;0;0;0;0;0;0;0;0;;;;;
271063;29;8;2015;21:59;0;RUA MEM DE SA;;;;;Atropelamento;;;;Meio de Quadra;;;0;0;2;0;0;0;0;0;0;0;0;0;;;;;
271064;29;8;2015;22:35;0;RUA DUARTE DA COSTA;;;;;Colisão;;;;Meio de Quadra;;;0;0;2;0;0;0;0;0;0;0;0;0;;;;;
271065;29;8;2015;23:17;17373;AV PRO GOMES DE MATOS;RUA CEL ALEXANDRINO;;;;Colisão;;;;Cruz;Pare;Comercial;0;0;2;0;0;0;0;0;0;0;0;0;-38,550403;-3,766732;;;
271066;29;8;2015;23:32;0;RUA PRO COSTA MENDES;;;;;Choque c/ Obstáculo Fixo;;;;Meio de Quadra;;;0;0;1;0;0;0;0;0;0;0;0;0;;;;;
271060;29;8;2015;21:30;1459;RUA BARBOSA DE FREITAS;RUA EDUARDO GARCIA;;;;Colisão;;;;Cruz;Semáforo;Comercial;0;0;2;0;0;0;0;0;0;0;0;0;-38,497999;-3,738523;;;
271031;29;8;2015;15:07;0;AV CENTRAL;;;;;Colisão;Luz do Dia;;;Meio de Quadra;;;0;0;2;0;0;0;0;0;0;0;0;0;;;;;
271020;29;8;2015;13:46;15126;AV HIS RAIMUNDO GIRAO;AV RUI BARBOSA;;;;Colisão;Luz do Dia;;;Cruz;Semáforo;Lazer;0;0;2;0;0;0;0;0;0;0;0;0;-38,505405;-3,723546;;;
271021;29;8;2015;13:49;1450;RUA JOAO CARVALHO;RUA JOSE VILAR;;;;Colisão;Luz do Dia;;;Cruz;Semáforo;Residencial;0;0;2;0;0;0;0;0;0;0;0;0;-38,505477;-3,738318;;;
271035;29;8;2015;15:35;0;RUA ALM RUBIM;;;;;Colisão;Luz do Dia;;;Meio de Quadra;;;0;0;2;0;0;0;0;0;0;0;0;0;;;;;
271036;29;8;2015;16:03;24185;RUA DO MORRO;RUA JOSE CARLOS GURGEL NOGUEIRA;;;;Colisão;Luz do Dia;;;;;;0;0;2;0;0;0;0;0;0;0;0;0;;;;;
271038;29;8;2015;16:49;0;RUA TEN JOSE NEWTON;;;;;Colisão;Luz do Dia;;;Meio de Quadra;;;0;0;2;0;0;0;0;0;0;0;0;0;;;;;
271040;29;8;2015;17:27;0;RUA VALPARAISO;;;;;Colisão;Anoitecer;;;Meio de Quadra;;;0;0;2;0;0;0;0;0;0;0;0;0;;;;;
271041;29;8;2015;17:53;0;RUA TAB JOAQUIM COELHO;;;;;Atropelamento;Anoitecer;;;Meio de Quadra;;;0;0;2;0;0;0;0;0;0;0;0;0;;;;;
271042;29;8;2015;18:10;3242;RUA PRIMEIRO DE MAIO D34;RUA JOSE ARISTOTELES GONDIM;;;;;Anoitecer;;;Cruz;Pare;Residencial;0;0;2;0;0;0;0;0;0;0;0;0;-38,586280;-3,783524;;;
271043;29;8;2015;18:46;15194;RUA DEP MOREIRA DA ROCHA;RUA ILDEFONSO ALBANO;;;;Colisão;;;;Cruz;Pare;Residencial;0;0;2;0;0;0;0;0;0;0;0;0;-38,511072;-3,726480;;;
271046;29;8;2015;19:45;0;RUA JOSE AVELINO;;;;;Colisão;;;;Meio de Quadra;;;0;0;2;0;0;0;0;0;0;0;0;0;;;;;
271049;29;8;2015;19:47;0;AV AUGUSTO DOS ANJOS;;;;;Colisão;;;;Meio de Quadra;;;0;0;2;0;0;0;0;0;0;0;0;0;;;;;
271051;29;8;2015;19:48;7382;AV SEN FERNANDES TAVORA;RUA SAO LUIS D30;;;;Colisão;;;;Cruz;Pare;Residencial;0;0;2;0;0;0;0;0;0;0;0;0;-38,591428;-3,757244;;;
271053;29;8;2015;20:42;0;RUA HIPOLITO PAMPLONA;;;;;Colisão;;;;Meio de Quadra;;;0;0;2;0;0;0;0;0;0;0;0;0;;;;;
266791;29;8;2015;00:43;3901;AV EDUARDO GIRAO;RUA JORGE DUMAR;;;;Colisão;;;;Cruz;Semáforo;Comercial;0;1;1;1;0;0;0;0;0;1;0;0;-38,538695;-3,749691;;;
266793;29;8;2015;04:07;0;RUA NAT FEIJO;;;;;Atropelamento;;;;Meio de Quadra;;;0;1;1;0;0;0;0;0;0;1;0;0;;;;;
266795;29;8;2015;05:38;0;AV AUGUSTO DOS ANJOS;;;;;Colisão;Amanhecer;;;Meio de Quadra;;;0;1;0;0;0;0;0;0;0;0;0;0;-38,577781;-3,778600;;;
266796;29;8;2015;06:15;0;AV ROGACIANO LEITE;;;;;Queda;Luz do Dia;;;Meio de Quadra;;;0;1;0;0;0;0;0;0;0;1;0;0;;;;;
266797;29;8;2015;07:07;0;RD BR 116;;;12000;KM-12;Queda;Luz do Dia;;;Meio de Quadra;;;0;1;0;0;0;0;0;0;0;1;0;0;-38,496066;-3,855740;;;
266798;29;8;2015;07:18;0;RUA EMILIO DE MENESES;;;;;Colisão;Luz do Dia;;;Meio de Quadra;;;0;1;1;1;0;0;0;0;0;1;0;0;-38,600125;-3,778182;;;
266799;29;8;2015;09:32;0;RUA FERREIRA DOS SANTOS;;;;;Queda;Luz do Dia;;;Meio de Quadra;;;0;1;0;0;0;0;0;0;0;1;0;0;;;;;
266800;29;8;2015;11:01;21829;RUA GAL JOAO COUTO;RUA DEP MATOSO FILHO;;;;Colisão;Luz do Dia;;;Cruz;Pare;Residencial;0;1;1;1;0;0;0;0;0;1;0;0;-38,587908;-3,731326;;;
266801;29;8;2015;11:50;0;AV JOAO PESSOA;;;;;Queda;Luz do Dia;;;Meio de Quadra;;;0;1;0;0;0;0;0;0;0;1;0;0;;;;;
266802;29;8;2015;12:24;0;AV ENG HUMBERTO MONTE;;;;;Colisão;Luz do Dia;;;Meio de Quadra;;;0;1;1;1;0;0;0;0;0;1;0;0;-38,557641;-3,752612;;;
266803;29;8;2015;14:01;0;AV FRE CIRILO;;;;;Colisão;Luz do Dia;;;Meio de Quadra;;;0;1;1;1;0;0;0;0;0;1;0;0;-38,493800;-3,825645;;;
266804;29;8;2015;14:18;10749;RUA PRO HERIBALDO COSTA;AV SEN FERNANDES TAVORA;;;;Queda;Luz do Dia;;;Cruz;Semáforo;Comercial;0;1;0;0;0;0;0;0;0;1;0;0;-38,584384;-3,761006;;;
255970;29;8;2015;13:20;0;AV DOMINGOS OLIMPIO;;;1331;;Engavetamento;Luz do Dia;Bom;Seca;Meio de Quadra;Não Há Controle;Residencial;0;0;3;1;0;0;0;0;0;0;0;0;-38,535538;-3,735165;;;
255967;29;8;2015;13:50;0;AV 13 DE MAIO;;;105;;Colisão Traseira;Luz do Dia;Bom;Seca;Meio de Quadra;Não Há Controle;Comercial;0;1;1;0;0;0;0;0;0;1;0;0;-38,521663;-3,753663;;;
255976;29;8;2015;05:00;17383;RUA BAR SOBRAL;RUA EUZEBIO DE QUEIROS;;;;Colisão Transversal;Amanhecer;Bom;Seca;Cruz;Pare;Residencial;0;1;1;1;1;0;0;0;0;0;0;0;-38,554121;-3,767051;;;
255962;29;8;2015;14:30;0;AV FRE CIRILO;;;4810;;Colisão Lateral;Luz do Dia;Bom;Seca;Meio de Quadra;Outros;Lazer;0;1;1;1;0;0;0;0;0;0;0;0;-38,493800;-3,825645;;;
255963;29;8;2015;10:00;13416;AV RUI BARBOSA;RUA JOAO BRIGIDO;;;;Colisão Lateral;Luz do Dia;Bom;Seca;Cruz;Pare;Comercial;0;0;2;1;0;0;0;0;0;0;0;0;-38,511369;-3,741995;;;
255991;29;8;2015;14:00;847;RUA GAL LIMA E SILVA;RUA F UI 610;;;;Colisão Lateral;Luz do Dia;Bom;Seca;T;Não Há Controle;Residencial;1;0;1;1;0;0;0;0;0;1;0;0;-38,513141;-3,776311;;;
256004;29;8;2015;09:30;1534;RUA MON CATAO;RUA EDUARDO GARCIA;;;;Colisão Transversal;Luz do Dia;Bom;Seca;Cruz;Pare;Residencial;0;2;0;1;0;0;0;0;0;0;0;0;-38,491196;-3,740726;;;
256000;29;8;2015;08:00;19409;AV AUGUSTO DOS ANJOS;RUA FRE SERAFIM;;;;Colisão Frontal;Luz do Dia;Bom;Seca;T;Não Há Controle;Residencial;0;1;1;1;0;1;0;0;0;0;0;0;-38,577900;-3,778743;;;
255997;29;8;2015;10:00;0;RUA PRO GOMES BRASIL;;;500;;Colisão Lateral;Luz do Dia;Bom;Seca;Meio de Quadra;Não Há Controle;Comercial;0;0;2;0;0;0;0;0;0;1;0;0;-38,569755;-3,771138;;;
255995;29;8;2015;10:50;0;AV DA UNIVERSIDADE;;;3264;;Colisão Traseira;Luz do Dia;Bom;Seca;Meio de Quadra;Não Há Controle;Comercial;0;0;2;1;0;0;0;0;0;0;0;0;-38,541793;-3,743915;;;
255989;29;8;2015;15:00;25121;RUA FIRMINO ROCHA AGUIAR;RUA ELISEU UCHOA BECCO;;;;Colisão Transversal;Mal Iluminada;Bom;Seca;Cruz;Outros;Comercial;0;1;1;1;1;0;0;0;0;0;0;0;-38,486120;-3,763391;;;
255986;29;8;2015;12:15;0;AV ANTONIO SALES;;;522;;Colisão Lateral;Luz do Dia;Bom;Seca;Meio de Quadra;Não Há Controle;Residencial;0;0;2;1;0;0;0;0;0;0;0;0;-38,516884;-3,740973;;;
255981;29;8;2015;07:55;17383;RUA BAR SOBRAL;RUA EUZEBIO DE QUEIROS;;;;Colisão Lateral;Luz do Dia;Bom;Seca;Cruz;Pare;Residencial;0;0;2;1;0;0;0;1;0;0;0;0;-38,554121;-3,767051;;;
264550;29;8;2015;22:04;15368;RUA FREDERICO BORGES;RUA PEREIRA VALENTE;;;;Colisão;;;;Cruz;Pare;Comercial;0;0;2;1;0;0;0;0;0;0;0;0;-38,489174;-3,734782;;;
264547;29;8;2015;21:42;0;AV SEN FERNANDES TAVORA;;;;;Colisão;;;;Meio de Quadra;;;0;0;2;0;1;0;0;0;0;0;0;0;;;;;
264544;29;8;2015;20:35;0;AV SEN FERNANDES TAVORA;;;;;Colisão;;;;Meio de Quadra;;;0;0;2;1;0;0;0;0;0;1;0;0;;;;;
264541;29;8;2015;18:38;0;RUA BERNARDO MANUEL;;;;;Colisão;;;;Meio de Quadra;;;0;0;2;1;1;0;0;0;0;0;0;0;;;;;
264534;29;8;2015;14:51;0;RUA BERNARDO MANUEL;;;;;Colisão;Luz do Dia;;;Meio de Quadra;;;0;0;2;1;0;0;1;0;0;0;0;0;;;;;
264535;29;8;2015;17:23;0;AV GAL OSORIO DE PAIVA;;;;;Colisão;Anoitecer;;;Meio de Quadra;;;0;0;2;1;1;0;0;0;0;0;0;0;;;;;
264558;30;8;2015;11:27;0;AV GODOFREDO MACIEL;;;;;Colisão;Luz do Dia;;;Meio de Quadra;;;0;0;2;1;0;0;0;1;0;0;0;0;;;;;
264560;30;8;2015;13:12;0;AV SANTOS DUMONT;;;;;Colisão;Luz do Dia;;;Meio de Quadra;;;0;0;2;1;1;0;0;0;0;0;0;0;;;;;
255982;30;8;2015;19:00;0;AV OLIVEIRA PAIVA;;;2513;;Colisão Lateral;Via Iluminada;Bom;Seca;Meio de Quadra;Não Há Controle;Comercial;0;2;1;1;0;0;0;0;0;1;0;0;-38,484005;-3,796074;;;
255980;30;8;2015;07:00;0;RUA DOM JERONIMO D06;;;252;;Colisão Lateral;Via Iluminada;Bom;Seca;Meio de Quadra;Não Há Controle;Comercial;0;1;1;1;0;0;0;0;0;0;0;0;-38,543375;-3,733604;;;
255985;30;8;2015;11:30;6729;RUA BENTO ALBUQUERQUE;RUA DES WALDETARIO P MOTA;;;;Colisão Lateral;Luz do Dia;Bom;Seca;Cruz;Semáforo;Residencial;0;0;2;1;0;0;0;0;0;0;0;0;-38,484685;-3,743274;;;
255990;30;8;2015;12:30;26212;RUA OTACILIO MOTA;RUA MIGUEL DIBE;;;;Colisão Lateral;Luz do Dia;Bom;Seca;T;Pare;Residencial;0;0;2;1;0;0;0;0;0;0;0;0;;;;;
255988;30;8;2015;17:30;0;AV PRS COSTA E SILVA;;;1578;;Colisão Traseira;Via Iluminada;Bom;Seca;Meio de Quadra;Não Há Controle;Residencial;0;0;2;1;0;0;0;0;1;0;0;0;;;;;
255996;30;8;2015;14:15;0;AV PDE ANTONIO TOMAS;;;;;Colisão Lateral;Luz do Dia;Bom;Seca;Meio de Quadra;Pare;Comercial;0;0;2;1;0;0;0;0;0;0;0;0;;;;;
255998;30;8;2015;14:15;12066;AV MON AMARILIO RODRIGUES;RUA 315 CJ SAO CRISTOVAO;;;;Colisão Lateral;Luz do Dia;Bom;Seca;Cruz;Pare;Comercial;0;2;1;1;0;0;0;0;0;1;0;0;-38,524005;-3,835128;;;
256002;30;8;2015;16:35;0;AV SANTOS DUMONT;;;5440;;Colisão Lateral;Luz do Dia;Bom;Seca;Meio de Quadra;Não Há Controle;Comercial;0;0;2;0;1;0;0;0;0;0;0;0;-38,484370;-3,740748;;;
256003;30;8;2015;15:10;0;AV JOR THOMAZ COELHO;;;245;TERM. MESSEJANA;Colisão Lateral;Luz do Dia;Bom;Seca;Meio de Quadra;Outros;Comercial;0;1;3;1;0;0;0;0;0;1;0;0;-38,502049;-3,831867;;;
255977;30;8;2015;10:45;3785;RUA WALDERY UCHOA;RUA ADOLFO HERBSTER;;;;Colisão Transversal;Luz do Dia;Bom;Seca;Cruz;Pare;Residencial;0;0;2;1;0;0;0;0;0;0;0;0;-38,539914;-3,745159;;;
255975;30;8;2015;17:00;9893;RUA NOVA CONQUISTA (BONSUCESSO);RUA SGT JOAO PINHEIRO;;;;Colisão Lateral;Via Iluminada;Bom;Seca;Cruz;Não Há Controle;Residencial;0;1;2;1;0;0;0;0;0;0;0;0;-38,624233;-3,787995;;;
255968;30;8;2015;12:40;15354;RUA FREDERICO BORGES;RUA CANUTO DE AGUIAR;;;;Colisão Transversal;Luz do Dia;Bom;Seca;Cruz;Não Há Controle;Comercial;0;0;2;1;0;0;0;0;0;0;0;0;-38,489246;-3,732629;;;
271070;30;8;2015;00:43;0;AV BEZERRA DE MENEZES;;;;;Colisão;;;;Meio de Quadra;;;0;0;2;0;0;0;0;0;0;0;0;0;;;;;
271072;30;8;2015;00:52;15207;AV RUI BARBOSA;RUA DEP MOREIRA DA ROCHA;;;;Colisão;;;;Cruz;Semáforo;Residencial;0;0;2;0;0;0;0;0;0;0;0;0;-38,506454;-3,726748;;;
271073;30;8;2015;01:55;0;RUA FRANCISCO XAVIER;;;;;Colisão;;;;Meio de Quadra;;;0;0;2;0;0;0;0;0;0;0;0;0;;;;;
271074;30;8;2015;02:24;0;AV DR SILAS MUNGUBA;;;;;Choque c/ Obstáculo Fixo;;;;Meio de Quadra;;;0;0;1;0;0;0;0;0;0;0;0;0;;;;;
271067;30;8;2015;00:36;0;RUA PRO HERIBALDO COSTA;;;;;Colisão;;;;Meio de Quadra;;;0;0;2;0;0;0;0;0;0;0;0;0;;;;;
271081;30;8;2015;08:47;3236;RUA SOUSA CARVALHO;RUA ACACIAS D34;;;;Colisão;Luz do Dia;;;;;;0;0;2;0;0;0;0;0;0;0;0;0;-38,590850;-3,782992;;;
271082;30;8;2015;10:57;0;RUA TEN JURANDIR ALENCAR;;;;;Colisão;Luz do Dia;;;Meio de Quadra;;;0;0;2;0;0;0;0;0;0;0;0;0;;;;;
271076;30;8;2015;04:29;1428;RUA MON CATAO;RUA MARIA TOMASIA;;;;Choque c/ Obstáculo Fixo;;;;Cruz;Pare;Residencial;0;0;1;0;0;0;0;0;0;0;0;0;-38,490242;-3,737741;;;
271077;30;8;2015;04:50;0;AV JOR THOMAZ COELHO;;;;;Colisão;;;;Meio de Quadra;;;0;0;2;0;0;0;0;0;0;0;0;0;;;;;
271078;30;8;2015;05:20;0;RUA BERNARDO MANUEL;;;;;Colisão;Amanhecer;;;Meio de Quadra;;;0;0;2;0;0;0;0;0;0;0;0;0;;;;;
271110;30;8;2015;21:42;0;AV GAL OSORIO DE PAIVA;;;;;Colisão;;;;Meio de Quadra;;;0;0;2;0;0;0;0;0;0;0;0;0;;;;;
271099;30;8;2015;16:15;0;RUA JACAUNA;;;;;Colisão;Luz do Dia;;;Meio de Quadra;;;0;0;2;0;0;0;0;0;0;0;0;0;;;;;
271102;30;8;2015;16:56;0;RUA NOVA CONQUISTA (GRANJA LISBOA);;;;;Colisão;Luz do Dia;;;;;;0;0;2;0;0;0;0;0;0;0;0;0;;;;;
271104;30;8;2015;21:12;6645;RUA NOSSA SRA APARECIDA;RUA SAO FRANCISCO DE ASSIS;;;;Colisão;;;;;;;0;0;2;0;0;0;0;0;0;0;0;0;-38,473672;-3,845522;;;
271112;30;8;2015;06:20;0;RUA BOM JESUS (GRANJA LISBOA);;;;;Colisão;Luz do Dia;;;Meio de Quadra;;;0;0;2;0;0;0;0;0;0;0;0;0;;;;;
266824;30;8;2015;01:41;0;AV PERIMETRAL;;;;;Queda;;;;Meio de Quadra;;;0;1;0;0;0;0;0;0;0;1;0;0;;;;;
266826;30;8;2015;08:24;0;RUA DEP MATOSO FILHO;;;;;Colisão;Luz do Dia;;;Meio de Quadra;;;0;1;0;0;0;0;0;0;0;0;0;0;-38,594019;-3,733848;;;
266827;30;8;2015;10:26;0;RUA ANDRE REBOUCAS;;;;;Atropelamento;Luz do Dia;;;Meio de Quadra;;;0;1;1;0;0;0;0;0;0;1;0;0;-38,590745;-3,775552;;;
266828;30;8;2015;10:56;0;AV MR HULL;;;;;Colisão;Luz do Dia;;;Meio de Quadra;;;0;1;0;1;1;0;0;0;0;0;0;0;;;;;
266834;30;8;2015;15:07;0;AV MON TABOSA;;;;;Colisão;Luz do Dia;;;Meio de Quadra;;;0;1;1;1;0;0;0;0;0;1;0;0;-38,516240;-3,723774;;;
266835;30;8;2015;15:30;0;AV PRS CASTELO BRANCO;;;3405;;Atropelamento;Luz do Dia;;;Meio de Quadra;;;1;0;1;0;0;0;0;0;0;1;0;0;-38,561716;-3,710298;;;
266837;30;8;2015;15:50;0;RUA 23 DE JUNHO;;;;;Queda;Luz do Dia;;;Meio de Quadra;;;0;1;0;0;0;1;0;0;0;0;0;0;-38,605031;-3,782781;;;