COD_ACIDENTE;DIA;MES;ANO;HORA;INTERSECAO;LOG1;LOG2;LOG3;NUMERO;REFERENCIA;NATUREZA;ILUMINACAO;TEMPO;SUPERFICIEPISTA;TIPOCRUZAMENTO;CONTROLETRAFEGO;USOSOLO;MORTOS;FERIDOS;ILESOS;AUTOMOVEL;ONIBUS;BICICLETA;CAMINHAO;MICROONIBUS;CICLOMOTOR;MOTOCICLETA;TRACAOANIMAL;TREM;LONG;LAT;;;
266838;30;8;2015;16:18;0;AV MAJ ASSIS;;;;;Colisão;Luz do Dia;;;Meio de Quadra;;;0;1;0;0;0;0;0;0;0;0;0;0;-38,590274;-3,723294;;;
266820;30;8;2015;00:19;0;AV PRS CASTELO BRANCO;;;;;Colisão;;;;Meio de Quadra;;;0;1;0;0;0;0;0;0;0;1;0;0;-38,549436;-3,713459;;;
266821;30;8;2015;00:37;0;AV ALM HENRIQUE SABOIA;;;;;Colisão;;;;Meio de Quadra;;;0;1;0;0;0;0;0;0;0;1;0;0;-38,481694;-3,730576;;;
266822;30;8;2015;01:17;0;RUA RAD JOAO RAMOS (DUNAS);;;;;Queda;;;;Meio de Quadra;;;0;1;0;0;0;0;0;0;0;1;0;0;;;;;
266831;30;8;2015;11:23;10420;RUA LUIZ MARIANO;RUA DAS PEDRINHAS;;;;Colisão;Luz do Dia;;;Cruz;Não Há Controle;Residencial;0;1;0;0;0;0;0;0;0;1;0;0;-38,600122;-3,761937;;;
266832;30;8;2015;12:15;22081;RUA GUSTAVO BRAGA;RUA CAP FRANCISCO PEDRO;;;;Colisão;Luz do Dia;;;Cruz;Pare;Residencial;0;1;0;0;0;0;0;0;0;1;0;0;-38,552452;-3,751155;;;
266854;30;8;2015;16:58;12812;RUA ANA NERY;AV PRO GOMES DE MATOS;;;;Queda;Luz do Dia;;;;;;0;1;0;0;0;1;0;0;0;0;0;0;-38,540496;-3,755183;;;
266855;30;8;2015;17:00;0;AV PRS COSTA E SILVA;;;;;Colisão;Anoitecer;;;Meio de Quadra;;;0;1;0;0;0;0;0;0;0;0;0;0;;;;;
266856;30;8;2015;17:48;0;AV OLIVEIRA PAIVA;;;;;Colisão;Anoitecer;;;Meio de Quadra;;;0;1;0;0;0;0;0;0;0;0;0;0;-38,483793;-3,796056;;;
266858;30;8;2015;18:33;0;RUA CAP FRANCISCO PEDRO;;;;;Colisão;;;;Meio de Quadra;;;0;1;0;0;0;0;0;0;0;0;0;0;;;;;
266859;30;8;2015;19:31;7674;AV JOSE BASTOS;RUA RIO GRANDE DO NORTE;;;;Colisão;;;;Cruz;Semáforo;Comercial;0;1;1;1;0;0;0;0;0;1;0;0;-38,564477;-3,760562;;;
266860;30;8;2015;20:04;0;AV SEN FERNANDES TAVORA;;;;;Queda;;;;Meio de Quadra;;;0;1;0;0;0;0;0;0;0;1;0;0;;;;;
266861;30;8;2015;20:06;0;AV AUGUSTO DOS ANJOS;;;;;Queda;;;;Meio de Quadra;;;0;1;0;0;0;0;0;0;0;1;0;0;-38,579088;-3,780088;;;
266862;30;8;2015;20:57;0;AV GODOFREDO MACIEL;;;;;Choque c/ Obstáculo Fixo;;;;Meio de Quadra;;;0;1;0;1;0;0;0;0;0;0;0;0;-38,564942;-3,780291;;;
266863;30;8;2015;21:00;0;AV G CJ JOSE WALTER;;;;;Atropelamento;;;;Meio de Quadra;;;0;1;1;0;0;0;0;0;0;1;0;0;;;;;
266864;30;8;2015;23:22;0;AV DR SILAS MUNGUBA;;;;;Queda;;;;Meio de Quadra;;;0;1;0;0;0;1;0;0;0;0;0;0;-38,528485;-3,803141;;;
265425;30;8;2015;08:00;19721;RUA GUSTAVO SAMPAIO;RUA AMADEU FURTADO;;;;Colisão;Luz do Dia;;;Cruz;Pare;Rural;0;1;0;1;0;0;0;0;0;0;0;0;-38,563828;-3,736786;;;
265429;30;8;2015;17:20;5348;RUA METON DE ALENCAR;RUA PDE MORORO;;;;Colisão;Anoitecer;;;T;Não Há Controle;Comercial;0;1;0;1;0;0;0;0;0;1;0;0;-38,539143;-3,730892;;;
256008;30;8;2015;20:00;22857;RUA DR JUSTA ARAUJO D45;RUA ANTONIO SIMOES;;;;Colisão Transversal;Via Iluminada;Bom;Seca;Cruz;Pare;Comercial;0;2;0;0;0;0;0;0;0;1;0;0;-38,551250;-3,779190;;;
256012;30;8;2015;09:00;0;RUA ALUISIO AZEVEDO;;;460;;Colisão Lateral;Luz do Dia;Bom;Seca;Meio de Quadra;Não Há Controle;Residencial;0;0;2;1;0;0;0;0;0;0;0;0;-38,577211;-3,771243;;;
256018;30;8;2015;15:30;0;AV LINEU MACHADO;;;419;JOCKEY CLUBE;Colisão Traseira;Luz do Dia;Bom;Seca;;;;0;0;2;1;0;0;0;0;0;0;0;0;-38,576251;-3,764716;;;
257662;31;8;2015;19:50;14357;RUA BAR CRATO;RUA HENRIQUE ELERY;;;;Colisão Transversal;Via Iluminada;Bom;Seca;Cruz;Pare;Rural;0;1;1;1;0;0;0;0;1;0;0;0;-38,561002;-3,721622;;;
259626;31;8;2015;19:15;0;RD CE-040;;;;KM-04;Colisão;;;Seca;Meio de Quadra;;;0;0;2;0;0;0;0;0;0;1;0;0;-38,480251;-3,792050;;;
265437;31;8;2015;09:30;7714;AV CARNEIRO DE MENDONCA;RUA CORREIA LIMA D39;;;;Colisão;Luz do Dia;;;T;Pare;Comercial;0;1;0;0;0;0;0;0;0;1;0;0;-38,563013;-3,765889;;;
265441;31;8;2015;14:20;19138;RUA ALMEIDA PRADO;RUA ARI BARROSO;;;;Colisão;Luz do Dia;;;T;Pare;Misto;0;1;0;1;0;0;0;0;0;1;0;0;-38,473746;-3,739297;;;
265442;31;8;2015;14:50;0;RUA 7 DE SETEMBRO;;;55;;Atropelamento;Luz do Dia;;;Meio de Quadra;;;0;1;0;0;1;0;0;0;0;0;0;0;-38,562581;-3,773371;;;
265447;31;8;2015;17:00;1350;RUA TORRES CAMARA;RUA SILVA PAULET;;;;Colisão;Anoitecer;;;Cruz;Pare;Comercial;0;1;0;1;0;0;0;0;0;0;0;0;-38,505905;-3,735958;;;
265448;31;8;2015;17:00;25290;RUA L CJ VILA VELHA;RUA BETA CJ VILA VELHA;;;;Colisão;Anoitecer;;;T;Pare;Residencial;0;1;0;0;0;0;0;0;0;1;0;0;;;;;
265449;31;8;2015;18:00;0;AV BORGES DE MELO;;;1630;RODOVIARIA;Colisão;Anoitecer;;;Meio de Quadra;;;0;1;0;1;0;0;0;0;0;1;0;0;-38,531511;-3,758655;;;
265450;31;8;2015;19:50;0;AV ABOLICAO;;;2026;;Colisão;;;;Meio de Quadra;;;0;1;0;0;1;0;0;0;1;0;0;0;-38,500966;-3,725562;;;
265451;31;8;2015;20:40;0;RUA MARCOS MACEDO;;;;;Engavetamento;;;;Meio de Quadra;;;0;1;0;1;0;0;0;0;0;1;0;0;-38,490822;-3,736481;;;
265433;31;8;2015;08:10;9243;AV DOS EXPEDICIONARIOS;AV EDUARDO GIRAO;;;;Colisão;Luz do Dia;;;Cruz;Semáforo;Comercial;0;1;0;1;0;0;0;0;0;1;0;0;-38,536849;-3,750712;;;
266865;31;8;2015;05:12;0;RUA ANTONELE BEZERRA;;;;;Queda;Amanhecer;;;Meio de Quadra;;;0;1;0;0;0;0;0;0;0;1;0;0;-38,504087;-3,725178;;;
266866;31;8;2015;06:19;12826;AV DOS EXPEDICIONARIOS;RUA ANDRE CHAVES;;;;Colisão;Luz do Dia;;;Cruz;Pare;Residencial;0;1;1;1;0;0;0;0;0;1;0;0;-38,538903;-3,757345;;;
266867;31;8;2015;06:33;0;RUA CANUTO DE AGUIAR;;;;;Colisão;Luz do Dia;;;Meio de Quadra;;;0;1;0;1;0;0;0;0;0;0;0;0;;;;;
266868;31;8;2015;06:50;0;AV FILOMENO GOMES;;;;;Atropelamento;Luz do Dia;;;Meio de Quadra;;;0;1;1;0;0;0;0;0;0;1;0;0;;;;;
267022;31;8;2015;15:40;0;AV PERIMETRAL;;;;;Colisão;Luz do Dia;;;Meio de Quadra;;;0;1;1;1;0;0;0;0;0;1;0;0;;;;;
267023;31;8;2015;17:14;0;RUA CEL FABRICIANO;;;;;Colisão;Anoitecer;;;Meio de Quadra;;;0;1;0;0;0;0;0;0;0;1;0;0;-38,609789;-3,782217;;;
267017;31;8;2015;11:44;0;RUA MIN ALBUQUERQUE LIMA;;;;;Colisão;Luz do Dia;;;Meio de Quadra;;;0;1;1;1;0;0;0;0;0;1;0;0;-38,604967;-3,770591;;;
267018;31;8;2015;13:10;0;AV WASHINGTON SOARES;;;;;Colisão;Luz do Dia;;;Meio de Quadra;;;0;1;1;1;0;0;0;0;0;1;0;0;;;;;
267019;31;8;2015;13:45;24637;RUA GAMA;AV L CJ DOS BANCARIOS;;;;Colisão;Luz do Dia;;;;;;0;1;1;1;0;0;0;0;0;1;0;0;-38,599911;-3,713121;;;
267011;31;8;2015;11:07;0;AV ODILON GUIMARAES;;;;;Atropelamento;Luz do Dia;;;Meio de Quadra;;;0;1;1;0;0;0;0;0;0;1;0;0;-38,476051;-3,820809;;;
267012;31;8;2015;11:34;0;AV ALBERTO CRAVEIRO;;;;;Colisão;Luz do Dia;;;Meio de Quadra;;;0;1;1;1;0;0;0;0;0;1;0;0;-38,517080;-3,789775;;;
267025;31;8;2015;17:39;0;AV ABOLICAO;;;;;Colisão;Anoitecer;;;Meio de Quadra;;;0;1;0;0;0;0;0;0;0;0;0;0;-38,500966;-3,725562;;;
267026;31;8;2015;19:20;5239;RUA PDE IBIAPINA;RUA PEDRO I;;;;Colisão;;;;T;Pare;Comercial;0;1;1;1;0;0;0;0;0;1;0;0;-38,540384;-3,727485;;;
267027;31;8;2015;21:37;0;AV DIOGUINHO;;;;;Queda;;;;Meio de Quadra;;;0;1;0;0;0;0;0;0;0;1;0;0;;;;;
267028;31;8;2015;22:29;0;AV GODOFREDO MACIEL;;;;;Queda;;;;Meio de Quadra;;;0;1;0;0;0;0;0;0;0;1;0;0;;;;;
266970;31;8;2015;06:50;0;AV FILOMENO GOMES;;;;;Colisão;Luz do Dia;;;Meio de Quadra;;;0;1;0;0;0;0;0;0;0;0;0;0;;;;;
266974;31;8;2015;07:08;0;AV SANTOS DUMONT;;;;;Colisão;Luz do Dia;;;Meio de Quadra;;;0;1;1;1;0;0;0;0;0;1;0;0;;;;;
266977;31;8;2015;08:37;0;AV ALBERTO CRAVEIRO;;;;;Queda;Luz do Dia;;;Meio de Quadra;;;0;1;0;0;0;0;0;0;0;1;0;0;-38,517158;-3,788137;;;
266979;31;8;2015;08:54;0;AV PRS JUSCELINO KUBITSCHEK (PASSARÉ);;;;;Colisão;Luz do Dia;;;Meio de Quadra;;;0;1;0;0;0;0;0;0;0;0;0;0;;;;;
266980;31;8;2015;08:57;0;RUA GERMANO FRANCK;;;;;Colisão;Luz do Dia;;;Meio de Quadra;;;0;1;1;1;0;0;0;0;0;1;0;0;-38,564127;-3,779024;;;
266982;31;8;2015;09:00;0;AV CASTELO DE CASTRO;;;;;Atropelamento de Animal;Luz do Dia;;;Meio de Quadra;;;0;1;0;0;0;0;0;0;0;1;0;0;-38,521698;-3,837198;;;
266983;31;8;2015;09:03;0;RUA GUILHERME ROCHA;;;;;Colisão;Luz do Dia;;;Meio de Quadra;;;0;1;1;1;0;0;0;0;0;1;0;0;;;;;
266985;31;8;2015;09:18;0;AV LUCIANO CARNEIRO;;;;;Colisão;Luz do Dia;;;Meio de Quadra;;;0;1;1;1;0;0;0;0;0;1;0;0;;;;;
266986;31;8;2015;09:52;0;AV SANTOS DUMONT;;;;;Colisão;Luz do Dia;;;Meio de Quadra;;;0;1;0;0;0;0;0;0;0;0;0;0;-38,507458;-3,733274;;;
266988;31;8;2015;10:15;0;RUA GERMANO FRANCK;;;;;Colisão;Luz do Dia;;;Meio de Quadra;;;0;1;1;1;0;0;0;0;0;1;0;0;;;;;
266989;31;8;2015;10:41;0;RUA TAVARES COUTINHO;;;;;Atropelamento;Luz do Dia;;;Meio de Quadra;;;0;1;1;0;0;0;0;0;0;0;0;0;-38,487216;-3,732611;;;
264579;31;8;2015;08:42;15357;RUA LEONARDO MOTA;RUA PEREIRA VALENTE;;;;Colisão;Luz do Dia;;;Cruz;Pare;Misto;0;0;2;1;0;0;0;0;0;0;0;0;-38,495134;-3,732885;;;
264583;31;8;2015;11:15;24786;RUA GEORGE CAVALCANTE;RUA PALMACIA;;;;Colisão;Luz do Dia;;;;;;0;0;2;0;0;0;1;0;0;0;0;0;-38,591143;-3,717812;;;
264584;31;8;2015;11:38;0;RUA GAL CLARINDO DE QUEIROZ;;;;;Colisão;Luz do Dia;;;Meio de Quadra;;;0;0;2;1;0;0;0;0;0;0;0;0;;;;;
264590;31;8;2015;13:45;0;RUA BERNARDO MANUEL;;;;;Engavetamento;Luz do Dia;;;Meio de Quadra;;;0;0;4;1;0;0;0;0;0;0;0;0;;;;;
264587;31;8;2015;13:34;0;AV DA UNIVERSIDADE;;;;;Colisão;Luz do Dia;;;Meio de Quadra;;;0;0;3;0;1;0;0;0;0;0;0;0;;;;;
264588;31;8;2015;13:37;15252;RUA FRE MANSUETO;RUA BARBALHA D19;;;;Colisão;Luz do Dia;;;Cruz;Pare;Rural;0;0;2;1;0;0;0;0;0;0;0;0;-38,489017;-3,728096;;;
264593;31;8;2015;17:27;0;AV SANTOS DUMONT;;;;;Colisão;Anoitecer;;;Meio de Quadra;;;0;0;2;0;1;0;0;0;0;0;0;0;;;;;
264594;31;8;2015;18:10;0;AV ANTONIO SALES;;;;;Colisão;Anoitecer;;;Meio de Quadra;;;0;0;3;1;0;0;0;0;0;0;0;0;;;;;
264573;31;8;2015;08:00;5039;AV ALBERTO NEPOMUCENO;RUA PESSOA ANTA;;;;Colisão;Luz do Dia;;;Cruz;Semáforo;Comercial;0;0;3;1;1;0;0;0;0;0;0;0;-38,523212;-3,721257;;;
264597;31;8;2015;18:27;0;AV BORGES DE MELO;;;;;Colisão;Anoitecer;;;Meio de Quadra;;;0;0;2;1;0;0;0;0;0;0;0;0;;;;;
271117;31;8;2015;11:16;0;AV ODILON GUIMARAES;;;;;Atropelamento;Luz do Dia;;;Meio de Quadra;;;0;0;2;0;0;0;0;0;0;0;0;0;;;;;
271122;31;8;2015;18:01;9257;RUA CEL PERGENTINO FERREIRA;AV AGUANAMBI;;;;Colisão;Anoitecer;;;Cruz;Semáforo;Comercial;0;0;2;0;0;0;0;0;0;0;0;0;-38,524049;-3,748634;;;
271126;31;8;2015;21:47;0;AV RECREIO D64;;;;;Colisão;;;;Meio de Quadra;;;0;0;2;0;0;0;0;0;0;0;0;0;;;;;
271114;31;8;2015;10:57;0;AV FRANCISCO SA;;;;;Colisão;Luz do Dia;;;Meio de Quadra;;;0;0;2;0;0;0;0;0;0;0;0;0;;;;;
265525;31;8;2015;18:30;0;AV GODOFREDO MACIEL;;;480;;Colisão;Anoitecer;;;Meio de Quadra;;;1;0;1;0;0;0;0;0;0;1;0;0;-38,564942;-3,780291;;;
264609;1;9;2015;16:00;12855;RUA MAJ FACUNDO;RUA CARLOS GOMES;;;;Colisão;Luz do Dia;;;Cruz;Pare;Residencial;0;0;2;1;0;0;0;0;0;0;0;0;-38,531802;-3,739845;;;
264611;1;9;2015;15:27;13544;RUA JULIO SIQUEIRA;RUA DR JOSE LOURENCO;;;;Colisão;Luz do Dia;;;Cruz;Pare;Comercial;0;0;3;1;0;0;0;0;0;0;0;0;-38,512200;-3,748473;;;
264612;1;9;2015;17:41;9072;AV VIS RIO BRANCO;AV PONTES VIEIRA;;;;Colisão;Anoitecer;;;Cruz;Semáforo;Comercial;0;0;3;1;0;0;0;1;0;0;0;0;-38,520486;-3,753544;;;
264607;1;9;2015;10:15;0;RUA CEL LINHARES;;;;;Colisão;Luz do Dia;;;Meio de Quadra;;;0;0;2;1;0;0;1;0;0;0;0;0;;;;;
267037;1;9;2015;07:00;0;RUA VIRIATO RIBEIRO;;;1157;;Colisão;Luz do Dia;;;Meio de Quadra;;;0;1;1;1;0;0;0;0;0;1;0;0;-38,563425;-3,748067;;;
270503;1;9;2015;16:33;0;RUA PRO COSTA MENDES;;;1258;;Colisão;Luz do Dia;;;Meio de Quadra;;;0;0;2;0;0;0;0;0;0;0;0;0;-38,550602;-3,751366;;;
270496;1;9;2015;16:16;0;AV GODOFREDO MACIEL;;;;;Colisão;Luz do Dia;;;Meio de Quadra;;;0;0;2;0;0;0;0;0;0;0;0;0;;;;;
270494;1;9;2015;16:11;0;RUA CEL TIBURCIO;;;;;Colisão;Luz do Dia;;;Meio de Quadra;;;0;0;2;0;0;0;0;0;0;0;0;0;;;;;
270481;1;9;2015;12:03;0;RUA ILDEFONSO ALBANO;;;1614;;Colisão;Luz do Dia;;;Meio de Quadra;;;0;0;2;0;0;0;0;0;0;0;0;0;-38,513840;-3,735313;;;
270482;1;9;2015;13:24;17513;AV ABOLICAO;RUA MANUEL JACARE;;;;Colisão;Luz do Dia;;;;;;0;0;2;0;0;0;0;0;0;0;0;0;-38,487572;-3,726087;;;
270483;1;9;2015;15:47;5240;RUA CEL FERRAZ;RUA VIS SABOIA;;;;Colisão;Luz do Dia;;;Cruz;Não Há Controle;Comercial;0;0;2;0;0;0;0;0;0;0;0;0;-38,523098;-3,727500;;;
270484;1;9;2015;15:49;0;RUA TABAJARAS;;;476;;Colisão;Luz do Dia;;;Meio de Quadra;;;0;0;2;0;0;0;0;0;0;0;0;0;-38,515625;-3,719443;;;
265242;1;9;2015;20:51;0;AV 1 CANINDEZINHO;;;;;Atropelamento;;;;Meio de Quadra;;;0;1;0;1;0;0;0;0;0;0;0;0;;;;;
265209;1;9;2015;17:28;0;AV PERIMETRAL;;;3130;;Colisão;Anoitecer;;;Meio de Quadra;;;0;1;1;1;0;0;0;0;0;1;0;0;;;;;
265201;1;9;2015;16:51;0;RUA ENG GUIMARAES JUNIOR;;;155;;Colisão;Luz do Dia;;;Meio de Quadra;;;0;1;0;1;0;0;0;0;0;1;0;0;;;;;
265235;1;9;2015;19:27;24229;AV ENG ALBERTO SA;AV ENG SANTANA JUNIOR;;;;Colisão;;;;Cruz;Semáforo;Comercial;0;1;0;1;0;0;0;0;0;1;0;0;-38,480624;-3,733357;;;
265175;1;9;2015;16:05;0;AV BENJAMIM BRASIL;;;2015;;Colisão;Luz do Dia;;;Meio de Quadra;;;0;0;1;1;0;0;0;0;0;1;0;0;-38,558487;-3,808195;;;
265168;1;9;2015;13:58;3419;AV JOAO PESSOA;RUA MIGUEL GONCALVES;;;;Atropelamento;Luz do Dia;;;Cruz;Pare;Residencial;0;1;0;1;0;0;0;0;0;0;0;0;-38,555080;-3,758710;;;
265117;1;9;2015;07:16;26238;AV SIQUEIRA CAMPOS;RUA IRINEU MACHADO;;;;Atropelamento;Luz do Dia;;;;;;0;1;0;0;1;0;0;0;0;0;0;0;;;;;
265118;1;9;2015;07:19;0;AV CONTORNO SUL;;;52;;Colisão;Luz do Dia;;;Meio de Quadra;;;0;1;2;0;0;0;0;0;0;0;0;0;-38,514937;-3,835394;;;
265120;1;9;2015;07:56;0;AV WASHINGTON SOARES;;;7513;;Colisão;Luz do Dia;;;Meio de Quadra;;;0;1;0;0;0;0;0;0;0;1;0;0;-38,481212;-3,821384;;;
265136;1;9;2015;10:25;26236;RUA BERNARDO MANUEL;AV DR SILAS MUNGUBA;;;;Colisão;Luz do Dia;;;;;;0;1;0;1;0;0;0;0;0;1;0;0;-38,547960;-3,787538;;;
265134;1;9;2015;09:33;0;AV GOV RAUL BARBOSA;;;7081;;Atropelamento;Luz do Dia;;;Meio de Quadra;;;0;1;0;0;0;0;0;0;0;1;0;0;-38,512936;-3,774863;;;
265142;1;9;2015;10:33;7789;RUA SILVA PAULET;RUA JOAQUIM SA;;;;Colisão;Luz do Dia;;;Cruz;Pare;Comercial;0;1;0;1;0;0;0;0;0;1;0;0;-38,509741;-3,747785;;;
256149;1;9;2015;12:00;0;AV DR SILAS MUNGUBA;;;5454;;Colisão Traseira;Luz do Dia;Bom;Seca;Meio de Quadra;Não Há Controle;Comercial;0;1;1;1;0;0;0;0;1;0;0;0;-38,529767;-3,801695;;;
256150;1;9;2015;13:30;1303;AV DOM LUIS;RUA BARBOSA DE FREITAS;;;;Colisão Traseira;Luz do Dia;Bom;Seca;;Não Há Controle;Comercial;0;0;2;1;0;0;0;0;0;0;0;0;-38,496396;-3,733564;;;
256143;1;9;2015;07:20;15293;AV BAR STUDART;RUA TEN BENEVOLO;;;;Colisão Transversal;Luz do Dia;Bom;Seca;Cruz;Semáforo;Comercial;0;0;2;1;0;0;0;0;0;1;0;0;-38,504908;-3,729390;;;
256141;1;9;2015;08:30;0;AV PRS CASTELO BRANCO;;;2815;;Colisão Traseira;Luz do Dia;Bom;Seca;Meio de Quadra;Não Há Controle;Residencial;0;3;0;0;0;0;0;0;0;1;0;0;-38,552854;-3,712458;;;
256213;1;9;2015;01:10;3010;RUA CEL VIRGILIO NOGUEIRA (BOM JARDIM);RUA URUCUTUBA;;;;Colisão Lateral;Via Iluminada;Bom;Seca;Cruz;Não Há Controle;Comercial;0;1;1;1;0;0;0;0;0;1;0;0;-38,611715;-3,798102;;;
256210;1;9;2015;07:30;17397;AV PRO GOMES DE MATOS;RUA ROMEU MARTINS;;;;Colisão Transversal;Luz do Dia;Bom;Seca;Cruz;Pare;Comercial;0;1;1;1;0;0;0;0;0;1;0;0;-38,551023;-3,767447;;;
256205;1;9;2015;12:15;0;AV 13 DE MAIO;;;;;Engavetamento;Luz do Dia;Bom;Seca;Meio de Quadra;Não Há Controle;Escola;0;0;3;1;0;0;0;0;0;0;0;0;;;;;
256208;1;9;2015;10:30;0;RUA BERNARDO MANUEL;;;;;Colisão Traseira;Luz do Dia;Bom;Seca;Meio de Quadra;Pare;Residencial;0;1;1;1;0;0;0;0;0;1;0;0;-38,546260;-3,781876;;;
256199;1;9;2015;15:40;19611;RUA NEREU RAMOS;AV GODOFREDO MACIEL;;;;Colisão Traseira;Luz do Dia;Bom;Seca;T;Semáforo;Comercial;0;0;2;1;0;0;0;0;0;0;0;0;-38,566802;-3,787250;;;
256201;1;9;2015;13:00;3831;AV 13 DE MAIO;RUA MAL DEODORO;;;;Colisão Traseira;Luz do Dia;Bom;Seca;Cruz;Semáforo;Escola;0;0;2;1;0;0;0;0;0;0;0;0;-38,536588;-3,743122;;;
256160;1;9;2015;22:20;9117;RUA DR ALFREDO WEYNE D14;RUA DR RATISBONA;;;;Colisão Transversal;Via Iluminada;Bom;Seca;Cruz;Pare;Residencial;0;0;2;1;0;0;0;0;0;0;0;0;-38,531575;-3,756355;;;
256164;1;9;2015;12:45;0;AV AUGUSTO DOS ANJOS;;;1840;;Colisão Lateral;Luz do Dia;Bom;Seca;Meio de Quadra;Semáforo Intermitente;Comercial;0;1;1;1;0;0;0;0;0;1;0;0;-38,580804;-3,782039;;;
256169;1;9;2015;14:40;15204;AV ABOLICAO;RUA JULIO IBIAPINA;;;;Colisão Traseira;Luz do Dia;Bom;Seca;Cruz;Semáforo;Comercial;0;0;2;1;0;0;1;0;0;0;0;0;-38,491290;-3,726679;;;
256181;1;9;2015;10:45;1512;AV RUI BARBOSA;RUA ROCHA LIMA;;;;Colisão Transversal;Luz do Dia;Bom;Seca;Cruz;Pare;Comercial;0;0;2;1;0;0;0;0;0;0;0;0;-38,510753;-3,740096;;;
256186;1;9;2015;13:00;24372;AV LUCIANO CARNEIRO;RUA ALM RUFINO;;;;Colisão Transversal;Luz do Dia;Bom;Seca;Cruz;Semáforo;Comercial;0;1;1;1;0;0;0;0;0;1;0;0;-38,537195;-3,766580;;;
256188;1;9;2015;15:00;14421;AV SGT HERMINIO SAMPAIO;RUA PDE ANCHIETA;;;;Colisão Lateral;Luz do Dia;Bom;Seca;Cruz;Semáforo;Comercial;0;0;2;1;0;0;0;0;0;0;0;0;-38,551079;-3,724693;;;
256193;1;9;2015;15:10;0;AV GAL OSORIO DE PAIVA;;;602;;Colisão Transversal;Luz do Dia;Bom;Seca;Meio de Quadra;Não Há Controle;Comercial;0;1;1;1;0;0;0;0;0;1;0;0;-38,567847;-3,776479;;;
259578;1;9;2015;07:00;0;RD CE-040;;;;KM-13;Colisão;Luz do Dia;Bom;Seca;Meio de Quadra;Não Há Controle;Comercial;0;0;2;1;0;0;0;0;0;0;0;0;-38,472314;-3,857083;;;
266044;1;9;2015;21:08;0;RUA CEL DIONISIO ALENCAR;;;;;Colisão;;;;Meio de Quadra;;;0;0;1;1;0;0;0;0;0;0;0;0;;;;;
259263;1;9;2015;16:10;0;AV MR HULL;;;342;;Colisão;Luz do Dia;Bom;Seca;Meio de Quadra;Não Há Controle;Comercial;0;2;1;0;0;0;0;0;0;1;0;0;;;;;
256032;1;9;2015;22:00;0;AV 13 DE MAIO;;;;;Colisão Traseira;Via Iluminada;Bom;Seca;Meio de Quadra;Semáforo;Comercial;0;0;2;1;0;0;0;0;0;0;0;0;;;;;
256033;1;9;2015;20:30;15255;RUA TEN BENEVOLO;RUA MON BRUNO;;;;Colisão;Via Iluminada;Bom;Seca;Cruz;Não Há Controle;Residencial;0;1;1;0;0;0;0;0;0;1;0;0;-38,508124;-3,728332;;;
256040;1;9;2015;10:15;0;AV F CJ CEARA;;;;;Colisão Lateral Sentido Oposto;Luz do Dia;Bom;Seca;Meio de Quadra;Dê Preferência;Residencial;0;0;2;1;0;0;0;0;0;0;0;0;;;;;
256037;1;9;2015;12:00;0;AV HIS RAIMUNDO GIRAO;;;860;;Colisão Traseira;Luz do Dia;Bom;Seca;Meio de Quadra;Não Há Controle;Comercial;0;0;2;1;0;0;0;0;0;0;0;0;-38,507703;-3,722468;;;
256046;1;9;2015;21:00;11001;RUA ELCIAS LOPES;RUA ANTONIO FIUZA;;;;Colisão Transversal;Via Iluminada;Bom;Seca;Cruz;Pare;Residencial;0;1;1;1;0;0;0;0;1;0;0;0;-38,552914;-3,772090;;;
256047;1;9;2015;18:20;12905;AV AGUANAMBI;RUA MES ROSA;;;;Colisão Lateral;Via Iluminada;Bom;Seca;Y;Pare;Comercial;0;0;2;1;0;0;1;0;0;0;0;0;-38,525946;-3,741687;;;
256042;1;9;2015;17:00;7873;AV PONTES VIEIRA;RUA BARBOSA DE FREITAS;;;;Colisão Traseira;Anoitecer;Bom;Seca;Cruz;Semáforo;Comercial;0;0;2;1;0;0;0;0;0;0;0;0;-38,502094;-3,751381;;;
256050;1;9;2015;13:35;0;AV ALBERTO CRAVEIRO;;;2571;;Colisão Traseira;Luz do Dia;Bom;Seca;Meio de Quadra;Não Há Controle;Comercial;0;0;2;1;0;0;0;0;0;0;0;0;-38,521176;-3,802757;;;
256055;1;9;2015;19:00;583;AV FRANCISCO SA;RUA COS GOUVEIA;;;;Colisão Traseira;Via Iluminada;Bom;Seca;Cruz;Não Há Controle;Residencial;0;1;2;1;0;0;1;0;0;1;0;0;-38,561096;-3,716149;;;
256056;1;9;2015;21:30;24405;AV LUCIANO CARNEIRO;RUA JORGE SEVERIANO;;;;Colisão Transversal;Via Iluminada;Bom;Seca;T;Pare;Residencial;0;0;2;1;0;0;0;0;0;0;0;0;-38,537840;-3,768680;;;
256078;1;9;2015;18:50;0;AV IMPERADOR;;;169;;Atropelamento;Via Iluminada;Bom;Seca;Meio de Quadra;Não Há Controle;Comercial;0;1;1;0;1;0;0;0;0;0;0;0;-38,533137;-3,722764;;;
256079;1;9;2015;18:10;0;AV AGUANAMBI;;;1370;;Colisão Lateral;Via Iluminada;Bom;Seca;Meio de Quadra;Não Há Controle;Comercial;0;0;2;0;1;0;0;0;0;0;0;0;-38,524083;-3,748559;;;
256082;1;9;2015;13:00;15277;AV ANTONIO JUSTA;AV SEN VIRGILIO TAVORA;;;;Colisão Traseira;Luz do Dia;Bom;Seca;Rotatória;Semáforo;Residencial;0;0;3;1;0;0;1;0;0;0;0;0;-38,490692;-3,728875;;;