COD_ACIDENTE;DIA;MES;ANO;HORA;INTERSECAO;LOG1;LOG2;LOG3;NUMERO;REFERENCIA;NATUREZA;ILUMINACAO;TEMPO;SUPERFICIEPISTA;TIPOCRUZAMENTO;CONTROLETRAFEGO;USOSOLO;MORTOS;FERIDOS;ILESOS;AUTOMOVEL;ONIBUS;BICICLETA;CAMINHAO;MICROONIBUS;CICLOMOTOR;MOTOCICLETA;TRACAOANIMAL;TREM;LONG;LAT;;;
256058;1;9;2015;09:15;1450;RUA JOSE VILAR;RUA JOAO CARVALHO;;;;Colisão Traseira;Luz do Dia;Bom;Seca;Cruz;Semáforo;Comercial;0;0;2;1;0;0;0;0;0;0;0;0;-38,505477;-3,738318;;;
256052;1;9;2015;07:10;0;RUA OLIVEIRA SOBRINHO;;;897;;Colisão;Luz do Dia;Bom;Seca;Meio de Quadra;Não Há Controle;Residencial;0;0;2;1;0;1;0;0;0;0;0;0;-38,590049;-3,781729;;;
256118;1;9;2015;06:55;20403;RUA PDE PEDRO DE ALENCAR;RUA LUCIOLA;;;;Colisão Lateral;Luz do Dia;Bom;Seca;T;Não Há Controle;Residencial;0;1;1;1;0;0;0;0;0;1;0;0;-38,494322;-3,842251;;;
256099;1;9;2015;13:00;0;AV AGUANAMBI;;;1980;VIADUTO-13 DE MAIO;Atropelamento;Luz do Dia;Bom;Seca;Meio de Quadra;Semáforo;Comercial;0;1;1;1;0;0;0;0;0;0;0;0;-38,523477;-3,753895;;;
256100;1;9;2015;15:30;0;AV FILOMENO GOMES;;;;;Colisão Traseira;Luz do Dia;Bom;Seca;Meio de Quadra;Não Há Controle;Comercial;0;0;2;1;0;0;1;0;0;0;0;0;;;;;
256091;1;9;2015;07:45;0;AV PONTES VIEIRA;;;134;;Colisão Traseira;Luz do Dia;Bom;Seca;Meio de Quadra;Não Há Controle;Comercial;0;0;2;1;1;0;0;0;0;0;0;0;-38,519287;-3,753402;;;
256106;1;9;2015;13:00;0;AV MOZART PINHEIRO DE LUCENA;;;1405;;Colisão Lateral;Luz do Dia;Bom;Seca;Meio de Quadra;Não Há Controle;Comercial;0;1;2;1;0;0;0;0;0;1;0;0;-38,594730;-3,714917;;;
256095;1;9;2015;15:00;1282;AV SANTOS DUMONT;AV BAR STUDART;;;;Colisão Lateral;Luz do Dia;Bom;Seca;Cruz;Semáforo;Comercial;0;0;2;0;1;0;0;0;0;1;0;0;-38,506304;-3,733642;;;
256127;1;9;2015;12:00;507;RUA PORTO ALEGRE;RUA MACAPA;;;;Colisão Transversal;Luz do Dia;Bom;Seca;Cruz;Pare;Residencial;0;0;2;1;0;0;0;0;0;0;0;0;-38,594346;-3,758260;;;
256134;1;9;2015;15:40;0;AV AGUANAMBI;;;233;;Colisão Lateral;Luz do Dia;Bom;Seca;Meio de Quadra;Semáforo;Comercial;0;0;2;1;0;0;0;0;0;0;0;0;;;;;
256135;2;9;2015;14:15;0;AV DEP PAULINO ROCHA;;;215;;Colisão Lateral;Luz do Dia;Bom;Seca;Meio de Quadra;Não Há Controle;Comercial;0;1;1;0;0;1;0;0;0;1;0;0;-38,507883;-3,803856;;;
256096;2;9;2015;19:30;8009;RUA DELMIRO FARIAS;RUA CARLOS CAMARA;;;;Colisão Frontal;Via Iluminada;Bom;Seca;Cruz;Pare;Comercial;0;1;1;1;0;1;0;0;0;0;0;0;-38,546680;-3,751026;;;
256101;2;9;2015;07:20;11851;AV FRANCISCO SA;RUA DNA MAROQUINHA;;;;Colisão Transversal;Luz do Dia;Chuva;Molhada;T;Pare;Comercial;0;0;2;1;0;0;0;0;0;0;0;0;-38,546177;-3,721080;;;
256114;2;9;2015;15:10;25102;AV FRANCISCO SA;AV FILOMENO GOMES;;;;Colisão Transversal;Luz do Dia;;;Cruz;Semáforo;Comercial;0;0;2;1;1;0;0;0;0;0;0;0;-38,541044;-3,722742;;;
256126;2;9;2015;12:30;0;AV EDILSON B SOARES;;;;COL. ARI DE SÁ;Colisão Lateral;Luz do Dia;Bom;Seca;Meio de Quadra;Não Há Controle;Comercial;0;0;2;1;0;0;0;0;0;0;0;0;;;;;
256076;2;9;2015;12:45;0;AV AGUANAMBI;;;;;Colisão Lateral;Luz do Dia;Bom;Seca;Meio de Quadra;Não Há Controle;Comercial;0;0;2;1;0;0;0;0;0;0;0;0;;;;;
256077;2;9;2015;10:30;0;RUA WALDERY UCHOA;;;;;Colisão Lateral;Luz do Dia;Nublado;Seca;Meio de Quadra;Não Há Controle;Comercial;0;0;2;0;0;0;1;0;0;0;0;0;;;;;
256086;2;9;2015;20:30;0;AV DOMINGOS OLIMPIO;;;1661;;Colisão Traseira;Via Iluminada;Bom;Seca;Meio de Quadra;Não Há Controle;Comercial;0;0;3;1;0;0;0;0;0;0;0;0;-38,538404;-3,734242;;;
259223;2;9;2015;18:00;0;RD BR 116;;;2000;KM-02;Atropelamento;Anoitecer;Bom;Seca;Meio de Quadra;Não Há Controle;Comercial;1;2;0;1;0;0;1;0;0;0;0;0;-38,516780;-3,771391;;;
266064;2;9;2015;16:10;0;AV AGUANAMBI;;;72;;Colisão;Luz do Dia;;;Meio de Quadra;;;0;0;1;1;0;0;0;0;0;0;0;0;-38,524252;-3,737697;;;
266056;2;9;2015;11:00;16068;RUA TEN BOTELHO;RUA CRISTIANO OTONE;;;;Colisão;Luz do Dia;;;Cruz;Não Há Controle;Residencial;0;1;0;1;0;0;0;0;0;1;0;0;-38,560244;-3,814376;;;
256189;2;9;2015;17:00;10300;AV SEN FERNANDES TAVORA;RUA JOSE MENDONCA;;;;Colisão;Anoitecer;Bom;Seca;Cruz;Pare;Comercial;0;1;1;0;1;0;0;0;0;1;0;0;-38,601696;-3,754492;;;
256170;2;9;2015;16:00;15372;AV DOM LUIS;RUA CEL JUCA;;;;Colisão;Luz do Dia;Bom;Seca;Cruz;Semáforo;Comercial;0;0;2;1;0;0;0;0;0;0;0;0;-38,490579;-3,735452;;;
256198;2;9;2015;18:20;731;RUA IRINEU DE SOUZA;RUA PEDRO AMERICO;;;;Colisão Transversal;Anoitecer;Bom;Seca;Cruz;Pare;Residencial;0;1;1;1;0;0;0;0;0;1;0;0;-38,566244;-3,711438;;;
256204;2;9;2015;13:00;5433;RUA METON DE ALENCAR;RUA MAJ FACUNDO;;;;Colisão Traseira;Luz do Dia;Bom;Seca;Cruz;Pare;Comercial;0;0;2;1;0;0;0;0;0;0;0;0;-38,529899;-3,733917;;;
256192;2;9;2015;07:50;12892;AV DOMINGOS OLIMPIO;RUA BAR RIO BRANCO;;;;Colisão Traseira;Luz do Dia;Bom;Seca;Cruz;Semáforo;Comercial;0;0;2;1;0;0;0;0;0;0;0;0;-38,531494;-3,736579;;;
256211;2;9;2015;14:00;0;AV AGUANAMBI;;;570;;Colisão Transversal;Luz do Dia;Bom;Seca;Meio de Quadra;Gesto;Comercial;0;0;2;0;0;0;0;0;0;0;0;0;-38,525959;-3,741823;;;
256223;2;9;2015;09:30;15350;AV DES MOREIRA;RUA PEREIRA VALENTE;;;;Colisão Transversal;Luz do Dia;Bom;Seca;Cruz;Semáforo;Comercial;0;0;2;1;0;0;1;0;0;0;0;0;-38,497076;-3,732253;;;
256228;2;9;2015;09:00;0;AV DEP PAULINO ROCHA;;;3131;CASTELAO;Colisão Transversal;Luz do Dia;Bom;Seca;Meio de Quadra;Não Há Controle;Comercial;0;2;0;1;0;1;0;0;0;0;0;0;-38,523807;-3,808405;;;
256230;2;9;2015;15:00;10475;AV SEN FERNANDES TAVORA;RUA HUMAITA D73;;;;Colisão Lateral;Luz do Dia;Bom;Seca;Cruz;Pare;Comercial;0;0;2;1;0;0;0;0;0;0;0;0;-38,599578;-3,754880;;;
256218;2;9;2015;08:40;9304;RUA TULIPA;RUA GAL MARIO HERMES;;;;Colisão;Luz do Dia;Nublado;Seca;T;Pare;Residencial;0;1;1;0;0;0;0;0;0;1;0;0;-38,579159;-3,713445;;;
256246;2;9;2015;20:00;0;AV ABOLICAO;;;2727;CLUBE DO NAUTICO;Colisão Lateral;Anoitecer;Bom;Seca;Meio de Quadra;Não Há Controle;Residencial;0;0;2;0;0;0;0;0;0;1;0;0;-38,495392;-3,727318;;;
256249;2;9;2015;19:30;23658;AV SGT HERMINIO SAMPAIO;RUA POMPEU CAVALCANTE;;;;Colisão Transversal;Via Iluminada;Bom;Seca;Duplo T;Pare;Comercial;0;0;2;1;0;0;0;0;0;0;0;0;-38,562833;-3,726772;;;
256236;2;9;2015;07:40;25116;AV ROGACIANO LEITE;RUA PDE FRANCISCO PITA;;;;Colisão Transversal;Luz do Dia;Bom;Seca;Cruz;Pare;Comercial;0;0;2;1;0;0;0;0;0;1;0;0;-38,501766;-3,780960;;;
256142;2;9;2015;19:00;25090;AV GOV PARSIFAL BARROSO;RUA EDGAR FALCAO;;;;Colisão Lateral;Via Iluminada;Bom;Seca;T;Semáforo;Comercial;0;0;2;1;1;0;0;0;0;0;0;0;-38,569038;-3,732054;;;
256148;2;9;2015;13:30;0;AV AGUANAMBI;;;358;;Colisão Traseira;Luz do Dia;Nublado;Seca;Meio de Quadra;Não Há Controle;Comercial;0;0;2;0;0;0;1;0;0;0;0;0;-38,524995;-3,740220;;;
265246;2;9;2015;03:51;0;RUA LAURO NOGUEIRA;;;1500;;Colisão;;;;Meio de Quadra;;;0;0;1;1;0;0;0;0;0;0;0;0;-38,472139;-3,742066;;;
265249;2;9;2015;04:55;0;AV JOSE BASTOS;;;;;Colisão;;;;Meio de Quadra;;;0;1;0;1;0;0;0;0;0;1;0;0;;;;;
265268;2;9;2015;09:03;9158;AV LUCIANO CARNEIRO;RUA MARIO MAMEDE;;;;Queda;Luz do Dia;;;Outros;;;0;1;0;0;0;0;0;0;0;1;0;0;-38,531828;-3,748937;;;
265269;2;9;2015;09:03;0;RUA MON BRUNO;RUA EDUARDO SALGADO;;196;;Colisão;Luz do Dia;;;Meio de Quadra;;;0;1;1;1;0;0;0;0;0;1;0;0;;;;;
265266;2;9;2015;09:01;2328;AV CEL CARVALHO;AV FRANCISCO SA;;;;Queda;Luz do Dia;;;Cruz;Pare;Comercial;0;1;0;0;0;0;0;0;0;1;0;0;-38,591542;-3,703499;;;
265262;2;9;2015;07:28;0;AV OLIVEIRA PAIVA;;;3030;HABBIB´S;Colisão;Luz do Dia;;;Meio de Quadra;;;0;1;0;1;0;0;0;0;0;1;0;0;-38,480137;-3,795718;;;
265255;2;9;2015;07:00;0;AV PERIMETRAL;;;390;;Colisão;Luz do Dia;;;Meio de Quadra;;;0;1;0;1;0;0;0;0;0;1;0;0;;;;;
265257;2;9;2015;07:14;0;AV PRS CASTELO BRANCO;;;4078;;Capotamento;Luz do Dia;;;Meio de Quadra;;;0;1;0;0;0;0;0;0;0;1;0;0;-38,568938;-3,708206;;;
265290;2;9;2015;17:38;0;RUA VILA VELHA;;;625;;Colisão;Anoitecer;;;Meio de Quadra;;;0;1;0;1;0;0;0;0;0;1;0;0;;;;;
265287;2;9;2015;16:24;14710;RUA SUICA;RUA DELTA;;;;Colisão;Luz do Dia;;;Cruz;Pare;Residencial;0;1;0;1;0;0;0;0;0;1;0;0;-38,577135;-3,793850;;;
265280;2;9;2015;11:59;0;RUA PEDRO MARTINS;;;452;;Colisão;Luz do Dia;;;Meio de Quadra;;;0;1;0;1;0;0;0;0;0;1;0;0;-38,601986;-3,799193;;;
265281;2;9;2015;13:33;0;RUA PERNAMBUCO;;;807;;Atropelamento;Luz do Dia;;;Meio de Quadra;;;0;1;0;1;0;0;0;0;0;0;0;0;-38,571922;-3,757822;;;
265282;2;9;2015;13:38;0;AV ZEZE DIOGO;;;4930;;Colisão;Luz do Dia;;;Meio de Quadra;;;0;1;0;1;0;0;0;0;0;1;0;0;-38,445495;-3,754305;;;
265283;2;9;2015;15:36;0;RUA CON DE CASTRO;;;4256;;Colisão;Luz do Dia;;;Meio de Quadra;;;0;1;0;1;0;0;0;0;0;1;0;0;-38,590312;-3,803176;;;
265276;2;9;2015;11:37;0;RUA METON DE ALENCAR;;;;;Colisão;Luz do Dia;;;Meio de Quadra;;;0;1;0;1;0;0;0;0;0;1;0;0;;;;;
265274;2;9;2015;11:29;0;RUA VICENTE SABOIA;;;130;;Queda;Luz do Dia;;;Meio de Quadra;;;0;1;0;0;0;0;0;0;0;1;0;0;-38,560336;-3,711886;;;
265271;2;9;2015;09:38;0;AV FRANCISCO SA;;;4996;;Colisão;Luz do Dia;;;Meio de Quadra;;;0;1;1;0;0;0;0;0;0;0;0;0;-38,569118;-3,713396;;;
265406;2;9;2015;22:52;7694;RUA RIO GRANDE DO NORTE;RUA RIO GRANDE DO SUL;;;;Colisão;;;;Cruz;Pare;Residencial;0;1;1;1;0;0;0;0;0;1;0;0;-38,567559;-3,758617;;;
270530;2;9;2015;10:06;0;AV CENTRAL CJ CEARA;;;;;Colisão;Luz do Dia;;;Meio de Quadra;;;0;0;2;0;0;0;0;0;0;0;0;0;;;;;
270533;2;9;2015;10:58;0;AV ENG LEAL LIMA VERDE (SAPIRANGA/COITE);;;2430;;Colisão;Luz do Dia;;;Meio de Quadra;;;0;0;2;0;0;0;0;0;0;0;0;0;-38,474430;-3,810503;;;
270534;2;9;2015;12:49;0;RUA PRO HERIBALDO COSTA;;;;;Colisão;Luz do Dia;;;Meio de Quadra;;;0;0;2;0;0;0;0;0;0;0;0;0;;;;;
270535;2;9;2015;19:47;16333;RUA ESTEVAO DE MELO;RUA CRISTOVAO MELO;;;;Colisão;;;;;;;0;0;2;0;0;0;0;0;0;0;0;0;-38,580600;-3,841627;;;
270537;2;9;2015;19:51;0;RUA JOSE CARLOS GURGEL NOGUEIRA;;;126;;Colisão;;;;Meio de Quadra;;;0;0;2;0;0;0;0;0;0;0;0;0;-38,473903;-3,733043;;;
264643;2;9;2015;12:39;0;RUA ALBERTO MAGNO;;;;;Colisão;Luz do Dia;;;Meio de Quadra;;;0;0;2;1;0;0;0;0;0;0;0;0;;;;;
264646;2;9;2015;17:36;0;AV ANTONIO SALES;;;;;Colisão;Anoitecer;;;Meio de Quadra;;;0;0;2;1;0;0;0;0;0;0;0;0;;;;;
264647;2;9;2015;18:24;0;AV GOV RAUL BARBOSA;;;;;Colisão;Anoitecer;;;Meio de Quadra;;;0;0;2;1;0;0;0;0;0;0;0;0;;;;;
264649;2;9;2015;18:38;0;AV DR SILAS MUNGUBA;;;;;Colisão;;;;Meio de Quadra;;;0;0;2;1;0;0;1;0;0;0;0;0;;;;;
264655;3;9;2015;12:43;11058;RUA OFIR;AV DOS EXPEDICIONARIOS;;;;Colisão;Luz do Dia;;;Cruz;Pare;Misto;0;0;2;1;0;0;0;0;0;0;0;0;-38,548388;-3,788787;;;
264657;3;9;2015;15:46;8970;RUA ANTONIO DRUMONT;RUA JOAO TOME;;;;Colisão;Luz do Dia;;;;;;0;0;2;1;0;0;0;0;0;0;0;0;-38,547477;-3,728744;;;
264658;3;9;2015;15:33;0;AV ABOLICAO;;;;;Colisão;Luz do Dia;;;Meio de Quadra;;;0;0;2;1;1;0;0;0;0;0;0;0;;;;;
264659;3;9;2015;17:38;0;AV WASHINGTON SOARES;;;;;Colisão;Anoitecer;;;Meio de Quadra;;;0;0;2;1;0;0;1;0;0;0;0;0;;;;;
264660;3;9;2015;18:22;0;AV BAR STUDART;;;;;Colisão;Anoitecer;;;Meio de Quadra;;;0;0;2;1;0;0;0;0;0;0;0;0;;;;;
264662;3;9;2015;18:44;0;RUA DA PAZ;;;;;Colisão;;;;Meio de Quadra;;;0;0;2;1;0;0;0;0;0;0;0;0;;;;;
264652;3;9;2015;11:37;0;AV AGUANAMBI;;;;;Colisão;Luz do Dia;;;Meio de Quadra;;;0;0;2;1;0;0;0;0;0;0;0;0;;;;;
270540;3;9;2015;08:35;0;RUA VALPARAISO;;;150;;Colisão;Luz do Dia;;;Meio de Quadra;;;0;0;2;0;0;0;0;0;0;0;0;0;-38,505306;-3,851441;;;
270544;3;9;2015;10:14;0;AV VIS RIO BRANCO;;;458;;Colisão;Luz do Dia;;;Meio de Quadra;;;0;0;2;0;0;0;0;0;0;0;0;0;;;;;
270545;3;9;2015;11:41;116;RUA RUI MONTE;RUA PRO JOSE LEITE GONDIM;;;;Colisão;Luz do Dia;;;Cruz;Pare;Residencial;0;0;2;0;0;0;0;0;0;0;0;0;-38,587413;-3,741250;;;
270563;3;9;2015;13:01;0;RUA CERES;;;;;Colisão;Luz do Dia;;;Meio de Quadra;;;0;0;2;0;0;0;0;0;0;0;0;0;;;;;
265413;3;9;2015;07:05;0;AV GOV RAUL BARBOSA;;;;;Colisão;Luz do Dia;;;Meio de Quadra;;;0;1;0;1;0;0;0;0;0;1;0;0;;;;;
265426;3;9;2015;07:15;0;AV NOVE;;;314;;Colisão;Luz do Dia;;;Meio de Quadra;;;0;1;0;1;0;0;0;0;0;1;0;0;;;;;
265420;3;9;2015;12:32;11847;AV FRANCISCO SA;RUA JACINTO MATOS;;;;Atropelamento;Luz do Dia;;;Cruz;;Residencial;0;1;1;0;0;0;0;0;0;1;0;0;-38,546796;-3,720881;;;
265452;3;9;2015;08:03;0;AV H CJ JOSE WALTER;;;230;;Colisão;Luz do Dia;;;Meio de Quadra;;;0;1;0;1;0;0;1;0;0;0;0;0;-38,557677;-3,841559;;;
265455;3;9;2015;11:44;0;AV CARAPINIMA;;;1786;;Atropelamento;Luz do Dia;;;Meio de Quadra;;;0;1;0;0;0;0;0;0;0;1;0;0;-38,537474;-3,737341;;;
265440;3;9;2015;03:09;641;RUA COS GOUVEIA;RUA CRUZEIRO DO SUL;;;;Colisão;;;;Cruz;Pare;Residencial;0;1;0;0;0;0;0;0;0;1;0;0;-38,563131;-3,716811;;;
265464;3;9;2015;16:32;0;AV GOV RAUL BARBOSA;;;4070;;Queda;Luz do Dia;;;Meio de Quadra;;;0;1;0;0;0;0;0;0;0;1;0;0;-38,505827;-3,761241;;;
265459;3;9;2015;12:06;3824;RUA CONFUCIO PAMPLONA;RUA JUVENAL GALENO;;;;Colisão;Luz do Dia;;;T;Pare;Outros;0;1;0;0;1;0;0;0;0;1;0;0;-38,537300;-3,740617;;;
256156;3;9;2015;20:00;0;AV ABOLICAO;;;;;Colisão Transversal;Via Iluminada;Bom;Seca;Meio de Quadra;Pare;Comercial;0;0;2;1;1;0;0;0;0;0;0;0;;;;;
256251;3;9;2015;21:30;0;RUA FRE MANSUETO;;;900;;Colisão Lateral;Via Iluminada;Bom;Seca;Meio de Quadra;Não Há Controle;Comercial;0;1;2;1;0;0;0;0;0;1;0;0;-38,488811;-3,732106;;;
256266;3;9;2015;20:00;9231;RUA PDE BARBOSA DE JESUS;AV 13 DE MAIO;;;;Colisão Traseira;Via Iluminada;Bom;Seca;Y;Pare;Comercial;0;0;2;1;0;0;0;0;0;0;0;0;-38,530523;-3,748302;;;
256258;3;9;2015;09:10;0;AV ABOLICAO;;;2727;;Choque c/ Obstáculo Fixo;Luz do Dia;Nublado;Molhada;Meio de Quadra;;Comercial;0;0;1;0;0;0;0;0;0;0;0;0;-38,495392;-3,727318;;;
256288;3;9;2015;21:50;0;AV ALBERTO CRAVEIRO;;;;;Choque c/ Obstáculo Fixo;Via Iluminada;Bom;Seca;Meio de Quadra;Não Há Controle;Comercial;0;0;1;1;0;0;0;0;0;0;0;0;;;;;
256290;3;9;2015;06:30;15246;RUA CARLOS VASCONCELOS;RUA TEN BENEVOLO;;;;Colisão Transversal;Luz do Dia;Bom;Seca;Cruz;Semáforo;Comercial;0;0;2;1;0;0;0;0;0;0;0;0;-38,509174;-3,727989;;;
256285;3;9;2015;08:30;0;AV PRS CASTELO BRANCO;;;400;;Colisão Traseira;Luz do Dia;Chuva;Molhada;Meio de Quadra;Não Há Controle;Residencial;0;1;2;1;0;0;0;0;0;1;0;0;-38,530144;-3,720316;;;
256275;3;9;2015;18:30;0;RUA DES LEITE ALBUQUERQUE;;;150;;Colisão Lateral;;Bom;Seca;Meio de Quadra;Não Há Controle;Residencial;0;0;2;1;0;0;0;0;0;1;0;0;-38,503737;-3,735585;;;
256279;3;9;2015;07:15;11847;RUA JACINTO MATOS;AV FRANCISCO SA;;;;Atropelamento;Luz do Dia;Bom;Seca;Cruz;;Residencial;0;1;1;0;0;0;0;0;0;1;0;0;-38,546796;-3,720881;;;
256277;3;9;2015;09:50;0;AV GODOFREDO MACIEL;;;2401;;Colisão Traseira;Luz do Dia;Bom;Seca;Meio de Quadra;Outros;Comercial;0;0;2;1;0;0;0;0;0;0;0;0;-38,569776;-3,796044;;;
256172;3;9;2015;21:35;0;AV AGUANAMBI;;;;ROTATÓRIA;Colisão Lateral;Via Iluminada;Bom;Seca;Meio de Quadra;Semáforo;Outros;0;0;2;1;1;0;0;0;0;0;0;0;-38,523043;-3,755538;;;
256174;3;9;2015;08:30;0;RUA ILHA DOURADA;;;186;;Colisão Traseira;Luz do Dia;Bom;Seca;Meio de Quadra;Outros;Residencial;0;1;1;0;0;0;1;0;0;1;0;0;;;;;
256167;3;9;2015;14:30;0;AV PRS CASTELO BRANCO;;;907;;Colisão Lateral;Luz do Dia;Bom;Seca;Meio de Quadra;Não Há Controle;Residencial;0;0;2;1;0;0;1;0;0;0;0;0;-38,531464;-3,719663;;;
256159;3;9;2015;12:00;5410;RUA GAL CLARINDO DE QUEIROZ;RUA MAJ FACUNDO;;;;Colisão Lateral;;Bom;Seca;Outros;Não Há Controle;Comercial;0;0;2;1;0;0;0;0;0;0;0;0;-38,529587;-3,732895;;;
256184;3;9;2015;22:30;3847;RUA PAULINO NOGUEIRA;RUA JOAO GENTIL;;;;Capotamento;Via Iluminada;Bom;Seca;Cruz;Pare;Residencial;0;1;2;1;0;0;0;0;0;0;0;0;-38,538019;-3,743747;;;
256179;3;9;2015;18:30;6810;RUA BENTO ALBUQUERQUE;RUA JOSE BORBA VASCONCELOS;;;;Colisão Lateral;Via Iluminada;Bom;Seca;Cruz;Outros;Outros;0;1;1;0;0;0;0;0;0;1;0;0;-38,472258;-3,747266;;;
266086;3;9;2015;12:00;4709;AV WASHINGTON SOARES;RUA OLIMPIO LEITE;;;;Outros;Luz do Dia;;;;;;0;1;0;0;1;0;0;0;0;1;0;0;-38,481443;-3,815048;;;
266095;3;9;2015;20:30;0;AV GAL OSORIO DE PAIVA;;;5360;;Colisão;;;;Meio de Quadra;;;0;1;0;1;0;0;0;0;0;1;0;0;-38,601530;-3,804152;;;
259226;3;9;2015;20:10;0;RD BR 116;;;15000;KM-15;Queda;Via Iluminada;Bom;Seca;Meio de Quadra;Não Há Controle;Comercial;0;1;0;0;0;0;0;0;0;1;0;0;-38,501113;-3,882329;;;
259228;3;9;2015;21:30;0;RD BR 116;;;1000;KM-01;Atropelamento;Via Iluminada;Bom;Molhada;Meio de Quadra;Não Há Controle;Comercial;0;2;0;0;0;0;0;0;0;1;0;0;-38,518702;-3,762554;;;
265526;3;9;2015;22:39;0;RUA 41 CJ JOSE WALTER;;;511;;Colisão;;;;Meio de Quadra;;;0;2;0;0;0;0;0;0;0;1;0;0;-38,557553;-3,829568;;;
265515;3;9;2015;20:41;0;RUA CON DE CASTRO;;;9426;;Atropelamento;;;;Meio de Quadra;;;0;1;0;0;0;0;0;0;0;1;0;0;-38,604632;-3,822582;;;
265516;3;9;2015;20:43;12440;AV AUGUSTO DOS ANJOS;RUA ARARIPE PRATA;;;;Colisão;;;;;;;0;1;0;0;0;0;0;0;0;0;0;0;-38,571749;-3,771936;;;
265518;3;9;2015;21:11;0;AV MR HULL;;;;;Colisão;;;;Meio de Quadra;;;0;1;0;0;0;0;0;0;0;0;0;0;;;;;
265510;3;9;2015;19:11;2486;AV FRANCISCO SA;RUA SEN ROBERT KENNEDY;;;;Colisão;;;;Cruz;Pare;Residencial;0;1;0;1;0;0;0;0;0;1;0;0;-38,581426;-3,709140;;;
265511;3;9;2015;20:38;0;AV CASTELO DE CASTRO;;;9426;;Atropelamento;;;;Meio de Quadra;;;0;1;0;1;0;0;0;0;0;0;0;0;;;;;
265499;3;9;2015;18:53;0;AV AUGUSTO DOS ANJOS;;;1585;;Atropelamento;;;;Meio de Quadra;;;1;0;1;0;0;0;0;0;0;1;0;0;-38,579055;-3,780055;;;
265497;3;9;2015;18:33;0;RUA GAL CLARINDO DE QUEIROZ;;;1511;;Atropelamento;;;;Meio de Quadra;;;0;1;0;0;0;0;0;0;0;0;0;0;-38,537395;-3,730386;;;
265523;3;9;2015;22:06;0;AV 1 CANINDEZINHO;;;;;Atropelamento;;;;Meio de Quadra;;;0;1;0;1;0;0;0;0;0;0;0;0;;;;;
265488;3;9;2015;18:10;0;AV JOR THOMAZ COELHO;;;2719;;Colisão;Anoitecer;;;Meio de Quadra;;;0;1;0;0;0;0;0;0;0;0;0;0;-38,519831;-3,828448;;;
265485;3;9;2015;18:06;6810;RUA JOSE BORBA VASCONCELOS;RUA BENTO ALBUQUERQUE;;;;Colisão;Anoitecer;;;Cruz;Outros;Outros;0;1;0;0;0;0;0;0;0;0;0;0;-38,472258;-3,747266;;;
256297;3;9;2015;22:15;5189;RUA PDE IBIAPINA;RUA PEDRO PEREIRA;;;;Colisão Transversal;;Bom;;Cruz;Pare;Comercial;0;2;0;1;0;0;0;0;0;1;0;0;-38,540601;-3,725940;;;
256303;3;9;2015;14:50;0;AV LUCIANO CARNEIRO;;;1450;;Colisão Transversal;Luz do Dia;Bom;Seca;Meio de Quadra;Pare;Comercial;0;0;2;1;0;0;1;0;0;0;0;0;-38,535798;-3,762024;;;
256304;3;9;2015;07:00;22081;RUA GUSTAVO BRAGA;RUA CAP FRANCISCO PEDRO;;;;Colisão Transversal;Luz do Dia;Nublado;Seca;Cruz;Pare;Residencial;0;0;2;1;0;0;0;0;0;0;0;0;-38,552452;-3,751155;;;
256305;3;9;2015;10:25;1768;AV GOV RAUL BARBOSA;RUA CAP CLOVIS MAIA;;;;Colisão Lateral;Luz do Dia;Nublado;Seca;T;Pare;Residencial;0;1;1;1;0;0;0;0;0;1;0;0;-38,509478;-3,767633;;;
256306;3;9;2015;12:20;1334;RUA SILVA PAULET;RUA DR JORGE DA ROCHA;;;;Colisão Transversal;Luz do Dia;Bom;Seca;Cruz;Pare;Comercial;0;0;2;1;0;0;0;0;0;0;0;0;-38,505774;-3,735559;;;
256315;3;9;2015;13:00;19124;RUA ARI BARROSO;LOGRADOURO SEM NOME;;;;Colisão Frontal;Luz do Dia;Bom;Seca;Cruz;Pare;Escola;0;0;2;1;0;0;0;0;0;0;0;0;-38,475564;-3,738727;;;
256310;3;9;2015;10:20;1339;RUA NUNES VALENTE;RUA DES LEITE ALBUQUERQUE;;;;Colisão Transversal;Luz do Dia;Bom;Seca;Cruz;Pare;Comercial;0;1;1;0;0;0;0;0;0;1;0;0;-38,503540;-3,735649;;;
256312;3;9;2015;13:09;24209;RUA JULIO AZEVEDO;RUA PRO HERACLITO;;;;Colisão Lateral;Luz do Dia;Bom;Seca;Cruz;Pare;Residencial;0;1;1;1;0;0;0;0;0;1;0;0;-38,475700;-3,732449;;;
256321;3;9;2015;16:50;0;AV DEP PAULINO ROCHA;;;1650;;Colisão Lateral;Luz do Dia;Bom;Seca;Meio de Quadra;Não Há Controle;Residencial;0;0;2;1;0;0;0;0;0;1;0;0;-38,510492;-3,811283;;;
256330;3;9;2015;02:00;0;RUA DNA LEOPOLDINA;;;1046;;Engavetamento;Via Iluminada;Bom;Seca;Meio de Quadra;Não Há Controle;Comercial;0;0;4;1;0;0;0;0;0;0;0;0;;;;;
256341;3;9;2015;13:40;0;AV JOSE BASTOS;;;3241;;Colisão Traseira;Luz do Dia;Bom;Seca;Meio de Quadra;Não Há Controle;Comercial;0;0;2;0;0;1;0;0;0;1;0;0;;;;;
256347;3;9;2015;17:00;7642;RUA RIO GRANDE DO NORTE;RUA ESTADO DO RIO;;;;Colisão Transversal;Luz do Dia;Bom;Seca;Cruz;Pare;Comercial;0;0;2;1;0;0;1;0;0;0;0;0;-38,569969;-3,757063;;;