COD_ACIDENTE;DIA;MES;ANO;HORA;INTERSECAO;LOG1;LOG2;LOG3;NUMERO;REFERENCIA;NATUREZA;ILUMINACAO;TEMPO;SUPERFICIEPISTA;TIPOCRUZAMENTO;CONTROLETRAFEGO;USOSOLO;MORTOS;FERIDOS;ILESOS;AUTOMOVEL;ONIBUS;BICICLETA;CAMINHAO;MICROONIBUS;CICLOMOTOR;MOTOCICLETA;TRACAOANIMAL;TREM;LONG;LAT;;;
256352;3;9;2015;18:30;12395;AV LINEU MACHADO;RUA CUIABA;;;;Colisão Transversal;;Bom;Seca;Cruz;Pare;Comercial;0;0;2;1;0;0;0;0;0;1;0;0;-38,578620;-3,769181;;;
256356;4;9;2015;19:00;7760;AV ANTONIO SALES;RUA SILVA PAULET;;;;Colisão Transversal;Via Iluminada;Bom;Seca;Cruz;Pare;Comercial;0;1;2;1;0;0;0;0;0;1;0;0;-38,508383;-3,743595;;;
256358;4;9;2015;18:00;8647;AV EDILSON B SOARES;RUA PRO SOLON FARIAS;;;;Colisão Lateral;Via Iluminada;Bom;Seca;Cruz;Pare;Residencial;0;0;2;1;0;0;0;0;0;0;0;0;-38,477116;-3,789155;;;
256359;4;9;2015;04:40;7633;AV CARNEIRO DE MENDONCA;RUA RIO GRANDE DO SUL;;;;Colisão Transversal;Luz do Dia;Bom;Seca;Cruz;Semáforo;Misto;0;0;2;1;0;0;0;0;0;1;0;0;-38,570011;-3,762374;;;
256360;4;9;2015;15:30;15244;RUA JOSE VILAR;RUA DEP MOREIRA DA ROCHA;;;;Colisão Transversal;Luz do Dia;Bom;Seca;Cruz;Pare;Residencial;0;0;2;1;0;0;0;0;0;0;0;0;-38,502113;-3,727832;;;
256361;4;9;2015;18:00;0;RUA FIRMINO ROCHA AGUIAR;;;600;;Colisão Lateral;Via Iluminada;Bom;Seca;Meio de Quadra;Não Há Controle;Escola;0;0;2;1;0;0;0;0;0;0;0;0;-38,486038;-3,763382;;;
256362;4;9;2015;19:30;8643;AV EDILSON B SOARES;AV ENG LEAL LIMA VERDE (SAPIRANGA/COITE);;;;Colisão Lateral;Via Iluminada;Bom;Seca;Cruz;Não Há Controle;Lazer;0;0;2;1;0;0;0;0;0;0;0;0;-38,476215;-3,789082;;;
256343;4;9;2015;20:00;0;AV PRS COSTA E SILVA;;;;;Colisão Lateral;Via Iluminada;Bom;Seca;Meio de Quadra;Pare;Comercial;0;2;0;0;0;0;0;0;0;1;0;0;-38,571347;-3,812923;;;
256331;4;9;2015;12:00;281;RUA PRO RAIMUNDO VITOR;AV JOVITA FEITOSA;;;;Colisão Lateral;Luz do Dia;Bom;Seca;T;Pare;Residencial;0;1;1;1;0;0;0;0;0;1;0;0;-38,565085;-3,741618;;;
256332;4;9;2015;15:30;0;RUA RIO GRANDE DO SUL;;;1171;;Colisão Lateral;Luz do Dia;Bom;Seca;Meio de Quadra;Pare;Residencial;0;0;2;1;0;0;0;0;0;1;0;0;-38,567691;-3,758822;;;
256335;4;9;2015;08:45;13375;AV ANTONIO SALES;RUA HENRIQUE RABELO;;;;Colisão Transversal;Luz do Dia;Bom;Seca;Cruz;Pare;Comercial;0;0;2;1;0;0;0;0;0;0;0;0;-38,521352;-3,739540;;;
256336;4;9;2015;15:00;24331;AV LUCIANO CARNEIRO;RUA ARMANDO MONTEIRO;;;;Colisão Lateral;Luz do Dia;Bom;Seca;Cruz;Pare;Comercial;0;1;1;1;0;0;0;0;0;1;0;0;-38,536219;-3,763454;;;
256337;4;9;2015;07:05;0;RUA ALVES RIBEIRO;;;704;;Colisão Transversal;Luz do Dia;Bom;Seca;Meio de Quadra;Outros;Residencial;0;0;2;0;0;0;0;0;0;1;0;0;-38,501938;-3,822772;;;
256338;4;9;2015;05:50;10695;RUA PRO HERIBALDO COSTA;RUA MON HIPOLITO BRASIL;;;;Colisão Transversal;Luz do Dia;Bom;Seca;Cruz;Pare;Misto;0;2;1;1;0;0;0;0;0;1;0;0;-38,582275;-3,757069;;;
256322;4;9;2015;09:30;5269;AV DUQ CAXIAS;RUA PDE IBIAPINA;;;;Colisão Lateral;Luz do Dia;Bom;Seca;Cruz;Semáforo;Comercial;0;0;2;1;0;0;1;0;0;0;0;0;-38,540226;-3,728446;;;
256309;4;9;2015;18:00;0;AV PRS COSTA E SILVA;;;;;Colisão Lateral;Anoitecer;Bom;Seca;Meio de Quadra;Semáforo;Residencial;0;0;2;0;0;0;1;0;0;0;0;0;;;;;
256320;4;9;2015;22:30;0;RUA MIN ALBUQUERQUE LIMA;;;282;;Colisão Lateral Sentido Oposto;Via Iluminada;Bom;Seca;Meio de Quadra;Pare;Residencial;0;0;2;1;0;0;0;0;0;0;0;0;-38,608635;-3,767941;;;
256324;4;9;2015;17:00;15370;AV SEN VIRGILIO TAVORA;AV DOM LUIS;;;;Colisão Transversal;Via Iluminada;Bom;Seca;Cruz;Semáforo;Comercial;0;0;3;1;1;0;0;0;0;0;0;0;-38,492507;-3,734829;;;
256327;4;9;2015;19:00;0;AV ENG SANTANA JUNIOR;;;769;;Colisão Lateral;Via Iluminada;Bom;Seca;Meio de Quadra;Não Há Controle;Residencial;0;0;2;1;0;0;0;0;0;0;0;0;-38,481527;-3,734780;;;
256328;4;9;2015;05:40;12863;AV DOMINGOS OLIMPIO;RUA FLORIANO PEIXOTO;;;;Colisão Transversal;Luz do Dia;Bom;Seca;Cruz;Pare;Comercial;0;1;1;0;0;0;0;1;0;1;0;0;-38,530313;-3,736976;;;
256318;4;9;2015;07:40;8103;AV DOS EXPEDICIONARIOS;RUA JOAO FRANCA (PQ. 2 IRMÃOS);;;;Colisão Lateral;Luz do Dia;Bom;Seca;;Não Há Controle;Comercial;0;1;1;1;0;0;0;0;0;1;0;0;;;;;
265559;4;9;2015;07:37;8934;AV DOMINGOS OLIMPIO;RUA PDE MORORO;;;;Colisão;Luz do Dia;;;Cruz;Pare;Residencial;0;1;0;1;0;0;0;0;0;1;0;0;-38,539949;-3,733752;;;
265574;4;9;2015;07:43;0;RUA BERNARDO MANUEL;;;8639;;Colisão;Luz do Dia;;;Meio de Quadra;;;0;1;0;1;0;0;0;0;0;1;0;0;-38,550337;-3,795173;;;
265527;4;9;2015;05:08;0;AV RECREIO D64;;;800;CLUBE RECREIO;Queda;Amanhecer;;;Meio de Quadra;;;0;1;0;0;0;0;0;0;0;1;0;0;-38,449561;-3,813019;;;
265636;4;9;2015;21:49;0;RUA PERNAMBUCO;;;89;;Atropelamento;;;;Meio de Quadra;;;0;1;0;0;0;0;0;0;0;1;0;0;-38,567045;-3,760951;;;
265608;4;9;2015;18:31;0;AV SEN CARLOS JEREISSATI (AEROPORTO);;;;;Colisão;;;;Meio de Quadra;;;0;1;0;0;0;0;0;0;0;0;0;0;;;;;
265630;4;9;2015;21:28;0;AV SGT HERMINIO SAMPAIO;;;39;;Queda;;;;Meio de Quadra;;;0;1;0;0;0;0;0;0;0;1;0;0;;;;;
265623;4;9;2015;21:05;3609;RUA GUILHERME ASSUNCAO;AV CAP WALDEMAR PAULA LIMA;;;;Colisão;;;;Cruz;Não Há Controle;Lazer;0;1;0;0;0;0;0;0;0;1;0;0;-38,507427;-3,816601;;;
265615;4;9;2015;20:42;0;AV JOAO PESSOA;;;7040;;Colisão;;;;Meio de Quadra;;;0;1;0;0;0;0;0;0;0;1;0;0;-38,561694;-3,771809;;;
265594;4;9;2015;17:36;0;AV BORGES DE MELO;;;;;Colisão;Anoitecer;;;Meio de Quadra;;;0;1;0;1;0;0;0;0;0;1;0;0;;;;;
265606;4;9;2015;18:08;0;RUA ARTUR DE CARVALHO;;;1550;;Colisão;Anoitecer;;;Meio de Quadra;;;0;1;0;1;0;0;0;0;0;1;0;0;-38,465625;-3,826510;;;
265613;4;9;2015;18:53;0;AV PRS CASTELO BRANCO;;;3228;;Colisão;;;;Meio de Quadra;;;0;1;0;1;0;0;0;0;0;1;0;0;-38,559787;-3,710856;;;
265591;4;9;2015;16:40;25059;RUA HOLANDA;RUA CABRAL VERAS;;;;Colisão;Luz do Dia;;;;;;0;1;1;1;0;0;0;0;0;1;0;0;;;;;
265586;4;9;2015;15:59;15815;RUA MANUEL CASTELO BRANCO;RUA CEL GUILHERME ALENCAR;;;;Colisão;Luz do Dia;;;Cruz;Pare;Comercial;0;1;0;0;0;0;0;0;0;0;0;0;-38,491829;-3,831934;;;
265582;4;9;2015;13:36;0;AV ALM MAXIMIANO DA FONSECA;;;1009;;Colisão;Luz do Dia;;;Meio de Quadra;;;0;1;0;0;0;0;0;0;0;0;0;0;-38,486990;-3,770964;;;
265577;4;9;2015;07:59;0;AV PRS CASTELO BRANCO;;;887;;Colisão;Luz do Dia;;;Meio de Quadra;;;0;1;1;1;0;0;0;0;0;1;0;0;-38,531242;-3,719787;;;
265578;4;9;2015;08:51;0;RUA ALTO VERMELHO;;;740;;Atropelamento;Luz do Dia;;;Meio de Quadra;;;0;1;0;0;1;0;0;0;0;0;0;0;;;;;
265579;4;9;2015;10:59;5161;RUA SEN ALENCAR;RUA MAJ FACUNDO;;;;Colisão;Luz do Dia;;;Cruz;Pare;Comercial;0;1;0;1;0;0;0;0;0;1;0;0;-38,527033;-3,725114;;;
265580;4;9;2015;13:36;0;AV SGT HERMINIO SAMPAIO;;;880;;Atropelamento;Luz do Dia;;;Meio de Quadra;;;0;1;0;0;0;0;0;0;0;1;0;0;-38,548919;-3,724537;;;
259229;4;9;2015;17:15;0;RD BR 116;;;1000;KM-01;Colisão Frontal;Anoitecer;Bom;Seca;Meio de Quadra;Não Há Controle;Comercial;0;1;1;1;0;0;0;0;0;1;0;0;-38,518702;-3,762554;;;
259227;4;9;2015;02:50;0;RD BR 116;;;3000;KM-03;Choque c/ Obstáculo Fixo;Via Iluminada;Bom;Seca;Meio de Quadra;Não Há Controle;Comercial;0;1;0;1;0;0;0;0;0;0;0;0;-38,514372;-3,779838;;;
266100;4;9;2015;10:50;9550;RUA BARRA VERMELHA;RUA HUMBERTO LOMEU;;;;Atropelamento;Luz do Dia;;;;;;0;1;0;0;1;0;0;0;0;0;0;0;-38,612392;-3,779259;;;
266102;4;9;2015;22:00;0;RUA CON DE CASTRO;;;5445;;Colisão;;;;Meio de Quadra;;;0;1;0;1;0;0;0;0;0;1;0;0;-38,596551;-3,810494;;;
266097;4;9;2015;03:00;6573;AV H CJ CEARA;AV C CJ CEARA;;;;Choque c/ Obstáculo Fixo;;;;Cruz;Não Há Controle;Residencial;0;1;0;1;0;0;0;0;0;0;0;0;-38,616458;-3,776518;;;
256180;4;9;2015;13:00;13432;AV ANTONIO SALES;AV RUI BARBOSA;;;;Colisão Lateral;Luz do Dia;Bom;Seca;Cruz;Semáforo;Misto;0;0;2;1;1;0;0;0;0;0;0;0;-38,511569;-3,742611;;;
256163;4;9;2015;17:00;6781;RUA BENTO ALBUQUERQUE;RUA ZAMENHOF;;;;Colisão Transversal;Luz do Dia;Bom;Seca;Cruz;Pare;Residencial;0;1;1;1;0;0;0;0;0;0;0;0;-38,476888;-3,745776;;;
256178;4;9;2015;10:00;19935;RUA FRANCISCO LORDA;RUA JORGE ACURCIO;;;;Colisão Transversal;Luz do Dia;Bom;Seca;Cruz;Pare;Residencial;0;0;2;1;0;0;0;0;0;1;0;0;-38,530533;-3,762325;;;
256183;4;9;2015;09:00;6756;AV ENG SANTANA JUNIOR;AV ANTONIO SALES;;;;Colisão Traseira;Luz do Dia;Bom;Seca;T;Não Há Controle;Comercial;0;0;2;1;0;0;0;0;0;0;0;0;-38,490039;-3,749257;;;
256259;4;9;2015;09:30;0;AV ALBERTO CRAVEIRO;;;430;;Colisão Traseira;Luz do Dia;Bom;Seca;Meio de Quadra;Não Há Controle;Comercial;0;0;2;1;0;0;0;0;0;0;0;0;-38,516505;-3,782668;;;
256260;4;9;2015;07:50;24990;AV PRS COSTA E SILVA;AV PRS JUSCELINO KUBITSCHEK (PASSARÉ);;;;Colisão Traseira;Luz do Dia;Bom;Seca;T;Semáforo;Residencial;0;0;2;1;0;0;1;0;0;0;0;0;-38,539516;-3,825648;;;
256256;4;9;2015;14:30;13233;AV F CJ JOSE WALTER;AV L CJ JOSE WALTER;;;;Colisão Lateral;Luz do Dia;Bom;Seca;Cruz;Pare;Residencial;0;1;1;1;0;0;0;0;0;1;0;0;-38,558805;-3,835328;;;
256257;4;9;2015;07:55;0;AV D CJ JOSE WALTER;;;211;;Colisão Transversal;Luz do Dia;Bom;Seca;Meio de Quadra;Não Há Controle;Residencial;1;1;1;1;0;0;0;0;0;1;0;0;-38,555043;-3,831838;;;
256252;4;9;2015;11:00;4189;AV PRS CASTELO BRANCO;RUA FRANCISCO CORDEIRO;;;;Colisão Lateral;Luz do Dia;Bom;Seca;Cruz;Pare;Comercial;0;0;2;1;0;0;0;0;0;0;0;0;-38,550593;-3,713113;;;
256250;4;9;2015;15:00;0;AV FRANCISCO SA;;;2907;;Colisão Traseira;Luz do Dia;Bom;Seca;Meio de Quadra;Não Há Controle;Comercial;0;0;2;1;0;0;1;0;0;0;0;0;-38,551509;-3,719347;;;
256237;4;9;2015;17:00;5300;RUA BAR RIO BRANCO;RUA PEDRO PEREIRA;;;;Colisão Transversal;Anoitecer;Bom;Seca;Duplo T;Semáforo;Comercial;0;1;1;1;0;0;0;0;0;1;0;0;-38,529219;-3,729457;;;
256239;4;9;2015;11:30;11932;AV PRS COSTA E SILVA;AV CASTELO DE CASTRO;;;;Colisão Traseira;Luz do Dia;Bom;Seca;Cruz;Semáforo;Misto;0;0;2;1;0;0;1;0;0;0;0;0;-38,521435;-3,829012;;;
256153;4;9;2015;17:50;0;AV PRO JOSE ARTHUR CARVALHO;;;1550;;Colisão Lateral;Anoitecer;Bom;Seca;Meio de Quadra;Não Há Controle;Misto;0;0;2;1;0;0;0;0;0;1;0;0;-38,465396;-3,826408;;;
270590;4;9;2015;03:53;15142;AV MON TABOSA;RUA MON BRUNO;;;;Colisão;;;;Cruz;Pare;Lazer;0;0;2;0;0;0;0;0;0;0;0;0;-38,506833;-3,724369;;;
270594;4;9;2015;07:45;24969;AV PDE ANTONIO TOMAS;AV ALM HENRIQUE SABOIA;;;;Colisão;Luz do Dia;;;Cruz;Semáforo;Misto;0;0;2;0;0;0;0;0;0;0;0;0;-38,489455;-3,743493;;;
270615;4;9;2015;10:00;7211;AV PRS CASTELO BRANCO;AV DR THEBERGE;;;;Colisão;Luz do Dia;;;Cruz;Semáforo;Comercial;0;0;2;0;0;0;0;0;0;0;0;0;-38,563456;-3,710079;;;
270622;4;9;2015;10:14;0;AV CASTELO DE CASTRO;;;1601;;Colisão;Luz do Dia;;;Meio de Quadra;;;0;0;2;0;0;0;0;0;0;0;0;0;-38,521612;-3,842446;;;
270625;4;9;2015;10:28;0;RUA COELHO DA FONSECA;;;3358;;Colisão;Luz do Dia;;;Meio de Quadra;;;0;0;2;0;0;0;0;0;0;0;0;0;;;;;
270632;4;9;2015;11:52;0;AV FRANCISCO SA;;;2818;;Colisão;Luz do Dia;;;Meio de Quadra;;;0;0;2;0;0;0;0;0;0;0;0;0;-38,550832;-3,719571;;;
270633;4;9;2015;13:23;0;RUA JOAQUIM M DE MACEDO;;;2120;;Atropelamento;Luz do Dia;;;Meio de Quadra;;;0;0;2;0;0;0;0;0;0;0;0;0;-38,588602;-3,770757;;;
270653;4;9;2015;17:21;0;RUA MANUEL DA NOBREGA;;;380;;Colisão;Anoitecer;;;Meio de Quadra;;;0;0;2;0;0;0;0;0;0;0;0;0;-38,583964;-3,798982;;;
270654;4;9;2015;18:23;0;AV ADENANTERAS;;;;;Colisão;Anoitecer;;;Meio de Quadra;;;0;0;2;0;0;0;0;0;0;0;0;0;;;;;
270655;4;9;2015;19:26;0;AV ROGACIANO LEITE;;;;;Atropelamento;;;;Meio de Quadra;;;0;0;2;0;0;0;0;0;0;0;0;0;;;;;
270648;4;9;2015;15:25;25796;RUA SGT JOAO PINHEIRO;AV H CJ CEARA;;;;Colisão;Luz do Dia;;;T;Não Há Controle;Residencial;0;0;2;0;0;0;0;0;0;0;0;0;;;;;
270640;4;9;2015;14:56;10854;RUA AUDISIO PINHEIRO;RUA BOA VISTA;;;;Colisão;Luz do Dia;;;Cruz;;Residencial;0;0;2;0;0;0;0;0;0;0;0;0;-38,592494;-3,765588;;;
264668;4;9;2015;10:05;0;RUA JULIO AZEVEDO;;;1120;;Colisão;Luz do Dia;;;Meio de Quadra;;;0;0;2;1;0;0;0;0;0;0;0;0;-38,480060;-3,739436;;;
264669;4;9;2015;09:37;1600;RUA GAL TERTULIANO POTYGUARA;RUA LEONARDO MOTA;;;;Colisão;Luz do Dia;;;Cruz;Pare;Misto;0;0;2;1;0;0;0;0;0;0;0;0;-38,498626;-3,743762;;;
264670;4;9;2015;10:58;0;AV PRS COSTA E SILVA;;;;;Colisão;Luz do Dia;;;Meio de Quadra;;;0;0;2;1;1;0;0;0;0;0;0;0;;;;;
264671;4;9;2015;12:18;0;RUA PRO HERIBALDO COSTA;;;;;Colisão;Luz do Dia;;;Meio de Quadra;;;0;0;2;1;0;0;0;0;0;0;0;0;;;;;
264665;4;9;2015;08:09;0;AV ENG SANTANA JUNIOR;;;;;Colisão;Luz do Dia;;;Meio de Quadra;;;0;0;2;1;0;0;1;0;0;0;0;0;;;;;
264690;4;9;2015;16:51;0;AV MAE MANOEL MAVIGNIER;;;;;Colisão;Luz do Dia;;;Meio de Quadra;;;0;0;2;1;1;0;0;0;0;0;0;0;;;;;
264691;4;9;2015;16:41;0;AV ABOLICAO;RUA JOAQUIM NABUCO;;;;Colisão;Luz do Dia;;;;;;0;0;2;0;1;0;1;0;0;0;0;0;;;;;
270674;5;9;2015;16:36;0;RUA GAL SAMPAIO;;;486;;Colisão;Luz do Dia;;;Meio de Quadra;;;0;0;2;0;0;0;0;0;0;0;0;0;-38,529586;-3,722813;;;
270675;5;9;2015;16:59;26190;AV AUGUSTO DOS ANJOS;RUA SOUSA CARVALHO;;;;Colisão;Luz do Dia;;;T;Pare;Comercial;0;0;2;0;0;0;0;0;0;0;0;0;-38,583417;-3,785105;;;
270676;5;9;2015;17:01;0;RUA FRE TEODORO;;;;;Colisão;Anoitecer;;;Meio de Quadra;;;0;0;2;0;0;0;0;0;0;0;0;0;;;;;
270677;5;9;2015;17:23;0;RUA AZEVEDO BARRETO;;;905;;Colisão;Anoitecer;;;Meio de Quadra;;;0;0;2;0;0;0;0;0;0;0;0;0;;;;;
270678;5;9;2015;17:43;0;AV H CJ CEARA;;;1106;;Colisão;Anoitecer;;;Meio de Quadra;;;0;0;2;0;0;0;0;0;0;0;0;0;-38,607507;-3,775435;;;
270679;5;9;2015;18:51;0;AV MAJ ASSIS;;;;;Colisão;;;;Meio de Quadra;;;0;0;2;0;0;0;0;0;0;0;0;0;;;;;
270680;5;9;2015;21:23;22905;RUA DR JUSTA ARAUJO D45;RUA PDE NOBREGA;;;;Colisão;;;;;;;0;0;2;0;0;0;0;0;0;0;0;0;-38,552507;-3,782321;;;
270681;5;9;2015;21:24;0;RUA CEL MANUEL ANTONIO LEITE;;;93;;Colisão;;;;Meio de Quadra;;;0;0;2;0;0;0;0;0;0;0;0;0;;;;;
270682;5;9;2015;21:55;23424;RUA MON SALAZAR;RUA HERMINIO BARROSO;;;;Colisão;;;;Cruz;Pare;Comercial;0;0;2;0;0;0;0;0;0;0;0;0;-38,511160;-3,755854;;;
270668;5;9;2015;13:16;0;AV H CJ CEARA;;;1530;;Colisão;Luz do Dia;;;Meio de Quadra;;;0;0;2;0;0;0;0;0;0;0;0;0;-38,611604;-3,775990;;;
270669;5;9;2015;15:54;0;AV PRS CASTELO BRANCO;;;;;Atropelamento;Luz do Dia;;;Meio de Quadra;;;0;0;2;0;0;0;0;0;0;0;0;0;;;;;
256158;5;9;2015;09:00;0;RUA PDE PEDRO DE ALENCAR;;;;;Colisão Lateral;Luz do Dia;Bom;Seca;Meio de Quadra;Não Há Controle;Comercial;0;0;2;1;0;0;1;0;0;0;0;0;;;;;
256200;5;9;2015;08:50;3819;AV CARAPINIMA;RUA JUVENAL GALENO;;;;Colisão Transversal;Luz do Dia;Nublado;Seca;Cruz;Semáforo;Comercial;0;1;1;0;1;0;0;0;0;1;0;0;-38,539176;-3,738998;;;
256202;5;9;2015;14:30;13537;RUA CAP GUSTAVO;AV SORIANO ALBUQUERQUE;;;;Colisão Transversal;Luz do Dia;Bom;Seca;Cruz;Semáforo;Misto;0;0;2;1;0;0;0;0;0;0;0;0;-38,518063;-3,748124;;;
256203;5;9;2015;19:30;7751;RUA ESTADO DO RIO;RUA CEARA;;;;Colisão Transversal;Mal Iluminada;Bom;Seca;Cruz;Pare;Misto;0;1;1;1;0;0;0;0;0;1;0;0;-38,569606;-3,756475;;;
256209;5;9;2015;18:30;5091;RUA GAL SAMPAIO;RUA CASTRO E SILVA;;;;Atropelamento;Anoitecer;Bom;Seca;Cruz;Semáforo;Comercial;0;1;1;1;0;0;0;0;0;0;0;0;-38,529670;-3,723098;;;
256206;5;9;2015;08:00;0;RUA MAXIMINO BARRETO;;;1055;;Colisão Traseira;Luz do Dia;Nublado;Seca;Meio de Quadra;Outros;Residencial;0;0;2;1;0;0;1;0;0;0;0;0;-38,507486;-3,824707;;;
256207;5;9;2015;15:20;0;AV GOV PARSIFAL BARROSO;;;;TUNEL;Colisão Lateral;Luz do Dia;Bom;Seca;Meio de Quadra;Não Há Controle;Residencial;0;2;0;0;0;0;0;0;1;1;0;0;;;;;
256227;5;9;2015;21:56;23658;AV SGT HERMINIO SAMPAIO;RUA POMPEU CAVALCANTE;;;;Colisão Traseira;Via Iluminada;Nublado;Seca;Duplo T;Pare;Comercial;0;1;3;1;0;0;0;0;0;1;0;0;-38,562833;-3,726772;;;
256185;5;9;2015;19:50;20129;AV DEP PAULINO ROCHA;RUA POMPILIO GOMES;;;;Colisão Traseira;Via Iluminada;Bom;Seca;Outros;Pare;Comercial;0;1;2;1;0;0;0;0;0;1;0;0;-38,519652;-3,810076;;;
256182;5;9;2015;15:30;23430;RUA MON SALAZAR;RUA CAP MELO;;;;Colisão Transversal;Luz do Dia;Bom;Seca;Cruz;Semáforo;Misto;0;1;1;0;0;0;0;0;0;1;0;0;-38,513180;-3,756019;;;
256191;5;9;2015;18:20;0;AV ANTONIO SALES;;;;;Colisão Traseira;Anoitecer;Bom;Seca;Meio de Quadra;Não Há Controle;Comercial;0;0;3;1;0;0;0;0;0;0;0;0;;;;;
256187;5;9;2015;14:00;0;AV DR SILAS MUNGUBA;;;3384;;Colisão Transversal;Luz do Dia;Bom;Seca;Meio de Quadra;Não Há Controle;Residencial;0;0;2;1;0;0;0;0;0;0;0;0;-38,543783;-3,789192;;;
256194;5;9;2015;12:00;0;AV AGUANAMBI;;;1470;;Colisão Lateral;Luz do Dia;Bom;Seca;Meio de Quadra;Não Há Controle;Comercial;0;0;2;1;0;0;1;0;0;0;0;0;-38,523763;-3,749716;;;
256195;5;9;2015;16:00;0;AV DR SILAS MUNGUBA;;;;;Colisão Transversal;Luz do Dia;Bom;Seca;Meio de Quadra;Não Há Controle;Misto;0;2;0;1;0;0;0;0;0;1;0;0;;;;;
256196;5;9;2015;14:15;0;AV CARNEIRO DE MENDONCA;;;480;;Engavetamento;Luz do Dia;Bom;Seca;Meio de Quadra;Não Há Controle;Misto;0;0;3;1;0;0;0;0;0;0;0;0;-38,563721;-3,765594;;;
256197;5;9;2015;10:30;0;AV GOV RAUL BARBOSA;;;5068;;Colisão Traseira;Luz do Dia;Bom;Seca;Meio de Quadra;Semáforo;Misto;0;0;2;1;0;0;1;0;0;0;0;0;-38,508301;-3,762394;;;
256162;5;9;2015;12:50;15362;RUA PEREIRA VALENTE;RUA CEL LINHARES;;;;Colisão Transversal;Luz do Dia;Bom;Seca;Cruz;Pare;Residencial;0;0;2;1;0;0;0;0;0;0;0;0;-38,493183;-3,733517;;;
256168;5;9;2015;16:50;7948;AV PONTES VIEIRA;RUA JOAQUIM NABUCO;;;;Colisão Transversal;Via Iluminada;Bom;Seca;Cruz;Semáforo Intermitente;Comercial;0;1;1;1;0;0;0;0;0;1;0;0;-38,506628;-3,751917;;;
256165;5;9;2015;08:40;0;AV ABOLICAO;;;;;Colisão Lateral;Luz do Dia;Nublado;Seca;Meio de Quadra;Semáforo;Comercial;0;0;2;1;0;0;0;0;0;0;0;0;;;;;
256166;5;9;2015;20:00;13376;RUA JOAO BRIGIDO;RUA GONCALVES LEDO;;;;Outros;Via Iluminada;Bom;Seca;Cruz;Pare;Residencial;0;0;2;1;0;0;0;0;0;0;0;0;-38,518955;-3,739611;;;
256175;5;9;2015;12:00;0;RUA ILDEFONSO ALBANO;;;2475;;Colisão Traseira;;Bom;Seca;Meio de Quadra;Não Há Controle;Residencial;0;0;2;1;0;0;0;0;0;0;0;0;-38,516463;-3,742923;;;
256176;5;9;2015;12:30;0;RUA PDE PEDRO DE ALENCAR;;;;;Colisão Lateral;Luz do Dia;Bom;Seca;Meio de Quadra;Não Há Controle;Comercial;0;1;1;1;0;0;0;0;0;1;0;0;;;;;
256177;5;9;2015;14:00;1338;AV BAR STUDART;RUA TORRES CAMARA;;;;Colisão Transversal;Luz do Dia;Bom;Seca;Cruz;Semáforo;Comercial;0;0;2;1;0;0;0;0;0;0;0;0;-38,506944;-3,735624;;;
256173;5;9;2015;14:00;23606;RUA MAJ VERISSIMO;RUA BAR CRATO;;;;Colisão Lateral;Luz do Dia;Bom;Seca;Cruz;Pare;Comercial;0;2;0;1;0;0;0;0;0;1;0;0;-38,562705;-3,722084;;;
256171;5;9;2015;07:45;0;AV CARAPINIMA;;;2306;;Colisão Lateral;Luz do Dia;Chuva;Molhada;Meio de Quadra;Não Há Controle;Comercial;0;1;1;1;0;0;0;0;0;1;0;0;-38,540353;-3,740113;;;
266104;5;9;2015;20:30;0;AV MIN JOSE AMERICO;;;;CAMBEBA;Colisão;;;;Meio de Quadra;;;0;1;0;1;0;0;0;0;0;1;0;0;;;;;
259230;5;9;2015;17:30;0;RD BR 116;;;13000;KM-13;Colisão Traseira;Anoitecer;Bom;Seca;Meio de Quadra;Não Há Controle;Comercial;0;1;1;1;0;0;0;0;0;1;0;0;-38,497727;-3,864670;;;
259265;5;9;2015;22:05;0;RD BR 222;;;;KM-01;Atropelamento;Via Iluminada;Bom;Seca;Meio de Quadra;Não Há Controle;Comercial;0;1;1;1;0;0;0;0;0;0;0;0;-38,577952;-3,737774;;;
265644;5;9;2015;04:32;0;RUA DR ALFREDO WEYNE D14;RUA GAL SILVA JUNIOR;;;;Atropelamento;;;;;;;0;1;1;0;0;0;0;0;0;1;0;0;;;;;
265647;5;9;2015;05:01;0;AV JOR THOMAZ COELHO;;;425;;Colisão;Amanhecer;;;Meio de Quadra;;;0;1;0;1;0;0;0;0;0;1;0;0;-38,498311;-3,832407;;;
265640;5;9;2015;01:36;0;AV GODOFREDO MACIEL;;;;;Queda;;;;Meio de Quadra;;;0;1;0;0;0;0;0;0;0;1;0;0;;;;;
265779;5;9;2015;18:37;0;AV WASHINGTON SOARES;;;;;Colisão;;;;Meio de Quadra;;;0;1;0;1;0;0;0;0;0;1;0;0;;;;;
265780;5;9;2015;19:47;0;RUA SEN ROBERT KENNEDY;;;325;;Colisão;;;;Meio de Quadra;;;0;1;0;1;0;0;0;0;0;1;0;0;-38,578479;-3,702939;;;
265782;5;9;2015;21:46;0;AV SGT HERMINIO SAMPAIO;;;2500;;Colisão;;;;Meio de Quadra;;;0;1;0;1;0;0;0;0;0;1;0;0;-38,562752;-3,726761;;;