COD_ACIDENTE;DIA;MES;ANO;HORA;INTERSECAO;LOG1;LOG2;LOG3;NUMERO;REFERENCIA;NATUREZA;ILUMINACAO;TEMPO;SUPERFICIEPISTA;TIPOCRUZAMENTO;CONTROLETRAFEGO;USOSOLO;MORTOS;FERIDOS;ILESOS;AUTOMOVEL;ONIBUS;BICICLETA;CAMINHAO;MICROONIBUS;CICLOMOTOR;MOTOCICLETA;TRACAOANIMAL;TREM;LONG;LAT;;;
265786;5;9;2015;22:56;0;AV JOVITA FEITOSA;;;1164;;Atropelamento;;;;Meio de Quadra;;;0;1;0;1;0;0;0;0;0;0;0;0;-38,554316;-3,739430;;;
265663;5;9;2015;07:22;0;AL AMALIA MARIA;;;147;;Queda;Luz do Dia;;;Meio de Quadra;;;0;1;0;0;0;0;0;0;0;1;0;0;-38,469315;-3,749450;;;
265714;5;9;2015;17:20;0;AV PERIMETRAL;;;;;Colisão;Anoitecer;;;Meio de Quadra;;;0;1;0;0;0;0;0;0;0;1;0;0;;;;;
265712;5;9;2015;17:09;2755;RUA CEL VIRGILIO NOGUEIRA (BOM JARDIM);RUA BOM JESUS (GRANJA LISBOA);;;;Colisão;Anoitecer;;;Cruz;Cancela;Misto;0;1;0;1;0;0;0;0;0;1;0;0;-38,609686;-3,791684;;;
265718;5;9;2015;17:24;0;AV PRS CASTELO BRANCO;;;;;Colisão;Anoitecer;;;Meio de Quadra;;;0;1;0;0;0;0;0;0;0;0;0;0;;;;;
265720;5;9;2015;17:49;0;RUA PDE PEDRO DE ALENCAR;RUA TEN JURANDIR ALENCAR;;;;Atropelamento;Anoitecer;;;;;;0;1;1;0;0;0;0;0;0;1;0;0;;;;;
265721;5;9;2015;17:52;0;RUA CEARA;;;664;;Colisão;Anoitecer;;;Meio de Quadra;;;0;1;0;1;0;0;0;0;0;1;0;0;-38,563828;-3,760190;;;
265707;5;9;2015;16:30;0;AV JOSE JATAHY;;;1632;;Colisão;Luz do Dia;;;Meio de Quadra;;;0;1;0;1;0;0;0;0;0;1;0;0;;;;;
265702;5;9;2015;15:18;0;AV ENG HUMBERTO MONTE;;;;;Colisão;Luz do Dia;;;Meio de Quadra;;;0;1;0;0;0;0;0;0;0;0;0;0;;;;;
265700;5;9;2015;15:16;0;RUA JOAO RAMALHO;;;4820;;Colisão;Luz do Dia;;;Meio de Quadra;;;0;1;0;1;0;0;0;0;0;1;0;0;;;;;
265698;5;9;2015;13:49;0;AV BEZERRA DE MENEZES;;;2450;;Atropelamento;Luz do Dia;;;Meio de Quadra;;;0;1;0;0;0;0;0;0;0;1;0;0;-38,566148;-3,736003;;;
265649;5;9;2015;05:40;0;RUA DES JOSE PASSOS FILHO;;;;;Colisão;Amanhecer;;;Meio de Quadra;;;0;1;0;1;0;0;0;0;0;0;0;0;;;;;
265655;5;9;2015;05:57;5340;AV DUQ CAXIAS;RUA VINTE E QUATRO DE MAIO;;;;Colisão;Amanhecer;;;Cruz;Semáforo;Comercial;0;1;0;0;0;0;0;0;0;1;0;0;-38,533230;-3,730708;;;
265676;5;9;2015;08:19;0;RUA PRO RAIMUNDO ARRUDA;;;32;;Colisão;Luz do Dia;;;Meio de Quadra;;;0;1;0;1;0;0;0;0;0;1;0;0;-38,552088;-3,733436;;;
265681;5;9;2015;12:15;0;AV SGT HERMINIO SAMPAIO;;;1631;;Colisão;Luz do Dia;;;Meio de Quadra;;;0;1;0;0;0;0;0;0;0;0;0;0;-38,555285;-3,725402;;;
265673;5;9;2015;08:10;0;AV JOVITA FEITOSA;;;125;;Colisão;Luz do Dia;;;Meio de Quadra;;;0;1;0;1;0;0;0;0;0;1;0;0;-38,544828;-3,737452;;;
265670;5;9;2015;07:49;3820;AV 13 DE MAIO;AV CARAPINIMA;;;;Colisão;Luz do Dia;;;Cruz;Semáforo;Comercial;0;1;0;1;0;0;0;0;0;1;0;0;-38,540239;-3,740001;;;
270804;5;9;2015;23:02;9131;RUA BAR ARATANHA;AV 13 DE MAIO;;;;Colisão;;;;Cruz;Semáforo;Comercial;0;0;2;0;0;0;0;0;0;0;0;0;-38,531331;-3,747615;;;
270800;5;9;2015;23:01;0;AV CEL CARVALHO;;;;;Colisão;;;;Meio de Quadra;;;0;0;2;0;0;0;0;0;0;0;0;0;;;;;
270797;5;9;2015;21:57;0;RUA CON DE CASTRO;;;;;Colisão;;;;Meio de Quadra;;;0;0;2;0;0;0;0;0;0;0;0;0;;;;;
270807;5;9;2015;21:00;0;RUA SEN ROBERT KENNEDY;;;325;;Atropelamento;;;;Meio de Quadra;;;0;0;2;0;0;0;0;0;0;0;0;0;-38,578479;-3,702939;;;
274306;5;9;2015;23:50;24988;RUA TAVARES COUTINHO;RUA FRE MANSUETO;;;;Colisão Lateral;Luz do Dia;;;Cruz;Semáforo Intermitente;Comercial;0;0;2;1;0;0;0;0;0;0;0;0;-38,488784;-3,732638;;;
270809;6;9;2015;12:43;0;RUA FRIEZIO BARROSO;;;785;;Colisão;Luz do Dia;;;Meio de Quadra;;;0;0;2;0;0;0;0;0;0;0;0;0;-38,561744;-3,812713;;;
270829;6;9;2015;16:11;0;AV DIOGUINHO;;;;;Colisão;Luz do Dia;;;Meio de Quadra;;;0;0;2;0;0;0;0;0;0;0;0;0;;;;;
270831;6;9;2015;16:43;0;AV CEL CARVALHO;;;;;Colisão;Luz do Dia;;;Meio de Quadra;;;0;0;2;0;0;0;0;0;0;0;0;0;;;;;
270839;6;9;2015;18:37;0;RUA ALINE VIEIRA COLARES;;;398;;Colisão;;;;Meio de Quadra;;;0;0;2;0;0;0;0;0;0;0;0;0;-38,595792;-3,733890;;;
265789;6;9;2015;03:34;0;AV PRO MURILO DA SILVEIRA;;;455;;Queda;;;;Meio de Quadra;;;0;1;0;0;0;0;0;0;0;1;0;0;;;;;
265790;6;9;2015;05:55;0;AV ALBERTO CRAVEIRO;;;1175;;Queda;Amanhecer;;;Meio de Quadra;;;0;1;0;0;0;0;0;0;0;1;0;0;-38,517131;-3,790888;;;
265791;6;9;2015;05:56;0;RUA HOLANDA;;;2045;;Colisão;Amanhecer;;;Meio de Quadra;;;0;1;0;0;0;0;0;0;0;0;0;0;;;;;
265792;6;9;2015;06:06;8125;RUA MANUEL DE QUEIROZ;RUA BENTO ALBUQUERQUE;;;;Colisão;Luz do Dia;;;Cruz;Pare;Misto;0;1;0;1;0;0;0;0;0;1;0;0;-38,467393;-3,748837;;;
265793;6;9;2015;09:58;0;RUA CEL QUEIROZ;;;350;;Atropelamento de Animal;Luz do Dia;;;Meio de Quadra;;;0;1;0;1;0;0;0;0;0;0;0;0;;;;;
265808;6;9;2015;16:48;0;RUA PEDRO MELO;;;26;;Colisão;Luz do Dia;;;Meio de Quadra;;;0;1;0;1;0;0;0;0;0;1;0;0;;;;;
265809;6;9;2015;18:41;0;RUA DR QUIXADA FELICIO;;;431;;Colisão;;;;Meio de Quadra;;;0;1;0;1;0;0;0;0;0;1;0;0;-38,597056;-3,709619;;;
265798;6;9;2015;12:50;0;RUA PORTO VELHO;;;1828;;Queda;Luz do Dia;;;Meio de Quadra;;;0;1;0;0;0;0;0;0;0;1;0;0;-38,594618;-3,761996;;;
265806;6;9;2015;16:45;13031;RUA 51 CJ JOSE WALTER;RUA 20 CJ JOSE WALTER;;;;Atropelamento;Luz do Dia;;;;;;0;1;0;0;0;0;0;0;0;1;0;0;-38,553284;-3,826215;;;
265795;6;9;2015;10:59;0;AV WASHINGTON SOARES;;;;;Colisão;Luz do Dia;;;Meio de Quadra;;;0;1;0;1;0;1;0;0;0;0;0;0;;;;;
265801;6;9;2015;15:08;0;RUA ALTANEIRA;;;709;;Colisão;Luz do Dia;;;Meio de Quadra;;;0;1;0;1;0;0;0;0;0;1;0;0;;;;;
265802;6;9;2015;15:43;18297;AV ALM BARROSO;RUA SEN ALMINO;;;;Queda;Luz do Dia;;;Cruz;Não Há Controle;Comercial;0;1;0;0;0;0;0;0;0;1;0;0;-38,517858;-3,720549;;;
265803;6;9;2015;16:16;0;RUA PRO HERIBALDO COSTA;;;;;Colisão;Luz do Dia;;;Meio de Quadra;;;0;1;0;0;0;0;0;0;0;0;0;0;;;;;
265818;6;9;2015;19:10;0;AV CASTELO DE CASTRO;;;1017;;Atropelamento;;;;Meio de Quadra;;;1;0;1;0;0;0;0;0;0;1;0;0;-38,521733;-3,838463;;;
265825;6;9;2015;20:12;17579;RUA ESPIRITO SANTO;RUA PIAUI;;;;Colisão;;;;Cruz;Não Há Controle;Comercial;0;1;0;0;0;0;0;0;0;1;0;0;-38,566924;-3,750946;;;
269639;6;9;2015;18:15;26241;AV LAURO VIEIRA CHAVES;RUA JOAO BOSCO (AEROPORTO);;;;Colisão;Anoitecer;;;;;;1;0;1;0;0;1;0;0;0;0;0;0;;;;;
266105;6;9;2015;21:30;0;RUA DR ESTENIO GOMES;;;;;Colisão;;;;Meio de Quadra;;;0;1;0;0;0;0;0;0;0;1;0;0;;;;;
265831;6;9;2015;21:07;0;AV LINEU MACHADO;;;1570;;Atropelamento;;;;Meio de Quadra;;;0;2;0;0;0;0;0;0;0;1;0;0;-38,580749;-3,773333;;;
256229;6;9;2015;04:38;0;AV JOVITA FEITOSA;;;80;;Choque c/ Obstáculo Fixo;Via Iluminada;Bom;Seca;Meio de Quadra;Não Há Controle;Comercial;0;1;0;0;0;0;0;0;0;0;0;0;-38,544668;-3,737421;;;
256224;6;9;2015;21:30;25025;AV AUGUSTO DOS ANJOS;RUA EMILIO DE MENESES;;;;Colisão Transversal;Via Iluminada;Bom;Seca;T;Semáforo;Comercial;0;2;0;0;1;0;0;0;0;1;0;0;-38,581896;-3,783313;;;
256226;6;9;2015;17:05;17277;AV PRO GOMES DE MATOS;RUA SATIRO DIAS;;;;Colisão Transversal;Via Iluminada;Bom;Seca;Cruz;Semáforo;Comercial;0;0;2;1;0;0;0;0;0;0;0;0;-38,546868;-3,762623;;;
256219;6;9;2015;11:10;15204;AV ABOLICAO;RUA JULIO IBIAPINA;;;;Colisão Transversal;Via Iluminada;Bom;Seca;Cruz;Semáforo;Comercial;0;0;2;1;0;0;0;0;0;0;0;0;-38,491290;-3,726679;;;
256221;6;9;2015;21:00;25006;RUA BENI DE CARVALHO;RUA LEONARDO MOTA;;;;Colisão Lateral;Via Iluminada;Bom;Seca;Cruz;Semáforo;Residencial;0;0;2;1;0;0;0;0;0;0;0;0;-38,498931;-3,744739;;;
256217;6;9;2015;22:00;0;RUA GUSTAVO BRAGA;;;163;;Choque c/ Obstáculo Fixo;Via Iluminada;Bom;Seca;Meio de Quadra;Não Há Controle;Residencial;0;0;1;1;0;0;0;0;0;0;0;0;-38,553039;-3,750623;;;
256238;6;9;2015;20:15;0;RUA TEN BENEVOLO;;;1052;;Colisão Traseira;Via Iluminada;Bom;Seca;Meio de Quadra;Outros;Comercial;0;0;2;1;1;0;0;0;0;0;0;0;-38,511782;-3,727140;;;
256234;6;9;2015;07:10;25450;RUA LIGIA MONTE;AV PDE ANTONIO TOMAS;;;;Colisão Transversal;Luz do Dia;Bom;Seca;Cruz;Semáforo;Residencial;0;0;2;1;0;0;0;0;0;0;0;0;;;;;
256235;6;9;2015;17:20;0;RUA PRA FRANCISCA ALMEIDA DE SOUSA;;;330;;Choque c/ Obstáculo Fixo;Via Iluminada;Bom;Seca;Meio de Quadra;Outros;Residencial;0;0;3;1;0;0;0;0;0;0;0;0;;;;;
256247;6;9;2015;08:00;9077;AV AGUANAMBI;RUA BONFIM SOBRINHO;;;;Colisão Transversal;Luz do Dia;Bom;Seca;Cruz;Pare;Comercial;0;0;2;1;0;0;0;0;0;0;0;0;-38,523551;-3,751039;;;
256248;6;9;2015;14:30;9055;AV VIS RIO BRANCO;RUA ARTHUR TEMOTEO;;;;Colisão Traseira;Luz do Dia;Bom;Seca;Cruz;Pare;Comercial;0;0;2;1;0;0;0;0;0;0;0;0;-38,522164;-3,745349;;;
256254;6;9;2015;16:30;0;RUA ALTANEIRA;;;703;;Colisão Frontal;Luz do Dia;Bom;Seca;Meio de Quadra;Não Há Controle;Residencial;0;1;1;0;0;0;0;0;0;1;0;0;;;;;
256262;6;9;2015;13:30;10750;TR SEN FERNANDES TAVORA;RUA PRO MIRAMAR DA PONTE;;;;Colisão Transversal;Luz do Dia;Bom;Seca;Cruz;Semáforo;Comercial;0;1;1;0;0;0;0;0;0;1;0;0;-38,585407;-3,761079;;;
256265;6;9;2015;16:00;5438;RUA METON DE ALENCAR;RUA ASSUNCAO;;;;Colisão Transversal;Luz do Dia;Bom;Seca;Cruz;Pare;Comercial;0;0;2;1;0;0;0;0;0;0;0;0;-38,528594;-3,734332;;;
256274;6;9;2015;20:50;0;AV ALM BARROSO;;;;;Colisão Traseira;Via Iluminada;Bom;Seca;Meio de Quadra;Semáforo;Residencial;0;0;2;1;0;0;0;0;0;0;0;0;;;;;
256269;6;9;2015;19:00;15301;RUA SILVA PAULET;RUA TEN BENEVOLO;;;;Colisão Transversal;Via Iluminada;Bom;Seca;Cruz;Pare;Residencial;0;1;1;1;0;0;0;0;0;1;0;0;-38,503888;-3,729724;;;
264773;6;9;2015;12:59;0;RUA GUILHERME PESSOA;;;;;Colisão;Luz do Dia;;;Meio de Quadra;;;0;0;2;1;0;0;0;0;0;0;0;0;;;;;
264774;6;9;2015;22:35;0;AV ENG LEAL LIMA VERDE (SAPIRANGA/COITE);AV MAE LISBOA;;;;Colisão;;;;;;;0;0;2;1;0;0;0;0;0;0;0;0;;;;;
256240;7;9;2015;13:30;35;RUA PEDRO MELO;RUA JOAQUIM LEITAO;;;;Colisão Transversal;Luz do Dia;Bom;Seca;Cruz;Pare;Residencial;0;0;2;1;0;0;0;0;0;0;0;0;-38,592100;-3,744174;;;
265847;7;9;2015;00:23;0;RUA VALPARAISO;;;427;;Queda;;;;Meio de Quadra;;;0;1;0;0;0;0;0;0;0;1;0;0;-38,524471;-3,845266;;;
265853;7;9;2015;00:27;0;AV MR HULL;;;506;;Colisão;;;;Meio de Quadra;;;0;1;0;1;0;0;0;0;0;0;0;0;;;;;
265873;7;9;2015;13:52;25000;RUA COSTA BARROS;AV DOM MANUEL;;;;Colisão;Luz do Dia;;;Cruz;Semáforo;Residencial;0;1;0;1;0;0;0;0;0;1;0;0;-38,520793;-3,727381;;;
265867;7;9;2015;10:50;25119;RUA BAR AQUIRAZ;RUA MIGUEL COUTO;;;;Colisão;Luz do Dia;;;Cruz;Pare;Residencial;0;1;0;1;0;0;0;0;0;1;0;0;-38,487996;-3,837441;;;
265871;7;9;2015;11:33;2614;AV CEL CARVALHO;RUA DES HERMES PARAHYBA;;;;Colisão;Luz do Dia;;;Cruz;Semáforo;Misto;0;1;0;1;0;0;0;0;0;1;0;0;-38,588830;-3,713855;;;
265855;7;9;2015;00:44;12469;RUA MELO DE OLIVEIRA;RUA DES GOMES PARENTE;;;;Colisão;;;;Cruz;Pare;Comercial;0;1;0;1;0;0;0;0;0;1;0;0;-38,578654;-3,773360;;;
265856;7;9;2015;07:43;0;RUA CASTRO E SILVA;;;;;Colisão;Luz do Dia;;;Meio de Quadra;;;0;1;0;1;0;0;0;0;0;1;0;0;;;;;
265890;7;9;2015;16:58;25487;RUA VIRGILIO NOGUEIRA PAES;RUA BOM JESUS (GRANJA LISBOA);;;;Colisão;Luz do Dia;;;Cruz;Pare;Comercial;0;1;0;1;0;0;0;0;0;1;0;0;-38,609686;-3,791684;;;
265893;7;9;2015;18:46;2766;RUA BOM JESUS (GRANJA LISBOA);RUA ZACARIAS FLORINDO;;;;Colisão;;;;Cruz;Pare;Residencial;0;1;0;0;0;0;0;0;0;0;0;0;-38,607869;-3,792274;;;
265886;7;9;2015;14:23;0;RUA CEL FRANCISCO ALVES RIBEIRO;;;355;;Colisão;Luz do Dia;;;Meio de Quadra;;;0;1;0;1;0;0;0;0;0;1;0;0;;;;;
265876;7;9;2015;14:00;0;RUA ASP MENDES;;;16;;Colisão;Luz do Dia;;;Meio de Quadra;;;0;1;0;1;0;1;0;0;0;0;0;0;-38,515594;-3,760982;;;
265920;7;9;2015;23:37;0;RUA URUCUTUBA;;;163;RESIDENCIAL BOM JARDIM;Queda;;;;Meio de Quadra;;;0;1;0;0;0;0;0;0;0;1;0;0;-38,597284;-3,798277;;;
265896;7;9;2015;19:05;0;RUA JANDIRA;;;;;Colisão;;;;Meio de Quadra;;;0;1;0;1;0;1;0;0;0;0;0;0;;;;;
265898;7;9;2015;20:46;0;AV GENIBAU;;;806;;Queda;;;;Meio de Quadra;;;0;1;0;0;0;0;0;0;0;1;0;0;-38,602486;-3,760287;;;
265899;7;9;2015;20:51;0;RUA PERILIO TEIXEIRA;;;410;;Queda;;;;Meio de Quadra;;;0;1;0;0;0;0;0;0;0;1;0;0;;;;;
265903;7;9;2015;21:33;15306;RUA LEONARDO MOTA;RUA ANA BILHAR;;;;Colisão;;;;Cruz;Semáforo;Residencial;0;1;0;1;0;0;0;0;0;1;0;0;-38,494191;-3,729944;;;
265901;7;9;2015;20:53;0;AV BEZERRA DE MENEZES;;;233;;Colisão;;;;Meio de Quadra;;;0;1;0;0;0;0;0;0;0;0;0;0;-38,547436;-3,732134;;;
269715;7;9;2015;07:30;0;AV JOR THOMAZ COELHO;;;3000;MOTEL 3000;Queda;Luz do Dia;;;Meio de Quadra;;;1;0;0;0;0;0;0;0;0;1;0;0;-38,521968;-3,828868;;;
256313;7;9;2015;15:00;0;RUA VINTE QUATRO DE MAIO;;;540;;Colisão Transversal;Via Iluminada;Bom;Seca;Meio de Quadra;Não Há Controle;Residencial;0;1;1;1;0;0;0;0;0;0;0;0;-38,575030;-3,840414;;;
256323;7;9;2015;20:30;17394;RUA CEL ALEXANDRINO;RUA QUEIROZ RIBEIRO;;;;Colisão Lateral;Via Iluminada;Bom;Seca;Cruz;Semáforo;Comercial;0;0;2;1;0;0;1;0;0;0;0;0;-38,549675;-3,767401;;;
256333;7;9;2015;17:40;348;RUA CESAR FONTENELE;RUA PRO LINO ENCARNACAO;;;;Colisão Transversal;Via Iluminada;Bom;Seca;Cruz;Outros;Residencial;0;0;2;1;0;0;0;0;0;0;0;0;-38,559596;-3,746359;;;
256340;7;9;2015;14:40;16274;RUA MONTE LIBANO;RUA LEITAO CERQUEIRA;;;;Colisão Frontal;Luz do Dia;Bom;Seca;T;Não Há Controle;Comercial;0;0;2;0;1;0;0;0;0;1;0;0;-38,565169;-3,828908;;;
256345;7;9;2015;08:40;0;AV GAL OSORIO DE PAIVA;;;4153;PONTE DO SIQUEIRA;Colisão Lateral;Luz do Dia;Bom;Seca;Outros;Não Há Controle;Comercial;0;0;2;1;0;0;0;0;0;0;0;0;-38,591513;-3,793891;;;
256363;7;9;2015;09:45;0;AV ABOLICAO;;;3090;;Colisão Traseira;Luz do Dia;Bom;Seca;Meio de Quadra;Outros;Residencial;0;0;2;1;0;0;0;0;0;0;0;0;-38,491371;-3,726692;;;
256353;7;9;2015;05:30;18299;RUA JOSE AVELINO;RUA SEN ALMINO;;;;Colisão Lateral;Luz do Dia;Bom;Seca;Cruz;Pare;Misto;0;1;1;1;0;0;0;0;0;0;0;0;-38,517954;-3,722476;;;
256349;7;9;2015;13:05;9246;AV 13 DE MAIO;RUA BAR RIO BRANCO;;;;Colisão Transversal;Luz do Dia;Bom;Seca;Cruz;Semáforo;Comercial;0;0;2;1;1;0;0;0;0;0;0;0;-38,534255;-3,745129;;;
256369;7;9;2015;14:00;0;RUA CEL FRANCISCO ALVES RIBEIRO;;;397;;Colisão Lateral;Luz do Dia;Bom;Seca;Meio de Quadra;;Comercial;0;1;1;1;0;0;0;0;0;1;0;0;;;;;
256372;7;9;2015;16:00;25163;RUA SAO FRANCISCO D34;RUA MARIA JULIA ROCHA;;;;Colisão Lateral;Luz do Dia;Bom;Seca;Cruz;Pare;Comercial;0;2;1;1;0;0;0;0;0;1;0;0;-38,602742;-3,800920;;;
256379;7;9;2015;15:05;3778;AV DA UNIVERSIDADE;RUA ANTONIO POMPEU;;;;Colisão Frontal;Luz do Dia;Bom;Seca;Cruz;Semáforo;Comercial;0;0;2;1;0;0;0;0;0;1;0;0;-38,532908;-3,734083;;;
256384;7;9;2015;18:50;0;AV CEL CARVALHO;;;210;TERMINAL ANTONIO BEZERRA;Engavetamento;Via Iluminada;Bom;Seca;Meio de Quadra;Não Há Controle;Outros;0;0;3;1;0;0;0;0;0;0;0;0;-38,591232;-3,704697;;;
256398;7;9;2015;09:30;13532;RUA CARLOS VASCONCELOS;RUA PDE CHEVALIER;;;;Colisão Transversal;Luz do Dia;Bom;Seca;Cruz;Pare;Comercial;0;0;2;1;0;0;0;0;0;0;0;0;-38,515636;-3,747797;;;
256394;7;9;2015;21:00;0;RUA ROCHA LIMA;;;720;;Colisão Traseira;Via Iluminada;Bom;Seca;Meio de Quadra;Não Há Controle;Residencial;0;0;2;1;0;0;0;0;0;0;0;0;-38,518227;-3,737691;;;
256388;7;9;2015;19:00;2766;RUA BOM JESUS (GRANJA LISBOA);RUA ZACARIAS FLORINDO;;;;Colisão Transversal;Via Iluminada;Bom;Seca;Cruz;Pare;Residencial;1;1;1;0;1;0;0;0;0;1;0;0;-38,607869;-3,792274;;;
270853;7;9;2015;20:14;0;RUA RISO DO PRADO;;;;;Queda;;;;Meio de Quadra;;;0;0;1;0;0;0;0;0;0;1;0;0;;;;;
270860;7;9;2015;20:34;15648;RUA AFONSO HENRIQUE;RUA TOME DE SOUZA;;;;Colisão;;;;;;;0;0;2;0;0;0;0;0;0;0;0;0;-38,485750;-3,825282;;;
270857;7;9;2015;20:33;0;RUA JOAQUIM DOS ANJOS;;;;;Atropelamento;;;;Meio de Quadra;;;0;0;2;0;0;0;0;0;0;0;0;0;;;;;
270864;7;9;2015;22:29;0;AV PRS CASTELO BRANCO;;;;;Colisão;;;;Meio de Quadra;;;0;0;2;0;0;0;0;0;0;0;0;0;;;;;
270880;8;9;2015;10:32;0;RUA CANAL;;;328;;Colisão;Luz do Dia;;;Meio de Quadra;;;0;0;2;0;0;0;0;0;0;0;0;0;;;;;
270900;8;9;2015;11:13;8934;AV DOMINGOS OLIMPIO;RUA PDE MORORO;;;;Colisão;Luz do Dia;;;Cruz;Pare;Residencial;0;0;2;0;0;0;0;0;0;0;0;0;-38,539949;-3,733752;;;
270895;8;9;2015;11:10;3769;AV DOMINGOS OLIMPIO;RUA SEN POMPEU;;;;Colisão;Luz do Dia;;;Cruz;Semáforo;Comercial;0;0;2;0;0;0;0;0;0;0;0;0;-38,532455;-3,736254;;;
270891;8;9;2015;11:12;0;RUA CON DE CASTRO;;;;;Colisão;Luz do Dia;;;Meio de Quadra;;;0;0;2;0;0;0;0;0;0;0;0;0;;;;;
270909;8;9;2015;15:12;0;RUA MARIA GOMES DE SA;;;1155;;Colisão;Luz do Dia;;;Meio de Quadra;;;0;0;2;0;0;0;0;0;0;0;0;0;;;;;
270906;8;9;2015;11:30;0;AV AUGUSTO DOS ANJOS;;;854;;Colisão;Luz do Dia;;;Meio de Quadra;;;0;0;2;0;0;0;0;0;0;0;0;0;-38,574881;-3,775324;;;
270904;8;9;2015;11:15;0;RUA PDE IBIAPINA;;;1449;;Colisão;Luz do Dia;;;Meio de Quadra;;;0;0;2;0;0;0;0;0;0;0;0;0;;;;;
270914;8;9;2015;17:28;0;RUA ESTADO DO RIO;;;788;;Colisão;Anoitecer;;;Meio de Quadra;;;0;0;2;0;0;0;0;0;0;0;0;0;-38,570479;-3,757897;;;
270912;8;9;2015;17:08;10714;RUA FLORIANOPOLIS;RUA NATAL;;;;Colisão;Anoitecer;;;Cruz;Pare;Residencial;0;0;2;0;0;0;0;0;0;0;0;0;-38,590702;-3,758929;;;
270923;8;9;2015;17:51;0;RUA BETEL;;;1233;;Colisão;Anoitecer;;;Meio de Quadra;;;0;0;2;0;0;0;0;0;0;0;0;0;;;;;
270934;8;9;2015;22:54;0;AV DR SILAS MUNGUBA;;;;;Colisão;;;;Meio de Quadra;;;0;0;2;0;0;0;0;0;0;0;0;0;;;;;
256395;8;9;2015;18:00;5670;AV JOSE LEON;RUA VALTER DE CASTRO;;;;;Anoitecer;;;Cruz;Pare;Residencial;0;0;2;1;0;0;0;0;0;0;0;0;-38,492848;-3,789977;;;
256408;8;9;2015;15:10;0;AV BEZERRA DE MENEZES;;;2141;;Colisão Traseira;Luz do Dia;Bom;Seca;Meio de Quadra;Não Há Controle;Comercial;0;0;2;1;0;0;0;0;0;0;0;0;-38,563998;-3,735572;;;
256400;8;9;2015;14:30;0;RUA LICURGO MONTENEGRO;;;;;Colisão Transversal;Luz do Dia;Bom;Seca;Meio de Quadra;Pare;Residencial;0;0;2;1;0;0;0;0;0;0;0;0;;;;;
256415;8;9;2015;13:00;24967;AV SANTOS DUMONT;AV ALM HENRIQUE SABOIA;;;;Colisão Lateral;Luz do Dia;Bom;Seca;Outros;Não Há Controle;Comercial;0;0;2;0;1;0;0;0;0;0;0;0;-38,487482;-3,739751;;;
256411;8;9;2015;09:00;3788;RUA WALDERY UCHOA;RUA PDE FRANCISCO PINTO;;;;Colisão Transversal;Luz do Dia;;;Cruz;Pare;Residencial;0;1;1;1;0;0;0;0;0;1;0;0;-38,539138;-3,744299;;;
256383;8;9;2015;17:15;5159;AV IMPERADOR;RUA GUILHERME ROCHA;;;;Colisão Traseira;Via Iluminada;Bom;Seca;Cruz;Semáforo;Comercial;0;1;1;1;0;0;0;0;0;1;0;0;-38,533829;-3,725081;;;
256386;8;9;2015;09:30;22717;RUA EUCLIDES O DE SOUSA;RUA BILL CARTAXO;;;;Colisão Transversal;Luz do Dia;Bom;Seca;Cruz;Pare;Escola;0;1;1;1;0;0;0;0;0;1;0;0;-38,473793;-3,797710;;;
256381;8;9;2015;07:20;4180;RUA PEDRO ARTUR;RUA STA ROSA D20/21 (JACARECANGA);;;;Colisão Transversal;Luz do Dia;Bom;Seca;Cruz;Não Há Controle;Residencial;0;0;2;1;0;0;0;0;0;0;0;0;-38,553342;-3,712906;;;
256377;8;9;2015;05:30;5504;RUA JOAO CORDEIRO;RUA PDE VALDEVINO;;;;Colisão Transversal;Amanhecer;Bom;Seca;Cruz;Semáforo;Residencial;0;1;1;1;0;0;0;0;0;1;0;0;-38,517550;-3,738896;;;
256373;8;9;2015;14:30;0;AV ENG SANTANA JUNIOR;;;;;Choque c/ Obstáculo Fixo;Luz do Dia;;;Meio de Quadra;;;0;0;1;1;0;0;0;0;0;0;0;0;;;;;
256374;8;9;2015;19:30;9257;AV AGUANAMBI;RUA CEL PERGENTINO FERREIRA;;;;Atropelamento;Via Iluminada;Bom;Seca;Cruz;Não Há Controle;Comercial;0;1;1;0;0;0;0;0;0;1;0;0;-38,524049;-3,748634;;;
256368;8;9;2015;10:20;0;AV ALBERTO CRAVEIRO;;;130;;Colisão Lateral;Luz do Dia;Bom;Seca;Meio de Quadra;Não Há Controle;Comercial;0;0;2;1;0;0;1;0;0;0;0;0;;;;;
256371;8;9;2015;13:20;0;RUA COSTA BARROS;;;50;;Colisão Lateral;Luz do Dia;Bom;Seca;Meio de Quadra;Não Há Controle;Comercial;0;0;2;1;0;0;0;0;0;0;0;0;-38,522919;-3,726676;;;
256351;8;9;2015;09:50;5437;RUA FLORIANO PEIXOTO;RUA METON DE ALENCAR;;;;Colisão Transversal;Luz do Dia;Bom;Seca;Cruz;Pare;Comercial;0;1;1;1;0;0;0;0;0;1;0;0;-38,529358;-3,734071;;;
256355;8;9;2015;09:30;0;AV BEZERRA DE MENEZES;;;270;;Colisão Lateral;Luz do Dia;Bom;Seca;;;;0;0;2;1;0;0;1;0;0;0;0;0;-38,547436;-3,732134;;;
256344;8;9;2015;07:30;22090;RUA FRE MARCELINO;RUA PRO COSTA MENDES;;;;Colisão Transversal;Luz do Dia;Bom;Seca;Cruz;Pare;Misto;0;0;2;1;0;0;0;0;0;0;0;0;-38,555399;-3,747005;;;
256334;8;9;2015;17:20;23425;RUA MON SALAZAR;RUA SABINO MONTE;;;;Colisão Transversal;Anoitecer;Bom;Seca;Cruz;Pare;Residencial;0;0;2;1;0;0;0;0;0;1;0;0;-38,512070;-3,755927;;;