COD_ACIDENTE;DIA;MES;ANO;HORA;INTERSECAO;LOG1;LOG2;LOG3;NUMERO;REFERENCIA;NATUREZA;ILUMINACAO;TEMPO;SUPERFICIEPISTA;TIPOCRUZAMENTO;CONTROLETRAFEGO;USOSOLO;MORTOS;FERIDOS;ILESOS;AUTOMOVEL;ONIBUS;BICICLETA;CAMINHAO;MICROONIBUS;CICLOMOTOR;MOTOCICLETA;TRACAOANIMAL;TREM;LONG;LAT;;;
256325;8;9;2015;19:00;357;RUA ERICO MOTA;RUA XAVIER DE OLIVEIRA;;;;Colisão Transversal;Via Iluminada;Bom;Seca;Cruz;Pare;Residencial;0;1;1;1;0;0;0;0;0;0;0;0;-38,560547;-3,747288;;;
256316;8;9;2015;13:00;0;AV MON TABOSA;;;1700;;Colisão Lateral;Luz do Dia;Bom;Seca;Meio de Quadra;Não Há Controle;Comercial;0;0;2;1;0;0;0;0;0;0;0;0;-38,504230;-3,724560;;;
256308;8;9;2015;09:00;7814;RUA JOAQUIM NABUCO;RUA JOAQUIM SA;;;;Colisão Lateral;Luz do Dia;Bom;Seca;Cruz;Não Há Controle;Residencial;0;0;3;1;0;0;0;0;0;1;0;0;-38,505720;-3,749084;;;
256454;8;9;2015;;577;AV FRANCISCO SA;AV DR THEBERGE;;;;Colisão Traseira;Luz do Dia;Bom;Seca;Cruz;Semáforo;Comercial;0;0;2;1;0;0;0;0;0;1;0;0;-38,565016;-3,714822;;;
256461;8;9;2015;08:00;0;AV FRANCISCO SA;;;3590;;Colisão Lateral;Luz do Dia;Bom;Seca;Meio de Quadra;Não Há Controle;Comercial;0;0;2;1;1;0;0;0;0;0;0;0;-38,556736;-3,717614;;;
256470;8;9;2015;07:00;0;RUA DOM XISTO ALBANO;;;;;Colisão Lateral;Luz do Dia;Bom;Seca;Meio de Quadra;Outros;Residencial;0;0;2;1;0;0;0;0;0;0;0;0;;;;;
256441;8;9;2015;19:00;24738;AV MOZART PINHEIRO DE LUCENA;AV WASHINGTON LUIS;;;;Colisão Transversal;Via Iluminada;Bom;Seca;T;Pare;Comercial;0;0;2;1;0;0;0;0;0;0;0;0;-38,595019;-3,715896;;;
256423;8;9;2015;11:30;15244;RUA JOSE VILAR;RUA DEP MOREIRA DA ROCHA;;;;Colisão Transversal;Luz do Dia;Bom;Seca;Cruz;Pare;Residencial;0;0;2;1;0;0;0;0;0;0;0;0;-38,502113;-3,727832;;;
256451;8;9;2015;13:40;0;RUA JOAQUIM ALBANO;;;;;Colisão;Luz do Dia;Bom;Seca;Meio de Quadra;;;0;0;2;1;0;0;0;0;0;0;0;0;;;;;
256484;8;9;2015;18:45;0;AV DOS EXPEDICIONARIOS;;;1845;;Colisão Traseira;Via Iluminada;Bom;Seca;Meio de Quadra;Semáforo;Escola;0;0;2;1;0;0;0;0;0;1;0;0;;;;;
256491;8;9;2015;10:38;0;AV ABOLICAO;;;3991;;Colisão Lateral Sentido Oposto;Luz do Dia;Bom;Seca;Meio de Quadra;Não Há Controle;Comercial;0;0;2;1;0;0;0;0;0;0;0;0;-38,483500;-3,725104;;;
256526;8;9;2015;16:00;5402;RUA VINTE E QUATRO DE MAIO;RUA METON DE ALENCAR;;;;Colisão Lateral;Luz do Dia;Bom;Seca;Cruz;Pare;Escola;0;2;1;1;0;0;0;0;0;0;0;0;-38,533848;-3,732626;;;
256527;8;9;2015;11:00;0;AV BORGES DE MELO;;;1630;RODOVIARIA;Colisão Transversal;Luz do Dia;Bom;Seca;Meio de Quadra;Pare;Comercial;0;1;1;1;0;0;0;0;0;1;0;0;-38,531511;-3,758655;;;
256523;8;9;2015;15:30;24372;AV LUCIANO CARNEIRO;RUA ALM RUFINO;;;;Colisão Transversal;Luz do Dia;Bom;Seca;Cruz;Semáforo;Comercial;0;1;1;1;0;1;0;0;0;0;0;0;-38,537195;-3,766580;;;
256524;8;9;2015;22:30;9197;RUA JAIME BENEVOLO;RUA COSTA ARAUJO;;;;Colisão Lateral;Via Iluminada;Bom;Seca;Cruz;Pare;Residencial;0;1;1;1;0;0;0;0;0;1;0;0;-38,530420;-3,747162;;;
256520;8;9;2015;13:00;25719;RUA HOLANDA;RUA BELGICA;;;;Colisão Transversal;Luz do Dia;Bom;Seca;Outros;Pare;Residencial;0;0;2;1;0;0;0;0;0;0;0;0;-38,566597;-3,791938;;;
256516;8;9;2015;10:33;2830;AV GAL OSORIO DE PAIVA;RUA OSCAR FRANCA;;;;Colisão Transversal;Luz do Dia;Bom;Seca;T;Semáforo;Comercial;0;1;1;1;0;0;0;0;0;1;0;0;-38,592113;-3,794473;;;
256500;8;9;2015;07:30;26213;RUA DR JOSE ROBERTO SALES;RUA SEN ROBERT KENNEDY;;;;Colisão Transversal;Luz do Dia;Bom;Seca;T;Pare;Lazer;0;1;1;1;0;0;0;0;0;1;0;0;;;;;
256506;8;9;2015;10:30;0;AV GOV RAUL BARBOSA;;;;;Colisão Lateral;Luz do Dia;Bom;Seca;Meio de Quadra;Não Há Controle;Comercial;0;0;2;1;0;0;0;0;0;0;0;0;;;;;
256511;8;9;2015;;4020;AV PRO GOMES DE MATOS;RUA SAMUEL UCHOA;;;;Colisão Traseira;;Bom;Seca;Cruz;Pare;Comercial;0;0;2;1;1;0;0;0;0;0;0;0;-38,542215;-3,757193;;;
256513;8;9;2015;19:15;5728;AV DES GONZAGA;RUA ANTONIO DE CASTRO;;;;Colisão Lateral;Via Iluminada;Bom;Seca;Cruz;Pare;Misto;0;0;2;1;0;0;0;0;0;0;0;0;-38,500858;-3,795148;;;
256514;8;9;2015;21:50;8652;AV EDILSON B SOARES;RUA MARIO ALENCAR ARARIPE;;;;Colisão Lateral;Via Iluminada;Bom;Seca;T;Pare;Residencial;0;0;2;1;0;0;0;0;0;0;0;0;-38,478792;-3,789298;;;
256495;8;9;2015;11:40;15295;RUA CARLOS VASCONCELOS;RUA PEREIRA FILGUEIRAS;;;;Colisão Lateral;Luz do Dia;Bom;Seca;Cruz;Semáforo Intermitente;Misto;0;0;2;1;0;0;0;0;0;0;0;0;-38,509622;-3,729429;;;
265925;8;9;2015;01:04;0;RUA PRO MIRAMAR DA PONTE;;;861;;Queda;;;;Meio de Quadra;;;0;1;0;0;0;0;0;0;0;1;0;0;-38,585829;-3,761880;;;
265967;8;9;2015;12:04;0;AV BORGES DE MELO;;;;;Colisão;Luz do Dia;;;Meio de Quadra;;;0;1;0;1;0;0;0;0;0;1;0;0;;;;;
265963;8;9;2015;11:58;0;RUA PDE ANCHIETA;;;;;Colisão;Luz do Dia;;;Meio de Quadra;;;0;1;0;1;0;0;0;0;0;1;0;0;;;;;
265951;8;9;2015;07:32;25428;RUA SEN ROBERT KENNEDY;AV COSTA OESTE;;;;Colisão;Luz do Dia;;;T;Pare;Residencial;0;1;0;1;0;0;0;0;0;1;0;0;;;;;
265956;8;9;2015;09:03;3788;RUA PDE FRANCISCO PINTO;RUA WALDERY UCHOA;;;;Colisão;Luz do Dia;;;Cruz;Pare;Residencial;0;1;0;1;0;0;0;0;0;1;0;0;-38,539138;-3,744299;;;
265941;8;9;2015;06:24;17277;AV PRO GOMES DE MATOS;RUA SATIRO DIAS;;;;Colisão;Luz do Dia;;;Cruz;Semáforo;Comercial;0;1;0;1;0;0;0;0;0;1;0;0;-38,546868;-3,762623;;;
265942;8;9;2015;07:22;22717;RUA EUCLIDES O DE SOUSA;RUA BILL CARTAXO;;;;Colisão;Luz do Dia;;;Cruz;Pare;Escola;0;1;0;1;0;0;0;0;0;1;0;0;-38,473793;-3,797710;;;
265938;8;9;2015;05:52;0;AV PRS JUSCELINO KUBITSCHEK (PASSARÉ);;;4500;;Colisão;Amanhecer;;;Meio de Quadra;;;0;1;0;0;0;0;0;0;0;0;0;0;-38,533326;-3,818562;;;
265932;8;9;2015;05:30;5504;RUA PDE VALDEVINO;RUA JOAO CORDEIRO;;;;Colisão;Amanhecer;;;Cruz;Semáforo;Residencial;0;1;0;1;0;0;0;0;0;1;0;0;-38,517550;-3,738896;;;
266106;8;9;2015;11:31;5371;RUA GAL CLARINDO DE QUEIROZ;RUA VINTE E QUATRO DE MAIO;;;;Colisão;Luz do Dia;;;Cruz;Pare;Comercial;0;0;2;0;1;0;0;0;0;0;0;0;-38,533532;-3,731621;;;
265961;8;9;2015;10:54;0;RUA SABINO BATISTA;;;275;;Colisão;Luz do Dia;;;Meio de Quadra;;;0;1;0;1;0;0;0;0;0;1;0;0;-38,553682;-3,723099;;;
265991;8;9;2015;20:05;0;AV PERIMETRAL;;;2183;;Colisão;;;;Meio de Quadra;;;0;1;0;1;0;0;0;0;0;1;0;0;-38,561935;-3,819393;;;
265992;8;9;2015;20:06;0;RUA MIGUEL GURGEL;;;;;Atropelamento;;;;Meio de Quadra;;;0;1;0;1;0;0;0;0;0;0;0;0;;;;;
265993;8;9;2015;22:13;0;AV DR SILAS MUNGUBA;;;6360;;Colisão;;;;Meio de Quadra;;;0;1;1;1;0;0;0;0;0;1;0;0;-38,530540;-3,799935;;;
265986;8;9;2015;18:18;25069;RUA RAUL CABRAL;AV DOS EXPEDICIONARIOS;;;;Colisão;Anoitecer;;;Cruz;Semáforo;Comercial;0;1;0;1;0;0;0;0;0;1;0;0;-38,542595;-3,769605;;;
265987;8;9;2015;19:13;0;AV JOSE BASTOS;;;;;Colisão;;;;Meio de Quadra;;;0;1;0;1;0;0;0;0;0;1;0;0;;;;;
265988;8;9;2015;19:25;5395;RUA TEREZA CRISTINA;RUA ANTONIO POMPEU;;;;Colisão;;;;Cruz;Pare;Comercial;0;1;0;1;0;0;0;0;0;0;0;0;-38,538356;-3,732340;;;
265983;8;9;2015;17:14;0;RUA DR WANDA SIDOU;;;100;;Colisão;Anoitecer;;;Meio de Quadra;;;0;1;0;1;0;0;0;0;0;1;0;0;-38,506256;-3,807617;;;
265984;8;9;2015;17:51;0;AV SEN FERNANDES TAVORA;;;1230;;Colisão;Anoitecer;;;Meio de Quadra;;;0;1;0;0;0;0;0;0;0;0;0;0;-38,583631;-3,761407;;;
265980;8;9;2015;17:12;0;AV DR SILAS MUNGUBA;RUA DO FIM;;4380;;Colisão;Anoitecer;;;Meio de Quadra;;;0;1;1;1;0;0;0;0;0;1;0;0;-38,536130;-3,792188;;;
265978;8;9;2015;16:32;0;RUA GUILHERME PERDIGAO;;;;;Colisão;Luz do Dia;;;Meio de Quadra;;;0;1;0;1;0;0;0;0;0;1;0;0;;;;;
265971;8;9;2015;13:04;0;RUA ANSELMO NOGUEIRA;;;10;;Colisão;Luz do Dia;;;Meio de Quadra;;;0;1;0;1;0;0;0;0;0;1;0;0;-38,586451;-3,778487;;;
265972;8;9;2015;14:23;0;AV GODOFREDO MACIEL;;;841;;Atropelamento;Luz do Dia;;;Meio de Quadra;;;0;1;0;0;0;0;0;0;0;1;0;0;-38,565861;-3,783357;;;
265974;8;9;2015;15:43;0;AV MR HULL;;;4451;;Colisão;Luz do Dia;;;Meio de Quadra;;;0;1;0;1;0;0;0;0;0;0;0;0;-38,583901;-3,738529;;;
259579;8;9;2015;07:15;0;RD CE-040;;;;KM-08;Colisão;Luz do Dia;Bom;Seca;Meio de Quadra;;Comercial;0;0;2;1;0;0;0;0;0;0;0;0;-38,481317;-3,823332;;;
259581;8;9;2015;17:00;0;RD CE-040;;;;KM-08;Colisão;Anoitecer;Bom;Seca;Meio de Quadra;;Comercial;0;1;1;1;0;0;0;0;0;1;0;0;-38,481317;-3,823332;;;
259582;8;9;2015;19:10;0;RD CE-040;;;;KM-05;Colisão;Via Iluminada;Bom;Seca;Meio de Quadra;Não Há Controle;Comercial;0;0;2;1;0;0;0;0;0;0;0;0;-38,480349;-3,790876;;;
259266;8;9;2015;15:10;0;RD BR 222;;;;KM-01;Colisão Traseira;Luz do Dia;Bom;Seca;Meio de Quadra;Não Há Controle;Comercial;0;0;5;1;0;0;0;0;0;0;0;0;-38,577952;-3,737774;;;
256261;8;9;2015;19:00;19291;RUA ARARIPE PRATA;RUA GUILHERME PERDIGAO;;;;Colisão Transversal;Via Iluminada;Bom;Seca;Cruz;Pare;Residencial;0;1;1;1;0;0;0;0;0;1;0;0;-38,569659;-3,774315;;;
256161;8;9;2015;15:36;5370;RUA METON DE ALENCAR;RUA PRC ISABEL;;;;Colisão Transversal;Luz do Dia;Bom;Seca;Cruz;Pare;Comercial;0;0;2;1;1;0;0;0;0;0;0;0;-38,536973;-3,731614;;;
264776;8;9;2015;08:36;0;AV RAD JOSE LIMA VERDE;;;;;Colisão;Luz do Dia;;;Meio de Quadra;;;0;0;2;1;0;0;0;0;0;0;0;0;;;;;
264780;8;9;2015;22:20;0;RUA PRIMEIRO DE JANEIRO;RUA JOSE MENELEU D41;;;;Colisão;;;;;;;0;0;2;1;0;0;0;0;0;0;0;0;;;;;
264781;8;9;2015;23:58;0;RUA OSVALDO CRUZ (ALDEOTA);;;;;Colisão;;;;Meio de Quadra;;;0;0;2;1;0;0;0;0;0;0;0;0;;;;;
264778;8;9;2015;12:55;0;AV DOMINGOS OLIMPIO;;;;;Engavetamento;Luz do Dia;;;Meio de Quadra;;;0;0;3;1;0;0;1;0;0;1;0;0;;;;;
264784;9;9;2015;12:33;0;AV MON TABOSA;;;;;Colisão;Luz do Dia;;;Meio de Quadra;;;0;0;2;0;0;0;0;0;0;1;0;0;;;;;
264790;9;9;2015;19:45;0;RUA ISAIE BORIS;;;;;Colisão;;;;Meio de Quadra;;;0;0;2;1;0;0;0;0;0;0;0;0;;;;;
264786;9;9;2015;13:13;0;RUA JUVENAL GALENO;;;;;Colisão;Luz do Dia;;;Meio de Quadra;;;0;0;2;1;0;0;1;0;0;0;0;0;;;;;
264787;9;9;2015;13:55;18044;AV TRAJANO DE MEDEIROS;RUA COM FCO FRANCESCO ANGELO;;;;Colisão;Luz do Dia;;;;;;0;0;2;1;0;0;0;0;0;0;0;0;-38,462749;-3,734560;;;
256278;9;9;2015;05:00;0;RUA ANA BILHAR;;;491;;Choque c/ Obstáculo Fixo;Via Iluminada;Bom;Seca;Meio de Quadra;Não Há Controle;Residencial;0;0;1;1;0;0;0;0;0;0;0;0;-38,496034;-3,729356;;;
256282;9;9;2015;21:30;0;AV PRS CASTELO BRANCO;;;;;Colisão Lateral;Via Iluminada;Bom;Seca;;;;0;0;2;1;0;0;0;0;0;0;0;0;;;;;
256286;9;9;2015;06:45;0;AV JOVITA FEITOSA;;;170;;Colisão Traseira;Luz do Dia;Chuva;Molhada;Meio de Quadra;Semáforo;Residencial;0;0;2;1;0;0;0;0;0;0;0;0;-38,545416;-3,737573;;;
256291;9;9;2015;16:15;12685;AV DA INDEPENDENCIA;AV CEL CARVALHO;;;;Colisão Lateral;Luz do Dia;Bom;Seca;Cruz;Semáforo;Comercial;0;1;1;1;0;0;0;0;0;1;0;0;-38,584952;-3,728711;;;
256289;9;9;2015;10:50;5100;AV MON TABOSA;AV DOM MANUEL;;;;Colisão Lateral;Luz do Dia;Bom;Seca;Cruz;Semáforo;Comercial;0;0;2;0;0;0;0;0;0;1;0;0;-38,519439;-3,723554;;;
256294;9;9;2015;06:45;21319;RUA JOSE SOMBRA;RUA GUSTAVO SAMPAIO;;;;Colisão Transversal;Luz do Dia;Nublado;Seca;Cruz;Pare;Residencial;0;0;2;1;0;0;0;0;0;0;0;0;-38,547260;-3,733349;;;
259231;9;9;2015;08:00;0;RD BR 116;;;2000;KM-02;Choque c/ Obstáculo Fixo;Luz do Dia;Chuva;Molhada;Meio de Quadra;Não Há Controle;Comercial;0;0;1;0;0;0;0;0;0;0;0;0;-38,516780;-3,771391;;;
259232;9;9;2015;17:30;0;RD BR 116;;;2000;KM-02;Colisão;Anoitecer;Bom;Seca;Meio de Quadra;Não Há Controle;Comercial;0;2;0;0;0;1;0;0;0;1;0;0;-38,516780;-3,771391;;;
266047;9;9;2015;12:00;1716;AV GOV RAUL BARBOSA;RUA CAP ARAGAO;;;;Queda;Luz do Dia;;;;;;0;1;0;0;0;0;0;0;0;1;0;0;-38,508802;-3,763977;;;
266050;9;9;2015;14:17;0;RUA WALDIR DIOGO;;;850;;Colisão;Luz do Dia;;;Meio de Quadra;;;0;1;0;1;0;0;0;0;0;0;0;0;-38,585700;-3,804147;;;
266051;9;9;2015;14:37;0;AV PERIMETRAL;;;4210;;Colisão;Luz do Dia;;;Meio de Quadra;;;0;1;0;1;0;0;0;0;0;1;0;0;;;;;
266053;9;9;2015;14:54;0;RD BR 116;;;11000;KM-11;Outros;Luz do Dia;;;Meio de Quadra;;;0;1;0;0;1;0;0;0;0;0;0;0;-38,497176;-3,847160;;;
266006;9;9;2015;07:01;0;AV VIENA WEYNE;;;520;;Queda;Luz do Dia;;;Meio de Quadra;;;0;1;0;0;0;0;0;0;0;1;0;0;-38,489432;-3,801424;;;
266032;9;9;2015;08:26;0;RUA FRANCISCO MATOS;;;;;Colisão;Luz do Dia;;;Meio de Quadra;;;0;1;0;1;0;0;0;0;0;1;0;0;;;;;
266033;9;9;2015;08:56;7814;RUA JOAQUIM NABUCO;RUA JOAQUIM SA;;;;Colisão;Luz do Dia;;;Cruz;Não Há Controle;Residencial;0;1;0;1;0;0;0;0;0;1;0;0;-38,505720;-3,749084;;;
266034;9;9;2015;11:42;0;RUA STA MARIA GORETE;;;124;;Colisão;Luz do Dia;;;Meio de Quadra;;;0;1;0;1;0;0;0;0;0;1;0;0;-38,602079;-3,724527;;;
266035;9;9;2015;11:59;0;AV SGT HERMINIO SAMPAIO;;;4200;;Colisão;Luz do Dia;;;Meio de Quadra;;;0;1;0;0;0;0;1;0;0;1;0;0;-38,577472;-3,730813;;;
266028;9;9;2015;07:11;19611;AV GODOFREDO MACIEL;RUA NEREU RAMOS;;;;Queda;Luz do Dia;;;T;Semáforo;Residencial;0;1;0;0;0;0;0;0;0;1;0;0;-38,566802;-3,787250;;;
266029;9;9;2015;07:22;0;AV SGT HERMINIO SAMPAIO;;;683;;Queda;Luz do Dia;;;Meio de Quadra;;;0;1;0;0;0;0;0;0;0;1;0;0;-38,546313;-3,724645;;;
266030;9;9;2015;08:05;0;RUA CON DE CASTRO;;;3980;;Queda;Luz do Dia;;;Meio de Quadra;;;0;1;0;0;0;0;0;0;0;1;0;0;-38,588405;-3,801091;;;
266062;9;9;2015;15:54;12685;AV CEL CARVALHO;AV DA INDEPENDENCIA;;;;Colisão;Luz do Dia;;;Cruz;Semáforo;Comercial;0;1;0;1;0;0;0;0;0;1;0;0;-38,584952;-3,728711;;;
266058;9;9;2015;15:05;0;AV GAL OSORIO DE PAIVA;;;2834;;Queda;Luz do Dia;;;Meio de Quadra;;;0;1;0;0;0;0;0;0;0;1;0;0;-38,585828;-3,788084;;;
266059;9;9;2015;15:27;0;RUA PERGENTINO MAIA;;;691;COELCE;Colisão;Luz do Dia;;;Meio de Quadra;;;0;1;0;1;0;0;0;0;0;1;0;0;-38,488895;-3,831400;;;
266073;9;9;2015;17:08;0;AV CARNEIRO DE MENDONCA;;;1023;;Colisão;Anoitecer;;;Meio de Quadra;;;0;1;0;1;0;0;0;0;0;1;0;0;-38,568322;-3,763261;;;
266067;9;9;2015;16:57;0;RD BR 116;;;5846;KM-03;Colisão;Luz do Dia;;;Meio de Quadra;;;0;1;0;0;0;0;0;0;0;0;0;0;-38,516439;-3,772550;;;
266088;9;9;2015;21:47;0;AV AUGUSTO DOS ANJOS;;;740;;Queda;;;;Meio de Quadra;;;0;1;0;0;0;0;0;0;0;1;0;0;-38,574475;-3,774878;;;
266089;9;9;2015;22:15;24257;RUA TAVARES COUTINHO;RUA MANUEL JESUINO;;;;Colisão;;;;Cruz;Semáforo;Residencial;0;1;0;1;0;0;0;0;0;1;0;0;-38,484965;-3,732500;;;
266078;9;9;2015;17:11;19539;AV DR SILAS MUNGUBA;RUA EQUADOR;;;;Colisão;Anoitecer;;;Cruz;Semáforo;Comercial;0;1;0;1;0;0;0;0;0;1;0;0;-38,555434;-3,782377;;;
266083;9;9;2015;19:45;0;AV WASHINGTON SOARES;;;6257;;Atropelamento;;;;Meio de Quadra;;;1;0;1;1;0;0;0;0;0;0;0;0;-38,480349;-3,813728;;;
266084;9;9;2015;21:41;0;AV GAL OSORIO DE PAIVA;;;621;;Colisão;;;;Meio de Quadra;;;0;1;0;1;0;0;0;0;0;1;0;0;-38,567825;-3,776465;;;
266081;9;9;2015;19:25;12494;AV CARNEIRO DE MENDONCA;RUA RIBEIRO LEITAO;;;;Colisão;;;;Cruz;Pare;Residencial;0;1;0;1;0;0;0;0;0;1;0;0;-38,575714;-3,759608;;;
266118;9;9;2015;11:00;0;RUA PEREIRA FILGUEIRAS;;;1305;;Colisão;Luz do Dia;;;Meio de Quadra;;;0;0;1;1;0;0;0;0;0;0;0;0;-38,511158;-3,728931;;;
266120;9;9;2015;14:00;0;RUA GERMANO FRANCK;;;375;;Colisão;Luz do Dia;;;Meio de Quadra;;;0;1;0;0;1;0;0;0;0;1;0;0;-38,559647;-3,775249;;;
256298;9;9;2015;08:40;14470;RUA PDE ANCHIETA;RUA ANTONIO DRUMONT;;;;Colisão Transversal;Luz do Dia;Bom;Seca;Cruz;Pare;Residencial;0;1;1;1;0;0;0;0;0;1;0;0;-38,551673;-3,728230;;;
256307;9;9;2015;13:30;568;RUA COELHO NETO;RUA TEN JOSE BARREIRA;;;;Colisão Transversal;Luz do Dia;Bom;Seca;Cruz;Pare;Residencial;0;1;1;1;0;1;0;0;0;0;0;0;-38,571932;-3,717665;;;
256319;9;9;2015;12:15;12457;AV AUGUSTO DOS ANJOS;RUA PRO GOMES BRASIL;;;;Colisão Transversal;Luz do Dia;Bom;Seca;Cruz;Semáforo;Comercial;0;1;1;1;0;0;0;0;0;1;0;0;-38,570427;-3,770153;;;
256314;9;9;2015;10:30;1338;AV BAR STUDART;RUA TORRES CAMARA;;;;Colisão Lateral;Luz do Dia;Bom;Seca;Cruz;Semáforo;Comercial;0;0;2;1;0;0;0;0;0;1;0;0;-38,506944;-3,735624;;;
256311;9;9;2015;19:20;0;AV BAR STUDART;;;2023;;Colisão Transversal;Via Iluminada;Bom;Seca;Meio de Quadra;Não Há Controle;Comercial;0;0;2;1;1;0;0;0;0;0;0;0;-38,508757;-3,741338;;;
256326;9;9;2015;16:00;0;AV ALM BARROSO;;;501;;Colisão Transversal;Luz do Dia;Bom;Seca;Meio de Quadra;Não Há Controle;Comercial;0;1;1;1;0;0;0;0;0;1;0;0;-38,518657;-3,720651;;;
256329;9;9;2015;15:30;0;AV BEIRA MAR;;;320;;Colisão Lateral;Luz do Dia;Bom;Seca;Meio de Quadra;Não Há Controle;Comercial;0;0;2;1;1;0;0;0;0;0;0;0;;;;;
256339;9;9;2015;11:30;0;RUA PRO GOMES BRASIL;;;;;Colisão Transversal;Luz do Dia;Bom;Seca;;;;0;0;2;0;1;0;0;0;0;0;0;0;;;;;
256342;9;9;2015;17:00;7913;RUA VIS MAUA;AV ANTONIO SALES;;;;Colisão Transversal;Luz do Dia;Bom;Seca;Cruz;Pare;Comercial;0;1;1;0;0;1;0;0;0;0;0;0;-38,502420;-3,745429;;;
256346;9;9;2015;14:25;1375;AV SANTOS DUMONT;RUA BARBOSA DE FREITAS;;;;Colisão Lateral;Luz do Dia;Bom;Seca;Cruz;Semáforo;Comercial;0;0;2;1;0;0;0;0;0;0;0;0;-38,497363;-3,736551;;;
256357;9;9;2015;07:50;21368;RUA PRO JOSE DE BARCELOS;RUA PDE GUERRA;;;;Colisão Transversal;Luz do Dia;Chuva;Molhada;Cruz;Pare;Residencial;0;0;2;1;0;0;0;0;0;0;0;0;-38,550170;-3,737376;;;
256350;9;9;2015;08:30;0;AV PRS CASTELO BRANCO;;;;;Colisão Traseira;Luz do Dia;Bom;Seca;Meio de Quadra;Não Há Controle;Comercial;0;1;1;1;0;0;0;0;0;1;0;0;-38,557253;-3,711624;;;
256354;9;9;2015;09:00;0;AV JOVITA FEITOSA;;;756;;Colisão Traseira;Luz do Dia;Nublado;Molhada;Meio de Quadra;Semáforo;Comercial;0;0;2;1;0;0;0;0;0;0;0;0;-38,550744;-3,738686;;;
256364;9;9;2015;12:30;17899;AV SGT HERMINIO SAMPAIO;RUA EVANDRO LUZ;;;;Outros;Luz do Dia;Bom;Seca;T;Pare;Comercial;0;1;1;0;0;0;0;0;0;1;0;0;-38,577549;-3,730841;;;
256366;9;9;2015;11:30;24372;AV LUCIANO CARNEIRO;RUA ALM RUFINO;;;;Engavetamento;Luz do Dia;Bom;Seca;Cruz;Semáforo;Comercial;0;0;3;1;0;0;0;0;0;0;0;0;-38,537195;-3,766580;;;
256375;9;9;2015;13:45;17277;RUA SATIRO DIAS;AV PRO GOMES DE MATOS;;;;Colisão Lateral;Luz do Dia;Bom;Seca;Cruz;Semáforo;Comercial;0;0;2;1;0;0;0;0;0;0;0;0;-38,546868;-3,762623;;;
256378;9;9;2015;13:50;9214;RUA MARIO MAMEDE;RUA ZOZIMO BARROSO;;;;Colisão Frontal;Luz do Dia;Bom;Seca;T;Não Há Controle;Residencial;0;2;0;1;0;0;0;0;0;0;0;0;-38,528870;-3,751477;;;
256382;9;9;2015;21:50;0;AV ENG HUMBERTO MONTE;;;2810;;Choque c/ Obstáculo Fixo;Via Iluminada;Bom;Seca;Meio de Quadra;Outros;Residencial;0;0;1;0;0;0;1;0;0;0;0;0;-38,568824;-3,739037;;;
256385;9;9;2015;18:00;17579;RUA ESPIRITO SANTO;RUA PIAUI;;;;Colisão Lateral Sentido Oposto;Via Iluminada;Bom;Seca;Cruz;Não Há Controle;Comercial;0;0;2;1;1;0;0;0;0;0;0;0;-38,566924;-3,750946;;;
256412;9;9;2015;12:20;23045;AV DR SILAS MUNGUBA;RUA MALMEQUER;;;;Colisão Transversal;Luz do Dia;Bom;Seca;Cruz;Semáforo;Comercial;0;0;2;1;0;0;0;0;0;1;0;0;-38,538571;-3,790980;;;
256418;9;9;2015;13:20;0;AV JOSE LEON;;;1109;;Colisão Traseira;Luz do Dia;Bom;Seca;Meio de Quadra;Não Há Controle;Residencial;0;0;3;1;0;0;0;0;0;0;0;0;-38,502310;-3,787692;;;
256419;9;9;2015;16:30;1716;AV GOV RAUL BARBOSA;RUA CAP ARAGAO;;;;Colisão Traseira;Luz do Dia;Bom;Seca;Cruz;Semáforo;Comercial;0;0;3;1;0;0;0;0;0;0;0;0;-38,508802;-3,763977;;;
256426;9;9;2015;12:30;16057;AV PRS COSTA E SILVA;AV GODOFREDO MACIEL;;;;Colisão Transversal;Luz do Dia;Bom;Seca;Cruz;Semáforo;Comercial;0;2;1;0;0;0;1;0;0;1;0;0;-38,574739;-3,811743;;;
256422;9;9;2015;18:00;3847;RUA PAULINO NOGUEIRA;RUA JOAO GENTIL;;;;Colisão Lateral;Via Iluminada;Bom;Seca;Cruz;Pare;Outros;0;0;2;1;0;0;0;0;0;0;0;0;-38,538019;-3,743747;;;
256433;9;9;2015;15:00;16057;AV GODOFREDO MACIEL;AV PRS COSTA E SILVA;;;;Colisão Traseira;Luz do Dia;Bom;Seca;Cruz;Semáforo;Comercial;0;1;1;1;0;0;0;0;0;1;0;0;-38,574739;-3,811743;;;
256402;9;9;2015;22:20;350;RUA ERICO MOTA;RUA CESAR FONTENELE;;;;Colisão Transversal;Via Iluminada;Bom;Seca;Cruz;Pare;Residencial;0;3;0;1;0;0;0;0;0;0;0;0;-38,560693;-3,746574;;;
256405;9;9;2015;22:30;24988;RUA FRE MANSUETO;RUA TAVARES COUTINHO;;;;Colisão Transversal;Via Iluminada;Bom;Seca;Cruz;Semáforo;Comercial;0;2;1;1;0;0;0;0;0;1;0;0;-38,488784;-3,732638;;;