COD_ACIDENTE;DIA;MES;ANO;HORA;INTERSECAO;LOG1;LOG2;LOG3;NUMERO;REFERENCIA;NATUREZA;ILUMINACAO;TEMPO;SUPERFICIEPISTA;TIPOCRUZAMENTO;CONTROLETRAFEGO;USOSOLO;MORTOS;FERIDOS;ILESOS;AUTOMOVEL;ONIBUS;BICICLETA;CAMINHAO;MICROONIBUS;CICLOMOTOR;MOTOCICLETA;TRACAOANIMAL;TREM;LONG;LAT;;;
256409;9;9;2015;08:30;0;RUA STA JULIA;;;174;;Colisão Lateral;Luz do Dia;Bom;Seca;Meio de Quadra;Outros;Residencial;0;0;2;1;0;0;0;0;0;0;0;0;-38,568524;-3,774690;;;
256390;9;9;2015;18:30;0;RD BR 116;;;;;Colisão Lateral;Via Iluminada;Bom;Seca;Meio de Quadra;Pare;Comercial;0;0;2;1;0;0;1;0;0;0;0;0;;;;;
256392;9;9;2015;12:00;0;RUA VALPARAISO;;;1011;;Colisão Traseira;Luz do Dia;Bom;Seca;Meio de Quadra;Não Há Controle;Residencial;0;2;1;1;0;0;0;0;0;1;0;0;-38,528685;-3,841838;;;
256399;9;9;2015;18:15;339;RUA ERICO MOTA;RUA CON PENAFORT;;;;Colisão Lateral;Via Iluminada;Bom;Seca;Cruz;Não Há Controle;Residencial;0;1;1;0;0;0;1;0;0;1;0;0;-38,560845;-3,745876;;;
256397;9;9;2015;17:50;0;RUA JAIME BENEVOLO;;;851;;Colisão Transversal;Anoitecer;Bom;Seca;Meio de Quadra;Não Há Controle;Residencial;0;1;1;0;0;0;0;0;0;1;0;0;-38,527872;-3,739668;;;
270937;9;9;2015;10:48;15360;AV DOM LUIS;AV DES MOREIRA;;;;Colisão;Luz do Dia;;;Rotatória;Não Há Controle;Comercial;0;0;2;0;0;0;0;0;0;0;0;0;-38,497383;-3,733239;;;
270968;10;9;2015;13:13;0;AV C CJ ESPERANCA;;;;;Colisão;Luz do Dia;;;Meio de Quadra;;;0;0;2;0;0;0;0;0;0;0;0;0;;;;;
270966;10;9;2015;11:24;5343;RUA PDE IBIAPINA;AV BEZERRA DE MENEZES;;;;Colisão;Luz do Dia;;;Cruz;Semáforo;Comercial;0;0;2;0;0;0;0;0;0;0;0;0;-38,539973;-3,730548;;;
270963;10;9;2015;10:41;0;RUA STA MARLUCIA;;;;;Colisão;Luz do Dia;;;Meio de Quadra;;;0;0;2;0;0;0;0;0;0;0;0;0;;;;;
256407;10;9;2015;17:30;26239;AV PRO JOSE ARTHUR CARVALHO;RUA COSME DE ALMEIDA;;;;Colisão Transversal;Anoitecer;Bom;Seca;;;;0;2;1;1;0;0;0;0;0;1;0;0;;;;;
256627;10;9;2015;21:05;0;AV GAL OSORIO DE PAIVA;;;2982;;Colisão;Via Iluminada;Bom;Seca;Outros;;Comercial;0;1;1;0;1;0;0;0;0;1;0;0;-38,587085;-3,789314;;;
256628;10;9;2015;12:55;15287;AV ANTONIO JUSTA;RUA PRO DIAS DA ROCHA;;;;Engavetamento;Luz do Dia;Bom;Seca;;Pare;Residencial;0;0;4;1;0;0;0;0;0;0;0;0;-38,489665;-3,729209;;;
256620;10;9;2015;07:00;357;RUA XAVIER DE OLIVEIRA;RUA ERICO MOTA;;;;Colisão Transversal;Luz do Dia;Bom;Seca;Cruz;Pare;Residencial;0;0;2;1;0;0;0;0;0;0;0;0;-38,560547;-3,747288;;;
256621;10;9;2015;08:40;331;RUA ERICO MOTA;RUA NESTOR BARBOSA;;;;Colisão Lateral;Luz do Dia;Bom;Seca;Cruz;Pare;Residencial;0;0;2;1;1;0;0;0;0;0;0;0;-38,560980;-3,745189;;;
256632;10;9;2015;11:00;26214;AV DOLOR BARREIRA;RUA DALVA RODRIGUES;;;;Colisão Lateral;Luz do Dia;Bom;Seca;Cruz;Não Há Controle;Residencial;0;0;2;0;0;0;0;0;0;1;0;0;;;;;
256635;10;9;2015;09:40;7860;AV ANTONIO SALES;AV SEN VIRGILIO TAVORA;;;;Colisão Traseira;Luz do Dia;Bom;Seca;Cruz;Semáforo;Comercial;0;0;2;1;0;0;0;0;0;0;0;0;-38,496500;-3,747279;;;
256636;10;9;2015;13:50;1459;RUA BARBOSA DE FREITAS;RUA EDUARDO GARCIA;;;;Colisão Transversal;Luz do Dia;Bom;Seca;Cruz;Semáforo;Comercial;0;0;2;1;0;0;0;0;0;0;0;0;-38,497999;-3,738523;;;
256637;10;9;2015;10:00;618;AV DR THEBERGE;RUA COS GOUVEIA;;;;Atropelamento;;Bom;Seca;T;Semáforo Intermitente;Comercial;0;0;2;0;0;0;0;0;0;0;0;0;-38,565848;-3,717354;;;
256639;10;9;2015;22:51;1701;RUA CAP ARAGAO;RUA CAP VASCONCELOS D46;;;;Colisão Transversal;Via Iluminada;Bom;Seca;Cruz;Semáforo;Residencial;1;1;0;1;0;0;0;0;0;0;0;0;-38,517041;-3,765538;;;
256640;10;9;2015;14:30;8647;AV EDILSON B SOARES;RUA PRO SOLON FARIAS;;;;Colisão Traseira;Luz do Dia;Bom;Seca;Cruz;Pare;Misto;0;0;2;1;0;0;0;0;0;0;0;0;-38,477116;-3,789155;;;
256624;10;9;2015;16:15;0;AV AGUANAMBI;;;1550;;Colisão Lateral;Luz do Dia;Bom;Seca;Meio de Quadra;Outros;Misto;0;0;2;1;0;0;0;1;0;0;0;0;-38,523585;-3,750829;;;
256684;10;9;2015;19:20;1349;AV SANTOS DUMONT;RUA VIS MAUA;;;;Colisão Transversal;Anoitecer;Bom;Seca;Cruz;Pare;Comercial;0;0;2;1;0;0;0;0;0;0;0;0;-38,499371;-3,735909;;;
256685;10;9;2015;20:10;0;AV ANTONIO SALES;;;;MERCADINHO JAPONES;Colisão Traseira;Via Iluminada;Bom;Seca;Meio de Quadra;Semáforo;Misto;0;0;2;1;0;0;0;0;0;0;0;0;;;;;
256531;10;9;2015;14:10;13602;AV GAL MURILO BORGES;AV ROGACIANO LEITE;;;;Engavetamento;Luz do Dia;Bom;Seca;;Não Há Controle;Comercial;0;1;3;1;0;0;0;0;0;0;0;0;-38,496968;-3,767788;;;
256564;10;9;2015;17:30;1601;RUA PDE VALDEVINO;RUA VIS MAUA;;;;Colisão Lateral;Via Iluminada;Bom;Seca;Cruz;Pare;Misto;0;0;3;1;0;0;0;0;0;0;0;0;-38,501876;-3,743773;;;
256562;10;9;2015;19:15;0;RUA FRANCISCO LORDA;;;466;;Colisão Lateral;Via Iluminada;Bom;Seca;Meio de Quadra;;Residencial;0;0;2;1;0;0;1;0;0;0;0;0;-38,533195;-3,761508;;;
256566;10;9;2015;20:20;9282;AV AGUANAMBI;RD BR 116;;;;Colisão Lateral;;Bom;Seca;Rotatória;Semáforo;Comercial;0;0;2;1;0;0;0;0;0;0;0;0;-38,523010;-3,755596;;;
256568;10;9;2015;18:00;3894;AV EDUARDO GIRAO;RUA JULIO CESAR D12;;;;Colisão Lateral;Anoitecer;Bom;Seca;;Semáforo;Comercial;0;0;2;1;1;0;0;0;0;0;0;0;-38,540636;-3,747630;;;
256573;10;9;2015;07:30;23516;RUA ANA GONCALVES;RUA FIS VIEIRA;;;;Colisão Traseira;Luz do Dia;Bom;Seca;Cruz;Pare;Comercial;0;0;2;0;0;0;1;0;0;1;0;0;-38,514701;-3,759693;;;
256603;10;9;2015;19:00;0;AV GOV PARSIFAL BARROSO;;;300;;Colisão Traseira;Via Iluminada;Bom;Seca;Meio de Quadra;Outros;Residencial;0;0;2;1;0;0;1;0;0;0;0;0;-38,569183;-3,729806;;;
256598;10;9;2015;11:25;0;RUA FLORIANO PEIXOTO;RUA SAO PAULO;;458;;Colisão Lateral;Luz do Dia;Bom;Seca;;;;0;2;0;1;0;0;0;0;0;0;0;0;-38,526869;-3,726520;;;
256616;10;9;2015;20:00;0;AV GOV PARSIFAL BARROSO;;;400;;Colisão Traseira;Via Iluminada;Bom;Seca;Meio de Quadra;Outros;Residencial;0;0;2;1;0;0;0;0;0;0;0;0;-38,569107;-3,730525;;;
256590;10;9;2015;08:30;0;AV JOR THOMAZ COELHO;;;3000;MOTEL 3000;Colisão Traseira;Luz do Dia;Bom;Seca;Meio de Quadra;Não Há Controle;Comercial;0;0;3;1;0;0;0;0;0;1;0;0;-38,521968;-3,828868;;;
256593;10;9;2015;14:20;22200;AV SGT HERMINIO SAMPAIO;RUA MAJ VERISSIMO;;;;Colisão Lateral;Luz do Dia;Bom;Seca;Cruz;Pare;Comercial;0;1;1;1;0;0;0;0;0;1;0;0;-38,561327;-3,726516;;;
256584;10;9;2015;17:30;17294;RUA JOAO FIRMINO;RUA CEL ALEXANDRINO;;;;Colisão Transversal;Via Iluminada;Bom;Seca;Cruz;Pare;Comercial;0;0;3;1;0;0;0;0;0;0;0;0;-38,554922;-3,763514;;;
256579;10;9;2015;;15280;RUA TEN BENEVOLO;RUA DR JOSE LOURENCO;;;;Colisão Transversal;Luz do Dia;Bom;Seca;Cruz;Pare;Misto;0;1;1;0;1;0;0;0;0;0;0;0;-38,506010;-3,729029;;;
266123;10;9;2015;15:18;0;AV GAL MURILO BORGES;;;;;Colisão;Luz do Dia;;;Meio de Quadra;;;0;1;0;1;0;0;0;0;0;0;0;0;;;;;
266125;10;9;2015;16:11;0;AV CARNEIRO DE MENDONCA;;;480;;Colisão;Luz do Dia;;;Meio de Quadra;;;0;1;0;1;0;0;0;0;0;1;0;0;-38,563721;-3,765594;;;
266119;10;9;2015;15:07;17366;RUA EDITE BRAGA;RUA ROMEU MARTINS;;;;Colisão;Luz do Dia;;;Cruz;Pare;Residencial;0;1;0;1;0;0;0;0;0;1;0;0;-38,552486;-3,766408;;;
266116;10;9;2015;12:43;0;RUA PERNAMBUCO;;;1911;;Colisão;Luz do Dia;;;Meio de Quadra;;;0;1;0;1;0;0;0;0;0;1;0;0;-38,574555;-3,755194;;;
266112;10;9;2015;11:30;15280;RUA DR JOSE LOURENCO;RUA TEN BENEVOLO;;;;Colisão;Luz do Dia;;;Cruz;Pare;Comercial;0;1;1;1;1;0;0;0;0;0;0;0;-38,506010;-3,729029;;;
266114;10;9;2015;12:42;0;RUA ABELARDO MARINHO;;;;;Atropelamento;Luz do Dia;;;Meio de Quadra;;;0;1;0;1;0;0;0;0;0;0;0;0;;;;;
266108;10;9;2015;10:20;0;RUA WALDIR DIOGO;;;700;;Colisão;Luz do Dia;;;Meio de Quadra;;;0;1;1;0;0;0;0;0;0;1;0;0;-38,584112;-3,805169;;;
266101;10;9;2015;09:12;0;AV GODOFREDO MACIEL;;;4535;;Colisão;Luz do Dia;;;Meio de Quadra;;;0;1;0;1;0;0;0;0;0;1;0;0;;;;;
266098;10;9;2015;08:05;23516;RUA ANA GONCALVES;RUA FIS VIEIRA;;;;Colisão;Luz do Dia;;;Cruz;Pare;Comercial;0;1;0;1;0;0;0;0;0;1;0;0;-38,514701;-3,759693;;;
266099;10;9;2015;08:56;0;AV PERIMETRAL;;;2190;;Colisão;Luz do Dia;;;Meio de Quadra;;;0;1;0;1;0;0;0;0;0;0;0;0;-38,561880;-3,819419;;;
266093;10;9;2015;05:44;0;AV GAL OSORIO DE PAIVA;;;4873;;Colisão;Amanhecer;;;Meio de Quadra;;;0;1;0;1;0;0;0;0;0;1;0;0;-38,598857;-3,801413;;;
266091;10;9;2015;00:30;10005;RUA TAQUARI;RUA DUAS NACOES;;;;Colisão;;;;Cruz;Pare;Residencial;0;1;0;1;0;0;0;0;0;1;0;0;-38,601822;-3,776149;;;
266146;10;9;2015;14:00;0;RUA ALBERTO MONTEZUMA;;;255;;Atropelamento;Luz do Dia;;;Meio de Quadra;;;0;1;1;0;0;0;0;0;0;0;0;0;-38,533176;-3,765714;;;
266139;10;9;2015;18:22;0;AV JOSE BASTOS;;;;;Colisão;Anoitecer;;;Meio de Quadra;;;0;1;0;0;0;0;0;0;0;1;0;0;;;;;
266141;10;9;2015;19:16;0;RUA PDE GUERRA;;;;;Colisão;Anoitecer;;;Meio de Quadra;;;0;1;0;1;0;0;0;0;0;1;0;0;-38,545076;-3,736333;;;
266131;10;9;2015;17:28;3767;AV DOMINGOS OLIMPIO;AV IMPERADOR;;;;Colisão;Anoitecer;;;Cruz;Semáforo;Comercial;0;1;0;0;0;0;0;0;0;1;0;0;-38,536697;-3,734790;;;
266132;10;9;2015;17:30;0;AV PRO JOSE ARTHUR CARVALHO;;;370;;Colisão;Anoitecer;;;Meio de Quadra;;;0;1;0;1;0;0;0;0;0;1;0;0;-38,476121;-3,825979;;;
266133;10;9;2015;02:19;3998;RUA ALBERTO MAGNO;RUA SAMUEL UCHOA;;;;Colisão;;;;Cruz;Pare;Comercial;0;1;0;1;0;0;0;0;0;1;0;0;-38,542824;-3,756713;;;
266134;10;9;2015;17:44;0;AV MAJ ASSIS;;;2129;;Atropelamento;Anoitecer;;;Meio de Quadra;;;0;1;0;0;0;0;0;0;0;0;0;0;-38,598933;-3,721030;;;
266129;10;9;2015;16:25;4650;RUA PEDRO LAZAR;RUA SEN PAULA PESSOA;;;;Colisão;Luz do Dia;;;;;;0;0;1;1;0;0;0;0;0;1;0;0;-38,488505;-3,802802;;;
266136;10;9;2015;17:47;0;AV BENJAMIM BRASIL;;;1330;;Colisão;Anoitecer;;;Meio de Quadra;;;0;1;0;1;0;0;0;0;0;1;0;0;-38,563451;-3,806031;;;
266137;10;9;2015;13:00;25085;RUA VIRGILIO NOGUEIRA PAES;RUA OSCAR ARARIPE;;;;Colisão;Luz do Dia;;;Cruz;Semáforo;Comercial;0;1;0;1;0;0;0;0;0;0;0;0;-38,608554;-3,788212;;;
266157;10;9;2015;22:55;0;AV BEZERRA DE MENEZES;;;1807;;Colisão;;;;Meio de Quadra;;;0;1;0;0;0;0;0;0;0;0;0;0;;;;;
266151;10;9;2015;21:03;0;AV DIOGUINHO;;;;;Colisão;;;;Meio de Quadra;;;0;1;0;1;0;0;0;0;0;1;0;0;;;;;
259585;10;9;2015;09:00;0;RD CE-060;;;;KM-01;Colisão;Luz do Dia;Bom;Seca;Meio de Quadra;;Comercial;0;1;1;1;0;0;0;0;0;1;0;0;-38,576995;-3,819537;;;
259586;10;9;2015;20:45;0;RD CE-040;;;;KM-02;Colisão;Luz do Dia;Bom;Seca;Meio de Quadra;Não Há Controle;Comercial;0;0;2;1;0;0;0;0;0;0;0;0;-38,481598;-3,776479;;;
259233;10;9;2015;07:00;0;RD BR 116;;;4000;KM-04;Colisão Lateral;Luz do Dia;Bom;Seca;Meio de Quadra;Não Há Controle;Comercial;0;0;2;1;0;0;0;0;0;0;0;0;-38,510646;-3,788331;;;
259234;10;9;2015;10:00;0;RD BR 116;;;1000;KM-01;Colisão Traseira;Luz do Dia;Bom;Seca;Meio de Quadra;Não Há Controle;Comercial;0;1;3;1;0;0;0;0;0;0;0;0;-38,518702;-3,762554;;;
256940;10;9;2015;08:00;4542;AV DEP PAULINO ROCHA;RUA CEL ZACARIAS J FRANCA;;;;Colisão Lateral;Luz do Dia;Bom;Seca;T;Pare;Residencial;0;1;1;1;0;0;0;0;0;1;0;0;-38,508111;-3,805266;;;
256944;10;9;2015;13:00;0;AV PRS COSTA E SILVA;;;712;;Colisão Traseira;Luz do Dia;Bom;Seca;Meio de Quadra;Não Há Controle;Misto;0;0;2;1;0;0;1;0;0;0;0;0;-38,573047;-3,812378;;;
256925;10;9;2015;14:00;0;RUA METON DE ALENCAR;;;1284;;Engavetamento;Luz do Dia;Bom;Seca;Meio de Quadra;Semáforo;Comercial;0;0;3;1;0;0;0;0;0;0;0;0;-38,534941;-3,732276;;;
256928;10;9;2015;15:00;0;AV JOSE BASTOS;;;4600;INCRA;Colisão Transversal;Luz do Dia;Bom;Seca;Meio de Quadra;Não Há Controle;Comercial;0;1;1;1;0;0;0;0;0;1;0;0;-38,557601;-3,756877;;;
256931;10;9;2015;23:06;0;AV BEZERRA DE MENEZES;;;1804;;Colisão Lateral;Via Iluminada;Bom;Seca;Meio de Quadra;Não Há Controle;Comercial;1;1;1;0;1;0;0;0;0;1;0;0;;;;;
256933;10;9;2015;20:20;0;RUA CON DE CASTRO;;;5995;;Colisão Lateral;Via Iluminada;Bom;Seca;Meio de Quadra;Não Há Controle;Residencial;0;2;1;1;0;0;0;0;0;1;0;0;-38,599228;-3,815188;;;
256935;10;9;2015;10:05;0;AV BEZERRA DE MENEZES;;;2670;;Colisão Lateral;Luz do Dia;Bom;Seca;Meio de Quadra;Não Há Controle;Comercial;0;1;1;0;1;0;0;0;0;1;0;0;-38,568487;-3,736496;;;
271143;10;9;2015;14:49;0;AV CEL CARVALHO;;;1997;;Colisão;Luz do Dia;;;Meio de Quadra;;;0;0;2;0;0;0;0;0;0;0;0;0;-38,587245;-3,720102;;;
271145;10;9;2015;14:53;0;AV SGT HERMINIO SAMPAIO;;;3300;;Colisão;Luz do Dia;;;Meio de Quadra;;;0;0;2;0;0;0;0;0;0;0;0;0;-38,570258;-3,728096;;;
264793;10;9;2015;17:23;0;AV MIN JOSE AMERICO;;;;;Colisão;Anoitecer;;;Meio de Quadra;;;0;0;2;1;0;0;1;0;0;0;0;0;;;;;
256689;10;9;2015;13:50;0;AV DOMINGOS OLIMPIO;;;513;;Colisão Traseira;Luz do Dia;Bom;Seca;Meio de Quadra;Não Há Controle;Comercial;0;0;2;1;0;0;0;0;0;0;0;0;-38,528033;-3,737545;;;
256695;10;9;2015;14:55;0;RUA CAP VASCONCELOS D46;;;101;;Colisão Lateral;Luz do Dia;Bom;Seca;Meio de Quadra;Não Há Controle;Comercial;0;0;2;1;0;0;0;0;0;0;0;0;-38,517552;-3,762567;;;
256707;10;9;2015;19:40;0;AV TEN LISBOA;;;546;;Colisão Frontal;Via Iluminada;Bom;Seca;Meio de Quadra;Não Há Controle;Comercial;0;1;1;1;0;0;0;0;0;1;0;0;-38,572192;-3,726230;;;
256713;10;9;2015;08:40;0;AV 13 DE MAIO;;;;;Outros;Luz do Dia;Bom;Seca;Meio de Quadra;Semáforo;Comercial;0;0;1;1;0;0;0;0;0;0;0;0;;;;;
256714;10;9;2015;10:00;0;AV PERIMETRAL;;;;;Colisão Transversal;;Bom;;Meio de Quadra;;Comercial;0;1;1;0;0;0;0;0;0;1;0;0;;;;;
264808;11;9;2015;20:29;0;RUA MON CATAO;;;;;Colisão;;;;Meio de Quadra;;;0;0;2;1;0;0;0;0;0;0;0;0;;;;;
271147;11;9;2015;11:12;0;AV CEL CARVALHO;;;581;;Colisão;Luz do Dia;;;Meio de Quadra;;;0;0;2;0;0;0;0;0;0;0;0;0;-38,590548;-3,707281;;;
271149;11;9;2015;11:39;1343;RUA MARCOS MACEDO;AV SEN VIRGILIO TAVORA;;;;Atropelamento;Luz do Dia;;;Cruz;Pare;Comercial;0;0;2;0;0;0;0;0;0;0;0;0;-38,492845;-3,735843;;;
271150;11;9;2015;16:23;7855;RUA HENRIQUETA GALENO;RUA CEL JUCA;;;;Colisão;Luz do Dia;;;Cruz;Pare;Residencial;0;0;2;0;0;0;0;0;0;0;0;0;-38,494284;-3,746989;;;
271151;11;9;2015;16:41;0;AV CASTELO DE CASTRO;;;704;;Colisão;Luz do Dia;;;Meio de Quadra;;;0;0;2;0;0;0;0;0;0;0;0;0;;;;;
271152;11;9;2015;23:58;4111;RUA LUCAS PINTO;RUA ENG JOAO NOGUEIRA;;;;Colisão;;;;Cruz;Pare;Rural;0;0;2;0;0;0;0;0;0;0;0;0;-38,558392;-3,713279;;;
271153;11;9;2015;00:03;13534;AV SORIANO ALBUQUERQUE;RUA JOAO CORDEIRO;;;;Colisão;;;;Cruz;Pare;Residencial;0;0;2;0;0;0;0;0;0;0;0;0;-38,519458;-3,747871;;;
266326;11;9;2015;20:42;0;RUA 15 DE NOVEMBRO;;;654;;Colisão;;;;Meio de Quadra;;;0;1;0;1;0;0;0;0;0;1;0;0;-38,554589;-3,769392;;;
266331;11;9;2015;20:45;13381;RUA JOAO CORDEIRO;RUA JOAO BRIGIDO;;;;Atropelamento;;;;Cruz;Semáforo;Residencial;0;1;0;0;0;0;0;0;0;0;0;0;-38,517870;-3,739927;;;
266333;11;9;2015;21:18;0;AV JOSE BASTOS;;;;;Colisão;;;;Meio de Quadra;;;0;0;1;0;0;0;0;0;0;0;0;0;;;;;
266323;11;9;2015;19:10;23039;RUA PARAGUACU D45;AV DR SILAS MUNGUBA;;;;Colisão;;;;Cruz;Semáforo;Comercial;0;1;1;1;0;0;0;0;0;1;0;0;-38,540724;-3,790248;;;
266335;11;9;2015;22:37;0;AV GAL OSORIO DE PAIVA;;;;;Colisão;;;;Meio de Quadra;;;0;1;0;0;0;0;0;0;0;0;0;0;-38,568868;-3,777121;;;
266295;11;9;2015;17:56;0;AV FRANCISCO SA;;;6449;;Colisão;Anoitecer;;;Meio de Quadra;;;0;1;0;0;0;0;0;0;0;1;0;0;-38,581647;-3,709004;;;
266278;11;9;2015;12:19;0;AV BEZERRA DE MENEZES;;;1049;;Colisão;Luz do Dia;;;Meio de Quadra;;;0;1;0;1;0;0;0;0;0;1;0;0;-38,554219;-3,733548;;;
266304;11;9;2015;17:57;0;RUA 12 CJ PEQ MONDUBIM;;;600;;Colisão;Anoitecer;;;Meio de Quadra;;;0;1;0;1;0;0;0;0;0;1;0;0;;;;;
266308;11;9;2015;18:01;0;AV PRS CASTELO BRANCO;;;;;Atropelamento;Anoitecer;;;Meio de Quadra;;;0;1;0;0;0;0;0;0;0;1;0;0;;;;;
266311;11;9;2015;18:01;0;RUA FREDERICO SEVERO;;;598;;Colisão;Anoitecer;;;Meio de Quadra;;;0;1;0;0;0;0;1;0;0;1;0;0;;;;;
266320;11;9;2015;18:52;0;AV GODOFREDO MACIEL;;;;;Colisão;;;;Meio de Quadra;;;0;1;0;0;0;0;0;0;0;0;0;0;;;;;
266288;11;9;2015;15:54;0;AV SEN FERNANDES TAVORA;;;2432;;Colisão;Luz do Dia;;;Meio de Quadra;;;0;1;0;1;0;0;0;0;0;1;0;0;-38,594468;-3,755837;;;
266289;11;9;2015;15:54;0;RUA BERNARDO MANUEL;;;;;Queda;Luz do Dia;;;Meio de Quadra;;;0;1;0;0;0;0;0;0;0;1;0;0;;;;;
266290;11;9;2015;16:21;0;RUA PDE ANCHIETA;;;1320;;Colisão;Luz do Dia;;;Meio de Quadra;;;0;1;0;0;0;0;0;0;0;0;0;0;-38,552123;-3,731750;;;
266291;11;9;2015;16:47;0;RUA EMILIO DE MENESES;;;957;;Colisão;Luz do Dia;;;Meio de Quadra;;;0;1;0;0;0;0;0;0;0;0;0;0;-38,590154;-3,780977;;;
266292;11;9;2015;17:13;0;RUA BENTO ALBUQUERQUE;;;1159;;Colisão;Anoitecer;;;Meio de Quadra;;;0;1;1;1;0;0;0;0;0;1;0;0;-38,476966;-3,745750;;;
266195;11;9;2015;09:24;15139;AV MON TABOSA;RUA BAR ARACATI;;;;Colisão;Luz do Dia;;;Cruz;Pare;Comercial;0;1;0;1;0;0;0;0;0;1;0;0;-38,509158;-3,724226;;;
266193;11;9;2015;09:20;0;AV CESAR CALS;;;300;;Colisão;Luz do Dia;;;Meio de Quadra;;;0;1;0;0;0;0;1;0;0;1;0;0;-38,464542;-3,720712;;;
266183;11;9;2015;08:19;0;AV GAL OSORIO DE PAIVA;;;744;;Colisão;Luz do Dia;;;Meio de Quadra;;;0;1;0;1;0;0;0;0;0;1;0;0;-38,568868;-3,777121;;;
266177;11;9;2015;07:46;0;AV ENG HUMBERTO MONTE;;;1945;;Atropelamento;Luz do Dia;;;Meio de Quadra;;;0;1;0;0;0;0;0;0;0;1;0;0;-38,564653;-3,744054;;;
266273;11;9;2015;11:06;0;AV CARNEIRO DE MENDONCA;RUA RIO GRANDE DO SUL;;;;Colisão;Luz do Dia;;;;;;0;1;0;0;0;0;0;0;0;1;0;0;;;;;
257749;11;9;2015;12:30;3869;RUA JOAQUIM MAGALHAES;RUA MAL DEODORO;;;;Colisão Transversal;Luz do Dia;Bom;Seca;Cruz;Pare;Residencial;0;0;2;0;0;0;0;0;0;1;0;0;-38,534258;-3,737883;;;
259587;11;9;2015;09:00;0;RD CE-040;;;;KM-10;Colisão;Luz do Dia;Bom;Seca;Meio de Quadra;;Comercial;0;0;2;1;0;0;0;0;0;0;0;0;-38,480068;-3,838671;;;
259588;11;9;2015;11:30;0;RD CE-040;;;;KM-09;Colisão;Luz do Dia;Bom;Seca;Meio de Quadra;;Comercial;0;0;3;1;0;0;0;0;0;0;0;0;-38,481431;-3,824774;;;
266162;11;9;2015;06:55;0;RUA OSCAR ARARIPE;;;530;;Colisão;Luz do Dia;;;Meio de Quadra;;;0;1;0;1;0;0;0;0;0;1;0;0;-38,596124;-3,792210;;;
256574;11;9;2015;11:30;23372;AV PONTES VIEIRA;RUA FRE VIDAL;;;;Colisão Traseira;Luz do Dia;Bom;Seca;;Não Há Controle;Comercial;0;0;3;1;0;0;0;0;0;0;0;0;-38,518209;-3,753282;;;
256575;11;9;2015;16:00;1467;AV SANTOS DUMONT;RUA MON CATAO;;;;Colisão Traseira;Luz do Dia;Bom;Seca;Cruz;Semáforo;Comercial;0;0;3;1;0;0;0;0;0;0;0;0;-38,490564;-3,738745;;;
256571;11;9;2015;20:50;0;AV PRS CASTELO BRANCO;;;2083;;Colisão Traseira;Via Iluminada;Bom;Seca;Meio de Quadra;Outros;Residencial;0;0;2;0;1;0;0;0;0;1;0;0;-38,546681;-3,714429;;;
256569;11;9;2015;09:50;15139;AV MON TABOSA;RUA BAR ARACATI;;;;Colisão Transversal;Luz do Dia;Bom;Seca;Cruz;Pare;Comercial;0;1;2;0;0;0;0;0;0;1;0;0;-38,509158;-3,724226;;;
256563;11;9;2015;06:00;0;AV N CJ JOSE WALTER;;;2326;;Colisão;Luz do Dia;Bom;Seca;Meio de Quadra;Não Há Controle;Residencial;1;1;0;0;0;1;0;0;0;1;0;0;-38,562594;-3,842125;;;
256540;11;9;2015;19:00;0;AV ALM HENRIQUE SABOIA;;;;;Colisão Lateral;Via Iluminada;Bom;Seca;Meio de Quadra;Pare;Comercial;0;0;2;1;1;0;0;0;0;0;0;0;;;;;
256547;11;9;2015;16:30;1407;RUA TORRES CAMARA;RUA JOAQUIM NABUCO;;;;Colisão Lateral;Via Iluminada;Bom;Seca;;Semáforo;Residencial;0;0;2;1;0;0;0;0;0;0;0;0;-38,501932;-3,737258;;;
256545;11;9;2015;14:45;0;AV SGT HERMINIO SAMPAIO;;;1178;;Atropelamento;Luz do Dia;Bom;Seca;Meio de Quadra;Não Há Controle;Comercial;0;1;1;0;1;0;0;0;0;0;0;0;-38,551672;-3,724773;;;
256550;11;9;2015;21:00;25158;AV ALM MAXIMIANO DA FONSECA;AV WASHINGTON SOARES;;;;Colisão Traseira;Via Iluminada;Bom;Seca;Cruz;Semáforo;Escola;0;1;2;0;0;0;0;0;0;1;0;0;-38,482016;-3,771482;;;
256561;11;9;2015;07:15;0;RUA CEL MATOS DOURADO;;;;;Colisão Lateral;Luz do Dia;Bom;Seca;Meio de Quadra;Não Há Controle;Residencial;0;0;2;1;0;0;1;0;0;0;0;0;;;;;
256559;11;9;2015;22:00;11299;RUA ROSA CRUZ;RUA PEDRO C FERNANDES;;;;Outros;Via Iluminada;Bom;Seca;Cruz;Pare;Residencial;0;0;2;1;0;0;0;0;0;1;0;0;-38,565894;-3,799091;;;
256499;11;9;2015;16:20;0;AV JOSE BASTOS;;;4530;;Colisão Traseira;Luz do Dia;Bom;Seca;Meio de Quadra;Semáforo;Comercial;0;0;2;1;0;0;0;0;0;0;0;0;-38,556462;-3,755977;;;