COD_ACIDENTE;DIA;MES;ANO;HORA;INTERSECAO;LOG1;LOG2;LOG3;NUMERO;REFERENCIA;NATUREZA;ILUMINACAO;TEMPO;SUPERFICIEPISTA;TIPOCRUZAMENTO;CONTROLETRAFEGO;USOSOLO;MORTOS;FERIDOS;ILESOS;AUTOMOVEL;ONIBUS;BICICLETA;CAMINHAO;MICROONIBUS;CICLOMOTOR;MOTOCICLETA;TRACAOANIMAL;TREM;LONG;LAT;;;
256505;11;9;2015;22:00;12755;RUA JOAO SORONGO;RUA GRIJALVA COSTA;;;;Colisão Transversal;Via Iluminada;Bom;Seca;Cruz;Pare;Residencial;0;0;2;1;0;0;0;0;0;1;0;0;-38,541948;-3,752371;;;
256515;11;9;2015;15:15;0;AV GODOFREDO MACIEL;;;3255;;Outros;Luz do Dia;Bom;Seca;Meio de Quadra;Não Há Controle;Comercial;0;0;3;1;0;0;0;0;0;0;0;0;-38,572320;-3,804166;;;
256512;11;9;2015;15:40;17326;RUA ALBERTO MAGNO;RUA ALAN KARDEC;;;;Colisão Transversal;Luz do Dia;Bom;Seca;Cruz;Pare;Comercial;0;1;1;0;0;0;0;0;0;1;0;0;-38,549918;-3,764796;;;
256508;11;9;2015;14:40;577;AV FRANCISCO SA;AV DR THEBERGE;;;;Colisão Lateral;Luz do Dia;Bom;Seca;Cruz;Semáforo;Comercial;0;1;1;0;1;0;0;0;0;1;0;0;-38,565016;-3,714822;;;
256509;11;9;2015;07:00;15135;AV HIS RAIMUNDO GIRAO;RUA FRANCISCO DIAS RIBEIRO;;;;Colisão Transversal;Amanhecer;Bom;Seca;Cruz;Não Há Controle;Residencial;0;0;2;1;0;0;0;0;0;0;0;0;-38,504397;-3,724024;;;
256517;11;9;2015;07:00;3896;AV EDUARDO GIRAO;RUA CARLOS CAMARA;;;;Colisão Transversal;Luz do Dia;Bom;Seca;Cruz;Pare;Comercial;0;0;2;1;0;0;0;0;0;0;0;0;-38,543106;-3,747043;;;
256525;11;9;2015;07:30;6760;AV ENG SANTANA JUNIOR;RUA GAL TERTULIANO POTYGUARA;;;;Colisão Traseira;Luz do Dia;Bom;Seca;T;Pare;Comercial;0;1;1;1;0;0;0;0;0;1;0;0;-38,489463;-3,746669;;;
256522;11;9;2015;18:00;0;AV F CJ CEARA;;;204;;Colisão Lateral;Anoitecer;Bom;Seca;Meio de Quadra;Não Há Controle;Residencial;0;0;2;1;0;0;0;0;0;0;0;0;-38,607877;-3,763379;;;
256530;11;9;2015;09:30;0;AV ALM HENRIQUE SABOIA;;;260;;Colisão Lateral;Luz do Dia;Bom;Seca;Meio de Quadra;Cancela;Residencial;0;0;2;1;0;0;0;0;0;0;0;0;-38,480514;-3,724612;;;
256535;11;9;2015;15:00;25914;AV DOLOR BARREIRA;RUA JOSIAS PAULA DE SOUZA;;;;Colisão Transversal;Luz do Dia;Bom;Seca;Cruz;Não Há Controle;Comercial;0;0;2;1;0;0;0;0;0;1;0;0;-38,472693;-3,729109;;;
256533;11;9;2015;12:20;16057;AV PRS COSTA E SILVA;AV GODOFREDO MACIEL;;;;Colisão Traseira;Luz do Dia;Bom;Seca;Cruz;Semáforo;Comercial;0;0;2;1;0;0;0;0;0;0;0;0;-38,574739;-3,811743;;;
256489;11;9;2015;00:10;7833;AV BAR STUDART;RUA CEL ALVES TEIXEIRA;;;;Colisão Traseira;Via Iluminada;Bom;Seca;Cruz;Semáforo;Comercial;0;0;2;0;0;0;0;0;0;0;0;0;-38,510368;-3,746400;;;
256485;11;9;2015;18:42;0;RUA DEMETRIO MENEZES;;;3590;;Colisão Lateral;Via Iluminada;Bom;Seca;Meio de Quadra;Não Há Controle;Comercial;0;0;2;1;1;0;0;0;0;0;0;0;-38,584216;-3,734690;;;
256487;11;9;2015;21:40;0;AV CARNEIRO DE MENDONCA;;;1378;;Colisão Lateral;Via Iluminada;Bom;Seca;Meio de Quadra;Não Há Controle;Residencial;0;0;2;1;0;0;0;0;0;0;0;0;-38,571358;-3,761640;;;
256452;11;9;2015;16:30;3204;RUA EMILIO DE MENESES;RUA ACACIAS D34;;;;Colisão Transversal;Luz do Dia;Bom;Seca;Cruz;Pare;Residencial;0;1;1;0;1;0;0;0;0;1;0;0;-38,590283;-3,780938;;;
256448;11;9;2015;08:00;0;AV PRS CASTELO BRANCO;;;2747;;Colisão Traseira;Luz do Dia;Bom;Seca;Meio de Quadra;Não Há Controle;Residencial;0;0;2;1;0;0;0;0;0;1;0;0;-38,552324;-3,712610;;;
256449;11;9;2015;08:20;0;AV MOZART PINHEIRO DE LUCENA;;;1752;;Colisão Transversal;Luz do Dia;Bom;Seca;Meio de Quadra;Não Há Controle;Comercial;0;0;2;1;0;0;0;0;0;0;0;0;-38,595600;-3,717925;;;
256436;11;9;2015;09:00;2765;RUA OSCAR ARARIPE;RUA MON SABINO FEIJAO;;;;Colisão Traseira;Luz do Dia;Bom;Seca;Cruz;Pare;Residencial;0;1;1;1;0;0;0;0;0;1;0;0;-38,596202;-3,792186;;;
256464;11;9;2015;19:55;0;AV DEP PAULINO ROCHA;;;50;;Colisão Lateral;Via Iluminada;Bom;Seca;Meio de Quadra;Não Há Controle;Comercial;0;0;2;0;1;0;0;0;0;0;0;0;-38,507550;-3,802055;;;
256468;11;9;2015;06:50;26073;AV FRANCISCO SA;AV JOSE JATAHY;;;;Colisão Transversal;Amanhecer;Bom;Seca;Cruz;Semáforo;Comercial;0;1;1;0;1;0;0;0;0;1;0;0;;;;;
256462;11;9;2015;11:30;17928;RUA ALCANTARA BILHAR;RUA SEN ALVARO ADOLFO;;;;Colisão Frontal;Luz do Dia;Bom;Seca;T;Pare;Comercial;0;1;1;1;0;0;1;0;0;0;0;0;-38,582392;-3,733612;;;
256457;11;9;2015;18:30;16051;AV GODOFREDO MACIEL;RUA OSCAR BENEVIDES;;;;Outros;Via Iluminada;Bom;Seca;Outros;Não Há Controle;Residencial;0;1;0;0;0;0;0;0;0;1;0;0;-38,574179;-3,810087;;;
256476;11;9;2015;10:50;21379;AV JOVITA FEITOSA;RUA PRO RAIMUNDO ARRUDA;;;;Colisão Traseira;Luz do Dia;Bom;Seca;Cruz;Semáforo;Comercial;0;0;2;1;0;0;0;0;0;0;0;0;-38,550998;-3,738742;;;
256472;11;9;2015;09:20;0;AV JOSE SABOIA;;;300;;Colisão Lateral;Luz do Dia;Bom;Seca;Meio de Quadra;Não Há Controle;Comercial;0;1;1;0;0;0;1;0;0;1;0;0;-38,467612;-3,717001;;;
256482;11;9;2015;19:00;22167;AV JOSE BASTOS;RUA TAVARES IRACEMA;;;;Colisão Transversal;Via Iluminada;Bom;Seca;T;Não Há Controle;Comercial;0;1;1;1;0;0;0;0;0;1;0;0;-38,552770;-3,752313;;;
256567;12;9;2015;16:30;25003;AV DR THEBERGE;AV SGT HERMINIO SAMPAIO;;;;Colisão Lateral;Luz do Dia;Bom;Seca;Cruz;Semáforo;Residencial;0;0;2;1;1;0;0;0;0;0;0;0;-38,569276;-3,727916;;;
256578;12;9;2015;10:30;2779;RUA OSCAR ARARIPE;RUA VICENTE PINHEIRO;;;;Colisão;Luz do Dia;Bom;Seca;Cruz;Pare;Comercial;0;1;1;0;1;0;0;0;0;1;0;0;-38,594600;-3,792701;;;
256617;12;9;2015;08:00;0;AV GOV RAUL BARBOSA;;;6875;;Colisão Traseira;Luz do Dia;Bom;Seca;Meio de Quadra;Não Há Controle;Residencial;0;0;3;1;0;0;0;0;0;0;0;0;-38,512782;-3,773919;;;
256618;12;9;2015;10:20;0;AV SANTOS DUMONT;;;994;;Outros;Luz do Dia;Bom;Seca;Meio de Quadra;Não Há Controle;Comercial;0;0;2;1;1;0;0;0;0;0;0;0;-38,514595;-3,730937;;;
256581;12;9;2015;11:00;3420;AV JOAO PESSOA;RUA DES PRAXEDES;;;;Colisão Traseira;Luz do Dia;Bom;Seca;Cruz;Semáforo;Comercial;0;0;1;1;0;0;0;0;0;1;0;0;-38,553504;-3,756946;;;
256682;12;9;2015;10:30;21376;AV JOVITA FEITOSA;RUA PRO NOGUEIRA;;;;Colisão Transversal;Luz do Dia;Bom;Seca;Cruz;Pare;Comercial;0;0;2;1;0;0;0;0;0;0;0;0;-38,548839;-3,738280;;;
256679;12;9;2015;06:00;23039;AV DR SILAS MUNGUBA;RUA PARAGUACU D45;;;;Colisão Lateral;Luz do Dia;Bom;Seca;Cruz;Semáforo;Comercial;0;1;1;1;0;0;0;0;1;0;0;0;-38,540724;-3,790248;;;
256676;12;9;2015;13:15;0;AV DUQ CAXIAS;;;761;;Colisão Traseira;Luz do Dia;Bom;Seca;Meio de Quadra;Semáforo;Comercial;0;0;2;1;0;0;0;0;0;1;0;0;-38,531144;-3,731378;;;
256669;12;9;2015;00:15;650;RUA COS GOUVEIA;RUA FREDERICO ANDRADE;;;;Colisão Transversal;;Bom;Seca;Cruz;Pare;Residencial;0;0;2;1;0;0;0;0;0;0;0;0;-38,565142;-3,717218;;;
256670;12;9;2015;15:50;3030;RUA ANDRE REBOUCAS;RUA DIOGO CORREIA;;;;Colisão Transversal;Luz do Dia;Bom;Seca;Cruz;Semáforo;Comercial;0;1;1;1;0;0;0;0;0;1;0;0;-38,588606;-3,774008;;;
256633;12;9;2015;01:30;0;AV PRS JUSCELINO KUBITSCHEK (PASSARÉ);;;5471;;Colisão Traseira;Via Iluminada;Bom;Seca;Meio de Quadra;Não Há Controle;Comercial;0;1;1;1;0;0;1;0;0;0;0;0;-38,537324;-3,823873;;;
256622;12;9;2015;06:00;7874;RUA BARBOSA DE FREITAS;RUA LIVIO BARRETO;;;;Colisão Frontal;Luz do Dia;Bom;Seca;T;Pare;Misto;0;0;2;0;0;0;0;0;0;1;0;0;-38,502343;-3,752204;;;
256629;12;9;2015;10:30;1597;RUA GAL TERTULIANO POTYGUARA;RUA JOR OLAVO ARAUJO;;;;Colisão Lateral;Luz do Dia;;;;;;0;0;2;1;0;0;0;0;0;1;0;0;-38,499106;-3,743608;;;
256652;12;9;2015;02:38;0;AV DR SILAS MUNGUBA;;;4885;;Choque c/ Obstáculo Fixo;Via Iluminada;Bom;Seca;Meio de Quadra;Não Há Controle;Misto;0;0;1;1;0;0;0;0;0;0;0;0;-38,532360;-3,795722;;;
256658;12;9;2015;14:00;5685;RUA ESV AZEVEDO;RUA CEZIDIO ALBUQUERQUE;;;;Colisão Transversal;Luz do Dia;Bom;Seca;Cruz;Não Há Controle;Residencial;0;0;2;1;0;0;0;0;0;0;0;0;-38,505316;-3,795992;;;
256666;12;9;2015;14:30;0;RUA BENTO ALBUQUERQUE;;;550;;Colisão Lateral;Luz do Dia;Bom;Seca;Meio de Quadra;Outros;Comercial;0;0;2;1;0;0;0;0;0;0;0;0;-38,482932;-3,743835;;;
259268;12;9;2015;13:20;0;RD BR 222;;;;KM-01;Colisão Traseira;Luz do Dia;Bom;Molhada;Meio de Quadra;Não Há Controle;Comercial;0;1;6;1;1;0;0;0;0;0;0;0;-38,577952;-3,737774;;;
259237;12;9;2015;09:10;0;RD BR 116;;;4000;KM-04;Atropelamento;Luz do Dia;Bom;Seca;Meio de Quadra;Não Há Controle;Comercial;0;2;0;0;0;0;0;0;0;1;0;0;-38,510646;-3,788331;;;
266176;12;9;2015;10:30;21602;RUA RAIMUNDO NERY;RUA CON DE CASTRO;;;;Colisão;Luz do Dia;;;;;;0;1;0;1;0;0;0;0;0;1;0;0;-38,584986;-3,797482;;;
266173;12;9;2015;10:25;0;RUA MALMEQUER;;;570;;Colisão Lateral;Luz do Dia;;;Meio de Quadra;;;0;0;1;1;0;0;0;0;0;0;0;0;-38,538826;-3,791778;;;
266338;12;9;2015;00:36;0;RUA GUIOMAR NOVAES;;;109;;Queda;;;;Meio de Quadra;;;0;1;0;0;0;0;0;0;0;1;0;0;;;;;
266356;12;9;2015;07:57;0;AV JOSE BASTOS;;;4160;;Colisão;Luz do Dia;;;Meio de Quadra;;;0;1;0;1;0;0;0;0;0;1;0;0;-38,554763;-3,754300;;;
266345;12;9;2015;02:37;0;AV DOM MANUEL;;;480;;Queda;;;;Meio de Quadra;;;0;1;0;0;0;1;0;0;0;0;0;0;-38,521156;-3,728489;;;
266351;12;9;2015;05:12;0;AV ROGACIANO LEITE;;;2324;;Queda;Amanhecer;;;Meio de Quadra;;;0;1;0;0;0;0;0;0;0;1;0;0;-38,500315;-3,775967;;;
266368;12;9;2015;08:03;0;AV WASHINGTON SOARES;;;6180;;Colisão;Luz do Dia;;;Meio de Quadra;;;0;1;0;1;0;0;0;0;0;1;0;0;-38,479960;-3,813212;;;
266377;12;9;2015;08:45;15204;AV ABOLICAO;RUA JULIO IBIAPINA;;;;Colisão;Luz do Dia;;;Cruz;Semáforo;Comercial;0;1;0;1;0;0;0;0;0;1;0;0;-38,491290;-3,726679;;;
266382;12;9;2015;10:07;3420;AV JOAO PESSOA;RUA DES PRAXEDES;;;;Colisão;Luz do Dia;;;Cruz;Semáforo;Comercial;0;1;0;1;0;0;0;0;0;1;0;0;-38,553504;-3,756946;;;
266383;12;9;2015;10:37;7433;RUA PEDRO DANTAS;RUA CLARIM;;;;Colisão;Luz do Dia;;;T;Pare;Residencial;0;1;0;1;0;0;0;0;0;1;0;0;-38,525882;-3,785202;;;
266389;12;9;2015;13:11;0;AV CONTORNO OESTE D71;;;1168;;Colisão;Luz do Dia;;;Meio de Quadra;;;0;1;0;1;0;0;0;0;0;1;0;0;;;;;
266385;12;9;2015;11:00;0;RUA OSCAR ARARIPE;;;348;;Colisão;Luz do Dia;;;Meio de Quadra;;;0;1;0;0;0;0;0;0;0;0;0;0;-38,594522;-3,792725;;;
266387;12;9;2015;12:09;0;AV DA UNIVERSIDADE;;;;;Colisão;Luz do Dia;;;Meio de Quadra;;;0;1;0;0;0;0;0;0;0;1;0;0;;;;;
266441;12;9;2015;23:42;0;AV JOAO PESSOA;;;6571;;Colisão;;;;Meio de Quadra;;;0;1;0;1;0;0;0;0;0;1;0;0;-38,559916;-3,767508;;;
266437;12;9;2015;20:51;0;AV LINEU MACHADO;;;1074;;Colisão;;;;Meio de Quadra;;;0;1;0;1;0;0;0;0;0;1;0;0;-38,578584;-3,769107;;;
266438;12;9;2015;20:52;0;RUA CON DE CASTRO;;;4125;;Colisão;;;;Meio de Quadra;;;1;1;1;1;0;0;0;0;0;1;0;0;;;;;
266439;12;9;2015;22:39;0;RUA BERNARDO MANUEL;;;9270;;Atropelamento;;;;Meio de Quadra;;;0;1;0;0;0;0;0;0;0;0;0;0;-38,552025;-3,800706;;;
266427;12;9;2015;16:52;0;RUA JANDIRA;;;947;;Colisão;Luz do Dia;;;Meio de Quadra;;;0;1;0;0;0;0;0;0;0;1;0;0;;;;;
266428;12;9;2015;16:56;0;AV FRANCISCO SA;;;1834;;Queda;Luz do Dia;;;Meio de Quadra;;;0;1;0;0;0;0;0;0;0;1;0;0;-38,541900;-3,722471;;;
266430;12;9;2015;17:32;0;RUA MARIA QUINTELA;;;448;;Colisão;Anoitecer;;;Meio de Quadra;;;0;1;0;1;0;0;0;0;0;1;0;0;-38,584445;-3,776774;;;
266432;12;9;2015;18:18;0;AV PRS CASTELO BRANCO;;;5921;;Atropelamento;Anoitecer;;;Meio de Quadra;;;0;1;0;0;0;0;0;0;0;1;0;0;-38,583382;-3,702100;;;
266433;12;9;2015;19:01;0;RUA CEL MATOS DOURADO;;;230;;Atropelamento;;;;Meio de Quadra;;;0;1;0;1;0;0;0;0;0;0;0;0;-38,585213;-3,740878;;;
266435;12;9;2015;19:09;0;RUA SAO RAIMUNDO D51;;;865;;Atropelamento;;;;Meio de Quadra;;;0;1;0;0;0;0;0;0;0;1;0;0;;;;;
266394;12;9;2015;14:19;0;RUA BUENO;;;590;;Colisão;Luz do Dia;;;Meio de Quadra;;;0;1;1;0;0;0;0;0;0;1;0;0;;;;;
266421;12;9;2015;15:56;3030;RUA ANDRE REBOUCAS;RUA DIOGO CORREIA;;;;Colisão;Luz do Dia;;;Cruz;Semáforo;Comercial;0;1;0;1;0;0;0;0;0;1;0;0;-38,588606;-3,774008;;;
266423;12;9;2015;15:56;12594;RUA JANDIRA;RUA FENELON BOMILCAR;;;;Colisão;Luz do Dia;;;Cruz;Pare;Comercial;0;1;0;0;0;0;0;0;0;1;0;0;-38,586889;-3,715430;;;
266425;12;9;2015;16:33;0;RUA ASSUNCAO;;;844;;Atropelamento;Luz do Dia;;;Meio de Quadra;;;0;1;0;1;0;0;0;0;0;0;0;0;-38,529662;-3,737472;;;
271154;12;9;2015;06:01;0;AV ROGACIANO LEITE;;;2324;;Colisão;Luz do Dia;;;Meio de Quadra;;;0;0;2;0;0;0;0;0;0;0;0;0;-38,500315;-3,775967;;;
271155;12;9;2015;08:38;3197;RUA CARLOS CHAGAS;RUA ARACA;;;;Colisão;Luz do Dia;;;Cruz;Pare;Residencial;0;0;2;0;0;0;0;0;0;0;0;0;-38,583399;-3,780663;;;
271156;12;9;2015;09:51;0;RUA BERNARDO MANUEL;;;1798;;Colisão;Luz do Dia;;;Meio de Quadra;;;0;0;2;0;0;0;0;0;0;0;0;0;;;;;
271157;12;9;2015;15:53;0;AV SEN FERNANDES TAVORA;;;135;;Colisão;Luz do Dia;;;Meio de Quadra;;;0;0;2;0;0;0;0;0;0;0;0;0;-38,574706;-3,766204;;;
271158;12;9;2015;20:25;7094;RUA ALVES LIMA;RUA FELIPE CAMARAO;;;;Colisão;;;;;;;0;0;2;0;0;0;0;0;0;0;0;0;-38,568026;-3,706563;;;
271159;12;9;2015;22:04;0;AV PRO GOMES DE MATOS;;;1034;;Colisão;;;;Meio de Quadra;;;0;0;2;0;0;0;0;0;0;0;0;0;-38,546175;-3,761809;;;
271160;12;9;2015;22:07;4259;RUA NAT FEIJO;RUA PLACIDO CARVALHO;;;;Colisão;;;;Cruz;Pare;Residencial;0;0;2;0;0;0;0;0;0;0;0;0;-38,555624;-3,721655;;;
271161;12;9;2015;22:10;0;RUA ANA BILHAR;;;453;;Choque c/ Obstáculo Fixo;;;;Meio de Quadra;;;0;0;1;0;0;0;0;0;0;0;0;0;;;;;
264809;12;9;2015;11:55;0;RUA STA LIDUINA D42;;;;;Colisão;Luz do Dia;;;Meio de Quadra;;;0;0;2;1;0;0;1;0;0;0;0;0;;;;;
264812;12;9;2015;17:05;8949;AV BEZERRA DE MENEZES;RUA JUSTINIANO DE SERPA;;;;Colisão;Anoitecer;;;Cruz;Semáforo Intermitente;Comercial;0;0;2;1;1;0;0;0;0;0;0;0;-38,542857;-3,731156;;;
256706;12;9;2015;12:15;5302;AV TRISTAO GONCALVES;RUA PEDRO I;;;;Colisão Lateral;Luz do Dia;Bom;Seca;Cruz;Semáforo;Comercial;0;0;2;1;0;0;0;0;0;0;0;0;-38,533927;-3,729523;;;
256697;12;9;2015;17:00;20042;AV ALBERTO CRAVEIRO;AV DEP PAULINO ROCHA;;;;Colisão Frontal;Anoitecer;Bom;Seca;Rotatória;Não Há Controle;Residencial;0;0;2;1;0;0;0;0;0;1;0;0;-38,524782;-3,807229;;;
256699;12;9;2015;18:00;15722;RUA DR JOAQUIM BENTO;RUA MEM DE SA;;;;Colisão Traseira;Anoitecer;Bom;Seca;T;Semáforo;Outros;0;0;3;1;0;0;0;0;0;0;0;0;-38,485446;-3,828294;;;
256690;12;9;2015;20:00;0;RUA JOAQUIM ALFREDO;;;865;;Colisão;;Bom;;Meio de Quadra;;Residencial;0;1;1;0;0;0;0;0;0;1;0;0;-38,587934;-3,804442;;;
256692;12;9;2015;09:00;9032;RUA BAR ARATANHA;RUA PDE ROMA;;;;Colisão Lateral;Luz do Dia;Bom;Seca;Cruz;Não Há Controle;Comercial;0;2;0;1;0;0;0;0;0;1;0;0;-38,530384;-3,744883;;;
264813;13;9;2015;00:43;0;RUA ANDRADE FURTADO;;;1790;;Colisão;;;;Meio de Quadra;;;0;0;2;1;0;0;0;0;0;0;0;0;-38,473638;-3,747718;;;
264814;13;9;2015;11:39;5357;RUA MAJ FACUNDO;RUA PEDRO I;;;;Colisão;Luz do Dia;;;Cruz;Pare;Comercial;0;0;2;1;0;0;0;0;0;0;0;0;-38,528990;-3,731113;;;
271162;13;9;2015;01:08;15812;RUA MANUEL CASTELO BRANCO;RUA CEL FRANCISCO PEREIRA (MESSEJANA);;;;Colisão;;;;Cruz;Semáforo;Comercial;0;0;2;0;0;0;0;0;0;0;0;0;-38,492929;-3,831773;;;
271163;13;9;2015;01:10;19045;RUA DES WALDETARIO P MOTA;RUA ANDRE DALL OLIO;;;;Colisão;;;;Cruz;Pare;Residencial;0;0;2;0;0;0;0;0;0;0;0;0;-38,480043;-3,735907;;;
271164;13;9;2015;02:11;0;AV JOVITA FEITOSA;;;68;;Choque c/ Obstáculo Fixo;;;;Meio de Quadra;;;0;0;1;0;0;0;0;0;0;0;0;0;-38,544668;-3,737421;;;
271165;13;9;2015;02:40;0;AV C CJ CEARA;;;1072;;Choque c/ Obstáculo Fixo;;;;Meio de Quadra;;;0;0;1;0;0;0;0;0;0;0;0;0;;;;;
271166;13;9;2015;02:53;0;RUA JOSE MENDONCA;;;785;;Choque c/ Obstáculo Fixo;;;;Meio de Quadra;;;0;0;1;0;0;0;0;0;0;0;0;0;-38,602011;-3,756171;;;
271167;13;9;2015;04:16;0;AV CARNEIRO DE MENDONCA;;;2285;;Choque c/ Obstáculo Fixo;;;;Meio de Quadra;;;0;0;1;0;0;0;0;0;0;0;0;0;-38,578354;-3,758219;;;
271168;13;9;2015;05:24;0;AV JOR THOMAZ COELHO;;;;;Choque c/ Obstáculo Fixo;Amanhecer;;;Meio de Quadra;;;0;0;1;0;0;0;0;0;0;0;0;0;;;;;
271169;13;9;2015;06:14;0;AV ROGACIANO LEITE;;;;;Choque c/ Obstáculo Fixo;Luz do Dia;;;Meio de Quadra;;;0;0;1;0;0;0;0;0;0;0;0;0;;;;;
271170;13;9;2015;07:11;15815;RUA MANUEL CASTELO BRANCO;RUA CEL GUILHERME ALENCAR;;;;Colisão;Luz do Dia;;;Cruz;Pare;Comercial;0;0;2;0;0;0;0;0;0;0;0;0;-38,491829;-3,831934;;;
271171;13;9;2015;07:30;10299;AV SEN FERNANDES TAVORA;RUA GOIANESA;;;;Colisão;Luz do Dia;;;;;;0;0;2;0;0;0;0;0;0;0;0;0;-38,602392;-3,754375;;;
271172;13;9;2015;08:47;0;RUA CEL JOAO CORREIA;;;;;Colisão;Luz do Dia;;;Meio de Quadra;;;0;0;2;0;0;0;0;0;0;0;0;0;;;;;
271174;13;9;2015;09:10;13054;AV J CJ JOSE WALTER;AV B CJ JOSE WALTER;;;;Colisão;Luz do Dia;;;;;;0;0;2;0;0;0;0;0;0;0;0;0;-38,554445;-3,826939;;;
271176;13;9;2015;09:45;0;AV GAL OSORIO DE PAIVA;;;;;Colisão;Luz do Dia;;;Meio de Quadra;;;0;0;2;0;0;0;0;0;0;0;0;0;;;;;
271178;13;9;2015;09:57;7903;AV ANTONIO SALES;RUA CEL LINHARES;;;;Colisão;Luz do Dia;;;;Semáforo;Comercial;0;0;2;0;0;0;0;0;0;0;0;0;-38,497481;-3,746964;;;
271184;13;9;2015;09:58;0;AV MOZART PINHEIRO DE LUCENA;;;2352;;Colisão;Luz do Dia;;;Meio de Quadra;;;0;0;2;0;0;0;0;0;0;0;0;0;-38,597451;-3,724291;;;
271188;13;9;2015;12:38;0;RUA JOSE ABILIO;;;1078;;Colisão;Luz do Dia;;;Meio de Quadra;;;0;0;2;0;0;0;0;0;0;0;0;0;;;;;
271191;13;9;2015;14:21;0;TR SAO JOAO BATISTA;;;;;Colisão;Luz do Dia;;;Meio de Quadra;;;0;0;2;0;0;0;0;0;0;0;0;0;;;;;
271192;13;9;2015;14:54;0;AV CASTELO DE CASTRO;;;498;;Colisão;Luz do Dia;;;Meio de Quadra;;;0;0;2;0;0;0;0;0;0;0;0;0;;;;;
271194;13;9;2015;16:31;0;TR LIBERDADE;;;174;;Colisão;Luz do Dia;;;Meio de Quadra;;;0;0;2;0;0;0;0;0;0;0;0;0;;;;;
271195;13;9;2015;11:12;12954;AV PRS COSTA E SILVA;RUA BERNARDO MANUEL;;;;Colisão;Luz do Dia;;;;;;0;0;2;0;0;0;0;0;0;0;0;0;-38,558276;-3,821079;;;
271196;13;9;2015;17:10;0;RUA HUMBERTO DE ALMEIDA;;;1057;;Colisão;Anoitecer;;;Meio de Quadra;;;0;0;2;0;0;0;0;0;0;0;0;0;;;;;
266459;13;9;2015;02:05;0;AV PERIMETRAL;;;3349;;Queda;;;;Meio de Quadra;;;0;1;0;0;0;0;0;0;0;1;0;0;;;;;
266443;13;9;2015;00:01;0;RUA PERNAMBUCO;;;521;;Colisão;;;;Meio de Quadra;;;0;1;0;1;0;0;0;0;0;1;0;0;;;;;
266447;13;9;2015;00:28;1408;RUA JOAO CARVALHO;RUA DR JOSE LOURENCO;;;;Colisão;;;;Cruz;Pare;Rural;0;1;0;1;0;0;0;0;0;1;0;0;-38,508643;-3,737289;;;
266452;13;9;2015;01:03;3199;RUA VERBENA;RUA VITAL BRASIL;;;;Colisão;;;;Cruz;Semáforo;Comercial;0;1;0;1;0;0;0;0;0;1;0;0;-38,588650;-3,780666;;;
266464;13;9;2015;05:03;1503;AV SEN VIRGILIO TAVORA;RUA EDUARDO GARCIA;;;;Colisão;Amanhecer;;;Cruz;Semáforo;Comercial;0;1;0;0;0;0;0;0;0;0;0;0;-38,494102;-3,739797;;;
266182;13;9;2015;00:46;0;RUA ANTONIO JACO;;;;;Choque c/ Obstáculo Fixo;;;;Meio de Quadra;;;0;0;1;0;0;0;0;0;0;1;0;0;;;;;
266186;13;9;2015;06:08;1576;AV PDE ANTONIO TOMAS;RUA CEL JUCA;;;;Choque c/ Obstáculo Fixo;Luz do Dia;;;Cruz;Semáforo;Misto;0;0;1;0;0;0;0;0;0;0;0;0;-38,492803;-3,742392;;;
266184;13;9;2015;03:52;0;AV DR SILAS MUNGUBA;;;456;;Choque c/ Obstáculo Fixo;;;;Meio de Quadra;;;1;0;0;0;0;0;0;0;0;1;0;0;-38,561286;-3,778457;;;
266485;13;9;2015;09:24;0;RUA NOGUEIRA ACIOLI;;;850;;Colisão;Luz do Dia;;;Meio de Quadra;;;0;1;0;1;0;0;0;0;0;1;0;0;;;;;
266492;13;9;2015;15:47;0;AV CASTELO DE CASTRO;;;921;;Colisão;Luz do Dia;;;Meio de Quadra;;;0;1;0;1;0;0;0;0;0;1;0;0;-38,521716;-3,837891;;;
266493;13;9;2015;16:09;0;AV WASHINGTON SOARES;;;;;Colisão;Luz do Dia;;;Meio de Quadra;;;0;1;0;1;0;0;0;0;0;1;0;0;-38,479093;-3,805130;;;
266494;13;9;2015;16:16;13002;AV J CJ JOSE WALTER;AV A CJ JOSE WALTER;;;;Colisão;Luz do Dia;;;Cruz;Pare;Misto;0;1;0;0;0;0;0;0;0;1;0;0;-38,553814;-3,824958;;;
266481;13;9;2015;07:42;0;AV GODOFREDO MACIEL;;;1181;;Queda;Luz do Dia;;;Meio de Quadra;;;0;1;0;0;0;0;0;0;0;1;0;0;-38,566797;-3,786689;;;
266482;13;9;2015;08:33;0;RUA A CJ PALMARES (G. LISBOA);;;3791;;Colisão;Luz do Dia;;;Meio de Quadra;;;0;1;0;1;0;0;0;0;0;1;0;0;;;;;
266474;13;9;2015;06:21;0;AV WASHINGTON SOARES;;;4555;;Choque c/ Obstáculo Fixo;Luz do Dia;;;Meio de Quadra;;;0;1;0;1;0;0;0;0;0;0;0;0;;;;;
259238;13;9;2015;06:35;9126;RD BR 116;AV VIS RIO BRANCO;;;;Colisão Lateral;Luz do Dia;Bom;Seca;T;Não Há Controle;Residencial;0;1;1;0;0;0;0;0;0;1;0;0;-38,519417;-3,758673;;;