COD_ACIDENTE;DIA;MES;ANO;HORA;INTERSECAO;LOG1;LOG2;LOG3;NUMERO;REFERENCIA;NATUREZA;ILUMINACAO;TEMPO;SUPERFICIEPISTA;TIPOCRUZAMENTO;CONTROLETRAFEGO;USOSOLO;MORTOS;FERIDOS;ILESOS;AUTOMOVEL;ONIBUS;BICICLETA;CAMINHAO;MICROONIBUS;CICLOMOTOR;MOTOCICLETA;TRACAOANIMAL;TREM;LONG;LAT;;;
259277;13;9;2015;18:05;0;RD BR 222;;;;KM-02;Colisão Traseira;Anoitecer;Bom;Seca;Meio de Quadra;Não Há Controle;Comercial;0;0;3;1;0;0;0;0;0;0;0;0;-38,586880;-3,738951;;;
259589;13;9;2015;08:00;0;AV WASHINGTON SOARES;;;4055;;Choque c/ Obstáculo Fixo;Luz do Dia;Bom;Seca;Meio de Quadra;Não Há Controle;Comercial;0;1;0;1;0;0;0;0;0;0;0;0;-38,480217;-3,792404;;;
259590;13;9;2015;11:45;0;AV WASHINGTON SOARES;;;5255;;Choque c/ Obstáculo Fixo;Luz do Dia;Bom;Seca;Meio de Quadra;;Comercial;0;1;0;1;0;0;0;0;0;0;0;0;-38,479093;-3,805130;;;
259591;13;9;2015;16:00;0;RD CE-040;;;;KM-09;Colisão;Luz do Dia;Bom;Seca;Meio de Quadra;;Comercial;0;1;1;0;0;0;0;0;0;1;0;0;-38,481431;-3,824774;;;
259594;13;9;2015;17:00;0;RD CE-040;;;;KM-11;Colisão;Anoitecer;Bom;Seca;Meio de Quadra;Não Há Controle;Comercial;0;1;1;0;0;0;0;0;0;1;0;0;-38,480252;-3,844873;;;
256610;13;9;2015;23:30;15437;AV FRE CIRILO;RUA HOMEM DE MELO;;;;Colisão Transversal;Via Iluminada;Bom;Seca;Duplo T;Pare;Comercial;0;0;2;1;0;0;0;0;0;0;0;0;-38,497528;-3,817039;;;
256600;13;9;2015;15:30;0;AV JOVITA FEITOSA;;;2720;;Colisão Transversal;Luz do Dia;Bom;Seca;Meio de Quadra;Semáforo;Comercial;0;0;2;1;0;0;0;0;0;0;0;0;-38,561559;-3,740880;;;
256602;13;9;2015;06:10;2328;AV CEL CARVALHO;AV FRANCISCO SA;;;;Colisão;Luz do Dia;Bom;Seca;Cruz;Pare;Comercial;0;1;1;0;1;0;0;0;0;1;0;0;-38,591542;-3,703499;;;
256604;13;9;2015;16:50;0;RUA JUSTINIANO DE SERPA;;;;;Colisão Traseira;Luz do Dia;Bom;Seca;Meio de Quadra;Não Há Controle;Comercial;0;0;2;1;1;0;0;0;0;0;0;0;;;;;
256605;13;9;2015;12:05;502;AV SEN FERNANDES TAVORA;RUA PRO VIRGILIO DE MORAIS;;;;Atropelamento;Luz do Dia;Bom;Seca;Cruz;Semáforo;Comercial;0;2;0;1;0;0;0;0;0;0;0;0;-38,597421;-3,755286;;;
256608;13;9;2015;18:30;2573;AV FRANCISCO SA;RUA GRACA ARANHA;;;;Colisão Frontal;Anoitecer;Bom;Seca;Cruz;Pare;Residencial;0;1;1;1;0;0;0;0;0;1;0;0;-38,574359;-3,711611;;;
256619;13;9;2015;21:10;25406;RUA CEL MATOS DOURADO;RUA PRO JOSE LEITE GONDIM;;;;Colisão Lateral;Via Iluminada;Bom;Seca;T;Pare;Residencial;0;0;2;1;0;0;0;0;0;0;0;0;-38,585210;-3,740923;;;
256612;13;9;2015;18:10;1450;RUA JOAO CARVALHO;RUA JOSE VILAR;;;;Colisão Transversal;Via Iluminada;Bom;Seca;Cruz;Semáforo;Residencial;0;1;1;1;0;0;0;0;0;1;0;0;-38,505477;-3,738318;;;
256614;13;9;2015;23:20;8994;RUA PDE FROTA;RUA ANTONIO DRUMONT;;;;Colisão Lateral;Via Iluminada;Bom;Seca;Cruz;Não Há Controle;Residencial;0;0;2;1;0;0;0;0;0;0;0;0;-38,548543;-3,728626;;;
256615;13;9;2015;13:20;15282;RUA TIBURCIO CAVALCANTE;RUA CANUTO DE AGUIAR;;;;Colisão Lateral;Luz do Dia;Bom;Seca;Cruz;Pare;Residencial;0;0;2;1;0;0;0;0;0;0;0;0;-38,500359;-3,729044;;;
256580;13;9;2015;20:00;0;AV B CJ ESPERANCA;;;;;Colisão Lateral;Anoitecer;Bom;Seca;Meio de Quadra;Pare;Residencial;0;1;1;1;0;0;0;0;0;1;0;0;;;;;
256583;13;9;2015;15:15;15339;RUA ANA BILHAR;RUA FRE MANSUETO;;;;Colisão Transversal;Luz do Dia;Bom;Seca;Cruz;Semáforo;Residencial;0;0;2;1;0;0;0;0;0;0;0;0;-38,488841;-3,731552;;;
256585;13;9;2015;04:30;17551;RUA MANUEL JESUINO;RUA DR JOSE LINO;;;;Colisão Transversal;Amanhecer;Bom;Seca;Cruz;Semáforo;Comercial;0;1;1;1;0;0;0;0;0;0;0;0;-38,485087;-3,730066;;;
256587;13;9;2015;22:00;17956;RUA EVANDRO LUZ;RUA LICURGO MONTENEGRO;;;;Colisão Transversal;Via Iluminada;Bom;Seca;Cruz;Pare;Residencial;0;0;2;1;0;0;0;0;0;0;0;0;-38,576893;-3,735464;;;
256588;13;9;2015;09:00;10759;RUA PORTO ALEGRE;RUA ARACAJU;;;;Colisão Transversal;Luz do Dia;Bom;Seca;Cruz;Pare;Comercial;0;1;1;1;0;0;0;0;0;1;0;0;-38,588435;-3,761398;;;
256594;13;9;2015;14:40;10949;RUA ZACARIAS GONDIM;RUA VILA LOBOS;;;;Colisão Transversal;Luz do Dia;Bom;Seca;Cruz;Pare;Residencial;0;0;2;1;0;0;0;0;0;0;0;0;-38,559752;-3,771803;;;
256595;13;9;2015;08:40;0;AV GOV PARSIFAL BARROSO;;;;;Colisão Lateral;Luz do Dia;Nublado;Molhada;Meio de Quadra;Não Há Controle;Comercial;0;0;2;1;0;0;1;0;0;0;0;0;;;;;
256596;13;9;2015;12:30;7775;AV ANTONIO SALES;AV BAR STUDART;;;;Colisão Traseira;Luz do Dia;Bom;Seca;Cruz;Semáforo;Comercial;0;0;2;0;0;0;0;0;0;0;0;0;-38,509378;-3,743288;;;
256597;13;9;2015;18:30;24287;RUA CASTRO MONTE;RUA TAVARES COUTINHO;;;;Colisão Lateral;Via Iluminada;Bom;Seca;Cruz;Pare;Residencial;0;0;2;1;0;0;0;0;0;0;0;0;-38,486062;-3,732564;;;
256591;13;9;2015;14:00;5504;RUA PDE VALDEVINO;RUA JOAO CORDEIRO;;;;Colisão Transversal;Luz do Dia;Bom;Seca;Cruz;Semáforo;Residencial;0;0;1;1;0;0;0;0;0;0;0;0;-38,517550;-3,738896;;;
256592;13;9;2015;18:00;0;RUA PEDRO MARTINS;;;477;;Atropelamento;Anoitecer;Bom;Seca;Outros;Outros;Residencial;0;1;1;0;0;0;0;0;0;1;0;0;-38,602266;-3,799098;;;
256576;13;9;2015;09:00;5279;RUA COSTA BARROS;RUA NOGUEIRA ACIOLI;;;;Colisão Lateral;Luz do Dia;Bom;Molhada;Cruz;Pare;Comercial;0;1;1;1;0;0;0;0;0;1;0;0;-38,516481;-3,728753;;;
269733;13;9;2015;18:20;0;RUA MIGUEL GONCALVES;;;510;;Atropelamento;Anoitecer;;;Meio de Quadra;;;1;0;1;1;0;0;0;0;0;0;0;0;;;;;
266531;13;9;2015;21:25;0;AV F CJ CEARA;;;553;;Queda;;;;Meio de Quadra;;;0;1;0;0;0;0;0;0;0;1;0;0;-38,605144;-3,764679;;;
266527;13;9;2015;20:02;0;RUA H CJ MONTENEGRO I;;;;;Colisão;;;;Meio de Quadra;;;0;1;0;1;0;0;0;0;0;1;0;0;;;;;
266506;13;9;2015;17:13;0;AV DIOGUINHO;;;;;Colisão;Anoitecer;;;Meio de Quadra;;;0;1;0;1;0;0;0;0;0;1;0;0;;;;;
266510;13;9;2015;18:03;1450;RUA JOAO CARVALHO;RUA JOSE VILAR;;;;Colisão;Anoitecer;;;Cruz;Semáforo;Residencial;0;1;0;1;0;0;0;0;0;1;0;0;-38,505477;-3,738318;;;
266504;13;9;2015;16:56;0;RUA 12 DE JULHO;;;1054;;Colisão;Luz do Dia;;;Meio de Quadra;;;0;1;0;0;0;0;0;0;0;0;0;0;;;;;
266579;14;9;2015;20:59;0;AV RAD JOSE LIMA VERDE;;;;;Colisão;;;;Meio de Quadra;;;0;1;0;1;0;1;0;0;0;0;0;0;;;;;
266556;14;9;2015;10:18;0;AV PRS CASTELO BRANCO;;;2538;;Colisão;Luz do Dia;;;Meio de Quadra;;;0;1;0;0;0;0;0;0;0;0;0;0;-38,550671;-3,713088;;;
266577;14;9;2015;18:38;0;RUA BERNARDO MANUEL;;;8080;;Colisão;;;;Meio de Quadra;;;0;1;0;1;0;0;0;0;0;1;0;0;-38,548773;-3,790039;;;
266562;14;9;2015;12:18;0;AV FRANCISCO SA;;;4154;;Colisão;Luz do Dia;;;Meio de Quadra;;;0;1;0;1;0;0;0;0;0;1;0;0;-38,561999;-3,715841;;;
266560;14;9;2015;11:22;0;RUA RODRIGUES JUNIOR;;;;;Colisão;Luz do Dia;;;Meio de Quadra;;;0;1;0;1;0;0;0;0;0;1;0;0;;;;;
266575;14;9;2015;18:35;0;RUA DOM XISTO ALBANO;;;1880;;Colisão;;;;Meio de Quadra;;;0;1;0;1;0;0;0;0;0;1;0;0;-38,587669;-3,799315;;;
266572;14;9;2015;15:09;0;AV HIS RAIMUNDO GIRAO;;;1337;;Colisão;Luz do Dia;;;Meio de Quadra;;;0;1;0;1;0;0;0;0;0;1;0;0;-38,504321;-3,724056;;;
266573;14;9;2015;17:49;0;AV DR SILAS MUNGUBA;;;;;Colisão;Anoitecer;;;Meio de Quadra;;;0;1;0;1;0;0;0;0;0;1;0;0;-38,535472;-3,792666;;;
266569;14;9;2015;13:14;0;RUA NEWTON CRAVEIRO;;;120;;Queda;Luz do Dia;;;Meio de Quadra;;;0;1;0;0;0;0;0;0;0;1;0;0;-38,499503;-3,809377;;;
266566;14;9;2015;13:02;0;AV SEN FERNANDES TAVORA;;;571;;Colisão;Luz do Dia;;;Meio de Quadra;;;0;1;0;1;0;0;0;0;0;1;0;0;-38,577416;-3,764720;;;
266552;14;9;2015;08:21;13345;AV H CJ JOSE WALTER;AV J CJ JOSE WALTER;;;;Colisão;Luz do Dia;;;T;Pare;Residencial;0;1;0;0;0;0;0;0;0;0;0;0;-38,558743;-3,841244;;;
266554;14;9;2015;09:58;0;AV DEP PAULINO ROCHA;;;;;Colisão;Luz do Dia;;;Meio de Quadra;;;0;1;0;1;0;0;0;0;0;1;0;0;;;;;
266548;14;9;2015;06:44;0;RUA TEODOMIRO DE CASTRO;;;6404;;Colisão;Luz do Dia;;;Meio de Quadra;;;0;1;0;0;0;0;0;0;0;1;0;0;-38,577502;-3,716589;;;
266550;14;9;2015;07:10;0;AV JOSE BASTOS;;;;;Queda;Luz do Dia;;;Meio de Quadra;;;0;1;0;0;0;0;0;0;0;1;0;0;;;;;
266544;14;9;2015;06:32;0;AV PRS JUSCELINO KUBITSCHEK (PASSARÉ);;;3470;;Colisão;Luz do Dia;;;Meio de Quadra;;;0;1;0;0;0;0;0;0;0;0;0;0;;;;;
266539;14;9;2015;03:45;0;RUA CAP AMERICO MENEZES;;;;;Queda;;;;Meio de Quadra;;;0;1;0;0;0;0;0;0;0;1;0;0;;;;;
256634;14;9;2015;11:15;0;RUA CARVALHO MOTA;;;471;;Choque c/ Obstáculo Fixo;Luz do Dia;Bom;Seca;Meio de Quadra;Não Há Controle;Residencial;0;0;1;0;0;0;1;0;0;0;0;0;-38,544554;-3,738884;;;
256641;14;9;2015;11:15;19686;AV BEZERRA DE MENEZES;RUA ERICO MOTA;;;;Engavetamento;Luz do Dia;Bom;Seca;Cruz;Semáforo;Comercial;0;0;3;1;0;0;0;0;0;0;0;0;-38,562991;-3,735357;;;
256630;14;9;2015;20:50;0;AV ABOLICAO;;;3929;;Colisão Traseira;Anoitecer;Bom;Seca;Meio de Quadra;Semáforo Manual;Comercial;0;0;2;0;1;0;0;0;0;0;0;0;-38,484434;-3,725379;;;
256631;14;9;2015;15:35;7790;AV PONTES VIEIRA;AV DES MOREIRA;;;;Colisão Traseira;Luz do Dia;Bom;Seca;Cruz;Semáforo;Comercial;0;0;2;1;0;0;0;0;0;0;0;0;-38,503254;-3,751526;;;
256623;14;9;2015;18:00;0;AV ABOLICAO;;;2194;;Colisão Traseira;Anoitecer;Bom;Seca;Meio de Quadra;Semáforo Manual;Comercial;0;0;2;1;0;0;0;0;0;0;0;0;-38,499330;-3,726090;;;
256662;14;9;2015;07:45;0;AV BORGES DE MELO;;;80;;Colisão Traseira;Luz do Dia;Bom;Seca;Meio de Quadra;Pare;Comercial;0;0;2;0;0;0;0;0;0;0;0;0;-38,517930;-3,761554;;;
256656;14;9;2015;09:00;15346;RUA PEREIRA VALENTE;RUA VIS MAUA;;;;Colisão Transversal;Luz do Dia;Bom;Seca;Cruz;Pare;Residencial;0;0;2;1;0;0;0;0;0;0;0;0;-38,498067;-3,731927;;;
256649;14;9;2015;10:20;6721;AV ENG SANTANA JUNIOR;RUA BENTO ALBUQUERQUE;;;;Colisão Traseira;Luz do Dia;Bom;Seca;Cruz;Semáforo;Residencial;0;0;2;1;0;0;0;0;0;0;0;0;-38,486538;-3,742678;;;
256647;14;9;2015;13:05;0;RUA SEN POMPEU;;;2607;;Colisão Lateral;Luz do Dia;Bom;Seca;Meio de Quadra;Não Há Controle;Comercial;0;0;2;0;1;0;0;1;0;0;0;0;-38,533965;-3,741253;;;
256671;14;9;2015;13:20;0;RUA BAR RIO BRANCO;;;2424;;Colisão Lateral;Luz do Dia;Bom;Seca;Meio de Quadra;Não Há Controle;Comercial;0;0;2;1;0;0;0;0;0;0;0;0;-38,532427;-3,739550;;;
256668;14;9;2015;07:00;17395;RUA ALBERTO MAGNO;RUA TEN MOACIR MATOS;;;;Outros;Luz do Dia;Bom;Seca;Cruz;Pare;Comercial;0;1;1;1;0;0;0;0;0;1;0;0;-38,552117;-3,767411;;;
256678;14;9;2015;00:20;331;RUA ERICO MOTA;RUA NESTOR BARBOSA;;;;Colisão Frontal;Via Iluminada;Bom;Seca;Cruz;Pare;Residencial;0;1;1;1;0;0;0;0;0;1;0;0;-38,560980;-3,745189;;;
259595;14;9;2015;09:50;0;RD CE-040;;;;KM-03;Colisão;Luz do Dia;Bom;Seca;Meio de Quadra;;Comercial;0;1;1;1;0;0;0;0;0;1;0;0;-38,481014;-3,783185;;;
259279;14;9;2015;07:30;0;RD BR 222;;;;KM-01;Colisão Traseira;Luz do Dia;Bom;Seca;Meio de Quadra;Não Há Controle;Comercial;0;1;2;1;1;0;0;1;0;0;0;0;-38,577952;-3,737774;;;
259240;14;9;2015;09:50;0;RD BR 116;;;5000;KM-05;Colisão Traseira;Luz do Dia;Nublado;Seca;Meio de Quadra;Não Há Controle;Comercial;0;2;1;1;0;0;0;0;0;1;0;0;-38,506787;-3,796502;;;
271201;14;9;2015;10:54;0;RUA 121 CJ CEARA;;;670;;Colisão;Luz do Dia;;;Meio de Quadra;;;0;0;2;0;0;0;0;0;0;0;0;0;;;;;
256724;14;9;2015;13:30;0;AV ANTONIO SALES;;;562;;Colisão Traseira;Luz do Dia;Bom;Seca;Meio de Quadra;Não Há Controle;Comercial;0;0;2;1;0;0;0;0;0;1;0;0;-38,516655;-3,741023;;;
256731;14;9;2015;19:45;22072;RUA FRE MARCELINO;RUA JOSE FACANHA;;;;Colisão Lateral;Via Iluminada;Bom;Seca;T;Pare;Residencial;0;0;2;1;1;0;0;0;0;0;0;0;-38,558786;-3,750761;;;
256716;14;9;2015;10:00;23672;AV OLAVO BILAC;RUA VIS ICO D20;;;;Colisão Traseira;Luz do Dia;Bom;Seca;T;Pare;Comercial;0;0;2;1;0;0;0;0;0;0;0;0;-38,566730;-3,722023;;;
256719;14;9;2015;11:25;15347;AV DOM LUIS;RUA TIBURCIO CAVALCANTE;;;;Colisão Lateral;Luz do Dia;Bom;Seca;T;Semáforo;Comercial;0;0;2;1;0;0;0;0;0;0;0;0;-38,501313;-3,732021;;;
256727;14;9;2015;14:00;6746;RUA DR GILBERTO STUDART;RUA ZAMENHOF;;;;Colisão Transversal;Luz do Dia;Bom;Seca;Cruz;Pare;Residencial;0;1;1;1;0;0;0;0;0;1;0;0;-38,476632;-3,745007;;;
256728;14;9;2015;06:30;9216;RUA NAPOLEAO LAUREANO;RUA MARIO MAMEDE;;;;Colisão Transversal;Luz do Dia;Bom;Seca;Cruz;Pare;Residencial;0;0;2;1;0;0;0;0;0;0;0;0;-38,529662;-3,750799;;;
256729;14;9;2015;07:30;0;RUA PAULA RODRIGUES;;;204;;Colisão Traseira;Luz do Dia;Bom;Seca;Meio de Quadra;Outros;Residencial;0;0;2;1;1;0;0;0;0;0;0;0;-38,527076;-3,753682;;;
256753;14;9;2015;13:40;10695;RUA PRO HERIBALDO COSTA;RUA MON HIPOLITO BRASIL;;;;Colisão Lateral;Luz do Dia;Bom;Seca;Cruz;Pare;Comercial;0;1;1;1;0;0;0;0;0;1;0;0;-38,582275;-3,757069;;;
256757;14;9;2015;10:30;10044;RUA EMILIO DE MENESES;RUA ANTONIO NERY;;;;Colisão Transversal;Luz do Dia;Bom;Seca;Cruz;Pare;Comercial;0;0;2;0;0;0;0;0;0;1;0;0;-38,600204;-3,778162;;;
256747;14;9;2015;10:20;0;RUA VALPARAISO;;;;;Colisão Lateral;Luz do Dia;Bom;Seca;Meio de Quadra;Não Há Controle;Outros;0;0;2;0;0;0;0;0;0;0;0;0;;;;;
256739;14;9;2015;06:50;23110;AV JUSCELINO KUBITSCHEK (CANINDEZINHO);RUA BOA VISTA;;;;Colisão Lateral;Luz do Dia;Bom;Seca;Cruz;Não Há Controle;Comercial;0;0;3;0;0;1;0;0;0;1;0;0;;;;;
256691;14;9;2015;10:30;0;AV DUQ CAXIAS;;;1700;;Colisão Traseira;Luz do Dia;Bom;Seca;Meio de Quadra;Semáforo;Comercial;0;0;3;1;0;0;0;0;0;0;0;0;-38,539517;-3,728676;;;
256696;14;9;2015;08:40;0;AV PRO GOMES DE MATOS;;;1807;;Colisão Traseira;Luz do Dia;Bom;Seca;Meio de Quadra;Semáforo;Comercial;0;0;2;1;0;0;0;0;0;0;0;0;-38,550759;-3,767141;;;
256700;14;9;2015;10:30;9150;RUA DOM SEBASTIAO LEME;RUA CEL PERGENTINO FERREIRA;;;;Colisão Lateral;Luz do Dia;Bom;Seca;Cruz;Pare;Comercial;0;0;2;1;0;0;0;0;0;0;0;0;-38,525802;-3,748879;;;
256704;14;9;2015;07:30;25226;RUA JARDIM FLUMINENSE;AV GAL OSORIO DE PAIVA;;;;Colisão Lateral;Luz do Dia;Bom;Seca;T;Pare;Residencial;0;0;2;1;0;0;1;0;0;0;0;0;-38,605395;-3,808170;;;
256708;14;9;2015;08:00;1661;RUA JOAQUIM NABUCO;RUA VICENTE LINHARES;;;;Colisão Transversal;Luz do Dia;Bom;Seca;Cruz;Pare;Comercial;0;0;2;1;0;0;0;0;0;0;0;0;-38,503180;-3,741195;;;
256712;14;9;2015;11:15;1462;RUA JOAO CARVALHO;RUA NUNES VALENTE;;;;Colisão Transversal;Luz do Dia;Bom;Seca;Cruz;Pare;Comercial;0;0;2;1;0;0;0;0;0;0;0;0;-38,504491;-3,738599;;;
256715;15;9;2015;08:15;15204;AV ABOLICAO;RUA JULIO IBIAPINA;;;;Colisão Traseira;Luz do Dia;Bom;Seca;Cruz;Semáforo;Comercial;0;0;2;1;0;0;1;0;0;0;0;0;-38,491290;-3,726679;;;
256746;15;9;2015;11:40;0;AV AGUANAMBI;;;654;;Engavetamento;Luz do Dia;Bom;Seca;Meio de Quadra;Outros;Comercial;0;0;4;1;0;0;0;0;0;0;0;0;-38,525831;-3,742773;;;
256766;15;9;2015;11:40;0;RUA JULIO ABREU;;;389;VIADUTO;Colisão Traseira;Luz do Dia;Bom;Seca;Meio de Quadra;Não Há Controle;Escola;0;0;2;1;0;0;0;0;0;0;0;0;;;;;
256722;15;9;2015;09:30;13529;AV SORIANO ALBUQUERQUE;RUA PDE ANTONINO;;;;Colisão Transversal;Luz do Dia;Bom;Seca;Cruz;Não Há Controle;Residencial;0;0;2;1;0;0;0;0;0;0;0;0;-38,520476;-3,747537;;;
256736;15;9;2015;09:00;0;AV PDE ANTONIO TOMAS;;;2610;;Colisão Lateral;Luz do Dia;Bom;Seca;Meio de Quadra;;Comercial;0;0;2;1;0;0;1;0;0;0;0;0;-38,488795;-3,743715;;;
256801;15;9;2015;08:05;3800;AV 13 DE MAIO;RUA CAIO CARLOS;;;;Colisão Lateral;Luz do Dia;Bom;Seca;Cruz;Não Há Controle;Comercial;0;0;2;1;1;0;0;0;0;0;0;0;-38,542160;-3,738286;;;
256792;15;9;2015;11:00;0;RUA COSTA BARROS;;;850;;Colisão Traseira;Luz do Dia;Bom;Seca;Meio de Quadra;Não Há Controle;Comercial;0;0;2;1;0;0;0;0;0;1;0;0;-38,516408;-3,728780;;;
256808;15;9;2015;13:45;7817;RUA MARCONDES PEREIRA;RUA JOAQUIM NABUCO;;;;Colisão Lateral;Luz do Dia;Bom;Seca;Cruz;Pare;Residencial;0;0;2;1;0;0;0;0;0;1;0;0;-38,505936;-3,749764;;;
256799;15;9;2015;16:00;0;AV DEP PAULINO ROCHA;;;3131;CASTELAO;Colisão Transversal;Luz do Dia;Bom;Seca;Meio de Quadra;Dê Preferência;Lazer;0;0;2;0;1;0;1;0;0;0;0;0;-38,523807;-3,808405;;;
256804;15;9;2015;15:00;3336;RUA VIRIATO RIBEIRO;RUA RIO GRANDE DO SUL;;;;Colisão Lateral;Luz do Dia;Bom;Seca;Cruz;Pare;Residencial;0;0;2;0;1;0;1;0;0;0;0;0;-38,561355;-3,750184;;;
256787;15;9;2015;07:40;22158;AV JOSE BASTOS;RUA GUSTAVO BRAGA;;;;Colisão Traseira;Luz do Dia;Bom;Seca;T;Não Há Controle;Comercial;0;0;2;0;0;0;0;0;0;1;0;0;-38,551989;-3,751535;;;
256785;15;9;2015;08:30;5381;AV IMPERADOR;RUA METON DE ALENCAR;;;;Colisão Transversal;Luz do Dia;Bom;Seca;Cruz;Semáforo;Comercial;0;1;1;1;1;0;0;0;0;0;0;0;-38,535869;-3,731966;;;
256779;15;9;2015;08:20;21393;AV DES GONZAGA;RUA PEDRO H VASCONCELOS;;;;Colisão Transversal;Luz do Dia;Bom;Seca;Cruz;Pare;Comercial;0;0;2;1;0;0;0;0;0;0;0;0;-38,497308;-3,801053;;;
256771;15;9;2015;06:15;1289;AV SANTOS DUMONT;RUA SILVA PAULET;;;;Colisão Transversal;Luz do Dia;Bom;Seca;Cruz;Pare;Comercial;0;0;2;1;0;0;0;0;0;0;0;0;-38,505258;-3,733985;;;
256774;15;9;2015;07:50;0;AV BEZERRA DE MENEZES;;;1258;IG SAO GERARDO;Colisão Lateral;Luz do Dia;Bom;Seca;Meio de Quadra;Semáforo;Comercial;0;0;2;1;0;0;1;0;0;0;0;0;-38,556761;-3,734043;;;
256827;15;9;2015;07:20;37;RUA PRO JOSE LEITE GONDIM;RUA TOMAS RODRIGUES;;;;Colisão Lateral;Luz do Dia;Bom;Seca;Outros;Não Há Controle;Comercial;0;0;2;1;0;0;0;0;0;0;0;0;;;;;
256818;15;9;2015;12:15;17356;RUA ALM RUBIM;RUA TEN MOACIR MATOS;;;;Colisão Traseira;Luz do Dia;Bom;Seca;T;Pare;Residencial;0;0;2;1;0;0;0;0;0;0;0;0;-38,554507;-3,765902;;;
256829;15;9;2015;07:40;266;AV JOVITA FEITOSA;RUA ERICO MOTA;;;;Engavetamento;Luz do Dia;Bom;Seca;Cruz;Semáforo;Comercial;0;0;3;1;0;0;0;0;0;0;0;0;-38,561850;-3,740938;;;
256830;15;9;2015;17:20;19018;AV ENG ALBERTO SA;RUA JOSE CARLOS GURGEL NOGUEIRA;;;;Colisão Transversal;Anoitecer;Bom;Seca;Cruz;Semáforo;Misto;0;0;2;1;0;0;0;0;0;0;0;0;-38,475012;-3,734800;;;
256832;15;9;2015;10:10;24293;RUA JULIO ABREU;RUA DELMIRO GOUVEIA;;;;Colisão Transversal;Luz do Dia;Bom;Seca;Cruz;Pare;Comercial;0;1;2;1;1;0;0;0;0;0;0;0;-38,488072;-3,735900;;;
256834;15;9;2015;12:20;24129;AV DOLOR BARREIRA;RUA JOSE CARLOS GURGEL NOGUEIRA;;;;;Luz do Dia;Bom;Seca;T;Pare;Residencial;0;0;2;1;1;0;0;0;0;0;0;0;-38,472234;-3,730059;;;
256813;15;9;2015;18:15;0;AV SANTOS DUMONT;;;3976;;Colisão Lateral;Anoitecer;Bom;Seca;Outros;Não Há Controle;Comercial;0;0;2;1;1;0;0;0;0;0;0;0;-38,488914;-3,739271;;;
256816;15;9;2015;08:40;355;RUA XAVIER DE OLIVEIRA;RUA PRO LINO ENCARNACAO;;;;Colisão Transversal;Luz do Dia;Bom;Seca;Cruz;Pare;Residencial;0;0;2;1;0;0;0;0;0;0;0;0;-38,559461;-3,747053;;;
256820;15;9;2015;19:40;0;RUA PDE FROTA;;;654;;Colisão Lateral;Mal Iluminada;Bom;Seca;Meio de Quadra;Não Há Controle;Comercial;0;0;2;1;0;0;0;0;0;0;0;0;;;;;
256843;15;9;2015;17:45;0;RUA PRO GOMES BRASIL;;;555;SUPERMERCADO LAGOA;Colisão Traseira;Anoitecer;Bom;Seca;Meio de Quadra;Não Há Controle;Comercial;0;0;2;1;0;0;0;0;0;0;0;0;-38,567868;-3,773773;;;
256844;15;9;2015;13:40;0;AV GAL OSORIO DE PAIVA;;;1350;;Colisão Lateral;Luz do Dia;Bom;Seca;Meio de Quadra;Não Há Controle;Comercial;0;0;2;1;0;0;1;0;0;0;0;0;-38,573462;-3,780000;;;
256845;15;9;2015;15:00;12445;AV SEN FERNANDES TAVORA;TR HELENA DE MARIA;;;;Colisão Lateral;Luz do Dia;Bom;Seca;T;Outros;Comercial;0;0;2;1;0;0;0;0;0;0;0;0;-38,574916;-3,766094;;;
256846;15;9;2015;19:40;4624;RUA CRISANTO M DA ROCHA;RUA LINO CONDE D61;;;;Colisão Transversal;Via Iluminada;Bom;Seca;Cruz;Pare;Residencial;0;0;2;1;0;0;0;0;0;0;0;0;-38,480989;-3,799965;;;
256848;15;9;2015;08:30;15339;RUA FRE MANSUETO;RUA ANA BILHAR;;;;Colisão Lateral;Luz do Dia;Bom;Seca;Cruz;Semáforo;Residencial;0;0;2;0;0;0;0;0;0;1;0;0;-38,488841;-3,731552;;;
256849;15;9;2015;15:00;12404;AV SEN FERNANDES TAVORA;AV LINEU MACHADO;;;;Colisão Traseira;Luz do Dia;Bom;Seca;Cruz;Não Há Controle;Misto;0;0;2;1;1;0;0;0;0;0;0;0;-38,576540;-3,765199;;;
256836;15;9;2015;05:50;0;RUA ALUISIO AZEVEDO;;;215;;Colisão Lateral;Amanhecer;Bom;Seca;Meio de Quadra;Não Há Controle;Comercial;0;0;2;0;1;0;0;0;0;0;0;0;-38,574251;-3,772834;;;
256837;15;9;2015;10:20;25512;AV GAL OSORIO DE PAIVA;RUA NASCIMENTO (CANINDEZINHO);;;;Colisão;Luz do Dia;Bom;Seca;T;Não Há Controle;Comercial;0;0;2;1;0;0;1;0;0;0;0;0;;;;;