COD_ACIDENTE;DIA;MES;ANO;HORA;INTERSECAO;LOG1;LOG2;LOG3;NUMERO;REFERENCIA;NATUREZA;ILUMINACAO;TEMPO;SUPERFICIEPISTA;TIPOCRUZAMENTO;CONTROLETRAFEGO;USOSOLO;MORTOS;FERIDOS;ILESOS;AUTOMOVEL;ONIBUS;BICICLETA;CAMINHAO;MICROONIBUS;CICLOMOTOR;MOTOCICLETA;TRACAOANIMAL;TREM;LONG;LAT;;;
256839;15;9;2015;11:15;24310;RUA DELMIRO GOUVEIA;RUA OSORIO PALMELLA;;;;Colisão Transversal;Luz do Dia;Bom;Seca;Cruz;Pare;Misto;0;0;2;1;0;1;0;0;0;0;0;0;-38,488032;-3,737052;;;
256840;15;9;2015;15:35;0;AV AGUANAMBI;;;1221;;Colisão Transversal;Luz do Dia;Bom;Seca;Meio de Quadra;Não Há Controle;Comercial;0;0;2;1;0;0;0;0;0;0;0;0;-38,524631;-3,747430;;;
256841;15;9;2015;15:00;4530;AV DEP PAULINO ROCHA;RUA TEN TITO BARROS;;;;Colisão Transversal;Luz do Dia;Bom;Seca;T;Não Há Controle;Misto;0;0;2;1;0;0;0;0;0;0;0;0;-38,507311;-3,801032;;;
256855;15;9;2015;08:00;3290;AV PERIMETRAL;RUA COSMONAUTAS D34;;;;Colisão Transversal;Luz do Dia;Bom;Seca;Outros;Outros;Residencial;0;0;2;1;1;0;0;0;0;0;0;0;;;;;
256856;15;9;2015;22:50;0;AV 13 DE MAIO;;;2102;;Colisão Lateral;Amanhecer;Bom;Seca;Meio de Quadra;Não Há Controle;Comercial;0;0;2;1;1;0;0;0;0;0;0;0;-38,535675;-3,743906;;;
256876;15;9;2015;08:00;1493;AV PDE ANTONIO TOMAS;RUA OSVALDO CRUZ (ALDEOTA);;;;Colisão Transversal;Luz do Dia;Bom;Seca;Cruz;Semáforo;Comercial;0;2;0;0;0;0;0;0;0;1;0;0;-38,501588;-3,739538;;;
256872;15;9;2015;19:05;19539;AV DR SILAS MUNGUBA;RUA EQUADOR;;;;Colisão Traseira;Via Iluminada;Bom;Seca;Cruz;Semáforo;Comercial;0;0;2;1;0;0;0;0;0;0;0;0;-38,555434;-3,782377;;;
256868;15;9;2015;16:30;13534;AV SORIANO ALBUQUERQUE;RUA JOAO CORDEIRO;;;;Colisão Traseira;Luz do Dia;;Seca;Cruz;Pare;Residencial;0;1;2;1;0;0;1;0;0;0;0;0;-38,519458;-3,747871;;;
256864;15;9;2015;17:00;0;AV GODOFREDO MACIEL;;;3000;;Colisão Lateral;Anoitecer;Bom;Seca;Meio de Quadra;Pare;Residencial;0;0;2;1;0;0;0;0;0;1;0;0;-38,571654;-3,802029;;;
256853;15;9;2015;13:45;9281;AV AGUANAMBI;RUA JUVENAL DE CARVALHO;;;;Colisão Transversal;Luz do Dia;Bom;Seca;Outros;Pare;Comercial;0;0;2;1;1;0;0;0;0;0;0;0;;;;;
256859;15;9;2015;23:00;5269;AV DUQ CAXIAS;RUA PDE IBIAPINA;;;;Colisão Traseira;Via Iluminada;Bom;Seca;Cruz;Semáforo;Comercial;0;0;2;1;0;0;0;0;0;0;0;0;-38,540226;-3,728446;;;
271203;15;9;2015;11:58;1306;RUA TORRES CAMARA;RUA MON BRUNO;;;;Colisão;Luz do Dia;;;Cruz;Pare;Comercial;0;0;2;0;0;0;0;0;0;0;0;0;-38,510152;-3,734594;;;
271205;15;9;2015;12:08;0;AV VICENTE DE CASTRO;;;4778;;Colisão;Luz do Dia;;;Meio de Quadra;;;0;0;2;0;0;0;0;0;0;0;0;0;;;;;
271207;15;9;2015;14:50;0;AV PONTES VIEIRA;;;;;Colisão;Luz do Dia;;;Meio de Quadra;;;0;0;2;0;0;0;0;0;0;0;0;0;;;;;
271209;15;9;2015;15:16;0;RUA NOVA FORTALEZA (MONDUBIM);;;1178;;Colisão;Luz do Dia;;;Meio de Quadra;;;0;0;2;0;0;0;0;0;0;0;0;0;;;;;
271211;15;9;2015;16:38;0;RUA JOAO FAUSTINO RIBEIR;;;;;Colisão;Luz do Dia;;;Meio de Quadra;;;0;0;2;0;0;0;0;0;0;0;0;0;;;;;
271212;15;9;2015;16:44;0;RUA ANA NERY;;;326;;Atropelamento;Luz do Dia;;;Meio de Quadra;;;0;0;2;0;0;0;0;0;0;0;0;0;-38,542236;-3,753622;;;
259596;15;9;2015;07:45;0;RD CE-040;;;;KM-10;Atropelamento;Luz do Dia;Bom;Seca;Meio de Quadra;;Comercial;0;2;0;0;0;0;0;0;0;1;0;0;-38,480068;-3,838671;;;
259598;15;9;2015;17:45;0;RD CE-040;;;;KM-03;Colisão;Anoitecer;Bom;Seca;Meio de Quadra;;Comercial;0;0;2;1;1;0;0;0;0;0;0;0;-38,481014;-3,783185;;;
259599;15;9;2015;22:35;0;AV SEN CARLOS JEREISSATI (AEROPORTO);;;;KM 02;Colisão;Via Iluminada;Bom;Seca;Meio de Quadra;;Comercial;0;0;2;1;0;0;0;0;0;0;0;0;-38,529156;-3,783932;;;
266192;15;9;2015;13:40;930;AV AGUANAMBI;AV BORGES DE MELO;;;;Colisão;Luz do Dia;;;Cruz;Não Há Controle;Misto;0;1;0;1;0;0;0;0;0;1;0;0;-38,523880;-3,760928;;;
264944;15;9;2015;12:56;0;RUA TRES CORACOES;RUA OSCAR ARARIPE;;;;Colisão;Luz do Dia;;;;;;0;0;2;1;0;0;0;0;0;0;0;0;;;;;
264949;15;9;2015;15:39;0;AV DR SILAS MUNGUBA;;;;;Colisão;Luz do Dia;;;Meio de Quadra;;;0;0;2;1;1;0;0;0;0;0;0;0;;;;;
266593;15;9;2015;01:30;0;AV PRS COSTA E SILVA;;;1578;;Colisão;;;;Meio de Quadra;;;0;1;0;1;0;1;0;0;0;0;0;0;;;;;
266614;15;9;2015;13:39;0;AV IMPERADOR;;;1330;;Colisão;Luz do Dia;;;Meio de Quadra;;;0;1;0;1;0;1;0;0;0;0;0;0;-38,536157;-3,732966;;;
266609;15;9;2015;10:07;0;AV DOM LUIS;;;1500;;Colisão;Luz do Dia;;;Meio de Quadra;;;0;1;0;1;1;0;0;0;0;0;0;0;-38,488708;-3,735865;;;
266605;15;9;2015;08:24;0;AV IMPERADOR;;;1330;;Colisão;Luz do Dia;;;Meio de Quadra;;;0;1;0;1;1;0;0;0;0;0;0;0;-38,536157;-3,732966;;;
266603;15;9;2015;07:43;1493;RUA OSVALDO CRUZ (ALDEOTA);AV PDE ANTONIO TOMAS;;;;Colisão;Luz do Dia;;;Cruz;Semáforo;Comercial;0;1;0;0;0;0;0;0;0;1;0;0;-38,501588;-3,739538;;;
266599;15;9;2015;07:39;0;AV WASHINGTON SOARES;;;;;Colisão;Luz do Dia;;;Meio de Quadra;;;0;1;0;0;0;0;0;0;0;0;0;0;;;;;
266597;15;9;2015;07:38;0;AV SGT HERMINIO SAMPAIO;;;1846;;Colisão;Luz do Dia;;;Meio de Quadra;;;0;1;0;1;0;0;0;0;0;1;0;0;-38,557097;-3,725738;;;
266657;15;9;2015;22:38;0;AV DR THEBERGE;;;1278;;Colisão;;;;Meio de Quadra;;;0;1;0;1;0;0;0;0;0;1;0;0;-38,564633;-3,713651;;;
266649;15;9;2015;21:37;0;RUA EMILIA GONCALVES;;;614;;Colisão;;;;Meio de Quadra;;;0;1;0;1;0;0;0;0;0;1;0;0;-38,594658;-3,728725;;;
266636;15;9;2015;19:16;0;RUA DIOGO CORREIA;;;;;Colisão;;;;Meio de Quadra;;;0;1;0;0;0;0;0;0;0;0;0;0;;;;;
266621;15;9;2015;17:15;13534;AV SORIANO ALBUQUERQUE;RUA JOAO CORDEIRO;;;;Colisão;Anoitecer;;;Cruz;Pare;Residencial;0;1;0;1;0;0;0;0;0;0;0;0;-38,519458;-3,747871;;;
266616;15;9;2015;16:37;0;RUA SGT NERI;;;325;;Colisão;Luz do Dia;;;Meio de Quadra;;;0;1;0;1;0;0;0;0;0;1;0;0;;;;;
266630;15;9;2015;18:25;0;RUA LONDRINA;;;1048;;Colisão;Anoitecer;;;Meio de Quadra;;;0;1;0;1;0;0;0;0;0;1;0;0;-38,600666;-3,781759;;;
266633;15;9;2015;18:50;0;RUA EMILIO DE MENESES;;;2600;;Atropelamento;;;;Meio de Quadra;;;0;1;0;1;0;0;0;0;0;0;0;0;-38,603992;-3,777086;;;
274303;15;9;2015;17:30;0;RUA MANUEL JESUINO;;;200;;Colisão;Anoitecer;;;Meio de Quadra;;;0;0;1;1;0;0;0;0;0;1;0;0;-38,484896;-3,727422;;;
266687;16;9;2015;08:46;0;AV GOV RAUL BARBOSA;;;6951;;Queda;Luz do Dia;;;Meio de Quadra;;;0;1;0;0;0;0;0;0;0;1;0;0;-38,512820;-3,774157;;;
266682;16;9;2015;08:21;0;RUA MONTE LIBANO;;;390;;Colisão;Luz do Dia;;;Meio de Quadra;;;0;1;0;1;0;0;0;0;0;1;0;0;-38,561060;-3,823577;;;
266683;16;9;2015;08:31;0;AV DEP PAULINO ROCHA;;;;;Colisão;Luz do Dia;;;Meio de Quadra;;;0;1;0;1;0;0;0;0;0;1;0;0;;;;;
266665;16;9;2015;06:22;25009;RUA TULIPA;RUA TEODOMIRO DE CASTRO;;;;Queda;Luz do Dia;;;;;;0;1;0;0;0;0;0;0;0;1;0;0;-38,579975;-3,715652;;;
266750;16;9;2015;18:49;0;AV BEZERRA DE MENEZES;;;264;;Colisão;;;;Meio de Quadra;;;0;1;0;0;0;0;0;0;0;0;0;0;-38,547436;-3,732134;;;
266751;16;9;2015;19:58;0;AV LAURO VIEIRA CHAVES;;;243;;Colisão;;;;Meio de Quadra;;;0;1;0;0;0;0;0;0;0;0;0;0;-38,529416;-3,773072;;;
266753;16;9;2015;21:43;0;AV SANTOS DUMONT;;;;;Colisão;;;;Meio de Quadra;;;0;1;0;0;0;0;0;0;0;1;0;0;;;;;
266754;16;9;2015;22:15;6818;RUA FRANCISCO MATOS;RUA DR GILBERTO STUDART;;;;Colisão;;;;Cruz;Pare;Residencial;0;1;0;1;0;0;0;0;0;1;0;0;-38,470191;-3,747084;;;
266755;16;9;2015;22:32;0;RUA DNA LUCIA PINHEIRO (QUINTINO CUNHA);;;60;;Queda;;;;Meio de Quadra;;;0;1;0;0;0;0;0;0;0;1;0;0;-38,597779;-3,732031;;;
266757;16;9;2015;22:51;0;RUA FLORIANO PEIXOTO;;;2519;;Colisão;;;;Meio de Quadra;;;0;1;0;0;0;0;0;0;0;0;0;0;-38,532880;-3,744700;;;
266742;16;9;2015;18:09;0;RUA POE MARIO LINHARES (J.WALTER);;;151;;Colisão;Anoitecer;;;Meio de Quadra;;;0;1;0;0;0;0;0;0;0;1;0;0;;;;;
266727;16;9;2015;14:04;0;AV PONTES VIEIRA;;;;;Atropelamento;Luz do Dia;;;Meio de Quadra;;;0;1;0;0;0;0;0;0;0;1;0;0;-38,519287;-3,753402;;;
266733;16;9;2015;17:09;0;AV PRS JUSCELINO KUBITSCHEK (PASSARÉ);;;3290;;Colisão;Anoitecer;;;Meio de Quadra;;;0;1;0;1;0;0;0;0;0;1;0;0;-38,526655;-3,809356;;;
266735;16;9;2015;17:36;0;AV JOSE BASTOS;;;;;Colisão;Anoitecer;;;Meio de Quadra;;;0;1;0;0;0;0;0;0;0;0;0;0;;;;;
266723;16;9;2015;13:26;0;AV HERACLITO GRACA;;;500;;Atropelamento;Luz do Dia;;;Meio de Quadra;;;0;1;0;1;0;0;0;0;0;0;0;0;-38,519817;-3,735019;;;
266729;16;9;2015;15:00;0;AV HERACLITO GRACA;;;;;Atropelamento;Luz do Dia;;;Meio de Quadra;;;0;1;0;0;0;0;0;0;0;1;0;0;-38,519817;-3,735019;;;
266730;16;9;2015;15:32;5082;RUA DR JOAO MOREIRA;RUA BAR RIO BRANCO;;;;Colisão;Luz do Dia;;;Cruz;Não Há Controle;Comercial;0;1;0;1;0;0;0;0;0;1;0;0;-38,527092;-3,722797;;;
266731;16;9;2015;16:01;0;AV CASTELO DE CASTRO;;;;;Atropelamento;Luz do Dia;;;Meio de Quadra;;;0;1;0;0;0;0;0;0;0;1;0;0;;;;;
266718;16;9;2015;12:43;0;RUA FRANCISCO VASCONCELOS;;;20;;Atropelamento;Luz do Dia;;;Meio de Quadra;;;0;1;0;0;0;0;0;0;0;1;0;0;;;;;
266713;16;9;2015;12:17;22672;RUA ELISEU ORIA;AV COS GOMES DE FREITAS (SAPIRANGA/COITE);;;;Colisão;Luz do Dia;;;Cruz;Pare;Residencial;0;1;0;1;0;0;0;0;0;1;0;0;-38,477418;-3,795487;;;
266707;16;9;2015;11:10;0;RUA 41 CJ JOSE WALTER;;;510;;Colisão;Luz do Dia;;;Meio de Quadra;;;0;1;0;1;0;0;0;0;0;1;0;0;-38,557558;-3,829584;;;
266708;16;9;2015;11:30;0;RUA BETEL;;;1671;;Colisão;Luz do Dia;;;Meio de Quadra;;;0;1;0;0;0;0;0;0;0;0;0;0;-38,553368;-3,793752;;;
266710;16;9;2015;11:49;501;RUA CURITIBA;RUA RAIMUNDO RIBEIRO;;;;Colisão;Luz do Dia;;;;;;0;1;1;1;0;0;0;0;0;1;0;0;-38,595294;-3,755683;;;
266696;16;9;2015;11:03;0;AV GAL OSORIO DE PAIVA;;;7798;;Colisão;Luz do Dia;;;Meio de Quadra;;;0;1;0;1;0;0;0;0;0;1;0;0;-38,617322;-3,820464;;;
264960;16;9;2015;15:54;0;AV DR THEBERGE;;;2075;;Colisão;Luz do Dia;;;Meio de Quadra;;;0;0;2;1;0;0;1;0;0;0;0;0;-38,566336;-3,718865;;;
264958;16;9;2015;12:36;0;AV PRS COSTA E SILVA;;;;;Colisão;Luz do Dia;;;Meio de Quadra;;;0;0;2;1;0;0;1;0;0;0;0;0;;;;;
266197;16;9;2015;15:00;0;RUA BETEL;;;1671;;Colisão;Luz do Dia;;;Meio de Quadra;;;0;1;0;1;0;0;0;0;0;1;0;0;-38,553368;-3,793752;;;
266199;16;9;2015;16:31;0;AV GAL OSORIO DE PAIVA;;;4467;;Colisão;Luz do Dia;;;Meio de Quadra;;;0;0;1;0;1;0;0;0;0;0;0;0;-38,595208;-3,797648;;;
271214;16;9;2015;11:31;0;RUA CEL JOSE FILOMENO GOMES;;;750;;Colisão;Luz do Dia;;;Meio de Quadra;;;0;0;2;0;0;0;0;0;0;0;0;0;;;;;
271218;16;9;2015;12:09;0;RUA STENIO GOMES (JD OLIVEIRAS);;;404;;Colisão;Luz do Dia;;;Meio de Quadra;;;0;0;2;0;0;0;0;0;0;0;0;0;-38,498178;-3,784154;;;
271220;16;9;2015;15:25;0;AV ANTONIO SALES;;;1950;;Colisão;Luz do Dia;;;Meio de Quadra;;;0;0;2;0;0;0;0;0;0;0;0;0;-38,507234;-3,743950;;;
271224;16;9;2015;15:57;1282;AV BAR STUDART;AV SANTOS DUMONT;;;;Colisão;Luz do Dia;;;Cruz;Semáforo;Comercial;0;0;2;0;0;0;0;0;0;0;0;0;-38,506304;-3,733642;;;
256821;16;9;2015;20:00;0;AV DOS EXPEDICIONARIOS;;;4697;;Colisão Lateral;Via Iluminada;Bom;Seca;Meio de Quadra;Não Há Controle;Residencial;0;0;2;1;0;0;1;0;0;0;0;0;-38,539488;-3,759336;;;
256822;16;9;2015;07:20;26077;AV JOSE JATAHY;AV DUQ CAXIAS;;;;Colisão Transversal;Luz do Dia;Bom;Seca;T;Pare;Residencial;0;0;2;1;0;0;0;0;0;1;0;0;;;;;
256823;16;9;2015;00:10;0;RUA SILVA JATAHY;;;;;Colisão Lateral;Via Iluminada;Bom;Seca;Meio de Quadra;Não Há Controle;Comercial;0;1;1;1;0;0;0;0;0;0;0;0;;;;;
256824;16;9;2015;11:15;0;AV GAL OSORIO DE PAIVA;;;2437;;Colisão Transversal;Luz do Dia;Bom;Seca;Outros;Outros;Comercial;0;1;1;1;0;0;0;0;0;1;0;0;-38,583980;-3,786709;;;
256825;16;9;2015;13:00;3477;RUA DAURA;RUA SAO BENTO;;;;Colisão Transversal;Luz do Dia;Bom;Seca;Cruz;Não Há Controle;Comercial;0;0;2;1;0;0;0;0;0;1;0;0;-38,509733;-3,822582;;;
256817;16;9;2015;06:30;25683;RUA DAMASCENO GIRAO;RUA ANTONIO MENDES (JD AMERICA);;;;Colisão Transversal;Luz do Dia;Bom;Seca;Cruz;Pare;Residencial;0;0;2;1;0;0;0;0;0;0;0;0;-38,539780;-3,751507;;;
256814;16;9;2015;14:10;0;RUA MANUEL CASTELO BRANCO;;;490;;Colisão Transversal;Luz do Dia;Bom;Seca;Meio de Quadra;Não Há Controle;Comercial;0;0;3;1;0;0;1;0;0;0;0;0;-38,490326;-3,832376;;;
256815;16;9;2015;15:30;0;RUA JULIO LIMA;;;1537;;Colisão Traseira;Luz do Dia;Bom;Seca;Meio de Quadra;Outros;Residencial;0;0;2;1;0;0;0;0;0;0;0;0;;;;;
256831;16;9;2015;08:30;25106;RUA DELMIRO GOUVEIA;AV SANTOS DUMONT;;;;Colisão Transversal;Luz do Dia;Bom;Seca;Cruz;Semáforo;Comercial;0;0;2;0;0;0;0;0;0;1;0;0;-38,487932;-3,739603;;;
256819;16;9;2015;08:23;0;AV 13 DE MAIO;;;755;;Colisão Traseira;Luz do Dia;Bom;Seca;Meio de Quadra;Semáforo;Comercial;0;0;2;1;0;0;0;0;0;0;0;0;-38,526791;-3,751492;;;
256828;16;9;2015;17:00;0;AV OLIVEIRA PAIVA;;;1964;;Colisão Lateral;Luz do Dia;Bom;Seca;Meio de Quadra;Não Há Controle;Comercial;0;1;2;1;0;0;0;0;0;1;0;0;-38,488631;-3,796143;;;
256775;16;9;2015;20:50;936;AV BORGES DE MELO;RUA CUMBICA;;;;Colisão Lateral;Via Iluminada;Bom;Seca;Cruz;Pare;Residencial;0;1;1;0;1;0;0;0;1;0;0;0;-38,520039;-3,761342;;;
256777;16;9;2015;21:30;6818;RUA DR GILBERTO STUDART;RUA FRANCISCO MATOS;;;;Colisão Transversal;Via Iluminada;Bom;Seca;Cruz;Pare;Residencial;0;1;1;1;0;0;0;0;0;1;0;0;-38,470191;-3,747084;;;
256778;16;9;2015;11:30;0;AV SANTOS DUMONT;;;4560;;Colisão Lateral;Luz do Dia;Bom;Seca;Meio de Quadra;Não Há Controle;Comercial;0;0;2;1;0;0;0;0;0;0;0;0;;;;;
256773;16;9;2015;11:15;0;RUA CONDE D´EU;;;521;;Colisão Lateral;Luz do Dia;Bom;Seca;Meio de Quadra;Não Há Controle;Comercial;0;0;2;1;0;0;1;0;0;0;0;0;-38,525464;-3,725525;;;
256768;16;9;2015;08:30;5283;AV DOM MANUEL;AV SANTOS DUMONT;;;;Colisão Transversal;Luz do Dia;Bom;Seca;Cruz;Semáforo;Comercial;0;0;2;1;0;0;0;0;0;1;0;0;-38,521250;-3,728774;;;
256781;16;9;2015;21:30;0;AV SGT HERMINIO SAMPAIO;;;1536;;Colisão Transversal;Via Iluminada;Bom;Seca;Meio de Quadra;Não Há Controle;Comercial;0;0;2;1;0;0;0;0;0;0;0;0;-38,554395;-3,725261;;;
256786;16;9;2015;14:00;0;AV PONTES VIEIRA;;;85;;Atropelamento;Luz do Dia;Bom;Seca;Meio de Quadra;Não Há Controle;Comercial;0;2;0;0;0;0;0;0;0;1;0;0;-38,519287;-3,753402;;;
256788;16;9;2015;17:40;5030;RUA ALM JACEGUAI;AV ALM BARROSO;;;;Colisão Transversal;Via Iluminada;Bom;Seca;T;Semáforo;Lazer;0;0;2;1;1;0;0;0;0;0;0;0;-38,519363;-3,720749;;;
256791;16;9;2015;11:50;0;AV HERACLITO GRACA;;;1476;;Colisão Transversal;Luz do Dia;Bom;Seca;Meio de Quadra;Não Há Controle;Comercial;0;0;2;1;0;0;0;0;0;0;0;0;-38,511588;-3,737882;;;
256805;16;9;2015;07:00;0;AV RUI BARBOSA;;;1450;;Colisão Traseira;Luz do Dia;Bom;Seca;Meio de Quadra;Não Há Controle;Residencial;0;1;2;1;0;0;0;0;0;0;0;0;-38,509193;-3,735305;;;
256806;16;9;2015;08:40;15346;RUA VIS MAUA;RUA PEREIRA VALENTE;;;;Colisão Transversal;Luz do Dia;Bom;Seca;Cruz;Pare;Residencial;0;0;2;0;0;0;0;0;0;0;0;0;-38,498067;-3,731927;;;
256807;16;9;2015;18:40;0;AV ROGACIANO LEITE;;;340;;Colisão Traseira;Via Iluminada;Bom;Seca;Meio de Quadra;Não Há Controle;Comercial;0;0;2;0;0;0;0;0;0;0;0;0;-38,493002;-3,760951;;;
256800;16;9;2015;00:30;3302;AV GAL OSORIO DE PAIVA;RUA LUIS VIEIRA;;;;Colisão Traseira;Via Iluminada;Bom;Seca;Cruz;Semáforo Intermitente;Comercial;0;0;2;0;0;0;0;1;0;0;0;0;-38,588616;-3,790879;;;
256794;16;9;2015;12:15;183;RUA DEMETRIO MENEZES;AV SGT HERMINIO SAMPAIO;;;;Colisão Lateral;Luz do Dia;Bom;Seca;Cruz;Semáforo;Comercial;0;0;2;1;0;0;0;1;0;0;0;0;-38,584591;-3,731488;;;
256798;16;9;2015;14:30;0;AV DES MOREIRA;;;;;Colisão Lateral;Luz do Dia;Bom;Seca;Meio de Quadra;Não Há Controle;Outros;0;0;2;1;0;0;0;0;0;0;0;0;;;;;
256802;16;9;2015;10:00;3370;RUA AMAZONAS;RUA MINAS GERAIS;;;;Colisão Transversal;Luz do Dia;Bom;Seca;Cruz;Pare;Residencial;0;1;1;1;0;0;0;0;0;1;0;0;-38,563580;-3,753685;;;
256803;16;9;2015;14:00;0;AV HERACLITO GRACA;;;342;;Atropelamento;Luz do Dia;Bom;Seca;Meio de Quadra;Semáforo;Comercial;0;2;1;1;0;0;0;0;0;1;0;0;-38,521777;-3,734389;;;
256810;16;9;2015;10:20;25467;AV BENJAMIM BRASIL;RUA LEON GRADVOHL;;;;Colisão Transversal;Luz do Dia;Bom;Seca;T;Não Há Controle;Comercial;0;1;1;0;1;0;0;0;0;1;0;0;-38,569567;-3,804034;;;
256811;16;9;2015;17:40;14444;AV SGT HERMINIO SAMPAIO;RUA DR ALMEIDA FILHO;;;;Colisão Transversal;Anoitecer;Bom;Seca;T;Não Há Controle;Comercial;0;1;1;0;0;0;0;0;0;1;0;0;-38,558358;-3,725980;;;
256812;16;9;2015;13:50;1432;AV SANTOS DUMONT;AV SEN VIRGILIO TAVORA;;;;Colisão Traseira;Luz do Dia;Bom;Seca;Cruz;Semáforo;Comercial;0;0;2;0;1;0;0;0;0;0;0;0;-38,493482;-3,737828;;;
256835;17;9;2015;18:50;12697;AV CEL CARVALHO;RUA RAIMUNDO FROTA;;;;Colisão Transversal;Via Iluminada;Bom;Seca;Duplo T;Pare;Comercial;0;0;2;1;0;0;0;0;0;1;0;0;-38,588657;-3,714552;;;
256857;17;9;2015;08:40;3226;RUA EMILIO DE MENESES;RUA JOSE ARISTOTELES GONDIM;;;;Colisão Transversal;Luz do Dia;Bom;Seca;Cruz;Pare;Residencial;0;0;2;1;0;0;0;0;0;0;0;0;-38,585899;-3,782184;;;
256858;17;9;2015;15:10;15179;RUA MON BRUNO;RUA TOMAS POMPEU;;;;Colisão Transversal;Luz do Dia;Bom;Seca;Cruz;Pare;Residencial;0;0;2;1;0;0;0;0;0;0;0;0;-38,507307;-3,725790;;;
256842;17;9;2015;18:00;9229;RUA MARIO MAMEDE;RUA MON LIBERATO;;;;Colisão Lateral;Via Iluminada;Bom;Seca;Cruz;Pare;Outros;0;1;1;1;0;0;0;0;0;1;0;0;-38,530817;-3,749814;;;
256850;17;9;2015;00:30;0;RUA FLORIANO PEIXOTO;;;2539;;Colisão Lateral;Via Iluminada;Bom;Seca;Meio de Quadra;Não Há Controle;Residencial;0;1;1;1;0;0;0;0;0;1;0;0;;;;;
256851;17;9;2015;19:15;0;RUA ROCHA LIMA;;;1016;;Colisão Lateral;Via Iluminada;Bom;Seca;Meio de Quadra;Pare;Residencial;0;0;2;1;0;0;0;0;0;0;0;0;-38,515382;-3,738608;;;
256852;17;9;2015;15:07;5099;AV TRISTAO GONCALVES;RUA SEN ALENCAR;;;;Colisão Lateral;Luz do Dia;Bom;Seca;Cruz;Pare;Comercial;0;0;2;1;1;0;0;0;0;0;0;0;-38,532122;-3,723524;;;
256861;17;9;2015;14:30;0;AV DR SILAS MUNGUBA;;;914;;Engavetamento;Luz do Dia;Bom;Seca;Meio de Quadra;Não Há Controle;Comercial;0;0;5;1;0;0;0;0;0;0;0;0;-38,557592;-3,781200;;;
256854;17;9;2015;19:00;0;RUA GOV JOAO CARLOS;;;739;;Colisão Lateral;Via Iluminada;Bom;Seca;Meio de Quadra;Não Há Controle;Residencial;0;0;2;1;0;0;0;0;0;0;0;0;-38,552901;-3,781411;;;
256865;17;9;2015;14:00;304;RUA GONCALVES DIAS;RUA DELMIRO FARIAS;;;;Colisão Transversal;Luz do Dia;Bom;Seca;T;Pare;Residencial;0;1;1;1;0;0;0;0;0;1;0;0;-38,554948;-3,743566;;;
256869;17;9;2015;17:00;16452;RUA 26 BATALHAO;AV BENJAMIM BRASIL;;;;Colisão Lateral;Anoitecer;Bom;Molhada;Cruz;Pare;Residencial;0;1;1;1;0;0;0;0;0;1;0;0;-38,567669;-3,804601;;;
256867;17;9;2015;19:00;0;AV GAL OSORIO DE PAIVA;;;4060;;Colisão Lateral;Via Iluminada;Bom;Seca;Meio de Quadra;Não Há Controle;Comercial;0;1;1;1;0;0;0;0;0;1;0;0;-38,590230;-3,792559;;;
256875;17;9;2015;21:00;9155;AV EDUARDO GIRAO;AV LUCIANO CARNEIRO;;;;Colisão Traseira;Via Iluminada;Bom;Seca;Cruz;Semáforo;Comercial;0;0;2;1;0;0;0;0;0;0;0;0;-38,532811;-3,752275;;;
256871;17;9;2015;13:20;0;AV ENG ALBERTO SA;;;1140;;Colisão Lateral;Luz do Dia;Bom;Seca;Meio de Quadra;Não Há Controle;Comercial;0;0;2;1;0;0;0;0;0;0;0;0;-38,472901;-3,735390;;;
256879;17;9;2015;07:30;5139;RUA SEN ALENCAR;RUA SEN POMPEU;;;;Atropelamento;Luz do Dia;Bom;Seca;Cruz;Semáforo;Comercial;0;1;1;1;0;0;0;0;0;0;0;0;-38,528911;-3,724526;;;
256882;17;9;2015;10:00;7634;AV CARNEIRO DE MENDONCA;RUA MINAS GERAIS;;;;Colisão Transversal;Luz do Dia;Bom;Seca;Cruz;Pare;Residencial;0;1;1;1;0;0;0;0;0;1;0;0;-38,569200;-3,762798;;;
256884;17;9;2015;08:15;0;AV WENEFRIDO MELO;;;290;;Colisão Lateral;Luz do Dia;Bom;Seca;Meio de Quadra;Não Há Controle;Residencial;0;0;2;1;0;0;1;0;0;0;0;0;-38,576614;-3,810045;;;
271226;17;9;2015;09:15;0;AV GOV RAUL BARBOSA;;;5860;;Colisão;Luz do Dia;;;Meio de Quadra;;;0;0;2;0;0;0;0;0;0;0;0;0;-38,510274;-3,769302;;;
266204;17;9;2015;19:30;0;AV WASHINGTON SOARES;;;909;SHOPPING SALINAS;Colisão;;;;Meio de Quadra;;;0;1;0;1;0;0;0;0;0;1;0;0;-38,482824;-3,762147;;;
256934;17;9;2015;16:40;0;RUA EUDES CARDOSO;;;20;;Colisão Frontal;Luz do Dia;Bom;Seca;Meio de Quadra;Não Há Controle;Residencial;0;0;2;1;0;0;0;0;0;0;0;0;-38,493274;-3,825382;;;