COD_ACIDENTE;DIA;MES;ANO;HORA;INTERSECAO;LOG1;LOG2;LOG3;NUMERO;REFERENCIA;NATUREZA;ILUMINACAO;TEMPO;SUPERFICIEPISTA;TIPOCRUZAMENTO;CONTROLETRAFEGO;USOSOLO;MORTOS;FERIDOS;ILESOS;AUTOMOVEL;ONIBUS;BICICLETA;CAMINHAO;MICROONIBUS;CICLOMOTOR;MOTOCICLETA;TRACAOANIMAL;TREM;LONG;LAT;;;
256898;17;9;2015;10:30;15145;AV HIS RAIMUNDO GIRAO;AV BAR STUDART;;;;Colisão Transversal;Luz do Dia;Bom;Seca;Cruz;Semáforo;Residencial;0;0;2;1;0;0;0;0;0;1;0;0;-38,503367;-3,724494;;;
256927;17;9;2015;10:00;16258;RUA UM (MONDUBIM);RUA DAS PALMAS;;;;Colisão Traseira;Luz do Dia;Bom;Seca;T;Pare;Residencial;0;0;2;1;0;0;0;1;0;0;0;0;-38,578922;-3,832796;;;
256921;17;9;2015;11:30;10659;RUA GONTRAN GIFFONI;RUA JOR CESAR MAGALHAES;;;;Colisão Lateral;Luz do Dia;Bom;Seca;Cruz;Pare;Residencial;0;0;2;1;0;0;0;0;0;0;0;0;-38,489127;-3,769449;;;
256930;17;9;2015;14:00;0;RUA MELO CESAR;;;521;;Colisão Frontal;Luz do Dia;Bom;Seca;Meio de Quadra;Não Há Controle;Residencial;0;0;2;1;0;0;0;0;0;0;0;0;-38,504041;-3,795193;;;
256939;17;9;2015;17:40;0;AV ALBERTO CRAVEIRO;;;1480;;Engavetamento;Via Iluminada;Bom;Seca;Meio de Quadra;Semáforo;Residencial;0;1;5;1;0;0;0;0;0;1;0;0;-38,517613;-3,793148;;;
256946;17;9;2015;15:00;15807;RUA CEL DIONISIO ALENCAR;RUA PERGENTINO MAIA;;;;Colisão Transversal;Luz do Dia;Bom;Seca;Cruz;Pare;Comercial;0;0;2;1;0;0;1;0;0;0;0;0;-38,487711;-3,831561;;;
256952;17;9;2015;16:00;9170;AV EDUARDO GIRAO;RUA GAL SILVA JUNIOR;;;;Colisão Lateral;Luz do Dia;Bom;Seca;Cruz;Semáforo;Comercial;0;1;1;1;0;0;0;0;0;1;0;0;-38,530785;-3,754309;;;
256949;17;9;2015;16:20;26077;AV JOSE JATAHY;AV DUQ CAXIAS;;;;Colisão Transversal;Luz do Dia;Bom;Seca;T;Pare;Residencial;0;1;1;1;0;0;0;0;0;1;0;0;;;;;
256954;17;9;2015;17:30;9115;RUA DR ALFREDO WEYNE D14;RUA GAL SILVA JUNIOR;;;;Colisão Lateral;Via Iluminada;Bom;Seca;Cruz;Pare;Outros;0;0;2;1;0;0;0;0;0;0;0;0;-38,532116;-3,755893;;;
256886;17;9;2015;15:30;0;RUA IGUATU;;;331;;Outros;Via Iluminada;Bom;Seca;Meio de Quadra;Não Há Controle;Residencial;0;1;1;1;0;0;0;0;0;1;0;0;-38,577302;-3,754629;;;
256890;17;9;2015;21:50;8949;AV BEZERRA DE MENEZES;RUA JUSTINIANO DE SERPA;;;;Outros;Via Iluminada;Bom;Seca;Cruz;Semáforo Intermitente;Comercial;0;1;1;1;0;0;0;0;0;0;0;0;-38,542857;-3,731156;;;
256891;17;9;2015;09:30;25346;AV OLIVEIRA PAIVA;RUA LUIS GIRAO;;;;Colisão Lateral;Luz do Dia;Bom;Seca;T;Não Há Controle;Comercial;0;1;2;1;0;1;0;0;0;1;0;0;-38,481549;-3,795862;;;
256896;17;9;2015;06:50;5279;RUA COSTA BARROS;RUA NOGUEIRA ACIOLI;;;;Colisão Transversal;Luz do Dia;Bom;Seca;Cruz;Pare;Residencial;0;1;1;1;0;0;0;0;0;1;0;0;-38,516481;-3,728753;;;
256915;17;9;2015;07:50;6750;RUA VILEBALDO AGUIAR;RUA BATISTA DE OLIVEIRA;;;;Colisão Traseira;Luz do Dia;Bom;Seca;Cruz;Não Há Controle;Residencial;0;0;2;1;0;0;0;0;0;0;0;0;-38,480134;-3,743019;;;
256910;17;9;2015;19:00;23433;RUA MON SALAZAR;RUA PRO CARVALHO;;;;Colisão Lateral;Via Iluminada;Bom;Seca;Cruz;Pare;Residencial;0;2;0;0;0;0;0;0;0;1;0;0;-38,514308;-3,756146;;;
256906;17;9;2015;17:29;0;RUA METON DE ALENCAR;;;1729;;Colisão Lateral;Luz do Dia;Bom;Seca;Meio de Quadra;Não Há Controle;Comercial;0;0;2;1;0;0;0;0;0;0;0;0;-38,538923;-3,730965;;;
256902;17;9;2015;19:35;0;RUA SOLON PINHEIRO;;;234;;Atropelamento;Via Iluminada;Bom;Seca;Meio de Quadra;Semáforo;Comercial;0;1;1;0;1;0;0;0;0;0;0;0;-38,527006;-3,732627;;;
256900;17;9;2015;09:00;7950;AV PONTES VIEIRA;RUA ISAC AMARAL;;;;Colisão Traseira;Luz do Dia;Bom;Seca;Cruz;Semáforo;Comercial;0;0;3;1;0;0;0;0;0;0;0;0;-38,507398;-3,752014;;;
259601;17;9;2015;06:50;0;RD CE-040;;;;KM-08;Colisão;Luz do Dia;Bom;Seca;Meio de Quadra;;Comercial;0;1;1;1;0;0;0;0;0;1;0;0;-38,481317;-3,823332;;;
259602;17;9;2015;13:30;0;RD CE-040;;;;KM-06;Colisão;Luz do Dia;Bom;Seca;Meio de Quadra;;Comercial;0;0;2;1;0;0;1;0;0;0;0;0;-38,478781;-3,811270;;;
259280;17;9;2015;16:30;0;RD BR 222;;;;KM-01;Colisão Traseira;Luz do Dia;Bom;Seca;Meio de Quadra;Não Há Controle;Comercial;0;1;3;0;1;0;0;0;0;0;0;0;-38,577952;-3,737774;;;
266758;17;9;2015;04:02;12762;RUA JORGE DUMAR;AV BORGES DE MELO;;;;Colisão;;;;Cruz;Semáforo;Comercial;0;1;0;0;0;0;0;0;0;0;0;0;-38,539369;-3,752695;;;
266759;17;9;2015;05:04;0;RUA TEODOMIRO DE CASTRO;;;;;Colisão;Amanhecer;;;Meio de Quadra;;;0;1;0;1;0;0;0;0;0;1;0;0;;;;;
266760;17;9;2015;06:28;9124;AV VIS RIO BRANCO;RUA MON SALAZAR;;;;Colisão;Luz do Dia;;;Cruz;Semáforo;Residencial;0;1;0;1;0;0;0;0;0;1;0;0;-38,519870;-3,756701;;;
266763;17;9;2015;07:02;0;AV OLIVEIRA PAIVA;;;2939;;Atropelamento;Luz do Dia;;;Meio de Quadra;;;0;1;0;0;0;0;0;0;0;1;0;0;-38,481169;-3,795829;;;
266765;17;9;2015;08:00;0;RUA MANUEL CRUZ DE LIMA;;;;;Colisão;Luz do Dia;;;Meio de Quadra;;;0;1;0;1;0;0;0;0;0;1;0;0;;;;;
266766;17;9;2015;08:13;0;AV JOAO PESSOA;;;6933;;Colisão;Luz do Dia;;;Meio de Quadra;;;0;1;0;1;0;0;0;0;0;1;0;0;-38,561088;-3,770339;;;
266768;17;9;2015;10:48;15145;AV BAR STUDART;AV HIS RAIMUNDO GIRAO;;;;Colisão;Luz do Dia;;;Cruz;Semáforo;Residencial;0;1;0;1;0;0;0;0;0;1;0;0;-38,503367;-3,724494;;;
266775;17;9;2015;17:10;11943;AV PRS COSTA E SILVA;RUA 111 CJ SAO CRISTOVAO;;;;Colisão;Anoitecer;;;;;;0;1;0;0;0;0;0;0;0;0;0;0;;;;;
266777;17;9;2015;18:27;0;RUA PRO COSTA MENDES;;;439;;Colisão;Anoitecer;;;Meio de Quadra;;;0;1;0;1;0;0;0;0;0;1;0;0;-38,545014;-3,756316;;;
266770;17;9;2015;11:45;5709;AV OLIVEIRA PAIVA;AV DES GONZAGA;;;;Colisão;Luz do Dia;;;Cruz;Semáforo;Lazer;0;1;0;1;0;0;0;0;0;1;0;0;-38,499953;-3,797165;;;
266771;17;9;2015;14:30;0;AV FRANCISCO SA;;;;;Colisão;Luz do Dia;;;Meio de Quadra;;;0;1;0;0;0;0;0;0;0;0;0;0;;;;;
266788;17;9;2015;23:13;0;AV MON AMARILIO RODRIGUES;;;886;;Colisão;;;;Meio de Quadra;;;0;1;0;1;0;0;0;0;0;1;0;0;-38,522387;-3,835182;;;
266781;17;9;2015;18:46;0;AV DUQ CAXIAS;;;234;;Atropelamento;;;;Meio de Quadra;;;0;1;0;0;0;0;0;0;0;0;0;0;;;;;
266783;17;9;2015;21:01;0;RUA MIGUEL GURGEL;;;;;Colisão;;;;Meio de Quadra;;;0;1;0;0;0;0;0;0;0;1;0;0;;;;;
266785;17;9;2015;21:57;0;RUA STA INES D20;;;1467;;Atropelamento;;;;Meio de Quadra;;;0;1;0;0;0;0;0;0;0;0;0;0;-38,559689;-3,707574;;;
266789;18;9;2015;05:47;12892;AV DOMINGOS OLIMPIO;RUA BAR RIO BRANCO;;;;Queda;Amanhecer;;;Cruz;Semáforo;Comercial;0;1;0;0;0;0;0;0;0;1;0;0;-38,531494;-3,736579;;;
264962;18;9;2015;18:15;0;AV SEN CARLOS JEREISSATI (AEROPORTO);;;;;Colisão;Anoitecer;;;Meio de Quadra;;;0;0;2;1;0;0;0;0;0;1;0;0;;;;;
259241;18;9;2015;07:40;0;RD BR 116;;;6000;KM-06;Colisão Lateral;Luz do Dia;Bom;Seca;Meio de Quadra;Não Há Controle;Comercial;0;0;2;1;0;0;0;0;0;0;0;0;-38,503053;-3,804691;;;
259603;18;9;2015;07:00;0;AV SEN CARLOS JEREISSATI (AEROPORTO);;;545;;Colisão;Luz do Dia;Bom;Seca;Meio de Quadra;;Comercial;0;2;1;1;0;0;0;0;0;1;0;0;;;;;
259604;18;9;2015;07:30;0;RD CE-040;;;;KM-04;Colisão;Luz do Dia;Bom;Seca;Meio de Quadra;;Comercial;0;0;2;1;1;0;0;0;0;0;0;0;-38,480251;-3,792050;;;
259605;18;9;2015;12:30;0;AV SEN CARLOS JEREISSATI (AEROPORTO);;;;KM 02;Colisão;Luz do Dia;Bom;Seca;Meio de Quadra;;Comercial;0;0;2;1;0;0;0;0;0;0;0;0;-38,529156;-3,783932;;;
259606;18;9;2015;15:00;0;RD CE-060;;;;KM-03;Colisão;Luz do Dia;Bom;Seca;Meio de Quadra;;Comercial;0;0;2;0;1;0;0;0;0;0;0;0;-38,582776;-3,836637;;;
259607;18;9;2015;18:36;0;RD CE-040;;;;KM-05;Colisão;Via Iluminada;Bom;Seca;Meio de Quadra;;Comercial;0;1;1;1;0;0;0;0;0;1;0;0;-38,480349;-3,790876;;;
259608;18;9;2015;22:30;0;AV WASHINGTON SOARES;;;500;;Atropelamento;Via Iluminada;Bom;Seca;Meio de Quadra;;Comercial;0;1;1;1;0;0;0;0;0;0;0;0;;;;;
256903;18;9;2015;19:40;0;AV TRISTAO GONCALVES;;;1074;;Atropelamento;;Bom;Seca;Meio de Quadra;;Comercial;0;0;2;0;0;0;0;0;0;1;0;0;-38,534419;-3,731137;;;
256907;18;9;2015;11:40;9225;RUA MIN JOAQUIM BASTOS D14;RUA PDE LEOPOLDO FERNANDES;;;;Colisão Traseira;Luz do Dia;Bom;Seca;Cruz;Pare;Residencial;0;1;1;0;0;0;0;0;0;1;0;0;-38,529987;-3,752255;;;
256905;18;9;2015;21:45;0;AV BEZERRA DE MENEZES;;;1819;;Colisão Traseira;Via Iluminada;Bom;Seca;Meio de Quadra;Não Há Controle;Comercial;0;0;3;1;0;0;0;0;0;0;0;0;-38,561839;-3,735122;;;
256913;18;9;2015;11:10;0;RUA BARBOSA DE FREITAS;;;971;;Colisão Lateral;Luz do Dia;Bom;Seca;Meio de Quadra;Não Há Controle;Comercial;0;0;2;1;0;0;0;0;0;0;0;0;-38,496584;-3,734150;;;
256914;18;9;2015;18:10;0;AV AGUANAMBI;;;358;;Colisão Traseira;Via Iluminada;Bom;Seca;Meio de Quadra;Semáforo;Comercial;0;0;2;1;0;0;0;0;0;0;0;0;-38,524995;-3,740220;;;
256916;18;9;2015;21:00;1743;RUA CAP ARAGAO;RUA TEN BARBOSA D46;;;;Colisão Traseira;Via Iluminada;Bom;Seca;Cruz;Pare;Residencial;0;0;2;1;0;0;0;0;0;0;0;0;-38,512040;-3,764730;;;
256917;18;9;2015;03:16;0;RUA CARLOS JUACABA;;;;;Choque c/ Obstáculo Fixo;Via Iluminada;Bom;Seca;Meio de Quadra;Pare;Residencial;0;0;1;1;0;0;0;0;0;0;0;0;;;;;
256919;18;9;2015;15:20;0;AV RECREIO D64;;;840;;Colisão Lateral;Luz do Dia;Bom;Seca;Meio de Quadra;Não Há Controle;Residencial;0;0;2;1;0;0;0;0;0;0;0;0;-38,449597;-3,813186;;;
256920;18;9;2015;18:20;1743;RUA CAP ARAGAO;RUA TEN BARBOSA D46;;;;Colisão Frontal;Anoitecer;Bom;Seca;Cruz;Pare;Residencial;0;2;1;1;0;0;0;0;0;0;0;0;-38,512040;-3,764730;;;
256897;18;9;2015;17:00;583;AV FRANCISCO SA;RUA ANA FACO;;;;Colisão Lateral;Anoitecer;Bom;Seca;Cruz;Pare;Misto;0;0;2;1;1;0;0;0;0;0;0;0;-38,561096;-3,716149;;;
256895;18;9;2015;05:55;5086;RUA SAO PAULO;RUA PDE MORORO;;;;Colisão Transversal;Amanhecer;Bom;Seca;Cruz;Semáforo;Misto;0;0;2;1;0;0;0;0;0;1;0;0;-38,536741;-3,722996;;;
256892;18;9;2015;22:00;0;AV DEP PAULINO ROCHA;;;3131;;Colisão Lateral;;Bom;Seca;Meio de Quadra;Outros;Residencial;0;2;1;1;0;0;0;0;0;1;0;0;-38,523807;-3,808405;;;
256888;18;9;2015;06:30;10955;RUA ALM RUBIM;RUA LIVINO DE CARVALHO;;;;Colisão Transversal;Luz do Dia;Bom;Seca;T;Pare;Comercial;0;2;0;0;0;0;0;0;0;1;0;0;-38,556880;-3,771576;;;
256885;18;9;2015;08:15;10994;RUA CESAR ROSSAS;RUA ALM RUBIM;;;;Colisão Traseira;Luz do Dia;Bom;Seca;Y;Pare;Comercial;0;0;2;1;1;0;0;0;0;0;0;0;-38,556190;-3,769567;;;
256956;18;9;2015;18:09;0;AV GODOFREDO MACIEL;;;2525;;Colisão Lateral;Anoitecer;Bom;Seca;Meio de Quadra;Não Há Controle;Comercial;0;0;2;0;1;0;0;0;0;0;0;0;-38,570061;-3,796928;;;
256959;18;9;2015;10:00;22940;RUA BERNARDO MANUEL;RUA JAPI;;;;Colisão;Luz do Dia;Bom;Seca;Cruz;Pare;Comercial;0;1;1;0;0;0;1;0;0;1;0;0;-38,546927;-3,784073;;;
256968;18;9;2015;12:40;0;AV ALBERTO CRAVEIRO;;;2571;;Colisão Traseira;Luz do Dia;Bom;Seca;Meio de Quadra;Não Há Controle;Residencial;0;0;2;1;0;0;1;0;0;0;0;0;-38,521176;-3,802757;;;
256965;18;9;2015;14:20;11932;AV PRS COSTA E SILVA;AV CASTELO DE CASTRO;;;;Colisão Lateral;Luz do Dia;Bom;Seca;Cruz;Semáforo;Misto;0;0;2;1;0;0;0;0;0;1;0;0;-38,521435;-3,829012;;;
256970;18;9;2015;12:20;0;AV ALBERTO CRAVEIRO;;;2053;;Colisão Traseira;Luz do Dia;Bom;Seca;Meio de Quadra;Não Há Controle;Residencial;0;0;2;1;0;0;0;0;0;0;0;0;-38,518754;-3,798579;;;
256953;18;9;2015;07:40;0;AV DUQ CAXIAS;;;1303;;Colisão Traseira;Luz do Dia;Bom;Seca;Meio de Quadra;Outros;Comercial;0;0;2;0;1;0;0;0;0;1;0;0;-38,535478;-3,729988;;;
256948;18;9;2015;18:50;0;RUA CAP ARAGAO;;;361;;Atropelamento;Via Iluminada;Bom;Seca;Meio de Quadra;Não Há Controle;Residencial;0;1;1;0;0;0;0;0;0;1;0;0;-38,514729;-3,765158;;;
256938;18;9;2015;11:00;15804;RUA PERGENTINO MAIA;RUA ANTONINO BARROS;;;;Colisão Lateral;Luz do Dia;Bom;;Cruz;Pare;Comercial;0;0;2;0;1;0;0;0;0;1;0;0;-38,488977;-3,831390;;;
256945;18;9;2015;14:50;13394;AV ANTONIO SALES;RUA ANTONIO AUGUSTO;;;;Colisão Transversal;Luz do Dia;Bom;Seca;Cruz;Não Há Controle;Comercial;0;1;1;1;0;1;0;0;0;0;0;0;-38,517005;-3,740913;;;
256942;18;9;2015;06:00;25127;AV ENG HUMBERTO MONTE;RUA BOLIVIA;;;;Colisão Lateral;Luz do Dia;Bom;Seca;Cruz;Pare;Comercial;0;1;1;0;0;0;0;0;0;1;0;0;-38,564826;-3,743796;;;
256922;18;9;2015;20:00;0;RUA CAP HERMINIO;;;135;;Colisão Lateral;Via Iluminada;Bom;Seca;Meio de Quadra;Não Há Controle;Residencial;0;0;2;0;0;0;1;0;0;0;0;0;;;;;
256923;18;9;2015;05:30;0;AV PRS CASTELO BRANCO;;;2345;;Colisão Traseira;Amanhecer;Bom;Seca;Meio de Quadra;Semáforo;Comercial;0;0;1;1;0;0;0;0;0;1;0;0;-38,548800;-3,713650;;;
256924;18;9;2015;17:30;1282;AV BAR STUDART;AV SANTOS DUMONT;;;;Colisão Lateral;Anoitecer;Bom;Seca;Cruz;Semáforo;Comercial;0;0;2;1;0;0;0;0;0;1;0;0;-38,506304;-3,733642;;;
256926;18;9;2015;19:00;7812;RUA JULIO SIQUEIRA;RUA JOAQUIM NABUCO;;;;Colisão Transversal;Via Iluminada;Bom;Seca;Cruz;Pare;Residencial;0;1;1;0;0;0;0;0;0;1;0;0;-38,506154;-3,750442;;;
256936;18;9;2015;09:00;0;RUA EDUARDO PORTO;;;55;;Colisão Lateral;Luz do Dia;Bom;Seca;Meio de Quadra;Não Há Controle;Comercial;0;0;2;1;0;0;0;0;0;0;0;0;-38,495117;-3,832688;;;
256932;18;9;2015;06:20;12837;AV DOMINGOS OLIMPIO;RUA JAIME BENEVOLO;;;;Colisão Transversal;Luz do Dia;Bom;Seca;Cruz;Semáforo;Comercial;0;0;2;1;1;0;0;0;0;0;0;0;-38,527245;-3,737780;;;
256929;18;9;2015;17:15;1451;RUA ROCHA LIMA;RUA ANTONIO AUGUSTO;;;;Colisão Lateral;Anoitecer;Bom;Seca;Cruz;Pare;Residencial;0;1;1;1;0;0;0;0;0;1;0;0;-38,516207;-3,738344;;;
266207;18;9;2015;10:15;10740;RUA PORTO ALEGRE;RUA AUDISIO PINHEIRO;;;;Colisão;Luz do Dia;;;Cruz;Pare;Residencial;0;1;0;1;0;0;0;0;0;1;0;0;-38,589942;-3,760602;;;
271240;18;9;2015;10:10;0;AV PRS CASTELO BRANCO;;;5288;;Colisão;Luz do Dia;;;Meio de Quadra;;;0;0;2;0;0;0;0;0;0;0;0;0;-38,578258;-3,704485;;;
271241;18;9;2015;10:35;0;RUA EMILIO DE MENESES;;;216;;Colisão;Luz do Dia;;;Meio de Quadra;;;0;0;2;0;0;0;0;0;0;0;0;0;;;;;
271244;18;9;2015;17:16;0;AV PRS CASTELO BRANCO;;;3228;;Colisão;Anoitecer;;;Meio de Quadra;;;0;0;2;0;0;0;0;0;0;0;0;0;-38,559787;-3,710856;;;
271245;18;9;2015;17:30;0;RUA JOSE AVELINO;;;571;;Colisão;Anoitecer;;;Meio de Quadra;;;0;0;2;0;0;0;0;0;0;0;0;0;-38,518036;-3,722472;;;
271232;18;9;2015;07:55;0;RUA NEWTON CRAVEIRO;;;107;;Colisão;Luz do Dia;;;Meio de Quadra;;;0;0;2;0;0;0;0;0;0;0;0;0;;;;;
271254;18;9;2015;17:43;0;RUA BAR CRATO;;;1349;;Colisão;Anoitecer;;;Meio de Quadra;;;0;0;2;0;0;0;0;0;0;0;0;0;-38,561270;-3,721694;;;
271256;18;9;2015;21:45;0;AV WASHINGTON LUIS;;;343;;Colisão;;;;Meio de Quadra;;;0;0;2;0;0;0;0;0;0;0;0;0;-38,591903;-3,716836;;;
271258;18;9;2015;22:39;0;RUA LUIZA MIRANDA COELHO;;;;;Colisão;;;;Meio de Quadra;;;0;0;2;0;0;0;0;0;0;0;0;0;;;;;
256878;18;9;2015;02:00;0;RUA PAULO MORAIS;;;333;;Choque c/ Obstáculo Fixo;Via Iluminada;Bom;Seca;Meio de Quadra;Não Há Controle;Comercial;0;0;1;1;0;0;0;0;0;0;0;0;-38,481226;-3,736059;;;
256881;18;9;2015;19:00;0;AV BEIRA MAR;;;3080;;Colisão Traseira;Via Iluminada;Bom;Seca;Meio de Quadra;;Misto;0;0;2;1;0;0;0;0;0;0;0;0;-38,493390;-3,725881;;;
266823;18;9;2015;13:07;0;RUA BARRA MANSA;;;52;;Colisão;Luz do Dia;;;Meio de Quadra;;;0;1;0;1;0;0;0;0;0;1;0;0;;;;;
266810;18;9;2015;10:25;0;AV JOR THOMAZ COELHO;;;;;Colisão;Luz do Dia;;;Meio de Quadra;;;0;1;0;1;0;0;0;0;0;1;0;0;;;;;
266805;18;9;2015;09:37;0;RUA BERNARDO MANUEL;;;;;Colisão;Luz do Dia;;;Meio de Quadra;;;0;1;0;0;0;0;1;0;0;1;0;0;-38,547018;-3,784378;;;
266806;18;9;2015;09:44;0;AV PRS CASTELO BRANCO;;;2546;;Colisão;Luz do Dia;;;Meio de Quadra;;;0;1;0;1;0;0;0;0;0;1;0;0;-38,550734;-3,713068;;;
266841;18;9;2015;18:36;0;AV WASHINGTON SOARES;;;4700;;Colisão;;;;Meio de Quadra;;;0;1;0;1;0;0;0;0;0;1;0;0;-38,479664;-3,799354;;;
266842;18;9;2015;19:18;0;RUA PDE PEDRO DE ALENCAR;;;2201;;Colisão;;;;Meio de Quadra;;;0;1;0;1;0;0;0;0;0;1;0;0;-38,494799;-3,848292;;;
266843;18;9;2015;19:47;65;RUA MARTINS NETO;RUA HUGO VITOR;;;;Colisão;;;;Cruz;Pare;Misto;0;1;0;1;0;0;0;0;0;1;0;0;-38,591458;-3,740726;;;
266844;18;9;2015;20:06;0;AV LINEU MACHADO;;;840;;Colisão;;;;Meio de Quadra;;;0;1;0;1;0;0;0;0;0;1;0;0;-38,577722;-3,767479;;;
266845;18;9;2015;21:33;0;AV FRANCISCO SA;;;;;Colisão;;;;Meio de Quadra;;;0;1;0;1;0;0;0;0;0;1;0;0;;;;;
266830;18;9;2015;15:34;5340;AV DUQ CAXIAS;RUA VINTE E QUATRO DE MAIO;;;;Colisão;Luz do Dia;;;Cruz;Semáforo;Comercial;0;1;0;1;0;0;0;0;0;1;0;0;-38,533230;-3,730708;;;
266825;18;9;2015;14:18;0;AV GAL OSORIO DE PAIVA;;;2461;;Colisão;Luz do Dia;;;Meio de Quadra;;;0;1;0;1;0;0;0;0;0;1;0;0;-38,584193;-3,786846;;;
266812;18;9;2015;11:50;0;AV BAR STUDART;;;2773;;Atropelamento;Luz do Dia;;;Meio de Quadra;;;0;1;1;0;1;0;0;0;0;0;0;0;-38,510954;-3,748225;;;
266833;18;9;2015;15:58;25041;RUA BAR AQUIRAZ;RUA JOSE HIPOLITO;;;;Colisão;Luz do Dia;;;Cruz;Semáforo;Comercial;0;1;0;1;0;0;0;0;0;1;0;0;-38,489933;-3,833725;;;
266848;18;9;2015;22:21;0;RUA CON DE CASTRO;;;1230;;Colisão;;;;Meio de Quadra;;;0;1;0;1;0;0;0;0;0;1;0;0;-38,571728;-3,783157;;;
266850;19;9;2015;01:12;0;AV DR SILAS MUNGUBA;;;2201;;Colisão;;;;Meio de Quadra;;;0;1;1;0;0;0;0;0;0;1;0;0;-38,551425;-3,785729;;;
266888;19;9;2015;08:27;0;AV ALBERTO CRAVEIRO;;;2511;;Colisão;Luz do Dia;;;Meio de Quadra;;;0;1;0;1;0;0;0;0;0;1;0;0;-38,520796;-3,802281;;;
266852;19;9;2015;01:30;0;RUA EDUARDO PERDIGAO;;;;;Colisão;;;;Meio de Quadra;;;0;1;1;0;0;0;1;0;0;1;0;0;;;;;
266853;19;9;2015;06:11;25227;AV I CJ CEARA;AV A CJ CEARA;;;;Queda;Luz do Dia;;;;;;0;1;0;0;0;0;0;0;0;1;0;0;-38,601152;-3,766922;;;
266896;19;9;2015;08:57;3820;AV CARAPINIMA;AV 13 DE MAIO;;;;Colisão;Luz do Dia;;;Cruz;Semáforo;Comercial;0;1;0;1;0;0;0;0;0;1;0;0;-38,540239;-3,740001;;;
266897;19;9;2015;09:02;0;AV MOZART PINHEIRO DE LUCENA;;;;;Colisão;Luz do Dia;;;Meio de Quadra;;;0;1;0;1;0;0;0;0;0;1;0;0;;;;;
266899;19;9;2015;13:24;0;RUA BAR RIO BRANCO;;;2669;;Atropelamento;Luz do Dia;;;Meio de Quadra;;;0;1;0;0;0;0;0;0;0;0;0;0;-38,533065;-3,741512;;;
266900;19;9;2015;13:56;0;AV PRS CASTELO BRANCO;;;224;;Colisão;Luz do Dia;;;Meio de Quadra;;;0;1;0;1;0;0;0;0;0;1;0;0;;;;;
266902;19;9;2015;14:23;0;AV LINEU MACHADO;;;;;Colisão;Luz do Dia;;;;;;0;1;1;1;0;0;0;0;0;1;0;0;;;;;
266903;19;9;2015;15:11;0;RUA PDE PEDRO DE ALENCAR;;;137;;Atropelamento;Luz do Dia;;;Meio de Quadra;;;0;1;0;0;1;0;0;0;0;0;0;0;-38,493622;-3,828830;;;
266915;19;9;2015;19:08;0;AV ROGACIANO LEITE;;;1756;;Colisão;;;;Meio de Quadra;;;0;1;0;1;0;0;0;0;0;1;0;0;-38,497874;-3,769971;;;
266908;19;9;2015;15:36;0;AV JOR THOMAZ COELHO;;;3435;;Atropelamento;Luz do Dia;;;Meio de Quadra;;;0;1;0;0;1;0;0;0;0;0;0;0;-38,527266;-3,829474;;;
266936;19;9;2015;21:38;0;RUA ANTONIO DIVINO;;;302;;Queda;;;;Meio de Quadra;;;0;1;0;0;0;0;0;0;0;1;0;0;-38,561987;-3,805240;;;
266937;19;9;2015;21:49;0;AV G CJ CEARA;;;61;;Queda;;;;Meio de Quadra;;;0;1;0;0;0;0;0;0;0;1;0;0;-38,613328;-3,770394;;;
266927;19;9;2015;20:32;5060;RUA CASTRO E SILVA;AV IMPERADOR;;;;Colisão;;;;Cruz;Semáforo;Comercial;0;1;0;0;0;0;0;0;0;0;0;0;-38,532916;-3,722013;;;
266921;19;9;2015;20:12;0;RUA JULIO SILVA;;;440;;Colisão;;;;Meio de Quadra;;;0;1;0;0;0;0;0;0;0;0;0;0;;;;;
266910;19;9;2015;16:12;0;AV OLIVEIRA PAIVA;;;;;Atropelamento;Luz do Dia;;;Meio de Quadra;;;0;1;0;0;0;0;0;0;0;1;0;0;;;;;
266945;19;9;2015;23:10;0;RUA VIA FERREA;;;2598;;Queda;;;;Meio de Quadra;;;0;1;0;0;0;0;0;0;0;1;0;0;-38,558753;-3,718573;;;
266946;19;9;2015;23:55;0;AV PERIMETRAL;;;514;;Queda;;;;Meio de Quadra;;;0;1;0;0;0;0;0;0;0;1;0;0;;;;;
266941;19;9;2015;22:43;21267;RUA NOSSA SRA DAS GRACAS;RUA STA ROSA D20/21 (JACARECANGA);;;;Colisão;;;;Cruz;Não Há Controle;Residencial;0;1;1;0;0;0;0;0;0;0;0;0;-38,552963;-3,710282;;;
266942;19;9;2015;23:06;0;AV PRS COSTA E SILVA;;;;;Atropelamento;;;;Meio de Quadra;;;0;1;0;1;0;0;0;0;0;0;0;0;;;;;
266885;19;9;2015;07:46;0;RUA COSME JERONIMO;;;1320;;Queda;Luz do Dia;;;Meio de Quadra;;;0;1;0;0;0;0;0;0;0;1;0;0;;;;;
266932;19;9;2015;20:47;0;AV D CJ CEARA;;;1451;;Queda;;;;Meio de Quadra;;;0;1;0;0;0;0;0;0;0;1;0;0;-38,601878;-3,764868;;;