COD_ACIDENTE;DIA;MES;ANO;HORA;INTERSECAO;LOG1;LOG2;LOG3;NUMERO;REFERENCIA;NATUREZA;ILUMINACAO;TEMPO;SUPERFICIEPISTA;TIPOCRUZAMENTO;CONTROLETRAFEGO;USOSOLO;MORTOS;FERIDOS;ILESOS;AUTOMOVEL;ONIBUS;BICICLETA;CAMINHAO;MICROONIBUS;CICLOMOTOR;MOTOCICLETA;TRACAOANIMAL;TREM;LONG;LAT;;;
271267;19;9;2015;01:22;1566;RUA PDE VALDEVINO;RUA SILVA PAULET;;;;Colisão;;;;Cruz;Pare;Comercial;0;0;2;0;0;0;0;0;0;0;0;0;-38,507851;-3,741957;;;
271273;19;9;2015;15:40;0;AV MOZART PINHEIRO DE LUCENA;;;1980;;Colisão;Luz do Dia;;;Meio de Quadra;;;0;0;2;0;0;0;0;0;0;0;0;0;-38,596117;-3,719755;;;
271275;19;9;2015;15:42;8631;AV EDILSON B SOARES;RUA ERNESTO MONTEIRO;;;;Colisão;Luz do Dia;;;Cruz;Pare;Comercial;0;0;2;0;0;0;0;0;0;0;0;0;-38,471126;-3,788645;;;
271281;19;9;2015;19:37;0;AV CASTELO DE CASTRO;;;1233;;Atropelamento;;;;Meio de Quadra;;;0;0;2;0;0;0;0;0;0;0;0;0;;;;;
271285;19;9;2015;19:48;3189;RUA CARLOS CHAGAS;RUA JOSE ARISTOTELES GONDIM;;;;Colisão;;;;Cruz;Pare;Residencial;0;0;2;0;0;0;0;0;0;0;0;0;-38,585335;-3,780113;;;
271288;19;9;2015;19:51;12508;AV LINEU MACHADO;RUA ALUISIO AZEVEDO;;;;Colisão;;;;Cruz;Semáforo;Residencial;0;0;2;0;0;0;0;0;0;0;0;0;-38,579184;-3,770212;;;
271292;19;9;2015;20:32;0;AV SAO FRANCISCO UI 505;;;1231;;Colisão;;;;Meio de Quadra;;;0;0;2;0;0;0;0;0;0;0;0;0;;;;;
271293;19;9;2015;21:17;0;RUA BENTO ALBUQUERQUE;;;1450;;Colisão;;;;Meio de Quadra;;;0;0;2;0;0;0;0;0;0;0;0;0;-38,476883;-3,745776;;;
271297;19;9;2015;22:55;21331;RUA AZEVEDO BOLAO;RUA COREAU;;;;Colisão;;;;;;;0;0;2;0;0;0;0;0;0;0;0;0;-38,547576;-3,734579;;;
271298;19;9;2015;22:57;0;RUA DJALMA PETIT;;;375;;Colisão;;;;Meio de Quadra;;;0;0;2;0;0;0;0;0;0;0;0;0;-38,515020;-3,766038;;;
271299;19;9;2015;20:00;0;AV MIN JOSE AMERICO;;;;;Atropelamento;;;;Meio de Quadra;;;0;0;2;0;0;0;0;0;0;0;0;0;;;;;
256947;19;9;2015;14:51;0;AV ABOLICAO;;;3242;;Colisão Traseira;Luz do Dia;Bom;Seca;Meio de Quadra;Semáforo;Comercial;0;1;1;1;0;0;0;0;0;1;0;0;-38,490383;-3,726536;;;
256951;19;9;2015;16:40;0;AV GODOFREDO MACIEL;;;711;;Colisão Traseira;Via Iluminada;Bom;Seca;Meio de Quadra;Semáforo;Misto;0;0;4;1;0;0;0;0;0;0;0;0;-38,565593;-3,782461;;;
256973;19;9;2015;13:45;0;AV ALM HENRIQUE SABOIA;;;3753;;Colisão Lateral;Luz do Dia;Bom;Seca;Meio de Quadra;Outros;Outros;0;0;2;1;0;0;1;0;0;0;0;0;-38,488940;-3,742683;;;
256978;19;9;2015;08:30;24970;AV ALM HENRIQUE SABOIA;RUA VICENTE LEITE;;;;Colisão Traseira;Luz do Dia;Bom;Seca;Outros;Não Há Controle;;0;0;2;0;1;0;1;0;0;0;0;0;-38,499821;-3,752102;;;
256966;19;9;2015;08:00;9240;RUA DEP OSWALDO STUDART;RUA MARIO MAMEDE;;;;Colisão Transversal;Luz do Dia;Bom;Seca;Cruz;Semáforo;Residencial;0;0;2;1;0;0;0;0;0;0;0;0;-38,527367;-3,752752;;;
256967;19;9;2015;12:45;0;AV DUQ CAXIAS;;;1049;;Engavetamento;Luz do Dia;Bom;Seca;Meio de Quadra;Outros;Comercial;0;0;3;1;0;0;0;0;0;0;0;0;-38,533881;-3,730499;;;
256969;19;9;2015;10:05;0;RUA COSTA BARROS;;;;;Colisão Lateral;Luz do Dia;Bom;Seca;Meio de Quadra;;;0;0;2;1;0;0;0;0;0;0;0;0;;;;;
256962;19;9;2015;18:40;3894;AV EDUARDO GIRAO;RUA JULIO CESAR D12;;;;Colisão Transversal;Mal Iluminada;Bom;Seca;Cruz;Semáforo;Comercial;0;0;2;1;0;0;0;0;0;0;0;0;-38,540636;-3,747630;;;
256960;19;9;2015;14:00;5135;AV TRISTAO GONCALVES;RUA SAO PAULO;;;;Colisão Transversal;Luz do Dia;Bom;Seca;Cruz;Semáforo;Comercial;0;1;1;0;1;0;0;0;0;0;0;0;-38,532395;-3,724419;;;
256957;19;9;2015;13:00;25084;RUA BERNARDO MANUEL;AV BENJAMIM BRASIL;;;;Colisão Traseira;Luz do Dia;Bom;Seca;T;Semáforo;Comercial;0;0;2;1;0;0;0;0;0;0;0;0;-38,554874;-3,810060;;;
256955;19;9;2015;19:00;0;AV PRS COSTA E SILVA;;;104;;Colisão Traseira;;;;Meio de Quadra;;;0;1;1;1;1;0;0;0;0;0;0;0;-38,568532;-3,816133;;;
257037;19;9;2015;12:00;0;AV AGUANAMBI;;;;;Colisão Transversal;Luz do Dia;Bom;Seca;Meio de Quadra;Semáforo;Comercial;0;0;2;1;0;0;0;0;0;0;0;0;;;;;
257038;19;9;2015;13:30;3858;AV DA UNIVERSIDADE;RUA INSTITUTO DO CEARA;;;;Colisão Transversal;Luz do Dia;Bom;Seca;Cruz;Pare;;0;0;2;0;0;0;0;0;0;0;0;0;-38,536707;-3,738318;;;
257039;19;9;2015;18:30;5340;AV DUQ CAXIAS;RUA VINTE E QUATRO DE MAIO;;;;Colisão Lateral;Anoitecer;Bom;Seca;Cruz;Semáforo;Comercial;0;1;2;1;0;0;0;0;0;1;0;0;-38,533230;-3,730708;;;
257040;19;9;2015;14:10;0;AV FILOMENO GOMES;;;291;;Colisão Traseira;Luz do Dia;Bom;Seca;Meio de Quadra;Não Há Controle;Comercial;0;0;3;1;0;0;0;0;0;0;0;0;-38,541737;-3,717649;;;
257041;19;9;2015;15:35;5383;RUA MAJ FACUNDO;AV DUQ CAXIAS;;;;Colisão Transversal;Luz do Dia;Bom;Seca;Cruz;Semáforo;Comercial;0;0;2;1;0;0;0;0;0;0;0;0;-38,529285;-3,731981;;;
257031;19;9;2015;07:30;13534;AV SORIANO ALBUQUERQUE;RUA JOAO CORDEIRO;;;;Colisão Transversal;Luz do Dia;Bom;Seca;Cruz;Pare;Residencial;0;0;2;1;0;0;0;0;0;0;0;0;-38,519458;-3,747871;;;
257032;19;9;2015;15:00;0;AV FRE CIRILO;;;4340;;Colisão Traseira;Luz do Dia;Bom;Seca;Meio de Quadra;Outros;Comercial;0;0;2;1;0;0;0;0;0;0;0;0;-38,495294;-3,822182;;;
257029;19;9;2015;12:30;3880;RUA SEN POMPEU;RUA OLIVIO CAMARA;;;;Colisão Lateral Sentido Oposto;Luz do Dia;Bom;Seca;Cruz;Pare;Comercial;0;0;2;1;0;0;0;0;0;0;0;0;-38,532902;-3,737737;;;
257019;19;9;2015;18:30;0;RUA PDE PEDRO DE ALENCAR;;;;;Colisão Lateral;Via Iluminada;Bom;Seca;Meio de Quadra;Não Há Controle;Comercial;0;0;2;1;0;0;0;0;0;1;0;0;;;;;
257020;19;9;2015;09:30;26217;AV PRO JOSE ARTHUR CARVALHO;RUA BAR DE LUCENA D64;;;;Colisão Transversal;Luz do Dia;Bom;Seca;;;;0;1;1;1;0;0;0;0;0;1;0;0;-38,478733;-3,825587;;;
257023;19;9;2015;13:00;0;AV BEZERRA DE MENEZES;;;264;;Colisão Traseira;Luz do Dia;Bom;Seca;Meio de Quadra;Não Há Controle;Comercial;0;0;2;1;0;0;0;0;0;0;0;0;-38,547436;-3,732134;;;
257024;19;9;2015;06:10;0;AV GAL OSORIO DE PAIVA;;;759;;Colisão Traseira;Luz do Dia;Nublado;Seca;Meio de Quadra;Não Há Controle;Comercial;0;2;1;0;1;0;0;0;0;1;0;0;-38,569036;-3,777227;;;
257025;19;9;2015;20:00;6726;RUA DR GILBERTO STUDART;RUA JULIO AZEVEDO;;;;Colisão Transversal;Via Iluminada;Bom;Seca;Cruz;;Residencial;0;0;2;1;0;0;0;0;0;0;0;0;-38,482408;-3,743146;;;
257027;19;9;2015;11:00;15370;AV DOM LUIS;AV SEN VIRGILIO TAVORA;;;;Colisão Lateral;Luz do Dia;Bom;Seca;Cruz;Semáforo;Comercial;0;0;2;1;0;0;0;0;0;0;0;0;-38,492507;-3,734829;;;
257012;19;9;2015;08:20;15255;RUA TEN BENEVOLO;RUA MON BRUNO;;;;Colisão Transversal;Luz do Dia;Bom;Seca;Cruz;Pare;Comercial;0;0;2;1;1;0;0;0;0;0;0;0;-38,508124;-3,728332;;;
257013;19;9;2015;10:20;20112;RUA MENOR JERONIMO;RUA ANTONIO JURACY RICARTY;;;;Colisão Lateral;Luz do Dia;Bom;Molhada;Outros;Não Há Controle;Residencial;0;0;2;0;1;0;0;0;0;0;0;0;-38,541575;-3,809409;;;
257014;19;9;2015;19:15;13513;RUA CARLOS VASCONCELOS;RUA MARCONDES PEREIRA;;;;Colisão Lateral;Via Iluminada;Bom;Seca;Cruz;Pare;Residencial;0;2;0;1;0;0;0;0;0;0;0;0;-38,515232;-3,746548;;;
257015;19;9;2015;16:30;0;AV PRS CASTELO BRANCO;;;2770;;Outros;Luz do Dia;Bom;Seca;Meio de Quadra;Não Há Controle;Comercial;0;0;2;1;0;0;0;0;0;0;0;0;-38,552503;-3,712559;;;
259609;19;9;2015;18:00;0;RD CE-060;;;;KM-01;Colisão;Anoitecer;Bom;Seca;Meio de Quadra;;Comercial;0;2;0;1;0;0;0;0;0;1;0;0;-38,576995;-3,819537;;;
259243;19;9;2015;17:45;0;RD BR 116;;;3000;KM-03;Colisão Lateral;Anoitecer;Bom;Seca;Meio de Quadra;Não Há Controle;Comercial;0;0;2;1;0;0;0;1;0;0;0;0;-38,514372;-3,779838;;;
259244;20;9;2015;06:40;0;RD BR 116;;;6000;KM-06;Colisão;Luz do Dia;Bom;Seca;Meio de Quadra;Não Há Controle;Comercial;0;3;0;0;0;0;0;0;0;1;0;0;-38,503053;-3,804691;;;
257009;20;9;2015;12:00;9111;RUA DEP OSWALDO STUDART;AV EDUARDO GIRAO;;;;Colisão Traseira;Luz do Dia;Bom;Seca;Cruz;Outros;Comercial;0;0;2;1;0;0;0;0;0;0;0;0;-38,529775;-3,755323;;;
257003;20;9;2015;03:40;9127;AV 13 DE MAIO;RUA ASSUNCAO;;;;Choque c/ Obstáculo Fixo;Via Iluminada;Bom;Seca;T;Pare;Comercial;0;0;1;1;0;0;0;0;0;0;0;0;-38,532687;-3,746449;;;
257004;20;9;2015;07:20;15293;AV BAR STUDART;RUA TEN BENEVOLO;;;;Colisão Transversal;Luz do Dia;Bom;Seca;Cruz;Semáforo;Comercial;0;1;1;0;0;0;0;0;0;1;0;0;-38,504908;-3,729390;;;
257005;20;9;2015;09:10;1787;RUA PEDRO DE SOUZA;RUA HONORINA MAIA;;;;Colisão Transversal;Luz do Dia;Bom;Seca;Cruz;Pare;Comercial;0;1;1;1;0;0;0;0;0;1;0;0;-38,501717;-3,851997;;;
257000;20;9;2015;03:10;13521;AV RUI BARBOSA;RUA MARCONDES PEREIRA;;;;Colisão Traseira;Via Iluminada;Bom;Seca;T;Pare;Residencial;0;0;3;1;0;0;0;0;0;0;0;0;-38,513104;-3,747418;;;
256996;20;9;2015;06:40;0;RUA NEREU RAMOS;;;70;;Choque c/ Obstáculo Fixo;Amanhecer;Bom;Seca;Meio de Quadra;Semáforo Intermitente;Residencial;0;1;0;1;0;0;0;0;0;0;0;0;-38,567595;-3,786961;;;
256993;20;9;2015;21:30;0;RUA PORTO VELHO;;;1394;;Atropelamento;Via Iluminada;Bom;Seca;Meio de Quadra;Não Há Controle;Comercial;0;3;1;1;0;0;0;0;0;1;0;0;-38,591239;-3,763699;;;
256989;20;9;2015;19:00;14967;AV GODOFREDO MACIEL;RUA JULIO ALCIDES;;;;Colisão Transversal;Mal Iluminada;Bom;Seca;T;Outros;Comercial;0;1;1;1;0;1;0;0;0;0;0;0;-38,566785;-3,787856;;;
256961;20;9;2015;19:00;0;RUA JOAO CORDEIRO;;;933;;Outros;Via Iluminada;Bom;Seca;Meio de Quadra;Semáforo;Residencial;0;0;2;1;0;0;0;0;0;0;0;0;-38,513985;-3,728378;;;
256977;20;9;2015;22:30;0;AV ANTONIO SALES;;;145;;Colisão Lateral;Via Iluminada;Bom;Seca;Meio de Quadra;Não Há Controle;Comercial;0;0;2;1;0;0;0;0;0;0;0;0;-38,520963;-3,739661;;;
256974;20;9;2015;17:30;0;AV FRANCISCO SA;;;3945;;Colisão Lateral;Via Iluminada;Bom;Seca;Meio de Quadra;Não Há Controle;Comercial;0;0;2;1;0;0;0;0;0;0;0;0;-38,560125;-3,716470;;;
256987;20;9;2015;19:30;22873;RUA PRA HELOISA F LIMA;RUA CON LIMA SUCUPIRA;;;;Colisão Lateral;Via Iluminada;Bom;Seca;Cruz;Outros;Residencial;0;0;2;1;0;0;0;0;0;0;0;0;-38,543709;-3,780552;;;
256985;20;9;2015;08:00;25238;RUA PRISCO BEZERRA;RUA JOSE RANGEL;;;;Choque c/ Obstáculo Fixo;Luz do Dia;Bom;Seca;T;Pare;Residencial;0;0;1;1;0;0;0;0;0;0;0;0;;;;;
256982;20;9;2015;12:28;3811;RUA TEREZA CRISTINA;RUA LUIS DE MIRANDA;;;;Colisão Transversal;Luz do Dia;Bom;Seca;Cruz;Pare;Residencial;0;0;2;1;0;0;0;0;0;1;0;0;-38,539896;-3,737524;;;
256983;20;9;2015;14:30;1611;RUA CEL JUCA;RUA VICENTE LINHARES;;;;Colisão Transversal;Luz do Dia;Bom;Seca;Cruz;Pare;Residencial;0;0;2;1;0;0;0;0;0;0;0;0;-38,493430;-3,744356;;;
256998;20;9;2015;10:45;0;RUA PDE PEDRO DE ALENCAR;;;1513;;Colisão Traseira;Luz do Dia;Bom;Seca;Meio de Quadra;Não Há Controle;Residencial;0;0;2;1;0;0;0;0;0;1;0;0;-38,494275;-3,841185;;;
266349;20;9;2015;05:30;0;AV DR SILAS MUNGUBA;;;2595;;Choque c/ Obstáculo Fixo;Amanhecer;;;Meio de Quadra;;;1;0;0;0;0;0;0;0;0;1;0;0;-38,550239;-3,786363;;;
266340;20;9;2015;01:40;0;RUA CON DE CASTRO;;;4246;;Colisão Lateral;;;;Meio de Quadra;;;0;1;0;1;1;0;0;0;0;0;0;0;-38,590158;-3,802997;;;
271304;20;9;2015;05:25;0;RUA JOAQUIM MAGALHAES;;;109;;Colisão;Amanhecer;;;Meio de Quadra;;;0;0;2;0;0;0;0;0;0;0;0;0;-38,534698;-3,737744;;;
271306;20;9;2015;05:40;13534;RUA JOAO CORDEIRO;AV SORIANO ALBUQUERQUE;;;;Colisão;Amanhecer;;;Cruz;Pare;Residencial;0;0;2;0;0;0;0;0;0;0;0;0;-38,519458;-3,747871;;;
271308;20;9;2015;06:23;0;AV EDILSON B SOARES;;;;;Colisão;Luz do Dia;;;Meio de Quadra;;;0;0;2;0;0;0;0;0;0;0;0;0;;;;;
271310;20;9;2015;07:48;9892;RUA BOM JESUS (GRANJA LISBOA);RUA SGT JOAO PINHEIRO;;;;Colisão;Luz do Dia;;;Cruz;Outros;Comercial;0;0;2;0;0;0;0;0;0;0;0;0;-38,624041;-3,787299;;;
271316;20;9;2015;10:51;13301;RUA BERNARDO MANUEL;RUA TAQUARA D72;;;;Atropelamento;Luz do Dia;;;;;;0;0;2;0;0;0;0;0;0;0;0;0;-38,563826;-3,838922;;;
271317;20;9;2015;12:16;0;RUA DEMETRIO MENEZES;;;;;Colisão;Luz do Dia;;;Meio de Quadra;;;0;0;2;0;0;0;0;0;0;0;0;0;;;;;
271323;20;9;2015;20:26;18440;AV SGT HERMINIO SAMPAIO;RUA CARLINDO CRUZ;;;;Colisão;;;;T;Pare;Misto;0;0;2;0;0;0;0;0;0;0;0;0;-38,574437;-3,729636;;;
271324;20;9;2015;21:20;24912;RUA ROSINHA SAMPAIO;RUA ANTONIO ARRUDA;;;;Colisão;;;;Cruz;Não Há Controle;Residencial;0;0;2;0;0;0;0;0;0;0;0;0;-38,595375;-3,724816;;;
271326;20;9;2015;22:42;0;AV FRE CIRILO;;;;;Colisão;;;;Meio de Quadra;;;0;0;2;0;0;0;0;0;0;0;0;0;;;;;
266976;20;9;2015;11:05;19667;AV BEZERRA DE MENEZES;RUA ERETIDES MARTINS;;;;Colisão;Luz do Dia;;;;;;0;1;1;1;0;0;0;0;0;1;0;0;-38,557568;-3,734232;;;
266972;20;9;2015;07:52;0;AV DR SILAS MUNGUBA;RUA CASIMIRO DE ABREU;;;;Colisão;Luz do Dia;;;;;;0;1;0;0;0;0;0;0;0;0;0;0;;;;;
266973;20;9;2015;09:54;0;RUA CON LIMA SUCUPIRA;;;1738;;Colisão;Luz do Dia;;;Meio de Quadra;;;0;1;0;1;0;0;0;0;0;1;0;0;;;;;
266966;20;9;2015;00:25;0;AV PRS CASTELO BRANCO;;;;;Capotamento;;;;Meio de Quadra;;;0;1;0;1;0;0;0;0;0;0;0;0;;;;;
266991;20;9;2015;17:20;0;TR STA ROSA D38;;;979;;Atropelamento;Anoitecer;;;Meio de Quadra;;;0;1;0;0;0;0;0;0;0;0;0;0;;;;;
266995;20;9;2015;18:14;0;AV LINEU MACHADO;;;1210;;Colisão;Anoitecer;;;Meio de Quadra;;;0;1;0;1;0;0;0;0;0;1;0;0;-38,579219;-3,770286;;;
266996;20;9;2015;18:25;0;AV GODOFREDO MACIEL;;;;;Atropelamento;Anoitecer;;;Meio de Quadra;;;0;1;0;1;0;0;0;0;0;0;0;0;;;;;
266999;20;9;2015;18:59;0;AV SEN FERNANDES TAVORA;;;2975;;Colisão;;;;Meio de Quadra;;;0;1;0;0;0;0;0;0;0;1;0;0;-38,599387;-3,754913;;;
267002;20;9;2015;19:29;0;RUA HENRIQUE ELERY;;;306;;Queda;;;;Meio de Quadra;;;0;1;0;0;0;0;0;0;0;1;0;0;-38,560981;-3,721702;;;
266987;20;9;2015;17:14;0;AV ROGACIANO LEITE;;;2351;;Colisão;Anoitecer;;;Meio de Quadra;;;0;1;0;1;0;0;0;0;0;0;0;0;-38,500275;-3,775808;;;
266984;20;9;2015;16:00;0;AV H CJ JOSE WALTER;;;59;;Queda;Luz do Dia;;;Meio de Quadra;;;0;1;0;0;0;0;0;0;0;1;0;0;-38,556613;-3,841879;;;
266981;20;9;2015;13:40;0;RD BR 116;;;;;Queda;Luz do Dia;;;Meio de Quadra;;;0;1;0;0;0;0;0;0;0;1;0;0;;;;;
266978;20;9;2015;11:53;0;RUA JACARANDA;;;108;;Colisão;Luz do Dia;;;Meio de Quadra;;;0;1;0;0;0;0;0;0;0;1;0;0;-38,488899;-3,820895;;;
267013;20;9;2015;22:38;0;RUA PEDRO MELO;;;834;;Colisão;;;;Meio de Quadra;;;0;1;0;1;0;0;0;0;0;1;0;0;;;;;
267010;20;9;2015;22:32;3189;RUA CARLOS CHAGAS;RUA JOSE ARISTOTELES GONDIM;;;;Colisão;;;;Cruz;Pare;Residencial;1;1;1;0;0;0;1;0;0;1;0;0;-38,585335;-3,780113;;;
267004;20;9;2015;19:41;0;RUA PRO GOMES BRASIL;;;129;;Colisão;;;;Meio de Quadra;;;0;1;0;0;0;0;0;0;0;0;0;0;-38,567307;-3,774484;;;
267005;20;9;2015;20:13;0;RUA OSCAR ARARIPE;;;1502;;Queda;;;;Meio de Quadra;;;0;1;0;0;0;0;0;0;0;1;0;0;-38,604602;-3,789507;;;
267006;20;9;2015;20:36;5122;AV IMPERADOR;RUA SAO PAULO;;;;Colisão;;;;Cruz;Semáforo;Comercial;0;1;0;0;0;0;0;0;0;1;0;0;-38,533522;-3,724049;;;
264965;20;9;2015;06:24;0;AV GODOFREDO MACIEL;;;;;Colisão;Luz do Dia;;;Meio de Quadra;;;0;0;2;1;0;0;0;0;0;0;0;0;;;;;
264966;20;9;2015;08:50;0;AV FRE CIRILO;;;3480;;Colisão;Luz do Dia;;;Meio de Quadra;;;0;0;2;1;1;0;0;0;0;0;0;0;-38,498245;-3,815475;;;
274304;20;9;2015;07:20;24260;RUA MANUEL JESUINO;RUA PEREIRA VALENTE;;;;Colisão Transversal;Luz do Dia;;;Cruz;Gesto;Residencial;0;0;1;1;0;0;0;0;0;0;0;0;-38,484868;-3,734671;;;
266692;21;9;2015;14:40;99;RUA MARTINS NETO;RUA TOMAS RODRIGUES;;;;Colisão Lateral;Luz do Dia;;;Cruz;Pare;Misto;0;0;1;1;0;0;1;0;0;0;0;0;-38,593771;-3,741063;;;
266668;21;9;2015;13:00;0;AV PRO GOMES DE MATOS;;;1793;;Colisão Lateral;Luz do Dia;;;Meio de Quadra;;;0;0;1;0;1;0;0;0;0;0;0;0;-38,550653;-3,767019;;;
266680;21;9;2015;14:25;0;AV DR SILAS MUNGUBA;;;1000;;Colisão;Luz do Dia;;;Meio de Quadra;;;0;1;0;1;0;0;0;0;1;0;0;0;-38,557022;-3,781518;;;
257064;21;9;2015;09:30;0;AV PRS COSTA E SILVA;;;936;JOSE WALTER;Colisão Traseira;Luz do Dia;Bom;Seca;Meio de Quadra;Não Há Controle;Comercial;0;1;1;1;0;0;0;0;0;1;0;0;-38,570945;-3,813057;;;
257065;21;9;2015;08:00;26216;AV DEP PAULINO ROCHA;AV CONTORNO (CASTELÃO);;;;Colisão Lateral;Luz do Dia;Bom;Seca;T;Pare;Lazer;0;0;2;1;0;0;1;0;0;0;0;0;;;;;
257067;21;9;2015;06:30;26218;AV VIS RIO BRANCO;RUA CON BESSA;;;;Colisão Traseira;Luz do Dia;Bom;Seca;T;Não Há Controle;Residencial;0;0;2;0;1;0;0;0;0;0;0;0;-38,521510;-3,748420;;;
257075;21;9;2015;18:45;0;RUA ARMANDO OLIVEIRA;;;60;;Colisão Lateral;Via Iluminada;Bom;Seca;Meio de Quadra;;Comercial;0;0;2;1;1;0;0;0;0;0;0;0;-38,567346;-3,737077;;;
257079;21;9;2015;08:30;7992;AV JOAO PESSOA;RUA ANA NERY;;;;Colisão Lateral;Luz do Dia;Bom;Seca;Cruz;Não Há Controle;Comercial;0;1;2;1;0;0;0;0;0;1;0;0;-38,546781;-3,749460;;;
257085;21;9;2015;21:10;0;AV CEL CARVALHO;;;3622;;Colisão Lateral;Via Iluminada;Bom;Seca;Meio de Quadra;Outros;Residencial;0;0;2;1;0;0;1;0;0;0;0;0;;;;;
257115;21;9;2015;17:40;19651;AV GAL OSORIO DE PAIVA;RUA AFRANIO PEIXOTO;;;;Colisão Lateral;Anoitecer;Bom;Seca;Duplo T;Semáforo;Comercial;0;0;2;0;1;0;0;0;0;1;0;0;-38,573584;-3,780072;;;
257112;21;9;2015;11:20;23787;RUA DR ESTENIO GOMES;RUA RAIMUNDO NERY;;;;Colisão Lateral;Luz do Dia;Bom;Seca;Cruz;Pare;Comercial;0;0;2;1;0;0;0;1;0;0;0;0;-38,586043;-3,795067;;;
257103;21;9;2015;07:20;2404;RUA SEN ROBERT KENNEDY;AV 20 DE JANEIRO;;;;Colisão Lateral;Luz do Dia;Bom;Seca;T;Pare;Residencial;0;1;2;0;0;0;0;0;0;1;0;0;-38,580002;-3,706153;;;
257108;21;9;2015;12:00;19780;RUA COS ALVARO DE OLIVEIRA;RUA PDE GUERRA;;;;Colisão Transversal;Luz do Dia;Bom;Seca;Cruz;Pare;Residencial;0;0;2;1;0;0;0;0;0;0;0;0;-38,555644;-3,738519;;;
264972;21;9;2015;10:04;0;AV 13 DE MAIO;;;3067;;Colisão;Luz do Dia;;;Meio de Quadra;;;0;0;2;1;0;0;1;0;0;0;0;0;-38,542849;-3,737613;;;
264973;21;9;2015;12:34;0;RUA BELO HORIZONTE;AV CARNEIRO DE MENDONCA;;;;Colisão;Luz do Dia;;;;;;0;0;2;1;0;0;0;0;0;0;0;0;;;;;
264968;21;9;2015;08:19;0;AV SEN CARLOS JEREISSATI (AEROPORTO);;;;;Colisão;Luz do Dia;;;Meio de Quadra;;;0;0;2;1;0;0;1;0;0;0;0;0;;;;;
264969;21;9;2015;08:53;0;RUA MARIO MAMEDE;;;;;Colisão;Luz do Dia;;;Meio de Quadra;;;0;0;2;1;0;0;0;0;0;0;0;0;;;;;
264975;21;9;2015;13:30;5374;AV DUQ CAXIAS;RUA BAR RIO BRANCO;;;;Colisão;Luz do Dia;;;Cruz;Não Há Controle;Comercial;0;0;2;1;0;0;0;0;0;0;0;0;-38,529947;-3,731774;;;
267310;21;9;2015;19:06;3309;RUA ANDRE REBOUCAS;RUA RAIMUNDO CABRAL;;;;Colisão;;;;;;;0;1;0;0;0;0;0;0;0;0;0;0;-38,591826;-3,776289;;;
267020;21;9;2015;06:02;0;AV CEL CARVALHO;;;1509;;Colisão;Luz do Dia;;;Meio de Quadra;;;0;1;0;0;0;0;0;0;0;0;0;0;-38,588337;-3,715920;;;
267021;21;9;2015;06:19;24229;AV ENG ALBERTO SA;AV ENG SANTANA JUNIOR;;;;Colisão;Luz do Dia;;;Cruz;Semáforo;Comercial;0;1;0;0;0;0;0;0;0;0;0;0;-38,480624;-3,733357;;;
267024;21;9;2015;06:44;23372;AV PONTES VIEIRA;RUA FRE VIDAL;;;;Queda;Luz do Dia;;;;Não Há Controle;Comercial;0;1;0;0;0;0;0;0;0;1;0;0;-38,518209;-3,753282;;;
267016;21;9;2015;05:39;0;AV BEZERRA DE MENEZES;;;;;Colisão;Amanhecer;;;Meio de Quadra;;;0;1;0;0;0;0;0;0;0;0;0;0;;;;;
267029;21;9;2015;07:27;0;AV GAL OSORIO DE PAIVA;;;1675;;Colisão;Luz do Dia;;;Meio de Quadra;;;0;1;0;1;0;0;0;0;0;1;0;0;-38,577307;-3,782507;;;
267030;21;9;2015;07:50;2404;RUA SEN ROBERT KENNEDY;AV 20 DE JANEIRO;;;;Colisão;Luz do Dia;;;T;Pare;Residencial;0;1;0;1;0;0;0;0;0;1;0;0;-38,580002;-3,706153;;;
267032;21;9;2015;08:06;0;AV JOAO PESSOA;;;4062;;Colisão;Luz do Dia;;;Meio de Quadra;;;0;1;0;1;0;0;0;0;0;1;0;0;-38,546726;-3,749398;;;
267034;21;9;2015;08:16;0;AV MOZART PINHEIRO DE LUCENA;;;3084;;Atropelamento;Luz do Dia;;;Meio de Quadra;;;0;1;0;0;0;0;0;0;0;1;0;0;-38,599439;-3,731683;;;
267045;21;9;2015;11:45;0;AV DR SILAS MUNGUBA;;;1000;;Atropelamento;Luz do Dia;;;Meio de Quadra;;;0;1;0;0;0;0;0;0;0;1;0;0;-38,557022;-3,781518;;;
267048;21;9;2015;12:54;0;RUA CON DE CASTRO;;;4670;;Colisão;Luz do Dia;;;Meio de Quadra;;;0;1;0;1;0;0;0;0;0;1;0;0;-38,593301;-3,806500;;;
267056;21;9;2015;14:05;0;AV GODOFREDO MACIEL;;;4289;;Colisão;Luz do Dia;;;Meio de Quadra;;;0;1;0;0;0;0;0;0;0;0;0;0;-38,574909;-3,812226;;;
267059;21;9;2015;15:19;0;AV BEZERRA DE MENEZES;;;400;;Colisão;Luz do Dia;;;Meio de Quadra;;;0;1;0;1;0;0;0;0;0;1;0;0;-38,547792;-3,732209;;;