COD_ACIDENTE;DIA;MES;ANO;HORA;INTERSECAO;LOG1;LOG2;LOG3;NUMERO;REFERENCIA;NATUREZA;ILUMINACAO;TEMPO;SUPERFICIEPISTA;TIPOCRUZAMENTO;CONTROLETRAFEGO;USOSOLO;MORTOS;FERIDOS;ILESOS;AUTOMOVEL;ONIBUS;BICICLETA;CAMINHAO;MICROONIBUS;CICLOMOTOR;MOTOCICLETA;TRACAOANIMAL;TREM;LONG;LAT;;;
267065;21;9;2015;15:46;0;RUA MARIA GOMES DE SA;;;1548;6º BATALHÃO;Colisão;Luz do Dia;;;Meio de Quadra;;;0;1;0;0;0;0;0;0;0;0;0;0;-38,583589;-3,823905;;;
267068;21;9;2015;15:49;25161;RUA RUFINO DE ALENCAR;TR SAO JOSE;;;;Colisão;Luz do Dia;;;T;Outros;Comercial;0;1;0;0;0;0;0;0;0;0;0;0;;;;;
267071;21;9;2015;15:52;0;AV PRS CASTELO BRANCO;;;;;Colisão;Luz do Dia;;;Meio de Quadra;;;0;1;0;0;0;0;0;0;0;0;0;0;;;;;
267072;21;9;2015;17:04;0;AV DR SILAS MUNGUBA;;;;;Queda;Anoitecer;;;Meio de Quadra;;;0;1;0;0;0;0;0;0;0;1;0;0;;;;;
267073;21;9;2015;17:42;731;RUA PEDRO AMERICO;RUA IRINEU DE SOUZA;;;;Colisão;Anoitecer;;;Cruz;Pare;Residencial;0;1;0;1;0;0;0;0;0;1;0;0;-38,566244;-3,711438;;;
267074;21;9;2015;17:46;0;RUA 1018 CJ CEARA;;;;;Atropelamento;Anoitecer;;;Meio de Quadra;;;0;1;0;0;0;0;0;0;0;1;0;0;;;;;
267075;21;9;2015;17:57;0;RUA RAQUEL HOLANDA;;;580;;Atropelamento;Anoitecer;;;Meio de Quadra;;;0;1;0;0;0;0;0;0;0;0;0;0;-38,558348;-3,723345;;;
266354;21;9;2015;11:20;0;AV PRS COSTA E SILVA;;;2869;ARVOREDO SHOP.;Colisão;Luz do Dia;;;Meio de Quadra;;;0;1;0;0;0;0;0;0;0;1;0;0;-38,556420;-3,821626;;;
256984;21;9;2015;15:30;5136;RUA RUFINO DE ALENCAR;RUA SAO JOSE D03;;;;Colisão Lateral;Luz do Dia;Bom;Seca;T;Não Há Controle;Comercial;0;1;1;0;1;0;0;0;0;1;0;0;-38,523826;-3,724460;;;
256981;21;9;2015;12:25;0;AV ANTONIO SALES;;;788;;Colisão Traseira;Luz do Dia;Bom;Seca;Meio de Quadra;Não Há Controle;Comercial;0;0;2;1;0;0;0;0;0;1;0;0;-38,514691;-3,741630;;;
256986;21;9;2015;11:20;1716;AV GAL MURILO BORGES;AV GOV RAUL BARBOSA;;;;Colisão Traseira;Luz do Dia;Bom;Seca;;Semáforo;Outros;0;0;3;1;0;0;0;0;0;0;0;0;-38,508802;-3,763977;;;
256979;21;9;2015;04:00;0;AV SEN FERNANDES TAVORA;;;966;;Capotamento;Via Iluminada;Bom;Seca;Meio de Quadra;Não Há Controle;Comercial;0;0;1;1;0;0;0;0;0;0;0;0;-38,581769;-3,762401;;;
256991;21;9;2015;15:04;0;RUA SOLON PINHEIRO;;;96;;Colisão Lateral;Luz do Dia;Bom;Seca;Meio de Quadra;Não Há Controle;Comercial;0;0;2;1;0;0;0;0;0;0;0;0;-38,526568;-3,731239;;;
256994;21;9;2015;07:20;24993;AV DOM MANUEL;RUA ROCHA LIMA;;;;Colisão Lateral;Luz do Dia;Bom;Seca;Cruz;Semáforo;Comercial;0;0;2;1;0;0;1;0;0;0;0;0;-38,523587;-3,735959;;;
256997;21;9;2015;10:00;0;AV VIS RIO BRANCO;;;3989;;Colisão Lateral;Luz do Dia;Bom;Seca;Meio de Quadra;Semáforo;Comercial;0;0;2;1;0;0;1;0;0;0;0;0;-38,519996;-3,756052;;;
257002;21;9;2015;12:00;0;AV DR SILAS MUNGUBA;;;;;Atropelamento;Luz do Dia;Bom;Seca;Meio de Quadra;Semáforo;Comercial;0;2;0;0;0;0;0;0;0;1;0;0;;;;;
257010;21;9;2015;02:55;0;AV CENTRAL;;;1788;;Colisão Traseira;Via Iluminada;Bom;Seca;Meio de Quadra;Pare;Residencial;0;1;1;1;1;0;0;0;0;0;0;0;;;;;
257011;21;9;2015;06:20;24229;AV ENG SANTANA JUNIOR;AV ENG ALBERTO SA;;;;Colisão Transversal;Luz do Dia;Bom;Seca;Cruz;Semáforo;Comercial;0;1;1;1;0;0;0;0;0;1;0;0;-38,480624;-3,733357;;;
257008;21;9;2015;14:27;0;RUA JOSE ACIOLY;;;73;;Colisão Frontal;Luz do Dia;Bom;Seca;Meio de Quadra;Não Há Controle;Residencial;0;1;1;0;0;0;0;1;0;1;0;0;-38,585246;-3,731766;;;
257062;21;9;2015;20:30;2758;RUA OSCAR FRANCA;RUA MARIA JULIA;;;;Colisão Lateral;Via Iluminada;Bom;Seca;Cruz;Pare;Residencial;0;0;2;1;0;0;1;0;0;0;0;0;-38,599725;-3,791890;;;
257063;21;9;2015;00:20;0;AV DR SILAS MUNGUBA;;;3902;;Choque c/ Obstáculo Fixo;Via Iluminada;Bom;Seca;Meio de Quadra;Não Há Controle;Comercial;0;1;0;1;0;0;0;0;0;0;0;0;-38,538836;-3,790889;;;
271505;21;9;2015;06:40;0;AV DOS EXPEDICIONARIOS;;;;;Colisão;Luz do Dia;;;Meio de Quadra;;;0;0;2;0;0;0;0;0;0;0;0;0;;;;;
271506;21;9;2015;10:08;7837;RUA TOMAS ACIOLI;RUA OSVALDO CRUZ (ALDEOTA);;;;Colisão;Luz do Dia;;;Cruz;Pare;Residencial;0;0;2;0;0;0;0;0;0;0;0;0;-38,503970;-3,746886;;;
271507;21;9;2015;10:11;0;LOGRADOURO SEM NOME;;;;;Colisão;Luz do Dia;;;Meio de Quadra;;;0;0;2;0;0;0;0;0;0;0;0;0;;;;;
271508;21;9;2015;11:01;1316;AV SANTOS DUMONT;RUA TIBURCIO CAVALCANTE;;;;Colisão;Luz do Dia;;;Cruz;Semáforo;Comercial;0;0;2;0;0;0;0;0;0;0;0;0;-38,502259;-3,734979;;;
271509;21;9;2015;11:16;0;AV A CJ CEARA;;;1250;;Colisão;Luz do Dia;;;Meio de Quadra;;;0;0;2;0;0;0;0;0;0;0;0;0;-38,605131;-3,772259;;;
271510;21;9;2015;13:51;7718;AV JOSE BASTOS;AV CARNEIRO DE MENDONCA;;;;Colisão;Luz do Dia;;;Cruz;Semáforo;Comercial;0;0;2;0;0;0;0;0;0;0;0;0;-38,566759;-3,764109;;;
259245;21;9;2015;06:45;0;AV AGUANAMBI;;;;ROTATÓRIA;Colisão Traseira;Luz do Dia;;;Meio de Quadra;;;0;1;3;1;0;0;1;0;0;0;0;0;-38,523043;-3,755538;;;
259247;21;9;2015;13:50;0;RD BR 116;;;5000;KM-05;Colisão Traseira;Luz do Dia;Bom;Seca;Meio de Quadra;Não Há Controle;Comercial;0;0;3;1;0;0;0;0;0;0;0;0;-38,506787;-3,796502;;;
259617;21;9;2015;12:45;0;RD CE-040;;;;KM-10;Colisão;Luz do Dia;Bom;Seca;Meio de Quadra;;Comercial;0;0;2;1;0;0;0;0;0;1;0;0;-38,480068;-3,838671;;;
259619;21;9;2015;15:20;0;RD CE-040;;;;KM-06;Colisão;Luz do Dia;Bom;Seca;Meio de Quadra;Não Há Controle;Comercial;0;0;2;1;0;0;0;0;0;0;0;0;-38,478781;-3,811270;;;
259620;21;9;2015;18:30;0;RD CE-040;;;;KM-06;Colisão;Anoitecer;Bom;Seca;Meio de Quadra;;Comercial;0;0;2;1;1;0;0;0;0;0;0;0;-38,478781;-3,811270;;;
259622;22;9;2015;08:10;0;RD CE-040;;;;KM-07;Colisão;Luz do Dia;Bom;Seca;Meio de Quadra;Não Há Controle;Comercial;0;1;1;1;0;0;0;0;0;1;0;0;-38,483160;-3,817953;;;
259623;22;9;2015;10:30;0;RD CE-040;;;;KM-07;Colisão;Luz do Dia;Bom;Seca;Meio de Quadra;;Comercial;0;0;2;1;0;0;1;0;0;0;0;0;-38,483160;-3,817953;;;
259248;22;9;2015;06:30;9126;RD BR 116;AV VIS RIO BRANCO;;;;Colisão;Luz do Dia;Bom;Seca;T;Não Há Controle;Residencial;0;2;1;1;0;0;0;0;0;1;0;0;-38,519417;-3,758673;;;
257750;22;9;2015;14:00;19291;RUA GUILHERME PERDIGAO;RUA ARARIPE PRATA;;;;;Luz do Dia;Bom;Seca;Cruz;Pare;Residencial;0;0;2;1;0;0;0;0;0;0;0;0;-38,569659;-3,774315;;;
257751;22;9;2015;09:00;13239;AV J CJ JOSE WALTER;AV F CJ JOSE WALTER;;;;Colisão Lateral;Luz do Dia;Bom;Seca;Cruz;Pare;Residencial;0;1;1;1;0;0;0;0;0;1;0;0;-38,557143;-3,835833;;;
257752;22;9;2015;09:50;1507;RUA PDE VALDEVINO;RUA BAR ARACATI;;;;Colisão Transversal;Luz do Dia;Bom;Seca;Cruz;Pare;Comercial;0;0;2;1;0;0;0;0;0;0;0;0;-38,514377;-3,739898;;;
257753;22;9;2015;11:05;5490;AV AGUANAMBI;RUA ANTONIO POMPEU;;;;Colisão Lateral;Luz do Dia;Bom;Seca;Cruz;Semáforo;Comercial;0;0;3;1;0;0;0;1;0;0;0;0;-38,523967;-3,736873;;;
257754;22;9;2015;11:05;26233;RUA PEREIRO;RUA JUA;;;;Colisão Lateral;Luz do Dia;Bom;Seca;Cruz;Pare;Residencial;1;0;1;0;0;0;1;0;0;1;0;0;;;;;
257745;22;9;2015;13:20;0;AV OLAVO BILAC;;;1560;;Colisão Lateral;Luz do Dia;Bom;Seca;Meio de Quadra;Pare;Comercial;0;0;2;1;0;0;0;0;0;1;0;0;-38,564454;-3,733817;;;
257740;22;9;2015;21:00;6564;AV H CJ CEARA;AV G CJ CEARA;;;;Colisão Transversal;Via Iluminada;Bom;Seca;T;Pare;Misto;0;2;1;1;0;0;0;0;0;1;0;0;-38,609372;-3,775702;;;
257717;22;9;2015;22:00;19701;AV BEZERRA DE MENEZES;RUA PRO RAIMUNDO VITOR;;;;Colisão Traseira;Via Iluminada;Bom;Seca;Meio de Quadra;Não Há Controle;Comercial;0;0;2;1;0;0;1;0;0;0;0;0;-38,566246;-3,736046;;;
257768;22;9;2015;15:00;0;AV DOM MANUEL;;;1180;;Atropelamento;Luz do Dia;Bom;Seca;Meio de Quadra;Não Há Controle;Comercial;1;0;1;0;0;0;1;0;0;0;0;0;-38,523085;-3,734425;;;
257770;22;9;2015;16:15;0;AV DR THEBERGE;;;1368;;Colisão Transversal;Luz do Dia;Bom;Seca;Meio de Quadra;Não Há Controle;Comercial;0;1;1;1;0;0;0;0;0;1;0;0;-38,564921;-3,714540;;;
257763;22;9;2015;15:20;26234;AV DOM ALOÍSIO LORSCHEIDER;RUA D CJ VILA VELHA;;;;Colisão Traseira;Luz do Dia;Bom;Seca;Cruz;Pare;Comercial;0;0;2;1;0;0;0;0;0;0;0;0;;;;;
257747;22;9;2015;10:00;0;AV SEN FERNANDES TAVORA;;;2305;;Colisão Lateral;Luz do Dia;Bom;Seca;Meio de Quadra;Não Há Controle;Misto;0;0;2;1;0;0;1;0;0;0;0;0;-38,592673;-3,756580;;;
257758;22;9;2015;13:50;0;AV GAL OSORIO DE PAIVA;;;7736;;Colisão Traseira;Luz do Dia;Bom;Seca;Meio de Quadra;Não Há Controle;Residencial;0;1;2;1;0;0;0;0;0;0;0;0;-38,617150;-3,820292;;;
257773;22;9;2015;08:30;25529;AV ABOLICAO;RUA SAPORE;;;;Colisão Traseira;Luz do Dia;Bom;Seca;T;Pare;Comercial;0;1;1;0;0;0;1;0;0;1;0;0;;;;;
257774;22;9;2015;18:20;0;AV JOR THOMAZ COELHO;;;3150;;Colisão Transversal;Anoitecer;Bom;Seca;Meio de Quadra;Não Há Controle;Comercial;0;1;1;1;0;0;0;0;0;1;0;0;-38,524375;-3,829179;;;
257776;22;9;2015;11:15;1402;RUA BAR ARACATI;AV HERACLITO GRACA;;;;Colisão Transversal;Luz do Dia;Bom;Seca;Cruz;Pare;Comercial;0;1;1;1;0;0;0;0;0;1;0;0;-38,513289;-3,737147;;;
257778;22;9;2015;16:00;0;RUA OSVALDO CRUZ (ALDEOTA);;;2887;;Colisão Traseira;Luz do Dia;Bom;Seca;Meio de Quadra;Pare;Residencial;0;0;2;0;0;0;0;0;0;1;0;0;;;;;
257780;22;9;2015;15:00;7923;AV GOV RAUL BARBOSA;RUA ISAC AMARAL;;;;Colisão Traseira;Luz do Dia;Bom;Seca;;Semáforo;Comercial;0;0;2;1;0;0;0;0;0;0;0;0;-38,503726;-3,753019;;;
257674;22;9;2015;09:30;0;AV DOS EXPEDICIONARIOS;;;;;Colisão Lateral;Luz do Dia;Bom;Seca;Meio de Quadra;Não Há Controle;Residencial;0;0;2;1;0;0;0;0;0;1;0;0;;;;;
257701;22;9;2015;17:20;5099;AV TRISTAO GONCALVES;RUA SEN ALENCAR;;;;Colisão Transversal;Anoitecer;Bom;Seca;Cruz;Pare;Comercial;0;2;1;0;1;0;0;0;0;1;0;0;-38,532122;-3,723524;;;
257709;22;9;2015;07:30;12533;AV CEL CARVALHO;RUA MARIA CLARA;;;;Colisão Transversal;Luz do Dia;Bom;Seca;Cruz;Pare;Comercial;0;0;2;1;1;0;0;0;0;0;0;0;-38,585818;-3,725382;;;
257715;22;9;2015;16:00;12514;AV LINEU MACHADO;RUA JULIO BRAGA;;;;Colisão;Luz do Dia;Bom;Seca;Cruz;Semáforo;Comercial;0;0;2;1;0;0;0;0;0;0;0;0;-38,581790;-3,775335;;;
257684;22;9;2015;18:00;0;AV DEP PAULINO ROCHA;;;;ROTATÓRIA;Colisão Traseira;Anoitecer;Bom;Seca;Meio de Quadra;Dê Preferência;Misto;0;0;2;1;0;0;0;0;0;0;0;0;;;;;
257704;22;9;2015;15:00;5051;RUA SEN POMPEU;RUA SEN JAGUARIBE;;;;Colisão Transversal;Luz do Dia;Bom;Seca;Cruz;Pare;Comercial;0;2;0;1;0;0;0;0;0;0;0;0;-38,528055;-3,721667;;;
257736;22;9;2015;18:15;12835;AV DOMINGOS OLIMPIO;RUA SOLON PINHEIRO;;;;Colisão;Anoitecer;Bom;Seca;Cruz;Semáforo;Comercial;0;1;1;0;1;1;0;0;0;0;0;0;-38,528650;-3,737409;;;
257737;22;9;2015;15:00;0;RUA DEP OSWALDO STUDART;;;;RODOVIÁRIA;Colisão Lateral;Luz do Dia;Bom;Seca;Meio de Quadra;Semáforo;Comercial;0;0;2;1;0;0;0;0;0;1;0;0;;;;;
257730;22;9;2015;08:20;18387;AV OLAVO BILAC;AV SGT HERMINIO SAMPAIO;;;;Colisão Lateral;Luz do Dia;Bom;Seca;Cruz;Semáforo;Residencial;0;0;2;0;0;0;1;0;0;0;0;0;-38,565080;-3,727179;;;
257726;22;9;2015;13:00;17585;RUA RIO GRANDE DO SUL;RUA MARANHAO;;;;Colisão Transversal;Luz do Dia;Bom;Seca;Cruz;Pare;Residencial;0;0;2;1;0;0;0;0;0;1;0;0;-38,565689;-3,755695;;;
271511;22;9;2015;05:17;10038;RUA TAQUARI;RUA ANTONIO NERY;;;;Colisão;Amanhecer;;;Cruz;Não Há Controle;Residencial;0;0;2;0;0;0;0;0;0;0;0;0;-38,599806;-3,776710;;;
271512;22;9;2015;08:46;0;RUA DR JOAQUIM BENTO;;;;;Colisão;Luz do Dia;;;Meio de Quadra;;;0;0;2;0;0;0;0;0;0;0;0;0;;;;;
271513;22;9;2015;11:54;12440;ET PICI;AV AUGUSTO DOS ANJOS;;;;Colisão;Luz do Dia;;;;;;0;0;2;0;0;0;0;0;0;0;0;0;-38,571749;-3,771936;;;
271514;22;9;2015;15:07;17611;RUA GOIAS;RUA PIAUI;;;;Colisão;Luz do Dia;;;;;;0;0;2;0;0;0;0;0;0;0;0;0;-38,565239;-3,757649;;;
271515;22;9;2015;18:56;0;AV JOR JOAO RAMOS;;;1988;;Colisão;;;;Meio de Quadra;;;0;0;2;0;0;0;0;0;0;0;0;0;-38,575235;-3,841462;;;
271516;22;9;2015;18:59;0;AV AGUANAMBI;;;;;Colisão;;;;Meio de Quadra;;;0;0;2;0;0;0;0;0;0;0;0;0;;;;;
267320;22;9;2015;07:44;13239;AV J CJ JOSE WALTER;AV F CJ JOSE WALTER;;;;Colisão;Luz do Dia;;;Cruz;Pare;Residencial;0;1;0;1;0;0;0;0;0;1;0;0;-38,557143;-3,835833;;;
267321;22;9;2015;08:17;15699;RUA MEM DE SA;RUA GUILHERME PESSOA;;;;Colisão;Luz do Dia;;;Cruz;Pare;Residencial;0;1;0;0;0;0;0;0;0;0;0;0;-38,485338;-3,827417;;;
267315;22;9;2015;07:30;0;AV PRO GOMES DE MATOS;;;500;;Colisão;Luz do Dia;;;Meio de Quadra;;;0;1;0;1;0;0;0;0;0;1;0;0;-38,543045;-3,758160;;;
267331;22;9;2015;10:04;5130;RUA CASTRO E SILVA;RUA FLORIANO PEIXOTO;;;;Colisão;Luz do Dia;;;Duplo T;Pare;Comercial;0;1;0;1;0;1;0;0;0;0;0;0;-38,526110;-3,724272;;;
267345;22;9;2015;11:22;0;AV ALBERTO CRAVEIRO;;;;;Colisão;Luz do Dia;;;Meio de Quadra;;;0;1;0;0;0;0;0;0;0;1;0;0;;;;;
267347;22;9;2015;14:46;0;RUA BAR RIO BRANCO;;;20;;Colisão;Luz do Dia;;;Meio de Quadra;;;0;1;0;1;0;0;0;0;0;0;0;0;;;;;
267341;22;9;2015;11:20;5468;RUA ANTONIO POMPEU;RUA BAR ARATANHA;;;;Colisão;Luz do Dia;;;Cruz;Semáforo;Residencial;0;1;0;1;0;0;0;0;0;1;0;0;-38,527351;-3,735826;;;
267361;22;9;2015;16:50;0;AV ALM HENRIQUE SABOIA;;;1108;;Colisão;Luz do Dia;;;Meio de Quadra;;;0;1;0;0;0;0;0;0;0;0;0;0;;;;;
267359;22;9;2015;16:37;0;RUA STA INES D20;;;893;;Colisão;Luz do Dia;;;Meio de Quadra;;;0;1;0;1;0;1;0;0;0;0;0;0;-38,554082;-3,709393;;;
267364;22;9;2015;17:17;5099;RUA SEN ALENCAR;AV TRISTAO GONCALVES;;;;Colisão;Anoitecer;;;Cruz;Pare;Comercial;0;1;0;0;0;0;0;0;0;0;0;0;-38,532122;-3,723524;;;
267368;22;9;2015;17:49;0;AV PRS COSTA E SILVA;;;3157;;Queda;Anoitecer;;;Meio de Quadra;;;0;1;0;0;0;0;0;0;0;1;0;0;;;;;
267350;22;9;2015;15:27;0;AV DR SILAS MUNGUBA;;;136;;Colisão;Luz do Dia;;;Meio de Quadra;;;0;1;0;1;0;0;0;0;0;1;0;0;-38,563351;-3,775565;;;
267410;22;9;2015;22:49;24913;AV DA INDEPENDENCIA;AV MOZART PINHEIRO DE LUCENA;;;;Colisão;;;;Cruz;Semáforo Intermitente;Misto;0;1;0;1;0;0;0;0;0;1;0;0;-38,597615;-3,724957;;;
267411;22;9;2015;23:24;0;AV MIN JOSE AMERICO;;;;;Queda;;;;Meio de Quadra;;;0;1;0;0;0;0;0;0;0;1;0;0;;;;;
267401;22;9;2015;20:59;4996;RUA ANTONIO FARIAS;RUA FIS ASSIS SARAIVA;;;;Colisão;;;;;;;0;1;0;0;0;0;0;0;0;1;0;0;-38,527627;-3,800943;;;
267405;22;9;2015;21:01;0;RUA PLANALTINA (PL AYRTON SENNA);RUA APOCALIPSE (MONDUBIM);;;;Colisão;;;;;;;0;1;1;1;0;0;0;0;0;1;0;0;;;;;
267406;22;9;2015;22:41;4193;RUA DOM HELIO CAMPOS D21;AV FRANCISCO SA;;;;Queda;;;;T;Pare;Comercial;0;1;0;0;0;0;0;0;0;1;0;0;-38,556428;-3,717711;;;
267408;22;9;2015;22:42;0;RUA OSCAR ARARIPE;;;3119;;Colisão;;;;Meio de Quadra;;;0;1;0;1;0;0;0;0;0;1;0;0;-38,618520;-3,785119;;;
267381;22;9;2015;20:38;0;RUA TEODOMIRO DE CASTRO;;;4051;;Colisão;;;;Meio de Quadra;;;0;1;0;0;0;0;0;0;0;0;0;0;-38,569860;-3,720014;;;
267373;22;9;2015;18:28;0;AV FRANCISCO SA;;;;;Atropelamento;Anoitecer;;;Meio de Quadra;;;0;1;0;1;0;0;0;0;0;0;0;0;;;;;
267379;22;9;2015;18:31;0;RD BR 116;;;;;Queda;;;;Meio de Quadra;;;0;1;0;0;0;1;0;0;0;0;0;0;;;;;
264982;22;9;2015;18:11;5692;AV DES GONZAGA;RUA MARGARIDA DE QUEIROZ;;;;Colisão;Anoitecer;;;Cruz;Pare;Comercial;0;0;2;0;0;0;1;0;0;0;0;0;-38,501753;-3,793168;;;
264979;22;9;2015;12:39;25095;AV ENG LEAL LIMA VERDE (SAPIRANGA/COITE);AV MAE LISBOA;;;;Colisão;Luz do Dia;;;Cruz;Não Há Controle;Residencial;0;0;2;1;0;0;0;0;0;0;0;0;-38,474657;-3,807871;;;
264980;22;9;2015;16:50;1420;RUA CEL LINHARES;AV SANTOS DUMONT;;;;Colisão;Luz do Dia;;;Cruz;Pare;Comercial;0;0;2;1;0;0;1;0;0;0;0;0;-38,494449;-3,737489;;;
266700;22;9;2015;07:40;0;AV GAL OSORIO DE PAIVA;;;641;;Colisão;Luz do Dia;;;Meio de Quadra;;;0;1;0;0;1;0;0;0;0;1;0;0;-38,568098;-3,776636;;;
274305;22;9;2015;18:22;15341;RUA REPUBLICA DO LIBANO;RUA BARBOSA DE FREITAS;;;;Colisão Transversal;Anoitecer;;;Cruz;Pare;Residencial;0;0;1;1;0;0;0;0;0;1;0;0;-38,495765;-3,731601;;;
266709;23;9;2015;11:30;0;AV JOR THOMAZ COELHO;;;650;;Atropelamento;Luz do Dia;;;Meio de Quadra;;;0;1;0;0;1;0;0;0;0;0;0;0;;;;;
266716;23;9;2015;20:00;0;AV WASHINGTON SOARES;;;300;;Atropelamento;;;;Meio de Quadra;;;0;1;0;1;0;0;0;0;0;0;0;0;-38,488749;-3,757628;;;
257124;23;9;2015;09:38;15331;RUA PEREIRA FILGUEIRAS;RUA SILVA PAULET;;;;Colisão Lateral;Luz do Dia;Bom;Seca;Cruz;Pare;Comercial;0;0;2;1;0;0;0;0;0;0;0;0;-38,504338;-3,731144;;;
257072;23;9;2015;17:50;10777;RUA VITORIA (AV. PERIMETRAL);RUA PORTO ALEGRE;;;;Colisão Lateral;Anoitecer;Bom;Seca;Cruz;Pare;Comercial;0;1;1;1;0;0;0;0;0;1;0;0;-38,586947;-3,762193;;;
257066;23;9;2015;11:27;0;RUA CONDE D´EU;;;633;;Colisão Lateral;Luz do Dia;Bom;Seca;Meio de Quadra;;Comercial;0;0;2;1;0;0;1;0;0;0;0;0;-38,525821;-3,726360;;;
257151;23;9;2015;09:20;15217;RUA SILVA JATAHY;RUA TIBURCIO CAVALCANTE;;;;Colisão;Luz do Dia;Bom;Seca;Cruz;Pare;Residencial;0;1;1;0;0;1;0;0;0;0;0;0;-38,499732;-3,727071;;;
257162;23;9;2015;12:00;25485;AV DOS EXPEDICIONARIOS;AV II LOT EXPEDICIONARIOS II;;;;Colisão Lateral;Luz do Dia;Bom;Seca;T;Pare;Comercial;0;0;2;1;0;0;0;0;0;0;0;0;-38,553210;-3,804702;;;
257157;23;9;2015;09:50;5760;AV OLIVEIRA PAIVA;RUA GAL CASTELO BRANCO (CID. FUNCIONARIOS);;;;Colisão Transversal;Luz do Dia;Bom;Seca;Cruz;Pare;Comercial;0;0;2;1;0;0;0;0;0;0;0;0;-38,492028;-3,795739;;;
257170;23;9;2015;15:30;15000;RUA CARLOS STUDART;RUA NIGERIA;;;;Colisão Transversal;Luz do Dia;Bom;Seca;Cruz;Não Há Controle;Comercial;0;1;1;1;0;0;0;0;0;1;0;0;-38,567794;-3,792651;;;
257142;23;9;2015;08:00;0;RUA DR JOAQUIM BENTO;;;640;;Colisão Lateral;Amanhecer;Bom;Seca;Meio de Quadra;Semáforo;Comercial;0;1;2;1;1;0;0;0;0;1;0;0;-38,485889;-3,828294;;;
257131;23;9;2015;06:30;21369;AV JOVITA FEITOSA;RUA CARVALHO MOTA;;;;Colisão Lateral;Luz do Dia;Bom;Seca;Cruz;Pare;Comercial;0;0;2;1;0;0;0;0;0;0;0;0;-38,544748;-3,737437;;;
257182;23;9;2015;08:30;23774;RUA GABRIEL FIUZA;RUA COM GARCIA;;;;Colisão Lateral;Luz do Dia;Bom;Seca;Cruz;Pare;;0;0;2;1;0;0;0;0;0;0;0;0;-38,578685;-3,788233;;;
257192;23;9;2015;07:30;5500;RUA PDE VALDEVINO;RUA NOGUEIRA ACIOLI;;;;Colisão Transversal;Luz do Dia;Bom;Seca;Cruz;Semáforo;Comercial;0;0;3;1;0;0;0;0;0;0;0;0;-38,519630;-3,738246;;;
257197;23;9;2015;12:45;7976;AV JOAO PESSOA;RUA MAJ WEYNE;;;;Colisão Traseira;Luz do Dia;Bom;Seca;Cruz;Semáforo;Comercial;0;0;3;0;1;0;0;0;0;0;0;0;-38,545334;-3,747841;;;
257199;23;9;2015;12:50;15276;RUA TEN BENEVOLO;RUA MELQUIADES PINTO;;;;Colisão Transversal;Luz do Dia;Bom;Seca;T;Pare;Residencial;0;0;2;1;0;0;0;0;0;0;0;0;-38,506551;-3,728847;;;
257189;23;9;2015;09:30;26221;AV ALM HENRIQUE SABOIA;RUA PEREIRA DE MIRANDA;;;;Colisão Frontal;Luz do Dia;Bom;Seca;Cruz;Não Há Controle;Comercial;0;0;2;0;1;0;0;0;0;0;0;0;-38,486210;-3,738316;;;
257231;23;9;2015;10:40;8025;AV JOAO PESSOA;RUA PRO COSTA MENDES;;;;Atropelamento;Luz do Dia;Bom;Seca;Cruz;Outros;Comercial;0;1;1;0;1;0;0;0;0;0;0;0;-38,549441;-3,752393;;;
257232;23;9;2015;07:50;0;RUA PDE ANCHIETA;;;369;;Colisão Traseira;Luz do Dia;Bom;Seca;Meio de Quadra;Outros;Misto;0;0;2;1;0;0;0;0;0;0;0;0;-38,550661;-3,723440;;;
257205;23;9;2015;22:15;0;RUA COS LAFAYETE;;;347;;Colisão Lateral;Via Iluminada;Bom;Seca;Meio de Quadra;Não Há Controle;Residencial;0;0;2;1;1;0;0;0;0;0;0;0;-38,581259;-3,718130;;;
257209;23;9;2015;14:30;25455;RUA PEDRO LAZAR;AV ENG JOSÉ GUIMARÃES;;;;Colisão Lateral;Luz do Dia;Bom;Seca;Cruz;Pare;Residencial;0;1;1;1;0;0;0;0;0;1;0;0;;;;;
257201;23;9;2015;12:30;0;AV SEN CARLOS JEREISSATI (AEROPORTO);;;;;Colisão Transversal;Luz do Dia;Bom;Seca;Meio de Quadra;Não Há Controle;Comercial;1;0;1;1;0;0;0;0;1;0;0;0;;;;;
257241;23;9;2015;21:30;12520;AV AUGUSTO DOS ANJOS;RUA ALUISIO AZEVEDO;;;;Colisão Traseira;Mal Iluminada;Bom;Seca;T;Semáforo;Comercial;0;0;2;1;0;0;0;0;0;0;0;0;-38,573164;-3,773439;;;
257237;23;9;2015;18:30;0;AV BAR STUDART;;;1300;;Outros;Anoitecer;;;Meio de Quadra;;;0;0;2;0;1;0;0;0;0;0;0;0;;;;;
257238;23;9;2015;19:45;1484;AV PDE ANTONIO TOMAS;RUA JOAQUIM NABUCO;;;;Colisão Lateral;Via Iluminada;Bom;Seca;Cruz;Semáforo;Comercial;0;1;1;0;0;0;0;0;0;1;0;0;-38,502569;-3,739222;;;
264989;23;9;2015;17:29;0;AV AGUANAMBI;;;;;Colisão;Anoitecer;;;Meio de Quadra;;;0;0;2;1;0;0;1;0;0;0;0;0;;;;;