COD_ACIDENTE;DIA;MES;ANO;HORA;INTERSECAO;LOG1;LOG2;LOG3;NUMERO;REFERENCIA;NATUREZA;ILUMINACAO;TEMPO;SUPERFICIEPISTA;TIPOCRUZAMENTO;CONTROLETRAFEGO;USOSOLO;MORTOS;FERIDOS;ILESOS;AUTOMOVEL;ONIBUS;BICICLETA;CAMINHAO;MICROONIBUS;CICLOMOTOR;MOTOCICLETA;TRACAOANIMAL;TREM;LONG;LAT;;;
264992;23;9;2015;22:39;0;AV JOR THOMAZ COELHO;;;;;Colisão;;;;Meio de Quadra;;;0;0;2;1;0;0;0;0;0;0;0;0;;;;;
264986;23;9;2015;09:07;0;RUA PLANALTINA (PL AYRTON SENNA);;;;;Colisão;Luz do Dia;;;Meio de Quadra;;;0;0;2;0;1;0;0;0;0;0;0;0;;;;;
267412;23;9;2015;04:18;0;AV ALBERTO CRAVEIRO;;;154;;Queda;;;;Meio de Quadra;;;0;1;0;0;0;0;0;0;0;1;0;0;;;;;
267413;23;9;2015;06:38;5324;RUA GAL SAMPAIO;RUA PEDRO I;;;;Queda;Luz do Dia;;;Cruz;Semáforo Danificado;Comercial;0;1;0;0;0;0;0;0;0;1;0;0;-38,531758;-3,730182;;;
267429;23;9;2015;08:58;0;AV DR SILAS MUNGUBA;;;2728;;Queda;Luz do Dia;;;Meio de Quadra;;;0;1;0;0;0;0;0;0;0;1;0;0;-38,549477;-3,786757;;;
267442;23;9;2015;10:02;0;RUA BALDUINO FREIRE;;;113;;Queda;Luz do Dia;;;Meio de Quadra;;;0;1;0;0;0;0;0;0;0;1;0;0;;;;;
267445;23;9;2015;10:37;0;AV PERIMETRAL;;;343;;Colisão;Luz do Dia;;;Meio de Quadra;;;0;1;0;0;0;0;1;0;0;1;0;0;;;;;
267446;23;9;2015;11:24;0;AV CASTELO DE CASTRO;;;1247;;Atropelamento;Luz do Dia;;;Meio de Quadra;;;0;1;0;0;0;0;0;0;0;1;0;0;;;;;
267447;23;9;2015;11:29;0;RUA PRO HERIBALDO COSTA;;;1547;;Queda;Luz do Dia;;;Meio de Quadra;;;0;1;0;0;0;0;0;0;0;1;0;0;-38,586661;-3,765313;;;
267451;23;9;2015;11:51;5025;AV FILOMENO GOMES;RUA SEN ALENCAR;;;;Colisão;Luz do Dia;;;T;Pare;Comercial;0;1;0;1;0;0;0;0;0;1;0;0;-38,541328;-3,720616;;;
267452;23;9;2015;13:42;5929;RUA 1151 CJ CEARA;AV C CJ CEARA;;;;Queda;Luz do Dia;;;;;;0;1;0;0;0;0;0;0;0;1;0;0;-38,609393;-3,761426;;;
267453;23;9;2015;13:45;0;AV CARNEIRO DE MENDONCA;;;885;;Queda;Luz do Dia;;;Meio de Quadra;;;0;1;0;0;0;0;0;0;0;1;0;0;-38,566829;-3,764066;;;
267491;23;9;2015;23:16;0;RUA JOAQUIM DOS ANJOS;;;490;;Colisão;;;;Meio de Quadra;;;0;1;1;1;0;0;0;0;0;1;0;0;;;;;
267472;23;9;2015;18:36;0;AV WASHINGTON SOARES;;;;;Atropelamento;;;;Meio de Quadra;;;0;1;0;1;0;0;0;0;0;0;0;0;;;;;
267455;23;9;2015;13:47;0;AV ALBERTO CRAVEIRO;;;515;;Colisão;Luz do Dia;;;Meio de Quadra;;;0;1;0;1;0;0;0;0;0;1;0;0;-38,516662;-3,783067;;;
267460;23;9;2015;15:25;0;AV GODOFREDO MACIEL;;;6450;;Colisão;Luz do Dia;;;Meio de Quadra;;;0;1;0;1;0;0;0;0;0;1;0;0;;;;;
267464;23;9;2015;15:31;5340;AV DUQ CAXIAS;RUA VINTE E QUATRO DE MAIO;;;;Colisão;Luz do Dia;;;Cruz;Semáforo;Comercial;0;1;0;0;0;0;0;0;0;1;0;0;-38,533230;-3,730708;;;
267465;23;9;2015;16:44;0;AV BENJAMIM BRASIL;;;1080;;Colisão;Luz do Dia;;;Meio de Quadra;;;0;1;0;1;0;0;0;0;0;1;0;0;-38,565120;-3,805466;;;
267449;23;9;2015;11:44;23343;RUA TIBURCIO CAVALCANTE;AV PONTES VIEIRA;;;;Colisão;Luz do Dia;;;Cruz;Semáforo Intermitente;Comercial;0;1;0;1;0;0;0;0;0;1;0;0;-38,507749;-3,752053;;;
267470;23;9;2015;18:21;12614;AV CEL CARVALHO;RUA COS LAFAYETE;;;;Colisão;Anoitecer;;;Cruz;Semáforo Intermitente;Comercial;0;1;0;1;0;0;0;0;0;0;0;0;-38,587938;-3,717512;;;
273397;23;9;2015;07:30;0;AV GAL OSORIO DE PAIVA;;;6016;;Colisão;Luz do Dia;;;Meio de Quadra;;;1;1;1;0;1;0;0;0;0;1;0;0;-38,605699;-3,808491;;;
271517;23;9;2015;10:40;0;RUA FRANCISCO MATIAS;;;429;;Colisão;Luz do Dia;;;Meio de Quadra;;;0;0;2;0;0;0;0;0;0;0;0;0;;;;;
271521;23;9;2015;11:07;0;RUA SENA MADUREIRA;;;;;Colisão;Luz do Dia;;;Meio de Quadra;;;0;0;2;0;0;0;0;0;0;0;0;0;;;;;
271524;23;9;2015;16:34;0;RUA AUDISIO PINHEIRO;;;1626;;Colisão;Luz do Dia;;;Meio de Quadra;;;0;0;2;0;0;0;0;0;0;0;0;0;-38,592274;-3,765144;;;
271525;23;9;2015;16:56;0;RUA SAO JOAO D20;;;990;;Colisão;Luz do Dia;;;Meio de Quadra;;;0;0;2;0;0;0;0;0;0;0;0;0;;;;;
257051;23;9;2015;06:50;0;AV DR SILAS MUNGUBA;;;2686;;Colisão Lateral;Luz do Dia;Bom;Seca;Meio de Quadra;Pare;Comercial;0;0;2;1;1;0;0;0;0;0;0;0;-38,549737;-3,786619;;;
257055;23;9;2015;12:30;0;AV ANTONIO SALES;;;2311;;Engavetamento;Luz do Dia;Bom;Seca;Meio de Quadra;;Comercial;0;1;2;1;0;0;0;0;0;0;0;0;-38,503228;-3,745189;;;
257057;23;9;2015;00:00;24913;AV DA INDEPENDENCIA;AV MOZART PINHEIRO DE LUCENA;;;;Colisão Transversal;Via Iluminada;Bom;Seca;Cruz;Semáforo Intermitente;Misto;1;0;1;1;0;0;0;0;0;1;0;0;-38,597615;-3,724957;;;
257060;23;9;2015;07:10;5397;AV DUQ CAXIAS;RUA ASSUNCAO;;;;Colisão Lateral;Luz do Dia;Bom;Seca;Cruz;Semáforo;Comercial;0;0;2;0;1;0;0;0;0;0;0;0;-38,527952;-3,732405;;;
257061;23;9;2015;08:00;0;AV ABOLICAO;;;1848;;Colisão Traseira;Luz do Dia;Bom;Seca;Meio de Quadra;Não Há Controle;Misto;0;1;1;1;0;0;0;0;0;1;0;0;;;;;
257043;23;9;2015;20:55;8025;AV JOAO PESSOA;RUA PRO COSTA MENDES;;;;Colisão Lateral;Via Iluminada;Bom;Seca;Cruz;Semáforo;;0;0;2;0;1;0;0;0;0;0;0;0;-38,549441;-3,752393;;;
257045;23;9;2015;11:30;0;RUA PDE ANCHIETA;;;;;Choque c/ Obstáculo Fixo;Luz do Dia;Bom;Seca;Meio de Quadra;Pare;Misto;0;0;1;0;0;0;1;0;0;0;0;0;;;;;
257046;23;9;2015;12:50;15244;RUA DEP MOREIRA DA ROCHA;RUA JOSE VILAR;;;;Colisão Lateral;Luz do Dia;Bom;Seca;Cruz;;Residencial;0;0;2;1;0;0;0;0;0;1;0;0;-38,502113;-3,727832;;;
257047;23;9;2015;16:00;0;RUA PDE VALDEVINO;;;1600;;Colisão Traseira;Luz do Dia;Bom;Seca;Outros;Outros;Residencial;0;0;2;1;0;0;0;0;0;0;0;0;-38,510581;-3,741103;;;
257048;23;9;2015;14:30;0;RUA SAMUEL UCHOA;;;739;;Colisão Traseira;Luz do Dia;Bom;Seca;Meio de Quadra;Pare;Residencial;0;0;4;1;0;0;0;0;0;1;0;0;-38,546572;-3,753728;;;
259284;23;9;2015;17:50;0;RD BR 222;;;;KM-03;Colisão Traseira;Anoitecer;Bom;Seca;Meio de Quadra;Não Há Controle;Comercial;0;0;2;1;0;0;0;0;0;0;0;0;-38,571997;-3,736999;;;
259637;23;9;2015;12:30;0;RD CE-040;;;;KM-10;Colisão;Luz do Dia;Bom;Seca;Meio de Quadra;Não Há Controle;Comercial;0;1;1;0;0;0;1;0;0;1;0;0;-38,480068;-3,838671;;;
259639;24;9;2015;20:50;0;RD CE-040;;;;KM-12;Colisão;Via Iluminada;Bom;Seca;Meio de Quadra;;Comercial;0;0;2;1;0;0;0;0;0;0;0;0;-38,476237;-3,848945;;;
259251;24;9;2015;07:00;0;RD BR 116;;;4000;KM-04;Colisão Traseira;Luz do Dia;Bom;Seca;Meio de Quadra;Não Há Controle;Comercial;0;0;2;1;0;0;0;0;0;0;0;0;-38,510646;-3,788331;;;
259252;24;9;2015;21:30;0;RD BR 116;;;5000;KM-05;Colisão Traseira;Via Iluminada;Bom;Seca;Meio de Quadra;Não Há Controle;Comercial;0;0;2;1;0;0;0;0;0;0;0;0;-38,506787;-3,796502;;;
259255;24;9;2015;22:20;0;RD BR 116;;;11000;KM-11;Colisão Lateral;Via Iluminada;Bom;Seca;Meio de Quadra;Não Há Controle;Comercial;0;1;1;1;0;0;0;0;0;1;0;0;-38,497176;-3,847160;;;
271530;24;9;2015;20:21;0;RUA 26 BATALHAO;;;128;;Colisão;;;;Meio de Quadra;;;0;0;2;0;0;0;0;0;0;0;0;0;;;;;
271527;24;9;2015;11:11;0;RUA JOSE VICENTE;;;1452;;Colisão;Luz do Dia;;;Meio de Quadra;;;0;0;2;0;0;0;0;0;0;0;0;0;;;;;
271528;24;9;2015;16:33;0;RUA JOSE MENDONCA;;;462;;Colisão;Luz do Dia;;;Meio de Quadra;;;0;0;2;0;0;0;0;0;0;0;0;0;-38,602452;-3,758556;;;
267496;24;9;2015;08:45;0;RUA BERNARDO MANUEL;;;;;Colisão;Luz do Dia;;;Meio de Quadra;;;0;1;0;1;0;0;0;0;0;1;0;0;-38,547578;-3,786260;;;
267539;24;9;2015;21:58;0;RUA ZACARIAS GONDIM;;;659;;Colisão;;;;Meio de Quadra;;;0;1;0;1;0;0;0;0;0;1;0;0;;;;;
267535;24;9;2015;20:53;0;RUA PAULINO ROCHA D32;;;;;Colisão;;;;Meio de Quadra;;;0;1;0;1;0;0;0;0;0;1;0;0;;;;;
267533;24;9;2015;19:01;0;RUA PDE PEDRO DE ALENCAR;;;805;;Colisão;;;;Meio de Quadra;;;0;1;0;0;0;0;0;0;0;0;0;0;-38,494156;-3,836214;;;
267530;24;9;2015;18:17;0;AV DIOGUINHO;;;6439;FINAL DA LINHA CAÇA E PESCA;Atropelamento;Anoitecer;;;Meio de Quadra;;;0;1;0;0;0;0;0;0;0;1;0;0;-38,439066;-3,770052;;;
267528;24;9;2015;18:11;0;RUA OSCAR ARARIPE;;;2242;;Queda;Anoitecer;;;Meio de Quadra;;;0;1;0;0;0;0;0;0;0;1;0;0;-38,611433;-3,787296;;;
267524;24;9;2015;16:36;0;AV PRS CASTELO BRANCO;;;2028;;Colisão;Luz do Dia;;;Meio de Quadra;;;0;1;0;1;0;0;0;0;0;1;0;0;-38,546256;-3,714657;;;
267503;24;9;2015;10:47;8934;AV DOMINGOS OLIMPIO;RUA PDE MORORO;;;;Atropelamento;Luz do Dia;;;Cruz;Pare;Residencial;0;1;0;0;0;0;0;0;0;1;0;0;-38,539949;-3,733752;;;
267522;24;9;2015;16:20;0;AV PERIMETRAL;;;1900;;Atropelamento;Luz do Dia;;;Meio de Quadra;;;0;1;0;0;0;0;0;0;0;1;0;0;-38,512641;-3,828754;;;
267518;24;9;2015;16:18;0;RUA AMADEU FURTADO;;;515;;Colisão;Luz do Dia;;;Meio de Quadra;;;0;1;0;1;0;0;0;0;0;1;0;0;-38,563164;-3,739962;;;
267499;24;9;2015;09:18;3820;AV 13 DE MAIO;AV CARAPINIMA;;;;Colisão;Luz do Dia;;;Cruz;Semáforo;Comercial;0;1;0;1;0;0;0;0;0;1;0;0;-38,540239;-3,740001;;;
267514;24;9;2015;11:46;0;RUA BOM JESUS (BARRA DO CEARA);;;1727;;Colisão;Luz do Dia;;;Meio de Quadra;;;0;1;0;1;0;0;0;0;0;1;0;0;;;;;
257235;24;9;2015;09:50;0;AV ALBERTO NEPOMUCENO;;;;;Colisão Transversal;Luz do Dia;Bom;Seca;Meio de Quadra;Pare;Comercial;0;2;1;0;0;0;0;0;0;1;0;0;-38,523501;-3,721788;;;
257225;24;9;2015;14:00;0;RUA PAULA NEI;;;773;;Outros;Luz do Dia;Bom;Seca;Meio de Quadra;Outros;Escola;0;0;1;1;0;0;0;0;0;0;0;0;;;;;
257249;24;9;2015;14:40;0;RUA PRIMEIRO DE JANEIRO;;;150;;Colisão Lateral;Luz do Dia;Bom;Seca;Meio de Quadra;Outros;Residencial;0;0;2;1;0;0;0;0;0;1;0;0;-38,564630;-3,785269;;;
257257;24;9;2015;09:20;26223;RUA ALBERTO FEITOSA LIMA;AV CHANC EDSON QUEIROZ;;;;Colisão Transversal;Luz do Dia;Bom;Seca;Cruz;Pare;Misto;0;1;1;1;0;0;0;0;0;1;0;0;;;;;
257262;24;9;2015;18:45;5439;RUA GAL CLARINDO DE QUEIROZ;RUA COS TRISTAO;;;;Colisão Lateral;Via Iluminada;Bom;Seca;Com Via Férrea;Gesto;Escola;0;0;2;1;1;0;0;0;0;0;0;0;-38,525038;-3,734367;;;
257290;24;9;2015;15:45;0;AV HERACLITO GRACA;;;100;;Colisão Lateral;Luz do Dia;Bom;Seca;Meio de Quadra;Não Há Controle;Comercial;0;1;1;1;0;0;0;0;0;1;0;0;-38,523826;-3,733731;;;
257296;24;9;2015;18:30;0;RUA DEP MOREIRA DA ROCHA;;;1221;;Colisão Traseira;Anoitecer;Bom;Seca;Meio de Quadra;Não Há Controle;Residencial;0;1;1;1;0;0;0;0;0;1;0;0;-38,502193;-3,727815;;;
257283;24;9;2015;17:00;13591;AV PONTES VIEIRA;AV RUI BARBOSA;;;;Colisão Transversal;Anoitecer;Bom;Seca;Cruz;Semáforo;Comercial;0;1;1;0;0;0;0;0;0;1;0;0;-38,513797;-3,752762;;;
257275;24;9;2015;10:00;0;AV PRO JOSE ARTHUR CARVALHO;;;1971;;Colisão Traseira;Luz do Dia;Bom;Seca;Meio de Quadra;Não Há Controle;Residencial;0;0;2;1;0;0;0;0;1;0;0;0;-38,462348;-3,825340;;;
257266;24;9;2015;23:30;3819;AV CARAPINIMA;RUA JUVENAL GALENO;;;;Colisão Transversal;;Bom;Seca;Cruz;Semáforo;Comercial;0;0;2;1;1;0;0;0;0;0;0;0;-38,539176;-3,738998;;;
257267;24;9;2015;16:30;0;AV PRS COSTA E SILVA;;;1801;;Atropelamento;Luz do Dia;Bom;Seca;Meio de Quadra;Não Há Controle;Misto;0;1;1;0;0;0;0;0;0;1;0;0;-38,565441;-3,817568;;;
257269;24;9;2015;20:45;0;AV ALBERTO CRAVEIRO;;;2770;CASTELAO;Engavetamento;Via Iluminada;Bom;Seca;Meio de Quadra;Não Há Controle;Misto;0;0;4;1;0;0;0;0;0;0;0;0;-38,523255;-3,805335;;;
257212;24;9;2015;12:45;0;AV RAD JOSE LIMA VERDE;;;150;;Colisão Transversal;Luz do Dia;Bom;Seca;Meio de Quadra;Pare;Lazer;0;0;2;1;1;0;0;0;0;0;0;0;;;;;
257221;24;9;2015;04:00;0;RUA DR BERNARDO DE CASTRO FEITOSA;;;;;Capotamento;;Bom;Seca;Meio de Quadra;Outros;Rural;0;1;0;1;0;0;0;0;0;0;0;0;;;;;
257181;24;9;2015;16:10;0;AV AGUANAMBI;;;;;Colisão Lateral;Luz do Dia;Bom;Seca;Meio de Quadra;Não Há Controle;Comercial;0;0;2;1;0;0;0;0;0;0;0;0;;;;;
257200;24;9;2015;09:30;0;RUA SABIA;;;479;;Colisão Lateral;Luz do Dia;Bom;Seca;Meio de Quadra;Não Há Controle;Residencial;0;0;2;0;0;0;1;0;0;0;0;0;-38,579241;-3,777780;;;
257138;24;9;2015;08:25;1525;AV PDE ANTONIO TOMAS;RUA BARBOSA DE FREITAS;;;;Colisão Lateral;Luz do Dia;Bom;Seca;Cruz;Semáforo;Misto;0;0;2;1;0;0;0;0;0;0;0;0;-38,498619;-3,740495;;;
257168;24;9;2015;11:16;0;AV AUGUSTO DOS ANJOS;;;755;;Colisão Transversal;Luz do Dia;Bom;Seca;Meio de Quadra;Pare;Residencial;0;1;1;1;0;0;0;0;0;1;0;0;;;;;
257126;24;9;2015;08:25;0;RUA EUSEBIO DE SOUZA;;;45;;Colisão Lateral;Luz do Dia;Bom;Seca;Meio de Quadra;Não Há Controle;Comercial;0;0;2;1;0;0;0;0;0;0;0;0;-38,525391;-3,738479;;;
257118;24;9;2015;14:50;0;RUA SENA MADUREIRA;;;1020;;Outros;Luz do Dia;Bom;Seca;Meio de Quadra;Não Há Controle;Comercial;0;0;2;1;0;0;0;0;0;1;0;0;-38,525618;-3,730041;;;
257120;24;9;2015;11:50;12833;AV EDUARDO GIRAO;RUA DAMASCENO GIRAO;;;;Colisão Traseira;Luz do Dia;Bom;Seca;Cruz;Semáforo;Comercial;0;0;2;1;0;0;1;0;0;0;0;0;-38,539292;-3,749257;;;
257121;24;9;2015;08:30;1538;AV PDE ANTONIO TOMAS;RUA LEONARDO MOTA;;;;Colisão Lateral;Luz do Dia;Bom;Seca;Cruz;Semáforo;Misto;0;0;2;1;0;0;0;0;0;0;0;0;-38,497662;-3,740811;;;
266724;24;9;2015;18:23;4370;AV JOSE SABOIA;RUA PRO HENRIQUE FIRMEZA;;;;Colisão;Anoitecer;;;Cruz;Pare;Comercial;0;0;1;0;0;0;1;0;0;0;0;0;-38,465564;-3,718659;;;
266725;24;9;2015;23:00;12533;RUA MARIA CLARA;AV CEL CARVALHO;;;;Colisão;;;;Cruz;Pare;Comercial;0;1;0;0;0;0;0;0;0;1;0;0;-38,585818;-3,725382;;;
266728;24;9;2015;23:30;13208;AV L CJ JOSE WALTER;AV E CJ JOSE WALTER;;;;Colisão;;;;Cruz;Pare;Residencial;0;1;0;1;0;0;0;0;0;1;0;0;-38,558385;-3,833997;;;
266734;25;9;2015;20:03;0;AV BEZERRA DE MENEZES;;;1630;;Colisão;;;;Meio de Quadra;;;0;1;0;0;1;0;0;0;1;0;0;0;-38,559177;-3,734558;;;
266732;25;9;2015;17:30;0;AV JOR THOMAZ COELHO;;;;;Atropelamento;Anoitecer;;;Meio de Quadra;;;0;1;0;0;1;0;0;0;0;0;0;0;;;;;
257270;25;9;2015;15:30;15804;RUA PERGENTINO MAIA;RUA ANTONINO BARROS;;;;Colisão Transversal;Luz do Dia;Bom;Seca;Cruz;Pare;Comercial;0;0;2;1;1;0;0;0;0;0;0;0;-38,488977;-3,831390;;;
257271;25;9;2015;00:45;1338;AV BAR STUDART;RUA TORRES CAMARA;;;;Colisão Lateral;Via Iluminada;Bom;Seca;Cruz;Semáforo;Comercial;0;1;1;0;0;0;0;0;0;1;0;0;-38,506944;-3,735624;;;
257272;25;9;2015;19:40;15298;RUA BARBOSA DE FREITAS;RUA ANA BILHAR;;;;Colisão Transversal;Via Iluminada;Bom;Seca;Cruz;Pare;Residencial;0;0;2;1;0;0;0;0;0;0;0;0;-38,495143;-3,729646;;;
257277;25;9;2015;20:10;1580;RUA NUNES VALENTE;RUA PDE VALDEVINO;;;;Colisão Transversal;Via Iluminada;Bom;Seca;Cruz;Pare;Comercial;0;0;2;1;0;0;0;0;0;0;0;0;-38,505782;-3,742608;;;
257280;25;9;2015;18:00;0;AV ABOLICAO;;;1898;;Colisão Lateral;Via Iluminada;Bom;Seca;Meio de Quadra;Não Há Controle;Comercial;0;0;2;1;0;0;0;1;0;0;0;0;-38,502057;-3,725221;;;
257287;25;9;2015;17:00;0;AV DOS EXPEDICIONARIOS;;;5717;;Colisão Traseira;Luz do Dia;Bom;Seca;Meio de Quadra;Não Há Controle;Misto;0;0;2;1;1;0;0;0;0;0;0;0;-38,542906;-3,770618;;;
257285;25;9;2015;12:50;8953;AV BEZERRA DE MENEZES;RUA TEOFILO GURGEL;;;;Colisão Traseira;Luz do Dia;Bom;Seca;Cruz;Não Há Controle;Comercial;0;1;1;1;0;0;0;0;0;1;0;0;-38,546109;-3,731856;;;
257299;25;9;2015;22:15;0;RUA JULIO LIMA;;;485;;Colisão Lateral;Via Iluminada;Bom;Seca;Meio de Quadra;Pare;Comercial;0;1;2;1;0;0;0;0;0;1;0;0;-38,500727;-3,796292;;;
257307;25;9;2015;13:40;0;RUA GONTRAN GIFFONI;;;384;;Colisão Frontal;Luz do Dia;Bom;Seca;Meio de Quadra;Pare;Residencial;0;0;2;1;0;0;0;0;0;1;0;0;-38,493980;-3,767007;;;
257291;25;9;2015;06:30;0;AV GAL OSORIO DE PAIVA;;;56;;Colisão Lateral;Luz do Dia;Bom;Seca;Meio de Quadra;Não Há Controle;Lazer;0;0;2;1;1;0;0;0;0;0;0;0;-38,562704;-3,772500;;;
257289;25;9;2015;21:40;10943;RUA ZACARIAS GONDIM;RUA DOM CARLOTO TAVORA;;;;Colisão Transversal;Via Iluminada;Bom;Seca;Cruz;Pare;Misto;0;1;1;1;0;0;0;0;0;1;0;0;-38,558785;-3,768945;;;
257295;25;9;2015;09:24;0;AV JOAO PESSOA;;;4960;;Colisão Transversal;Luz do Dia;Bom;Seca;Meio de Quadra;Pare;Comercial;0;1;1;0;1;0;0;1;0;0;0;0;-38,551854;-3,755106;;;
257263;25;9;2015;07:30;0;RUA TIRADENTES;;;503;;Colisão Traseira;Luz do Dia;Bom;Seca;Meio de Quadra;Não Há Controle;Residencial;0;0;2;1;0;0;0;1;0;0;0;0;-38,549054;-3,742127;;;
257265;25;9;2015;14:00;0;AV DOS EXPEDICIONARIOS;;;9968;;Colisão Lateral;Luz do Dia;Bom;Seca;Meio de Quadra;Não Há Controle;Comercial;0;0;2;1;0;0;0;0;0;0;0;0;-38,553153;-3,804517;;;
257261;25;9;2015;06:50;19173;RUA LAURO NOGUEIRA;RUA ALMEIDA PRADO;;;;Colisão Transversal;Luz do Dia;Bom;Seca;Cruz;Semáforo;Misto;0;1;1;0;0;0;1;0;0;1;0;0;-38,474392;-3,741333;;;
257256;25;9;2015;07:40;5450;RUA MAJ FACUNDO;RUA ANTONIO POMPEU;;;;Colisão Transversal;Luz do Dia;Bom;Seca;Cruz;Pare;Comercial;0;2;1;1;0;0;0;0;0;1;0;0;-38,530216;-3,734923;;;
257254;25;9;2015;09:00;0;AV ENG HUMBERTO MONTE;;;2677;;Colisão Traseira;Luz do Dia;Bom;Seca;Meio de Quadra;;Misto;0;0;2;1;0;0;0;0;0;0;0;0;-38,568860;-3,739038;;;
257252;25;9;2015;10:00;0;AV JOVITA FEITOSA;;;2680;;Colisão Traseira;Luz do Dia;Bom;Seca;Meio de Quadra;;Misto;0;0;2;1;0;0;0;0;0;0;0;0;-38,561140;-3,740797;;;
257250;25;9;2015;01:30;15225;RUA ILDEFONSO ALBANO;RUA TEN BENEVOLO;;;;Colisão Transversal;Via Iluminada;Bom;Seca;Cruz;Semáforo Intermitente;Comercial;0;1;2;1;0;0;1;0;0;0;0;0;-38,511332;-3,727294;;;
257247;25;9;2015;19:00;18442;RUA HAROLDO TORRES;AV GOV PARSIFAL BARROSO;;;;Colisão Lateral;Via Iluminada;Bom;Seca;Cruz;Pare;;0;0;2;1;0;0;0;0;0;0;0;0;-38,569192;-3,729724;;;
257244;25;9;2015;18:20;0;AV PERIMETRAL;;;;VIADUTO ANTONIO BEZERRA;Colisão Traseira;Anoitecer;Bom;Seca;Outros;Não Há Controle;Comercial;0;0;2;0;1;0;1;0;0;0;0;0;;;;;
257245;25;9;2015;09:00;22983;RUA BERNARDO MANUEL;RUA MONTEVIDEU;;;;Colisão Traseira;Luz do Dia;Bom;Seca;T;Não Há Controle;Residencial;0;1;1;1;0;0;0;0;0;1;0;0;-38,547555;-3,786181;;;
257328;25;9;2015;09:00;0;RUA BAR RIO BRANCO;;;1404;;Outros;Luz do Dia;Bom;Seca;Meio de Quadra;Semáforo;Comercial;0;0;2;1;0;0;0;0;0;0;0;0;-38,529576;-3,730574;;;
257334;25;9;2015;09:45;13107;AV C CJ JOSE WALTER;AV J CJ JOSE WALTER;;;;Colisão Lateral;Luz do Dia;Bom;Seca;Rotatória;Pare;Misto;0;1;1;1;0;0;0;0;0;1;0;0;-38,555025;-3,828939;;;
257341;25;9;2015;15:00;7714;AV CARNEIRO DE MENDONCA;RUA CORREIA LIMA D39;;;;Engavetamento;Luz do Dia;Bom;Seca;T;Pare;Comercial;0;0;3;1;0;0;0;0;0;0;0;0;-38,563013;-3,765889;;;
257325;25;9;2015;07:20;13436;AV ANTONIO SALES;RUA DR JOSE LOURENCO;;;;Colisão Lateral;Luz do Dia;Bom;Seca;Cruz;Semáforo;Comercial;0;0;2;1;0;0;0;0;0;0;0;0;-38,510450;-3,742954;;;
257313;25;9;2015;09:15;5302;AV TRISTAO GONCALVES;RUA PEDRO I;;;;Colisão Lateral;Luz do Dia;Bom;Seca;Cruz;Semáforo;Comercial;0;1;1;0;0;0;0;0;0;1;0;0;-38,533927;-3,729523;;;
257322;25;9;2015;13:30;0;RUA ANTONIO FIUZA;;;181;;Colisão Traseira;Luz do Dia;Bom;Seca;Meio de Quadra;Semáforo;Comercial;0;0;2;1;0;0;0;0;0;0;0;0;-38,551606;-3,768529;;;
257315;25;9;2015;08:30;13381;RUA JOAO BRIGIDO;RUA JOAO CORDEIRO;;;;Colisão Traseira;Luz do Dia;Bom;Seca;Cruz;Semáforo;Comercial;0;0;2;1;0;0;0;0;0;0;0;0;-38,517870;-3,739927;;;
257316;25;9;2015;07:50;0;AV GAL OSORIO DE PAIVA;;;1781;;Atropelamento;Luz do Dia;Bom;Seca;Meio de Quadra;Não Há Controle;Comercial;1;0;1;0;0;0;0;0;0;1;0;0;-38,578119;-3,782998;;;
257352;25;9;2015;12:30;15423;AV FRE CIRILO;RUA SILVEIRA DA MOTA;;;;Colisão Lateral;Luz do Dia;Bom;Seca;Cruz;Pare;Comercial;0;1;1;0;0;0;1;0;0;1;0;0;-38,498012;-3,815944;;;
267558;25;9;2015;05:53;0;AV GAL OSORIO DE PAIVA;;;848;;Queda;Amanhecer;;;Meio de Quadra;;;0;1;0;0;0;0;0;0;0;1;0;0;-38,569730;-3,777663;;;
267577;25;9;2015;06:58;7645;RUA ESTADO DO RIO;RUA PERNAMBUCO;;;;Colisão;Luz do Dia;;;Cruz;Pare;Misto;0;1;0;1;0;0;0;0;0;1;0;0;-38,570848;-3,758439;;;
267579;25;9;2015;07:35;0;AV SEN VIRGILIO TAVORA;;;1701;;Atropelamento;Luz do Dia;;;Meio de Quadra;;;0;1;0;0;0;1;0;0;0;0;0;0;-38,494129;-3,739875;;;
267606;25;9;2015;13:08;0;RUA 860 CJ CEARA;;;;;Colisão;Luz do Dia;;;Meio de Quadra;;;0;1;0;1;0;0;0;0;0;1;0;0;;;;;
267597;25;9;2015;12:09;17311;RUA ROMEU MARTINS;RUA JOAO FIRMINO;;;;Colisão;Luz do Dia;;;Cruz;Pare;Residencial;0;1;0;0;0;0;0;0;0;0;0;0;-38,555582;-3,764274;;;
267600;25;9;2015;12:14;0;AV MR HULL;;;;;Colisão;Luz do Dia;;;Meio de Quadra;;;0;1;0;0;0;0;1;0;0;1;0;0;;;;;
267594;25;9;2015;09:55;0;AV GAL OSORIO DE PAIVA;;;;;Atropelamento;Luz do Dia;;;Meio de Quadra;;;0;1;0;0;0;0;0;0;0;1;0;0;-38,569730;-3,777663;;;