COD_ACIDENTE;DIA;MES;ANO;HORA;INTERSECAO;LOG1;LOG2;LOG3;NUMERO;REFERENCIA;NATUREZA;ILUMINACAO;TEMPO;SUPERFICIEPISTA;TIPOCRUZAMENTO;CONTROLETRAFEGO;USOSOLO;MORTOS;FERIDOS;ILESOS;AUTOMOVEL;ONIBUS;BICICLETA;CAMINHAO;MICROONIBUS;CICLOMOTOR;MOTOCICLETA;TRACAOANIMAL;TREM;LONG;LAT;;;
267592;25;9;2015;09:36;5272;RUA PEDRO I;RUA TEREZA CRISTINA;;;;Colisão;Luz do Dia;;;Cruz;Pare;Residencial;0;1;0;0;0;0;0;0;0;0;0;0;-38,537196;-3,728475;;;
267582;25;9;2015;07:56;0;AV CARNEIRO DE MENDONCA;;;229;;Queda;Luz do Dia;;;Meio de Quadra;;;0;1;0;0;0;0;0;0;0;1;0;0;-38,561819;-3,766390;;;
267583;25;9;2015;08:22;25780;AV GAL OSORIO DE PAIVA;RUA ENG LUIS MONTENEGRO;;;;Colisão;Luz do Dia;;;;;;0;1;0;0;0;0;0;0;0;0;0;0;;;;;
267588;25;9;2015;09:00;8953;AV BEZERRA DE MENEZES;RUA TEOFILO GURGEL;;;;Colisão;Luz do Dia;;;Cruz;Não Há Controle;Comercial;0;1;0;1;0;0;0;0;0;1;0;0;-38,546109;-3,731856;;;
267585;25;9;2015;08:33;0;AV 13 DE MAIO;;;;;Queda;Luz do Dia;;;Meio de Quadra;;;0;1;0;0;0;0;0;0;0;1;0;0;;;;;
267630;25;9;2015;15:36;1360;RUA JOAQUIM NABUCO;RUA DES LEITE ALBUQUERQUE;;;;Colisão;Luz do Dia;;;Cruz;Pare;Comercial;0;1;0;1;0;0;0;0;0;1;0;0;-38,501621;-3,736273;;;
267635;25;9;2015;15:41;0;RUA BERNARDO MANUEL;;;7142;;Queda;Luz do Dia;;;Meio de Quadra;;;0;1;0;0;0;0;0;0;0;1;0;0;-38,545751;-3,780200;;;
267614;25;9;2015;13:27;7403;AV SEN FERNANDES TAVORA;RUA ARACAJU;;;;Colisão;Luz do Dia;;;Cruz;Outros;Comercial;0;1;0;0;0;0;0;0;0;0;0;0;-38,587377;-3,759398;;;
267615;25;9;2015;14:54;0;AV JOR THOMAZ COELHO;;;;;Atropelamento;Luz do Dia;;;Meio de Quadra;;;0;1;0;0;1;0;0;0;0;0;0;0;;;;;
267639;25;9;2015;16:08;0;AV BEZERRA DE MENEZES;;;1582;;Colisão;Luz do Dia;;;Meio de Quadra;;;0;1;0;0;0;0;0;0;0;0;0;0;-38,558731;-3,734465;;;
267643;25;9;2015;17:39;0;AV SEN FERNANDES TAVORA;;;3250;;Colisão;Anoitecer;;;Meio de Quadra;;;0;1;0;0;0;0;0;0;0;0;0;0;-38,600903;-3,754643;;;
267646;25;9;2015;19:12;0;RUA CEL VIRGILIO NOGUEIRA (BOM JARDIM);;;654;;Colisão;;;;Meio de Quadra;;;0;1;1;0;1;0;0;0;0;0;0;0;;;;;
267653;25;9;2015;22:42;0;AV MR HULL;;;;;Colisão;;;;Meio de Quadra;;;0;1;0;0;0;0;0;0;0;0;0;0;;;;;
267651;25;9;2015;20:02;0;RUA CEL VIRGILIO NOGUEIRA (BOM JARDIM);;;654;;Atropelamento;;;;Meio de Quadra;;;0;1;0;0;0;0;0;0;0;0;0;0;;;;;
257356;25;9;2015;09:30;0;AV BORGES DE MELO;;;1881;GRESSE;Colisão Lateral;Luz do Dia;Bom;Seca;Meio de Quadra;Não Há Controle;Outros;0;1;1;1;0;0;0;0;0;1;0;0;-38,535401;-3,755342;;;
257357;25;9;2015;07:15;23510;RUA ANA GONCALVES;RUA ALVARO BOMILCAR;;;;Colisão Lateral;Luz do Dia;Bom;Molhada;Cruz;Pare;Residencial;0;1;1;1;0;0;0;0;0;1;0;0;-38,509612;-3,759283;;;
257358;25;9;2015;12:00;26225;RUA FRE ODILON;RUA LICURGO MONTENEGRO;;;;Colisão Lateral;Luz do Dia;Bom;Seca;Cruz;Não Há Controle;Residencial;0;1;1;1;0;0;0;0;0;1;0;0;-38,572366;-3,735009;;;
257359;25;9;2015;18:30;0;AV CARAPINIMA;;;1744;;Colisão Transversal;Via Iluminada;Bom;Seca;Meio de Quadra;Não Há Controle;Comercial;0;0;2;1;0;0;0;0;0;0;0;0;-38,537225;-3,737077;;;
257385;25;9;2015;09:00;0;AV PERIMETRAL;;;;VIADUTO ANTONIO BEZERRA;Colisão Lateral;Luz do Dia;Bom;Molhada;Outros;Não Há Controle;Comercial;0;1;1;0;1;0;0;0;0;1;0;0;;;;;
257363;25;9;2015;21:00;9131;AV 13 DE MAIO;RUA BAR ARATANHA;;;;Colisão Lateral;Via Iluminada;Bom;Seca;Cruz;Semáforo;Comercial;0;0;2;1;0;0;0;0;0;0;0;0;-38,531331;-3,747615;;;
257379;25;9;2015;18:45;0;AV PDE ANTONIO TOMAS;;;2426;;Colisão Lateral;Mal Iluminada;Bom;Seca;Meio de Quadra;Outros;Residencial;0;0;2;1;0;0;0;0;0;0;0;0;-38,490272;-3,743220;;;
257371;25;9;2015;17:10;15280;RUA TEN BENEVOLO;RUA DR JOSE LOURENCO;;;;Colisão Transversal;Luz do Dia;Bom;Seca;Cruz;Pare;Comercial;0;0;2;1;0;0;0;0;0;0;0;0;-38,506010;-3,729029;;;
269752;25;9;2015;18:44;6564;AV G CJ CEARA;AV H CJ CEARA;;;;Colisão;;;;T;Pare;Misto;1;0;1;1;0;0;0;0;0;1;0;0;-38,609372;-3,775702;;;
265051;25;9;2015;12:34;0;AV DR SILAS MUNGUBA;;;;;Colisão;Luz do Dia;;;Meio de Quadra;;;0;0;2;1;0;0;0;0;0;0;0;0;;;;;
271537;25;9;2015;09:06;0;AV ENG HUMBERTO MONTE;;;224;;Colisão;Luz do Dia;;;Meio de Quadra;;;0;0;2;0;0;0;0;0;0;0;0;0;;;;;
271540;25;9;2015;09:21;0;AV DR SILAS MUNGUBA;;;3850;;Colisão;Luz do Dia;;;Meio de Quadra;;;0;0;2;0;0;0;0;0;0;0;0;0;-38,539368;-3,790708;;;
271541;25;9;2015;10:37;0;RUA ALVORADA;;;175;;Colisão;Luz do Dia;;;Meio de Quadra;;;0;0;2;0;0;0;0;0;0;0;0;0;;;;;
271543;25;9;2015;10:38;12837;RUA JAIME BENEVOLO;AV DOMINGOS OLIMPIO;;;;Colisão;Luz do Dia;;;Cruz;Semáforo;Comercial;0;0;2;0;0;0;0;0;0;0;0;0;-38,527245;-3,737780;;;
271548;25;9;2015;13:55;0;RUA PAULA RODRIGUES;;;15;;Colisão;Luz do Dia;;;Meio de Quadra;;;0;0;2;0;0;0;0;0;0;0;0;0;;;;;
271549;25;9;2015;14:57;2464;RUA GRACA ARANHA;RUA 14 DE MAIO;;;;Choque c/ Obstáculo Fixo;Luz do Dia;;;;;;0;0;1;0;0;0;0;0;0;0;0;0;-38,573028;-3,707896;;;
271550;25;9;2015;15:02;0;RUA 7 DE ABRIL;;;;;Colisão;Luz do Dia;;;Meio de Quadra;;;0;0;2;0;0;0;0;0;0;0;0;0;;;;;
271552;25;9;2015;20:16;0;RUA MARTINS CARVALHO;;;;;Atropelamento;;;;Meio de Quadra;;;0;0;2;0;0;0;0;0;0;0;0;0;;;;;
271545;25;9;2015;11:17;0;RUA FRANCISCO LEANDRO;;;;;Colisão;Luz do Dia;;;Meio de Quadra;;;0;0;2;0;0;0;0;0;0;0;0;0;;;;;
259253;25;9;2015;09:30;0;RD BR 116;;;4000;KM-04;Colisão Traseira;Luz do Dia;Bom;Seca;Meio de Quadra;Não Há Controle;Comercial;0;1;1;0;0;0;1;0;0;1;0;0;-38,510646;-3,788331;;;
259254;25;9;2015;12:32;0;RD BR 116;;;7000;KM-07;Atropelamento;Luz do Dia;Bom;Seca;Meio de Quadra;Não Há Controle;Comercial;0;2;0;0;0;0;0;0;0;1;0;0;-38,501101;-3,813246;;;
259285;25;9;2015;10:45;0;RD BR 222;;;;;Colisão Lateral;Luz do Dia;Bom;Seca;Meio de Quadra;Não Há Controle;Comercial;0;2;1;0;0;0;1;0;0;1;0;0;;;;;
259640;25;9;2015;08:00;0;RD CE-040;;;;KM-10;Colisão;Luz do Dia;Bom;Seca;Meio de Quadra;Não Há Controle;Comercial;0;1;1;1;0;0;0;0;0;1;0;0;-38,480068;-3,838671;;;
259641;26;9;2015;14:50;0;AV SEN CARLOS JEREISSATI (AEROPORTO);;;;KM 03;Colisão;Luz do Dia;Bom;Seca;Meio de Quadra;;Comercial;0;0;2;1;0;0;0;0;0;0;0;0;-38,541414;-3,780382;;;
259645;26;9;2015;17:00;0;RD CE-040;;;;KM-11;Colisão;Anoitecer;Bom;Seca;Meio de Quadra;;Comercial;0;2;0;1;0;0;0;0;0;1;0;0;-38,480252;-3,844873;;;
259256;26;9;2015;06:00;0;RD BR 116;;;14000;KM-14;Choque c/ Obstáculo Fixo;Luz do Dia;Bom;Seca;Meio de Quadra;Não Há Controle;Comercial;0;0;1;1;0;0;0;0;0;0;0;0;-38,499242;-3,873523;;;
259257;26;9;2015;11:25;0;RD BR 116;;;8000;KM-08;Colisão Lateral;Luz do Dia;Bom;Seca;Meio de Quadra;Não Há Controle;Comercial;0;2;2;1;0;0;0;0;0;1;0;0;-38,503269;-3,822018;;;
271559;26;9;2015;10:17;0;RUA OSCAR BEZERRA ARAUJO;;;44;;Colisão;Luz do Dia;;;Meio de Quadra;;;0;0;2;0;0;0;0;0;0;0;0;0;-38,557849;-3,761446;;;
271563;26;9;2015;11:21;0;RUA EQUADOR;;;1060;;Colisão;Luz do Dia;;;Meio de Quadra;;;0;0;2;0;0;0;0;0;0;0;0;0;-38,553372;-3,776948;;;
271565;26;9;2015;12:58;0;AV 20 DE JANEIRO;;;885;;Colisão;Luz do Dia;;;Meio de Quadra;;;0;0;2;0;0;0;0;0;0;0;0;0;-38,577834;-3,707173;;;
271567;26;9;2015;13:06;14668;RUA JUNIOR ROCHA;RUA DES AVELAR;;;;Colisão;Luz do Dia;;;Cruz;Não Há Controle;Misto;0;0;2;0;0;0;0;0;0;0;0;0;-38,488059;-3,794660;;;
271570;26;9;2015;13:16;0;RUA FRANCISCA HELENA;;;459;;Colisão;Luz do Dia;;;Meio de Quadra;;;0;0;2;0;0;0;0;0;0;0;0;0;-38,462611;-3,806624;;;
271572;26;9;2015;14:41;0;AV CEL CARVALHO;;;163;;Colisão;Luz do Dia;;;Meio de Quadra;;;0;0;2;0;0;0;0;0;0;0;0;0;-38,591308;-3,704402;;;
271573;26;9;2015;14:57;0;RUA VITORIA REGIA;;;;;Colisão;Luz do Dia;;;Meio de Quadra;;;0;0;2;0;0;0;0;0;0;0;0;0;;;;;
271574;26;9;2015;15:44;0;AV ROGACIANO LEITE;;;2176;;Colisão;Luz do Dia;;;Meio de Quadra;;;0;0;2;0;0;0;0;0;0;0;0;0;-38,499236;-3,774111;;;
271582;26;9;2015;16:37;0;AV CONTORNO NORTE D71;;;1395;;Colisão;Luz do Dia;;;Meio de Quadra;;;0;0;2;0;0;0;0;0;0;0;0;0;-38,589431;-3,811850;;;
271576;26;9;2015;16:10;0;AV ENG SANTANA JUNIOR;;;;;Colisão;Luz do Dia;;;Meio de Quadra;;;0;0;2;0;0;0;0;0;0;0;0;0;;;;;
271578;26;9;2015;16:34;25519;AV ALM HENRIQUE SABOIA;AV GOV RAUL BARBOSA;;;;Colisão;Luz do Dia;;;Y;Não Há Controle;Residencial;0;0;2;0;0;0;0;0;0;0;0;0;-38,504580;-3,758466;;;
271585;26;9;2015;18:21;21391;RUA CHICO LEMOS;RUA MAL LOTT;;;;Colisão;Anoitecer;;;Cruz;Pare;Residencial;0;0;2;0;0;0;0;0;0;0;0;0;-38,494904;-3,800779;;;
271587;26;9;2015;18:52;6584;AV J CJ CEARA;AV H CJ CEARA;;;;Atropelamento;;;;Cruz;Outros;Residencial;0;0;2;0;0;0;0;0;0;0;0;0;-38,621543;-3,777092;;;
271589;26;9;2015;19:35;19331;RUA PRO GOMES BRASIL;AV GAL OSORIO DE PAIVA;;;;Colisão;;;;Cruz;Semáforo;Comercial;0;0;2;0;0;0;0;0;0;0;0;0;-38,566451;-3,775618;;;
271591;26;9;2015;22:23;12954;RUA BERNARDO MANUEL;AV PRS COSTA E SILVA;;;;Colisão;;;;;;;0;0;2;0;0;0;0;0;0;0;0;0;-38,558276;-3,821079;;;
271592;26;9;2015;20:45;0;AV H CJ CEARA;;;;;Colisão;;;;Meio de Quadra;;;0;0;2;0;0;0;0;0;0;0;0;0;;;;;
271594;26;9;2015;20:45;0;AV CENTRAL;;;1375;;Colisão;;;;Meio de Quadra;;;0;0;2;0;0;0;0;0;0;0;0;0;;;;;
271601;26;9;2015;22:53;4219;RUA BAR CRATO;RUA DR ALMEIDA FILHO;;;;Colisão;;;;Cruz;Pare;Misto;0;0;2;0;0;0;0;0;0;0;0;0;-38,559614;-3,721259;;;
271602;26;9;2015;22:55;0;RUA DES PRAXEDES;;;;;Colisão;;;;Meio de Quadra;;;0;0;2;0;0;0;0;0;0;0;0;0;;;;;
271599;26;9;2015;22:13;0;RUA TEODOMIRO DE CASTRO;;;4190;;Colisão;;;;Meio de Quadra;;;0;0;2;0;0;0;0;0;0;0;0;0;-38,571527;-3,719159;;;
265053;26;9;2015;00:03;611;RUA FRANCISCO SALGADO;RUA DOM JOSE TUPINAMBA;;;;Colisão;;;;;;;0;0;2;1;0;0;0;0;0;0;0;0;-38,565180;-3,713591;;;
265054;26;9;2015;23:46;0;AV DR SILAS MUNGUBA;;;;;Colisão;;;;Meio de Quadra;;;0;0;2;1;0;0;0;0;0;0;0;0;;;;;
257381;26;9;2015;05:00;15309;RUA JOSE VILAR;RUA TEN BENEVOLO;;;;Choque c/ Obstáculo Fixo;Amanhecer;Bom;Seca;Cruz;Semáforo;Residencial;0;1;0;1;0;0;0;0;0;0;0;0;-38,502809;-3,730049;;;
257364;26;9;2015;08:40;1358;AV DES MOREIRA;AV SANTOS DUMONT;;;;Colisão Transversal;Luz do Dia;Bom;Seca;Cruz;Semáforo;Comercial;0;0;2;1;1;0;0;0;0;0;0;0;-38,498365;-3,736226;;;
257387;26;9;2015;12:00;23433;RUA PRO CARVALHO;RUA MON SALAZAR;;;;Colisão Transversal;Luz do Dia;Bom;Seca;Cruz;Pare;Residencial;0;1;1;1;0;0;0;0;0;1;0;0;-38,514308;-3,756146;;;
257398;26;9;2015;21:30;0;RUA BOM JESUS (GRANJA LISBOA);;;1834;;Atropelamento;Não Iluminada;Bom;Seca;Meio de Quadra;Não Há Controle;Comercial;1;1;0;1;0;0;0;0;0;1;0;0;;;;;
257394;26;9;2015;04:10;0;AV CARNEIRO DE MENDONCA;;;1280;;Colisão Transversal;;Bom;Seca;Meio de Quadra;Não Há Controle;Comercial;0;0;2;1;1;0;0;0;0;0;0;0;-38,570401;-3,762158;;;
257432;26;9;2015;09:45;5272;RUA PEDRO I;RUA TEREZA CRISTINA;;;;Colisão Transversal;Luz do Dia;Bom;Seca;Cruz;Pare;Residencial;0;2;0;1;0;0;0;0;0;1;0;0;-38,537196;-3,728475;;;
257426;26;9;2015;10:55;22081;RUA GUSTAVO BRAGA;RUA CAP FRANCISCO PEDRO;;;;Colisão Transversal;Luz do Dia;Bom;Seca;Cruz;Pare;Residencial;0;0;2;0;0;0;0;0;0;1;0;0;-38,552452;-3,751155;;;
257448;26;9;2015;15:50;25521;RUA CON DE CASTRO;RUA WALDIR DIOGO;;;;Colisão Lateral;Luz do Dia;Bom;Molhada;T;Pare;Misto;0;0;2;1;0;0;0;0;0;1;0;0;-38,589176;-3,801878;;;
257452;26;9;2015;12:13;12849;RUA ASSUNCAO;RUA SALDANHA MARINHO;;;;Colisão Transversal;Luz do Dia;Bom;Seca;Cruz;Pare;Residencial;0;0;2;1;0;0;0;0;0;0;0;0;-38,531231;-3,742314;;;
257441;26;9;2015;11:45;0;AV DR SILAS MUNGUBA;;;4361;;Colisão Traseira;Luz do Dia;Bom;Seca;Meio de Quadra;Não Há Controle;Residencial;0;0;2;1;0;0;0;0;0;0;0;0;-38,536837;-3,791731;;;
257434;26;9;2015;07:50;12863;AV DOMINGOS OLIMPIO;RUA FLORIANO PEIXOTO;;;;Colisão Transversal;Luz do Dia;Bom;Seca;Cruz;Pare;Comercial;0;0;3;1;0;0;0;0;0;1;0;0;-38,530313;-3,736976;;;
257438;26;9;2015;18:30;9677;RUA GUARAREMA;RUA DR FERNANDO AUGUSTO;;;;Colisão Traseira;Anoitecer;Bom;Seca;;Não Há Controle;Residencial;0;0;2;1;0;0;0;0;0;0;0;0;-38,619448;-3,787820;;;
257439;26;9;2015;06:20;0;RUA DOZE;;;;;Colisão Lateral;Luz do Dia;Bom;Seca;Meio de Quadra;Não Há Controle;Residencial;0;0;2;0;0;0;0;0;0;1;0;0;;;;;
257458;26;9;2015;18:19;2742;RUA OSCAR ARARIPE;RUA MARIA JULIA;;;;Colisão Lateral;Anoitecer;Bom;Seca;Cruz;Semáforo;Comercial;0;1;1;1;0;0;0;0;0;1;0;0;-38,599484;-3,791130;;;
257444;26;9;2015;13:30;0;AV GODOFREDO MACIEL;;;2803;;Colisão Traseira;Luz do Dia;Bom;Seca;Meio de Quadra;Semáforo;Comercial;0;0;4;1;0;0;0;0;0;0;0;0;-38,570998;-3,799953;;;
257454;26;9;2015;08:00;4193;AV FRANCISCO SA;RUA DOM HELIO CAMPOS D21;;;;Colisão Transversal;Luz do Dia;Bom;Seca;T;Pare;Comercial;0;0;2;1;1;0;0;0;0;0;0;0;-38,556428;-3,717711;;;
257455;26;9;2015;09:30;21938;RUA PDE PERDIGAO SAMPAIO;RUA MENDES JUNIOR;;;;Colisão;Luz do Dia;Bom;Seca;Cruz;Cancela;Residencial;0;3;0;0;0;0;0;0;0;1;0;0;-38,595225;-3,736097;;;
267661;26;9;2015;04:49;0;AV PRS CASTELO BRANCO;;;4334;;Atropelamento;;;;Meio de Quadra;;;0;1;1;1;0;0;0;0;0;0;0;0;-38,571060;-3,707434;;;
267664;26;9;2015;08:43;0;AV PERIMETRAL;;;355;;Colisão;Luz do Dia;;;Meio de Quadra;;;0;1;1;1;0;0;0;0;0;1;0;0;;;;;
267665;26;9;2015;10:31;21376;AV JOVITA FEITOSA;RUA PRO NOGUEIRA;;;;Colisão;Luz do Dia;;;Cruz;Pare;Comercial;0;1;0;0;0;0;0;0;0;0;0;0;-38,548839;-3,738280;;;
267668;26;9;2015;10:56;0;RUA HONORIO VIEIRA;;;550;;Colisão;Luz do Dia;;;Meio de Quadra;;;0;1;1;1;0;0;0;0;0;1;0;0;-38,487089;-3,792126;;;
267670;26;9;2015;11:37;23433;RUA MON SALAZAR;RUA PRO CARVALHO;;;;Colisão;Luz do Dia;;;Cruz;Pare;Residencial;0;1;0;1;0;0;0;0;0;1;0;0;-38,514308;-3,756146;;;
267655;26;9;2015;02:42;0;AV SIQUEIRA CAMPOS;;;9945;;Atropelamento;;;;Meio de Quadra;;;0;1;0;0;0;0;0;0;0;1;0;0;;;;;
267656;26;9;2015;03:45;0;AV ALM BARROSO;;;465;;Colisão;;;;Meio de Quadra;;;0;1;0;1;0;0;0;0;0;1;0;0;-38,518998;-3,720692;;;
267694;26;9;2015;18:28;0;RUA MARCELINO LOPES;;;167;;Colisão;Anoitecer;;;Meio de Quadra;;;0;1;0;0;0;0;0;0;0;0;0;0;;;;;
267691;26;9;2015;15:59;6128;RUA MIN ALBUQUERQUE LIMA;AV B CJ CEARA;;;;Queda;Luz do Dia;;;Cruz;Semáforo;Residencial;0;1;0;0;0;0;0;0;0;1;0;0;-38,607506;-3,768744;;;
267692;26;9;2015;16:23;0;RUA CRUZ ABREU;;;1195;;Queda;Luz do Dia;;;Meio de Quadra;;;0;1;0;0;0;0;0;0;0;1;0;0;-38,504945;-3,757251;;;
267701;26;9;2015;19:50;2742;RUA OSCAR ARARIPE;RUA MARIA JULIA;;;;Colisão;;;;Cruz;Semáforo;Comercial;0;1;0;1;0;0;0;0;0;1;0;0;-38,599484;-3,791130;;;
267698;26;9;2015;18:57;0;AV PERIMETRAL;;;384;;Colisão;;;;Meio de Quadra;;;0;1;0;1;0;0;0;0;0;1;0;0;;;;;
267706;26;9;2015;20:31;0;AV CENTRAL CJ CEARA;;;1372;;Queda;;;;Meio de Quadra;;;0;1;0;0;0;0;0;0;0;1;0;0;;;;;
267674;26;9;2015;15:33;0;AV GAL OSORIO DE PAIVA;;;8030;;Atropelamento;Luz do Dia;;;Meio de Quadra;;;0;1;0;1;0;0;0;0;0;0;0;0;-38,618194;-3,821352;;;
267672;26;9;2015;13:06;0;AV WASHINGTON SOARES;;;;;Colisão;Luz do Dia;;;Meio de Quadra;;;0;1;0;1;0;0;0;0;0;1;0;0;;;;;
267680;26;9;2015;15:48;0;RUA TEN BENEVOLO;;;2171;;Atropelamento;Luz do Dia;;;Meio de Quadra;;;0;1;0;0;1;0;0;0;0;0;0;0;-38,502089;-3,730280;;;
267687;26;9;2015;15:56;0;AV CASTANHOLEIRAS;;;415;;Colisão;Luz do Dia;;;Meio de Quadra;;;0;1;1;1;0;0;0;0;0;1;0;0;-38,468565;-3,753089;;;
267708;26;9;2015;21:28;0;AV SEN FERNANDES TAVORA;;;1417;;Colisão;;;;Meio de Quadra;;;0;1;0;0;0;0;0;0;0;1;0;0;;;;;
267711;26;9;2015;21:38;0;RUA GAL GOIS MONTEIRO;;;506;;Colisão;;;;Meio de Quadra;;;0;1;1;1;0;0;0;0;0;0;0;0;;;;;
267712;26;9;2015;22:18;0;RUA CEL MATOS DOURADO;;;745;;Queda;;;;Meio de Quadra;;;0;1;0;0;0;0;0;0;0;1;0;0;-38,584858;-3,745420;;;
267714;26;9;2015;23:45;0;AV PERIMETRAL;;;2067;;Colisão;;;;Meio de Quadra;;;0;1;1;0;0;0;0;0;0;0;0;0;-38,562983;-3,818898;;;
267715;26;9;2015;23:59;0;AV PRS CASTELO BRANCO;;;1025;;Atropelamento;;;;Meio de Quadra;;;0;1;0;1;0;0;0;0;0;0;0;0;-38,532818;-3,719021;;;
257317;26;9;2015;09:30;0;RUA RAIMUNDO FROTA;;;200;;Colisão Lateral;Luz do Dia;Bom;Seca;Meio de Quadra;Não Há Controle;Residencial;0;0;2;1;0;0;0;0;0;0;0;0;;;;;
257303;26;9;2015;02:30;2769;RUA OSCAR FRANCA;RUA RAIMUNDO PINHEIRO;;;;Colisão Transversal;Via Iluminada;Bom;Seca;Cruz;Pare;Escola;0;0;2;1;0;0;0;0;0;0;0;0;-38,598091;-3,792414;;;
257312;26;9;2015;10:20;0;AV MOZART PINHEIRO DE LUCENA;;;2360;;Colisão Traseira;Luz do Dia;Bom;Seca;Meio de Quadra;Não Há Controle;Comercial;0;0;2;1;0;0;0;0;0;1;0;0;-38,597481;-3,724414;;;
266736;26;9;2015;04:30;0;AV CARNEIRO DE MENDONCA;;;1280;;Colisão;;;;Meio de Quadra;;;0;2;0;0;0;0;0;0;0;1;0;0;-38,570401;-3,762158;;;
266738;26;9;2015;22:59;0;AV DIOGUINHO;;;934;;Colisão;;;;Meio de Quadra;;;1;1;1;0;0;0;0;0;0;1;0;0;;;;;
266745;27;9;2015;23:00;0;RUA CON LIMA SUCUPIRA;;;;;Colisão;;;;Meio de Quadra;;;0;1;0;0;0;0;0;0;0;1;0;0;;;;;
267716;27;9;2015;03:45;0;AV SIQUEIRA CAMPOS;;;967;;Atropelamento;;;;Meio de Quadra;;;0;1;0;1;0;0;0;0;0;0;0;0;-38,624155;-3,816629;;;
267718;27;9;2015;04:09;0;RUA PANTANAL;;;501;;Queda;;;;Meio de Quadra;;;0;1;0;0;0;0;0;0;0;1;0;0;;;;;
267721;27;9;2015;06:00;0;RUA BOA VISTA;;;674;;Colisão;Luz do Dia;;;Meio de Quadra;;;0;1;0;0;0;0;0;0;0;0;0;0;-38,586394;-3,768848;;;
267722;27;9;2015;10:19;0;RUA OSCAR ARARIPE;;;1388;;Colisão;Luz do Dia;;;Meio de Quadra;;;0;1;0;0;0;0;0;0;0;0;0;0;-38,603696;-3,789800;;;
267723;27;9;2015;12:09;0;RUA WALDIR DIOGO;;;695;;Colisão;Luz do Dia;;;Meio de Quadra;;;0;1;0;1;0;0;0;0;0;1;0;0;-38,584211;-3,805105;;;
267724;27;9;2015;12:10;0;RUA PDE PEDRO DE ALENCAR;;;;;Colisão;Luz do Dia;;;Meio de Quadra;;;0;1;0;1;0;0;0;0;0;1;0;0;;;;;
267725;27;9;2015;12:31;0;RUA SABIAGUABA;;;;;Colisão;Luz do Dia;;;Meio de Quadra;;;0;1;0;0;0;0;0;0;0;0;0;0;;;;;
267726;27;9;2015;12:45;0;RUA NOSSA SRA DAS GRACAS;;;942;;Colisão;Luz do Dia;;;Meio de Quadra;;;0;1;0;1;0;1;0;0;0;0;0;0;-38,556371;-3,709387;;;
267727;27;9;2015;13:23;0;RUA CARLOS WALRAVEN;;;662;;Colisão;Luz do Dia;;;Meio de Quadra;;;0;1;0;1;0;0;0;0;0;1;0;0;-38,595486;-3,718786;;;
267728;27;9;2015;15:22;0;AV N CJ JOSE WALTER;;;1151;;Colisão;Luz do Dia;;;Meio de Quadra;;;0;1;1;1;0;0;0;0;0;1;0;0;-38,560357;-3,831888;;;
267729;27;9;2015;17:33;21580;RUA AGAMENON;RUA DOM XISTO ALBANO;;;;Queda;Anoitecer;;;;;;0;1;0;0;0;0;0;0;0;1;0;0;-38,583564;-3,794831;;;
267730;27;9;2015;18:48;0;AV HERACLITO GRACA;;;84;;Colisão;;;;Meio de Quadra;;;0;1;0;1;0;0;0;0;0;1;0;0;;;;;
267731;27;9;2015;20:34;0;RD DR MENDEL STEINBRUCH;;;4739;;Colisão;;;;Meio de Quadra;;;0;1;0;1;0;0;0;0;0;1;0;0;;;;;
267733;27;9;2015;21:23;0;AV A CJ JOSE WALTER;;;;;Queda;;;;Meio de Quadra;;;0;1;0;0;0;1;0;0;0;0;0;0;;;;;
267734;27;9;2015;21:29;22849;RUA DR JUSTA ARAUJO D45;RUA CON LIMA SUCUPIRA;;;;Colisão;;;;Cruz;Pare;Misto;0;1;0;0;0;0;0;0;0;1;0;0;-38,550832;-3,778167;;;
257457;27;9;2015;14:30;0;AV PRAIA DE SABIAGUABA;;;;;Colisão Frontal;Luz do Dia;Bom;Seca;Meio de Quadra;Outros;Outros;0;2;0;1;0;0;0;0;0;0;0;0;;;;;
257459;27;9;2015;06:00;12762;AV BORGES DE MELO;RUA JORGE DUMAR;;;;Colisão Transversal;;Nublado;Molhada;Cruz;Semáforo;Comercial;0;1;1;1;0;0;0;0;0;1;0;0;-38,539369;-3,752695;;;
257466;27;9;2015;20:22;3242;RUA JOSE ARISTOTELES GONDIM;RUA PRIMEIRO DE MAIO D34;;;;Colisão Transversal;Via Iluminada;Bom;Seca;Cruz;Pare;Residencial;0;0;2;1;0;0;0;0;0;0;0;0;-38,586280;-3,783524;;;
257468;27;9;2015;18:30;15145;AV HIS RAIMUNDO GIRAO;AV BAR STUDART;;;;Colisão Lateral;Anoitecer;Bom;Seca;Cruz;Semáforo;Residencial;0;0;2;1;0;0;0;0;0;1;0;0;-38,503367;-3,724494;;;
257462;27;9;2015;16:30;1480;RUA EDUARDO GARCIA;RUA VICENTE LEITE;;;;Colisão Transversal;Via Iluminada;Bom;Seca;Cruz;Pare;Residencial;0;0;2;1;0;0;0;0;0;0;0;0;-38,496056;-3,739155;;;
257470;27;9;2015;09:00;613;RUA FREDERICO ANDRADE;RUA ANTONIO FONTENELE;;;;Colisão Transversal;Luz do Dia;Bom;Seca;Cruz;Pare;Residencial;0;0;2;1;0;0;0;0;0;0;0;0;-38,565388;-3,715989;;;
257473;27;9;2015;12:00;7694;RUA RIO GRANDE DO SUL;RUA RIO GRANDE DO NORTE;;;;Choque c/ Obstáculo Fixo;Luz do Dia;Bom;Seca;Cruz;Pare;Residencial;0;1;1;1;0;0;0;0;0;0;0;0;-38,567559;-3,758617;;;