COD_ACIDENTE;DIA;MES;ANO;HORA;INTERSECAO;LOG1;LOG2;LOG3;NUMERO;REFERENCIA;NATUREZA;ILUMINACAO;TEMPO;SUPERFICIEPISTA;TIPOCRUZAMENTO;CONTROLETRAFEGO;USOSOLO;MORTOS;FERIDOS;ILESOS;AUTOMOVEL;ONIBUS;BICICLETA;CAMINHAO;MICROONIBUS;CICLOMOTOR;MOTOCICLETA;TRACAOANIMAL;TREM;LONG;LAT;;;
257477;27;9;2015;10:00;0;AV GOV RAUL BARBOSA;;;;;Colisão Lateral;Luz do Dia;Bom;Seca;Meio de Quadra;Outros;Comercial;0;0;2;1;0;0;1;0;0;0;0;0;;;;;
257480;27;9;2015;19:25;24221;RUA JOSE CARLOS GURGEL NOGUEIRA;RUA PRO HERACLITO;;;;Colisão Lateral;Via Iluminada;Bom;Seca;Cruz;Pare;Residencial;0;1;1;0;0;0;0;0;0;1;0;0;-38,473860;-3,732973;;;
257453;27;9;2015;05:40;19411;AV GAL OSORIO DE PAIVA;RUA JULIO BRAGA;;;;Choque c/ Obstáculo Fixo;Luz do Dia;Nublado;Seca;T;Semáforo;Comercial;0;1;0;0;0;0;0;0;0;1;0;0;-38,571513;-3,778790;;;
257388;27;9;2015;22:30;0;AV PERIMETRAL;;;760;TERMINAL ANTONIO BEZERRA;Choque c/ Obstáculo Fixo;Via Iluminada;Bom;Seca;Meio de Quadra;Não Há Controle;Comercial;0;1;0;0;0;0;0;0;0;1;0;0;-38,572776;-3,812465;;;
257389;27;9;2015;09:25;0;AV ABOLICAO;;;3049;;Choque c/ Obstáculo Fixo;Luz do Dia;Bom;Seca;Meio de Quadra;Não Há Controle;Misto;0;0;1;1;0;0;0;0;0;0;0;0;-38,492015;-3,726788;;;
257390;27;9;2015;10:10;0;AV ABOLICAO;;;;;Engavetamento;Luz do Dia;Bom;Seca;Meio de Quadra;Não Há Controle;Misto;0;0;2;1;0;0;0;0;0;0;0;0;;;;;
271606;27;9;2015;00:01;15327;RUA ANA BILHAR;AV SEN VIRGILIO TAVORA;;;;Colisão;;;;Cruz;Semáforo;Residencial;0;0;2;0;0;0;0;0;0;0;0;0;-38,491262;-3,730893;;;
271609;27;9;2015;00:02;0;RUA BOM JESUS (GRANJA LISBOA);;;;;Colisão;;;;Meio de Quadra;;;0;0;2;0;0;0;0;0;0;0;0;0;;;;;
271610;27;9;2015;00:47;0;AV PDE ANTONIO TOMAS;;;;;Colisão;;;;Meio de Quadra;;;0;0;2;0;0;0;0;0;0;0;0;0;;;;;
271612;27;9;2015;01:05;0;AV ABOLICAO;;;;;Colisão;;;;Meio de Quadra;;;0;0;2;0;0;0;0;0;0;0;0;0;;;;;
271613;27;9;2015;01:19;0;AV GAL OSORIO DE PAIVA;;;3366;;Colisão;;;;Meio de Quadra;;;0;0;2;0;0;0;0;0;0;0;0;0;-38,588007;-3,790247;;;
271622;27;9;2015;13:00;0;RUA ANTONIO BARBOSA;;;1531;;Colisão;Luz do Dia;;;Meio de Quadra;;;0;0;2;0;0;0;0;0;0;0;0;0;-38,565324;-3,833056;;;
271615;27;9;2015;05:06;4080;AV JOSE BASTOS;RUA CEARA;;;;Atropelamento;Amanhecer;;;Cruz;Pare;;0;0;2;0;0;0;0;0;0;0;0;0;-38,564112;-3,760008;;;
271624;27;9;2015;13:24;20037;RUA OITICICAS;AV PALESTINA D68;;;;Colisão;Luz do Dia;;;Cruz;Pare;Residencial;0;0;2;0;0;0;0;0;0;0;0;0;-38,536013;-3,806077;;;
271625;27;9;2015;13:45;0;RUA VITAL BRASIL;;;1916;;Colisão;Luz do Dia;;;Meio de Quadra;;;0;0;2;0;0;0;0;0;0;0;0;0;-38,597916;-3,778033;;;
271627;27;9;2015;13:54;2962;RUA PEDRO MARTINS;RUA MARIA JULIA;;;;Colisão;Luz do Dia;;;Cruz;Gesto;Comercial;0;0;2;0;0;0;0;0;0;0;0;0;-38,601929;-3,799245;;;
271629;27;9;2015;14:08;0;RUA DR RIBAMAR LOBO;;;408;;Colisão;Luz do Dia;;;Meio de Quadra;;;0;0;2;0;0;0;0;0;0;0;0;0;;;;;
271631;27;9;2015;15:13;0;AV GAL OSORIO DE PAIVA;;;;;Colisão;Luz do Dia;;;Meio de Quadra;;;0;0;2;0;0;0;0;0;0;0;0;0;;;;;
271635;27;9;2015;17:27;0;RUA TIBURCIO PEREIRA;;;639;;Atropelamento;Anoitecer;;;Meio de Quadra;;;0;0;2;0;0;0;0;0;0;0;0;0;-38,505804;-3,802643;;;
271633;27;9;2015;16:19;11608;AV JOSE LEON;RD BR 116;;;;Colisão;Luz do Dia;;;T;Pare;Outros;0;0;2;0;0;0;0;0;0;0;0;0;-38,511246;-3,786993;;;
259649;27;9;2015;20:00;0;AV WASHINGTON SOARES;;;85;IGUATEMI;Colisão;Via Iluminada;Bom;Seca;Meio de Quadra;;Comercial;0;2;1;1;0;0;0;0;0;1;0;0;-38,488576;-3,757652;;;
259650;27;9;2015;20:30;0;RD CE-060;;;;KM-01;Choque c/ Obstáculo Fixo;Via Iluminada;Bom;Seca;Meio de Quadra;;Comercial;0;1;0;0;0;0;0;0;0;1;0;0;-38,576995;-3,819537;;;
259647;27;9;2015;15:20;0;RD CE-065;;;;KM 04;Colisão;Luz do Dia;Bom;Seca;Meio de Quadra;;Comercial;0;0;2;1;0;0;0;0;0;0;0;0;;;;;
271643;28;9;2015;07:48;0;RUA EMILIO DE MENESES;;;760;;Colisão;Luz do Dia;;;Meio de Quadra;;;0;0;2;0;0;0;0;0;0;0;0;0;-38,588449;-3,781455;;;
271645;28;9;2015;10:26;13721;RUA CAIO CID;RUA MARIANA F LEITE;;;;Colisão;Luz do Dia;;;T;;;0;0;2;0;0;0;0;0;0;0;0;0;-38,484412;-3,772584;;;
271647;28;9;2015;12:37;0;RUA NOVA CONQUISTA (GRANJA LISBOA);;;2671;;Colisão;Luz do Dia;;;Meio de Quadra;;;0;0;2;0;0;0;0;0;0;0;0;0;;;;;
257660;28;9;2015;15:00;0;RUA GAL ONOFRE;;;;;Colisão Lateral;Luz do Dia;;;Meio de Quadra;;;0;1;1;1;0;0;0;0;0;1;0;0;;;;;
257658;28;9;2015;18:40;0;AV 13 DE MAIO;;;2400;;Colisão Traseira;Via Iluminada;Bom;Seca;Meio de Quadra;Não Há Controle;Escola;0;1;1;0;1;0;0;0;0;1;0;0;-38,537898;-3,741992;;;
257626;28;9;2015;07:55;0;AV PRS JUSCELINO KUBITSCHEK (PASSARÉ);;;3635;;Colisão Traseira;Luz do Dia;Bom;Seca;Meio de Quadra;Outros;Misto;0;1;2;1;0;0;0;0;0;1;0;0;-38,529839;-3,813838;;;
257654;28;9;2015;10:00;9199;RUA BAR ARATANHA;RUA DEP JOAO PONTES;;;;;Luz do Dia;Bom;Seca;Cruz;Pare;Comercial;0;0;2;1;0;0;0;0;0;0;0;0;-38,530746;-3,745923;;;
257648;28;9;2015;19:20;0;AV AGUANAMBI;;;1518;;Colisão Lateral;Mal Iluminada;Bom;Seca;Meio de Quadra;Não Há Controle;Comercial;0;1;1;1;0;0;0;0;0;1;0;0;-38,523716;-3,749999;;;
257638;28;9;2015;15:30;42;RUA PRO JOSE LEITE GONDIM;RUA HUGO VITOR;;;;Colisão Lateral;Luz do Dia;Bom;Seca;Cruz;Pare;Residencial;0;0;2;1;0;0;1;0;0;0;0;0;-38,591306;-3,741822;;;
257639;28;9;2015;14:00;1887;RUA PDE PEDRO DE ALENCAR;RUA LUIS ALVES TOMAS;;;;Colisão Transversal;Luz do Dia;Bom;Seca;Cruz;Pare;Residencial;0;0;2;1;0;0;1;0;0;0;0;0;-38,494436;-3,844646;;;
257474;28;9;2015;02:30;26226;AV AMERICO BARREIRA;AV CARNEIRO DE MENDONCA;;;;Colisão Transversal;Via Iluminada;Bom;Seca;Cruz;Semáforo;Comercial;0;0;2;1;0;0;0;0;0;0;0;0;;;;;
257484;28;9;2015;08:00;18781;RUA CAXAMBU;RUA SILVINHA TELES D69;;;;Colisão Transversal;Luz do Dia;Bom;Seca;Cruz;Pare;Residencial;0;0;2;0;0;0;0;0;0;1;0;0;;;;;
257464;28;9;2015;19:40;25519;AV GOV RAUL BARBOSA;AV ALM HENRIQUE SABOIA;;;;Colisão Transversal;Via Iluminada;Bom;Seca;Y;Semáforo;Residencial;0;0;2;0;1;0;1;0;0;0;0;0;-38,504580;-3,758466;;;
257461;28;9;2015;18:00;8934;AV DOMINGOS OLIMPIO;RUA PDE MORORO;;;;Colisão Lateral;Anoitecer;Bom;Seca;Cruz;Pare;Residencial;0;1;1;1;0;0;0;0;0;1;0;0;-38,539949;-3,733752;;;
257553;28;9;2015;06:00;0;AV DR SILAS MUNGUBA;;;1200;SOCIETY GRILL;Colisão Traseira;Luz do Dia;Bom;Seca;Meio de Quadra;Semáforo;Comercial;0;1;1;0;1;0;0;0;0;1;0;0;-38,555322;-3,782436;;;
257569;28;9;2015;15:00;19151;RUA ALMEIDA PRADO;RUA RIACHUELO;;;;;Luz do Dia;Bom;Seca;T;Pare;Comercial;0;0;2;1;0;0;0;0;0;1;0;0;-38,473969;-3,740002;;;
257559;28;9;2015;11:50;0;AV PRS COSTA E SILVA;;;5297;;Colisão Lateral;Luz do Dia;Bom;Seca;Meio de Quadra;Pare;Comercial;0;0;2;1;0;0;0;0;0;0;0;0;-38,533096;-3,828174;;;
257564;28;9;2015;16:00;23804;AV GAL OSORIO DE PAIVA;RUA RAIMUNDO NERY;;;;Colisão Lateral;Luz do Dia;Bom;Seca;Cruz;Semáforo;Comercial;0;0;2;1;0;0;0;0;0;1;0;0;-38,588065;-3,790306;;;
257532;28;9;2015;21:00;0;RUA RAIMUNDO GOMES;;;;;Capotamento;Via Iluminada;Bom;Seca;Meio de Quadra;Não Há Controle;Residencial;0;0;2;1;0;0;0;0;0;0;0;0;;;;;
257546;28;9;2015;18:40;0;RUA OSVALDO CRUZ (ALDEOTA);;;880;;Colisão Lateral;Via Iluminada;Bom;Seca;Meio de Quadra;Não Há Controle;Comercial;0;2;2;1;0;0;0;0;0;1;0;0;-38,499511;-3,733104;;;
257514;28;9;2015;07:50;0;AV DEP PAULINO ROCHA;RUA MANOEL AGUIAR PONTES;;;;Colisão Traseira;Luz do Dia;Bom;Seca;T;Semáforo;Comercial;0;0;2;1;1;0;0;0;0;0;0;0;;;;;
257517;28;9;2015;07:50;242;RUA GAL BERNARDO FIGUEIREDO;RUA COS ALVARO DE OLIVEIRA;;;;Colisão Transversal;Luz do Dia;Bom;Seca;Cruz;Pare;Residencial;0;2;0;1;0;0;0;0;0;0;0;0;-38,555261;-3,740373;;;
257587;28;9;2015;18:20;0;RUA CAP ARAGAO;;;718;;Colisão Traseira;Anoitecer;Bom;Seca;Meio de Quadra;Não Há Controle;Residencial;0;0;2;1;0;0;0;0;0;0;0;0;-38,511431;-3,764612;;;
257575;28;9;2015;07:40;1493;AV PDE ANTONIO TOMAS;RUA OSVALDO CRUZ (ALDEOTA);;;;;Luz do Dia;Bom;Seca;Cruz;Semáforo;Comercial;0;0;2;1;0;0;0;0;0;0;0;0;-38,501588;-3,739538;;;
257580;28;9;2015;20:00;0;AV JOSE BASTOS;;;50470;;Atropelamento;Via Iluminada;Bom;Seca;Meio de Quadra;Não Há Controle;Residencial;0;2;1;0;1;0;0;0;0;0;0;0;;;;;
257608;28;9;2015;08:00;23653;AV OLAVO BILAC;RUA BAR CRATO;;;;;Luz do Dia;Bom;Seca;T;Pare;Comercial;0;0;2;1;0;0;0;0;0;1;0;0;-38,566370;-3,723036;;;
257599;28;9;2015;21:50;0;RUA TEN BENEVOLO;;;794;;Colisão Traseira;Via Iluminada;Bom;Seca;Meio de Quadra;Outros;Residencial;0;0;2;1;0;0;0;0;0;1;0;0;-38,514122;-3,726304;;;
257601;28;9;2015;21:50;0;AV BEZERRA DE MENEZES;;;2407;;Colisão Lateral;Via Iluminada;Bom;Seca;Meio de Quadra;Outros;Comercial;0;0;2;1;0;0;1;0;0;0;0;0;-38,566166;-3,736030;;;
257602;28;9;2015;06:50;21715;AV GODOFREDO PIMENTEL;RUA DR JOSE GOIANA;;;;Colisão Lateral;Luz do Dia;Bom;Seca;Cruz;Não Há Controle;Residencial;0;1;1;1;0;0;0;0;0;1;0;0;-38,591117;-3,727699;;;
257597;28;9;2015;19:00;0;RUA DR JOSE LOURENCO;;;777;;Colisão Lateral;Via Iluminada;Bom;Seca;Meio de Quadra;Pare;Outros;0;0;3;1;0;0;0;0;0;1;0;0;-38,506495;-3,730527;;;
257594;28;9;2015;19:30;0;AV GOV RAUL BARBOSA;;;3033;TANTRA MOTEL;Colisão Lateral;Via Iluminada;Bom;Seca;Meio de Quadra;Não Há Controle;Comercial;0;0;2;1;0;0;1;0;0;0;0;0;-38,503771;-3,753128;;;
257612;28;9;2015;10:00;0;RUA DEP OSWALDO STUDART;;;848;;Atropelamento;Luz do Dia;Bom;Seca;Meio de Quadra;Não Há Controle;Comercial;0;1;1;1;0;0;0;0;0;0;0;0;-38,531072;-3,756879;;;
257617;28;9;2015;08:00;0;RUA VALPARAISO;;;492;;Colisão;Luz do Dia;Bom;Seca;Meio de Quadra;Não Há Controle;Residencial;0;2;1;1;0;0;0;0;0;1;0;0;-38,524933;-3,844853;;;
257604;28;9;2015;07:15;25424;AV ENG HUMBERTO MONTE;RUA URUGUAI;;;;Capotamento;Luz do Dia;Bom;Seca;T;Pare;Misto;0;0;2;1;0;0;0;0;0;0;0;0;-38,562171;-3,747076;;;
267759;28;9;2015;08:53;0;AV PRS CASTELO BRANCO;;;;;Colisão;Luz do Dia;;;Meio de Quadra;;;0;1;0;1;0;0;0;0;0;1;0;0;;;;;
267741;28;9;2015;06:58;15267;AV ANTONIO JUSTA;RUA CEL LINHARES;;;;Colisão;Luz do Dia;;;T;Não Há Controle;Residencial;0;1;0;0;0;0;0;0;0;0;0;0;-38,491594;-3,728586;;;
267742;28;9;2015;07:10;15692;RUA CAPANEMA;RUA GUILHERME PESSOA;;;;Colisão;Luz do Dia;;;;;;0;1;1;1;0;0;0;0;0;1;0;0;-38,487957;-3,827101;;;
267744;28;9;2015;07:31;0;AV OLAVO BILAC;;;159;;Colisão;Luz do Dia;;;Meio de Quadra;;;0;1;0;1;0;0;0;0;0;1;0;0;-38,566397;-3,722958;;;
267745;28;9;2015;07:56;0;RUA GAL BERNARDO FIGUEIREDO;;;815;;Colisão;Luz do Dia;;;Meio de Quadra;;;0;1;0;1;0;0;0;0;0;0;0;0;-38,555389;-3,740428;;;
267747;28;9;2015;08:17;24240;RUA JOSE CARLOS GURGEL NOGUEIRA;RUA FAUSTO CABRAL;;;;Colisão;Luz do Dia;;;Cruz;Pare;Misto;0;1;0;1;0;0;0;0;0;1;0;0;-38,474615;-3,734195;;;
267737;28;9;2015;02:23;0;RUA PERNAMBUCO;;;85;;Atropelamento;;;;Meio de Quadra;;;0;1;0;1;0;0;0;0;0;0;0;0;-38,566967;-3,761002;;;
267776;28;9;2015;16:54;22157;RUA DELMIRO FARIAS;RUA MON FURTADO;;;;Colisão;Luz do Dia;;;Cruz;Pare;Residencial;0;1;0;0;0;0;0;0;0;0;0;0;-38,550550;-3,747544;;;
267777;28;9;2015;17:11;0;RUA ALBERTO MAGNO;;;257;;Choque c/ Obstáculo Fixo;Anoitecer;;;Meio de Quadra;;;0;1;0;1;0;0;0;0;0;1;0;0;-38,544412;-3,758513;;;
267790;28;9;2015;21:13;0;AV FRANCISCO SA;;;;;Colisão;;;;Meio de Quadra;;;0;1;0;0;0;0;0;0;0;0;0;0;;;;;
267793;28;9;2015;21:44;0;RUA CEL FABRICIANO;;;620;;Colisão;;;;Meio de Quadra;;;0;1;0;0;0;0;0;0;0;1;0;0;;;;;
267782;28;9;2015;18:32;0;AV AGUANAMBI;;;1518;;Colisão;;;;Meio de Quadra;;;0;1;0;1;0;0;0;0;0;1;0;0;-38,523716;-3,749999;;;
267771;28;9;2015;15:12;0;RUA RIACHUELO;;;398;;Colisão;Luz do Dia;;;Meio de Quadra;;;0;1;0;1;0;0;0;0;0;1;0;0;;;;;
267772;28;9;2015;15:46;0;RUA 15 PLANALTO ITAPERI;;;712;;Atropelamento;Luz do Dia;;;Meio de Quadra;;;0;1;0;0;0;0;0;0;0;1;0;0;;;;;
267773;28;9;2015;16:24;0;AV PRS CASTELO BRANCO;;;5073;;Atropelamento;Luz do Dia;;;Meio de Quadra;;;0;1;1;0;0;0;0;0;0;1;0;0;;;;;
267774;28;9;2015;16:32;0;RUA SABIAGUABA;;;130;;Atropelamento;Luz do Dia;;;Meio de Quadra;;;0;1;0;0;0;0;0;0;0;0;0;0;;;;;
267768;28;9;2015;13:17;0;ET DO ANCURI;;;845;;Colisão;Luz do Dia;;;Meio de Quadra;;;0;1;0;0;0;0;0;0;0;0;0;0;;;;;
267763;28;9;2015;10:46;0;RUA CEL MATOS DOURADO;;;;;Colisão;Luz do Dia;;;Meio de Quadra;;;0;1;0;1;0;0;0;0;0;1;0;0;;;;;
265056;28;9;2015;14:40;5219;AV TRISTAO GONCALVES;RUA LIBERATO BARROSO;;;;Colisão;Luz do Dia;;;Cruz;Semáforo;Comercial;0;0;2;1;1;0;0;0;0;0;0;0;-38,533116;-3,726826;;;
265061;29;9;2015;08:57;0;AV BAR STUDART;;;;;Colisão;Luz do Dia;;;Meio de Quadra;;;0;0;2;0;1;0;0;0;0;0;0;0;;;;;
265062;29;9;2015;16:42;0;AV WASHINGTON SOARES;;;553;;Colisão;Luz do Dia;;;Meio de Quadra;;;0;0;2;1;0;0;0;0;0;0;0;0;-38,486237;-3,758274;;;
267794;29;9;2015;07:23;0;AV ABOLICAO;;;;;Atropelamento;Luz do Dia;;;Meio de Quadra;;;0;1;0;0;1;0;0;0;0;0;0;0;;;;;
267799;29;9;2015;11:27;6285;AV G CJ CEARA;AV C CJ CEARA;;;;Queda;Luz do Dia;;;T;Não Há Controle;Residencial;0;1;0;0;0;0;0;0;0;1;0;0;;;;;
267797;29;9;2015;10:30;0;AV ODILON GUIMARAES;;;2301;;Colisão;Luz do Dia;;;Meio de Quadra;;;0;1;0;1;0;0;0;0;0;1;0;0;-38,474390;-3,818529;;;
267809;29;9;2015;13:29;3975;RUA PRO COSTA MENDES;RUA ALBERTO MAGNO;;;;Colisão;Luz do Dia;;;Cruz;Semáforo;Comercial;0;1;0;1;1;0;0;0;0;0;0;0;-38,543548;-3,757528;;;
267802;29;9;2015;11:57;1525;AV PDE ANTONIO TOMAS;RUA BARBOSA DE FREITAS;;;;Atropelamento;Luz do Dia;;;Cruz;Semáforo;Misto;0;1;0;0;0;0;0;0;0;1;0;0;-38,498619;-3,740495;;;
267816;29;9;2015;14:10;4612;AV WASHINGTON SOARES;AV OLIVEIRA PAIVA;;;;Atropelamento;Luz do Dia;;;;;;0;1;0;0;0;0;0;0;0;1;0;0;-38,479908;-3,795695;;;
267818;29;9;2015;16:58;357;RUA ERICO MOTA;RUA XAVIER DE OLIVEIRA;;;;Colisão;Luz do Dia;;;Cruz;Pare;Residencial;0;1;0;1;0;0;0;0;0;1;0;0;-38,560547;-3,747288;;;
267819;29;9;2015;17:22;0;AV A CJ JOSE WALTER;;;;;Atropelamento;Anoitecer;;;Meio de Quadra;;;0;1;0;0;0;0;0;0;0;1;0;0;;;;;
267820;29;9;2015;17:42;0;RUA CON DE CASTRO;;;4533;;Queda;Anoitecer;;;Meio de Quadra;;;0;1;0;0;0;0;0;0;0;1;0;0;-38,591779;-3,804867;;;
267821;29;9;2015;17:53;0;RUA ANDRADE FURTADO;;;;;Colisão;Anoitecer;;;Meio de Quadra;;;0;1;0;1;0;0;0;0;0;1;0;0;;;;;
267833;29;9;2015;20:30;0;AV VICENTE DE CASTRO;;;6270;;Colisão;;;;Meio de Quadra;;;0;1;0;1;0;0;0;0;0;1;0;0;-38,471858;-3,710455;;;
267828;29;9;2015;18:32;0;RD BR 116;;;5000;KM-05;Colisão;;;;Meio de Quadra;;;0;1;0;0;0;0;0;0;0;0;0;0;-38,506787;-3,796502;;;
267839;29;9;2015;21:23;0;RUA CARLOS CHAGAS;;;134;;Colisão;;;;Meio de Quadra;;;0;1;0;0;0;0;0;0;0;1;0;0;-38,581482;-3,781192;;;
257598;29;9;2015;07:55;9209;RUA DR JOSE VITOR;RUA CAROLINO DE AQUINO;;;;Colisão Transversal;Luz do Dia;Bom;Seca;Cruz;Pare;Residencial;0;1;1;1;0;0;0;0;0;1;0;0;-38,527486;-3,747884;;;
257592;29;9;2015;00:00;25420;RUA PRO SILAS RIBEIRO;AV ALM HENRIQUE SABOIA;;;;Choque c/ Obstáculo Fixo;Via Iluminada;Bom;Seca;T;Semáforo Intermitente;Comercial;0;0;1;1;0;0;0;0;0;0;0;0;;;;;
257603;29;9;2015;18:40;23607;RUA BAR CRATO;RUA CAP NESTOR GOIS;;;;Colisão Transversal;Via Iluminada;Bom;Seca;Cruz;Pare;Misto;0;0;2;1;0;0;0;0;0;0;0;0;-38,561703;-3,721812;;;
257600;29;9;2015;10:40;0;RUA GUARUJA;;;730;;Colisão Lateral;Luz do Dia;Bom;Seca;Meio de Quadra;Não Há Controle;Comercial;0;0;2;1;0;0;0;0;0;1;0;0;-38,496972;-3,834807;;;
257579;29;9;2015;19:00;1433;RUA DES LEITE ALBUQUERQUE;RUA LEONARDO MOTA;;;;Colisão Transversal;Via Iluminada;Bom;Seca;Cruz;Semáforo;Comercial;0;0;2;1;0;0;0;0;0;0;0;0;-38,496708;-3,737862;;;
257588;29;9;2015;15:50;9257;AV AGUANAMBI;RUA CEL PERGENTINO FERREIRA;;;;Colisão Lateral;Luz do Dia;Bom;Seca;Cruz;Semáforo;Comercial;0;1;1;0;0;0;0;0;0;1;0;0;-38,524049;-3,748634;;;
257586;29;9;2015;12:30;9191;RUA MARIO MAMEDE;RUA MARTINHO RODRIGUES;;;;Colisão Transversal;Luz do Dia;Bom;Seca;Cruz;Pare;Residencial;0;0;2;1;0;0;0;0;0;0;0;0;-38,526088;-3,753845;;;
257582;29;9;2015;18:30;930;AV AGUANAMBI;AV BORGES DE MELO;;;;;Via Iluminada;Bom;Seca;Cruz;Não Há Controle;Misto;0;0;2;1;1;0;0;0;0;0;0;0;-38,523880;-3,760928;;;
257516;29;9;2015;18:00;0;AV JOAO PESSOA;;;;;Colisão Lateral;Mal Iluminada;Bom;Seca;Meio de Quadra;Não Há Controle;Comercial;0;0;2;1;1;0;0;0;0;0;0;0;;;;;
257513;29;9;2015;18:00;13408;AV ANTONIO SALES;RUA BAR ARACATI;;;;Colisão Transversal;Via Iluminada;Bom;Seca;Cruz;Pare;Comercial;0;0;2;1;0;0;0;0;0;0;0;0;-38,514894;-3,741563;;;
257510;29;9;2015;10:10;0;AV RUI BARBOSA;;;1900;;Colisão Traseira;Luz do Dia;Bom;Seca;Meio de Quadra;Outros;Residencial;0;0;2;1;0;0;0;0;0;0;0;0;-38,510485;-3,739269;;;
257522;29;9;2015;17:00;5351;RUA GAL CLARINDO DE QUEIROZ;AV IMPERADOR;;;;Colisão Traseira;Anoitecer;Bom;Seca;Cruz;Semáforo;Comercial;0;0;2;0;0;0;0;0;0;0;0;0;-38,535566;-3,730962;;;
257519;29;9;2015;19:40;19570;RUA NEREU RAMOS;RUA ESPANHA;;;;Colisão Transversal;Via Iluminada;Bom;Seca;Cruz;Pare;Residencial;0;1;1;1;0;0;0;0;0;1;0;0;-38,574434;-3,783961;;;
257527;29;9;2015;20:30;13585;RUA FIS VIEIRA;RUA ANTONIO FURTADO;;;;Colisão Transversal;Via Iluminada;Bom;Seca;Cruz;Pare;Residencial;0;1;1;1;0;0;0;0;0;1;0;0;-38,516219;-3,751967;;;
257525;29;9;2015;16:00;583;AV FRANCISCO SA;RUA COS GOUVEIA;;;;Colisão Traseira;Luz do Dia;Bom;Seca;T;;Comercial;0;0;2;1;0;0;0;0;0;0;0;0;-38,561096;-3,716149;;;
257498;29;9;2015;18:48;0;AV GODOFREDO MACIEL;;;538;;Colisão Lateral;Mal Iluminada;Bom;Seca;Meio de Quadra;Outros;Comercial;1;0;2;1;0;0;0;0;0;1;0;0;-38,565158;-3,781007;;;
257494;29;9;2015;07:10;0;RUA ALFREDO MAMEDE;;;637;;Colisão Transversal;;Bom;Seca;Meio de Quadra;Não Há Controle;Residencial;0;0;2;1;0;0;0;0;0;1;0;0;-38,582885;-3,810639;;;
257547;29;9;2015;07:40;17397;AV PRO GOMES DE MATOS;RUA ROMEU MARTINS;;;;Colisão Lateral;Luz do Dia;Bom;Seca;Cruz;Pare;Comercial;0;0;2;1;0;0;0;0;0;0;0;0;-38,551023;-3,767447;;;
257548;29;9;2015;20:00;7781;AV DES MOREIRA;AV ANTONIO SALES;;;;Outros;Via Iluminada;Bom;Seca;Cruz;Semáforo;Comercial;0;0;2;1;0;0;0;0;0;0;0;0;-38,501410;-3,745744;;;
257549;29;9;2015;22:30;0;RUA VALMIR PONTES;;;100;UNIFOR;Colisão Frontal;Via Iluminada;Bom;Seca;Meio de Quadra;Não Há Controle;Misto;0;0;2;1;0;0;0;0;0;0;0;0;;;;;
257533;29;9;2015;13:30;19949;RUA FRANCISCO LORDA;RUA ALBERTO MONTEZUMA;;;;Colisão Lateral;Luz do Dia;Bom;Seca;Cruz;Pare;Comercial;0;0;3;1;0;0;0;0;0;1;0;0;-38,531928;-3,761900;;;
257535;29;9;2015;13:00;0;AV JOSE BASTOS;;;3500;;Colisão Lateral;Luz do Dia;Bom;Seca;Meio de Quadra;Outros;Comercial;0;0;2;0;0;0;0;0;0;1;0;0;-38,550017;-3,749555;;;
257531;29;9;2015;12:30;0;AV PONTES VIEIRA;;;1214;;Colisão Traseira;Luz do Dia;Bom;Seca;Meio de Quadra;Outros;Comercial;0;1;1;1;0;0;0;0;0;0;0;0;-38,510963;-3,752431;;;
257489;29;9;2015;07:10;0;AV DR SILAS MUNGUBA;;;2593;;Colisão Traseira;Luz do Dia;Nublado;Seca;Meio de Quadra;Pare;Comercial;0;0;2;1;0;0;0;0;0;0;0;0;-38,550243;-3,786360;;;
257490;29;9;2015;23:00;0;AV ZEZE DIOGO;;;4400;;Colisão Traseira;;Bom;Seca;Meio de Quadra;Pare;Lazer;0;1;1;0;0;0;0;0;0;1;0;0;-38,450982;-3,743680;;;
257491;29;9;2015;23:30;0;AV 13 DE MAIO;;;2262;;Colisão Lateral;Via Iluminada;Bom;Seca;Meio de Quadra;Semáforo;Comercial;0;0;2;1;0;0;0;0;0;1;0;0;-38,536732;-3,742998;;;
266749;29;9;2015;07:30;0;AV GOV RAUL BARBOSA;;;5598;;Atropelamento;Luz do Dia;;;Meio de Quadra;;;0;1;0;1;0;0;0;0;0;1;0;0;-38,509516;-3,767705;;;
266769;29;9;2015;18:00;357;RUA XAVIER DE OLIVEIRA;RUA ERICO MOTA;;;;Colisão;Anoitecer;;;Cruz;Pare;Residencial;0;0;1;1;0;0;0;0;0;1;0;0;-38,560547;-3,747288;;;
259259;29;9;2015;19:15;0;RD BR 116;;;1000;KM-01;Colisão Lateral;Via Iluminada;Bom;Seca;Meio de Quadra;Não Há Controle;Comercial;0;0;2;1;1;0;0;0;0;0;0;0;-38,518702;-3,762554;;;
259287;29;9;2015;20:35;84;AV MR HULL;RUA PDE PERDIGAO SAMPAIO;;;;Colisão;Anoitecer;Bom;Seca;;;;0;1;1;0;0;0;0;0;0;1;0;0;-38,594635;-3,740113;;;