COD_ACIDENTE;DIA;MES;ANO;HORA;INTERSECAO;LOG1;LOG2;LOG3;NUMERO;REFERENCIA;NATUREZA;ILUMINACAO;TEMPO;SUPERFICIEPISTA;TIPOCRUZAMENTO;CONTROLETRAFEGO;USOSOLO;MORTOS;FERIDOS;ILESOS;AUTOMOVEL;ONIBUS;BICICLETA;CAMINHAO;MICROONIBUS;CICLOMOTOR;MOTOCICLETA;TRACAOANIMAL;TREM;LONG;LAT;;;
271649;29;9;2015;12:07;0;RUA ADELAIDE PAULINO;;;111;;Colisão;Luz do Dia;;;Meio de Quadra;;;0;0;2;0;0;0;0;0;0;0;0;0;;;;;
271651;29;9;2015;18:23;9951;RUA BOM JESUS (GRANJA LISBOA);RUA TRES CORACOES;;;;Colisão;Anoitecer;;;Cruz;Não Há Controle;Residencial;0;0;2;0;0;0;0;0;0;0;0;0;-38,611210;-3,791182;;;
271654;29;9;2015;19:34;11670;RUA ARARIPE MACEDO;RUA MON VICENTE MARTINS;;;;Colisão;;;;;;;0;0;2;0;0;0;0;0;0;0;0;0;-38,580530;-3,770783;;;
259654;29;9;2015;07:15;0;RD CE-040;;;;KM-07;Colisão;Luz do Dia;Bom;Seca;Meio de Quadra;;Comercial;0;0;2;1;0;0;0;0;0;0;0;0;-38,483160;-3,817953;;;
259652;29;9;2015;07:15;0;RD CE-040;;;;KM-09;Colisão;Luz do Dia;Bom;Seca;Meio de Quadra;;Comercial;0;0;3;1;0;0;0;0;0;0;0;0;-38,481431;-3,824774;;;
259656;29;9;2015;15:05;0;RD CE-060;;;;KM-03;Colisão;Luz do Dia;Bom;Seca;Meio de Quadra;;Comercial;0;0;2;1;0;0;0;0;0;0;0;0;-38,582776;-3,836637;;;
259657;30;9;2015;10:10;0;RD CE-040;;;;KM-04;Colisão;Luz do Dia;Bom;Seca;Meio de Quadra;;Comercial;0;0;2;1;0;0;0;0;0;0;0;0;-38,480251;-3,792050;;;
271656;30;9;2015;13:10;25101;AV GAL OSORIO DE PAIVA;RUA ARARIPE PRATA;;;;Colisão;Luz do Dia;;;Cruz;Outros;Misto;0;0;2;0;0;0;0;0;0;0;0;0;-38,568029;-3,776593;;;
271662;30;9;2015;16:56;0;ET DO JATOBA;;;;;Colisão;Luz do Dia;;;Meio de Quadra;;;0;0;2;0;0;0;0;0;0;0;0;0;;;;;
271658;30;9;2015;14:02;7818;RUA TIBURCIO CAVALCANTE;RUA FRANCISCO HOLANDA;;;;Colisão;Luz do Dia;;;Cruz;Pare;Residencial;0;0;2;0;0;0;0;0;0;0;0;0;-38,506474;-3,748090;;;
271660;30;9;2015;15:54;0;RUA DR AIRTON BEZERRA;;;672;;Colisão;Luz do Dia;;;Meio de Quadra;;;0;0;2;0;0;0;0;0;0;0;0;0;;;;;
291892;30;9;2015;17:00;0;AV ALM MAXIMIANO DA FONSECA;;;;;Colisão Lateral;Anoitecer;Bom;Seca;Meio de Quadra;Não Há Controle;Residencial;0;0;2;1;0;0;0;0;0;1;0;0;;;;;
259260;30;9;2015;11:10;0;RD BR 116;;;6000;KM-06;Colisão Traseira;Luz do Dia;Bom;Seca;Meio de Quadra;Não Há Controle;Comercial;0;0;2;1;0;0;0;0;0;0;0;0;-38,503053;-3,804691;;;
257663;30;9;2015;08:40;6738;RUA DES WALDETARIO P MOTA;RUA VILEBALDO AGUIAR;;;;Colisão Transversal;Luz do Dia;Bom;Seca;Cruz;Pare;Residencial;0;0;2;1;0;0;0;0;0;0;0;0;-38,483787;-3,741853;;;
257664;30;9;2015;14:15;15242;RUA OSVALDO CRUZ (ALDEOTA);RUA SILVA JATAHY;;;;Colisão Lateral;Luz do Dia;Bom;Seca;Cruz;Pare;Residencial;0;1;1;1;0;0;0;0;0;1;0;0;-38,497767;-3,727694;;;
257666;30;9;2015;16:30;0;AV ENG SANTANA JUNIOR;;;999;HIPER BOM PREÇO;Outros;Luz do Dia;Bom;Seca;Meio de Quadra;Não Há Controle;Comercial;0;0;2;0;1;0;0;0;0;0;0;0;-38,482858;-3,736898;;;
257661;30;9;2015;00:20;0;RUA JULIO SIQUEIRA;;;535;;Colisão Frontal;Via Iluminada;Bom;Seca;Meio de Quadra;Não Há Controle;Residencial;0;0;2;1;0;0;1;0;0;0;0;0;-38,508357;-3,749738;;;
257670;30;9;2015;13:30;0;RUA DR CARLOS R PAMPLONA;;;128;;Colisão Traseira;Luz do Dia;Bom;Seca;Meio de Quadra;Não Há Controle;Comercial;0;0;2;1;0;0;0;0;0;0;0;0;;;;;
257695;30;9;2015;21:00;3859;AV DA UNIVERSIDADE;RUA JUVENAL GALENO;;;;Colisão Lateral;Via Iluminada;Bom;Seca;Cruz;Não Há Controle;Escola;0;0;2;1;0;0;0;0;0;0;0;0;-38,538143;-3,739893;;;
257691;30;9;2015;19:40;0;RUA PEDRO I;;;1131;;Colisão Lateral;Via Iluminada;Bom;Seca;Meio de Quadra;Não Há Controle;Escola;0;0;2;1;0;0;0;0;0;0;0;0;;;;;
257689;30;9;2015;08:10;26231;RUA LEANDRO HENRIQUE;RUA IRINEU MACHADO;;;;Colisão Transversal;Luz do Dia;Nublado;Seca;Cruz;Não Há Controle;Residencial;1;0;1;0;1;0;0;0;0;1;0;0;;;;;
257683;30;9;2015;10:50;0;AV DEP PAULINO ROCHA;;;1669;;Colisão Transversal;Luz do Dia;Bom;Seca;Outros;Pare;Comercial;0;2;1;1;0;0;0;0;0;1;0;0;-38,511398;-3,811723;;;
257679;30;9;2015;08:00;735;AV DR THEBERGE;AV TEN LISBOA;;;;Colisão Lateral;Luz do Dia;Bom;Seca;T;Pare;Comercial;0;0;2;1;0;0;1;0;0;0;0;0;-38,566942;-3,720711;;;
257680;30;9;2015;13:00;0;AV TRISTAO GONCALVES;;;1075;;Colisão Transversal;Luz do Dia;Bom;Seca;;;;0;0;2;1;1;0;0;0;0;0;0;0;-38,534425;-3,731156;;;
257643;30;9;2015;20:00;0;AV ANTONIO SALES;;;484;;Colisão Traseira;Via Iluminada;Bom;Seca;Meio de Quadra;Semáforo;Misto;0;0;2;1;0;0;0;0;0;0;0;0;-38,517127;-3,740876;;;
257637;30;9;2015;19:00;0;AV JOSE LEON;;;1078;;Colisão Traseira;Via Iluminada;Bom;Seca;Meio de Quadra;Não Há Controle;Residencial;0;0;2;1;0;0;0;0;0;1;0;0;-38,502310;-3,787692;;;
257634;30;9;2015;12:00;15804;RUA PERGENTINO MAIA;RUA ANTONINO BARROS;;;;Colisão Transversal;Luz do Dia;Bom;Seca;Cruz;Pare;Misto;2;0;1;0;1;0;0;0;0;1;0;0;-38,488977;-3,831390;;;
257649;30;9;2015;08:50;6760;AV ENG SANTANA JUNIOR;RUA GAL TERTULIANO POTYGUARA;;;;Colisão Transversal;Luz do Dia;Bom;Seca;T;;Misto;0;2;1;1;0;0;0;0;0;1;0;0;-38,489463;-3,746669;;;
257650;30;9;2015;07:15;0;AV BEZERRA DE MENEZES;;;1334;;Colisão Lateral;Luz do Dia;Bom;Seca;Meio de Quadra;Não Há Controle;Comercial;0;0;2;1;0;0;0;0;0;1;0;0;-38,556687;-3,734054;;;
257627;30;9;2015;19:00;5359;RUA TEREZA CRISTINA;RUA METON DE ALENCAR;;;;Colisão Lateral;Via Iluminada;Bom;Seca;Cruz;Não Há Controle;Comercial;0;0;2;1;0;0;0;0;0;0;0;0;-38,538031;-3,731262;;;
257628;30;9;2015;13:20;5394;AV TRISTAO GONCALVES;RUA METON DE ALENCAR;;;;Colisão Transversal;Luz do Dia;Bom;Seca;Cruz;Semáforo;Comercial;0;0;2;1;1;0;0;0;0;0;0;0;-38,534777;-3,732327;;;
257629;30;9;2015;11:30;19667;AV BEZERRA DE MENEZES;RUA DOM LINO;;;;Colisão Transversal;Luz do Dia;Bom;Seca;Cruz;Semáforo;Comercial;0;0;2;0;1;0;0;0;0;1;0;0;-38,557568;-3,734232;;;
257632;30;9;2015;16:40;0;AV AGUANAMBI;;;30;;Colisão Lateral;Luz do Dia;Bom;Seca;Outros;Semáforo;Misto;0;0;2;1;0;0;1;0;0;0;0;0;-38,524071;-3,737165;;;
257625;30;9;2015;18:00;5364;AV TRISTAO GONCALVES;RUA GAL CLARINDO DE QUEIROZ;;;;Colisão Lateral;Via Iluminada;Bom;Seca;Cruz;Não Há Controle;Comercial;0;0;2;1;0;0;0;1;0;0;0;0;-38,534472;-3,731314;;;
267847;30;9;2015;08:21;0;AV JULIO VENTURA;;;1709;;Colisão;Luz do Dia;;;Meio de Quadra;;;0;1;0;1;0;0;0;0;0;1;0;0;-38,508680;-3,738817;;;
267861;30;9;2015;16:09;0;AV ENG SANTANA JUNIOR;;;;;Colisão;Luz do Dia;;;Meio de Quadra;;;0;1;0;0;1;0;0;0;0;0;0;0;;;;;
267858;30;9;2015;13:30;0;RUA SILVA JATAHY;;;;;Colisão;Luz do Dia;;;Meio de Quadra;;;0;1;0;1;0;0;0;0;0;1;0;0;;;;;
267859;30;9;2015;15:05;1294;RUA TORRES CAMARA;RUA PINTO MADEIRA;;;;Colisão;Luz do Dia;;;;;;0;1;0;0;0;0;0;0;0;0;0;0;-38,511204;-3,734251;;;
267853;30;9;2015;09:38;25771;RUA CEL MATOS DOURADO;RUA PRO MIRAMAR DA PONTE;;;;Colisão;Luz do Dia;;;Cruz;Pare;Residencial;0;1;0;0;0;0;0;0;0;1;0;0;;;;;
267851;30;9;2015;09:15;0;AV DOS EXPEDICIONARIOS;;;4912;;Colisão;Luz do Dia;;;Meio de Quadra;;;0;1;0;1;0;0;0;0;0;1;0;0;-38,540442;-3,762465;;;
267849;30;9;2015;09:12;0;RUA AFONSO LOPES;;;141;;Colisão;Luz do Dia;;;Meio de Quadra;;;0;1;0;1;0;0;0;0;0;1;0;0;-38,547085;-3,789390;;;
267888;30;9;2015;19:53;0;RUA BERNARDO MANUEL;;;9977;;Atropelamento;;;;Meio de Quadra;;;0;1;0;0;0;0;0;0;0;1;0;0;-38,552986;-3,803967;;;
267890;30;9;2015;23:13;0;AV PRS CASTELO BRANCO;;;2389;;Queda;;;;Meio de Quadra;;;0;1;0;0;0;0;0;0;0;1;0;0;-38,549283;-3,713505;;;
267885;30;9;2015;18:36;0;AV PRS CASTELO BRANCO;;;4863;;Atropelamento;;;;Meio de Quadra;;;1;0;1;0;0;0;0;0;0;1;0;0;-38,575414;-3,705793;;;
267882;30;9;2015;17:38;0;AV MIN JOSE AMERICO;;;80;;Colisão;Anoitecer;;;Meio de Quadra;;;0;1;0;0;0;0;0;0;0;0;0;0;-38,499424;-3,812871;;;
267880;30;9;2015;17:14;0;RUA VINTE E UM DE ABRIL;;;857;;Colisão;Anoitecer;;;Meio de Quadra;;;0;1;0;0;0;0;0;0;0;0;0;0;;;;;
267876;30;9;2015;16:58;0;RD BR 116;;;1000;KM-01;Colisão;Luz do Dia;;;Meio de Quadra;;;0;1;0;1;0;0;0;0;0;1;0;0;-38,518702;-3,762554;;;
267877;30;9;2015;17:13;0;RUA BAR RIO BRANCO;;;1969;;Colisão;Anoitecer;;;Meio de Quadra;;;0;1;0;1;0;0;0;0;0;1;0;0;-38,531114;-3,735401;;;
267872;30;9;2015;16:23;12620;RUA TULIPA;RUA COS LAFAYETE;;;;Colisão;Luz do Dia;;;Cruz;Pare;Residencial;0;1;0;0;0;0;0;0;0;0;0;0;-38,580936;-3,718159;;;
257609;30;9;2015;18:15;13594;AV PONTES VIEIRA;RUA CAP GUSTAVO;;;;Colisão Traseira;Anoitecer;Bom;Seca;Cruz;Semáforo;Comercial;0;0;2;1;0;0;0;0;0;0;0;0;-38,517125;-3,753153;;;
257605;30;9;2015;06:30;5371;RUA VINTE E QUATRO DE MAIO;RUA GAL CLARINDO DE QUEIROZ;;;;Colisão Transversal;Luz do Dia;Bom;Seca;Cruz;Pare;Comercial;0;1;1;1;0;0;0;0;1;0;0;0;-38,533532;-3,731621;;;
257611;30;9;2015;17:30;19409;AV AUGUSTO DOS ANJOS;RUA FRE SERAFIM;;;;Colisão Lateral;Anoitecer;Bom;Seca;T;Pare;Comercial;0;1;1;1;0;0;0;0;0;1;0;0;-38,577900;-3,778743;;;
257624;30;9;2015;15:05;9246;AV 13 DE MAIO;RUA BAR RIO BRANCO;;;;Colisão Traseira;Luz do Dia;Bom;Seca;Cruz;Semáforo;Comercial;0;0;2;1;0;0;0;0;0;0;0;0;-38,534255;-3,745129;;;
257613;30;9;2015;07:15;24270;RUA DELMIRO GOUVEIA;RUA PEREIRA VALENTE;;;;Colisão Transversal;Luz do Dia;Bom;Seca;Cruz;Pare;Residencial;0;2;1;1;0;0;0;0;0;1;0;0;-38,488125;-3,734817;;;
257620;30;9;2015;12:00;26228;RUA ANTENOR ROCHA ALEXANDRE;RUA NUBIA BARROCAS;;;;Colisão Transversal;Luz do Dia;Bom;Seca;Cruz;Pare;Residencial;0;1;1;1;0;0;0;0;0;1;0;0;;;;;
257622;30;9;2015;13:20;4005;RUA DES PRAXEDES;RUA EUZEBIO DE QUEIROS;;;;Colisão Transversal;Luz do Dia;Bom;Seca;Cruz;Pare;Comercial;0;0;2;1;0;0;0;0;0;0;0;0;-38,548132;-3,760055;;;
267844;30;9;2015;07:22;0;AV ENG SANTANA JUNIOR;;;;;Colisão;Luz do Dia;;;Meio de Quadra;;;0;1;0;1;0;0;0;0;0;1;0;0;;;;;
267842;30;9;2015;07:09;7124;RUA CAMELIA;RUA DNA MENDINHA;;;;Atropelamento;Luz do Dia;;;;;;0;1;0;1;0;0;0;0;0;0;0;0;-38,569189;-3,707305;;;
265066;30;9;2015;19:51;0;AV IMPERADOR;;;;;Colisão;;;;Meio de Quadra;;;0;0;2;1;0;0;0;0;0;0;0;0;;;;;
257711;1;10;2015;11:00;0;AV LUCIANO CARNEIRO;;;;;Choque c/ Obstáculo Fixo;Luz do Dia;Bom;Seca;Meio de Quadra;Não Há Controle;Comercial;0;0;1;1;0;0;0;0;0;0;0;0;;;;;
257713;1;10;2015;07:40;0;AV DEP PAULINO ROCHA;;;;;Colisão Lateral;Luz do Dia;;;Meio de Quadra;;;0;0;2;1;0;0;0;0;0;0;0;0;;;;;
257714;1;10;2015;09:40;0;RUA TIBURCIO CAVALCANTE;;;;;Colisão Lateral;Luz do Dia;Bom;Seca;Meio de Quadra;Não Há Controle;Comercial;0;0;2;1;0;0;0;0;0;0;0;0;;;;;
257703;1;10;2015;21:15;5090;RUA GUILHERME ROCHA;RUA OTO DE ALENCAR;;;;Colisão Lateral;Via Iluminada;Bom;Seca;Cruz;Semáforo;Misto;0;0;2;1;0;0;0;0;0;0;0;0;-38,540079;-3,723058;;;
257707;1;10;2015;11:00;0;RUA SOLON PINHEIRO;;;190;;Colisão Traseira;Luz do Dia;Bom;Seca;Meio de Quadra;Não Há Controle;Comercial;0;0;2;1;0;0;0;0;0;1;0;0;-38,526830;-3,732107;;;
257708;1;10;2015;18:50;24981;AV ALM HENRIQUE SABOIA;RUA BENI DE CARVALHO;;;;Colisão Traseira;Via Iluminada;Bom;Seca;T;Não Há Controle;Misto;0;0;2;1;0;0;0;0;0;0;0;0;-38,491889;-3,746985;;;
257781;1;10;2015;08:30;0;RUA DRAGAO DO MAR;;;454;;;Luz do Dia;Bom;Seca;Meio de Quadra;Pare;Comercial;0;0;2;1;0;0;0;0;0;0;0;0;-38,516748;-3,721795;;;
257779;1;10;2015;07:20;19683;RUA PRO JOSE DE BARCELOS;RUA AZEVEDO BOLAO;;;;Colisão Traseira;Luz do Dia;Bom;Seca;Cruz;Outros;Residencial;0;0;2;1;0;0;0;0;0;0;0;0;-38,550610;-3,735196;;;
257777;1;10;2015;10:50;0;AV PRS CASTELO BRANCO;;;4246;;Colisão Traseira;Luz do Dia;Bom;Seca;Outros;Semáforo;Residencial;0;0;2;1;0;0;0;0;0;0;0;0;-38,570320;-3,707681;;;
257775;1;10;2015;12:45;0;AV GAL OSORIO DE PAIVA;;;2955;TERMINAL SIQUEIRA;Colisão Traseira;Luz do Dia;Bom;Seca;Meio de Quadra;Não Há Controle;Comercial;0;0;2;0;0;0;0;0;0;0;0;0;-38,587333;-3,789590;;;
257783;1;10;2015;07:40;0;RUA LINS DO REGO;;;426;;Atropelamento;Luz do Dia;Bom;Seca;Meio de Quadra;Pare;Residencial;0;2;0;0;0;0;0;0;0;1;0;0;-38,576969;-3,783032;;;
257795;1;10;2015;12:30;26235;AV JOR THOMAZ COELHO;RUA FRANCISCO NEPOMUCENO;;;;Colisão Transversal;;Bom;Seca;T;;Comercial;0;1;1;0;0;0;1;0;0;1;0;0;-38,508005;-3,830199;;;
257793;1;10;2015;14:00;0;AV PRS CASTELO BRANCO;;;4094;;Colisão Lateral;Luz do Dia;Bom;Seca;Meio de Quadra;Não Há Controle;Comercial;0;1;1;1;0;0;0;0;0;1;0;0;-38,569077;-3,708156;;;
257797;1;10;2015;13:30;12084;AV MON AMARILIO RODRIGUES;RUA 216 CJ SAO CRISTOVAO;;;;Colisão Transversal;Luz do Dia;Bom;Seca;Cruz;Pare;Residencial;0;0;2;1;0;0;0;0;0;1;0;0;-38,524959;-3,835681;;;
257810;1;10;2015;14:40;1421;RUA MON BRUNO;RUA CATAO MAMEDE;;;;Colisão Transversal;Luz do Dia;Bom;Seca;Cruz;Pare;Residencial;0;1;1;0;0;0;0;0;0;0;0;0;-38,511094;-3,737525;;;
257802;1;10;2015;19:15;0;AV DOM LUIS;;;502;PRACA PORTUGAL;Colisão Lateral;;Bom;Seca;Meio de Quadra;Não Há Controle;Misto;0;0;2;1;1;0;0;0;0;0;0;0;-38,497304;-3,733243;;;
257804;1;10;2015;20:30;0;AV ABOLICAO;;;3773;;Colisão Lateral;Via Iluminada;Bom;Seca;Meio de Quadra;Outros;Comercial;0;1;1;1;0;0;0;0;0;1;0;0;-38,485679;-3,725689;;;
257805;1;10;2015;11:50;15323;RUA OSVALDO CRUZ (ALDEOTA);RUA REPUBLICA DO LIBANO;;;;Colisão Transversal;Luz do Dia;Bom;Seca;Cruz;Pare;Residencial;0;0;2;1;0;0;0;0;0;0;0;0;-38,498717;-3,730644;;;
257806;1;10;2015;11:20;0;AV PDE ANTONIO TOMAS;;;2656;;Colisão Traseira;Luz do Dia;Bom;Seca;Meio de Quadra;;Comercial;0;0;2;1;0;0;0;0;0;0;0;0;-38,488435;-3,743837;;;
257757;1;10;2015;18:05;22886;RUA BERNARDO MANUEL;RUA INACIO PARENTE;;;;Colisão Transversal;Via Iluminada;Bom;Seca;Cruz;Pare;Comercial;0;0;2;0;0;0;0;0;0;1;0;0;-38,546074;-3,781268;;;
257761;1;10;2015;22:00;25672;AV AUGUSTO DOS ANJOS;RUA LINS DO REGO;;;;Colisão Lateral;Via Iluminada;Bom;Seca;T;;Comercial;0;0;2;1;0;0;0;0;0;0;0;0;-38,579816;-3,780923;;;
257771;1;10;2015;09:20;0;AV DOS EXPEDICIONARIOS;;;2320;;Colisão Traseira;;Bom;Seca;Meio de Quadra;Não Há Controle;Misto;0;0;2;1;0;0;0;0;0;0;0;0;;;;;
257769;1;10;2015;19:30;0;AV CARAPINIMA;;;2306;;Colisão Transversal;Via Iluminada;Bom;Seca;Meio de Quadra;;Comercial;0;0;2;1;0;0;0;0;0;0;0;0;-38,540353;-3,740113;;;
257767;1;10;2015;13:20;7790;AV PONTES VIEIRA;AV DES MOREIRA;;;;Colisão Traseira;Luz do Dia;Bom;Seca;Cruz;Semáforo;Comercial;0;0;2;1;0;0;0;0;0;0;0;0;-38,503254;-3,751526;;;
257765;1;10;2015;12:50;20129;AV DEP PAULINO ROCHA;RUA POMPILIO GOMES;;;;Colisão Transversal;Luz do Dia;Bom;Seca;T;Pare;Comercial;0;0;2;1;0;0;0;0;0;0;0;0;-38,519652;-3,810076;;;
257755;1;10;2015;15:55;23482;RUA FIS VIEIRA;RUA CRUZ ABREU;;;;Colisão Transversal;Luz do Dia;Bom;Seca;Cruz;Pare;Residencial;0;2;1;0;0;0;0;0;1;0;0;0;-38,515024;-3,758092;;;
257818;1;10;2015;10:40;4007;RUA ALBERTO MAGNO;RUA DES PRAXEDES;;;;Atropelamento;Luz do Dia;Bom;Seca;Cruz;Semáforo;Comercial;0;0;2;0;1;0;0;0;0;0;0;0;-38,546795;-3,761230;;;
257814;1;10;2015;13:30;19805;AV ENG HUMBERTO MONTE;RUA JOSE PONTES;;;;Engavetamento;Luz do Dia;Bom;Seca;Cruz;Semáforo;Comercial;0;0;3;1;0;0;0;0;0;1;0;0;-38,568553;-3,739413;;;
257799;1;10;2015;19:00;3767;AV DOMINGOS OLIMPIO;AV IMPERADOR;;;;Atropelamento;Via Iluminada;Bom;Seca;Cruz;Semáforo;Comercial;0;0;2;0;0;0;0;0;0;1;0;0;-38,536697;-3,734790;;;
257812;1;10;2015;14:00;2116;AV RAD JOSE LIMA VERDE;AV PRS CASTELO BRANCO;;;;Colisão Transversal;Luz do Dia;Bom;Seca;Outros;Pare;Misto;0;1;1;0;0;0;0;0;0;0;0;0;-38,588134;-3,699825;;;
259635;1;10;2015;07:30;0;RD CE-040;;;;KM-10;Colisão;Luz do Dia;;Seca;Meio de Quadra;;;0;0;2;1;0;0;0;0;0;1;0;0;-38,480068;-3,838671;;;
292001;1;10;2015;00:05;13436;AV ANTONIO SALES;RUA DR JOSE LOURENCO;;;;Colisão Lateral;;;;Cruz;Semáforo;Residencial;0;0;2;1;0;0;0;0;0;0;0;0;;;;;
259658;1;10;2015;19:15;0;AV SEN CARLOS JEREISSATI (AEROPORTO);;;;KM 03;Colisão;Via Iluminada;;Seca;Meio de Quadra;;;0;0;2;1;0;0;0;0;0;0;0;0;-38,541414;-3,780382;;;
259653;1;10;2015;18:00;0;RD CE-040;;;;KM-09;Colisão;Anoitecer;;Seca;Meio de Quadra;;;0;0;2;0;0;0;0;0;0;1;0;0;-38,481431;-3,824774;;;
259651;1;10;2015;12:30;0;RD CE-040;;;;KM-04;Colisão;Luz do Dia;;Seca;Meio de Quadra;;;0;0;3;1;0;0;0;0;0;0;0;0;-38,480251;-3,792050;;;
259644;1;10;2015;08:35;0;RD CE-040;;;;KM-10;Colisão;Luz do Dia;;Seca;Meio de Quadra;;;0;0;2;1;0;0;0;0;0;0;0;0;-38,480068;-3,838671;;;
257873;1;10;2015;16:30;9153;AV 13 DE MAIO;RUA PAULA RODRIGUES;;;;Colisão Traseira;Luz do Dia;Bom;Seca;T;Semáforo;Comercial;0;0;3;1;0;0;0;0;0;0;0;0;-38,525876;-3,752271;;;
257867;1;10;2015;22:00;3975;RUA ALBERTO MAGNO;RUA PRO COSTA MENDES;;;;Colisão Transversal;Via Iluminada;Bom;Seca;Cruz;Semáforo;Comercial;0;1;1;1;0;0;0;0;0;0;0;0;-38,543548;-3,757528;;;
257868;1;10;2015;11:30;0;AV SANTOS DUMONT;;;5425;;Colisão Traseira;Luz do Dia;Bom;Seca;Meio de Quadra;Não Há Controle;Comercial;0;1;1;1;0;0;0;0;0;1;0;0;-38,483230;-3,741118;;;
257856;1;10;2015;20:00;3863;RUA SEN POMPEU;AV 13 DE MAIO;;;;Colisão Traseira;Via Iluminada;Bom;Seca;Cruz;Não Há Controle;Residencial;0;0;2;1;0;0;0;0;0;0;0;0;-38,534969;-3,744515;;;
257861;1;10;2015;20:00;0;RUA ALBERTO MAGNO;;;279;;Colisão Lateral;;Bom;Seca;Meio de Quadra;Não Há Controle;Comercial;0;0;2;1;1;0;0;0;0;0;0;0;-38,544612;-3,758740;;;
257844;1;10;2015;14:00;0;AV EDILSON B SOARES;;;2333;;;Luz do Dia;Bom;Seca;Meio de Quadra;Semáforo Intermitente;Comercial;0;0;1;0;0;0;1;0;0;0;0;0;-38,464983;-3,788104;;;
257851;1;10;2015;09:10;0;RUA MIRACEMA;;;295;;Colisão Transversal;Luz do Dia;Bom;Seca;Meio de Quadra;Não Há Controle;Residencial;0;0;2;1;0;0;0;0;0;0;0;0;;;;;
257853;1;10;2015;06:20;0;RUA MIGUEL COUTO;;;310;;Colisão Traseira;Luz do Dia;Bom;Seca;Meio de Quadra;Não Há Controle;Residencial;0;1;1;0;0;0;0;0;0;1;0;0;;;;;
257848;1;10;2015;21:29;23474;RUA PAULO FIRMEZA;RUA BARROS LEAL;;;;Colisão Transversal;Via Iluminada;Bom;Seca;Cruz;Pare;Residencial;0;0;2;1;0;0;0;0;0;1;0;0;-38,518544;-3,757696;;;
271179;1;10;2015;13:56;0;RUA PEDRO I;;;;;Colisão;Luz do Dia;;;Meio de Quadra;;;0;0;2;0;0;0;0;0;0;0;0;0;;;;;
271180;1;10;2015;15:08;0;AV ALBERTO CRAVEIRO;;;;;Colisão;Luz do Dia;;;Meio de Quadra;;;0;0;2;0;0;0;0;0;0;0;0;0;;;;;
271181;1;10;2015;15:12;0;RUA PRC ISABEL;;;;;Colisão;Luz do Dia;;;Meio de Quadra;;;0;0;1;0;0;0;0;0;0;0;0;0;;;;;
271177;1;10;2015;13:39;0;LOGRADOURO SEM NOME;;;;;Colisão;Luz do Dia;;;Meio de Quadra;;;0;0;2;0;0;0;0;0;0;0;0;0;;;;;
271175;1;10;2015;12:12;0;AV BORGES DE MELO;;;;;Colisão;Luz do Dia;;;Meio de Quadra;;;0;0;2;0;0;0;0;0;0;0;0;0;;;;;
271173;1;10;2015;11:45;0;RUA 15 DE NOVEMBRO;;;;;Colisão;Luz do Dia;;;Meio de Quadra;;;0;0;2;0;0;0;0;0;0;0;0;0;;;;;
267069;1;10;2015;21:04;0;AV ABOLICAO;;;;;Colisão;;;;Meio de Quadra;;;0;1;1;1;0;0;0;0;0;1;0;0;;;;;
267070;1;10;2015;22:56;0;RUA HENRIQUE DIAS;;;;;Queda;;;;Meio de Quadra;;;0;1;0;0;0;1;0;0;0;0;0;0;-38,553496;-3,711861;;;
267066;1;10;2015;14:54;0;AV MON TABOSA;;;;;Colisão;Luz do Dia;;;Meio de Quadra;;;0;1;1;1;0;0;0;0;0;1;0;0;-38,513915;-3,723918;;;
267067;1;10;2015;19:52;0;AV GAL OSORIO DE PAIVA;;;;;Atropelamento;;;;Meio de Quadra;;;0;1;1;0;0;0;0;0;0;1;0;0;;;;;
267062;1;10;2015;07:42;0;RUA PRC ISABEL;;;;;Queda;Luz do Dia;;;Meio de Quadra;;;0;1;0;0;0;0;0;0;0;1;0;0;-38,538426;-3,736616;;;
267063;1;10;2015;12:38;0;AV CEL CARVALHO;;;;;Colisão;Luz do Dia;;;Meio de Quadra;;;0;1;0;0;0;0;0;0;0;0;0;0;;;;;
267057;1;10;2015;07:29;0;AV PLACIDO CASTELO;;;235;;Colisão;Luz do Dia;;;Meio de Quadra;;;0;1;1;1;0;0;0;0;0;1;0;0;-38,509620;-3,784315;;;
267055;1;10;2015;05:54;0;AV DR THEBERGE;;;2560;;Colisão;Amanhecer;;;Meio de Quadra;;;0;1;0;0;0;0;0;0;0;0;0;0;-38,568230;-3,724668;;;
267106;1;10;2015;23:50;5366;AV DUQ CAXIAS;RUA SEN POMPEU;;;;Colisão;;;;Cruz;Semáforo;Comercial;0;1;1;1;0;0;0;0;0;1;0;0;-38,530994;-3,731430;;;
267104;1;10;2015;22:56;0;AV LAURO VIEIRA CHAVES;;;;;Queda;;;;Meio de Quadra;;;0;1;0;0;0;0;0;0;0;1;0;0;-38,532012;-3,772697;;;
267053;1;10;2015;00:06;3010;RUA URUCUTUBA;RUA CEL VIRGILIO NOGUEIRA (BOM JARDIM);;;;Colisão;;;;Cruz;Não Há Controle;Comercial;0;1;1;1;0;0;0;0;0;1;0;0;-38,611715;-3,798102;;;