COD_ACIDENTE;DIA;MES;ANO;HORA;INTERSECAO;LOG1;LOG2;LOG3;NUMERO;REFERENCIA;NATUREZA;ILUMINACAO;TEMPO;SUPERFICIEPISTA;TIPOCRUZAMENTO;CONTROLETRAFEGO;USOSOLO;MORTOS;FERIDOS;ILESOS;AUTOMOVEL;ONIBUS;BICICLETA;CAMINHAO;MICROONIBUS;CICLOMOTOR;MOTOCICLETA;TRACAOANIMAL;TREM;LONG;LAT;;;
267133;2;10;2015;07:08;0;AV CEL CARVALHO;;;;;Colisão;Luz do Dia;;;Meio de Quadra;;;0;1;1;1;0;1;0;0;0;0;0;0;;;;;
267140;2;10;2015;10:10;0;RUA PDE PERDIGAO SAMPAIO;;;;;Colisão;Luz do Dia;;;Meio de Quadra;;;0;1;0;1;0;0;0;0;0;1;0;0;-38,594318;-3,742336;;;
267143;2;10;2015;11:13;0;AV OLAVO BILAC;;;;;Colisão;Luz do Dia;;;Meio de Quadra;;;0;1;1;0;0;0;1;0;0;1;0;0;-38,564368;-3,734533;;;
267146;2;10;2015;13:22;0;AV DES MOREIRA;;;;;Atropelamento;Luz do Dia;;;Meio de Quadra;;;0;1;1;1;0;0;0;0;0;0;0;0;-38,503403;-3,752039;;;
267149;2;10;2015;13:33;0;RUA JOAQUIM ALBANO;;;;;Colisão;Luz do Dia;;;Meio de Quadra;;;0;1;0;1;0;0;0;0;0;0;0;0;;;;;
267195;2;10;2015;20:17;23458;RUA PAULO FIRMEZA;RUA PRO CARVALHO;;;;Colisão;;;;Cruz;Pare;Residencial;0;1;0;0;0;0;0;0;0;0;0;0;-38,514078;-3,757232;;;
267186;2;10;2015;17:18;0;TR VIA FERREA SOBRAL;;;;;Colisão;Anoitecer;;;Meio de Quadra;;;0;1;0;0;0;0;0;0;0;0;0;0;;;;;
267192;2;10;2015;18:03;0;RUA JOR ANTONIO P TAVARES;;;;;Colisão;Anoitecer;;;Meio de Quadra;;;0;1;1;1;0;0;0;0;0;1;0;0;-38,503873;-3,816068;;;
267190;2;10;2015;17:55;5395;RUA ANTONIO POMPEU;RUA TEREZA CRISTINA;;;;Colisão;Anoitecer;;;Cruz;Pare;Comercial;0;1;0;0;0;0;0;0;0;0;0;0;-38,538356;-3,732340;;;
267188;2;10;2015;17:48;0;AV RAD JOSE LIMA VERDE;;;;;Colisão;Anoitecer;;;Meio de Quadra;;;0;1;1;0;0;0;0;0;0;0;0;0;-38,589300;-3,701163;;;
267165;2;10;2015;15:34;0;AV PERIMETRAL;;;;;Colisão;Luz do Dia;;;Meio de Quadra;;;0;1;0;0;0;0;0;0;0;0;0;0;;;;;
267166;2;10;2015;16:07;0;AV CARNEIRO DE MENDONCA;;;;;Colisão;Luz do Dia;;;Meio de Quadra;;;0;1;1;1;0;0;0;0;0;1;0;0;-38,563075;-3,765863;;;
267184;2;10;2015;16:55;0;AV PERIMETRAL;;;;;Colisão;Luz do Dia;;;Meio de Quadra;;;0;1;1;1;0;0;0;0;0;1;0;0;;;;;
267180;2;10;2015;16:35;0;RUA BAR RIO BRANCO;;;;;Atropelamento;Luz do Dia;;;Meio de Quadra;;;0;1;1;0;0;0;0;0;0;1;0;0;-38,528999;-3,728761;;;
267135;2;10;2015;07:54;0;RUA STA EFIGENIA;;;;;Colisão;Luz do Dia;;;Meio de Quadra;;;0;1;1;1;0;0;0;0;0;1;0;0;;;;;
267136;2;10;2015;08:21;0;AV PRS CASTELO BRANCO;;;;;Atropelamento de Animal;Luz do Dia;;;Meio de Quadra;;;0;1;0;0;0;0;0;0;0;1;0;0;-38,552424;-3,712582;;;
267130;2;10;2015;00:34;577;AV FRANCISCO SA;AV DR THEBERGE;;;;Colisão;;;;Cruz;Semáforo;Comercial;0;1;1;1;0;0;0;0;0;1;0;0;-38,565016;-3,714822;;;
267131;2;10;2015;06:29;7733;AV JOAO PESSOA;RUA BAR SOBRAL;;;;Queda;Luz do Dia;;;Outros;Semáforo;Comercial;0;1;0;0;0;0;0;0;0;1;0;0;-38,558693;-3,764518;;;
271182;2;10;2015;13:19;0;AV PRO GOMES DE MATOS;;;;;Colisão;Luz do Dia;;;Meio de Quadra;;;0;0;2;0;0;0;0;0;0;0;0;0;;;;;
271183;2;10;2015;13:20;0;RUA MARIO ALENCAR ARARIPE;;;;;Colisão;Luz do Dia;;;Meio de Quadra;;;0;0;2;0;0;0;0;0;0;0;0;0;;;;;
271193;2;10;2015;14:33;0;AV GODOFREDO MACIEL;;;;;Colisão;Luz do Dia;;;Meio de Quadra;;;0;0;2;0;0;0;0;0;0;0;0;0;;;;;
271189;2;10;2015;14:13;0;RUA LUIZA MIRANDA COELHO;;;;;Colisão;Luz do Dia;;;Meio de Quadra;;;0;0;2;0;0;0;0;0;0;0;0;0;;;;;
271190;2;10;2015;14:15;0;RUA PDE PEDRO DE ALENCAR;;;;;Colisão;Luz do Dia;;;Meio de Quadra;;;0;0;2;0;0;0;0;0;0;0;0;0;;;;;
271185;2;10;2015;13:23;0;AV ZUCA ACIOLY;;;;;Colisão;Luz do Dia;;;Meio de Quadra;;;0;0;2;0;0;0;0;0;0;0;0;0;;;;;
271186;2;10;2015;13:33;0;RUA ESTEVAO DE MELO;;;;;Choque c/ Obstáculo Fixo;Luz do Dia;;;Meio de Quadra;;;0;0;1;0;0;0;0;0;0;0;0;0;;;;;
271187;2;10;2015;13:42;0;RUA EDSON MARTINS;;;;;Colisão;Luz do Dia;;;Meio de Quadra;;;0;0;2;0;0;0;0;0;0;0;0;0;;;;;
271208;2;10;2015;19:29;0;RUA GERALDO BARBOSA;;;;;Choque c/ Obstáculo Fixo;;;;Meio de Quadra;;;0;0;1;0;0;0;0;0;0;0;0;0;;;;;
271204;2;10;2015;16:59;25226;AV GAL OSORIO DE PAIVA;RUA JARDIM FLUMINENSE;;;;Colisão;Luz do Dia;;;T;Pare;Residencial;0;0;2;0;0;0;0;0;0;0;0;0;-38,605395;-3,808170;;;
271202;2;10;2015;16:36;0;AV GAL OSORIO DE PAIVA;;;;;Colisão;Luz do Dia;;;Meio de Quadra;;;0;0;2;0;0;0;0;0;0;0;0;0;;;;;
271197;2;10;2015;14:44;0;AV PRS COSTA E SILVA;;;;;Colisão;Luz do Dia;;;Meio de Quadra;;;0;0;2;0;0;0;0;0;0;0;0;0;;;;;
271199;2;10;2015;16:35;0;AV PRS COSTA E SILVA;;;;;Atropelamento;Luz do Dia;;;Meio de Quadra;;;0;0;2;0;0;0;0;0;0;0;0;0;;;;;
257846;2;10;2015;06:20;0;AV SEN FERNANDES TAVORA;;;2886;;Colisão Traseira;Luz do Dia;Bom;Seca;Meio de Quadra;Semáforo;Comercial;0;0;2;1;0;0;0;0;0;0;0;0;-38,597923;-3,755188;;;
257854;2;10;2015;09:10;25435;AV ALBERTO CRAVEIRO;RUA PAULA FRANCINETE;;;;Colisão Transversal;Luz do Dia;Bom;Seca;T;Pare;Comercial;0;0;2;1;0;0;0;0;0;0;0;0;-38,518044;-3,795238;;;
257850;2;10;2015;16:00;0;RUA SEN ROBERT KENNEDY;;;168;;Colisão Transversal;Via Iluminada;Bom;Seca;Meio de Quadra;;Comercial;0;2;1;0;0;0;0;0;0;1;0;0;-38,577492;-3,700822;;;
257838;2;10;2015;18:00;0;AV CARNEIRO DE MENDONCA;;;2179;;Colisão Lateral Sentido Oposto;Via Iluminada;Bom;Seca;Meio de Quadra;Não Há Controle;Residencial;0;0;2;1;0;0;0;0;0;0;0;0;-38,577394;-3,758721;;;
257870;2;10;2015;13:00;19953;RUA FRANCISCO LORDA;RUA ARTUR DE CARVALHO;;;;Engavetamento;Luz do Dia;Bom;Seca;Cruz;Pare;Residencial;0;1;3;1;0;0;0;0;0;0;0;0;-38,534715;-3,761042;;;
257863;2;10;2015;12:00;0;AV AGUANAMBI;;;1170;;Colisão Traseira;;Bom;Seca;Meio de Quadra;Não Há Controle;Comercial;0;0;2;1;0;0;0;0;0;1;0;0;-38,525100;-3,746455;;;
257889;2;10;2015;10:18;0;RUA ALM RUBIM;;;1226;;Colisão Transversal;Luz do Dia;Bom;Seca;Meio de Quadra;Semáforo;Residencial;0;0;2;1;0;0;0;0;0;0;0;0;-38,555633;-3,768061;;;
257887;2;10;2015;07:30;0;AV CARNEIRO DE MENDONCA;;;828;;Colisão Traseira;Luz do Dia;Bom;Seca;;;;0;0;2;1;0;0;0;0;0;0;0;0;;;;;
257925;2;10;2015;18:00;9176;AV EDUARDO GIRAO;AV AGUANAMBI;;;;Colisão Transversal;Luz do Dia;Bom;Molhada;Rotatória;Semáforo;Outros;0;0;2;1;0;0;1;0;0;0;0;0;-38,523639;-3,755303;;;
257918;2;10;2015;21:10;3789;AV 13 DE MAIO;RUA WALDERY UCHOA;;;;Atropelamento;Via Iluminada;;Seca;Cruz;Pare;Comercial;0;0;3;1;0;0;0;0;0;0;0;0;-38,537427;-3,742399;;;
257914;2;10;2015;15:00;15370;AV DOM LUIS;AV SEN VIRGILIO TAVORA;;;;Colisão Transversal;Luz do Dia;Bom;Seca;Cruz;Semáforo;Comercial;0;0;2;1;1;0;0;0;0;0;0;0;-38,492507;-3,734829;;;
257899;2;10;2015;08:00;12992;RUA 25 CJ JOSE WALTER;RUA 22 CJ JOSE WALTER;;;;Colisão Transversal;Luz do Dia;Bom;Seca;T;Pare;Residencial;0;0;2;1;0;0;0;0;0;0;0;0;-38,558466;-3,824635;;;
257900;2;10;2015;00:00;5366;AV DUQ CAXIAS;RUA SEN POMPEU;;;;Colisão Lateral;Via Iluminada;Bom;Seca;Cruz;Semáforo;Comercial;0;1;1;1;0;0;0;0;0;1;0;0;-38,530994;-3,731430;;;
257892;2;10;2015;02:00;0;AV GAL OSORIO DE PAIVA;;;6797;;Choque c/ Obstáculo Fixo;Via Iluminada;Bom;Seca;Meio de Quadra;Não Há Controle;Comercial;0;1;0;1;0;0;0;0;0;0;0;0;-38,610163;-3,813100;;;
257903;2;10;2015;08:30;0;AV GOV RAUL BARBOSA;;;13330;;Colisão Lateral;Luz do Dia;Bom;Seca;Meio de Quadra;Não Há Controle;Comercial;0;0;2;1;0;0;1;0;0;0;0;0;;;;;
259661;2;10;2015;13:30;0;RD CE-040;;;;KM-06;Colisão;Luz do Dia;;Seca;Meio de Quadra;;;0;0;2;1;0;0;1;0;0;0;0;0;-38,478781;-3,811270;;;
259662;2;10;2015;13:30;0;AV SEN CARLOS JEREISSATI (AEROPORTO);;;;KM 02;Colisão;Luz do Dia;;Seca;Meio de Quadra;;;0;0;2;0;0;0;0;0;0;1;0;0;-38,529156;-3,783932;;;
259663;2;10;2015;14:30;0;RD CE-040;;;;KM-06;Colisão;Luz do Dia;;Seca;Meio de Quadra;;;0;0;2;1;0;0;0;0;0;0;0;0;-38,478781;-3,811270;;;
259664;2;10;2015;14:40;0;RD CE-040;;;;KM-09;Colisão;Luz do Dia;;Seca;Meio de Quadra;;;0;0;5;1;0;0;1;0;0;0;0;0;-38,481431;-3,824774;;;
259665;2;10;2015;20:00;0;RD CE-040;;;;KM-05;Colisão;Via Iluminada;;Seca;Meio de Quadra;;;0;0;2;1;0;0;0;0;0;0;0;0;-38,480349;-3,790876;;;
257833;2;10;2015;15:00;25545;AV VIS RIO BRANCO;RUA CAP TIBURCIO DA FROTA;;;;Colisão Transversal;;Bom;Seca;T;Pare;Comercial;0;0;2;1;0;0;0;0;0;0;0;0;-38,520109;-3,755470;;;
257823;2;10;2015;10:15;5279;RUA COSTA BARROS;RUA NOGUEIRA ACIOLI;;;;Colisão Transversal;Luz do Dia;Bom;Seca;Cruz;Pare;Comercial;0;1;1;1;0;0;0;0;0;0;0;0;-38,516481;-3,728753;;;
257825;2;10;2015;14:00;15353;RUA PEREIRA VALENTE;RUA BARBOSA DE FREITAS;;;;Capotamento;Luz do Dia;Bom;Seca;Cruz;Pare;Residencial;0;0;4;1;0;0;0;0;0;0;0;0;-38,496080;-3,732578;;;
257829;2;10;2015;12:20;3859;AV DA UNIVERSIDADE;RUA JUVENAL GALENO;;;;Colisão Transversal;Luz do Dia;Bom;Seca;Cruz;Semáforo;Comercial;0;1;1;1;0;0;0;0;0;0;0;0;-38,538143;-3,739893;;;
257821;2;10;2015;09:30;1661;RUA JOAQUIM NABUCO;RUA VICENTE LINHARES;;;;Colisão Transversal;Luz do Dia;Bom;Seca;Cruz;Pare;Comercial;0;0;2;1;0;0;0;0;0;0;0;0;-38,503180;-3,741195;;;
259288;2;10;2015;08:40;0;RD BR 116;;;4000;KM-04;Colisão Transversal;Luz do Dia;Bom;Seca;Meio de Quadra;Não Há Controle;Comercial;0;0;3;1;1;0;0;0;0;0;0;0;-38,510646;-3,788331;;;
259290;2;10;2015;19:00;0;RD BR 116;;;3000;KM-03;Colisão Transversal;Via Iluminada;Bom;Seca;Meio de Quadra;Não Há Controle;Comercial;0;1;1;0;0;0;1;0;0;1;0;0;-38,514372;-3,779838;;;
257772;2;10;2015;07:30;0;AV DOMINGOS OLIMPIO;;;1921;;Colisão;Luz do Dia;Bom;Seca;Meio de Quadra;Não Há Controle;Comercial;0;0;3;1;1;0;0;0;0;0;0;0;-38,540450;-3,733586;;;
257807;2;10;2015;12:30;577;AV FRANCISCO SA;AV DR THEBERGE;;;;Colisão Transversal;Via Iluminada;Bom;Seca;Cruz;Semáforo;Comercial;0;1;1;0;0;0;1;0;0;1;0;0;-38,565016;-3,714822;;;
257803;2;10;2015;14:30;25351;AV PRS JUSCELINO KUBITSCHEK (PASSARÉ);RUA MARINHO E SILVA;;;;Colisão Traseira;Luz do Dia;Bom;Seca;;Não Há Controle;Comercial;0;1;3;1;0;0;0;0;0;0;0;0;;;;;
257811;2;10;2015;06:50;6721;AV ENG SANTANA JUNIOR;RUA BENTO ALBUQUERQUE;;;;Colisão Traseira;Luz do Dia;Bom;Seca;Cruz;Semáforo;Comercial;0;1;2;1;0;0;1;0;0;1;0;0;-38,486538;-3,742678;;;
257801;2;10;2015;13:40;17957;RUA ALCANTARA BILHAR;RUA JOAQUIM ALBANO;;;;Colisão Lateral;Luz do Dia;Bom;Seca;Cruz;Pare;Comercial;0;1;1;1;0;0;0;0;0;1;0;0;-38,582130;-3,735593;;;
257784;2;10;2015;18:30;0;AV PRS CASTELO BRANCO;;;;;Colisão Traseira;Anoitecer;Bom;Seca;Meio de Quadra;Pare;Comercial;0;0;2;1;1;0;0;0;0;0;0;0;;;;;
257785;2;10;2015;18:30;22128;RUA MAJ PEDRO SAMPAIO;RUA TAVARES IRACEMA;;;;Colisão Transversal;;Bom;Seca;Cruz;Pare;Residencial;0;0;2;1;1;0;0;0;0;0;0;0;-38,556109;-3,749285;;;
257786;2;10;2015;17:00;0;RUA MAJ FACUNDO;;;44;;Colisão Frontal;Via Iluminada;Bom;Seca;Meio de Quadra;;Comercial;0;1;1;1;0;0;0;0;0;1;0;0;-38,526457;-3,723318;;;
257787;2;10;2015;10:00;22353;AV BEZERRA DE MENEZES;RUA AMADEU FURTADO;;;;Colisão;Luz do Dia;Bom;Seca;Cruz;Semáforo;Comercial;0;1;1;1;0;0;0;0;0;1;0;0;-38,564151;-3,735601;;;
257788;2;10;2015;06:30;356;RUA GUSTAVO BRAGA;RUA FRANCISCA CLOTILDE;;;;Colisão Transversal;Luz do Dia;Bom;Seca;Cruz;Pare;Comercial;0;2;1;1;0;0;0;0;0;1;0;0;-38,556863;-3,747141;;;
257789;2;10;2015;07:10;21378;AV JOVITA FEITOSA;RUA PRO JOSE DE BARCELOS;;;;Colisão Traseira;;;Seca;Cruz;Semáforo Intermitente;Comercial;0;0;3;1;0;0;0;0;0;0;0;0;-38,549933;-3,738516;;;
257790;2;10;2015;08:20;0;AV GOV RAUL BARBOSA;;;1180;;Colisão Traseira;Luz do Dia;Bom;Seca;Meio de Quadra;Não Há Controle;Comercial;0;1;1;1;0;0;0;0;0;1;0;0;-38,506649;-3,761413;;;
257791;2;10;2015;08:05;2529;AV FRANCISCO SA;RUA JERONIMO ALBUQUERQUE;;;;Colisão Lateral;Luz do Dia;Bom;Seca;T;Pare;Industrial;0;0;2;0;1;0;0;0;0;0;0;0;-38,577688;-3,710450;;;
257792;2;10;2015;19:30;0;AV MAJ ASSIS;;;2260;;Capotamento;Via Iluminada;Bom;Seca;Meio de Quadra;Não Há Controle;Residencial;0;0;3;1;0;0;0;0;0;0;0;0;-38,600205;-3,720656;;;
257782;3;10;2015;10:00;0;AV PRO GOMES DE MATOS;;;1581;;Colisão Traseira;Luz do Dia;Bom;Seca;Meio de Quadra;Não Há Controle;Comercial;0;0;2;1;1;0;0;0;0;0;0;0;-38,549304;-3,765431;;;
257798;3;10;2015;08:00;10999;RUA 15 DE NOVEMBRO;RUA ALBERTO MAGNO;;;;Colisão Transversal;Luz do Dia;Bom;Seca;Cruz;Pare;Residencial;0;1;1;0;0;0;0;0;0;1;0;0;-38,553169;-3,769909;;;
257794;3;10;2015;06:20;0;AV FRANCISCO SA;;;1615;;Colisão;Luz do Dia;Bom;Seca;Meio de Quadra;Não Há Controle;Residencial;0;1;1;0;1;1;0;0;0;0;0;0;;;;;
257808;3;10;2015;17:20;15195;AV ABOLICAO;RUA JOSE NAPOLEAO;;;;Colisão Transversal;Anoitecer;Bom;Seca;Cruz;Semáforo Manual;Comercial;0;1;1;1;0;0;0;0;1;0;0;0;-38,490302;-3,726523;;;
257835;3;10;2015;15:45;0;RUA BERNARDO MANUEL;;;8259;;Colisão;Luz do Dia;Bom;;Meio de Quadra;;Comercial;0;1;1;0;0;0;1;0;0;1;0;0;-38,549248;-3,791601;;;
257827;3;10;2015;14:40;0;AV PRS COSTA E SILVA;;;3601;JOSE WALTER;Colisão Traseira;Luz do Dia;Bom;Seca;Meio de Quadra;Não Há Controle;Residencial;0;0;2;1;0;0;0;0;0;0;0;0;-38,548554;-3,823879;;;
257824;3;10;2015;06:30;3928;AV IMPERADOR;RUA ANTONIO POMPEU;;;;Colisão Transversal;Luz do Dia;Bom;Seca;Cruz;Semáforo;Escola;0;1;2;0;0;0;0;1;0;0;0;0;-38,536179;-3,733045;;;
257819;3;10;2015;13:20;7211;AV PRS CASTELO BRANCO;AV DR THEBERGE;;;;Colisão Transversal;Luz do Dia;Bom;Seca;Cruz;Semáforo;Residencial;0;1;1;1;0;0;0;0;0;1;0;0;-38,563456;-3,710079;;;
257820;3;10;2015;06:00;23463;RUA PAULO FIRMEZA;RUA FIS VIEIRA;;;;Colisão Transversal;Luz do Dia;Bom;Seca;Cruz;Pare;Residencial;0;3;1;0;0;0;0;0;0;1;0;0;-38,515176;-3,757341;;;
257817;3;10;2015;17:30;6725;RUA BENTO ALBUQUERQUE;RUA JULIO AZEVEDO;;;;Colisão Lateral;Anoitecer;Bom;Seca;Cruz;Pare;Residencial;0;0;2;1;0;0;0;0;0;0;0;0;-38,482854;-3,743861;;;
259666;3;10;2015;11:30;0;RD CE-040;;;;KM-11;Colisão;Luz do Dia;;Seca;Meio de Quadra;;;0;0;2;1;0;0;0;0;0;0;0;0;-38,480252;-3,844873;;;
259667;3;10;2015;17:00;0;RD CE-040;;;;KM-03;Tombamento;Anoitecer;;Seca;Meio de Quadra;;;0;0;3;1;0;0;0;0;0;0;0;0;-38,481014;-3,783185;;;
257909;3;10;2015;05:10;3831;AV 13 DE MAIO;RUA MAL DEODORO;;;;Colisão Lateral;Amanhecer;Bom;Seca;Cruz;Semáforo;Escola;0;1;3;1;1;0;0;0;0;0;0;0;-38,536588;-3,743122;;;
257906;3;10;2015;15:28;0;AV AGUANAMBI;;;350;;Colisão Lateral;Luz do Dia;Bom;Seca;Meio de Quadra;Não Há Controle;Comercial;0;0;2;1;0;0;0;1;0;0;0;0;-38,524944;-3,740098;;;
257898;3;10;2015;12:40;0;RUA ILDEFONSO ALBANO;;;;;Colisão Lateral;Luz do Dia;Bom;Seca;Meio de Quadra;Semáforo;Comercial;0;1;2;1;0;0;0;0;0;0;0;0;;;;;
257913;3;10;2015;13:00;15245;AV ANTONIO JUSTA;RUA LEONARDO MOTA;;;;Colisão Traseira;Luz do Dia;Bom;Seca;Cruz;Pare;Comercial;0;0;3;1;0;0;0;0;0;0;0;0;-38,493542;-3,727945;;;
257927;3;10;2015;10:20;13580;RUA FIS VIEIRA;RUA FRE BERNARDINO;;;;Colisão Transversal;Luz do Dia;Bom;Seca;Cruz;Não Há Controle;Residencial;0;1;1;1;0;0;0;0;1;0;0;0;-38,516432;-3,750837;;;
257924;3;10;2015;16:00;15357;RUA LEONARDO MOTA;RUA PEREIRA VALENTE;;;;Colisão Transversal;Luz do Dia;Bom;Seca;Cruz;Pare;Comercial;0;0;2;1;0;0;0;0;0;0;0;0;-38,495134;-3,732885;;;
257876;3;10;2015;21:30;10110;RUA MARIA JULIA;RUA MIRTES CORDEIRO;;;;Colisão Lateral;Via Iluminada;Bom;Seca;Cruz;Pare;Residencial;0;1;1;1;0;0;0;0;0;1;0;0;-38,598846;-3,789049;;;
257877;3;10;2015;12:10;1464;AV HERACLITO GRACA;RUA DR JOSE LOURENCO;;;;Colisão Traseira;Luz do Dia;Bom;Seca;Cruz;Semáforo;Comercial;0;0;2;1;0;0;0;0;0;0;0;0;-38,509091;-3,738709;;;
257865;3;10;2015;18:30;5037;RUA PESSOA ANTA;RUA GUILHERME BLHUM;;;;Colisão Lateral;Anoitecer;Bom;Seca;T;Pare;Comercial;0;1;1;0;1;1;0;0;0;0;0;0;-38,522017;-3,721113;;;
257947;3;10;2015;14:15;0;AV GODOFREDO MACIEL;;;525;;Colisão Lateral;Luz do Dia;Bom;Seca;Meio de Quadra;Não Há Controle;Comercial;0;0;2;1;0;0;0;0;0;0;0;0;-38,565101;-3,780816;;;
257930;3;10;2015;08:00;23466;RUA PAULO FIRMEZA;RUA CAP GUSTAVO;;;;Colisão Transversal;Luz do Dia;Bom;Seca;Duplo T;Pare;Residencial;0;1;1;1;0;0;0;0;1;0;0;0;-38,516363;-3,757459;;;
257936;3;10;2015;20:58;18320;AV HIS RAIMUNDO GIRAO;RUA ARARIUS;;;;Colisão Transversal;Via Iluminada;Bom;Seca;Cruz;Semáforo;Residencial;0;0;2;1;0;0;0;0;0;0;0;0;-38,513581;-3,720447;;;
257954;3;10;2015;14:15;348;RUA PRO LINO ENCARNACAO;RUA CESAR FONTENELE;;;;Colisão Lateral;Luz do Dia;Bom;Seca;Cruz;Outros;Residencial;0;0;2;1;0;0;0;0;0;0;0;0;-38,559596;-3,746359;;;
257957;3;10;2015;12:15;12454;RUA SILVEIRA FILHO;RUA MOZART FIRMEZA;;;;Outros;Luz do Dia;Bom;Seca;;;;0;1;0;0;0;0;0;0;0;1;0;0;-38,574590;-3,767912;;;
257960;3;10;2015;09:00;15214;AV ABOLICAO;RUA LEONARDO MOTA;;;;Atropelamento;Luz do Dia;Bom;Seca;T;Pare;Comercial;0;1;1;0;0;0;0;0;0;1;0;0;-38,493236;-3,726977;;;
257961;3;10;2015;12:31;2551;AV FRANCISCO SA;RUA ALBERTO DE OLIVEIRA;;;;Colisão Lateral;Luz do Dia;Bom;Seca;Cruz;Pare;Comercial;0;0;2;1;1;0;0;0;0;0;0;0;-38,576582;-3,710829;;;
257942;3;10;2015;18:30;12652;AV MAJ ASSIS;RUA RIO PARAGUAI;;;;Colisão Transversal;Anoitecer;Bom;Seca;Cruz;Pare;Residencial;0;0;2;1;0;0;0;0;0;0;0;0;-38,584107;-3,723988;;;
257964;3;10;2015;15:00;22297;AV BEZERRA DE MENEZES;RUA PDE ANCHIETA;;;;Colisão Lateral;Luz do Dia;Bom;Seca;Cruz;Semáforo;Comercial;0;0;2;0;1;0;0;1;0;0;0;0;-38,552298;-3,733155;;;
257837;3;10;2015;11:00;7899;AV ANTONIO SALES;RUA MON CATAO;;;;Colisão Lateral;Luz do Dia;Bom;Seca;Cruz;Pare;Comercial;0;0;2;1;0;0;0;0;0;0;0;0;-38,493642;-3,748174;;;
268423;3;10;2015;03:20;2412;RUA IRAPUA;AV FRANCISCO SA;;;;Colisão;;;;Cruz;Não Há Controle;Residencial;0;0;1;1;0;0;0;0;0;0;0;0;-38,586099;-3,706356;;;
268426;3;10;2015;11:00;0;AV DA UNIVERSIDADE;;;3040;;Colisão;Luz do Dia;;;Meio de Quadra;;;0;0;1;0;0;0;0;0;0;1;0;0;-38,540617;-3,742623;;;
265141;3;10;2015;20:50;0;AV 13 DE MAIO;;;;;Colisão;;;;Meio de Quadra;;;0;0;2;1;0;0;0;0;0;0;0;0;;;;;
265131;3;10;2015;11:40;0;AV PRS CASTELO BRANCO;;;;;Colisão;Luz do Dia;;;Meio de Quadra;;;0;0;2;1;1;0;0;0;0;0;0;0;;;;;
271213;3;10;2015;07:44;0;AV DUQ CAXIAS;;;;;Colisão;Luz do Dia;;;Meio de Quadra;;;0;0;2;0;0;0;0;0;0;0;0;0;;;;;
271210;3;10;2015;00:42;3085;RUA BIAS MENDES;TR MACAU;;;;Colisão;;;;;;;0;0;2;0;0;0;0;0;0;0;0;0;-38,593031;-3,776435;;;
271259;3;10;2015;23:01;743;AV PRS CASTELO BRANCO;AV PASTEUR;;;;Colisão;;;;Cruz;Semáforo;Comercial;0;0;2;0;0;0;0;0;0;0;0;0;-38,558856;-3,711181;;;
271260;3;10;2015;23:05;0;RUA BRAGANCA;;;;;Colisão;;;;Meio de Quadra;;;0;0;2;0;0;0;0;0;0;0;0;0;;;;;
271264;3;10;2015;23:10;0;AV DOM LUIS;;;;;Colisão;;;;Meio de Quadra;;;0;0;2;0;0;0;0;0;0;0;0;0;;;;;
271239;3;10;2015;18:23;8373;RUA FRANCISCO DANTAS;RUA ROSA CORDEIRO;;;;Colisão;Anoitecer;;;;;;0;0;2;0;0;0;0;0;0;0;0;0;-38,468877;-3,773147;;;
271257;3;10;2015;22:11;0;RUA EMILIO DE MENESES;;;;;Colisão;;;;Meio de Quadra;;;0;0;2;0;0;0;0;0;0;0;0;0;;;;;
271255;3;10;2015;21:21;0;RUA GALAXIA;;;;;Colisão;;;;Meio de Quadra;;;0;0;2;0;0;0;0;0;0;0;0;0;;;;;
271250;3;10;2015;18:55;4419;RUA 7 DE ABRIL;RUA LINDOIA;;;;Colisão;;;;;;;0;0;2;0;0;0;0;0;0;0;0;0;-38,473299;-3,721330;;;
271233;3;10;2015;13:22;0;AV GAL OSORIO DE PAIVA;;;;;Atropelamento;Luz do Dia;;;Meio de Quadra;;;0;0;2;0;0;0;0;0;0;0;0;0;;;;;
271248;3;10;2015;18:51;0;RUA TEN ELIEZER COSTA;;;;;Colisão;;;;Meio de Quadra;;;0;0;2;0;0;0;0;0;0;0;0;0;;;;;
271246;3;10;2015;18:44;15311;AV RUI BARBOSA;RUA PEREIRA FILGUEIRAS;;;;Colisão;;;;Cruz;Semáforo;Comercial;0;0;2;0;0;0;0;0;0;0;0;0;-38,507546;-3,730106;;;
271242;3;10;2015;18:41;0;RUA ADOLFO CAMINHA;;;;;Colisão;;;;Meio de Quadra;;;0;0;2;0;0;0;0;0;0;0;0;0;;;;;
271243;3;10;2015;18:43;17928;RUA ALCANTARA BILHAR;RUA SEN ALVARO ADOLFO;;;;Choque c/ Obstáculo Fixo;;;;T;Pare;Comercial;0;0;2;0;0;0;0;0;0;0;0;0;-38,582392;-3,733612;;;
271235;3;10;2015;16:11;5161;RUA SEN ALENCAR;RUA MAJ FACUNDO;;;;Colisão;Luz do Dia;;;Cruz;Pare;Comercial;0;0;2;0;0;0;0;0;0;0;0;0;-38,527033;-3,725114;;;
271236;3;10;2015;17:10;0;RUA ANTONIO JURACY RICARTY;;;;;Colisão;Anoitecer;;;Meio de Quadra;;;0;0;2;0;0;0;0;0;0;0;0;0;;;;;