COD_ACIDENTE;DIA;MES;ANO;HORA;INTERSECAO;LOG1;LOG2;LOG3;NUMERO;REFERENCIA;NATUREZA;ILUMINACAO;TEMPO;SUPERFICIEPISTA;TIPOCRUZAMENTO;CONTROLETRAFEGO;USOSOLO;MORTOS;FERIDOS;ILESOS;AUTOMOVEL;ONIBUS;BICICLETA;CAMINHAO;MICROONIBUS;CICLOMOTOR;MOTOCICLETA;TRACAOANIMAL;TREM;LONG;LAT;;;
271237;3;10;2015;17:30;17645;RUA JOSE PEDRA;TR JOSE PEDRA D44;;;;Colisão;Anoitecer;;;;;;0;0;2;0;0;0;0;0;0;0;0;0;;;;;
271227;3;10;2015;12:46;0;RUA JOSE ONOFRE;;;;;Colisão;Luz do Dia;;;Meio de Quadra;;;0;0;2;0;0;0;0;0;0;0;0;0;;;;;
271228;3;10;2015;12:48;0;RUA HELVECIO MONTE;;;;;Colisão;Luz do Dia;;;Meio de Quadra;;;0;0;2;0;0;0;0;0;0;0;0;0;;;;;
271229;3;10;2015;13:08;0;RUA PRO HERIBALDO COSTA;;;;;Colisão;Luz do Dia;;;Meio de Quadra;;;0;0;2;0;0;0;0;0;0;0;0;0;;;;;
271225;3;10;2015;12:40;4875;RUA CON DE CASTRO;RUA JARDIM FLUMINENSE;;;;Colisão;Luz do Dia;;;T;Semáforo;Residencial;0;0;2;0;0;0;0;0;0;0;0;0;-38,597948;-3,812831;;;
271223;3;10;2015;11:41;0;RUA 105 CJ NOVO MONDUBIM;;;;;Colisão;Luz do Dia;;;Meio de Quadra;;;0;0;2;0;0;0;0;0;0;0;0;0;;;;;
271231;3;10;2015;13:10;0;AV CONTORNO SUL;;;;;Colisão;Luz do Dia;;;Meio de Quadra;;;0;0;2;0;0;0;0;0;0;0;0;0;;;;;
271219;3;10;2015;11:27;23466;RUA PAULO FIRMEZA;RUA CAP GUSTAVO;;;;Atropelamento;Luz do Dia;;;Duplo T;Pare;Residencial;0;0;2;0;0;0;0;0;0;0;0;0;-38,516363;-3,757459;;;
271215;3;10;2015;08:07;0;AV FRANCISCO SA;;;;;Colisão;Luz do Dia;;;Meio de Quadra;;;0;0;2;0;0;0;0;0;0;0;0;0;;;;;
271217;3;10;2015;09:02;0;RUA MAJ FACUNDO;;;;;Atropelamento;Luz do Dia;;;Meio de Quadra;;;0;0;2;0;0;0;0;0;0;0;0;0;;;;;
267201;3;10;2015;05:11;0;AV CEL CARVALHO;;;;;Colisão;Amanhecer;;;Meio de Quadra;;;0;1;0;0;0;0;0;0;0;0;0;0;-38,584571;-3,731421;;;
267197;3;10;2015;04:00;0;AV GODOFREDO MACIEL;;;;;Colisão;;;;Meio de Quadra;;;0;1;1;1;0;0;0;0;0;1;0;0;-38,579104;-3,825256;;;
267211;3;10;2015;11:14;0;AV GAL OSORIO DE PAIVA;;;;;Atropelamento;Luz do Dia;;;Meio de Quadra;;;0;1;1;1;0;0;0;0;0;0;0;0;;;;;
267212;3;10;2015;11:39;5438;RUA ASSUNCAO;RUA METON DE ALENCAR;;;;Atropelamento;Luz do Dia;;;Cruz;Pare;Comercial;0;1;1;1;0;0;0;0;0;0;0;0;-38,528594;-3,734332;;;
267216;3;10;2015;12:17;0;RUA JOSE ONOFRE;;;;;Colisão;Luz do Dia;;;Meio de Quadra;;;0;1;1;1;0;0;0;0;0;1;0;0;-38,590788;-3,808001;;;
267217;3;10;2015;12:19;0;AV CARNEIRO DE MENDONCA;;;;;Colisão;Luz do Dia;;;Meio de Quadra;;;0;1;0;0;0;0;0;0;0;1;0;0;-38,570865;-3,761908;;;
267226;3;10;2015;16:13;0;AV SIQUEIRA CAMPOS;;;;;Colisão;Luz do Dia;;;Meio de Quadra;;;0;1;1;1;0;1;0;0;0;0;0;0;;;;;
267232;3;10;2015;20:47;25407;RUA CEL MATOS DOURADO;RUA CEL JOAQUIM FRANKLIN;;;;Colisão;;;;;;Residencial;0;1;0;0;0;0;0;0;0;0;0;0;-38,585133;-3,742009;;;
267233;3;10;2015;20:58;0;RUA MARIA ALICE FERRAZ;;;;;Colisão;;;;Meio de Quadra;;;0;1;1;1;0;0;0;0;0;1;0;0;;;;;
267229;3;10;2015;18:21;7948;AV PONTES VIEIRA;RUA JOAQUIM NABUCO;;;;Colisão;Anoitecer;;;Cruz;Semáforo Intermitente;Comercial;0;1;1;1;0;0;0;0;0;1;0;0;-38,506628;-3,751917;;;
267230;3;10;2015;18:58;0;AV ENG SANTANA JUNIOR;;;;;Atropelamento;;;;Meio de Quadra;;;0;1;0;1;0;0;0;0;0;0;0;0;;;;;
267238;3;10;2015;22:05;0;RUA GAL TERTULIANO POTYGUARA;;;;;Queda;;;;Meio de Quadra;;;0;1;0;0;0;0;0;0;0;1;0;0;-38,497578;-3,744103;;;
267239;3;10;2015;22:56;7190;AV DR THEBERGE;RUA CAMELIA;;;;Colisão;;;;Cruz;Dê Preferência;Residencial;0;1;0;0;0;0;0;0;0;1;0;0;-38,563147;-3,709175;;;
267241;3;10;2015;23:43;0;RUA CANDIDO CASTELO BRANCO;;;;;Atropelamento;;;;Meio de Quadra;;;0;1;1;1;0;0;0;0;0;0;0;0;;;;;
271092;3;10;2015;21:00;0;RD BR 116;;;14000;KM-14;Queda;;;;Meio de Quadra;;;1;0;0;0;0;0;0;0;0;1;0;0;-38,499242;-3,873523;;;
267243;4;10;2015;00:42;0;AV GAL OSORIO DE PAIVA;;;;;Colisão;;;;Meio de Quadra;;;0;1;1;1;0;0;0;0;0;1;0;0;;;;;
267245;4;10;2015;03:50;0;RUA HIS GUARINO ALVES;;;;;Colisão;;;;Meio de Quadra;;;0;1;1;1;0;0;0;0;0;1;0;0;;;;;
267246;4;10;2015;08:53;19583;RUA NEREU RAMOS;RUA CON DE CASTRO;;;;Colisão;Luz do Dia;;;Cruz;Pare;Comercial;0;1;1;1;0;0;0;0;0;1;0;0;-38,573285;-3,784820;;;
267247;4;10;2015;09:43;0;AV JOR JOAO RAMOS;;;;;Colisão;Luz do Dia;;;Meio de Quadra;;;0;1;1;1;0;0;0;0;0;1;0;0;-38,569093;-3,843036;;;
267249;4;10;2015;10:50;0;RUA ANTERO QUENTAL;;;;;Colisão;Luz do Dia;;;Meio de Quadra;;;0;1;0;0;0;0;0;0;0;0;0;0;;;;;
267250;4;10;2015;13:25;0;AV PDE ANTONIO TOMAS;;;;;Colisão;Luz do Dia;;;Meio de Quadra;;;0;1;1;1;0;0;0;0;0;1;0;0;-38,502651;-3,739195;;;
267251;4;10;2015;13:31;10072;RUA CEL FABRICIANO;RUA CEL VIRGILIO NOGUEIRA (BOM JARDIM);;;;Colisão;Luz do Dia;;;;;;0;1;0;0;0;0;0;0;0;0;0;0;-38,606869;-3,783041;;;
267252;4;10;2015;15:25;0;RUA ENG LUIS MONTENEGRO;;;;;Colisão;Luz do Dia;;;Meio de Quadra;;;0;1;0;0;0;0;0;0;0;0;0;0;;;;;
267253;4;10;2015;15:53;0;AV CONTORNO SUL;;;;;Colisão;Luz do Dia;;;Meio de Quadra;;;0;1;1;1;0;0;0;0;0;1;0;0;;;;;
267254;4;10;2015;19:06;0;AV MOZART PINHEIRO DE LUCENA;;;;;Atropelamento;;;;Meio de Quadra;;;0;1;1;1;0;0;0;0;0;0;0;0;-38,595442;-3,717377;;;
267255;4;10;2015;21:32;0;AV N CJ JOSE WALTER;;;;;Colisão;;;;Meio de Quadra;;;0;1;1;1;0;0;0;0;0;1;0;0;;;;;
267256;4;10;2015;21:43;11030;RUA 15 DE NOVEMBRO;RUA EUZEBIO DE QUEIROS;;;;Queda;;;;;;;0;1;0;0;0;0;0;0;0;1;0;0;-38,555011;-3,769241;;;
267257;4;10;2015;22:26;0;RUA RIO GRANDE DO SUL;;;;;Colisão;;;;Meio de Quadra;;;0;1;1;1;0;0;0;0;0;1;0;0;-38,569768;-3,761943;;;
267258;4;10;2015;22:26;0;AV FRANCISCO SA;;;;;Colisão;;;;Meio de Quadra;;;0;1;1;1;0;0;0;0;0;1;0;0;;;;;
267259;4;10;2015;23:29;4112;RUA ENG JOAO NOGUEIRA;RUA ALVARO DE ALENCAR;;;;Queda;;;;;;;0;1;0;0;0;1;0;0;0;0;0;0;;;;;
261941;4;10;2015;07:55;0;RUA MON DANTAS;;;2555;;Capotamento;Luz do Dia;Bom;Seca;Meio de Quadra;Não Há Controle;Residencial;0;1;2;1;0;0;0;0;0;1;0;0;;;;;
272318;4;10;2015;13:36;0;AV GENIBAU;;;;;Colisão;Luz do Dia;;;Meio de Quadra;;;0;0;2;0;0;0;0;0;0;0;0;0;;;;;
271266;4;10;2015;00:44;0;RUA FRE SERAFIM;;;;;Colisão;;;;Meio de Quadra;;;0;0;2;0;0;0;0;0;0;0;0;0;;;;;
271283;4;10;2015;09:30;0;RUA CAP BRASIL;;;;;Colisão;Luz do Dia;;;Meio de Quadra;;;0;0;2;0;0;0;0;0;0;0;0;0;;;;;
271276;4;10;2015;06:09;0;RUA DEP MATOSO FILHO;;;;;Colisão;Luz do Dia;;;Meio de Quadra;;;0;0;2;0;0;0;0;0;0;0;0;0;;;;;
271278;4;10;2015;06:12;0;RUA NAT FEIJO;;;;;Choque c/ Obstáculo Fixo;Luz do Dia;;;Meio de Quadra;;;0;0;1;0;0;0;0;0;0;0;0;0;;;;;
271280;4;10;2015;08:42;0;RUA ARTUR DE CARVALHO;;;;;Atropelamento;Luz do Dia;;;Meio de Quadra;;;0;0;2;0;0;0;0;0;0;0;0;0;;;;;
271274;4;10;2015;05:00;0;RUA DEP MATOSO FILHO;;;;;Colisão;Amanhecer;;;Meio de Quadra;;;0;0;2;0;0;0;0;0;0;0;0;0;;;;;
271269;4;10;2015;01:06;0;RUA DES OTACILIO PEIXOTO;;;;;Choque c/ Obstáculo Fixo;;;;Meio de Quadra;;;0;0;1;0;0;0;0;0;0;0;0;0;;;;;
271327;4;10;2015;15:09;0;AV PRS COSTA E SILVA;;;;;Colisão;Luz do Dia;;;Meio de Quadra;;;0;0;2;0;0;0;0;0;0;0;0;0;;;;;
271346;4;10;2015;19:54;3132;RUA CARLOS CHAGAS;RUA LUZIA MOREIRA;;;;Colisão;;;;Cruz;Pare;Residencial;0;0;2;0;0;0;0;0;0;0;0;0;-38,592628;-3,778027;;;
271352;4;10;2015;20:29;10013;RUA DUAS NACOES;RUA OLIVEIRA SOBRINHO;;;;Colisão Frontal;;;;Cruz;Pare;Rural;0;0;2;0;0;0;0;0;0;0;0;0;-38,602409;-3,778267;;;
271360;4;10;2015;22:06;0;RUA 15 DE NOVEMBRO;;;;;Colisão;;;;Meio de Quadra;;;0;0;2;0;0;0;0;0;0;0;0;0;;;;;
271356;4;10;2015;20:59;0;AV GENIBAU;;;;;Atropelamento;;;;Meio de Quadra;;;0;0;2;0;0;0;0;0;0;0;0;0;;;;;
271348;4;10;2015;19:56;14463;RUA HENRIQUE AUTRAN;AV BENJAMIM BARROSO;;;;Colisão;;;;Cruz;Pare;Residencial;0;0;2;0;0;0;0;0;0;0;0;0;-38,549978;-3,727342;;;
271333;4;10;2015;17:08;0;RUA CHICO MENDES;;;;;Colisão;Anoitecer;;;Meio de Quadra;;;0;0;2;0;0;0;0;0;0;0;0;0;;;;;
271329;4;10;2015;15:10;0;RUA D CJ JD PRIMAVERA;;;;;Colisão;Luz do Dia;;;Meio de Quadra;;;0;0;2;0;0;0;0;0;0;0;0;0;;;;;
271330;4;10;2015;15:36;0;LOGRADOURO SEM NOME;;;;;Colisão;Luz do Dia;;;Meio de Quadra;;;0;0;2;0;0;0;0;0;0;0;0;0;;;;;
271331;4;10;2015;16:20;0;RUA JOAO ARARIPE;;;;;Colisão;Luz do Dia;;;Meio de Quadra;;;0;0;2;0;0;0;0;0;0;0;0;0;;;;;
271341;4;10;2015;17:42;0;AV SEN VIRGILIO TAVORA;;;;;Colisão;Anoitecer;;;Meio de Quadra;;;0;0;2;0;0;0;0;0;0;0;0;0;;;;;
271342;4;10;2015;17:43;0;RUA JOSE FACANHA;;;;;Colisão;Anoitecer;;;Meio de Quadra;;;0;0;2;0;0;0;0;0;0;0;0;0;;;;;
271343;4;10;2015;17:44;0;RUA FLORENCIO ALENCAR;;;;;Colisão;Anoitecer;;;Meio de Quadra;;;0;0;2;0;0;0;0;0;0;0;0;0;;;;;
271344;4;10;2015;18:45;2614;AV CEL CARVALHO;RUA DES HERMES PARAHYBA;;;;Colisão;;;;Cruz;Semáforo;Misto;0;0;2;0;0;0;0;0;0;0;0;0;-38,588830;-3,713855;;;
271325;4;10;2015;14:56;0;AV GOV RAUL BARBOSA;;;;;Choque c/ Obstáculo Fixo;Luz do Dia;;;Meio de Quadra;;;0;0;1;0;0;0;0;0;0;0;0;0;;;;;
271314;4;10;2015;13:08;15424;RUA ARAUJO TORREAO;RUA HOMEM DE MELO;;;;Colisão;Luz do Dia;;;;;;0;0;2;0;0;0;0;0;0;0;0;0;-38,495502;-3,816096;;;
271315;4;10;2015;14:09;1654;RUA BENI DE CARVALHO;AV SEN VIRGILIO TAVORA;;;;Colisão;Luz do Dia;;;Cruz;Semáforo;Comercial;0;0;2;0;0;0;0;0;0;0;0;0;-38,500877;-3,744098;;;
271320;4;10;2015;14:25;0;AV AUGUSTO DOS ANJOS;;;;;Colisão;Luz do Dia;;;Meio de Quadra;;;0;0;2;0;0;0;0;0;0;0;0;0;;;;;
271311;4;10;2015;13:06;0;RUA DIOGO CORREIA;;;;;Colisão;Luz do Dia;;;Meio de Quadra;;;0;0;2;0;0;0;0;0;0;0;0;0;;;;;
271309;4;10;2015;12:38;0;AV FRE CIRILO;;;;;Colisão;Luz do Dia;;;Meio de Quadra;;;0;0;2;0;0;0;0;0;0;0;0;0;;;;;
271307;4;10;2015;12:25;19815;RUA ERICO MOTA;RUA PDE GUERRA;;;;Colisão;Luz do Dia;;;Cruz;;Residencial;0;0;2;0;0;0;0;0;0;0;0;0;-38,562080;-3,739816;;;
271305;4;10;2015;12:51;0;RUA AZEVEDO BOLAO;;;;;Colisão;Luz do Dia;;;Meio de Quadra;;;0;0;2;0;0;0;0;0;0;0;0;0;;;;;
271287;4;10;2015;09:52;0;RUA PEDRO MARTINS;;;;;Colisão;Luz do Dia;;;Meio de Quadra;;;0;0;2;0;0;0;0;0;0;0;0;0;;;;;
271291;4;10;2015;09:55;15683;RUA GUILHERME PESSOA;RUA MATOS BELO;;;;Colisão;Luz do Dia;;;;;;0;0;2;0;0;0;0;0;0;0;0;0;-38,491211;-3,826687;;;
271301;4;10;2015;11:32;2919;RUA URUCUTUBA;RUA MARIA JULIA;;;;Colisão;Luz do Dia;;;Cruz;Não Há Controle;Residencial;0;0;2;0;0;0;0;0;0;0;0;0;-38,601155;-3,797047;;;
271302;4;10;2015;12:20;0;AV PRS CASTELO BRANCO;;;;;Colisão;Luz do Dia;;;Meio de Quadra;;;0;0;2;0;0;0;0;0;0;0;0;0;;;;;
271294;4;10;2015;11:15;21098;RUA PERNAMBUCO;TR PANTANAL UI 601;;;;Colisão;Luz do Dia;;;;;;0;0;2;0;0;0;0;0;0;0;0;0;-38,576025;-3,753656;;;
271295;4;10;2015;11:16;0;RUA PRIMEIRO DE MAIO D34;;;;;Colisão;Luz do Dia;;;Meio de Quadra;;;0;0;2;0;0;0;0;0;0;0;0;0;;;;;
271372;4;10;2015;22:12;0;AV SANTOS DUMONT;;;6061;OASIS;Colisão;;;;Meio de Quadra;;;0;0;2;0;0;0;0;0;0;0;0;0;-38,477750;-3,742854;;;
271378;4;10;2015;22:27;0;RUA MIRTES CORDEIRO;;;;;Choque c/ Obstáculo Fixo;;;;Meio de Quadra;;;0;0;1;0;0;0;0;0;0;0;0;0;;;;;
271322;4;10;2015;14:52;0;AV PRS CASTELO BRANCO;;;;;Colisão;Luz do Dia;;;Meio de Quadra;;;0;0;2;0;0;0;0;0;0;0;0;0;;;;;
265150;4;10;2015;18:34;25484;RUA JOSE FACANHA;RUA GOIAS;;;;Colisão;;;;Cruz;Pare;Residencial;0;0;2;1;0;0;0;0;0;0;0;0;-38,559262;-3,750316;;;
265147;4;10;2015;12:06;0;RUA PERNAMBUCO;;;;;Colisão;Luz do Dia;;;Meio de Quadra;;;0;0;2;1;0;0;0;0;0;0;0;0;;;;;
268485;4;10;2015;08:30;5695;RUA CHICO LEMOS;RUA MARGARIDA DE QUEIROZ;;;;Outros;Luz do Dia;;;Cruz;Pare;Residencial;0;0;1;0;0;0;0;0;0;0;0;0;-38,498869;-3,791881;;;
257965;4;10;2015;12:40;0;AV PERIMETRAL;;;334;POSTO MIL;Colisão;Luz do Dia;;;Meio de Quadra;;;0;1;2;1;0;0;0;0;0;1;0;0;;;;;
257959;4;10;2015;12:00;9243;AV DOS EXPEDICIONARIOS;AV EDUARDO GIRAO;;;;Colisão Transversal;Luz do Dia;Bom;Seca;Cruz;Semáforo;Comercial;0;0;2;1;0;0;0;0;0;0;0;0;-38,536849;-3,750712;;;
257962;4;10;2015;;0;AV ABOLICAO;;;2933;;Colisão Traseira;Luz do Dia;Bom;Seca;Meio de Quadra;Não Há Controle;Comercial;0;0;2;1;0;0;0;0;0;0;0;0;-38,493084;-3,726929;;;
257950;4;10;2015;21:45;14421;AV SGT HERMINIO SAMPAIO;RUA PDE ANCHIETA;;;;Colisão Transversal;Via Iluminada;Bom;Seca;Cruz;Semáforo;Comercial;0;1;1;1;0;0;0;0;0;0;0;0;-38,551079;-3,724693;;;
257952;4;10;2015;17:10;22147;RUA GUSTAVO BRAGA;RUA PAPI JUNIOR;;;;Colisão Transversal;Via Iluminada;Bom;Seca;Cruz;Pare;Residencial;0;2;1;1;0;0;0;0;0;1;0;0;-38,554656;-3,749148;;;
257937;4;10;2015;22:00;14421;AV SGT HERMINIO SAMPAIO;RUA PDE ANCHIETA;;;;Colisão Lateral;Via Iluminada;Bom;Seca;Cruz;Semáforo;Comercial;0;0;2;1;0;0;0;0;0;0;0;0;-38,551079;-3,724693;;;
257933;4;10;2015;21:10;5448;RUA BAR ARATANHA;RUA METON DE ALENCAR;;;;Colisão Transversal;Via Iluminada;Bom;Seca;Cruz;Pare;Comercial;0;0;2;1;0;0;0;0;0;0;0;0;-38,527028;-3,734847;;;
257931;4;10;2015;06:50;6726;RUA DR GILBERTO STUDART;RUA JULIO AZEVEDO;;;;Colisão Lateral;Luz do Dia;Bom;Seca;Cruz;Pare;Residencial;0;1;1;0;1;0;0;0;0;1;0;0;-38,482408;-3,743146;;;
257944;4;10;2015;17:00;0;AV ENG SANTANA JUNIOR;;;1915;;Engavetamento;Luz do Dia;Bom;Seca;Meio de Quadra;Não Há Controle;Comercial;0;0;3;1;0;0;0;0;0;0;0;0;-38,486314;-3,742401;;;
257935;4;10;2015;06:00;6729;RUA DES WALDETARIO P MOTA;RUA BENTO ALBUQUERQUE;;;;Colisão Transversal;Luz do Dia;Bom;Seca;Cruz;Semáforo;Residencial;0;0;2;0;0;0;0;0;0;1;0;0;-38,484685;-3,743274;;;
257970;4;10;2015;14:00;0;AV GAL OSORIO DE PAIVA;;;7017;;Choque c/ Obstáculo Fixo;Luz do Dia;Bom;Seca;Meio de Quadra;Não Há Controle;Comercial;1;1;2;1;0;0;0;0;0;0;0;0;-38,611970;-3,814927;;;
259668;4;10;2015;18:20;0;RD CE-040;;;;KM-11;Colisão;Anoitecer;;Seca;Meio de Quadra;;;0;1;1;1;0;1;0;0;0;0;0;0;-38,480252;-3,844873;;;
259669;4;10;2015;22:00;0;RD CE-040;;;;KM-07;Colisão Traseira;;;Seca;Meio de Quadra;;;0;0;3;1;0;0;0;0;0;0;0;0;-38,483160;-3,817953;;;
258013;4;10;2015;07:55;9099;AV EDUARDO GIRAO;RUA FRANCOIS T MENEZES;;;;;Luz do Dia;Bom;Seca;Cruz;Pare;Residencial;0;0;2;1;0;0;0;0;0;0;0;0;-38,525973;-3,755700;;;
258010;4;10;2015;19:00;6876;AV CONTORNO SUL D71;RUA FRANCISCO ALMEIDA;;;;Colisão Frontal;Via Iluminada;Bom;Seca;Cruz;Pare;Residencial;0;1;1;1;0;0;0;0;0;1;0;0;-38,590712;-3,817044;;;
259291;4;10;2015;11:20;0;RD BR 116;;;3000;KM-03;Colisão Traseira;Luz do Dia;Bom;Seca;Meio de Quadra;Não Há Controle;Comercial;0;0;2;1;0;0;0;0;0;0;0;0;-38,514372;-3,779838;;;
259670;5;10;2015;09:30;0;RD CE 522;;;;KM-01;Colisão Lateral;Luz do Dia;;Seca;Meio de Quadra;;;0;0;2;1;0;0;1;0;0;0;0;0;;;;;
257971;5;10;2015;08:00;12445;AV SEN FERNANDES TAVORA;TR HELENA DE MARIA;;;;Colisão Lateral;Luz do Dia;Bom;Seca;Cruz;Não Há Controle;Comercial;0;1;1;1;0;0;0;0;0;1;0;0;-38,574916;-3,766094;;;
257967;5;10;2015;19:10;12577;AV MAJ ASSIS;RUA PDE TEODORO (QUNTINO CUNHA);;;;Colisão Lateral;Via Iluminada;Bom;Seca;Cruz;Pare;;0;0;2;1;0;0;0;0;0;0;0;0;-38,590526;-3,723221;;;
257976;5;10;2015;13:00;3990;AV PRO GOMES DE MATOS;RUA PRO COSTA MENDES;;;;Colisão Transversal;;Bom;Seca;Cruz;Semáforo;Comercial;0;1;1;1;0;0;0;1;0;0;0;0;-38,542936;-3,758035;;;
257977;5;10;2015;07:00;2038;RUA DO POENTE;RUA DOS ABOLICIONISTAS;;;;Colisão Transversal;Luz do Dia;Bom;Seca;Cruz;Pare;Misto;0;2;1;1;0;0;0;0;0;1;0;0;-38,580343;-3,697794;;;
257973;5;10;2015;11:00;0;RUA COSTA ARAUJO;;;;;Colisão Transversal;Luz do Dia;Bom;Seca;Meio de Quadra;Pare;Residencial;0;1;1;1;0;0;0;0;0;1;0;0;-38,529753;-3,747377;;;
257974;5;10;2015;07:50;25815;RUA 13 DE ABRIL;RUA ENG EDMUNDO ALMEIDA FILHO;;;;Colisão Lateral;Luz do Dia;Bom;Seca;T;Não Há Controle;Misto;0;0;2;1;0;0;0;0;0;1;0;0;-38,530522;-3,764695;;;
257979;5;10;2015;10:45;348;RUA PRO LINO ENCARNACAO;RUA CESAR FONTENELE;;;;Colisão Transversal;Luz do Dia;Bom;Seca;Cruz;Pare;Misto;0;1;1;1;0;0;0;0;0;1;0;0;-38,559596;-3,746359;;;
257982;5;10;2015;16:00;0;AV BORGES DE MELO;;;1630;RODOVIARIA;Colisão Traseira;Luz do Dia;Bom;Seca;Meio de Quadra;Semáforo;Comercial;0;0;2;1;0;0;0;0;0;0;0;0;-38,531511;-3,758655;;;
257941;5;10;2015;00:05;0;RUA ILDEFONSO ALBANO;;;1414;;Outros;;Bom;Seca;Meio de Quadra;Semáforo;Comercial;0;0;4;1;0;0;0;0;0;0;0;0;-38,513291;-3,733531;;;
257948;5;10;2015;13:59;1432;AV SANTOS DUMONT;AV SEN VIRGILIO TAVORA;;;;Colisão Lateral;Luz do Dia;Bom;Seca;Cruz;Semáforo;Comercial;0;0;2;0;1;0;0;0;0;0;0;0;-38,493482;-3,737828;;;
257932;5;10;2015;14:30;0;RUA PEDRO LAZAR;;;;;Engavetamento;Luz do Dia;Bom;Seca;Meio de Quadra;Não Há Controle;Comercial;0;0;3;1;0;0;0;0;0;0;0;0;;;;;
257934;5;10;2015;15:55;0;AV VIENA WEYNE;;;111;;Colisão Lateral;Luz do Dia;Bom;Seca;Meio de Quadra;Não Há Controle;Comercial;0;0;2;1;0;0;0;0;0;0;0;0;-38,493331;-3,800436;;;
257938;5;10;2015;13:30;24606;AV MOZART PINHEIRO DE LUCENA;RUA DES HERMES PARAHYBA;;;;Colisão Transversal;Luz do Dia;Bom;Seca;Cruz;Não Há Controle;Misto;0;1;1;0;0;0;0;1;0;1;0;0;-38,593995;-3,712404;;;
257953;5;10;2015;08:10;0;RUA ANA BILHAR;;;491;;Colisão Traseira;Luz do Dia;Bom;Seca;Meio de Quadra;Outros;Residencial;0;0;3;1;0;0;0;0;0;0;0;0;-38,496034;-3,729356;;;
257951;5;10;2015;16:30;1368;RUA DR JOSE LOURENCO;RUA AFONSO CELSO;;;;Colisão Lateral;Luz do Dia;Bom;Seca;Cruz;Não Há Controle;Residencial;0;0;2;1;0;0;0;0;0;0;0;0;-38,508385;-3,736430;;;
257958;5;10;2015;20:00;0;AV GAL OSORIO DE PAIVA;;;4390;;Engavetamento;Via Iluminada;Bom;Seca;Meio de Quadra;Não Há Controle;Comercial;0;0;3;1;0;0;0;1;0;0;0;0;-38,594374;-3,796771;;;
257955;5;10;2015;19:30;1437;RUA JOAO CARVALHO;RUA SILVA PAULET;;;;Colisão Transversal;Via Iluminada;Bom;Seca;Cruz;Pare;Comercial;0;0;2;1;0;0;0;0;0;0;0;0;-38,506557;-3,737966;;;
257956;5;10;2015;08:00;0;AV ALBERTO CRAVEIRO;;;2648;;Colisão Traseira;Luz do Dia;Bom;Seca;Meio de Quadra;Não Há Controle;Comercial;0;0;2;1;0;0;0;0;0;0;0;0;-38,521468;-3,803117;;;
257963;5;10;2015;11:15;15255;RUA TEN BENEVOLO;RUA MON BRUNO;;;;Colisão Transversal;Luz do Dia;Bom;Seca;Cruz;Pare;Residencial;0;0;2;1;0;0;0;1;0;0;0;0;-38,508124;-3,728332;;;
257890;5;10;2015;21:30;5433;RUA METON DE ALENCAR;RUA MAJ FACUNDO;;;;Colisão Lateral;Via Iluminada;Bom;Seca;Cruz;Pare;Comercial;0;1;1;1;0;0;0;0;0;1;0;0;-38,529899;-3,733917;;;
257891;5;10;2015;10:45;0;RUA EDUARDO ANGELIM;;;399;;Colisão Transversal;Luz do Dia;Bom;Seca;Meio de Quadra;;Misto;0;0;1;1;0;0;0;0;0;0;0;0;-38,548557;-3,763145;;;
257921;5;10;2015;16:40;23742;RUA CON DE CASTRO;RUA DELTA;;;;Colisão Traseira;Luz do Dia;Bom;Seca;Outros;Pare;Residencial;0;0;3;1;0;0;0;0;0;0;0;0;-38,576962;-3,788829;;;
257928;5;10;2015;14:20;9025;RUA DOM SEBASTIAO LEME;RUA PDE MATOS SERRA;;;;Colisão Transversal;Luz do Dia;Bom;Seca;Cruz;Pare;Residencial;0;1;1;1;0;0;0;0;0;1;0;0;-38,526594;-3,744157;;;
257926;5;10;2015;15:40;17378;RUA ALBERTO MAGNO;RUA ROMEU MARTINS;;;;Colisão Lateral;Luz do Dia;Bom;Seca;Cruz;Pare;Comercial;0;0;2;1;1;0;0;0;0;0;0;0;-38,551758;-3,766914;;;
257907;5;10;2015;18:30;6788;AV SANTOS DUMONT;RUA DES WALDETARIO P MOTA;;;;Colisão Lateral;Via Iluminada;Bom;Seca;Cruz;Semáforo;Misto;0;0;2;1;1;0;0;0;0;0;0;0;-38,483309;-3,741093;;;
257908;5;10;2015;08:00;1285;AV DOM LUIS;RUA VIS MAUA;;;;Colisão Transversal;Luz do Dia;Bom;Seca;Cruz;Pare;Comercial;0;1;1;1;0;0;0;0;0;0;0;0;-38,498390;-3,732923;;;
257915;5;10;2015;09:00;0;AV ENG SANTANA JUNIOR;;;;;Colisão Lateral;Luz do Dia;Bom;;Meio de Quadra;Outros;;0;1;2;1;0;0;0;0;0;1;0;0;;;;;
257910;5;10;2015;08:00;0;RUA HUGO VITOR;;;706;;Colisão Traseira;Luz do Dia;Bom;Seca;Meio de Quadra;Não Há Controle;Residencial;0;0;3;1;0;0;0;0;0;0;0;0;-38,590708;-3,746145;;;
257911;5;10;2015;19:30;22930;RUA BERNARDO MANUEL;RUA LEAO TREZE;;;;Colisão;Via Iluminada;Bom;Seca;Cruz;Pare;Comercial;0;1;1;1;0;1;0;0;0;0;0;0;-38,546723;-3,783394;;;
257912;5;10;2015;08:30;15819;AV JOR THOMAZ COELHO;RUA STA EFIGENIA;;;;Colisão Lateral;Luz do Dia;Bom;Seca;T;Não Há Controle;Comercial;0;0;2;1;0;0;1;0;0;0;0;0;-38,500550;-3,832374;;;
257904;5;10;2015;15:15;1581;AV PDE ANTONIO TOMAS;RUA MON CATAO;;;;Colisão Lateral;Luz do Dia;Bom;Seca;Cruz;Semáforo;Comercial;0;0;2;1;1;0;0;0;0;0;0;0;-38,491843;-3,742708;;;