COD_ACIDENTE;DIA;MES;ANO;HORA;INTERSECAO;LOG1;LOG2;LOG3;NUMERO;REFERENCIA;NATUREZA;ILUMINACAO;TEMPO;SUPERFICIEPISTA;TIPOCRUZAMENTO;CONTROLETRAFEGO;USOSOLO;MORTOS;FERIDOS;ILESOS;AUTOMOVEL;ONIBUS;BICICLETA;CAMINHAO;MICROONIBUS;CICLOMOTOR;MOTOCICLETA;TRACAOANIMAL;TREM;LONG;LAT;;;
257905;5;10;2015;11:40;1666;AV BORGES DE MELO;RUA CAP VASCONCELOS D46;;;;Colisão Lateral;Luz do Dia;Bom;Seca;Outros;Pare;Outros;0;2;0;1;0;0;0;0;0;1;0;0;-38,517782;-3,761585;;;
257893;5;10;2015;14:48;7404;RUA EURICO MEDINA;AV SEN FERNANDES TAVORA;;;;Colisão Lateral;Luz do Dia;Bom;Seca;Cruz;Pare;Comercial;0;0;2;1;0;0;0;0;0;0;0;0;-38,586637;-3,759795;;;
257901;5;10;2015;15:30;0;AV ALBERTO CRAVEIRO;;;430;;Queda;;Bom;Seca;Outros;Não Há Controle;Comercial;0;1;0;0;0;0;0;0;0;1;0;0;-38,516505;-3,782668;;;
257902;5;10;2015;23:00;0;AV BEZERRA DE MENEZES;;;1819;;Colisão Lateral;Via Iluminada;Bom;Seca;Meio de Quadra;Não Há Controle;Comercial;0;0;2;1;0;0;1;0;0;0;0;0;-38,561839;-3,735122;;;
257896;5;10;2015;12:40;5357;RUA PEDRO I;RUA MAJ FACUNDO;;;;Colisão Lateral;Luz do Dia;Bom;Seca;Cruz;Pare;Comercial;0;0;2;1;0;0;1;0;0;0;0;0;-38,528990;-3,731113;;;
257897;5;10;2015;16:25;0;AV BENJAMIM BRASIL;;;;;Colisão Transversal;Luz do Dia;Bom;Seca;Meio de Quadra;Não Há Controle;Comercial;0;2;1;1;0;0;0;0;0;1;0;0;;;;;
265162;5;10;2015;18:39;0;RUA ANTONIO FURTADO;;;;;Colisão;;;;Meio de Quadra;;;0;0;2;1;0;0;0;0;0;0;0;0;;;;;
265158;5;10;2015;14:15;0;AV A CJ CEARA;;;;;Colisão;Luz do Dia;;;Meio de Quadra;;;0;0;2;1;0;0;0;0;0;0;0;0;;;;;
271397;5;10;2015;11:29;0;AV A CJ CEARA;;;;;Colisão;Luz do Dia;;;Meio de Quadra;;;0;0;2;0;0;0;0;0;0;0;0;0;;;;;
271393;5;10;2015;00:08;0;RUA BAR ARACATI;;;;;Colisão;;;;Meio de Quadra;;;0;0;2;0;0;0;0;0;0;0;0;0;;;;;
271385;5;10;2015;00:08;0;RUA MON CATAO;;;;;Choque c/ Obstáculo Fixo;;;;Meio de Quadra;;;0;0;1;0;0;0;0;0;0;0;0;0;;;;;
271400;5;10;2015;15:38;0;RUA FRANCISCO CALACA;;;;;Colisão;Luz do Dia;;;Meio de Quadra;;;0;0;2;0;0;0;0;0;0;0;0;0;;;;;
271403;5;10;2015;16:44;0;AV LIBERDADE;;;;;Colisão;Luz do Dia;;;Meio de Quadra;;;0;0;2;0;0;0;0;0;0;0;0;0;;;;;
267369;5;10;2015;20:46;0;RUA BAIXA DO MILAGRE;;;;;Colisão;;;;Meio de Quadra;;;0;1;0;0;0;0;0;0;0;0;0;0;-38,600082;-3,734198;;;
267371;5;10;2015;22:08;0;AV GOV RAUL BARBOSA;;;;;Queda;;;;Meio de Quadra;;;0;1;0;0;0;0;0;0;0;1;0;0;;;;;
267372;5;10;2015;22:25;0;AV ABOLICAO;;;;;Colisão;;;;Meio de Quadra;;;0;1;1;1;0;0;0;0;0;1;0;0;;;;;
267365;5;10;2015;18:31;0;AV SGT HERMINIO SAMPAIO;;;;;Colisão;;;;Meio de Quadra;;;0;1;1;1;0;0;0;0;0;1;0;0;-38,548755;-3,724537;;;
267366;5;10;2015;19:20;25969;RUA AFONSO LOPES;RUA ACAPULCO;;;;Colisão;;;;Cruz;Pare;Residencial;0;1;0;0;0;0;0;0;0;1;0;0;;;;;
267362;5;10;2015;15:19;0;AV GOV RAUL BARBOSA;;;;;Queda;Luz do Dia;;;Meio de Quadra;;;0;1;0;0;0;0;0;0;0;1;0;0;-38,508974;-3,764964;;;
267363;5;10;2015;17:10;0;RUA DALVA DE OLIVEIRA;;;;;Queda;Anoitecer;;;Meio de Quadra;;;0;1;0;0;0;0;0;0;0;1;0;0;;;;;
267355;5;10;2015;15:08;0;RUA LEONEL CHAVES;;;;;Colisão;Luz do Dia;;;Meio de Quadra;;;0;1;1;1;0;0;0;0;0;1;0;0;-38,567477;-3,775652;;;
267342;5;10;2015;12:58;0;AV PRS CASTELO BRANCO;;;700;BOMBEIROS;Colisão;Luz do Dia;;;Meio de Quadra;;;0;1;1;1;0;1;0;0;0;0;0;0;-38,535392;-3,718146;;;
267343;5;10;2015;13:12;0;RUA PRO VIRGILIO DE MORAIS;;;;;Colisão;Luz do Dia;;;Meio de Quadra;;;0;1;0;0;0;0;0;0;0;1;0;0;-38,596530;-3,750573;;;
267335;5;10;2015;04:44;2958;AV GAL OSORIO DE PAIVA;RUA URUCUTUBA;;;;Colisão;;;;;;;0;1;0;0;0;0;0;0;0;1;0;0;-38,596129;-3,798620;;;
267336;5;10;2015;07:59;0;AV ENG SANTANA JUNIOR;;;;;Colisão;Luz do Dia;;;Meio de Quadra;;;0;1;1;1;0;0;0;0;0;1;0;0;;;;;
267337;5;10;2015;08:28;0;RUA VICENTE SPINDOLA;;;;;Queda;Luz do Dia;;;Meio de Quadra;;;0;1;0;0;0;1;0;0;0;0;0;0;-38,544485;-3,767171;;;
267352;5;10;2015;14:31;0;RUA DO MANGUE;;;;;Queda;Luz do Dia;;;Meio de Quadra;;;0;1;0;0;0;1;0;0;0;0;0;0;;;;;
267340;5;10;2015;10:23;22849;RUA CON LIMA SUCUPIRA;RUA DR JUSTA ARAUJO D45;;;;Colisão;Luz do Dia;;;Cruz;Pare;Misto;0;1;1;1;0;0;0;0;0;1;0;0;-38,550832;-3,778167;;;
267374;5;10;2015;22:36;0;RUA PORTO VELHO;;;;;Colisão;;;;Meio de Quadra;;;0;1;1;1;0;0;0;0;0;1;0;0;-38,582260;-3,768514;;;
267375;5;10;2015;22:48;0;RUA TULIPA;;;;;Colisão;;;;Meio de Quadra;;;0;1;0;1;1;0;0;0;0;0;0;0;-38,579194;-3,713540;;;
267377;6;10;2015;06:35;0;AV PERIMETRAL;;;334;POSTO MIL;Colisão;Luz do Dia;;;Meio de Quadra;;;1;2;0;0;0;0;0;0;0;1;0;0;;;;;
267378;6;10;2015;10:42;15820;AV JOR THOMAZ COELHO;RUA GRANJA CASTELO;;;;Queda;Luz do Dia;;;T;Semáforo;Residencial;0;1;0;0;0;0;0;0;0;1;0;0;-38,500218;-3,832383;;;
267572;6;10;2015;21:28;0;RUA PDE FRANCISCO PINTO;;;;;Atropelamento;;;;Meio de Quadra;;;0;1;1;0;1;0;0;0;0;0;0;0;;;;;
267568;6;10;2015;19:56;1375;AV SANTOS DUMONT;RUA BARBOSA DE FREITAS;;;;Colisão;;;;Cruz;Semáforo;Comercial;0;1;0;0;0;0;0;0;0;0;0;0;-38,497363;-3,736551;;;
267569;6;10;2015;20:11;0;RUA RIO TOCANTINS;;;;;Colisão;;;;Meio de Quadra;;;0;1;0;0;0;0;0;0;0;0;0;0;-38,580732;-3,718518;;;
267564;6;10;2015;17:47;0;AV SIQUEIRA CAMPOS;;;;;Queda;Anoitecer;;;Meio de Quadra;;;0;1;0;0;0;0;0;0;0;1;0;0;-38,618723;-3,821747;;;
267565;6;10;2015;19:41;18748;RUA VALPARAISO;RUA CAXAMBU;;;;Colisão;;;;;;;0;1;1;1;0;0;0;0;0;1;0;0;;;;;
267559;6;10;2015;13:24;0;AV DA INDEPENDENCIA;;;2371;;Atropelamento;Luz do Dia;;;Meio de Quadra;;;1;0;1;0;0;0;0;0;0;1;0;0;-38,601028;-3,723949;;;
267560;6;10;2015;15:30;1381;AV HERACLITO GRACA;RUA ILDEFONSO ALBANO;;;;Colisão;Luz do Dia;;;Duplo T;Semáforo;Comercial;0;1;1;1;0;0;0;0;0;1;0;0;-38,514339;-3,736795;;;
267556;6;10;2015;10:53;0;AV SEN FERNANDES TAVORA;;;;;Colisão;Luz do Dia;;;Meio de Quadra;;;0;1;1;0;0;0;0;0;0;1;0;0;-38,591500;-3,757204;;;
267557;6;10;2015;13:00;0;RUA MIRTES CORDEIRO;;;;;Colisão;Luz do Dia;;;Meio de Quadra;;;0;1;1;1;0;0;0;0;0;1;0;0;;;;;
258014;6;10;2015;17:30;0;AV DOMINGOS OLIMPIO;;;681;;Colisão Traseira;Anoitecer;Bom;Seca;Meio de Quadra;Semáforo;Comercial;0;0;2;1;0;0;0;0;0;0;0;0;-38,529842;-3,737113;;;
258027;6;10;2015;07:20;12884;RUA COS TRISTAO;RUA MES ROSA;;;;Colisão;Luz do Dia;Bom;Seca;Cruz;Pare;Residencial;0;0;2;1;0;0;0;0;0;0;0;0;-38,527652;-3,741860;;;
258032;6;10;2015;14:00;0;AV ALM HENRIQUE SABOIA;;;1300;TERMINAL DO PAPICU;Engavetamento;Luz do Dia;Bom;Seca;Meio de Quadra;;Comercial;0;0;3;1;1;0;1;0;0;0;0;0;-38,485940;-3,737974;;;
258094;6;10;2015;13:15;25103;AV PONTES VIEIRA;RUA SABINO MONTE;;;;;Luz do Dia;Bom;Seca;T;Pare;Comercial;0;0;2;1;0;0;0;0;0;0;0;0;-38,512577;-3,752611;;;
258099;6;10;2015;09:30;1375;AV SANTOS DUMONT;RUA BARBOSA DE FREITAS;;;;Colisão Transversal;Luz do Dia;Bom;Seca;Cruz;Semáforo;Comercial;0;0;2;1;1;0;0;0;0;0;0;0;-38,497363;-3,736551;;;
258087;6;10;2015;10:30;0;AV AGUANAMBI;;;;ROTATÓRIA;Colisão Lateral;Luz do Dia;Bom;Seca;Meio de Quadra;Dê Preferência;Comercial;0;0;2;1;0;0;0;0;0;0;0;0;-38,523043;-3,755538;;;
258090;6;10;2015;11:00;15347;AV DOM LUIS;RUA TIBURCIO CAVALCANTE;;;;Colisão Traseira;Luz do Dia;Bom;Seca;T;Semáforo;Comercial;0;0;3;1;0;0;0;0;0;0;0;0;-38,501313;-3,732021;;;
258078;6;10;2015;09:37;0;AV ENG ALBERTO SA;;;1149;;Colisão Traseira;Luz do Dia;Bom;Seca;Meio de Quadra;Não Há Controle;Comercial;0;0;2;1;0;0;0;0;0;1;0;0;-38,472767;-3,735428;;;
258080;6;10;2015;19:00;24903;AV MOZART PINHEIRO DE LUCENA;RUA PEDRO SAMPAIO;;;;Colisão Lateral;Via Iluminada;Bom;Seca;Cruz;Pare;Residencial;0;0;1;1;0;0;0;0;0;0;0;0;-38,597226;-3,723515;;;
258081;6;10;2015;12:30;11339;AV GODOFREDO MACIEL;AV BENJAMIM BRASIL;;;;Colisão Lateral;Luz do Dia;Bom;Seca;Cruz;Semáforo;Comercial;0;1;2;1;0;0;0;0;0;0;0;0;-38,572040;-3,803264;;;
258083;6;10;2015;10:00;17412;RUA BAR SOBRAL;RUA ALBERTO MAGNO;;;;Colisão Transversal;Luz do Dia;Bom;Seca;Cruz;Semáforo;Comercial;0;1;1;1;0;0;0;0;0;1;0;0;-38,552417;-3,767991;;;
258076;6;10;2015;12:30;19664;RUA PRO JOSE DE BARCELOS;RUA GUSTAVO SAMPAIO;;;;Engavetamento;Luz do Dia;Bom;Seca;Cruz;Pare;Residencial;0;0;3;1;0;0;0;0;0;0;0;0;-38,550829;-3,734101;;;
258074;6;10;2015;13:40;19732;RUA TIP SALES;RUA GUSTAVO SAMPAIO;;;;Colisão Transversal;Luz do Dia;Bom;Seca;Cruz;Pare;Comercial;0;0;2;1;0;0;0;0;0;0;0;0;-38,564917;-3,737013;;;
258069;6;10;2015;17:10;26210;AV MIGUEL DIAS;AV CHANC EDSON QUEIROZ;;;;Colisão Frontal;Anoitecer;Bom;Seca;Cruz;Semáforo;Comercial;0;0;2;1;0;0;0;0;0;1;0;0;;;;;
258070;6;10;2015;07:00;24511;RUA DR QUIXADA FELICIO;AV J CJ POLAR;;;;Colisão Lateral;Luz do Dia;Bom;Seca;Cruz;Pare;Residencial;0;1;2;0;1;0;0;0;0;1;0;0;-38,596399;-3,709781;;;
258071;6;10;2015;20:47;18799;RUA VALPARAISO;RUA MARQUES DE SUCUPIRA;;;;Colisão Traseira;Via Iluminada;Bom;Seca;Outros;Semáforo;Residencial;0;1;1;1;0;0;0;0;0;1;0;0;-38,523682;-3,845749;;;
258072;6;10;2015;14:20;19758;RUA GAL PIRAGIBE;RUA DOM MANUEL DE MEDEIROS;;;;Colisão Transversal;Luz do Dia;Bom;Seca;Cruz;Pare;Residencial;0;0;2;1;0;0;0;0;0;0;0;0;-38,557957;-3,737842;;;
258067;6;10;2015;10:30;15821;RUA ANGELICA GURGEL;AV JOR THOMAZ COELHO;;;;Colisão Lateral;Luz do Dia;Bom;Seca;T;Pare;Comercial;0;0;2;1;0;0;1;0;0;0;0;0;-38,499058;-3,832400;;;
258041;6;10;2015;22:30;0;RUA TULIPA;;;363;;Colisão Traseira;Via Iluminada;Bom;Seca;Meio de Quadra;Não Há Controle;Residencial;0;1;2;1;1;0;0;0;0;0;0;0;-38,579194;-3,713540;;;
258046;6;10;2015;08:00;0;AV JOR THOMAZ COELHO;;;400;;Colisão Lateral;Luz do Dia;Bom;Seca;Meio de Quadra;Não Há Controle;Comercial;0;0;2;1;1;0;0;0;0;0;0;0;;;;;
258051;6;10;2015;10:25;22171;RUA CAP FRANCISCO PEDRO;RUA MAJ WEYNE;;;;Colisão Transversal;Luz do Dia;Bom;Seca;Cruz;Pare;Residencial;0;0;3;1;0;0;0;0;0;0;0;0;-38,547617;-3,745761;;;
258053;6;10;2015;13:35;2481;RUA GRACA ARANHA;RUA IRINEU DE SOUZA;;;;Colisão Lateral;Luz do Dia;Bom;Seca;T;Pare;Residencial;0;1;1;0;0;0;0;0;0;1;0;0;-38,573420;-3,708963;;;
258058;6;10;2015;14:30;1324;RUA TORRES CAMARA;RUA DR JOSE LOURENCO;;;;Colisão Transversal;Luz do Dia;Bom;Seca;Cruz;Pare;Comercial;0;1;1;1;0;0;0;0;0;0;0;0;-38,508053;-3,735281;;;
271412;6;10;2015;11:14;0;AV BEZERRA DE MENEZES;;;;;Colisão;Luz do Dia;;;Meio de Quadra;;;0;0;2;0;0;0;0;0;0;0;0;0;;;;;
271140;6;10;2015;18:00;0;AV PRS CASTELO BRANCO;;;2810;;Colisão;Anoitecer;;;Meio de Quadra;;;1;0;1;1;0;0;0;0;0;1;0;0;-38,552819;-3,712468;;;
257966;6;10;2015;16:00;0;RUA CEL MATOS DOURADO;;;754;;Colisão Lateral;Luz do Dia;Bom;Seca;;;;0;0;2;0;1;0;0;0;0;0;0;0;-38,585573;-3,759501;;;
257968;6;10;2015;17:45;0;AV DOM MANUEL;;;;;Colisão Lateral;Anoitecer;Bom;Seca;Meio de Quadra;Não Há Controle;Comercial;0;0;2;1;0;0;0;0;0;0;0;0;;;;;
257969;6;10;2015;13:35;9151;RUA DOM SEBASTIAO LEME;RUA CEL JOSE EUCLIDES;;;;Colisão Lateral;Luz do Dia;Bom;Seca;T;Pare;Comercial;0;1;1;0;0;0;0;0;0;1;0;0;-38,525208;-3,752461;;;
257986;6;10;2015;14:00;3771;AV DOMINGOS OLIMPIO;AV DA UNIVERSIDADE;;;;Colisão Lateral;Luz do Dia;Bom;Seca;Cruz;Semáforo;Comercial;0;0;2;1;0;0;0;0;0;0;0;0;-38,534216;-3,735594;;;
257993;6;10;2015;07:50;8647;AV EDILSON B SOARES;RUA PRO SOLON FARIAS;;;;Colisão Transversal;Luz do Dia;Bom;Seca;Cruz;Pare;Misto;0;1;1;1;0;0;0;0;0;1;0;0;-38,477116;-3,789155;;;
257998;6;10;2015;16:00;15225;RUA ILDEFONSO ALBANO;RUA TEN BENEVOLO;;;;Colisão Transversal;Luz do Dia;Bom;Seca;Cruz;Semáforo Intermitente;Comercial;0;0;2;1;0;0;0;0;0;0;0;0;-38,511332;-3,727294;;;
259671;6;10;2015;06:42;0;RD CE-040;;;;KM-04;Colisão;Luz do Dia;;Seca;Meio de Quadra;;;0;0;2;1;0;0;0;0;0;0;0;0;-38,480251;-3,792050;;;
259672;6;10;2015;07:42;0;RD CE-040;;;;KM-11;Colisão;Luz do Dia;;Seca;;;;0;0;2;1;0;0;0;0;0;0;0;0;-38,480252;-3,844873;;;
259673;6;10;2015;19:30;0;RD CE-040;;;;KM-10;Colisão;Luz do Dia;Bom;Seca;Meio de Quadra;;;0;0;2;1;0;0;0;0;0;0;0;0;-38,480068;-3,838671;;;
258011;6;10;2015;16:00;11777;RUA JACINTO MATOS;RUA PDE CONSTANTINO;;;;Colisão Transversal;Luz do Dia;Bom;Seca;Cruz;Não Há Controle;Residencial;0;0;2;1;0;0;0;0;0;0;0;0;-38,546479;-3,716277;;;
258004;6;10;2015;22:00;3903;AV JOAO PESSOA;AV DA UNIVERSIDADE;;;;Colisão;Via Iluminada;Bom;Seca;Cruz;Semáforo;Misto;0;1;1;0;1;1;0;0;0;0;0;0;-38,543442;-3,745741;;;
258006;6;10;2015;22:00;22717;RUA BILL CARTAXO;RUA EUCLIDES O DE SOUSA;;;;Colisão Lateral;Via Iluminada;Bom;Seca;Cruz;Pare;Escola;0;1;1;1;0;0;0;0;1;0;0;0;-38,473793;-3,797710;;;
257981;6;10;2015;14:40;0;TR POTIGUAR;;;;;Colisão Lateral;Luz do Dia;Bom;Seca;Meio de Quadra;Outros;Residencial;0;0;2;1;0;0;0;0;0;0;0;0;;;;;
259292;6;10;2015;21:10;0;RD BR 116;;;2000;KM-02;Colisão Lateral;Via Iluminada;Bom;Seca;Meio de Quadra;Não Há Controle;Comercial;0;0;5;1;0;0;0;0;0;0;0;0;-38,516780;-3,771391;;;
259337;6;10;2015;16:20;0;RD BR 222;;;;KM-02;Colisão Traseira;Luz do Dia;Bom;Seca;Meio de Quadra;Não Há Controle;Comercial;0;1;1;1;0;0;0;0;0;1;0;0;-38,586880;-3,738951;;;
268648;6;10;2015;13:35;0;AV BENJAMIM BRASIL;;;;DETRAN;Colisão;Luz do Dia;;;Meio de Quadra;;;0;1;0;1;0;0;0;0;0;1;0;0;;;;;
268652;7;10;2015;15:00;0;RUA COM GARCIA;;;1738;;Colisão Lateral;Luz do Dia;;;Meio de Quadra;;;0;1;0;1;0;0;0;0;0;0;0;0;-38,587493;-3,797901;;;
259301;7;10;2015;12:00;0;RD BR 116;;;6000;KM-06;Colisão;Luz do Dia;Bom;Seca;Meio de Quadra;Não Há Controle;Comercial;0;1;1;0;0;0;1;0;0;1;0;0;-38,503053;-3,804691;;;
258007;7;10;2015;06:10;3336;RUA VIRIATO RIBEIRO;RUA RIO GRANDE DO SUL;;;;Colisão Transversal;Luz do Dia;Bom;Seca;Cruz;Pare;Residencial;0;1;1;0;1;0;0;0;0;1;0;0;-38,561355;-3,750184;;;
258008;7;10;2015;13:35;6741;RUA ALMEIDA PRADO;RUA VILEBALDO AGUIAR;;;;Colisão Lateral;Luz do Dia;Bom;Seca;Cruz;Pare;Comercial;0;1;1;1;0;0;0;0;0;1;0;0;-38,475413;-3,744545;;;
258009;7;10;2015;15:40;25279;AV ROGACIANO LEITE;RUA DES WALDEMAR ALVES PEREIRA;;;;Colisão Lateral;Luz do Dia;Bom;Material Derrapante;Cruz;Não Há Controle;Comercial;0;0;2;1;1;0;0;0;0;0;0;0;;;;;
258005;7;10;2015;06:30;0;AV GAL OSORIO DE PAIVA;;;3101;;Colisão Lateral;Luz do Dia;Bom;Seca;Meio de Quadra;Não Há Controle;Comercial;0;0;2;0;1;0;0;0;0;0;0;0;-38,587423;-3,789656;;;
258012;7;10;2015;10:50;13564;RUA CAP GUSTAVO;RUA CASTRO ALVES;;;;Colisão Transversal;Via Iluminada;Bom;Seca;Cruz;Pare;Comercial;0;3;0;1;0;0;0;0;0;1;0;0;-38,517747;-3,749887;;;
257995;7;10;2015;17:40;0;AV AUGUSTO DOS ANJOS;;;475;;Colisão Traseira;Anoitecer;Bom;Seca;Meio de Quadra;Semáforo;Comercial;0;0;2;1;1;0;0;0;0;0;0;0;-38,572521;-3,772751;;;
258000;7;10;2015;19:00;1441;AV SANTOS DUMONT;RUA PRO DIAS DA ROCHA;;;;Colisão Transversal;Via Iluminada;;Seca;;Pare;Comercial;0;0;2;1;0;0;0;0;0;0;0;0;-38,492502;-3,738113;;;
258002;7;10;2015;13:50;21573;RUA LUIS VIEIRA;RUA ANTONIO COSTA MENDES (PQ SÃO JOSÉ);;;;Colisão Transversal;;Bom;;Cruz;Pare;Residencial;0;1;1;0;0;0;0;0;0;1;0;0;;;;;
258003;7;10;2015;14:00;0;AV JOSE BASTOS;;;6080;;Colisão Traseira;Luz do Dia;Bom;Seca;Meio de Quadra;Pare;Comercial;0;1;1;1;0;0;0;0;0;1;0;0;-38,567178;-3,764676;;;
257990;7;10;2015;16:35;0;AV JOVITA FEITOSA;;;;;Colisão Traseira;Luz do Dia;Bom;Seca;Meio de Quadra;Não Há Controle;Comercial;0;1;2;1;0;0;0;0;0;0;0;0;;;;;
257972;7;10;2015;14:30;0;AV AGUANAMBI;;;855;;Colisão Traseira;Luz do Dia;Bom;Seca;Meio de Quadra;Não Há Controle;Comercial;0;0;2;1;0;0;0;0;0;0;0;0;-38,525614;-3,744120;;;
257978;7;10;2015;17:30;21312;AV BEZERRA DE MENEZES;RUA JOSE SOMBRA;;;;Colisão Traseira;Via Iluminada;Bom;Seca;Duplo T;Pare;Comercial;0;0;2;0;1;0;0;1;0;0;0;0;-38,547516;-3,732150;;;
257983;7;10;2015;15:00;614;AV DR THEBERGE;RUA IRINEU DE SOUZA;;;;Colisão Lateral;Luz do Dia;Bom;Seca;Cruz;Pare;Comercial;0;2;2;0;0;0;0;0;0;1;0;0;-38,564134;-3,712143;;;
257980;7;10;2015;20:10;17375;RUA ALAN KARDEC;AV JOSE DO PATROCINIO;;;;Colisão Transversal;Luz do Dia;Bom;Seca;Outros;Pare;Comercial;0;1;1;0;0;0;0;0;0;1;0;0;-38,547462;-3,766831;;;
265172;7;10;2015;11:40;0;AV PRS CASTELO BRANCO;;;;;Colisão;Luz do Dia;;;Meio de Quadra;;;0;0;2;1;0;0;0;0;0;0;0;0;;;;;
259862;7;10;2015;19:20;0;RD CE-040;;;;KM-05;Colisão;Via Iluminada;;Seca;Meio de Quadra;;;0;0;2;1;0;0;1;0;0;0;0;0;-38,480349;-3,790876;;;
265359;7;10;2015;23:27;0;AV WASHINGTON SOARES;;;;;Colisão;;;;Meio de Quadra;;;0;0;2;1;1;0;0;0;0;0;0;0;;;;;
271416;7;10;2015;07:56;0;AV PDE ANTONIO TOMAS;;;;;Colisão;Luz do Dia;;;Meio de Quadra;;;0;0;2;0;0;0;0;0;0;0;0;0;;;;;
271424;7;10;2015;11:21;0;RUA MOCAMBIQUE;;;;;Colisão;Luz do Dia;;;Meio de Quadra;;;0;0;2;0;0;0;0;0;0;0;0;0;;;;;
258056;7;10;2015;08:00;0;AV GAL OSORIO DE PAIVA;;;4362;;Colisão Traseira;Luz do Dia;Bom;Seca;Meio de Quadra;;Comercial;0;0;2;0;0;0;0;0;0;0;0;0;-38,593408;-3,795786;;;
258047;7;10;2015;19:00;0;RUA CARLOS RIBEIRO;;;200;;Colisão Frontal;Anoitecer;Bom;Seca;Meio de Quadra;Pare;Comercial;0;2;1;1;0;0;0;0;0;1;0;0;;;;;
258049;7;10;2015;07:45;0;AV FRE CIRILO;;;;;Colisão Lateral;Luz do Dia;Bom;Seca;Meio de Quadra;Semáforo;Comercial;0;1;2;1;0;0;0;0;0;1;0;0;;;;;
258044;7;10;2015;14:30;19662;RUA PRO NOGUEIRA;RUA GUSTAVO SAMPAIO;;;;Colisão Transversal;Luz do Dia;Bom;Seca;Cruz;Pare;Comercial;0;1;1;0;0;0;0;0;0;1;0;0;-38,549740;-3,733875;;;
258065;7;10;2015;18:00;25653;RUA GAL BERNARDO FIGUEIREDO;RUA PRO JOSE DE BARCELOS;;;;Colisão Transversal;;Bom;Seca;Cruz;Pare;Comercial;0;2;0;1;0;0;0;0;0;1;0;0;-38,549779;-3,739248;;;
258062;7;10;2015;21:00;3771;AV DA UNIVERSIDADE;AV DOMINGOS OLIMPIO;;;;Colisão Lateral;Via Iluminada;Bom;Seca;;Semáforo;Residencial;0;0;2;1;1;0;0;0;0;0;0;0;-38,534216;-3,735594;;;
258029;7;10;2015;19:40;0;AV PRS JUSCELINO KUBITSCHEK (PASSARÉ);;;;;Colisão Traseira;Via Iluminada;Bom;Seca;Meio de Quadra;Não Há Controle;Outros;0;0;2;1;0;0;0;0;0;0;0;0;;;;;
258034;7;10;2015;15:30;0;TR STA TEREZINHA;;;7;;Colisão Lateral;Luz do Dia;Bom;Seca;Meio de Quadra;Não Há Controle;Residencial;0;0;2;1;0;0;0;0;0;0;0;0;;;;;
258020;7;10;2015;16:30;1322;AV DOM LUIS;RUA VICENTE LEITE;;;;Colisão Traseira;Luz do Dia;Bom;Seca;Cruz;Semáforo;Comercial;0;0;2;1;0;0;0;0;0;0;0;0;-38,494467;-3,734197;;;
258120;7;10;2015;10:10;0;AV ABOLICAO;;;;;Colisão Traseira;Luz do Dia;Bom;Seca;Meio de Quadra;Semáforo;Comercial;0;0;2;1;0;0;1;0;0;0;0;0;;;;;
258116;7;10;2015;12:40;13408;AV ANTONIO SALES;RUA BAR ARACATI;;;;Colisão Transversal;Luz do Dia;Bom;Seca;Cruz;Pare;Comercial;0;0;2;1;0;0;0;0;0;0;0;0;-38,514894;-3,741563;;;
258135;7;10;2015;07:30;12521;AV AUGUSTO DOS ANJOS;RUA JULIO BRAGA;;;;Colisão Lateral;Luz do Dia;Bom;Seca;Duplo T;Não Há Controle;Comercial;0;1;1;1;0;0;1;0;0;0;0;0;-38,576193;-3,776779;;;
258140;7;10;2015;10:15;0;AV SEN CARLOS JEREISSATI (AEROPORTO);;;3000;AEROPORTO;Colisão Lateral;Luz do Dia;Bom;;Meio de Quadra;;;0;0;2;1;0;0;0;0;0;0;0;0;-38,541414;-3,780382;;;
267574;7;10;2015;05:55;0;RUA HOLANDA;;;;;Queda;Amanhecer;;;Meio de Quadra;;;0;1;0;0;0;0;0;0;0;1;0;0;;;;;
267576;7;10;2015;07:12;5269;AV DUQ CAXIAS;RUA PDE IBIAPINA;;;;Colisão;Luz do Dia;;;Cruz;Semáforo;Comercial;0;1;1;1;0;0;0;0;0;1;0;0;-38,540226;-3,728446;;;
267636;7;10;2015;19:36;0;AV ENG SANTANA JUNIOR;;;;;Colisão;;;;Meio de Quadra;;;0;1;0;0;0;0;0;0;0;0;0;0;;;;;
267637;7;10;2015;21:07;0;AV MAJ ASSIS;;;;;Colisão;;;;Meio de Quadra;;;0;1;1;1;0;0;0;0;0;1;0;0;-38,594487;-3,722077;;;
267638;7;10;2015;21:43;13742;AV WASHINGTON SOARES;RUA NELSON STUDART;;;;Atropelamento;;;;T;Pare;Residencial;0;1;1;1;0;0;0;0;0;0;0;0;-38,481827;-3,773794;;;
267631;7;10;2015;18:25;0;AV MR HULL;;;;;Colisão;Anoitecer;;;Meio de Quadra;;;0;1;0;0;0;0;0;0;0;1;0;0;;;;;
267632;7;10;2015;18:53;13564;RUA CASTRO ALVES;RUA CAP GUSTAVO;;;;Colisão;;;;Cruz;Pare;Residencial;0;1;1;1;0;0;0;0;0;1;0;0;-38,517747;-3,749887;;;
267633;7;10;2015;19:07;0;RUA AFONSO LOPES;;;;;Colisão;;;;Meio de Quadra;;;0;1;1;1;0;0;0;0;0;1;0;0;-38,547340;-3,790215;;;
267586;7;10;2015;07:19;0;RUA FRANCISCO MATOS;;;;;Colisão;Luz do Dia;;;Meio de Quadra;;;0;1;1;1;0;0;0;0;0;1;0;0;;;;;