COD_ACIDENTE;DIA;MES;ANO;HORA;INTERSECAO;LOG1;LOG2;LOG3;NUMERO;REFERENCIA;NATUREZA;ILUMINACAO;TEMPO;SUPERFICIEPISTA;TIPOCRUZAMENTO;CONTROLETRAFEGO;USOSOLO;MORTOS;FERIDOS;ILESOS;AUTOMOVEL;ONIBUS;BICICLETA;CAMINHAO;MICROONIBUS;CICLOMOTOR;MOTOCICLETA;TRACAOANIMAL;TREM;LONG;LAT;;;
267595;7;10;2015;07:49;0;RUA GUARANI D65;;;;;Colisão;Luz do Dia;;;Meio de Quadra;;;0;1;1;1;0;0;0;0;0;1;0;0;;;;;
267601;7;10;2015;08:29;0;RUA NUNES VALENTE;;;;;Colisão;Luz do Dia;;;Meio de Quadra;;;0;1;1;1;0;1;0;0;0;0;0;0;-38,504786;-3,739508;;;
267602;7;10;2015;09:41;0;AV SEN FERNANDES TAVORA;;;;;Colisão;Luz do Dia;;;Meio de Quadra;;;0;1;1;1;0;0;0;0;0;1;0;0;-38,590099;-3,757953;;;
267626;7;10;2015;10:00;0;AV ALBERTO CRAVEIRO;;;;;Colisão;Luz do Dia;;;Meio de Quadra;;;0;1;1;1;0;0;0;0;0;1;0;0;;;;;
267627;7;10;2015;12:11;0;AV SGT HERMINIO SAMPAIO;;;;;Atropelamento;Luz do Dia;;;Meio de Quadra;;;0;1;1;0;0;0;0;0;0;1;0;0;-38,547354;-3,724577;;;
267629;7;10;2015;17:27;0;TR CAP ARAGAO;;;;;Colisão;Anoitecer;;;Meio de Quadra;;;0;1;0;0;0;0;0;0;0;0;0;0;;;;;
267679;8;10;2015;19:10;0;RD BR 116;;;13000;KM-13;Queda;;;;Meio de Quadra;;;0;1;0;0;0;0;0;0;0;1;0;0;-38,497727;-3,864670;;;
267681;8;10;2015;20:21;0;AV CEL CARVALHO;;;;;Colisão;;;;Meio de Quadra;;;0;1;0;0;0;0;0;0;0;0;0;0;;;;;
267682;8;10;2015;21:26;0;AV PRS COSTA E SILVA;;;;;Queda;;;;Meio de Quadra;;;0;1;0;0;0;0;0;0;0;1;0;0;;;;;
267644;8;10;2015;07:19;0;AV BEZERRA DE MENEZES;;;;;Colisão;Luz do Dia;;;Meio de Quadra;;;0;1;1;1;0;0;0;0;0;1;0;0;-38,553012;-3,733304;;;
267645;8;10;2015;09:10;0;RUA RIO GRANDE DO SUL;;;;;Colisão;Luz do Dia;;;Meio de Quadra;;;0;1;1;1;0;0;0;0;0;1;0;0;-38,567515;-3,758548;;;
267641;8;10;2015;05:50;0;AV SGT HERMINIO SAMPAIO;;;;;Queda;Amanhecer;;;Meio de Quadra;;;0;1;0;0;0;0;0;0;0;1;0;0;-38,563004;-3,726817;;;
267642;8;10;2015;06:21;0;RUA SAMIR HILUY;;;;;Queda;Luz do Dia;;;Meio de Quadra;;;0;1;0;0;0;0;0;0;0;1;0;0;;;;;
267647;8;10;2015;09:43;0;RUA PDE MIGUELINHO;;;;;Atropelamento;Luz do Dia;;;Meio de Quadra;;;0;1;1;1;0;0;0;0;0;0;0;0;-38,535348;-3,742010;;;
267648;8;10;2015;09:51;0;RUA CLARINDO PEREIRA;;;;;Queda;Luz do Dia;;;Meio de Quadra;;;0;1;0;0;0;1;0;0;0;0;0;0;;;;;
267649;8;10;2015;11:18;14416;RUA RAIMUNDO CORREIA;RUA DR ALMEIDA FILHO;;;;Atropelamento;Luz do Dia;;;Cruz;Pare;Residencial;0;1;1;1;0;0;0;0;0;0;0;0;-38,558751;-3,724488;;;
267652;8;10;2015;15:24;4250;AV FRANCISCO SA;RUA PDE ANCHIETA;;;;Colisão;Luz do Dia;;;Cruz;Semáforo;Comercial;0;1;0;0;0;0;0;0;0;0;0;0;-38,549538;-3,719988;;;
257361;8;10;2015;21:30;0;RUA JORGE ACURCIO;;;230;;Colisão;;;;Meio de Quadra;;;0;0;2;1;0;0;0;0;0;0;0;0;-38,530508;-3,762247;;;
258164;8;10;2015;10:00;0;AV DOMINGOS OLIMPIO;;;1050;;Colisão Lateral;Luz do Dia;Bom;Seca;Meio de Quadra;Semáforo;Comercial;0;0;2;1;0;0;1;0;0;0;0;0;-38,533283;-3,735873;;;
258165;8;10;2015;14:45;8125;RUA MANUEL DE QUEIROZ;RUA BENTO ALBUQUERQUE;;;;Colisão Lateral;Luz do Dia;Bom;Seca;Cruz;Pare;Misto;0;0;2;1;0;0;0;0;0;0;0;0;-38,467393;-3,748837;;;
258166;8;10;2015;12:10;19658;AV BEZERRA DE MENEZES;RUA PRO ANACLETO;;;;Colisão Traseira;Luz do Dia;Bom;Seca;T;Semáforo;Comercial;0;0;2;1;0;0;0;0;0;0;0;0;-38,553238;-3,733352;;;
258167;8;10;2015;09:30;0;RUA MON BRUNO;;;819;;Outros;Luz do Dia;Bom;Seca;Meio de Quadra;Não Há Controle;Comercial;0;0;1;1;0;0;0;0;0;0;0;0;-38,508554;-3,729684;;;
258168;8;10;2015;11:00;0;AV EDUARDO GIRAO;;;1245;;Colisão Lateral;Luz do Dia;Bom;Seca;Meio de Quadra;Não Há Controle;Comercial;0;3;0;0;0;0;0;0;0;1;0;0;-38,532582;-3,752503;;;
258172;8;10;2015;11:10;0;AV PRS CASTELO BRANCO;;;;;Colisão Lateral;Luz do Dia;Bom;Seca;Meio de Quadra;Não Há Controle;Comercial;0;0;2;1;0;0;0;0;0;0;0;0;;;;;
258189;8;10;2015;21:30;14421;AV SGT HERMINIO SAMPAIO;RUA PDE ANCHIETA;;;;Colisão Lateral;Via Iluminada;Bom;Seca;Cruz;Semáforo;Comercial;0;0;2;1;0;0;0;0;0;0;0;0;-38,551079;-3,724693;;;
258187;8;10;2015;21:17;23567;AV GOV RAUL BARBOSA;RUA ESV PINHEIRO;;;;Colisão;;;;Duplo T;Pare;Residencial;0;0;3;1;0;0;1;0;0;0;0;0;-38,507767;-3,761659;;;
258174;8;10;2015;04:10;18299;RUA SEN ALMINO;RUA JOSE AVELINO;;;;Colisão Transversal;Via Iluminada;Nublado;Seca;Cruz;Pare;Comercial;0;2;1;1;0;0;0;0;0;1;0;0;-38,517954;-3,722476;;;
258182;8;10;2015;09:30;0;RUA BAR ARACATI;;;767;;Colisão Lateral;Luz do Dia;Bom;Seca;Meio de Quadra;Não Há Controle;Residencial;0;0;2;0;0;0;1;0;0;0;0;0;-38,510418;-3,728129;;;
258185;8;10;2015;08:00;1538;RUA LEONARDO MOTA;AV PDE ANTONIO TOMAS;;;;Colisão Transversal;Luz do Dia;Bom;Seca;Cruz;Semáforo;Residencial;0;0;2;0;1;0;0;0;0;0;0;0;-38,497662;-3,740811;;;
258121;8;10;2015;09:20;15576;RUA CEL JOAO OLIVEIRA;RUA TEN JOSE NEWTON;;;;Colisão Lateral;Luz do Dia;Bom;Seca;T;Não Há Controle;Residencial;0;0;2;1;1;0;0;0;0;0;0;0;-38,491369;-3,822426;;;
258125;8;10;2015;13:20;0;AV CARAPINIMA;;;2425;;Colisão Lateral;Luz do Dia;Bom;Seca;Meio de Quadra;Semáforo Intermitente;Comercial;0;0;2;1;1;0;0;0;0;0;0;0;-38,541304;-3,741071;;;
258153;8;10;2015;15:00;17570;RUA ESPIRITO SANTO;RUA MARANHAO;;;;Colisão Lateral;Luz do Dia;Bom;Seca;T;Pare;Residencial;1;0;2;0;0;0;0;0;0;1;0;0;-38,568699;-3,753779;;;
258154;8;10;2015;21:00;4000;AV PRO GOMES DE MATOS;RUA RAUL UCHOA;;;;Colisão Traseira;Via Iluminada;Bom;Seca;Cruz;Pare;Comercial;0;1;1;1;0;0;0;0;0;1;0;0;-38,545294;-3,760768;;;
258021;8;10;2015;18:00;0;RUA CAP TIBURCIO DA FROTA;;;575;;Colisão Frontal;Mal Iluminada;Bom;Seca;Meio de Quadra;;Residencial;0;2;1;1;0;0;0;0;0;1;0;0;-38,514638;-3,754991;;;
258016;8;10;2015;06:20;0;RUA BATISTA DE OLIVEIRA;;;;;Colisão Transversal;Luz do Dia;Bom;Seca;Meio de Quadra;Pare;Residencial;0;0;2;1;0;0;0;0;0;0;0;0;;;;;
258018;8;10;2015;18:04;0;AV DES FAUSTINO ALBUQUERQUE;;;732;;Colisão Transversal;Anoitecer;Bom;Seca;Meio de Quadra;Não Há Controle;Residencial;0;1;1;1;0;0;0;0;0;1;0;0;-38,499566;-3,786257;;;
258019;8;10;2015;19:00;0;AV SEN FERNANDES TAVORA;;;808;;Colisão Lateral;Via Iluminada;Bom;Seca;Meio de Quadra;Semáforo;Comercial;0;0;2;1;1;0;0;0;0;0;0;0;-38,580184;-3,763247;;;
258063;8;10;2015;13:00;17951;RUA JOAQUIM ALBANO;RUA DRACON BARRETO;;;;Colisão Traseira;Luz do Dia;Bom;Seca;Cruz;Pare;Misto;0;1;1;1;0;0;0;0;0;0;0;0;-38,578990;-3,735122;;;
258064;8;10;2015;09:30;0;RUA PDE MIGUELINHO;;;;;Outros;Luz do Dia;Bom;Seca;Meio de Quadra;Pare;Comercial;0;0;2;1;0;0;0;0;0;0;0;0;;;;;
258040;8;10;2015;14:50;1654;AV SEN VIRGILIO TAVORA;RUA BENI DE CARVALHO;;;;Colisão Lateral;Luz do Dia;Bom;Seca;Cruz;Semáforo;Misto;0;1;1;1;0;0;0;0;0;1;0;0;-38,500877;-3,744098;;;
258061;8;10;2015;13:00;14556;RUA REPUBLICA ARMENIA;RUA ENG ANTONIO F ANTERO;;;;Colisão Lateral;Luz do Dia;Bom;Seca;Cruz;Pare;Comercial;0;0;2;1;1;0;0;0;0;0;0;0;-38,481447;-3,788251;;;
258045;8;10;2015;;7694;RUA RIO GRANDE DO NORTE;RUA RIO GRANDE DO SUL;;;;Colisão Transversal;Luz do Dia;Bom;Seca;Cruz;Pare;Residencial;0;1;2;1;0;0;0;0;0;1;0;0;-38,567559;-3,758617;;;
258042;8;10;2015;13:50;23338;RUA OSVALDO CRUZ (ALDEOTA);RUA EDUARDO BEZERRA;;;;Colisão Transversal;Luz do Dia;Bom;Seca;Cruz;Pare;Residencial;0;0;2;1;0;0;0;0;0;0;0;0;-38,505966;-3,753129;;;
258043;8;10;2015;20:00;1428;RUA MARIA TOMASIA;RUA MON CATAO;;;;Colisão Transversal;Via Iluminada;Bom;Seca;Cruz;Pare;Residencial;0;2;0;0;0;0;0;0;0;1;0;0;-38,490242;-3,737741;;;
258059;8;10;2015;08:00;0;AV TRISTAO GONCALVES;;;;IGREJA UNIVERSAL;Colisão Traseira;Luz do Dia;Bom;Seca;Meio de Quadra;;Comercial;0;0;2;0;1;0;0;0;0;0;0;0;;;;;
258054;8;10;2015;08:50;16679;AV PRS COSTA E SILVA;AV 1 LOT ARVOREDO;;;;Colisão Lateral;Luz do Dia;Bom;Seca;T;Pare;Residencial;0;0;2;0;1;0;0;0;0;0;0;0;-38,565160;-3,817735;;;
258084;8;10;2015;16:15;0;AV JOVITA FEITOSA;;;2694;;Engavetamento;Luz do Dia;Bom;Seca;Meio de Quadra;Semáforo Intermitente;Residencial;0;0;3;1;0;0;0;0;0;0;0;0;-38,561287;-3,740826;;;
258088;8;10;2015;16:40;261;AV JOVITA FEITOSA;RUA PRO LINO ENCARNACAO;;;;Colisão Traseira;Luz do Dia;Bom;Seca;Cruz;Semáforo Intermitente;Residencial;0;0;2;1;0;0;1;0;0;0;0;0;-38,560746;-3,740720;;;
271136;8;10;2015;18:20;0;AV TEN LISBOA;;;1000;CEMEC;Atropelamento;Anoitecer;;;Meio de Quadra;;;1;0;1;1;0;0;0;0;0;0;0;0;;;;;
271427;8;10;2015;10:21;0;AV GODOFREDO MACIEL;;;;;Colisão;Luz do Dia;;;Meio de Quadra;;;0;0;2;0;0;0;0;0;0;0;0;0;;;;;
271433;8;10;2015;14:22;0;AV ZEZE DIOGO;;;;;Colisão;Luz do Dia;;;Meio de Quadra;;;0;0;2;0;0;0;0;0;0;0;0;0;;;;;
271430;8;10;2015;12:43;0;RUA ATILANO MOURA;;;;;Colisão;Luz do Dia;;;Meio de Quadra;;;0;0;2;0;0;0;0;0;0;0;0;0;;;;;
271460;8;10;2015;21:46;0;RUA POE MARIO LINHARES (J.WALTER);;;;;Colisão;;;;Meio de Quadra;;;0;0;2;0;0;0;0;0;0;0;0;0;;;;;
259863;8;10;2015;18:30;0;AV MIN JOSE AMERICO;;;;;Colisão;Via Iluminada;;Seca;Meio de Quadra;;;0;0;2;1;0;0;0;0;0;0;0;0;;;;;
257994;8;10;2015;;0;RUA BERNARDO MANUEL;;;8851;;Colisão Traseira;Luz do Dia;Bom;Seca;Meio de Quadra;Semáforo;Residencial;0;0;2;1;0;0;0;0;0;0;0;0;-38,550884;-3,796941;;;
257996;8;10;2015;14:30;0;AV GAL OSORIO DE PAIVA;;;4675;;Colisão Lateral;Luz do Dia;Bom;Seca;Meio de Quadra;Não Há Controle;Residencial;0;0;2;1;0;0;0;0;0;1;0;0;-38,597515;-3,800026;;;
257997;8;10;2015;12:30;22181;RUA PDE CICERO;RUA MON FURTADO;;;;Colisão Transversal;Luz do Dia;Bom;Seca;Cruz;Pare;Residencial;0;0;2;1;0;0;0;0;0;0;0;0;-38,546459;-3,743010;;;
257999;8;10;2015;09:00;25121;RUA FIRMINO ROCHA AGUIAR;RUA ELISEU UCHOA BECCO;;;;Colisão Transversal;Luz do Dia;Bom;Seca;Cruz;Não Há Controle;Residencial;0;0;2;1;0;0;0;0;0;0;0;0;-38,486120;-3,763391;;;
259302;8;10;2015;08:10;0;RD BR 116;;;3000;KM-03;Colisão Lateral;Luz do Dia;Bom;Seca;Meio de Quadra;Não Há Controle;Comercial;0;0;2;0;0;0;0;0;0;0;0;0;-38,514372;-3,779838;;;
259338;8;10;2015;20:30;0;RD BR 222;;;;KM-03;Colisão;Via Iluminada;Bom;Seca;Meio de Quadra;Não Há Controle;Comercial;1;0;1;0;1;1;0;0;0;0;0;0;-38,571997;-3,736999;;;
259303;9;10;2015;17:00;0;RD BR 116;;;5000;KM-05;Colisão Traseira;Anoitecer;Bom;Seca;Meio de Quadra;Não Há Controle;Comercial;0;1;4;1;0;0;0;0;0;0;0;0;-38,506787;-3,796502;;;
258001;9;10;2015;15:20;17898;AV SGT HERMINIO SAMPAIO;RUA DOM MAURICIO;;;;Colisão Traseira;Luz do Dia;Bom;Seca;Cruz;Semáforo;Comercial;0;0;2;1;0;0;0;0;0;1;0;0;-38,576842;-3,730570;;;
257991;9;10;2015;18:30;0;RUA JORGE ACURCIO;;;;;Colisão Lateral;Via Iluminada;Bom;Seca;Meio de Quadra;Pare;Comercial;0;0;2;1;0;0;0;0;0;0;0;0;;;;;
257992;9;10;2015;13:20;12892;AV DOMINGOS OLIMPIO;RUA BAR RIO BRANCO;;;;Colisão Lateral;Luz do Dia;Bom;Seca;Cruz;Semáforo;Comercial;0;0;2;1;0;0;0;1;0;0;0;0;-38,531494;-3,736579;;;
257987;9;10;2015;07:30;12762;RUA JORGE DUMAR;AV BORGES DE MELO;;;;Colisão Lateral;Luz do Dia;Bom;Seca;Cruz;Semáforo;Comercial;0;1;1;1;0;0;0;0;0;1;0;0;-38,539369;-3,752695;;;
257988;9;10;2015;14:00;12845;RUA BAR ARATANHA;RUA SILVA JARDIM;;;;Colisão Lateral;Luz do Dia;Bom;Seca;Cruz;Pare;Residencial;0;0;2;1;0;0;0;0;0;0;0;0;-38,529351;-3,741779;;;
257989;9;10;2015;10:30;0;AV VIS RIO BRANCO;;;1279;;Colisão Transversal;Luz do Dia;Bom;Seca;Meio de Quadra;Não Há Controle;Misto;0;2;0;0;0;1;0;0;0;1;0;0;-38,524853;-3,732264;;;
257984;9;10;2015;21:30;22201;AV SGT HERMINIO SAMPAIO;RUA DR GILBERTO CAMARA;;;;Colisão Lateral;Anoitecer;Bom;Seca;Cruz;Pare;Misto;0;0;2;1;0;0;0;0;0;1;0;0;-38,562028;-3,726645;;;
257985;9;10;2015;15:13;0;AV PRS JUSCELINO KUBITSCHEK (PASSARÉ);;;3535;;Colisão Transversal;Luz do Dia;Bom;Seca;Meio de Quadra;Outros;Comercial;0;0;2;1;0;0;0;0;0;0;0;0;-38,528713;-3,812249;;;
259872;9;10;2015;09:00;0;RD CE-040;;;;KM-06;Colisão;Luz do Dia;;Seca;Meio de Quadra;;;0;0;2;1;0;0;0;0;0;0;0;0;-38,478781;-3,811270;;;
265387;9;10;2015;15:42;0;RUA BENTO ALBUQUERQUE;;;;;Colisão;Luz do Dia;;;Meio de Quadra;;;0;0;2;1;1;0;0;0;0;0;0;0;;;;;
265385;9;10;2015;15:01;0;AV GODOFREDO MACIEL;;;;;Outros;Luz do Dia;;;Meio de Quadra;;;0;0;1;1;0;0;0;0;0;0;0;0;;;;;
265382;9;10;2015;14:25;0;RUA JOSE HIPOLITO;;;;;Colisão;Luz do Dia;;;Meio de Quadra;;;0;0;2;1;0;0;0;0;0;0;0;0;;;;;
271461;9;10;2015;22:42;0;RUA PRO GOMES BRASIL;;;;;Colisão;;;;Meio de Quadra;;;0;0;2;0;0;0;0;0;0;0;0;0;;;;;
271462;9;10;2015;22:57;15344;RUA CANUTO DE AGUIAR;AV SEN VIRGILIO TAVORA;;;;Colisão;;;;Cruz;Semáforo;Residencial;0;0;2;0;0;0;0;0;0;0;0;0;-38,491567;-3,731880;;;
271454;9;10;2015;18:08;0;RUA FLORESTA;;;;;Colisão;Anoitecer;;;Meio de Quadra;;;0;0;2;0;0;0;0;0;0;0;0;0;;;;;
271455;9;10;2015;18:19;0;RUA OLIVEIRA SOBRINHO;;;;;Colisão;Anoitecer;;;Meio de Quadra;;;0;0;2;0;0;0;0;0;0;0;0;0;;;;;
271456;9;10;2015;18:40;25013;RUA ADOLFO B DE MENEZES;RUA TEODOMIRO DE CASTRO;;;;Colisão;;;;Cruz;Pare;Residencial;0;0;2;0;0;0;0;0;0;0;0;0;-38,577425;-3,716619;;;
271458;9;10;2015;19:08;0;LOGRADOURO SEM NOME;;;;;Colisão;;;;Meio de Quadra;;;0;0;2;0;0;0;0;0;0;0;0;0;;;;;
271459;9;10;2015;21:46;0;RUA POE MARIO LINHARES (J.WALTER);;;;;Colisão;;;;Meio de Quadra;;;0;0;2;0;0;0;0;0;0;0;0;0;;;;;
271442;9;10;2015;12:16;0;AV VICENTE DE CASTRO;;;;;Colisão;Luz do Dia;;;Meio de Quadra;;;0;0;2;0;0;0;0;0;0;0;0;0;;;;;
271443;9;10;2015;12:30;0;RUA SAO JOSE D03;;;;;Colisão;Luz do Dia;;;Meio de Quadra;;;0;0;2;0;0;0;0;0;0;0;0;0;;;;;
271437;9;10;2015;05:25;0;AV JOVITA FEITOSA;;;;;Choque c/ Obstáculo Fixo;Amanhecer;;;Meio de Quadra;;;0;0;2;0;0;0;0;0;0;0;0;0;;;;;
271445;9;10;2015;12:46;9723;RUA GERALDO BARBOSA;RUA GUARAREMA;;;;Colisão;Luz do Dia;;;;;;0;0;2;0;0;0;0;0;0;0;0;0;-38,619056;-3,786464;;;
271447;9;10;2015;12:48;0;AV CHANC EDSON QUEIROZ;;;;;Colisão;Luz do Dia;;;Meio de Quadra;;;0;0;2;0;0;0;0;0;0;0;0;0;;;;;
271449;9;10;2015;12:51;0;AV JOSE BASTOS;;;;;Colisão;Luz do Dia;;;Meio de Quadra;;;0;0;2;0;0;0;0;0;0;0;0;0;;;;;
271450;9;10;2015;13:56;0;RUA CURITIBA;;;;;Colisão;Luz do Dia;;;Meio de Quadra;;;0;1;1;0;0;0;0;0;0;0;0;0;;;;;
258089;9;10;2015;15:30;1558;AV BAR STUDART;RUA PDE VALDEVINO;;;;Colisão Lateral;Luz do Dia;Bom;Seca;Cruz;Semáforo;Misto;0;1;1;0;1;0;0;0;0;1;0;0;-38,508855;-3,741641;;;
258096;9;10;2015;07:30;3188;RUA EMILIO DE MENESES;RUA LUZIA MOREIRA;;;;Colisão Traseira;;Bom;Seca;Cruz;;Residencial;0;0;2;1;0;0;0;0;0;0;0;0;-38,593217;-3,780117;;;
258091;9;10;2015;11:30;5364;AV TRISTAO GONCALVES;RUA GAL CLARINDO DE QUEIROZ;;;;Colisão Lateral;Luz do Dia;Bom;Seca;Cruz;Não Há Controle;Comercial;0;0;2;1;0;0;0;0;0;0;0;0;-38,534472;-3,731314;;;
258092;9;10;2015;09:30;19657;AV BEZERRA DE MENEZES;RUA PRO RAIMUNDO ARRUDA;;;;Colisão Lateral;Luz do Dia;Bom;Seca;Cruz;Semáforo;Comercial;0;0;2;1;0;0;0;0;0;0;0;0;-38,552148;-3,733126;;;
258093;9;10;2015;18:35;19664;RUA GUSTAVO SAMPAIO;RUA PRO JOSE DE BARCELOS;;;;Colisão Transversal;Via Iluminada;Bom;Seca;Cruz;Pare;Residencial;0;1;1;0;0;0;0;0;0;1;0;0;-38,550829;-3,734101;;;
258085;9;10;2015;11:00;0;RUA FRANCISCO XEREZ;;;100;;Colisão Lateral;Luz do Dia;Bom;Seca;Meio de Quadra;Pare;Residencial;0;1;1;1;0;0;0;0;0;1;0;0;-38,485635;-3,759447;;;
258082;9;10;2015;11:40;0;AV OLIVEIRA PAIVA;;;;;Colisão Traseira;Luz do Dia;Bom;Seca;Meio de Quadra;Não Há Controle;Comercial;0;0;2;1;0;0;0;0;0;0;0;0;;;;;
258079;9;10;2015;16:30;0;AV GAL MURILO BORGES;;;;;Colisão Transversal;Luz do Dia;Bom;Seca;Meio de Quadra;Não Há Controle;Outros;0;1;1;1;0;0;0;0;0;1;0;0;;;;;
258055;9;10;2015;15:00;1544;RUA PAULA NEI;RUA PRO DIAS DA ROCHA;;;;Colisão Transversal;Luz do Dia;Bom;Seca;Cruz;Pare;Misto;0;1;1;1;0;0;0;0;0;0;0;0;-38,493448;-3,741062;;;
258052;9;10;2015;20:00;0;RUA VALMIR PONTES;;;;;Colisão Transversal;Via Iluminada;Bom;Seca;Meio de Quadra;Pare;Escola;0;2;1;1;0;0;0;0;0;1;0;0;;;;;
258060;9;10;2015;20:30;0;RUA ANSELMO NOGUEIRA;;;509;;Colisão Traseira;Via Iluminada;Bom;Seca;Meio de Quadra;Não Há Controle;Residencial;0;0;2;1;0;0;0;0;0;0;0;0;-38,587653;-3,782764;;;
258057;9;10;2015;17:37;0;RUA ESTADO DO RIO;;;;;Colisão Lateral;Via Iluminada;Bom;Seca;Meio de Quadra;Pare;Misto;0;0;2;1;0;0;0;0;0;0;0;0;;;;;
258050;9;10;2015;19:29;5702;RUA CHICO LEMOS;RUA ANTONIO DE CASTRO;;;;Colisão Lateral;Via Iluminada;Bom;Seca;Cruz;Outros;Residencial;0;0;2;1;0;0;0;0;0;0;0;0;-38,497987;-3,793843;;;
258048;9;10;2015;21:00;1812;AV DO VAQUEIRO;RUA FLORESTA;;;;Colisão Transversal;Via Iluminada;Bom;Seca;T;Não Há Controle;Residencial;0;0;2;0;1;0;0;0;0;0;0;0;-38,503879;-3,860294;;;
258066;9;10;2015;09:40;1657;RUA BENI DE CARVALHO;RUA CEL JUCA;;;;Colisão Transversal;Luz do Dia;Bom;Seca;Cruz;Semáforo;Misto;0;1;1;0;0;0;0;0;0;1;0;0;-38,494070;-3,746301;;;
258068;9;10;2015;10:15;15298;RUA ANA BILHAR;RUA BARBOSA DE FREITAS;;;;Colisão Transversal;Luz do Dia;Bom;Seca;Cruz;Pare;Residencial;0;0;2;1;0;0;0;0;0;0;0;0;-38,495143;-3,729646;;;
258077;9;10;2015;06:20;0;AV JOVITA FEITOSA;;;3018;;Colisão Traseira;Luz do Dia;Bom;Seca;Meio de Quadra;Outros;Misto;0;0;2;0;0;0;0;0;0;0;0;0;-38,564747;-3,741549;;;
258035;9;10;2015;16:00;348;RUA CESAR FONTENELE;RUA PRO LINO ENCARNACAO;;;;Colisão Transversal;Luz do Dia;Bom;Seca;Cruz;Pare;Residencial;0;0;2;0;0;0;0;0;0;0;0;0;-38,559596;-3,746359;;;
258036;9;10;2015;09:50;23322;RUA GAL OLAVO OLIVEIRA ALBUQUERQUE;RUA MANGUESAIS;;;;Colisão Traseira;Luz do Dia;Bom;Seca;T;Pare;Residencial;0;0;2;1;0;0;0;0;0;0;0;0;;;;;
258037;9;10;2015;13:40;0;AV GODOFREDO MACIEL;;;4040;;Colisão Traseira;Luz do Dia;Bom;Seca;Meio de Quadra;Outros;Comercial;0;0;2;1;0;0;0;0;0;0;0;0;-38,574045;-3,809687;;;
258038;9;10;2015;17:55;15231;RUA JUAZEIRO DO NORTE;RUA JOSE NAPOLEAO;;;;Colisão Transversal;Via Iluminada;Bom;Seca;Cruz;Pare;Residencial;0;1;1;1;0;0;0;0;0;1;0;0;-38,490146;-3,727391;;;
258039;9;10;2015;10:00;23451;RUA PAULO FIRMEZA;RUA SABINO MONTE;;;;Colisão Transversal;Luz do Dia;Bom;Seca;Cruz;Pare;Residencial;0;0;2;1;0;0;0;0;0;0;0;0;-38,511850;-3,757031;;;
258126;9;10;2015;12:50;7766;RUA TIBURCIO CAVALCANTE;AV ANTONIO SALES;;;;Colisão Traseira;Luz do Dia;Bom;Seca;Cruz;Semáforo;Comercial;0;0;2;1;0;0;0;0;0;0;0;0;-38,505333;-3,744543;;;
258127;9;10;2015;15:40;0;RUA ARMANDO OLIVEIRA;;;87;;Colisão Traseira;;Bom;Seca;Meio de Quadra;Não Há Controle;Residencial;0;0;2;1;0;0;0;1;0;0;0;0;-38,567375;-3,737438;;;
258130;9;10;2015;10:40;1611;RUA VICENTE LINHARES;RUA CEL JUCA;;;;Colisão Transversal;Luz do Dia;Bom;Seca;Cruz;Pare;Residencial;0;0;2;1;0;0;0;0;0;0;0;0;-38,493430;-3,744356;;;
258131;9;10;2015;06:50;0;AV JOSE BASTOS;;;2866;;Colisão Traseira;Luz do Dia;Bom;Seca;Meio de Quadra;Não Há Controle;Comercial;0;1;1;1;0;0;0;0;0;1;0;0;-38,546837;-3,746409;;;
258123;9;10;2015;10:20;0;RUA MACHADO DE ASSIS;;;800;;Colisão;Luz do Dia;Bom;Seca;Meio de Quadra;Não Há Controle;Residencial;0;0;1;1;0;0;0;0;0;0;0;0;-38,550965;-3,752385;;;
258118;9;10;2015;06:30;0;AV JOAO PESSOA;;;6239;;Colisão;Luz do Dia;Bom;Seca;Meio de Quadra;Semáforo;Comercial;0;1;1;0;1;0;0;0;0;1;0;0;-38,558745;-3,764650;;;
258141;9;10;2015;03:00;0;AV GAL OSORIO DE PAIVA;;;;;Colisão Traseira;Mal Iluminada;Bom;Seca;Meio de Quadra;Não Há Controle;Comercial;0;1;1;1;0;0;0;0;0;1;0;0;;;;;
258142;9;10;2015;00:05;25069;AV DOS EXPEDICIONARIOS;RUA RAUL CABRAL;;;;Colisão Transversal;Via Iluminada;Nublado;Seca;Cruz;Semáforo;Comercial;0;1;1;1;0;0;0;0;0;0;0;0;-38,542595;-3,769605;;;
258145;9;10;2015;19:30;4219;RUA BAR CRATO;RUA DR ALMEIDA FILHO;;;;Colisão Transversal;Via Iluminada;Bom;Seca;Cruz;Pare;Misto;0;1;1;1;0;0;0;0;0;1;0;0;-38,559614;-3,721259;;;
258134;9;10;2015;14:30;5374;AV DUQ CAXIAS;RUA BAR RIO BRANCO;;;;Colisão Traseira;Luz do Dia;Bom;Seca;Cruz;Semáforo;Comercial;0;0;2;1;0;0;0;0;0;0;0;0;-38,529947;-3,731774;;;
267684;9;10;2015;00:48;0;RUA DEMETRIO MENEZES;;;;;Colisão;;;;Meio de Quadra;;;0;1;0;0;0;0;0;0;0;0;0;0;;;;;