COD_ACIDENTE;DIA;MES;ANO;HORA;INTERSECAO;LOG1;LOG2;LOG3;NUMERO;REFERENCIA;NATUREZA;ILUMINACAO;TEMPO;SUPERFICIEPISTA;TIPOCRUZAMENTO;CONTROLETRAFEGO;USOSOLO;MORTOS;FERIDOS;ILESOS;AUTOMOVEL;ONIBUS;BICICLETA;CAMINHAO;MICROONIBUS;CICLOMOTOR;MOTOCICLETA;TRACAOANIMAL;TREM;LONG;LAT;;;
267685;9;10;2015;01:02;7479;AV ALBERTO CRAVEIRO;RUA PEDRO DANTAS;;;;Queda;;;;T;Semáforo;Comercial;0;1;0;0;0;0;0;0;0;1;0;0;-38,517220;-3,786753;;;
267686;9;10;2015;05:25;0;AV JOAO PESSOA;;;;;Atropelamento;Amanhecer;;;Meio de Quadra;;;0;1;1;0;1;0;0;0;0;0;0;0;;;;;
267699;9;10;2015;12:23;0;RUA STA ANGELA;;;;;Colisão;Luz do Dia;;;Meio de Quadra;;;0;0;1;0;0;0;0;0;0;0;0;0;;;;;
267700;9;10;2015;13:54;0;AV CASTELO DE CASTRO;;;;;Colisão;Luz do Dia;;;Meio de Quadra;;;0;1;1;1;0;0;0;0;0;1;0;0;;;;;
267702;9;10;2015;14:45;0;AV BEZERRA DE MENEZES;;;;;Colisão;Luz do Dia;;;Meio de Quadra;;;0;1;1;0;0;0;0;0;0;0;0;0;;;;;
267703;9;10;2015;15:06;0;RUA WALDIR DIOGO;;;;;Colisão;Luz do Dia;;;Meio de Quadra;;;0;1;0;0;0;0;0;0;0;0;0;0;-38,587505;-3,802989;;;
267704;9;10;2015;15:34;0;RUA BAR CRATO;;;;;Colisão;Luz do Dia;;;Meio de Quadra;;;0;1;1;1;0;0;0;0;0;1;0;0;-38,559535;-3,721238;;;
267689;9;10;2015;06:40;0;RUA DEMETRIO MENEZES;;;;;Colisão;Luz do Dia;;;Meio de Quadra;;;0;1;1;1;0;0;0;0;0;1;0;0;;;;;
267690;9;10;2015;06:55;0;RUA HOLANDA;;;;;Colisão;Luz do Dia;;;Meio de Quadra;;;0;1;0;0;0;0;0;0;0;0;0;0;;;;;
267695;9;10;2015;07:40;0;AV FRE CIRILO;;;;;Colisão;Luz do Dia;;;Meio de Quadra;;;0;1;1;1;0;0;0;0;0;1;0;0;-38,495963;-3,820646;;;
267696;9;10;2015;09:40;0;AV PRS CASTELO BRANCO;;;;;Atropelamento;Luz do Dia;;;Meio de Quadra;;;0;1;1;1;0;0;0;0;0;0;0;0;;;;;
267697;9;10;2015;09:56;0;AV VIS RIO BRANCO;;;;;Colisão;Luz do Dia;;;Meio de Quadra;;;0;1;0;0;0;0;0;0;0;0;0;0;-38,524846;-3,732299;;;
267817;9;10;2015;23:18;0;AV PERIMETRAL;;;;;Colisão;;;;Meio de Quadra;;;0;1;0;0;0;0;0;0;0;0;0;0;;;;;
267811;9;10;2015;21:05;0;AV WASHINGTON SOARES;;;;;Queda;;;;Meio de Quadra;;;0;1;0;0;0;0;0;0;0;1;0;0;;;;;
267813;9;10;2015;22:15;0;RUA TEODOMIRO DE CASTRO;;;;;Atropelamento;;;;Meio de Quadra;;;0;1;1;1;0;0;0;0;0;0;0;0;-38,572429;-3,718707;;;
267803;9;10;2015;15:55;0;AV ALBERTO CRAVEIRO;;;;;Colisão;Luz do Dia;;;Meio de Quadra;;;0;1;1;1;0;0;0;0;0;1;0;0;-38,518266;-3,796274;;;
267805;9;10;2015;17:30;0;AV FRANCISCO SA;;;;;Colisão;Anoitecer;;;Meio de Quadra;;;0;1;1;1;0;0;0;0;0;1;0;0;-38,561999;-3,715841;;;
267806;9;10;2015;18:03;0;RUA LAURO NOGUEIRA;;;;;Queda;Anoitecer;;;Meio de Quadra;;;0;1;0;0;0;1;0;0;0;0;0;0;-38,472139;-3,742066;;;
267832;10;10;2015;08:15;7751;RUA ESTADO DO RIO;RUA CEARA;;;;Colisão;Luz do Dia;;;Cruz;Pare;Misto;0;1;1;1;0;1;0;0;0;0;0;0;-38,569606;-3,756475;;;
267829;10;10;2015;07:57;0;RUA PEDRO LAZAR;;;;;Colisão;Luz do Dia;;;Meio de Quadra;;;0;1;1;1;0;1;0;0;0;0;0;0;-38,488398;-3,803929;;;
267834;10;10;2015;08:16;23376;RUA BARROS LEAL;RUA EDUARDO BEZERRA;;;;Queda;Luz do Dia;;;;;;0;1;0;0;0;0;0;0;0;1;0;0;-38,519178;-3,754385;;;
267835;10;10;2015;08:32;0;AV FRE CIRILO;;;;;Colisão;Luz do Dia;;;Meio de Quadra;;;0;1;1;1;0;0;0;0;0;1;0;0;;;;;
267836;10;10;2015;10:49;0;AV DR THEBERGE;;;;;Colisão;Luz do Dia;;;Meio de Quadra;;;0;1;1;1;0;0;0;0;0;1;0;0;-38,564771;-3,714088;;;
267823;10;10;2015;01:03;0;AV CASTELO DE CASTRO;;;;;Colisão;;;;Meio de Quadra;;;0;1;0;0;0;0;0;0;0;0;0;0;;;;;
267824;10;10;2015;02:35;0;RUA RECANTO VERDE;;;;;Colisão;;;;Meio de Quadra;;;0;1;1;1;0;0;0;0;0;1;0;0;-38,511078;-3,835477;;;
267826;10;10;2015;06:03;6564;AV H CJ CEARA;AV G CJ CEARA;;;;Queda;Luz do Dia;;;T;Pare;Misto;0;1;0;0;0;0;0;0;0;1;0;0;-38,609372;-3,775702;;;
267827;10;10;2015;07:44;0;AV FRE CIRILO;;;;;Colisão;Luz do Dia;;;Meio de Quadra;;;0;1;1;1;0;0;0;0;0;1;0;0;;;;;
267843;10;10;2015;18:44;0;AV PRS COSTA E SILVA;;;;;Colisão;;;;Meio de Quadra;;;0;1;1;1;0;0;0;0;0;1;0;0;;;;;
258030;10;10;2015;10:30;0;RUA SABINO MONTE;;;4132;;Colisão Lateral;Luz do Dia;Bom;Seca;Meio de Quadra;Não Há Controle;Residencial;0;1;1;0;0;0;0;0;0;1;0;0;;;;;
258031;10;10;2015;16:50;9022;RUA BAR RIO BRANCO;RUA PDE ROMA;;;;Colisão Lateral;Anoitecer;Bom;Seca;Cruz;Pare;Misto;0;0;2;1;0;0;0;0;0;0;0;0;-38,533796;-3,743790;;;
258033;10;10;2015;22:30;0;AV SANTOS DUMONT;;;6580;;Choque c/ Obstáculo Fixo;;Bom;;Meio de Quadra;;Outros;0;1;0;1;0;0;0;0;0;0;0;0;-38,473918;-3,744114;;;
258022;10;10;2015;14:30;0;RUA VITAL BRASIL;;;1184;;Colisão Transversal;Luz do Dia;Bom;Seca;Meio de Quadra;Pare;Residencial;0;1;1;0;0;0;0;0;0;1;0;0;-38,591891;-3,779733;;;
258028;10;10;2015;17:20;5037;RUA PESSOA ANTA;RUA GUILHERME BLHUM;;;;Colisão Lateral;Anoitecer;Bom;Seca;T;Pare;Comercial;0;1;1;1;0;0;0;0;0;1;0;0;-38,522017;-3,721113;;;
258024;10;10;2015;07:00;1306;RUA TORRES CAMARA;RUA MON BRUNO;;;;Choque c/ Obstáculo Fixo;Luz do Dia;Bom;Seca;Cruz;Pare;Comercial;0;0;1;1;0;0;0;0;0;0;0;0;-38,510152;-3,734594;;;
258025;10;10;2015;13:40;0;AV JOAO PESSOA;;;1340;;Colisão Transversal;Luz do Dia;Bom;Seca;Meio de Quadra;Pare;Residencial;0;1;1;0;0;0;0;0;0;1;0;0;;;;;
258026;10;10;2015;19:15;15211;AV ABOLICAO;RUA PAULA BARROS;;;;;Via Iluminada;Bom;Seca;Cruz;;Residencial;0;0;2;1;1;0;0;0;0;0;0;0;-38,492313;-3,726831;;;
258017;10;10;2015;20:20;0;AV PRS JUSCELINO KUBITSCHEK (PASSARÉ);;;3535;;Colisão Lateral;Via Iluminada;Bom;Seca;Meio de Quadra;Não Há Controle;Misto;0;0;2;1;0;0;0;0;0;1;0;0;-38,528713;-3,812249;;;
267874;10;10;2015;20:00;0;AV GODOFREDO MACIEL;;;;;Queda;;;;Meio de Quadra;;;0;1;0;0;0;0;0;0;0;1;0;0;-38,566568;-3,785705;;;
267875;10;10;2015;21:27;0;RUA RIO GRANDE DO SUL;;;420;;Atropelamento;;;;Meio de Quadra;;;1;0;1;0;0;0;0;0;0;1;0;0;-38,564025;-3,753087;;;
267870;10;10;2015;18:59;0;AV CONTORNO LESTE;;;;;Colisão;;;;Meio de Quadra;;;0;1;1;1;0;0;0;0;0;1;0;0;;;;;
265555;10;10;2015;00:13;9200;RUA DEP JOAO PONTES;RUA JAIME BENEVOLO;;;;Colisão;;;;Cruz;Pare;Misto;0;0;2;1;0;0;0;0;0;0;0;0;-38,530076;-3,746140;;;
265556;10;10;2015;18:03;0;AV VIS RIO BRANCO;;;;;Colisão;Anoitecer;;;Meio de Quadra;;;0;0;2;1;1;0;0;0;0;0;0;0;;;;;
273717;10;10;2015;12:30;17265;RUA SATIRO DIAS;RUA ALBERTO MAGNO;;;;Colisão Transversal;Luz do Dia;;;Cruz;Pare;Comercial;0;0;2;1;0;0;0;0;0;0;0;0;-38,547531;-3,762063;;;
271465;10;10;2015;00:21;22097;AV JOSE BASTOS;RUA JOAO SORONGO;;;;Colisão;;;;T;Pare;Comercial;0;0;2;0;0;0;0;0;0;0;0;0;-38,547696;-3,747244;;;
271466;10;10;2015;02:37;0;RUA CEL FRANCISCO RIBEIRO;;;;;Colisão;;;;Meio de Quadra;;;0;0;2;0;0;0;0;0;0;0;0;0;;;;;
271468;10;10;2015;03:07;0;AV AGUANAMBI;;;;;Choque c/ Obstáculo Fixo;;;;Meio de Quadra;;;0;0;2;0;0;0;0;0;0;0;0;0;;;;;
271469;10;10;2015;04:32;0;AV SANTOS DUMONT;;;;;Colisão;;;;Meio de Quadra;;;0;0;2;0;0;0;0;0;0;0;0;0;;;;;
271472;10;10;2015;04:42;0;AV PDE ANTONIO TOMAS;;;;;Choque c/ Obstáculo Fixo;;;;;;;0;0;1;0;0;0;0;0;0;0;0;0;;;;;
271474;10;10;2015;04:58;0;RUA MON CARNEIRO DA CUNHA;;;;;Choque c/ Obstáculo Fixo;;;;Meio de Quadra;;;0;0;1;0;0;0;0;0;0;0;0;0;;;;;
271476;10;10;2015;10:28;0;AV PALESTINA D68;;;;;Colisão;Luz do Dia;;;Meio de Quadra;;;0;0;2;0;0;0;0;0;0;0;0;0;;;;;
271483;10;10;2015;11:02;23493;RUA SABINO MONTE;RUA CARVALHO JUNIOR;;;;Colisão;Luz do Dia;;;Cruz;Pare;Residencial;0;0;2;0;0;0;0;0;0;0;0;0;-38,511538;-3,758605;;;
259917;10;10;2015;15:10;0;RD CE-040;;;;KM-07;Colisão;Luz do Dia;;Seca;Meio de Quadra;;;0;0;2;1;0;0;0;0;0;0;0;0;-38,483160;-3,817953;;;
259879;10;10;2015;04:10;0;RD CE-040;;;;KM-05;Capotamento;Via Iluminada;;Seca;Meio de Quadra;;;0;0;1;0;0;0;1;0;0;0;0;0;-38,480349;-3,790876;;;
259884;10;10;2015;08:50;0;RD CE-040;;;;KM-07;Colisão;Luz do Dia;;Seca;Meio de Quadra;;;0;0;2;1;0;0;0;0;0;1;0;0;-38,483160;-3,817953;;;
259888;10;10;2015;14:50;0;RD CE-040;;;;KM-07;Colisão;Luz do Dia;;Seca;Meio de Quadra;;;0;0;3;1;0;0;0;0;0;0;0;0;-38,483160;-3,817953;;;
271542;10;10;2015;23:21;15994;RUA GAL CORDEIRO NETO;RUA GAL ONOFRE;;;;Choque c/ Obstáculo Fixo;;;;T;;Residencial;0;0;1;0;0;0;0;0;0;0;0;0;-38,571154;-3,807851;;;
271538;10;10;2015;23:09;23684;RUA GABRIEL FIUZA;RUA COSTA FREIRE;;;;Colisão;;;;Cruz;Pare;Residencial;0;0;2;0;0;0;0;0;0;0;0;0;-38,579907;-3,787067;;;
271539;10;10;2015;23:12;3199;RUA VITAL BRASIL;RUA VERBENA;;;;Colisão;;;;Cruz;Semáforo;Comercial;0;0;2;0;0;0;0;0;0;0;0;0;-38,588650;-3,780666;;;
271529;10;10;2015;15:34;0;RUA WALDERY UCHOA;;;;;Colisão;Luz do Dia;;;Meio de Quadra;;;0;0;2;0;0;0;0;0;0;0;0;0;;;;;
271531;10;10;2015;15:50;0;RUA MON SALAZAR;;;;;Colisão;Luz do Dia;;;Meio de Quadra;;;0;0;2;0;0;0;0;0;0;0;0;0;;;;;
271532;10;10;2015;16:50;0;AV SEN VIRGILIO TAVORA;;;;;Colisão;Luz do Dia;;;Meio de Quadra;;;0;0;2;0;0;0;0;0;0;0;0;0;;;;;
271533;10;10;2015;17:36;9572;RUA JOSE TORRES;RUA OLIVEIRA SOBRINHO;;;;Colisão;Anoitecer;;;Cruz;Pare;Residencial;0;0;2;0;0;0;0;0;0;0;0;0;-38,606477;-3,777129;;;
271534;10;10;2015;20:26;9613;RUA MARTINS CARVALHO;RUA PAULINO ROCHA D32;;;;Colisão;;;;Cruz;Não Há Controle;Residencial;0;0;2;0;0;0;0;0;0;0;0;0;-38,626078;-3,788964;;;
271535;10;10;2015;22:01;3368;RUA AMAZONAS;RUA RIO GRANDE DO SUL;;;;Atropelamento;;;;Cruz;Pare;Residencial;0;0;2;0;0;0;0;0;0;0;0;0;-38,564164;-3,753306;;;
271536;10;10;2015;22:05;21537;RUA TULIPA NEGRA;RUA VICENTE CELESTINO;;;;Colisão;;;;Cruz;Outros;Residencial;0;0;2;0;0;0;0;0;0;0;0;0;-38,595226;-3,821117;;;
271526;10;10;2015;13:32;1658;RUA BENI DE CARVALHO;RUA MON CATAO;;;;Colisão;Luz do Dia;;;Cruz;Pare;Comercial;0;0;2;0;0;0;0;0;0;0;0;0;-38,493113;-3,746618;;;
271522;10;10;2015;13:00;0;AV SANTOS DUMONT;;;;;Colisão;Luz do Dia;;;Meio de Quadra;;;0;0;2;0;0;0;0;0;0;0;0;0;;;;;
271523;10;10;2015;13:15;0;AL CAMELIAS;;;;;Colisão;Luz do Dia;;;Meio de Quadra;;;0;0;2;0;0;0;0;0;0;0;0;0;;;;;
271518;10;10;2015;11:06;0;RUA TEN BENEVOLO;;;;;Colisão;Luz do Dia;;;Meio de Quadra;;;0;0;2;0;0;0;0;0;0;0;0;0;;;;;
271519;10;10;2015;12:32;5431;RUA GAL CLARINDO DE QUEIROZ;RUA BAR ARATANHA;;;;Colisão;Luz do Dia;;;Cruz;Não Há Controle;Comercial;0;0;2;0;0;0;0;0;0;0;0;0;-38,526693;-3,733844;;;
271520;10;10;2015;12:38;0;AV 13 DE MAIO;;;;;Colisão;Luz do Dia;;;Meio de Quadra;;;0;0;2;0;0;0;0;0;0;0;0;0;;;;;
268833;11;10;2015;04:00;0;RUA TEBAS;;;1331;;Atropelamento;;;;Meio de Quadra;;;1;0;1;1;0;0;0;0;0;0;0;0;;;;;
271544;11;10;2015;00:45;0;RUA BERNARDO MANUEL;;;;;Choque c/ Obstáculo Fixo;;;;Meio de Quadra;;;0;0;2;0;0;0;0;0;0;0;0;0;;;;;
271553;11;10;2015;04:31;3219;RUA EMILIO DE MENESES;RUA ANSELMO NOGUEIRA;;;;Colisão;;;;Cruz;Semáforo;Comercial;0;0;2;0;0;0;0;0;0;0;0;0;-38,587374;-3,781760;;;
271554;11;10;2015;04:33;0;RUA RENATO BRAGA;;;;;Colisão;;;;Meio de Quadra;;;0;0;2;0;0;0;0;0;0;0;0;0;;;;;
271555;11;10;2015;04:41;0;AV JOAO PESSOA;;;;;Colisão;;;;Meio de Quadra;;;0;0;2;0;0;0;0;0;0;0;0;0;;;;;
271556;11;10;2015;05:34;0;RUA SAO FRANCISCO D21;;;;;Choque c/ Obstáculo Fixo;Amanhecer;;;Meio de Quadra;;;0;0;1;0;0;0;0;0;0;0;0;0;;;;;
271558;11;10;2015;11:57;0;RUA FLORIANOPOLIS;;;;;Colisão;Luz do Dia;;;Meio de Quadra;;;0;0;2;0;0;0;0;0;0;0;0;0;;;;;
271551;11;10;2015;01:31;19820;AV JOVITA FEITOSA;RUA GAL PIRAGIBE;;;;Colisão;;;;Cruz;Semáforo;Residencial;0;0;2;0;0;0;0;0;0;0;0;0;-38,557484;-3,740049;;;
271575;11;10;2015;17:40;0;RUA VALPARAISO;;;;;Atropelamento;Anoitecer;;;Meio de Quadra;;;0;0;2;0;0;0;0;0;0;0;0;0;;;;;
271571;11;10;2015;16:02;0;RUA NOVO LAR;;;;;Choque c/ Obstáculo Fixo;Luz do Dia;;;Meio de Quadra;;;0;0;1;0;0;0;0;0;0;0;0;0;;;;;
271568;11;10;2015;13:18;0;AV LINEU MACHADO;;;;;Choque c/ Obstáculo Fixo;Luz do Dia;;;Meio de Quadra;;;0;0;1;0;0;0;0;0;0;0;0;0;;;;;
271569;11;10;2015;13:48;0;RUA URUCUTUBA;;;;;Colisão;Luz do Dia;;;Meio de Quadra;;;0;0;2;0;0;0;0;0;0;0;0;0;;;;;
271566;11;10;2015;12:47;25009;RUA TULIPA;RUA TEODOMIRO DE CASTRO;;;;Colisão;Luz do Dia;;;;;;0;0;2;0;0;0;0;0;0;0;0;0;-38,579975;-3,715652;;;
271564;11;10;2015;10:48;6112;AV A CJ CEARA;AV F CJ CEARA;;;;Colisão;Luz do Dia;;;Cruz;Não Há Controle;Misto;0;0;2;0;0;0;0;0;0;0;0;0;-38,603189;-3,767855;;;
271560;11;10;2015;10:44;0;RUA TRES ESTRELAS;;;;;Colisão;Luz do Dia;;;Meio de Quadra;;;0;0;2;0;0;0;0;0;0;0;0;0;;;;;
271562;11;10;2015;10:47;0;RUA CEL DIONISIO ALENCAR;;;;;Colisão;Luz do Dia;;;Meio de Quadra;;;0;0;2;0;0;0;0;0;0;0;0;0;;;;;
271546;11;10;2015;00:47;17326;RUA ALBERTO MAGNO;RUA ALAN KARDEC;;;;Colisão;;;;Cruz;Pare;Comercial;0;0;2;0;0;0;0;0;0;0;0;0;-38,549918;-3,764796;;;
271547;11;10;2015;01:28;0;AV PRO JOSE ARTHUR CARVALHO;;;;;Choque c/ Obstáculo Fixo;;;;Meio de Quadra;;;0;0;1;0;0;0;0;0;0;0;0;0;;;;;
271588;11;10;2015;23:32;0;RUA CON DE CASTRO;;;;;Colisão;;;;Meio de Quadra;;;0;0;2;0;0;0;0;0;0;0;0;0;;;;;
271586;11;10;2015;23:08;0;RUA SAO FRANCISCO UI 208;;;;;Colisão;;;;Meio de Quadra;;;0;0;2;0;0;0;0;0;0;0;0;0;;;;;
271579;11;10;2015;18:51;0;AV PRS COSTA E SILVA;;;;;Atropelamento;;;;Meio de Quadra;;;0;0;2;0;0;0;0;0;0;0;0;0;;;;;
271577;11;10;2015;18:03;0;AV GODOFREDO MACIEL;;;;;Atropelamento;Anoitecer;;;Meio de Quadra;;;0;0;2;0;0;0;0;0;0;0;0;0;;;;;
271583;11;10;2015;21:46;0;RUA PDE PEDRO DE ALENCAR;;;;;Colisão;;;;Meio de Quadra;;;0;0;2;0;0;0;0;0;0;0;0;0;;;;;
271584;11;10;2015;22:59;3856;RUA PDE FRANCISCO PINTO;AV DA UNIVERSIDADE;;;;Colisão;;;;Cruz;Semáforo Danificado;Comercial;0;0;2;0;0;0;0;0;0;0;0;0;-38,540777;-3,742799;;;
271581;11;10;2015;21:39;10860;RUA PORTO ALEGRE;RUA DES LUIS PAULINO;;;;Colisão;;;;;;;0;0;2;0;0;0;0;0;0;0;0;0;-38,579616;-3,765861;;;
267879;11;10;2015;00:58;0;RUA LUIS VIEIRA;;;;;Colisão;;;;Meio de Quadra;;;0;1;1;1;0;0;0;0;0;1;0;0;-38,585966;-3,797630;;;
267914;11;10;2015;02:32;0;AV LINEU MACHADO;;;;;Colisão;;;;Meio de Quadra;;;0;1;0;0;0;0;0;0;0;0;0;0;-38,574746;-3,761805;;;
267948;11;10;2015;06:18;0;AV WASHINGTON SOARES;;;;;Colisão;Luz do Dia;;;Meio de Quadra;;;0;1;0;0;0;0;0;0;0;0;0;0;;;;;
267939;11;10;2015;05:09;0;AV ZEZE DIOGO;;;;;Queda;Amanhecer;;;Meio de Quadra;;;0;1;0;0;0;0;0;0;0;1;0;0;;;;;
267935;11;10;2015;03:25;15271;RUA PEREIRA FILGUEIRAS;RUA ILDEFONSO ALBANO;;;;Colisão;;;;Cruz;Semáforo;Misto;0;1;1;1;0;0;0;0;0;1;0;0;-38,511864;-3,728706;;;
267937;11;10;2015;03:31;0;AV GODOFREDO MACIEL;;;4848;;Choque c/ Obstáculo Fixo;;;;Meio de Quadra;;;0;1;0;1;0;0;0;0;0;0;0;0;-38,575665;-3,818343;;;
267983;11;10;2015;21:46;0;RUA PDE PEDRO DE ALENCAR;;;;;Queda;;;;Meio de Quadra;;;0;1;0;0;0;0;0;0;0;1;0;0;-38,494803;-3,848328;;;
267984;11;10;2015;22:27;0;RUA JULIO BRAGA;;;;;Colisão;;;;Meio de Quadra;;;0;1;1;1;0;0;0;0;0;1;0;0;-38,582536;-3,774835;;;
267974;11;10;2015;18:02;19587;AV GODOFREDO MACIEL;RUA PRIMEIRO DE JANEIRO;;;;Atropelamento;Anoitecer;;;T;Outros;Comercial;0;1;1;1;0;0;0;0;0;0;0;0;-38,566283;-3,784762;;;
267977;11;10;2015;18:57;0;AV EDILSON B SOARES;;;;;Queda;;;;Meio de Quadra;;;0;1;0;0;0;0;0;0;0;1;0;0;-38,483772;-3,789728;;;
267979;11;10;2015;19:16;0;AV HILDEBRANDO DE MELO;;;;;Queda;;;;Meio de Quadra;;;0;1;0;0;0;0;0;0;0;1;0;0;;;;;
267980;11;10;2015;19:59;0;RUA JOAO RAMALHO;;;;;Atropelamento;;;;Meio de Quadra;;;0;1;1;0;0;0;0;0;0;1;0;0;;;;;
267951;11;10;2015;07:05;0;AV N CJ JOSE WALTER;;;;;Capotamento;Luz do Dia;;;Meio de Quadra;;;0;1;0;0;0;0;0;0;0;0;0;0;;;;;
267953;11;10;2015;09:18;5109;AV ALBERTO NEPOMUCENO;RUA DR JOAO MOREIRA;;;;Atropelamento;Luz do Dia;;;Cruz;Semáforo;Comercial;0;1;1;1;0;0;0;0;0;0;0;0;-38,524608;-3,723737;;;
267955;11;10;2015;10:38;17416;RUA ELVIRA PINHO;RUA EDITE BRAGA;;;;Colisão;Luz do Dia;;;Cruz;Pare;Residencial;0;1;0;0;0;0;0;0;0;0;0;0;-38,553552;-3,768064;;;
267957;11;10;2015;10:50;0;AV A CJ CEARA;;;;;Colisão;Luz do Dia;;;Meio de Quadra;;;0;1;1;1;0;0;0;0;0;1;0;0;-38,603263;-3,767890;;;
267962;11;10;2015;14:14;0;AV BEIRA MAR;;;;;Atropelamento;Luz do Dia;;;Meio de Quadra;;;0;1;1;1;0;0;0;0;0;0;0;0;;;;;
267964;11;10;2015;16:38;0;RUA VALPARAISO;;;;;Queda;Luz do Dia;;;Meio de Quadra;;;0;1;0;0;0;0;0;0;0;1;0;0;;;;;
267969;11;10;2015;17:13;12198;RUA JAMACARU;RUA JUA;;;;Colisão;Anoitecer;;;;;;0;1;0;0;0;0;0;0;0;0;0;0;-38,519558;-3,840147;;;
267998;11;10;2015;23:20;0;RUA MOZART FIRMEZA;;;;;Queda;;;;Meio de Quadra;;;0;1;0;0;0;0;0;0;0;1;0;0;;;;;
267996;11;10;2015;23:12;8930;RUA JUSTINIANO DE SERPA;AV DOMINGOS OLIMPIO;;;;Queda;;;;Outros;Semáforo;Residencial;0;1;0;0;0;0;0;0;0;1;0;0;-38,542468;-3,733011;;;
258086;11;10;2015;10:35;0;RUA MAJ FACUNDO;;;44;;Colisão Lateral;Luz do Dia;Bom;Seca;Meio de Quadra;Faixa de pedestre;Comercial;0;0;2;1;0;0;0;0;0;0;0;0;-38,526457;-3,723318;;;
258100;11;10;2015;16:00;3891;AV EDUARDO GIRAO;RUA MAJ LAURINDO;;;;Choque c/ Obstáculo Fixo;Luz do Dia;Bom;Seca;;Outros;Misto;0;0;1;0;0;0;0;0;0;0;0;0;-38,540162;-3,748246;;;
258098;11;10;2015;13:30;0;AV GOV RAUL BARBOSA;;;300;;Colisão;Luz do Dia;Bom;Seca;Meio de Quadra;Não Há Controle;Misto;0;1;1;1;0;0;0;0;0;0;0;0;-38,504555;-3,756858;;;
258107;11;10;2015;09:20;0;RUA JOSE VILAR;;;196;;Colisão Lateral;Luz do Dia;Nublado;Seca;Meio de Quadra;Pare;Residencial;0;0;2;1;0;0;0;0;0;0;0;0;;;;;
258112;11;10;2015;05:00;2458;AV CEL CARVALHO;RUA VIA PARQUE VL VELHA I;;;;Choque c/ Obstáculo Fixo;Luz do Dia;Bom;Seca;T;Pare;Residencial;1;1;1;1;0;0;0;0;0;0;0;0;-38,590486;-3,707516;;;
258115;11;10;2015;14:00;13381;RUA JOAO CORDEIRO;RUA JOAO BRIGIDO;;;;Colisão Lateral;Luz do Dia;Bom;Seca;Cruz;Semáforo;Residencial;0;1;1;0;0;0;0;0;0;1;0;0;-38,517870;-3,739927;;;
258102;11;10;2015;18:00;22886;RUA BERNARDO MANUEL;RUA INACIO PARENTE;;;;Colisão Frontal;Via Iluminada;Bom;;Cruz;Semáforo;Comercial;0;1;3;1;0;0;0;0;1;0;0;0;-38,546074;-3,781268;;;
258109;11;10;2015;19:20;0;AV BAR STUDART;;;1980;;Colisão Lateral;Via Iluminada;Bom;Seca;Meio de Quadra;Não Há Controle;Residencial;0;0;2;1;1;0;0;0;0;0;0;0;-38,508605;-3,740860;;;
258110;11;10;2015;17:50;0;AV AGUANAMBI;;;;;;;Bom;Seca;Meio de Quadra;Semáforo;Comercial;0;0;2;1;0;0;0;0;0;0;0;0;;;;;
258129;11;10;2015;22:10;22937;AV DR SILAS MUNGUBA;RUA GOV JOAO CARLOS;;;;Colisão Transversal;Via Iluminada;Bom;Seca;T;Semáforo;Comercial;0;1;1;1;0;0;0;0;0;1;0;0;-38,553910;-3,783950;;;
258117;11;10;2015;10:00;0;RUA JOAQUIM NABUCO;;;250;;Colisão Transversal;Luz do Dia;Bom;Seca;Meio de Quadra;;Residencial;0;0;2;1;0;0;1;0;0;0;0;0;-38,498790;-3,727465;;;
258124;11;10;2015;06:30;12988;RUA BERNARDO MANUEL;RUA 22 CJ JOSE WALTER;;;;Colisão Traseira;Luz do Dia;Nublado;Seca;Duplo T;Pare;Misto;0;1;1;1;0;0;0;0;0;0;0;0;-38,558882;-3,824517;;;
258132;11;10;2015;12:05;0;AV PRS COSTA E SILVA;;;978;;Colisão;Luz do Dia;Bom;Seca;Meio de Quadra;Semáforo;Residencial;0;1;1;0;1;0;0;0;0;0;0;0;-38,570633;-3,813161;;;
258183;11;10;2015;18:45;0;AV PENETRACAO NORTE SUL;;;227;;Outros;Via Iluminada;Bom;Seca;Meio de Quadra;;;0;1;1;0;0;0;0;0;0;0;0;0;-38,591573;-3,812953;;;
258180;11;10;2015;12:00;18404;AV GOV PARSIFAL BARROSO;AV SGT HERMINIO SAMPAIO;;;;Colisão Lateral Sentido Oposto;Luz do Dia;Bom;Seca;Cruz;Semáforo;Comercial;0;1;1;1;0;0;0;0;0;1;0;0;-38,569276;-3,727916;;;
258170;11;10;2015;05:20;0;RUA DR PAULO MARCELO;;;;;Colisão Frontal;Amanhecer;Chuva;Molhada;Meio de Quadra;Gesto;Residencial;0;2;0;1;0;0;0;0;0;0;0;0;;;;;
258176;11;10;2015;17:20;5265;RUA VINTE E QUATRO DE MAIO;RUA PEDRO PEREIRA;;;;Colisão Transversal;Luz do Dia;Bom;Seca;Cruz;Pare;Comercial;0;1;2;1;0;0;0;0;1;0;0;0;-38,532486;-3,728400;;;
258161;12;10;2015;18:50;542;AV FRANCISCO SA;RUA TOMAS GONZAGA;;;;Colisão Transversal;Via Iluminada;Bom;Seca;T;Não Há Controle;Comercial;0;0;2;1;0;0;0;0;0;1;0;0;-38,569195;-3,713367;;;
258162;12;10;2015;15:40;0;RUA MIGUEL ARAGAO;;;;;Colisão Transversal;Luz do Dia;Bom;Seca;Meio de Quadra;Não Há Controle;Residencial;0;0;2;1;0;0;0;0;0;0;0;0;;;;;
258163;12;10;2015;10:30;10066;RUA ANTONIO NERY;RUA HUMBERTO LOMEU;;;;Colisão Transversal;Luz do Dia;Bom;Seca;Cruz;Não Há Controle;Residencial;0;1;1;0;0;0;0;0;0;1;0;0;-38,601352;-3,782337;;;