COD_ACIDENTE;DIA;MES;ANO;HORA;INTERSECAO;LOG1;LOG2;LOG3;NUMERO;REFERENCIA;NATUREZA;ILUMINACAO;TEMPO;SUPERFICIEPISTA;TIPOCRUZAMENTO;CONTROLETRAFEGO;USOSOLO;MORTOS;FERIDOS;ILESOS;AUTOMOVEL;ONIBUS;BICICLETA;CAMINHAO;MICROONIBUS;CICLOMOTOR;MOTOCICLETA;TRACAOANIMAL;TREM;LONG;LAT;;;
258133;12;10;2015;11:20;15195;AV ABOLICAO;RUA JOSE NAPOLEAO;;;;Colisão;Luz do Dia;Bom;Seca;Cruz;Semáforo Manual;Comercial;0;0;2;1;1;0;0;0;0;0;0;0;-38,490302;-3,726523;;;
258128;12;10;2015;21:40;0;AV JOR THOMAZ COELHO;;;1420;;Colisão Lateral;Via Iluminada;Bom;Seca;Meio de Quadra;;;0;1;1;1;0;0;0;0;0;1;0;0;-38,507865;-3,830230;;;
258119;12;10;2015;10:00;18556;RUA UMARIZEIRA;RUA VICENTE CELESTINO;;;;Colisão Transversal;Luz do Dia;Bom;Seca;Cruz;Não Há Controle;Residencial;0;1;2;1;0;0;0;0;0;1;0;0;-38,596145;-3,822501;;;
258149;12;10;2015;09:00;0;AV JOSE BASTOS;;;3770;;Colisão Traseira;Luz do Dia;Bom;Seca;Meio de Quadra;Semáforo;Comercial;0;0;3;1;0;0;0;0;0;0;0;0;-38,551867;-3,751411;;;
258146;12;10;2015;14:35;1360;RUA JOAQUIM NABUCO;RUA DES LEITE ALBUQUERQUE;;;;;Luz do Dia;Bom;Seca;Cruz;Pare;Comercial;0;0;2;1;0;0;0;0;0;0;0;0;-38,501621;-3,736273;;;
258147;12;10;2015;21:00;19137;RUA BATISTA DE OLIVEIRA;RUA ANDRE DALL OLIO;;;;;Via Iluminada;Bom;Seca;Cruz;Gesto;Residencial;0;0;2;1;0;0;0;0;0;0;0;0;-38,477454;-3,739190;;;
258143;12;10;2015;14:00;0;RUA PERNAMBUCO;;;2573;;Colisão;Luz do Dia;Bom;Seca;Meio de Quadra;Não Há Controle;Residencial;1;1;1;1;0;0;0;0;0;1;0;0;-38,577464;-3,752113;;;
258136;12;10;2015;08:30;12925;AV DOMINGOS OLIMPIO;AV AGUANAMBI;;;;Colisão Lateral;Luz do Dia;Bom;Seca;Cruz;Semáforo;Comercial;0;0;2;1;0;0;0;0;0;1;0;0;-38,524628;-3,738683;;;
258137;12;10;2015;18:30;5091;RUA GAL SAMPAIO;RUA CASTRO E SILVA;;;;Colisão Lateral;Anoitecer;Bom;Seca;Cruz;Semáforo;Comercial;0;4;0;1;0;0;0;0;0;0;0;0;-38,529670;-3,723098;;;
258138;12;10;2015;17:12;1277;RUA TIBURCIO CAVALCANTE;RUA COSTA BARROS;;;;Choque c/ Obstáculo Fixo;Anoitecer;Bom;Seca;T;Não Há Controle;Misto;0;0;1;1;0;0;0;0;0;0;0;0;-38,501794;-3,733549;;;
258139;12;10;2015;11:15;1393;AV RUI BARBOSA;RUA JOAO CARVALHO;;;;Colisão Lateral;Luz do Dia;Bom;Seca;Cruz;Semáforo;Residencial;0;0;2;1;0;0;0;0;0;0;0;0;-38,509731;-3,736928;;;
258151;12;10;2015;09:20;25719;RUA HOLANDA;RUA BELGICA;;;;Colisão Lateral;Luz do Dia;Bom;Seca;Outros;Pare;Residencial;0;1;1;0;1;0;0;0;0;1;0;0;-38,566597;-3,791938;;;
258152;12;10;2015;17:50;15283;RUA PEREIRA FILGUEIRAS;RUA BAR ARACATI;;;;Colisão Transversal;Anoitecer;Bom;Seca;Cruz;Pare;Misto;0;1;1;1;0;0;0;0;0;0;0;0;-38,510707;-3,729076;;;
258111;12;10;2015;13:10;12455;AV SEN FERNANDES TAVORA;RUA RIO GRANDE DO SUL;;;;Colisão Transversal;Luz do Dia;Bom;Seca;T;Semáforo;Comercial;0;2;1;0;0;0;0;0;0;1;0;0;-38,572159;-3,768083;;;
258103;12;10;2015;17:50;15821;AV JOR THOMAZ COELHO;RUA ANGELICA GURGEL;;;;Colisão Lateral;Anoitecer;Bom;Seca;T;Pare;Comercial;0;0;2;1;0;0;1;0;0;0;0;0;-38,499058;-3,832400;;;
258108;12;10;2015;17:10;3771;AV DOMINGOS OLIMPIO;AV DA UNIVERSIDADE;;;;Colisão Transversal;Anoitecer;Bom;Seca;Cruz;Semáforo;Residencial;1;1;1;0;0;0;0;0;0;1;0;0;-38,534216;-3,735594;;;
267999;12;10;2015;00:29;0;RUA VALPARAISO;;;;;Queda;;;;Meio de Quadra;;;0;1;0;0;0;0;0;0;0;1;0;0;-38,527838;-3,842542;;;
268002;12;10;2015;02:37;0;RUA OSCAR ARARIPE;;;;;Colisão;;;;Meio de Quadra;;;0;1;1;1;0;0;0;0;0;1;0;0;-38,603030;-3,790011;;;
268004;12;10;2015;10:36;0;RUA JOSE JULIO FEITOSA;;;;;Queda;Luz do Dia;;;Meio de Quadra;;;0;1;0;0;0;1;0;0;0;0;0;0;;;;;
268011;12;10;2015;13:34;0;RUA OSCAR FRANCA;;;;;Colisão;Luz do Dia;;;Meio de Quadra;;;0;1;1;1;0;0;0;0;0;1;0;0;-38,617011;-3,786292;;;
268020;12;10;2015;16:18;0;RUA TIBURCIO CAVALCANTE;;;;;Colisão;Luz do Dia;;;Meio de Quadra;;;0;1;0;0;0;0;0;0;0;0;0;0;;;;;
268021;12;10;2015;17:21;0;RUA PERGENTINO MAIA;;;;;Colisão;Anoitecer;;;Meio de Quadra;;;0;1;0;0;0;0;0;0;0;0;0;0;;;;;
268022;12;10;2015;23:22;0;RUA ESTADO DO RIO;;;;;Queda;;;;Meio de Quadra;;;0;1;0;0;0;0;0;0;0;1;0;0;-38,568053;-3,754069;;;
265557;12;10;2015;02:41;5100;AV DOM MANUEL;AV MON TABOSA;;;;Colisão;;;;Cruz;Semáforo;Comercial;0;0;2;1;0;0;0;0;0;0;0;0;-38,519439;-3,723554;;;
271593;12;10;2015;15:25;0;AV SEN FERNANDES TAVORA;;;;;Colisão;Luz do Dia;;;Meio de Quadra;;;0;0;2;0;0;0;0;0;0;0;0;0;;;;;
271590;12;10;2015;00:25;0;RUA VALPARAISO;;;;;Choque c/ Obstáculo Fixo;;;;Meio de Quadra;;;0;0;1;0;0;0;0;0;0;0;0;0;;;;;
271595;12;10;2015;15:36;0;RUA VALPARAISO;;;;;Colisão;Luz do Dia;;;Meio de Quadra;;;0;0;2;0;0;0;0;0;0;0;0;0;;;;;
271597;12;10;2015;16:58;0;AV BEZERRA DE MENEZES;;;;;Colisão;Luz do Dia;;;Meio de Quadra;;;0;0;2;0;0;0;0;0;0;0;0;0;;;;;
271598;12;10;2015;23:56;0;RUA RIO GRANDE DO NORTE;;;;;Colisão;;;;Meio de Quadra;;;0;0;2;0;0;0;0;0;0;0;0;0;;;;;
259923;12;10;2015;15:45;0;RD CE-040;;;;KM-03;Choque c/ Obstáculo Fixo;Luz do Dia;;Seca;Meio de Quadra;;;0;0;1;1;0;0;0;0;0;0;0;0;-38,481014;-3,783185;;;
259928;13;10;2015;13:40;0;AV SEN CARLOS JEREISSATI (AEROPORTO);;;;KM 02;Colisão;Luz do Dia;Bom;Seca;Meio de Quadra;;;0;0;2;1;0;0;0;0;0;0;0;0;-38,529156;-3,783932;;;
259931;13;10;2015;15:45;0;RD CE-040;;;;KM-10;Colisão;Luz do Dia;;Seca;Meio de Quadra;;;0;0;2;1;0;0;0;0;0;0;0;0;-38,480068;-3,838671;;;
259946;13;10;2015;17:20;0;AV SEN CARLOS JEREISSATI (AEROPORTO);;;;KM 03;Colisão;Anoitecer;;Seca;Meio de Quadra;;;0;0;2;1;0;0;0;0;0;0;0;0;-38,541414;-3,780382;;;
259939;13;10;2015;16:45;0;RD CE-025;;;;KM-01;Colisão;Luz do Dia;;Seca;Meio de Quadra;;;0;0;2;1;0;0;0;0;0;0;0;0;-38,470976;-3,807681;;;
271603;13;10;2015;08:26;0;AV PRS COSTA E SILVA;;;;;Colisão;Luz do Dia;;;Meio de Quadra;;;0;0;2;0;0;0;0;0;0;0;0;0;;;;;
271604;13;10;2015;10:13;0;RUA CEL DIONISIO ALENCAR;;;;;Colisão;Luz do Dia;;;Meio de Quadra;;;0;0;2;0;0;0;0;0;0;0;0;0;;;;;
271605;13;10;2015;11:20;12787;RUA ANA NERY;RUA EDITE BRAGA;;;;Colisão;Luz do Dia;;;Cruz;Pare;Residencial;0;0;2;0;0;0;0;0;0;0;0;0;-38,541881;-3,753945;;;
271614;13;10;2015;15:44;13233;AV F CJ JOSE WALTER;AV L CJ JOSE WALTER;;;;Colisão;Luz do Dia;;;Cruz;Pare;Residencial;0;0;2;0;0;0;0;0;0;0;0;0;-38,558805;-3,835328;;;
271611;13;10;2015;15:05;0;RUA TEODORO DE CASTRO;;;;;Colisão;Luz do Dia;;;Meio de Quadra;;;0;0;2;0;0;0;0;0;0;0;0;0;;;;;
271607;13;10;2015;11:55;0;AV BEZERRA DE MENEZES;;;;;Colisão;Luz do Dia;;;Meio de Quadra;;;0;0;2;0;0;0;0;0;0;0;0;0;;;;;
271608;13;10;2015;14:26;0;RUA COS ARAUJO LIMA;;;;;Colisão;Luz do Dia;;;Meio de Quadra;;;0;0;2;0;0;0;0;0;0;0;0;0;;;;;
271600;13;10;2015;00:36;15205;RUA OSVALDO CRUZ (ALDEOTA);AV ABOLICAO;;;;Colisão;;;;Cruz;Não Há Controle;Residencial;0;0;2;0;0;0;0;0;0;0;0;0;-38,497445;-3,726690;;;
271616;13;10;2015;18:08;0;AV PERIMETRAL;;;;;Colisão;Anoitecer;;;Meio de Quadra;;;0;0;2;0;0;0;0;0;0;0;0;0;;;;;
271618;13;10;2015;22:04;0;AV PRS COSTA E SILVA;;;;;Colisão;;;;Meio de Quadra;;;0;0;2;0;0;0;0;0;0;0;0;0;;;;;
265558;13;10;2015;15:05;15353;RUA PEREIRA VALENTE;RUA BARBOSA DE FREITAS;;;;Colisão;Luz do Dia;;;Cruz;Pare;Residencial;0;0;2;1;0;0;1;0;0;0;0;0;-38,496080;-3,732578;;;
265560;13;10;2015;17:38;0;AV GODOFREDO MACIEL;;;;;Colisão;Anoitecer;;;Meio de Quadra;;;0;0;2;1;0;0;0;1;0;0;0;0;;;;;
265561;13;10;2015;18:00;0;AV PERIMETRAL;;;;;Colisão;Anoitecer;;;Meio de Quadra;;;0;0;2;1;0;0;1;0;0;0;0;0;;;;;
265562;13;10;2015;18:40;0;AV OLIVEIRA PAIVA;;;;;Colisão;;;;Meio de Quadra;;;0;0;2;1;0;0;0;0;0;0;0;0;;;;;
268023;13;10;2015;00:15;0;RUA RIO GRANDE DO NORTE;;;;;Colisão;;;;Meio de Quadra;;;0;1;0;0;0;0;0;0;0;0;0;0;;;;;
268024;13;10;2015;08:03;0;AV AUGUSTO DOS ANJOS;;;;;Colisão;Luz do Dia;;;Meio de Quadra;;;0;1;1;1;0;0;0;0;0;1;0;0;-38,572751;-3,772994;;;
268025;13;10;2015;08:33;0;RUA FRANCO ROCHA;;;;;Colisão;Luz do Dia;;;Meio de Quadra;;;0;1;1;1;0;0;0;0;0;1;0;0;-38,582241;-3,753472;;;
268026;13;10;2015;14:24;7335;RUA COS ARAUJO LIMA;RUA MACAPA;;;;Queda;Luz do Dia;;;;;;0;1;0;0;0;0;0;0;0;1;0;0;-38,590096;-3,750036;;;
268027;13;10;2015;15:04;0;RUA ANTONIO MARTINS;;;;;Colisão;Luz do Dia;;;Meio de Quadra;;;0;1;1;1;0;0;0;0;0;1;0;0;-38,557002;-3,751015;;;
268028;13;10;2015;15:25;0;RUA GASTAO JUSTA;;;;;Colisão;Luz do Dia;;;Meio de Quadra;;;0;1;1;1;0;0;0;0;0;1;0;0;;;;;
268029;13;10;2015;15:38;0;AV BEZERRA DE MENEZES;;;;;Atropelamento;Luz do Dia;;;Meio de Quadra;;;0;1;1;0;0;0;0;0;0;1;0;0;-38,553851;-3,733471;;;
268030;13;10;2015;16:23;0;RUA SAO FRANCISCO D34;;;;;Colisão;Luz do Dia;;;Meio de Quadra;;;0;1;0;0;0;0;0;0;0;0;0;0;-38,588841;-3,784257;;;
268031;13;10;2015;17:15;0;AV ALBERTO CRAVEIRO;;;;;Atropelamento;Anoitecer;;;Meio de Quadra;;;0;1;1;1;0;0;0;0;0;0;0;0;;;;;
268032;13;10;2015;17:22;0;RUA PRO LINO ENCARNACAO;;;;;Colisão;Anoitecer;;;Meio de Quadra;;;0;1;1;1;0;0;0;0;0;1;0;0;-38,559580;-3,746440;;;
268033;13;10;2015;20:45;0;RUA BOA VISTA;;;;;Colisão;;;;Meio de Quadra;;;0;1;1;1;0;0;0;0;0;1;0;0;-38,584007;-3,770135;;;
268042;13;10;2015;22:12;0;AV PERIMETRAL;;;;;Colisão;;;;Meio de Quadra;;;0;1;0;0;0;0;0;0;0;0;0;0;;;;;
268037;13;10;2015;20:49;0;RD BR 116;;;2000;KM-02;Colisão;;;;Meio de Quadra;;;0;1;1;1;0;0;0;0;0;1;0;0;-38,516780;-3,771391;;;
258015;13;10;2015;17:50;0;AV ALBERTO CRAVEIRO;;;2770;CASTELAO;Atropelamento;Anoitecer;Bom;Seca;Meio de Quadra;Não Há Controle;Comercial;0;1;1;1;0;0;0;0;0;0;0;0;-38,523255;-3,805335;;;
258155;13;10;2015;16:30;1230;RUA COSTA BARROS;RUA BAR ARACATI;;;;Colisão Lateral;Luz do Dia;Bom;Seca;Cruz;Pare;Comercial;0;1;1;0;0;0;0;0;0;1;0;0;-38,511153;-3,730488;;;
258144;13;10;2015;09:30;25161;RUA RUFINO DE ALENCAR;TR SAO JOSE;;;;Colisão Traseira;Luz do Dia;Bom;;T;Outros;Comercial;0;0;2;1;0;0;0;0;0;0;0;0;;;;;
258148;13;10;2015;01:00;15145;AV BAR STUDART;AV HIS RAIMUNDO GIRAO;;;;Colisão Transversal;Via Iluminada;Bom;;Cruz;Semáforo;Residencial;0;0;2;1;0;0;0;0;0;0;0;0;-38,503367;-3,724494;;;
258177;13;10;2015;02:00;0;RUA CARLOS VASCONCELOS;;;1193;;Choque c/ Obstáculo Fixo;Via Iluminada;Bom;Seca;Meio de Quadra;Não Há Controle;Comercial;0;0;2;1;0;0;0;0;0;0;0;0;-38,510515;-3,732119;;;
258178;13;10;2015;14:00;0;AV JOSE BASTOS;;;2736;;Colisão Lateral;Luz do Dia;Bom;Seca;Meio de Quadra;Outros;Comercial;0;0;2;1;0;0;1;0;0;0;0;0;-38,544940;-3,744525;;;
258171;13;10;2015;13:00;0;AV ABOLICAO;;;1810;;Engavetamento;Luz do Dia;Bom;Seca;Meio de Quadra;Semáforo;Comercial;0;0;3;1;0;0;0;0;0;0;0;0;-38,502930;-3,724941;;;
258181;13;10;2015;14:40;0;RUA BAR RIO BRANCO;;;;;Colisão Traseira;Luz do Dia;Bom;Seca;Meio de Quadra;Outros;Comercial;0;0;2;1;0;0;0;0;0;0;0;0;;;;;
258175;13;10;2015;14:30;19540;RUA JULIO GASPAR;RUA CASIMIRO DE ABREU;;;;Colisão Transversal;Luz do Dia;Bom;Seca;Cruz;Pare;Residencial;0;0;2;1;0;0;0;0;0;0;0;0;-38,563108;-3,782426;;;
258195;13;10;2015;10:20;0;RUA ERICO MOTA;;;1020;;Colisão Lateral;Luz do Dia;Bom;Seca;Meio de Quadra;Não Há Controle;Residencial;0;0;2;1;0;0;0;0;0;0;0;0;;;;;
258192;13;10;2015;18:00;5438;RUA METON DE ALENCAR;RUA ASSUNCAO;;;;Colisão Transversal;Via Iluminada;Bom;Seca;Cruz;Pare;Comercial;0;2;1;1;0;0;0;0;0;1;0;0;-38,528594;-3,734332;;;
258202;13;10;2015;09:45;0;AV ENG ALBERTO SA;;;1060;;Colisão Lateral;Luz do Dia;Bom;Seca;Meio de Quadra;Outros;Residencial;0;0;2;1;0;0;0;0;0;0;0;0;-38,473367;-3,735256;;;
258205;13;10;2015;14:00;3956;RUA JULIO CESAR D12;RUA PEDRO MACHADO;;;;Colisão Transversal;Luz do Dia;Bom;Seca;Cruz;Pare;Residencial;0;0;3;1;0;0;0;0;0;0;0;0;-38,548095;-3,756102;;;
258209;13;10;2015;11:20;0;RUA TERTULIANO SALES;;;105;;Colisão Lateral;Luz do Dia;Bom;Seca;Meio de Quadra;Não Há Controle;Comercial;0;0;2;1;0;0;0;0;0;0;0;0;;;;;
258211;13;10;2015;14:00;0;AV AGUANAMBI;;;;;Colisão Lateral;Luz do Dia;Bom;Seca;Meio de Quadra;Não Há Controle;Comercial;0;0;2;1;0;0;0;0;0;0;0;0;;;;;
258227;13;10;2015;08:30;1432;AV SANTOS DUMONT;AV SEN VIRGILIO TAVORA;;;;Queda;Luz do Dia;Bom;Seca;Cruz;Semáforo;Comercial;0;1;0;0;0;0;0;0;0;1;0;0;-38,493482;-3,737828;;;
258225;13;10;2015;16:30;0;AV AUGUSTO DOS ANJOS;;;902;;Colisão Lateral;Luz do Dia;Bom;Seca;Meio de Quadra;Semáforo;Comercial;0;1;1;0;0;0;0;0;0;1;0;0;-38,575233;-3,775714;;;
258241;13;10;2015;22:00;12404;AV SEN FERNANDES TAVORA;AV LINEU MACHADO;;;;Engavetamento;Via Iluminada;Bom;Seca;Cruz;Não Há Controle;Comercial;0;1;3;1;0;0;0;0;0;0;0;0;-38,576540;-3,765199;;;
258230;13;10;2015;19:53;0;RUA BERNARDO MANUEL;;;7560;;Colisão Traseira;Via Iluminada;Bom;Seca;Meio de Quadra;;Comercial;0;0;2;1;0;0;0;0;0;0;0;0;-38,547004;-3,784331;;;
258219;13;10;2015;07:20;0;RUA PRO VIRGILIO DE MORAIS;;;487;;Outros;Luz do Dia;Bom;Seca;Meio de Quadra;Não Há Controle;Comercial;0;1;2;0;0;0;0;0;0;1;0;0;-38,596944;-3,752791;;;
258232;13;10;2015;07:50;0;RUA BERNARDO MANUEL;;;;;Engavetamento;Luz do Dia;Bom;Seca;Meio de Quadra;Pare;Comercial;0;0;3;1;0;0;0;0;0;0;0;0;;;;;
259988;13;10;2015;21:45;0;RD CE-040;;;;KM-10;Colisão;Via Iluminada;;Seca;Meio de Quadra;;;0;0;2;1;0;0;0;0;0;0;0;0;-38,480068;-3,838671;;;
259994;14;10;2015;07:30;0;RD CE-040;;;;KM-07;Colisão;Luz do Dia;;Seca;Meio de Quadra;;;0;0;2;1;0;0;0;0;0;0;0;0;-38,483160;-3,817953;;;
259997;14;10;2015;11:30;0;RD CE-040;;;;KM-03;Colisão;Luz do Dia;;Seca;Meio de Quadra;;;0;0;2;1;1;0;0;0;0;0;0;0;-38,481014;-3,783185;;;
259990;14;10;2015;07:50;0;AV SEN CARLOS JEREISSATI (AEROPORTO);;;;KM 03;Colisão;Luz do Dia;;Seca;Meio de Quadra;;;0;0;3;1;0;0;0;0;0;0;0;0;-38,541414;-3,780382;;;
259999;14;10;2015;18:50;0;RD CE-040;;;;KM-07;Colisão;Via Iluminada;;Seca;Meio de Quadra;;;0;0;2;1;0;0;0;0;0;1;0;0;-38,483160;-3,817953;;;
260000;14;10;2015;21:00;0;RD CE-040;;;;KM-04;Colisão;Via Iluminada;;Seca;Meio de Quadra;;;0;0;2;1;0;0;0;0;0;0;0;0;-38,480251;-3,792050;;;
258220;14;10;2015;16:00;5246;RUA PEREIRA FILGUEIRAS;RUA GONCALVES LEDO;;;;Colisão Transversal;Luz do Dia;Bom;Seca;Cruz;Pare;Comercial;1;1;1;1;0;0;0;0;0;0;0;0;-38,515004;-3,727667;;;
258221;14;10;2015;09:00;0;AV DES FELICIANO DE ATAIDE (JD DAS OLIVEIRAS);;;2309;;Colisão Traseira;Luz do Dia;Bom;Seca;Meio de Quadra;Pare;Residencial;0;0;5;1;0;0;1;0;0;0;0;0;;;;;
258217;14;10;2015;20:40;13534;AV SORIANO ALBUQUERQUE;RUA JOAO CORDEIRO;;;;Colisão Transversal;Via Iluminada;Bom;Seca;Cruz;Pare;Residencial;0;0;2;1;0;0;0;0;0;0;0;0;-38,519458;-3,747871;;;
258218;14;10;2015;18:40;1555;RUA VICENTE LINHARES;RUA OSVALDO CRUZ (ALDEOTA);;;;Colisão Transversal;Anoitecer;Bom;Seca;Cruz;Pare;Misto;0;1;1;1;0;0;0;0;0;1;0;0;-38,502221;-3,741502;;;
258223;14;10;2015;08:50;3988;AV PRO GOMES DE MATOS;RUA AFRODISIO GONDIM;;;;Colisão Lateral;Luz do Dia;Bom;Seca;Cruz;Não Há Controle;Comercial;0;0;2;1;0;0;0;0;0;0;0;0;-38,543675;-3,758895;;;
258224;14;10;2015;07:50;24362;RUA JORGE ACURCIO;RUA EPAMINONDAS FROTA;;;;Colisão Frontal;Luz do Dia;Bom;Seca;Duplo T;Pare;Residencial;0;2;0;0;0;0;0;0;0;1;0;0;-38,532070;-3,766035;;;
258226;14;10;2015;22:00;1383;RUA MON CATAO;RUA MARCOS MACEDO;;;;Colisão Transversal;Via Iluminada;Bom;Seca;Cruz;Pare;Misto;0;0;2;1;0;0;0;0;0;0;0;0;-38,489930;-3,736772;;;
258213;14;10;2015;16:40;14682;AV OLIVEIRA PAIVA;RUA DR JOSE FURTADO;;;;Colisão Lateral;Luz do Dia;Bom;Seca;Cruz;Semáforo;Comercial;0;1;1;1;0;0;0;0;0;1;0;0;-38,488224;-3,796189;;;
258215;14;10;2015;15:30;4615;RUA CRISANTO M DA ROCHA;RUA JOSE ANASTACIO DIAS;;;;Colisão Transversal;Luz do Dia;Bom;Seca;Cruz;Pare;Comercial;0;0;2;1;0;0;0;0;0;0;0;0;-38,480432;-3,797667;;;
258207;14;10;2015;14:10;7754;AV ANTONIO SALES;RUA JOSE VILAR;;;;Colisão Lateral;Luz do Dia;Bom;Seca;Cruz;Semáforo;Comercial;0;0;2;1;0;0;0;0;0;0;0;0;-38,507303;-3,743929;;;
258203;14;10;2015;08:00;0;RUA STA MARLUCIA;;;341;;Colisão Traseira;Luz do Dia;Bom;Seca;Meio de Quadra;Não Há Controle;Residencial;0;0;2;1;0;0;0;1;0;0;0;0;-38,582600;-3,805251;;;
258204;14;10;2015;13:30;11011;RUA GALILEU;RUA EQUADOR;;;;Colisão Lateral;Luz do Dia;Bom;Seca;Cruz;Pare;Misto;0;1;1;1;0;0;0;0;0;0;0;0;-38,553113;-3,776242;;;
258197;14;10;2015;14:30;1538;AV PDE ANTONIO TOMAS;RUA LEONARDO MOTA;;;;Colisão Traseira;Luz do Dia;Bom;Seca;Cruz;Semáforo;Comercial;0;0;2;1;0;0;0;0;0;0;0;0;-38,497662;-3,740811;;;
258198;14;10;2015;15:40;0;RUA GAL SAMPAIO;;;1348;;Colisão Lateral;;Bom;Seca;Meio de Quadra;Semáforo;Comercial;0;0;2;1;1;0;0;0;0;0;0;0;-38,531729;-3,730087;;;
258199;14;10;2015;14:45;5340;AV DUQ CAXIAS;RUA VINTE E QUATRO DE MAIO;;;;Colisão Transversal;;Bom;Seca;Cruz;Semáforo;Comercial;0;1;1;1;0;0;0;0;0;1;0;0;-38,533230;-3,730708;;;
258200;14;10;2015;12:40;0;AV 13 DE MAIO;;;1922;;Colisão Lateral;Luz do Dia;Bom;Seca;Meio de Quadra;Semáforo Intermitente;Comercial;0;0;2;1;0;0;1;0;0;0;0;0;-38,534903;-3,744567;;;
258188;14;10;2015;15:00;6724;AV SANTOS DUMONT;AV ENG SANTANA JUNIOR;;;;Colisão;Luz do Dia;Bom;Seca;Cruz;Pare;Comercial;0;0;2;1;0;0;1;0;0;0;0;0;-38,485132;-3,740506;;;
258184;14;10;2015;14:45;0;AV AUGUSTO DOS ANJOS;;;1912;;Colisão Transversal;Luz do Dia;Bom;Seca;Meio de Quadra;Não Há Controle;Escola;0;1;0;0;0;0;0;0;0;1;0;0;-38,580876;-3,782139;;;
258186;14;10;2015;13:15;1261;AV RUI BARBOSA;AV SANTOS DUMONT;;;;Colisão;Luz do Dia;Bom;Seca;Cruz;Semáforo;Comercial;0;1;1;1;0;0;0;0;0;1;0;0;-38,508432;-3,732956;;;
258173;14;10;2015;21:00;0;AV PRS COSTA E SILVA;;;5445;;Colisão Traseira;Anoitecer;Bom;Seca;Meio de Quadra;Não Há Controle;Residencial;0;1;1;1;0;0;0;0;0;1;0;0;-38,531722;-3,828478;;;
258179;14;10;2015;16:00;0;RUA BERNARDO MANUEL;;;9298;;Colisão Traseira;Luz do Dia;Bom;Seca;Meio de Quadra;Semáforo;Comercial;0;1;1;1;0;0;0;0;0;1;0;0;-38,552100;-3,800962;;;
258169;14;10;2015;17:00;0;RUA GAL TOME CORDEIRO;;;995;;Colisão Lateral;Via Iluminada;Bom;Seca;Meio de Quadra;Outros;Residencial;0;0;2;1;0;0;1;0;0;0;0;0;-38,585795;-3,716292;;;
258150;14;10;2015;19:00;7762;AV ANTONIO SALES;RUA NUNES VALENTE;;;;Colisão Lateral;;Bom;Seca;Cruz;;Comercial;0;1;1;1;0;0;0;0;0;1;0;0;-38,506314;-3,744237;;;
258156;14;10;2015;19:30;7894;RUA PRO FRANCISCO GONCALVES;RUA VICENTE LEITE;;;;Colisão Transversal;Via Iluminada;Bom;Seca;Cruz;Pare;Escola;0;1;1;1;0;0;0;1;0;0;0;0;-38,498773;-3,747615;;;
258157;14;10;2015;08:00;0;AV JOR THOMAZ COELHO;;;;;Colisão Traseira;Luz do Dia;Bom;Seca;Meio de Quadra;Semáforo;Comercial;0;0;2;1;0;0;0;0;0;0;0;0;;;;;
258158;14;10;2015;08:50;0;AV DES MOREIRA;;;790;PRAÇA PORTUGAL;Colisão Traseira;;Bom;Seca;Meio de Quadra;;;0;0;2;1;1;0;0;0;0;0;0;0;-38,497371;-3,733118;;;
258159;14;10;2015;07:25;0;AV AGUANAMBI;;;710;;Capotamento;Via Iluminada;Bom;Seca;Meio de Quadra;Não Há Controle;Comercial;0;1;0;1;0;0;0;0;0;0;0;0;-38,525805;-3,742927;;;
258160;14;10;2015;14:40;5039;AV ALBERTO NEPOMUCENO;RUA ADOLFO CAMINHA;;;;Colisão Lateral;Luz do Dia;Bom;Seca;Cruz;Semáforo;Comercial;0;0;2;1;0;0;0;0;0;0;0;0;-38,523212;-3,721257;;;
268146;14;10;2015;08:03;0;AV GOV RAUL BARBOSA;;;;;Colisão;Luz do Dia;;;Meio de Quadra;;;0;1;1;0;0;0;0;0;0;1;0;0;-38,513701;-3,778011;;;
268143;14;10;2015;07:53;0;AV PRS CASTELO BRANCO;;;;;Atropelamento;Luz do Dia;;;Meio de Quadra;;;0;1;1;0;0;0;0;0;0;1;0;0;;;;;
268151;14;10;2015;10:00;0;AV FRE CIRILO;;;;;Colisão;Luz do Dia;;;Meio de Quadra;;;0;1;1;1;0;0;0;0;0;1;0;0;;;;;
268148;14;10;2015;08:59;0;RUA CEL DIONISIO ALENCAR;;;;;Colisão;Luz do Dia;;;Meio de Quadra;;;0;1;1;1;0;0;0;0;0;1;0;0;;;;;
268153;14;10;2015;12:03;3864;AV 13 DE MAIO;RUA LEANDRO MONTEIRO;;;;Colisão;Luz do Dia;;;Cruz;Não Há Controle;Misto;0;1;1;1;0;0;0;0;0;1;0;0;-38,535383;-3,744162;;;
265564;14;10;2015;07:53;0;RUA PDE PEDRO DE ALENCAR;;;;;Colisão;Luz do Dia;;;Meio de Quadra;;;0;0;2;1;0;0;0;0;0;1;0;0;;;;;
265576;14;10;2015;18:30;11932;AV PRS COSTA E SILVA;AV CASTELO DE CASTRO;;;;Colisão;Anoitecer;;;Cruz;Semáforo;Misto;0;0;2;1;0;0;0;0;0;0;0;0;-38,521435;-3,829012;;;