COD_ACIDENTE;DIA;MES;ANO;HORA;INTERSECAO;LOG1;LOG2;LOG3;NUMERO;REFERENCIA;NATUREZA;ILUMINACAO;TEMPO;SUPERFICIEPISTA;TIPOCRUZAMENTO;CONTROLETRAFEGO;USOSOLO;MORTOS;FERIDOS;ILESOS;AUTOMOVEL;ONIBUS;BICICLETA;CAMINHAO;MICROONIBUS;CICLOMOTOR;MOTOCICLETA;TRACAOANIMAL;TREM;LONG;LAT;;;
265781;14;10;2015;19:21;0;RUA PDE PERDIGAO SAMPAIO;;;;;Colisão;;;;Meio de Quadra;;;0;0;2;1;0;0;0;1;0;0;0;0;;;;;
268155;14;10;2015;12:48;0;RUA ANTONIO POMPEU;;;;;Colisão;Luz do Dia;;;Meio de Quadra;;;0;1;1;1;0;0;0;0;0;1;0;0;-38,539865;-3,731861;;;
271623;14;10;2015;01:02;0;AV DEP PAULINO ROCHA;;;;;Colisão;;;;Meio de Quadra;;;0;0;2;0;0;0;0;0;0;0;0;0;;;;;
271632;14;10;2015;14:01;15268;RUA SILVA JATAHY;RUA BARBOSA DE FREITAS;;;;Colisão;Luz do Dia;;;Com Via Férrea;Pare;Residencial;0;0;2;0;0;0;0;0;0;0;0;0;-38,494835;-3,728670;;;
271630;14;10;2015;13:47;5282;RUA SENA MADUREIRA;RUA PERBOYRE SILVA;;;;Colisão;Luz do Dia;;;T;Pare;Residencial;0;0;2;0;0;0;0;0;0;0;0;0;-38,525765;-3,728776;;;
271628;14;10;2015;10:43;0;AV DR THEBERGE;;;;;Colisão;Luz do Dia;;;Meio de Quadra;;;0;0;2;0;0;0;0;0;0;0;0;0;;;;;
271626;14;10;2015;01:05;0;AV C CJ CEARA;;;;;Choque c/ Obstáculo Fixo;;;;Meio de Quadra;;;0;0;1;0;0;0;0;0;0;0;0;0;;;;;
271634;14;10;2015;14:46;3875;RUA SEN POMPEU;RUA PDE MIGUELINHO;;;;Colisão;Luz do Dia;;;Cruz;Pare;Comercial;0;0;2;0;0;0;0;0;0;0;0;0;-38,534332;-3,742469;;;
271636;14;10;2015;15:08;6765;AV PDE ANTONIO TOMAS;RUA VER PAULO MAMEDE;;;;Colisão;Luz do Dia;;;T;Outros;Residencial;0;0;2;0;0;0;0;0;0;0;0;0;-38,480486;-3,746376;;;
268862;14;10;2015;19:00;11088;RUA AMERICO VESPUCIO;RUA MATEUS SOARES;;;;Colisão;;;;;;;0;0;1;1;0;0;0;0;0;0;0;0;-38,551707;-3,791783;;;
259304;14;10;2015;07:40;0;RD BR 116;;;2000;KM-02;Colisão Traseira;Luz do Dia;Bom;Molhada;Meio de Quadra;Não Há Controle;Comercial;0;1;4;1;0;0;0;0;0;0;0;0;-38,516780;-3,771391;;;
259305;14;10;2015;08:00;0;RD BR 116;;;3000;KM-03;Colisão Lateral;Luz do Dia;Bom;Seca;Meio de Quadra;Não Há Controle;Comercial;0;3;0;0;0;0;0;0;0;1;0;0;-38,514372;-3,779838;;;
268157;14;10;2015;15:02;24886;AV MOZART PINHEIRO DE LUCENA;AV MAJ ASSIS;;;;Colisão;Luz do Dia;;;Cruz;Semáforo;Residencial;0;1;0;0;0;0;0;0;0;0;0;0;-38,596693;-3,721695;;;
268182;14;10;2015;19:17;0;AV D CJ JOSE WALTER;;;;;Colisão;;;;Meio de Quadra;;;0;1;1;1;0;0;0;0;0;1;0;0;;;;;
268183;14;10;2015;20:25;0;RUA OSCAR LOPES;;;;;Colisão;;;;Meio de Quadra;;;0;1;0;0;0;0;0;0;0;0;0;0;-38,561760;-3,748534;;;
268179;14;10;2015;17:58;0;AV WASHINGTON SOARES;;;;;Queda;Anoitecer;;;Meio de Quadra;;;0;1;0;0;0;1;0;0;0;0;0;0;;;;;
268171;14;10;2015;17:39;0;AV WASHINGTON SOARES;;;;;Colisão;Anoitecer;;;Meio de Quadra;;;0;1;1;1;0;0;0;0;0;1;0;0;;;;;
268191;15;10;2015;05:47;0;RUA SOLON PINHEIRO;;;;;Colisão;Amanhecer;;;Meio de Quadra;;;0;1;1;1;0;0;0;0;0;1;0;0;;;;;
268185;15;10;2015;00:49;0;AV GODOFREDO MACIEL;;;;;Queda;;;;Meio de Quadra;;;0;1;0;0;0;0;0;0;0;1;0;0;-38,565488;-3,782108;;;
268189;15;10;2015;04:54;0;AV GODOFREDO MACIEL;;;;;Colisão;;;;Meio de Quadra;;;0;1;1;1;0;0;0;0;0;1;0;0;-38,565488;-3,782108;;;
268193;15;10;2015;05:48;0;AV GODOFREDO MACIEL;;;;;Colisão;Amanhecer;;;Meio de Quadra;;;0;1;1;1;0;0;0;0;0;1;0;0;;;;;
268195;15;10;2015;06:10;0;ET DO JATOBA;;;;;Colisão;Luz do Dia;;;Meio de Quadra;;;0;1;1;1;0;0;0;0;0;1;0;0;-38,627928;-3,803247;;;
268246;15;10;2015;14:38;0;AV PRS CASTELO BRANCO;;;;;Colisão;Luz do Dia;;;Meio de Quadra;;;0;1;1;1;0;0;0;0;0;1;0;0;-38,546541;-3,714507;;;
268264;15;10;2015;14:47;0;AV JOAO PESSOA;;;6754;SESI;Colisão;Luz do Dia;;;Meio de Quadra;;;0;1;0;1;0;0;0;0;0;0;0;0;-38,560544;-3,769014;;;
268265;15;10;2015;15:54;0;AV EDUARDO GIRAO;;;;;Atropelamento;Luz do Dia;;;Meio de Quadra;;;0;1;0;0;0;0;0;0;0;0;0;0;-38,532752;-3,752333;;;
268266;15;10;2015;15:57;0;RUA JERONIMO ALBUQUERQUE;;;;;Colisão;Luz do Dia;;;Meio de Quadra;;;0;1;1;1;0;0;0;0;0;1;0;0;;;;;
268267;15;10;2015;17:27;0;RUA STA RITA;;;;;Atropelamento;Anoitecer;;;Meio de Quadra;;;0;1;1;0;1;0;0;0;0;0;0;0;;;;;
268268;15;10;2015;17:37;0;AV A CJ CEARA;;;;;Colisão;Anoitecer;;;Meio de Quadra;;;0;1;1;1;0;0;0;0;0;1;0;0;-38,604963;-3,771642;;;
268269;15;10;2015;18:11;0;RUA CEL DIONISIO ALENCAR;;;;;Colisão;Anoitecer;;;Meio de Quadra;;;0;1;0;0;0;0;0;0;0;0;0;0;;;;;
268271;15;10;2015;19:44;0;RUA STA ROSA D20/21 (JACARECANGA);;;;;Atropelamento;;;;Meio de Quadra;;;0;1;1;0;0;0;0;0;0;1;0;0;-38,553715;-3,715798;;;
268272;15;10;2015;20:11;0;AV 13 DE MAIO;;;;;Colisão;;;;Meio de Quadra;;;0;1;1;1;0;0;0;0;0;1;0;0;-38,541230;-3,739153;;;
268220;15;10;2015;13:40;0;AV SEN FERNANDES TAVORA;;;;;Colisão;Luz do Dia;;;Meio de Quadra;;;0;1;1;1;0;0;0;0;0;1;0;0;;;;;
268214;15;10;2015;11:24;0;RUA MAL BITENCOURT;;;;;Colisão;Luz do Dia;;;Meio de Quadra;;;0;1;1;1;0;0;0;0;0;1;0;0;-38,530394;-3,793289;;;
268218;15;10;2015;13:35;0;RUA 12 DE JULHO;;;;;Capotamento;Luz do Dia;;;Meio de Quadra;;;0;1;0;1;0;0;0;0;0;0;0;0;;;;;
268216;15;10;2015;11:39;5292;RUA COSTA BARROS;RUA GONCALVES LEDO;;;;Colisão;Luz do Dia;;;Cruz;Pare;Comercial;0;1;1;1;0;1;0;0;0;0;0;0;-38,515426;-3,729088;;;
268209;15;10;2015;10:15;0;AV JOSE BASTOS;;;;;Colisão;Luz do Dia;;;Meio de Quadra;;;0;1;1;1;0;0;0;0;0;1;0;0;;;;;
268210;15;10;2015;10:45;0;AV FRANCISCO SA;;;;;Colisão;Luz do Dia;;;Meio de Quadra;;;0;1;1;0;0;0;1;0;0;1;0;0;-38,551086;-3,719489;;;
268205;15;10;2015;09:19;0;AV SGT HERMINIO SAMPAIO;;;;;Queda;Luz do Dia;;;Meio de Quadra;;;0;1;0;0;0;0;0;0;0;1;0;0;-38,571038;-3,728311;;;
268200;15;10;2015;07:18;0;RUA BERNARDO MANUEL;;;;;Queda;Luz do Dia;;;Meio de Quadra;;;0;1;0;0;0;0;0;0;0;1;0;0;;;;;
268207;15;10;2015;10:13;0;AV SANTOS DUMONT;;;;;Atropelamento;Luz do Dia;;;Meio de Quadra;;;0;1;1;1;0;0;0;0;0;0;0;0;-38,463872;-3,747338;;;
268202;15;10;2015;07:55;0;AV SEN FERNANDES TAVORA;;;;;Choque c/ Obstáculo Fixo;Luz do Dia;;;Meio de Quadra;;;0;1;0;1;0;0;0;0;0;0;0;0;;;;;
268203;15;10;2015;07:57;19753;RUA ERICO MOTA;RUA AZEVEDO BOLAO;;;;Colisão;Luz do Dia;;;Cruz;Pare;Residencial;0;1;0;0;0;0;0;0;0;0;0;0;-38,562522;-3,737645;;;
268198;15;10;2015;06:27;0;AV MR HULL;;;;;Colisão;Luz do Dia;;;Meio de Quadra;;;0;1;1;1;0;0;0;0;0;1;0;0;;;;;
258318;15;10;2015;10:40;15820;AV JOR THOMAZ COELHO;RUA GRANJA CASTELO;;;;Colisão Lateral;Luz do Dia;Bom;Seca;T;Semáforo;Comercial;0;0;2;1;1;0;0;0;0;0;0;0;-38,500218;-3,832383;;;
258319;15;10;2015;14:20;0;RUA LEONARDO MOTA;;;1755;;Colisão Traseira;Luz do Dia;Bom;Seca;Meio de Quadra;Semáforo Intermitente;Residencial;0;0;2;1;0;0;0;0;0;0;0;0;-38,497970;-3,741747;;;
258321;15;10;2015;19:20;0;AV PRS COSTA E SILVA;;;4655;;Colisão Lateral;Via Iluminada;Bom;Seca;Outros;Dê Preferência;Residencial;0;0;2;1;0;0;0;0;0;0;0;0;-38,538693;-3,825821;;;
258315;15;10;2015;12:45;0;AV PRS CASTELO BRANCO;;;1065;;Colisão Transversal;Luz do Dia;Bom;Seca;Meio de Quadra;Não Há Controle;Comercial;0;0;2;1;0;0;1;0;0;0;0;0;-38,533295;-3,718846;;;
258360;15;10;2015;17:40;0;AV GAL MURILO BORGES;;;;;Colisão Traseira;Anoitecer;Bom;Seca;Meio de Quadra;Não Há Controle;Comercial;0;0;2;1;0;0;1;0;0;0;0;0;;;;;
258361;15;10;2015;05:40;1657;RUA CEL JUCA;RUA BENI DE CARVALHO;;;;Colisão Transversal;Luz do Dia;Bom;Seca;Cruz;Semáforo;Misto;0;1;1;1;0;0;0;0;0;1;0;0;-38,494070;-3,746301;;;
258362;15;10;2015;11:05;1338;AV BAR STUDART;RUA TORRES CAMARA;;;;Colisão Traseira;Luz do Dia;Bom;Seca;Cruz;Semáforo;Comercial;0;0;2;1;0;0;0;0;0;0;0;0;-38,506944;-3,735624;;;
258363;15;10;2015;07:30;583;AV FRANCISCO SA;RUA ANA FACO;;;;Colisão Transversal;Luz do Dia;Bom;Seca;Cruz;Pare;Comercial;0;0;2;1;0;0;0;0;0;1;0;0;-38,561096;-3,716149;;;
258329;15;10;2015;13:00;348;RUA PRO LINO ENCARNACAO;RUA CESAR FONTENELE;;;;Colisão Lateral;Luz do Dia;Bom;Seca;Cruz;Pare;Comercial;0;0;2;1;0;0;0;0;0;0;0;0;-38,559596;-3,746359;;;
258358;15;10;2015;20:15;9081;AV AGUANAMBI;AV 13 DE MAIO;;;;Colisão Lateral;Via Iluminada;Bom;Seca;T;Pare;Comercial;0;0;2;1;0;0;0;0;0;0;0;0;-38,523451;-3,753844;;;
258383;15;10;2015;09:30;25090;AV GOV PARSIFAL BARROSO;RUA EDGAR FALCAO;;;;Colisão Lateral;Luz do Dia;Bom;Seca;T;Semáforo;Comercial;0;0;2;1;0;0;0;0;0;0;0;0;-38,569038;-3,732054;;;
258399;15;10;2015;17:20;15832;RUA PDE PEDRO DE ALENCAR;RUA TEN JURANDIR ALENCAR;;;;Colisão Lateral;Anoitecer;Bom;Seca;Cruz;Semáforo;Comercial;0;0;2;1;0;0;1;0;0;0;0;0;-38,494029;-3,832741;;;
258401;15;10;2015;18:30;0;AV PRS CASTELO BRANCO;;;;;Colisão Traseira;Via Iluminada;Bom;Seca;Meio de Quadra;Outros;Escola;0;0;2;1;0;0;0;0;0;1;0;0;;;;;
258397;15;10;2015;13:30;0;AV PRS JUSCELINO KUBITSCHEK (PASSARÉ);;;;;Colisão Transversal;Luz do Dia;Bom;Seca;Meio de Quadra;Dê Preferência;Outros;0;0;2;1;0;0;0;0;0;0;0;0;;;;;
258391;15;10;2015;18:47;0;AV PRS CASTELO BRANCO;;;2050;;Atropelamento;Via Iluminada;Bom;Seca;Meio de Quadra;Não Há Controle;Comercial;1;1;0;0;0;0;0;0;0;1;0;0;-38,546434;-3,714570;;;
258392;15;10;2015;11:00;5235;RUA PRC ISABEL;RUA PEDRO PEREIRA;;;;Colisão Transversal;Luz do Dia;Bom;Seca;Cruz;Pare;Misto;0;1;1;1;1;0;0;0;0;0;0;0;-38,535705;-3,727353;;;
258389;15;10;2015;22:10;4167;RUA PLACIDO CARVALHO;AV FRANCISCO SA;;;;Colisão Lateral;Via Iluminada;Bom;Seca;T;Não Há Controle;Comercial;0;1;1;0;0;0;0;0;0;1;0;0;-38,555342;-3,718081;;;
258403;15;10;2015;23:00;22009;RUA FRANCISCA CLOTILDE;RUA TIRADENTES;;;;Colisão Lateral;Via Iluminada;Bom;Seca;Cruz;Não Há Controle;Residencial;0;0;2;0;0;0;0;0;0;0;0;0;-38,550861;-3,740470;;;
259307;15;10;2015;20:10;0;RD BR 116;;;3000;KM-03;Colisão Lateral;Via Iluminada;Bom;Seca;Meio de Quadra;Não Há Controle;Comercial;0;0;2;1;0;0;0;0;0;0;0;0;-38,514372;-3,779838;;;
259339;15;10;2015;06:15;0;RD BR 222;;;;KM-01;Colisão Transversal;Luz do Dia;Bom;Seca;Meio de Quadra;Não Há Controle;Comercial;0;2;1;1;0;0;0;0;0;1;0;0;-38,577952;-3,737774;;;
259340;15;10;2015;06:40;0;RD BR 222;;;;KM-01;Colisão Traseira;Luz do Dia;Bom;Seca;Meio de Quadra;Não Há Controle;Comercial;0;1;1;0;0;0;0;0;0;1;0;0;-38,577952;-3,737774;;;
259342;15;10;2015;18:00;0;RD BR 222;;;;KM-01;Colisão Traseira;Anoitecer;Bom;Seca;Meio de Quadra;Não Há Controle;Comercial;0;0;2;1;0;0;0;0;0;0;0;0;-38,577952;-3,737774;;;
268876;15;10;2015;22:00;17288;RUA ALBERTO MAGNO;RUA EDUARDO ANGELIM;;;;Colisão;;;;Cruz;Pare;Residencial;0;1;0;0;0;0;0;0;0;1;0;0;-38,548491;-3,763194;;;
268872;15;10;2015;17:25;0;AV WASHINGTON SOARES;;;85;IGUATEMI;Colisão;Anoitecer;;;Meio de Quadra;;;0;1;0;1;0;0;0;0;0;1;0;0;-38,488576;-3,757652;;;
271637;15;10;2015;13:13;0;AV GAL OSORIO DE PAIVA;;;;;Colisão;Luz do Dia;;;Meio de Quadra;;;0;0;2;0;0;0;0;0;0;0;0;0;;;;;
271638;15;10;2015;13:48;0;LOGRADOURO SEM NOME;;;;;Capotamento;Luz do Dia;;;Meio de Quadra;;;0;0;1;0;0;0;0;0;0;0;0;0;;;;;
271639;15;10;2015;15:54;0;RUA DOS MARINHEIROS;;;;;Colisão;Luz do Dia;;;Meio de Quadra;;;0;0;2;0;0;0;0;0;0;0;0;0;;;;;
265787;15;10;2015;16:41;0;RUA GASPAR DUTRA;;;;;Colisão;Luz do Dia;;;Meio de Quadra;;;0;0;2;1;0;0;0;0;0;0;0;0;;;;;
265785;15;10;2015;04:59;0;RUA EMILIO DE MENESES;;;;;Colisão;;;;Meio de Quadra;;;0;0;2;1;0;0;0;0;0;0;0;0;;;;;
258191;15;10;2015;13:54;12445;AV SEN FERNANDES TAVORA;TR HELENA DE MARIA;;;;Colisão Transversal;Luz do Dia;Bom;Seca;Cruz;Outros;Comercial;0;1;1;1;0;0;0;0;0;1;0;0;-38,574916;-3,766094;;;
258201;15;10;2015;15:00;12954;AV PRS COSTA E SILVA;RUA BERNARDO MANUEL;;;;Colisão Transversal;Luz do Dia;Bom;Seca;Cruz;Semáforo;Comercial;0;0;2;1;0;0;1;0;0;0;0;0;-38,558276;-3,821079;;;
258193;15;10;2015;09:50;4036;AV JOSE BASTOS;RUA TELES DE SOUZA;;;;Colisão Traseira;Luz do Dia;Bom;Seca;Cruz;Semáforo;Comercial;0;1;2;1;0;0;0;0;0;1;0;0;-38,559736;-3,757230;;;
258208;15;10;2015;06:20;7718;AV JOSE BASTOS;AV CARNEIRO DE MENDONCA;;;;Colisão Traseira;Luz do Dia;Bom;Seca;Cruz;Semáforo;Comercial;0;0;3;1;1;0;0;0;0;0;0;0;-38,566759;-3,764109;;;
258206;15;10;2015;13:15;5219;AV TRISTAO GONCALVES;RUA LIBERATO BARROSO;;;;Colisão Lateral;Luz do Dia;Bom;Seca;Cruz;Semáforo;Comercial;0;0;2;1;1;0;0;0;0;0;0;0;-38,533116;-3,726826;;;
258216;15;10;2015;13:30;17553;RUA DR ALOISIO MAMEDE;RUA DR JOSE LINO;;;;Colisão Transversal;Luz do Dia;Bom;Seca;Cruz;Pare;Residencial;0;1;1;1;0;0;0;0;0;1;0;0;-38,484017;-3,730364;;;
258214;15;10;2015;13:50;26118;AV ALM MAXIMIANO DA FONSECA;RUA JOSE B PARENTE D59;;;;Colisão Lateral;Luz do Dia;;Seca;T;Pare;Residencial;0;1;1;1;0;0;0;0;0;1;0;0;-38,485100;-3,771301;;;
258212;15;10;2015;15:20;15399;RUA ALMEIDA REGO;AV FRE CIRILO;;;;Colisão Lateral;Luz do Dia;Bom;Seca;Cruz;Semáforo;Comercial;0;0;2;1;0;0;0;0;0;0;0;0;-38,498444;-3,814967;;;
258210;15;10;2015;10:10;0;AV SANTOS DUMONT;;;;;Colisão Transversal;Luz do Dia;Bom;Seca;Meio de Quadra;Pare;Misto;0;2;0;1;0;0;0;0;0;1;0;0;;;;;
258222;15;10;2015;07:15;0;AV BEIRA MAR;;;;;Colisão Traseira;Via Iluminada;Bom;Seca;Meio de Quadra;Outros;Comercial;0;0;2;1;0;0;0;0;0;0;0;0;;;;;
258313;15;10;2015;15:00;7694;RUA RIO GRANDE DO SUL;RUA RIO GRANDE DO NORTE;;;;Colisão Transversal;Luz do Dia;Bom;Seca;Cruz;Pare;Residencial;0;0;2;0;0;0;0;0;0;0;0;0;-38,567559;-3,758617;;;
258305;15;10;2015;12:45;0;RUA ASSUNCAO;;;576;;Colisão Traseira;Luz do Dia;Bom;Seca;Meio de Quadra;Outros;Residencial;0;0;2;1;0;0;0;0;0;0;0;0;-38,528836;-3,735061;;;
258310;15;10;2015;13:15;1695;RUA DJALMA PETIT;RUA ASP MENDES;;;;Colisão Transversal;Luz do Dia;Bom;Seca;Cruz;Não Há Controle;Residencial;0;1;1;1;0;0;0;0;0;1;0;0;-38,514700;-3,765971;;;
260002;15;10;2015;09:20;0;RD CE-040;;;;KM-07;Colisão;Luz do Dia;;Seca;Meio de Quadra;;;0;0;2;1;0;0;0;0;0;0;0;0;-38,483160;-3,817953;;;
260003;15;10;2015;18:30;0;RD CE-025;;;;KM-01;Colisão;Via Iluminada;;Seca;Meio de Quadra;;;0;0;2;1;0;0;0;0;0;0;0;0;-38,470976;-3,807681;;;
270275;15;10;2015;21:00;17436;RUA TRES MARIAS D39 (MONTESE);RUA EQUADOR;;;;Colisão Lateral;;;;Cruz;Semáforo;Comercial;0;1;0;1;0;0;0;0;0;0;0;0;-38,550757;-3,768994;;;
260004;16;10;2015;09:40;0;RD CE-040;;;;KM-07;Queda;Luz do Dia;;Seca;Meio de Quadra;;;0;0;1;0;0;0;0;0;0;1;0;0;-38,483160;-3,817953;;;
260006;16;10;2015;10:50;0;AV GODOFREDO MACIEL;;;;;Colisão;Luz do Dia;;Seca;Meio de Quadra;;;0;0;2;1;0;0;1;0;0;0;0;0;;;;;
260007;16;10;2015;17:45;0;RD CE-040;;;;KM-06;Colisão;Via Iluminada;;Seca;Meio de Quadra;;;0;0;2;1;0;0;0;0;0;0;0;0;-38,478781;-3,811270;;;
260008;16;10;2015;12:40;0;RD CE-040;;;;KM-08;Colisão;Luz do Dia;;Seca;Meio de Quadra;;;0;0;2;1;0;0;0;0;0;0;0;0;-38,481317;-3,823332;;;
260010;16;10;2015;13:00;0;RD CE-060;;;;KM-01;Colisão;Luz do Dia;;Seca;Meio de Quadra;;;0;1;1;0;1;0;0;0;0;1;0;0;-38,576995;-3,819537;;;
260098;16;10;2015;19:40;0;RD CE-040;;;;KM-02;Colisão;Via Iluminada;;Seca;Meio de Quadra;;;0;0;2;1;0;0;0;0;0;0;0;0;-38,481598;-3,776479;;;
260099;16;10;2015;21:30;0;RD CE-060;;;;KM-03;Colisão;Via Iluminada;;Seca;Meio de Quadra;;;0;0;2;1;0;0;0;0;0;0;0;0;-38,582776;-3,836637;;;
258294;16;10;2015;07:10;0;RUA GOMES PASSOS;;;623;;Colisão Transversal;Luz do Dia;Bom;Seca;Meio de Quadra;Pare;Residencial;0;1;1;1;0;0;0;0;1;0;0;0;-38,561915;-3,710965;;;
258295;16;10;2015;09:20;23036;AV DR SILAS MUNGUBA;RUA CARAMURU D45 (ITAPERI);;;;Colisão Transversal;Luz do Dia;Bom;Seca;Cruz;Pare;Comercial;0;0;2;1;1;0;0;0;0;0;0;0;-38,541473;-3,789977;;;
258296;16;10;2015;14:15;19943;RUA FRANCISCO LORDA;RUA JOAO ARARIPE;;;;Colisão Transversal;Luz do Dia;Bom;Seca;Cruz;Semáforo;Residencial;0;0;2;1;1;0;0;0;0;0;0;0;-38,533328;-3,761468;;;
258297;16;10;2015;19:50;0;AV LUCIANO CARNEIRO;;;;;Colisão Lateral;Via Iluminada;Bom;Seca;Meio de Quadra;Pare;Comercial;0;0;2;1;0;0;0;0;0;0;0;0;;;;;
258283;16;10;2015;22:00;26011;AV GAL OSORIO DE PAIVA;RUA DAS PITANGUEIRAS;;;;Colisão Lateral;Via Iluminada;Bom;Seca;Cruz;Não Há Controle;Residencial;0;0;2;1;0;0;1;0;0;0;0;0;-38,604569;-3,807292;;;
258284;16;10;2015;18:00;13490;RUA PINHO PESSOA;AV RUI BARBOSA;;;;Colisão Lateral;Anoitecer;Bom;Seca;Cruz;Pare;Misto;0;0;2;1;0;0;0;0;0;0;0;0;-38,512465;-3,745389;;;
258279;16;10;2015;14:10;12031;RUA MARIA ALVES RIBEIRO;RUA CEL FRANCISCO ALVES RIBEIRO;;;;Colisão Transversal;Luz do Dia;Bom;Seca;Cruz;Pare;Residencial;0;0;2;1;0;0;0;0;0;0;0;0;-38,510256;-3,833628;;;
258280;16;10;2015;16:20;5723;AV OLIVEIRA PAIVA;RUA MON ANTERO;;;;Colisão Transversal;Luz do Dia;Bom;Seca;T;Semáforo;Comercial;0;1;1;1;0;0;0;0;0;1;0;0;-38,493198;-3,795604;;;
258281;16;10;2015;00:00;35;RUA JOAQUIM LEITAO;RUA PEDRO MELO;;;;Colisão Transversal;Via Iluminada;Bom;Seca;Cruz;Pare;Residencial;0;0;2;1;0;0;0;0;0;0;0;0;-38,592100;-3,744174;;;
258286;16;10;2015;19:30;13592;AV PONTES VIEIRA;RUA PRO CARVALHO;;;;Colisão Transversal;Via Iluminada;Bom;Seca;Cruz;Semáforo;Comercial;0;0;2;1;0;0;0;0;0;0;0;0;-38,514949;-3,752890;;;
258287;16;10;2015;08:30;0;AV GAL OSORIO DE PAIVA;;;2818;;Colisão Lateral;Luz do Dia;Bom;Seca;Meio de Quadra;Pare;Comercial;0;0;2;1;0;0;1;0;0;0;0;0;-38,585535;-3,787806;;;
258288;16;10;2015;07:45;0;AV GAL OSORIO DE PAIVA;;;4160;;Colisão Lateral;Luz do Dia;Bom;Seca;Meio de Quadra;;Misto;0;1;2;0;1;0;0;0;0;1;0;0;-38,590248;-3,792577;;;
258290;16;10;2015;15:30;1576;RUA CEL JUCA;AV PDE ANTONIO TOMAS;;;;Colisão Lateral;Luz do Dia;Bom;Seca;Cruz;Semáforo;Misto;0;0;2;1;0;0;0;0;0;1;0;0;-38,492803;-3,742392;;;
258291;16;10;2015;09:10;12954;AV PRS COSTA E SILVA;AV DOS EXPEDICIONARIOS;;;;Colisão;Luz do Dia;Bom;Seca;;Semáforo;Comercial;0;1;1;1;0;0;0;0;0;1;0;0;-38,558276;-3,821079;;;
258292;16;10;2015;11:56;0;AV ENG SANTANA JUNIOR;;;906;;Colisão Lateral;;Bom;Seca;Meio de Quadra;Semáforo;Comercial;0;0;2;1;1;0;0;0;0;0;0;0;-38,482178;-3,735823;;;
258272;16;10;2015;14:40;13526;RUA PDE CHEVALIER;RUA BAR ARACATI;;;;Colisão Transversal;Luz do Dia;Bom;Seca;Cruz;Pare;Comercial;0;0;2;1;0;0;0;0;0;0;0;0;-38,516698;-3,747444;;;
258273;16;10;2015;16:50;5482;RUA ANTONIO POMPEU;RUA COS TRISTAO;;;;Colisão Traseira;Luz do Dia;Bom;Seca;Cruz;Pare;Comercial;0;0;2;1;0;0;0;0;0;0;0;0;-38,525733;-3,736331;;;
258275;16;10;2015;10:10;0;RUA MOREIRA DE SOUSA;;;409;;Colisão;Luz do Dia;;;Meio de Quadra;;;0;0;2;1;0;0;0;0;0;0;0;0;-38,566799;-3,739791;;;
258276;16;10;2015;09:00;9192;RUA MARIO MAMEDE;RUA PAULA RODRIGUES;;;;Colisão Transversal;Luz do Dia;Bom;Seca;Cruz;Semáforo;Residencial;0;0;2;1;0;0;0;0;0;0;0;0;-38,526739;-3,753285;;;
258277;16;10;2015;09:45;0;AV DES MOREIRA;;;1250;;Colisão Lateral;Luz do Dia;Bom;Seca;Meio de Quadra;Não Há Controle;Comercial;0;0;2;1;0;0;0;0;0;0;0;0;-38,498391;-3,736304;;;
258256;16;10;2015;21:40;0;AV DEP PAULINO ROCHA;;;1341;;Colisão Lateral;Via Iluminada;Bom;Seca;Meio de Quadra;Não Há Controle;Residencial;0;1;1;1;0;0;0;0;0;1;0;0;-38,510012;-3,810997;;;
258233;16;10;2015;16:50;0;AV PRS COSTA E SILVA;;;4677;CHESF;Colisão Transversal;Via Iluminada;Bom;Seca;Meio de Quadra;Semáforo;Residencial;0;1;1;1;0;0;0;0;0;1;0;0;-38,538498;-3,825895;;;
258234;16;10;2015;20:30;3975;RUA ALBERTO MAGNO;RUA PRO COSTA MENDES;;;;Colisão Traseira;Via Iluminada;Bom;Seca;Cruz;Semáforo;Comercial;0;0;2;1;1;0;0;0;0;0;0;0;-38,543548;-3,757528;;;
258235;16;10;2015;21:00;0;AV JOR THOMAZ COELHO;;;1580;;Colisão Traseira;;Bom;Seca;Meio de Quadra;Não Há Controle;Comercial;0;0;2;1;0;0;0;0;0;0;0;0;-38,509072;-3,829920;;;
258236;16;10;2015;09:40;15735;RUA DR JOAQUIM BENTO;RUA ANTONINO BARROS;;;;Colisão Traseira;Luz do Dia;Bom;Seca;T;Não Há Controle;Residencial;0;0;2;1;1;0;0;0;0;0;0;0;-38,488547;-3,828675;;;
258237;16;10;2015;14:15;1380;RUA TORRES CAMARA;RUA NUNES VALENTE;;;;Colisão Transversal;Luz do Dia;Bom;Seca;Cruz;Pare;Residencial;0;0;2;1;0;0;0;0;0;0;0;0;-38,503856;-3,736618;;;
258238;16;10;2015;13:20;0;RUA JOSE VILAR;;;479;;Colisão Lateral;Luz do Dia;Bom;Seca;Meio de Quadra;Não Há Controle;Residencial;0;1;1;1;0;0;0;0;1;0;0;0;-38,502627;-3,729476;;;