COD_ACIDENTE;DIA;MES;ANO;HORA;INTERSECAO;LOG1;LOG2;LOG3;NUMERO;REFERENCIA;NATUREZA;ILUMINACAO;TEMPO;SUPERFICIEPISTA;TIPOCRUZAMENTO;CONTROLETRAFEGO;USOSOLO;MORTOS;FERIDOS;ILESOS;AUTOMOVEL;ONIBUS;BICICLETA;CAMINHAO;MICROONIBUS;CICLOMOTOR;MOTOCICLETA;TRACAOANIMAL;TREM;LONG;LAT;;;
258239;16;10;2015;07:45;3368;RUA RIO GRANDE DO SUL;RUA AMAZONAS;;;;Colisão Lateral;Luz do Dia;Bom;Seca;Cruz;Pare;Residencial;0;0;2;1;0;0;1;0;0;0;0;0;-38,564164;-3,753306;;;
258240;16;10;2015;16:45;1575;RUA PAULA NEI;RUA MAL RONDON;;;;Colisão Transversal;Luz do Dia;Bom;Seca;Cruz;Pare;Residencial;0;0;2;1;0;0;0;0;0;0;0;0;-38,489576;-3,742327;;;
258242;16;10;2015;06:40;6744;RUA BATISTA DE OLIVEIRA;RUA BENTO ALBUQUERQUE;;;;Colisão Transversal;Luz do Dia;Bom;Seca;Cruz;Semáforo;Residencial;0;0;2;1;0;0;0;0;0;0;0;0;-38,481027;-3,744448;;;
258243;16;10;2015;09:00;0;AV JOR THOMAZ COELHO;;;1680;;Colisão Lateral;Luz do Dia;Bom;Seca;Meio de Quadra;Não Há Controle;Comercial;0;0;3;1;0;0;0;0;0;0;0;0;-38,510446;-3,829592;;;
258244;16;10;2015;09:10;0;RUA JACINTO MATOS;;;944;;Colisão Lateral;Luz do Dia;Bom;Seca;Meio de Quadra;Não Há Controle;Misto;0;1;1;1;0;0;0;0;0;1;0;0;;;;;
258245;16;10;2015;12:30;0;AV WENEFRIDO MELO;;;394;;Atropelamento;Luz do Dia;Bom;Seca;Meio de Quadra;;Outros;0;2;0;0;0;0;0;0;0;1;0;0;-38,575476;-3,811098;;;
258246;16;10;2015;14:00;19944;RUA FRANCISCO LORDA;RUA TERTULIANO SALES;;;;Colisão Transversal;Luz do Dia;Bom;Seca;Cruz;Semáforo;Comercial;0;1;1;0;0;0;0;0;0;1;0;0;-38,531234;-3,762118;;;
258247;16;10;2015;15:00;0;AV PRS COSTA E SILVA;;;4397;;Colisão Transversal;Luz do Dia;Bom;Seca;Meio de Quadra;Não Há Controle;Residencial;0;0;2;1;0;0;0;0;0;0;0;0;-38,540701;-3,825385;;;
258231;16;10;2015;10:20;7869;RUA FRANCISCO HOLANDA;RUA BARBOSA DE FREITAS;;;;Colisão Transversal;Luz do Dia;Bom;Seca;Cruz;Pare;Residencial;0;0;2;0;0;0;0;0;0;0;0;0;-38,501555;-3,749671;;;
258249;16;10;2015;16:00;5125;AV ALBERTO NEPOMUCENO;RUA RUFINO DE ALENCAR;;;;Colisão Lateral;Luz do Dia;Bom;Seca;T;Semáforo;Comercial;0;0;2;1;1;0;0;0;0;0;0;0;-38,525072;-3,724606;;;
258250;16;10;2015;19:15;11130;RUA MALMEQUER;AV A VENEZA TROPICAL;;;;Colisão Transversal;Via Iluminada;Bom;Seca;Rotatória;Não Há Controle;Residencial;0;0;2;1;0;0;0;0;0;0;0;0;-38,539358;-3,793296;;;
258254;16;10;2015;17:00;23660;RUA BAR CRATO;RUA CHASTINET GUIMARAES;;;;Colisão Lateral;Luz do Dia;Bom;Seca;Cruz;Pare;Residencial;0;1;1;1;0;0;0;0;0;1;0;0;-38,565856;-3,722909;;;
265797;16;10;2015;12:45;17414;RUA ZACARIAS GONDIM;RUA 15 DE NOVEMBRO;;;;Colisão;Luz do Dia;;;Cruz;Pare;Comercial;0;0;2;1;0;0;1;0;0;0;0;0;-38,558445;-3,768021;;;
265799;16;10;2015;17:55;0;AV DR SILAS MUNGUBA;;;;;Colisão;Anoitecer;;;Meio de Quadra;;;0;0;2;1;0;0;0;0;0;1;0;0;;;;;
265800;16;10;2015;19:15;14444;RUA DR ALMEIDA FILHO;AV SGT HERMINIO SAMPAIO;;;;Colisão;;;;T;Não Há Controle;Comercial;0;0;2;0;0;0;0;0;0;1;0;0;-38,558358;-3,725980;;;
271640;16;10;2015;07:56;2431;RUA JERONIMO ALBUQUERQUE;RUA ESTEVAO DE CAMPOS;;;;Colisão;Luz do Dia;;;Cruz;Pare;Misto;0;0;2;0;0;0;0;0;0;0;0;0;-38,576292;-3,706713;;;
271641;16;10;2015;12:08;6756;AV ANTONIO SALES;AV ENG SANTANA JUNIOR;;;;Colisão;Luz do Dia;;;Outros;Não Há Controle;Comercial;0;0;2;0;0;0;0;0;0;0;0;0;-38,490039;-3,749257;;;
271648;16;10;2015;15:32;1453;AV HERACLITO GRACA;AV RUI BARBOSA;;;;Colisão;Luz do Dia;;;Cruz;Semáforo;Comercial;0;0;2;0;0;0;0;0;0;0;0;0;-38,510199;-3,738357;;;
271646;16;10;2015;14:57;0;RUA JULIO CESAR D12;;;;;Colisão;Luz do Dia;;;Meio de Quadra;;;0;0;2;0;0;0;0;0;0;0;0;0;;;;;
271655;16;10;2015;17:55;0;RUA GETULIO VARGAS;;;;;Colisão;Anoitecer;;;Meio de Quadra;;;0;0;2;0;0;0;0;0;0;0;0;0;;;;;
271652;16;10;2015;17:36;19572;RUA MONACO;RUA PRIMEIRO DE JANEIRO;;;;Colisão;Anoitecer;;;Cruz;Pare;Residencial;0;0;2;0;0;0;0;0;0;0;0;0;-38,568891;-3,784193;;;
259311;16;10;2015;23:45;0;RD BR 116;;;3000;KM-03;Colisão Lateral;Via Iluminada;Bom;Seca;Meio de Quadra;Não Há Controle;Comercial;0;0;2;1;0;0;0;0;0;0;0;0;-38,514372;-3,779838;;;
259309;16;10;2015;14:00;0;RD BR 116;;;3000;KM-03;Colisão Traseira;Luz do Dia;Bom;Seca;Meio de Quadra;Não Há Controle;Comercial;0;0;2;1;0;0;0;0;0;0;0;0;-38,514372;-3,779838;;;
268273;16;10;2015;06:22;21371;RUA PRO RAIMUNDO ARRUDA;RUA PDE GUERRA;;;;Colisão;Luz do Dia;;;Cruz;Pare;Residencial;0;1;0;0;0;0;0;0;0;0;0;0;-38,551244;-3,737612;;;
268274;16;10;2015;06:43;0;AV JOSE LEON;;;;;Colisão;Luz do Dia;;;;;;0;1;1;1;0;0;0;0;0;1;0;0;-38,501005;-3,788018;;;
268275;16;10;2015;07:51;0;RUA JERONIMO ALBUQUERQUE;;;;;Colisão;Luz do Dia;;;Meio de Quadra;;;0;1;1;1;0;0;0;0;0;1;0;0;;;;;
268276;16;10;2015;07:52;0;AV GAL OSORIO DE PAIVA;;;;;Colisão;Luz do Dia;;;Meio de Quadra;;;0;1;0;0;0;0;0;0;0;0;0;0;-38,590364;-3,792695;;;
268277;16;10;2015;10:10;0;RUA JOSE CARLOS GURGEL NOGUEIRA;;;;;Queda;Luz do Dia;;;Meio de Quadra;;;0;1;0;0;0;1;0;0;0;0;0;0;-38,473606;-3,732541;;;
268278;16;10;2015;10:13;0;RUA PDE VALDEVINO;;;;;Atropelamento;Luz do Dia;;;Meio de Quadra;;;0;1;1;0;0;0;0;0;0;1;0;0;-38,520616;-3,737935;;;
268279;16;10;2015;10:33;0;AV DOS FRANCESES;;;;;Colisão;Luz do Dia;;;Meio de Quadra;;;0;1;0;0;0;0;0;0;0;1;0;0;-38,477583;-3,784191;;;
268280;16;10;2015;11:36;0;RUA OLIVEIRA SOBRINHO;;;;;Colisão;Luz do Dia;;;Meio de Quadra;;;0;1;1;1;0;0;0;0;0;1;0;0;;;;;
268281;16;10;2015;11:41;0;AV PERIMETRAL;;;;;Atropelamento;Luz do Dia;;;Meio de Quadra;;;0;1;1;0;0;0;0;0;0;1;0;0;;;;;
268282;16;10;2015;14:59;3892;RUA ADOLFO HERBSTER;RUA JULIO CESAR D12;;;;Colisão;Luz do Dia;;;Cruz;Gesto;Residencial;0;1;1;1;0;0;0;0;0;1;0;0;-38,539092;-3,745900;;;
268283;16;10;2015;15:23;0;RUA PERNAMBUCO;;;;;Queda;Luz do Dia;;;Meio de Quadra;;;0;1;0;0;0;0;0;0;0;1;0;0;;;;;
268284;16;10;2015;16:51;17609;AV JOSE BASTOS;RUA AMAZONAS;;;;Colisão;Luz do Dia;;;Cruz;Pare;Misto;0;1;1;1;0;0;0;0;0;1;0;0;-38,559071;-3,757183;;;
268285;16;10;2015;16:52;0;AV ROGACIANO LEITE;;;;;Colisão;Luz do Dia;;;Meio de Quadra;;;0;1;1;1;0;0;0;0;0;1;0;0;-38,500662;-3,777076;;;
268286;16;10;2015;17:34;0;AV PERIMETRAL;;;;;Colisão;Anoitecer;;;Meio de Quadra;;;0;1;0;0;0;0;0;0;0;0;0;0;;;;;
268287;16;10;2015;18:18;15763;RUA TAQUATIARA;RUA HERBENE;;;;Colisão;Anoitecer;;;Cruz;Pare;Comercial;0;1;0;0;0;0;0;0;0;0;0;0;-38,504232;-3,829826;;;
268288;16;10;2015;19:28;5432;RUA DNA LEOPOLDINA;RUA PERO COELHO;;;;Atropelamento de Animal;;;;T;Pare;Misto;0;1;0;0;0;0;0;0;0;1;0;0;-38,520336;-3,733904;;;
268289;16;10;2015;20:09;0;RUA RAIMUNDO FROTA;;;;;Colisão;;;;Meio de Quadra;;;0;1;1;1;0;0;0;0;0;1;0;0;-38,585031;-3,714907;;;
268290;16;10;2015;20:18;0;AV JOSE LEON;;;;;Queda;;;;Meio de Quadra;;;0;1;0;0;0;0;0;0;0;1;0;0;-38,506521;-3,786620;;;
268291;16;10;2015;20:28;0;AV GOV RAUL BARBOSA;;;;;Queda;;;;Meio de Quadra;;;0;1;0;0;0;0;0;0;0;1;0;0;-38,510139;-3,768840;;;
268292;16;10;2015;21:18;0;RUA 7 DE SETEMBRO;;;;;Colisão;;;;Meio de Quadra;;;0;1;1;1;0;0;0;0;0;1;0;0;-38,562837;-3,773579;;;
268293;16;10;2015;21:48;0;AV 13 DE MAIO;;;;;Atropelamento;;;;Meio de Quadra;;;0;1;1;0;0;0;0;0;0;1;0;0;;;;;
268294;16;10;2015;22:23;0;AV BEZERRA DE MENEZES;;;;;Colisão;;;;Meio de Quadra;;;0;1;1;1;0;0;0;0;0;1;0;0;;;;;
268295;16;10;2015;22:56;0;AV DR THEBERGE;;;;;Atropelamento;;;;Meio de Quadra;;;0;1;1;0;0;0;0;0;0;1;0;0;-38,567790;-3,723316;;;
268296;16;10;2015;23:01;0;TR SATURNO;;;;;Queda;;;;Meio de Quadra;;;0;1;0;0;0;0;0;0;0;1;0;0;;;;;
268297;16;10;2015;23:15;26236;AV DR SILAS MUNGUBA;RUA BERNARDO MANUEL;;;;Colisão;;;;;;;0;1;1;1;0;0;0;0;0;1;0;0;-38,547960;-3,787538;;;
268298;17;10;2015;04:34;0;AV CASTELO DE CASTRO;;;;;Colisão;;;;Meio de Quadra;;;0;1;0;0;0;0;0;0;0;0;0;0;-38,521702;-3,837344;;;
268299;17;10;2015;04:38;17424;RUA TRES MARIAS D39 (MONTESE);RUA ANTONIO FIUZA;;;;Colisão;;;;Cruz;Semáforo;Comercial;0;1;1;1;0;0;0;0;0;1;0;0;-38,551577;-3,768452;;;
268300;17;10;2015;07:19;0;RUA CON LIMA SUCUPIRA;;;;;Colisão;Luz do Dia;;;Meio de Quadra;;;0;1;1;1;0;0;0;0;0;1;0;0;;;;;
268448;17;10;2015;23:39;5718;RUA JOAO LEONEL;RUA CON BRAVEZA;;;;Colisão;;;;;;;0;1;0;0;0;0;0;0;0;0;0;0;-38,496834;-3,800039;;;
268443;17;10;2015;21:58;7500;RUA TORRES DE MELO;RUA PRIMAVERA D40;;;;Queda;;;;;;;0;1;0;0;0;0;0;0;0;1;0;0;-38,521484;-3,789107;;;
268440;17;10;2015;21:41;0;AV AGUANAMBI;;;;;Colisão;;;;Meio de Quadra;;;0;1;1;1;0;0;0;0;0;1;0;0;;;;;
268424;17;10;2015;19:26;0;RUA VITAL BRASIL;;;;;Colisão;;;;Meio de Quadra;;;0;1;1;1;0;0;0;0;0;1;0;0;;;;;
268421;17;10;2015;18:15;0;RUA CARNAUBAL;;;;;Queda;Anoitecer;;;Meio de Quadra;;;0;1;0;0;0;1;0;0;0;0;0;0;-38,582463;-3,722590;;;
268437;17;10;2015;21:22;2640;RUA RAIMUNDO FROTA;RUA JANDIRA;;;;Colisão;;;;Cruz;Pare;Residencial;0;1;1;1;0;0;0;0;0;1;0;0;-38,586834;-3,714725;;;
268428;17;10;2015;19:41;24956;AV ALM HENRIQUE SABOIA;AV ENG ALBERTO SA;;;;Queda;;;;;;;0;1;0;0;0;0;0;0;0;1;0;0;-38,482890;-3,732499;;;
268429;17;10;2015;20:45;0;AV ENG SANTANA JUNIOR;;;;;Atropelamento;;;;Meio de Quadra;;;0;1;0;1;0;0;0;0;0;0;0;0;-38,481373;-3,734536;;;
268431;17;10;2015;21:10;11001;RUA ELCIAS LOPES;RUA ANTONIO FIUZA;;;;Colisão;;;;Cruz;Pare;Residencial;0;1;0;1;0;0;0;0;0;0;0;0;-38,552914;-3,772090;;;
268384;17;10;2015;17:49;0;AV JOSE BASTOS;;;;;Colisão;Anoitecer;;;Meio de Quadra;;;0;1;1;1;0;0;0;0;0;1;0;0;;;;;
268378;17;10;2015;16:37;0;RUA EUCLIDES PAULINO BARROSO;;;;;Colisão;Luz do Dia;;;Meio de Quadra;;;0;1;1;1;0;0;0;0;0;1;0;0;;;;;
268375;17;10;2015;14:13;0;AV ENG ALBERTO SA;;;;;Colisão;Luz do Dia;;;Meio de Quadra;;;0;1;1;1;0;0;0;0;0;1;0;0;-38,482644;-3,732613;;;
268376;17;10;2015;15:27;0;AV PINTO BANDEIRA D56;;;;;Colisão;Luz do Dia;;;Meio de Quadra;;;0;1;1;1;0;0;0;0;0;1;0;0;;;;;
268372;17;10;2015;12:44;0;AV SEN FERNANDES TAVORA;;;;;Atropelamento;Luz do Dia;;;Meio de Quadra;;;0;1;1;1;0;0;0;0;0;0;0;0;;;;;
268367;17;10;2015;09:08;0;AV PRS CASTELO BRANCO;;;;;Atropelamento;Luz do Dia;;;Meio de Quadra;;;0;1;1;0;0;0;0;0;0;1;0;0;;;;;
268364;17;10;2015;07:39;0;AV CEL CARVALHO;;;;;Colisão;Luz do Dia;;;Meio de Quadra;;;0;1;0;1;0;0;0;0;0;0;0;0;;;;;
258405;17;10;2015;11:30;0;RUA PDE MORORO;;;1083;;Colisão Lateral;Luz do Dia;Bom;Seca;Meio de Quadra;Não Há Controle;Residencial;0;0;2;1;0;0;1;0;0;0;0;0;-38,537687;-3,726197;;;
258357;17;10;2015;05:30;0;RUA MAL DEODORO;;;426;;Choque c/ Obstáculo Fixo;Luz do Dia;Bom;Seca;Meio de Quadra;Não Há Controle;Residencial;0;0;1;1;0;0;0;0;0;0;0;0;-38,535365;-3,740363;;;
258359;17;10;2015;08:30;15283;RUA PEREIRA FILGUEIRAS;RUA BAR ARACATI;;;;Colisão Transversal;Luz do Dia;Bom;Seca;Cruz;Pare;Comercial;0;0;2;1;0;0;0;0;0;0;0;0;-38,510707;-3,729076;;;
258366;17;10;2015;12:30;22127;RUA MAJ PEDRO SAMPAIO;RUA GUSTAVO BRAGA;;;;Colisão Transversal;Luz do Dia;Bom;Seca;Cruz;Pare;Residencial;0;1;1;1;0;0;0;0;0;1;0;0;-38,555389;-3,748479;;;
258372;17;10;2015;14:30;5662;AV JOSE LEON;RUA VICENTE LOPES;;;;Colisão Traseira;Luz do Dia;Bom;Seca;Cruz;Pare;Comercial;0;0;2;1;0;0;0;0;0;0;0;0;-38,494897;-3,789544;;;
258326;17;10;2015;17:17;0;RUA CON DE CASTRO;;;4080;;Colisão Lateral;Via Iluminada;Bom;Seca;Meio de Quadra;;Residencial;0;1;1;0;1;0;0;0;0;1;0;0;-38,589066;-3,801766;;;
258335;17;10;2015;12:15;7762;AV ANTONIO SALES;RUA NUNES VALENTE;;;;Colisão Transversal;Luz do Dia;Bom;Seca;Cruz;Pare;Residencial;0;0;2;1;0;0;0;0;0;1;0;0;-38,506314;-3,744237;;;
258364;17;10;2015;06:30;18028;AV DIOGUINHO;RUA RENATO BRAGA;;;;Colisão Traseira;Luz do Dia;Bom;Seca;Cruz;Semáforo;Comercial;0;0;2;1;0;0;0;0;0;0;0;0;-38,458889;-3,731428;;;
258342;17;10;2015;11:00;0;RUA ALBERTO MAGNO;;;126;;Engavetamento;Luz do Dia;Bom;Seca;Meio de Quadra;Não Há Controle;Comercial;0;0;3;1;1;0;0;0;0;0;0;0;-38,542876;-3,756773;;;
258352;17;10;2015;10:30;7576;AV DR SILAS MUNGUBA;RUA XII UI 611;;;;Colisão Transversal;Luz do Dia;Bom;Seca;Duplo T;Pare;Comercial;0;0;2;1;0;0;0;0;0;1;0;0;-38,533448;-3,794723;;;
258323;17;10;2015;17:40;0;AV ZEZE DIOGO;;;;;Atropelamento;Anoitecer;Bom;Seca;Meio de Quadra;Pare;Residencial;0;1;1;0;0;0;0;0;0;0;0;0;;;;;
259313;17;10;2015;19:30;0;RD BR 116;;;4000;KM-04;Queda;Via Iluminada;Bom;Seca;Meio de Quadra;Não Há Controle;Comercial;0;1;0;0;0;0;0;0;0;1;0;0;-38,510646;-3,788331;;;
259314;17;10;2015;22:30;0;RD BR 116;;;9000;KM-09;Colisão Traseira;Via Iluminada;Bom;Molhada;Meio de Quadra;Não Há Controle;Comercial;1;1;3;1;0;0;0;0;0;1;0;0;-38,504865;-3,830837;;;
271663;17;10;2015;08:29;0;RUA 09 UI 211;;;;;Colisão;Luz do Dia;;;Meio de Quadra;;;0;0;2;0;0;0;0;0;0;0;0;0;;;;;
271664;17;10;2015;08:30;0;RUA JAMACARU;;;;;Choque c/ Obstáculo Fixo;Luz do Dia;;;Meio de Quadra;;;0;0;1;0;0;0;0;0;0;0;0;0;;;;;
271665;17;10;2015;09:55;0;RUA PRIMEIRO DE MAIO D34;;;;;Colisão;Luz do Dia;;;Meio de Quadra;;;0;0;2;0;0;0;0;0;0;0;0;0;;;;;
271661;17;10;2015;04:49;0;AV SEN VIRGILIO TAVORA;;;;;Colisão;;;;Meio de Quadra;;;0;0;2;0;0;0;0;0;0;0;0;0;;;;;
271659;17;10;2015;01:25;0;RUA 02 UI;;;;;Colisão;;;;Meio de Quadra;;;0;0;2;0;0;0;0;0;0;0;0;0;;;;;
271676;17;10;2015;10:08;904;AV GOV RAUL BARBOSA;RD BR 116;;;;Colisão;Luz do Dia;;;;;;0;0;2;0;0;0;0;0;0;0;0;0;-38,516476;-3,782591;;;
271679;17;10;2015;10:49;0;RUA RIO GRANDE DO NORTE;;;;;Colisão;Luz do Dia;;;Meio de Quadra;;;0;0;2;0;0;0;0;0;0;0;0;0;;;;;
271681;17;10;2015;10:54;0;RUA COMERCIO D57;;;;;Colisão;Luz do Dia;;;Meio de Quadra;;;0;0;2;0;0;0;0;0;0;0;0;0;;;;;
271682;17;10;2015;11:16;0;AV DR SILAS MUNGUBA;;;;;Colisão;Luz do Dia;;;Meio de Quadra;;;0;0;2;0;0;0;0;0;0;0;0;0;;;;;
271683;17;10;2015;12:03;0;RUA CARLOS VASCONCELOS;;;;;Colisão;Luz do Dia;;;Meio de Quadra;;;0;0;2;0;0;0;0;0;0;0;0;0;;;;;
271684;17;10;2015;12:05;0;AV B CJ CEARA;;;;;Colisão;Luz do Dia;;;Meio de Quadra;;;0;0;2;0;0;0;0;0;0;0;0;0;;;;;
271686;17;10;2015;12:06;0;RUA SENA MADUREIRA;;;;;Colisão;Luz do Dia;;;Meio de Quadra;;;0;0;2;0;0;0;0;0;0;0;0;0;;;;;
271691;17;10;2015;12:22;9216;RUA MARIO MAMEDE;RUA NAPOLEAO LAUREANO;;;;Colisão;Luz do Dia;;;Cruz;Pare;Residencial;0;0;2;0;0;0;0;0;0;0;0;0;-38,529662;-3,750799;;;
271693;17;10;2015;12:34;0;AV BORGES DE MELO;;;;;Colisão;Luz do Dia;;;Meio de Quadra;;;0;0;2;0;0;0;0;0;0;0;0;0;;;;;
271697;17;10;2015;13:12;6811;RUA JOSE BORBA VASCONCELOS;RUA DR GILBERTO STUDART;;;;Colisão;Luz do Dia;;;Cruz;Pare;Residencial;0;0;2;0;0;0;0;0;0;0;0;0;-38,472016;-3,746506;;;
271698;17;10;2015;13:21;0;RUA SOBREIRA FILHO;;;;;Colisão;Luz do Dia;;;Meio de Quadra;;;0;0;2;0;0;0;0;0;0;0;0;0;;;;;
271699;17;10;2015;14:01;4021;RUA DES PRAXEDES;AV PRO GOMES DE MATOS;;;;Colisão;Luz do Dia;;;Cruz;Semáforo;Comercial;0;0;2;0;0;0;0;0;0;0;0;0;-38,546229;-3,761872;;;
271700;17;10;2015;14:26;8652;RUA MARIO ALENCAR ARARIPE;AV EDILSON B SOARES;;;;Colisão;Luz do Dia;;;T;Semáforo;Escola;0;0;2;0;0;0;0;0;0;0;0;0;-38,478792;-3,789298;;;
271701;17;10;2015;14:55;0;AV JOSE BASTOS;;;;;Colisão;Luz do Dia;;;Meio de Quadra;;;0;0;2;0;0;0;0;0;0;0;0;0;;;;;
271695;17;10;2015;12:42;5215;RUA PEDRO PEREIRA;RUA PDE MORORO;;;;Colisão;Luz do Dia;;;Cruz;Semáforo;Comercial;0;0;2;0;0;0;0;0;0;0;0;0;-38,537843;-3,726667;;;
271703;17;10;2015;16:13;0;RUA DUAS NACOES;;;;;Colisão;Luz do Dia;;;Meio de Quadra;;;0;0;2;0;0;0;0;0;0;0;0;0;;;;;
271704;17;10;2015;16:27;0;AV FRANCISCO SA;;;;;Colisão;Luz do Dia;;;Meio de Quadra;;;0;0;2;0;0;0;0;0;0;0;0;0;;;;;
271706;17;10;2015;16:44;12455;AV SEN FERNANDES TAVORA;RUA RIO GRANDE DO SUL;;;;Colisão;Luz do Dia;;;T;Semáforo;Comercial;0;0;2;0;0;0;0;0;0;0;0;0;-38,572159;-3,768083;;;
271707;17;10;2015;16:46;0;LOGRADOURO SEM NOME;;;;;Colisão;Luz do Dia;;;Meio de Quadra;;;0;0;2;0;0;0;0;0;0;0;0;0;;;;;
271708;17;10;2015;16:52;0;AV PRS COSTA E SILVA;;;;;Colisão;Luz do Dia;;;Meio de Quadra;;;0;0;2;0;0;0;0;0;0;0;0;0;;;;;
271709;17;10;2015;16:54;0;AV BEZERRA DE MENEZES;;;;;Colisão;Luz do Dia;;;Meio de Quadra;;;0;0;2;0;0;0;0;0;0;0;0;0;;;;;
271711;17;10;2015;16:58;0;LOGRADOURO SEM NOME;;;;;Colisão;Luz do Dia;;;Meio de Quadra;;;0;1;1;0;0;0;0;0;0;0;0;0;;;;;
271712;17;10;2015;17:30;0;RUA JULIO SILVA;;;;;Colisão;Anoitecer;;;Meio de Quadra;;;0;1;1;0;0;0;0;0;0;0;0;0;;;;;
271714;17;10;2015;18:42;9567;RUA CEL FABRICIANO;RUA SGT JOAO PINHEIRO;;;;Colisão;;;;Cruz;Não Há Controle;Residencial;0;0;2;0;0;0;0;0;0;0;0;0;-38,621724;-3,778965;;;
271716;17;10;2015;19:23;0;AV JOSE JATAHY;;;;;Colisão;;;;Meio de Quadra;;;0;0;2;0;0;0;0;0;0;0;0;0;;;;;
271722;17;10;2015;19:26;0;AV PRS COSTA E SILVA;;;;;Colisão;;;;Meio de Quadra;;;0;0;2;0;0;0;0;0;0;0;0;0;;;;;
271723;17;10;2015;19:42;0;AV H CJ CEARA;;;;;Colisão;;;;Meio de Quadra;;;0;0;2;0;0;0;0;0;0;0;0;0;;;;;
271725;17;10;2015;19:45;0;RUA JOSE LINHARES;;;;;Colisão;;;;Meio de Quadra;;;0;0;2;0;0;0;0;0;0;0;0;0;;;;;
271727;17;10;2015;19:46;6545;AV A CJ CEARA;RUA JOSE TORRES;;;;Colisão;;;;;;;0;0;2;0;0;0;0;0;0;0;0;0;-38,605924;-3,775146;;;
271728;17;10;2015;20:16;0;RUA JOAO VITOR;;;;;Colisão;;;;Meio de Quadra;;;0;0;2;0;0;0;0;0;0;0;0;0;;;;;
271730;17;10;2015;20:36;0;RUA RIO GRANDE DO SUL;;;;;Colisão;;;;Meio de Quadra;;;0;0;2;0;0;0;0;0;0;0;0;0;;;;;
271732;17;10;2015;21:17;10730;AV SEN FERNANDES TAVORA;RUA VITORIA (AV. PERIMETRAL);;;;Colisão;;;;Cruz;Semáforo Intermitente;Comercial;0;0;2;0;0;0;0;0;0;0;0;0;-38,585903;-3,760193;;;
265805;17;10;2015;23:42;0;RUA SGT JOAO PINHEIRO;;;;;Colisão;;;;Meio de Quadra;;;0;0;2;1;0;0;0;0;0;0;0;0;;;;;
258259;17;10;2015;15:00;22825;RUA JOSE JULIO FEITOSA;RUA TEODULFO MAGALHAES;;;;Colisão Transversal;Mal Iluminada;Bom;Seca;;Não Há Controle;Comercial;0;1;1;0;0;0;0;0;0;1;0;0;-38,459213;-3,806441;;;
258266;17;10;2015;05:00;0;RUA LUIS VIEIRA;;;1157;;Choque c/ Obstáculo Fixo;Amanhecer;Bom;Seca;Meio de Quadra;Não Há Controle;Residencial;0;0;1;1;0;0;0;0;0;0;0;0;-38,589731;-3,788084;;;
258267;17;10;2015;00:00;15105;AV HIS RAIMUNDO GIRAO;RUA BAR ARACATI;;;;Colisão Lateral;Via Iluminada;Bom;Seca;T;Não Há Controle;Comercial;0;0;2;1;0;0;0;0;0;1;0;0;-38,508496;-3,722091;;;
258278;17;10;2015;10:30;0;AV HERACLITO GRACA;;;144;;Colisão Lateral;;Bom;Seca;Meio de Quadra;Outros;Comercial;0;0;2;1;0;0;0;0;0;0;0;0;-38,523096;-3,733966;;;
258274;17;10;2015;17:00;19269;RUA PRO GOMES BRASIL;RUA MARACANA;;;;Colisão Transversal;Luz do Dia;Bom;Seca;Rotatória;Pare;Comercial;0;1;1;1;0;0;0;0;0;1;0;0;-38,568438;-3,772840;;;
258293;17;10;2015;08:00;0;RUA MERUOCA;;;100;;Colisão Traseira;Luz do Dia;Bom;Seca;Meio de Quadra;;Residencial;0;1;1;0;0;0;0;0;0;1;0;0;-38,482953;-3,730754;;;
258289;17;10;2015;07:00;24956;AV ALM HENRIQUE SABOIA;AV ENG ALBERTO SA;;;;Colisão Lateral;Luz do Dia;Bom;Seca;Cruz;Semáforo;Residencial;0;0;2;0;1;0;0;0;0;1;0;0;-38,482890;-3,732499;;;
258282;17;10;2015;10:00;0;AV DR SILAS MUNGUBA;;;;ROTATÓRIA;Colisão Traseira;Luz do Dia;Bom;Seca;Meio de Quadra;Dê Preferência;Comercial;0;0;2;1;0;0;0;0;0;0;0;0;;;;;
258285;17;10;2015;09:30;0;RUA PDE PEDRO DE ALENCAR;;;1513;;Colisão Traseira;Luz do Dia;Bom;Seca;Meio de Quadra;Outros;Residencial;0;0;3;0;0;0;1;0;0;0;0;0;-38,494275;-3,841185;;;
258262;17;10;2015;07:10;22849;RUA DR JUSTA ARAUJO D45;RUA CON LIMA SUCUPIRA;;;;Colisão Lateral;Luz do Dia;Bom;Seca;Cruz;Pare;Residencial;0;1;1;0;1;0;0;0;0;1;0;0;-38,550832;-3,778167;;;
258298;17;10;2015;10:20;15327;AV SEN VIRGILIO TAVORA;RUA ANA BILHAR;;;;Colisão Lateral;Luz do Dia;Bom;Seca;Cruz;Semáforo;Residencial;0;0;2;1;0;0;0;0;0;0;0;0;-38,491262;-3,730893;;;
258309;17;10;2015;15:00;0;RUA COS LAFAYETE;;;65;;Colisão Frontal;Luz do Dia;Bom;Seca;Meio de Quadra;Não Há Controle;Residencial;0;1;1;1;0;0;0;0;0;1;0;0;-38,578312;-3,718399;;;
258311;18;10;2015;14:00;0;RUA CON DE CASTRO;;;6128;;Colisão Lateral;Luz do Dia;Bom;Seca;Meio de Quadra;Não Há Controle;Residencial;0;2;0;0;0;0;0;0;0;1;0;0;-38,599405;-3,815432;;;