COD_ACIDENTE;DIA;MES;ANO;HORA;INTERSECAO;LOG1;LOG2;LOG3;NUMERO;REFERENCIA;NATUREZA;ILUMINACAO;TEMPO;SUPERFICIEPISTA;TIPOCRUZAMENTO;CONTROLETRAFEGO;USOSOLO;MORTOS;FERIDOS;ILESOS;AUTOMOVEL;ONIBUS;BICICLETA;CAMINHAO;MICROONIBUS;CICLOMOTOR;MOTOCICLETA;TRACAOANIMAL;TREM;LONG;LAT;;;
258306;18;10;2015;14:00;4187;AV PRS CASTELO BRANCO;RUA DOM HELIO CAMPOS D21;;;;Colisão Transversal;Luz do Dia;Bom;Seca;Cruz;Pare;Residencial;0;0;2;0;0;0;1;0;0;0;0;0;-38,554874;-3,711976;;;
258308;18;10;2015;16:00;348;RUA PRO LINO ENCARNACAO;RUA CESAR FONTENELE;;;;Colisão Lateral;Via Iluminada;Bom;Seca;Cruz;Pare;Comercial;0;0;2;1;0;0;0;0;0;1;0;0;-38,559596;-3,746359;;;
258304;18;10;2015;20:00;675;AV PASTEUR;RUA CRUZEIRO DO SUL;;;;Colisão Lateral;Via Iluminada;Bom;Seca;Cruz;Pare;Residencial;0;1;1;1;0;0;0;0;0;1;0;0;;;;;
260100;18;10;2015;16:10;0;RD CE-040;;;;KM-08;Colisão;Luz do Dia;;Seca;Meio de Quadra;;;0;0;2;1;0;0;0;0;0;0;0;0;-38,481317;-3,823332;;;
260113;18;10;2015;19:30;0;RD CE-040;;;;KM-07;Colisão;Via Iluminada;;Seca;Meio de Quadra;;;0;0;2;1;1;0;0;0;0;0;0;0;-38,483160;-3,817953;;;
272216;18;10;2015;22:19;0;ET DO FIO (MESSEJANA);;;;;Colisão;;;;Meio de Quadra;;;0;0;2;0;0;0;0;0;0;0;0;0;;;;;
271735;18;10;2015;00:04;0;AV AUGUSTO DOS ANJOS;;;;;Colisão;;;;Meio de Quadra;;;0;0;2;0;0;0;0;0;0;0;0;0;;;;;
271736;18;10;2015;00:31;0;RUA RAIMUNDO FROTA;;;;;Colisão;;;;Meio de Quadra;;;0;0;2;0;0;0;0;0;0;0;0;0;;;;;
271739;18;10;2015;01:31;0;AV GAL MURILO BORGES;;;;;Choque c/ Obstáculo Fixo;;;;Meio de Quadra;;;0;0;1;0;0;0;0;0;0;0;0;0;;;;;
271740;18;10;2015;04:44;0;AV FRANCISCO SA;;;;;Colisão;;;;Meio de Quadra;;;0;0;2;0;0;0;0;0;0;0;0;0;;;;;
271741;18;10;2015;07:12;0;AV MOZART PINHEIRO DE LUCENA;;;;;Colisão;Luz do Dia;;;Meio de Quadra;;;0;0;2;0;0;0;0;0;0;0;0;0;;;;;
271742;18;10;2015;15:26;0;AV GODOFREDO MACIEL;;;;;Colisão;Luz do Dia;;;Meio de Quadra;;;0;0;2;0;0;0;0;0;0;0;0;0;;;;;
271743;18;10;2015;15:59;0;AV CEL CARVALHO;;;;;Colisão;Luz do Dia;;;Meio de Quadra;;;0;0;2;0;0;0;0;0;0;0;0;0;;;;;
271744;18;10;2015;16:04;0;AV SEN FERNANDES TAVORA;;;;;Colisão;Luz do Dia;;;Meio de Quadra;;;0;0;2;0;0;0;0;0;0;0;0;0;;;;;
271746;18;10;2015;16:04;0;AV SEN FERNANDES TAVORA;;;;;Colisão;Luz do Dia;;;Meio de Quadra;;;0;0;2;0;0;0;0;0;0;0;0;0;;;;;
271751;18;10;2015;16:04;0;AV SEN FERNANDES TAVORA;;;;;Colisão;Luz do Dia;;;Meio de Quadra;;;0;0;2;0;0;0;0;0;0;0;0;0;;;;;
271752;18;10;2015;16:06;12771;RUA DELMIRO FARIAS;RUA COM MACHADO D12;;;;Colisão;Luz do Dia;;;Cruz;Pare;Residencial;0;0;2;0;0;0;0;0;0;0;0;0;-38,544250;-3,753250;;;
271753;18;10;2015;19:29;9337;RUA CESAR CORREIA;RUA COELHO NETO;;;;Colisão;Luz do Dia;;;Rotatória;Pare;Residencial;0;0;2;0;0;0;0;0;0;0;0;0;-38,574900;-3,716374;;;
271754;18;10;2015;16:31;0;AV ODILON GUIMARAES;;;;;Colisão;Luz do Dia;;;Meio de Quadra;;;0;0;2;0;0;0;0;0;0;0;0;0;;;;;
271755;18;10;2015;18:42;10760;RUA PDE SA LEITAO;RUA JOCKEY CLUBE;;;;Colisão;;;;Cruz;Pare;Residencial;0;0;2;0;0;0;0;0;0;0;0;0;-38,581152;-3,761438;;;
271757;18;10;2015;18:48;0;AV GAL OSORIO DE PAIVA;;;;;Colisão;;;;Meio de Quadra;;;0;0;2;0;0;0;0;0;0;0;0;0;;;;;
271759;18;10;2015;18:54;0;RUA DEP OSWALDO STUDART;;;;;Colisão;;;;Meio de Quadra;;;0;0;2;0;0;0;0;0;0;0;0;0;;;;;
271804;18;10;2015;22:15;6573;AV H CJ CEARA;AV C CJ CEARA;;;;Colisão;;;;Cruz;Não Há Controle;Residencial;0;0;2;0;0;0;0;0;0;0;0;0;-38,616458;-3,776518;;;
271800;18;10;2015;22:02;19411;AV GAL OSORIO DE PAIVA;RUA JULIO BRAGA;;;;Colisão;;;;T;Semáforo;Comercial;0;0;2;0;0;0;0;0;0;0;0;0;-38,571513;-3,778790;;;
271792;18;10;2015;18:54;9111;RUA DEP OSWALDO STUDART;AV EDUARDO GIRAO;;;;Colisão;;;;Cruz;Outros;;0;0;2;0;0;0;0;0;0;0;0;0;-38,529775;-3,755323;;;
271794;18;10;2015;19:47;0;RUA ANTONIO GADELHA;;;;;Choque c/ Obstáculo Fixo;;;;Meio de Quadra;;;0;0;1;0;0;0;0;0;0;0;0;0;;;;;
271795;18;10;2015;17:49;0;AV DIOGUINHO;;;;;Colisão;Anoitecer;;;Meio de Quadra;;;0;0;2;0;0;0;0;0;0;0;0;0;;;;;
271796;18;10;2015;20:41;0;RUA ARMANDO MONTEIRO;;;;;Choque c/ Obstáculo Fixo;;;;Meio de Quadra;;;0;0;2;0;0;0;0;0;0;0;0;0;;;;;
271797;18;10;2015;21:11;183;RUA DEMETRIO MENEZES;AV SGT HERMINIO SAMPAIO;;;;Colisão;;;;Cruz;Semáforo;Comercial;0;0;2;0;0;0;0;0;0;0;0;0;-38,584591;-3,731488;;;
271798;18;10;2015;21:27;0;RUA NAT FEIJO;;;;;Colisão;;;;Meio de Quadra;;;0;0;2;0;0;0;0;0;0;0;0;0;;;;;
268538;18;10;2015;16:48;0;AV DOM LUIS;;;;;Colisão;Luz do Dia;;;Meio de Quadra;;;0;1;1;1;0;0;0;0;0;1;0;0;-38,499274;-3,732641;;;
268535;18;10;2015;16:23;12633;RUA ROSA LEITE OLIVEIRA;RUA GUILHERME MENDES;;;;Queda;Luz do Dia;;;;;;0;1;0;0;0;1;0;0;0;0;0;0;-38,586663;-3,720686;;;
268536;18;10;2015;16:34;0;AV ODILON GUIMARAES;;;;;Colisão;Luz do Dia;;;Meio de Quadra;;;0;1;1;1;0;0;0;0;0;1;0;0;-38,472654;-3,817331;;;
268559;18;10;2015;22:10;0;AV H CJ CEARA;;;;;Colisão;;;;Meio de Quadra;;;0;1;1;1;0;0;0;0;0;1;0;0;-38,610257;-3,775786;;;
268550;18;10;2015;21:14;0;RUA BAR CRATO;;;;;Colisão;;;;Meio de Quadra;;;0;1;1;1;0;0;0;0;0;1;0;0;-38,565101;-3,722719;;;
268547;18;10;2015;20:22;0;AV PRO GOMES DE MATOS;;;;;Colisão;;;;Meio de Quadra;;;0;1;1;1;0;1;0;0;0;0;0;0;-38,548484;-3,764481;;;
268548;18;10;2015;20:55;0;AV PRS JUSCELINO KUBITSCHEK (PASSARÉ);;;3553;;Atropelamento;;;;Meio de Quadra;;;1;0;1;1;0;0;0;0;0;0;0;0;-38,528901;-3,812516;;;
268542;18;10;2015;17:58;0;AV PERIMETRAL;;;;;Colisão;Anoitecer;;;Meio de Quadra;;;0;1;0;0;0;0;0;0;0;0;0;0;;;;;
268543;18;10;2015;20:18;0;RUA ARMANDO MONTEIRO;;;;;Colisão;;;;Meio de Quadra;;;0;1;0;0;0;0;0;0;0;0;0;0;;;;;
259343;18;10;2015;05:30;0;RD BR 222;;;;KM-02;Colisão Transversal;Amanhecer;Bom;Seca;Meio de Quadra;Não Há Controle;Comercial;0;1;1;0;1;0;0;0;1;0;0;0;-38,586880;-3,738951;;;
268903;18;10;2015;20:30;0;AV WASHINGTON SOARES;;;8466;;Atropelamento;;;;Meio de Quadra;;;1;0;1;1;0;0;0;0;0;0;0;0;-38,481869;-3,826748;;;
258324;18;10;2015;02:50;17361;RUA BAR SOBRAL;RUA BAR CANINDE;;;;Colisão Transversal;Via Iluminada;Bom;Seca;Cruz;Pare;Misto;0;2;1;1;0;0;0;0;0;1;0;0;-38,555751;-3,766148;;;
258325;18;10;2015;08:35;0;AV GODOFREDO MACIEL;;;841;;Colisão Traseira;Luz do Dia;Bom;Seca;Meio de Quadra;Semáforo;Residencial;0;0;2;1;0;0;0;0;0;0;0;0;-38,565861;-3,783357;;;
258322;18;10;2015;14:50;0;RUA PDE FRANCISCO PINTO;;;129;;Colisão Lateral;Luz do Dia;Bom;Seca;Meio de Quadra;;Misto;0;0;2;1;1;0;0;0;0;0;0;0;-38,538560;-3,744811;;;
258320;18;10;2015;15:30;0;RUA BOM JESUS (GRANJA LISBOA);;;988;;Colisão Traseira;Luz do Dia;Bom;Seca;Meio de Quadra;;Residencial;0;0;2;1;0;0;0;0;0;0;0;0;-38,602453;-3,794051;;;
258316;18;10;2015;05:30;0;AV DA UNIVERSIDADE;;;3186;;Choque c/ Obstáculo Fixo;Luz do Dia;Bom;Seca;Meio de Quadra;Não Há Controle;Comercial;0;0;1;0;0;0;0;0;0;0;0;0;-38,541495;-3,743587;;;
258317;18;10;2015;15:00;0;RUA HOLANDA;;;1280;;Colisão Transversal;Via Iluminada;Bom;Seca;Meio de Quadra;Não Há Controle;Residencial;0;1;1;1;0;0;0;0;0;1;0;0;-38,560619;-3,801294;;;
258353;18;10;2015;14:30;0;AV JOSE SABOIA;;;1449;;Colisão Transversal;Luz do Dia;Bom;Seca;Meio de Quadra;Não Há Controle;Misto;0;0;2;1;0;0;0;0;0;0;0;0;-38,463676;-3,720117;;;
258354;18;10;2015;11:40;15835;RUA CEL DIONISIO ALENCAR;RUA MANUEL CASTELO BRANCO;;;;Colisão Lateral;Luz do Dia;Bom;Seca;Cruz;Pare;Comercial;0;0;2;1;1;0;0;0;0;0;0;0;-38,488281;-3,832973;;;
258355;18;10;2015;15:00;0;AV PRS JUSCELINO KUBITSCHEK (PASSARÉ);;;5461;;Colisão Traseira;Luz do Dia;Bom;Seca;Meio de Quadra;Não Há Controle;Comercial;0;1;1;1;0;0;0;0;0;1;0;0;-38,537065;-3,823649;;;
258356;18;10;2015;23:30;5322;AV DUQ CAXIAS;AV IMPERADOR;;;;Colisão Transversal;Via Iluminada;Bom;Seca;Cruz;Semáforo;Comercial;0;3;1;1;0;0;0;0;0;1;0;0;-38,535297;-3,730048;;;
258339;18;10;2015;16:00;22087;RUA PRO COSTA MENDES;RUA CAP FRANCISCO PEDRO;;;;Colisão Traseira;Luz do Dia;Bom;Seca;Cruz;Semáforo;Comercial;0;0;2;1;1;0;0;0;0;0;0;0;-38,551734;-3,750337;;;
258340;18;10;2015;18:30;0;RUA EDUARDO PORTO;;;;;Choque c/ Obstáculo Fixo;Via Iluminada;Bom;Seca;Meio de Quadra;Não Há Controle;Comercial;0;0;1;0;0;0;1;0;0;0;0;0;;;;;
258336;18;10;2015;;17468;AV BEIRA MAR;RUA TEREZA HINKO;;;;Colisão Transversal;Via Iluminada;Bom;Seca;T;Pare;Residencial;0;0;2;1;0;0;0;0;0;0;0;0;-38,484246;-3,723235;;;
258346;18;10;2015;20:30;12445;AV SEN FERNANDES TAVORA;TR HELENA DE MARIA;;;;Colisão Traseira;Via Iluminada;Bom;Seca;Cruz;Outros;Comercial;0;0;2;1;0;0;0;0;0;0;0;0;-38,574916;-3,766094;;;
258330;18;10;2015;10:55;22133;RUA DELMIRO FARIAS;RUA CEL NUNES DE MELO;;;;Colisão Transversal;Luz do Dia;Bom;Seca;Cruz;Pare;Residencial;0;0;2;1;0;0;0;0;0;0;0;0;-38,551292;-3,746867;;;
258334;18;10;2015;21:30;0;AV ALBERTO CRAVEIRO;;;3555;;Colisão Lateral;Via Iluminada;Bom;Seca;Meio de Quadra;Não Há Controle;Misto;0;1;1;0;0;0;0;0;0;1;0;0;-38,528922;-3,812546;;;
258332;18;10;2015;17:00;0;AV DOM LUIS;;;300;;Colisão Lateral;Luz do Dia;Bom;Seca;Meio de Quadra;Não Há Controle;Comercial;0;0;2;1;0;0;0;0;0;1;0;0;-38,499274;-3,732641;;;
268452;18;10;2015;00:31;0;RUA PRC ISABEL;;;;;Colisão;;;;Meio de Quadra;;;0;1;0;0;0;0;0;0;0;0;0;0;;;;;
268459;18;10;2015;06:31;0;RUA MODESTA;;;;;Queda;Luz do Dia;;;Meio de Quadra;;;0;1;0;0;0;0;0;0;0;1;0;0;-38,522717;-3,845682;;;
268464;18;10;2015;06:37;0;AV CASTELO DE CASTRO;;;;;Colisão;Luz do Dia;;;Meio de Quadra;;;0;1;0;0;0;0;0;0;0;1;0;0;;;;;
268467;18;10;2015;09:17;0;RUA CON DE CASTRO;;;;;Colisão;Luz do Dia;;;Meio de Quadra;;;0;1;0;0;0;0;0;0;0;1;0;0;-38,599887;-3,816100;;;
268476;18;10;2015;12:06;0;AV JOSE BASTOS;;;;;Colisão;Luz do Dia;;;Meio de Quadra;;;0;1;0;0;0;0;0;0;0;1;0;0;-38,563278;-3,758685;;;
268483;18;10;2015;15:31;0;AV GODOFREDO MACIEL;;;;;Colisão;Luz do Dia;;;Meio de Quadra;;;0;1;0;0;0;0;0;0;0;1;0;0;-38,577191;-3,819789;;;
268479;18;10;2015;15:05;10695;RUA PRO HERIBALDO COSTA;RUA MON HIPOLITO BRASIL;;;;Colisão;Luz do Dia;;;Cruz;Pare;Comercial;0;1;1;1;0;0;0;0;0;1;0;0;-38,582275;-3,757069;;;
258365;19;10;2015;08:30;0;AV 13 DE MAIO;;;465;;Colisão Traseira;Luz do Dia;Bom;Seca;Meio de Quadra;Não Há Controle;Comercial;0;0;3;1;0;0;0;0;0;0;0;0;-38,525563;-3,752537;;;
258373;19;10;2015;15:30;0;RUA TOMAS POMPEU;;;171;;Colisão Traseira;Luz do Dia;Bom;Seca;Meio de Quadra;Pare;Residencial;0;0;2;1;0;0;0;0;0;0;0;0;-38,506902;-3,725816;;;
258370;19;10;2015;11:55;23827;RUA PIN ANTONIO BANDEIRA;RUA ISMAEL PORDEUS;;;;Colisão Lateral;Mal Iluminada;Bom;Seca;Cruz;Não Há Controle;Residencial;0;0;2;1;0;0;0;0;0;0;0;0;-38,465599;-3,721153;;;
258367;19;10;2015;20:15;0;AV AGUANAMBI;;;;ROTATÓRIA;Colisão Traseira;Via Iluminada;Bom;Seca;Meio de Quadra;Semáforo;Comercial;0;1;2;1;1;0;1;0;0;0;0;0;-38,523043;-3,755538;;;
258384;19;10;2015;00:01;0;RUA BAR CRATO;;;1791;;Colisão Transversal;Via Iluminada;Bom;Seca;Meio de Quadra;Não Há Controle;Comercial;0;1;1;1;0;0;0;0;0;1;0;0;-38,565101;-3,722719;;;
258385;19;10;2015;08:00;1332;AV DOM LUIS;RUA CEL LINHARES;;;;Colisão Transversal;Luz do Dia;Bom;Seca;Cruz;Pare;Misto;0;0;2;1;0;0;0;0;0;0;0;0;-38,493503;-3,734513;;;
258387;19;10;2015;11:00;13556;AV RUI BARBOSA;AV SORIANO ALBUQUERQUE;;;;Colisão Traseira;Luz do Dia;Bom;Seca;Cruz;Semáforo;Residencial;0;1;1;1;0;0;0;0;0;1;0;0;-38,513767;-3,749460;;;
258375;19;10;2015;13:45;5189;RUA PDE IBIAPINA;RUA JULIO PINTO D04;;;;Colisão Transversal;Luz do Dia;Bom;Seca;Cruz;Pare;Escola;0;0;2;1;0;0;0;0;0;0;0;0;-38,540601;-3,725940;;;
258377;19;10;2015;14:18;5340;AV DUQ CAXIAS;RUA VINTE E QUATRO DE MAIO;;;;Colisão Transversal;Luz do Dia;Bom;Seca;Cruz;Semáforo;Comercial;0;1;1;0;1;0;0;0;0;1;0;0;-38,533230;-3,730708;;;
258378;19;10;2015;12:40;12954;AV DOS EXPEDICIONARIOS;AV PRS COSTA E SILVA;;;;Colisão Transversal;Luz do Dia;Bom;Seca;Cruz;Semáforo;Comercial;0;1;1;1;0;0;0;0;0;1;0;0;-38,558276;-3,821079;;;
258380;19;10;2015;11:00;9034;AV AGUANAMBI;RUA CEL SOLON;;;;Colisão Lateral;Luz do Dia;Bom;Seca;Cruz;Semáforo;Comercial;0;0;2;1;0;0;0;1;0;0;0;0;-38,525818;-3,742854;;;
258381;19;10;2015;08:15;12863;AV DOMINGOS OLIMPIO;RUA FLORIANO PEIXOTO;;;;Colisão Lateral;Luz do Dia;Bom;Seca;Cruz;Pare;Comercial;0;0;2;1;0;0;0;0;0;1;0;0;-38,530313;-3,736976;;;
258382;19;10;2015;12:20;0;AV ANTONIO SALES;;;92;;Colisão Traseira;;Bom;Seca;Meio de Quadra;Não Há Controle;Comercial;0;0;2;1;0;0;0;0;0;0;0;0;;;;;
258393;19;10;2015;05:50;391;AV LIBERDADE;RUA PRO VIRGILIO DE MORAIS;;;;Colisão Transversal;Luz do Dia;Bom;Seca;Cruz;Pare;Residencial;0;1;1;0;1;0;0;0;0;1;0;0;-38,596325;-3,749531;;;
258396;19;10;2015;10:20;1414;RUA NUNES VALENTE;RUA PDE QUINDERE;;;;Colisão Transversal;Luz do Dia;Bom;Seca;Cruz;Pare;Residencial;0;0;2;1;0;0;0;0;0;0;0;0;-38,504153;-3,737396;;;
258400;19;10;2015;15:10;326;RUA PRO LINO ENCARNACAO;RUA NESTOR BARBOSA;;;;Colisão Transversal;Luz do Dia;Bom;Seca;Cruz;Pare;Misto;0;0;2;1;0;0;0;1;0;0;0;0;-38,559892;-3,744954;;;
258404;19;10;2015;08:00;9111;AV EDUARDO GIRAO;RUA DEP OSWALDO STUDART;;;;Colisão Traseira;Luz do Dia;Bom;Seca;Cruz;Outros;;0;0;2;1;0;0;1;0;0;0;0;0;-38,529775;-3,755323;;;
258408;19;10;2015;08:40;9176;AV AGUANAMBI;AV EDUARDO GIRAO;;;;Colisão Lateral;Luz do Dia;Bom;Seca;Rotatória;Cancela;Comercial;0;1;1;1;1;0;0;0;0;0;0;0;-38,523639;-3,755303;;;
258409;19;10;2015;10:15;19152;RUA LAURO NOGUEIRA;RUA BATISTA DE OLIVEIRA;;;;Colisão Lateral;Luz do Dia;Bom;Seca;Cruz;Pare;Misto;0;0;2;1;0;0;1;0;0;0;0;0;-38,478301;-3,740086;;;
258410;19;10;2015;06:40;0;AV JOVITA FEITOSA;;;78;;Colisão Traseira;Luz do Dia;Bom;Seca;Meio de Quadra;Não Há Controle;Residencial;0;1;2;1;0;0;0;0;0;0;0;0;-38,544668;-3,737421;;;
258412;19;10;2015;10:30;18404;AV SGT HERMINIO SAMPAIO;AV GOV PARSIFAL BARROSO;;;;Colisão Lateral;Luz do Dia;Bom;Seca;Cruz;Semáforo;Comercial;0;0;2;1;0;0;1;0;0;0;0;0;-38,569276;-3,727916;;;
258413;19;10;2015;15:30;0;AV FILOMENO GOMES;;;;;Colisão Transversal;Luz do Dia;Bom;Seca;Meio de Quadra;Pare;Comercial;0;0;2;1;0;0;0;0;0;0;0;0;;;;;
258414;19;10;2015;00:10;0;RUA JOSE HIPOLITO;;;1055;;Colisão Lateral;Via Iluminada;Bom;Seca;Meio de Quadra;Não Há Controle;Residencial;0;1;1;1;0;0;0;0;0;1;0;0;-38,486819;-3,835359;;;
258415;19;10;2015;12:30;0;AV DES MOREIRA;;;;;Colisão Traseira;Luz do Dia;Bom;Seca;Meio de Quadra;Semáforo;Residencial;0;0;2;1;0;0;1;0;0;0;0;0;;;;;
258418;19;10;2015;09:30;0;AV PRS CASTELO BRANCO;;;2715;;Colisão Transversal;Luz do Dia;Bom;Seca;Meio de Quadra;Não Há Controle;Comercial;0;1;1;1;0;0;0;0;0;1;0;0;-38,552074;-3,712681;;;
258419;19;10;2015;11:30;1464;AV HERACLITO GRACA;RUA DR JOSE LOURENCO;;;;Colisão Transversal;Luz do Dia;Bom;Seca;Cruz;Semáforo;Comercial;0;0;2;1;0;0;0;0;0;0;0;0;-38,509091;-3,738709;;;
258421;19;10;2015;16:50;0;RUA NOSSA SRA DAS GRACAS;;;1070;;Atropelamento;Luz do Dia;Bom;Seca;Meio de Quadra;Não Há Controle;Residencial;0;2;0;0;0;0;0;0;0;1;0;0;-38,558461;-3,708650;;;
258424;19;10;2015;15:10;0;RUA TOMAS ACIOLI;;;;;Colisão;Luz do Dia;Bom;Seca;Meio de Quadra;Não Há Controle;Comercial;0;0;2;1;0;0;0;0;0;0;0;0;;;;;
258425;19;10;2015;07:00;7817;RUA MARCONDES PEREIRA;RUA JOAQUIM NABUCO;;;;Colisão Transversal;Luz do Dia;Bom;Seca;Cruz;Pare;Residencial;0;0;2;1;0;0;0;0;0;0;0;0;-38,505936;-3,749764;;;
258427;19;10;2015;16:00;0;RUA PAULA RODRIGUES;;;77;;Colisão Transversal;Luz do Dia;Bom;Seca;Meio de Quadra;Não Há Controle;Residencial;0;0;2;1;0;0;0;0;0;0;0;0;-38,526480;-3,752981;;;
258430;19;10;2015;16:50;7989;RUA MAJ WEYNE;RUA WALDERY UCHOA;;;;Colisão Transversal;Luz do Dia;Bom;Seca;Cruz;Não Há Controle;Residencial;0;1;1;0;0;0;0;0;0;1;0;0;-38,543662;-3,749360;;;
258431;19;10;2015;18:17;25036;RUA CAP MELO;RUA EDUARDO BEZERRA;;;;Colisão Traseira;Via Iluminada;Bom;Seca;Cruz;Semáforo;Residencial;0;0;2;1;0;0;0;0;0;0;0;0;-38,513607;-3,753803;;;
268907;19;10;2015;14:00;0;RD BR 116;;;;PRF;Colisão;Luz do Dia;;;Meio de Quadra;;;0;0;1;1;0;0;0;0;0;0;0;0;;;;;
265839;19;10;2015;18:31;24293;RUA DELMIRO GOUVEIA;RUA JULIO ABREU;;;;Colisão;;;;Cruz;Pare;Comercial;0;0;2;1;1;0;0;0;0;0;0;0;-38,488072;-3,735900;;;
268593;19;10;2015;08:14;0;RUA COS LAFAYETE;;;;;Colisão;Luz do Dia;;;Meio de Quadra;;;0;1;1;1;0;0;0;0;0;1;0;0;-38,581259;-3,718130;;;
268623;19;10;2015;21:15;0;AV MON TABOSA;;;;;Colisão;;;;Meio de Quadra;;;0;1;0;0;0;0;0;0;0;0;0;0;-38,505125;-3,724473;;;
268611;19;10;2015;18:07;0;RUA BERNARDO MANUEL;;;;;Atropelamento;Anoitecer;;;Meio de Quadra;;;0;1;1;0;0;0;0;0;0;1;0;0;-38,547376;-3,785585;;;
268619;19;10;2015;19:50;0;RUA PEDRO MELO;;;;;Queda;;;;Meio de Quadra;;;0;1;0;0;0;0;0;0;0;1;0;0;;;;;
268620;19;10;2015;19:50;0;AV DA INDEPENDENCIA;;;;;Atropelamento;;;;Meio de Quadra;;;0;1;1;1;0;0;0;0;0;0;0;0;-38,597503;-3,724988;;;
268621;19;10;2015;20:19;0;RUA OSCAR FRANCA;;;;;Atropelamento;;;;Meio de Quadra;;;0;1;1;0;0;0;0;0;0;1;0;0;-38,597087;-3,792742;;;
268604;19;10;2015;10:45;9581;RUA JOSE TORRES;RUA SEN MENEZES PIMENTEL;;;;Colisão;Luz do Dia;;;Cruz;Outros;Residencial;0;1;0;0;0;0;0;0;0;0;0;0;;;;;
268590;19;10;2015;07:20;0;RUA CON DE CASTRO;;;;;Colisão;Luz do Dia;;;Meio de Quadra;;;0;1;0;0;0;0;0;0;0;0;0;0;;;;;
268575;19;10;2015;06:15;0;AV PRS CASTELO BRANCO;;;;;Colisão;Luz do Dia;;;Meio de Quadra;;;0;1;0;0;0;0;0;0;0;0;0;0;-38,552013;-3,712699;;;
268570;19;10;2015;05:54;0;AV LIBERDADE;;;;;Colisão;Amanhecer;;;Meio de Quadra;;;0;1;0;0;0;0;0;0;0;0;0;0;;;;;
268573;19;10;2015;05:57;0;AV ALBERTO CRAVEIRO;;;;;Atropelamento;Amanhecer;;;Meio de Quadra;;;0;1;1;0;0;0;0;0;0;1;0;0;-38,517131;-3,790888;;;
271825;19;10;2015;18:13;0;RUA DR ALMEIDA FILHO;;;;;Colisão;Anoitecer;;;Meio de Quadra;;;0;0;2;0;0;0;0;0;0;0;0;0;;;;;
271818;19;10;2015;16:14;0;RUA CARLOS CHAGAS;;;;;Colisão;Luz do Dia;;;Meio de Quadra;;;0;0;2;0;0;0;0;0;0;0;0;0;;;;;
271821;19;10;2015;16:59;12737;RUA MAJ WEYNE;RUA GRIJALVA COSTA;;;;Colisão;Luz do Dia;;;Cruz;Pare;Comercial;0;0;2;0;0;0;0;0;0;0;0;0;-38,541145;-3,751483;;;
271823;19;10;2015;17:29;0;RUA TEODORO DE CASTRO;;;;;Colisão;Anoitecer;;;Meio de Quadra;;;0;0;2;0;0;0;0;0;0;0;0;0;;;;;
271816;19;10;2015;00:39;7826;RUA NUNES VALENTE;RUA ISAC AMARAL;;;;Colisão;;;;Cruz;Pare;Residencial;0;0;2;0;0;0;0;0;0;0;0;0;-38,508661;-3,751560;;;
260129;19;10;2015;14:30;0;RD CE-040;;;;KM-04;Colisão;Luz do Dia;;Seca;Meio de Quadra;;;1;1;1;0;0;0;0;0;0;1;0;0;-38,480251;-3,792050;;;
265815;19;10;2015;09:10;0;AV 13 DE MAIO;;;;;Colisão;Luz do Dia;;;Meio de Quadra;;;0;0;2;1;0;0;0;0;0;0;0;0;;;;;
265827;19;10;2015;10:03;22101;RUA JOSE FACANHA;RUA CAP FRANCISCO PEDRO;;;;Colisão;Luz do Dia;;;Cruz;Pare;Comercial;0;0;2;0;1;0;1;0;0;0;0;0;-38,555184;-3,754043;;;
265811;19;10;2015;08:42;0;RUA DELMIRO FARIAS;;;;;Colisão;Luz do Dia;;;Meio de Quadra;;;0;0;3;1;0;0;0;0;0;0;0;0;;;;;
260135;20;10;2015;08:35;0;RD CE-040;;;;KM-04;Colisão;Luz do Dia;;Seca;Meio de Quadra;;;0;0;2;1;0;0;0;0;0;0;0;0;-38,480251;-3,792050;;;
260136;20;10;2015;12:40;0;RD CE-040;;;;KM-07;Colisão;Luz do Dia;;Seca;Meio de Quadra;;;0;0;2;1;0;0;0;0;0;0;0;0;-38,483160;-3,817953;;;
260138;20;10;2015;19:40;0;RD CE-040;;;;KM-07;Colisão;Via Iluminada;;Seca;Meio de Quadra;;;0;1;2;0;0;0;0;0;0;1;0;0;-38,483160;-3,817953;;;
260139;20;10;2015;20:10;0;RD CE-040;;;;KM-04;Colisão;Via Iluminada;;Seca;Meio de Quadra;;;0;0;2;1;0;0;1;0;0;0;0;0;-38,480251;-3,792050;;;
272218;20;10;2015;02:30;0;RUA DO TAMARINDO;;;;;Choque c/ Obstáculo Fixo;;;;Meio de Quadra;;;0;0;1;0;0;0;0;0;0;0;0;0;;;;;
260581;20;10;2015;11:25;0;AV IMPERADOR;;;636;;Capotamento;Luz do Dia;Bom;Seca;Meio de Quadra;Não Há Controle;Misto;0;0;2;1;0;0;0;0;0;0;0;0;-38,534372;-3,726907;;;
271829;20;10;2015;11:17;0;RUA SILVINHA TELES D69;;;;;Colisão;Luz do Dia;;;Meio de Quadra;;;0;0;2;0;0;0;0;0;0;0;0;0;;;;;