COD_ACIDENTE;DIA;MES;ANO;HORA;INTERSECAO;LOG1;LOG2;LOG3;NUMERO;REFERENCIA;NATUREZA;ILUMINACAO;TEMPO;SUPERFICIEPISTA;TIPOCRUZAMENTO;CONTROLETRAFEGO;USOSOLO;MORTOS;FERIDOS;ILESOS;AUTOMOVEL;ONIBUS;BICICLETA;CAMINHAO;MICROONIBUS;CICLOMOTOR;MOTOCICLETA;TRACAOANIMAL;TREM;LONG;LAT;;;
271832;20;10;2015;13:45;70;RUA TEN QUEIROZ;RUA PRO JOAQUIM NOGUEIRA D29;;;;Colisão;Luz do Dia;;;;;;0;0;2;0;0;0;0;0;0;0;0;0;-38,589725;-3,744988;;;
271841;20;10;2015;16:37;19046;RUA SOLON ONOFRE;RUA ALFEU ABOIM;;;;Colisão;Luz do Dia;;;;;;0;0;2;0;0;0;0;0;0;0;0;0;-38,473541;-3,735949;;;
271838;20;10;2015;16:20;14775;RUA PDE ARIMATEIA D42/71;RUA AMERICO ROCHA LIMA;;;;Colisão;Luz do Dia;;;Cruz;Pare;Residencial;0;0;2;0;0;0;0;0;0;0;0;0;-38,582859;-3,798873;;;
271834;20;10;2015;16:16;0;RUA ANTONIO NERY;;;;;Colisão;Luz do Dia;;;Meio de Quadra;;;0;0;2;0;0;0;0;0;0;0;0;0;;;;;
268633;20;10;2015;10:01;23406;RUA CAP GUSTAVO;RUA CAP TIBURCIO DA FROTA;;;;Colisão;Luz do Dia;;;Cruz;Pare;Residencial;0;1;1;1;0;0;0;0;0;1;0;0;-38,516738;-3,755243;;;
268649;20;10;2015;16:57;0;AV JOSE LEON;;;;;Colisão;Luz do Dia;;;Meio de Quadra;;;0;1;1;1;0;0;0;0;0;1;0;0;-38,499516;-3,788399;;;
268657;20;10;2015;18:28;0;AV DEP PAULINO ROCHA;;;;;Colisão;Anoitecer;;;Meio de Quadra;;;0;0;1;0;0;0;0;0;0;0;0;0;;;;;
268654;20;10;2015;16:58;0;RUA VALPARAISO;;;;;Colisão;Luz do Dia;;;Meio de Quadra;;;0;1;0;0;0;0;0;0;0;0;0;0;;;;;
268655;20;10;2015;17:09;7190;AV DR THEBERGE;RUA CAMELIA;;;;Colisão;Anoitecer;;;Cruz;Dê Preferência;Residencial;0;1;0;0;0;0;0;0;0;0;0;0;-38,563147;-3,709175;;;
268645;20;10;2015;13:40;0;AV PRS COSTA E SILVA;;;;;Colisão;Luz do Dia;;;Meio de Quadra;;;0;1;1;1;0;0;0;0;0;1;0;0;;;;;
268646;20;10;2015;16:02;0;RUA TEODORO DE CASTRO;;;;;Colisão;Luz do Dia;;;Meio de Quadra;;;0;1;1;1;0;0;0;0;0;1;0;0;-38,601032;-3,780876;;;
268647;20;10;2015;16:33;0;RUA SOLON ONOFRE;;;;;Colisão;Luz do Dia;;;Meio de Quadra;;;0;1;1;1;0;0;0;0;0;1;0;0;;;;;
268659;20;10;2015;19:40;0;RUA BERNARDO MANUEL;;;;;Atropelamento;;;;Meio de Quadra;;;0;1;1;0;0;0;0;0;0;1;0;0;-38,555896;-3,813379;;;
268660;20;10;2015;19:50;0;AV WASHINGTON SOARES;;;;;Colisão;;;;Meio de Quadra;;;0;1;1;1;0;0;0;0;0;1;0;0;;;;;
258468;20;10;2015;08:40;5189;RUA PDE IBIAPINA;RUA PEDRO PEREIRA;;;;Colisão Lateral;Luz do Dia;Bom;Seca;Cruz;Não Há Controle;Escola;0;0;2;1;1;0;0;0;0;0;0;0;-38,540601;-3,725940;;;
258469;20;10;2015;06:50;0;RUA DEP OSWALDO STUDART;;;;RODOVIÁRIA;Colisão Lateral;Luz do Dia;Bom;Seca;Meio de Quadra;Não Há Controle;Comercial;0;1;1;1;0;0;0;0;0;1;0;0;;;;;
258502;20;10;2015;17:40;5468;RUA ANTONIO POMPEU;RUA BAR ARATANHA;;;;Colisão Lateral;Via Iluminada;Bom;Seca;Cruz;Semáforo;Residencial;0;2;1;1;0;0;0;0;0;1;0;0;-38,527351;-3,735826;;;
258498;20;10;2015;14:35;15301;RUA TEN BENEVOLO;RUA SILVA PAULET;;;;Colisão Lateral;Luz do Dia;Bom;Seca;Cruz;Pare;Comercial;0;0;2;0;0;0;1;0;0;0;0;0;-38,503888;-3,729724;;;
258527;20;10;2015;17:05;0;AV GAL MURILO BORGES;;;;;Colisão Traseira;Luz do Dia;Bom;Seca;Meio de Quadra;Semáforo;Residencial;0;0;2;1;0;0;0;0;0;0;0;0;;;;;
258531;20;10;2015;12:00;0;AV ENG HUMBERTO MONTE;;;1110;;Colisão Lateral;Luz do Dia;Bom;Seca;Meio de Quadra;Não Há Controle;Comercial;0;0;4;1;0;0;0;0;0;0;0;0;-38,560328;-3,749272;;;
258529;20;10;2015;11:30;0;AV ANTONIO SALES;;;;;Colisão Traseira;Luz do Dia;Bom;Seca;Meio de Quadra;Não Há Controle;Escola;0;0;3;1;0;0;0;0;0;0;0;0;;;;;
258513;20;10;2015;13:00;0;RUA OSCAR ARARIPE;;;2932;;Colisão Lateral;Luz do Dia;Bom;Seca;Meio de Quadra;Não Há Controle;Comercial;0;1;3;1;0;0;0;0;0;0;0;0;-38,617020;-3,785544;;;
258516;20;10;2015;17:00;0;RUA GAL TERTULIANO POTYGUARA;;;802;;Colisão Lateral;Anoitecer;Bom;Seca;Meio de Quadra;Não Há Controle;Escola;0;0;2;1;0;0;0;0;0;0;0;0;-38,496814;-3,744353;;;
258507;20;10;2015;18:00;25240;RUA AMELIA BENEBIEN;RUA PRISCO BEZERRA;;;;Colisão;Via Iluminada;Bom;Seca;T;Pare;Residencial;0;0;3;1;0;0;0;0;0;0;0;0;-38,470553;-3,736861;;;
258543;20;10;2015;09:30;4194;AV FRANCISCO SA;AV TEN LISBOA;;;;Colisão;Luz do Dia;Bom;Seca;Cruz;Não Há Controle;Comercial;0;1;1;1;0;0;0;0;0;1;0;0;-38,555953;-3,717874;;;
258549;20;10;2015;13:20;13201;AV I CJ JOSE WALTER;RUA 56 CJ JOSE WALTER;;;;Colisão Lateral;Luz do Dia;Bom;Seca;Cruz;Não Há Controle;Residencial;0;1;1;1;0;0;0;0;0;1;0;0;-38,553323;-3,833669;;;
258550;20;10;2015;16:00;0;AV DES MOREIRA;;;1313;;Colisão Transversal;Luz do Dia;Bom;Seca;Meio de Quadra;Não Há Controle;Comercial;0;0;2;1;1;0;0;0;0;0;0;0;-38,498751;-3,737465;;;
258551;20;10;2015;16:45;0;AV DOM LUIS;;;;;Colisão Transversal;Luz do Dia;Bom;Seca;Meio de Quadra;Não Há Controle;Comercial;0;0;2;1;1;0;0;0;0;0;0;0;;;;;
258557;20;10;2015;16:00;0;AV ABOLICAO;;;4022;;Colisão Lateral;Luz do Dia;Bom;Seca;Meio de Quadra;;Comercial;0;0;2;0;1;0;0;0;0;1;0;0;-38,481625;-3,723952;;;
265929;20;10;2015;15:29;0;RUA PRC ISABEL;;;;;Colisão;Luz do Dia;;;Meio de Quadra;;;0;0;2;1;0;0;0;0;0;1;0;0;;;;;
265926;20;10;2015;14:41;0;RUA PRO GOMES BRASIL;;;;;Colisão;Luz do Dia;;;Meio de Quadra;;;0;0;2;0;0;0;0;0;0;0;0;0;;;;;
268918;20;10;2015;20:00;0;AV IMPERADOR;;;1186;;Colisão;;;;Meio de Quadra;;;0;1;0;1;1;0;0;0;0;0;0;0;-38,535762;-3,731597;;;
259317;20;10;2015;07:20;0;RD BR 116;;;6000;KM-06;Queda;Luz do Dia;Bom;Molhada;Meio de Quadra;Não Há Controle;Comercial;0;1;1;0;0;0;0;0;0;1;0;0;-38,503053;-3,804691;;;
259318;20;10;2015;07:50;0;RD BR 116;;;3000;KM-03;Colisão Lateral;Luz do Dia;Bom;Seca;Meio de Quadra;Não Há Controle;Comercial;0;0;2;1;0;0;1;0;0;0;0;0;-38,514372;-3,779838;;;
259319;20;10;2015;07:10;0;RD BR 116;;;4000;KM-04;Colisão Traseira;Luz do Dia;Bom;Seca;Meio de Quadra;Não Há Controle;Comercial;0;0;6;1;0;0;0;0;0;0;0;0;-38,510646;-3,788331;;;
259320;20;10;2015;07:15;0;RD BR 116;;;4000;KM-04;Colisão Traseira;Luz do Dia;Bom;Seca;Meio de Quadra;Não Há Controle;Comercial;0;0;2;1;0;0;0;0;0;0;0;0;-38,510646;-3,788331;;;
258432;20;10;2015;13:50;0;RUA ANTONIO AUGUSTO;;;;;Colisão Transversal;Luz do Dia;Bom;Seca;Meio de Quadra;Pare;Comercial;0;1;1;1;0;0;0;0;0;1;0;0;-38,513825;-3,731501;;;
258428;20;10;2015;09:50;19287;RUA PRO GOMES BRASIL;RUA STA JULIA;;;;Colisão;Luz do Dia;Bom;Seca;Cruz;;Comercial;0;1;1;0;0;1;0;0;0;0;0;0;-38,567602;-3,774097;;;
258434;20;10;2015;13:40;1266;RUA BAR ARACATI;RUA PDE LUIS FIGUEIRA;;;;Colisão Transversal;Luz do Dia;Bom;Seca;Cruz;Pare;Comercial;0;0;2;1;0;0;0;0;0;0;0;0;-38,512022;-3,733156;;;
258437;20;10;2015;18:40;0;AV SGT HERMINIO SAMPAIO;;;;;Colisão Lateral Sentido Oposto;Via Iluminada;Bom;Seca;Meio de Quadra;Pare;Comercial;0;1;1;0;0;0;0;0;0;1;0;0;;;;;
258443;20;10;2015;13:00;0;AV OLIVEIRA PAIVA;;;413;;Colisão Traseira;Luz do Dia;Bom;Seca;Meio de Quadra;;Comercial;0;0;2;0;0;0;0;0;0;1;0;0;-38,501475;-3,797858;;;
258444;20;10;2015;15:30;0;RUA PRC ISABEL (V. PINZON);;;1148;;Colisão Traseira;Luz do Dia;Bom;Seca;Meio de Quadra;Não Há Controle;Comercial;0;0;3;1;0;0;1;0;0;0;0;0;;;;;
258422;20;10;2015;18:30;24348;RUA ARMANDO MONTEIRO;RUA JORGE ACURCIO;;;;Colisão Traseira;Anoitecer;Bom;Seca;Cruz;Pare;Residencial;0;0;2;1;0;0;0;0;0;0;0;0;-38,531744;-3,765184;;;
258411;20;10;2015;21:05;3189;RUA CARLOS CHAGAS;RUA JOSE ARISTOTELES GONDIM;;;;Colisão Lateral;Via Iluminada;Bom;Seca;Cruz;Pare;Residencial;0;2;1;1;0;0;0;0;0;1;0;0;-38,585335;-3,780113;;;
258406;20;10;2015;18:00;18756;RUA VALPARAISO;AV B CJ HAB ST SAO JOAO;;;;Colisão Lateral;;Bom;Seca;Cruz;Pare;Residencial;0;1;1;0;1;0;0;0;0;1;0;0;-38,517719;-3,846515;;;
258407;20;10;2015;10:30;0;RUA GUSTAVO BRAGA;;;;;Colisão Transversal;Luz do Dia;Bom;Seca;Meio de Quadra;Pare;Comercial;0;0;2;0;0;0;0;0;0;1;0;0;;;;;
258440;20;10;2015;08:20;19161;RUA PRO OTAVIO LOBO;RUA LAURO NOGUEIRA;;;;;Luz do Dia;Bom;Seca;Cruz;Semáforo;Residencial;0;0;2;1;0;0;0;1;0;0;0;0;-38,476452;-3,740673;;;
258447;20;10;2015;09:00;0;AV JOSE SABOIA;;;521;;Colisão Lateral;Luz do Dia;Bom;Seca;Meio de Quadra;Outros;Comercial;0;0;2;0;0;0;1;0;0;0;0;0;-38,467352;-3,717185;;;
258454;20;10;2015;11:00;5742;AV OLIVEIRA PAIVA;RUA MANUEL MONTEIRO;;;;Colisão Lateral;Luz do Dia;Bom;Seca;Cruz;Semáforo;Comercial;0;0;2;1;0;0;0;0;0;0;0;0;-38,494140;-3,795496;;;
258451;20;10;2015;18:45;0;AV GAL MURILO BORGES;;;75;;Outros;Via Iluminada;Bom;Seca;Meio de Quadra;Não Há Controle;Comercial;0;0;2;1;0;0;0;0;0;0;0;0;;;;;
258417;20;10;2015;16:30;4000;AV PRO GOMES DE MATOS;RUA RAUL UCHOA;;;;Colisão Lateral;Via Iluminada;Bom;Seca;Cruz;Pare;Comercial;0;0;2;0;0;0;0;0;0;1;0;0;-38,545294;-3,760768;;;
258461;20;10;2015;18:00;0;AV ALBERTO CRAVEIRO;;;483;;Colisão Traseira;Via Iluminada;Bom;Seca;Meio de Quadra;Não Há Controle;Comercial;0;0;2;1;0;0;0;0;0;0;0;0;;;;;
258464;20;10;2015;09:30;13366;RUA JOAO BRIGIDO;RUA DNA LEOPOLDINA;;;;Colisão Lateral;Luz do Dia;Bom;Seca;Cruz;Semáforo Intermitente;Residencial;0;0;2;1;0;0;0;0;0;1;0;0;-38,522203;-3,738646;;;
258465;20;10;2015;09:30;12863;AV DOMINGOS OLIMPIO;RUA FLORIANO PEIXOTO;;;;Colisão Transversal;Luz do Dia;Bom;Seca;Cruz;;Residencial;0;2;2;1;0;0;0;0;0;1;0;0;-38,530313;-3,736976;;;
258402;20;10;2015;18:10;4531;AV DEP PAULINO ROCHA;RUA ENF JOAQUIM PINTO;;;;Colisão Transversal;Via Iluminada;Bom;Seca;T;Pare;Residencial;0;1;1;1;0;0;0;0;1;0;0;0;-38,507774;-3,803203;;;
258395;20;10;2015;17:00;19370;AV AUGUSTO DOS ANJOS;RUA VICENTE BRAGA D34;;;;Colisão Lateral;Luz do Dia;Bom;Seca;T;Pare;Comercial;0;1;1;1;0;0;0;0;0;1;0;0;-38,576750;-3,777421;;;
258379;20;10;2015;11:00;0;AV SORIANO ALBUQUERQUE;;;830;;Colisão Lateral;Luz do Dia;Bom;Seca;Meio de Quadra;Não Há Controle;Residencial;0;0;2;1;0;0;0;0;0;0;0;0;-38,514319;-3,749289;;;
269002;21;10;2015;21:00;0;AV PRS COSTA E SILVA;;;;;Colisão;;;;Meio de Quadra;;;0;0;1;0;0;0;0;0;0;1;0;0;;;;;
265933;21;10;2015;09:32;0;AV GODOFREDO MACIEL;;;;;Colisão;Luz do Dia;;;Meio de Quadra;;;0;0;2;1;0;0;0;1;0;0;0;0;;;;;
265934;21;10;2015;11:11;0;AV GAL OSORIO DE PAIVA;;;;;Colisão;Luz do Dia;;;Meio de Quadra;;;0;0;2;1;1;0;0;0;0;0;0;0;;;;;
265935;21;10;2015;13:50;0;RUA MACHADO DE ASSIS;;;;;Colisão;Luz do Dia;;;Meio de Quadra;;;0;0;2;1;1;0;0;0;0;0;0;0;;;;;
259322;21;10;2015;22:05;0;RD BR 116;;;8000;KM-08;Atropelamento;Via Iluminada;Bom;Seca;Meio de Quadra;Não Há Controle;Comercial;1;0;1;1;0;0;0;0;0;0;0;0;-38,503269;-3,822018;;;
271844;21;10;2015;11:32;0;RUA FERREIRA LIMA;;;;;Colisão;Luz do Dia;;;Meio de Quadra;;;0;0;2;0;0;0;0;0;0;0;0;0;;;;;
271847;21;10;2015;11:43;22055;AV JOSE BASTOS;RUA PDE CICERO;;;;Colisão;Luz do Dia;;;T;Pare;Comercial;0;0;2;0;0;0;0;0;0;0;0;0;-38,544887;-3,744462;;;
271858;21;10;2015;16:11;15224;AV BAR STUDART;RUA DEP MOREIRA DA ROCHA;;;;Colisão;Luz do Dia;;;Cruz;Semáforo;Comercial;0;0;2;0;0;0;0;0;0;0;0;0;-38,504238;-3,727254;;;
271855;21;10;2015;15:35;0;RUA DR ALFREDO WEYNE D14;;;;;Colisão;Luz do Dia;;;Meio de Quadra;;;0;0;2;0;0;0;0;0;0;0;0;0;;;;;
271853;21;10;2015;14:21;0;RUA VITAL BRASIL;;;;;Colisão;Luz do Dia;;;Meio de Quadra;;;0;0;2;0;0;0;0;0;0;0;0;0;;;;;
271849;21;10;2015;12:24;0;AV GAL OSORIO DE PAIVA;;;;;Colisão;Luz do Dia;;;Meio de Quadra;;;0;0;2;0;0;0;0;0;0;0;0;0;;;;;
258560;21;10;2015;08:30;0;RUA PRO COSTA MENDES;;;755;;Colisão Traseira;Luz do Dia;Bom;Seca;Meio de Quadra;Não Há Controle;Residencial;0;0;2;1;0;0;0;0;0;0;0;0;-38,547238;-3,754403;;;
258563;21;10;2015;20:00;1599;AV SEN VIRGILIO TAVORA;RUA VICENTE LINHARES;;;;;Via Iluminada;Bom;Seca;Cruz;Semáforo;Comercial;0;0;3;1;0;0;0;0;0;0;0;0;-38,495370;-3,743743;;;
258574;21;10;2015;19:30;0;AV AUGUSTO DOS ANJOS;;;150;;Colisão Frontal;Via Iluminada;Bom;Seca;Meio de Quadra;Semáforo;Comercial;0;1;1;0;1;0;0;0;0;1;0;0;-38,570436;-3,770180;;;
258572;21;10;2015;10:10;0;RUA FLORIANO PEIXOTO;;;625;;Colisão Traseira;Luz do Dia;Bom;Seca;Meio de Quadra;Outros;Comercial;0;0;3;1;0;0;0;0;0;0;0;0;-38,527343;-3,727856;;;
258666;21;10;2015;21:00;0;RUA MENOR JERONIMO;;;2990;;Colisão Frontal;Via Iluminada;Bom;;Meio de Quadra;;Comercial;0;0;2;1;0;0;0;0;0;0;0;0;;;;;
258627;21;10;2015;08:00;0;AV DEP PAULINO ROCHA;;;800;;Colisão Traseira;Luz do Dia;Bom;Seca;Meio de Quadra;Não Há Controle;Comercial;0;1;1;1;0;0;0;0;0;1;0;0;;;;;
258595;21;10;2015;07:20;8000;AV JOAO PESSOA;RUA DELMIRO FARIAS;;;;Colisão Transversal;Luz do Dia;Bom;Seca;Cruz;Pare;Comercial;0;0;2;0;1;0;0;0;0;1;0;0;-38,547538;-3,750275;;;
258596;21;10;2015;07:00;0;AV DOS EXPEDICIONARIOS;;;3442;;Colisão Traseira;Luz do Dia;Bom;Seca;Meio de Quadra;Semáforo;Residencial;0;1;1;0;1;0;0;0;0;1;0;0;-38,536199;-3,748631;;;
258601;21;10;2015;11:30;1266;RUA BAR ARACATI;RUA PDE LUIS FIGUEIRA;;;;Colisão Traseira;Luz do Dia;Bom;Seca;Cruz;Não Há Controle;Residencial;0;0;4;1;0;0;0;0;0;0;0;0;-38,512022;-3,733156;;;
258593;21;10;2015;18:00;21698;AV DA INDEPENDENCIA;RUA DR JOSE GOIANA;;;;Colisão Lateral;Via Iluminada;Bom;Seca;Outros;Não Há Controle;Outros;0;0;2;1;0;0;1;0;0;0;0;0;-38,589989;-3,727192;;;
258588;21;10;2015;07:55;0;AV ANTONIO SALES;;;3500;;Colisão Lateral;Luz do Dia;Bom;Seca;Meio de Quadra;Não Há Controle;Comercial;0;0;2;1;0;0;1;0;0;0;0;0;-38,492833;-3,748361;;;
258589;21;10;2015;21:00;9075;RUA CEL JOSE EUCLIDES;AV AGUANAMBI;;;;Colisão Traseira;Via Iluminada;Bom;Seca;T;Outros;Comercial;0;0;2;1;1;0;0;0;0;0;0;0;-38,523383;-3,752233;;;
258576;21;10;2015;13:30;0;RUA RODRIGUES JUNIOR;;;;;Colisão Lateral;Luz do Dia;Bom;Seca;Meio de Quadra;Pare;Residencial;0;0;2;1;1;0;0;0;0;0;0;0;;;;;
258582;21;10;2015;10:00;1285;AV DOM LUIS;RUA VIS MAUA;;;;Colisão Transversal;Luz do Dia;Nublado;Seca;Cruz;Pare;Comercial;0;0;2;1;0;0;0;0;0;0;0;0;-38,498390;-3,732923;;;
268663;21;10;2015;07:04;0;AV DOS EXPEDICIONARIOS;;;;;Colisão;Luz do Dia;;;Meio de Quadra;;;0;1;1;0;0;0;1;0;0;1;0;0;-38,536199;-3,748631;;;
268666;21;10;2015;07:49;0;AV DEP PAULINO ROCHA;;;;;Colisão;Luz do Dia;;;Meio de Quadra;;;0;1;1;1;0;0;0;0;0;1;0;0;;;;;
268667;21;10;2015;13:06;12457;AV AUGUSTO DOS ANJOS;RUA PRO GOMES BRASIL;;;;Colisão;Luz do Dia;;;Cruz;Semáforo;Comercial;0;1;1;1;0;0;0;0;0;1;0;0;-38,570427;-3,770153;;;
268668;21;10;2015;16:16;5627;AV JOSE LEON;AV ROGACIANO LEITE;;;;Colisão;Luz do Dia;;;Cruz;Semáforo;Comercial;0;2;1;1;0;0;0;0;0;1;0;0;-38,503527;-3,787355;;;
268669;21;10;2015;16:25;0;AV ABOLICAO;;;;;Colisão;Luz do Dia;;;Meio de Quadra;;;0;1;0;0;0;0;0;0;0;0;0;0;;;;;
268670;21;10;2015;16:33;0;RUA ALBERTO MAGNO;;;;;Colisão;Luz do Dia;;;Meio de Quadra;;;0;1;1;1;0;0;0;0;0;1;0;0;-38,545174;-3,759383;;;
268679;21;10;2015;21:42;0;AV MR HULL;;;;;Atropelamento;;;;Meio de Quadra;;;0;1;1;0;0;0;0;0;0;1;0;0;;;;;
268680;21;10;2015;22:17;0;RUA MONTE LIBANO;;;;;Colisão;;;;Meio de Quadra;;;0;1;0;0;0;0;0;0;0;1;0;0;;;;;
268681;21;10;2015;05:56;0;AV AGUANAMBI;;;;;Queda;Amanhecer;;;Meio de Quadra;;;0;1;0;0;0;0;0;0;0;1;0;0;;;;;
268675;21;10;2015;19:30;0;AV AUGUSTO DOS ANJOS;;;;;Colisão;;;;Meio de Quadra;;;0;1;0;0;0;0;0;0;0;0;0;0;;;;;
268672;21;10;2015;17:05;0;AV GODOFREDO MACIEL;;;;;Colisão;Anoitecer;;;Meio de Quadra;;;0;1;0;0;0;0;0;0;0;0;0;0;-38,578550;-3,823610;;;
268673;21;10;2015;17:43;11338;AV GODOFREDO MACIEL;RUA FRANCISCO GLICERIO;;;;Colisão;Anoitecer;;;Cruz;Semáforo;Comercial;0;1;1;1;0;0;0;0;0;1;0;0;-38,569757;-3,795981;;;
268683;21;10;2015;07:04;0;AV DEP PAULINO ROCHA;;;;;Colisão;Luz do Dia;;;Meio de Quadra;;;0;1;1;0;0;0;1;0;0;1;0;0;;;;;
268677;21;10;2015;20:05;0;AV DA INDEPENDENCIA;;;;;Colisão;;;;Meio de Quadra;;;0;1;1;1;0;0;0;0;0;1;0;0;-38,587421;-3,727936;;;
258697;21;10;2015;19:20;5433;RUA MAJ FACUNDO;RUA METON DE ALENCAR;;;;Colisão Transversal;Via Iluminada;Bom;Seca;Cruz;Pare;Comercial;0;1;1;0;0;0;0;0;0;1;0;0;-38,529899;-3,733917;;;
258694;21;10;2015;13:00;1454;RUA JOAQUIM NABUCO;RUA AFONSO CELSO;;;;Colisão Traseira;Luz do Dia;Bom;Seca;;Pare;Residencial;0;0;2;1;0;0;1;0;0;0;0;0;-38,502300;-3,738407;;;
258710;21;10;2015;19:40;12733;RUA ANA NERY;RUA QUINTINO CUNHA;;;;Colisão Transversal;Via Iluminada;Bom;Seca;Cruz;Pare;Residencial;0;0;2;0;0;0;1;0;0;0;0;0;-38,544759;-3,751332;;;
258686;21;10;2015;12:30;22242;RUA CEL MOZART GONDIM;RUA IPE (ALAGADIÇO);;;;Colisão Transversal;Luz do Dia;Bom;Seca;Cruz;Pare;Residencial;0;1;1;1;0;0;0;0;0;1;0;0;-38,560214;-3,730108;;;
258681;21;10;2015;18:00;24977;RUA GAL OLAVO OLIVEIRA ALBUQUERQUE;AV ALM HENRIQUE SABOIA;;;;Colisão Transversal;Via Iluminada;Bom;Seca;T;Pare;Misto;0;0;2;1;0;0;0;0;0;1;0;0;;;;;
258679;21;10;2015;19:00;0;AV AGUANAMBI;;;1565;;Colisão Lateral;;Bom;Seca;Meio de Quadra;Semáforo;Comercial;0;1;1;1;0;0;0;0;0;1;0;0;-38,523564;-3,750958;;;
258668;21;10;2015;07:30;10695;RUA PRO HERIBALDO COSTA;RUA MON HIPOLITO BRASIL;;;;Colisão Transversal;Luz do Dia;Bom;Seca;Cruz;Pare;Comercial;0;2;1;1;0;0;0;0;0;1;0;0;-38,582275;-3,757069;;;
258647;21;10;2015;18:40;1342;RUA JOSE VILAR;RUA DR JORGE DA ROCHA;;;;Colisão Transversal;Via Iluminada;Bom;Seca;Cruz;Pare;Residencial;0;1;1;1;0;0;0;0;0;1;0;0;-38,504690;-3,735822;;;
258631;21;10;2015;09:30;0;RUA METON DE ALENCAR;;;1419;;Colisão Lateral;Luz do Dia;Bom;Seca;Meio de Quadra;Semáforo;Comercial;0;0;2;1;0;0;0;1;0;0;0;0;-38,536274;-3,731839;;;
258623;21;10;2015;11:30;1266;RUA BAR ARACATI;RUA PDE LUIS FIGUEIRA;;;;Engavetamento;Luz do Dia;Bom;Seca;Cruz;Não Há Controle;Residencial;0;0;2;1;0;0;0;0;0;0;0;0;-38,512022;-3,733156;;;
258636;21;10;2015;07:25;3419;AV JOAO PESSOA;RUA MIGUEL GONCALVES;;;;Colisão Lateral;Luz do Dia;Bom;Seca;Cruz;Pare;Residencial;0;1;1;1;0;0;0;0;0;1;0;0;-38,555080;-3,758710;;;
260140;21;10;2015;07:30;0;RD CE-040;;;;KM-07;Colisão;Luz do Dia;;Seca;Meio de Quadra;;;0;0;3;1;0;0;1;0;0;0;0;0;-38,483160;-3,817953;;;
260141;21;10;2015;12:40;0;RD CE-060;;;;KM-02;Colisão;Luz do Dia;;Seca;Meio de Quadra;;;0;0;2;1;0;0;1;0;0;0;0;0;-38,580009;-3,828028;;;
260142;21;10;2015;16:00;0;RD CE-060;;;;KM-03;Colisão;Luz do Dia;;Seca;Meio de Quadra;;;0;0;2;1;0;0;1;0;0;0;0;0;-38,582776;-3,836637;;;
260143;22;10;2015;13:30;0;RD CE-040;;;;KM-05;Colisão;Luz do Dia;;Seca;Meio de Quadra;;;0;0;2;1;0;0;0;0;0;0;0;0;-38,480349;-3,790876;;;
260144;22;10;2015;12:30;0;AV MIN JOSE AMERICO;;;;;Colisão;Luz do Dia;;Seca;Meio de Quadra;;;0;0;2;1;0;0;1;0;0;0;0;0;;;;;
258638;22;10;2015;15:00;0;AV FRANCISCO SA;;;3783;;Colisão Traseira;Luz do Dia;Bom;Seca;Meio de Quadra;Semáforo;Comercial;0;0;2;1;0;0;0;0;1;0;0;0;-38,558698;-3,716953;;;
258639;22;10;2015;15:20;0;AV FRANCISCO SA;;;3783;;Colisão Traseira;Luz do Dia;Bom;Seca;Meio de Quadra;Semáforo;Comercial;0;0;2;0;1;0;0;0;1;0;0;0;-38,558698;-3,716953;;;
258640;22;10;2015;15:25;0;RUA CON DE CASTRO;;;956;;Colisão Frontal;Luz do Dia;Bom;Seca;Meio de Quadra;;Residencial;0;1;1;0;1;0;0;0;0;1;0;0;-38,570245;-3,781544;;;
258641;22;10;2015;07:30;25509;RUA HOLANDA;RUA ANTONIO DIVINO;;;;Colisão Transversal;Luz do Dia;Bom;Seca;Cruz;Pare;Residencial;0;1;1;1;0;0;0;0;0;1;0;0;-38,559490;-3,803674;;;
258648;22;10;2015;14:30;16453;RUA 26 BATALHAO;RUA CEL MANUEL ALBANO;;;;Colisão Frontal;Luz do Dia;Bom;Seca;Cruz;Pare;Misto;0;0;2;1;0;0;0;0;0;1;0;0;-38,568374;-3,807008;;;
258646;22;10;2015;11:30;0;RUA CEL ZACARIAS J FRANCA;;;;;Colisão Lateral;Luz do Dia;Bom;Seca;;;;0;1;1;0;0;0;0;0;0;1;0;0;;;;;
258643;22;10;2015;22:00;0;RUA PDE VALDEVINO;;;1584;;Colisão Traseira;Via Iluminada;Bom;Seca;Meio de Quadra;Semáforo;Residencial;0;0;1;1;0;0;0;0;0;1;0;0;-38,510765;-3,741045;;;
258644;22;10;2015;16:45;1716;AV GOV RAUL BARBOSA;AV GAL MURILO BORGES;;;;Colisão Frontal;Luz do Dia;Bom;Seca;Cruz;Semáforo;Residencial;0;1;1;1;0;0;0;0;0;1;0;0;-38,508802;-3,763977;;;
268684;22;10;2015;07:09;0;RUA PARANA;;;;;Colisão;Luz do Dia;;;Meio de Quadra;;;0;1;1;1;0;0;0;0;0;1;0;0;-38,566326;-3,754042;;;