COD_ACIDENTE;DIA;MES;ANO;HORA;INTERSECAO;LOG1;LOG2;LOG3;NUMERO;REFERENCIA;NATUREZA;ILUMINACAO;TEMPO;SUPERFICIEPISTA;TIPOCRUZAMENTO;CONTROLETRAFEGO;USOSOLO;MORTOS;FERIDOS;ILESOS;AUTOMOVEL;ONIBUS;BICICLETA;CAMINHAO;MICROONIBUS;CICLOMOTOR;MOTOCICLETA;TRACAOANIMAL;TREM;LONG;LAT;;;
268688;22;10;2015;07:43;0;RUA VALPARAISO;;;;;Queda;Luz do Dia;;;Meio de Quadra;;;0;1;0;0;0;0;0;0;0;1;0;0;-38,529297;-3,841331;;;
268686;22;10;2015;07:10;10682;AV ROGACIANO LEITE;AV WASHINGTON SOARES;;;;Queda;Luz do Dia;;;;;;0;1;0;0;0;0;0;0;0;1;0;0;-38,491477;-3,756482;;;
268698;22;10;2015;10:17;3419;AV JOAO PESSOA;RUA MIGUEL GONCALVES;;;;Colisão;Luz do Dia;;;Cruz;Pare;Residencial;0;1;1;1;0;0;0;0;0;1;0;0;-38,555080;-3,758710;;;
268690;22;10;2015;07:54;0;AV MR HULL;;;;;Colisão;Luz do Dia;;;Meio de Quadra;;;0;1;0;0;0;0;0;0;0;0;0;0;;;;;
268695;22;10;2015;09:05;0;AV DUQ CAXIAS;;;;;Queda;Luz do Dia;;;Meio de Quadra;;;0;1;0;0;0;0;0;0;0;1;0;0;;;;;
268696;22;10;2015;09:39;17287;AV PRO GOMES DE MATOS;RUA VASCO DA GAMA;;;;Colisão;Luz do Dia;;;Cruz;Pare;Comercial;0;1;1;1;0;0;0;0;0;1;0;0;-38,547335;-3,763166;;;
268815;22;10;2015;15:37;3175;RUA VITAL BRASIL;RUA LUZIA MOREIRA;;;;Colisão;Luz do Dia;;;Cruz;Pare;Residencial;0;0;1;0;0;0;0;0;0;0;0;0;-38,593017;-3,779420;;;
268802;22;10;2015;12:23;0;AV BORGES DE MELO;;;;;Colisão;Luz do Dia;;;Meio de Quadra;;;0;1;1;1;0;0;0;0;0;1;0;0;;;;;
268803;22;10;2015;14:12;0;AV PERIMETRAL;;;;;Colisão;Luz do Dia;;;Meio de Quadra;;;0;1;1;1;0;1;0;0;0;0;0;0;;;;;
268804;22;10;2015;14:47;0;RUA ANTONIO DRUMONT;;;;EXPRESSO GUANABARA;Queda;Luz do Dia;;;Meio de Quadra;;;0;1;0;0;0;0;0;0;0;1;0;0;;;;;
268794;22;10;2015;11:27;0;AV DES FAUSTINO ALBUQUERQUE;;;;;Atropelamento;Luz do Dia;;;Meio de Quadra;;;0;1;1;1;0;0;0;0;0;0;0;0;;;;;
268796;22;10;2015;11:42;0;RUA EDSON MARTINS;;;;;Colisão;Luz do Dia;;;Meio de Quadra;;;0;1;1;1;0;0;0;0;0;1;0;0;;;;;
258594;22;10;2015;22:40;15316;RUA JOAQUIM NABUCO;RUA REPUBLICA DO LIBANO;;;;Colisão Lateral;Anoitecer;Bom;Seca;Cruz;Pare;Residencial;0;0;2;1;0;0;0;0;0;0;0;0;-38,499700;-3,730318;;;
258602;22;10;2015;07:45;11030;RUA CESAR ROSSAS;RUA 15 DE NOVEMBRO;;;;Colisão Lateral;Luz do Dia;Bom;Seca;Outros;Semáforo;Comercial;0;1;3;1;0;0;0;0;0;1;0;0;-38,555011;-3,769241;;;
258609;22;10;2015;16:40;7957;AV BAR STUDART;AV PONTES VIEIRA;;;;Colisão Lateral;Luz do Dia;Bom;Seca;T;Semáforo Intermitente;Comercial;0;0;2;1;1;0;0;0;0;0;0;0;-38,512361;-3,752590;;;
258613;22;10;2015;22:00;0;RUA BAR IBIAPABA;;;1640;;Colisão Traseira;Via Iluminada;Bom;Seca;Meio de Quadra;Não Há Controle;Comercial;0;0;2;1;0;0;0;0;0;0;0;0;;;;;
258614;22;10;2015;13:00;25142;AV BORGES DE MELO;RUA JOAO ARARIPE;;;;Colisão Frontal;Luz do Dia;Bom;Seca;Cruz;Semáforo;Residencial;0;1;1;0;0;0;1;0;0;1;0;0;-38,532143;-3,758147;;;
258598;22;10;2015;17:30;25034;AV DES MOREIRA;AV ANTONIO JUSTA;;;;Colisão Traseira;Via Iluminada;Bom;Seca;Cruz;Semáforo;Outros;0;0;2;1;0;0;0;0;0;0;0;0;-38,495474;-3,727331;;;
258599;22;10;2015;20:00;0;AV FRANCISCO SA;;;5928;;Engavetamento;Via Iluminada;Bom;Seca;Meio de Quadra;Pare;Residencial;0;0;3;1;1;0;0;0;0;0;0;0;-38,577760;-3,710423;;;
258605;22;10;2015;06:10;583;AV FRANCISCO SA;RUA COS GOUVEIA;;;;Colisão Lateral;Amanhecer;Bom;Seca;Cruz;Não Há Controle;Comercial;0;1;1;0;1;0;0;0;0;1;0;0;-38,561096;-3,716149;;;
258606;22;10;2015;08:50;0;AV JOSE BASTOS;;;2550;;Colisão Lateral;Luz do Dia;Bom;Seca;Meio de Quadra;Não Há Controle;Comercial;0;1;1;0;1;0;0;0;1;0;0;0;-38,544283;-3,743709;;;
258634;22;10;2015;13:00;0;RUA 17 CJ BEIRA RIO;;;251;;Colisão Lateral;Luz do Dia;;;Meio de Quadra;;;0;0;2;1;0;0;0;0;0;0;0;0;;;;;
258635;22;10;2015;15:00;578;AV FRANCISCO SA;RUA ENG JOAO NOGUEIRA;;;;Colisão Lateral;Luz do Dia;Bom;Seca;Cruz;Pare;Misto;0;0;2;1;0;0;0;0;0;0;0;0;-38,564050;-3,715147;;;
258616;22;10;2015;13:30;9040;RUA JAIME BENEVOLO;RUA PDE MIGUELINHO;;;;Colisão Lateral;Luz do Dia;Bom;Seca;Cruz;Pare;Misto;0;0;2;1;0;0;0;0;0;0;0;0;-38,529347;-3,744086;;;
258618;22;10;2015;08:30;3245;RUA ANSELMO NOGUEIRA;RUA SOUSA CARVALHO;;;;Colisão Lateral;Luz do Dia;Bom;Seca;Cruz;Pare;Residencial;0;0;2;1;0;0;0;0;0;0;0;0;-38,587948;-3,783796;;;
258620;22;10;2015;08:20;25261;AV LINEU MACHADO;RUA DR SULIANO;;;;Colisão Transversal;Luz do Dia;Bom;Seca;Cruz;Pare;Comercial;0;1;1;0;0;0;0;0;0;1;0;0;;;;;
258622;22;10;2015;10:30;5235;RUA PEDRO PEREIRA;RUA PRC ISABEL;;;;Colisão Transversal;Luz do Dia;Bom;Seca;Cruz;Pare;Misto;0;1;1;1;0;0;0;0;1;0;0;0;-38,535705;-3,727353;;;
258467;22;10;2015;18:30;11582;AV ROGACIANO LEITE;RUA RICARDO A BRAGA;;;;Colisão Lateral;Via Iluminada;Bom;Seca;Cruz;Pare;Comercial;0;1;1;1;0;0;0;0;0;1;0;0;-38,503315;-3,786671;;;
268868;22;10;2015;21:56;0;AV GAL OSORIO DE PAIVA;;;;;Atropelamento;;;;Meio de Quadra;;;0;1;0;0;0;0;0;0;0;1;0;0;-38,589402;-3,791707;;;
268823;22;10;2015;16:56;0;AV SGT HERMINIO SAMPAIO;;;;;Atropelamento;Luz do Dia;;;Meio de Quadra;;;0;1;1;0;0;0;0;0;0;1;0;0;-38,552724;-3,724945;;;
268824;22;10;2015;18:38;0;AV ROGACIANO LEITE;;;;;Colisão;;;;Meio de Quadra;;;0;1;1;1;0;0;0;0;0;1;0;0;-38,503288;-3,786592;;;
268849;22;10;2015;18:48;0;AV CASTELO DE CASTRO;;;1175;;Colisão;;;;Meio de Quadra;;;0;1;0;0;0;0;0;0;0;1;0;0;-38,521778;-3,840033;;;
268850;22;10;2015;21:20;0;RUA CON DE CASTRO;;;4553;;Atropelamento;;;;Meio de Quadra;;;1;0;1;0;0;0;0;0;0;1;0;0;-38,591919;-3,805018;;;
271861;22;10;2015;11:00;0;RUA TULIPA NEGRA;;;;;Colisão;Luz do Dia;;;Meio de Quadra;;;0;0;2;0;0;0;0;0;0;0;0;0;;;;;
271865;22;10;2015;12:12;2715;RUA ITU;RUA EDSON MARTINS;;;;Colisão;Luz do Dia;;;;;;0;0;2;0;0;0;0;0;0;0;0;0;-38,602186;-3,789521;;;
271866;22;10;2015;12:21;0;RUA TULIPA NEGRA;;;;;Colisão;Luz do Dia;;;Meio de Quadra;;;0;0;2;0;0;0;0;0;0;0;0;0;;;;;
271867;22;10;2015;15:58;0;RUA VITORIA;;;;;Colisão;Luz do Dia;;;Meio de Quadra;;;0;0;2;0;0;0;0;0;0;0;0;0;;;;;
259323;22;10;2015;18:00;0;RD BR 116;;;1000;KM-01;Colisão Lateral;Anoitecer;Bom;Seca;Meio de Quadra;Não Há Controle;Comercial;0;2;2;0;0;0;1;0;0;1;0;0;-38,518702;-3,762554;;;
265948;22;10;2015;08:57;0;AV BORGES DE MELO;;;;;Colisão;Luz do Dia;;;Meio de Quadra;;;0;0;2;0;1;0;0;0;0;0;0;0;;;;;
265946;22;10;2015;08:42;0;RUA PERDIGAO DE OLIVEIRA;;;;;Colisão;Luz do Dia;;;Meio de Quadra;;;0;0;2;1;0;0;0;0;0;0;0;0;;;;;
265950;22;10;2015;14:41;0;RUA EMILIO DE MENESES;;;;;Colisão;Luz do Dia;;;Meio de Quadra;;;0;0;2;1;0;0;0;0;0;1;0;0;;;;;
258466;22;10;2015;19:20;0;RUA ABAIARA;;;;;Colisão Lateral;Via Iluminada;Bom;Seca;Meio de Quadra;Não Há Controle;Residencial;0;0;2;1;0;0;0;0;0;0;0;0;;;;;
258460;22;10;2015;08:00;0;AV DEP PAULINO ROCHA;;;;;Colisão Lateral;Luz do Dia;Bom;Seca;Meio de Quadra;Não Há Controle;Lazer;0;2;0;0;0;0;0;0;0;1;0;0;;;;;
258452;22;10;2015;07:45;9169;AV LUCIANO CARNEIRO;RUA DR ALFREDO WEYNE D14;;;;Colisão Traseira;Luz do Dia;Nublado;Seca;;Não Há Controle;Comercial;0;0;3;1;0;0;0;0;0;0;0;0;-38,533556;-3,754682;;;
258453;22;10;2015;09:15;0;RUA SAO PAULO;;;2083;;Colisão Lateral;Luz do Dia;Bom;Seca;Meio de Quadra;Não Há Controle;Misto;0;0;2;1;0;0;0;0;0;0;0;0;-38,543964;-3,720632;;;
258455;22;10;2015;11:30;3831;AV 13 DE MAIO;RUA MAL DEODORO;;;;Colisão Traseira;Luz do Dia;Bom;Seca;Cruz;Semáforo;Comercial;0;0;2;1;0;0;0;0;0;0;0;0;-38,536588;-3,743122;;;
258456;22;10;2015;16:00;19720;RUA AZEVEDO BOLAO;RUA GAL PIRAGIBE;;;;Colisão Lateral;Luz do Dia;Bom;Seca;Cruz;Pare;Comercial;0;1;1;1;0;0;0;0;0;1;0;0;-38,558172;-3,736738;;;
258449;22;10;2015;12:30;12352;RUA MON HIPOLITO BRASIL;RUA ERNESTO PEDRO SANTOS;;;;Colisão Transversal;Luz do Dia;Bom;Seca;Cruz;Pare;Residencial;0;1;1;1;0;0;0;0;0;1;0;0;-38,575314;-3,760775;;;
258450;22;10;2015;13:30;5523;AV FLAMBOYANTS;AL CRAVOS;;;;Colisão Lateral;Luz do Dia;Bom;Seca;Cruz;Pare;Residencial;0;0;2;1;0;0;0;0;0;0;0;0;-38,475540;-3,750335;;;
258423;22;10;2015;17:00;0;RUA DR CARLOS R PAMPLONA;;;;;Colisão Transversal;Anoitecer;Bom;Seca;Meio de Quadra;Outros;Residencial;0;1;1;0;0;0;0;0;0;1;0;0;;;;;
258420;22;10;2015;17:00;21990;RUA MAJ PEDRO SAMPAIO;RUA CANDIDO JUCA;;;;Colisão Transversal;Anoitecer;Bom;Seca;Cruz;Pare;Misto;0;1;1;1;0;0;0;0;0;1;0;0;-38,548182;-3,740460;;;
258416;22;10;2015;19:30;2877;AV GAL OSORIO DE PAIVA;RUA DR FERNANDO AUGUSTO;;;;Colisão Lateral;Via Iluminada;Bom;Seca;Cruz;Não Há Controle;Comercial;0;0;2;1;0;0;0;1;0;0;0;0;-38,593760;-3,796140;;;
258429;22;10;2015;09:10;25033;AV BEZERRA DE MENEZES;RUA ANTONINA DO NORTE;;;;Colisão Traseira;Luz do Dia;Bom;Seca;T;Não Há Controle;Comercial;0;0;2;0;1;0;0;0;0;0;0;0;-38,553697;-3,733440;;;
258426;22;10;2015;12:00;0;AV BENJAMIM BRASIL;;;1600;;Colisão Traseira;Luz do Dia;Bom;Seca;Meio de Quadra;Não Há Controle;Residencial;0;1;1;1;0;0;0;0;0;1;0;0;-38,562544;-3,806326;;;
258463;22;10;2015;18:30;0;AV SGT HERMINIO SAMPAIO;;;2330;;Colisão Traseira;Mal Iluminada;Bom;Seca;Meio de Quadra;Semáforo;Residencial;0;0;3;1;0;0;0;0;0;0;0;0;-38,561788;-3,726602;;;
258433;23;10;2015;08:30;0;RUA JOSE MOREIRA;;;373;;Colisão Lateral;Luz do Dia;Bom;Seca;Meio de Quadra;;Comercial;0;0;3;1;1;0;0;0;0;0;0;0;;;;;
258445;23;10;2015;01:30;0;AV JOSE BASTOS;;;2550;;Choque c/ Obstáculo Fixo;Via Iluminada;Bom;Seca;Meio de Quadra;Não Há Controle;Comercial;0;1;2;1;0;0;0;0;0;0;0;0;-38,544283;-3,743709;;;
258446;23;10;2015;21:30;15320;RUA ANA BILHAR;RUA CEL LINHARES;;;;Colisão Transversal;;;;Cruz;Pare;Residencial;0;0;2;1;0;0;0;0;0;0;0;0;-38,492228;-3,730568;;;
258438;23;10;2015;18:40;0;AV WENEFRIDO MELO;;;268;;Colisão Lateral;Via Iluminada;Bom;Seca;Meio de Quadra;Não Há Controle;Residencial;0;0;2;1;0;0;1;0;0;0;0;0;-38,576854;-3,809821;;;
258439;23;10;2015;;10464;AV I CJ CEARA;RUA SAO JOAO D34 (BONSUCESSO);;;;Colisão Lateral;Luz do Dia;Bom;Seca;Cruz;Pare;Comercial;0;0;3;1;0;0;0;0;0;0;0;0;-38,597538;-3,770213;;;
258435;23;10;2015;13:10;1437;RUA SILVA PAULET;RUA JOAO CARVALHO;;;;Colisão Lateral;Luz do Dia;Bom;Seca;Cruz;Pare;Comercial;0;0;2;1;0;0;0;0;0;0;0;0;-38,506557;-3,737966;;;
258436;23;10;2015;12:19;1716;AV GOV RAUL BARBOSA;RUA CAP ARAGAO;;;;Colisão Lateral;Luz do Dia;Bom;Seca;Cruz;Semáforo;Residencial;0;1;1;0;0;1;0;0;0;1;0;0;-38,508802;-3,763977;;;
258441;23;10;2015;08:50;15357;RUA LEONARDO MOTA;RUA PEREIRA VALENTE;;;;Atropelamento;Luz do Dia;Bom;Seca;Cruz;Pare;Misto;1;1;0;1;0;0;0;0;0;0;0;0;-38,495134;-3,732885;;;
258442;23;10;2015;20:00;0;AV N CJ JOSE WALTER;;;;;Colisão Lateral;Via Iluminada;Bom;Seca;Meio de Quadra;Semáforo;Residencial;0;2;1;1;0;0;0;0;0;0;0;0;;;;;
258458;23;10;2015;10:30;0;AV BEZERRA DE MENEZES;;;2495;;Colisão Lateral;Luz do Dia;Bom;Seca;Meio de Quadra;Não Há Controle;Comercial;0;0;2;1;0;0;0;0;0;0;0;0;-38,566827;-3,736168;;;
258459;23;10;2015;16:20;25150;RUA JOAQUIM NABUCO;RUA ISAC AMARAL;;;;Colisão Transversal;Luz do Dia;Bom;Seca;Cruz;Semáforo;Misto;0;1;1;1;0;0;0;0;0;1;0;0;-38,506752;-3,752218;;;
258462;23;10;2015;16:30;1287;RUA PINTO MADEIRA;RUA BAR ARACATI;;;;Colisão Transversal;Via Iluminada;Bom;Seca;Cruz;Pare;Residencial;0;2;1;1;0;0;0;0;0;1;0;0;-38,512278;-3,733944;;;
265955;23;10;2015;04:23;0;AV GODOFREDO MACIEL;;;;;Colisão;;;;Meio de Quadra;;;0;0;2;1;0;0;0;0;0;0;0;0;;;;;
265960;23;10;2015;09:15;0;RUA URUCUTUBA;;;;;Colisão;Luz do Dia;;;Meio de Quadra;;;0;0;2;1;0;0;0;0;0;0;0;0;;;;;
268946;23;10;2015;18:32;0;RUA PDE VALDEVINO;;;;;Queda;;;;Meio de Quadra;;;0;1;0;0;0;0;0;0;0;1;0;0;-38,511081;-3,740946;;;
268949;23;10;2015;19:49;0;RUA PDE FRANCISCO PITA;;;;;Colisão;;;;Meio de Quadra;;;0;1;1;1;0;0;0;0;0;1;0;0;-38,503709;-3,780389;;;
268951;23;10;2015;23:34;12805;RUA EDITE BRAGA;RUA DELMIRO FARIAS;;;;Colisão;;;;Cruz;Pare;Rural;0;1;0;0;0;0;0;0;0;0;0;0;-38,542547;-3,754669;;;
268930;23;10;2015;13:11;0;AV C CJ CEARA;;;;;Colisão;Luz do Dia;;;Meio de Quadra;;;0;1;0;0;0;0;0;0;0;1;0;0;;;;;
268932;23;10;2015;13:48;0;AV F CJ JOSE WALTER;;;;;Atropelamento;Luz do Dia;;;Meio de Quadra;;;0;1;1;1;0;0;0;0;0;0;0;0;-38,560649;-3,834765;;;
268917;23;10;2015;09:17;0;RUA JULIO SILVA;;;;;Queda;Luz do Dia;;;Meio de Quadra;;;0;1;0;0;0;0;0;0;0;1;0;0;;;;;
268919;23;10;2015;09:47;0;AV CASTELO DE CASTRO;;;;;Colisão;Luz do Dia;;;Meio de Quadra;;;0;1;1;1;0;0;0;0;0;1;0;0;;;;;
268926;23;10;2015;12:20;1716;AV GOV RAUL BARBOSA;AV GAL MURILO BORGES;;;;Colisão;Luz do Dia;;;Cruz;Semáforo;Residencial;0;1;0;0;0;0;0;0;0;0;0;0;-38,508802;-3,763977;;;
268887;23;10;2015;07:07;0;RUA ERETIDES MARTINS;;;;;Atropelamento;Luz do Dia;;;Meio de Quadra;;;0;1;1;1;0;0;0;0;0;0;0;0;;;;;
268888;23;10;2015;07:21;0;RUA AZEVEDO BOLAO;;;;;Colisão;Luz do Dia;;;Meio de Quadra;;;0;1;1;1;0;0;0;0;0;1;0;0;;;;;
268882;23;10;2015;06:26;0;AV PERIMETRAL;;;;;Colisão;Luz do Dia;;;Meio de Quadra;;;0;1;0;0;0;0;0;0;0;0;0;0;;;;;
268883;23;10;2015;07:01;18085;RUA PAULO MENDES;RUA PIN ANTONIO BANDEIRA;;;;Colisão;Luz do Dia;;;;;;0;1;1;0;0;0;1;0;0;1;0;0;-38,454903;-3,742978;;;
259325;23;10;2015;06:30;0;RD BR 116;;;5000;KM-05;Colisão Traseira;Luz do Dia;Bom;Seca;Meio de Quadra;Não Há Controle;Comercial;0;0;2;1;0;0;0;0;0;0;0;0;-38,506787;-3,796502;;;
271873;23;10;2015;11:05;0;RUA ALBERTO DE OLIVEIRA;;;;;Colisão;Luz do Dia;;;Meio de Quadra;;;0;0;2;0;0;0;0;0;0;0;0;0;;;;;
271879;23;10;2015;20:14;0;RUA SAO FELIPE D71;;;;;Colisão;;;;Meio de Quadra;;;0;0;2;0;0;0;0;0;0;0;0;0;;;;;
271876;23;10;2015;16:06;0;LOGRADOURO SEM NOME;;;;;Atropelamento;Luz do Dia;;;Meio de Quadra;;;0;0;2;0;0;0;0;0;0;0;0;0;;;;;
268869;23;10;2015;00:37;0;RUA JORGE DUMAR;;;;;Colisão;;;;Meio de Quadra;;;0;1;0;0;0;0;0;0;0;0;0;0;-38,539682;-3,754044;;;
268870;23;10;2015;00:59;0;AV JOSE BASTOS;;;;;Colisão;;;;Meio de Quadra;;;0;1;0;1;0;0;0;0;0;0;0;0;-38,544283;-3,743709;;;
268871;23;10;2015;06:04;0;AV PERIMETRAL;;;;;Colisão;Luz do Dia;;;Meio de Quadra;;;0;1;0;0;0;0;0;0;0;1;0;0;;;;;
258473;23;10;2015;07:50;23443;RUA MON SALAZAR;RUA BARROS LEAL;;;;Colisão Transversal;Luz do Dia;Bom;Seca;Cruz;Pare;Residencial;0;0;2;1;0;0;0;0;0;0;0;0;-38,518728;-3,756583;;;
258475;23;10;2015;07:00;19695;RUA AZEVEDO BOLAO;RUA CRUZ SALDANHA;;;;Colisão Transversal;Luz do Dia;Bom;Seca;Cruz;Não Há Controle;Residencial;0;1;1;1;0;0;0;0;0;1;0;0;-38,553848;-3,735858;;;
258477;23;10;2015;21:15;12672;AV MAJ ASSIS;RUA ANA BATISTA;;;;Colisão Frontal;Via Iluminada;Bom;Seca;Cruz;;Residencial;0;1;1;1;0;0;0;0;0;1;0;0;;;;;
258478;23;10;2015;15:10;83;RUA PDE PERDIGAO SAMPAIO;RUA SAO VICENTE DE PAULA D29;;;;Colisão Lateral;;Bom;Seca;Cruz;Pare;Misto;0;0;2;0;0;0;1;0;0;0;0;0;-38,594827;-3,738729;;;
258479;23;10;2015;07:20;1491;RUA CEL LINHARES;RUA EDUARDO GARCIA;;;;Colisão Lateral;Luz do Dia;Bom;Seca;Cruz;Dê Preferência;Residencial;0;0;2;1;0;0;0;0;0;0;0;0;-38,495077;-3,739480;;;
258480;23;10;2015;05:40;15804;RUA ANTONINO BARROS;RUA PERGENTINO MAIA;;;;Colisão Transversal;Luz do Dia;Bom;Seca;Cruz;Pare;Comercial;0;1;1;1;0;0;0;0;1;0;0;0;-38,488977;-3,831390;;;
258491;23;10;2015;06:20;0;RUA CEL MATOS DOURADO;;;;;Colisão Traseira;Luz do Dia;Bom;Seca;Meio de Quadra;Dê Preferência;Comercial;0;0;2;1;1;0;0;0;0;0;0;0;;;;;
258493;23;10;2015;18:00;7760;AV ANTONIO SALES;RUA SILVA PAULET;;;;Colisão Lateral;Via Iluminada;Bom;Seca;Cruz;Pare;Outros;0;0;2;1;0;0;0;0;0;0;0;0;-38,508383;-3,743595;;;
258489;23;10;2015;13:07;7863;RUA BARBOSA DE FREITAS;RUA ARAQUEM SILVA;;;;Colisão Traseira;Luz do Dia;Bom;Seca;T;Pare;Comercial;0;0;2;1;0;0;1;0;0;0;0;0;-38,501779;-3,750367;;;
258487;23;10;2015;11:00;0;AV VICENTE DE CASTRO;;;6270;;Colisão Transversal;Luz do Dia;Bom;Seca;Meio de Quadra;;;0;0;2;1;0;0;0;0;0;0;0;0;-38,471858;-3,710455;;;
258499;23;10;2015;18:02;5371;RUA VINTE E QUATRO DE MAIO;RUA GAL CLARINDO DE QUEIROZ;;;;Colisão;Mal Iluminada;Bom;Seca;Cruz;Pare;Comercial;0;0;2;1;1;0;0;0;0;0;0;0;-38,533532;-3,731621;;;
258500;23;10;2015;08:00;10749;AV SEN FERNANDES TAVORA;RUA PRO HERIBALDO COSTA;;;;Colisão Transversal;Luz do Dia;Bom;Seca;Cruz;Semáforo;Comercial;0;1;1;0;1;0;0;0;0;1;0;0;-38,584384;-3,761006;;;
258501;23;10;2015;12:35;20042;AV DEP PAULINO ROCHA;AV PRS JUSCELINO KUBITSCHEK (PASSARÉ);;;;Colisão Lateral;Luz do Dia;Bom;Seca;Rotatória;Não Há Controle;Outros;0;0;2;1;0;0;0;0;0;0;0;0;-38,524782;-3,807229;;;
258496;23;10;2015;19:00;5723;AV OLIVEIRA PAIVA;RUA MON ANTERO;;;;Colisão Transversal;Via Iluminada;Bom;Seca;T;Semáforo;Comercial;0;0;2;1;1;0;0;0;0;0;0;0;-38,493198;-3,795604;;;
258497;23;10;2015;12:15;3332;RUA VIRIATO RIBEIRO;RUA OSCAR LOPES;;;;Colisão Transversal;Luz do Dia;Bom;Seca;Cruz;Pare;Residencial;0;0;2;1;0;0;1;0;0;0;0;0;-38,562331;-3,749188;;;
258504;23;10;2015;10:50;0;AV PRS JUSCELINO KUBITSCHEK (PASSARÉ);;;4219;;Colisão Traseira;Luz do Dia;Bom;Seca;Meio de Quadra;Não Há Controle;Residencial;0;0;2;1;0;0;0;0;0;0;0;0;-38,532816;-3,817937;;;
258509;23;10;2015;15:30;0;AV AGUANAMBI;;;795;;Colisão Traseira;Luz do Dia;Bom;Seca;Meio de Quadra;Não Há Controle;Comercial;0;0;2;1;0;0;0;0;0;0;0;0;-38,525809;-3,742903;;;
258510;23;10;2015;21:15;0;RUA PDE PERDIGAO SAMPAIO;;;249;;Colisão Transversal;Via Iluminada;Bom;Seca;Meio de Quadra;Não Há Controle;Residencial;0;0;2;1;0;0;0;0;0;0;0;0;-38,594936;-3,737947;;;
258506;23;10;2015;08:30;0;RUA CEL ZACARIAS J FRANCA;;;500;;Colisão Transversal;Luz do Dia;Bom;Seca;Meio de Quadra;Não Há Controle;Residencial;0;1;1;1;0;0;0;0;0;1;0;0;-38,506044;-3,806716;;;
260145;23;10;2015;07:30;0;RD CE-025;;;;KM-01;Colisão;Luz do Dia;;Seca;Meio de Quadra;;;0;0;2;0;0;0;1;0;0;0;0;0;-38,470976;-3,807681;;;
260146;23;10;2015;09:20;0;RD CE-040;;;;KM-06;Colisão;Luz do Dia;;Seca;Meio de Quadra;;;0;0;2;0;1;0;0;0;0;0;0;0;-38,478781;-3,811270;;;
260156;23;10;2015;18:30;0;RD CE-040;;;;KM-12;Colisão;Via Iluminada;;Seca;Meio de Quadra;;;0;0;2;0;0;0;0;0;0;0;0;0;-38,476237;-3,848945;;;
260151;23;10;2015;15:42;0;RD CE-040;;;;KM-06;Colisão;Luz do Dia;;Seca;Meio de Quadra;;;0;0;2;1;0;0;0;0;0;1;0;0;-38,478781;-3,811270;;;
260592;24;10;2015;;22081;RUA CAP FRANCISCO PEDRO;RUA GUSTAVO BRAGA;;;;Colisão Transversal;Luz do Dia;Bom;Seca;Cruz;Pare;Residencial;0;1;1;1;0;0;0;0;0;0;0;0;-38,552452;-3,751155;;;
260655;24;10;2015;;9198;RUA BAR ARATANHA;RUA COSTA ARAUJO;;;;Colisão Lateral;Via Iluminada;Bom;Seca;Cruz;Pare;Comercial;0;1;1;1;0;0;0;0;0;1;0;0;-38,531099;-3,746946;;;
260641;24;10;2015;09:20;0;AV ALM HENRIQUE SABOIA;;;1300;TERMINAL DO PAPICU;Colisão Traseira;Luz do Dia;Bom;Seca;Meio de Quadra;Pare;Comercial;0;1;1;1;0;0;0;0;1;0;0;0;-38,485940;-3,737974;;;
260642;24;10;2015;12:15;0;RUA JOSE MOREIRA;;;;;Colisão Lateral;Luz do Dia;Bom;Seca;Meio de Quadra;Não Há Controle;Comercial;0;1;1;1;0;0;0;0;0;1;0;0;;;;;
260649;24;10;2015;15:30;1437;RUA SILVA PAULET;RUA JOAO CARVALHO;;;;Colisão Transversal;Luz do Dia;Bom;Seca;Cruz;Pare;Comercial;0;0;2;1;0;0;0;0;0;0;0;0;-38,506557;-3,737966;;;
260620;24;10;2015;16:30;19696;RUA GUSTAVO SAMPAIO;RUA DOM JOSE LOURENCO  D27;;;;Colisão Transversal;;Bom;Seca;Cruz;Pare;Comercial;0;0;2;1;0;0;0;0;0;0;0;0;-38,559501;-3,735880;;;
260604;24;10;2015;07:20;18098;AV DIOGUINHO;RUA JOAO NOGUEIRA BORGES;;;;Colisão Traseira;Luz do Dia;Bom;Seca;Cruz;Não Há Controle;Lazer;0;4;2;0;1;0;0;0;0;0;0;0;-38,451477;-3,745029;;;
260605;24;10;2015;02:30;18282;RUA TREMEMBES;RUA TABAJARAS;;;;Atropelamento;Via Iluminada;Bom;Seca;T;Pare;Comercial;0;1;1;1;0;0;0;0;0;0;0;0;-38,515945;-3,719381;;;
260618;24;10;2015;11:30;0;AV FRE CIRILO;;;4735;;Colisão Lateral;Luz do Dia;Bom;Seca;Meio de Quadra;Pare;Residencial;0;1;1;1;0;0;0;0;0;1;0;0;-38,493926;-3,825342;;;
260639;24;10;2015;07:50;19313;RUA GERMANO FRANCK;RUA CON LIMA SUCUPIRA;;;;Colisão Lateral;Luz do Dia;Bom;Seca;Cruz;Pare;Residencial;0;0;2;1;0;0;0;0;0;0;0;0;-38,559584;-3,775196;;;