COD_ACIDENTE;DIA;MES;ANO;HORA;INTERSECAO;LOG1;LOG2;LOG3;NUMERO;REFERENCIA;NATUREZA;ILUMINACAO;TEMPO;SUPERFICIEPISTA;TIPOCRUZAMENTO;CONTROLETRAFEGO;USOSOLO;MORTOS;FERIDOS;ILESOS;AUTOMOVEL;ONIBUS;BICICLETA;CAMINHAO;MICROONIBUS;CICLOMOTOR;MOTOCICLETA;TRACAOANIMAL;TREM;LONG;LAT;;;
260610;24;10;2015;10:00;5343;AV BEZERRA DE MENEZES;RUA PDE IBIAPINA;;;;Colisão Lateral;Luz do Dia;Nublado;Seca;Cruz;Semáforo;Comercial;0;0;2;1;0;0;0;0;0;0;0;0;-38,539973;-3,730548;;;
260611;24;10;2015;09:00;0;AV JOR THOMAZ COELHO;;;;;Colisão;Luz do Dia;Bom;Seca;Meio de Quadra;Outros;Residencial;0;0;2;1;1;0;0;0;0;0;0;0;;;;;
260612;24;10;2015;03:00;0;RUA BETEL;;;1119;;Choque c/ Obstáculo Fixo;Amanhecer;Bom;Seca;Meio de Quadra;Outros;Residencial;0;0;1;0;0;0;0;0;0;0;0;0;-38,550993;-3,788207;;;
260602;24;10;2015;16:00;23514;RUA ANA GONCALVES;RUA CAP MELO;;;;Colisão Lateral;Luz do Dia;Bom;Seca;Cruz;Pare;Residencial;0;1;1;1;0;0;0;0;0;1;0;0;-38,512491;-3,759519;;;
260600;24;10;2015;14:20;0;AV GAL OSORIO DE PAIVA;;;;;Colisão Traseira;Luz do Dia;Bom;Seca;Meio de Quadra;Não Há Controle;Comercial;0;0;2;1;1;0;0;0;0;0;0;0;;;;;
260598;24;10;2015;02:10;25231;AV PRS COSTA E SILVA;AV I CJ JOSE WALTER;;;;Choque c/ Obstáculo Fixo;Via Iluminada;Bom;Seca;T;Não Há Controle;Residencial;0;1;0;1;0;0;0;0;0;0;0;0;-38,550232;-3,823494;;;
260583;24;10;2015;16:40;1351;RUA DES LEITE ALBUQUERQUE;RUA TIBURCIO CAVALCANTE;;;;Colisão Transversal;Luz do Dia;Bom;Seca;Cruz;Pare;Residencial;0;0;2;1;0;0;0;0;0;0;0;0;-38,502587;-3,735956;;;
260584;24;10;2015;06:00;0;RUA DA PAZ;;;;;Choque c/ Obstáculo Fixo;Luz do Dia;Bom;Seca;Meio de Quadra;Não Há Controle;Residencial;0;0;1;1;0;0;0;0;0;0;0;0;;;;;
260595;24;10;2015;09:10;12847;RUA SALDANHA MARINHO;RUA MAJ FACUNDO;;;;Colisão Transversal;;Bom;Seca;Cruz;Pare;Residencial;0;1;1;0;0;0;0;0;0;1;0;0;-38,532454;-3,741916;;;
271890;24;10;2015;11:32;0;AV DOS EXPEDICIONARIOS;;;;;Colisão;Luz do Dia;;;Meio de Quadra;;;0;0;2;0;0;0;0;0;0;0;0;0;;;;;
271891;24;10;2015;11:33;21579;RUA COM GARCIA;RUA AGAMENON;;;;Colisão;Luz do Dia;;;Cruz;Pare;Residencial;0;0;2;0;0;0;0;0;0;0;0;0;-38,584177;-3,794234;;;
271883;24;10;2015;10:09;0;AV MIGUEL DIAS;;;;;Colisão;Luz do Dia;;;Meio de Quadra;;;0;0;2;0;0;0;0;0;0;0;0;0;;;;;
271888;24;10;2015;11:17;0;RUA VERBENA;;;;;Colisão;Luz do Dia;;;Meio de Quadra;;;0;0;2;0;0;0;0;0;0;0;0;0;;;;;
271901;24;10;2015;12:53;0;RUA ASP MENDES;;;;;Colisão;Luz do Dia;;;Meio de Quadra;;;0;0;2;0;0;0;0;0;0;0;0;0;;;;;
271908;24;10;2015;15:16;0;RUA DR RIBAMAR LOBO;;;;;Colisão;Luz do Dia;;;Meio de Quadra;;;0;0;2;0;0;0;0;0;0;0;0;0;;;;;
271910;24;10;2015;16:18;0;AV PRS JUSCELINO KUBITSCHEK (PASSARÉ);;;;;Colisão;Luz do Dia;;;Meio de Quadra;;;0;0;2;0;0;0;0;0;0;0;0;0;;;;;
271904;24;10;2015;13:23;0;RUA CORREIA LIMA D39;;;;;Capotamento;Luz do Dia;;;Meio de Quadra;;;0;0;1;0;0;0;0;0;0;0;0;0;;;;;
271898;24;10;2015;12:43;17312;RUA ALAN KARDEC;RUA EDITE BRAGA;;;;Atropelamento;Luz do Dia;;;;;;0;0;2;0;0;0;0;0;0;0;0;0;-38,550631;-3,764281;;;
271894;24;10;2015;12:30;17347;RUA ALBERTO MAGNO;RUA IRM BAZET;;;;Colisão;Luz do Dia;;;Cruz;Pare;Comercial;0;0;2;0;0;0;0;0;0;0;0;0;-38,550525;-3,765502;;;
271922;24;10;2015;17:25;0;RUA JOSE TORRES;;;;;Colisão;Anoitecer;;;Meio de Quadra;;;0;0;2;0;0;0;0;0;0;0;0;0;;;;;
271912;24;10;2015;16:20;0;AV I CJ CEARA;;;;;Colisão;Luz do Dia;;;Meio de Quadra;;;0;0;2;0;0;0;0;0;0;0;0;0;;;;;
271916;24;10;2015;16:36;18387;AV SGT HERMINIO SAMPAIO;AV OLAVO BILAC;;;;Colisão;Luz do Dia;;;Cruz;Semáforo;Residencial;0;0;2;0;0;0;0;0;0;0;0;0;-38,565080;-3,727179;;;
271919;24;10;2015;17:19;0;RUA MOURA MATOS;;;;;Colisão;Anoitecer;;;Meio de Quadra;;;0;0;2;0;0;0;0;0;0;0;0;0;;;;;
271920;24;10;2015;17:22;0;AV CENTRAL;;;;;Atropelamento;Anoitecer;;;Meio de Quadra;;;0;0;2;0;0;0;0;0;0;0;0;0;;;;;
271942;24;10;2015;17:40;0;AV A CJ CEARA;;;;;Colisão;Anoitecer;;;Meio de Quadra;;;0;0;2;0;0;0;0;0;0;0;0;0;;;;;
271932;24;10;2015;17:34;0;RUA DOS PRACINHAS;;;;;Colisão;Anoitecer;;;Meio de Quadra;;;0;0;2;0;0;0;0;0;0;0;0;0;;;;;
271929;24;10;2015;17:29;0;AV PAROARAS;;;;;Colisão;Anoitecer;;;Meio de Quadra;;;0;0;2;0;0;0;0;0;0;0;0;0;;;;;
271955;24;10;2015;18:29;20145;RUA PRO JOSE SILVEIRA;RUA POMPILIO GOMES;;;;Colisão;Anoitecer;;;Cruz;Pare;Residencial;0;0;2;0;0;0;0;0;0;0;0;0;-38,519895;-3,811008;;;
271959;24;10;2015;18:32;0;AV ROGACIANO LEITE;;;;;Colisão;;;;Meio de Quadra;;;0;0;2;0;0;0;0;0;0;0;0;0;;;;;
271960;24;10;2015;18:32;19561;AV GODOFREDO MACIEL;RUA ANTONIO BANDEIRA D41;;;;Colisão;;;;Cruz;Semáforo;Misto;0;0;2;0;0;0;0;0;0;0;0;0;-38,565838;-3,783278;;;
271966;24;10;2015;19:07;0;AV FRE CIRILO;;;;;Colisão;;;;Meio de Quadra;;;0;0;2;0;0;0;0;0;0;0;0;0;;;;;
271970;24;10;2015;19:17;22194;AV SGT HERMINIO SAMPAIO;RUA ERETIDES MARTINS;;;;Colisão;;;;Cruz;Semáforo;Comercial;0;0;2;0;0;0;0;0;0;0;0;0;-38,560489;-3,726371;;;
271974;24;10;2015;19:30;5881;RUA 1133 CJ CEARA;AV J CJ CEARA;;;;Atropelamento;;;;;Não Há Controle;Residencial;0;0;2;0;0;0;0;0;0;0;0;0;-38,612587;-3,759464;;;
271975;24;10;2015;19:32;0;AV GODOFREDO MACIEL;;;;;Choque c/ Obstáculo Fixo;;;;Meio de Quadra;;;0;0;1;0;0;0;0;0;0;0;0;0;;;;;
271976;24;10;2015;19:33;0;AV DR SILAS MUNGUBA;;;;;Colisão;;;;Meio de Quadra;;;0;0;2;0;0;0;0;0;0;0;0;0;;;;;
271963;24;10;2015;18:38;0;RUA CANDIDO MAIA;;;;;Colisão;;;;Meio de Quadra;;;0;0;2;0;0;0;0;0;0;0;0;0;;;;;
271980;24;10;2015;19:39;0;AV SEN VIRGILIO TAVORA;;;;;Colisão;;;;Meio de Quadra;;;0;0;2;0;0;0;0;0;0;0;0;0;;;;;
272053;24;10;2015;23:47;1566;RUA SILVA PAULET;RUA PDE VALDEVINO;;;;Colisão;;;;Cruz;Pare;Comercial;0;0;2;0;0;0;0;0;0;0;0;0;-38,507851;-3,741957;;;
272055;24;10;2015;23:50;25210;RUA FRE MANSUETO;AV BEIRA MAR;;;;Colisão;;;;T;Pare;Residencial;0;0;2;0;0;0;0;0;0;0;0;0;-38,489755;-3,724071;;;
272056;24;10;2015;23:59;18940;RUA OSCARITO;RUA CANGURU;;;;Colisão;;;;;;;0;0;2;0;0;0;0;0;0;0;0;0;-38,526332;-3,848066;;;
272042;24;10;2015;23:04;0;RUA JOAQUIM LEITAO;;;;;Colisão;;;;Meio de Quadra;;;0;0;2;0;0;0;0;0;0;0;0;0;;;;;
272038;24;10;2015;21:55;1322;AV DOM LUIS;RUA VICENTE LEITE;;;;Capotamento;;;;Cruz;Semáforo;Comercial;0;0;1;0;0;0;0;0;0;0;0;0;-38,494467;-3,734197;;;
272040;24;10;2015;21:56;0;RUA ESV PINHEIRO;;;;;Colisão;;;;Meio de Quadra;;;0;0;2;0;0;0;0;0;0;0;0;0;;;;;
272034;24;10;2015;21:52;0;AV AGUANAMBI;;;;;Colisão;;;;Meio de Quadra;;;0;0;2;0;0;0;0;0;0;0;0;0;;;;;
272030;24;10;2015;20:45;0;LOGRADOURO SEM NOME;;;;;Choque c/ Obstáculo Fixo;;;;Meio de Quadra;;;0;0;2;0;0;0;0;0;0;0;0;0;;;;;
272028;24;10;2015;20:40;0;RUA PORTO VELHO;;;;;Choque c/ Obstáculo Fixo;;;;Meio de Quadra;;;0;0;1;0;0;0;0;0;0;0;0;0;;;;;
272023;24;10;2015;20:24;1292;RUA MARCOS MACEDO;AV DES MOREIRA;;;;Colisão;;;;Cruz;;Comercial;0;0;2;0;0;0;0;0;0;0;0;0;-38,497711;-3,734244;;;
272016;24;10;2015;19:56;0;RUA GERMANO FRANCK;;;;;Colisão;;;;Meio de Quadra;;;0;0;2;0;0;0;0;0;0;0;0;0;;;;;
272005;24;10;2015;19:55;0;AV PRS CASTELO BRANCO;;;;;Colisão;;;;Meio de Quadra;;;0;0;2;0;0;0;0;0;0;0;0;0;;;;;
271987;24;10;2015;19:45;0;RUA DOS PRACINHAS;;;;;Colisão;;;;;;;0;0;2;0;0;0;0;0;0;0;0;0;;;;;
271988;24;10;2015;19:47;0;AV DA UNIVERSIDADE;;;;;Colisão;;;;Meio de Quadra;;;0;0;2;0;0;0;0;0;0;0;0;0;;;;;
271983;24;10;2015;19:41;0;RUA AFONSO LOPES;;;;;Colisão;;;;Meio de Quadra;;;0;0;2;0;0;0;0;0;0;0;0;0;;;;;
271992;24;10;2015;19:52;0;AV EDUARDO GIRAO;;;;;Colisão;;;;Meio de Quadra;;;0;0;2;0;0;0;0;0;0;0;0;0;;;;;
272020;24;10;2015;20:20;0;AV 13 DE MAIO;;;;;Colisão;;;;Meio de Quadra;;;0;0;2;0;0;0;0;0;0;0;0;0;;;;;
259326;24;10;2015;16:00;0;RD BR 116;;;4000;KM-04;Colisão Traseira;Luz do Dia;Bom;Seca;Meio de Quadra;Não Há Controle;Comercial;0;1;1;1;0;0;0;0;0;0;0;0;-38,510646;-3,788331;;;
259344;24;10;2015;18:15;0;RD BR 222;;;;KM-01;Atropelamento;Anoitecer;;;Meio de Quadra;;;0;1;3;1;0;0;0;0;0;0;0;0;-38,577952;-3,737774;;;
268954;24;10;2015;02:11;0;RUA BARRA NOVA;;;;;Queda;;;;Meio de Quadra;;;0;1;0;0;0;0;0;0;0;1;0;0;-38,505265;-3,783149;;;
268989;24;10;2015;10:13;0;RUA ELCIAS LOPES;;;;;Colisão;Luz do Dia;;;Meio de Quadra;;;0;1;0;0;0;0;0;0;0;0;0;0;-38,555763;-3,771071;;;
268990;24;10;2015;11:10;2300;RUA CAUBI;RUA DOMINGOS DA VEIGA;;;;Colisão;Luz do Dia;;;;;;0;1;0;0;0;0;0;0;0;1;0;0;-38,577892;-3,703420;;;
269132;24;10;2015;20:03;0;AV SEN FERNANDES TAVORA;;;;;Colisão;;;;Meio de Quadra;;;0;1;0;0;0;0;0;0;0;1;0;0;;;;;
269133;24;10;2015;20:15;0;AV PRS COSTA E SILVA;;;;;Colisão;;;;Meio de Quadra;;;0;1;0;0;0;0;0;0;0;0;0;0;;;;;
269134;24;10;2015;20:17;0;RUA JOSE ALEXANDRE D20;;;;;Colisão;;;;Meio de Quadra;;;0;1;1;1;0;0;0;0;0;1;0;0;;;;;
269140;24;10;2015;20:23;0;AV SGT HERMINIO SAMPAIO;;;;;Colisão;;;;Meio de Quadra;;;0;1;1;1;0;0;0;0;0;1;0;0;;;;;
269130;24;10;2015;19:22;5627;AV ROGACIANO LEITE;AV JOSE LEON;;;;Queda;Anoitecer;;;Cruz;Semáforo;Comercial;0;1;0;0;0;0;0;0;0;1;0;0;-38,503527;-3,787355;;;
269145;24;10;2015;21:24;25328;RUA PORTO VELHO;RUA TUPI D35;;;;Colisão;;;;;Não Há Controle;Misto;0;1;0;0;0;0;0;0;0;0;0;0;-38,583018;-3,768111;;;
269142;24;10;2015;21:08;22127;RUA GUSTAVO BRAGA;RUA MAJ PEDRO SAMPAIO;;;;Colisão;;;;Cruz;Pare;Residencial;0;1;0;0;0;0;0;0;0;0;0;0;-38,555389;-3,748479;;;
269116;24;10;2015;16:41;0;RUA BIAS MENDES;;;;;Colisão;Luz do Dia;;;Meio de Quadra;;;0;1;1;1;0;0;0;0;0;1;0;0;;;;;
269124;24;10;2015;17:50;20140;RUA SAO CIPRIANO;RUA PRO JOSE SILVEIRA;;;;Colisão;Anoitecer;;;;;;0;1;1;1;0;0;0;0;0;1;0;0;-38,520784;-3,810755;;;
269119;24;10;2015;17:02;0;RUA MOURA MATOS;;;;;Colisão;Anoitecer;;;Meio de Quadra;;;0;1;0;0;0;0;0;0;0;1;0;0;-38,541870;-3,813925;;;
269121;24;10;2015;17:06;0;RUA JUSTINIANO DE SERPA;;;;;Colisão;Anoitecer;;;Meio de Quadra;;;0;1;1;1;0;0;0;0;0;1;0;0;-38,541565;-3,737297;;;
269074;24;10;2015;15:53;0;AV MAE LISBOA;;;;;Colisão;Luz do Dia;;;Meio de Quadra;;;0;1;1;1;0;0;0;0;0;1;0;0;;;;;
269072;24;10;2015;14:54;0;RUA SEN POMPEU;;;;;Colisão;Luz do Dia;;;Meio de Quadra;;;0;1;1;1;0;0;0;0;0;1;0;0;;;;;
269066;24;10;2015;11:40;0;AV MOZART PINHEIRO DE LUCENA;;;;;Colisão;Luz do Dia;;;Meio de Quadra;;;0;1;1;1;0;0;0;0;0;1;0;0;;;;;
269016;24;10;2015;03:00;0;AV CEL CARVALHO;;;115;;Queda;Amanhecer;;;Meio de Quadra;;;1;0;0;0;0;0;0;0;0;1;0;0;-38,591419;-3,703972;;;
269030;24;10;2015;17:35;1654;AV SEN VIRGILIO TAVORA;RUA BENI DE CARVALHO;;;;Colisão;Anoitecer;;;Cruz;Semáforo;Comercial;0;2;0;1;0;0;0;0;0;1;0;0;-38,500877;-3,744098;;;
269019;24;10;2015;10:00;6059;RUA MIN ALBUQUERQUE LIMA;AV C CJ CEARA;;;;Colisão;Luz do Dia;;;Com Via Férrea;Pare;Comercial;0;1;0;1;0;0;0;0;0;1;0;0;-38,604700;-3,770669;;;
266037;24;10;2015;13:54;0;RUA VERBENA;;;;;Colisão;Luz do Dia;;;Meio de Quadra;;;0;0;2;1;0;0;1;0;0;0;0;0;;;;;
266038;24;10;2015;18:36;0;AV A CJ CEARA;;;;;Colisão;;;;Meio de Quadra;;;0;0;2;1;0;0;0;0;0;1;0;0;;;;;
266040;25;10;2015;01:19;0;AV PRS COSTA E SILVA;;;;;Colisão;;;;Meio de Quadra;;;0;0;2;1;0;0;0;0;0;0;0;0;;;;;
269038;25;10;2015;00:24;22127;RUA GUSTAVO BRAGA;RUA MAJ PEDRO SAMPAIO;;;;Colisão;;;;Cruz;Pare;Residencial;0;1;0;1;0;0;0;0;0;1;0;0;-38,555389;-3,748479;;;
269034;25;10;2015;00:10;24902;RUA ANTONIO ARRUDA;RUA MARIA CLARA;;;;Colisão;;;;Cruz;Não Há Controle;Residencial;0;4;0;1;0;0;0;0;0;0;0;0;-38,594970;-3,723432;;;
269155;25;10;2015;07:11;0;RUA DR GILBERTO STUDART;;;;;Colisão;Luz do Dia;;;Meio de Quadra;;;0;1;1;1;0;0;0;0;0;1;0;0;-38,470939;-3,746846;;;
269150;25;10;2015;01:29;0;RUA GALILEU;;;;;Colisão;;;;Meio de Quadra;;;0;1;1;1;0;0;0;0;0;1;0;0;-38,551616;-3,776738;;;
269151;25;10;2015;06:26;0;AV PRS CASTELO BRANCO;;;;;Atropelamento;Luz do Dia;;;Meio de Quadra;;;0;1;1;1;0;0;0;0;0;0;0;0;;;;;
269159;25;10;2015;09:53;2328;AV CEL CARVALHO;AV FRANCISCO SA;;;;Colisão;Luz do Dia;;;Cruz;Pare;Comercial;0;1;1;1;0;0;0;0;0;1;0;0;-38,591542;-3,703499;;;
269165;25;10;2015;12:18;0;AV ENG SANTANA JUNIOR;;;;;Colisão;Luz do Dia;;;Meio de Quadra;;;0;1;1;1;0;0;0;0;0;1;0;0;-38,477981;-3,729130;;;
269161;25;10;2015;10:35;0;RUA JARDIM FLUMINENSE;;;;;Colisão;Luz do Dia;;;Meio de Quadra;;;0;1;1;1;0;0;0;0;0;1;0;0;;;;;
269162;25;10;2015;11:03;0;RUA PDE PERDIGAO SAMPAIO;;;;;Queda;Luz do Dia;;;Meio de Quadra;;;0;1;0;0;0;0;0;0;0;1;0;0;;;;;
259346;25;10;2015;08:00;0;RD BR 222;;;;KM-02;Colisão Lateral;Luz do Dia;Bom;Seca;Meio de Quadra;Não Há Controle;Comercial;0;1;1;1;0;0;0;0;0;1;0;0;-38,586880;-3,738951;;;
259347;25;10;2015;10:30;0;RD BR 222;;;;KM-03;Queda;Luz do Dia;Bom;Seca;Meio de Quadra;Não Há Controle;Comercial;0;1;0;0;0;0;0;0;0;1;0;0;-38,571997;-3,736999;;;
259348;25;10;2015;16:00;0;RD BR 222;;;;KM-03;Colisão Traseira;Luz do Dia;Bom;Seca;Meio de Quadra;Não Há Controle;Comercial;0;1;2;1;0;0;0;0;0;0;0;0;-38,571997;-3,736999;;;
259349;25;10;2015;16:00;0;RD BR 222;;;;KM-03;Colisão Traseira;Luz do Dia;Bom;Seca;Meio de Quadra;Não Há Controle;Comercial;0;0;2;1;0;0;0;0;0;0;0;0;-38,571997;-3,736999;;;
259350;25;10;2015;16:00;0;RD BR 222;;;;KM-03;Colisão Traseira;Luz do Dia;Bom;Seca;Meio de Quadra;Não Há Controle;Comercial;0;0;2;1;0;0;0;0;0;0;0;0;-38,571997;-3,736999;;;
272061;25;10;2015;01:36;5692;AV DES GONZAGA;RUA MARGARIDA DE QUEIROZ;;;;Colisão;;;;Cruz;;Comercial;0;0;2;0;0;0;0;0;0;0;0;0;-38,501753;-3,793168;;;
272062;25;10;2015;01:38;0;RUA GALILEU;;;;;Colisão;;;;Meio de Quadra;;;0;0;2;0;0;0;0;0;0;0;0;0;;;;;
272069;25;10;2015;12:20;0;RUA 541 A CJ CEARA;;;;;Colisão;Luz do Dia;;;Meio de Quadra;;;0;0;2;0;0;0;0;0;0;0;0;0;;;;;
272070;25;10;2015;16:32;0;RUA DR ESTENIO GOMES;;;;;Colisão;Luz do Dia;;;Meio de Quadra;;;0;0;2;0;0;0;0;0;0;0;0;0;;;;;
272072;25;10;2015;18:22;563;RUA DNA MENDINHA;RUA DR HUGO ROCHA;;;;Choque c/ Obstáculo Fixo;Anoitecer;;;;;;0;0;1;0;0;0;0;0;0;0;0;0;-38,571611;-3,713604;;;
272077;25;10;2015;21:05;0;RUA PRO PAULO LOPES;;;;;Colisão;;;;Meio de Quadra;;;0;0;2;0;0;0;0;0;0;0;0;0;;;;;
272078;25;10;2015;22:25;0;RUA SILVA PAULET;;;;;Colisão;;;;Meio de Quadra;;;0;0;2;0;0;0;0;0;0;0;0;0;;;;;
272079;25;10;2015;22:26;0;AV A CJ CEARA;;;;;Colisão;;;;Meio de Quadra;;;0;0;2;0;0;0;0;0;0;0;0;0;;;;;
272080;25;10;2015;22:46;0;RUA MARIA CLARA;;;;;Colisão;;;;Meio de Quadra;;;0;0;2;0;0;0;0;0;0;0;0;0;;;;;
272081;25;10;2015;;0;AV ANTONIO JUSTA;;;;;Colisão;;;;Meio de Quadra;;;0;0;2;0;0;0;0;0;0;0;0;0;;;;;
272082;25;10;2015;23:45;15189;AV ABOLICAO;RUA FRE MANSUETO;;;;Colisão;;;;Cruz;Semáforo;Comercial;0;0;2;0;0;0;0;0;0;0;0;0;-38,489324;-3,726368;;;
272074;25;10;2015;20:14;0;LOGRADOURO SEM NOME;;;;;Colisão;;;;Meio de Quadra;;;0;0;2;0;0;0;0;0;0;0;0;0;;;;;
272075;25;10;2015;21:05;0;AV SGT HERMINIO SAMPAIO;;;;;Atropelamento;;;;Meio de Quadra;;;0;0;2;0;0;0;0;0;0;0;0;0;;;;;
272058;25;10;2015;00:48;0;AV PERIMETRAL;;;;;Colisão;;;;Meio de Quadra;;;0;0;2;0;0;0;0;0;0;0;0;0;;;;;
272064;25;10;2015;06:05;5723;AV OLIVEIRA PAIVA;RUA MON ANTERO;;;;Colisão;Luz do Dia;;;T;Semáforo;Comercial;0;0;2;0;0;0;0;0;0;0;0;0;-38,493198;-3,795604;;;
269238;25;10;2015;22:20;0;AV A CJ CEARA;;;;;Queda;;;;Meio de Quadra;;;0;1;0;0;0;0;0;0;0;1;0;0;;;;;
269224;25;10;2015;20:25;0;AV RAD JOSE LIMA VERDE;;;;;Queda;;;;Meio de Quadra;;;0;1;0;0;0;0;0;0;0;1;0;0;-38,591571;-3,703394;;;
269227;25;10;2015;20:59;0;AV SGT HERMINIO SAMPAIO;;;;;Atropelamento;;;;Meio de Quadra;;;0;1;1;0;1;0;0;0;0;0;0;0;;;;;
269230;25;10;2015;21:02;6285;AV C CJ CEARA;AV G CJ CEARA;;;;Queda;;;;T;Não Há Controle;Residencial;0;1;0;0;0;0;0;0;0;1;0;0;;;;;
269232;25;10;2015;21:30;0;RUA GRACO CARDOSO;;;;;Colisão;;;;Meio de Quadra;;;0;1;1;1;0;0;0;0;0;1;0;0;-38,593850;-3,752342;;;
269177;25;10;2015;20:03;0;RUA PRO ANACLETO;;;;;Colisão;;;;Meio de Quadra;;;0;1;0;0;0;0;0;0;0;0;0;0;-38,552746;-3,735720;;;
269148;25;10;2015;00:49;0;RUA GAL RABELO;;;;;Colisão;;;;Meio de Quadra;;;0;1;0;0;0;0;0;0;0;0;0;0;-38,606631;-3,806967;;;
269168;25;10;2015;15:22;0;RUA RIO VENTURA;;;;;Queda;Luz do Dia;;;Meio de Quadra;;;0;1;0;0;0;0;0;0;0;1;0;0;;;;;
269173;25;10;2015;18:20;0;AV GAL OSORIO DE PAIVA;;;;;Atropelamento;Anoitecer;;;Meio de Quadra;;;0;1;1;0;0;0;0;0;0;1;0;0;-38,594258;-3,796657;;;
260659;25;10;2015;14:30;15004;RUA LUIS TORRES;RUA FRANCA;;;;Colisão Lateral;Luz do Dia;Bom;Seca;Cruz;Não Há Controle;Residencial;0;0;2;1;0;0;0;0;0;0;0;0;-38,563659;-3,792794;;;
260665;25;10;2015;19:00;1716;AV GOV RAUL BARBOSA;AV GAL MURILO BORGES;;;;Colisão;Via Iluminada;Bom;Seca;Cruz;Semáforo;Residencial;0;1;1;1;0;1;0;0;0;0;0;0;-38,508802;-3,763977;;;
260663;25;10;2015;12:45;24279;RUA TAVARES COUTINHO;RUA DELMIRO GOUVEIA;;;;Colisão Lateral;Luz do Dia;Bom;Seca;Cruz;Não Há Controle;Residencial;0;0;2;1;0;0;0;0;0;0;0;0;-38,488224;-3,732656;;;
260669;25;10;2015;09:30;7623;RUA RIO GRANDE DO SUL;RUA PERNAMBUCO;;;;Colisão Lateral;Luz do Dia;Bom;Seca;Cruz;Pare;Comercial;0;0;2;1;0;0;0;0;0;0;0;0;-38,568467;-3,760011;;;
260725;25;10;2015;21:50;7788;RUA SILVA PAULET;RUA MARCONDES PEREIRA;;;;Colisão Transversal;Via Iluminada;Bom;Seca;Cruz;Pare;Residencial;0;1;1;0;0;0;0;0;0;1;0;0;-38,509957;-3,748463;;;
260730;25;10;2015;13:30;24106;AV ENG SANTANA JUNIOR;RUA ENG PLACIDO C JUNIOR D56;;;;Colisão Lateral;Luz do Dia;Bom;Seca;Cruz;Não Há Controle;Escola;0;1;2;1;0;0;0;0;0;1;0;0;;;;;
260728;25;10;2015;16:00;0;AV ABOLICAO;;;2030;;Colisão Traseira;Luz do Dia;Bom;Seca;Meio de Quadra;Não Há Controle;Comercial;0;0;2;1;1;0;0;0;0;0;0;0;-38,500915;-3,725578;;;
260732;25;10;2015;19:00;12925;AV DOMINGOS OLIMPIO;AV AGUANAMBI;;;;Colisão Frontal;Via Iluminada;Bom;Seca;Cruz;Semáforo;Comercial;0;2;0;1;0;0;0;0;0;0;0;0;-38,524628;-3,738683;;;
260711;25;10;2015;19:00;9297;AV FRANCISCO SA;RUA CESAR CORREIA;;;;Colisão Traseira;Via Iluminada;Bom;Seca;Cruz;Pare;Comercial;0;1;1;1;0;0;0;0;0;1;0;0;-38,573313;-3,711949;;;
260720;25;10;2015;07:40;0;AV PRS COSTA E SILVA;;;;;Colisão Traseira;Luz do Dia;Bom;Seca;Meio de Quadra;Não Há Controle;Residencial;0;0;2;1;1;0;0;0;0;0;0;0;;;;;
260721;25;10;2015;22:30;0;AV DIOGUINHO;;;130;;Atropelamento;Via Iluminada;Bom;Seca;Meio de Quadra;Outros;Misto;1;0;1;1;0;0;0;0;0;0;0;0;-38,465182;-3,719393;;;
260708;25;10;2015;22:30;0;AV FRANCISCO SA;;;5090;;Colisão Frontal;Via Iluminada;Bom;Seca;Meio de Quadra;Semáforo;Residencial;0;2;1;1;0;0;0;0;0;1;0;0;-38,569768;-3,713169;;;
260715;25;10;2015;09:40;0;RUA MIN JOAQUIM BASTOS D14;;;;;Outros;Luz do Dia;Bom;Seca;Meio de Quadra;Não Há Controle;Residencial;0;0;1;1;0;0;0;0;0;0;0;0;;;;;
260700;25;10;2015;10:15;0;AV BEIRA MAR;;;2340;;Atropelamento;Luz do Dia;Bom;Seca;Meio de Quadra;Não Há Controle;Residencial;0;0;2;0;0;0;0;0;0;0;0;0;-38,499606;-3,724991;;;
260705;25;10;2015;23:00;19688;RUA PRO RAIMUNDO ARRUDA;RUA AZEVEDO BOLAO;;;;Colisão Lateral;Via Iluminada;Bom;Seca;Cruz;Não Há Controle;Residencial;0;0;4;1;0;0;0;0;0;0;0;0;-38,551701;-3,735414;;;
260690;25;10;2015;09:05;0;RUA ANARIO BRAGA;;;424;;Colisão Transversal;Luz do Dia;Bom;Seca;Meio de Quadra;Não Há Controle;Residencial;0;1;1;1;0;0;0;0;0;1;0;0;-38,590339;-3,737769;;;
260686;25;10;2015;18:30;7211;AV PRS CASTELO BRANCO;AV DR THEBERGE;;;;Colisão Transversal;Via Iluminada;Bom;Seca;Cruz;Semáforo;Comercial;0;1;3;1;0;0;0;0;0;0;0;0;-38,563456;-3,710079;;;
260687;25;10;2015;13:50;11836;RUA JACINTO MATOS;RUA MON DANTAS;;;;Colisão Transversal;Luz do Dia;Bom;Seca;Cruz;Pare;Comercial;0;2;1;1;0;0;0;0;1;0;0;0;-38,546800;-3,719714;;;
260684;25;10;2015;13:10;0;AV MAJ ASSIS;;;497;;Engavetamento;Luz do Dia;Bom;Seca;Meio de Quadra;;Comercial;0;0;3;1;0;0;0;0;0;1;0;0;-38,583259;-3,724068;;;
260679;25;10;2015;11:30;13132;AV JOAO DE ARAUJO LIMA;AV D CJ JOSE WALTER;;;;Colisão Lateral;;Bom;Seca;Cruz;Semáforo;Comercial;0;1;1;1;0;0;0;0;0;1;0;0;-38,560009;-3,830303;;;