COD_ACIDENTE;DIA;MES;ANO;HORA;INTERSECAO;LOG1;LOG2;LOG3;NUMERO;REFERENCIA;NATUREZA;ILUMINACAO;TEMPO;SUPERFICIEPISTA;TIPOCRUZAMENTO;CONTROLETRAFEGO;USOSOLO;MORTOS;FERIDOS;ILESOS;AUTOMOVEL;ONIBUS;BICICLETA;CAMINHAO;MICROONIBUS;CICLOMOTOR;MOTOCICLETA;TRACAOANIMAL;TREM;LONG;LAT;;;
269263;25;10;2015;22:36;12579;RUA MARIA CLARA;RUA PDE TEODORO (QUNTINO CUNHA);;;;Colisão;;;;Cruz;Não Há Controle;Residencial;0;1;0;0;0;0;0;0;0;0;0;0;-38,590933;-3,724624;;;
269270;26;10;2015;05:08;0;AV CEL CARVALHO;;;;;Colisão;Amanhecer;;;Meio de Quadra;;;0;1;0;0;0;0;0;0;0;0;0;0;;;;;
269266;26;10;2015;01:17;0;AV CEL CARVALHO;;;;;Colisão;;;;Meio de Quadra;;;0;1;0;0;0;0;0;0;0;0;0;0;-38,588703;-3,714383;;;
269275;26;10;2015;07:30;0;RUA PDE PEDRO DE ALENCAR;;;;;Colisão;Luz do Dia;;;Meio de Quadra;;;0;1;0;0;0;0;0;0;0;0;0;0;;;;;
269297;26;10;2015;12:46;0;RUA DOM HENRIQUE;;;;;Queda;Luz do Dia;;;Meio de Quadra;;;0;1;0;0;0;0;0;0;0;1;0;0;;;;;
269361;26;10;2015;22:35;0;RUA ERICO MOTA;;;;;Colisão;;;;Meio de Quadra;;;0;1;1;1;0;0;0;0;0;1;0;0;;;;;
269357;26;10;2015;21:42;0;AV BEZERRA DE MENEZES;;;;;Queda;;;;Meio de Quadra;;;0;1;0;0;0;0;0;0;0;1;0;0;;;;;
269353;26;10;2015;14:02;0;AV GAL OSORIO DE PAIVA;;;;;Colisão;Luz do Dia;;;Meio de Quadra;;;0;1;1;1;0;0;0;0;0;1;0;0;-38,618556;-3,821723;;;
260557;26;10;2015;09:00;9220;AV 13 DE MAIO;RUA NAPOLEAO LAUREANO;;;;Colisão Traseira;Luz do Dia;;;Cruz;Semáforo;Comercial;0;0;3;1;0;0;0;0;0;0;0;0;-38,528825;-3,749758;;;
260527;26;10;2015;10:20;3768;AV DOMINGOS OLIMPIO;AV TRISTAO GONCALVES;;;;Colisão Lateral;Luz do Dia;;;Cruz;Semáforo;Comercial;0;0;2;0;1;0;0;0;0;0;0;0;-38,535613;-3,735133;;;
260499;26;10;2015;15:30;7762;AV ANTONIO SALES;RUA NUNES VALENTE;;;;Colisão Transversal;Luz do Dia;;;Cruz;Pare;Residencial;0;0;2;1;0;0;0;0;0;0;0;0;-38,506314;-3,744237;;;
260500;26;10;2015;13:00;13177;AV D CJ JOSE WALTER;AV I CJ JOSE WALTER;;;;Colisão;Luz do Dia;;;Rotatória;Dê Preferência;Residencial;1;0;1;0;0;0;1;0;1;0;0;0;-38,552957;-3,832440;;;
260514;26;10;2015;19:05;0;AV BAR STUDART;;;741;;Colisão Transversal;Via Iluminada;Bom;Seca;Meio de Quadra;Semáforo;Comercial;0;0;2;1;1;0;0;0;0;0;0;0;-38,505335;-3,730731;;;
260489;26;10;2015;12:55;1558;AV BAR STUDART;RUA PDE VALDEVINO;;;;Colisão Traseira;Luz do Dia;Bom;Seca;Cruz;Semáforo;Misto;0;0;2;1;0;0;0;0;0;0;0;0;-38,508855;-3,741641;;;
260502;26;10;2015;21:30;15356;AV SEN VIRGILIO TAVORA;RUA REPUBLICA DO LIBANO;;;;Colisão Lateral;;;;Cruz;Pare;Comercial;0;0;2;1;1;0;0;0;0;0;0;0;-38,491882;-3,732865;;;
260505;26;10;2015;18:45;0;RUA EDGAR FALCAO;;;;;Colisão Traseira;;;;Meio de Quadra;;;0;0;2;1;0;0;0;0;0;0;0;0;;;;;
260507;26;10;2015;21:40;0;AV PRS CASTELO BRANCO;;;;;Colisão Traseira;Via Iluminada;Bom;Seca;Meio de Quadra;Outros;Outros;0;0;2;1;0;0;0;0;0;0;0;0;;;;;
260680;26;10;2015;09:19;0;AV SEN CARLOS JEREISSATI (AEROPORTO);;;3000;AEROPORTO;Colisão Lateral;Luz do Dia;;;Meio de Quadra;;;0;0;2;1;0;0;0;0;0;0;0;0;-38,541414;-3,780382;;;
260675;26;10;2015;13:37;0;RUA PINTO MADEIRA;;;1075;;Colisão Lateral;Luz do Dia;;;;;;0;0;2;1;0;0;0;0;0;0;0;0;-38,515505;-3,732933;;;
260676;26;10;2015;17:00;15792;RUA PERGENTINO MAIA;RUA CEL FRANCISCO PEREIRA (MESSEJANA);;;;Colisão Transversal;Anoitecer;;;Cruz;Pare;Comercial;0;0;2;0;0;0;0;0;1;0;0;0;-38,492803;-3,830868;;;
260688;26;10;2015;19:00;6725;RUA BENTO ALBUQUERQUE;RUA JULIO AZEVEDO;;;;Colisão Lateral;;;;Cruz;Pare;Residencial;0;0;2;1;0;0;0;0;0;0;0;0;-38,482854;-3,743861;;;
260706;26;10;2015;19:20;1316;AV SANTOS DUMONT;RUA TIBURCIO CAVALCANTE;;;;;;;;Cruz;Semáforo;Comercial;0;0;2;1;0;0;0;0;0;0;0;0;-38,502259;-3,734979;;;
260727;26;10;2015;10:30;17315;RUA DES PRAXEDES;RUA PDE JOAO PIAMARTA;;;;Colisão Transversal;Luz do Dia;;;Cruz;Pare;Residencial;0;0;2;1;0;0;0;0;0;0;0;0;-38,543546;-3,762866;;;
260788;26;10;2015;20:10;0;RUA COS LAFAYETE;;;;;Colisão Lateral;;;;Meio de Quadra;;;0;0;2;0;0;0;0;0;1;1;0;0;;;;;
260805;26;10;2015;18:30;21358;RUA PDE GUERRA;RUA TORRES PORTUGAL;;;;Colisão;Anoitecer;;;;;;0;0;2;1;0;0;0;0;0;1;0;0;-38,545739;-3,736469;;;
260790;26;10;2015;14:25;22972;RUA PRA HELOISA F LIMA;RUA MAD ELISA BALDO;;;;Colisão Lateral;Luz do Dia;;;Cruz;Pare;Residencial;0;0;2;1;0;0;0;0;0;0;0;0;-38,545126;-3,785465;;;
260796;26;10;2015;16:40;19568;RUA PRIMEIRO DE JANEIRO;RUA TCHECOSLOVAQUIA;;;;Colisão Transversal;Luz do Dia;;;Cruz;Pare;Residencial;0;0;2;1;0;0;0;0;0;0;0;0;-38,569744;-3,783877;;;
260799;26;10;2015;11:00;0;RUA CASTRO DE ALENCAR;;;40;;Colisão Transversal;Luz do Dia;;;Meio de Quadra;;;0;0;2;1;0;0;0;0;0;0;0;0;;;;;
260808;26;10;2015;17:05;0;RUA SANTANA D48;;;;;Colisão Lateral;Luz do Dia;Bom;Seca;Meio de Quadra;Não Há Controle;Residencial;0;0;2;0;1;0;0;0;0;0;0;0;;;;;
260809;26;10;2015;06:20;22665;AV ENG LEAL LIMA VERDE (SAPIRANGA/COITE);AV COS GOMES DE FREITAS (SAPIRANGA/COITE);;;;Colisão Transversal;Luz do Dia;Bom;Seca;Rotatória;Dê Preferência;Comercial;0;1;1;1;0;0;0;0;0;0;0;0;-38,475739;-3,795341;;;
260764;26;10;2015;20:00;4195;AV TEN LISBOA;RUA STA ROSA D20/21 (JACARECANGA);;;;Choque c/ Obstáculo Fixo;Via Iluminada;Bom;Seca;T;Não Há Controle;Residencial;0;0;1;1;0;0;0;0;0;0;0;0;-38,553959;-3,717557;;;
260748;26;10;2015;18:20;7909;AV DES MOREIRA;RUA FRANCISCO HOLANDA;;;;Engavetamento;Anoitecer;;;Cruz;Semáforo;Residencial;0;0;3;1;0;0;0;0;0;0;0;0;-38,502540;-3,749355;;;
260671;26;10;2015;12:30;3800;AV 13 DE MAIO;RUA CAIO CARLOS;;;;Colisão Traseira;Luz do Dia;;;Cruz;Não Há Controle;Comercial;0;0;2;1;0;0;0;0;0;0;0;0;-38,542160;-3,738286;;;
260666;26;10;2015;13:00;13634;RUA DR THOMPSON BULCAO;RUA JOAO NONATO COSTA;;;;Colisão Transversal;Luz do Dia;;;;;;0;1;1;1;0;0;0;0;0;1;0;0;-38,493319;-3,769424;;;
260661;26;10;2015;08:50;3199;RUA VERBENA;RUA VITAL BRASIL;;;;Colisão Transversal;Luz do Dia;;;;Outros;Comercial;0;1;2;1;0;0;1;0;0;0;0;0;-38,588650;-3,780666;;;
260656;26;10;2015;18:20;7862;AV ANTONIO SALES;RUA PRO DIAS DA ROCHA;;;;Colisão Transversal;Anoitecer;;;Cruz;Pare;Comercial;0;0;2;1;0;0;0;0;0;0;0;0;-38,495535;-3,747586;;;
260596;26;10;2015;20:30;3768;AV DOMINGOS OLIMPIO;AV TRISTAO GONCALVES;;;;Colisão Traseira;;;;Cruz;Semáforo;Comercial;0;0;2;1;0;0;0;0;0;0;0;0;-38,535613;-3,735133;;;
260163;26;10;2015;20:00;0;RD CE-025;;;;KM-01;Colisão;Luz do Dia;;Seca;Meio de Quadra;;;0;0;2;0;0;0;0;0;0;0;0;0;-38,470976;-3,807681;;;
272084;26;10;2015;00:26;6752;RUA PRO OTAVIO LOBO;AV SANTOS DUMONT;;;;Colisão;;;;Cruz;Semáforo;Residencial;0;0;2;0;0;0;0;0;0;0;0;0;-38,477829;-3,742845;;;
272095;26;10;2015;10:54;0;TERM TERMINAL DO ANTONIO BEZERRA;;;;;Colisão;Luz do Dia;;;Meio de Quadra;;;0;0;2;0;0;0;0;0;0;0;0;0;;;;;
272090;26;10;2015;00:54;0;TERM TERMINAL DA PARANGABA;;;;;Colisão;;;;Meio de Quadra;;;0;0;2;0;0;0;0;0;0;0;0;0;;;;;
272104;26;10;2015;11:05;0;AV ENG SANTANA JUNIOR;;;;;Colisão;Luz do Dia;;;Meio de Quadra;;;0;0;2;0;0;0;0;0;0;0;0;0;;;;;
272106;26;10;2015;11:25;5741;RUA VICENTE LOPES;AV OLIVEIRA PAIVA;;;;Colisão;Luz do Dia;;;T;Pare;Comercial;0;0;2;0;0;0;0;0;0;0;0;0;-38,495183;-3,795397;;;
272107;26;10;2015;12:01;0;RUA CEL JUCA;;;;;Colisão;Luz do Dia;;;Meio de Quadra;;;0;0;2;0;0;0;0;0;0;0;0;0;;;;;
272111;26;10;2015;14:41;0;AV OLIVEIRA PAIVA;;;;;Colisão;Luz do Dia;;;Meio de Quadra;;;0;1;1;0;0;0;0;0;0;0;0;0;;;;;
272112;26;10;2015;16:50;0;RUA FRANCISCO F BAIMA;;;;;Colisão;Luz do Dia;;;Meio de Quadra;;;0;0;2;0;0;0;0;0;0;0;0;0;;;;;
272113;26;10;2015;17:11;0;AV AUGUSTO DOS ANJOS;;;;;Colisão;Anoitecer;;;Meio de Quadra;;;0;0;2;0;0;0;0;0;0;0;0;0;;;;;
272109;26;10;2015;12:40;0;AV GAL OSORIO DE PAIVA;;;;;Colisão;Luz do Dia;;;Meio de Quadra;;;0;0;2;0;0;0;0;0;0;0;0;0;;;;;
269056;26;10;2015;19:30;0;AV PRS CASTELO BRANCO;;;5508;;Atropelamento;;;;Meio de Quadra;;;1;0;1;0;0;0;0;0;0;1;0;0;-38,580311;-3,703528;;;
260817;26;10;2015;10:30;0;RUA MARCOS MACEDO;;;948;;Colisão Lateral;Luz do Dia;Bom;Seca;Meio de Quadra;Não Há Controle;Misto;0;1;1;1;0;0;0;0;0;1;0;0;-38,493088;-3,735763;;;
260834;26;10;2015;11:20;5076;RUA DR JOAO MOREIRA;RUA SEN POMPEU;;;;Colisão Lateral;Luz do Dia;;;Cruz;Semáforo Intermitente;Comercial;0;0;2;1;0;0;0;0;0;0;0;0;-38,528275;-3,722400;;;
260839;26;10;2015;10:37;0;AV DES GONZAGA;;;;;Atropelamento;Luz do Dia;Bom;Seca;Meio de Quadra;Não Há Controle;Residencial;0;1;1;0;0;0;0;0;0;0;0;0;-38,503325;-3,789757;;;
260841;26;10;2015;07:35;10952;RUA 15 DE NOVEMBRO;RUA EQUADOR;;;;Colisão Transversal;Luz do Dia;Bom;Seca;Cruz;Semáforo;Comercial;0;0;3;1;0;0;0;0;0;1;0;0;-38,551314;-3,770577;;;
260854;26;10;2015;19:00;13602;AV GAL MURILO BORGES;AV ROGACIANO LEITE;;;;Engavetamento;Via Iluminada;Bom;Seca;;Não Há Controle;Comercial;0;0;3;1;0;0;0;0;0;0;0;0;-38,496968;-3,767788;;;
260860;26;10;2015;14:40;0;RUA FRANCISCO HOLANDA;;;879;;Colisão Traseira;Luz do Dia;Bom;Seca;Meio de Quadra;Não Há Controle;Misto;0;0;2;1;0;0;0;0;0;0;0;0;-38,502224;-3,749456;;;
260877;26;10;2015;11:00;0;RUA JOSE MENDONCA;;;128;;Colisão Traseira;Luz do Dia;Bom;Seca;Meio de Quadra;Não Há Controle;Misto;0;0;2;0;0;0;0;0;0;1;0;0;-38,602870;-3,760776;;;
272154;27;10;2015;00:15;5082;RUA BAR RIO BRANCO;RUA DR JOAO MOREIRA;;;;Colisão;;;;Cruz;Não Há Controle;Comercial;0;0;2;0;0;0;0;0;0;0;0;0;-38,527092;-3,722797;;;
272156;27;10;2015;10:02;25006;RUA LEONARDO MOTA;RUA BENI DE CARVALHO;;;;Colisão;Luz do Dia;;;Cruz;Semáforo;Residencial;0;0;2;0;0;0;0;0;0;0;0;0;-38,498931;-3,744739;;;
272158;27;10;2015;10:46;0;RUA NOVE UI 211;;;;;Colisão;Luz do Dia;;;Meio de Quadra;;;0;0;2;0;0;0;0;0;0;0;0;0;;;;;
272160;27;10;2015;11:33;0;RUA VASCO DA GAMA;;;;;Colisão;Luz do Dia;;;Meio de Quadra;;;0;0;2;0;0;0;0;0;0;0;0;0;;;;;
272162;27;10;2015;15:53;25342;AV ROGACIANO LEITE;RUA GONTRAN GIFFONI;;;;Colisão;Luz do Dia;;;T;Pare;Residencial;0;0;2;0;0;0;0;0;0;0;0;0;-38,496061;-3,765753;;;
260164;27;10;2015;13:40;0;RD CE-040;;;;KM-05;Colisão;Luz do Dia;;Seca;Meio de Quadra;;;0;0;2;1;1;0;0;0;0;0;0;0;-38,480349;-3,790876;;;
260182;27;10;2015;14:30;0;RD CE-040;;;;KM-05;Colisão;Luz do Dia;;Seca;Meio de Quadra;;;0;0;2;1;0;0;0;0;0;0;0;0;-38,480349;-3,790876;;;
272215;27;10;2015;16:38;0;ET DO FIO (MESSEJANA);;;;;Colisão;Luz do Dia;;;Meio de Quadra;;;0;0;2;0;0;0;0;0;0;0;0;0;;;;;
260582;27;10;2015;21:00;0;RUA LIVINO DE CARVALHO;;;;;Colisão Frontal;Via Iluminada;Bom;Seca;Meio de Quadra;Não Há Controle;Residencial;0;0;2;1;0;0;0;0;0;0;0;0;;;;;
260573;27;10;2015;10:00;0;RUA CAP TIBURCIO DA FROTA;;;220;;Queda;Luz do Dia;Bom;;Meio de Quadra;;Comercial;1;0;0;0;0;1;0;0;0;0;0;0;-38,518591;-3,755483;;;
260574;27;10;2015;07:50;0;AV GOV RAUL BARBOSA;;;1100;;Engavetamento;Luz do Dia;Bom;Seca;Meio de Quadra;Não Há Controle;Comercial;0;0;3;1;0;0;0;0;0;0;0;0;-38,506022;-3,761287;;;
260575;27;10;2015;10:50;0;AV PONTES VIEIRA;;;;;Colisão Traseira;Luz do Dia;Bom;Seca;Meio de Quadra;Semáforo;Comercial;0;1;1;1;0;0;0;0;0;1;0;0;;;;;
260576;27;10;2015;14:55;5126;RUA RUFINO DE ALENCAR;AV DOM MANUEL;;;;Colisão Lateral;Luz do Dia;Bom;Seca;Com Via Férrea;Outros;Comercial;0;0;2;1;0;0;1;0;0;0;0;0;-38,519754;-3,724114;;;
260577;27;10;2015;12:45;0;AV AGUANAMBI;;;;;Colisão Traseira;Luz do Dia;Bom;Seca;Meio de Quadra;Não Há Controle;Comercial;0;1;1;1;0;0;0;0;0;1;0;0;-38,523421;-3,753592;;;
260578;27;10;2015;15:50;1456;RUA CEL JUCA;AV SANTOS DUMONT;;;;Colisão Traseira;Luz do Dia;Bom;Seca;Cruz;Semáforo;Comercial;0;0;2;1;0;0;0;0;0;0;0;0;-38,491530;-3,738438;;;
260579;27;10;2015;14:30;1378;RUA DES LEITE ALBUQUERQUE;RUA OSVALDO CRUZ (ALDEOTA);;;;Colisão Transversal;Luz do Dia;Bom;Seca;Cruz;Pare;Comercial;0;1;1;1;0;0;0;0;0;1;0;0;-38,500640;-3,736598;;;
260580;27;10;2015;11:50;0;AV COS GOMES DE FREITAS (SAPIRANGA/COITE);;;3188;;Colisão Traseira;Luz do Dia;Bom;Seca;Meio de Quadra;;Misto;0;0;2;1;0;0;0;0;0;0;0;0;-38,478175;-3,795560;;;
260508;27;10;2015;11:20;0;AV GOV RAUL BARBOSA;;;;;Colisão Lateral;Luz do Dia;Bom;Seca;Meio de Quadra;Outros;Residencial;0;0;2;1;0;0;1;0;0;0;0;0;;;;;
260509;27;10;2015;15:00;0;RUA PEREIRA VALENTE;;;;;Colisão Lateral;Luz do Dia;Bom;Seca;Meio de Quadra;Gesto;Comercial;0;0;2;1;0;0;0;0;0;0;0;0;;;;;
260506;27;10;2015;09:00;0;RUA DES WALDEMAR ALVES PEREIRA;;;;;Colisão Lateral;Luz do Dia;Bom;Seca;Meio de Quadra;Não Há Controle;Comercial;0;0;2;1;0;0;1;0;0;0;0;0;;;;;
260503;27;10;2015;07:30;0;RUA FRANCO ROCHA;;;;;Colisão Transversal;Luz do Dia;Bom;Seca;Meio de Quadra;Não Há Controle;Residencial;0;1;2;1;0;0;0;0;0;1;0;0;;;;;
260504;27;10;2015;20:00;0;AV DOM LUIS;;;;;Colisão Lateral;Via Iluminada;Bom;Seca;Meio de Quadra;Não Há Controle;Comercial;0;0;2;1;0;0;0;0;0;0;0;0;;;;;
260490;27;10;2015;17:30;0;AV AMERICO BARREIRA;;;6510;;Colisão Frontal;Via Iluminada;Bom;Seca;Meio de Quadra;Outros;Residencial;0;1;1;1;0;0;0;0;0;1;0;0;-38,569414;-3,767144;;;
260516;27;10;2015;19:00;0;AV GODOFREDO MACIEL;;;2563;;Colisão Traseira;Via Iluminada;;Seca;Meio de Quadra;Não Há Controle;Comercial;0;1;1;1;0;0;0;0;0;1;0;0;-38,570425;-3,798125;;;
260512;27;10;2015;23:30;9022;RUA PDE ROMA;RUA BAR RIO BRANCO;;;;Colisão;;Bom;Seca;Cruz;;;0;1;1;1;0;0;0;0;0;0;0;0;-38,533796;-3,743790;;;
260513;27;10;2015;08:00;19331;RUA PRO GOMES BRASIL;AV GAL OSORIO DE PAIVA;;;;Colisão Lateral;Luz do Dia;Bom;Seca;Cruz;Semáforo;Comercial;0;1;1;1;0;0;0;0;0;1;0;0;-38,566451;-3,775618;;;
260501;27;10;2015;07:30;0;AV ALBERTO CRAVEIRO;;;1973;;Colisão;Luz do Dia;Bom;Seca;Meio de Quadra;Não Há Controle;Comercial;0;1;1;1;0;0;0;0;0;1;0;0;-38,518520;-3,797471;;;
260488;27;10;2015;13:35;0;RUA ESPIRITO SANTO;;;1144;;Colisão Transversal;Luz do Dia;Bom;Seca;Meio de Quadra;Não Há Controle;Comercial;0;0;2;1;0;0;0;0;0;0;0;0;-38,571250;-3,757752;;;
260483;27;10;2015;08:00;0;AV D CJ JOSE WALTER;;;;;Colisão Lateral;Luz do Dia;;;Meio de Quadra;;;0;1;1;0;0;0;0;0;0;1;0;0;;;;;
260484;27;10;2015;16:50;12826;AV DOS EXPEDICIONARIOS;RUA ANDRE CHAVES;;;;Colisão;Anoitecer;Bom;Seca;Cruz;Pare;Residencial;0;0;3;1;0;0;0;0;0;0;0;0;-38,538903;-3,757345;;;
260485;27;10;2015;09:10;5463;RUA DNA LEOPOLDINA;RUA BARBARA DE ALENCAR;;;;Colisão Lateral;Luz do Dia;Bom;Seca;Cruz;Pare;Comercial;0;0;2;1;0;0;0;0;0;0;0;0;-38,521102;-3,735695;;;
260528;27;10;2015;18:40;1260;RUA COSTA BARROS;RUA JOSE VILAR;;;;Colisão Traseira;Via Iluminada;Bom;Molhada;Cruz;Semáforo;Comercial;0;0;2;1;0;0;0;0;0;0;0;0;-38,503746;-3,732908;;;
260550;27;10;2015;23:00;9559;RUA TEODORO DE CASTRO;RUA BARRA VERMELHA;;;;Colisão Transversal;Via Iluminada;Bom;Seca;Cruz;Pare;Comercial;0;2;1;0;1;0;0;0;0;1;0;0;-38,612011;-3,777820;;;
260555;27;10;2015;07:50;0;AV DES GONZAGA;;;888;;Colisão Traseira;Luz do Dia;Bom;Seca;Meio de Quadra;Semáforo;Misto;0;1;1;1;0;0;0;0;0;1;0;0;-38,500947;-3,794946;;;
260552;27;10;2015;19:25;0;RUA JOCKEY CLUBE;;;65;;Colisão;Via Iluminada;Bom;Seca;Meio de Quadra;Não Há Controle;Residencial;0;0;2;1;0;0;0;0;0;0;0;0;-38,576364;-3,763995;;;
260525;27;10;2015;07:10;24973;AV ALM HENRIQUE SABOIA;RUA MON SALAZAR;;;;Colisão Lateral;Luz do Dia;Bom;Seca;Outros;Não Há Controle;Outros;0;2;1;1;0;0;0;0;0;1;0;0;;;;;
260522;27;10;2015;14:00;0;RUA BAR ARACATI;;;3028;;Choque c/ Obstáculo Fixo;Luz do Dia;Bom;Seca;Meio de Quadra;Não Há Controle;Comercial;0;0;1;1;0;0;0;0;0;0;0;0;-38,516993;-3,748343;;;
260519;27;10;2015;20:00;24988;RUA TAVARES COUTINHO;RUA FRE MANSUETO;;;;Colisão Transversal;Mal Iluminada;Bom;Seca;Cruz;Semáforo Manual;Comercial;0;1;1;1;0;0;0;0;0;1;0;0;-38,488784;-3,732638;;;
260546;27;10;2015;08:10;0;AV GAL OSORIO DE PAIVA;;;;;Colisão Traseira;Luz do Dia;Bom;Seca;Meio de Quadra;Não Há Controle;Comercial;0;1;1;1;0;0;0;0;0;1;0;0;-38,580095;-3,784240;;;
260547;27;10;2015;10:30;0;RUA H (MONDUBIM II);;;;;Colisão Traseira;Luz do Dia;Bom;Seca;Meio de Quadra;Não Há Controle;Comercial;0;0;2;1;0;0;1;0;0;0;0;0;;;;;
260572;27;10;2015;09:20;7813;RUA TIBURCIO CAVALCANTE;RUA JULIO SIQUEIRA;;;;Colisão Lateral;Luz do Dia;Bom;Seca;Cruz;Pare;Misto;0;1;1;1;0;0;0;0;0;1;0;0;-38,507128;-3,750135;;;
269431;27;10;2015;13:55;12985;AV A CJ JOSE WALTER;AV L CJ JOSE WALTER;;;;Colisão;Luz do Dia;;;Cruz;Pare;Residencial;0;1;1;1;0;0;0;0;0;1;0;0;-38,555532;-3,824443;;;
269440;27;10;2015;15:22;10844;RUA PORTO ALEGRE;RUA TUPI D35;;;;Colisão;Luz do Dia;;;Cruz;Pare;Residencial;0;1;1;1;0;0;0;0;0;1;0;0;-38,581470;-3,765120;;;
269441;27;10;2015;16:20;0;RUA PERNAMBUCO;;;;;Colisão;Luz do Dia;;;Meio de Quadra;;;0;1;0;0;0;0;0;0;0;1;0;0;-38,574741;-3,754996;;;
269442;27;10;2015;17:33;0;AV AUGUSTO DOS ANJOS;;;;;Atropelamento;Anoitecer;;;Meio de Quadra;;;0;1;1;0;0;0;0;0;0;1;0;0;;;;;
269443;27;10;2015;18:46;0;AV GODOFREDO MACIEL;;;;;Colisão;;;;Meio de Quadra;;;0;1;1;1;0;0;0;0;0;1;0;0;;;;;
269403;27;10;2015;07:52;0;RUA VALPARAISO;;;;;Colisão;Luz do Dia;;;Meio de Quadra;;;0;1;1;1;0;0;0;0;0;1;0;0;;;;;
269420;27;10;2015;08:59;0;RUA LUCAS PINTO;;;;;Colisão;Luz do Dia;;;Meio de Quadra;;;0;1;1;1;0;0;0;0;0;1;0;0;-38,558760;-3,715080;;;
269428;27;10;2015;12:23;0;RUA PRO VICENTE SILVEIRA;;;;;Colisão;Luz do Dia;;;Meio de Quadra;;;0;1;1;1;0;0;0;0;0;1;0;0;-38,538237;-3,765169;;;
269429;27;10;2015;13:07;0;RUA CEL ZACARIAS J FRANCA;;;;;Queda;Luz do Dia;;;Meio de Quadra;;;0;1;0;0;0;0;0;0;0;1;0;0;;;;;
269525;27;10;2015;19:15;0;AV BEZERRA DE MENEZES;;;;;Atropelamento;;;;Meio de Quadra;;;0;1;0;0;0;1;0;0;0;0;0;0;;;;;
269528;27;10;2015;19:40;5045;AV FILOMENO GOMES;RUA SAO PAULO;;;;Colisão;;;;Cruz;Semáforo;Residencial;0;1;0;0;0;0;0;0;0;0;0;0;-38,541200;-3,721539;;;
269530;27;10;2015;21:26;0;AV PRS COSTA E SILVA;;;;;Colisão;;;;Meio de Quadra;;;0;1;1;1;0;0;0;0;0;1;0;0;;;;;
269581;28;10;2015;07:18;0;RD BR 116;;;2000;KM-02;Atropelamento;Luz do Dia;;;Meio de Quadra;;;0;1;1;0;0;0;0;0;0;1;0;0;-38,516780;-3,771391;;;
269584;28;10;2015;07:52;0;AV MR HULL;;;;;Queda;Luz do Dia;;;Meio de Quadra;;;0;1;0;0;0;0;0;0;0;1;0;0;;;;;
269586;28;10;2015;07:54;0;RUA CON DE CASTRO;;;;;Colisão;Luz do Dia;;;Meio de Quadra;;;0;1;0;0;0;0;0;0;0;1;0;0;-38,585041;-3,797543;;;
269587;28;10;2015;07:55;0;AV OLIVEIRA PAIVA;;;;;Colisão;Luz do Dia;;;Meio de Quadra;;;0;1;0;0;0;0;0;0;0;0;0;0;;;;;
269591;28;10;2015;08:16;0;AV FRANCISCO SA;;;;;Atropelamento;Luz do Dia;;;Meio de Quadra;;;0;1;1;0;0;0;0;0;0;1;0;0;;;;;
269618;28;10;2015;14:44;0;AV GAL OSORIO DE PAIVA;;;;;Colisão;Luz do Dia;;;Meio de Quadra;;;0;1;0;0;0;0;0;0;0;0;0;0;;;;;
269622;28;10;2015;15:52;7328;RUA PRO EDGAR DE ARRUDA;RUA MANAUS;;;;Colisão;Luz do Dia;;;Cruz;Pare;Residencial;0;1;0;0;0;0;0;0;0;1;0;0;-38,591676;-3,754542;;;
269609;28;10;2015;12:53;0;RUA BOA VISTA;;;;;Colisão;Luz do Dia;;;Meio de Quadra;;;0;1;0;0;0;0;0;0;0;1;0;0;;;;;
260188;28;10;2015;05:20;0;RD CE-060;;;;KM-01;Colisão;Via Iluminada;;Seca;Meio de Quadra;;;0;0;1;1;0;0;0;0;0;0;0;0;-38,576995;-3,819537;;;
260189;28;10;2015;07:40;0;RD CE-025;;;;KM-01;Colisão;Luz do Dia;;Seca;Meio de Quadra;;;0;0;2;1;0;0;0;0;0;0;0;0;-38,470976;-3,807681;;;
260195;28;10;2015;16:30;0;RD CE-040;;;;KM-13;Colisão;Luz do Dia;;Seca;Meio de Quadra;;;0;0;2;1;0;0;0;0;0;0;0;0;-38,472314;-3,857083;;;
260198;28;10;2015;17:25;0;AV MIN JOSE AMERICO;;;;;Colisão;Via Iluminada;;Seca;Meio de Quadra;;;0;0;2;1;0;0;0;0;0;1;0;0;;;;;
269649;28;10;2015;16:28;0;RUA WALDIR DIOGO;;;;;Colisão;Luz do Dia;;;Meio de Quadra;;;0;1;1;1;0;0;0;0;0;1;0;0;-38,584661;-3,804826;;;
269651;28;10;2015;16:40;0;RUA FRANCISCO GLICERIO;;;;;Colisão;Luz do Dia;;;Meio de Quadra;;;0;1;1;1;0;0;0;0;0;1;0;0;-38,568822;-3,796258;;;
269654;28;10;2015;16:49;0;AV ALM BARROSO;;;;;Colisão;Luz do Dia;;;Meio de Quadra;;;0;1;1;1;0;0;0;0;0;1;0;0;;;;;
269655;28;10;2015;18:10;0;AV DUQ CAXIAS;;;;;Atropelamento;Anoitecer;;;Meio de Quadra;;;0;1;1;0;0;0;0;0;0;1;0;0;-38,542778;-3,727610;;;