COD_ACIDENTE;DIA;MES;ANO;HORA;INTERSECAO;LOG1;LOG2;LOG3;NUMERO;REFERENCIA;NATUREZA;ILUMINACAO;TEMPO;SUPERFICIEPISTA;TIPOCRUZAMENTO;CONTROLETRAFEGO;USOSOLO;MORTOS;FERIDOS;ILESOS;AUTOMOVEL;ONIBUS;BICICLETA;CAMINHAO;MICROONIBUS;CICLOMOTOR;MOTOCICLETA;TRACAOANIMAL;TREM;LONG;LAT;;;
269657;28;10;2015;18:27;0;AV NORTE;;;;;Colisão;Anoitecer;;;Meio de Quadra;;;0;1;1;1;0;0;0;0;0;1;0;0;;;;;
269658;28;10;2015;19:27;0;AV GODOFREDO MACIEL;;;;;Colisão;;;;Meio de Quadra;;;0;1;1;1;0;0;0;0;0;1;0;0;-38,574601;-3,817087;;;
269661;28;10;2015;19:45;0;AV ODILON GUIMARAES;;;;;Queda;;;;Meio de Quadra;;;0;1;0;0;0;0;0;0;0;1;0;0;-38,466083;-3,814090;;;
269669;28;10;2015;20:20;0;AV BEZERRA DE MENEZES;;;;;Colisão;;;;Meio de Quadra;;;0;1;1;1;0;0;0;0;0;1;0;0;;;;;
269670;28;10;2015;21:03;0;RUA GAL ALIPIO DOS SANTOS;;;;;Colisão;;;;Meio de Quadra;;;0;1;1;1;0;0;0;0;0;1;0;0;-38,587805;-3,729583;;;
272163;28;10;2015;07:58;1576;RUA CEL JUCA;AV PDE ANTONIO TOMAS;;;;Colisão;Luz do Dia;;;Cruz;Semáforo;Misto;0;0;2;0;0;0;0;0;0;0;0;0;-38,492803;-3,742392;;;
272164;28;10;2015;08:40;0;RUA DR CARLOS R PAMPLONA;;;;;Colisão;Luz do Dia;;;Meio de Quadra;;;0;0;2;0;0;0;0;0;0;0;0;0;;;;;
272165;28;10;2015;08:41;0;RUA GUILHERME MENDES;;;;;Colisão;Luz do Dia;;;Meio de Quadra;;;0;0;2;0;0;0;0;0;0;0;0;0;;;;;
272167;28;10;2015;09:06;0;RUA DES PRAXEDES;;;;;Colisão;Luz do Dia;;;Meio de Quadra;;;0;0;2;0;0;0;0;0;0;0;0;0;;;;;
272169;28;10;2015;10:50;0;RUA GAL CLARINDO DE QUEIROZ;;;;;Colisão;Luz do Dia;;;Meio de Quadra;;;0;0;2;0;0;0;0;0;0;0;0;0;;;;;
272170;28;10;2015;11:11;5290;AV DUQ CAXIAS;RUA PDE MORORO;;;;Colisão;Luz do Dia;;;Cruz;Semáforo;Comercial;0;0;2;0;0;0;0;0;0;0;0;0;-38,538552;-3,728983;;;
272174;28;10;2015;13:44;6737;AV ENG SANTANA JUNIOR;AV PDE ANTONIO TOMAS;;;;Colisão;Luz do Dia;;;Cruz;Semáforo;Residencial;0;0;2;0;0;0;0;0;0;0;0;0;-38,488012;-3,743981;;;
272179;28;10;2015;15:19;2652;RUA AMOR PERFEITO;RUA RAIMUNDO FROTA;;;;Colisão;Luz do Dia;;;Cruz;Não Há Controle;Residencial;0;0;2;0;0;0;0;0;0;0;0;0;-38,582332;-3,715156;;;
272177;28;10;2015;16:59;0;RUA CTE JOSE CALS DE OLIVEIRA;;;;;Colisão;Luz do Dia;;;Meio de Quadra;;;0;0;2;0;0;0;0;0;0;0;0;0;;;;;
272172;28;10;2015;12:54;11638;RUA BOA VISTA;RUA NOEL ROSA;;;;Colisão;Luz do Dia;;;;;;0;0;2;0;0;0;0;0;0;0;0;0;-38,586594;-3,768742;;;
266045;28;10;2015;09:02;12674;RUA GUILHERME MENDES;AV CEL CARVALHO;;;;Colisão;Luz do Dia;;;Cruz;Pare;Comercial;0;0;2;0;1;0;0;0;0;1;0;0;-38,587094;-3,720651;;;
266046;28;10;2015;14:51;0;RUA ANDRADE FURTADO;;;;;Colisão;Luz do Dia;;;Meio de Quadra;;;0;0;2;1;0;0;0;0;0;0;0;0;;;;;
259327;28;10;2015;07:15;0;RD BR 116;;;1000;KM-01;Atropelamento;Luz do Dia;Bom;Seca;Meio de Quadra;Não Há Controle;Comercial;0;1;1;0;0;0;0;0;0;0;0;0;-38,518702;-3,762554;;;
261166;28;10;2015;19:20;0;AV GODOFREDO MACIEL;;;2915;;Colisão Transversal;Via Iluminada;Bom;Seca;Meio de Quadra;Semáforo;Comercial;0;1;1;1;0;0;0;0;0;0;0;0;-38,571327;-3,800964;;;
261162;28;10;2015;22:00;0;RUA URUCUTUBA;;;2437;;Queda;Via Iluminada;Bom;Seca;Meio de Quadra;Não Há Controle;Residencial;2;0;0;0;0;0;0;0;0;1;0;0;-38,619837;-3,799155;;;
261160;28;10;2015;20:00;25029;AV CEL CARVALHO;RUA TEN ELIEZER COSTA;;;;Colisão Transversal;;;;Cruz;Pare;Comercial;0;1;1;1;0;0;0;0;0;1;0;0;-38,589633;-3,710718;;;
261150;28;10;2015;21:46;6818;RUA FRANCISCO MATOS;RUA DR GILBERTO STUDART;;;;Colisão Transversal;;;;Cruz;Pare;Residencial;0;0;2;1;0;0;0;0;0;0;0;0;-38,470191;-3,747084;;;
261158;28;10;2015;18:30;8979;AV DUQ CAXIAS;RUA JUSTINIANO DE SERPA;;;;Atropelamento;Anoitecer;;;Outros;Pare;Comercial;0;1;1;0;0;0;0;0;0;1;0;0;-38,542701;-3,727637;;;
261130;28;10;2015;05:40;10044;RUA EMILIO DE MENESES;RUA ANTONIO NERY;;;;Colisão Transversal;Amanhecer;;;Cruz;Pare;Comercial;0;0;2;1;0;0;0;0;0;0;0;0;-38,600204;-3,778162;;;
261121;28;10;2015;07:10;1598;RUA MON CATAO;RUA CAROLINA SUCUPIRA;;;;Colisão Transversal;Luz do Dia;;;Cruz;Pare;Residencial;0;0;1;1;0;0;0;0;0;1;0;0;-38,492167;-3,743696;;;
261107;28;10;2015;18:30;0;RUA JOAQUIM NABUCO;;;965;;Colisão Traseira;Mal Iluminada;Bom;Seca;Meio de Quadra;Não Há Controle;Residencial;0;0;2;1;0;0;0;0;0;0;0;0;-38,500884;-3,734025;;;
261103;28;10;2015;18:00;1579;RUA BARBOSA DE FREITAS;RUA VICENTE LINHARES;;;;Colisão Lateral;Anoitecer;;;Cruz;Semáforo;Residencial;0;1;1;1;0;0;0;0;0;1;0;0;-38,499256;-3,742487;;;
261238;28;10;2015;17:30;0;AV AGUANAMBI;;;;;Colisão Transversal;Luz do Dia;Bom;Seca;Meio de Quadra;Não Há Controle;Outros;0;0;2;1;0;0;1;0;0;0;0;0;;;;;
261232;28;10;2015;12:10;25186;RUA VER PEDRO PAULO MOREIRA;RUA REPUBLICA ARMENIA;;;;Colisão Lateral;Luz do Dia;Bom;Seca;Cruz;Pare;Comercial;0;0;2;1;1;0;0;0;0;0;0;0;-38,481560;-3,787002;;;
261233;28;10;2015;15:20;0;RUA TEN JURANDIR ALENCAR;;;222;;Colisão Lateral;Luz do Dia;Bom;Seca;Meio de Quadra;Não Há Controle;Comercial;0;0;2;1;0;0;1;0;0;0;0;0;-38,493274;-3,831739;;;
261236;28;10;2015;17:20;0;AV AGUANAMBI;;;837;;Colisão Traseira;Anoitecer;;;Meio de Quadra;;;0;0;2;1;0;0;0;0;0;0;0;0;-38,525813;-3,742882;;;
261223;28;10;2015;13:30;0;AV SANTOS DUMONT;;;5225;;Engavetamento;Luz do Dia;Bom;Seca;Meio de Quadra;Não Há Controle;Comercial;0;0;3;1;0;0;0;0;0;0;0;0;-38,485053;-3,740530;;;
261219;28;10;2015;16:20;15192;RUA JOSE VILAR;RUA SILVA JATAHY;;;;Colisão Transversal;Luz do Dia;;;Cruz;Pare;Residencial;0;0;2;1;0;0;0;0;0;0;0;0;-38,501700;-3,726429;;;
261230;28;10;2015;13:45;1510;AV JULIO VENTURA;RUA JOSE VILAR;;;;Colisão Transversal;Luz do Dia;;;Cruz;Semáforo;Comercial;0;0;2;1;0;0;0;0;0;0;0;0;-38,506014;-3,739985;;;
261225;28;10;2015;12:30;1511;RUA FONSECA LOBO;RUA DES LEITE ALBUQUERQUE;;;;Colisão Lateral;Luz do Dia;Bom;Seca;Cruz;Pare;Escola;0;0;2;1;0;0;0;0;0;0;0;0;-38,489921;-3,740065;;;
261211;28;10;2015;20:00;0;AV PRO JOSE ARTHUR CARVALHO;;;;;Colisão Lateral;Via Iluminada;Bom;Seca;Meio de Quadra;Não Há Controle;Residencial;0;1;1;1;0;0;0;0;0;1;0;0;-38,461274;-3,825001;;;
261205;28;10;2015;09:00;0;RUA FRANCISCO DE SALES;;;4829;;Atropelamento;Luz do Dia;Bom;Seca;Meio de Quadra;Não Há Controle;Comercial;0;1;1;0;0;0;0;0;0;1;0;0;;;;;
261169;28;10;2015;03:00;0;AV VICENTE DE CASTRO;;;4917;;Choque c/ Obstáculo Fixo;Via Iluminada;Bom;Seca;Meio de Quadra;Não Há Controle;Misto;0;0;1;1;0;0;0;0;0;0;0;0;-38,475569;-3,719464;;;
261176;28;10;2015;12:00;0;AV PRS COSTA E SILVA;;;1720;;Colisão Transversal;Luz do Dia;Bom;Seca;Meio de Quadra;Não Há Controle;Comercial;0;3;0;0;0;0;0;0;0;1;0;0;-38,566971;-3,816838;;;
261186;28;10;2015;07:40;0;RUA CANDIDO CASTELO BRANCO;;;2958;;Colisão Traseira;Luz do Dia;Bom;Seca;Meio de Quadra;Não Há Controle;Residencial;0;0;2;1;1;0;0;0;0;0;0;0;;;;;
260888;28;10;2015;21:00;12520;AV AUGUSTO DOS ANJOS;RUA ALUISIO AZEVEDO;;;;Colisão Traseira;Via Iluminada;Bom;Seca;T;Semáforo;Comercial;0;2;1;1;0;0;0;0;0;1;0;0;-38,573164;-3,773439;;;
260906;28;10;2015;14:00;348;RUA PRO LINO ENCARNACAO;RUA CESAR FONTENELE;;;;Colisão Lateral;Luz do Dia;;;Cruz;Pare;Misto;0;0;2;1;0;0;0;1;0;0;0;0;-38,559596;-3,746359;;;
261014;28;10;2015;13:00;19772;RUA AZEVEDO BOLAO;RUA PRO RAIMUNDO VITOR;;;;Colisão Lateral;Luz do Dia;;;Cruz;Pare;Residencial;0;0;2;1;0;0;0;0;0;0;0;0;-38,565762;-3,738334;;;
261006;28;10;2015;08:30;0;AV ALBERTO CRAVEIRO;;;2571;;Colisão Traseira;Luz do Dia;Bom;Seca;Meio de Quadra;Não Há Controle;Comercial;0;1;1;1;0;0;0;0;0;1;0;0;-38,521176;-3,802757;;;
261007;28;10;2015;11:15;0;RUA SAO DOMINGOS;;;127;;;Luz do Dia;Bom;Seca;Meio de Quadra;Semáforo;Comercial;0;0;2;1;0;0;1;0;0;0;0;0;;;;;
261004;28;10;2015;08:40;9132;AV 13 DE MAIO;RUA JAIME BENEVOLO;;;;Colisão Traseira;Luz do Dia;Bom;Seca;Cruz;Semáforo;Comercial;0;0;2;1;0;0;1;0;0;0;0;0;-38,530741;-3,748122;;;
261038;28;10;2015;16:15;19708;RUA PRO LINO ENCARNACAO;RUA GUSTAVO SAMPAIO;;;;Colisão Lateral;Luz do Dia;;;Cruz;Pare;Residencial;0;0;2;1;0;0;0;0;0;0;0;0;-38,561651;-3,736332;;;
261070;28;10;2015;09:00;19753;RUA ERICO MOTA;RUA AZEVEDO BOLAO;;;;Colisão Transversal;Luz do Dia;;;Cruz;Pare;Residencial;0;0;2;1;0;0;0;0;0;0;0;0;-38,562522;-3,737645;;;
261077;28;10;2015;19:45;0;AV GOV RAUL BARBOSA;;;5080;;Colisão Lateral;Via Iluminada;Bom;Seca;Meio de Quadra;Não Há Controle;Residencial;0;0;2;0;0;0;1;0;0;0;0;0;-38,508379;-3,762624;;;
260995;28;10;2015;18:30;0;RUA JOAO BRIGIDO;;;1743;;Colisão Transversal;Anoitecer;Bom;Seca;Meio de Quadra;Não Há Controle;Comercial;0;0;2;1;0;0;0;0;0;0;0;0;;;;;
260966;28;10;2015;10:40;0;RUA DR JOAO MOREIRA;;;297;;Colisão Lateral;Luz do Dia;Bom;Seca;Meio de Quadra;Não Há Controle;Comercial;0;0;2;1;0;0;0;0;0;0;0;0;-38,527170;-3,722770;;;
260946;28;10;2015;21:05;0;RUA JULIO ALCIDES;;;121;;Colisão Lateral;Mal Iluminada;Bom;Seca;Meio de Quadra;Outros;Comercial;0;0;2;1;0;0;0;0;0;1;0;0;-38,565787;-3,788158;;;
260932;28;10;2015;08:30;0;RUA CAROLINA SUCUPIRA;;;100;;Colisão Lateral;Luz do Dia;Bom;Seca;Meio de Quadra;Não Há Controle;Residencial;0;0;2;0;0;0;0;0;0;1;0;0;-38,501990;-3,740522;;;
260900;29;10;2015;22:20;13594;AV PONTES VIEIRA;RUA CAP GUSTAVO;;;;Colisão Lateral;Via Iluminada;Bom;Seca;Cruz;Semáforo;Comercial;0;1;1;1;0;0;0;0;0;1;0;0;-38,517125;-3,753153;;;
260897;29;10;2015;15:45;0;AV DR SILAS MUNGUBA;;;3261;;Colisão Lateral;Luz do Dia;Bom;Seca;Meio de Quadra;Não Há Controle;Comercial;0;1;1;0;1;1;0;0;0;0;0;0;-38,544658;-3,788859;;;
260894;29;10;2015;16:10;5433;RUA METON DE ALENCAR;RUA MAJ FACUNDO;;;;Colisão Transversal;Luz do Dia;Bom;Seca;Cruz;Pare;Comercial;0;0;3;1;1;0;0;0;0;0;0;0;-38,529899;-3,733917;;;
260885;29;10;2015;13:00;22932;RUA JAPI;RUA ANTONIO BENTO;;;;Colisão Transversal;Luz do Dia;Bom;Seca;Cruz;Gesto;Residencial;0;1;1;0;0;0;0;0;0;1;0;0;-38,547961;-3,783512;;;
260874;29;10;2015;21:00;9187;RUA PDE BARBOSA DE JESUS;RUA EUSEBIO DE SOUZA;;;;Colisão Lateral;Via Iluminada;Bom;Seca;Cruz;Não Há Controle;Comercial;0;0;3;1;0;0;0;0;0;0;0;0;-38,529218;-3,748709;;;
260881;29;10;2015;09:30;12863;AV DOMINGOS OLIMPIO;RUA FLORIANO PEIXOTO;;;;Colisão Lateral;Luz do Dia;Bom;Seca;Cruz;Não Há Controle;Comercial;0;0;2;1;0;0;0;0;0;0;0;0;-38,530313;-3,736976;;;
260882;29;10;2015;19:00;0;RUA PORTO VELHO;;;52;;Colisão Traseira;Via Iluminada;Bom;Seca;Meio de Quadra;Não Há Controle;Residencial;0;1;1;0;1;0;0;0;0;1;0;0;-38,580815;-3,769310;;;
260879;29;10;2015;08:40;0;AV PRS CASTELO BRANCO;;;400;;Colisão Traseira;Luz do Dia;Bom;Seca;Meio de Quadra;Não Há Controle;Comercial;0;0;2;1;0;0;0;0;0;0;0;0;-38,530144;-3,720316;;;
260871;29;10;2015;19:00;15205;RUA OSVALDO CRUZ (ALDEOTA);AV ABOLICAO;;;;Colisão Lateral;Via Iluminada;Bom;Seca;Cruz;Não Há Controle;Residencial;0;1;2;0;0;0;0;1;0;1;0;0;-38,497445;-3,726690;;;
260842;29;10;2015;10:20;0;AV ISABEL BEZERRA;;;;;Colisão Transversal;Luz do Dia;Bom;Seca;Meio de Quadra;Pare;Residencial;0;1;1;1;0;0;0;0;0;1;0;0;;;;;
260843;29;10;2015;12:25;0;RUA GUARUJA;;;850;;Colisão;Luz do Dia;Bom;Seca;Meio de Quadra;Não Há Controle;Residencial;0;1;1;1;0;0;0;0;0;1;0;0;;;;;
260840;29;10;2015;07:25;15881;RUA PDE PEDRO DE ALENCAR;RUA GUARUJA;;;;Colisão Transversal;Luz do Dia;Bom;Seca;Rotatória;Pare;Comercial;0;0;2;1;1;0;0;0;0;0;0;0;-38,494118;-3,834885;;;
260846;29;10;2015;18:30;0;RUA ARQ JOAO BRAGA DE LIMA;;;;;Colisão Lateral;;Bom;Seca;Meio de Quadra;Não Há Controle;Residencial;0;0;2;1;0;0;0;0;0;0;0;0;;;;;
260837;29;10;2015;06:15;15820;AV JOR THOMAZ COELHO;RUA GRANJA CASTELO;;;;Colisão Traseira;Luz do Dia;Bom;Seca;T;Semáforo;Residencial;0;0;2;1;1;0;0;0;0;0;0;0;-38,500218;-3,832383;;;
260838;29;10;2015;06:20;15827;RUA ANGELICA GURGEL;RUA ANTONIO GADELHA;;;;Colisão Traseira;Luz do Dia;Bom;Seca;Cruz;Pare;Comercial;0;0;2;1;1;0;0;0;0;0;0;0;-38,499050;-3,832626;;;
260820;29;10;2015;17:00;15360;AV DOM LUIS;AV DES MOREIRA;;;;Colisão Traseira;Luz do Dia;Bom;Seca;Rotatória;Não Há Controle;Comercial;0;0;2;1;1;0;0;0;0;0;0;0;-38,497383;-3,733239;;;
260822;29;10;2015;13:20;0;RUA VICENTE LINHARES;;;185;;Outros;Luz do Dia;Bom;Seca;Meio de Quadra;Não Há Controle;Residencial;0;2;1;1;0;0;0;0;0;1;0;0;-38,502574;-3,741390;;;
260825;29;10;2015;18:00;0;AV CARNEIRO DE MENDONCA;;;496;;Colisão Lateral;Via Iluminada;Bom;Seca;Meio de Quadra;Semáforo;Misto;0;1;1;0;1;0;0;0;0;1;0;0;-38,564059;-3,765451;;;
260830;29;10;2015;20:08;0;AV DR SILAS MUNGUBA;;;1000;;Colisão Traseira;Via Iluminada;Bom;Seca;Meio de Quadra;Semáforo;Misto;0;0;4;1;0;0;0;0;0;0;0;0;-38,557022;-3,781518;;;
259328;29;10;2015;16:45;0;RD BR 116;;;14000;KM-14;Colisão Traseira;Luz do Dia;Bom;Seca;Meio de Quadra;Não Há Controle;Comercial;0;1;1;0;0;0;1;0;0;1;0;0;-38,499242;-3,873523;;;
259329;29;10;2015;18:40;0;RD BR 116;;;1000;KM-01;Colisão Traseira;Via Iluminada;Bom;Seca;Meio de Quadra;Não Há Controle;Comercial;0;1;1;1;0;0;0;0;0;1;0;0;-38,518702;-3,762554;;;
272193;29;10;2015;17:57;0;AV PRS CASTELO BRANCO;;;;;Colisão;Anoitecer;;;Meio de Quadra;;;0;0;2;0;0;0;0;0;0;0;0;0;;;;;
272188;29;10;2015;17:42;16998;RUA COSME JERONIMO;RUA 25 DE MAIO;;;;Atropelamento;Anoitecer;;;Cruz;Não Há Controle;;0;0;2;0;0;0;0;0;0;0;0;0;-38,586623;-3,822912;;;
272185;29;10;2015;17:16;0;AV H CJ CEARA;;;;;Atropelamento;Anoitecer;;;Meio de Quadra;;;0;0;2;0;0;0;0;0;0;0;0;0;;;;;
272183;29;10;2015;16:56;0;RUA C UI 204;;;;;Colisão;Luz do Dia;;;Meio de Quadra;;;0;0;2;0;0;0;0;0;0;0;0;0;;;;;
269685;29;10;2015;00:29;722;AV TEN LISBOA;RUA ENG JOAO NOGUEIRA;;;;Queda;;;;;;;0;1;0;0;0;0;0;0;0;1;0;0;-38,562585;-3,719515;;;
269741;29;10;2015;22:40;0;RUA JORGE FIGUEIREDO (ANCURI);;;;;Atropelamento;;;;Meio de Quadra;;;0;1;1;1;0;0;0;0;0;0;0;0;;;;;
269747;29;10;2015;04:18;5356;AV DUQ CAXIAS;RUA GAL SAMPAIO;;;;Queda;;;;Cruz;Semáforo;Misto;0;1;0;0;0;0;0;0;0;1;0;0;-38,532029;-3,731096;;;
269736;29;10;2015;18:11;0;RUA PORTO VELHO;;;;;Colisão;Anoitecer;;;Meio de Quadra;;;0;1;0;0;0;0;0;0;0;0;0;0;-38,580815;-3,769310;;;
269737;29;10;2015;19:28;0;RD BR 116;;;1000;KM-01;Colisão;;;;Meio de Quadra;;;0;1;0;0;0;0;0;0;0;0;0;0;-38,518702;-3,762554;;;
269734;29;10;2015;17:51;0;AV PRS CASTELO BRANCO;;;;;Atropelamento;Anoitecer;;;Meio de Quadra;;;0;1;1;0;0;0;0;0;0;1;0;0;;;;;
269729;29;10;2015;17:34;0;RUA ARTUR DE SOUZA;;;;;Colisão;Anoitecer;;;Meio de Quadra;;;0;1;0;0;0;0;0;0;0;0;0;0;;;;;
269712;29;10;2015;12:55;0;RUA VICENTE LINHARES;;;;;Queda;Luz do Dia;;;Meio de Quadra;;;0;1;0;0;0;0;0;0;0;1;0;0;-38,502574;-3,741390;;;
269698;29;10;2015;09:03;23389;RUA CAP TIBURCIO DA FROTA;RUA SABINO MONTE;;;;Colisão;Luz do Dia;;;Cruz;Pare;Residencial;0;1;1;1;0;0;0;0;0;1;0;0;-38,512291;-3,754815;;;
269692;29;10;2015;07:09;0;AV ALM HENRIQUE SABOIA;;;;;Colisão;Luz do Dia;;;Meio de Quadra;;;0;1;1;1;0;0;0;0;0;1;0;0;;;;;
269694;29;10;2015;07:25;0;ET PAVUNA;;;;;Colisão;Luz do Dia;;;Meio de Quadra;;;0;1;0;0;0;0;0;0;0;1;0;0;-38,558615;-3,819640;;;
269688;29;10;2015;06:47;0;RUA ANDRE REBOUCAS;;;;;Colisão;Luz do Dia;;;Meio de Quadra;;;0;1;1;1;0;0;0;0;0;1;0;0;-38,590726;-3,775539;;;
269709;29;10;2015;10:57;0;AV DR SILAS MUNGUBA;;;;;Colisão;Luz do Dia;;;Meio de Quadra;;;0;1;1;1;0;0;0;0;0;1;0;0;-38,539417;-3,790690;;;
260203;29;10;2015;14:20;0;RD CE-040;;;;KM-05;;Luz do Dia;;Seca;Meio de Quadra;;;0;0;2;1;1;0;0;0;0;0;0;0;-38,480349;-3,790876;;;
272201;29;10;2015;18:56;0;RUA PDE FRANCISCO PITA;;;;;Atropelamento;;;;Meio de Quadra;;;0;0;2;0;0;0;0;0;0;0;0;0;;;;;
260763;29;10;2015;08:40;0;AV DUQ CAXIAS;;;1341;;Colisão Lateral;Luz do Dia;Bom;Seca;Meio de Quadra;Semáforo;Comercial;0;0;2;1;0;0;0;0;0;0;0;0;-38,536160;-3,729767;;;
260738;29;10;2015;18:10;0;AV ANTONIO SALES;;;935;;Colisão Transversal;Via Iluminada;Bom;Seca;;;;0;1;2;1;0;0;0;0;0;1;0;0;-38,513384;-3,742046;;;
260761;29;10;2015;18:30;25165;AV ROGACIANO LEITE;RUA HENRIQUE DE CASTRO;;;;Colisão Transversal;Via Iluminada;Chuva;Seca;Cruz;Pare;Comercial;0;1;1;1;0;0;0;0;0;1;0;0;-38,500639;-3,776997;;;
260765;29;10;2015;12:15;0;RUA BAR CRATO;;;1490;;Colisão Transversal;Luz do Dia;Bom;Seca;Meio de Quadra;Pare;Residencial;0;1;1;0;0;0;0;0;0;1;0;0;;;;;
260766;29;10;2015;08:20;13177;AV D CJ JOSE WALTER;AV I CJ JOSE WALTER;;;;Colisão Lateral;Luz do Dia;Bom;Seca;Rotatória;Dê Preferência;Comercial;0;0;2;1;0;0;0;0;0;0;0;0;-38,552957;-3,832440;;;
260767;29;10;2015;09:40;13592;AV PONTES VIEIRA;RUA PRO CARVALHO;;;;Colisão Traseira;Luz do Dia;Bom;Seca;Cruz;Semáforo;Comercial;0;0;2;1;0;0;0;0;0;0;0;0;-38,514949;-3,752890;;;
260768;29;10;2015;15:00;19683;RUA PRO JOSE DE BARCELOS;RUA AZEVEDO BOLAO;;;;Colisão Transversal;Luz do Dia;Bom;Seca;Cruz;Pare;Residencial;0;1;1;1;0;0;0;0;0;1;0;0;-38,550610;-3,735196;;;
260774;29;10;2015;13:00;0;AV LUCIANO CARNEIRO;;;;;Colisão Transversal;Luz do Dia;Bom;Seca;Meio de Quadra;;;0;1;1;1;0;0;0;0;0;1;0;0;-38,533489;-3,754535;;;
260783;29;10;2015;08:30;0;AV PRS CASTELO BRANCO;;;2321;;Engavetamento;Luz do Dia;Bom;Seca;Meio de Quadra;Não Há Controle;Residencial;0;0;3;1;0;0;0;0;0;0;0;0;-38,548558;-3,713720;;;
260780;29;10;2015;10:30;0;AV JOSE BASTOS;;;3612;;Engavetamento;Luz do Dia;Bom;Seca;Meio de Quadra;Semáforo;Comercial;0;0;3;1;0;0;0;0;0;0;0;0;-38,551162;-3,750699;;;
260781;29;10;2015;10:00;0;RUA ANTONIO POMPEU;;;319;;Colisão Traseira;Luz do Dia;Bom;Seca;Meio de Quadra;Semáforo;Residencial;0;0;2;1;0;0;0;0;0;0;0;0;-38,527002;-3,735932;;;
260778;29;10;2015;19:00;0;AV AGUANAMBI;;;;ROTATÓRIA;Colisão Lateral;Via Iluminada;Bom;Seca;Meio de Quadra;Dê Preferência;Comercial;0;0;2;1;0;0;0;0;0;0;0;0;-38,523043;-3,755538;;;
260776;29;10;2015;11:00;22849;RUA DR JUSTA ARAUJO D45;RUA CON LIMA SUCUPIRA;;;;Colisão Lateral;Luz do Dia;Bom;Seca;Cruz;Pare;Misto;0;0;3;1;1;0;0;0;0;0;0;0;-38,550832;-3,778167;;;
260810;29;10;2015;09:00;19729;RUA AZEVEDO BOLAO;RUA DOM JOSE LOURENCO  D27;;;;Colisão Transversal;Luz do Dia;Bom;Seca;Cruz;Pare;Residencial;0;2;0;1;0;0;0;0;0;1;0;0;-38,559267;-3,736965;;;
260797;29;10;2015;14:45;0;AV ALM HENRIQUE SABOIA;;;;;Engavetamento;Luz do Dia;Bom;Seca;Meio de Quadra;;Comercial;0;0;2;1;0;0;0;0;0;0;0;0;;;;;
260798;29;10;2015;16:40;0;RUA CARLOS VASCONCELOS;;;590;;Colisão Lateral;Luz do Dia;Bom;Seca;Meio de Quadra;Não Há Controle;Residencial;0;0;2;1;0;0;0;0;0;0;0;0;-38,508749;-3,726638;;;
260791;29;10;2015;18:00;5143;RUA MON CARNEIRO DA CUNHA;AV FILOMENO GOMES;;;;Colisão Lateral;Luz do Dia;Bom;Seca;T;Pare;Residencial;0;0;2;1;1;0;0;0;0;0;0;0;-38,541718;-3,724629;;;
260785;29;10;2015;20:30;0;AV ALBERTO CRAVEIRO;;;;;Colisão Traseira;Anoitecer;Bom;Seca;Outros;Não Há Controle;Misto;0;0;2;1;0;0;1;0;0;0;0;0;;;;;
260786;29;10;2015;10:30;0;AV DOM MANUEL;;;;;Engavetamento;Luz do Dia;Bom;Seca;Meio de Quadra;Não Há Controle;Comercial;0;0;3;1;0;0;0;0;0;0;0;0;;;;;
260793;29;10;2015;09:20;0;RUA MARIA GOMES DE SA;;;2000;;Colisão Lateral;Luz do Dia;Bom;Seca;Meio de Quadra;Não Há Controle;Comercial;0;1;1;0;0;0;0;0;0;1;0;0;-38,585453;-3,821618;;;
260794;29;10;2015;10:45;0;AV D CJ CEARA;;;1536;;Colisão Transversal;Luz do Dia;Bom;Seca;Meio de Quadra;Não Há Controle;Comercial;0;1;1;1;0;0;0;0;0;1;0;0;-38,601720;-3,765347;;;
260795;29;10;2015;15:40;348;RUA PRO LINO ENCARNACAO;RUA CESAR FONTENELE;;;;Colisão Transversal;Luz do Dia;Bom;Seca;Cruz;Pare;Misto;0;0;2;1;0;0;0;0;0;0;0;0;-38,559596;-3,746359;;;
260733;29;10;2015;12:00;0;AV JOVITA FEITOSA;;;1216;;Colisão Lateral;Luz do Dia;Bom;Seca;Meio de Quadra;Outros;Comercial;0;0;2;0;1;0;0;0;0;0;0;0;-38,555069;-3,739580;;;
272203;30;10;2015;09:56;0;TR EDSON QUEIROZ;;;;;Colisão;Luz do Dia;;;Meio de Quadra;;;0;0;2;0;0;0;0;0;0;0;0;0;;;;;
272211;30;10;2015;11:19;0;RUA ALTANEIRA;;;;;Colisão;Luz do Dia;;;Meio de Quadra;;;0;0;2;0;0;0;0;0;0;0;0;0;;;;;
272212;30;10;2015;11:46;0;AV PRS COSTA E SILVA;;;;;Colisão;Luz do Dia;;;Meio de Quadra;;;0;0;2;0;0;0;0;0;0;0;0;0;;;;;