COD_ACIDENTE;DIA;MES;ANO;HORA;INTERSECAO;LOG1;LOG2;LOG3;NUMERO;REFERENCIA;NATUREZA;ILUMINACAO;TEMPO;SUPERFICIEPISTA;TIPOCRUZAMENTO;CONTROLETRAFEGO;USOSOLO;MORTOS;FERIDOS;ILESOS;AUTOMOVEL;ONIBUS;BICICLETA;CAMINHAO;MICROONIBUS;CICLOMOTOR;MOTOCICLETA;TRACAOANIMAL;TREM;LONG;LAT;;;
272213;30;10;2015;12:26;12644;RUA ALBERTO FERREIRA;RUA ABELARDO FERREIRA;;;;Colisão;Luz do Dia;;;Cruz;Pare;Residencial;0;0;2;0;0;0;0;0;0;0;0;0;-38,582979;-3,719517;;;
272206;30;10;2015;10:23;0;RUA POE MARIO LINHARES (J.WALTER);;;;;Colisão;Luz do Dia;;;Meio de Quadra;;;0;1;1;0;0;0;0;0;0;0;0;0;;;;;
272220;30;10;2015;13:10;0;AV CONTORNO NORTE D71;;;;;Colisão;Luz do Dia;;;Meio de Quadra;;;0;0;2;0;0;0;0;0;0;0;0;0;;;;;
272221;30;10;2015;15:41;0;AV SANTOS DUMONT;;;;;Colisão;Luz do Dia;;;Meio de Quadra;;;0;0;2;0;0;0;0;0;0;0;0;0;;;;;
272223;30;10;2015;15:45;741;RUA IRINEU DE SOUZA;RUA TOMAS GONZAGA;;;;Colisão;Luz do Dia;;;Cruz;Pare;Residencial;0;0;2;0;0;0;0;0;0;0;0;0;-38,568301;-3,710743;;;
272224;30;10;2015;;12620;RUA TULIPA;RUA COS LAFAYETE;;;;Colisão;;;;Cruz;Pare;Residencial;0;0;2;0;0;0;0;0;0;0;0;0;-38,580936;-3,718159;;;
260211;30;10;2015;06:30;0;RD CE-040;;;;KM-10;Colisão;Luz do Dia;;Seca;Meio de Quadra;;;0;0;2;1;0;0;0;0;0;0;0;0;-38,480068;-3,838671;;;
269748;30;10;2015;06:28;0;AV DEP PAULINO ROCHA;;;;;Queda;Luz do Dia;;;Meio de Quadra;;;0;1;0;0;0;0;0;0;0;1;0;0;;;;;
269749;30;10;2015;06:56;0;RUA TEBAS;;;;;Colisão;Luz do Dia;;;Meio de Quadra;;;0;1;1;1;0;0;0;0;0;1;0;0;;;;;
269754;30;10;2015;08:28;0;RUA PRC ISABEL;;;;;Colisão;Luz do Dia;;;Meio de Quadra;;;0;1;1;1;0;0;0;0;0;1;0;0;-38,536842;-3,731186;;;
269755;30;10;2015;09:01;0;RUA CEL FRANCISCO PEREIRA (MESSEJANA);;;;;Atropelamento;Luz do Dia;;;Meio de Quadra;;;0;1;0;0;0;0;0;0;1;0;0;0;-38,492613;-3,829478;;;
269756;30;10;2015;10:12;0;AV DR SILAS MUNGUBA;;;;;Queda;Luz do Dia;;;Meio de Quadra;;;0;1;0;0;0;0;0;0;0;1;0;0;;;;;
269902;30;10;2015;15:08;0;AV AUGUSTO DOS ANJOS;;;;;;Luz do Dia;;;Meio de Quadra;;;0;1;0;0;0;0;0;0;0;1;0;0;-38,576139;-3,776718;;;
269908;30;10;2015;16:17;0;AV ALBERTO CRAVEIRO;;;;;Queda;Luz do Dia;;;Meio de Quadra;;;0;1;0;0;0;0;0;0;0;1;0;0;;;;;
269905;30;10;2015;16:01;0;RUA TEN JOSE NEWTON;;;;;Colisão;Luz do Dia;;;Meio de Quadra;;;0;1;0;0;0;0;0;0;0;0;0;0;-38,491533;-3,823680;;;
269906;30;10;2015;16:06;0;AV MAE LISBOA;;;;;Queda;Luz do Dia;;;Meio de Quadra;;;0;1;0;0;0;0;0;0;0;1;0;0;;;;;
269912;30;10;2015;18:02;3204;RUA ACACIAS D34;RUA EMILIO DE MENESES;;;;Colisão;Anoitecer;;;Cruz;Pare;Residencial;0;1;0;0;0;0;0;0;0;0;0;0;-38,590283;-3,780938;;;
269913;30;10;2015;21:14;0;RUA ROSINHA SAMPAIO;;;;;Atropelamento;;;;Meio de Quadra;;;0;1;1;1;0;0;0;0;0;0;0;0;-38,591675;-3,725891;;;
269916;30;10;2015;21:28;0;RUA JOSE GONCALVES LIMA;;;;;Colisão;;;;Meio de Quadra;;;0;1;1;1;0;0;0;0;0;1;0;0;;;;;
269917;30;10;2015;21:48;0;RUA DR FERNANDO AUGUSTO;;;;;Queda;;;;Meio de Quadra;;;0;1;0;0;0;0;0;0;0;1;0;0;-38,610278;-3,790706;;;
269922;30;10;2015;23:18;0;AV SEN FERNANDES TAVORA;;;;;Atropelamento;;;;Meio de Quadra;;;0;1;1;0;0;0;0;0;0;1;0;0;;;;;
269927;30;10;2015;23:35;0;RUA MIGUEL GURGEL;;;;;Colisão;;;;Meio de Quadra;;;0;1;0;0;0;0;0;0;0;0;0;0;;;;;
269884;30;10;2015;14:51;0;AV GAL OSORIO DE PAIVA;;;;;Colisão;Luz do Dia;;;Meio de Quadra;;;0;1;1;1;0;0;0;0;0;1;0;0;-38,601701;-3,804341;;;
269865;30;10;2015;12:56;0;AV N CJ JOSE WALTER;;;;;Queda;Luz do Dia;;;Meio de Quadra;;;0;1;0;0;0;0;0;0;0;1;0;0;;;;;
269822;30;10;2015;11:53;0;RUA MON DANTAS;;;;;Atropelamento;Luz do Dia;;;Meio de Quadra;;;0;1;1;0;0;0;0;0;0;1;0;0;;;;;
269825;30;10;2015;12:05;0;RUA GUILHERME MENDES;;;;;Colisão;Luz do Dia;;;Meio de Quadra;;;0;1;1;1;0;0;0;0;0;1;0;0;;;;;
269817;30;10;2015;11:23;0;AV CEL CARVALHO;;;;;Colisão;Luz do Dia;;;Meio de Quadra;;;0;1;0;0;0;0;0;0;0;0;0;0;;;;;
269766;30;10;2015;11:23;0;AV CEL CARVALHO;;;;;Colisão;Luz do Dia;;;Meio de Quadra;;;0;1;1;1;0;0;0;0;0;1;0;0;;;;;
259334;30;10;2015;20:00;0;RD BR 116;;;8000;KM-08;Colisão;Via Iluminada;Bom;Seca;Meio de Quadra;Não Há Controle;Comercial;0;0;2;1;0;0;0;0;0;0;0;0;-38,503269;-3,822018;;;
259335;30;10;2015;20:45;0;RD BR 116;;;4000;KM-04;Colisão;Via Iluminada;Bom;Seca;Meio de Quadra;Não Há Controle;Comercial;0;1;1;0;0;0;0;0;0;1;0;0;-38,510646;-3,788331;;;
259331;30;10;2015;13:15;0;RD BR 116;;;9000;KM-09;Colisão Lateral;Luz do Dia;Bom;Seca;Meio de Quadra;Não Há Controle;Comercial;0;0;2;1;0;0;1;0;0;0;0;0;-38,504865;-3,830837;;;
266055;30;10;2015;10:50;0;RUA ALBERTO FEITOSA LIMA;;;;;Outros;Luz do Dia;;;Meio de Quadra;;;0;0;1;1;0;0;0;0;0;0;0;0;;;;;
260902;30;10;2015;18:10;15232;RUA DEP MOREIRA DA ROCHA;RUA SILVA PAULET;;;;Engavetamento;Via Iluminada;Bom;Seca;Cruz;Não Há Controle;Residencial;0;1;2;1;0;0;0;0;0;0;0;0;-38,503194;-3,727526;;;
260912;30;10;2015;10:30;0;RUA VALMIR PONTES;;;;;Colisão Traseira;Luz do Dia;Bom;Seca;Meio de Quadra;Não Há Controle;Escola;0;1;1;1;0;0;0;0;0;1;0;0;;;;;
260913;30;10;2015;07:45;5421;AV VIS RIO BRANCO;AV DUQ CAXIAS;;;;Colisão Transversal;Luz do Dia;Bom;Seca;Cruz;Semáforo;Comercial;0;0;2;1;0;0;1;0;0;0;0;0;-38,524603;-3,733481;;;
260933;30;10;2015;06:50;0;AV PRS CASTELO BRANCO;;;;;Colisão Lateral;Luz do Dia;Bom;Seca;;Não Há Controle;Comercial;0;0;3;0;0;0;0;0;0;1;0;0;;;;;
260934;30;10;2015;06:00;0;RUA FRE MANSUETO;;;160;;Colisão Traseira;Luz do Dia;Bom;Seca;Meio de Quadra;Não Há Controle;Misto;0;0;2;1;0;0;0;0;0;0;0;0;-38,489340;-3,726287;;;
260935;30;10;2015;08:00;14367;RUA GERSON FARIAS;RUA NAT FEIJO;;;;Colisão Transversal;Luz do Dia;Bom;Seca;Cruz;Pare;Residencial;0;1;1;1;0;0;0;0;0;1;0;0;-38,552399;-3,722386;;;
260937;30;10;2015;08:30;99;RUA MARTINS NETO;RUA TOMAS RODRIGUES;;;;Colisão Lateral;Luz do Dia;Bom;Seca;Cruz;Pare;Misto;0;0;2;0;0;0;1;0;0;0;0;0;-38,593771;-3,741063;;;
260938;30;10;2015;11:00;45;RUA PRO JOSE LEITE GONDIM;RUA SALGADO FILHO;;;;Colisão Lateral;Luz do Dia;Bom;Seca;Cruz;Pare;Residencial;0;0;2;1;0;0;1;0;0;0;0;0;-38,595030;-3,742366;;;
260927;30;10;2015;14:30;0;AV BEZERRA DE MENEZES;;;1802;;Colisão;Luz do Dia;;;Meio de Quadra;;;0;1;1;0;1;0;0;0;0;1;0;0;-38,560286;-3,734772;;;
260924;30;10;2015;06:20;0;AV 13 DE MAIO;;;2686;;Choque c/ Obstáculo Fixo;Luz do Dia;Bom;Seca;Meio de Quadra;Não Há Controle;Comercial;0;0;1;1;0;0;0;0;0;0;0;0;-38,539169;-3,740908;;;
260931;30;10;2015;10:40;5436;RUA JAIME BENEVOLO;RUA GAL CLARINDO DE QUEIROZ;;;;Colisão Lateral;Luz do Dia;Bom;Seca;Cruz;Pare;Comercial;0;0;2;1;1;0;0;0;0;0;0;0;-38,526017;-3,734060;;;
260929;30;10;2015;02:40;15251;RUA DEP MOREIRA DA ROCHA;RUA TIBURCIO CAVALCANTE;;;;Colisão Transversal;Via Iluminada;Bom;Seca;Cruz;Semáforo;Comercial;0;1;1;1;0;0;0;0;0;1;0;0;-38,500041;-3,728066;;;
260918;30;10;2015;17:40;0;AV LINEU MACHADO;;;1165;;Colisão Traseira;Via Iluminada;Bom;Seca;Meio de Quadra;Semáforo;Residencial;0;0;2;1;0;0;0;0;0;0;0;0;-38,579068;-3,770000;;;
260919;30;10;2015;16:50;0;AV PDE ANTONIO TOMAS;;;749;;Colisão Traseira;Luz do Dia;Bom;Seca;Meio de Quadra;Não Há Controle;Comercial;0;1;1;1;0;0;0;0;0;1;0;0;-38,497060;-3,741003;;;
260915;30;10;2015;19:45;0;RUA JOSE HIPOLITO;;;;;Colisão Lateral;Via Iluminada;Bom;Seca;Meio de Quadra;Pare;Comercial;0;0;2;1;0;0;0;0;0;0;0;0;;;;;
261027;30;10;2015;15:30;0;AV PRO GOMES DE MATOS;;;576;;Colisão Traseira;Luz do Dia;Bom;Seca;Meio de Quadra;Não Há Controle;Comercial;0;0;2;1;1;0;0;0;0;0;0;0;-38,543566;-3,758768;;;
261033;30;10;2015;08:40;4319;AV VICENTE DE CASTRO;AV JOSE SABOIA;;;;Colisão Lateral;Luz do Dia;Bom;Seca;Cruz;Não Há Controle;Comercial;0;0;2;1;0;0;0;0;0;0;0;0;-38,473200;-3,713785;;;
261034;30;10;2015;15:50;1226;RUA COSTA BARROS;RUA ISAC MEYER;;;;Colisão Lateral;Luz do Dia;Bom;Seca;Cruz;Pare;Comercial;0;0;2;1;0;0;0;0;0;0;0;0;-38,511671;-3,730316;;;
261035;30;10;2015;17:38;6821;RUA VILEBALDO AGUIAR;RUA DR RIBAMAR LOBO;;;;Colisão Frontal;Via Iluminada;Bom;Seca;Cruz;Pare;Residencial;0;0;2;1;0;0;0;0;0;1;0;0;-38,468111;-3,746893;;;
261029;30;10;2015;10:30;0;RUA JOSE FACANHA;;;;;Colisão Lateral;Luz do Dia;Bom;Seca;Meio de Quadra;Não Há Controle;Comercial;0;0;2;1;0;0;0;0;0;0;0;0;;;;;
261030;30;10;2015;18:30;24908;RUA ANTONIO ARRUDA;RUA PEDRO SAMPAIO;;;;Colisão Transversal;Via Iluminada;Bom;Seca;Cruz;Pare;Residencial;0;1;1;1;0;0;0;0;0;1;0;0;-38,595168;-3,724119;;;
261031;30;10;2015;22:00;5051;RUA SEN JAGUARIBE;RUA SEN POMPEU;;;;Colisão Transversal;Via Iluminada;Bom;Seca;Cruz;Pare;Comercial;0;0;2;1;0;0;0;0;0;0;0;0;-38,528055;-3,721667;;;
261025;30;10;2015;13:20;3992;RUA ALBERTO MAGNO;RUA RAUL UCHOA;;;;Colisão Lateral;;Bom;Seca;Cruz;Pare;Comercial;0;1;1;1;0;0;0;0;0;1;0;0;-38,545916;-3,760225;;;
261022;30;10;2015;16:10;19611;RUA NEREU RAMOS;AV GODOFREDO MACIEL;;;;Colisão Traseira;Luz do Dia;Bom;Seca;T;Semáforo;Residencial;0;1;1;1;0;0;0;0;0;1;0;0;-38,566802;-3,787250;;;
261010;30;10;2015;16:20;18428;AV SGT HERMINIO SAMPAIO;RUA PLANALTINA (PL AYRTON SENNA);;;;Colisão Transversal;Luz do Dia;Bom;Seca;Cruz;Outros;Comercial;0;2;1;1;0;0;0;0;0;1;0;0;-38,572991;-3,729048;;;
261011;30;10;2015;18:00;9142;RUA MON OTAVIO CASTRO;RUA GUILHERME MOREIRA;;;;Colisão Transversal;Via Iluminada;Bom;Seca;Cruz;Pare;Residencial;0;0;2;1;0;0;0;0;0;0;0;0;-38,526504;-3,750182;;;
261012;30;10;2015;21:30;340;RUA CESAR FONTENELE;RUA DOM JOSE LOURENCO  D27;;;;Colisão Traseira;Via Iluminada;Bom;Seca;Cruz;Pare;Misto;0;0;2;1;0;0;0;0;0;0;0;0;-38,557429;-3,745892;;;
261015;30;10;2015;16:40;15298;RUA ANA BILHAR;RUA BARBOSA DE FREITAS;;;;Colisão Transversal;;Bom;Seca;Cruz;Pare;Residencial;0;2;1;1;0;0;0;0;0;1;0;0;-38,495143;-3,729646;;;
261016;30;10;2015;19:00;0;AV JOSE BASTOS;;;5107;;Colisão Traseira;Luz do Dia;Bom;Seca;Meio de Quadra;Não Há Controle;Comercial;0;2;1;0;0;0;0;0;0;1;0;0;-38,562297;-3,757774;;;
261020;30;10;2015;08:55;0;AV JOSE BASTOS;;;5107;;Colisão Traseira;Luz do Dia;Bom;Seca;Meio de Quadra;Não Há Controle;Comercial;0;0;3;1;0;0;0;0;0;0;0;0;-38,562297;-3,757774;;;
261036;31;10;2015;07:50;23672;AV OLAVO BILAC;RUA VIS ICO D20;;;;Colisão Transversal;Luz do Dia;Bom;Seca;T;Pare;Misto;0;0;2;1;0;0;0;0;0;0;0;0;-38,566730;-3,722023;;;
261039;31;10;2015;07:40;0;AV LUCIANO CARNEIRO;;;;;Colisão Frontal;Luz do Dia;Bom;Seca;Meio de Quadra;Semáforo;Comercial;0;1;1;1;0;0;0;0;0;1;0;0;;;;;
261076;31;10;2015;10:25;0;AV DR SILAS MUNGUBA;;;3950;;Colisão Lateral;Luz do Dia;Bom;Seca;Meio de Quadra;Não Há Controle;Comercial;0;1;1;1;1;0;0;0;0;0;0;0;-38,538441;-3,791022;;;
261066;31;10;2015;09:55;0;AV GAL OSORIO DE PAIVA;;;552;;Colisão Lateral;Luz do Dia;Bom;Seca;Meio de Quadra;Outros;Comercial;0;1;2;1;1;1;0;0;0;0;0;0;-38,567447;-3,776229;;;
261068;31;10;2015;14:15;12352;RUA MON HIPOLITO BRASIL;RUA ERNESTO PEDRO SANTOS;;;;Colisão Transversal;Luz do Dia;Bom;Seca;Cruz;Pare;Residencial;0;0;2;1;0;0;0;0;0;0;0;0;-38,575314;-3,760775;;;
261058;31;10;2015;11:00;0;AV CARAPINIMA;;;2600;;Colisão Traseira;Luz do Dia;Nublado;Seca;Meio de Quadra;Semáforo;Misto;0;1;1;1;0;0;0;0;0;1;0;0;-38,542017;-3,741779;;;
261062;31;10;2015;08:00;0;AV GAL OSORIO DE PAIVA;;;2966;;Colisão;Luz do Dia;Bom;Seca;Meio de Quadra;Outros;Residencial;0;1;1;0;0;0;0;0;0;1;0;0;-38,586016;-3,788262;;;
261056;31;10;2015;20:38;0;AV HIS RAIMUNDO GIRAO;;;164;;Colisão Lateral;Via Iluminada;Bom;Seca;Meio de Quadra;Semáforo;Residencial;0;0;2;1;0;0;0;1;0;0;0;0;-38,514075;-3,720414;;;
261054;31;10;2015;18:00;13564;RUA CAP GUSTAVO;RUA CASTRO ALVES;;;;Colisão Transversal;Via Iluminada;Bom;Seca;Cruz;Pare;Residencial;0;0;2;1;0;0;0;0;0;0;0;0;-38,517747;-3,749887;;;
261050;31;10;2015;09:50;0;AV JULIO VENTURA;;;1721;;Colisão Lateral;Luz do Dia;Bom;Seca;Meio de Quadra;Semáforo;Comercial;0;0;2;1;0;0;0;0;0;0;0;0;-38,508486;-3,738885;;;
261051;31;10;2015;00:30;0;RUA ALBERTO MAGNO;;;608;;Colisão Traseira;Mal Iluminada;Bom;Seca;Meio de Quadra;Não Há Controle;;0;0;3;1;0;0;0;0;0;0;0;0;-38,546608;-3,761017;;;
261042;31;10;2015;02:00;3346;RUA VIRIATO RIBEIRO;RUA GOIAS;;;;Colisão Transversal;Via Iluminada;Bom;Seca;Cruz;Pare;Misto;0;2;0;0;0;0;0;0;0;1;0;0;-38,560246;-3,751304;;;
261048;31;10;2015;10:20;1530;RUA TIBURCIO CAVALCANTE;AV JULIO VENTURA;;;;Colisão Transversal;;Bom;Seca;Cruz;Semáforo;Comercial;0;1;1;1;0;0;0;0;0;1;0;0;-38,504074;-3,740609;;;
269078;31;10;2015;16:40;1393;AV RUI BARBOSA;RUA JOAO CARVALHO;;;;Colisão;Luz do Dia;;;Cruz;Semáforo;Residencial;0;1;1;1;0;0;0;0;0;0;0;0;-38,509731;-3,736928;;;
261094;31;10;2015;05:40;17399;RUA ISAIE BORIS;RUA CEL ALEXANDRINO;;;;Choque c/ Obstáculo Fixo;Amanhecer;Bom;Seca;;Semáforo;Residencial;0;1;0;1;0;0;0;0;0;0;0;0;-38,549634;-3,767501;;;
261095;31;10;2015;11:00;0;AV CARNEIRO DE MENDONCA;;;480;;Colisão Lateral;Luz do Dia;Nublado;Seca;Meio de Quadra;Outros;Comercial;0;1;1;1;0;0;0;0;0;1;0;0;-38,563721;-3,765594;;;
261096;31;10;2015;15:20;24029;RUA DR MANOEL RODRIGUES MONTEIRO;RUA MIGUEL CALMON;;;;Colisão Transversal;Luz do Dia;Bom;Seca;;;;0;2;1;0;0;0;0;0;0;1;0;0;-38,464369;-3,727929;;;
261091;31;10;2015;17:30;15803;RUA PDE PEDRO DE ALENCAR;RUA CEL JOAQUIM BEZERRA;;;;Colisão Transversal;Via Iluminada;Bom;Seca;T;Pare;Comercial;0;1;1;1;0;0;0;0;0;1;0;0;-38,493968;-3,831384;;;
261092;31;10;2015;02:45;0;AV DA UNIVERSIDADE;;;3057;;Choque c/ Obstáculo Fixo;Via Iluminada;Bom;Seca;Meio de Quadra;Não Há Controle;Residencial;0;0;1;0;0;0;0;0;0;0;0;0;-38,540721;-3,742738;;;
261087;31;10;2015;19:00;0;RUA PDE PEDRO DE ALENCAR;;;316;;Colisão Lateral;Via Iluminada;Bom;Seca;Meio de Quadra;Não Há Controle;Comercial;0;0;2;1;0;0;0;0;0;0;0;0;-38,493856;-3,830464;;;
261083;31;10;2015;10:35;0;RUA BAR SOBRAL;;;872;;Colisão Lateral;Luz do Dia;Bom;Seca;Meio de Quadra;Não Há Controle;Residencial;0;1;1;1;0;0;0;0;0;1;0;0;-38,556914;-3,765514;;;
269930;31;10;2015;05:12;0;RUA PLANALTINA (PL AYRTON SENNA);;;;;Queda;Amanhecer;;;Meio de Quadra;;;0;1;0;0;0;0;0;0;0;1;0;0;;;;;
260228;31;10;2015;05:00;0;RD CE-025;;;;KM-06;Colisão;Via Iluminada;;Seca;Meio de Quadra;;;0;0;2;1;0;0;0;0;0;0;0;0;-38,426982;-3,810993;;;
260235;31;10;2015;20:00;0;RD CE-040;;;;KM-10;Colisão;Via Iluminada;;Seca;Meio de Quadra;;;0;2;1;1;0;0;0;0;0;1;0;0;-38,480068;-3,838671;;;
260233;31;10;2015;15:50;0;RD CE-040;;;;KM-03;Colisão;Luz do Dia;;Seca;Meio de Quadra;;;0;0;2;1;0;0;1;0;0;0;0;0;-38,481014;-3,783185;;;
272227;31;10;2015;01:14;0;RUA ANTONIO GADELHA;;;;;Colisão Frontal;;;;Meio de Quadra;;;0;0;2;0;0;0;0;0;0;0;0;0;;;;;
272245;31;10;2015;14:03;0;RUA PRIMEIRO DE MAIO D34;;;;;Colisão;Luz do Dia;;;Meio de Quadra;;;0;0;2;0;0;0;0;0;0;0;0;0;;;;;
272236;31;10;2015;12:48;15357;RUA PEREIRA VALENTE;RUA LEONARDO MOTA;;;;Colisão;Luz do Dia;;;Cruz;Pare;Misto;0;0;2;0;0;0;0;0;0;0;0;0;-38,495134;-3,732885;;;
272251;31;10;2015;16:06;0;RUA CAP CLOVIS MAIA;;;;;Colisão;Luz do Dia;;;Meio de Quadra;;;0;0;2;0;0;0;0;0;0;0;0;0;;;;;
272277;31;10;2015;22:28;13396;RUA BAR ARACATI;RUA JOAO BRIGIDO;;;;Colisão;;;;Cruz;Pare;Residencial;0;0;2;0;0;0;0;0;0;0;0;0;-38,514697;-3,740939;;;
272278;31;10;2015;23:22;0;AV AGUANAMBI;;;;;Colisão;;;;Meio de Quadra;;;0;0;2;0;0;0;0;0;0;0;0;0;;;;;
272274;31;10;2015;22:23;0;RUA VITAL BRASIL;;;;;Capotamento;;;;Meio de Quadra;;;0;0;1;0;0;0;0;0;0;0;0;0;;;;;
272271;31;10;2015;22:22;0;RUA ITU;;;;;Atropelamento;;;;Meio de Quadra;;;0;0;2;0;0;0;0;0;0;0;0;0;;;;;
272267;31;10;2015;21:31;13534;AV SORIANO ALBUQUERQUE;RUA JOAO CORDEIRO;;;;Colisão;;;;Cruz;Pare;Residencial;0;0;2;0;0;0;0;0;0;0;0;0;-38,519458;-3,747871;;;
272268;31;10;2015;21:46;0;AV AGUANAMBI;;;;;Colisão;;;;Meio de Quadra;;;0;0;2;0;0;0;0;0;0;0;0;0;;;;;
272263;31;10;2015;19:26;0;AV BENJAMIM BRASIL;;;;;Colisão;;;;Meio de Quadra;;;0;0;2;0;0;0;0;0;0;0;0;0;;;;;
272264;31;10;2015;20:32;0;AV SEN FERNANDES TAVORA;;;;JOCKEY;Colisão;;;;Meio de Quadra;;;0;0;2;0;0;0;0;0;0;0;0;0;;;;;
272265;31;10;2015;21:30;0;RUA JOSE MENDONCA;;;;;Colisão;;;;Meio de Quadra;;;0;0;2;0;0;0;0;0;0;0;0;0;;;;;
272260;31;10;2015;19:00;0;RUA ANDRADE FURTADO;;;;;Colisão;;;;Meio de Quadra;;;0;0;2;0;0;0;0;0;0;0;0;0;;;;;
272261;31;10;2015;19:24;16057;AV GODOFREDO MACIEL;AV PRS COSTA E SILVA;;;;Colisão;;;;;;;0;0;2;0;0;0;0;0;0;0;0;0;-38,574739;-3,811743;;;
272258;31;10;2015;18:46;13610;RUA DR THOMPSON BULCAO;RUA JAIME LEONEL;;;;Atropelamento;;;;T;Pare;Comercial;0;0;2;0;0;0;0;0;0;0;0;0;-38,495292;-3,768556;;;
272253;31;10;2015;18:45;0;AV CAP GUTEMBERG BAUN;;;;;Colisão;;;;Meio de Quadra;;;0;0;2;0;0;0;0;0;0;0;0;0;;;;;
272239;31;10;2015;13:45;0;AV AGUANAMBI;;;;;Colisão;Luz do Dia;;;Meio de Quadra;;;0;0;2;0;0;0;0;0;0;0;0;0;;;;;
269944;31;10;2015;08:26;0;RUA MARTINS NETO;;;;;Colisão;Luz do Dia;;;Meio de Quadra;;;0;1;0;0;0;0;0;0;0;1;0;0;;;;;
269938;31;10;2015;06:23;0;RUA URUCUTUBA;;;;;Atropelamento;Luz do Dia;;;Meio de Quadra;;;0;1;1;0;0;0;0;0;0;1;0;0;-38,606641;-3,797348;;;
269942;31;10;2015;07:42;0;AV GAL OSORIO DE PAIVA;;;;;Queda;Luz do Dia;;;Meio de Quadra;;;0;1;0;0;0;0;0;0;0;1;0;0;;;;;
269933;31;10;2015;05:19;0;AV MR HULL;;;;;Queda;Amanhecer;;;Meio de Quadra;;;0;1;0;0;0;0;0;0;0;1;0;0;-38,570690;-3,736821;;;
270023;31;10;2015;10:19;0;AV RAD JOSE LIMA VERDE;;;;;Colisão;Luz do Dia;;;Meio de Quadra;;;0;1;0;0;0;0;0;0;0;0;0;0;;;;;
270019;31;10;2015;10:01;0;AV GAL OSORIO DE PAIVA;;;;;Colisão;Luz do Dia;;;Meio de Quadra;;;0;2;0;0;0;0;0;0;0;0;0;0;;;;;
270014;31;10;2015;09:43;0;AV PASTEUR;;;;;Atropelamento;Luz do Dia;;;Meio de Quadra;;;0;1;1;0;0;0;0;0;0;1;0;0;-38,558456;-3,709763;;;
270068;31;10;2015;20:48;0;AV DR SILAS MUNGUBA;;;;;Queda;;;;Meio de Quadra;;;0;1;0;0;0;0;0;0;0;1;0;0;;;;;
270064;31;10;2015;19:42;0;RUA PEDRO AGUIAR;;;;;Atropelamento;;;;Meio de Quadra;;;0;1;1;0;0;0;0;0;0;1;0;0;-38,546635;-3,797892;;;
270065;31;10;2015;20:32;0;AV JOSE BASTOS;;;;;Queda;;;;Meio de Quadra;;;0;1;0;0;0;0;0;0;0;1;0;0;-38,553342;-3,752880;;;
270047;31;10;2015;14:42;24199;RUA MANUEL RODRIGUES;RUA CEL JOSE AURELIO CAMARA;;;;Colisão;Luz do Dia;;;;;;0;1;0;0;0;0;0;0;0;0;0;0;-38,462666;-3,732053;;;
270052;31;10;2015;18:38;25227;AV A CJ CEARA;AV I CJ CEARA;;;;Colisão;;;;;;;0;1;0;0;0;0;0;0;0;0;0;0;-38,601152;-3,766922;;;
270053;31;10;2015;18:47;0;RUA PERNAMBUCO;;;;;Colisão;;;;Meio de Quadra;;;0;1;1;1;0;0;0;0;0;1;0;0;-38,578524;-3,750980;;;
270049;31;10;2015;18:02;0;AV ENG SANTANA JUNIOR;;;;;Colisão;Anoitecer;;;Meio de Quadra;;;0;1;1;1;0;0;0;0;0;1;0;0;;;;;
270043;31;10;2015;14:06;10013;RUA DUAS NACOES;RUA OLIVEIRA SOBRINHO;;;;Colisão;Luz do Dia;;;Cruz;Pare;Rural;0;1;1;1;0;0;0;0;0;1;0;0;-38,602409;-3,778267;;;
270037;31;10;2015;13:35;5501;RUA PDE VALDEVINO;RUA GONCALVES LEDO;;;;Colisão;Luz do Dia;;;Cruz;Não Há Controle;Comercial;0;1;1;1;0;0;0;0;0;1;0;0;-38,518610;-3,738571;;;
270035;31;10;2015;12:41;0;RUA FERNANDO FARIAS DE MELO (MANUEL SÁTIRO);;;;;Colisão;Luz do Dia;;;Meio de Quadra;;;0;1;0;0;0;0;0;0;0;0;0;0;;;;;
260240;31;10;2015;18:30;0;RD CE-025;;;;KM-05;Colisão;Via Iluminada;;Seca;Meio de Quadra;;;0;1;1;1;0;1;0;0;0;0;0;0;-38,433120;-3,810070;;;
267898;1;11;2015;05:00;0;AV CEL CARVALHO;;;215;;Colisão;Amanhecer;;;Meio de Quadra;;;0;1;0;0;0;0;0;0;0;0;0;0;-38,591188;-3,704867;;;
267895;1;11;2015;00:06;0;AV PERIMETRAL;;;;VIADUTO ANTONIO BEZERRA;Colisão;;;;Meio de Quadra;;;0;1;0;1;0;0;0;0;0;0;0;0;;;;;
267938;1;11;2015;22:38;15353;RUA PEREIRA VALENTE;RUA BARBOSA DE FREITAS;;;;Colisão;;;;Cruz;Pare;Residencial;0;1;0;1;0;0;0;0;0;1;0;0;-38,496080;-3,732578;;;
267936;1;11;2015;21:05;10734;RUA FLORIANOPOLIS;RUA ARACAJU;;;;Colisão;;;;;Pare;Residencial;0;1;1;0;0;0;0;0;0;1;0;0;-38,587913;-3,760411;;;
267931;1;11;2015;20:02;0;AV DES GONZAGA;;;597;;Colisão;;;;Meio de Quadra;;;0;1;0;0;0;0;0;0;0;0;0;0;-38,502415;-3,791727;;;