COD_ACIDENTE;DIA;MES;ANO;HORA;INTERSECAO;LOG1;LOG2;LOG3;NUMERO;REFERENCIA;NATUREZA;ILUMINACAO;TEMPO;SUPERFICIEPISTA;TIPOCRUZAMENTO;CONTROLETRAFEGO;USOSOLO;MORTOS;FERIDOS;ILESOS;AUTOMOVEL;ONIBUS;BICICLETA;CAMINHAO;MICROONIBUS;CICLOMOTOR;MOTOCICLETA;TRACAOANIMAL;TREM;LONG;LAT;;;
267933;1;11;2015;20:42;0;RUA JOSE SOMBRA;;;461;;Queda;;;;Meio de Quadra;;;0;1;0;0;0;0;0;0;0;1;0;0;-38,546572;-3,736486;;;
267917;1;11;2015;05:27;0;RUA CEL MATOS DOURADO;;;351;;Colisão;Amanhecer;;;Meio de Quadra;;;0;1;0;0;0;0;0;0;0;0;0;0;-38,585112;-3,741939;;;
267901;1;11;2015;05:12;0;RD BR 116;;;;MAKRO;Queda;Amanhecer;;;Meio de Quadra;;;0;1;0;0;0;0;0;0;0;1;0;0;;;;;
267920;1;11;2015;13:03;0;AV PRS CASTELO BRANCO;;;2282;;Atropelamento;Luz do Dia;;;Meio de Quadra;;;0;1;0;0;0;0;0;0;0;0;0;0;-38,548349;-3,713784;;;
267924;1;11;2015;16:32;0;AV CASTELO DE CASTRO;;;631;;Colisão;Luz do Dia;;;Meio de Quadra;;;0;1;1;0;0;0;0;0;0;1;0;0;-38,521624;-3,834894;;;
267926;1;11;2015;17:31;0;AV DIOGUINHO;;;876;;Colisão;Anoitecer;;;Meio de Quadra;;;0;1;0;0;0;0;0;0;0;1;0;0;-38,462310;-3,725165;;;
267927;1;11;2015;17:45;0;AV DR SILAS MUNGUBA;;;;;Atropelamento;Anoitecer;;;Meio de Quadra;;;0;1;0;0;0;0;0;0;0;0;0;0;-38,539682;-3,790597;;;
261243;1;11;2015;13:45;0;RUA PRO GOMES BRASIL;;;120;;Capotamento;Luz do Dia;Bom;Seca;Meio de Quadra;Não Há Controle;Misto;0;1;1;0;0;0;0;0;0;1;0;0;-38,567260;-3,774536;;;
271833;1;11;2015;22:25;12697;RUA RAIMUNDO FROTA;AV CEL CARVALHO;;;;Colisão;;;;Duplo T;Pare;Comercial;0;0;2;0;0;0;0;0;0;0;0;0;-38,588657;-3,714552;;;
271826;1;11;2015;18:52;0;RUA PEDRO DANTAS;;;566;;Colisão;;;;Meio de Quadra;;;0;0;2;0;0;0;0;0;0;0;0;0;;;;;
271827;1;11;2015;19:27;0;RUA CEL DIONISIO ALENCAR;;;1570;;Colisão;;;;Meio de Quadra;;;0;0;2;0;0;0;0;0;0;0;0;0;;;;;
271828;1;11;2015;20:29;0;RUA CEL JOAO CORREIA;;;3592;;Atropelamento;;;;Meio de Quadra;;;0;0;2;0;0;0;0;0;0;0;0;0;-38,625039;-3,785530;;;
271817;1;11;2015;16:19;0;RUA BERNARDO MANUEL;;;8920;;Colisão;Luz do Dia;;;Meio de Quadra;;;0;0;2;0;0;0;0;0;0;0;0;0;-38,551245;-3,798138;;;
271824;1;11;2015;17:36;0;AV CENTRAL;;;;;Colisão;Anoitecer;;;Meio de Quadra;;;0;0;2;0;0;0;0;0;0;0;0;0;;;;;
271822;1;11;2015;17:33;0;AV ZEZE DIOGO;;;844;;Queda;Anoitecer;;;Meio de Quadra;;;0;0;1;0;0;0;0;0;0;1;0;0;;;;;
271819;1;11;2015;17:01;0;AV JOSE DO PATROCINIO;;;;;Queda;Anoitecer;;;Meio de Quadra;;;0;0;1;0;0;0;0;0;0;1;0;0;;;;;
271820;1;11;2015;17:02;0;RUA SABIAGUABA;;;458;;Colisão;Anoitecer;;;Meio de Quadra;;;0;0;2;0;0;0;0;0;0;0;0;0;-38,433420;-3,779707;;;
271809;1;11;2015;16:09;12445;AV SEN FERNANDES TAVORA;TR HELENA DE MARIA;;;;Colisão;Luz do Dia;;;Cruz;Não Há Controle;Comercial;0;0;2;0;0;0;0;0;0;0;0;0;-38,574916;-3,766094;;;
271799;1;11;2015;13:38;0;AV BORGES DE MELO;;;2736;;Colisão;Luz do Dia;;;Meio de Quadra;;;0;0;2;0;0;0;0;0;0;0;0;0;;;;;
271793;1;11;2015;12:34;6310;AV B CJ CEARA;RUA 507 CJ CEARA;;;;Colisão;Luz do Dia;;;Outros;Não Há Controle;Comercial;0;0;2;0;0;0;0;0;0;0;0;0;-38,608938;-3,770455;;;
271801;1;11;2015;14:00;24347;RUA DES PRAXEDES;AV LUCIANO CARNEIRO;;;;Colisão;Luz do Dia;;;Outros;Semáforo;Comercial;0;0;2;0;0;0;0;0;0;0;0;0;-38,536679;-3,764934;;;
271803;1;11;2015;14:43;12359;RUA BRI TORRES;RUA JOCKEY CLUBE;;;;Colisão;Luz do Dia;;;;;;0;0;2;0;0;0;0;0;0;0;0;0;-38,578476;-3,762876;;;
271806;1;11;2015;15:52;0;RUA RUI MONTE;;;;;Colisão;Luz do Dia;;;Meio de Quadra;;;0;0;2;0;0;0;0;0;0;0;0;0;;;;;
271787;1;11;2015;00:18;0;RUA JOAO CORDEIRO;;;;;Colisão;;;;Meio de Quadra;;;0;0;2;0;0;0;0;0;0;0;0;0;;;;;
271788;1;11;2015;00:22;11701;RUA TUPI D35;RUA VIS CAUIPE;;;;Colisão;;;;Cruz;Não Há Controle;Residencial;0;0;2;0;0;0;0;0;0;0;0;0;-38,585112;-3,772061;;;
271789;1;11;2015;02:23;0;RUA JOSE CANDIDO D08;;;358;;Colisão;;;;Meio de Quadra;;;0;0;2;0;0;0;0;0;0;0;0;0;;;;;
271790;1;11;2015;02:26;22972;RUA PRA HELOISA F LIMA;RUA MAD ELISA BALDO;;;;Colisão;;;;Cruz;Pare;Residencial;0;0;2;0;0;0;0;0;0;0;0;0;-38,545126;-3,785465;;;
271791;1;11;2015;11:55;0;RUA CHAVAL;;;281;;Colisão;Luz do Dia;;;Meio de Quadra;;;0;0;2;0;0;0;0;0;0;0;0;0;;;;;
259674;1;11;2015;18:06;0;AV JOSE BASTOS;;;3878;;Colisão Transversal;Via Iluminada;Bom;Seca;;;;0;0;2;1;0;0;1;0;0;0;0;0;-38,552712;-3,752255;;;
259660;1;11;2015;18:30;0;AV BEZERRA DE MENEZES;;;1256;;Colisão Traseira;Via Iluminada;Bom;Seca;Meio de Quadra;Outros;Comercial;0;0;3;1;0;0;0;0;0;0;0;0;-38,556489;-3,734015;;;
259689;1;11;2015;16:20;0;RUA PRO DIAS DA ROCHA;;;;;Colisão Transversal;Via Iluminada;Bom;Seca;Meio de Quadra;Não Há Controle;Residencial;0;0;2;0;0;0;0;0;0;0;0;0;;;;;
259684;1;11;2015;19:30;23041;AV DR SILAS MUNGUBA;RUA BRUNO VALENTE;;;;Colisão Transversal;Via Iluminada;Bom;Seca;Cruz;Pare;Comercial;0;3;0;0;0;0;0;0;0;1;0;0;-38,540009;-3,790483;;;
259685;1;11;2015;09:15;6727;RUA DES WALDETARIO P MOTA;RUA DR GILBERTO STUDART;;;;Colisão Transversal;Luz do Dia;Bom;Seca;Cruz;Pare;Comercial;0;0;2;1;0;0;0;0;0;0;0;0;-38,484239;-3,742559;;;
259699;1;11;2015;13:00;0;AV PDE ANTONIO TOMAS;;;;;Colisão Lateral;Luz do Dia;Bom;Seca;Meio de Quadra;Não Há Controle;Residencial;0;0;2;1;0;0;0;0;0;0;0;0;;;;;
259700;1;11;2015;12:30;2830;AV GAL OSORIO DE PAIVA;RUA OSCAR FRANCA;;;;Colisão Traseira;Luz do Dia;Bom;Seca;T;Semáforo;Residencial;0;0;2;1;1;0;0;0;0;0;0;0;-38,592113;-3,794473;;;
259701;1;11;2015;19:30;0;AV BENJAMIM BRASIL;;;1090;;Colisão Lateral;Via Iluminada;Bom;Seca;Meio de Quadra;Não Há Controle;Comercial;0;0;3;1;0;0;0;0;0;0;0;0;-38,564956;-3,805505;;;
259691;1;11;2015;04:30;0;AV SANTOS DUMONT;;;5225;;Colisão Transversal;Amanhecer;Bom;Seca;Meio de Quadra;Não Há Controle;Comercial;0;0;2;1;0;0;0;0;0;0;0;0;-38,485053;-3,740530;;;
259692;1;11;2015;18:00;15699;RUA MEM DE SA;RUA GUILHERME PESSOA;;;;Colisão Transversal;Anoitecer;Bom;Seca;Cruz;Pare;Residencial;0;1;1;1;0;0;0;0;0;1;0;0;-38,485338;-3,827417;;;
259693;1;11;2015;22:10;0;AV PRS JUSCELINO KUBITSCHEK (PASSARÉ);;;3300;;Choque c/ Obstáculo Fixo;Via Iluminada;Bom;Seca;Meio de Quadra;Não Há Controle;Comercial;0;2;1;1;0;0;0;0;0;0;0;0;-38,526000;-3,808518;;;
259694;1;11;2015;05:55;10924;RUA PORTO VELHO;RUA NOEL ROSA;;;;Colisão Lateral;Amanhecer;Bom;Seca;Cruz;Não Há Controle;Comercial;0;1;1;0;0;0;0;0;0;1;0;0;-38,585548;-3,766751;;;
259695;1;11;2015;;0;RUA PRO GOMES BRASIL;;;314;;Colisão Lateral;Luz do Dia;Bom;Seca;Meio de Quadra;Não Há Controle;Comercial;0;1;1;1;0;0;0;0;0;1;0;0;-38,568391;-3,772908;;;
259696;1;11;2015;01:20;0;RUA EMILIO DE MENESES;;;371;;Colisão Traseira;;Bom;Seca;Meio de Quadra;Outros;Residencial;0;0;2;1;0;0;0;0;0;0;0;0;-38,585090;-3,782412;;;
259697;1;11;2015;14:30;12359;RUA JOCKEY CLUBE;ET PICI;;;;Colisão Transversal;Luz do Dia;Bom;Seca;Cruz;Pare;Residencial;0;1;1;1;0;0;0;0;0;1;0;0;-38,578476;-3,762876;;;
259725;1;11;2015;10:00;0;RD CE-040;;;;KM-14;Engavetamento;Luz do Dia;Bom;Seca;Meio de Quadra;;;0;0;6;1;0;0;0;0;0;0;0;0;-38,469235;-3,865526;;;
259718;2;11;2015;18:30;3860;AV 13 DE MAIO;AV DA UNIVERSIDADE;;;;Colisão Traseira;Via Iluminada;Bom;Seca;Cruz;Semáforo;Comercial;0;0;3;1;0;0;0;0;0;0;0;0;-38,539107;-3,740962;;;
259712;2;11;2015;20:00;15236;AV ANTONIO JUSTA;RUA BARBOSA DE FREITAS;;;;Colisão Lateral;Via Iluminada;Bom;Seca;Cruz;Pare;Comercial;0;0;2;0;1;0;0;0;0;0;0;0;-38,494520;-3,727674;;;
259713;2;11;2015;07:20;3423;AV JOAO PESSOA;RUA ALVARO FERNANDES;;;;Colisão Transversal;Luz do Dia;Bom;Seca;Cruz;Semáforo;Comercial;0;2;0;0;0;0;0;0;0;1;0;0;-38,555648;-3,759317;;;
259714;2;11;2015;01:00;24988;RUA FRE MANSUETO;RUA TAVARES COUTINHO;;;;Colisão Transversal;Não Iluminada;Bom;Seca;Cruz;Semáforo Intermitente;Comercial;0;0;2;1;0;0;0;0;0;0;0;0;-38,488784;-3,732638;;;
259715;2;11;2015;19:00;0;RUA ANTONIO DIVINO;;;108;;Colisão Lateral;Via Iluminada;Bom;Seca;Meio de Quadra;Não Há Controle;Residencial;0;1;1;1;0;0;0;0;0;1;0;0;;;;;
259729;2;11;2015;17:00;0;AV PRS CASTELO BRANCO;;;600;;Colisão Traseira;Via Iluminada;Bom;Seca;Meio de Quadra;Outros;Comercial;0;0;2;0;0;0;0;0;0;0;0;0;-38,532562;-3,719097;;;
259730;2;11;2015;11:30;0;RUA PRO HERIBALDO COSTA;;;687;;Colisão Lateral;;Bom;Seca;Meio de Quadra;Não Há Controle;Comercial;0;0;2;1;0;0;0;0;0;0;0;0;-38,583285;-3,758995;;;
259731;2;11;2015;14:30;18464;AV SGT HERMINIO SAMPAIO;RUA PEDRO PONCIANO;;;;Colisão;;Bom;Seca;Cruz;;Comercial;0;1;1;1;0;0;0;0;0;1;0;0;-38,576523;-3,730442;;;
259732;2;11;2015;15:00;0;AV GAL OSORIO DE PAIVA;;;4838;;Colisão Traseira;Luz do Dia;Bom;Seca;Meio de Quadra;Não Há Controle;Comercial;0;2;0;0;0;0;0;0;0;1;0;0;-38,598972;-3,801532;;;
259733;2;11;2015;09:00;26077;AV DUQ CAXIAS;AV JOSE JATAHY;;;;Colisão Lateral;Luz do Dia;Bom;Seca;T;Pare;Comercial;0;0;2;1;0;0;0;0;0;0;0;0;;;;;
259734;2;11;2015;11:30;0;AV DUQ CAXIAS;;;1700;DNOCS;Colisão Transversal;Luz do Dia;Bom;Seca;Meio de Quadra;Pare;Comercial;0;0;2;0;0;0;0;0;0;0;0;0;-38,539517;-3,728676;;;
259735;2;11;2015;14:30;15370;AV DOM LUIS;AV SEN VIRGILIO TAVORA;;;;Colisão Traseira;Luz do Dia;Bom;Seca;Cruz;Semáforo;Comercial;0;0;2;1;0;0;0;0;0;0;0;0;-38,492507;-3,734829;;;
259736;2;11;2015;16:30;1563;RUA VIS MAUA;RUA VICENTE LINHARES;;;;Colisão Lateral;Luz do Dia;Bom;Seca;Cruz;Pare;Comercial;0;0;2;1;0;0;0;0;0;0;0;0;-38,501243;-3,741828;;;
259737;2;11;2015;18:00;5162;RUA GAL SAMPAIO;RUA SAO PAULO;;;;Colisão Transversal;Luz do Dia;Bom;Seca;Cruz;Semáforo;Comercial;0;1;1;1;0;0;0;0;0;1;0;0;-38,530266;-3,725134;;;
259702;2;11;2015;23:30;0;RUA CEZIDIO ALBUQUERQUE;RUA ULISSES BEZERRA;;;;Colisão Frontal;Via Iluminada;Bom;Seca;;Pare;Comercial;0;2;0;1;0;0;0;0;0;0;0;0;;;;;
259703;2;11;2015;10:20;0;AV DIOGUINHO;;;4250;;Colisão Transversal;Luz do Dia;Bom;Seca;Meio de Quadra;Não Há Controle;Comercial;0;1;1;1;0;0;0;0;1;0;0;0;-38,448310;-3,751052;;;
259706;2;11;2015;17:15;0;AV HIS RAIMUNDO GIRAO;;;;;Colisão Traseira;Via Iluminada;Bom;Seca;Meio de Quadra;Não Há Controle;Lazer;0;1;1;1;0;0;0;0;0;1;0;0;;;;;
259709;2;11;2015;12:40;4007;RUA ALBERTO MAGNO;RUA DES PRAXEDES;;;;Colisão Transversal;Luz do Dia;Bom;Seca;Cruz;Semáforo;Comercial;0;1;1;1;0;0;0;0;0;0;0;0;-38,546795;-3,761230;;;
259710;2;11;2015;17:30;15227;AV ABOLICAO;AV DES MOREIRA;;;;Colisão Lateral;Anoitecer;Bom;Seca;Cruz;Semáforo;Comercial;0;0;2;1;1;0;0;0;0;0;0;0;-38,495474;-3,727331;;;
271842;2;11;2015;12:50;0;VL DO MAR;;;299;;Colisão;Luz do Dia;;;Meio de Quadra;;;0;0;2;0;0;0;0;0;0;0;0;0;;;;;
261303;2;11;2015;14:30;0;AV AUGUSTO DOS ANJOS;;;1000;;Colisão Traseira;Luz do Dia;Bom;Seca;Meio de Quadra;Não Há Controle;Comercial;0;0;2;1;0;0;0;0;0;1;0;0;-38,576139;-3,776718;;;
266063;2;11;2015;14:02;307;RUA DOM JOSE LOURENCO  D27;RUA DAMIAO FERNANDES;;;;Colisão;Luz do Dia;;;Cruz;Não Há Controle;Residencial;0;0;2;0;0;0;0;0;0;0;0;0;-38,557869;-3,743795;;;
266068;2;11;2015;20:55;0;AV CASTELO DE CASTRO;;;;;Colisão;;;;Meio de Quadra;;;0;0;2;1;0;0;0;0;0;1;0;0;;;;;
271851;2;11;2015;16:10;0;RUA RIO GRANDE DO SUL;;;179;;Colisão;Luz do Dia;;;Meio de Quadra;;;0;0;2;0;0;0;0;0;0;0;0;0;-38,562018;-3,750827;;;
271856;2;11;2015;19:11;0;RUA VALPARAISO;;;;;Atropelamento;;;;Meio de Quadra;;;0;0;2;0;0;0;0;0;0;0;0;0;;;;;
271848;2;11;2015;15:45;0;RUA DOIS;;;92;;Colisão;Luz do Dia;;;Meio de Quadra;;;0;0;2;0;0;0;0;0;0;0;0;0;;;;;
271846;2;11;2015;15:45;18028;AV DIOGUINHO;RUA RENATO BRAGA;;;;Colisão;Luz do Dia;;;Cruz;Semáforo;Comercial;0;0;2;0;0;0;0;0;0;0;0;0;-38,458889;-3,731428;;;
267940;2;11;2015;01:38;0;RUA PDE PEDRO DE ALENCAR;;;;;Colisão;;;;Meio de Quadra;;;0;1;0;0;0;0;0;0;0;1;0;0;;;;;
267943;2;11;2015;01:57;0;AV CARNEIRO DE MENDONCA;;;;;Atropelamento;;;;Meio de Quadra;;;0;1;0;1;0;0;0;0;0;0;0;0;;;;;
267944;2;11;2015;03:27;0;AV OLIVEIRA PAIVA;;;245;;Queda;;;;Meio de Quadra;;;0;1;0;0;0;1;0;0;0;0;0;0;-38,502668;-3,798404;;;
267949;2;11;2015;04:48;17363;RUA ALBERTO MAGNO;RUA CEL ALEXANDRINO;;;;Colisão;;;;Cruz;Pare;Comercial;0;1;0;1;0;0;0;0;0;1;0;0;-38,551141;-3,766199;;;
267946;2;11;2015;04:45;0;RUA BATISTA DE OLIVEIRA;;;;;Colisão;;;;Meio de Quadra;;;0;1;0;1;0;0;0;0;0;0;0;0;;;;;
267966;2;11;2015;12:06;0;AV DR SILAS MUNGUBA;;;204;;Queda;Luz do Dia;;;Meio de Quadra;;;0;1;0;0;0;0;0;0;0;1;0;0;-38,562345;-3,776814;;;
267967;2;11;2015;12:45;0;RUA 860 CJ CEARA;;;;;Atropelamento;Luz do Dia;;;Meio de Quadra;;;0;1;0;0;0;0;0;0;0;1;0;0;;;;;
267960;2;11;2015;07:45;0;RUA VALPARAISO;;;1998;;Colisão;Luz do Dia;;;Meio de Quadra;;;0;1;1;1;0;0;0;0;0;1;0;0;-38,519633;-3,846389;;;
267961;2;11;2015;08:27;0;RUA ALVARO MARTINS;;;393;;Colisão;Luz do Dia;;;Meio de Quadra;;;0;1;0;1;0;1;0;0;0;0;0;0;-38,542081;-3,748878;;;
267956;2;11;2015;06:40;0;RD BR 116;;;10000;KM-10;Queda;Luz do Dia;;;Meio de Quadra;;;0;1;0;0;0;0;0;0;0;1;0;0;-38,503373;-3,834435;;;
267975;2;11;2015;19:20;0;RD BR 116;;;3000;KM-03;Colisão;;;;Meio de Quadra;;;0;1;0;1;0;0;0;0;0;1;0;0;-38,514372;-3,779838;;;
267976;2;11;2015;20:46;0;AV RAD JOSE LIMA VERDE;;;;;Queda;;;;Meio de Quadra;;;0;1;0;0;0;0;0;0;0;1;0;0;;;;;
267971;2;11;2015;15:42;0;AV JOR THOMAZ COELHO;;;731;;Queda;Luz do Dia;;;Meio de Quadra;;;0;1;0;0;0;0;0;0;0;1;0;0;-38,502889;-3,831565;;;
267982;2;11;2015;22:30;0;RUA PDE PEDRO DE ALENCAR;;;2310;;Colisão;;;;Meio de Quadra;;;0;1;0;1;0;0;0;0;0;1;0;0;-38,494803;-3,848328;;;
267987;2;11;2015;23:33;0;RUA PEDRO CAMELO;;;699;;Colisão;;;;Meio de Quadra;;;0;1;0;1;0;0;0;0;0;0;0;0;;;;;
267988;2;11;2015;23:58;0;AV PRS COSTA E SILVA;;;;JOSE WALTER;Queda;;;;Meio de Quadra;;;0;1;0;0;0;0;0;0;0;1;0;0;;;;;
270038;2;11;2015;05:19;0;RD CE-040;;;;KM-13;Choque c/ Obstáculo Fixo;Amanhecer;;;Meio de Quadra;;;0;3;2;1;0;0;0;0;0;0;0;0;-38,472314;-3,857083;;;
270276;2;11;2015;20:00;0;RD CE-040;;;;KM-12;Colisão;Via Iluminada;Bom;Seca;Meio de Quadra;;;0;0;2;1;0;0;0;0;0;0;0;0;-38,476237;-3,848945;;;
270288;2;11;2015;22:30;0;RD CE-040;;;;KM-14;Colisão;Via Iluminada;;Seca;Meio de Quadra;;;0;0;2;1;0;0;0;0;0;0;0;0;-38,469235;-3,865526;;;
270308;3;11;2015;16:00;0;RD CE-065;;;;;Colisão;Luz do Dia;;Seca;Meio de Quadra;;;0;1;1;0;1;0;0;0;0;1;0;0;;;;;
270322;3;11;2015;19:20;0;RD CE-040;;;;KM-02;Colisão;Via Iluminada;;Seca;Meio de Quadra;;;0;0;2;1;0;0;0;0;0;0;0;0;-38,481598;-3,776479;;;
270055;3;11;2015;18:00;0;AV GAL OSORIO DE PAIVA;;;7920;;Colisão;Anoitecer;;;Meio de Quadra;;;0;1;1;0;1;0;0;0;0;1;0;0;-38,617796;-3,820944;;;
261400;3;11;2015;18:00;5351;RUA GAL CLARINDO DE QUEIROZ;AV IMPERADOR;;;;Colisão Lateral;Anoitecer;Bom;Seca;Cruz;Semáforo;Comercial;0;0;2;1;0;0;1;0;0;0;0;0;-38,535566;-3,730962;;;
261530;3;11;2015;16:30;0;AV SANTOS DUMONT;;;6140;;Engavetamento;Luz do Dia;Bom;Seca;Meio de Quadra;Semáforo;Comercial;0;0;3;1;0;0;0;0;0;0;0;0;-38,476696;-3,743212;;;
261528;3;11;2015;11:30;0;AV ALM HENRIQUE SABOIA;;;;;Colisão Traseira;Luz do Dia;Bom;Seca;Meio de Quadra;Não Há Controle;Comercial;0;0;2;1;0;0;0;0;0;0;0;0;;;;;
261526;3;11;2015;10:30;6738;RUA DES WALDETARIO P MOTA;RUA VILEBALDO AGUIAR;;;;Colisão Lateral;Luz do Dia;Bom;Seca;Cruz;Pare;Residencial;0;0;2;1;0;0;1;0;0;0;0;0;-38,483787;-3,741853;;;
261492;3;11;2015;13:00;0;RUA PDE JANUARIO CAMPOS;;;360;;Colisão Traseira;Luz do Dia;Bom;Seca;Meio de Quadra;Não Há Controle;Misto;0;0;2;1;0;0;0;0;0;0;0;0;-38,489582;-3,795484;;;
261500;3;11;2015;18:10;15301;RUA TEN BENEVOLO;RUA SILVA PAULET;;;;Colisão Lateral;Anoitecer;Bom;Seca;Cruz;Pare;Comercial;0;0;2;1;0;0;0;0;0;0;0;0;-38,503888;-3,729724;;;
261465;3;11;2015;16:30;25125;RUA DNA LEOPOLDINA;RUA ROCHA LIMA;;;;Colisão Transversal;Luz do Dia;Bom;Seca;Cruz;Pare;Residencial;0;0;2;1;0;0;0;0;0;0;0;0;-38,521427;-3,736665;;;
261445;3;11;2015;12:40;0;AV LUCIANO CARNEIRO;;;781;;Colisão Traseira;Luz do Dia;Bom;Seca;Meio de Quadra;Não Há Controle;Comercial;0;1;1;1;0;0;0;0;0;1;0;0;;;;;
261459;3;11;2015;10:00;10999;RUA ALBERTO MAGNO;RUA 15 DE NOVEMBRO;;;;Colisão Transversal;Luz do Dia;Bom;Seca;Cruz;Pare;Residencial;0;0;2;1;0;0;0;0;0;1;0;0;-38,553169;-3,769909;;;
261424;3;11;2015;14:30;0;AV ABOLICAO;;;2423;;Colisão Lateral;Luz do Dia;Bom;Seca;Meio de Quadra;Semáforo;Misto;0;0;2;1;0;0;1;0;0;0;0;0;-38,496960;-3,726848;;;
261439;3;11;2015;15:10;13432;AV ANTONIO SALES;AV RUI BARBOSA;;;;Colisão Traseira;Luz do Dia;;;Cruz;Semáforo;Misto;0;0;2;1;0;0;0;0;0;0;0;0;-38,511569;-3,742611;;;
261405;3;11;2015;18:05;9115;RUA GAL SILVA JUNIOR;RUA DR ALFREDO WEYNE D14;;;;Colisão Transversal;Anoitecer;Bom;Seca;Cruz;Pare;Outros;0;1;1;0;0;0;0;0;0;1;0;0;-38,532116;-3,755893;;;
261417;3;11;2015;14:50;19683;RUA PRO JOSE DE BARCELOS;RUA AZEVEDO BOLAO;;;;Colisão Transversal;Luz do Dia;Bom;Seca;Cruz;Pare;Residencial;0;0;2;1;0;0;0;0;0;0;0;0;-38,550610;-3,735196;;;
261597;3;11;2015;18:10;0;AV ENG HUMBERTO MONTE;;;1080;;Colisão Lateral;Anoitecer;Bom;Seca;Meio de Quadra;Gesto;Misto;0;0;2;1;0;0;0;0;0;1;0;0;-38,560178;-3,749500;;;
261592;3;11;2015;20:37;15107;AV HIS RAIMUNDO GIRAO;RUA VIRGILIO VASCONCELOS;;;;Colisão Transversal;Via Iluminada;Bom;Seca;T;Não Há Controle;Residencial;0;0;1;1;0;0;0;0;0;1;0;0;-38,507972;-3,722335;;;
261640;3;11;2015;12:30;3992;RUA ALBERTO MAGNO;RUA RAUL UCHOA;;;;Colisão Lateral;Luz do Dia;Bom;Seca;Cruz;Pare;Comercial;0;0;2;1;1;0;0;0;0;0;0;0;-38,545916;-3,760225;;;
261603;3;11;2015;02:00;0;AV HEROIS DO ACRE;;;465;;Colisão Lateral;Luz do Dia;Bom;Seca;Meio de Quadra;Não Há Controle;Comercial;0;0;2;1;0;0;0;0;0;1;0;0;-38,534310;-3,803198;;;
261626;3;11;2015;11:25;0;RUA ATILANO MOURA;;;;;Choque c/ Obstáculo Fixo;Luz do Dia;Bom;Seca;Meio de Quadra;Não Há Controle;Residencial;0;0;1;1;0;0;0;0;0;0;0;0;;;;;
261610;3;11;2015;16:40;0;RUA DR JOSE FURTADO;;;470;;Colisão Lateral;Via Iluminada;Bom;Seca;Meio de Quadra;Pare;Outros;0;0;2;1;0;0;0;0;0;1;0;0;;;;;
261611;3;11;2015;07:20;6724;AV SANTOS DUMONT;AV ENG SANTANA JUNIOR;;;;Colisão Lateral;Luz do Dia;Bom;Seca;Cruz;Pare;Comercial;0;0;2;1;1;0;0;0;0;0;0;0;-38,485132;-3,740506;;;
261645;3;11;2015;15:00;0;AV GOV RAUL BARBOSA;;;4180;;Colisão Traseira;Luz do Dia;Bom;Seca;Meio de Quadra;Não Há Controle;Comercial;0;0;2;1;0;0;0;0;0;0;0;0;-38,506891;-3,761473;;;
261632;3;11;2015;11:30;0;AV 13 DE MAIO;;;2965;;Colisão Traseira;Luz do Dia;Bom;Seca;Meio de Quadra;Não Há Controle;Residencial;0;0;3;1;1;0;0;0;0;0;0;0;-38,541230;-3,739153;;;
261661;3;11;2015;00:15;0;RUA STA TEREZINHA UI 806;;;;;Choque c/ Obstáculo Fixo;Anoitecer;Bom;Seca;Meio de Quadra;Não Há Controle;;0;1;0;1;0;0;0;0;0;0;0;0;;;;;
261658;3;11;2015;17:00;0;RUA AFONSO CELSO;;;196;;Colisão Transversal;Anoitecer;Bom;Seca;Meio de Quadra;Não Há Controle;Residencial;0;0;2;1;0;0;0;0;0;0;0;0;-38,509552;-3,736051;;;
261710;3;11;2015;09:30;26216;AV DEP PAULINO ROCHA;AV CONTORNO (CASTELÃO);;;;Colisão Traseira;Luz do Dia;Nublado;Seca;T;Pare;Lazer;0;0;2;1;0;0;0;0;0;1;0;0;;;;;
261685;3;11;2015;07:10;0;AV PONTES VIEIRA;;;934;;Colisão Lateral;Luz do Dia;Bom;Seca;Meio de Quadra;Semáforo;Comercial;0;1;1;1;0;0;0;0;0;1;0;0;-38,512466;-3,752599;;;
261692;3;11;2015;18:30;0;RUA PRO LINO ENCARNACAO;;;477;;Colisão Lateral;Anoitecer;Bom;Seca;Meio de Quadra;Não Há Controle;Comercial;0;0;2;1;0;0;0;0;0;0;0;0;-38,561019;-3,739377;;;
261733;3;11;2015;10:00;0;AV MIGUEL DIAS;;;;;Colisão Lateral;Luz do Dia;Bom;Seca;Meio de Quadra;Não Há Controle;Comercial;0;0;2;1;0;0;0;0;0;0;0;0;;;;;
261778;3;11;2015;20:40;0;AV PENETRACAO NORTE SUL;;;422;;Colisão Lateral;Via Iluminada;Bom;Seca;Meio de Quadra;Não Há Controle;Residencial;0;1;1;1;0;0;0;0;0;1;0;0;-38,593071;-3,814569;;;
261780;3;11;2015;16:00;0;AV AGUANAMBI;;;94;;Colisão Traseira;Luz do Dia;Bom;Seca;Meio de Quadra;Não Há Controle;Comercial;0;0;2;1;1;0;0;0;0;0;0;0;-38,524263;-3,737727;;;