COD_ACIDENTE;DIA;MES;ANO;HORA;INTERSECAO;LOG1;LOG2;LOG3;NUMERO;REFERENCIA;NATUREZA;ILUMINACAO;TEMPO;SUPERFICIEPISTA;TIPOCRUZAMENTO;CONTROLETRAFEGO;USOSOLO;MORTOS;FERIDOS;ILESOS;AUTOMOVEL;ONIBUS;BICICLETA;CAMINHAO;MICROONIBUS;CICLOMOTOR;MOTOCICLETA;TRACAOANIMAL;TREM;LONG;LAT;;;
261781;3;11;2015;18:00;0;AV BENJAMIM BRASIL;;;1685;;Colisão Traseira;Via Iluminada;Bom;Seca;Meio de Quadra;Não Há Controle;Misto;0;1;1;1;0;0;0;0;0;1;0;0;-38,560749;-3,807022;;;
261749;3;11;2015;17:10;1441;AV SANTOS DUMONT;RUA PRO DIAS DA ROCHA;;;;Colisão Lateral;Anoitecer;Bom;Seca;Cruz;Pare;Comercial;0;1;1;1;0;0;0;0;1;0;0;0;-38,492502;-3,738113;;;
268010;3;11;2015;10:27;0;RD BR 116;;;9520;KM-14;Colisão;Luz do Dia;;;Meio de Quadra;;;0;1;0;1;0;0;0;0;0;1;0;0;-38,504550;-3,827161;;;
268090;3;11;2015;23:07;0;AV SIQUEIRA CAMPOS;;;840;;Colisão;;;;Meio de Quadra;;;0;1;0;1;0;0;0;0;0;1;0;0;;;;;
268088;3;11;2015;22:07;0;RUA SGT JOAO PINHEIRO;RUA CEL JOAO CORREIA;;;;Colisão;;;;;;;0;1;0;0;0;0;0;0;0;0;0;0;;;;;
268085;3;11;2015;21:40;1496;RUA PDE VALDEVINO;RUA ILDEFONSO ALBANO;;;;Atropelamento;;;;Cruz;Semáforo;Comercial;0;1;0;0;0;0;0;0;0;0;0;0;-38,515423;-3,739573;;;
268086;3;11;2015;21:59;0;AV PERIMETRAL;;;;;Queda;;;;Meio de Quadra;;;0;1;0;0;0;0;0;0;0;1;0;0;;;;;
268062;3;11;2015;19:04;0;RUA ORIENTE;;;620;;Colisão;;;;Meio de Quadra;;;0;1;0;0;0;0;0;0;0;1;0;0;;;;;
268059;3;11;2015;18:35;0;AV CENTRAL CJ CEARA;;;100;;Atropelamento;;;;Meio de Quadra;;;0;1;0;1;0;0;0;0;0;0;0;0;;;;;
268080;3;11;2015;21:08;0;AV PRS COSTA E SILVA;;;;JOSE WALTER;Atropelamento;;;;Meio de Quadra;;;0;1;0;0;0;0;0;0;0;0;0;0;;;;;
268017;3;11;2015;13:52;0;RUA METON DE ALENCAR;;;124;;Colisão;Luz do Dia;;;Meio de Quadra;;;0;1;0;0;0;0;0;0;0;0;0;0;-38,525264;-3,735414;;;
268073;3;11;2015;20:12;0;AV ALBERTO NEPOMUCENO;;;50;;Queda;;;;Meio de Quadra;;;0;1;0;0;0;0;0;0;0;1;0;0;-38,523469;-3,721728;;;
268014;3;11;2015;10:52;0;AV JOAO PESSOA;;;6943;;Colisão;Luz do Dia;;;Meio de Quadra;;;0;1;0;1;0;0;0;0;0;1;0;0;-38,561064;-3,770280;;;
268015;3;11;2015;12:53;0;AV PERIMETRAL;;;2115;;Queda;Luz do Dia;;;Meio de Quadra;;;0;1;0;0;0;0;0;0;0;1;0;0;-38,562452;-3,819155;;;
268006;3;11;2015;09:29;0;RUA LUIS TORRES;;;115;;Colisão;Luz do Dia;;;Meio de Quadra;;;0;1;0;1;0;0;0;0;0;1;0;0;;;;;
268003;3;11;2015;08:51;0;RUA JULIO SILVA;;;440;;Atropelamento;Luz do Dia;;;Meio de Quadra;;;0;1;0;0;0;0;0;0;0;1;0;0;;;;;
267990;3;11;2015;02:56;0;RUA JULIO BRAGA;;;1043;;Queda;;;;Meio de Quadra;;;0;1;0;0;0;0;0;0;0;1;0;0;-38,580542;-3,775586;;;
267992;3;11;2015;06:05;0;AV PERIMETRAL;;;381;;Colisão;Luz do Dia;;;Meio de Quadra;;;0;1;0;0;0;0;0;0;0;1;0;0;;;;;
271859;3;11;2015;15:37;0;AV DR SILAS MUNGUBA;;;;;Colisão;Luz do Dia;;;Meio de Quadra;;;0;0;2;0;0;0;0;0;0;0;0;0;;;;;
271862;3;11;2015;16:04;0;RUA CESAR FONTENELE;;;304;;Colisão;Luz do Dia;;;Meio de Quadra;;;0;0;2;0;0;0;0;0;0;0;0;0;-38,559144;-3,746258;;;
271863;3;11;2015;16:54;6726;RUA DR GILBERTO STUDART;RUA JULIO AZEVEDO;;;;Colisão;Luz do Dia;;;Cruz;Pare;Residencial;0;0;2;0;0;0;0;0;0;0;0;0;-38,482408;-3,743146;;;
271864;3;11;2015;17:40;0;RUA RIO GRANDE DO NORTE;;;5389;;Colisão;Anoitecer;;;Meio de Quadra;;;0;0;2;0;0;0;0;0;0;0;0;0;;;;;
266109;3;11;2015;11:55;0;AV IMPERADOR;;;;;Colisão;Luz do Dia;;;Meio de Quadra;;;0;0;2;1;0;0;0;0;0;0;0;0;;;;;
261326;3;11;2015;08:30;12842;RUA CARLOS GOMES;RUA JAIME BENEVOLO;;;;Colisão Lateral;Luz do Dia;Bom;Seca;Cruz;Pare;Residencial;0;0;2;1;0;0;0;0;0;0;0;0;-38,528298;-3,740955;;;
261321;3;11;2015;08:30;0;RUA MARIO MENDES;;;125;;Colisão Lateral;Luz do Dia;Bom;Seca;Outros;Não Há Controle;Residencial;0;0;2;1;0;0;0;1;0;0;0;0;;;;;
261346;3;11;2015;07:30;0;AV OLIVEIRA PAIVA;;;740;;Engavetamento;Luz do Dia;Bom;Seca;Meio de Quadra;Não Há Controle;Residencial;0;0;3;1;0;0;0;0;0;0;0;0;-38,499877;-3,797132;;;
261371;3;11;2015;10:15;9018;RUA SALDANHA MARINHO;RUA SOLON PINHEIRO;;;;Colisão Transversal;Luz do Dia;Bom;Seca;Cruz;Pare;Residencial;0;0;2;1;0;0;0;0;0;0;0;0;-38,530406;-3,742594;;;
259738;3;11;2015;11:20;23515;RUA ANA GONCALVES;RUA PRO CARVALHO;;;;Colisão Transversal;Luz do Dia;Bom;Seca;Cruz;Pare;Comercial;0;1;1;0;0;0;0;0;0;1;0;0;-38,513598;-3,759620;;;
259739;3;11;2015;18:40;0;RUA MIN ALBUQUERQUE LIMA;;;541;;Atropelamento;Via Iluminada;Bom;Seca;Meio de Quadra;Não Há Controle;Comercial;0;1;1;1;0;0;0;0;0;0;0;0;;;;;
259740;3;11;2015;18:00;25443;RUA NOGUEIRA ACIOLI;RUA ROCHA LIMA;;;;Colisão Transversal;Via Iluminada;Bom;Seca;Cruz;Pare;Comercial;0;0;4;1;0;0;0;0;0;0;0;0;-38,519293;-3,737351;;;
268168;4;11;2015;23:04;0;RUA CEL FABRICIANO;;;;;Queda;;;;Meio de Quadra;;;0;1;0;0;0;0;0;0;0;1;0;0;;;;;
268163;4;11;2015;20:34;0;RUA JOSE MENDONCA;;;180;;Colisão;;;;Meio de Quadra;;;1;0;1;1;0;0;0;0;0;1;0;0;-38,602731;-3,760032;;;
268159;4;11;2015;20:13;0;AV H CJ CEARA;;;;;Colisão;;;;Meio de Quadra;;;0;1;0;1;1;0;0;0;0;0;0;0;;;;;
262212;4;11;2015;15:00;0;AV ALM HENRIQUE SABOIA;;;264;;Colisão Lateral;Luz do Dia;Bom;Seca;Meio de Quadra;Não Há Controle;Residencial;0;1;1;1;0;0;0;0;0;0;0;0;-38,480516;-3,724627;;;
262213;4;11;2015;19:20;242;RUA COS ALVARO DE OLIVEIRA;RUA GAL BERNARDO FIGUEIREDO;;;;Colisão Transversal;;Bom;Seca;Cruz;Pare;Residencial;0;0;2;1;0;0;0;0;0;0;0;0;-38,555261;-3,740373;;;
262128;4;11;2015;19:00;0;AV FILOMENO GOMES;;;733;;Colisão Lateral;Não Iluminada;Bom;Seca;Meio de Quadra;Semáforo;Misto;0;0;2;1;0;0;0;0;0;1;0;0;-38,541211;-3,721458;;;
262141;4;11;2015;09:00;23791;RUA RAIMUNDO NERY;RUA COSTA FREIRE;;;;Colisão Traseira;Luz do Dia;Bom;Seca;Cruz;Pare;Residencial;0;0;2;1;0;0;0;0;0;1;0;0;-38,586423;-3,794144;;;
262198;4;11;2015;13:28;0;RUA AUDISIO PINHEIRO;;;758;;Colisão Lateral;Luz do Dia;Bom;Seca;Meio de Quadra;Não Há Controle;Residencial;0;2;1;1;0;0;0;0;0;1;0;0;-38,589478;-3,759714;;;
262195;4;11;2015;19:00;24293;RUA JULIO ABREU;RUA DELMIRO GOUVEIA;;;;Colisão Transversal;;;;Cruz;Pare;Comercial;0;0;2;1;0;0;0;0;0;0;0;0;-38,488072;-3,735900;;;
266115;4;11;2015;16:08;0;RUA JOSE HIPOLITO;;;1147;;Colisão;Luz do Dia;;;Meio de Quadra;;;0;0;2;0;0;0;0;0;0;1;0;0;-38,485353;-3,836089;;;
266113;4;11;2015;13:56;12523;RUA PIERRE LUZ;RUA MARIA CLARA;;;;Colisão;Luz do Dia;;;Cruz;Pare;Misto;0;0;2;1;0;0;1;0;0;0;0;0;-38,588502;-3,725120;;;
259356;4;11;2015;07:00;0;RD BR 116;;;1000;KM-01;Colisão Traseira;Luz do Dia;Bom;Seca;Meio de Quadra;Não Há Controle;Comercial;0;1;1;1;0;0;0;0;0;1;0;0;-38,518702;-3,762554;;;
271872;4;11;2015;08:23;0;RUA 23 UI 301;;;;;Colisão;Luz do Dia;;;Meio de Quadra;;;0;0;2;0;0;0;0;0;0;0;0;0;;;;;
271905;4;11;2015;12:49;6793;RUA SAMIR HILUY;RUA SEBASTIAO DE ABREU;;;;Colisão;Luz do Dia;;;;;;0;0;2;0;0;0;0;0;0;0;0;0;-38,480695;-3,748205;;;
271911;4;11;2015;14:30;9240;RUA MARIO MAMEDE;RUA DEP OSWALDO STUDART;;;;Colisão;Luz do Dia;;;Cruz;Semáforo;Residencial;0;0;2;0;0;0;0;0;0;0;0;0;-38,527367;-3,752752;;;
271909;4;11;2015;13:56;0;AV GOV RAUL BARBOSA;;;5660;;Colisão;Luz do Dia;;;Meio de Quadra;;;0;0;2;0;0;0;0;0;0;0;0;0;-38,509774;-3,768190;;;
271907;4;11;2015;13:33;0;AV JOSE BASTOS;;;;;Colisão;Luz do Dia;;;Meio de Quadra;;;0;0;2;0;0;0;0;0;0;0;0;0;;;;;
271877;4;11;2015;11:03;0;LOGRADOURO SEM NOME;;;;;Colisão;Luz do Dia;;;Meio de Quadra;;;0;0;2;0;0;0;0;0;0;0;0;0;;;;;
271880;4;11;2015;11:09;0;AV GAL OSORIO DE PAIVA;;;;;Colisão;Luz do Dia;;;Meio de Quadra;;;0;0;2;0;0;0;0;0;0;0;0;0;;;;;
271874;4;11;2015;09:13;0;AV TEN LISBOA;;;;;Colisão;Luz do Dia;;;Meio de Quadra;;;0;0;2;0;0;0;0;0;0;0;0;0;;;;;
271913;4;11;2015;15:13;0;RUA ALECRIN;;;27;;Atropelamento;Luz do Dia;;;Meio de Quadra;;;0;0;2;0;0;0;0;0;0;0;0;0;-38,509411;-3,763516;;;
271914;4;11;2015;15:46;0;LOGRADOURO SEM NOME;;;;;Colisão;Luz do Dia;;;Meio de Quadra;;;0;0;2;0;0;0;0;0;0;0;0;0;;;;;
268121;4;11;2015;16:17;0;AV FRANCISCO SA;;;;;Colisão;Luz do Dia;;;Meio de Quadra;;;0;1;0;1;0;0;0;0;0;1;0;0;;;;;
268107;4;11;2015;08:57;0;AV PDE ANTONIO TOMAS;;;;;Colisão;Luz do Dia;;;Meio de Quadra;;;0;1;0;1;0;0;0;0;0;1;0;0;;;;;
268108;4;11;2015;08:58;0;AV ALBERTO CRAVEIRO;;;1146;;Colisão;Luz do Dia;;;Meio de Quadra;;;0;2;0;1;0;0;0;0;0;1;0;0;;;;;
268109;4;11;2015;09:27;5290;RUA PDE MORORO;AV DUQ CAXIAS;;;;Atropelamento;Luz do Dia;;;Cruz;Semáforo;Comercial;0;1;0;1;0;0;0;0;0;0;0;0;-38,538552;-3,728983;;;
268111;4;11;2015;09:56;7211;AV PRS CASTELO BRANCO;AV DR THEBERGE;;;;Atropelamento;Luz do Dia;;;Cruz;Semáforo;Comercial;0;1;0;1;0;0;0;0;0;0;0;0;-38,563456;-3,710079;;;
268112;4;11;2015;11:25;9155;AV EDUARDO GIRAO;AV LUCIANO CARNEIRO;;;;Colisão;Luz do Dia;;;Cruz;Semáforo;Comercial;0;1;0;1;0;0;0;0;0;1;0;0;-38,532811;-3,752275;;;
268113;4;11;2015;13:03;0;RUA DR ALMEIDA FILHO;;;26;;Colisão;Luz do Dia;;;Meio de Quadra;;;0;1;1;1;0;0;0;0;0;0;0;0;-38,560125;-3,719342;;;
268103;4;11;2015;08:01;11836;RUA MON DANTAS;RUA JACINTO MATOS;;;;Colisão;Luz do Dia;;;Cruz;Pare;Comercial;0;1;0;1;0;0;0;0;0;1;0;0;-38,546800;-3,719714;;;
268139;4;11;2015;19:39;0;AV FRANCISCO SA;;;5255;;Colisão;;;;Meio de Quadra;;;0;1;0;0;0;0;0;0;0;1;0;0;-38,571160;-3,712692;;;
268124;4;11;2015;16:51;0;RUA CON DE CASTRO;;;;;Colisão;Luz do Dia;;;Meio de Quadra;;;0;1;0;1;0;0;0;0;0;1;0;0;;;;;
268115;4;11;2015;13:15;0;AV CASTELO DE CASTRO;;;;;Colisão;Luz do Dia;;;Meio de Quadra;;;0;1;0;1;0;0;0;0;0;1;0;0;;;;;
268117;4;11;2015;14:37;0;RUA AUDISIO PINHEIRO;;;;;Colisão;Luz do Dia;;;Meio de Quadra;;;0;1;0;1;0;0;0;0;0;1;0;0;;;;;
268118;4;11;2015;15:32;4875;RUA CON DE CASTRO;RUA JARDIM FLUMINENSE;;;;Colisão;Luz do Dia;;;T;Semáforo;Residencial;0;1;0;1;0;0;0;0;0;1;0;0;-38,597948;-3,812831;;;
268136;4;11;2015;19:02;0;AV GAL MURILO BORGES;;;;;Colisão;;;;Meio de Quadra;;;0;1;0;0;0;0;0;0;0;0;0;0;;;;;
268137;4;11;2015;19:24;0;AV PRS CASTELO BRANCO;;;4443;;Atropelamento;;;;Meio de Quadra;;;0;1;0;0;0;0;0;0;0;0;0;0;-38,572577;-3,706883;;;
268133;4;11;2015;17:53;0;AV DEP PAULINO ROCHA;;;2342;;Colisão;Anoitecer;;;Meio de Quadra;;;0;1;0;0;0;0;0;0;0;0;0;0;-38,518859;-3,810241;;;
268134;4;11;2015;18:00;0;RUA SABIAGUABA;;;;;Queda;Anoitecer;;;Meio de Quadra;;;0;1;0;0;0;0;0;0;0;1;0;0;;;;;
261782;4;11;2015;08:36;7812;RUA JOAQUIM NABUCO;RUA JULIO SIQUEIRA;;;;Colisão Transversal;Luz do Dia;Bom;Seca;Cruz;Pare;Residencial;0;2;1;0;0;0;0;0;0;1;0;0;-38,506154;-3,750442;;;
261811;4;11;2015;21:00;26242;RUA 119 CJ CEARA;AV C CJ CEARA;;;;Colisão Frontal;Via Iluminada;Bom;Seca;;;;0;1;1;1;1;0;0;0;0;0;0;0;;;;;
261784;4;11;2015;18:30;22990;AV DR SILAS MUNGUBA;RUA AMERICO VESPUCIO;;;;Colisão Lateral;Via Iluminada;Bom;Seca;Cruz;Não Há Controle;Comercial;0;0;2;1;0;0;0;0;0;0;0;0;-38,549873;-3,786542;;;
261840;4;11;2015;13:30;0;RUA CHASTINET GUIMARAES;;;600;;Colisão Transversal;Luz do Dia;Bom;Seca;Meio de Quadra;Não Há Controle;Residencial;0;1;1;1;0;0;0;0;0;1;0;0;-38,564910;-3,725842;;;
261873;4;11;2015;07:20;15139;AV MON TABOSA;RUA BAR ARACATI;;;;Engavetamento;Luz do Dia;Bom;Seca;Cruz;Pare;Comercial;0;0;3;1;0;0;0;0;0;0;0;0;-38,509158;-3,724226;;;
261851;4;11;2015;14:00;0;RUA JOSE MOREIRA;;;333;;Colisão Lateral;Luz do Dia;Bom;Seca;Meio de Quadra;Semáforo;Misto;0;1;1;0;1;1;0;0;0;0;0;0;;;;;
261929;4;11;2015;23:36;3771;AV DA UNIVERSIDADE;AV DOMINGOS OLIMPIO;;;;Capotamento;Via Iluminada;Bom;Seca;Cruz;Semáforo;Residencial;0;1;1;1;0;0;0;0;1;0;0;0;-38,534216;-3,735594;;;
261947;4;11;2015;14:15;7766;AV ANTONIO SALES;RUA TIBURCIO CAVALCANTE;;;;Colisão Traseira;Luz do Dia;Bom;Seca;Cruz;Semáforo;Comercial;0;0;2;1;0;0;0;0;0;0;0;0;-38,505333;-3,744543;;;
262112;4;11;2015;15:00;9155;AV LUCIANO CARNEIRO;AV EDUARDO GIRAO;;;;Colisão Traseira;Luz do Dia;Bom;Seca;Cruz;Semáforo;Comercial;0;1;1;0;0;0;1;0;0;1;0;0;-38,532811;-3,752275;;;
262116;4;11;2015;19:00;0;RUA CEL JUCA;;;1602;;Colisão Traseira;Via Iluminada;Bom;Seca;Meio de Quadra;Não Há Controle;Residencial;0;0;2;1;0;1;0;0;0;0;0;0;;;;;
262086;4;11;2015;12:30;0;AV DOS EXPEDICIONARIOS;;;3489;;Colisão Traseira;Luz do Dia;Bom;Seca;Meio de Quadra;Não Há Controle;Outros;0;0;4;1;0;0;0;0;0;0;0;0;-38,536827;-3,750633;;;
262073;4;11;2015;07:30;0;RUA SGT JOAO PINHEIRO;;;633;;Colisão Lateral;Luz do Dia;Bom;Seca;Meio de Quadra;Não Há Controle;Residencial;0;1;1;1;0;0;0;0;0;1;0;0;-38,622260;-3,780981;;;
262079;4;11;2015;18:50;0;RUA EDUARDO PERDIGAO;;;110;;Colisão Lateral;Via Iluminada;Bom;Seca;Meio de Quadra;Não Há Controle;Residencial;0;0;2;1;1;0;0;0;0;0;0;0;-38,564820;-3,775515;;;
262010;4;11;2015;10:30;19068;RUA PRO SILAS RIBEIRO;AV ENG SANTANA JUNIOR;;;;Colisão Transversal;Luz do Dia;Bom;Seca;Cruz;Semáforo Intermitente;Comercial;0;0;2;1;0;0;0;0;0;0;0;0;-38,482901;-3,736968;;;
262045;4;11;2015;08:30;1331;RUA CEL LINHARES;RUA MARCOS MACEDO;;;;Colisão Transversal;Luz do Dia;Bom;Seca;Cruz;Pare;Residencial;0;0;2;1;0;0;0;0;0;1;0;0;-38,493827;-3,735526;;;
261959;4;11;2015;16:30;7860;AV ANTONIO SALES;AV SEN VIRGILIO TAVORA;;;;Colisão Lateral;Luz do Dia;Bom;Seca;Cruz;Semáforo;Comercial;0;0;2;1;0;0;0;0;0;0;0;0;-38,496500;-3,747279;;;
261980;4;11;2015;;13775;RUA LUIZA MIRANDA COELHO;RUA JOSE B PARENTE D59;;;;Colisão Transversal;Luz do Dia;Bom;Seca;Cruz;Pare;Residencial;0;0;2;1;1;0;0;0;0;0;0;0;-38,486236;-3,775236;;;
261981;4;11;2015;09:35;15368;RUA FREDERICO BORGES;RUA PEREIRA VALENTE;;;;Colisão Lateral;Luz do Dia;Bom;Seca;Cruz;Pare;Comercial;0;0;2;1;0;0;0;0;0;0;0;0;-38,489174;-3,734782;;;
261992;4;11;2015;08:30;12479;AV AUGUSTO DOS ANJOS;RUA PERDIGAO DE OLIVEIRA;;;;Colisão Lateral;Luz do Dia;Bom;Seca;Cruz;Semáforo;Misto;0;0;2;1;0;0;1;0;0;0;0;0;-38,574712;-3,775131;;;
270331;4;11;2015;09:10;0;AV SEN CARLOS JEREISSATI (AEROPORTO);;;;KM 04;Colisão;Luz do Dia;;Seca;Meio de Quadra;;;0;0;2;1;0;0;0;0;0;0;0;0;-38,514638;-3,779313;;;
270350;4;11;2015;22:30;0;AV MAE LISBOA;;;393;;Colisão;Via Iluminada;;Seca;Meio de Quadra;;;1;0;1;1;0;1;0;0;0;0;0;0;-38,477959;-3,808171;;;
270361;5;11;2015;13:00;0;RD CE-040;;;;KM-06;Colisão;Luz do Dia;;Seca;Meio de Quadra;;;0;0;2;1;0;0;0;0;0;0;0;0;-38,478781;-3,811270;;;
270114;5;11;2015;10:00;0;AV JOAO DE ARAUJO LIMA;;;2196;;Colisão Lateral;Luz do Dia;;;Meio de Quadra;;;0;0;1;1;0;0;0;0;0;0;0;0;-38,562407;-3,841311;;;
271915;5;11;2015;12:41;0;AV OLAVO BILAC;;;;;Colisão;Luz do Dia;;;Meio de Quadra;;;0;0;2;0;0;0;0;0;0;0;0;0;;;;;
271921;5;11;2015;13:41;15405;RUA SILVEIRA DA MOTA;RUA ARAUJO TORREAO;;;;Colisão;Luz do Dia;;;Cruz;Não Há Controle;Residencial;0;0;2;0;0;0;0;0;0;0;0;0;-38,495948;-3,815075;;;
271917;5;11;2015;12:46;0;RUA COSME DE ALMEIDA;;;50;;Colisão;Luz do Dia;;;Meio de Quadra;;;0;0;2;0;0;0;0;0;0;0;0;0;;;;;
271918;5;11;2015;13:30;11471;RUA DO CORREGO;RUA DA CARAUBA;;;;Atropelamento;Luz do Dia;;;;;;0;0;2;0;0;0;0;0;0;0;0;0;-38,509905;-3,782641;;;
271924;5;11;2015;13:56;0;RUA PERNAMBUCO;;;1941;;Colisão;Luz do Dia;;;Meio de Quadra;;;0;0;2;0;0;0;0;0;0;0;0;0;-38,574647;-3,755094;;;
271928;5;11;2015;14:35;0;AV GAL OSORIO DE PAIVA;;;1372;;Colisão;Luz do Dia;;;Meio de Quadra;;;0;0;2;0;0;0;0;0;0;0;0;0;-38,573660;-3,780117;;;
271926;5;11;2015;14:00;7211;AV DR THEBERGE;AV PRS CASTELO BRANCO;;;;Colisão;Luz do Dia;;;Cruz;Semáforo;Comercial;0;0;2;0;0;0;0;0;0;0;0;0;-38,563456;-3,710079;;;
259359;5;11;2015;13:40;0;RD BR 116;;;1000;KM-01;Colisão Traseira;Luz do Dia;Bom;Seca;Meio de Quadra;Não Há Controle;Comercial;0;1;1;1;0;0;0;0;0;1;0;0;-38,518702;-3,762554;;;
266122;5;11;2015;11:29;0;RUA CAP GUSTAVO;;;;;Outros;Luz do Dia;;;Meio de Quadra;;;0;0;1;0;0;0;0;0;0;0;0;1;;;;;
262214;5;11;2015;09:00;13414;AV ANTONIO SALES;RUA CARLOS VASCONCELOS;;;;Colisão Lateral;Luz do Dia;Bom;Seca;Cruz;Semáforo Intermitente;Comercial;0;0;2;0;1;0;1;0;0;0;0;0;-38,513726;-3,741942;;;
262229;5;11;2015;13:15;9018;RUA SALDANHA MARINHO;RUA SOLON PINHEIRO;;;;Colisão Transversal;Luz do Dia;Bom;Seca;Cruz;Pare;Residencial;0;0;2;1;0;0;0;0;0;0;0;0;-38,530406;-3,742594;;;
262270;5;11;2015;11:30;2411;AV CEL CARVALHO;RUA AMADEU DE CASTRO;;;;Colisão Transversal;Luz do Dia;Bom;Seca;Y;Pare;Comercial;0;1;1;1;0;0;0;0;0;0;0;0;-38,590807;-3,706322;;;
262237;5;11;2015;12:10;15170;AV ABOLICAO;RUA JOSE VILAR;;;;Colisão Traseira;Luz do Dia;Bom;Seca;Cruz;Pare;Residencial;0;0;2;1;0;0;0;0;0;0;0;0;-38,501373;-3,725435;;;
262244;5;11;2015;09:30;0;AV OLIVEIRA PAIVA;;;2000;;Colisão Traseira;Luz do Dia;Bom;Seca;Meio de Quadra;Não Há Controle;Comercial;0;0;2;1;0;0;0;0;0;0;0;0;-38,488305;-3,796180;;;
262502;5;11;2015;12:20;0;RUA BERNARDO MANUEL;;;1320;;Colisão Traseira;Luz do Dia;Bom;Seca;Meio de Quadra;Não Há Controle;Comercial;0;0;2;1;0;0;1;0;0;0;0;0;;;;;
262434;5;11;2015;09:00;1708;RUA CAP OLAVO;RUA CAP URUGUAI D46;;;;Colisão Transversal;Luz do Dia;Bom;Seca;Cruz;Pare;Residencial;0;0;2;0;0;0;0;0;0;1;0;0;-38,515652;-3,767066;;;
262463;5;11;2015;07:20;13432;AV RUI BARBOSA;AV ANTONIO SALES;;;;Engavetamento;Luz do Dia;Bom;Seca;Cruz;Semáforo;Misto;0;0;4;1;0;0;0;0;0;0;0;0;-38,511569;-3,742611;;;
262342;5;11;2015;14:20;7760;AV ANTONIO SALES;RUA SILVA PAULET;;;;Colisão Transversal;Luz do Dia;Bom;Seca;Cruz;Pare;Misto;0;0;2;1;0;0;0;0;0;0;0;0;-38,508383;-3,743595;;;
262364;5;11;2015;06:40;19714;RUA ERICO MOTA;RUA GUSTAVO SAMPAIO;;;;Colisão Lateral;Luz do Dia;Bom;Seca;Cruz;Pare;Residencial;0;0;2;1;0;0;0;0;0;0;0;0;-38,562743;-3,736560;;;
262421;5;11;2015;20:30;6724;AV SANTOS DUMONT;AV ENG SANTANA JUNIOR;;;;Colisão Traseira;Anoitecer;Bom;Seca;Cruz;Pare;Comercial;0;0;2;1;1;0;0;0;0;0;0;0;-38,485132;-3,740506;;;
262431;5;11;2015;07:53;24977;AV ALM HENRIQUE SABOIA;RUA GAL OLAVO OLIVEIRA ALBUQUERQUE;;;;Colisão Traseira;Luz do Dia;Bom;Seca;T;Pare;Misto;0;0;2;1;0;0;0;0;0;0;0;0;;;;;
262405;5;11;2015;19:00;6721;RUA BENTO ALBUQUERQUE;AV ENG SANTANA JUNIOR;;;;Colisão Lateral;Via Iluminada;Bom;Seca;Cruz;Semáforo;Comercial;0;0;2;1;0;0;0;0;0;0;0;0;-38,486538;-3,742678;;;
262292;5;11;2015;10:15;0;AV ABOLICAO;;;3986;;Colisão Traseira;Luz do Dia;Bom;Seca;Meio de Quadra;Semáforo;Comercial;0;0;3;1;0;0;0;0;0;0;0;0;-38,483653;-3,725165;;;
262276;5;11;2015;19:20;0;AV JOSE LEON;;;1127;;Colisão Traseira;Luz do Dia;Bom;Seca;Meio de Quadra;Não Há Controle;Comercial;0;0;2;1;1;0;0;0;0;0;0;0;-38,501534;-3,787888;;;
262347;5;11;2015;12:00;5433;RUA MAJ FACUNDO;RUA METON DE ALENCAR;;;;Colisão Transversal;Luz do Dia;Bom;Seca;Cruz;Pare;Comercial;0;0;2;1;0;0;0;0;0;0;0;0;-38,529899;-3,733917;;;
268174;5;11;2015;03:12;0;RUA RAIMUNDO PINHEIRO;;;338;;Queda;;;;Meio de Quadra;;;0;1;0;0;0;0;0;0;0;1;0;0;;;;;
268196;5;11;2015;11:02;0;AV PRS COSTA E SILVA;;;;;Colisão;Luz do Dia;;;Meio de Quadra;;;0;1;0;0;0;0;1;0;0;1;0;0;;;;;
268194;5;11;2015;11:01;26215;RUA E CJ JOSE WALTER;AV D CJ JOSE WALTER;;;;Colisão;Luz do Dia;;;;;;0;1;0;1;0;0;0;0;0;1;0;0;;;;;
268192;5;11;2015;10:44;4875;RUA CON DE CASTRO;RUA JARDIM FLUMINENSE;;;;Colisão;Luz do Dia;;;T;Semáforo;Residencial;0;1;0;1;0;0;0;0;0;1;0;0;-38,597948;-3,812831;;;
268180;5;11;2015;07:41;0;AV GAL OSORIO DE PAIVA;;;4771;;Colisão;Luz do Dia;;;Meio de Quadra;;;0;1;0;0;0;0;0;0;0;1;0;0;-38,598162;-3,800696;;;
268177;5;11;2015;06:33;23747;AV GAL OSORIO DE PAIVA;RUA LINS DO REGO;;;;Colisão;Luz do Dia;;;T;Pare;Comercial;0;1;0;0;0;0;0;0;0;0;0;0;-38,577376;-3,782563;;;
268184;5;11;2015;07:55;0;AV PRS CASTELO BRANCO;;;;;Colisão;Luz do Dia;;;Meio de Quadra;;;0;1;0;0;0;0;0;0;0;1;0;0;;;;;
268187;5;11;2015;08:30;0;AV CASTELO DE CASTRO;;;1141;;Colisão;Luz do Dia;;;Meio de Quadra;;;0;1;0;1;1;0;0;0;0;0;0;0;-38,521750;-3,839062;;;
268188;5;11;2015;08:37;0;RUA PDE VALDEVINO;;;;;Colisão;Luz do Dia;;;Meio de Quadra;;;0;1;0;1;0;0;0;0;0;1;0;0;;;;;
268199;5;11;2015;11:09;0;AV GOV PARSIFAL BARROSO;;;;;Colisão;Luz do Dia;;;Meio de Quadra;;;0;1;0;0;0;0;0;0;0;0;0;0;;;;;