COD_ACIDENTE;DIA;MES;ANO;HORA;INTERSECAO;LOG1;LOG2;LOG3;NUMERO;REFERENCIA;NATUREZA;ILUMINACAO;TEMPO;SUPERFICIEPISTA;TIPOCRUZAMENTO;CONTROLETRAFEGO;USOSOLO;MORTOS;FERIDOS;ILESOS;AUTOMOVEL;ONIBUS;BICICLETA;CAMINHAO;MICROONIBUS;CICLOMOTOR;MOTOCICLETA;TRACAOANIMAL;TREM;LONG;LAT;;;
268211;5;11;2015;13:29;0;RUA CIDADE ECOLOGICA;;;55;;Queda;Luz do Dia;;;Meio de Quadra;;;0;1;0;0;0;0;0;0;0;1;0;0;-38,471178;-3,772216;;;
268224;5;11;2015;13:48;0;RUA JERONIMO ALBUQUERQUE;;;460;;Colisão;Luz do Dia;;;Meio de Quadra;;;0;1;0;1;0;0;0;0;0;1;0;0;;;;;
268233;5;11;2015;18:51;0;RUA TIBURCIO CAVALCANTE;;;;;Atropelamento;;;;Meio de Quadra;;;0;1;0;1;0;0;0;0;0;0;0;0;;;;;
268229;5;11;2015;18:00;0;AV DOLOR BARREIRA;;;510;;Atropelamento;Anoitecer;;;Meio de Quadra;;;0;1;0;0;0;0;0;0;0;1;0;0;-38,472565;-3,729376;;;
268226;5;11;2015;15:08;0;RUA 315 CJ CEARA;;;18;;Queda;Luz do Dia;;;Meio de Quadra;;;0;1;0;0;0;0;0;0;0;1;0;0;-38,614681;-3,773718;;;
268227;5;11;2015;17:07;0;AV ALBERTO CRAVEIRO;;;;;Colisão;Anoitecer;;;Meio de Quadra;;;0;1;0;1;0;0;0;0;0;1;0;0;;;;;
262624;5;11;2015;18:30;0;AV JOSE BASTOS;;;3509;;Colisão Traseira;Anoitecer;Bom;;Meio de Quadra;;Comercial;0;1;2;1;0;0;0;0;0;0;0;0;;;;;
262660;5;11;2015;08:35;1595;RUA GAL TERTULIANO POTYGUARA;RUA BARBOSA DE FREITAS;;;;Colisão Transversal;Luz do Dia;Bom;Seca;Cruz;Pare;Residencial;0;1;1;1;0;0;0;0;0;1;0;0;-38,499576;-3,743454;;;
262670;5;11;2015;10:30;0;AV GOV RAUL BARBOSA;;;1498;;Colisão Traseira;Luz do Dia;Bom;Seca;Meio de Quadra;Não Há Controle;Comercial;0;0;2;1;0;0;1;0;0;0;0;0;;;;;
262672;5;11;2015;08:30;0;AV PRO GOMES DE MATOS;;;1285;;Colisão Lateral;Luz do Dia;Bom;Seca;Outros;Não Há Controle;Comercial;0;0;2;1;0;0;0;1;0;0;0;0;-38,547755;-3,763656;;;
262592;5;11;2015;02:15;23755;RUA DR ESTENIO GOMES;RUA LEBOM MAIA;;;;Atropelamento;Via Iluminada;Bom;Seca;Cruz;Não Há Controle;Residencial;1;0;1;1;0;0;0;0;0;0;0;0;-38,578331;-3,786622;;;
262607;5;11;2015;18:50;0;RUA VILA LOBOS;;;;;Colisão Lateral;;Bom;Seca;Meio de Quadra;;Residencial;0;0;2;1;0;0;0;0;1;0;0;0;;;;;
262611;5;11;2015;08:00;2486;AV FRANCISCO SA;RUA SEN ROBERT KENNEDY;;;;Colisão Transversal;Luz do Dia;Bom;Seca;Cruz;Pare;Residencial;0;0;2;1;0;0;1;0;0;0;0;0;-38,581426;-3,709140;;;
262563;5;11;2015;06:00;3219;RUA EMILIO DE MENESES;RUA ANSELMO NOGUEIRA;;;;Colisão Transversal;Luz do Dia;Bom;Seca;Cruz;Semáforo;Comercial;0;1;1;1;0;0;0;0;1;0;0;0;-38,587374;-3,781760;;;
262587;5;11;2015;14:00;2431;RUA JERONIMO ALBUQUERQUE;RUA ESTEVAO DE CAMPOS;;;;Colisão Transversal;Luz do Dia;Bom;Seca;Cruz;Pare;Misto;0;0;2;1;0;0;0;0;0;1;0;0;-38,576292;-3,706713;;;
262588;5;11;2015;16:00;0;RUA CANDIDO CASTELO BRANCO;;;4744;;Colisão Traseira;Luz do Dia;Bom;Seca;Meio de Quadra;Semáforo;Misto;0;0;2;1;0;0;0;0;0;1;0;0;;;;;
262589;5;11;2015;12:30;1598;RUA MON CATAO;RUA CAROLINA SUCUPIRA;;;;Colisão Traseira;Luz do Dia;Bom;Seca;Cruz;Pare;Residencial;0;0;2;1;0;0;0;0;0;0;0;0;-38,492167;-3,743696;;;
262536;5;11;2015;18:39;17390;RUA ELVIRA PINHO;RUA ALM RUBIM;;;;Colisão Transversal;Via Iluminada;Bom;Seca;Cruz;Pare;Residencial;0;1;1;1;0;0;0;0;0;1;0;0;-38,555324;-3,767260;;;
262537;5;11;2015;12:30;5406;RUA PRC ISABEL;RUA ANTONIO POMPEU;;;;Colisão Lateral;Luz do Dia;Bom;Seca;Cruz;Pare;Comercial;0;0;1;1;0;0;0;0;0;0;0;0;-38,537283;-3,732693;;;
262543;5;11;2015;09:00;0;AV DR SILAS MUNGUBA;;;3038;;Colisão Traseira;Luz do Dia;Bom;Seca;Meio de Quadra;Semáforo;Comercial;0;0;2;0;0;0;0;0;0;0;0;0;-38,546464;-3,788228;;;
262557;5;11;2015;10:30;0;RUA JARDIM FLUMINENSE;;;1018;;Colisão Lateral;Luz do Dia;Bom;Seca;Meio de Quadra;Não Há Controle;Misto;0;1;1;1;0;0;0;0;0;1;0;0;;;;;
262532;5;11;2015;12:40;25063;AV DOS EXPEDICIONARIOS;RUA ARMANDO MONTEIRO;;;;Colisão Transversal;Luz do Dia;Bom;Seca;Cruz;Pare;Misto;0;2;1;1;0;0;0;0;0;1;0;0;-38,540372;-3,762230;;;
262533;5;11;2015;14:00;0;RUA BERNARDO MANUEL;;;8899;;Queda;Luz do Dia;Bom;Seca;Meio de Quadra;Não Há Controle;Comercial;0;0;2;0;0;0;1;0;0;1;0;0;-38,551025;-3,797402;;;
262712;5;11;2015;07:30;9257;AV AGUANAMBI;RUA CEL PERGENTINO FERREIRA;;;;Colisão Traseira;Luz do Dia;Bom;Seca;Cruz;Semáforo;Comercial;0;0;2;1;1;0;0;0;0;0;0;0;-38,524049;-3,748634;;;
262703;5;11;2015;07:50;0;AV AGUANAMBI;;;;;Colisão Lateral;Luz do Dia;Bom;Seca;Meio de Quadra;Não Há Controle;Lazer;0;0;2;1;0;0;1;0;0;0;0;0;;;;;
262697;5;11;2015;17:30;0;RUA COSTA FREIRE;;;1845;;Colisão Traseira;Anoitecer;Bom;Seca;Meio de Quadra;Não Há Controle;Comercial;0;0;2;0;1;0;0;0;0;0;0;0;;;;;
262686;5;11;2015;16:30;11856;AV FRANCISCO SA;RUA JOSE PINTO DO CARMO;;;;Colisão Lateral;Luz do Dia;Bom;Seca;Cruz;Semáforo;Residencial;0;0;2;1;0;0;0;0;0;1;0;0;-38,545407;-3,721324;;;
262692;5;11;2015;09:40;0;AV ALBERTO CRAVEIRO;;;2770;CASTELAO;Colisão Traseira;Luz do Dia;Bom;Seca;Outros;Não Há Controle;Residencial;0;0;2;1;1;0;0;0;0;0;0;0;-38,523255;-3,805335;;;
262688;5;11;2015;22:44;0;RUA ULISSES BEZERRA;;;;;Colisão Lateral;Via Iluminada;Bom;Seca;Meio de Quadra;Não Há Controle;Comercial;0;0;1;1;0;0;0;0;0;0;0;0;;;;;
262679;5;11;2015;13:00;0;RUA BENI DE CARVALHO;;;796;;Colisão Traseira;Luz do Dia;Bom;Seca;Meio de Quadra;Não Há Controle;Comercial;0;0;2;1;0;0;0;0;0;0;0;0;-38,493191;-3,746592;;;
262674;5;11;2015;15:10;0;AV AMERICO BARREIRA;;;;;Colisão Traseira;Luz do Dia;Bom;Seca;Meio de Quadra;Pare;Comercial;0;0;2;0;0;0;0;0;0;1;0;0;;;;;
262675;5;11;2015;19:20;0;RUA LEONARDO MOTA;;;;;Colisão Lateral;Via Iluminada;Bom;Seca;Meio de Quadra;Não Há Controle;Comercial;0;0;2;1;0;0;0;0;0;0;0;0;;;;;
262676;5;11;2015;20:30;10211;RUA MINERVA;RUA RIO VENTURA;;;;Colisão Lateral;Via Iluminada;Bom;Seca;Cruz;Não Há Controle;Residencial;0;0;2;1;0;0;0;0;0;1;0;0;-38,599780;-3,748339;;;
262677;5;11;2015;13:15;0;RUA DES LEITE ALBUQUERQUE;;;1080;;Colisão Traseira;Luz do Dia;Bom;Seca;Meio de Quadra;Não Há Controle;Comercial;0;0;2;1;0;0;0;0;0;0;0;0;-38,493718;-3,738837;;;
262699;6;11;2015;06:22;0;AV SGT HERMINIO SAMPAIO;;;222;;Queda;Luz do Dia;Bom;Seca;Meio de Quadra;Semáforo;Residencial;0;0;2;0;0;0;0;0;0;0;0;0;;;;;
262695;6;11;2015;08:15;19833;AV ENG HUMBERTO MONTE;AV JOVITA FEITOSA;;;;Colisão Traseira;;Bom;Seca;Cruz;Semáforo;Comercial;0;0;2;1;0;0;1;0;0;0;0;0;-38,566544;-3,741963;;;
262696;6;11;2015;08:10;0;RUA 41 CJ JOSE WALTER;;;530;;Colisão Transversal;Luz do Dia;Bom;Seca;Meio de Quadra;Não Há Controle;Misto;0;0;2;0;0;0;1;0;0;0;0;0;-38,557509;-3,829420;;;
262704;6;11;2015;18:10;0;RUA MAJ WEYNE;;;596;;Colisão;Via Iluminada;Bom;Seca;Meio de Quadra;Não Há Controle;Residencial;0;1;2;1;0;0;0;0;0;0;0;0;-38,542218;-3,750514;;;
262713;6;11;2015;20:50;10720;RUA PORTO ALEGRE;RUA TERESINA;;;;Outros;;;;Cruz;Pare;;0;0;1;1;0;0;0;0;0;0;0;0;-38,591844;-3,759580;;;
262714;6;11;2015;08:30;0;RUA PERO COELHO;;;;;Colisão Lateral;Luz do Dia;Bom;Seca;Meio de Quadra;Outros;Residencial;0;0;2;1;0;0;0;0;0;0;0;0;;;;;
262715;6;11;2015;15:45;0;AV DR SILAS MUNGUBA;;;;;Colisão Traseira;Luz do Dia;Bom;Seca;Meio de Quadra;Semáforo;Comercial;0;1;1;1;0;0;0;0;0;1;0;0;-38,537743;-3,791270;;;
262720;6;11;2015;08:00;5573;AV DAS GRAVIOLAS;AL TULIPAS;;;;Choque c/ Obstáculo Fixo;Luz do Dia;Bom;Seca;;Não Há Controle;Residencial;0;1;0;1;0;0;0;0;0;0;0;0;-38,471419;-3,751698;;;
262717;6;11;2015;12:30;0;AV BORGES DE MELO;;;;;Colisão Frontal;Luz do Dia;Bom;;Meio de Quadra;Outros;;0;1;1;1;0;0;0;0;0;1;0;0;;;;;
262718;6;11;2015;13:50;7976;AV JOAO PESSOA;RUA MAJ WEYNE;;;;Colisão Lateral;Luz do Dia;Bom;Seca;Cruz;Semáforo;Misto;0;0;2;1;1;0;0;0;0;0;0;0;-38,545334;-3,747841;;;
262726;6;11;2015;13:40;5247;AV IMPERADOR;RUA PEDRO PEREIRA;;;;Colisão Transversal;Luz do Dia;Bom;Seca;Cruz;Semáforo;Comercial;0;0;1;1;0;0;0;0;0;0;0;0;-38,534609;-3,727714;;;
262727;6;11;2015;08:30;19548;AV DR SILAS MUNGUBA;RUA PERU;;;;Engavetamento;Luz do Dia;Bom;Seca;Cruz;Semáforo;Comercial;0;1;2;1;0;0;0;0;0;1;0;0;-38,554545;-3,783036;;;
262724;6;11;2015;12:50;1441;AV SANTOS DUMONT;RUA PRO DIAS DA ROCHA;;;;Colisão Transversal;Luz do Dia;Bom;Seca;Cruz;Pare;Comercial;0;0;2;1;0;0;0;0;0;0;0;0;-38,492502;-3,738113;;;
262722;6;11;2015;09:45;6721;AV ENG SANTANA JUNIOR;RUA BENTO ALBUQUERQUE;;;;Colisão Lateral;Luz do Dia;Bom;Seca;Cruz;Semáforo;Misto;0;0;2;1;0;0;1;0;0;0;0;0;-38,486538;-3,742678;;;
262750;6;11;2015;19:40;0;AV GENIBAU;;;120;;Engavetamento;Via Iluminada;Bom;Seca;Meio de Quadra;Não Há Controle;Residencial;0;0;4;1;0;0;0;0;0;0;0;0;-38,595666;-3,761630;;;
262748;6;11;2015;19:00;10405;RUA JOSE MENDONCA;AV GENIBAU;;;;Colisão Transversal;Via Iluminada;Bom;Seca;Duplo T;Pare;Residencial;0;1;1;1;0;0;0;0;0;1;0;0;-38,602771;-3,760237;;;
262742;6;11;2015;07:30;0;AV ABOLICAO;;;3893;;Engavetamento;Luz do Dia;Bom;Seca;Meio de Quadra;Semáforo;Comercial;0;0;3;1;0;0;0;0;0;0;0;0;-38,484594;-3,725418;;;
262743;6;11;2015;08:30;7972;RUA MACHADO DE ASSIS;RUA MAJ WEYNE;;;;Colisão Traseira;Luz do Dia;Bom;Seca;T;Pare;Residencial;0;1;1;1;0;0;0;0;0;0;0;0;-38,546151;-3,747089;;;
262744;6;11;2015;11:10;3901;AV EDUARDO GIRAO;RUA JORGE DUMAR;;;;Colisão Transversal;Luz do Dia;Bom;Seca;Cruz;Semáforo;Comercial;0;2;0;0;0;0;0;0;0;1;0;0;-38,538695;-3,749691;;;
262745;6;11;2015;08:00;380;RUA DELMIRO FARIAS;RUA FRANCISCA CLOTILDE;;;;Colisão Transversal;Luz do Dia;Bom;Seca;Cruz;Pare;Comercial;0;1;1;1;0;0;0;0;0;1;0;0;-38,554231;-3,744217;;;
262779;6;11;2015;18:15;0;AV RUI BARBOSA;;;2000;;Colisão Lateral;Via Iluminada;Bom;Seca;Meio de Quadra;;Comercial;0;0;2;1;0;0;0;0;0;0;0;0;-38,511004;-3,740886;;;
262760;6;11;2015;10:00;12926;AV ANTONIO SALES;AV VIS RIO BRANCO;;;;Colisão;Luz do Dia;Bom;Seca;Cruz;Semáforo;Comercial;0;1;1;1;0;0;0;0;0;1;0;0;-38,523589;-3,738574;;;
262753;6;11;2015;09:00;7957;AV BAR STUDART;AV PONTES VIEIRA;;;;Colisão Lateral;Luz do Dia;Bom;Seca;T;Semáforo;Comercial;0;0;2;1;0;0;0;0;0;0;0;0;-38,512361;-3,752590;;;
262757;6;11;2015;18:00;12905;RUA MES ROSA;AV AGUANAMBI;;;;Colisão Lateral;Anoitecer;Bom;Seca;Y;Pare;Misto;0;0;2;1;0;0;0;0;0;0;0;0;-38,525946;-3,741687;;;
262775;6;11;2015;08:30;0;RUA LEAO TREZE;;;439;;Colisão Lateral;Luz do Dia;Bom;Seca;Meio de Quadra;Outros;Residencial;0;1;1;0;0;0;1;0;0;1;0;0;-38,545744;-3,783719;;;
262776;6;11;2015;10:15;0;RUA PDE ANDRADE D45;;;363;;Colisão Lateral;Luz do Dia;Bom;Seca;Meio de Quadra;Não Há Controle;Residencial;0;0;2;0;0;0;0;0;0;0;0;0;;;;;
262777;6;11;2015;21:00;0;AV ODILON GUIMARAES;;;3482;;Colisão Frontal;Mal Iluminada;Bom;Seca;Meio de Quadra;Não Há Controle;Residencial;0;0;2;1;0;0;0;0;0;0;0;0;-38,469974;-3,815974;;;
262772;6;11;2015;10:50;0;AV JOVITA FEITOSA;;;1074;;Engavetamento;Luz do Dia;Bom;Seca;Meio de Quadra;Não Há Controle;Comercial;0;0;3;1;0;0;0;0;0;0;0;0;-38,553669;-3,739302;;;
268234;6;11;2015;05:56;0;AV SORIANO ALBUQUERQUE;;;100;;Colisão;Amanhecer;;;Meio de Quadra;;;0;1;0;1;0;0;0;0;0;1;0;0;-38,519534;-3,747841;;;
268243;6;11;2015;07:09;693;RUA ROCHA POMBO;RUA SILVIO ROMERO;;;;Colisão;Luz do Dia;;;Cruz;Não Há Controle;Outros;0;1;0;1;0;0;0;0;0;1;0;0;-38,571362;-3,720596;;;
268240;6;11;2015;06:49;0;RUA VALPARAISO;;;30;;Atropelamento;Luz do Dia;;;Meio de Quadra;;;0;0;1;0;0;0;0;0;0;1;0;0;-38,520577;-3,846389;;;
268260;6;11;2015;17:44;0;AV JOSE BASTOS;;;3480;;Colisão;Anoitecer;;;Meio de Quadra;;;0;1;0;1;0;0;0;0;0;1;0;0;-38,550036;-3,749574;;;
268261;6;11;2015;17:46;0;RUA ERICO MOTA;;;960;;Atropelamento;Anoitecer;;;Meio de Quadra;;;0;1;0;0;0;0;0;0;0;0;0;0;-38,560964;-3,745270;;;
268249;6;11;2015;09:29;0;RUA CON DE CASTRO;;;4545;;Queda;Luz do Dia;;;Meio de Quadra;;;0;1;0;0;0;0;0;0;0;1;0;0;-38,591863;-3,804958;;;
268250;6;11;2015;10:28;3767;AV IMPERADOR;AV DOMINGOS OLIMPIO;;;;Colisão;Luz do Dia;;;Cruz;Semáforo;Comercial;0;1;0;0;0;0;0;0;0;0;0;0;-38,536697;-3,734790;;;
268310;6;11;2015;22:21;0;RUA JUCA (EDSON QUEIROZ);;;;;Queda;;;;Meio de Quadra;;;0;1;0;0;0;0;0;0;0;1;0;0;;;;;
268257;6;11;2015;17:40;13304;AV G CJ JOSE WALTER;AV I CJ JOSE WALTER;;;;Colisão;Anoitecer;;;T;Pare;Residencial;0;1;0;1;0;0;0;0;0;1;0;0;-38,554956;-3,839061;;;
268305;6;11;2015;17:53;0;RUA JOSE AVELINO;;;480;;Colisão;Anoitecer;;;Meio de Quadra;;;0;1;0;1;0;0;0;0;0;1;0;0;-38,519228;-3,722400;;;
268306;6;11;2015;18:18;0;RUA ANDRE REBOUCAS;;;;;Colisão;Anoitecer;;;Meio de Quadra;;;0;1;0;1;0;0;0;0;0;1;0;0;;;;;
268307;6;11;2015;19:26;7809;RUA VIS MAUA;RUA FRANCISCO HOLANDA;;;;Colisão;;;;Cruz;Não Há Controle;Comercial;0;1;0;1;0;1;0;0;0;0;0;0;-38,503561;-3,749029;;;
268308;6;11;2015;21:29;24987;AV ALM HENRIQUE SABOIA;AV ANTONIO SALES;;;;Queda;;;;Y;Outros;Comercial;0;1;0;0;0;0;0;0;0;1;0;0;-38,492911;-3,748334;;;
266127;6;11;2015;15:29;0;RUA EUCLIDES O DE SOUSA;;;1469;;Colisão;Luz do Dia;;;Meio de Quadra;;;0;0;2;1;0;0;0;0;0;0;0;0;-38,466640;-3,797111;;;
271933;6;11;2015;10:58;26077;AV JOSE JATAHY;AV DUQ CAXIAS;;;;Colisão;Luz do Dia;;;T;Pare;Comercial;0;0;2;0;0;0;0;0;0;0;0;0;;;;;
271931;6;11;2015;10:34;0;RUA ARAUJO TORREAO;;;215;;Colisão;Luz do Dia;;;Meio de Quadra;;;0;0;2;0;0;0;0;0;0;0;0;0;-38,496103;-3,814722;;;
271938;6;11;2015;11:16;0;RUA BAR ARATANHA;;;1300;;Colisão;Luz do Dia;;;Meio de Quadra;;;0;0;2;0;0;0;0;0;0;0;0;0;-38,530214;-3,744371;;;
271936;6;11;2015;11:09;0;RUA OSVALDO CRUZ (ALDEOTA);;;800;;Colisão;Luz do Dia;;;Meio de Quadra;;;0;0;2;0;0;0;0;0;0;0;0;0;-38,499328;-3,732538;;;
271940;6;11;2015;11:54;0;RUA CEL DIONISIO ALENCAR;;;36;;Colisão;Luz do Dia;;;Meio de Quadra;;;0;0;2;0;0;0;0;0;0;0;0;0;;;;;
271946;6;11;2015;13:23;0;RUA CEL MATOS DOURADO;;;160;;Colisão;Luz do Dia;;;Meio de Quadra;;;0;0;2;0;0;0;0;0;0;0;0;0;-38,585179;-3,737164;;;
271944;6;11;2015;12:25;0;RUA JOSE JULIO FROTA;;;209;;Colisão;Luz do Dia;;;Meio de Quadra;;;0;0;2;0;0;0;0;0;0;0;0;0;-38,585809;-3,784492;;;
271961;6;11;2015;19:43;0;RUA MURITIAPUA;;;697;;Colisão;;;;Meio de Quadra;;;0;0;2;0;0;0;0;0;0;0;0;0;;;;;
271962;6;11;2015;20:34;3398;RUA AMAZONAS;RUA PAPI JUNIOR;;;;Colisão;;;;Cruz;Pare;Residencial;0;0;2;0;0;0;0;0;0;0;0;0;-38,560679;-3,755547;;;
271956;6;11;2015;15:57;0;AV DA INDEPENDENCIA;;;1661;;Colisão;Luz do Dia;;;Meio de Quadra;;;0;0;2;0;0;0;0;0;0;0;0;0;-38,595236;-3,725657;;;
271957;6;11;2015;16:41;0;AV SANTOS DUMONT;;;3646;;Colisão;Luz do Dia;;;Meio de Quadra;;;0;0;2;0;0;0;0;0;0;0;0;0;-38,491451;-3,738462;;;
271958;6;11;2015;17:25;0;RUA JAPI;;;527;;Colisão;Anoitecer;;;Meio de Quadra;;;0;0;2;0;0;0;0;0;0;0;0;0;;;;;
271948;6;11;2015;14:30;0;RUA RAIMUNDO BIZARRIA;;;817;;Colisão;Luz do Dia;;;Meio de Quadra;;;0;0;2;0;0;0;0;0;0;0;0;0;-38,579366;-3,726912;;;
271953;6;11;2015;15:29;0;AV GAL OSORIO DE PAIVA;;;4183;;Colisão;Luz do Dia;;;Meio de Quadra;;;0;0;2;0;0;0;0;0;0;0;0;0;-38,593122;-3,795488;;;
271950;6;11;2015;14:36;0;AV DES GONZAGA;;;507;;Colisão;Luz do Dia;;;Meio de Quadra;;;0;0;2;0;0;0;0;0;0;0;0;0;;;;;
270118;6;11;2015;10:00;7017;AV MON HELIO CAMPOS D22;RUA 5 DE AGOSTO;;;;Colisão;Luz do Dia;;;;;;0;1;0;1;0;0;0;0;0;1;0;0;-38,567269;-3,704210;;;
270367;6;11;2015;11:50;0;RD CE-040;;;;KM-07;Atropelamento;Luz do Dia;;Seca;Meio de Quadra;;;0;1;2;1;0;0;0;0;0;0;0;0;-38,483160;-3,817953;;;
270373;6;11;2015;15:40;0;RD CE-040;;;;KM-05;Colisão;Luz do Dia;;;Meio de Quadra;;;0;0;2;1;0;0;0;0;0;0;0;0;-38,480349;-3,790876;;;
265088;6;11;2015;18:40;5075;RUA ALM JACEGUAI;RUA JOSE AVELINO;;;;Colisão Transversal;;;;Cruz;Pare;Comercial;0;1;1;1;0;0;0;0;0;1;0;0;-38,519311;-3,722395;;;
270378;7;11;2015;02:00;0;RD CE-060;;;;KM-03;Colisão;Via Iluminada;;Seca;Meio de Quadra;;;0;0;2;0;0;0;0;0;0;0;0;0;-38,582776;-3,836637;;;
262821;7;11;2015;14:30;0;AV SGT HERMINIO SAMPAIO;;;2505;;Colisão;Luz do Dia;Bom;Seca;Meio de Quadra;Gesto;Comercial;0;2;0;0;0;0;0;0;0;1;0;0;-38,563004;-3,726817;;;
262827;7;11;2015;15:20;5466;RUA ROCHA LIMA;AV VIS RIO BRANCO;;;;Colisão Transversal;Luz do Dia;Bom;Seca;Rotatória;Semáforo;Misto;0;1;1;1;0;0;0;0;0;1;0;0;-38,524153;-3,735770;;;
262838;7;11;2015;19:50;4022;AV JOAO PESSOA;RUA OSCAR BEZERRA ARAUJO;;;;Colisão Frontal;Anoitecer;Bom;Seca;T;Outros;Comercial;0;1;1;1;0;0;0;0;0;0;0;0;-38,557535;-3,761747;;;
262831;7;11;2015;11:30;0;AV 13 DE MAIO;;;;;Colisão Traseira;Luz do Dia;Bom;Seca;Meio de Quadra;Não Há Controle;Comercial;0;0;2;1;0;0;0;0;0;0;0;0;;;;;
262864;7;11;2015;18:10;5039;RUA PESSOA ANTA;AV ALBERTO NEPOMUCENO;;;;Colisão Traseira;Via Iluminada;Bom;Seca;Cruz;Semáforo;Comercial;0;0;2;1;0;0;0;0;0;0;0;0;-38,523212;-3,721257;;;
262867;7;11;2015;09:40;17377;RUA ELVIRA PINHO;RUA BAR CANINDE;;;;Colisão Transversal;Luz do Dia;Bom;Seca;Cruz;Pare;Comercial;0;0;2;1;0;0;0;0;0;0;0;0;-38,556147;-3,766881;;;
262862;7;11;2015;11:30;0;AV PRS JUSCELINO KUBITSCHEK (PASSARÉ);;;3460;;Colisão Lateral;Luz do Dia;Bom;Seca;Meio de Quadra;Não Há Controle;Comercial;0;1;1;0;0;0;0;0;0;1;0;0;-38,528043;-3,811300;;;
262859;7;11;2015;11:11;5067;RUA PDE MORORO;RUA SEN ALENCAR;;;;Colisão Transversal;Luz do Dia;Bom;Seca;Cruz;Pare;Residencial;0;1;1;1;0;0;0;0;0;0;0;0;-38,536475;-3,722160;;;
262851;7;11;2015;18:30;12445;AV SEN FERNANDES TAVORA;TR HELENA DE MARIA;;;;Colisão Lateral;Via Iluminada;Bom;Seca;Cruz;Não Há Controle;Comercial;0;0;2;1;0;0;0;0;0;0;0;0;-38,574916;-3,766094;;;
262852;7;11;2015;11:40;0;RUA ALBERTO MAGNO;;;1164;;Colisão Lateral;Luz do Dia;Bom;Seca;Meio de Quadra;Não Há Controle;Comercial;0;0;2;1;0;0;0;0;0;0;0;0;-38,550279;-3,765177;;;
262849;7;11;2015;16:30;0;RUA GAL TERTULIANO POTYGUARA;;;40;;Colisão Lateral;Mal Iluminada;Bom;Seca;Meio de Quadra;Pare;Residencial;0;0;2;1;0;0;1;0;0;0;0;0;;;;;
262842;7;11;2015;13:20;0;RUA NAPOLEAO LAUREANO;;;199;;Colisão;Luz do Dia;Bom;Seca;Meio de Quadra;Não Há Controle;Residencial;0;0;2;1;0;0;0;0;0;0;0;0;-38,529554;-3,750660;;;
262900;7;11;2015;14:20;15347;RUA TIBURCIO CAVALCANTE;AV DOM LUIS;;;;Colisão Lateral;Luz do Dia;Bom;Seca;T;Semáforo;Comercial;0;0;2;1;0;0;0;0;0;0;0;0;-38,501313;-3,732021;;;
262882;7;11;2015;12:50;19708;RUA PRO LINO ENCARNACAO;RUA GUSTAVO SAMPAIO;;;;Colisão Frontal;Luz do Dia;Bom;Seca;Cruz;Pare;Comercial;0;0;3;1;0;0;0;0;0;0;0;0;-38,561651;-3,736332;;;
262887;7;11;2015;09:40;24394;RUA DOMINGOS JAGUARIBE;RUA MOACIR MACHADO;;;;Colisão Lateral;Luz do Dia;Bom;Seca;Cruz;;Residencial;0;1;1;1;0;0;0;0;0;1;0;0;-38,529217;-3,768015;;;
262896;7;11;2015;04:10;0;AV JOVITA FEITOSA;;;2881;;Atropelamento;Via Iluminada;Bom;Seca;Meio de Quadra;Pare;Comercial;0;1;0;1;0;0;0;0;0;0;0;0;-38,563499;-3,741293;;;
262897;7;11;2015;13:10;5360;RUA FRANKLIN TAVORA;RUA NOGUEIRA ACIOLI;;;;Colisão Lateral;Luz do Dia;Bom;Seca;;;Comercial;0;0;2;1;1;0;0;0;0;0;0;0;-38,517256;-3,731251;;;
262898;7;11;2015;16:00;0;AV N CJ JOSE WALTER;;;;;Colisão Traseira;Luz do Dia;Bom;Seca;Meio de Quadra;Pare;Comercial;0;0;2;1;0;0;0;0;0;0;0;0;;;;;
262890;7;11;2015;19:10;1324;RUA DR JOSE LOURENCO;RUA TORRES CAMARA;;;;Colisão;Via Iluminada;Bom;Seca;Cruz;Pare;Residencial;0;0;2;0;0;0;0;0;0;0;0;0;-38,508053;-3,735281;;;
262891;7;11;2015;17:10;9257;AV AGUANAMBI;RUA CEL PERGENTINO FERREIRA;;;;Colisão Transversal;Luz do Dia;Bom;Seca;Cruz;Semáforo;Comercial;0;1;1;1;0;0;0;0;0;0;0;0;-38,524049;-3,748634;;;
262892;7;11;2015;14:10;3856;AV DA UNIVERSIDADE;RUA PDE FRANCISCO PINTO;;;;Colisão Transversal;Luz do Dia;Bom;Seca;Cruz;Semáforo Danificado;Comercial;0;0;2;1;1;0;0;0;0;0;0;0;-38,540777;-3,742799;;;
271964;7;11;2015;08:13;21604;RUA DOM XISTO ALBANO;RUA DARCY VARGAS;;;;Colisão;Luz do Dia;;;Cruz;Pare;Residencial;0;0;2;0;0;0;0;0;0;0;0;0;-38,586618;-3,798206;;;
271965;7;11;2015;10:51;0;AV AUGUSTO DOS ANJOS;;;473;;Colisão;Luz do Dia;;;Meio de Quadra;;;0;0;2;0;0;0;0;0;0;0;0;0;-38,572488;-3,772716;;;