COD_ACIDENTE;DIA;MES;ANO;HORA;INTERSECAO;LOG1;LOG2;LOG3;NUMERO;REFERENCIA;NATUREZA;ILUMINACAO;TEMPO;SUPERFICIEPISTA;TIPOCRUZAMENTO;CONTROLETRAFEGO;USOSOLO;MORTOS;FERIDOS;ILESOS;AUTOMOVEL;ONIBUS;BICICLETA;CAMINHAO;MICROONIBUS;CICLOMOTOR;MOTOCICLETA;TRACAOANIMAL;TREM;LONG;LAT;;;
271971;7;11;2015;12:08;0;RUA URUCUTUBA;;;1542;;Colisão;Luz do Dia;;;Meio de Quadra;;;0;0;2;0;0;0;0;0;0;0;0;0;-38,608763;-3,797658;;;
271972;7;11;2015;14:43;0;RUA POMPEU CAVALCANTE;;;621;;Colisão;Luz do Dia;;;Meio de Quadra;;;0;0;2;0;0;0;0;0;0;0;0;0;-38,563224;-3,725510;;;
271967;7;11;2015;11:09;0;RUA DNA LUCIA PINHEIRO (QUINTINO CUNHA);;;;;Colisão;Luz do Dia;;;Meio de Quadra;;;0;0;2;0;0;0;0;0;0;0;0;0;;;;;
271968;7;11;2015;11:13;0;AV ABOLICAO;;;3340;;Colisão;Luz do Dia;;;Meio de Quadra;;;0;0;2;0;0;0;0;0;0;0;0;0;-38,489706;-3,726420;;;
271969;7;11;2015;11:55;0;RUA 09 UI 211;;;384;;Colisão;Luz do Dia;;;Meio de Quadra;;;0;0;2;0;0;0;0;0;0;0;0;0;;;;;
272133;7;11;2015;19:00;0;RUA EVILASIO A MIRANDA;;;144;;Atropelamento;;;;Meio de Quadra;;;0;0;2;0;0;0;0;0;0;0;0;0;-38,467720;-3,789557;;;
272134;7;11;2015;19:53;13054;AV B CJ JOSE WALTER;AV J CJ JOSE WALTER;;;;Atropelamento;;;;;;;0;0;2;0;0;0;0;0;0;0;0;0;-38,554445;-3,826939;;;
272126;7;11;2015;14:46;0;RUA BOM JESUS (GRANJA LISBOA);;;500;;Colisão;Luz do Dia;;;Meio de Quadra;;;0;0;2;0;0;0;0;0;0;0;0;0;-38,598388;-3,795363;;;
272129;7;11;2015;17:30;5235;RUA PEDRO PEREIRA;RUA PRC ISABEL;;;;Colisão;Anoitecer;;;Cruz;Pare;Comercial;0;0;2;0;0;0;0;0;0;0;0;0;-38,535705;-3,727353;;;
272130;7;11;2015;18:30;0;AV D CJ JOSE WALTER;;;273;;Colisão;Anoitecer;;;Meio de Quadra;;;0;0;2;0;0;0;0;0;0;0;0;0;-38,555643;-3,831653;;;
272131;7;11;2015;18:58;10350;RUA ALVES BATISTA;RUA PORTO DAS ROSAS;;;;Colisão;;;;;;;0;0;2;0;0;0;0;0;0;0;0;0;-38,600659;-3,757051;;;
272136;7;11;2015;20:10;0;AV DEP PAULINO ROCHA;;;;;Colisão;;;;Meio de Quadra;;;0;0;2;0;0;0;0;0;0;0;0;0;;;;;
272137;7;11;2015;20:14;1034;RUA JOAQUIM FROTA;RUA ELISEU ORIA;;;;Colisão;;;;Cruz;Pare;Residencial;0;0;2;0;0;0;0;0;0;0;0;0;-38,476880;-3,801783;;;
272138;7;11;2015;20:27;0;RUA CARLOS CHAGAS;;;1051;;Colisão;;;;Meio de Quadra;;;0;0;2;0;0;0;0;0;0;0;0;0;;;;;
272139;7;11;2015;21:26;0;RUA COS LAFAYETE;;;794;;Colisão;;;;Meio de Quadra;;;0;0;2;0;0;0;0;0;0;0;0;0;-38,585458;-3,717738;;;
272140;7;11;2015;22:07;0;LOGRADOURO SEM NOME;;;73;;Colisão;;;;Meio de Quadra;;;0;0;2;0;0;0;0;0;0;0;0;0;;;;;
272141;7;11;2015;22:14;24542;RUA DR QUIXADA FELICIO;AV MOZART PINHEIRO DE LUCENA;;;;Colisão;;;;T;Pare;Residencial;0;0;2;0;0;0;0;0;0;0;0;0;-38,593478;-3,710639;;;
272142;7;11;2015;22:17;282;RUA ERICO MOTA;RUA ABILIO MARTINS;;;;Colisão;;;;Cruz;Pare;Misto;0;0;2;0;0;0;0;0;0;0;0;0;-38,561548;-3,742376;;;
272143;7;11;2015;22:22;21783;RUA GAL ALIPIO DOS SANTOS;RUA PINHEIRO BASTOS;;;;Colisão;;;;;;;0;0;2;0;0;0;0;0;0;0;0;0;-38,587880;-3,729616;;;
266130;7;11;2015;22:33;0;AV N CJ JOSE WALTER;;;;;Colisão;;;;Meio de Quadra;;;0;0;2;1;0;0;0;0;0;0;0;0;;;;;
259360;7;11;2015;00:30;0;RD BR 116;;;8000;KM-08;Colisão Traseira;Via Iluminada;Bom;Seca;Meio de Quadra;Não Há Controle;Comercial;0;1;2;1;0;0;0;0;0;1;0;0;-38,503269;-3,822018;;;
268320;7;11;2015;09:42;0;AV JOSE LEON;;;;;Colisão;Luz do Dia;;;Meio de Quadra;;;0;1;0;1;0;1;0;0;0;0;0;0;;;;;
268312;7;11;2015;02:04;0;RUA PRO GOMES BRASIL;;;201;;Colisão;;;;Meio de Quadra;;;0;1;0;1;0;0;0;0;0;1;0;0;-38,567652;-3,774031;;;
268314;7;11;2015;04:19;0;RUA BETEL;;;1419;;Queda;;;;Meio de Quadra;;;0;1;0;0;0;0;0;0;0;1;0;0;-38,551986;-3,790848;;;
268315;7;11;2015;05:57;0;AV LINEU MACHADO;;;;;Colisão;Amanhecer;;;Meio de Quadra;;;0;1;0;0;0;0;0;0;0;1;0;0;;;;;
268316;7;11;2015;07:02;0;AV PONTES VIEIRA;;;;;Colisão;Luz do Dia;;;Meio de Quadra;;;0;1;0;1;0;0;0;0;0;1;0;0;;;;;
268317;7;11;2015;07:30;0;RUA MOACIR MACHADO;;;286;;Queda;Luz do Dia;;;Meio de Quadra;;;0;1;0;0;0;0;0;0;0;1;0;0;-38,529233;-3,768095;;;
268318;7;11;2015;09:17;5936;AV C CJ CEARA;RUA 1153 CJ CEARA;;;;Colisão;Luz do Dia;;;;;;0;1;0;1;0;0;0;0;0;1;0;0;-38,609545;-3,761816;;;
268341;7;11;2015;14:57;0;AV PRS COSTA E SILVA;;;;;Colisão;Luz do Dia;;;Meio de Quadra;;;0;1;0;0;0;0;0;0;0;0;0;0;;;;;
268345;7;11;2015;16:27;0;AV JOR THOMAZ COELHO;;;3159;;Colisão;Luz do Dia;;;Meio de Quadra;;;0;1;1;1;0;0;0;0;0;1;0;0;-38,522686;-3,828967;;;
268349;7;11;2015;17:14;0;AV ALBERTO CRAVEIRO;;;;;Colisão;Anoitecer;;;Meio de Quadra;;;0;1;0;1;0;0;0;0;0;1;0;0;;;;;
268350;7;11;2015;17:14;0;AV PRS COSTA E SILVA;;;381;;Colisão;Anoitecer;;;Meio de Quadra;;;0;1;0;1;0;0;0;0;0;1;0;0;;;;;
268353;7;11;2015;18:03;0;AV L CJ JOSE WALTER;;;836;;Colisão;Anoitecer;;;Meio de Quadra;;;0;1;0;1;0;0;0;0;0;1;0;0;-38,557849;-3,832181;;;
268324;7;11;2015;10:56;0;RUA 9 PLANALTO ITAPERI;;;372;;Queda;Luz do Dia;;;Meio de Quadra;;;0;1;0;0;0;0;0;0;0;1;0;0;;;;;
268325;7;11;2015;11:06;0;AV DOS EXPEDICIONARIOS;;;4044;;Colisão;Luz do Dia;;;Meio de Quadra;;;0;1;1;1;0;0;0;0;0;1;0;0;-38,537777;-3,753737;;;
268333;7;11;2015;12:58;0;RUA MON FURTADO;;;2047;;Colisão;Luz do Dia;;;Meio de Quadra;;;0;1;0;0;0;0;0;0;0;1;0;0;-38,555320;-3,753393;;;
268330;7;11;2015;12:17;0;RUA MUCAMBINHO (MESSEJANA);;;263;;Colisão;Luz do Dia;;;Meio de Quadra;;;0;1;0;1;0;0;0;0;0;1;0;0;-38,506744;-3,828307;;;
268358;7;11;2015;19:43;0;AV PERIMETRAL;;;399;;Colisão;;;;Meio de Quadra;;;0;1;1;1;0;0;0;0;0;1;0;0;;;;;
268362;7;11;2015;22:08;0;RUA MARIA JULIA;;;406;;Colisão;;;;Meio de Quadra;;;0;1;1;1;0;0;0;0;0;1;0;0;-38,598923;-3,789310;;;
268363;7;11;2015;23:27;25069;RUA RAUL CABRAL;AV DOS EXPEDICIONARIOS;;;;Colisão;;;;Cruz;Semáforo;Comercial;0;1;1;1;0;0;0;0;0;1;0;0;-38,542595;-3,769605;;;
268360;7;11;2015;21:21;0;RUA RAIMUNDO ARISTIDES;;;437;;Atropelamento;;;;Meio de Quadra;;;1;0;1;0;0;0;0;0;0;1;0;0;-38,589582;-3,820096;;;
268356;7;11;2015;18:59;4020;RUA SAMUEL UCHOA;AV PRO GOMES DE MATOS;;;;Colisão;;;;Cruz;Pare;Comercial;0;1;0;0;0;0;0;0;0;1;0;0;-38,542215;-3,757193;;;
262807;7;11;2015;10:30;0;RUA CAMPO AMOR ROCHA;;;;;Colisão Transversal;Luz do Dia;Bom;Seca;Meio de Quadra;Pare;Residencial;0;1;1;1;0;0;0;0;0;1;0;0;;;;;
262808;7;11;2015;07:20;465;AV SEN FERNANDES TAVORA;RUA MANAUS;;;;Engavetamento;Luz do Dia;Bom;Seca;Cruz;Pare;Residencial;0;0;3;1;0;0;0;0;0;0;0;0;-38,592745;-3,756541;;;
262810;7;11;2015;09:10;22986;AV DR SILAS MUNGUBA;RUA BETEL;;;;Colisão Lateral;Luz do Dia;Bom;Seca;Cruz;Pare;Comercial;0;0;2;1;0;0;0;0;0;1;0;0;-38,550166;-3,786401;;;
262819;7;11;2015;12:30;0;RUA MIN ALBUQUERQUE LIMA;;;1714;;Colisão Lateral;Luz do Dia;Bom;Seca;Meio de Quadra;Outros;Residencial;0;0;2;1;0;0;0;0;0;0;0;0;-38,598588;-3,770220;;;
270401;7;11;2015;10:00;0;AV SEN CARLOS JEREISSATI (AEROPORTO);;;;KM 02;Colisão;Luz do Dia;;Seca;Meio de Quadra;;;0;0;3;1;0;0;0;0;0;0;0;0;-38,529156;-3,783932;;;
270489;7;11;2015;15:10;0;RD CE-040;;;;KM-09;Colisão;Luz do Dia;;Seca;Meio de Quadra;;;0;0;2;1;0;0;0;0;0;0;0;0;-38,481431;-3,824774;;;
270485;7;11;2015;13:00;0;RD CE-040;;;;KM-06;Colisão;Luz do Dia;;Seca;Meio de Quadra;;;0;0;3;1;0;0;0;0;0;1;0;0;-38,478781;-3,811270;;;
270415;7;11;2015;12:30;0;RD CE-040;;;;KM-02;Colisão;Luz do Dia;;;Meio de Quadra;;;0;0;3;1;0;0;0;0;0;0;0;0;-38,481598;-3,776479;;;
270498;8;11;2015;18:30;0;RD CE-040;;;;KM-06;Colisão;Via Iluminada;;Seca;Meio de Quadra;;;0;0;3;1;0;0;0;0;0;1;0;0;-38,478781;-3,811270;;;
268368;8;11;2015;00:10;25763;RUA FRANCISCO VASCONCELOS;RUA HOLANDA;;;;Queda;;;;T;Não Há Controle;Residencial;0;1;0;0;0;0;0;0;0;1;0;0;-38,559006;-3,804488;;;
268374;8;11;2015;03:30;0;RUA SGT JOAO PINHEIRO;;;1455;;Atropelamento;;;;Meio de Quadra;;;0;1;0;1;0;0;0;0;0;0;0;0;-38,623636;-3,785844;;;
268371;8;11;2015;01:18;2719;RUA MARIA JULIA;RUA JOSE MARTINS;;;;Queda;;;;;;;0;1;0;0;0;0;0;0;0;1;0;0;-38,599057;-3,789754;;;
268385;8;11;2015;05:04;0;RUA EQUADOR;;;129;;Colisão;Amanhecer;;;Meio de Quadra;;;0;1;0;1;0;0;0;0;0;1;0;0;;;;;
268380;8;11;2015;03:59;0;RUA FRE MANSUETO;;;1042;;Queda;;;;Meio de Quadra;;;0;1;0;0;0;0;0;0;0;1;0;0;-38,488746;-3,733371;;;
268381;8;11;2015;04:45;0;AV 13 DE MAIO;;;;;Queda;;;;Meio de Quadra;;;0;1;0;0;0;0;0;0;0;1;0;0;;;;;
268388;8;11;2015;05:05;6752;RUA PRO OTAVIO LOBO;AV SANTOS DUMONT;;;;Atropelamento;Amanhecer;;;Cruz;Semáforo;Residencial;0;1;0;0;0;0;1;0;0;0;0;0;-38,477829;-3,742845;;;
268389;8;11;2015;07:07;0;RUA JARDIM FLUMINENSE;;;5899;;Queda;Luz do Dia;;;Meio de Quadra;;;0;1;0;0;0;0;0;0;0;1;0;0;;;;;
268390;8;11;2015;07:21;0;AV GODOFREDO MACIEL;;;;;Queda;Luz do Dia;;;Meio de Quadra;;;0;1;0;0;0;0;0;0;0;1;0;0;;;;;
268391;8;11;2015;09:07;0;AV C CJ CEARA;;;186;;Atropelamento;Luz do Dia;;;Meio de Quadra;;;0;1;0;0;0;0;0;0;0;1;0;0;-38,608412;-3,758825;;;
268392;8;11;2015;11:38;0;RUA BERNARDO MANUEL;;;10006;;Colisão;Luz do Dia;;;Meio de Quadra;;;0;1;0;1;0;0;0;0;0;1;0;0;-38,553824;-3,806712;;;
268394;8;11;2015;13:57;0;AV DR SILAS MUNGUBA;;;3353;;Queda;Luz do Dia;;;Meio de Quadra;;;0;1;0;0;0;0;0;0;0;1;0;0;;;;;
268395;8;11;2015;14:18;0;RUA JULIO AZEVEDO;;;1120;;Atropelamento;Luz do Dia;;;Meio de Quadra;;;0;1;0;0;0;0;0;0;0;1;0;0;-38,480060;-3,739436;;;
268410;8;11;2015;21:15;0;AV JOSE BASTOS;;;;;Queda;;;;Meio de Quadra;;;0;1;0;0;0;0;0;0;0;1;0;0;;;;;
268415;8;11;2015;22:56;7211;AV PRS CASTELO BRANCO;AV DR THEBERGE;;;;Colisão;;;;Cruz;Semáforo;Comercial;0;1;0;0;0;0;0;0;0;0;0;0;-38,563456;-3,710079;;;
268416;8;11;2015;23:07;0;AV ENG HUMBERTO MONTE;;;645;;Colisão;;;;Meio de Quadra;;;0;1;0;0;0;0;0;0;0;0;0;0;-38,557641;-3,752612;;;
268417;8;11;2015;23:17;0;AV N CJ JOSE WALTER;;;;;Queda;;;;Meio de Quadra;;;0;1;0;0;0;0;0;0;0;1;0;0;;;;;
268418;8;11;2015;23:18;0;RUA PRO PEDRO JORGE;;;760;;Colisão;;;;Meio de Quadra;;;0;1;0;0;0;0;0;0;0;1;0;0;;;;;
268412;8;11;2015;22:00;4672;AV MIN JOSE AMERICO;RUA PEDRO LAZAR;;;;Queda;;;;;Não Há Controle;Comercial;0;1;0;0;0;0;0;0;0;1;0;0;-38,489290;-3,808267;;;
268413;8;11;2015;22:13;12463;RUA MELO DE OLIVEIRA;RUA VIS CAUIPE;;;;Atropelamento;;;;Cruz;;Comercial;0;1;0;1;0;0;0;0;0;0;0;0;-38,579583;-3,775188;;;
268408;8;11;2015;20:38;0;RUA PARANA;;;489;;Queda;;;;Meio de Quadra;;;0;1;0;0;0;0;0;0;0;1;0;0;-38,567429;-3,755769;;;
268403;8;11;2015;17:00;10408;AV GENIBAU;RUA HUMAITA D73;;;;Colisão;Anoitecer;;;Cruz;Pare;Comercial;0;1;1;1;0;0;0;0;0;1;0;0;-38,600613;-3,760652;;;
268404;8;11;2015;17:33;0;RUA PRO VIRGILIO DE MORAIS;;;200;;Atropelamento;Anoitecer;;;Meio de Quadra;;;0;1;1;1;0;0;0;0;0;0;0;0;-38,596482;-3,750332;;;
268405;8;11;2015;18:34;0;RUA CEL QUEIROZ;;;520;;Atropelamento;;;;Meio de Quadra;;;0;1;0;1;0;0;0;0;0;0;0;0;;;;;
268399;8;11;2015;15:39;0;RUA PERGENTINO MAIA;;;286;;Colisão;Luz do Dia;;;Meio de Quadra;Pare;Comercial;1;1;1;0;1;0;0;0;0;1;0;0;;;;;
268400;8;11;2015;16:29;0;RUA CEL VIRGILIO NOGUEIRA (BOM JARDIM);;;783;;Atropelamento;Luz do Dia;;;Meio de Quadra;;;0;1;1;0;0;0;0;0;0;1;0;0;-38,609298;-3,790489;;;
259366;8;11;2015;09:30;0;RD BR 116;;;13000;KM-13;Colisão Traseira;Luz do Dia;Bom;Seca;Meio de Quadra;Não Há Controle;Comercial;0;0;2;1;0;0;0;0;0;0;0;0;-38,497727;-3,864670;;;
259368;8;11;2015;15:25;0;RD BR 116;;;3000;KM-03;Choque c/ Obstáculo Fixo;Luz do Dia;;;Meio de Quadra;;;0;1;0;1;0;0;0;0;0;0;0;0;-38,514372;-3,779838;;;
266142;8;11;2015;07:07;1272;AV DOM LUIS;RUA JOAQUIM NABUCO;;;;Colisão;Luz do Dia;;;Cruz;Gesto;Comercial;0;0;2;1;0;0;0;0;0;1;0;0;-38,500333;-3,732301;;;
266148;8;11;2015;18:17;0;AV IMPERADOR;;;;;Colisão;Anoitecer;;;Meio de Quadra;;;0;0;2;1;1;0;0;0;0;0;0;0;;;;;
266149;8;11;2015;19:23;0;AV RAD JOSE LIMA VERDE;;;;;Colisão;Anoitecer;;;Meio de Quadra;;;0;0;2;1;0;0;0;0;0;0;0;0;;;;;
272144;8;11;2015;00:08;7948;RUA JOAQUIM NABUCO;AV PONTES VIEIRA;;;;Colisão;;;;Cruz;Semáforo Intermitente;Comercial;0;0;2;0;0;0;0;0;0;0;0;0;-38,506628;-3,751917;;;
272145;8;11;2015;02:28;0;AV SANTOS DUMONT;;;;;Choque c/ Obstáculo Fixo;;;;Meio de Quadra;;;0;0;1;0;0;0;0;0;0;0;0;0;;;;;
272146;8;11;2015;04:55;15144;AV MON TABOSA;AV RUI BARBOSA;;;;Colisão;;;;Cruz;Pare;Comercial;0;0;2;0;0;0;0;0;0;0;0;0;-38,505696;-3,724441;;;
272147;8;11;2015;05:17;0;AV DR SILAS MUNGUBA;;;1150;;Colisão;Amanhecer;;;Meio de Quadra;;;0;0;2;0;0;0;0;0;0;0;0;0;-38,555864;-3,782141;;;
272148;8;11;2015;06:29;0;AV AGUANAMBI;;;;;Colisão;Luz do Dia;;;Meio de Quadra;;;0;0;2;0;0;0;0;0;0;0;0;0;;;;;
272149;8;11;2015;06:31;0;AV ENG HUMBERTO MONTE;;;;;Choque c/ Obstáculo Fixo;Luz do Dia;;;Meio de Quadra;;;0;0;1;0;0;0;0;0;0;0;0;0;;;;;
272150;8;11;2015;07:23;0;RUA DR JUSTA ARAUJO D45;;;206;;Colisão;Luz do Dia;;;Meio de Quadra;;;0;0;2;0;0;0;0;0;0;0;0;0;-38,550763;-3,777992;;;
272151;8;11;2015;09:53;0;AV A CJ CEARA;;;;;Colisão;Luz do Dia;;;Meio de Quadra;;;0;0;2;0;0;0;0;0;0;0;0;0;;;;;
272152;8;11;2015;09:45;1394;RUA TORRES CAMARA;RUA TIBURCIO CAVALCANTE;;;;Colisão;Luz do Dia;;;Cruz;Semáforo;Comercial;0;0;2;0;0;0;0;0;0;0;0;0;-38,502906;-3,736933;;;
272153;8;11;2015;12:27;21539;RUA COLOMBO;RUA TULIPA NEGRA;;;;Colisão;Luz do Dia;;;;;;0;0;2;0;0;0;0;0;0;0;0;0;-38,591743;-3,823575;;;
272157;8;11;2015;13:48;0;RUA A UI 301;;;390;;Colisão;Luz do Dia;;;Meio de Quadra;;;0;0;2;0;0;0;0;0;0;0;0;0;;;;;
272161;8;11;2015;16:06;245;RUA DOM LINO;RUA GAL BERNARDO FIGUEIREDO;;;;Colisão;Luz do Dia;;;Cruz;Pare;Misto;0;0;2;0;0;0;0;0;0;0;0;0;-38,556267;-3,740582;;;
272159;8;11;2015;15:29;1604;RUA GAL TERTULIANO POTYGUARA;RUA VICENTE LEITE;;;;Colisão;Luz do Dia;;;Cruz;Pare;Comercial;0;0;2;0;0;0;0;0;0;0;0;0;-38,497657;-3,744078;;;
272173;8;11;2015;18:39;0;AV PRO GOMES DE MATOS;;;1683;;Colisão;;;;Meio de Quadra;;;0;0;2;0;0;0;0;0;0;0;0;0;-38,549909;-3,766165;;;
272181;8;11;2015;19:34;0;RUA FRANCISCO PAIVA;;;1625;;Colisão;;;;Meio de Quadra;;;0;0;2;0;0;0;0;0;0;0;0;0;;;;;
272171;8;11;2015;18:27;10077;RUA VALVERDE;RUA NEREIDE;;;;Colisão;Anoitecer;;;;;;0;0;2;0;0;0;0;0;0;0;0;0;-38,602753;-3,786292;;;
272168;8;11;2015;18:25;0;AV CARAPINIMA;;;1746;;Colisão;Anoitecer;;;Meio de Quadra;;;0;0;2;0;0;0;0;0;0;0;0;0;-38,537245;-3,737097;;;
272166;8;11;2015;17:44;0;RUA MAJ WEYNE;;;771;;Colisão;Anoitecer;;;Meio de Quadra;;;0;0;2;0;0;0;0;0;0;0;0;0;-38,543329;-3,749641;;;
272191;8;11;2015;21:00;12817;AV PRO GOMES DE MATOS;RUA DELMIRO FARIAS;;;;Colisão;;;;T;Pare;Comercial;0;0;2;0;0;0;0;0;0;0;0;0;-38,541034;-3,755817;;;
272196;8;11;2015;21:25;24909;AV MOZART PINHEIRO DE LUCENA;RUA ROSINHA SAMPAIO;;;;Colisão;;;;Cruz;Não Há Controle;Comercial;0;0;2;0;0;0;0;0;0;0;0;0;-38,597432;-3,724211;;;
262904;8;11;2015;14:10;0;RUA VITAL BRASIL;;;55;;Choque c/ Obstáculo Fixo;Luz do Dia;Bom;Seca;Meio de Quadra;Não Há Controle;Misto;0;0;1;1;0;0;0;0;0;0;0;0;-38,581525;-3,782684;;;
262912;8;11;2015;15:00;0;RUA ANTONIO MARTINS;;;878;;Colisão Frontal;Luz do Dia;Bom;Seca;Meio de Quadra;Não Há Controle;Residencial;0;1;1;0;0;0;0;0;0;1;0;0;-38,557707;-3,750386;;;
262907;8;11;2015;11:50;0;RUA PAULO FIRMEZA;;;4091;;Choque c/ Obstáculo Fixo;Luz do Dia;Bom;Seca;Meio de Quadra;Não Há Controle;Residencial;0;0;1;1;0;0;0;0;0;0;0;0;;;;;
262908;8;11;2015;14:00;25675;AV ABOLICAO;TR SAO GERARDO (MUCURIPE);;;;Colisão Transversal;Luz do Dia;Bom;Seca;T;Não Há Controle;Residencial;0;0;2;1;0;0;0;0;0;0;0;0;-38,486613;-3,725907;;;
262935;8;11;2015;17:00;5692;AV DES GONZAGA;RUA MARGARIDA DE QUEIROZ;;;;Colisão Lateral;Via Iluminada;Bom;Seca;Cruz;;Comercial;0;0;2;1;0;0;0;0;0;0;0;0;-38,501753;-3,793168;;;
262930;8;11;2015;07:00;24982;AV ALM HENRIQUE SABOIA;RUA CAROLINA SUCUPIRA;;;;Colisão Lateral;Luz do Dia;Chuva;Molhada;;Semáforo;Rural;0;0;2;1;0;0;0;0;0;0;0;0;-38,490003;-3,744387;;;
262931;8;11;2015;13:00;17563;RUA AMAZONAS;RUA ESPIRITO SANTO;;;;Colisão Frontal;Luz do Dia;Bom;Seca;Cruz;Pare;Residencial;0;0;2;1;0;0;0;0;0;0;0;0;-38,567217;-3,751391;;;
262932;8;11;2015;14:05;11339;AV GODOFREDO MACIEL;AV BENJAMIM BRASIL;;;;Atropelamento;Luz do Dia;Bom;Seca;Cruz;Semáforo;Comercial;1;0;1;1;0;0;0;0;0;0;0;0;-38,572040;-3,803264;;;
262933;8;11;2015;16:30;0;AV CEL CARVALHO;;;2856;;Engavetamento;Luz do Dia;Bom;Seca;Meio de Quadra;Não Há Controle;;0;1;4;1;1;0;0;0;0;0;0;0;-38,585031;-3,728395;;;
262925;8;11;2015;03:00;0;AV CEL CARVALHO;;;;;Colisão Lateral;Via Iluminada;Bom;Seca;Meio de Quadra;Não Há Controle;Comercial;0;0;3;1;0;0;0;0;0;0;0;0;;;;;
262926;8;11;2015;06:35;0;AV TRISTAO GONCALVES;;;;;Colisão Traseira;Luz do Dia;Nublado;Seca;Meio de Quadra;Pare;Comercial;0;0;2;1;0;0;0;0;0;0;0;0;;;;;
262919;8;11;2015;11:00;0;AV DA UNIVERSIDADE;;;2683;;Colisão Traseira;Luz do Dia;Bom;Seca;Meio de Quadra;;Escola;0;1;1;1;0;0;0;0;0;0;0;0;-38,538198;-3,739954;;;
262923;8;11;2015;14:50;15365;AV SEN VIRGILIO TAVORA;RUA PEREIRA VALENTE;;;;Colisão Lateral;Luz do Dia;Bom;Seca;Cruz;Semáforo;Comercial;0;1;1;0;0;0;0;0;0;1;0;0;-38,492193;-3,733834;;;
272204;8;11;2015;23:32;0;AV JOSE BASTOS;;;4855;;Choque c/ Obstáculo Fixo;;;;Meio de Quadra;;;0;0;1;0;0;0;0;0;0;0;0;0;;;;;
272202;8;11;2015;23:17;0;RUA AVILA GOULART;;;105;;Choque c/ Obstáculo Fixo;;;;Meio de Quadra;;;0;0;1;0;0;0;0;0;0;0;0;0;;;;;
272199;8;11;2015;21:52;0;AV CENTRAL;;;2005;;Colisão;;;;Meio de Quadra;;;0;0;2;0;0;0;0;0;0;0;0;0;;;;;
272200;8;11;2015;22:03;5159;AV IMPERADOR;RUA GUILHERME ROCHA;;;;Colisão;;;;Cruz;Semáforo;Comercial;0;0;2;0;0;0;0;0;0;0;0;0;-38,533829;-3,725081;;;
272235;9;11;2015;20:26;0;RUA CEL JOAO CORREIA;;;935;;Atropelamento;;;;Meio de Quadra;;;0;0;2;0;0;0;0;0;0;0;0;0;-38,601528;-3,792828;;;
272233;9;11;2015;14:25;22144;RUA VALDEMIRO CAVALCANTE;RUA PAPI JUNIOR;;;;Colisão;Luz do Dia;;;Cruz;Pare;Residencial;0;0;2;0;0;0;0;0;0;0;0;0;-38,555983;-3,750624;;;
272228;9;11;2015;11:49;6878;RUA 114 UI 508;AV CONTORNO OESTE D71;;;;Colisão;Luz do Dia;;;;;;0;0;2;0;0;0;0;0;0;0;0;0;-38,593233;-3,810360;;;
272226;9;11;2015;10:04;24503;AV MOZART PINHEIRO DE LUCENA;RUA 6 CJ POLAR;;;;Colisão;Luz do Dia;;;;;;0;0;2;0;0;0;0;0;0;0;0;0;-38,593089;-3,709318;;;
272222;9;11;2015;08:12;22159;RUA PRO COSTA MENDES;AV JOSE BASTOS;;;;Colisão;Luz do Dia;;;Outros;Não Há Controle;Residencial;0;0;2;0;0;0;0;0;0;0;0;0;-38,551247;-3,750784;;;
272219;9;11;2015;00:26;19707;AV BEZERRA DE MENEZES;RUA ARMANDO OLIVEIRA;;;;Colisão;;;;Cruz;Semáforo;;0;0;2;0;0;0;0;0;0;0;0;0;-38,567270;-3,736264;;;
272217;9;11;2015;12:29;25334;AV D CJ CEARA;AV B CJ CEARA;;;;Atropelamento;Luz do Dia;;;T;Pare;Misto;0;0;2;0;0;0;0;0;0;0;0;0;-38,602328;-3,763611;;;
262943;9;11;2015;14:15;334;RUA NESTOR BARBOSA;RUA AMADEU FURTADO;;;;Colisão Traseira;Luz do Dia;Bom;Seca;Cruz;Pare;Residencial;0;0;2;0;1;0;0;0;0;0;0;0;-38,562047;-3,745408;;;
262944;9;11;2015;19:40;19533;AV GAL OSORIO DE PAIVA;RUA NEREU RAMOS;;;;Colisão Lateral;Via Iluminada;Bom;Seca;Cruz;Semáforo;Comercial;0;0;2;1;1;0;0;0;0;0;0;0;-38,576828;-3,782196;;;
262941;9;11;2015;13:00;19363;AV GAL OSORIO DE PAIVA;RUA IGUAPE;;;;Colisão Transversal;Luz do Dia;Bom;Seca;T;Não Há Controle;Comercial;1;1;1;1;0;0;0;0;0;1;0;0;-38,568617;-3,776964;;;
262946;9;11;2015;18:40;20042;AV DEP PAULINO ROCHA;AV ALBERTO CRAVEIRO;;;;Colisão Traseira;Via Iluminada;Bom;Seca;Rotatória;Dê Preferência;Lazer;0;0;2;1;0;0;0;0;0;0;0;0;-38,524782;-3,807229;;;
262947;9;11;2015;21:40;3336;RUA RIO GRANDE DO SUL;RUA VIRIATO RIBEIRO;;;;Colisão Traseira;Mal Iluminada;Bom;Seca;Cruz;Pare;Residencial;0;0;2;1;0;0;0;0;0;0;0;0;-38,561355;-3,750184;;;
262950;9;11;2015;14:40;0;RUA NEREU RAMOS;;;;VIADUTO;Colisão Traseira;Luz do Dia;Bom;Seca;Meio de Quadra;Não Há Controle;Residencial;0;1;1;1;0;0;0;0;0;1;0;0;;;;;
262954;9;11;2015;09:10;0;AV DOS EXPEDICIONARIOS;;;11113;;Colisão Traseira;Luz do Dia;Nublado;Seca;Outros;Outros;Comercial;0;0;2;1;0;0;0;0;0;0;0;0;-38,556849;-3,816586;;;
262952;9;11;2015;13:30;0;AV DR SILAS MUNGUBA;;;;;Colisão Traseira;Luz do Dia;Bom;Seca;Meio de Quadra;Semáforo Intermitente;Comercial;0;0;2;1;0;0;0;0;0;0;0;0;;;;;