COD_ACIDENTE;DIA;MES;ANO;HORA;INTERSECAO;LOG1;LOG2;LOG3;NUMERO;REFERENCIA;NATUREZA;ILUMINACAO;TEMPO;SUPERFICIEPISTA;TIPOCRUZAMENTO;CONTROLETRAFEGO;USOSOLO;MORTOS;FERIDOS;ILESOS;AUTOMOVEL;ONIBUS;BICICLETA;CAMINHAO;MICROONIBUS;CICLOMOTOR;MOTOCICLETA;TRACAOANIMAL;TREM;LONG;LAT;;;
262990;9;11;2015;19:00;0;AV ROGACIANO LEITE;;;;;Colisão Lateral;;Bom;Seca;Meio de Quadra;Não Há Controle;Comercial;0;1;2;1;0;0;0;0;0;1;0;0;;;;;
262983;9;11;2015;08:20;1555;RUA OSVALDO CRUZ (ALDEOTA);RUA VICENTE LINHARES;;;;Colisão Lateral;Luz do Dia;Bom;Seca;Cruz;Pare;Comercial;0;1;1;1;0;0;0;0;0;1;0;0;-38,502221;-3,741502;;;
262984;9;11;2015;00:05;0;AV BORGES DE MELO;;;1677;;Colisão Traseira;Via Iluminada;Bom;Seca;Meio de Quadra;Não Há Controle;Comercial;0;0;2;1;0;0;0;0;0;0;0;0;-38,532721;-3,757649;;;
262986;9;11;2015;15:25;1351;RUA DES LEITE ALBUQUERQUE;RUA TIBURCIO CAVALCANTE;;;;Colisão Traseira;Luz do Dia;Bom;Seca;Cruz;Pare;Residencial;0;0;2;1;0;0;0;0;0;0;0;0;-38,502587;-3,735956;;;
262981;9;11;2015;15:00;17359;AV PRO GOMES DE MATOS;RUA IRM BAZET;;;;Tombamento;Luz do Dia;Bom;Seca;Cruz;Pare;Residencial;0;0;2;1;0;0;0;0;0;0;0;0;-38,549810;-3,766045;;;
262977;9;11;2015;08:00;25156;RUA PERU;RUA 15 DE NOVEMBRO;;;;Colisão Lateral;Luz do Dia;Nublado;Seca;Cruz;Pare;Residencial;0;0;2;1;0;0;1;0;0;0;0;0;-38,550374;-3,770914;;;
262957;9;11;2015;11:20;19708;RUA PRO LINO ENCARNACAO;RUA GUSTAVO SAMPAIO;;;;Colisão Transversal;Luz do Dia;Bom;Seca;Cruz;Pare;Comercial;0;0;2;1;0;0;0;0;0;0;0;0;-38,561651;-3,736332;;;
262958;9;11;2015;07:20;11768;AV PRS CASTELO BRANCO;AV FILOMENO GOMES;;;;Colisão;Luz do Dia;Bom;Seca;Cruz;Semáforo;Comercial;0;0;2;1;0;0;0;0;0;1;0;0;-38,541982;-3,715542;;;
262959;9;11;2015;10:00;242;RUA GAL BERNARDO FIGUEIREDO;RUA COS ALVARO DE OLIVEIRA;;;;Colisão Transversal;Luz do Dia;Bom;Seca;Cruz;Pare;Residencial;0;1;1;0;0;0;1;0;0;1;0;0;-38,555261;-3,740373;;;
262960;9;11;2015;19:00;1705;RUA CAP VASCONCELOS D46;RUA TEN ROMA;;;;Colisão Lateral;Via Iluminada;Bom;Seca;Cruz;Pare;Residencial;0;0;2;1;0;0;0;0;0;0;0;0;-38,516588;-3,768197;;;
262961;9;11;2015;14:00;5357;RUA MAJ FACUNDO;RUA PEDRO I;;;;Colisão Transversal;Luz do Dia;Bom;Seca;Cruz;Pare;Comercial;0;0;2;1;0;0;0;0;0;0;0;0;-38,528990;-3,731113;;;
262962;9;11;2015;13:30;1373;RUA CEL LINHARES;RUA MARIA TOMASIA;;;;Colisão Lateral;Luz do Dia;Bom;Seca;Cruz;Pare;Comercial;0;0;2;1;0;0;0;0;0;0;0;0;-38,494134;-3,736485;;;
262963;9;11;2015;18:00;5415;RUA FLORIANO PEIXOTO;RUA GAL CLARINDO DE QUEIROZ;;;;Colisão Transversal;Via Iluminada;Bom;Seca;Cruz;Pare;Comercial;0;2;0;0;0;0;0;0;0;1;0;0;-38,529027;-3,733049;;;
262974;9;11;2015;09:30;12817;AV PRO GOMES DE MATOS;RUA DELMIRO FARIAS;;;;Colisão Lateral;Luz do Dia;Bom;Seca;T;Pare;Comercial;0;0;2;1;1;0;0;0;0;0;0;0;-38,541034;-3,755817;;;
263032;9;11;2015;12:00;7766;AV ANTONIO SALES;RUA TIBURCIO CAVALCANTE;;;;Choque c/ Obstáculo Fixo;Luz do Dia;;;Cruz;Semáforo;Comercial;0;0;2;1;0;0;0;0;0;0;0;0;-38,505333;-3,744543;;;
263033;9;11;2015;18:00;13586;RUA CAP GUSTAVO;RUA ANTONIO FURTADO;;;;Colisão Transversal;Via Iluminada;Bom;Seca;T;Pare;Residencial;0;0;2;1;0;0;0;0;0;0;0;0;-38,517333;-3,752095;;;
263029;9;11;2015;11:40;8652;AV EDILSON B SOARES;RUA MARIO ALENCAR ARARIPE;;;;Colisão Transversal;Luz do Dia;Bom;Seca;T;Pare;Escola;0;0;2;1;0;0;1;0;0;0;0;0;-38,478792;-3,789298;;;
263037;9;11;2015;18:30;9136;RUA MON OTAVIO CASTRO;RUA BONFIM SOBRINHO;;;;Colisão Lateral;Via Iluminada;Bom;Seca;T;Semáforo;Comercial;0;0;2;1;1;0;0;0;0;0;0;0;-38,526287;-3,751367;;;
263035;9;11;2015;21:30;0;AV DOMINGOS OLIMPIO;;;;;Colisão Traseira;Via Iluminada;Bom;Seca;Outros;Outros;Comercial;0;0;2;1;0;0;0;0;0;0;0;0;;;;;
263023;9;11;2015;08:40;12836;AV DOMINGOS OLIMPIO;RUA BAR ARATANHA;;;;Colisão Traseira;Luz do Dia;Bom;Seca;Cruz;Semáforo;Comercial;0;0;3;1;0;0;0;0;0;0;0;0;-38,527953;-3,737562;;;
263016;9;11;2015;;0;AV DR SILAS MUNGUBA;;;4392;;Colisão Transversal;Via Iluminada;Bom;Seca;Meio de Quadra;Pare;Misto;0;2;1;1;0;0;0;0;0;1;0;0;-38,535227;-3,792890;;;
263003;9;11;2015;18:30;12833;AV EDUARDO GIRAO;RUA DAMASCENO GIRAO;;;;Colisão Lateral;Via Iluminada;Bom;Seca;Cruz;Semáforo;Comercial;0;1;1;1;0;0;0;0;0;1;0;0;-38,539292;-3,749257;;;
262999;9;11;2015;07:45;0;AV GOV RAUL BARBOSA;;;300;;Colisão Lateral;Luz do Dia;Bom;Seca;Meio de Quadra;Não Há Controle;Residencial;0;1;1;1;0;0;0;0;0;1;0;0;-38,504555;-3,756858;;;
262997;9;11;2015;09:40;13593;AV PONTES VIEIRA;RUA FIS VIEIRA;;;;Colisão Traseira;Luz do Dia;Bom;Seca;Com Via Férrea;Não Há Controle;Comercial;0;0;2;1;1;0;0;0;0;0;0;0;-38,516023;-3,753016;;;
262992;9;11;2015;20:00;25476;AV JOSE LEON;RUA CHICO LEMOS;;;;Colisão Lateral;Mal Iluminada;Bom;Seca;T;Não Há Controle;Comercial;0;1;1;1;0;0;0;0;0;1;0;0;-38,500540;-3,788133;;;
266152;9;11;2015;20:17;21370;AV JOVITA FEITOSA;RUA TORRES PORTUGAL;;;;Engavetamento;;;;;;;0;0;4;1;0;0;0;0;0;0;0;0;-38,545496;-3,737590;;;
259364;9;11;2015;09:55;0;RD BR 116;;;7000;KM-07;Choque c/ Obstáculo Fixo;Luz do Dia;Bom;Seca;Meio de Quadra;Não Há Controle;Comercial;0;1;0;1;0;0;0;0;0;0;0;0;-38,501101;-3,813246;;;
268420;9;11;2015;00:43;0;RUA OSCAR ARARIPE;;;1221;;Atropelamento;;;;Meio de Quadra;;;0;0;1;0;0;0;0;0;0;0;0;0;-38,602298;-3,790244;;;
268427;9;11;2015;00:54;0;AV DR SILAS MUNGUBA;;;2686;;Colisão;;;;Meio de Quadra;;;0;1;1;0;0;0;0;0;0;1;0;0;-38,549737;-3,786619;;;
268430;9;11;2015;03:35;0;AV GAL OSORIO DE PAIVA;;;5723;;Queda;;;;Meio de Quadra;;;0;1;0;0;0;0;0;0;0;1;0;0;-38,604272;-3,806982;;;
268434;9;11;2015;09:59;12620;RUA TULIPA;RUA COS LAFAYETE;;;;Atropelamento;Luz do Dia;;;Cruz;Pare;Residencial;0;1;1;0;0;0;0;0;0;1;0;0;-38,580936;-3,718159;;;
268436;9;11;2015;10:41;2706;RUA OSCAR FRANCA;RUA CEL VIRGILIO NOGUEIRA (BOM JARDIM);;;;Colisão;Luz do Dia;;;Cruz;Pare;Residencial;0;1;0;0;0;0;1;0;0;1;0;0;-38,608784;-3,788936;;;
268462;9;11;2015;18:41;0;AV ZEZE DIOGO;;;969;;Atropelamento;;;;Meio de Quadra;;;0;1;0;0;0;0;0;0;0;1;0;0;-38,465385;-3,715516;;;
268469;9;11;2015;19:15;0;RUA TEODOMIRO DE CASTRO;;;4507;;Colisão;;;;Meio de Quadra;;;0;1;0;0;0;0;0;0;0;0;0;0;-38,573285;-3,718247;;;
268465;9;11;2015;19:04;0;RUA C (LOT PRQ ARACAPE);;;350;;Atropelamento;;;;Meio de Quadra;;;0;1;0;1;0;0;0;0;0;0;0;0;;;;;
268460;9;11;2015;18:22;0;RUA ALUISIO AZEVEDO;;;417;;Atropelamento;Anoitecer;;;Meio de Quadra;;;0;1;0;1;0;0;0;0;0;0;0;0;-38,576768;-3,771478;;;
268453;9;11;2015;16:21;0;AV SGT HERMINIO SAMPAIO;;;3980;;Atropelamento;Luz do Dia;;;Meio de Quadra;;;0;1;0;0;0;0;0;0;0;1;0;0;-38,576287;-3,730352;;;
268455;9;11;2015;17:29;0;AV PRUDENTE BRASIL;;;154;;Colisão;Anoitecer;;;Meio de Quadra;;;0;1;0;1;0;0;0;0;0;1;0;0;-38,532561;-3,804199;;;
268457;9;11;2015;17:37;0;RUA GAL CLARINDO DE QUEIROZ;;;;;Colisão;Anoitecer;;;Meio de Quadra;;;0;1;0;1;0;0;0;0;0;1;0;0;;;;;
268441;9;11;2015;12:14;0;RUA RIO GRANDE DO SUL;;;1276;;Colisão;Luz do Dia;;;Meio de Quadra;;;0;1;0;0;0;0;0;0;0;0;0;0;-38,568060;-3,759397;;;
268439;9;11;2015;11:02;0;RUA CON DE CASTRO;;;4208;;Colisão;Luz do Dia;;;Meio de Quadra;;;0;1;0;0;0;0;0;0;0;0;0;0;-38,589796;-3,802585;;;
268444;9;11;2015;12:28;24372;RUA ALM RUFINO;AV LUCIANO CARNEIRO;;;;Colisão;Luz do Dia;;;Cruz;Semáforo;Comercial;0;1;0;1;0;0;0;0;0;1;0;0;-38,537195;-3,766580;;;
268447;9;11;2015;14:29;0;AV DR SILAS MUNGUBA;;;1357;;Queda;Luz do Dia;;;Meio de Quadra;;;0;1;0;0;0;0;0;0;0;1;0;0;-38,554336;-3,783334;;;
270525;9;11;2015;13:40;0;AV MIN JOSE AMERICO;;;;CAMBEBA;Colisão;Luz do Dia;;Seca;Meio de Quadra;;;0;1;2;1;0;0;0;0;0;1;0;0;;;;;
270543;10;11;2015;12:00;0;RD CE-040;;;;KM-03;Colisão;Luz do Dia;;Seca;Meio de Quadra;;;0;1;1;1;0;0;0;0;0;0;0;0;-38,481014;-3,783185;;;
270551;10;11;2015;15:00;0;RD CE-040;;;;KM-02;Colisão;Luz do Dia;;Seca;Meio de Quadra;;;0;0;2;1;0;0;1;0;0;0;0;0;-38,481598;-3,776479;;;
270558;10;11;2015;17:00;0;RD CE-040;;;;KM-05;Colisão;Anoitecer;;Seca;Meio de Quadra;;;0;0;2;1;0;0;0;0;0;1;0;0;-38,480349;-3,790876;;;
268478;10;11;2015;10:26;0;AV JOSE LEON;;;1140;;Colisão;Luz do Dia;;;Meio de Quadra;;;0;1;0;1;0;0;0;0;0;1;0;0;-38,501005;-3,788018;;;
268482;10;11;2015;11:33;0;AV CONTORNO NORTE D71;;;1748;;Colisão;Luz do Dia;;;Meio de Quadra;;;0;1;0;1;0;0;0;0;0;1;0;0;;;;;
268498;10;11;2015;13:32;0;AV RAD JOSE LIMA VERDE;;;;;Colisão;Luz do Dia;;;Meio de Quadra;;;0;1;0;0;0;0;0;0;0;0;0;0;;;;;
268494;10;11;2015;13:23;0;AV FRANCISCO SA;;;;;Colisão;Luz do Dia;;;Meio de Quadra;;;0;1;0;0;0;0;0;0;0;1;0;0;;;;;
268487;10;11;2015;11:51;0;AV CEL CARVALHO;;;115;;Colisão;Luz do Dia;;;Meio de Quadra;;;0;1;0;1;0;0;0;0;0;1;0;0;-38,591419;-3,703972;;;
268501;10;11;2015;14:22;17359;AV PRO GOMES DE MATOS;RUA IRM BAZET;;;;Colisão;Luz do Dia;;;Cruz;Pare;Residencial;0;1;0;1;0;0;0;0;0;1;0;0;-38,549810;-3,766045;;;
259371;10;11;2015;07:20;0;RD BR 116;;;14000;KM-14;Colisão Transversal;Luz do Dia;Bom;Seca;Meio de Quadra;Não Há Controle;Comercial;0;1;1;1;0;1;0;0;0;0;0;0;-38,499242;-3,873523;;;
259376;10;11;2015;17:00;0;RD BR 116;;;14000;KM-14;Atropelamento;Anoitecer;Bom;Seca;Meio de Quadra;Não Há Controle;Comercial;2;1;0;0;0;0;0;0;0;1;0;0;-38,499242;-3,873523;;;
259373;10;11;2015;12:10;0;RD BR 116;;;8000;KM-08;Atropelamento;Luz do Dia;Bom;Seca;Meio de Quadra;Não Há Controle;Comercial;0;1;1;0;0;0;1;0;0;0;0;0;-38,503269;-3,822018;;;
259374;10;11;2015;16:35;0;RD BR 116;;;11000;KM-11;Colisão Traseira;Luz do Dia;Bom;Seca;Meio de Quadra;Não Há Controle;Comercial;0;1;1;0;0;0;1;0;0;1;0;0;-38,497176;-3,847160;;;
259378;10;11;2015;12:00;0;RD BR 116;;;8000;KM-08;Colisão Traseira;Luz do Dia;Bom;Seca;Meio de Quadra;Não Há Controle;Comercial;0;0;2;1;0;0;0;0;0;0;0;0;-38,503269;-3,822018;;;
259379;10;11;2015;19:00;0;RD BR 116;;;2000;KM-02;Colisão Lateral;Via Iluminada;Bom;Seca;Meio de Quadra;Não Há Controle;Comercial;0;1;1;0;1;0;1;0;0;0;0;0;-38,516780;-3,771391;;;
268567;10;11;2015;20:48;0;AV BEIRA MAR;;;;;Queda;;;;Meio de Quadra;;;0;1;0;0;0;1;0;0;0;0;0;0;;;;;
268541;10;11;2015;16:56;0;RUA A CJ ITAPERI;;;194;;Atropelamento;Luz do Dia;;;Meio de Quadra;;;0;1;0;0;0;0;0;0;0;1;0;0;;;;;
268552;10;11;2015;17:01;0;RD BR 116;;;13000;KM-13;Atropelamento;Anoitecer;;;Meio de Quadra;;;0;1;0;0;0;0;0;0;0;1;0;0;-38,497727;-3,864670;;;
268557;10;11;2015;17:36;0;RUA BOM JESUS (JD DAS OLIVEIRAS);;;1841;;Atropelamento;Anoitecer;;;Meio de Quadra;;;0;1;0;0;0;0;0;0;0;1;0;0;;;;;
268555;10;11;2015;17:20;0;AV DES GONZAGA;;;487;;Colisão;Anoitecer;;;Meio de Quadra;;;0;1;0;1;0;0;0;0;0;1;0;0;-38,500679;-3,795470;;;
268561;10;11;2015;19:19;9334;RUA GRACA ARANHA;RUA COELHO NETO;;;;Colisão;;;;Cruz;Pare;Residencial;0;1;1;1;0;0;0;0;0;1;0;0;-38,575966;-3,715976;;;
268563;10;11;2015;19:53;8954;AV DOMINGOS OLIMPIO;RUA DOM JERONIMO D06;;;;Colisão;;;;Cruz;Pare;Residencial;0;1;0;1;0;0;0;0;0;1;0;0;-38,543457;-3,733201;;;
266169;10;11;2015;23:33;2729;RUA CEL VIRGILIO NOGUEIRA (BOM JARDIM);RUA CEL JOAO CORREIA;;;;Colisão;Luz do Dia;;;Cruz;Não Há Controle;Residencial;0;0;2;1;0;0;0;0;0;1;0;0;;;;;
263042;10;11;2015;20:15;0;AV RUI BARBOSA;;;192;;Colisão;;;;Meio de Quadra;;;0;0;2;1;0;0;0;0;0;0;0;0;-38,505856;-3,724934;;;
263039;10;11;2015;10:00;0;AV PRS COSTA E SILVA;;;997;;Choque c/ Obstáculo Fixo;Luz do Dia;;;Meio de Quadra;;;0;0;1;1;0;0;0;0;0;0;0;0;-38,570437;-3,813253;;;
263067;10;11;2015;18:20;0;RUA BENI DE CARVALHO;;;796;;Colisão Traseira;Via Iluminada;Bom;Seca;Meio de Quadra;Não Há Controle;Comercial;0;0;2;1;0;0;0;0;0;0;0;0;-38,493191;-3,746592;;;
263045;10;11;2015;18:15;0;RUA DES JOSE GIL DE CARVALHO;;;;;Colisão Traseira;Amanhecer;Bom;Seca;Meio de Quadra;Não Há Controle;Residencial;0;0;2;1;1;0;0;0;0;0;0;0;;;;;
263046;10;11;2015;22:00;5743;RUA VIRGILIO PAES;RUA MANUEL MONTEIRO;;;;Colisão Lateral;Via Iluminada;Bom;Seca;Cruz;Pare;Residencial;0;0;2;1;0;0;0;0;0;0;0;0;-38,494302;-3,796546;;;
263056;10;11;2015;16:20;3771;AV DOMINGOS OLIMPIO;AV DA UNIVERSIDADE;;;;Colisão Transversal;Luz do Dia;Bom;Seca;Cruz;Semáforo;Comercial;0;0;2;1;0;0;0;0;0;0;0;0;-38,534216;-3,735594;;;
263057;10;11;2015;20:00;0;AV DR THEBERGE;;;2406;;Colisão Traseira;Via Iluminada;Bom;Seca;Meio de Quadra;Não Há Controle;Comercial;0;0;2;1;0;0;0;0;0;0;0;0;-38,567662;-3,722924;;;
263058;10;11;2015;17:00;0;AV DR SILAS MUNGUBA;;;3415;;Atropelamento;Luz do Dia;Bom;Seca;Meio de Quadra;Não Há Controle;Comercial;1;3;0;0;0;0;0;0;0;1;0;0;-38,543234;-3,789391;;;
263059;10;11;2015;18:00;8652;AV EDILSON B SOARES;RUA MARIO ALENCAR ARARIPE;;;;Colisão Transversal;Anoitecer;Bom;Seca;T;Semáforo;Escola;0;0;2;1;0;0;0;0;0;0;0;0;-38,478792;-3,789298;;;
263060;10;11;2015;19:00;0;AV EDILSON B SOARES;;;1600;;Engavetamento;Via Iluminada;Bom;Seca;Meio de Quadra;Pare;Escola;0;0;3;1;0;0;0;0;0;0;0;0;-38,471207;-3,788652;;;
263061;10;11;2015;12:45;0;RUA CEL JOAO CORREIA;;;;;Colisão Lateral;Luz do Dia;Bom;Seca;Meio de Quadra;;Residencial;0;1;1;1;0;0;0;0;0;0;0;0;;;;;
263062;10;11;2015;14:30;19269;RUA PRO GOMES BRASIL;RUA MARACANA;;;;Engavetamento;Luz do Dia;Bom;Seca;Cruz;Pare;Comercial;0;0;3;1;1;0;0;0;0;0;0;0;-38,568438;-3,772840;;;
263063;10;11;2015;18:00;6745;RUA BENTO ALBUQUERQUE;RUA PRO OTAVIO LOBO;;;;Colisão Transversal;Via Iluminada;Bom;Seca;Cruz;Semáforo;Residencial;0;0;2;1;0;0;0;0;0;0;0;0;-38,479196;-3,745035;;;
263071;10;11;2015;12:55;3956;RUA JULIO CESAR D12;RUA PEDRO MACHADO;;;;Colisão Transversal;Luz do Dia;;;Cruz;Pare;Residencial;0;1;1;1;0;0;0;0;0;1;0;0;-38,548095;-3,756102;;;
263074;10;11;2015;19:30;11242;AV DR SILAS MUNGUBA;RUA DUARTE PIMENTEL;;;;Colisão Lateral;Via Iluminada;Bom;Seca;T;Pare;Comercial;0;0;2;1;0;0;0;0;0;0;0;0;-38,542917;-3,789499;;;
263077;10;11;2015;14:00;1527;RUA OSVALDO CRUZ (ALDEOTA);RUA CAROLINA SUCUPIRA;;;;Colisão Transversal;Luz do Dia;Bom;Seca;Cruz;Pare;Residencial;0;0;3;1;0;0;0;0;0;0;0;0;-38,501914;-3,740552;;;
263082;10;11;2015;10:00;0;AV BORGES DE MELO;;;201;;Colisão Traseira;Luz do Dia;Bom;Seca;Meio de Quadra;Não Há Controle;Comercial;0;0;3;1;0;0;0;0;0;0;0;0;-38,519958;-3,761351;;;
263086;10;11;2015;14:00;0;AV PRO GOMES DE MATOS;;;;;Colisão Transversal;Luz do Dia;;;Meio de Quadra;;;0;1;1;1;0;0;0;0;0;1;0;0;;;;;
263110;10;11;2015;11:20;0;AV CONTORNO LESTE;;;1660;;Colisão Lateral;Luz do Dia;;;Meio de Quadra;;;1;0;1;1;0;0;0;0;0;1;0;0;;;;;
263121;10;11;2015;09:54;0;AV CONTORNO NORTE D71;;;1748;;Atropelamento;Luz do Dia;Bom;Seca;Meio de Quadra;Não Há Controle;Residencial;0;1;1;0;1;0;0;0;0;0;0;0;;;;;
263127;10;11;2015;20:00;11932;AV CASTELO DE CASTRO;AV PRS COSTA E SILVA;;;;Colisão Lateral;;;;Cruz;Semáforo;Misto;0;1;1;1;0;0;0;0;0;1;0;0;-38,521435;-3,829012;;;
263128;10;11;2015;21:20;0;AV DOS EXPEDICIONARIOS;;;9978;;Colisão Transversal;;;;Meio de Quadra;;;0;0;2;1;0;0;0;0;0;0;0;0;-38,553648;-3,806096;;;
263129;10;11;2015;18:00;0;RUA BETEL;;;1543;;Colisão Lateral;Via Iluminada;Bom;Seca;Meio de Quadra;Não Há Controle;Residencial;0;1;1;1;0;0;0;0;0;1;0;0;;;;;
263130;10;11;2015;11:15;0;AV 13 DE MAIO;;;1251;;Colisão Traseira;Luz do Dia;;;Meio de Quadra;;;0;0;2;1;0;0;0;0;0;0;0;0;-38,530043;-3,748709;;;
263131;10;11;2015;18:30;0;RUA GAL SAMPAIO;;;;;Colisão Lateral;Anoitecer;;;Meio de Quadra;;;0;0;3;1;0;0;0;0;0;0;0;0;;;;;
263132;10;11;2015;16:15;26230;AV PRS CASTELO BRANCO;RUA BORIS;;;;Colisão Traseira;Luz do Dia;Bom;Seca;Cruz;Não Há Controle;Comercial;0;0;2;1;0;0;0;0;0;0;0;0;-38,521056;-3,723228;;;
263133;10;11;2015;20:00;22940;RUA BERNARDO MANUEL;RUA JAPI;;;;Colisão Transversal;Via Iluminada;Bom;Seca;Cruz;Pare;Misto;0;2;0;0;0;0;0;0;0;1;0;0;-38,546927;-3,784073;;;
263134;10;11;2015;13:00;15131;RUA BAR ARACATI;RUA DR ATUALPA BARBOSA LIMA (P. IRACEMA);;;;Colisão Lateral;Luz do Dia;;;Cruz;Pare;Comercial;0;0;2;1;0;0;0;0;0;0;0;0;-38,509026;-3,723765;;;
263108;10;11;2015;08:30;5346;RUA JOAO CORDEIRO;AV SANTOS DUMONT;;;;Colisão Transversal;Luz do Dia;;;Cruz;Semáforo;Comercial;0;1;1;1;0;0;0;0;1;0;0;0;-38,514781;-3,730878;;;
263104;10;11;2015;05:45;15269;AV RUI BARBOSA;RUA TEN BENEVOLO;;;;Colisão Transversal;Amanhecer;Bom;Seca;Cruz;Semáforo;Residencial;0;0;2;1;0;0;0;0;0;0;0;0;-38,507048;-3,728685;;;
263097;10;11;2015;20:00;8954;AV DOMINGOS OLIMPIO;RUA DOM JERONIMO D06;;;;Colisão Transversal;Via Iluminada;Bom;Seca;Cruz;Pare;Residencial;0;1;1;1;0;0;0;0;0;1;0;0;-38,543457;-3,733201;;;
263100;10;11;2015;21:20;0;AV JOSE BASTOS;;;;;Colisão Lateral;;;;Meio de Quadra;;;0;0;2;1;0;0;0;0;0;0;0;0;;;;;
263094;10;11;2015;17:28;4087;AV FRANCISCO SA;RUA LUCAS PINTO;;;;Colisão Lateral;Anoitecer;;;Cruz;Não Há Controle;Comercial;0;0;2;1;1;0;0;0;0;0;0;0;-38,559268;-3,716763;;;
263092;10;11;2015;08:15;0;RUA MANUEL CASTELO BRANCO;;;585;;Colisão Lateral;Luz do Dia;Bom;Seca;Meio de Quadra;Não Há Controle;Comercial;0;0;2;1;0;0;0;0;0;0;0;0;;;;;
263145;10;11;2015;16:30;0;AV DES MOREIRA;;;;;Colisão Traseira;Luz do Dia;;;Meio de Quadra;;;0;0;2;1;1;0;0;0;0;0;0;0;;;;;
263142;10;11;2015;12:50;9050;RUA SOUSA GIRAO;RUA PDE MATOS SERRA;;;;Colisão Transversal;Luz do Dia;Bom;Seca;Cruz;Não Há Controle;Residencial;0;0;2;1;0;0;0;0;0;0;0;0;-38,524777;-3,743929;;;
263150;10;11;2015;08:07;9020;RUA SALDANHA MARINHO;RUA JAIME BENEVOLO;;;;Colisão Transversal;Luz do Dia;Bom;Seca;Cruz;Semáforo;Comercial;0;0;2;1;0;0;0;0;0;0;0;0;-38,528994;-3,743046;;;
263148;10;11;2015;21:20;24472;AV CEL CARVALHO;RUA RIO JURUA;;;;Colisão Lateral;;;;;Pare;Comercial;0;1;1;1;0;0;0;0;0;1;0;0;-38,590807;-3,706322;;;
263125;10;11;2015;14:15;0;AV PRS COSTA E SILVA;;;771;;Colisão Lateral;Luz do Dia;Bom;Seca;Meio de Quadra;Pare;Residencial;0;1;1;1;0;0;0;0;0;1;0;0;-38,572720;-3,812484;;;
263123;10;11;2015;16:30;5728;AV DES GONZAGA;RUA ANTONIO DE CASTRO;;;;Colisão Transversal;Luz do Dia;Bom;Seca;Cruz;Pare;Comercial;0;1;1;1;0;0;0;0;0;1;0;0;-38,500858;-3,795148;;;
263139;10;11;2015;19:30;19683;RUA PRO JOSE DE BARCELOS;RUA AZEVEDO BOLAO;;;;Colisão Lateral;;;;Cruz;Pare;Residencial;0;0;2;1;0;0;0;0;0;0;0;0;-38,550610;-3,735196;;;
272238;10;11;2015;16:07;0;AV SEN FERNANDES TAVORA;;;;;Colisão;Luz do Dia;;;Meio de Quadra;;;0;0;2;0;0;0;0;0;0;0;0;0;;;;;
272241;10;11;2015;19:19;0;AV SGT HERMINIO SAMPAIO;;;1728;;Colisão;;;;Meio de Quadra;;;0;0;2;0;0;0;0;0;0;0;0;0;-38,556218;-3,725590;;;
270139;10;11;2015;15:00;19330;RUA PERDIGAO DE OLIVEIRA;RUA STA LIGIA;;;;Colisão;Luz do Dia;;;Cruz;Não Há Controle;Misto;0;0;1;1;0;0;0;0;0;0;0;0;-38,573950;-3,775620;;;
272247;11;11;2015;07:34;0;AV JOR THOMAZ COELHO;;;2706;;Colisão;Luz do Dia;;;Meio de Quadra;;;0;0;2;0;0;0;0;0;0;0;0;0;-38,518827;-3,828319;;;
272249;11;11;2015;09:22;0;AV SGT HERMINIO SAMPAIO;;;1671;;Colisão;Luz do Dia;;;Meio de Quadra;;;0;0;2;0;0;0;0;0;0;0;0;0;-38,555562;-3,725452;;;
272286;11;11;2015;10:37;12863;AV DOMINGOS OLIMPIO;RUA FLORIANO PEIXOTO;;;;Colisão;Luz do Dia;;;Cruz;Não Há Controle;Comercial;0;0;2;0;0;0;0;0;0;0;0;0;-38,530313;-3,736976;;;
272284;11;11;2015;10:11;0;AV PRS CASTELO BRANCO;;;5427;;Colisão;Luz do Dia;;;Meio de Quadra;;;0;0;2;0;0;0;0;0;0;0;0;0;-38,579116;-3,704082;;;
272292;11;11;2015;14:42;1338;RUA TORRES CAMARA;AV BAR STUDART;;;;Colisão;Luz do Dia;;;Cruz;Semáforo;Comercial;0;0;2;0;0;0;0;0;0;0;0;0;-38,506944;-3,735624;;;
272295;11;11;2015;14:47;12925;AV DOMINGOS OLIMPIO;AV ANTONIO SALES;;;;Colisão;Luz do Dia;;;;;;0;0;2;0;0;0;0;0;0;0;0;0;-38,524628;-3,738683;;;
272302;11;11;2015;16:15;0;RUA TAB JOAO LOPES;;;;;Atropelamento;Luz do Dia;;;Meio de Quadra;;;0;0;2;0;0;0;0;0;0;0;0;0;;;;;
272288;11;11;2015;10:40;7760;AV ANTONIO SALES;RUA SILVA PAULET;;;;Colisão;Luz do Dia;;;Cruz;Pare;Misto;0;0;2;0;0;0;0;0;0;0;0;0;-38,508383;-3,743595;;;