COD_ACIDENTE;DIA;MES;ANO;HORA;INTERSECAO;LOG1;LOG2;LOG3;NUMERO;REFERENCIA;NATUREZA;ILUMINACAO;TEMPO;SUPERFICIEPISTA;TIPOCRUZAMENTO;CONTROLETRAFEGO;USOSOLO;MORTOS;FERIDOS;ILESOS;AUTOMOVEL;ONIBUS;BICICLETA;CAMINHAO;MICROONIBUS;CICLOMOTOR;MOTOCICLETA;TRACAOANIMAL;TREM;LONG;LAT;;;
272297;11;11;2015;15:02;0;RUA DIOGO CORREIA;;;6;;Colisão;Luz do Dia;;;Meio de Quadra;;;0;0;2;0;0;0;0;0;0;0;0;0;-38,588110;-3,775095;;;
272304;11;11;2015;17:19;22200;AV SGT HERMINIO SAMPAIO;RUA MAJ VERISSIMO;;;;Colisão;Anoitecer;;;Cruz;Pare;Comercial;0;0;2;0;0;0;0;0;0;0;0;0;-38,561327;-3,726516;;;
263162;11;11;2015;06:45;8647;AV EDILSON B SOARES;RUA PRO SOLON FARIAS;;;;Colisão Lateral;Luz do Dia;Nublado;Seca;Cruz;Pare;Residencial;0;1;1;1;0;0;0;0;0;1;0;0;-38,477116;-3,789155;;;
263160;11;11;2015;07:30;17338;RUA BAR SOBRAL;RUA ZACARIAS GONDIM;;;;Colisão Transversal;Luz do Dia;Nublado;Seca;Cruz;Pare;Residencial;0;0;2;1;0;0;0;1;0;0;0;0;-38,557307;-3,765280;;;
263156;11;11;2015;16:20;12849;RUA SALDANHA MARINHO;RUA ASSUNCAO;;;;Colisão Transversal;Luz do Dia;;;Cruz;Pare;Residencial;0;0;2;1;0;0;0;0;0;0;0;0;-38,531231;-3,742314;;;
263154;11;11;2015;11:15;1592;RUA CEL JUCA;RUA CAROLINA SUCUPIRA;;;;Colisão Lateral;Luz do Dia;Bom;Seca;Cruz;Pare;Residencial;0;1;1;1;0;0;0;0;0;1;0;0;-38,493114;-3,743389;;;
263198;11;11;2015;16:50;0;AV SEN FERNANDES TAVORA;;;;JOCKEY;Colisão Lateral;Via Iluminada;Bom;Seca;Meio de Quadra;Não Há Controle;Comercial;0;1;2;0;1;0;1;0;0;1;0;0;;;;;
263191;11;11;2015;07:05;1381;AV HERACLITO GRACA;RUA ILDEFONSO ALBANO;;;;Colisão Traseira;Luz do Dia;Bom;Seca;Duplo T;Semáforo;Comercial;0;1;1;1;0;0;0;0;1;0;0;0;-38,514339;-3,736795;;;
263193;11;11;2015;12:15;3199;RUA VITAL BRASIL;RUA VERBENA;;;;Colisão Lateral;Luz do Dia;Bom;Seca;Cruz;Semáforo;Comercial;0;1;1;1;0;0;0;0;0;1;0;0;-38,588650;-3,780666;;;
263206;11;11;2015;16:00;0;AV PONTES VIEIRA;;;855;;Colisão Lateral;Luz do Dia;Bom;Seca;Meio de Quadra;Não Há Controle;Comercial;0;0;3;1;1;0;0;0;0;0;0;0;-38,513460;-3,752724;;;
263182;11;11;2015;13:00;0;AV LINEU MACHADO;AV SEN FERNANDES TAVORA;;657;;Colisão Traseira;Luz do Dia;Bom;Seca;;;;0;0;2;1;0;0;0;0;0;0;0;0;-38,577037;-3,766158;;;
263180;11;11;2015;13:00;0;AV JOSE BASTOS;;;3612;;Colisão Traseira;Luz do Dia;;;Meio de Quadra;;;0;0;3;1;0;0;1;1;0;0;0;0;-38,551162;-3,750699;;;
263187;11;11;2015;02:30;1654;AV SEN VIRGILIO TAVORA;RUA BENI DE CARVALHO;;;;Colisão Transversal;Via Iluminada;Nublado;Seca;Cruz;Semáforo;Comercial;0;0;2;1;0;0;0;0;0;0;0;0;-38,500877;-3,744098;;;
263188;11;11;2015;11:00;19683;RUA PRO JOSE DE BARCELOS;RUA AZEVEDO BOLAO;;;;Colisão Transversal;Luz do Dia;Bom;Seca;Cruz;Pare;Residencial;0;0;2;1;0;0;0;0;0;0;0;0;-38,550610;-3,735196;;;
263185;11;11;2015;19:00;6724;AV SANTOS DUMONT;AV ENG SANTANA JUNIOR;;;;Colisão Lateral;Via Iluminada;Bom;Seca;Cruz;Não Há Controle;Comercial;0;0;2;1;0;0;0;0;0;0;0;0;-38,485132;-3,740506;;;
263165;11;11;2015;06:00;0;AV FRANCISCO SA;;;;;Colisão Lateral;Luz do Dia;;;Meio de Quadra;;;0;0;2;0;0;0;0;0;0;1;0;0;;;;;
263174;11;11;2015;19:10;0;AV ALBERTO CRAVEIRO;;;784;;Colisão Lateral;Via Iluminada;Bom;Seca;Meio de Quadra;Não Há Controle;Residencial;0;1;1;1;0;0;0;0;0;1;0;0;-38,516886;-3,783848;;;
263177;11;11;2015;09:40;0;RUA MON SALAZAR;;;774;;Colisão Lateral;Luz do Dia;Bom;Seca;Meio de Quadra;;Misto;0;1;1;1;0;0;0;0;0;1;0;0;-38,512535;-3,755966;;;
263218;11;11;2015;13:40;9231;RUA PDE BARBOSA DE JESUS;AV 13 DE MAIO;;;;Colisão Traseira;;Bom;Seca;Y;Pare;Comercial;0;0;2;1;0;0;0;0;0;0;0;0;-38,530523;-3,748302;;;
263219;11;11;2015;19:18;1527;RUA CAROLINA SUCUPIRA;RUA OSVALDO CRUZ (ALDEOTA);;;;Colisão Lateral;Via Iluminada;Bom;Seca;Cruz;Pare;Misto;0;0;2;1;0;0;0;0;0;0;0;0;-38,501914;-3,740552;;;
263228;11;11;2015;22:00;13507;RUA DR JOSE LOURENCO;RUA CEL ALVES TEIXEIRA;;;;Colisão Lateral;;;;Cruz;Não Há Controle;Comercial;0;0;2;1;0;0;0;0;0;0;0;0;-38,511496;-3,746256;;;
263229;11;11;2015;19:25;5406;RUA ANTONIO POMPEU;RUA PRC ISABEL;;;;Colisão Transversal;Via Iluminada;Bom;Seca;Cruz;Pare;Comercial;0;1;1;0;0;0;0;0;0;1;0;0;-38,537283;-3,732693;;;
263230;11;11;2015;10:30;12762;AV BORGES DE MELO;RUA JORGE DUMAR;;;;Colisão Traseira;Luz do Dia;Bom;Seca;Cruz;Semáforo;Comercial;0;0;3;1;0;0;0;0;0;0;0;0;-38,539369;-3,752695;;;
263231;11;11;2015;21:30;0;RUA GERMANO FRANCK;;;1565;;Colisão Lateral;;Bom;Seca;Meio de Quadra;Não Há Controle;Comercial;0;0;2;1;0;0;0;0;0;0;0;0;;;;;
266179;11;11;2015;09:23;0;AV ABOLICAO;RUA PEDRO RUFINO D48;;;;Colisão;Luz do Dia;;;;;;0;0;2;1;0;0;1;0;0;0;0;0;;;;;
266191;11;11;2015;13:45;0;AV JOSE BASTOS;;;;;Colisão;Luz do Dia;;;Meio de Quadra;;;0;0;3;1;0;0;0;0;0;1;0;0;;;;;
268569;11;11;2015;02:12;0;RUA MACHADO DE ASSIS;;;332;;Queda;;;;Meio de Quadra;;;0;1;0;0;0;0;0;0;0;1;0;0;-38,548117;-3,749264;;;
268586;11;11;2015;07:20;2494;RUA GRACA ARANHA;AV 20 DE JANEIRO;;;;Colisão;Luz do Dia;;;;;;0;1;0;1;0;0;0;0;0;1;0;0;-38,573603;-3,709479;;;
268596;11;11;2015;12:15;23607;RUA BAR CRATO;RUA CAP NESTOR GOIS;;;;Colisão;Luz do Dia;;;Cruz;Pare;Misto;0;1;1;1;0;0;0;0;0;1;0;0;-38,561703;-3,721812;;;
268601;11;11;2015;13:36;0;AV OLIVEIRA PAIVA;;;1580;;Atropelamento;Luz do Dia;;;Meio de Quadra;;;0;1;0;1;0;0;0;0;0;0;0;0;-38,492445;-3,795697;;;
268598;11;11;2015;12:32;0;AV DES GONZAGA;;;;;Colisão;Luz do Dia;;;Meio de Quadra;;;0;1;0;1;0;0;0;0;0;1;0;0;;;;;
268592;11;11;2015;08:57;23430;RUA MON SALAZAR;RUA CAP MELO;;;;Colisão;Luz do Dia;;;Cruz;Semáforo;Misto;0;1;0;1;0;0;0;0;0;1;0;0;-38,513180;-3,756019;;;
268605;11;11;2015;15:21;0;AV RAD JOSE LIMA VERDE;;;991;;Colisão;Luz do Dia;;;Meio de Quadra;;;0;1;0;1;0;0;0;0;0;1;0;0;-38,588902;-3,700777;;;
268603;11;11;2015;13:49;0;AV BEIRA MAR;;;4344;;Atropelamento;Luz do Dia;;;Meio de Quadra;;;0;1;1;1;0;0;0;0;0;0;0;0;-38,482176;-3,722740;;;
268610;11;11;2015;18:01;6817;RUA BENTO ALBUQUERQUE;RUA FRANCISCO MATOS;;;;Colisão;Anoitecer;;;Cruz;Pare;Residencial;0;1;1;1;0;0;0;0;0;1;0;0;-38,470436;-3,747862;;;
268622;11;11;2015;19:34;0;AV SEN FERNANDES TAVORA;RUA ANTONIO IVO;;1060;;Colisão;;;;;;;0;1;1;1;0;0;0;0;0;1;0;0;-38,582357;-3,762080;;;
268612;11;11;2015;18:10;0;AV MIGUEL DIAS;;;50;;Colisão;Anoitecer;;;Meio de Quadra;;;0;1;0;0;0;0;0;0;0;1;0;0;-38,488333;-3,757824;;;
268616;11;11;2015;19:25;0;RUA OSCAR FRANCA;;;;;Colisão;;;;Meio de Quadra;;;0;1;0;0;0;0;0;0;0;0;0;0;;;;;
268629;11;11;2015;21:33;0;AV GAL OSORIO DE PAIVA;;;4617;;Colisão;;;;Meio de Quadra;;;0;1;0;0;0;0;0;0;0;1;0;0;-38,596697;-3,799201;;;
268631;11;11;2015;23:05;0;AV AUGUSTO DOS ANJOS;AV GAL OSORIO DE PAIVA;;;;Colisão;;;;;;;0;1;1;1;0;0;0;0;0;1;0;0;;;;;
268632;11;11;2015;23:21;0;RD BR 116;;;;;Colisão;;;;Meio de Quadra;;;0;1;0;0;0;0;0;0;0;1;0;0;;;;;
268618;11;11;2015;19:31;22353;AV BEZERRA DE MENEZES;RUA AMADEU FURTADO;;;;Queda;;;;Cruz;Semáforo;Comercial;0;1;0;0;0;0;0;0;0;1;0;0;-38,564151;-3,735601;;;
268627;11;11;2015;21:23;7907;AV PONTES VIEIRA;RUA VICENTE LEITE;;;;Queda;;;;Cruz;Semáforo;Comercial;0;1;0;0;0;0;0;0;0;1;0;0;-38,500282;-3,751180;;;
259381;11;11;2015;22:00;0;RD BR 116;;;7000;KM-07;Colisão Traseira;Via Iluminada;Bom;Seca;Meio de Quadra;Não Há Controle;Comercial;0;3;0;0;0;0;0;0;0;1;0;0;-38,501101;-3,813246;;;
259402;11;11;2015;14:15;0;RD BR 222;;;;KM-01;Colisão Lateral;Luz do Dia;Nublado;Seca;Meio de Quadra;Não Há Controle;Comercial;0;0;2;1;1;0;0;0;0;0;0;0;-38,577952;-3,737774;;;
270586;11;11;2015;17:30;0;RD CE-040;;;;KM-02;Colisão;Anoitecer;;Seca;Meio de Quadra;;;0;0;2;1;0;0;1;0;0;0;0;0;-38,481598;-3,776479;;;
270574;11;11;2015;15:10;0;RD CE-040;;;;KM-01;Choque c/ Obstáculo Fixo;Luz do Dia;;Seca;Meio de Quadra;;;0;0;1;1;0;0;0;0;0;0;0;0;-38,483270;-3,754877;;;
270576;11;11;2015;16:00;0;RD CE-040;;;;KM-06;Colisão;Luz do Dia;;Seca;Meio de Quadra;;;0;0;2;1;0;0;0;0;0;0;0;0;-38,478781;-3,811270;;;
270599;12;11;2015;07:30;0;RD CE-040;;;;KM-12;Colisão;Luz do Dia;;Seca;Meio de Quadra;;;0;1;1;1;0;0;1;0;0;0;0;0;-38,476237;-3,848945;;;
259384;12;11;2015;20:30;0;RD BR 116;AV JOSE LEON;;4000;KM-04;Colisão Traseira;Via Iluminada;Bom;Seca;;;;0;2;1;1;0;0;1;0;0;0;0;0;-38,510646;-3,788331;;;
263376;12;11;2015;08:30;9132;AV 13 DE MAIO;RUA JAIME BENEVOLO;;;;Colisão Traseira;Luz do Dia;Nublado;Seca;Cruz;Semáforo;Comercial;0;0;2;1;0;0;0;0;0;0;0;0;-38,530741;-3,748122;;;
263377;12;11;2015;07:20;1716;AV GOV RAUL BARBOSA;AV GAL MURILO BORGES;;;;Colisão Traseira;Luz do Dia;;;Cruz;Semáforo;Residencial;0;0;2;1;0;0;0;0;0;0;0;0;-38,508802;-3,763977;;;
263378;12;11;2015;16:00;12892;AV DOMINGOS OLIMPIO;RUA BAR RIO BRANCO;;;;Colisão Traseira;Luz do Dia;Bom;Seca;Cruz;Semáforo;Comercial;0;1;1;1;0;0;0;0;0;1;0;0;-38,531494;-3,736579;;;
263379;12;11;2015;15:15;0;RUA PESSOA ANTA;;;465;;Colisão Transversal;Luz do Dia;Bom;Seca;Meio de Quadra;Não Há Controle;Outros;0;0;2;1;0;0;1;0;0;0;0;0;;;;;
263380;12;11;2015;07:15;0;AV JOAO PESSOA;;;5000;;Colisão Lateral;Luz do Dia;;;Meio de Quadra;;;0;1;1;0;1;0;0;0;0;1;0;0;-38,552366;-3,755679;;;
263381;12;11;2015;08:00;21378;AV JOVITA FEITOSA;RUA PRO JOSE DE BARCELOS;;;;Colisão Traseira;Luz do Dia;Nublado;Seca;Cruz;Semáforo Intermitente;Comercial;0;1;1;1;0;0;0;0;0;1;0;0;-38,549933;-3,738516;;;
263391;12;11;2015;07:30;0;AV AGUANAMBI;;;1953;;Colisão Traseira;Luz do Dia;Chuva;Molhada;Meio de Quadra;Não Há Controle;Comercial;0;0;2;1;0;0;0;0;0;0;0;0;-38,523470;-3,754034;;;
263392;12;11;2015;22:00;0;AV ABOLICAO;;;4140;;Choque c/ Obstáculo Fixo;Via Iluminada;Bom;Seca;Meio de Quadra;;;0;1;1;1;1;0;0;0;0;0;0;0;-38,482007;-3,724203;;;
263393;12;11;2015;14:00;24982;AV ALM HENRIQUE SABOIA;RUA CAROLINA SUCUPIRA;;;;Colisão Lateral;Luz do Dia;Bom;Seca;T;Semáforo;Residencial;0;0;2;1;0;0;1;0;0;0;0;0;-38,490003;-3,744387;;;
263394;12;11;2015;16:50;9022;RUA BAR RIO BRANCO;RUA PDE ROMA;;;;Colisão Transversal;Luz do Dia;;;Cruz;;;0;2;0;0;0;0;0;0;0;1;0;0;-38,533796;-3,743790;;;
263395;12;11;2015;08:15;8954;AV DOMINGOS OLIMPIO;RUA DOM JERONIMO D06;;;;Colisão Lateral;Luz do Dia;;;Cruz;Pare;Residencial;0;1;1;1;0;0;0;0;0;0;0;0;-38,543457;-3,733201;;;
263396;12;11;2015;15:30;9033;RUA CEL SOLON;RUA DOM SEBASTIAO LEME;;;;Colisão Lateral;Luz do Dia;;;Cruz;Pare;Residencial;0;0;2;1;0;0;0;0;0;0;0;0;-38,526799;-3,742963;;;
263389;12;11;2015;07:15;17287;AV PRO GOMES DE MATOS;RUA VASCO DA GAMA;;;;Colisão Transversal;Luz do Dia;;;Cruz;Pare;Comercial;0;1;1;1;0;0;0;0;0;1;0;0;-38,547335;-3,763166;;;
268637;12;11;2015;06:14;0;AV JOR THOMAZ COELHO;;;;;Queda;Luz do Dia;;;Meio de Quadra;;;0;1;0;0;0;0;0;0;0;1;0;0;-38,509057;-3,829923;;;
268643;12;11;2015;06:24;2990;RUA MARIA JULIA;RUA JARDIM PARUARA;;;;Colisão;Luz do Dia;;;;;;0;1;0;1;0;0;0;0;0;1;0;0;-38,603305;-3,802123;;;
268740;12;11;2015;08:34;0;AV GAL OSORIO DE PAIVA;;;4467;;Colisão;Luz do Dia;;;Meio de Quadra;;;0;1;0;0;0;0;1;0;0;1;0;0;-38,595208;-3,797648;;;
268795;12;11;2015;17:22;0;AV PRS CASTELO BRANCO;;;;;Colisão;Anoitecer;;;Meio de Quadra;;;0;1;0;1;0;1;0;0;0;0;0;0;;;;;
268801;12;11;2015;18:06;0;RUA TEODOMIRO DE CASTRO;;;4154;;Atropelamento;Anoitecer;;;Meio de Quadra;;;0;1;0;0;0;0;0;0;0;1;0;0;-38,570867;-3,719499;;;
268799;12;11;2015;17:26;0;AV FRANCISCO SA;;;6449;;Colisão;Anoitecer;;;Meio de Quadra;;;0;1;0;0;0;0;0;0;0;0;0;0;-38,581647;-3,709004;;;
268820;12;11;2015;22:04;0;RUA MARIA QUINTELA;;;367;;Colisão;;;;Meio de Quadra;;;0;1;1;1;0;0;0;0;0;0;0;0;-38,584135;-3,776960;;;
268810;12;11;2015;18:44;0;RUA EMILIO DE MENESES;;;671;;Colisão;;;;Meio de Quadra;;;0;1;0;0;0;0;0;0;0;1;0;0;-38,587609;-3,781693;;;
268818;12;11;2015;19:32;0;AV GAL OSORIO DE PAIVA;;;;;Atropelamento;;;;Meio de Quadra;;;0;1;0;1;0;0;0;0;0;0;0;0;-38,595208;-3,797648;;;
268772;12;11;2015;16:00;0;AV GAL OSORIO DE PAIVA;;;;;Atropelamento;Luz do Dia;;;Meio de Quadra;;;0;1;0;0;0;0;0;0;0;0;0;0;-38,595208;-3,797648;;;
268767;12;11;2015;14:05;0;RUA JULIO SILVA;;;440;;Atropelamento;Luz do Dia;;;Meio de Quadra;;;0;1;0;1;0;0;0;0;0;0;0;0;;;;;
268761;12;11;2015;13:36;7650;AV CARNEIRO DE MENDONCA;RUA BELO HORIZONTE;;;;Colisão;Luz do Dia;;;Cruz;Pare;Misto;0;1;0;1;0;0;0;0;0;1;0;0;-38,567567;-3,763666;;;
268758;12;11;2015;13:06;12647;RUA ABELARDO FERREIRA;RUA ERETIDES ALENCAR;;;;Colisão;Luz do Dia;;;Cruz;Pare;Residencial;0;1;0;1;0;0;0;0;0;1;0;0;-38,582272;-3,719580;;;
268750;12;11;2015;11:04;0;AV PERIMETRAL;;;1291;;Colisão;Luz do Dia;;;Meio de Quadra;;;0;1;0;1;0;0;0;0;0;0;0;0;;;;;
268752;12;11;2015;12:14;0;AV PERIMETRAL;;;2719;;Colisão;Luz do Dia;;;Meio de Quadra;;;0;1;0;0;0;0;0;0;0;0;0;0;;;;;
268754;12;11;2015;12:22;0;RUA JOAQUIM FELICIO;;;;;Colisão;Luz do Dia;;;Meio de Quadra;;;0;1;0;1;0;0;0;0;0;0;0;0;;;;;
268729;12;11;2015;07:44;0;AV CARNEIRO DE MENDONCA;;;;;Queda;Luz do Dia;;;Meio de Quadra;;;0;1;0;0;0;0;0;0;0;1;0;0;;;;;
268736;12;11;2015;08:10;0;RUA CEL FABRICIANO;RUA SAO LUIZ DO OESTE;;2095;;Colisão;Luz do Dia;;;;;;0;1;1;1;0;0;0;0;0;1;0;0;-38,610274;-3,782082;;;
268719;12;11;2015;07:14;0;RUA STA ELISA D21;;;1019;;Queda;Luz do Dia;;;Meio de Quadra;;;0;1;0;0;0;0;0;0;0;1;0;0;-38,562209;-3,705462;;;
266194;12;11;2015;11:13;0;RUA BERNARDO MANUEL;;;;;Colisão;Luz do Dia;;;Meio de Quadra;;;0;0;2;1;0;0;0;0;0;0;0;0;;;;;
266321;12;11;2015;12:14;0;AV SORIANO ALBUQUERQUE;;;;;Colisão;Luz do Dia;;;Meio de Quadra;;;0;0;2;1;0;0;0;0;0;0;0;0;;;;;
266318;12;11;2015;12:11;6793;RUA SEBASTIAO DE ABREU;RUA SAMIR HILUY;;;;Colisão;Luz do Dia;;;;;;0;0;2;1;0;0;0;0;0;0;0;0;-38,480695;-3,748205;;;
268838;12;11;2015;22:05;0;AV SEN FERNANDES TAVORA;;;325;;Colisão;;;;Meio de Quadra;;;0;1;1;1;0;0;0;0;0;1;0;0;-38,574988;-3,766053;;;
268840;12;11;2015;22:19;0;AV CASTELO DE CASTRO;;;;;Atropelamento;;;;Meio de Quadra;;;0;1;0;1;0;0;0;0;0;0;0;0;;;;;
263250;12;11;2015;05:27;19732;RUA GUSTAVO SAMPAIO;RUA TIP SALES;;;;Colisão Lateral;Luz do Dia;Bom;Seca;Cruz;Pare;Residencial;0;0;2;1;0;0;0;0;0;0;0;0;-38,564917;-3,737013;;;
263237;12;11;2015;11:00;0;AV PRS CASTELO BRANCO;;;;;Colisão Traseira;Luz do Dia;;;Meio de Quadra;;;0;0;2;1;0;0;1;0;0;0;0;0;;;;;
263245;12;11;2015;16:30;26215;RUA E CJ JOSE WALTER;AV D CJ JOSE WALTER;;;;Colisão Lateral Sentido Oposto;Luz do Dia;;;;;;0;1;1;1;0;0;0;0;0;1;0;0;;;;;
263234;12;11;2015;07:00;23801;RUA COSTA FREIRE;RUA PLACIDO DE CASTRO;;;;Colisão Lateral;Luz do Dia;Bom;Seca;Cruz;Pare;Residencial;0;0;2;1;0;0;0;0;0;0;0;0;-38,584125;-3,791629;;;
263241;12;11;2015;08:30;5235;RUA PRC ISABEL;RUA PEDRO PEREIRA;;;;Colisão Transversal;Luz do Dia;Nublado;Seca;Cruz;Pare;Comercial;0;0;2;1;0;0;0;0;0;0;0;0;-38,535705;-3,727353;;;
263257;12;11;2015;14:20;0;AV AMERICO BARREIRA;;;;;Colisão Traseira;Luz do Dia;;;Meio de Quadra;;;0;0;3;1;0;0;0;0;0;0;0;0;;;;;
263264;12;11;2015;07:40;13070;AV JOAO DE ARAUJO LIMA;AV C CJ JOSE WALTER;;;;Colisão Transversal;Luz do Dia;Bom;Seca;Cruz;Semáforo;Residencial;0;0;2;1;0;0;0;0;0;0;0;0;-38,559368;-3,827604;;;
263266;12;11;2015;03:00;5374;AV DUQ CAXIAS;RUA BAR RIO BRANCO;;;;Colisão Lateral;Via Iluminada;Bom;Seca;Cruz;Não Há Controle;Comercial;0;1;1;0;0;0;0;0;0;1;0;0;-38,529947;-3,731774;;;
263267;12;11;2015;18:00;24452;AV LUCIANO CARNEIRO;AV LAURO VIEIRA CHAVES;;;;Colisão Transversal;Anoitecer;Bom;Seca;T;Pare;Residencial;0;0;2;1;1;0;0;0;0;0;0;0;-38,538894;-3,772172;;;
263268;12;11;2015;15:00;17582;RUA MARANHAO;RUA STA CATARINA (BELA VISTA / PAN AMERICANO);;;;Colisão Transversal;Luz do Dia;;;;;;0;0;2;1;0;0;0;0;0;0;0;0;-38,566283;-3,755315;;;
263269;12;11;2015;12:00;12880;RUA MES ROSA;RUA SOUSA GIRAO;;;;Colisão Lateral;Luz do Dia;;;Cruz;Pare;Residencial;0;0;2;1;1;0;0;0;0;0;0;0;-38,525184;-3,741568;;;
263270;12;11;2015;07:45;0;RUA MON SALAZAR;;;1170;;Colisão Traseira;Luz do Dia;Bom;Seca;Meio de Quadra;Outros;Misto;0;0;4;1;0;0;0;0;0;0;0;0;-38,509110;-3,755642;;;
263271;12;11;2015;15:25;0;AV BAR STUDART;;;1303;;Colisão Transversal;Luz do Dia;;;Meio de Quadra;;;0;0;2;1;0;0;0;0;0;0;0;0;-38,506968;-3,735702;;;
263272;12;11;2015;16:10;12572;RUA GEORGE CAVALCANTE;RUA PEDRO SAMPAIO;;;;Colisão Lateral;Luz do Dia;;;Cruz;Pare;Residencial;0;0;2;1;0;0;1;0;0;0;0;0;-38,593150;-3,724725;;;
263273;12;11;2015;08:30;15139;AV MON TABOSA;RUA BAR ARACATI;;;;Outros;Luz do Dia;;;Cruz;Pare;Comercial;0;0;2;1;0;0;0;0;0;0;0;0;-38,509158;-3,724226;;;
263274;12;11;2015;13:00;0;AV CEL CARVALHO;;;2010;;Atropelamento;Luz do Dia;;;Meio de Quadra;;;0;2;0;0;0;0;0;0;0;1;0;0;-38,587156;-3,720430;;;
263275;12;11;2015;13:10;0;AV CEL CARVALHO;;;2421;;Colisão Traseira;Luz do Dia;;;Meio de Quadra;;;0;0;2;1;0;0;0;0;0;0;0;0;-38,586277;-3,723717;;;
263259;12;11;2015;06:50;15882;RUA BAR AQUIRAZ;RUA PALESTINA D65;;;;Colisão Transversal;Luz do Dia;Bom;Seca;T;Não Há Controle;Residencial;0;1;2;1;0;0;0;0;0;1;0;0;-38,489417;-3,834964;;;
263369;12;11;2015;18:15;1490;RUA DES LEITE ALBUQUERQUE;RUA CEL JUCA;;;;Colisão Transversal;Via Iluminada;Bom;Seca;Cruz;Pare;Misto;0;1;1;1;0;0;0;0;0;1;0;0;-38,491875;-3,739434;;;
263370;12;11;2015;14:40;0;RUA OSVALDO CRUZ (ALDEOTA);;;;;Outros;Luz do Dia;;;;;;0;0;2;0;0;0;1;0;0;0;0;0;;;;;
263357;12;11;2015;08:00;21370;AV JOVITA FEITOSA;RUA TORRES PORTUGAL;;;;Colisão Traseira;Luz do Dia;;;;;;0;0;2;1;0;0;0;0;0;0;0;0;-38,545496;-3,737590;;;
263358;12;11;2015;10:00;0;RUA JOSE CANDIDO D08;;;89;;Queda;Luz do Dia;Bom;Seca;Meio de Quadra;Pare;Comercial;0;1;1;1;0;0;0;0;0;1;0;0;-38,550538;-3,725424;;;
263359;12;11;2015;07:45;21376;AV JOVITA FEITOSA;RUA PRO NOGUEIRA;;;;Engavetamento;Luz do Dia;Chuva;Molhada;Cruz;Pare;Comercial;0;0;3;1;0;0;0;0;0;0;0;0;-38,548839;-3,738280;;;
263360;12;11;2015;08:00;0;RUA ERICO MOTA;;;552;;Colisão Traseira;Luz do Dia;;;Meio de Quadra;;;0;0;2;1;1;0;0;0;0;0;0;0;-38,561832;-3,741018;;;
263361;12;11;2015;10:00;1378;RUA DES LEITE ALBUQUERQUE;RUA OSVALDO CRUZ (ALDEOTA);;;;Colisão Transversal;Luz do Dia;;;Cruz;Pare;Comercial;0;0;2;1;0;0;0;0;0;0;0;0;-38,500640;-3,736598;;;
263362;12;11;2015;12:10;0;AV PRS COSTA E SILVA;;;;;Colisão Traseira;Luz do Dia;;;Meio de Quadra;;;0;0;2;1;0;0;0;0;0;1;0;0;;;;;
263363;12;11;2015;13:30;20519;RUA CEL ANTONIO SAMPAIO;RUA JOAO CRISPIM D65;;;;Colisão Lateral;Luz do Dia;;;;;;0;0;2;0;0;0;1;0;0;0;0;0;-38,494080;-3,857131;;;
263349;12;11;2015;15:00;19657;AV BEZERRA DE MENEZES;RUA PRO RAIMUNDO ARRUDA;;;;Colisão Traseira;Luz do Dia;;;Cruz;Semáforo;Comercial;0;1;1;1;0;0;0;0;0;1;0;0;-38,552148;-3,733126;;;
272316;12;11;2015;01:30;0;RUA SEN JAGUARIBE;;;460;;Choque c/ Obstáculo Fixo;;;;Meio de Quadra;;;0;0;1;0;0;0;0;0;0;0;0;0;-38,527019;-3,722015;;;
272320;12;11;2015;01:34;0;RUA DO TRABALHADOR;;;;;Choque c/ Obstáculo Fixo;;;;Meio de Quadra;;;0;0;1;0;0;0;0;0;0;0;0;0;;;;;
272321;12;11;2015;08:11;0;AV ALBERTO CRAVEIRO;;;;;Colisão;Luz do Dia;;;Meio de Quadra;;;0;0;2;0;0;0;0;0;0;0;0;0;;;;;
272323;12;11;2015;12:10;0;RUA URUCUTUBA;;;2090;;Colisão;Luz do Dia;;;Meio de Quadra;;;0;0;2;0;0;0;0;0;0;0;0;0;-38,615604;-3,798657;;;
272325;12;11;2015;15:40;0;RUA GASPAR LEMOS;;;310;;Atropelamento;Luz do Dia;;;Meio de Quadra;;;1;0;1;1;0;0;0;0;0;0;0;0;-38,570296;-3,751780;;;
272326;12;11;2015;19:20;1601;RUA VIS MAUA;RUA PDE VALDEVINO;;;;Colisão;;;;Cruz;Pare;Misto;0;0;2;0;0;0;0;0;0;0;0;0;-38,501876;-3,743773;;;
272328;12;11;2015;20:06;0;RUA CON DE CASTRO;;;8736;;Choque c/ Obstáculo Fixo;;;;Meio de Quadra;;;0;0;1;0;0;0;0;0;0;0;0;0;-38,604268;-3,821426;;;
272329;12;11;2015;20:07;0;RUA BERNARDO MANUEL;;;8920;;Colisão;;;;Meio de Quadra;;;0;0;2;0;0;0;0;0;0;0;0;0;-38,551245;-3,798138;;;
270200;12;11;2015;22:00;17854;RUA MOURA MATOS;RUA 23 DE JUNHO;;;;Colisão;;;;;Não Há Controle;Comercial;0;1;0;1;0;0;0;0;0;1;0;0;-38,541644;-3,814122;;;