COD_ACIDENTE;DIA;MES;ANO;HORA;INTERSECAO;LOG1;LOG2;LOG3;NUMERO;REFERENCIA;NATUREZA;ILUMINACAO;TEMPO;SUPERFICIEPISTA;TIPOCRUZAMENTO;CONTROLETRAFEGO;USOSOLO;MORTOS;FERIDOS;ILESOS;AUTOMOVEL;ONIBUS;BICICLETA;CAMINHAO;MICROONIBUS;CICLOMOTOR;MOTOCICLETA;TRACAOANIMAL;TREM;LONG;LAT;;;
270191;12;11;2015;20:00;0;AV MIN JOSE AMERICO;;;;CAMBEBA;Colisão;;;;Meio de Quadra;;;0;1;0;1;0;0;0;0;0;0;0;0;;;;;
272521;13;11;2015;09:34;23026;RUA PARAGUACU D45;RUA LIBANIA (SERRINHA);;;;Colisão;Luz do Dia;;;;;;0;0;2;0;0;0;0;0;0;0;0;0;-38,540314;-3,789135;;;
272522;13;11;2015;10:14;0;RUA CON DE CASTRO;;;8542;;Colisão;Luz do Dia;;;Meio de Quadra;;;0;0;2;0;0;0;0;0;0;0;0;0;-38,602801;-3,819508;;;
272523;13;11;2015;10:43;0;RUA UMARIZEIRA;;;2019;;Colisão;Luz do Dia;;;Meio de Quadra;;;0;0;2;0;0;0;0;0;0;0;0;0;;;;;
272524;13;11;2015;11:19;0;AV A UI 307;;;;;Colisão;Luz do Dia;;;Meio de Quadra;;;0;0;2;0;0;0;0;0;0;0;0;0;;;;;
272525;13;11;2015;16:44;0;RUA BOM JESUS (GRANJA LISBOA);;;236;;Capotamento;Luz do Dia;;;Meio de Quadra;;;0;0;1;0;0;0;0;0;0;0;0;0;-38,595779;-3,796220;;;
272526;13;11;2015;11:58;6837;AV ANTONIO SALES;RUA SAO GABRIEL (COCO);;;;Colisão;Luz do Dia;;;T;Não Há Controle;Comercial;0;0;2;0;0;0;0;0;0;0;0;0;-38,492552;-3,748462;;;
272527;13;11;2015;12:07;0;RUA BAR SOBRAL;;;;;Colisão;Luz do Dia;;;Meio de Quadra;;;0;0;2;0;0;0;0;0;0;0;0;0;;;;;
272529;13;11;2015;16:27;13602;AV ROGACIANO LEITE;RUA DR THOMPSON BULCAO;;;;Colisão;Luz do Dia;;;;;;0;0;2;0;0;0;0;0;0;0;0;0;-38,496968;-3,767788;;;
272530;13;11;2015;16:27;0;AV F CJ JOSE WALTER;;;341;;Colisão;Luz do Dia;;;Meio de Quadra;;;0;0;2;0;0;0;0;0;0;0;0;0;-38,557004;-3,835871;;;
272531;13;11;2015;17:10;0;RUA FRANCISCO LEANDRO;;;36;;Colisão;Anoitecer;;;Meio de Quadra;;;0;0;2;0;0;0;0;0;0;0;0;0;-38,483481;-3,822277;;;
272532;13;11;2015;17:41;0;AV CARNEIRO DE MENDONCA;;;1856;;Colisão;Anoitecer;;;Meio de Quadra;;;0;0;2;0;0;0;0;0;0;0;0;0;-38,575258;-3,759843;;;
272533;13;11;2015;18:25;12819;AV PRO GOMES DE MATOS;RUA ANDRE CHAVES;;;;Colisão;Anoitecer;;;Cruz;Semáforo;Comercial;0;0;2;0;0;0;0;0;0;0;0;0;-38,541533;-3,756396;;;
268847;13;11;2015;02:16;0;RUA ALTO DAS PEDRINHAS;;;;;Queda;;;;Meio de Quadra;;;0;1;0;0;0;0;0;0;0;1;0;0;;;;;
268855;13;11;2015;06:44;0;RUA BAR AQUIRAZ;;;;;Colisão;Luz do Dia;;;Meio de Quadra;;;0;1;0;1;0;0;0;0;0;1;0;0;;;;;
268856;13;11;2015;08:13;0;RD CE-060;;;5833;KM-02;Colisão;Luz do Dia;;;Meio de Quadra;;;0;2;1;1;0;0;0;0;0;1;0;0;-38,579182;-3,825483;;;
268875;13;11;2015;09:39;0;AV DR SILAS MUNGUBA;;;858;;Colisão;Luz do Dia;;;Meio de Quadra;;;0;1;0;1;0;0;0;0;0;1;0;0;-38,558088;-3,780933;;;
263397;13;11;2015;19:00;17389;RUA ISAIE BORIS;RUA IRM BAZET;;;;Colisão Transversal;;;;;Pare;Comercial;0;1;1;1;0;0;0;0;0;1;0;0;-38,548585;-3,767093;;;
263398;13;11;2015;07:25;9084;RUA JUVENAL DE CARVALHO;RUA GUILHERME MOREIRA;;;;Colisão Transversal;Luz do Dia;;;Cruz;Pare;Residencial;0;0;2;1;0;0;0;0;0;0;0;0;-38,524706;-3,749973;;;
263421;13;11;2015;08:45;0;RUA JUNIOR ROCHA;;;;;Colisão Lateral;Luz do Dia;;;Meio de Quadra;;;0;0;2;1;0;0;0;0;0;0;0;0;;;;;
263410;13;11;2015;10:30;0;RUA DELMIRO FARIAS;;;661;;Colisão Traseira;Luz do Dia;;;Meio de Quadra;;;0;1;1;0;0;0;0;0;0;0;0;0;-38,545742;-3,751891;;;
263411;13;11;2015;11:30;0;AV DOMINGOS OLIMPIO;;;1608;;Colisão Traseira;Luz do Dia;;;Meio de Quadra;;;0;0;2;1;0;0;0;0;0;1;0;0;-38,537208;-3,734631;;;
263412;13;11;2015;14:30;17563;RUA AMAZONAS;RUA ESPIRITO SANTO;;;;Colisão Transversal;Luz do Dia;;;Cruz;Pare;Residencial;0;0;2;1;0;0;0;0;0;0;0;0;-38,567217;-3,751391;;;
263413;13;11;2015;07:20;14682;AV OLIVEIRA PAIVA;RUA DR JOSE FURTADO;;;;Colisão Transversal;Luz do Dia;Nublado;Seca;Cruz;Semáforo;Comercial;0;1;2;0;0;0;1;0;0;0;0;0;-38,488224;-3,796189;;;
263426;13;11;2015;10:40;6751;RUA PRO OTAVIO LOBO;RUA VILEBALDO AGUIAR;;;;Colisão Transversal;Luz do Dia;;;Cruz;Pare;Residencial;0;0;2;1;0;0;0;0;0;0;0;0;-38,478303;-3,743596;;;
263512;13;11;2015;15:40;0;RUA ARGEMIRO CARVALHO;;;;;Colisão Transversal;Luz do Dia;;;Meio de Quadra;;;0;0;2;1;0;0;0;0;0;0;0;0;;;;;
263513;13;11;2015;08:00;7694;RUA RIO GRANDE DO SUL;RUA RIO GRANDE DO NORTE;;;;Colisão Transversal;Luz do Dia;Bom;Seca;Cruz;Pare;Residencial;0;0;3;1;0;0;0;0;0;1;0;0;-38,567559;-3,758617;;;
263514;13;11;2015;19:30;5396;RUA SEN POMPEU;RUA GAL CLARINDO DE QUEIROZ;;;;Colisão Transversal;;;;Cruz;Semáforo;Comercial;0;0;2;1;0;0;0;0;0;0;0;0;-38,531279;-3,732353;;;
263515;13;11;2015;07:30;0;AV ALBERTO CRAVEIRO;;;2111;;Colisão Traseira;Luz do Dia;;;Meio de Quadra;;;0;0;2;1;0;0;0;0;0;0;0;0;-38,518813;-3,798843;;;
263516;13;11;2015;11:00;0;AV DR SILAS MUNGUBA;;;1520;;Colisão Traseira;Luz do Dia;Bom;Seca;Meio de Quadra;;Comercial;0;0;2;1;1;0;0;0;0;0;0;0;-38,553965;-3,783869;;;
263517;13;11;2015;16:00;10044;RUA EMILIO DE MENESES;RUA ANTONIO NERY;;;;Colisão Transversal;Luz do Dia;;;Cruz;Pare;Comercial;0;1;2;0;0;0;0;0;0;1;0;0;-38,600204;-3,778162;;;
263522;13;11;2015;21:10;0;AV GOV PARSIFAL BARROSO;;;;;Colisão Lateral;;;;Meio de Quadra;;;0;0;2;1;0;0;0;0;0;0;0;0;;;;;
263501;13;11;2015;20:30;0;AV GODOFREDO MACIEL;;;918;;Colisão Lateral;;;;Meio de Quadra;;;0;1;1;1;0;0;0;0;0;0;0;0;-38,566259;-3,784682;;;
263497;13;11;2015;19:30;0;AV ALBERTO CRAVEIRO;;;1973;;Colisão Traseira;;;;Meio de Quadra;;;0;1;1;1;0;0;0;0;0;1;0;0;-38,518520;-3,797471;;;
263494;13;11;2015;07:00;0;AV ENG LEAL LIMA VERDE (SAPIRANGA/COITE);;;;;Colisão Transversal;Luz do Dia;;;Meio de Quadra;;;0;0;2;1;0;0;0;0;0;0;0;0;;;;;
263619;13;11;2015;;8935;AV DOMINGOS OLIMPIO;RUA TEREZA CRISTINA;;;;Colisão Transversal;;;;Cruz;Semáforo;Residencial;0;0;2;1;1;0;0;0;0;0;0;0;-38,538883;-3,734086;;;
263623;13;11;2015;12:30;0;AV AGUANAMBI;;;;;Colisão;Luz do Dia;;;Meio de Quadra;;;0;0;2;0;1;0;0;1;0;0;0;0;;;;;
263554;13;11;2015;20:50;25062;AV DOS EXPEDICIONARIOS;RUA PDE AMBROSIO MACHADO;;;;Colisão Transversal;;;;Cruz;Pare;Misto;0;1;1;0;0;0;0;0;0;1;0;0;-38,539946;-3,760838;;;
263613;13;11;2015;16:45;9155;AV LUCIANO CARNEIRO;AV EDUARDO GIRAO;;;;Colisão Transversal;Luz do Dia;;;Cruz;Semáforo;Comercial;0;1;1;0;0;0;0;0;0;1;0;0;-38,532811;-3,752275;;;
263615;13;11;2015;16:00;0;AV PRS CASTELO BRANCO;;;255;BIBLIOTECA PÚBLICA;Colisão Frontal;Luz do Dia;;;Meio de Quadra;;;0;0;2;1;0;0;0;0;0;0;0;0;-38,520828;-3,723277;;;
263540;13;11;2015;13:30;814;RUA ASP MENDES;RUA CEL GONCALO D46;;;;Colisão Lateral;Luz do Dia;;;Cruz;Pare;Residencial;0;0;2;0;1;0;0;0;0;0;0;0;-38,513274;-3,773841;;;
263534;13;11;2015;08:20;7869;RUA BARBOSA DE FREITAS;RUA FRANCISCO HOLANDA;;;;Colisão Transversal;Luz do Dia;Nublado;Seca;Cruz;Pare;Comercial;0;0;3;1;0;0;0;0;0;0;0;0;-38,501555;-3,749671;;;
263527;13;11;2015;15:30;7899;AV ANTONIO SALES;RUA MON CATAO;;;;Colisão Transversal;Luz do Dia;;;Cruz;Pare;Comercial;0;0;2;1;0;0;0;0;0;0;0;0;-38,493642;-3,748174;;;
263531;13;11;2015;18:20;5063;AV PRS CASTELO BRANCO;RUA BAR RIO BRANCO;;;;Colisão Transversal;Anoitecer;;;T;Pare;Outros;0;1;1;1;0;0;0;0;0;1;0;0;-38,526642;-3,721459;;;
263524;13;11;2015;07:50;22089;RUA GUSTAVO BRAGA;RUA FRE MARCELINO;;;;Colisão;Luz do Dia;;;;;;0;1;1;1;0;1;0;0;0;0;0;0;-38,556125;-3,747811;;;
263504;13;11;2015;09:50;0;AV VIS RIO BRANCO;;;;;Colisão Traseira;Luz do Dia;;;Meio de Quadra;;;0;0;2;1;0;0;0;0;0;0;0;0;;;;;
263557;13;11;2015;16:40;0;RUA BERNARDO MANUEL;;;8929;;Queda;Luz do Dia;;;Meio de Quadra;;;0;1;1;1;0;0;0;0;0;1;0;0;-38,551112;-3,797691;;;
263558;13;11;2015;13:00;936;AV BORGES DE MELO;RUA CUMBICA;;;;Colisão Lateral;Luz do Dia;;;Cruz;Pare;Residencial;0;0;2;1;0;0;0;0;0;0;0;0;-38,520039;-3,761342;;;
263559;13;11;2015;08:00;12925;AV AGUANAMBI;AV ANTONIO SALES;;;;Colisão Lateral;Luz do Dia;;;;;;0;0;2;1;0;0;0;1;0;0;0;0;-38,524628;-3,738683;;;
263560;13;11;2015;15:00;0;AV ALBERTO CRAVEIRO;;;2505;;Colisão Transversal;Luz do Dia;Bom;Seca;Meio de Quadra;;Residencial;0;1;2;1;0;0;0;0;0;1;0;0;-38,520758;-3,802234;;;
263561;13;11;2015;15:30;0;AV CARAPINIMA;;;1631;;Colisão Lateral;Luz do Dia;;;Meio de Quadra;;;0;0;2;1;0;0;0;0;0;0;0;0;-38,536610;-3,736491;;;
263552;13;11;2015;10:10;1399;RUA FRE MANSUETO;RUA MARCOS MACEDO;;;;Colisão Transversal;Luz do Dia;;;Cruz;Pare;Comercial;0;1;1;1;0;0;0;0;0;0;0;0;-38,488546;-3,737071;;;
263549;13;11;2015;12:15;8934;AV DOMINGOS OLIMPIO;RUA PDE MORORO;;;;Colisão Transversal;Luz do Dia;;;Cruz;Pare;Residencial;0;1;1;1;0;0;0;0;0;1;0;0;-38,539949;-3,733752;;;
263547;13;11;2015;13:00;5099;AV TRISTAO GONCALVES;RUA SEN ALENCAR;;;;Colisão Transversal;Luz do Dia;;;Cruz;Pare;Comercial;0;1;1;1;0;0;0;0;0;1;0;0;-38,532122;-3,723524;;;
263543;13;11;2015;21:00;0;RUA PDE IBIAPINA;;;;;Colisão Transversal;;;;Meio de Quadra;;;0;0;2;1;0;0;0;0;0;0;0;0;;;;;
268889;13;11;2015;13:51;0;AV WASHINGTON SOARES;;;;;Atropelamento;Luz do Dia;;;Meio de Quadra;;;0;1;0;0;0;0;0;0;0;1;0;0;;;;;
268885;13;11;2015;12:51;19342;RUA GERMANO FRANCK;RUA SAMUEL GURGEL D41;;;;Queda;Luz do Dia;;;T;Pare;Comercial;0;1;0;0;0;0;0;0;0;1;0;0;-38,560519;-3,775974;;;
268927;13;11;2015;21:38;0;AV FRANCISCO SA;;;440;;Colisão;;;;Meio de Quadra;;;0;1;0;0;0;0;0;0;0;0;0;0;;;;;
268928;13;11;2015;21:49;10105;RUA MARIA JULIA;RUA GUSTAVO BARROSO;;;;Colisão;;;;Cruz;Pare;Comercial;0;1;0;0;0;0;0;0;0;0;0;0;-38,598031;-3,786307;;;
268925;13;11;2015;21:29;0;RUA PRO HERIBALDO COSTA;;;1898;;Colisão;;;;;;;0;1;0;0;0;0;0;0;0;0;0;0;;;;;
268909;13;11;2015;19:11;0;AV FRE CIRILO;;;4154;;Colisão;;;;Meio de Quadra;;;0;1;0;0;0;0;0;0;0;0;0;0;-38,496061;-3,820426;;;
268891;13;11;2015;16:10;0;RUA EMILIO DE MENESES;;;2095;;Colisão;Luz do Dia;;;Meio de Quadra;;;0;1;0;1;0;0;0;0;0;1;0;0;-38,600125;-3,778182;;;
268916;13;11;2015;20:31;0;RUA UM (MONDUBIM);;;;;Colisão;;;;Meio de Quadra;;;0;1;0;0;0;0;0;0;0;0;0;0;;;;;
270627;13;11;2015;08:00;0;RD CE-060;;;;KM-01;Colisão;Luz do Dia;;Seca;Meio de Quadra;;;0;1;2;0;1;0;0;0;0;1;0;0;-38,576995;-3,819537;;;
270665;14;11;2015;17:50;0;RD CE-040;;;;KM-02;Colisão;Via Iluminada;;Seca;Meio de Quadra;;;0;0;2;1;0;0;0;0;0;0;0;0;-38,481598;-3,776479;;;
270656;14;11;2015;07:10;0;RD CE-040;;;;KM-07;Colisão;Luz do Dia;;Seca;Meio de Quadra;;;0;1;4;1;0;0;1;0;0;1;0;0;-38,483160;-3,817953;;;
268975;14;11;2015;19:33;0;AV SGT HERMINIO SAMPAIO;;;3550;;Atropelamento;;;;Meio de Quadra;;;0;1;0;1;0;0;0;0;0;0;0;0;;;;;
268997;14;11;2015;20:28;5384;RUA ANTONIO POMPEU;RUA PDE MORORO;;;;Capotamento;;;;Cruz;Pare;Comercial;0;1;0;0;0;0;0;0;0;1;0;0;-38,539450;-3,731997;;;
269007;14;11;2015;23:12;0;AV A CJ CEARA;RUA 113 CJ CEARA;;;;Atropelamento;;;;;;;0;1;0;0;0;0;0;0;0;0;0;0;;;;;
269005;14;11;2015;22:30;1601;RUA PDE VALDEVINO;RUA VIS MAUA;;;;Colisão;;;;Cruz;Pare;Misto;0;1;0;0;0;0;0;0;0;0;0;0;-38,501876;-3,743773;;;
269000;14;11;2015;20:30;0;AV JOR THOMAZ COELHO;;;1578;;Colisão;;;;Meio de Quadra;;;0;1;0;0;0;0;0;0;0;0;0;0;-38,509057;-3,829923;;;
269001;14;11;2015;21:34;23523;RUA FLORO BARTOLOMEU;RUA JOSE JUSTA;;;;Colisão;;;;;;;0;1;0;1;0;0;0;0;0;1;0;0;-38,508391;-3,759951;;;
268956;14;11;2015;13:56;0;RUA PEDRO DE SOUZA;;;;;Queda;Luz do Dia;;;Meio de Quadra;;;0;1;0;0;0;0;0;0;0;1;0;0;;;;;
268958;14;11;2015;14:09;0;AV DIOGUINHO;;;;;Colisão;Luz do Dia;;;Meio de Quadra;;;0;1;0;1;0;0;0;0;0;1;0;0;;;;;
268959;14;11;2015;14:45;0;AV DES GONZAGA;;;609;;Colisão;Luz do Dia;;;Meio de Quadra;;;0;1;0;1;0;0;0;0;0;1;0;0;-38,502389;-3,791783;;;
268960;14;11;2015;16:05;0;RUA PORTO VELHO;;;238;;Colisão;Luz do Dia;;;Meio de Quadra;;;0;1;0;1;0;0;0;0;0;1;0;0;-38,582946;-3,768150;;;
268961;14;11;2015;17:02;0;RUA MARIA ALICE FERRAZ;;;480;;Colisão;Anoitecer;;;Meio de Quadra;;;0;1;0;1;0;0;0;0;0;1;0;0;;;;;
268964;14;11;2015;18:15;12551;AV HILDEBRANDO DE MELO;RUA MARIA CLARA;;;;Queda;Anoitecer;;;Cruz;Não Há Controle;Misto;0;1;0;0;0;0;0;0;0;1;0;0;-38,589234;-3,725093;;;
268968;14;11;2015;19:17;3320;RUA VIRIATO RIBEIRO;RUA ARGENTINA;;;;Colisão;;;;Cruz;Pare;Comercial;0;1;0;0;0;0;0;0;0;0;0;0;-38,564284;-3,747181;;;
268966;14;11;2015;18:45;0;RUA LEANDRO HENRIQUE;;;1528;;Atropelamento;;;;Meio de Quadra;;;0;1;0;1;0;0;0;0;0;0;0;0;;;;;
268939;14;11;2015;07:41;10044;RUA EMILIO DE MENESES;RUA ANTONIO NERY;;;;Colisão;Luz do Dia;;;Cruz;Pare;Comercial;0;1;1;1;0;0;0;0;0;1;0;0;-38,600204;-3,778162;;;
268934;14;11;2015;06:46;0;RUA CON LIMA SUCUPIRA;;;1734;;Colisão;Luz do Dia;;;Meio de Quadra;;;0;1;0;1;0;0;0;0;0;0;0;0;;;;;
268935;14;11;2015;07:09;0;AV WASHINGTON SOARES;;;;;Colisão;Luz do Dia;;;Meio de Quadra;;;0;1;0;0;0;0;0;0;0;0;0;0;;;;;
268952;14;11;2015;13:00;0;RUA CEL FABRICIANO;;;2429;;Queda;Luz do Dia;;;Meio de Quadra;;;0;1;0;0;0;0;0;0;0;1;0;0;;;;;
268953;14;11;2015;13:18;6721;RUA BENTO ALBUQUERQUE;AV ENG SANTANA JUNIOR;;;;Colisão;Luz do Dia;;;Cruz;Semáforo;Misto;0;1;0;1;0;0;0;0;0;1;0;0;-38,486538;-3,742678;;;
268950;14;11;2015;10:48;0;RUA PRO HERIBALDO COSTA;;;1869;;Colisão;Luz do Dia;;;Meio de Quadra;;;0;1;0;0;0;0;0;0;0;1;0;0;;;;;
268943;14;11;2015;07:45;0;RUA CEL FABRICIANO;;;3590;;Colisão;Luz do Dia;;;Meio de Quadra;;;0;1;0;0;0;0;0;0;0;1;0;0;-38,620187;-3,779381;;;
263625;14;11;2015;10:00;13544;RUA DR JOSE LOURENCO;RUA JULIO SIQUEIRA;;;;Colisão Transversal;Luz do Dia;;;Cruz;Pare;Comercial;0;0;2;1;0;0;0;0;0;0;0;0;-38,512200;-3,748473;;;
263626;14;11;2015;23:10;8025;AV JOAO PESSOA;RUA PRO COSTA MENDES;;;;Colisão Transversal;Via Iluminada;Bom;Seca;Cruz;Semáforo;Comercial;0;0;2;1;1;0;0;0;0;0;0;0;-38,549441;-3,752393;;;
263640;14;11;2015;14:30;0;RUA BENTO ALBUQUERQUE;;;;;Colisão Traseira;Luz do Dia;;;Meio de Quadra;;;0;0;2;1;0;0;0;0;0;0;0;0;;;;;
263646;14;11;2015;06:00;4022;AV JOAO PESSOA;RUA OSCAR BEZERRA ARAUJO;;;;Capotamento;Luz do Dia;;;T;Outros;Comercial;0;0;2;1;0;0;0;0;0;0;0;0;-38,557535;-3,761747;;;
263652;14;11;2015;17:15;13564;RUA CAP GUSTAVO;RUA CASTRO ALVES;;;;Colisão Lateral;Anoitecer;;;Cruz;Pare;Residencial;0;0;2;1;0;0;0;0;0;0;0;0;-38,517747;-3,749887;;;
263650;14;11;2015;19:20;0;AV DOM LUIS;;;545;;Colisão Lateral;;;;Meio de Quadra;;;0;0;2;1;0;0;0;0;0;0;0;0;-38,496711;-3,733459;;;
263668;14;11;2015;13:10;0;AV RUI BARBOSA;;;1246;;Colisão Traseira;Luz do Dia;;;Meio de Quadra;;;0;0;2;1;0;0;0;0;0;0;0;0;-38,508458;-3,733034;;;
263664;14;11;2015;20:00;19542;AV GODOFREDO MACIEL;RUA BISMARK;;;;Colisão Lateral;;;;T;Pare;Misto;0;0;2;1;0;0;0;0;0;0;0;0;-38,565624;-3,782563;;;
263659;14;11;2015;20:30;19287;RUA PRO GOMES BRASIL;RUA STA JULIA;;;;Colisão Traseira;;;;Cruz;;Comercial;0;0;2;1;0;0;0;0;0;0;0;0;-38,567602;-3,774097;;;
263656;14;11;2015;15:00;5125;RUA RUFINO DE ALENCAR;AV ALBERTO NEPOMUCENO;;;;Colisão Lateral;Luz do Dia;;;T;Semáforo;Comercial;0;0;2;1;0;0;0;0;0;0;0;0;-38,525072;-3,724606;;;
259385;14;11;2015;16:30;0;RD BR 116;;;3000;KM-03;Colisão Transversal;Luz do Dia;Bom;Seca;Meio de Quadra;Não Há Controle;Comercial;0;1;1;1;0;0;0;0;0;1;0;0;-38,514372;-3,779838;;;
263749;14;11;2015;08:00;1294;RUA TORRES CAMARA;RUA CARLOS VASCONCELOS;;;;Colisão Traseira;Luz do Dia;;;Cruz;Semáforo;Comercial;0;0;2;1;0;0;0;0;0;1;0;0;-38,511204;-3,734251;;;
263750;14;11;2015;14:10;1571;RUA CAROLINA SUCUPIRA;RUA VICENTE LEITE;;;;Colisão Transversal;Luz do Dia;;;Cruz;Pare;Residencial;0;0;2;1;0;0;0;0;0;0;0;0;-38,497020;-3,742124;;;
263751;14;11;2015;17:20;6817;RUA BENTO ALBUQUERQUE;RUA FRANCISCO MATOS;;;;Colisão Transversal;Anoitecer;;;Cruz;Pare;Residencial;0;0;2;1;1;0;0;0;0;0;0;0;-38,470436;-3,747862;;;
263747;14;11;2015;13:30;25069;AV DOS EXPEDICIONARIOS;RUA RAUL CABRAL;;;;Colisão Lateral;Luz do Dia;;;Cruz;Semáforo;Comercial;0;0;2;1;0;0;0;0;0;0;0;0;-38,542595;-3,769605;;;
263745;14;11;2015;16:40;0;RUA GERMANO FRANCK;;;;;Colisão Lateral;Luz do Dia;;;Meio de Quadra;;;0;0;2;1;1;0;0;0;0;0;0;0;;;;;
263741;14;11;2015;01:00;0;AV ALM HENRIQUE SABOIA;;;;;Colisão Traseira;;;;Meio de Quadra;;;0;0;2;1;0;0;0;0;0;0;0;0;;;;;
263727;14;11;2015;11:40;5352;AV DOM MANUEL;RUA PINTO MADEIRA;;;;Colisão Traseira;Luz do Dia;;;Cruz;Semáforo;Comercial;0;1;1;0;0;0;0;0;0;1;0;0;-38,521957;-3,730964;;;
263733;14;11;2015;23:15;23523;RUA JOSE JUSTA;RUA FLORO BARTOLOMEU;;;;Colisão Lateral;;;;;;;0;1;2;1;0;0;0;0;0;1;0;0;-38,508391;-3,759951;;;
263734;14;11;2015;11:50;19683;RUA PRO JOSE DE BARCELOS;RUA AZEVEDO BOLAO;;;;Colisão Transversal;Luz do Dia;;;Cruz;Pare;Residencial;0;0;2;0;0;0;0;0;0;0;0;0;-38,550610;-3,735196;;;
263735;14;11;2015;17:50;13495;RUA CEL ALVES TEIXEIRA;RUA ILDEFONSO ALBANO;;;;Colisão Lateral;Anoitecer;;;Cruz;Pare;Residencial;0;0;2;1;0;0;0;0;0;0;0;0;-38,517296;-3,745590;;;
263736;14;11;2015;19:00;0;AV PONTES VIEIRA;;;;;Colisão Lateral;;;;Meio de Quadra;;;0;0;2;1;1;0;0;0;0;0;0;0;;;;;
263737;14;11;2015;09:30;0;RUA BAR RIO BRANCO;;;2191;;Colisão Traseira;Luz do Dia;;;Meio de Quadra;;;0;1;1;1;0;0;0;0;0;0;0;0;-38,531509;-3,736631;;;
263738;14;11;2015;17:00;0;AV GAL MURILO BORGES;;;;;Colisão Lateral;Anoitecer;;;Meio de Quadra;;;0;1;1;1;0;0;0;0;0;1;0;0;;;;;
263739;14;11;2015;13:40;9246;AV 13 DE MAIO;RUA BAR RIO BRANCO;;;;Colisão Traseira;Luz do Dia;;;Cruz;Semáforo;Comercial;0;0;2;1;0;0;0;0;0;1;0;0;-38,534255;-3,745129;;;
263725;14;11;2015;06:40;9144;RUA CEL PERGENTINO FERREIRA;RUA JUVENAL DE CARVALHO;;;;Colisão Lateral;Luz do Dia;;;Cruz;Pare;Residencial;0;1;1;1;0;0;0;0;0;0;0;0;-38,524903;-3,748779;;;
263718;14;11;2015;21:50;19174;RUA PRO OTAVIO LOBO;RUA PEREIRA DE MIRANDA;;;;Colisão Transversal;;;;Cruz;Pare;Residencial;0;0;2;1;0;0;0;0;0;0;0;0;-38,476904;-3,741389;;;
263713;14;11;2015;19:30;23978;AV JANGADEIROS (MUCURIPE);RUA JOAO EVANGELISTA;;;;Colisão Lateral;;;;;;;0;0;3;1;0;0;0;0;0;0;0;0;-38,479469;-3,726969;;;
272546;14;11;2015;05:17;3769;RUA SEN POMPEU;AV DOMINGOS OLIMPIO;;;;Choque c/ Obstáculo Fixo;Amanhecer;;;Cruz;Semáforo;Comercial;0;0;1;0;0;0;0;0;0;0;0;0;-38,532455;-3,736254;;;
272547;14;11;2015;05:39;0;AV PRS CASTELO BRANCO;;;;;Colisão;Amanhecer;;;Meio de Quadra;;;0;0;2;0;0;0;0;0;0;0;0;0;;;;;
272549;14;11;2015;06:27;0;RUA GAL BERNARDO FIGUEIREDO;;;1877;;Choque c/ Obstáculo Fixo;Luz do Dia;;;Meio de Quadra;;;0;0;1;0;0;0;0;0;0;0;0;0;-38,553796;-3,740094;;;
272550;14;11;2015;07:19;0;RUA TOMAS RODRIGUES;;;460;;Colisão;Luz do Dia;;;Meio de Quadra;;;0;0;2;0;0;0;0;0;0;0;0;0;-38,593781;-3,740982;;;
272557;14;11;2015;10:47;0;AV GAL OSORIO DE PAIVA;;;5899;;Colisão;Luz do Dia;;;Meio de Quadra;;;0;0;2;0;0;0;0;0;0;0;0;0;-38,605198;-3,807958;;;
272553;14;11;2015;10:37;0;AV CENTRAL;;;220;;Colisão;Luz do Dia;;;Meio de Quadra;;;0;0;2;0;0;0;0;0;0;0;0;0;;;;;
272561;14;11;2015;11:08;15678;RUA EUDES CARDOSO;RUA VICENTE NOBRE MACEDO;;;;Colisão;Luz do Dia;;;Cruz;Pare;Misto;0;0;2;0;0;0;0;0;0;0;0;0;-38,484520;-3,826494;;;
272571;14;11;2015;22:48;7951;AV PONTES VIEIRA;RUA OSVALDO CRUZ (ALDEOTA);;;;Colisão;;;;Cruz;Semáforo;Comercial;0;0;2;0;0;0;0;0;0;0;0;0;-38,505539;-3,751781;;;
272563;14;11;2015;16:35;14710;RUA SUICA;RUA DELTA;;;;Colisão;Luz do Dia;;;Cruz;Pare;Residencial;0;0;2;0;0;0;0;0;0;0;0;0;-38,577135;-3,793850;;;
272564;14;11;2015;16:39;0;RUA GOIANESA;;;340;;Colisão;Luz do Dia;;;Meio de Quadra;;;0;0;2;0;0;0;0;0;0;0;0;0;;;;;
272566;14;11;2015;17:26;0;AV PRO JOSE ARTHUR CARVALHO;;;1620;;Colisão;Anoitecer;;;Meio de Quadra;;;0;0;2;0;0;0;0;0;0;0;0;0;-38,464725;-3,826172;;;
272569;14;11;2015;20:32;0;AV GAL OSORIO DE PAIVA;;;;;Colisão;;;;Meio de Quadra;;;0;0;2;0;0;0;0;0;0;0;0;0;;;;;
272575;14;11;2015;22:56;4612;AV OLIVEIRA PAIVA;AV WASHINGTON SOARES;;;;Colisão;;;;;;;0;0;2;0;0;0;0;0;0;0;0;0;-38,479908;-3,795695;;;
272576;14;11;2015;23:33;0;RUA IEDA PEREIRA;;;;;Colisão;;;;Meio de Quadra;;;0;0;2;0;0;0;0;0;0;0;0;0;;;;;
272579;15;11;2015;01:03;0;AV SEN FERNANDES TAVORA;;;;;Colisão;;;;Meio de Quadra;;;0;0;2;0;0;0;0;0;0;0;0;0;;;;;