COD_ACIDENTE;DIA;MES;ANO;HORA;INTERSECAO;LOG1;LOG2;LOG3;NUMERO;REFERENCIA;NATUREZA;ILUMINACAO;TEMPO;SUPERFICIEPISTA;TIPOCRUZAMENTO;CONTROLETRAFEGO;USOSOLO;MORTOS;FERIDOS;ILESOS;AUTOMOVEL;ONIBUS;BICICLETA;CAMINHAO;MICROONIBUS;CICLOMOTOR;MOTOCICLETA;TRACAOANIMAL;TREM;LONG;LAT;;;
272581;15;11;2015;01:22;4080;AV JOSE BASTOS;RUA CEARA;;;;Colisão;;;;Cruz;Pare;;0;0;2;0;0;0;0;0;0;0;0;0;-38,564112;-3,760008;;;
272585;15;11;2015;02:24;1359;RUA CARLOS VASCONCELOS;RUA JOAO CARVALHO;;;;Colisão;;;;Cruz;Pare;Residencial;0;0;2;0;0;0;0;0;0;0;0;0;-38,511844;-3,736251;;;
272586;15;11;2015;03:13;15324;RUA TIBURCIO CAVALCANTE;RUA TEN BENEVOLO;;;;Choque c/ Obstáculo Fixo;;;;T;Não Há Controle;Rural;0;0;1;0;0;0;0;0;0;0;0;0;-38,500890;-3,730691;;;
272588;15;11;2015;04:38;0;RUA PESSOA ANTA;;;38;;Colisão;;;;Meio de Quadra;;;0;0;2;0;0;0;0;0;0;0;0;0;-38,522872;-3,721216;;;
272589;15;11;2015;08:48;0;AV JOAO DE ARAUJO LIMA;;;271;;Colisão;Luz do Dia;;;Meio de Quadra;;;0;0;2;0;0;0;0;0;0;0;0;0;-38,558780;-3,824140;;;
272595;15;11;2015;15:40;2709;RUA OSCAR ARARIPE;RUA SAMARIA;;;;Colisão;Luz do Dia;;;;;;0;0;2;0;0;0;0;0;0;0;0;0;-38,605319;-3,789279;;;
272596;15;11;2015;16:12;0;RUA STA CLARA DE ASSIS;;;720;;Colisão;Luz do Dia;;;Meio de Quadra;;;0;0;2;0;0;0;0;0;0;0;0;0;;;;;
272607;15;11;2015;22:29;0;AV 1 CANINDEZINHO;;;74;;Colisão;;;;Meio de Quadra;;;0;0;2;0;0;0;0;0;0;0;0;0;;;;;
272608;15;11;2015;22:30;0;AV OLIVEIRA PAIVA;;;;;Colisão;;;;Meio de Quadra;;;0;0;2;0;0;0;0;0;0;0;0;0;;;;;
272603;15;11;2015;20:57;26247;RUA DUAS NACOES;RUA JOSE ABILIO;;;;Colisão;;;;;;;0;0;2;0;0;0;0;0;0;0;0;0;;;;;
263790;15;11;2015;13:20;0;AV 13 DE MAIO;;;;;Colisão Traseira;Luz do Dia;;;Meio de Quadra;;;0;0;2;1;0;0;0;0;0;0;0;0;;;;;
263764;15;11;2015;11:30;18468;RUA HAROLDO TORRES;RUA PDE MAXIMO FEITOSA;;;;Colisão Transversal;Luz do Dia;;;Cruz;Pare;Residencial;0;1;1;1;0;0;0;0;0;1;0;0;-38,574547;-3,730830;;;
263765;15;11;2015;14:30;0;AV BEZERRA DE MENEZES;;;306;;Choque c/ Obstáculo Fixo;Luz do Dia;;;Meio de Quadra;;;0;0;1;1;0;0;0;0;0;0;0;0;-38,547596;-3,732168;;;
263766;15;11;2015;08:50;12699;AV CEL CARVALHO;AV MAJ ASSIS;;;;Colisão Traseira;Luz do Dia;;;Cruz;Semáforo;Residencial;0;0;3;1;0;0;0;0;0;0;0;0;-38,586255;-3,723796;;;
263767;15;11;2015;06:30;25160;RUA JULIO ABREU;RUA FRE MANSUETO;;;;Colisão Transversal;Luz do Dia;;;Cruz;Semáforo;Misto;0;0;3;1;0;0;0;1;0;0;0;0;-38,488626;-3,735861;;;
263752;15;11;2015;10:20;17297;AV PRO GOMES DE MATOS;RUA EDUARDO ANGELIM;;;;Colisão;Luz do Dia;;;Cruz;Pare;Comercial;0;2;0;0;0;0;0;0;0;1;0;0;-38,547809;-3,763719;;;
263753;15;11;2015;09:40;3956;RUA JULIO CESAR D12;RUA PEDRO MACHADO;;;;Colisão Transversal;Luz do Dia;;;Cruz;Pare;Residencial;0;0;2;1;0;0;0;0;0;0;0;0;-38,548095;-3,756102;;;
263754;15;11;2015;01:50;0;AV PRS CASTELO BRANCO;;;;;Colisão Lateral;;;;Meio de Quadra;;;0;1;1;1;0;0;0;0;0;1;0;0;;;;;
263755;15;11;2015;09:20;0;RUA ILDEFONSO ALBANO;;;;;Colisão Traseira;Luz do Dia;;;;;;0;0;2;1;0;0;0;0;0;0;0;0;;;;;
263756;15;11;2015;20:48;0;RUA TRES MARIAS D50;;;150;;Colisão Traseira;;;;Meio de Quadra;;;0;1;1;1;0;0;0;0;0;0;0;0;-38,598494;-3,799157;;;
263757;15;11;2015;06:50;9229;RUA MARIO MAMEDE;RUA MON LIBERATO;;;;Colisão Transversal;Luz do Dia;;;Cruz;Pare;Outros;0;1;1;1;0;0;0;0;0;0;0;0;-38,530817;-3,749814;;;
263758;15;11;2015;18:00;65;RUA MARTINS NETO;RUA HUGO VITOR;;;;Colisão Transversal;Anoitecer;;;Cruz;Pare;Misto;0;1;1;1;0;0;0;0;0;1;0;0;-38,591458;-3,740726;;;
263759;15;11;2015;15:30;15306;RUA LEONARDO MOTA;RUA ANA BILHAR;;;;Colisão Transversal;Luz do Dia;;;Cruz;Semáforo;Residencial;0;2;0;1;0;0;0;0;0;0;0;0;-38,494191;-3,729944;;;
263760;15;11;2015;15:30;0;AV GOV RAUL BARBOSA;;;5076;;Colisão Traseira;Luz do Dia;;;Meio de Quadra;;;0;0;2;1;0;0;1;0;0;0;0;0;-38,508353;-3,762547;;;
263761;15;11;2015;13:40;0;AV HIS RAIMUNDO GIRAO;;;877;;Colisão Frontal;Luz do Dia;;;Meio de Quadra;;;0;1;1;1;0;0;0;0;0;1;0;0;;;;;
263788;15;11;2015;15:40;11021;RUA ALM RUBIM;RUA MUNDICA PAULA;;;;Colisão Traseira;Luz do Dia;;;;;;0;0;2;1;0;0;0;0;0;0;0;0;-38,557470;-3,773259;;;
263878;15;11;2015;05:30;17421;RUA BAR SOBRAL;AV PRO GOMES DE MATOS;;;;Colisão Transversal;Amanhecer;;;;;;1;0;1;1;0;0;0;0;0;1;0;0;-38,551793;-3,768334;;;
263879;15;11;2015;12:10;5463;RUA DNA LEOPOLDINA;RUA BARBARA DE ALENCAR;;;;Colisão Transversal;Luz do Dia;;;Cruz;Pare;Comercial;0;0;2;1;0;0;0;0;0;0;0;0;-38,521102;-3,735695;;;
263880;15;11;2015;17:30;0;AV AGUANAMBI;;;;ROTATÓRIA;Colisão Lateral;Anoitecer;;;Meio de Quadra;;;0;0;2;1;0;0;0;0;0;0;0;0;-38,523043;-3,755538;;;
263881;15;11;2015;09:40;0;RUA JARDIM FLUMINENSE;;;1061;;Colisão Transversal;Luz do Dia;;;Meio de Quadra;;;0;1;1;1;0;1;0;0;0;0;0;0;-38,599199;-3,812073;;;
263883;15;11;2015;19:00;25403;AV FRE CIRILO;RUA DR JOAQUIM BENTO;;;;Colisão Lateral;;;;;;;0;1;1;1;0;0;0;0;0;0;0;0;;;;;
263875;15;11;2015;15:30;0;AV BAR STUDART;;;826;;Colisão Transversal;Luz do Dia;;;Meio de Quadra;;;0;0;2;1;0;0;0;0;0;0;0;0;-38,505478;-3,731161;;;
263876;15;11;2015;17:00;24956;AV ENG ALBERTO SA;AV ALM HENRIQUE SABOIA;;;;Colisão;Anoitecer;;;;;;0;1;1;1;0;0;0;0;0;1;0;0;-38,482890;-3,732499;;;
263850;15;11;2015;12:30;0;AV OLIVEIRA PAIVA;;;;;Colisão Lateral;Luz do Dia;;;Meio de Quadra;;;0;0;2;1;1;0;0;0;0;0;0;0;;;;;
263806;15;11;2015;12:40;1519;RUA PDE VALDEVINO;RUA CARLOS VASCONCELOS;;;;Colisão Transversal;Luz do Dia;;;Cruz;Semáforo;Comercial;0;0;2;1;0;0;0;0;0;0;0;0;-38,513190;-3,740277;;;
263796;15;11;2015;16:30;0;RUA DES PRAXEDES;;;1236;;Colisão Lateral;Luz do Dia;;;Meio de Quadra;;;0;1;1;1;0;0;0;0;0;1;0;0;-38,543663;-3,762849;;;
263792;15;11;2015;15:49;0;AV JOAO DE ARAUJO LIMA;;;1098;;Colisão Traseira;Luz do Dia;;;Meio de Quadra;;;0;1;1;1;0;0;0;0;1;0;0;0;;;;;
263793;15;11;2015;08:00;18024;AV ZEZE DIOGO;RUA RENATO BRAGA;;;;Engavetamento;Luz do Dia;;;Cruz;Semáforo;Comercial;0;0;3;1;0;0;0;0;0;0;0;0;-38,457388;-3,731905;;;
263854;15;11;2015;04:15;0;AV DR SILAS MUNGUBA;;;;;Choque c/ Obstáculo Fixo;;;;Meio de Quadra;;;0;0;1;1;0;0;0;0;0;0;0;0;;;;;
263868;15;11;2015;10:30;5306;RUA MON LUIS ROCHA;RUA DO ROSARIO;;;;Colisão Lateral;Luz do Dia;;;Cruz;Pare;Comercial;0;0;2;1;0;0;0;0;0;0;0;0;-38,526198;-3,729645;;;
263869;15;11;2015;13:10;2742;RUA OSCAR ARARIPE;RUA MARIA JULIA;;;;Colisão Frontal;Luz do Dia;;;Cruz;Semáforo;Comercial;0;1;1;1;0;0;0;0;0;1;0;0;-38,599484;-3,791130;;;
263870;15;11;2015;21:10;0;RUA SILVA JATAHY;;;972;;Colisão Transversal;;;;Meio de Quadra;;;0;1;2;1;0;0;0;0;0;0;0;0;-38,495301;-3,728516;;;
263871;15;11;2015;12:30;0;RUA COSTA BARROS;;;2070;;Colisão Lateral;Luz do Dia;;;Meio de Quadra;;;0;1;1;0;0;0;0;0;0;1;0;0;-38,505758;-3,732256;;;
259386;15;11;2015;00:05;0;RD BR 116;;;15000;KM-15;Colisão Traseira;Via Iluminada;Bom;Seca;Meio de Quadra;Não Há Controle;Comercial;0;2;1;1;0;0;0;0;1;0;0;0;-38,501113;-3,882329;;;
269088;15;11;2015;17:19;0;RUA SGT BARBOSA D70;;;2000;;Colisão;Anoitecer;;;Meio de Quadra;;;0;1;0;0;0;0;0;0;0;1;0;0;;;;;
269050;15;11;2015;12:58;0;RUA EMILIO DE MENESES;;;1892;;Atropelamento;Luz do Dia;;;Meio de Quadra;;;0;1;0;1;0;0;0;0;0;0;0;0;-38,598014;-3,778764;;;
269037;15;11;2015;12:08;0;RUA OSCAR ARARIPE;;;925;;Colisão;Luz do Dia;;;Meio de Quadra;;;0;1;0;1;0;0;0;0;0;1;0;0;-38,599562;-3,791104;;;
269032;15;11;2015;09:00;0;AV PRO GOMES DE MATOS;;;1290;;Colisão;Luz do Dia;;;Meio de Quadra;;;0;1;0;0;0;0;0;0;0;1;0;0;-38,547755;-3,763656;;;
269011;15;11;2015;00:49;0;AV OLIVEIRA PAIVA;;;1479;;Colisão;;;;Meio de Quadra;;;0;1;1;1;0;0;0;0;0;1;0;0;-38,493379;-3,795587;;;
269012;15;11;2015;02:11;0;AV EDILSON B SOARES;;;945;;Colisão;;;;Meio de Quadra;;;0;1;0;1;0;0;0;0;0;1;0;0;-38,477198;-3,789161;;;
269013;15;11;2015;05:52;0;AV PRO GOMES DE MATOS;;;310;;Colisão;Amanhecer;;;Meio de Quadra;;;0;1;0;1;0;0;0;0;0;1;0;0;-38,542011;-3,756959;;;
269027;15;11;2015;08:28;0;RUA JARDIM FLUMINENSE;;;1061;;Colisão;Luz do Dia;;;Meio de Quadra;;;0;1;0;0;0;0;0;0;0;0;0;0;-38,599199;-3,812073;;;
269028;15;11;2015;08:56;0;AV C CJ CEARA;AV F CJ CEARA;;186;;Colisão;Luz do Dia;;;;;;0;1;1;1;0;0;0;0;0;1;0;0;-38,608412;-3,758825;;;
269023;15;11;2015;05:59;0;RUA VIRGILIO BRIGIDO;;;1137;;Queda;Amanhecer;;;Meio de Quadra;;;0;1;0;0;0;0;0;0;0;1;0;0;-38,569909;-3,726481;;;
269021;15;11;2015;05:56;0;AV 13 DE MAIO;;;755;;Queda;Amanhecer;;;Meio de Quadra;;;0;1;0;0;0;0;0;0;0;1;0;0;-38,526791;-3,751492;;;
269143;15;11;2015;23:46;0;AV SEN FERNANDES TAVORA;;;;;Queda;;;;Meio de Quadra;;;0;1;0;0;0;0;0;0;0;1;0;0;;;;;
269135;15;11;2015;13:01;19952;AV LUCIANO CARNEIRO;RUA FRANCISCO LORDA;;;;Colisão;Luz do Dia;;;Cruz;Semáforo;Comercial;0;1;0;1;0;0;0;0;0;0;0;0;-38,535431;-3,760835;;;
269120;15;11;2015;21:17;0;RUA DES HERMES PARAHYBA;;;1015;;Colisão;;;;Meio de Quadra;;;0;1;0;1;0;0;0;0;0;1;0;0;-38,593089;-3,712663;;;
269125;15;11;2015;21:33;0;AV ROGACIANO LEITE;;;2399;;Atropelamento;;;;Meio de Quadra;;;0;1;0;0;0;0;0;0;0;0;0;0;-38,500342;-3,776071;;;
269127;15;11;2015;22:38;0;RUA CON DE CASTRO;;;2960;;Colisão;;;;Meio de Quadra;;;0;1;0;1;0;0;0;0;0;1;0;0;-38,582477;-3,794792;;;
269110;15;11;2015;19:45;0;AV SEN FERNANDES TAVORA;;;;;Queda;;;;Meio de Quadra;;;0;1;0;0;0;1;0;0;0;0;0;0;;;;;
269113;15;11;2015;20:35;0;RUA FRANCISCO PAIVA;;;1280;;Colisão;;;;;;;0;1;1;1;0;0;0;0;0;1;0;0;-38,615008;-3,793066;;;
269101;15;11;2015;19:34;0;AV GAL OSORIO DE PAIVA;;;5561;;Colisão;;;;Meio de Quadra;;;0;1;1;1;0;0;0;0;0;1;0;0;-38,602891;-3,805541;;;
269096;15;11;2015;18:43;0;AV IMPERADOR;;;615;;Atropelamento;;;;Meio de Quadra;;;0;1;0;1;0;0;0;0;0;0;0;0;-38,534355;-3,726847;;;
269094;15;11;2015;18:01;0;RUA FRANCISCANO;;;340;;Colisão;Anoitecer;;;Meio de Quadra;;;0;1;0;1;0;0;0;0;0;1;0;0;;;;;
269092;15;11;2015;17:38;0;RUA TAMIARANA;;;18;;Colisão;Anoitecer;;;Meio de Quadra;;;0;1;0;1;0;0;0;0;0;1;0;0;-38,591697;-3,780336;;;
270690;15;11;2015;10:37;0;RD CE-040;;;;KM-03;Colisão;Luz do Dia;;Seca;Meio de Quadra;;;0;0;2;1;0;0;0;0;0;0;0;0;-38,481014;-3,783185;;;
270696;15;11;2015;20:40;0;AV SEN CARLOS JEREISSATI (AEROPORTO);;;;KM 04;Colisão;Via Iluminada;;Seca;Meio de Quadra;;;0;1;1;0;0;0;0;0;0;1;0;0;-38,514638;-3,779313;;;
270704;16;11;2015;17:00;0;RD CE-040;;;;KM-04;Choque c/ Obstáculo Fixo;Anoitecer;;Seca;Meio de Quadra;;;1;0;0;0;0;0;0;0;0;1;0;0;-38,480251;-3,792050;;;
269144;16;11;2015;00:05;0;AV MAE LISBOA;;;1211;;Colisão;;;;Meio de Quadra;;;0;1;0;1;0;0;0;0;0;1;0;0;-38,469416;-3,807857;;;
269157;16;11;2015;06:45;0;AV SANTOS DUMONT;;;6944;;Colisão;Luz do Dia;;;Meio de Quadra;;;0;1;0;1;0;0;0;0;0;1;0;0;-38,470908;-3,745091;;;
269153;16;11;2015;00:50;0;AV CASTELO DE CASTRO;;;;;Colisão;;;;Meio de Quadra;;;0;1;0;0;0;0;0;0;0;0;0;0;;;;;
259387;16;11;2015;09:30;0;RD BR 116;;;;;Outros;Luz do Dia;Bom;Seca;Meio de Quadra;Não Há Controle;Comercial;0;0;1;1;0;0;0;0;0;0;0;0;;;;;
259403;16;11;2015;10:30;0;RD BR 222;;;;KM-02;Colisão Traseira;Luz do Dia;Bom;Seca;Meio de Quadra;Não Há Controle;Comercial;0;1;1;0;0;0;0;0;0;1;0;0;-38,586880;-3,738951;;;
269174;16;11;2015;07:31;0;RUA JARDIM FLUMINENSE;;;;;Colisão;Luz do Dia;;;Meio de Quadra;;;0;1;0;0;0;0;0;0;0;0;0;0;;;;;
269171;16;11;2015;07:03;0;RUA MAL DEODORO;;;1100;;Colisão;Luz do Dia;;;Meio de Quadra;;;0;1;0;1;0;0;0;0;0;1;0;0;-38,537423;-3,744943;;;
269188;16;11;2015;10:21;0;AV SEN FERNANDES TAVORA;;;842;;Atropelamento;Luz do Dia;;;Meio de Quadra;;;0;1;0;0;0;0;0;0;0;1;0;0;;;;;
269190;16;11;2015;10:41;0;AV MR HULL;;;4940;;Colisão;Luz do Dia;;;Meio de Quadra;;;0;1;0;1;0;0;0;0;0;1;0;0;-38,588586;-3,739201;;;
269192;16;11;2015;12:37;0;AV ROGACIANO LEITE;;;2150;;Colisão;Luz do Dia;;;Meio de Quadra;;;0;1;0;1;0;0;0;0;0;0;0;0;-38,499058;-3,773643;;;
269195;16;11;2015;12:49;0;RUA NEREU RAMOS;;;850;;Queda;Luz do Dia;;;Meio de Quadra;;;0;1;0;0;0;0;0;0;0;1;0;0;;;;;
269206;16;11;2015;15:02;5692;AV DES GONZAGA;RUA MARGARIDA DE QUEIROZ;;;;Colisão;Luz do Dia;;;Cruz;;Comercial;0;1;0;1;0;0;0;0;0;1;0;0;-38,501753;-3,793168;;;
269220;16;11;2015;19:24;0;AV PRO GOMES DE MATOS;;;1368;;Colisão;;;;Meio de Quadra;;;0;1;0;1;0;0;0;0;0;1;0;0;-38,548214;-3,764172;;;
269208;16;11;2015;15:06;2971;RUA MON SABINO FEIJAO;RUA PEDRO MARTINS;;;;Colisão;Luz do Dia;;;Cruz;Não Há Controle;Residencial;0;1;0;0;0;0;0;0;0;0;0;0;-38,599374;-3,800394;;;
269215;16;11;2015;16:41;7135;RUA ALVES LIMA;RUA CAMELIA;;;;Colisão;Luz do Dia;;;;;;0;1;0;0;0;0;0;0;0;0;0;0;-38,568325;-3,707477;;;
269211;16;11;2015;15:09;0;AV CASTELO DE CASTRO;;;1186;;Colisão;Luz do Dia;;;Meio de Quadra;;;0;1;0;0;0;0;0;0;0;0;0;0;-38,521763;-3,839582;;;
269218;16;11;2015;17:09;0;RUA POMPILIO GOMES;;;273;;Colisão;Anoitecer;;;Meio de Quadra;;;0;1;0;1;0;0;0;0;0;1;0;0;-38,520467;-3,813061;;;
263885;16;11;2015;19:40;9125;RUA MON SALAZAR;RD BR 116;;;;Colisão Transversal;;;;Outros;Pare;Comercial;0;0;2;0;0;0;0;1;0;0;0;0;-38,521139;-3,757058;;;
263909;16;11;2015;20:00;3903;AV JOAO PESSOA;RUA PDE CICERO;;;;Colisão Transversal;;;;;;;0;0;2;1;0;0;0;0;0;1;0;0;-38,543442;-3,745741;;;
263910;16;11;2015;09:15;15343;RUA NUNES VALENTE;RUA PEREIRA FILGUEIRAS;;;;Atropelamento;Luz do Dia;;;Cruz;Semáforo;Residencial;0;1;3;1;0;0;1;0;0;0;0;0;-38,502310;-3,731786;;;
263891;16;11;2015;17:30;1550;RUA PDE VALDEVINO;RUA DR JOSE LOURENCO;;;;Colisão Lateral;Anoitecer;;;Cruz;Semáforo;Comercial;0;0;2;1;0;0;0;0;0;0;0;0;-38,509928;-3,741307;;;
263892;16;11;2015;07:59;3796;RUA JUVENAL GALENO;RUA PDE MORORO;;;;Colisão Lateral;Luz do Dia;;;Cruz;Pare;Residencial;0;0;2;1;1;0;0;0;0;0;0;0;-38,541005;-3,737433;;;
263893;16;11;2015;10:00;8014;RUA PRO COSTA MENDES;RUA MACHADO DE ASSIS;;;;Colisão Transversal;Luz do Dia;;;Cruz;Semáforo;Residencial;0;0;2;1;0;0;0;0;0;0;0;0;-38,550288;-3,751652;;;
263894;16;11;2015;12:50;0;AV CARAPINIMA;;;2673;;Colisão Traseira;Luz do Dia;;;Meio de Quadra;;;0;0;2;1;0;0;0;0;0;0;0;0;-38,542336;-3,742236;;;
263889;16;11;2015;16:40;15370;AV DOM LUIS;AV SEN VIRGILIO TAVORA;;;;Colisão;Luz do Dia;;;Cruz;Semáforo;Comercial;0;0;2;1;0;0;0;0;0;0;0;0;-38,492507;-3,734829;;;
263887;16;11;2015;13:40;0;AV PRS JUSCELINO KUBITSCHEK (PASSARÉ);;;;;Colisão Traseira;Luz do Dia;;;Meio de Quadra;;;0;0;2;1;0;0;0;0;0;0;0;0;;;;;
263933;16;11;2015;06:50;5359;RUA METON DE ALENCAR;RUA TEREZA CRISTINA;;;;Colisão Lateral;Luz do Dia;;;Cruz;Não Há Controle;Comercial;0;0;2;1;1;0;0;0;0;0;0;0;-38,538031;-3,731262;;;
263934;16;11;2015;10:30;8954;RUA DOM JERONIMO D06;AV DOMINGOS OLIMPIO;;;;Colisão Transversal;Luz do Dia;;;Cruz;Pare;Residencial;0;2;1;1;0;0;0;0;0;0;0;0;-38,543457;-3,733201;;;
263935;16;11;2015;10:50;0;AV SEN FERNANDES TAVORA;;;843;;Atropelamento;Luz do Dia;;;Meio de Quadra;;;0;2;0;0;0;0;0;0;0;1;0;0;-38,580302;-3,763185;;;
263936;16;11;2015;08:00;15316;RUA JOAQUIM NABUCO;RUA REPUBLICA DO LIBANO;;;;Colisão Lateral;Luz do Dia;;;Cruz;Pare;Residencial;0;0;3;1;0;0;0;0;0;0;0;0;-38,499700;-3,730318;;;
263902;16;11;2015;18:30;0;AV DR THEBERGE;;;2814;;Colisão Traseira;Anoitecer;;;Meio de Quadra;;;0;0;2;1;0;0;0;0;0;0;0;0;-38,568994;-3,727060;;;
263919;16;11;2015;11:20;0;RUA VINTE E QUATRO DE MAIO;;;1172;;Colisão Transversal;Luz do Dia;;;Meio de Quadra;;;0;0;2;1;0;0;0;0;0;0;0;0;-38,533589;-3,731818;;;
263920;16;11;2015;13:00;22951;AV DR SILAS MUNGUBA;RUA DR JUSTA ARAUJO D45;;;;Colisão Traseira;Luz do Dia;;;Cruz;Outros;Comercial;0;1;1;0;0;0;0;0;0;1;0;0;-38,553426;-3,784586;;;
263921;16;11;2015;13:05;0;AV AUGUSTO DOS ANJOS;;;618;;Colisão Transversal;Luz do Dia;;;Meio de Quadra;;;0;0;2;1;0;0;0;1;0;0;0;0;-38,573458;-3,773754;;;
263922;16;11;2015;13:55;12697;AV CEL CARVALHO;RUA RAIMUNDO FROTA;;;;Colisão Transversal;Luz do Dia;;;Duplo T;Pare;Comercial;0;1;1;0;0;0;0;0;0;1;0;0;-38,588657;-3,714552;;;
263923;16;11;2015;09:20;587;RUA COELHO DA FONSECA;RUA FRE TEOBALDO;;;;Colisão Transversal;Luz do Dia;;;Cruz;Não Há Controle;Residencial;0;2;1;1;0;0;0;0;0;1;0;0;-38,560921;-3,714819;;;
263924;16;11;2015;21:00;0;AV FRANCISCO SA;;;4986;;Colisão Transversal;;;;Meio de Quadra;;;0;2;1;1;0;0;0;0;0;1;0;0;-38,569108;-3,713399;;;
263916;16;11;2015;20:20;0;RUA VIS MAUA;;;1940;;Colisão Lateral;;;;Meio de Quadra;;;0;0;2;1;0;0;0;0;0;0;0;0;-38,501549;-3,742719;;;
263899;16;11;2015;12:10;5079;RUA SAO PAULO;RUA AGAPITO DOS SANTOS;;;;Colisão Lateral;Luz do Dia;;;Cruz;Não Há Controle;Residencial;0;0;2;1;1;0;0;0;0;0;0;0;-38,537811;-3,722650;;;
263896;16;11;2015;07:30;22937;AV DR SILAS MUNGUBA;RUA GOV JOAO CARLOS;;;;Colisão Traseira;Luz do Dia;;;T;Semáforo;Comercial;0;0;2;1;0;0;0;0;0;0;0;0;-38,553910;-3,783950;;;
263962;16;11;2015;14:30;0;RUA JOAQUIM FROTA;;;226;;Colisão Transversal;Luz do Dia;;;Meio de Quadra;;;0;1;2;0;0;0;0;0;0;1;0;0;;;;;
263958;16;11;2015;10:15;0;AV MON TABOSA;;;1000;;Colisão Traseira;Luz do Dia;;;Meio de Quadra;;;0;1;2;0;1;0;0;0;0;0;0;0;-38,510250;-3,724159;;;
272612;16;11;2015;07:50;0;RUA HIPOLITO PAMPLONA;;;377;;Colisão;Luz do Dia;;;Meio de Quadra;;;0;0;2;0;0;0;0;0;0;0;0;0;-38,596137;-3,744879;;;
272615;16;11;2015;09:40;21983;RUA TIRADENTES;RUA GAL BERNARDO FIGUEIREDO;;;;Colisão;Luz do Dia;;;Duplo T;Pare;Residencial;0;0;2;0;0;0;0;0;0;0;0;0;-38,551719;-3,739647;;;
272618;16;11;2015;09:54;0;RUA DOM HELIO CAMPOS D21;;;3572;;Colisão;Luz do Dia;;;Meio de Quadra;;;0;0;2;0;0;0;0;0;0;0;0;0;;;;;
272620;16;11;2015;09:57;0;RUA CEL GUILHERME ALENCAR;;;1592;;Colisão;Luz do Dia;;;Meio de Quadra;;;0;0;2;0;0;0;0;0;0;0;0;0;-38,493252;-3,841777;;;
272624;16;11;2015;10:58;0;RUA FAUSTO CABRAL;;;849;;Colisão;Luz do Dia;;;Meio de Quadra;;;0;0;2;0;0;0;0;0;0;0;0;0;-38,474285;-3,734288;;;
272625;16;11;2015;11:01;0;RUA PESSOA ANTA;;;4333;;Colisão;Luz do Dia;;;Meio de Quadra;;;0;0;2;0;0;0;0;0;0;0;0;0;;;;;
272627;16;11;2015;11:04;3778;AV DA UNIVERSIDADE;RUA ANTONIO POMPEU;;;;Colisão;Luz do Dia;;;Cruz;Semáforo;Comercial;0;0;2;0;0;0;0;0;0;0;0;0;-38,532908;-3,734083;;;
272629;16;11;2015;12:39;1337;AV SANTOS DUMONT;RUA OSVALDO CRUZ (ALDEOTA);;;;Colisão;Luz do Dia;;;Cruz;Semáforo;Comercial;0;0;2;0;0;0;0;0;0;0;0;0;-38,500317;-3,735602;;;
272631;16;11;2015;14:10;1595;RUA GAL TERTULIANO POTYGUARA;RUA BARBOSA DE FREITAS;;;;Colisão;Luz do Dia;;;Cruz;Pare;Residencial;0;0;2;0;0;0;0;0;0;0;0;0;-38,499576;-3,743454;;;
272632;16;11;2015;14:38;0;RUA ALVARO GARRIDO;;;;;Colisão;Luz do Dia;;;Meio de Quadra;;;0;0;2;0;0;0;0;0;0;0;0;0;;;;;
272636;16;11;2015;15:49;11425;RUA MON PAULO D56;RUA PDE FRANCISCO PITA;;;;Colisão;Luz do Dia;;;;;;0;0;2;0;0;0;0;0;0;0;0;0;-38,501096;-3,781162;;;
272634;16;11;2015;14:57;17501;AV ABOLICAO;RUA MANUEL JESUINO;;;;Colisão;Luz do Dia;;;Cruz;Semáforo Intermitente;Comercial;0;0;2;0;0;0;0;0;0;0;0;0;-38,484515;-3,725398;;;
263980;16;11;2015;16:05;9216;RUA NAPOLEAO LAUREANO;RUA MARIO MAMEDE;;;;Colisão Lateral;Luz do Dia;;;Cruz;Pare;Residencial;0;0;2;1;0;0;0;0;0;0;0;0;-38,529662;-3,750799;;;
263964;16;11;2015;13:00;1032;AV ENG LEAL LIMA VERDE (SAPIRANGA/COITE);RUA JOAQUIM FROTA;;;;Colisão Transversal;Luz do Dia;;;Rotatória;Dê Preferência;Residencial;0;0;2;1;0;0;1;0;0;0;0;0;-38,475166;-3,801619;;;
264014;16;11;2015;19:00;659;RUA CRUZEIRO DO SUL;RUA ANA FACO;;;;Colisão Lateral;;;;Cruz;Não Há Controle;Misto;0;1;1;1;0;0;0;0;0;0;0;0;-38,562314;-3,714368;;;
264018;16;11;2015;07:45;22951;AV DR SILAS MUNGUBA;RUA DR JUSTA ARAUJO D45;;;;Colisão Traseira;Luz do Dia;;;Cruz;Outros;Comercial;0;0;2;1;0;0;0;0;0;0;0;0;-38,553426;-3,784586;;;
264010;16;11;2015;17:56;0;AV PRS CASTELO BRANCO;;;5555;;Colisão Transversal;Anoitecer;;;Meio de Quadra;;;0;0;2;0;0;0;1;0;0;1;0;0;-38,580660;-3,703364;;;