COD_ACIDENTE;DIA;MES;ANO;HORA;INTERSECAO;LOG1;LOG2;LOG3;NUMERO;REFERENCIA;NATUREZA;ILUMINACAO;TEMPO;SUPERFICIEPISTA;TIPOCRUZAMENTO;CONTROLETRAFEGO;USOSOLO;MORTOS;FERIDOS;ILESOS;AUTOMOVEL;ONIBUS;BICICLETA;CAMINHAO;MICROONIBUS;CICLOMOTOR;MOTOCICLETA;TRACAOANIMAL;TREM;LONG;LAT;;;
264007;16;11;2015;09:00;0;AV CEL CARVALHO;;;2025;;Colisão Lateral;Luz do Dia;;;Meio de Quadra;;;0;1;1;0;0;0;1;0;0;1;0;0;-38,587186;-3,720321;;;
263995;16;11;2015;08:30;15169;AV BEIRA MAR;RUA JOAQUIM NABUCO;;;;Colisão Lateral;Luz do Dia;;;T;Pare;Outros;0;0;3;1;0;0;0;0;0;0;0;0;-38,498120;-3,725387;;;
264003;16;11;2015;14:00;25035;RUA GONCALVES LEDO;RUA ROCHA LIMA;;;;Colisão Lateral;Luz do Dia;;;Cruz;Pare;Residencial;0;0;2;1;0;0;0;0;0;0;0;0;-38,518306;-3,737666;;;
263989;16;11;2015;09:50;1285;AV DOM LUIS;RUA VIS MAUA;;;;Colisão Transversal;Luz do Dia;;;Cruz;Pare;Comercial;0;0;2;1;0;0;0;0;0;0;0;0;-38,498390;-3,732923;;;
263990;16;11;2015;11:05;5030;AV ALM BARROSO;RUA ALM JACEGUAI;;;;Colisão Lateral;Luz do Dia;;;T;Semáforo;Lazer;0;0;2;1;1;0;0;0;0;0;0;0;-38,519363;-3,720749;;;
263969;16;11;2015;19:00;0;AV AGUANAMBI;;;1760;;Colisão Lateral;;;;Meio de Quadra;;;0;0;2;1;1;0;0;0;0;0;0;0;-38,523395;-3,752061;;;
264024;16;11;2015;09:45;13736;AV ROGACIANO LEITE;RUA PINDORAMA;;;;Colisão Transversal;Luz do Dia;;;Cruz;Semáforo;Comercial;0;1;1;1;0;0;0;0;0;0;0;0;-38,498988;-3,773416;;;
264021;16;11;2015;07:30;5440;AV HERACLITO GRACA;RUA RODRIGUES JUNIOR;;;;Colisão Transversal;Luz do Dia;;;Cruz;Não Há Controle;Comercial;0;0;2;1;0;0;0;0;0;0;0;0;-38,521831;-3,734374;;;
264027;16;11;2015;07:20;5121;RUA GUILHERME ROCHA;RUA PDE MORORO;;;;Colisão Transversal;Luz do Dia;;;Cruz;Semáforo;Comercial;0;2;0;0;1;0;0;0;0;0;0;0;-38,537045;-3,724033;;;
264028;16;11;2015;23:00;0;RUA CON DE CASTRO;;;2960;;Colisão Lateral;;;;Meio de Quadra;;;0;1;1;1;0;0;0;0;0;1;0;0;-38,582477;-3,794792;;;
264029;16;11;2015;09:05;19583;RUA CON DE CASTRO;RUA NEREU RAMOS;;;;Colisão Transversal;Luz do Dia;;;Cruz;Pare;Comercial;0;1;1;0;0;0;0;0;0;1;0;0;-38,573285;-3,784820;;;
264030;16;11;2015;10:15;19331;AV GAL OSORIO DE PAIVA;RUA PRO GOMES BRASIL;;;;Colisão Lateral;Luz do Dia;;;Cruz;Semáforo;Comercial;0;0;2;1;1;0;0;0;0;0;0;0;-38,566451;-3,775618;;;
264031;16;11;2015;18:30;0;AV AGUANAMBI;;;1953;;Engavetamento;Anoitecer;;;Meio de Quadra;;;0;1;3;1;0;0;0;0;0;1;0;0;-38,523470;-3,754034;;;
270291;16;11;2015;01:00;12954;RUA BERNARDO MANUEL;AV PRS COSTA E SILVA;;;;Colisão;;;;;;;0;0;1;1;0;0;0;0;0;0;0;0;-38,558276;-3,821079;;;
270305;16;11;2015;10:40;0;RUA CARLOS VASCONCELOS;RUA JOAO CARVALHO;;1620;;Colisão;Luz do Dia;;;;;;0;1;1;1;0;0;0;0;0;1;0;0;-38,511819;-3,736172;;;
264032;17;11;2015;09:30;26118;AV ALM MAXIMIANO DA FONSECA;RUA JOSE B PARENTE D59;;;;Colisão Transversal;Luz do Dia;;;T;Pare;Residencial;0;0;2;1;0;0;1;0;0;0;0;0;-38,485100;-3,771301;;;
264034;17;11;2015;08:00;9215;RUA MARIO MAMEDE;RUA EUSEBIO DE SOUZA;;;;Colisão Transversal;Luz do Dia;;;Cruz;Pare;Rural;0;0;3;1;0;0;0;0;0;0;0;0;-38,530237;-3,750310;;;
264035;17;11;2015;16:30;15370;AV DOM LUIS;AV SEN VIRGILIO TAVORA;;;;Colisão Lateral;Luz do Dia;;;Cruz;Semáforo;Comercial;0;0;2;1;0;0;0;0;0;0;0;0;-38,492507;-3,734829;;;
264036;17;11;2015;17:30;0;AV BORGES DE MELO;;;60;;Colisão Traseira;Anoitecer;;;Meio de Quadra;;;0;0;2;1;0;0;0;0;0;0;0;0;-38,517871;-3,761561;;;
264037;17;11;2015;06:00;9131;AV 13 DE MAIO;RUA BAR ARATANHA;;;;Colisão Transversal;Luz do Dia;;;Cruz;Semáforo;Comercial;0;1;1;1;0;0;0;0;0;0;0;0;-38,531331;-3,747615;;;
264040;17;11;2015;05:50;5200;RUA TEN BENEVOLO;RUA GONCALVES LEDO;;;;Colisão Transversal;Amanhecer;;;Cruz;Pare;Residencial;0;3;1;1;0;0;0;0;0;0;0;0;-38,514537;-3,726183;;;
264041;17;11;2015;13:20;15254;RUA VICENTE LEITE;AV ANTONIO JUSTA;;;;Colisão Lateral;Luz do Dia;;;Cruz;Pare;Residencial;0;0;2;1;0;0;0;0;0;0;0;0;-38,492584;-3,728280;;;
264105;17;11;2015;20:40;0;AV AUGUSTO DOS ANJOS;;;;;Colisão Transversal;;;;Meio de Quadra;;;0;1;1;1;0;0;0;0;0;1;0;0;;;;;
264043;17;11;2015;15:25;19152;RUA LAURO NOGUEIRA;RUA BATISTA DE OLIVEIRA;;;;Colisão Lateral;Luz do Dia;;;Cruz;Pare;Misto;0;0;2;1;1;0;0;0;0;0;0;0;-38,478301;-3,740086;;;
264044;17;11;2015;14:40;0;AV ALBERTO CRAVEIRO;;;960;;Colisão Lateral;Luz do Dia;;;Meio de Quadra;;;0;0;2;1;0;0;1;0;0;0;0;0;-38,517223;-3,786671;;;
264045;17;11;2015;12:00;22094;AV JOSE BASTOS;RUA DELMIRO FARIAS;;;;Colisão Traseira;Luz do Dia;;;T;Semáforo;Outros;0;0;2;1;0;0;1;0;0;0;0;0;-38,549219;-3,748756;;;
264046;17;11;2015;14:00;11761;AV PRS CASTELO BRANCO;RUA JACINTO MATOS;;;;Colisão Traseira;Luz do Dia;;;T;Semáforo;Residencial;0;0;2;1;0;0;0;0;0;0;0;0;-38,546333;-3,714630;;;
264047;17;11;2015;21:40;0;AV CEL CARVALHO;;;;;Colisão Lateral;;;;Meio de Quadra;;;0;0;2;1;0;0;0;0;0;0;0;0;;;;;
269276;17;11;2015;23:26;0;RUA GOV JOAO CARLOS;;;40;;Colisão;;;;Meio de Quadra;;;0;1;0;0;0;0;0;0;0;0;0;0;-38,551016;-3,776673;;;
269273;17;11;2015;22:14;5140;RUA TEN BENEVOLO;AV DOM MANUEL;;;;Colisão;;;;Cruz;Semáforo;Comercial;0;1;0;1;0;0;0;0;0;1;0;0;-38,519888;-3,724540;;;
269274;17;11;2015;22:31;0;AV JOSE BASTOS;;;4400;;Colisão;;;;Meio de Quadra;;;0;1;0;1;0;0;0;0;0;1;0;0;-38,555754;-3,755265;;;
269282;17;11;2015;23:50;0;RUA 816 CJ CEARA;;;;;Queda;;;;Meio de Quadra;;;0;1;0;0;0;0;0;0;0;1;0;0;;;;;
269284;17;11;2015;23:51;2755;RUA CEL VIRGILIO NOGUEIRA (BOM JARDIM);RUA BOM JESUS (GRANJA LISBOA);;;;Colisão;;;;Cruz;Cancela;Misto;0;1;0;0;0;0;0;0;0;0;0;0;-38,609686;-3,791684;;;
269268;17;11;2015;20:05;0;RUA 1 LT ARVOREDO;;;235;;Colisão;;;;Meio de Quadra;;;0;1;0;1;0;0;0;0;0;1;0;0;;;;;
269269;17;11;2015;20:44;0;AV D CJ CEARA;;;1041;;Colisão;;;;Meio de Quadra;;;0;1;1;1;0;0;0;0;0;1;0;0;-38,603334;-3,760994;;;
269262;17;11;2015;19:17;0;RUA JARDIM FLUMINENSE;;;;;Colisão;;;;Meio de Quadra;;;0;1;0;1;0;0;0;0;0;1;0;0;;;;;
269259;17;11;2015;18:46;0;AV DR SILAS MUNGUBA;;;580;;Colisão;;;;Meio de Quadra;;;0;1;0;1;0;0;0;0;0;1;0;0;-38,559897;-3,779962;;;
264168;17;11;2015;08:42;0;AV FRANCISCO SA;;;2767;;Colisão Traseira;Luz do Dia;;;Meio de Quadra;;;0;1;2;1;0;0;0;0;1;0;0;0;-38,550288;-3,719747;;;
264176;17;11;2015;14:10;0;AV DR SILAS MUNGUBA;;;1280;;Colisão Lateral;Luz do Dia;;;Meio de Quadra;;;0;1;2;0;1;0;1;0;0;1;0;0;-38,554837;-3,782756;;;
264177;17;11;2015;12:30;0;AV GAL OSORIO DE PAIVA;;;1271;;Engavetamento;Luz do Dia;;;Meio de Quadra;;;0;0;3;1;1;0;0;0;0;0;0;0;-38,572881;-3,779658;;;
264150;17;11;2015;09:30;3772;AV DOMINGOS OLIMPIO;RUA VINTE E QUATRO DE MAIO;;;;Colisão Traseira;Luz do Dia;;;T;Não Há Controle;Residencial;0;0;2;1;0;0;0;0;0;0;0;0;-38,535219;-3,735278;;;
264151;17;11;2015;07:00;0;AV JOAO PESSOA;;;6745;;Colisão Lateral;Luz do Dia;;;Meio de Quadra;;;0;0;2;1;0;0;0;0;0;1;0;0;-38,561031;-3,770199;;;
264134;17;11;2015;06:15;0;AV PRS COSTA E SILVA;;;2596;;Colisão Lateral;Luz do Dia;;;Meio de Quadra;;;0;1;1;1;0;0;0;0;0;1;0;0;-38,559043;-3,820780;;;
264125;17;11;2015;19:30;11573;AV DES FAUSTINO ALBUQUERQUE;RUA MON JOAO LUIS SANTIAGO;;;;Colisão Transversal;;;;Cruz;Pare;Misto;0;1;1;1;0;0;0;0;0;1;0;0;-38,499589;-3,786336;;;
264130;17;11;2015;10:30;7650;AV CARNEIRO DE MENDONCA;RUA BELO HORIZONTE;;;;Colisão Lateral;Luz do Dia;;;Cruz;Pare;Misto;0;0;2;1;0;0;0;0;0;0;0;0;-38,567567;-3,763666;;;
264131;17;11;2015;08:30;0;AV DOS EXPEDICIONARIOS;;;;;Colisão Lateral;Luz do Dia;;;Meio de Quadra;;;0;0;2;1;0;0;0;0;0;0;0;0;;;;;
264128;17;11;2015;10:00;1282;AV SANTOS DUMONT;AV BAR STUDART;;;;Colisão Traseira;Luz do Dia;;;Cruz;Semáforo;Comercial;0;1;1;1;0;0;0;0;0;1;0;0;-38,506304;-3,733642;;;
264147;17;11;2015;13:30;0;RUA NOGUEIRA ACIOLI;;;1165;;Colisão Lateral;Luz do Dia;;;Meio de Quadra;;;0;0;2;0;0;0;1;0;0;1;0;0;-38,518385;-3,734997;;;
264148;17;11;2015;14:00;8935;AV DOMINGOS OLIMPIO;RUA TEREZA CRISTINA;;;;Colisão Traseira;Luz do Dia;;;Cruz;Semáforo;Residencial;0;0;2;1;0;0;0;0;0;0;0;0;-38,538883;-3,734086;;;
264108;17;11;2015;19:30;5265;RUA PEDRO PEREIRA;RUA VINTE E QUATRO DE MAIO;;;;Colisão Transversal;;;;Cruz;Pare;Comercial;0;0;2;1;0;0;0;0;0;0;0;0;-38,532486;-3,728400;;;
264112;17;11;2015;18:00;20042;AV PRS JUSCELINO KUBITSCHEK (PASSARÉ);AV DR SILAS MUNGUBA;;;;Colisão Lateral;Anoitecer;;;;;;0;0;2;1;1;0;0;0;0;0;0;0;-38,524782;-3,807229;;;
264121;17;11;2015;13:30;0;RUA OSVALDO CRUZ (ALDEOTA);;;;;Colisão Lateral;Luz do Dia;;;Meio de Quadra;;;0;1;1;1;0;0;0;0;0;1;0;0;-38,501837;-3,740321;;;
264119;17;11;2015;10:00;1378;RUA DES LEITE ALBUQUERQUE;RUA OSVALDO CRUZ (ALDEOTA);;;;Colisão Transversal;Luz do Dia;;;Cruz;Pare;Comercial;0;0;2;1;0;0;0;0;0;0;0;0;-38,500640;-3,736598;;;
264116;17;11;2015;15:50;0;AV TRISTAO GONCALVES;;;;;Colisão Transversal;Luz do Dia;;;Meio de Quadra;;;0;2;0;1;0;0;0;0;0;1;0;0;;;;;
266344;17;11;2015;18:57;0;AV ANTONIO SALES;;;;;Engavetamento;;;;Meio de Quadra;;;0;0;3;1;0;0;0;0;0;0;0;0;;;;;
266440;17;11;2015;23:04;12457;RUA PRO GOMES BRASIL;AV AUGUSTO DOS ANJOS;;;;Colisão;;;;Cruz;Semáforo;Comercial;0;0;2;1;1;0;0;0;0;0;0;0;-38,570427;-3,770153;;;
269233;17;11;2015;07:30;0;AV BEZERRA DE MENEZES;;;;;Atropelamento;Luz do Dia;;;Meio de Quadra;;;0;1;0;0;0;0;0;0;0;1;0;0;;;;;
269229;17;11;2015;06:42;0;AV GAL OSORIO DE PAIVA;;;6741;;Queda;Luz do Dia;;;Meio de Quadra;;;0;1;0;0;0;0;0;0;0;1;0;0;-38,609563;-3,812482;;;
269240;17;11;2015;10:02;0;AV ENG SANTANA JUNIOR;;;765;;Colisão;Luz do Dia;;;Meio de Quadra;;;0;1;0;1;0;0;0;0;0;1;0;0;-38,481511;-3,734755;;;
269241;17;11;2015;11:31;0;AV COSTA OESTE;;;5144;;Colisão;Luz do Dia;;;Meio de Quadra;;;0;1;0;1;0;0;0;0;0;0;0;0;;;;;
269243;17;11;2015;13:10;0;AV PERIMETRAL;;;2190;;Atropelamento;Luz do Dia;;;Meio de Quadra;;;0;1;0;0;0;0;0;0;0;1;0;0;-38,561880;-3,819419;;;
269254;17;11;2015;17:46;0;RUA PEDRO MELO;;;26;;Colisão;Anoitecer;;;Meio de Quadra;;;0;1;0;0;0;0;0;0;0;1;0;0;;;;;
269255;17;11;2015;18:34;0;RUA DELMIRO FARIAS;;;870;;Colisão;;;;Meio de Quadra;;;0;1;0;1;0;0;0;0;0;1;0;0;-38,547007;-3,750746;;;
269245;17;11;2015;14:20;0;RUA EMILIA GONCALVES;;;3;;Colisão;Luz do Dia;;;Meio de Quadra;;;0;1;0;1;0;0;0;0;0;1;0;0;;;;;
270718;17;11;2015;22:00;0;AV SEN CARLOS JEREISSATI (AEROPORTO);;;;KM 03;Colisão;Via Iluminada;;Seca;Meio de Quadra;;;0;0;2;1;0;0;0;0;0;0;0;0;-38,541414;-3,780382;;;
270756;18;11;2015;14:06;0;RD CE-040;;;;KM-10;Colisão;Luz do Dia;;Seca;Meio de Quadra;;;0;0;2;1;0;0;0;0;0;0;0;0;-38,480068;-3,838671;;;
270736;18;11;2015;08:10;0;RD CE-040;;;;KM-08;Colisão;Luz do Dia;;Seca;Meio de Quadra;;;0;1;1;1;0;1;0;0;0;0;0;0;-38,481317;-3,823332;;;
270748;18;11;2015;13:00;0;RD CE-040;;;;KM-01;Colisão;Luz do Dia;;Seca;Meio de Quadra;;;0;1;1;1;0;0;0;0;0;0;0;0;-38,483270;-3,754877;;;
270741;18;11;2015;11:00;0;RD CE-040;;;;KM-01;Colisão;Luz do Dia;;Seca;Meio de Quadra;;;0;0;2;1;1;0;0;0;0;0;0;0;-38,483270;-3,754877;;;
270746;18;11;2015;07:50;0;RD CE-040;;;;KM-14;Colisão;Luz do Dia;;Seca;Meio de Quadra;;;0;1;1;0;0;0;0;0;0;0;0;0;-38,469235;-3,865526;;;
270730;18;11;2015;07:45;0;RD CE-040;;;;KM-07;Colisão;Luz do Dia;;Seca;Meio de Quadra;;;0;0;2;1;0;0;0;0;0;0;0;0;-38,483160;-3,817953;;;
259389;18;11;2015;07:40;0;RD BR 116;;;5000;KM-05;Colisão Traseira;Luz do Dia;Bom;Seca;Meio de Quadra;Não Há Controle;Comercial;0;0;4;1;0;0;0;0;0;0;0;0;-38,506787;-3,796502;;;
259390;18;11;2015;09:50;0;RD BR 116;;;6000;KM-06;Colisão Lateral;Luz do Dia;Bom;Seca;Meio de Quadra;Não Há Controle;Comercial;0;0;2;1;0;0;1;0;0;0;0;0;-38,503053;-3,804691;;;
266442;18;11;2015;16:04;0;RUA BAR RIO BRANCO;RUA PDE MIGUELINHO;;;;Colisão;Luz do Dia;;;;;;0;0;2;1;0;0;0;0;0;0;0;0;;;;;
264178;18;11;2015;11:50;0;AV GOV RAUL BARBOSA;;;1330;;Colisão;Luz do Dia;;;Meio de Quadra;;;0;0;2;1;0;0;1;0;0;0;0;0;-38,508133;-3,761985;;;
264179;18;11;2015;08:50;0;AV DIOGUINHO;;;1231;;Colisão Transversal;Luz do Dia;;;Meio de Quadra;;;0;1;1;1;0;0;0;0;0;1;0;0;-38,460396;-3,728670;;;
264180;18;11;2015;19:40;5357;RUA MAJ FACUNDO;RUA PEDRO I;;;;Colisão Lateral;;;;Cruz;Pare;Comercial;0;0;2;1;0;0;0;0;0;0;0;0;-38,528990;-3,731113;;;
264181;18;11;2015;14:30;0;RUA CEL MATOS DOURADO;;;355;;Colisão Traseira;Luz do Dia;;;Meio de Quadra;;;0;0;2;1;0;0;0;0;0;0;0;0;-38,585094;-3,742090;;;
264186;18;11;2015;18:00;17613;RUA ACRE;RUA PIAUI;;;;Colisão Transversal;Anoitecer;;;;;;0;0;2;1;0;0;0;0;0;0;0;0;-38,564044;-3,758417;;;
264187;18;11;2015;06:10;1445;RUA DES LEITE ALBUQUERQUE;RUA VICENTE LEITE;;;;Colisão Transversal;Luz do Dia;;;Cruz;Pare;Comercial;0;1;1;1;1;0;0;0;0;0;0;0;-38,495734;-3,738178;;;
264184;18;11;2015;11:50;0;RUA JABORANDI;;;1628;;Colisão Traseira;Luz do Dia;;;Meio de Quadra;;;0;0;2;1;0;0;0;0;0;0;0;0;;;;;
264193;18;11;2015;14:30;748;AV FRANCISCO SA;RUA FRANCISCO CALACA;;;;Colisão Transversal;Luz do Dia;;;Y;Pare;Comercial;0;1;1;1;0;0;0;0;0;1;0;0;-38,572275;-3,712310;;;
264211;18;11;2015;16:30;1510;AV JULIO VENTURA;RUA JOSE VILAR;;;;Colisão Traseira;Luz do Dia;;;Cruz;Semáforo;Comercial;0;0;2;1;0;0;0;0;0;0;0;0;-38,506014;-3,739985;;;
264212;18;11;2015;07:04;20076;RUA OITICICAS;RUA MANDACARUS D68;;;;Colisão Lateral;Luz do Dia;;;Rotatória;Pare;Residencial;0;1;1;1;0;0;0;0;0;1;0;0;-38,536802;-3,808330;;;
264213;18;11;2015;10:40;0;RUA GAL ONOFRE;;;1231;;Colisão Lateral;Luz do Dia;;;Meio de Quadra;;;0;2;0;0;0;0;0;0;0;1;0;0;;;;;
264195;18;11;2015;13:30;20042;AV DR SILAS MUNGUBA;AV PRS JUSCELINO KUBITSCHEK (PASSARÉ);;;;Colisão Traseira;Luz do Dia;;;;;;0;0;2;1;0;0;0;0;0;0;0;0;-38,524782;-3,807229;;;
264196;18;11;2015;23:00;1250;AV BAR STUDART;RUA COSTA BARROS;;;;Colisão Transversal;;;;Cruz;Semáforo;Comercial;0;1;2;1;1;0;0;0;0;0;0;0;-38,505837;-3,732231;;;
264197;18;11;2015;17:30;0;AV LINEU MACHADO;;;840;;Colisão Lateral;Anoitecer;;;Meio de Quadra;;;0;0;2;1;0;0;1;0;0;0;0;0;-38,577722;-3,767479;;;
264198;18;11;2015;17:30;0;AV LINEU MACHADO;;;900;;Colisão;Anoitecer;;;Meio de Quadra;;;0;1;2;1;0;0;0;0;0;1;0;0;-38,577824;-3,767659;;;
264189;18;11;2015;16:00;0;AV CASTELO DE CASTRO;;;1607;;Colisão Lateral;Luz do Dia;;;Meio de Quadra;;;0;1;1;0;1;0;0;0;0;1;0;0;-38,521606;-3,842543;;;
264190;18;11;2015;17:15;0;AV DOS EXPEDICIONARIOS;;;;;Colisão Lateral;Anoitecer;;;Meio de Quadra;;;0;0;3;1;0;0;0;0;0;0;0;0;;;;;
264191;18;11;2015;11:00;0;AV TRISTAO GONCALVES;;;1349;;Colisão Lateral;Luz do Dia;;;Meio de Quadra;;;0;0;2;1;1;0;0;0;0;0;0;0;-38,535111;-3,733467;;;
264201;18;11;2015;06:30;5091;RUA GAL SAMPAIO;RUA CASTRO E SILVA;;;;Colisão Lateral;Luz do Dia;;;Cruz;Semáforo;Comercial;0;0;2;0;1;0;0;0;0;0;0;0;-38,529670;-3,723098;;;
264202;18;11;2015;09:00;6810;RUA BENTO ALBUQUERQUE;RUA JOSE BORBA VASCONCELOS;;;;Colisão Lateral;Luz do Dia;;;Cruz;Outros;Outros;0;0;2;1;0;0;0;0;0;0;0;0;-38,472258;-3,747266;;;
264203;18;11;2015;12:20;15804;RUA ANTONINO BARROS;RUA PERGENTINO MAIA;;;;Colisão Transversal;Luz do Dia;;;Cruz;Pare;Comercial;0;1;2;1;0;1;0;0;0;0;0;0;-38,488977;-3,831390;;;
264204;18;11;2015;07:50;11057;AV DR SILAS MUNGUBA;AV DOS EXPEDICIONARIOS;;;;Colisão Transversal;Luz do Dia;;;Cruz;Cancela;Comercial;0;1;1;0;1;0;0;0;0;0;0;0;-38,547960;-3,787538;;;
264205;18;11;2015;15:15;15357;RUA LEONARDO MOTA;RUA PEREIRA VALENTE;;;;Colisão Lateral;Luz do Dia;;;Cruz;Pare;Misto;0;0;2;1;0;0;0;0;0;0;0;0;-38,495134;-3,732885;;;
264206;18;11;2015;22:31;10999;RUA 15 DE NOVEMBRO;RUA ALBERTO MAGNO;;;;Colisão;;;;Cruz;Pare;Residencial;0;0;2;1;0;0;0;0;0;0;0;0;-38,553169;-3,769909;;;
264207;18;11;2015;07:30;13534;RUA JOAO CORDEIRO;AV SORIANO ALBUQUERQUE;;;;Colisão Lateral;Luz do Dia;;;Cruz;Pare;Residencial;0;0;2;1;0;0;0;0;0;0;0;0;-38,519458;-3,747871;;;
264208;18;11;2015;09:30;5343;RUA PDE IBIAPINA;AV BEZERRA DE MENEZES;;;;Colisão Traseira;Luz do Dia;;;Cruz;Semáforo;Comercial;0;0;2;1;0;0;0;0;0;0;0;0;-38,539973;-3,730548;;;
264209;18;11;2015;09:30;0;RUA DA SAUDADE D04;;;402;;Colisão Traseira;Luz do Dia;;;Meio de Quadra;;;0;0;2;1;0;0;0;0;0;0;0;0;;;;;
269285;18;11;2015;06:20;0;RUA CASTRO E SILVA;;;;;Colisão;Luz do Dia;;;Meio de Quadra;;;0;1;0;1;1;0;0;0;0;0;0;0;;;;;
269287;18;11;2015;06:50;0;RUA PDE PEDRO DE ALENCAR;;;;;Colisão;Luz do Dia;;;Meio de Quadra;;;0;1;0;1;0;0;0;0;0;1;0;0;;;;;
269303;18;11;2015;12:04;1388;AV SANTOS DUMONT;RUA LEONARDO MOTA;;;;Queda;Luz do Dia;;;Cruz;Semáforo;Comercial;0;1;0;0;0;0;0;0;0;1;0;0;-38,496397;-3,736857;;;
269301;18;11;2015;11:12;0;AV LINEU MACHADO;;;811;;Choque c/ Obstáculo Fixo;Luz do Dia;;;Meio de Quadra;;;0;1;0;0;0;0;0;0;0;1;0;0;-38,577622;-3,767289;;;
269307;18;11;2015;12:09;5247;AV IMPERADOR;RUA PEDRO PEREIRA;;;;Queda;Luz do Dia;;;Cruz;Semáforo;Comercial;0;1;0;0;0;0;0;0;0;1;0;0;-38,534609;-3,727714;;;
269309;18;11;2015;12:19;0;AV GODOFREDO MACIEL;;;4000;;Colisão;Luz do Dia;;;Meio de Quadra;;;0;1;0;1;0;0;0;0;0;1;0;0;-38,573939;-3,809372;;;
269352;18;11;2015;21:44;0;AV JOAO PESSOA;;;4979;;Colisão;;;;Meio de Quadra;;;0;1;0;0;0;0;0;0;0;0;0;0;;;;;
269337;18;11;2015;16:32;7909;AV DES MOREIRA;RUA FRANCISCO HOLANDA;;;;Queda;Luz do Dia;;;Cruz;Semáforo;Residencial;0;1;0;0;0;1;0;0;0;0;0;0;-38,502540;-3,749355;;;
269341;18;11;2015;18:11;0;AV PRS CASTELO BRANCO;;;1465;COL. MARCÍLIO DIAS;Atropelamento;Anoitecer;;;Meio de Quadra;;;0;1;0;0;0;0;0;0;0;1;0;0;;;;;
269347;18;11;2015;20:53;0;RUA PRO JOSE DE BARCELOS;;;739;;Queda;;;;Meio de Quadra;;;0;1;0;0;0;0;0;0;0;1;0;0;-38,550186;-3,737294;;;
272649;18;11;2015;15:21;5250;RUA PEDRO I;RUA AGAPITO DOS SANTOS;;;;Colisão;Luz do Dia;;;Cruz;Pare;Comercial;0;0;2;0;0;0;0;0;0;0;0;0;-38,539337;-3,727789;;;
272650;18;11;2015;16:46;19291;RUA ARARIPE PRATA;RUA GUILHERME PERDIGAO;;;;Colisão;Luz do Dia;;;Cruz;Pare;Residencial;0;0;2;0;0;0;0;0;0;0;0;0;-38,569659;-3,774315;;;
272641;18;11;2015;12:34;5348;RUA PDE MORORO;RUA METON DE ALENCAR;;;;Colisão;Luz do Dia;;;T;Não Há Controle;Comercial;0;0;2;0;0;0;0;0;0;0;0;0;-38,539143;-3,730892;;;
264292;18;11;2015;10:44;0;RUA VALPARAISO;;;160;EMEIF MARIETA CALS;Colisão Transversal;Luz do Dia;;;Meio de Quadra;;;1;1;1;0;0;0;1;0;0;1;0;0;-38,523560;-3,845773;;;
264296;18;11;2015;09:00;0;RUA BAR RIO BRANCO;;;906;;Outros;Luz do Dia;;;Meio de Quadra;;;0;1;1;1;0;0;0;0;0;1;0;0;-38,528234;-3,726362;;;
264297;18;11;2015;20:00;8954;AV DOMINGOS OLIMPIO;RUA DOM JERONIMO D06;;;;Colisão Transversal;;;;Cruz;Pare;Residencial;0;0;2;1;0;0;0;0;0;0;0;0;-38,543457;-3,733201;;;
264299;19;11;2015;16:30;0;RUA ANA BILHAR;;;770;;Colisão Traseira;Luz do Dia;;;Meio de Quadra;;;0;1;1;1;0;0;0;0;0;1;0;0;-38,493293;-3,730235;;;
264300;19;11;2015;10:20;26077;AV DUQ CAXIAS;AV JOSE JATAHY;;;;Colisão Lateral;Luz do Dia;;;T;Pare;Comercial;0;0;2;1;0;0;0;0;0;0;0;0;;;;;
264306;19;11;2015;18:20;0;AV DR SILAS MUNGUBA;;;1401;;Queda;Anoitecer;;;Meio de Quadra;;;0;1;0;0;0;0;0;0;0;1;0;0;-38,554015;-3,783797;;;
264303;19;11;2015;18:15;0;RUA BENTO ALBUQUERQUE;;;;;Colisão Transversal;Anoitecer;;;Meio de Quadra;;;0;0;2;0;1;0;0;0;0;0;0;0;;;;;
264314;19;11;2015;18:30;22009;RUA FRANCISCA CLOTILDE;RUA TIRADENTES;;;;Colisão Transversal;Anoitecer;;;Cruz;Não Há Controle;Residencial;0;0;2;1;0;0;0;0;0;0;0;0;-38,550861;-3,740470;;;
264312;19;11;2015;19:00;23002;RUA PRA HELOISA F LIMA;RUA VILA RICA;;;;Colisão Transversal;;;;Cruz;Pare;Outros;0;0;2;1;1;0;0;0;0;0;0;0;-38,545724;-3,787573;;;
264310;19;11;2015;00:05;0;AV JOAO DE ARAUJO LIMA;;;370;;Colisão Lateral;;;;Meio de Quadra;;;0;1;1;0;0;0;0;1;0;1;0;0;-38,558822;-3,824448;;;
264308;19;11;2015;13:30;1557;RUA BARBOSA DE FREITAS;RUA CAROLINA SUCUPIRA;;;;Colisão Transversal;Luz do Dia;;;Cruz;Pare;Residencial;0;0;2;1;0;0;0;0;0;0;0;0;-38,498942;-3,741517;;;
264395;19;11;2015;16:00;13375;RUA HENRIQUE RABELO;AV ANTONIO SALES;;;;Colisão Transversal;Luz do Dia;;;Cruz;Pare;Comercial;0;0;2;1;0;0;0;0;0;0;0;0;-38,521352;-3,739540;;;