COD_ACIDENTE;DIA;MES;ANO;HORA;INTERSECAO;LOG1;LOG2;LOG3;NUMERO;REFERENCIA;NATUREZA;ILUMINACAO;TEMPO;SUPERFICIEPISTA;TIPOCRUZAMENTO;CONTROLETRAFEGO;USOSOLO;MORTOS;FERIDOS;ILESOS;AUTOMOVEL;ONIBUS;BICICLETA;CAMINHAO;MICROONIBUS;CICLOMOTOR;MOTOCICLETA;TRACAOANIMAL;TREM;LONG;LAT;;;
264377;19;11;2015;22:30;0;AV 13 DE MAIO;;;2835;;Colisão Traseira;;;;Meio de Quadra;;;0;0;2;1;0;0;0;0;0;0;0;0;-38,540529;-3,739751;;;
264365;19;11;2015;13:30;348;RUA CESAR FONTENELE;RUA PRO LINO ENCARNACAO;;;;Colisão Transversal;Luz do Dia;;;Cruz;Pare;Misto;0;1;1;1;0;0;0;0;0;1;0;0;-38,559596;-3,746359;;;
264354;19;11;2015;07:20;5415;RUA GAL CLARINDO DE QUEIROZ;RUA FLORIANO PEIXOTO;;;;Colisão Transversal;Luz do Dia;;;Cruz;Pare;Comercial;0;0;2;1;0;0;0;0;0;0;0;0;-38,529027;-3,733049;;;
264357;19;11;2015;23:00;9099;AV EDUARDO GIRAO;RUA MIN JOAQUIM BASTOS D14;;;;Colisão Transversal;;;;;;;0;0;2;1;0;0;0;0;0;0;0;0;-38,525973;-3,755700;;;
264363;19;11;2015;08:40;0;AV GODOFREDO MACIEL;;;656;;Colisão;Luz do Dia;;;Meio de Quadra;;;0;1;1;1;0;1;0;0;0;0;0;0;-38,565498;-3,782142;;;
264374;19;11;2015;13:10;15371;AV DOM LUIS;RUA PRO DIAS DA ROCHA;;;;Colisão Transversal;Luz do Dia;;;Cruz;Pare;Comercial;0;1;1;1;0;0;0;0;0;1;0;0;-38,491572;-3,735126;;;
264375;19;11;2015;15:00;0;AV PDE ANTONIO TOMAS;;;920;;Colisão Lateral;Luz do Dia;;;;;;0;0;2;1;1;0;0;0;0;0;0;0;-38,495650;-3,741462;;;
264322;19;11;2015;05:30;0;AV JOVITA FEITOSA;;;520;;Choque c/ Obstáculo Fixo;Amanhecer;;;Meio de Quadra;;;0;1;0;1;0;0;0;0;0;0;0;0;-38,548656;-3,738237;;;
264317;19;11;2015;18:00;20042;AV ALBERTO CRAVEIRO;AV DEP PAULINO ROCHA;;;;Colisão Traseira;Anoitecer;;;;;;0;0;2;1;0;0;0;0;0;0;0;0;-38,524782;-3,807229;;;
264319;19;11;2015;19:44;0;RUA DES PRAXEDES;;;1310;;Colisão Transversal;;;;Meio de Quadra;;;0;2;1;1;0;1;0;0;0;0;0;0;-38,542797;-3,763060;;;
264320;19;11;2015;09:00;0;AV DOM MANUEL;;;;;Colisão Traseira;Luz do Dia;;;Meio de Quadra;;;0;0;2;1;0;0;0;0;0;0;0;0;;;;;
264351;19;11;2015;16:00;5039;RUA PESSOA ANTA;AV ALBERTO NEPOMUCENO;;;;Colisão Lateral;Luz do Dia;;;Cruz;Semáforo;Comercial;0;0;2;1;0;0;0;0;0;0;0;0;-38,523212;-3,721257;;;
264348;19;11;2015;08:30;0;AV CEL CARVALHO;;;;;Colisão Transversal;Luz do Dia;;;Meio de Quadra;;;0;0;2;1;0;0;1;0;0;0;0;0;;;;;
264344;19;11;2015;16:20;9139;RUA CEL PERGENTINO FERREIRA;RUA MON OTAVIO CASTRO;;;;Colisão Transversal;Luz do Dia;;;Cruz;Pare;Comercial;0;1;1;0;0;0;0;1;0;1;0;0;-38,526704;-3,748970;;;
264340;19;11;2015;13:10;9021;RUA CEL SOLON;AV FELINO BARROSO;;;;Colisão Transversal;Luz do Dia;;;Cruz;Pare;Comercial;0;1;1;0;0;0;0;0;0;1;0;0;-38,528653;-3,743154;;;
264327;19;11;2015;08:30;0;AV PRS JUSCELINO KUBITSCHEK (PASSARÉ);;;;;Colisão Lateral;Luz do Dia;;;Meio de Quadra;;;0;1;1;0;0;0;0;0;0;1;0;0;;;;;
264425;19;11;2015;12:18;19833;AV JOVITA FEITOSA;AV ENG HUMBERTO MONTE;;;;Colisão Transversal;Luz do Dia;;;Cruz;Semáforo;Comercial;0;0;2;1;0;0;0;0;0;0;0;0;-38,566544;-3,741963;;;
264421;19;11;2015;08:20;7894;RUA VICENTE LEITE;RUA PRO FRANCISCO GONCALVES;;;;Colisão Transversal;Luz do Dia;;;Cruz;Pare;Escola;0;0;2;1;0;0;0;0;0;0;0;0;-38,498773;-3,747615;;;
264419;19;11;2015;15:20;0;AV JOAO DE ARAUJO LIMA;;;;;Colisão Lateral;Luz do Dia;;;Meio de Quadra;;;0;0;2;1;0;0;1;0;0;0;0;0;;;;;
264416;19;11;2015;09:50;13491;RUA CEL ALVES TEIXEIRA;RUA JOAO CORDEIRO;;;;Colisão Traseira;Luz do Dia;;;Cruz;Pare;Residencial;0;1;1;1;0;0;0;0;0;1;0;0;-38,519336;-3,745411;;;
264411;19;11;2015;17:30;0;AV DOS EXPEDICIONARIOS;;;9970;;Colisão Traseira;Anoitecer;;;Meio de Quadra;;;0;0;2;1;0;0;1;0;0;0;0;0;-38,553161;-3,804543;;;
264409;19;11;2015;15:20;19721;RUA GUSTAVO SAMPAIO;RUA AMADEU FURTADO;;;;Colisão Transversal;Luz do Dia;;;Cruz;Pare;Rural;0;0;2;1;0;0;0;0;0;1;0;0;-38,563828;-3,736786;;;
264406;19;11;2015;18:00;17366;RUA EDITE BRAGA;RUA ROMEU MARTINS;;;;Choque c/ Obstáculo Fixo;Anoitecer;;;Cruz;Pare;Residencial;0;1;1;1;0;0;0;0;0;1;0;0;-38,552486;-3,766408;;;
264398;19;11;2015;13:35;0;AV LUCIANO CARNEIRO;;;635;;Colisão Traseira;Luz do Dia;;;Meio de Quadra;;;0;0;4;1;0;0;0;0;0;0;0;0;-38,533531;-3,754604;;;
264386;19;11;2015;14:15;5234;RUA NOGUEIRA ACIOLI;RUA PEREIRA FILGUEIRAS;;;;Colisão Lateral;Luz do Dia;;;Cruz;Pare;Residencial;0;0;2;1;0;0;0;0;0;0;0;0;-38,516029;-3,727333;;;
270335;19;11;2015;10:11;5709;AV OLIVEIRA PAIVA;AV DES GONZAGA;;;;Colisão;Luz do Dia;;;Cruz;Semáforo;Lazer;0;0;1;1;0;0;0;0;0;0;0;0;-38,499953;-3,797165;;;
270338;19;11;2015;21:00;0;AV PRS CASTELO BRANCO;;;4571;;Colisão;;;;Meio de Quadra;;;0;0;1;0;0;0;0;0;0;1;0;0;-38,572864;-3,706777;;;
272667;19;11;2015;11:03;3160;RUA RISO DO PRADO;RUA THOMPSON GONCALVES;;;;Colisão;Luz do Dia;;;Cruz;Não Há Controle;Residencial;0;0;2;0;0;0;0;0;0;0;0;0;-38,581757;-3,778881;;;
272669;19;11;2015;11:09;0;AV FRANCISCO SA;;;4535;;Colisão;Luz do Dia;;;Meio de Quadra;;;0;0;2;0;0;0;0;0;0;0;0;0;;;;;
269354;19;11;2015;06:33;25134;RUA VALMIR PONTES;RUA FRANCISCO SEGUNDO DA COSTA;;;;Atropelamento;Luz do Dia;;;Cruz;Não Há Controle;Misto;0;1;0;0;0;0;0;0;0;1;0;0;-38,478525;-3,771114;;;
269355;19;11;2015;06:35;25003;AV SGT HERMINIO SAMPAIO;AV DR THEBERGE;;;;Atropelamento;Luz do Dia;;;Cruz;Semáforo;Residencial;1;0;1;0;0;0;0;0;0;1;0;0;-38,569276;-3,727916;;;
269360;19;11;2015;06:49;0;AV GAL OSORIO DE PAIVA;;;8820;;Atropelamento;Luz do Dia;;;Meio de Quadra;;;0;1;0;0;0;0;0;0;0;1;0;0;;;;;
269363;19;11;2015;07:05;0;RUA 1 LT ARVOREDO;;;908;;Colisão;Luz do Dia;;;Meio de Quadra;;;0;1;0;1;0;0;0;0;0;1;0;0;;;;;
269370;19;11;2015;10:05;0;RUA 1 LT ARVOREDO;;;460;;Queda;Luz do Dia;;;Meio de Quadra;;;0;1;0;0;0;0;0;0;0;1;0;0;;;;;
269376;19;11;2015;10:48;0;RUA AFRODISIO GONDIM;;;335;;Colisão;Luz do Dia;;;Meio de Quadra;;;0;1;0;1;0;0;0;0;0;1;0;0;-38,545946;-3,756953;;;
269384;19;11;2015;13:15;348;RUA PRO LINO ENCARNACAO;RUA CESAR FONTENELE;;;;Colisão;Luz do Dia;;;Cruz;Pare;Misto;0;1;0;1;0;0;0;0;0;1;0;0;-38,559596;-3,746359;;;
269388;19;11;2015;13:45;0;AV CARAPINIMA;;;2085;;Queda;Luz do Dia;;;Meio de Quadra;;;0;1;0;0;0;0;0;0;0;1;0;0;-38,539114;-3,738945;;;
269390;19;11;2015;15:35;3779;RUA VINTE E QUATRO DE MAIO;RUA ANTONIO POMPEU;;;;Colisão;Luz do Dia;;;Cruz;Pare;Comercial;0;1;0;1;0;0;0;0;0;1;0;0;-38,534186;-3,733667;;;
269412;19;11;2015;21:36;0;AV DES GONZAGA;;;507;;Colisão;;;;Meio de Quadra;;;0;1;0;1;0;0;0;0;0;1;0;0;;;;;
269407;19;11;2015;18:07;0;RUA ROMEU MARTINS;;;690;;Colisão;Anoitecer;;;Meio de Quadra;;;0;1;0;1;0;0;0;0;0;1;0;0;-38,552600;-3,766326;;;
269398;19;11;2015;17:58;0;RD BR 116;;;6300;KM-03;Colisão;Anoitecer;;;Meio de Quadra;;;0;1;0;1;0;0;0;0;0;1;0;0;;;;;
269396;19;11;2015;17:44;0;RUA PDE PERDIGAO SAMPAIO;;;526;;Colisão;Anoitecer;;;Meio de Quadra;;;0;1;0;1;0;0;0;0;0;1;0;0;-38,594495;-3,741237;;;
269394;19;11;2015;16:35;0;RUA JOSE HIPOLITO;;;3595;;Colisão;Luz do Dia;;;Meio de Quadra;;;0;1;0;0;0;0;0;0;0;0;0;0;;;;;
269392;19;11;2015;16:31;0;RUA 111 CJ CEARA;;;;;Colisão;Luz do Dia;;;Meio de Quadra;;;0;1;0;0;0;0;0;0;0;0;0;0;;;;;
266445;19;11;2015;08:07;0;AV ALBERTO CRAVEIRO;;;;;Colisão;Luz do Dia;;;Meio de Quadra;;;0;0;2;1;0;0;0;0;0;1;0;0;;;;;
266446;19;11;2015;09:27;0;RD CE-090;;;;;Colisão;Luz do Dia;;;Meio de Quadra;;;0;0;2;1;0;0;0;0;0;0;0;0;;;;;
266450;19;11;2015;17:08;0;AV SANTOS DUMONT;;;;;Colisão;Anoitecer;;;Meio de Quadra;;;0;0;2;1;0;0;0;0;0;0;0;0;;;;;
259391;19;11;2015;17:50;0;RD BR 116;;;3000;KM-03;Colisão Traseira;Anoitecer;Bom;Seca;Meio de Quadra;Não Há Controle;Comercial;0;2;1;0;0;0;0;0;0;1;0;0;-38,514372;-3,779838;;;
270773;19;11;2015;08:30;0;RD CE-040;;;;KM-07;Queda;Luz do Dia;;Seca;Meio de Quadra;;;0;1;0;0;0;0;0;0;0;1;0;0;-38,483160;-3,817953;;;
270778;19;11;2015;18:50;0;AV SEN CARLOS JEREISSATI (AEROPORTO);;;;KM 03;Colisão;Via Iluminada;;Seca;Meio de Quadra;;;0;1;1;0;0;0;0;0;0;1;0;0;-38,541414;-3,780382;;;
264580;20;11;2015;07:40;0;RUA CEL FRANCISCO RIBEIRO;;;;;Colisão Lateral;Luz do Dia;;;Meio de Quadra;;;0;0;2;1;1;0;0;0;0;0;0;0;;;;;
264572;20;11;2015;07:30;0;RUA PDE PEDRO DE ALENCAR;;;1881;;Colisão Traseira;Luz do Dia;;;Meio de Quadra;;;0;2;1;1;0;0;0;0;0;1;0;0;-38,494443;-3,844728;;;
264624;20;11;2015;07:10;0;AV 13 DE MAIO;;;2081;;Colisão Lateral;Luz do Dia;;;Meio de Quadra;;;0;1;1;1;0;0;0;0;1;0;0;0;-38,535688;-3,743896;;;
264629;20;11;2015;08:30;1324;RUA DR JOSE LOURENCO;RUA TORRES CAMARA;;;;Colisão Lateral;Luz do Dia;;;Cruz;Pare;Residencial;0;0;2;1;0;0;0;0;0;0;0;0;-38,508053;-3,735281;;;
264630;20;11;2015;15:50;5234;RUA NOGUEIRA ACIOLI;RUA PEREIRA FILGUEIRAS;;;;Colisão Transversal;Luz do Dia;;;Cruz;Pare;Residencial;1;1;1;1;0;0;0;0;0;0;0;0;-38,516029;-3,727333;;;
264631;20;11;2015;19:30;15354;RUA CANUTO DE AGUIAR;RUA FREDERICO BORGES;;;;Colisão Transversal;;;;Cruz;Não Há Controle;Comercial;0;1;1;1;0;0;0;0;0;1;0;0;-38,489246;-3,732629;;;
264621;20;11;2015;01:00;25420;AV ALM HENRIQUE SABOIA;RUA PRO SILAS RIBEIRO;;;;Colisão Traseira;;;;T;Semáforo Intermitente;Comercial;0;0;2;1;0;0;0;0;0;0;0;0;;;;;
264615;20;11;2015;07:40;0;AV AMERICO BARREIRA;;;7510;;Colisão Traseira;Luz do Dia;;;Meio de Quadra;;;0;1;1;1;0;0;0;0;0;1;0;0;;;;;
264600;20;11;2015;06:30;0;AV DOM MANUEL;;;1260;;Colisão Traseira;Luz do Dia;;;Meio de Quadra;;;0;0;2;1;0;0;0;0;0;0;0;0;-38,523349;-3,735236;;;
264603;20;11;2015;14:20;22930;RUA BERNARDO MANUEL;RUA LEAO TREZE;;;;Colisão Frontal;Luz do Dia;;;Cruz;Pare;Comercial;0;0;2;1;0;0;0;0;0;0;0;0;-38,546723;-3,783394;;;
264604;20;11;2015;14:20;20088;AV PRS JUSCELINO KUBITSCHEK (PASSARÉ);RUA BEM VINDA;;;;Colisão Lateral;Luz do Dia;;;T;Pare;Residencial;0;0;2;0;0;0;0;0;0;0;0;0;-38,526174;-3,808758;;;
264613;20;11;2015;13:10;1432;AV SANTOS DUMONT;AV SEN VIRGILIO TAVORA;;;;Colisão Lateral;Luz do Dia;;;Cruz;Semáforo;Comercial;0;0;2;1;1;0;0;0;0;0;0;0;-38,493482;-3,737828;;;
264610;20;11;2015;15:00;5121;RUA GUILHERME ROCHA;RUA PDE MORORO;;;;Colisão Transversal;Luz do Dia;;;Cruz;Semáforo;Comercial;0;1;1;1;0;0;0;0;0;0;0;0;-38,537045;-3,724033;;;
264619;20;11;2015;10:50;26025;RUA CON DE CASTRO;RUA JOAO AMORA;;;;Colisão Lateral;Luz do Dia;;;Duplo T;Pare;Residencial;0;0;2;1;0;0;0;0;0;1;0;0;-38,586909;-3,799546;;;
264596;20;11;2015;10:15;0;AV PRS CASTELO BRANCO;;;;;Colisão Lateral;Luz do Dia;;;Meio de Quadra;;;0;0;2;1;0;0;0;0;0;0;0;0;;;;;
264585;20;11;2015;07:20;24240;RUA FAUSTO CABRAL;RUA JOSE CARLOS GURGEL NOGUEIRA;;;;Colisão Lateral;Luz do Dia;;;Cruz;Pare;Misto;0;1;1;1;0;0;0;0;0;1;0;0;-38,474615;-3,734195;;;
266455;20;11;2015;10:57;0;RUA TRES MARIAS D39 (MONTESE);;;;;Colisão;Luz do Dia;;;Meio de Quadra;;;0;0;2;1;0;0;1;0;0;0;0;0;;;;;
266462;20;11;2015;21:41;0;AV ABOLICAO;AV BAR STUDART;;;;Colisão;;;;;;;0;0;2;0;1;0;0;0;0;0;0;0;;;;;
269414;20;11;2015;06:57;15832;RUA TEN JURANDIR ALENCAR;RUA PDE PEDRO DE ALENCAR;;;;Colisão;Luz do Dia;;;Cruz;Semáforo;Comercial;0;1;0;1;0;0;0;0;0;1;0;0;-38,494029;-3,832741;;;
269421;20;11;2015;07:39;0;AV DOS EXPEDICIONARIOS;;;4749;;Colisão;Luz do Dia;;;Meio de Quadra;;;0;1;0;0;0;0;0;0;0;0;0;0;-38,539921;-3,760758;;;
269462;20;11;2015;08:32;0;AV CEL CARVALHO;;;833;;Atropelamento;Luz do Dia;;;Meio de Quadra;;;0;1;0;1;0;0;0;0;0;0;0;0;;;;;
269454;20;11;2015;08:30;0;AV GAL OSORIO DE PAIVA;;;;;Colisão;Luz do Dia;;;Meio de Quadra;;;0;1;0;0;0;0;0;0;0;0;0;0;;;;;
272672;20;11;2015;11:46;0;AV GODOFREDO MACIEL;;;2900;;Atropelamento;Luz do Dia;;;Meio de Quadra;;;0;0;2;0;0;0;0;0;0;0;0;0;-38,570835;-3,799452;;;
272673;20;11;2015;11:54;0;RUA EDUARDO PORTO;;;106;;Colisão;Luz do Dia;;;Meio de Quadra;;;0;0;2;0;0;0;0;0;0;0;0;0;-38,495267;-3,832713;;;
272674;20;11;2015;12:30;0;RUA MONTE PASCOAL;;;1091;;Colisão;Luz do Dia;;;Meio de Quadra;;;0;0;2;0;0;0;0;0;0;0;0;0;;;;;
272675;20;11;2015;13:52;0;RUA TRANSVERSAL UI 309;;;600;;Colisão;Luz do Dia;;;Meio de Quadra;;;0;0;2;0;0;0;0;0;0;0;0;0;;;;;
272676;20;11;2015;14:08;1032;AV ENG LEAL LIMA VERDE (SAPIRANGA/COITE);RUA JOAQUIM FROTA;;;;Colisão;Luz do Dia;;;Rotatória;Dê Preferência;Residencial;0;0;2;0;0;0;0;0;0;0;0;0;-38,475166;-3,801619;;;
272677;20;11;2015;15:12;25044;RUA ARGENTINA;AV ENG HUMBERTO MONTE;;;;Colisão;Luz do Dia;;;Cruz;Semáforo;Comercial;0;0;2;0;0;0;0;0;0;0;0;0;-38,563090;-3,746008;;;
272678;20;11;2015;17:59;0;RUA ANTENOR ROCHA ALEXANDRE;;;;;Colisão;Anoitecer;;;Meio de Quadra;;;0;0;2;0;0;0;0;0;0;0;0;0;;;;;
272679;20;11;2015;18:09;0;RUA SAO RAIMUNDO D71;;;;;Colisão;Anoitecer;;;Meio de Quadra;;;0;0;2;0;0;0;0;0;0;0;0;0;;;;;
269550;20;11;2015;20:03;6818;RUA FRANCISCO MATOS;RUA DR GILBERTO STUDART;;;;Colisão;;;;Cruz;Pare;Residencial;0;1;0;0;0;0;0;0;0;0;0;0;-38,470191;-3,747084;;;
269548;20;11;2015;19:33;0;RUA RECANTO VERDE;;;1776;;Colisão;;;;Meio de Quadra;;;0;1;0;1;0;0;0;0;0;1;0;0;-38,513195;-3,842490;;;
269553;20;11;2015;20:44;0;AV DR SILAS MUNGUBA;;;;;Colisão;;;;Meio de Quadra;;;0;1;0;1;0;0;0;0;0;1;0;0;;;;;
269554;20;11;2015;20:54;0;AV IMPERADOR;;;;;Colisão;;;;Meio de Quadra;;;0;1;0;0;0;0;0;0;0;0;0;0;;;;;
269555;20;11;2015;23:27;0;AV JOSE LEON;;;2240;;Colisão;;;;Meio de Quadra;;;0;1;0;1;0;0;0;0;0;1;0;0;;;;;
269543;20;11;2015;18:58;0;AV MARIO LINHARES (SAPIRANGA);;;321;;Queda;;;;Meio de Quadra;;;0;1;0;0;0;0;0;0;0;1;0;0;;;;;
269534;20;11;2015;18:32;0;RUA PDE RODOLFO;;;300;;Colisão;;;;Meio de Quadra;;;0;1;0;1;0;0;0;0;0;1;0;0;-38,582890;-3,806854;;;
269532;20;11;2015;18:02;0;AV PERIMETRAL;;;1795;;Colisão;Anoitecer;;;Meio de Quadra;;;0;1;0;0;0;0;0;0;0;0;0;0;;;;;
269536;20;11;2015;18:35;0;RUA PARAGUACU D45;;;819;;Colisão;;;;Meio de Quadra;;;0;1;0;1;0;0;0;0;0;1;0;0;-38,538204;-3,783018;;;
269540;20;11;2015;18:58;0;AV GAL OSORIO DE PAIVA;;;1483;;Atropelamento;;;;Meio de Quadra;;;0;1;0;0;0;0;0;0;0;1;0;0;-38,574762;-3,780853;;;
269517;20;11;2015;17:15;0;AV MAE MANOEL MAVIGNIER;;;3345;LAGOA REDONDA;Colisão;Anoitecer;;;Meio de Quadra;;;0;1;0;1;0;0;0;0;0;1;0;0;;;;;
269524;20;11;2015;17:40;9413;RUA GAUDIOSO CARVALHO;RUA CARNAUBAL;;;;Atropelamento;Anoitecer;;;;;;0;1;0;0;0;0;0;0;0;1;0;0;-38,580391;-3,722783;;;
269488;20;11;2015;15:05;4195;RUA STA ROSA D20/21 (JACARECANGA);AV TEN LISBOA;;;;Colisão;Luz do Dia;;;T;Não Há Controle;Residencial;0;1;0;1;0;0;0;0;0;1;0;0;-38,553959;-3,717557;;;
269493;20;11;2015;15:06;0;RUA QUINZE (CANINDEZINHO);;;;;Colisão;Luz do Dia;;;Meio de Quadra;;;0;1;0;1;0;0;0;0;0;1;0;0;;;;;
269500;20;11;2015;15:44;0;AV MR HULL;;;;;Colisão;Luz do Dia;;;Meio de Quadra;;;0;1;0;0;0;0;0;0;0;0;0;0;;;;;
269504;20;11;2015;16:31;0;AV SEN FERNANDES TAVORA;RUA PDE SA LEITAO;;962;;Colisão;Luz do Dia;;;;;;0;1;1;1;0;0;0;0;0;0;0;0;-38,581603;-3,762487;;;
270784;20;11;2015;11:30;0;AV SEN CARLOS JEREISSATI (AEROPORTO);;;;KM 03;Colisão;Luz do Dia;;Seca;Meio de Quadra;;;0;0;2;1;0;0;0;0;0;0;0;0;-38,541414;-3,780382;;;
270811;20;11;2015;17:15;0;RD CE-025;;;;KM-04;Colisão;Anoitecer;;Seca;Meio de Quadra;;;0;2;1;1;0;0;0;0;1;0;0;0;-38,443065;-3,805249;;;
270806;20;11;2015;14:20;0;AV SEN CARLOS JEREISSATI (AEROPORTO);;;;KM 01;Colisão;Luz do Dia;;Seca;Meio de Quadra;;;0;0;2;0;1;0;1;0;0;0;0;0;-38,520356;-3,783803;;;
270821;20;11;2015;13:30;0;RD CE-040;;;;KM-05;Colisão;Luz do Dia;;Seca;Meio de Quadra;;;0;0;3;1;0;0;0;0;0;0;0;0;-38,480349;-3,790876;;;
270342;20;11;2015;18:00;0;AV GODOFREDO MACIEL;;;1245;;Atropelamento;Anoitecer;;;Meio de Quadra;;;1;0;1;0;0;0;0;0;0;1;0;0;;;;;
270340;20;11;2015;09:55;0;AV SEN CARLOS JEREISSATI (AEROPORTO);;;741;;Colisão;Luz do Dia;;;Meio de Quadra;;;0;2;0;1;0;0;0;0;0;1;0;0;;;;;
270348;20;11;2015;13:00;26243;AV JOAO PESSOA;RUA GUILHERME BLHUM;;;;Colisão;Luz do Dia;;;;;;0;1;1;1;0;0;0;0;0;1;0;0;;;;;
264432;20;11;2015;19:20;0;AV N CJ JOSE WALTER;;;12338;;Atropelamento;;;;Meio de Quadra;;;0;2;0;0;0;0;0;0;0;1;0;0;;;;;
264433;20;11;2015;06:20;0;RUA DEMETRIO MENEZES;;;60;;Colisão Traseira;Luz do Dia;;;Meio de Quadra;;;0;0;2;1;0;0;0;0;0;0;0;0;;;;;
264434;20;11;2015;00:45;17265;RUA SATIRO DIAS;RUA ALBERTO MAGNO;;;;Colisão Transversal;;;;Cruz;Pare;Comercial;0;0;2;0;1;0;0;1;0;0;0;0;-38,547531;-3,762063;;;
264430;20;11;2015;07:30;0;AV ZEZE DIOGO;;;500;;Capotamento;Luz do Dia;;;Meio de Quadra;;;0;1;0;1;0;0;0;0;0;0;0;0;;;;;
264427;20;11;2015;14:30;0;AV PONTES VIEIRA;;;2409;;Colisão Traseira;Luz do Dia;;;Meio de Quadra;;;0;0;2;1;0;0;0;0;0;0;0;0;-38,500200;-3,751171;;;
264514;20;11;2015;14:30;5201;RUA SAO PAULO;RUA FLORIANO PEIXOTO;;;;Colisão Lateral;Luz do Dia;;;Cruz;Semáforo;Comercial;0;1;1;1;0;0;0;0;0;1;0;0;-38,526784;-3,726281;;;
264559;20;11;2015;14:10;7760;AV ANTONIO SALES;RUA SILVA PAULET;;;;Colisão Transversal;Luz do Dia;;;Cruz;Pare;Misto;0;1;1;1;0;0;0;0;0;1;0;0;-38,508383;-3,743595;;;
264557;20;11;2015;20:40;0;AV PRS CASTELO BRANCO;;;5396;;Colisão Transversal;;;;Meio de Quadra;;;0;2;0;0;0;1;0;0;0;1;0;0;;;;;
264536;20;11;2015;07:30;0;RUA DOM JERONIMO D06;;;20;;Colisão Lateral;Luz do Dia;;;Meio de Quadra;;;0;0;2;1;0;0;0;0;0;0;0;0;-38,543766;-3,731641;;;
264540;20;11;2015;10:00;4021;AV PRO GOMES DE MATOS;RUA DES PRAXEDES;;;;Colisão Traseira;Luz do Dia;;;Cruz;Semáforo;Comercial;0;0;2;1;0;0;0;0;0;0;0;0;-38,546229;-3,761872;;;
264551;20;11;2015;18:47;0;RUA SEN POMPEU;;;1520;;Colisão Lateral;;;;Meio de Quadra;;;0;0;2;1;0;0;1;0;0;0;0;0;-38,531165;-3,731992;;;
264531;20;11;2015;21:00;0;RUA PRO HERIBALDO COSTA;;;1785;;Colisão Traseira;;;;Meio de Quadra;;;0;1;1;0;1;0;0;0;0;1;0;0;-38,587724;-3,767352;;;
264533;20;11;2015;20:00;0;RUA CARLOS CHAGAS;;;2648;;Colisão Traseira;;;;Meio de Quadra;;;0;0;2;1;0;0;0;1;0;0;0;0;;;;;
264449;20;11;2015;01:00;10999;RUA ALBERTO MAGNO;RUA 15 DE NOVEMBRO;;;;Colisão Lateral;;;;Cruz;Pare;Residencial;0;1;1;1;0;0;0;0;0;1;0;0;-38,553169;-3,769909;;;
264450;20;11;2015;07:00;15190;AV ABOLICAO;RUA JOAQUIM NABUCO;;;;Colisão Traseira;Luz do Dia;;;Cruz;Semáforo;Comercial;0;1;2;1;0;0;0;0;0;1;0;0;-38,498436;-3,726373;;;
264454;20;11;2015;11:15;25038;RUA JOSE HIPOLITO;RUA PDE PEDRO DE ALENCAR;;;;Colisão Lateral;Luz do Dia;;;Cruz;Semáforo;Comercial;0;0;2;1;0;0;1;0;0;0;0;0;-38,494029;-3,832741;;;
264443;20;11;2015;10:20;0;AV SANTOS DUMONT;;;3743;;Colisão Traseira;Luz do Dia;;;Meio de Quadra;;;0;0;2;1;0;0;0;0;0;0;0;0;-38,489973;-3,738941;;;
264437;20;11;2015;16:00;4195;RUA STA ROSA D20/21 (JACARECANGA);AV TEN LISBOA;;;;Colisão Lateral;Luz do Dia;;;T;Não Há Controle;Residencial;0;0;2;1;0;0;0;0;0;1;0;0;-38,553959;-3,717557;;;
264439;20;11;2015;12:00;3814;RUA PAULINO NOGUEIRA;RUA WALDERY UCHOA;;;;Colisão Transversal;Luz do Dia;;;Cruz;Pare;Residencial;0;1;1;1;0;0;0;0;0;1;0;0;-38,538372;-3,743449;;;
264440;20;11;2015;07:20;9176;AV AGUANAMBI;AV EDUARDO GIRAO;;;;Colisão Transversal;Luz do Dia;;;Rotatória;Cancela;Comercial;0;0;2;1;0;0;0;0;0;0;0;0;-38,523639;-3,755303;;;
264566;20;11;2015;14:30;0;RUA GAL SAMPAIO;;;1328;;Colisão Lateral;Luz do Dia;;;Meio de Quadra;;;0;0;2;1;0;0;1;0;0;0;0;0;-38,531682;-3,729934;;;
269638;21;11;2015;21:12;15874;RUA STA EFIGENIA;RUA GUARUJA;;;;Colisão;;;;Cruz;Pare;Comercial;0;1;1;1;0;0;0;0;0;0;0;0;-38,500593;-3,834763;;;
270843;21;11;2015;14:50;0;RD CE-040;;;;KM-11;Colisão;Luz do Dia;;Seca;Meio de Quadra;;;0;1;1;1;0;0;0;0;0;1;0;0;-38,480252;-3,844873;;;
269562;21;11;2015;04:32;0;AV FRANCISCO SA;;;2665;;Colisão;;;;Meio de Quadra;;;0;1;0;0;0;0;0;0;0;0;0;0;-38,549275;-3,720075;;;
269563;21;11;2015;04:45;0;RUA 117 CJ CEARA;;;11;;Colisão;;;;Meio de Quadra;;;0;1;0;0;0;0;0;0;0;0;0;0;-38,607586;-3,774547;;;
269556;21;11;2015;00:15;0;AV ZEZE DIOGO;;;2237;;Queda;;;;Meio de Quadra;;;0;1;0;0;0;0;0;0;0;1;0;0;;;;;
269583;21;11;2015;05:43;0;RUA ALM RUBIM;;;1594;;Colisão;Amanhecer;;;Meio de Quadra;;;0;1;0;1;0;0;0;0;0;1;0;0;-38,556825;-3,771413;;;