COD_ACIDENTE;DIA;MES;ANO;HORA;INTERSECAO;LOG1;LOG2;LOG3;NUMERO;REFERENCIA;NATUREZA;ILUMINACAO;TEMPO;SUPERFICIEPISTA;TIPOCRUZAMENTO;CONTROLETRAFEGO;USOSOLO;MORTOS;FERIDOS;ILESOS;AUTOMOVEL;ONIBUS;BICICLETA;CAMINHAO;MICROONIBUS;CICLOMOTOR;MOTOCICLETA;TRACAOANIMAL;TREM;LONG;LAT;;;
265084;25;11;2015;08:10;19739;RUA GUSTAVO SAMPAIO;RUA MOREIRA DE SOUSA;;;;Colisão Transversal;Luz do Dia;;;Cruz;Pare;Residencial;0;3;0;0;0;0;0;0;0;1;0;0;-38,566650;-3,737367;;;
265085;25;11;2015;07:00;6756;AV ANTONIO SALES;AV ENG SANTANA JUNIOR;;;;Colisão Traseira;Luz do Dia;;;Outros;Não Há Controle;Comercial;0;1;1;1;0;0;0;0;0;1;0;0;-38,490039;-3,749257;;;
265044;25;11;2015;08:10;7840;AV BAR STUDART;AV SORIANO ALBUQUERQUE;;;;Colisão Lateral;Luz do Dia;;;Cruz;Semáforo;Misto;0;0;2;1;1;0;0;0;0;0;0;0;-38,511573;-3,750183;;;
265045;25;11;2015;21:00;13507;RUA DR JOSE LOURENCO;RUA CEL ALVES TEIXEIRA;;;;Colisão Traseira;;;;Cruz;Não Há Controle;Comercial;0;0;2;1;0;0;0;0;0;0;0;0;-38,511496;-3,746256;;;
265047;25;11;2015;14:45;5370;RUA METON DE ALENCAR;RUA PRC ISABEL;;;;Colisão Lateral;Luz do Dia;;;Cruz;Pare;Comercial;0;0;2;1;0;0;0;0;0;0;0;0;-38,536973;-3,731614;;;
265048;25;11;2015;07:50;7849;RUA JOSE VILAR;RUA FRANCISCO HOLANDA;;;;Colisão Transversal;Luz do Dia;;;Cruz;Pare;Residencial;0;0;2;1;0;0;0;0;0;0;0;0;-38,508441;-3,747448;;;
265049;25;11;2015;14:30;0;RUA CEL FRANCISCO PEREIRA (MESSEJANA);;;;;Colisão Traseira;Luz do Dia;;;Meio de Quadra;;;0;0;2;1;1;0;0;0;0;0;0;0;;;;;
265050;25;11;2015;03:00;1358;AV SANTOS DUMONT;AV DES MOREIRA;;;;Colisão Transversal;;;;Cruz;Semáforo;Comercial;0;0;2;1;0;0;0;0;0;0;0;0;-38,498365;-3,736226;;;
265039;25;11;2015;10:30;5189;RUA PDE IBIAPINA;RUA PEDRO PEREIRA;;;;Colisão Traseira;Luz do Dia;;;Cruz;Não Há Controle;Escola;0;0;2;1;0;0;0;0;0;0;0;0;-38,540601;-3,725940;;;
265023;25;11;2015;19:00;0;AV SEN CARLOS JEREISSATI (AEROPORTO);;;;;Colisão Traseira;;;;Meio de Quadra;;;0;0;2;1;0;0;0;0;0;1;0;0;;;;;
265027;25;11;2015;17:10;0;AV ANTONIO SALES;;;1840;;Colisão Traseira;Anoitecer;;;Meio de Quadra;;;0;0;2;1;0;0;0;0;0;0;0;0;-38,507381;-3,743904;;;
265016;25;11;2015;17:20;3320;RUA VIRIATO RIBEIRO;RUA ARGENTINA;;;;Colisão Transversal;Anoitecer;;;Cruz;Pare;Comercial;0;0;2;1;0;0;0;0;0;0;0;0;-38,564284;-3,747181;;;
264952;25;11;2015;07:20;743;AV PRS CASTELO BRANCO;AV PASTEUR;;;;Colisão Traseira;Luz do Dia;;;Cruz;Semáforo;Comercial;0;2;1;1;0;0;0;0;0;1;0;0;-38,558856;-3,711181;;;
264948;25;11;2015;07:30;0;AV PRS CASTELO BRANCO;;;3319;;Engavetamento;Luz do Dia;;;Meio de Quadra;;;0;0;4;1;1;0;0;0;0;0;0;0;-38,560877;-3,710527;;;
264946;25;11;2015;19:30;0;AV JOAO DE ARAUJO LIMA;;;801;;Colisão Lateral;;;;Meio de Quadra;;;0;0;2;0;0;0;1;0;0;0;0;0;-38,559693;-3,828957;;;
264970;25;11;2015;15:05;7837;RUA OSVALDO CRUZ (ALDEOTA);RUA TOMAS ACIOLI;;;;Colisão Transversal;Luz do Dia;;;Cruz;Pare;Residencial;0;0;2;1;0;0;0;0;0;0;0;0;-38,503970;-3,746886;;;
264967;25;11;2015;08:00;3356;AV ENG HUMBERTO MONTE;RUA MAJ PEDRO SAMPAIO;;;;Colisão Traseira;Luz do Dia;;;Cruz;Pare;Comercial;0;0;2;1;0;0;0;0;0;0;0;0;-38,558609;-3,751481;;;
264963;25;11;2015;12:50;12837;AV DOMINGOS OLIMPIO;RUA JAIME BENEVOLO;;;;Colisão Traseira;Luz do Dia;;;Cruz;Semáforo;Comercial;0;0;2;1;0;0;0;0;0;0;0;0;-38,527245;-3,737780;;;
264955;25;11;2015;08:30;5338;RUA PINTO MADEIRA;RUA VINTE E CINCO DE MARCO;;;;Colisão Transversal;Luz do Dia;;;Cruz;Pare;Residencial;0;1;1;1;0;0;0;0;0;1;0;0;-38,522925;-3,730648;;;
264987;25;11;2015;09:30;0;AV PRO GOMES DE MATOS;;;;;Colisão Lateral;Luz do Dia;;;Meio de Quadra;;;0;1;1;1;0;0;0;0;0;1;0;0;-38,543878;-3,759131;;;
264985;25;11;2015;17:00;5112;RUA BAR RIO BRANCO;RUA CASTRO E SILVA;;;;Colisão Lateral;Anoitecer;;;Cruz;Semáforo;Comercial;0;0;2;1;0;0;0;0;0;0;0;0;-38,527429;-3,723847;;;
264978;25;11;2015;16:15;1462;RUA JOAO CARVALHO;RUA NUNES VALENTE;;;;;Luz do Dia;;;Cruz;Pare;Comercial;0;0;2;1;0;0;0;0;0;0;0;0;-38,504491;-3,738599;;;
264997;25;11;2015;07:45;15136;AV MON TABOSA;RUA ANTONIO AUGUSTO;;;;Colisão;Luz do Dia;;;Cruz;Pare;Comercial;0;0;2;1;0;0;0;0;0;0;0;0;-38,511469;-3,724092;;;
265008;25;11;2015;17:40;10844;RUA TUPI D35;RUA PORTO ALEGRE;;;;Colisão Transversal;Anoitecer;;;Cruz;Pare;Residencial;0;1;1;1;0;0;0;0;0;1;0;0;-38,581470;-3,765120;;;
265004;25;11;2015;17:30;0;AV ALBERTO CRAVEIRO;;;2770;CASTELAO;Atropelamento;Anoitecer;;;Meio de Quadra;;;1;0;1;1;0;0;0;0;0;0;0;0;-38,523255;-3,805335;;;
264943;25;11;2015;07:20;5402;RUA METON DE ALENCAR;RUA VINTE E QUATRO DE MAIO;;;;Colisão Transversal;Luz do Dia;;;Cruz;Pare;Escola;0;0;2;1;0;0;0;0;0;0;0;0;-38,533848;-3,732626;;;
266538;25;11;2015;16:06;0;RUA FRE MANSUETO;AV ANTONIO JUSTA;RUA ANA BILHAR;;;Colisão;Luz do Dia;;;Meio de Quadra;;;0;0;2;1;0;0;0;0;0;0;0;0;;;;;
274302;25;11;2015;04:30;0;RUA DESCONHECIDA;;;;;Queda;;;;Meio de Quadra;;;1;0;0;0;0;1;0;0;0;0;0;0;;;;;
270940;25;11;2015;14:30;0;RD CE-040;;;;KM-02;Colisão;Luz do Dia;;Seca;Meio de Quadra;;;0;0;2;1;0;0;0;0;0;0;0;0;-38,481598;-3,776479;;;
259398;25;11;2015;15:30;0;RD BR 116;;;11000;KM-11;Colisão Lateral;Luz do Dia;Bom;Seca;Meio de Quadra;Não Há Controle;Comercial;0;0;2;1;0;0;0;0;0;0;0;0;-38,497176;-3,847160;;;
259399;25;11;2015;19:10;0;RD BR 116;;;11000;KM-11;Capotamento;Via Iluminada;Bom;Seca;Meio de Quadra;Não Há Controle;Comercial;0;0;1;1;0;0;0;0;0;0;0;0;-38,497176;-3,847160;;;
272839;25;11;2015;07:53;0;AV PRS COSTA E SILVA;;;2670;;Colisão;Luz do Dia;;;Meio de Quadra;;;0;0;2;0;0;0;0;0;0;0;0;0;;;;;
272840;25;11;2015;09:03;0;RUA AFONSO LOPES;;;141;;Colisão;Luz do Dia;;;;;;0;0;2;0;0;0;0;0;0;0;0;0;-38,547085;-3,789390;;;
272841;25;11;2015;12:11;4766;RUA MONTE PASCOAL;RUA SAO FELIPE D71;;;;Colisão;Luz do Dia;;;;;;0;0;2;0;0;0;0;0;0;0;0;0;-38,599931;-3,804646;;;
272842;25;11;2015;16:43;0;RUA MIN ALBUQUERQUE LIMA;;;;;Colisão;Luz do Dia;;;Meio de Quadra;;;0;0;2;0;0;0;0;0;0;0;0;0;;;;;
272843;25;11;2015;21:10;0;RUA EDUARDO PORTO;;;2466;;Colisão;;;;Meio de Quadra;;;0;0;2;0;0;0;0;0;0;0;0;0;;;;;
270447;25;11;2015;11:00;0;AV AGUANAMBI;;;1980;VIADUTO-13 DE MAIO;Colisão;Luz do Dia;;;Meio de Quadra;;;0;1;0;1;0;0;0;0;0;1;0;0;-38,523477;-3,753895;;;
272844;26;11;2015;11:14;0;AV PDE ANTONIO TOMAS;;;2400;;Colisão;Luz do Dia;;;Meio de Quadra;;;0;0;2;0;0;0;0;0;0;0;0;0;-38,490792;-3,743050;;;
272845;26;11;2015;11:15;154;RUA ANARIO BRAGA;RUA TOMAS RODRIGUES;;;;Colisão;Luz do Dia;;;Cruz;Pare;Residencial;0;0;2;0;0;0;0;0;0;0;0;0;-38,594415;-3,736531;;;
272846;26;11;2015;17:10;0;AV GAL OSORIO DE PAIVA;;;4170;;Colisão;Anoitecer;;;Meio de Quadra;;;0;0;2;0;0;0;0;0;0;0;0;0;-38,590364;-3,792695;;;
265258;26;11;2015;16:45;0;RUA BAR RIO BRANCO;;;;;Colisão Lateral;Luz do Dia;;;Meio de Quadra;;;0;0;2;1;0;0;0;0;0;0;0;0;;;;;
265256;26;11;2015;16:30;0;RUA EUSEBIO DE SOUZA;;;;;Colisão Lateral;Luz do Dia;;;Meio de Quadra;;;0;0;2;1;0;0;0;0;0;0;0;0;;;;;
265264;26;11;2015;13:30;0;AV MON TABOSA;;;314;;Colisão Traseira;Luz do Dia;;;Meio de Quadra;;;0;2;1;1;0;0;0;0;0;1;0;0;-38,516535;-3,723759;;;
265240;26;11;2015;10:00;3809;AV CARAPINIMA;RUA PDE FRANCISCO PINTO;;;;Colisão Lateral;Luz do Dia;;;Cruz;Semáforo;Misto;0;0;2;1;1;0;0;0;0;0;0;0;-38,541958;-3,741723;;;
265241;26;11;2015;07:40;0;AV PRS COSTA E SILVA;;;;;Colisão Lateral;Luz do Dia;;;Meio de Quadra;;;0;0;2;1;1;0;0;0;0;0;0;0;;;;;
265254;26;11;2015;16:00;0;RUA JORGE DUMAR;;;2054;;Colisão Lateral;Luz do Dia;;;Meio de Quadra;;;0;1;1;0;0;0;0;0;0;1;0;0;-38,539657;-3,753939;;;
265251;26;11;2015;10:05;0;AV PRS CASTELO BRANCO;;;;;Colisão Traseira;Luz do Dia;;;Meio de Quadra;;;0;0;2;1;0;0;0;0;0;1;0;0;;;;;
265247;26;11;2015;16:00;17436;RUA EQUADOR;RUA TRES MARIAS D39 (MONTESE);;;;Colisão Lateral;Luz do Dia;;;Cruz;Semáforo;Comercial;0;2;0;0;0;0;0;0;0;1;0;0;-38,550757;-3,768994;;;
265238;26;11;2015;08:00;0;AV GODOFREDO MACIEL;;;606;;Colisão Lateral;Luz do Dia;;;Meio de Quadra;;;0;0;2;1;0;0;0;0;0;0;0;0;-38,565351;-3,781569;;;
265203;26;11;2015;12:20;0;AV AGUANAMBI;;;1200;;Colisão Transversal;Luz do Dia;;;Meio de Quadra;;;0;0;2;0;0;0;0;1;0;0;0;0;-38,524750;-3,747182;;;
265198;26;11;2015;08:30;20042;AV PRS JUSCELINO KUBITSCHEK (PASSARÉ);AV DEP PAULINO ROCHA;;;;Colisão Traseira;Luz do Dia;;;;;;0;0;2;1;0;0;0;0;0;0;0;0;-38,524782;-3,807229;;;
265196;26;11;2015;07:00;9114;AV BORGES DE MELO;RUA DEP OSWALDO STUDART;;;;Colisão Lateral;Luz do Dia;;;Cruz;Semáforo;Comercial;0;0;2;1;1;0;0;0;0;0;0;0;-38,532143;-3,758147;;;
265207;26;11;2015;21:30;0;AV EDILSON B SOARES;;;;;Colisão Lateral;;;;Meio de Quadra;;;0;0;2;1;0;0;0;0;0;0;0;0;;;;;
265214;26;11;2015;08:40;0;AV JOSE BASTOS;;;4400;CENTER BOX;Colisão;Luz do Dia;;;Meio de Quadra;;;0;0;3;1;1;0;0;0;0;0;0;0;-38,555754;-3,755265;;;
265212;26;11;2015;08:00;24310;RUA DELMIRO GOUVEIA;RUA OSORIO PALMELLA;;;;Colisão Transversal;Luz do Dia;;;Cruz;Pare;Misto;0;0;2;1;0;0;0;0;0;0;0;0;-38,488032;-3,737052;;;
265218;26;11;2015;08:30;0;AV GAL OSORIO DE PAIVA;;;5748;;Engavetamento;Luz do Dia;;;Meio de Quadra;;;0;0;4;1;0;0;0;0;0;0;0;0;-38,604089;-3,806792;;;
265233;26;11;2015;13:50;0;RUA PDE ANTONINO;;;626;;Colisão Transversal;Luz do Dia;;;Meio de Quadra;;;0;0;2;1;0;0;0;0;0;0;0;0;-38,520480;-3,745871;;;
265234;26;11;2015;19:30;14421;AV SGT HERMINIO SAMPAIO;RUA PDE ANCHIETA;;;;Colisão Lateral;;;;Cruz;Semáforo;Comercial;0;0;2;1;0;0;1;0;0;0;0;0;-38,551079;-3,724693;;;
265115;26;11;2015;13:40;10428;RUA HUMAITA D73;RUA 30 DE MAIO D73;;;;Colisão Transversal;Luz do Dia;;;;;;0;2;0;0;0;0;0;0;0;1;0;0;-38,601042;-3,762942;;;
265119;26;11;2015;11:00;1280;RUA ILDEFONSO ALBANO;RUA PINTO MADEIRA;;;;Colisão Transversal;Luz do Dia;;;Cruz;Semáforo;Residencial;0;0;2;1;0;0;0;0;0;0;0;0;-38,513317;-3,733610;;;
265132;26;11;2015;23:00;21602;RUA CON DE CASTRO;RUA STA LIDUINA D42;;;;Colisão Transversal;;;;;;;0;2;0;0;0;0;0;0;0;1;0;0;-38,584986;-3,797482;;;
265126;26;11;2015;07:25;0;RUA MARIA GOMES DE SA;;;1548;;Colisão Traseira;Luz do Dia;;;Meio de Quadra;;;0;0;3;1;0;0;0;0;0;0;0;0;-38,583589;-3,823905;;;
265151;26;11;2015;18:50;243;AV JOVITA FEITOSA;RUA COS ALVARO DE OLIVEIRA;;;;Colisão Traseira;;;;Cruz;Pare;Comercial;0;0;2;1;0;0;0;0;0;0;0;0;-38,555411;-3,739649;;;
265143;26;11;2015;12:45;0;RUA JAIME BENEVOLO;;;272;;Colisão Traseira;Luz do Dia;;;Meio de Quadra;;;0;0;2;0;0;0;0;1;0;0;0;0;-38,526168;-3,734511;;;
265178;26;11;2015;15:30;22127;RUA GUSTAVO BRAGA;RUA MAJ PEDRO SAMPAIO;;;;Colisão Lateral;Luz do Dia;;;Cruz;Pare;Residencial;0;0;2;1;0;0;0;0;0;0;0;0;-38,555389;-3,748479;;;
265188;26;11;2015;18:15;0;RUA FIS VIEIRA;;;4218;;Colisão;Anoitecer;;;Meio de Quadra;;;0;1;1;1;0;0;1;0;0;0;0;0;-38,514984;-3,758283;;;
265156;26;11;2015;07:30;15205;AV ABOLICAO;RUA OSVALDO CRUZ (ALDEOTA);;;;Choque c/ Obstáculo Fixo;Luz do Dia;;;Cruz;Não Há Controle;Residencial;0;1;0;0;0;0;0;0;0;1;0;0;-38,497445;-3,726690;;;
265163;26;11;2015;09:30;19157;RUA DES WALDETARIO P MOTA;RUA JOAQUIM LIMA;;;;Colisão Transversal;Luz do Dia;;;Cruz;Pare;Misto;0;1;1;0;0;0;0;0;1;0;0;0;-38,482830;-3,740333;;;
270944;26;11;2015;14:45;0;RD CE-040;;;;KM-08;Colisão;Luz do Dia;;Seca;Meio de Quadra;;;0;0;2;1;0;0;0;0;0;0;0;0;-38,481317;-3,823332;;;
270949;26;11;2015;19:47;0;RD CE-040;;;;KM-03;Colisão;Via Iluminada;;Seca;Meio de Quadra;;;0;2;1;1;0;0;0;0;0;1;0;0;-38,481014;-3,783185;;;
266545;26;11;2015;14:56;24427;RUA ESPERANTO D14;RUA RAUL CABRAL;;;;Colisão;Luz do Dia;;;Cruz;Pare;Lazer;0;0;2;0;0;0;0;0;0;0;0;0;-38,541215;-3,770030;;;
266547;26;11;2015;16:50;0;RUA DR JOAQUIM BENTO;;;;;Colisão;Luz do Dia;;;Meio de Quadra;;;0;0;2;1;0;0;1;0;0;0;0;0;;;;;
265086;26;11;2015;21:00;9155;AV EDUARDO GIRAO;AV LUCIANO CARNEIRO;;;;Colisão Transversal;;;;Cruz;Semáforo;Comercial;0;2;0;1;0;0;0;0;0;0;0;0;-38,532811;-3,752275;;;
265087;26;11;2015;07:00;0;AV JOAO PESSOA;;;3532;;Atropelamento;Luz do Dia;;;Meio de Quadra;;;0;1;1;0;0;0;0;0;0;0;0;0;-38,544161;-3,746539;;;
265090;26;11;2015;18:10;24969;AV PDE ANTONIO TOMAS;AV ALM HENRIQUE SABOIA;;;;Colisão Lateral;Anoitecer;;;Cruz;Semáforo;Misto;0;0;2;1;1;0;0;0;0;0;0;0;-38,489455;-3,743493;;;
265091;26;11;2015;08:00;0;AV DOS EXPEDICIONARIOS;;;7910;;Atropelamento;Luz do Dia;;;Meio de Quadra;;;0;2;0;0;0;0;0;0;0;1;0;0;-38,548222;-3,788242;;;
265092;26;11;2015;20:27;15126;AV HIS RAIMUNDO GIRAO;AV RUI BARBOSA;;;;Colisão Lateral;;;;Cruz;Semáforo;Lazer;0;0;2;1;0;0;1;0;0;0;0;0;-38,505405;-3,723546;;;
265093;26;11;2015;13:05;0;RUA SEN POMPEU;;;;;Colisão Traseira;Luz do Dia;;;Meio de Quadra;;;0;0;2;1;1;0;0;0;0;0;0;0;;;;;
265094;26;11;2015;14:30;13550;AV SORIANO ALBUQUERQUE;RUA CARLOS VASCONCELOS;;;;Colisão Lateral;Luz do Dia;;;Com Via Férrea;Não Há Controle;Residencial;0;0;2;1;0;0;0;0;0;0;0;0;-38,515960;-3,748783;;;
265095;26;11;2015;11:00;0;AV DOS EXPEDICIONARIOS;;;9360;;Colisão Traseira;Luz do Dia;;;Meio de Quadra;;;0;0;2;1;0;0;0;0;0;0;0;0;-38,552393;-3,801985;;;
265096;26;11;2015;06:20;0;RUA JORGE DUMAR;;;2073;;Colisão Lateral;Luz do Dia;;;Meio de Quadra;;;0;0;2;0;1;0;0;0;0;0;0;0;-38,539672;-3,754002;;;
269925;26;11;2015;17:24;5501;RUA PDE VALDEVINO;RUA GONCALVES LEDO;;;;Colisão;Anoitecer;;;Cruz;Não Há Controle;Comercial;0;1;0;1;0;0;0;0;0;1;0;0;-38,518610;-3,738571;;;
269926;26;11;2015;17:30;17605;RUA ACRE;RUA MARANHAO;;;;Colisão;Anoitecer;;;Cruz;;Residencial;0;1;0;1;0;0;0;0;0;1;0;0;-38,563292;-3,757241;;;
269920;26;11;2015;17:11;0;RUA VITORIA;;;637;;Colisão;Anoitecer;;;Meio de Quadra;;;0;1;0;1;0;0;0;0;0;1;0;0;;;;;
269909;26;11;2015;13:41;0;RUA LUIS VIEIRA;;;726;;Colisão;Luz do Dia;;;Meio de Quadra;;;0;1;0;0;0;0;0;0;0;0;0;0;;;;;
269893;26;11;2015;12:58;0;AV PERIMETRAL;;;;;Colisão;Luz do Dia;;;Meio de Quadra;;;0;1;0;1;0;0;0;0;0;1;0;0;;;;;
269895;26;11;2015;13:07;0;RUA JOSE TORRES;;;759;;Colisão;Luz do Dia;;;Meio de Quadra;;;0;1;0;0;0;0;0;0;0;0;0;0;-38,606648;-3,777732;;;
269867;26;11;2015;07:08;26236;RUA BERNARDO MANUEL;AV DR SILAS MUNGUBA;;;;Colisão;Luz do Dia;;;;;;0;1;0;1;0;0;0;0;0;1;0;0;-38,547960;-3,787538;;;
269863;26;11;2015;07:06;0;AV GAL OSORIO DE PAIVA;;;;;Atropelamento;Luz do Dia;;;Meio de Quadra;;;0;1;0;0;1;0;0;0;0;0;0;0;;;;;
269861;26;11;2015;06:00;0;AV DUQ CAXIAS;;;928;;Colisão;Luz do Dia;;;Meio de Quadra;;;0;1;0;1;0;0;0;0;0;1;0;0;-38,532688;-3,730885;;;
269883;26;11;2015;10:11;0;AV PRS CASTELO BRANCO;;;;;Atropelamento;Luz do Dia;;;Meio de Quadra;;;0;1;0;0;0;0;0;0;0;0;0;0;;;;;
269872;26;11;2015;07:10;0;AV BEZERRA DE MENEZES;;;;;Atropelamento;Luz do Dia;;;Meio de Quadra;;;0;1;0;0;1;0;0;0;0;0;0;0;;;;;
269875;26;11;2015;07:17;0;AV ABOLICAO;;;2324;;Queda;Luz do Dia;;;Meio de Quadra;;;0;1;0;0;0;0;0;0;0;1;0;0;-38,498211;-3,726444;;;
269881;26;11;2015;08:25;24605;RUA E CJ VILA VELHA;RUA GAMA;;;;Atropelamento;Luz do Dia;;;Cruz;Não Há Controle;Residencial;0;1;0;1;0;0;0;0;0;0;0;0;-38,601681;-3,712317;;;
269879;26;11;2015;08:13;0;AV N CJ JOSE WALTER;;;1104;;Colisão;Luz do Dia;;;Meio de Quadra;;;0;1;0;1;0;0;0;0;0;1;0;0;-38,560290;-3,831583;;;
269937;26;11;2015;17:46;0;RUA COSTA BARROS;;;;;Colisão;Anoitecer;;;Meio de Quadra;;;0;1;0;1;0;0;0;0;0;1;0;0;;;;;
269941;26;11;2015;17:50;0;AV GODOFREDO MACIEL;;;;;Colisão;Anoitecer;;;Meio de Quadra;;;0;1;0;1;0;0;0;0;0;1;0;0;;;;;
269945;26;11;2015;18:08;0;RUA GERMANO FRANCK;;;935;;Colisão;Anoitecer;;;Meio de Quadra;;;0;1;0;1;0;0;0;0;0;1;0;0;-38,564127;-3,779024;;;
269949;26;11;2015;19:48;0;AV WASHINGTON SOARES;;;2050;;Colisão;;;;Meio de Quadra;;;0;1;0;1;0;0;0;0;0;1;0;0;-38,481577;-3,776707;;;
269959;26;11;2015;20:44;0;RUA VITORIA;;;1294;;Atropelamento;;;;Meio de Quadra;;;0;1;0;1;0;0;0;0;0;0;0;0;;;;;
269960;26;11;2015;21:58;0;AV PERIMETRAL;;;3426;;Colisão;;;;Meio de Quadra;;;0;1;0;0;0;0;0;0;0;1;0;0;;;;;
269954;26;11;2015;20:19;0;AV CONTORNO OESTE D71;;;195;;Colisão;;;;Meio de Quadra;;;0;1;0;0;0;0;0;0;0;1;0;0;;;;;
269955;26;11;2015;20:41;0;RUA MARTINS CARVALHO;;;4351;;Queda;;;;;;;0;1;0;0;0;0;0;0;0;1;0;0;-38,627573;-3,788557;;;
269970;27;11;2015;07:14;0;AV GAL OSORIO DE PAIVA;;;1494;;Colisão;Luz do Dia;;;Meio de Quadra;;;0;1;0;1;0;0;0;0;0;1;0;0;-38,574971;-3,780991;;;
269995;27;11;2015;13:56;0;AV PERIMETRAL;;;1716;;Colisão;Luz do Dia;;;Meio de Quadra;;;0;1;1;1;0;0;0;0;0;1;0;0;-38,566965;-3,816840;;;
269997;27;11;2015;14:37;0;AV N CJ JOSE WALTER;;;333;;Colisão;Luz do Dia;;;Meio de Quadra;;;0;1;0;0;0;0;0;0;0;0;0;0;-38,558849;-3,824611;;;
269987;27;11;2015;09:11;0;AV ALM HENRIQUE SABOIA;;;2151;;Colisão;Luz do Dia;;;Meio de Quadra;;;0;1;0;0;0;0;0;0;0;1;0;0;-38,481183;-3,729744;;;
269974;27;11;2015;07:33;0;RUA PEDRO MARTINS;;;313;;Atropelamento;Luz do Dia;;;Meio de Quadra;;;0;1;0;0;0;0;0;0;0;1;0;0;-38,600629;-3,799834;;;
269990;27;11;2015;09:24;3352;RUA GOIAS;RUA MARIO DE ANDRADE;;;;Colisão;Luz do Dia;;;Cruz;Não Há Controle;Residencial;0;1;0;1;0;0;0;0;0;1;0;0;-38,560803;-3,751874;;;
270015;27;11;2015;23:58;0;AV GAL OSORIO DE PAIVA;;;6112;;Colisão;;;;Meio de Quadra;;;0;1;0;0;0;0;0;0;0;1;0;0;-38,606789;-3,809634;;;
270012;27;11;2015;18:40;0;AV WASHINGTON SOARES;;;10565;;Colisão;;;;Meio de Quadra;;;0;1;0;1;0;0;0;0;0;1;0;0;-38,480880;-3,842361;;;
270013;27;11;2015;20:34;5180;RUA TEN BENEVOLO;RUA DOM JOAQUIM;;;;Colisão;;;;Cruz;Pare;Residencial;0;1;0;1;0;0;0;0;0;1;0;0;-38,516670;-3,725524;;;
270002;27;11;2015;15:53;0;RUA MAD ELISA BALDO;;;614;;Colisão;Luz do Dia;;;Meio de Quadra;;;0;1;0;0;0;0;0;0;0;1;0;0;;;;;
270003;27;11;2015;17:22;7211;AV DR THEBERGE;AV PRS CASTELO BRANCO;;;;Colisão;Anoitecer;;;Cruz;Semáforo;Comercial;0;1;0;0;0;0;0;0;0;1;0;0;-38,563456;-3,710079;;;
269999;27;11;2015;15:04;0;AV DIOGUINHO;;;4455;;Colisão;Luz do Dia;;;Meio de Quadra;;;0;1;0;0;0;0;0;0;0;0;0;0;-38,444415;-3,759067;;;
270008;27;11;2015;17:46;25203;AV MAJ ASSIS;RUA L CJ VILA VELHA;;;;Queda;Anoitecer;;;Cruz;Não Há Controle;Residencial;0;1;0;0;0;0;0;0;0;1;0;0;;;;;
270981;27;11;2015;17:00;0;RD CE-040;;;;KM-07;Colisão;Anoitecer;;Seca;Meio de Quadra;;;0;0;2;1;0;0;0;0;1;0;0;0;-38,483160;-3,817953;;;
270986;27;11;2015;17:00;0;RD CE-040;;;;KM-01;Colisão;Anoitecer;;Seca;Meio de Quadra;;;0;0;3;1;0;0;0;0;0;0;0;0;-38,483270;-3,754877;;;
271001;27;11;2015;19:30;0;RD CE-040;;;;KM-05;Colisão;Via Iluminada;;Seca;Meio de Quadra;;;0;0;4;1;0;0;0;0;0;0;0;0;-38,480349;-3,790876;;;
270977;27;11;2015;16:45;0;RD CE-040;;;;KM-08;Colisão;Luz do Dia;;Seca;Meio de Quadra;;;0;0;2;1;0;0;0;0;0;1;0;0;-38,481317;-3,823332;;;
270845;27;11;2015;11:00;0;RUA ALCANTARA BILHAR;;;677;;Colisão;Luz do Dia;;;Meio de Quadra;;;0;1;0;1;0;0;0;1;0;0;0;0;-38,581898;-3,737047;;;
265540;27;11;2015;19:40;2766;RUA BOM JESUS (GRANJA LISBOA);RUA ZACARIAS FLORINDO;;;;Colisão Lateral;;;;Cruz;Pare;Residencial;0;0;3;1;1;0;1;0;0;0;0;0;-38,607869;-3,792274;;;
265529;27;11;2015;10:00;19261;AV GAL OSORIO DE PAIVA;RUA MON LEOPOLDO FEITOSA;;;;Colisão Lateral;Luz do Dia;;;Cruz;Pare;Residencial;0;0;2;1;0;0;0;0;0;0;0;0;-38,562208;-3,771715;;;
265535;27;11;2015;05:50;2779;RUA OSCAR ARARIPE;RUA VICENTE PINHEIRO;;;;Colisão Lateral;Amanhecer;;;Cruz;Pare;Comercial;0;2;0;0;0;0;0;0;0;1;0;0;-38,594600;-3,792701;;;
265521;27;11;2015;06:30;23683;AV GAL OSORIO DE PAIVA;RUA GABRIEL FIUZA;;;;Colisão Lateral Sentido Oposto;Luz do Dia;;;Com Via Férrea;Pare;Comercial;0;0;3;1;0;0;1;0;0;0;0;0;-38,581746;-3,785294;;;
265517;27;11;2015;08:25;0;AV GOV RAUL BARBOSA;;;1180;;Colisão Traseira;Luz do Dia;;;Meio de Quadra;;;0;1;1;0;1;0;0;0;0;1;0;0;-38,506649;-3,761413;;;
265514;27;11;2015;18:40;0;AV BAR STUDART;;;2780;;Colisão Lateral;;;;Meio de Quadra;;;0;1;1;1;0;0;0;0;0;0;0;0;-38,510987;-3,748329;;;