COD_ACIDENTE;DIA;MES;ANO;HORA;INTERSECAO;LOG1;LOG2;LOG3;NUMERO;REFERENCIA;NATUREZA;ILUMINACAO;TEMPO;SUPERFICIEPISTA;TIPOCRUZAMENTO;CONTROLETRAFEGO;USOSOLO;MORTOS;FERIDOS;ILESOS;AUTOMOVEL;ONIBUS;BICICLETA;CAMINHAO;MICROONIBUS;CICLOMOTOR;MOTOCICLETA;TRACAOANIMAL;TREM;LONG;LAT;;;
265490;27;11;2015;16:30;22972;RUA PRA HELOISA F LIMA;RUA MAD ELISA BALDO;;;;Colisão Frontal;Luz do Dia;;;Cruz;Pare;Residencial;0;1;1;0;0;0;0;0;0;1;0;0;-38,545126;-3,785465;;;
265504;27;11;2015;08:30;24973;AV ALM HENRIQUE SABOIA;RUA MON SALAZAR;;;;Atropelamento;Luz do Dia;;;Outros;Não Há Controle;Outros;0;2;0;0;0;0;0;0;0;1;0;0;;;;;
265500;27;11;2015;16:20;13735;RUA CAIO CID;RUA NELSON STUDART;;;;Colisão Transversal;Luz do Dia;;;Cruz;Pare;Misto;0;1;1;1;0;0;0;0;0;0;0;0;-38,484694;-3,773571;;;
265507;27;11;2015;15:00;1654;AV SEN VIRGILIO TAVORA;RUA BENI DE CARVALHO;;;;Colisão;Luz do Dia;;;Cruz;Semáforo;Comercial;0;1;1;1;0;0;0;0;0;1;0;0;-38,500877;-3,744098;;;
265509;27;11;2015;19:30;0;AV N CJ JOSE WALTER;;;;;Colisão Lateral;;;;;;;0;1;1;0;1;0;0;0;0;1;0;0;;;;;
265473;27;11;2015;05:00;0;AV SANTOS DUMONT;;;5225;;Choque c/ Obstáculo Fixo;Amanhecer;;;Meio de Quadra;;;2;0;0;1;0;0;0;0;0;0;0;0;-38,485053;-3,740530;;;
265474;27;11;2015;09:00;0;RUA NEREU RAMOS;;;1033;;Colisão Traseira;Luz do Dia;;;Meio de Quadra;;;0;1;1;1;0;0;0;0;0;1;0;0;-38,575663;-3,783056;;;
265476;27;11;2015;09:34;0;RUA GERMANO FRANCK;;;935;;Colisão Lateral;Luz do Dia;;;Meio de Quadra;;;0;1;1;0;0;0;0;0;0;1;0;0;-38,564127;-3,779024;;;
265483;27;11;2015;09:00;7913;AV ANTONIO SALES;RUA VIS MAUA;;;;Colisão Transversal;Luz do Dia;;;Cruz;Pare;Comercial;0;0;2;1;0;0;0;0;0;1;0;0;-38,502420;-3,745429;;;
265480;27;11;2015;08:15;9111;AV EDUARDO GIRAO;RUA DEP OSWALDO STUDART;;;;Colisão Traseira;Luz do Dia;;;Cruz;Outros;;0;0;2;1;0;0;0;0;0;0;0;0;-38,529775;-3,755323;;;
265486;27;11;2015;16:00;7694;RUA RIO GRANDE DO SUL;RUA RIO GRANDE DO NORTE;;;;Colisão Transversal;Luz do Dia;;;Cruz;Pare;Residencial;0;1;1;1;0;0;0;0;0;1;0;0;-38,567559;-3,758617;;;
265495;27;11;2015;09:30;3352;RUA MARIO DE ANDRADE;RUA GOIAS;;;;Colisão Transversal;Luz do Dia;;;Cruz;Não Há Controle;Residencial;0;1;1;1;0;0;0;0;0;1;0;0;-38,560803;-3,751874;;;
265270;27;11;2015;18:00;0;AV JOR THOMAZ COELHO;;;731;;Colisão Lateral;Anoitecer;;;Meio de Quadra;;;0;0;2;1;1;0;0;0;0;0;0;0;-38,502889;-3,831565;;;
265272;27;11;2015;11:00;0;AV FRANCISCO SA;;;1410;;Colisão Lateral;Luz do Dia;;;Meio de Quadra;Pare;Misto;0;1;1;1;0;0;0;0;0;1;0;0;;;;;
265279;27;11;2015;19:00;0;AV ABOLICAO;;;1898;;Colisão Lateral;;;;Meio de Quadra;;;0;0;2;1;0;0;0;0;0;0;0;0;-38,502057;-3,725221;;;
265292;27;11;2015;12:30;0;AV PRS COSTA E SILVA;;;;;Colisão Lateral;Luz do Dia;;;Meio de Quadra;;;0;2;1;1;0;0;0;0;0;1;0;0;;;;;
265457;27;11;2015;17:30;0;AV ALBERTO CRAVEIRO;;;2636;;Colisão Traseira;Anoitecer;;;;;;0;1;1;1;0;0;0;0;0;1;0;0;-38,521409;-3,803046;;;
265443;27;11;2015;13:00;0;RUA BERNARDO MANUEL;;;7608;;Atropelamento;Luz do Dia;;;Meio de Quadra;;;0;1;1;1;0;0;0;0;0;0;0;0;-38,547167;-3,784876;;;
265446;27;11;2015;15:15;18178;AV DIOGUINHO;RUA EMBRATEL;;;;Colisão Transversal;Luz do Dia;;;Cruz;Não Há Controle;Lazer;0;1;1;1;0;0;0;0;0;1;0;0;-38,444451;-3,758993;;;
265378;27;11;2015;23:30;18049;AV DIOGUINHO;RUA DR ELIZEU HOLANDA;;;;Colisão Transversal;;;;T;Pare;Comercial;0;1;1;1;0;0;0;0;0;0;0;0;-38,456756;-3,735343;;;
265428;27;11;2015;08:30;5109;AV ALBERTO NEPOMUCENO;RUA DR JOAO MOREIRA;;;;Colisão Lateral;Luz do Dia;;;Cruz;Semáforo;Comercial;0;0;2;1;0;0;0;0;0;0;0;0;-38,524608;-3,723737;;;
265410;27;11;2015;18:20;0;AV OLIVEIRA PAIVA;;;;;Colisão Traseira;Anoitecer;;;Meio de Quadra;;;0;0;3;1;0;0;0;0;0;0;0;0;;;;;
265398;27;11;2015;13:30;8934;AV DOMINGOS OLIMPIO;RUA PDE MORORO;;;;Colisão Traseira;Luz do Dia;;;Cruz;Pare;Residencial;0;0;2;1;0;0;0;0;0;0;0;0;-38,539949;-3,733752;;;
265394;27;11;2015;16:00;19732;RUA GUSTAVO SAMPAIO;RUA TIP SALES;;;;Colisão Transversal;Luz do Dia;;;Cruz;Pare;Residencial;0;1;1;1;0;0;0;0;0;1;0;0;-38,564917;-3,737013;;;
272848;27;11;2015;10:57;0;RUA EDUARDO PERDIGAO;;;865;;Colisão;Luz do Dia;;;Meio de Quadra;;;0;0;2;0;0;0;0;0;0;0;0;0;;;;;
272849;27;11;2015;12:34;3860;AV 13 DE MAIO;AV DA UNIVERSIDADE;;;;Colisão;Luz do Dia;;;Cruz;Semáforo;Comercial;0;0;2;0;0;0;0;0;0;0;0;0;-38,539107;-3,740962;;;
272853;27;11;2015;13:35;0;AV SANTOS DUMONT;;;6021;;Colisão;Luz do Dia;;;Meio de Quadra;;;0;0;2;0;0;0;0;0;0;0;0;0;-38,477907;-3,742821;;;
272855;27;11;2015;05:36;0;RUA APARECIDA COACU;;;240;;Choque c/ Obstáculo Fixo;Amanhecer;;;Meio de Quadra;;;0;0;1;0;0;0;0;0;0;0;0;0;;;;;
272871;27;11;2015;16:30;0;RUA CON DE CASTRO;;;;;Colisão;Luz do Dia;;;Meio de Quadra;;;0;0;2;0;0;0;0;0;0;0;0;0;;;;;
272858;27;11;2015;14:14;0;AV DOMINGOS OLIMPIO;;;1289;;Colisão;Luz do Dia;;;Meio de Quadra;;;0;0;2;0;0;0;0;0;0;0;0;0;-38,535141;-3,735303;;;
272873;27;11;2015;18:23;0;RUA ANDRADE FURTADO;;;;;Colisão;Anoitecer;;;Meio de Quadra;;;0;0;2;0;0;0;0;0;0;0;0;0;;;;;
272875;27;11;2015;20:01;0;RUA MARIA QUINTINO;;;1001;;Colisão;;;;Meio de Quadra;;;0;0;2;0;0;0;0;0;0;0;0;0;;;;;
272876;27;11;2015;20:33;0;RUA PRO GOMES BRASIL;;;;;Colisão;;;;Meio de Quadra;;;0;0;2;0;0;0;0;0;0;0;0;0;;;;;
272878;27;11;2015;21:18;1585;RUA PDE VALDEVINO;RUA TIBURCIO CAVALCANTE;;;;Colisão;;;;Cruz;Semáforo;Residencial;0;0;2;0;0;0;0;0;0;0;0;0;-38,504815;-3,742915;;;
272880;27;11;2015;21:40;5318;RUA GAL CLARINDO DE QUEIROZ;RUA PDE IBIAPINA;;;;Colisão;;;;Cruz;Pare;Comercial;0;0;2;0;0;0;0;0;0;0;0;0;-38,540084;-3,729518;;;
272883;27;11;2015;21:42;20042;AV DEP PAULINO ROCHA;AV ALBERTO CRAVEIRO;;;;Colisão;;;;;;;0;0;2;0;0;0;0;0;0;0;0;0;-38,524782;-3,807229;;;
272884;27;11;2015;22:17;9129;AV 13 DE MAIO;RUA FLORIANO PEIXOTO;;;;Choque c/ Obstáculo Fixo;;;;T;Pare;Comercial;0;0;1;0;0;0;0;0;0;0;0;0;-38,533303;-3,745924;;;
259400;27;11;2015;16:15;0;RD BR 116;;;1000;KM-01;Tombamento;Luz do Dia;Bom;Seca;Meio de Quadra;Não Há Controle;Comercial;0;2;0;0;0;0;0;0;0;1;0;0;-38,518702;-3,762554;;;
259401;28;11;2015;15:45;0;RD BR 116;;;7000;KM-07;Colisão Traseira;Luz do Dia;Bom;Seca;Meio de Quadra;Não Há Controle;Comercial;0;1;1;1;0;0;0;0;0;0;0;0;-38,501101;-3,813246;;;
272890;28;11;2015;09:36;0;AV DA INDEPENDENCIA;;;1703;;Atropelamento;Luz do Dia;;;Meio de Quadra;;;0;0;2;0;0;0;0;0;0;0;0;0;-38,595894;-3,725454;;;
272892;28;11;2015;10:11;0;AV SEN FERNANDES TAVORA;;;510;;Colisão;Luz do Dia;;;Meio de Quadra;;;0;0;2;0;0;0;0;0;0;0;0;0;-38,577416;-3,764720;;;
272894;28;11;2015;10:33;0;RUA STA MARLUCIA;;;111;;Colisão;Luz do Dia;;;Meio de Quadra;;;0;0;2;0;0;0;0;0;0;0;0;0;-38,579944;-3,806977;;;
272898;28;11;2015;10:37;0;RUA DOM QUINTINO;;;533;;Colisão;Luz do Dia;;;Meio de Quadra;;;0;0;2;0;0;0;0;0;0;0;0;0;-38,552705;-3,711714;;;
272902;28;11;2015;11:23;0;AV VICENTE DE CASTRO;;;;;Colisão;Luz do Dia;;;Meio de Quadra;;;0;0;2;0;0;0;0;0;0;0;0;0;;;;;
272908;28;11;2015;11:24;0;RUA OSVALDO CRUZ (ALDEOTA);;;1772;;Colisão;Luz do Dia;;;Meio de Quadra;;;0;0;2;0;0;0;0;0;0;0;0;0;-38,502037;-3,740920;;;
272912;28;11;2015;12:21;0;RUA CEL DIONISIO ALENCAR;;;56;;Colisão;Luz do Dia;;;Meio de Quadra;;;0;0;2;0;0;0;0;0;0;0;0;0;-38,486504;-3,828483;;;
272918;28;11;2015;12:47;0;AV GODOFREDO MACIEL;;;4015;;Colisão;Luz do Dia;;;Meio de Quadra;;;0;0;2;0;0;0;0;0;0;0;0;0;-38,574153;-3,810009;;;
272934;28;11;2015;13:56;0;RUA MOREIRA DE SOUSA;;;58;;Colisão;Luz do Dia;;;Meio de Quadra;;;0;0;2;0;0;0;0;0;0;0;0;0;-38,566583;-3,736570;;;
272936;28;11;2015;14:07;291;RUA GAL PIRAGIBE;RUA NELSON MACHADO;;;;Colisão;Luz do Dia;;;Cruz;Pare;Residencial;0;0;2;0;0;0;0;0;0;0;0;0;-38,556910;-3,742871;;;
272938;28;11;2015;14:47;0;RUA EDMAR VILLAR QUEIROZ;;;87;;Colisão;Luz do Dia;;;Meio de Quadra;;;0;0;2;0;0;0;0;0;0;0;0;0;-38,477817;-3,772881;;;
272942;28;11;2015;16:28;0;AV ALBERTO CRAVEIRO;;;;;Colisão;Luz do Dia;;;Meio de Quadra;;;0;0;2;0;0;0;0;0;0;0;0;0;;;;;
272943;28;11;2015;16:54;0;AV AGUANAMBI;;;;;Colisão;Luz do Dia;;;Meio de Quadra;;;0;0;2;0;0;0;0;0;0;0;0;0;;;;;
272940;28;11;2015;15:06;0;RUA PRO SOLON FARIAS;;;150;;Colisão;Luz do Dia;;;Meio de Quadra;;;0;0;2;0;0;0;0;0;0;0;0;0;;;;;
272947;28;11;2015;17:12;9595;RUA LONDRINA;RUA SAO LUIZ DO OESTE;;;;Colisão;Anoitecer;;;Cruz;Não Há Controle;Residencial;0;0;2;0;0;0;0;0;0;0;0;0;-38,609308;-3,779347;;;
272951;28;11;2015;17:41;0;RUA BAR AQUIRAZ;;;1324;;Colisão;Anoitecer;;;Meio de Quadra;;;0;0;2;0;0;0;0;0;0;0;0;0;-38,486089;-3,839782;;;
272953;28;11;2015;17:41;0;RUA FLORIANO PEIXOTO;;;489;;Colisão;Anoitecer;;;Meio de Quadra;;;0;0;2;0;0;0;0;0;0;0;0;0;-38,526979;-3,726840;;;
272955;28;11;2015;18:59;0;AV GODOFREDO MACIEL;;;118;;Colisão;;;;Meio de Quadra;;;0;0;2;0;0;0;0;0;0;0;0;0;;;;;
272959;28;11;2015;19:54;0;RUA MACIEL LUZ;;;;;Colisão;;;;Meio de Quadra;;;0;0;2;0;0;0;0;0;0;0;0;0;;;;;
272962;28;11;2015;20:06;0;AV ENG HUMBERTO MONTE;;;1333;;Colisão;;;;Meio de Quadra;;;0;0;2;0;0;0;0;0;0;0;0;0;-38,561456;-3,747910;;;
272963;28;11;2015;20:15;0;AV DEP PAULINO ROCHA;;;;;Colisão;;;;Meio de Quadra;;;0;0;2;0;0;0;0;0;0;0;0;0;;;;;
272964;28;11;2015;20:22;0;RUA VICENTE CELESTINO;;;524;;Colisão;;;;Meio de Quadra;;;0;0;2;0;0;0;0;0;0;0;0;0;-38,592765;-3,817552;;;
272966;28;11;2015;20:48;0;AV ALBERTO CRAVEIRO;;;;;Atropelamento;;;;Meio de Quadra;;;0;0;2;0;0;0;0;0;0;0;0;0;;;;;
272967;28;11;2015;20:57;5472;RUA ANTONIO POMPEU;RUA JAIME BENEVOLO;;;;Colisão;;;;Cruz;Pare;Comercial;0;0;2;0;0;0;0;0;0;0;0;0;-38,526664;-3,736033;;;
272968;28;11;2015;21:00;0;AV VIS RIO BRANCO;;;;;Colisão;;;;Meio de Quadra;;;0;0;2;0;0;0;0;0;0;0;0;0;;;;;
272971;28;11;2015;21:12;0;RUA TIBURCIO CAVALCANTE;;;;;Colisão;;;;Meio de Quadra;;;0;0;2;0;0;0;0;0;0;0;0;0;;;;;
272974;28;11;2015;21:14;24837;RUA GEORGE CAVALCANTE;RUA MORAUJO;;;;Colisão;;;;;;;0;0;2;0;0;0;0;0;0;0;0;0;-38,591548;-3,719178;;;
272981;28;11;2015;21:36;4187;AV PRS CASTELO BRANCO;RUA DOM HELIO CAMPOS D21;;;;Colisão;;;;Cruz;Pare;Residencial;0;0;2;0;0;0;0;0;0;0;0;0;-38,554874;-3,711976;;;
272983;28;11;2015;21:41;5122;AV IMPERADOR;RUA SAO PAULO;;;;Colisão;;;;Cruz;Semáforo;Comercial;0;0;2;0;0;0;0;0;0;0;0;0;-38,533522;-3,724049;;;
272985;28;11;2015;22:04;0;AV GOV RAUL BARBOSA;;;6600;;Colisão;;;;Meio de Quadra;;;0;0;2;0;0;0;0;0;0;0;0;0;-38,511745;-3,771974;;;
272989;28;11;2015;22:31;0;RUA ANTONIO GADELHA;;;;;Colisão;;;;Meio de Quadra;;;0;0;2;0;0;0;0;0;0;0;0;0;;;;;
265544;28;11;2015;00:30;15144;AV MON TABOSA;AV RUI BARBOSA;;;;Colisão Transversal;;;;Cruz;Pare;Comercial;0;0;2;1;0;0;0;0;0;0;0;0;-38,505696;-3,724441;;;
265610;28;11;2015;23:00;0;AV GAL OSORIO DE PAIVA;;;6112;;Colisão Frontal;;;;Meio de Quadra;;;0;2;0;0;0;0;0;0;0;1;0;0;-38,606789;-3,809634;;;
265607;28;11;2015;12:10;1451;RUA ROCHA LIMA;RUA ANTONIO AUGUSTO;;;;Colisão Transversal;Luz do Dia;;;Cruz;Pare;Residencial;0;0;2;1;0;0;0;0;0;0;0;0;-38,516207;-3,738344;;;
265602;28;11;2015;07:00;577;AV DR THEBERGE;AV FRANCISCO SA;;;;Colisão Lateral;Luz do Dia;;;Cruz;Semáforo;Comercial;0;0;2;1;0;0;1;0;0;0;0;0;-38,565016;-3,714822;;;
265603;28;11;2015;09:30;111;RUA DR CATUNDA GONDIM;RUA CAP BRASIL;;;;Colisão Transversal;Luz do Dia;;;T;Pare;Residencial;0;1;1;0;0;0;0;0;0;1;0;0;-38,586326;-3,737649;;;
265604;28;11;2015;00:01;15301;RUA TEN BENEVOLO;RUA SILVA PAULET;;;;Colisão Transversal;;;;Cruz;Pare;Comercial;0;0;2;1;1;0;0;0;0;0;0;0;-38,503888;-3,729724;;;
265605;28;11;2015;17:00;0;RUA JOAQUIM ALBANO;;;890;;Colisão Frontal;Anoitecer;;;Meio de Quadra;;;0;1;1;1;0;0;0;0;0;1;0;0;-38,583252;-3,735753;;;
265598;28;11;2015;17:30;0;AV PRS COSTA E SILVA;;;3601;;Colisão Traseira;Anoitecer;;;Meio de Quadra;;;0;1;1;1;0;0;0;0;0;1;0;0;-38,548554;-3,823879;;;
265641;28;11;2015;10:00;23791;RUA RAIMUNDO NERY;RUA COSTA FREIRE;;;;Colisão Lateral;Luz do Dia;;;Cruz;Pare;Residencial;0;1;2;1;0;0;0;0;0;1;0;0;-38,586423;-3,794144;;;
265635;28;11;2015;15:00;0;AV JOSE BASTOS;;;4530;;Colisão Lateral;Luz do Dia;;;Meio de Quadra;;;0;1;1;1;1;0;0;0;0;0;0;0;-38,556462;-3,755977;;;
265648;28;11;2015;13:30;19686;AV BEZERRA DE MENEZES;RUA ERICO MOTA;;;;Colisão Traseira;Luz do Dia;;;Cruz;Semáforo;Comercial;0;0;5;1;0;0;0;0;0;0;0;0;-38,562991;-3,735357;;;
265616;28;11;2015;07:30;25242;RUA FAUSTO CABRAL;RUA PRISCO BEZERRA;;;;Colisão Transversal;Luz do Dia;;;Cruz;Pare;Residencial;0;1;1;1;0;0;0;0;1;0;0;0;-38,471170;-3,735188;;;
265618;28;11;2015;17:00;25729;AV TRISTAO GONCALVES;RUA ANTONIO POMPEU;;;;Colisão Transversal;Anoitecer;;;Cruz;Semáforo;Comercial;0;1;1;1;0;0;0;0;1;0;0;0;-38,535088;-3,733388;;;
265628;28;11;2015;16:05;7712;AV CARNEIRO DE MENDONCA;RUA JOAO CAPOTE;;;;Colisão Lateral;Luz do Dia;;;Cruz;Pare;Residencial;0;1;1;1;0;0;0;0;0;1;0;0;-38,561662;-3,766458;;;
265625;28;11;2015;08:50;1273;AV SANTOS DUMONT;RUA DR JOSE LOURENCO;;;;Colisão Lateral;Luz do Dia;;;Cruz;Pare;Comercial;0;0;2;1;0;0;1;0;0;0;0;0;-38,507380;-3,733299;;;
265783;28;11;2015;16:30;0;RUA BENTO ALBUQUERQUE;;;140;;Colisão Traseira;Luz do Dia;;;Meio de Quadra;;;0;0;2;1;0;0;1;0;0;0;0;0;-38,487030;-3,742514;;;
265658;28;11;2015;06:30;3814;RUA WALDERY UCHOA;RUA PAULINO NOGUEIRA;;;;Colisão Transversal;Luz do Dia;;;Cruz;Pare;Residencial;0;0;2;1;0;0;0;0;0;0;0;0;-38,538372;-3,743449;;;
265650;28;11;2015;15:00;3324;RUA VIRIATO RIBEIRO;RUA URUGUAI;;;;Colisão Transversal;Luz do Dia;;;Cruz;Pare;Residencial;0;0;2;1;0;0;0;0;0;0;0;0;-38,563322;-3,748176;;;
265653;28;11;2015;08:00;0;AV AUGUSTO DOS ANJOS;;;1444;;Colisão Lateral;Luz do Dia;;;Meio de Quadra;;;0;1;1;1;0;0;0;0;0;1;0;0;-38,578424;-3,779331;;;
265662;28;11;2015;13:15;15204;AV ABOLICAO;RUA JULIO IBIAPINA;;;;Colisão Traseira;Luz do Dia;;;Cruz;Semáforo;Comercial;0;2;0;0;1;0;0;0;0;1;0;0;-38,491290;-3,726679;;;
271039;28;11;2015;14:50;0;RD CE-060;;;;KM-02;Colisão;Luz do Dia;;Seca;Meio de Quadra;;;0;0;2;1;0;0;0;0;0;1;0;0;-38,580009;-3,828028;;;
271023;28;11;2015;18:55;0;RD CE-040;;;;KM-09;Colisão;Via Iluminada;;Seca;Meio de Quadra;;;0;1;1;1;0;0;0;0;0;1;0;0;-38,481431;-3,824774;;;
271028;28;11;2015;06:50;0;RD CE-040;;;;KM-08;Colisão;Luz do Dia;;Seca;Meio de Quadra;;;0;0;1;1;0;0;0;0;0;0;0;0;-38,481317;-3,823332;;;
266666;28;11;2015;14:53;0;AV N CJ JOSE WALTER;;;291;;Colisão;Luz do Dia;;;Meio de Quadra;;;0;0;2;1;0;0;1;0;0;0;0;0;-38,558822;-3,824448;;;
266660;28;11;2015;13:04;7781;AV ANTONIO SALES;AV DES MOREIRA;;;;Colisão;Luz do Dia;;;Cruz;Semáforo;Comercial;0;0;2;1;0;0;0;0;0;0;0;0;-38,501410;-3,745744;;;
266662;28;11;2015;14:00;0;AV OLIVEIRA PAIVA;;;2415;;Colisão;Luz do Dia;;;Meio de Quadra;;;0;0;2;1;0;0;0;0;0;1;0;0;-38,484576;-3,796119;;;
266663;28;11;2015;14:15;0;AV BEZERRA DE MENEZES;;;;;Colisão;Luz do Dia;;;Meio de Quadra;;;0;0;2;1;0;0;0;0;0;1;0;0;;;;;
266656;28;11;2015;12:38;8643;AV EDILSON B SOARES;AV ENG LEAL LIMA VERDE (SAPIRANGA/COITE);;;;Colisão;Luz do Dia;;;Cruz;Não Há Controle;Lazer;0;0;2;1;0;0;0;0;0;0;0;0;-38,476215;-3,789082;;;
266654;28;11;2015;00:01;15666;AV WASHINGTON SOARES;RUA AFONSO HENRIQUE;;;;Colisão;;;;;;;0;0;2;1;0;0;0;0;0;0;0;0;-38,481643;-3,825798;;;
270031;28;11;2015;09:19;0;RUA ALBERTO MAGNO;;;1999;;Queda;Luz do Dia;;;Meio de Quadra;;;0;1;0;0;0;1;0;0;0;0;0;0;;;;;
270032;28;11;2015;10:07;25334;AV D CJ CEARA;AV B CJ CEARA;;;;Colisão;Luz do Dia;;;T;Pare;Misto;0;1;1;1;0;0;0;0;0;1;0;0;-38,602328;-3,763611;;;
270056;28;11;2015;14:29;0;RUA RUFINO GOMES;;;51;;Atropelamento;Luz do Dia;;;Meio de Quadra;;;0;1;0;0;0;0;0;0;0;1;0;0;;;;;
270057;28;11;2015;15:26;0;AV PRS CASTELO BRANCO;;;;;Atropelamento;Luz do Dia;;;Meio de Quadra;;;0;1;0;0;0;0;0;0;0;1;0;0;-38,574445;-3,706187;;;
270042;28;11;2015;11:32;0;AV ALBERTO CRAVEIRO;;;;;Queda;Luz do Dia;;;Meio de Quadra;;;0;1;0;0;0;0;0;0;0;1;0;0;;;;;
270066;28;11;2015;16:48;0;RUA PERNAMBUCO;;;3241;;Colisão;Luz do Dia;;;;;;0;1;1;1;0;0;0;0;0;1;0;0;-38,581194;-3,748119;;;
270069;28;11;2015;17:42;0;AV PERIMETRAL;;;3601;;Colisão;Anoitecer;;;Meio de Quadra;;;0;1;0;1;0;0;0;0;0;1;0;0;-38,548552;-3,823880;;;
270063;28;11;2015;16:38;25729;AV TRISTAO GONCALVES;RUA ANTONIO POMPEU;;;;Colisão;Luz do Dia;;;Cruz;Semáforo;Comercial;0;1;0;1;0;0;0;0;0;1;0;0;-38,535088;-3,733388;;;
270061;28;11;2015;16:23;0;AV CASTELO DE CASTRO;;;1330;;Queda;Luz do Dia;;;Meio de Quadra;;;0;1;0;0;0;0;0;0;0;1;0;0;-38,521753;-3,841062;;;
270040;28;11;2015;11:24;0;RUA ALAGOAS;RUA CARLOS JEREISSATI (PICI);;3707;;Colisão;Luz do Dia;;;;;;0;1;1;0;0;0;1;0;0;1;0;0;-38,579965;-3,750197;;;
270017;28;11;2015;01:10;0;AV SGT HERMINIO SAMPAIO;;;3791;;Colisão;;;;Meio de Quadra;;;0;1;0;0;0;0;0;0;0;1;0;0;-38,574740;-3,729752;;;
270034;28;11;2015;11:14;19291;RUA GUILHERME PERDIGAO;RUA ARARIPE PRATA;;;;Colisão;Luz do Dia;;;Cruz;Pare;Residencial;0;1;1;1;0;0;0;0;0;1;0;0;-38,569659;-3,774315;;;
270044;28;11;2015;13:38;0;AV CEL CARVALHO;;;2569;;Colisão;Luz do Dia;;;Meio de Quadra;;;0;1;1;1;0;0;0;0;0;1;0;0;-38,585839;-3,725303;;;
270045;28;11;2015;13:40;0;AV CASTELO DE CASTRO;;;800;;Colisão;Luz do Dia;;;Meio de Quadra;;;0;1;0;0;0;0;0;0;0;0;0;0;;;;;
270046;28;11;2015;14:13;0;AV IMPERADOR;;;840;;Atropelamento;Luz do Dia;;;Meio de Quadra;;;0;1;0;0;1;0;0;0;0;0;0;0;-38,534867;-3,728599;;;
270050;28;11;2015;14:13;0;AV GAL OSORIO DE PAIVA;;;1499;;Colisão;Luz do Dia;;;Meio de Quadra;;;0;1;0;0;0;0;0;0;0;0;0;0;-38,574980;-3,780997;;;
270051;28;11;2015;14:29;5259;RUA SENA MADUREIRA;RUA DR PEDRO BORGES;;;;Colisão;Luz do Dia;;;;;;0;1;0;0;0;0;0;0;0;0;0;0;-38,525841;-3,728162;;;
270096;28;11;2015;21:10;0;RUA DOS ABOLICIONISTAS;;;146;;Atropelamento;;;;Meio de Quadra;;;0;1;1;0;0;0;0;0;0;1;0;0;;;;;
270097;28;11;2015;21:24;0;AV GAL OSORIO DE PAIVA;;;7820;;Queda;;;;Meio de Quadra;;;0;1;0;0;0;0;0;0;0;1;0;0;-38,617383;-3,820525;;;
270077;28;11;2015;20:33;0;RUA GAL BERNARDO FIGUEIREDO;;;402;;Atropelamento;;;;Meio de Quadra;;;0;1;0;1;0;0;0;0;0;0;0;0;;;;;
270073;28;11;2015;19:49;0;AV PRS JUSCELINO KUBITSCHEK (PASSARÉ);;;2027;;Colisão;;;;Meio de Quadra;;;0;1;0;1;0;0;0;0;0;1;0;0;;;;;
270075;28;11;2015;19:57;0;RUA ALBERTO MAGNO;;;1408;;Colisão;;;;Meio de Quadra;;;0;1;0;1;0;0;0;0;0;1;0;0;-38,551418;-3,766526;;;
270092;28;11;2015;20:42;0;RD BR 116;;;;;Colisão;;;;Meio de Quadra;;;0;1;0;1;0;0;0;0;0;1;0;0;;;;;
270099;29;11;2015;00:49;0;AV DR THEBERGE;;;2430;;Atropelamento;;;;Meio de Quadra;;;0;1;0;1;0;0;0;0;0;0;0;0;-38,567790;-3,723316;;;
270100;29;11;2015;02:26;0;RUA JOAO FRANCA (PQ. 2 IRMÃOS);;;932;;Colisão;;;;Meio de Quadra;;;0;1;0;1;0;0;0;0;0;1;0;0;;;;;
270101;29;11;2015;02:54;0;RUA CEL MATOS DOURADO;;;685;;Colisão;;;;Meio de Quadra;;;0;1;1;0;0;0;0;0;0;1;0;0;-38,584869;-3,745012;;;
270103;29;11;2015;06:24;1696;RUA CAP ARAGAO;RUA ASP MENDES;;;;Colisão;Luz do Dia;;;Cruz;Pare;Residencial;0;1;0;1;0;0;0;0;0;0;0;0;-38,514843;-3,765175;;;
270112;29;11;2015;09:56;0;RUA GOIAS;;;621;;Colisão;Luz do Dia;;;Meio de Quadra;;;0;1;0;1;0;0;0;0;0;1;0;0;-38,563548;-3,754993;;;
270109;29;11;2015;09:42;0;AV PERIMETRAL;;;1132;;Colisão;Luz do Dia;;;Meio de Quadra;;;0;1;0;0;0;0;0;0;0;0;0;0;;;;;
270154;29;11;2015;15:38;10005;RUA TAQUARI;RUA DUAS NACOES;;;;Colisão;Luz do Dia;;;Cruz;Pare;Residencial;0;1;0;0;0;0;0;0;0;0;0;0;-38,601822;-3,776149;;;
270119;29;11;2015;13:35;3975;RUA ALBERTO MAGNO;RUA PRO COSTA MENDES;;;;Colisão;Luz do Dia;;;Cruz;Semáforo;Comercial;0;1;0;1;0;0;0;0;0;1;0;0;-38,543548;-3,757528;;;
270107;29;11;2015;09:24;0;RUA DOS TUBAROES;;;108;;Atropelamento;Luz do Dia;;;Meio de Quadra;;;0;1;0;1;0;0;0;0;0;0;0;0;;;;;
270117;29;11;2015;12:08;0;RUA CEL JOAQUIM FRANKLIN;;;771;;Atropelamento;Luz do Dia;;;Meio de Quadra;;;0;1;0;0;0;0;0;0;0;0;0;0;-38,593788;-3,743345;;;