COD_ACIDENTE;DIA;MES;ANO;HORA;INTERSECAO;LOG1;LOG2;LOG3;NUMERO;REFERENCIA;NATUREZA;ILUMINACAO;TEMPO;SUPERFICIEPISTA;TIPOCRUZAMENTO;CONTROLETRAFEGO;USOSOLO;MORTOS;FERIDOS;ILESOS;AUTOMOVEL;ONIBUS;BICICLETA;CAMINHAO;MICROONIBUS;CICLOMOTOR;MOTOCICLETA;TRACAOANIMAL;TREM;LONG;LAT;;;
270125;29;11;2015;14:22;7694;RUA RIO GRANDE DO SUL;RUA RIO GRANDE DO NORTE;;;;Colisão;Luz do Dia;;;Cruz;Pare;Residencial;0;1;0;0;0;0;0;0;0;0;0;0;-38,567559;-3,758617;;;
270129;29;11;2015;15:14;0;AV RECREIO D64;;;840;;Colisão;Luz do Dia;;;Meio de Quadra;;;0;1;1;1;0;0;0;0;0;0;0;0;-38,449597;-3,813186;;;
270168;29;11;2015;21:47;0;RUA PDE RODOLFO;;;820;;Colisão;;;;Meio de Quadra;;;0;1;0;1;0;0;0;0;0;1;0;0;-38,586822;-3,804304;;;
270169;29;11;2015;23:43;0;AV PERIMETRAL;;;5550;;Queda;;;;Meio de Quadra;;;0;1;0;0;0;0;0;0;0;1;0;0;;;;;
270170;29;11;2015;23:45;0;RUA CANDIDO MAIA;;;;FROTINHA ANT. BEZERRA;Queda;;;;Meio de Quadra;;;0;1;0;0;0;0;0;0;0;1;0;0;;;;;
270160;29;11;2015;17:15;0;RUA RAIMUNDO FROTA;;;313;;Colisão;Anoitecer;;;Meio de Quadra;;;0;1;0;0;0;0;0;0;0;0;0;0;-38,583909;-3,715031;;;
270161;29;11;2015;17:32;0;RUA GOV JOAO CARLOS;;;312;;Colisão;Anoitecer;;;Meio de Quadra;;;0;1;0;0;0;0;0;0;0;1;0;0;-38,551581;-3,778112;;;
270166;29;11;2015;21:26;0;AV ROGACIANO LEITE;;;2234;;Queda;;;;Meio de Quadra;;;0;1;0;0;0;0;0;0;0;1;0;0;-38,499816;-3,774889;;;
270158;29;11;2015;15:48;0;RUA BERNARDO MANUEL;;;10799;;Queda;Luz do Dia;;;Meio de Quadra;;;0;1;0;0;0;1;0;0;0;0;0;0;-38,556040;-3,813953;;;
273185;29;11;2015;15:39;0;AV GAL OSORIO DE PAIVA;;;6858;;Colisão;Luz do Dia;;;Meio de Quadra;;;0;0;2;0;0;0;0;0;0;0;0;0;-38,610885;-3,813821;;;
273188;29;11;2015;18:27;0;RUA CON DE CASTRO;;;;;Colisão;Anoitecer;;;Meio de Quadra;;;0;0;2;0;0;0;0;0;0;0;0;0;;;;;
273189;29;11;2015;18:37;9703;RUA BARRA VERMELHA;RUA BOM JESUS (GRANJA LISBOA);;;;Colisão;;;;;;;0;0;2;0;0;0;0;0;0;0;0;0;-38,615448;-3,789808;;;
273196;29;11;2015;21:29;0;AV MIGUEL DIAS;;;;;Choque c/ Obstáculo Fixo;;;;Meio de Quadra;;;0;0;1;0;0;0;0;0;0;0;0;0;;;;;
273180;29;11;2015;13:03;0;AV MACIEL BEZERRA;;;1966;;Colisão;Luz do Dia;;;Meio de Quadra;;;0;0;2;0;0;0;0;0;0;0;0;0;;;;;
273181;29;11;2015;13:18;0;RUA JOSE CAVALCANTE SOBR;;;120;;Colisão;Luz do Dia;;;Meio de Quadra;;;0;0;2;0;0;0;0;0;0;0;0;0;-38,486682;-3,836663;;;
273193;29;11;2015;21:06;0;AV RAD JOSE LIMA VERDE;;;;;Colisão;;;;Meio de Quadra;;;0;0;2;0;0;0;0;0;0;0;0;0;;;;;
273194;29;11;2015;21:16;0;RUA DEMETRIO MENEZES;;;;;Colisão;;;;Meio de Quadra;;;0;0;2;0;0;0;0;0;0;0;0;0;;;;;
273200;29;11;2015;22:00;3347;AV ENG HUMBERTO MONTE;RUA GOIAS;;;;Colisão;;;;T;Pare;Comercial;0;0;2;0;0;0;0;0;0;0;0;0;-38,559425;-3,750494;;;
265089;29;11;2015;18:53;23710;AV GAL OSORIO DE PAIVA;RUA DOM HENRIQUE;;;;Colisão Lateral;;;;Duplo T;Pare;Comercial;0;0;2;1;0;0;0;0;0;0;0;0;-38,583025;-3,786100;;;
266667;29;11;2015;07:20;0;AV IMPERADOR;RUA ANTONIO POMPEU;;;;Colisão;Luz do Dia;;;;;;0;0;2;1;0;0;0;0;0;0;0;0;;;;;
266671;29;11;2015;18:30;0;AV MOZART PINHEIRO DE LUCENA;;;1110;;Colisão;Anoitecer;;;Meio de Quadra;;;0;0;2;0;0;0;0;1;0;0;0;0;-38,594018;-3,712483;;;
271044;29;11;2015;16:00;0;RD CE-040;;;;KM-07;Colisão;Luz do Dia;;Seca;Meio de Quadra;;;0;0;2;1;0;0;0;0;0;0;0;0;-38,483160;-3,817953;;;
271050;29;11;2015;17:20;0;RD CE-040;;;;KM-04;Colisão;Anoitecer;;Seca;Meio de Quadra;;;0;0;2;1;0;0;0;0;0;0;0;0;-38,480251;-3,792050;;;
270883;29;11;2015;00:37;0;AV PRS CASTELO BRANCO;;;2945;;Choque c/ Obstáculo Fixo;;;;Meio de Quadra;;;0;1;0;1;0;0;0;0;0;0;0;0;-38,554793;-3,711993;;;
265794;29;11;2015;08:30;9152;RUA MIN JOAQUIM BASTOS D14;RUA MARTINHO RODRIGUES;;;;Colisão Transversal;Luz do Dia;;;Cruz;Pare;Comercial;0;0;2;1;0;0;0;0;0;0;0;0;-38,526951;-3,754850;;;
265812;29;11;2015;20:00;0;AV SGT HERMINIO SAMPAIO;;;4237;;Colisão Traseira;;;;Meio de Quadra;;;0;1;1;1;0;0;0;0;0;0;0;0;-38,578127;-3,731072;;;
265807;29;11;2015;21:00;19539;AV DR SILAS MUNGUBA;RUA EQUADOR;;;;Colisão Transversal;;;;Cruz;Semáforo;Comercial;0;1;1;0;0;0;0;0;0;1;0;0;-38,555434;-3,782377;;;
265796;29;11;2015;09:15;5136;RUA RUFINO DE ALENCAR;RUA SAO JOSE D03;;;;Colisão Lateral;Luz do Dia;;;T;Não Há Controle;Comercial;0;0;2;1;1;0;0;0;0;0;0;0;-38,523826;-3,724460;;;
265804;29;11;2015;19:10;0;AV ABOLICAO;;;3207;;Colisão Traseira;;;;Meio de Quadra;;;0;1;1;1;0;0;0;0;0;0;0;0;-38,491062;-3,726643;;;
265824;29;11;2015;13:30;3975;RUA ALBERTO MAGNO;RUA PRO COSTA MENDES;;;;Colisão Transversal;Luz do Dia;;;Cruz;Semáforo;Comercial;0;1;1;1;0;0;0;0;1;0;0;0;-38,543548;-3,757528;;;
265822;29;11;2015;20:00;19969;RUA RAUL UCHOA;RUA PDE JOAO PIAMARTA;;;;Atropelamento;;;;;;;0;1;1;1;0;0;0;0;0;0;0;0;-38,543421;-3,762405;;;
265817;29;11;2015;15:40;2646;RUA RAIMUNDO FROTA;RUA JACI;;;;Colisão Transversal;Luz do Dia;;;;;;0;1;1;1;0;0;0;0;0;1;0;0;-38,585317;-3,714868;;;
272991;29;11;2015;00:19;19667;AV BEZERRA DE MENEZES;RUA ERETIDES MARTINS;;;;Colisão;;;;;;;0;0;2;0;0;0;0;0;0;0;0;0;-38,557568;-3,734232;;;
272994;29;11;2015;01:26;12892;RUA BAR RIO BRANCO;AV DOMINGOS OLIMPIO;;;;Capotamento;;;;Cruz;Semáforo;Comercial;0;0;1;0;0;0;0;0;0;0;0;0;-38,531494;-3,736579;;;
272996;29;11;2015;01:27;0;RUA OSCAR ARARIPE;;;2490;;Colisão;;;;Meio de Quadra;;;0;0;2;0;0;0;0;0;0;0;0;0;-38,613127;-3,786742;;;
273000;29;11;2015;08:48;1432;AV SANTOS DUMONT;AV SEN VIRGILIO TAVORA;;;;Colisão;Luz do Dia;;;Cruz;Semáforo;Comercial;0;0;2;0;0;0;0;0;0;0;0;0;-38,493482;-3,737828;;;
273003;29;11;2015;09:40;18304;RUA TREMEMBES;RUA GROAIRAS;;;;Atropelamento;Luz do Dia;;;;;;0;0;2;0;0;0;0;0;0;0;0;0;-38,516070;-3,720159;;;
273004;29;11;2015;09:51;5142;RUA CASTRO E SILVA;RUA CONDE D´EU;;;;Colisão;Luz do Dia;;;Outros;Semáforo;Comercial;0;0;2;0;0;0;0;0;0;0;0;0;-38,525072;-3,724606;;;
273005;29;11;2015;10:02;0;RUA VITORIA;;;1133;;Colisão;Luz do Dia;;;Meio de Quadra;;;0;0;2;0;0;0;0;0;0;0;0;0;;;;;
273175;29;11;2015;10:05;0;AV BEZERRA DE MENEZES;;;2450;;Colisão;Luz do Dia;;;Meio de Quadra;;;0;0;2;0;0;0;0;0;0;0;0;0;-38,566148;-3,736003;;;
273176;29;11;2015;10:07;0;RUA MOZART FIRMEZA;;;;;Colisão;Luz do Dia;;;Meio de Quadra;;;0;0;2;0;0;0;0;0;0;0;0;0;;;;;
273178;29;11;2015;12:42;25209;AV MOZART PINHEIRO DE LUCENA;RUA BAIXA DO MILAGRE;;;;Colisão;Luz do Dia;;;;;;0;0;2;0;0;0;0;0;0;0;0;0;-38,599994;-3,734227;;;
265939;29;11;2015;20:30;7765;RUA TIBURCIO CAVALCANTE;RUA DOM EXPEDITO LOPES;;;;Colisão Transversal;;;;Cruz;Pare;Residencial;0;0;2;1;0;0;0;0;0;0;0;0;-38,505097;-3,743802;;;
265940;29;11;2015;20:00;1583;RUA LEONARDO MOTA;RUA VICENTE LINHARES;;;;Colisão Transversal;;;;Cruz;Semáforo;Residencial;0;1;1;0;0;0;0;0;0;1;0;0;-38,498309;-3,742785;;;
265928;29;11;2015;17:00;1438;RUA MON BRUNO;AV HERACLITO GRACA;;;;Colisão Lateral;Anoitecer;;;;Outros;Comercial;0;0;2;1;0;0;0;0;0;0;0;0;-38,511244;-3,737996;;;
265924;29;11;2015;14:00;5397;AV DUQ CAXIAS;RUA ASSUNCAO;;;;Colisão Lateral;Luz do Dia;;;Cruz;Semáforo;Comercial;0;0;2;0;1;0;0;1;0;0;0;0;-38,527952;-3,732405;;;
265922;29;11;2015;16:00;3778;AV DA UNIVERSIDADE;RUA ANTONIO POMPEU;;;;Colisão Transversal;Luz do Dia;;;Cruz;Semáforo;Comercial;0;0;2;1;0;0;0;0;0;0;0;0;-38,532908;-3,734083;;;
265916;29;11;2015;16:00;25445;AV PRO JOSE ARTHUR CARVALHO;RUA NELSON COELHO;;;;Colisão Transversal;Luz do Dia;;;Cruz;Não Há Controle;Residencial;0;2;1;1;0;0;0;0;0;1;0;0;-38,464629;-3,826139;;;
265904;29;11;2015;09:00;0;AV DOS EXPEDICIONARIOS;;;10652;;Colisão Traseira;Luz do Dia;;;Meio de Quadra;;;0;0;2;1;0;0;0;0;0;0;0;0;-38,555597;-3,812465;;;
265913;29;11;2015;19:00;13372;RUA JOAO BRIGIDO;RUA NOGUEIRA ACIOLI;;;;Colisão;;;;Cruz;Semáforo;Residencial;1;0;1;1;0;0;0;0;1;0;0;0;-38,520044;-3,739259;;;
265909;29;11;2015;13:30;0;AV DOS EXPEDICIONARIOS;;;9976;;Colisão Transversal;Luz do Dia;;;Meio de Quadra;;;0;1;1;1;0;0;0;0;0;0;0;0;-38,553185;-3,804622;;;
265838;29;11;2015;09:00;15271;RUA ILDEFONSO ALBANO;RUA PEREIRA FILGUEIRAS;;;;Colisão Transversal;Luz do Dia;;;Cruz;Semáforo;Misto;0;1;1;1;0;0;0;0;0;0;0;0;-38,511864;-3,728706;;;
265851;29;11;2015;11:50;748;AV FRANCISCO SA;RUA FRANCISCO CALACA;;;;Colisão Lateral;Luz do Dia;;;Y;Pare;Comercial;0;1;1;1;0;0;0;0;0;0;0;0;-38,572275;-3,712310;;;
265832;29;11;2015;11:20;4007;RUA ALBERTO MAGNO;RUA DES PRAXEDES;;;;Colisão Transversal;Luz do Dia;;;Cruz;Semáforo;Comercial;0;0;2;1;0;0;0;0;0;0;0;0;-38,546795;-3,761230;;;
265835;29;11;2015;17:51;22046;RUA DOM JOAQUIM DE MELO;RUA MON FURTADO;;;;Colisão Lateral;Anoitecer;;;Cruz;Não Há Controle;Misto;0;2;0;0;0;0;0;0;0;1;0;0;-38,545030;-3,741417;;;
265884;29;11;2015;19:20;0;AV CESAR CALS;;;1241;;Atropelamento;;;;Meio de Quadra;;;0;1;1;1;0;0;0;0;0;0;0;0;-38,460354;-3,728750;;;
265880;29;11;2015;21:00;7403;AV SEN FERNANDES TAVORA;RUA ARACAJU;;;;Colisão Transversal;;;;Cruz;Outros;Comercial;0;1;1;1;0;0;0;0;0;1;0;0;-38,587377;-3,759398;;;
265881;29;11;2015;18:00;10038;RUA ANTONIO NERY;RUA TAQUARI;;;;Colisão Transversal;Anoitecer;;;Cruz;Não Há Controle;Residencial;0;1;1;0;1;0;0;0;0;1;0;0;-38,599806;-3,776710;;;
265889;29;11;2015;05:45;25006;RUA LEONARDO MOTA;RUA BENI DE CARVALHO;;;;Colisão Transversal;Amanhecer;;;Cruz;Semáforo;Residencial;0;1;1;1;0;0;0;0;0;0;0;0;-38,498931;-3,744739;;;
265859;29;11;2015;18:31;0;AV ENG HUMBERTO MONTE;;;1927;;Colisão Traseira;;;;Meio de Quadra;;;0;1;1;1;0;0;0;0;0;1;0;0;-38,564513;-3,744230;;;
265865;29;11;2015;16:00;0;AV DOM LUIS;;;284;;Colisão Lateral;Luz do Dia;;;Meio de Quadra;;;0;0;2;1;0;0;0;0;0;0;0;0;;;;;
265947;30;11;2015;11:35;5117;RUA BORIS;RUA RUFINO DE ALENCAR;;;;Colisão Transversal;Luz do Dia;;;T;Pare;Residencial;0;0;2;1;0;0;0;0;0;0;0;0;-38,521067;-3,723953;;;
265944;30;11;2015;14:30;19676;AV BEZERRA DE MENEZES;RUA PEDRO DE QUEIROZ;;;;Colisão Lateral;Luz do Dia;;;T;Semáforo Danificado;Comercial;0;0;2;1;0;0;0;0;0;0;0;0;-38,560822;-3,734912;;;
265968;30;11;2015;01:10;15251;RUA ANA BILHAR;RUA TIBURCIO CAVALCANTE;;;;Colisão Traseira;;;;;;;0;0;2;1;0;0;1;0;0;0;0;0;-38,500041;-3,728066;;;
265966;30;11;2015;16:00;15909;RUA PDE PEDRO DE ALENCAR;RUA VENEZA;;;;Colisão Transversal;Luz do Dia;;;Duplo T;Pare;Residencial;0;0;2;1;0;0;0;0;0;0;0;0;-38,494157;-3,836296;;;
265953;30;11;2015;10:20;1584;RUA VIS MAUA;RUA GAL TERTULIANO POTYGUARA;;;;Colisão Lateral;Luz do Dia;;;Cruz;Pare;Misto;0;0;2;1;0;0;0;0;0;0;0;0;-38,501576;-3,742796;;;
266128;30;11;2015;19:30;8000;AV JOAO PESSOA;RUA DELMIRO FARIAS;;;;Colisão Traseira;;;;Cruz;Pare;Comercial;0;0;2;1;0;0;0;0;0;0;0;0;-38,547538;-3,750275;;;
266121;30;11;2015;14:41;0;AV DOMINGOS OLIMPIO;;;1441;;Colisão Traseira;Luz do Dia;;;Meio de Quadra;;;0;0;2;1;0;0;0;0;0;0;0;0;-38,535692;-3,735111;;;
266110;30;11;2015;06:00;0;AV GAL OSORIO DE PAIVA;;;3366;;Colisão Lateral;Luz do Dia;;;Meio de Quadra;;;0;0;2;1;1;0;0;0;0;0;0;0;-38,588007;-3,790247;;;
266066;30;11;2015;12:15;15233;RUA JULIO IBIAPINA;RUA JUAZEIRO DO NORTE;;;;Colisão Transversal;Luz do Dia;;;Cruz;Pare;Comercial;0;1;1;1;0;0;0;0;1;0;0;0;-38,491155;-3,727527;;;
266074;30;11;2015;08:44;25665;RUA ANTENOR ROCHA ALEXANDRE;RUA MARVIN;;;;Colisão;Luz do Dia;;;Cruz;Pare;Residencial;0;0;2;1;0;0;0;0;0;0;0;0;-38,483635;-3,792251;;;
266060;30;11;2015;08:20;15144;AV MON TABOSA;AV RUI BARBOSA;;;;Colisão Transversal;Luz do Dia;;;Cruz;Pare;Comercial;0;1;1;1;0;0;0;0;0;1;0;0;-38,505696;-3,724441;;;
266057;30;11;2015;15:30;14653;RUA LIDIA BRIGIDO;RUA LOURIVAL C PINHO;;;;Colisão Transversal;Luz do Dia;;;;;;0;1;1;1;0;0;0;0;0;1;0;0;-38,484368;-3,793554;;;
266082;30;11;2015;07:30;0;AV CARNEIRO DE MENDONCA;;;1286;;Colisão Lateral;Luz do Dia;;;Meio de Quadra;;;0;1;2;1;0;0;0;0;0;1;0;0;-38,570480;-3,762115;;;
266076;30;11;2015;06:50;0;AV GAL OSORIO DE PAIVA;;;;;Colisão Lateral;Luz do Dia;;;Meio de Quadra;;;0;0;2;1;0;0;1;0;0;0;0;0;;;;;
266070;30;11;2015;09:40;7765;RUA TIBURCIO CAVALCANTE;RUA DOM EXPEDITO LOPES;;;;Colisão Lateral;Luz do Dia;;;Cruz;Pare;Residencial;0;0;2;1;0;0;0;0;0;0;0;0;-38,505097;-3,743802;;;
266048;30;11;2015;14:30;0;AV PRO GOMES DE MATOS;;;1666;;Colisão Traseira;Luz do Dia;;;Meio de Quadra;;;0;0;2;1;0;0;0;0;0;0;0;0;-38,549894;-3,766147;;;
266049;30;11;2015;11:20;19876;RUA PDE AMBROSIO MACHADO;RUA PDE JOAO PIAMARTA;;;;Colisão Transversal;Luz do Dia;;;Cruz;Pare;Residencial;0;0;2;1;0;0;0;0;0;1;0;0;-38,542406;-3,760079;;;
266054;30;11;2015;12:00;0;RUA CEL FRANCISCO PEREIRA (MESSEJANA);;;67;;Colisão Transversal;Luz do Dia;;;Meio de Quadra;;;0;0;2;1;0;0;0;0;0;0;0;0;-38,492615;-3,829493;;;
266052;30;11;2015;15:30;25049;AV PONTES VIEIRA;RUA CAP MELO;;;;Colisão Traseira;Luz do Dia;;;Cruz;Semáforo;Comercial;0;0;2;1;0;0;0;0;0;0;0;0;-38,513797;-3,752762;;;
266041;30;11;2015;18:30;5322;AV IMPERADOR;AV DUQ CAXIAS;;;;Colisão Frontal;Anoitecer;;;Cruz;Semáforo;Comercial;0;1;1;1;0;0;0;0;0;1;0;0;-38,535297;-3,730048;;;
266043;30;11;2015;15:00;9099;RUA FRANCOIS T MENEZES;AV EDUARDO GIRAO;;;;Colisão Lateral;Luz do Dia;;;;;;0;0;2;1;0;0;0;0;0;0;0;0;-38,525973;-3,755700;;;
266039;30;11;2015;20:20;25049;AV PONTES VIEIRA;RUA CAP MELO;;;;Outros;;;;Cruz;Semáforo;Comercial;0;1;2;1;0;0;0;0;0;1;0;0;-38,513797;-3,752762;;;
266036;30;11;2015;19:30;15301;RUA TEN BENEVOLO;RUA SILVA PAULET;;;;Colisão Lateral;Luz do Dia;;;Cruz;Pare;Comercial;0;1;1;0;0;0;0;0;0;0;0;0;-38,503888;-3,729724;;;
266001;30;11;2015;18:30;0;RUA PRO GOMES BRASIL;;;201;;Colisão Traseira;Anoitecer;;;Meio de Quadra;;;0;0;2;1;1;0;0;0;0;0;0;0;-38,567652;-3,774031;;;
266002;30;11;2015;11:05;7760;AV ANTONIO SALES;RUA SILVA PAULET;;;;Colisão Transversal;Luz do Dia;;;Cruz;Pare;Misto;0;0;2;1;0;0;0;0;0;0;0;0;-38,508383;-3,743595;;;
266004;30;11;2015;16:35;0;AV DOMINGOS OLIMPIO;;;1190;;Colisão Traseira;Luz do Dia;;;Meio de Quadra;;;0;1;1;0;0;0;0;0;0;1;0;0;-38,534135;-3,735606;;;
265999;30;11;2015;12:00;0;AV BORGES DE MELO;;;;;Colisão Traseira;Luz do Dia;;;Meio de Quadra;;;0;0;2;1;1;0;0;0;0;0;0;0;;;;;
265997;30;11;2015;14:20;20042;AV PRS JUSCELINO KUBITSCHEK (PASSARÉ);AV DR SILAS MUNGUBA;;;;Colisão Transversal;Luz do Dia;;;;;;0;1;1;1;0;0;0;0;0;1;0;0;-38,524782;-3,807229;;;
266140;30;11;2015;08:10;0;AV TRISTAO GONCALVES;;;1700;;Colisão Transversal;Luz do Dia;;;Meio de Quadra;;;0;2;0;0;0;0;0;0;0;1;0;0;;;;;
266144;30;11;2015;23:33;0;RUA DOM HENRIQUE;;;;;Colisão Transversal;;;;Meio de Quadra;;;0;1;1;1;0;0;0;0;0;1;0;0;;;;;
266138;30;11;2015;11:10;5490;AV VIS RIO BRANCO;RUA PDE VALDEVINO;;;;Colisão Traseira;Luz do Dia;;;;;;0;0;2;1;0;0;0;0;0;0;0;0;-38,523967;-3,736873;;;
266135;30;11;2015;01:00;0;AV PRS COSTA E SILVA;;;3000;;Choque c/ Obstáculo Fixo;;;;Meio de Quadra;;;0;0;1;0;0;0;0;0;0;0;0;0;-38,522000;-3,828859;;;
271059;30;11;2015;11:15;0;RD CE-040;;;;KM-04;Colisão Lateral;Luz do Dia;;Seca;Meio de Quadra;;;0;1;1;1;0;0;1;0;0;0;0;0;-38,480251;-3,792050;;;
271071;30;11;2015;10:30;0;RD CE-040;;;;KM-07;Colisão;Luz do Dia;;Seca;Meio de Quadra;;;0;0;2;0;0;0;0;0;0;1;0;0;-38,483160;-3,817953;;;
266672;30;11;2015;18:21;0;AV DIOGUINHO;;;;;Colisão;Anoitecer;;;Meio de Quadra;;;0;0;2;1;0;0;1;0;0;0;0;0;;;;;
266674;30;11;2015;19:01;0;AV OLIVEIRA PAIVA;;;;;Colisão;;;;Meio de Quadra;;;0;0;3;1;0;0;0;0;0;0;0;0;;;;;
273202;30;11;2015;00:39;15271;RUA ILDEFONSO ALBANO;RUA PEREIRA FILGUEIRAS;;;;Colisão;;;;Cruz;Semáforo;Misto;0;0;2;0;0;0;0;0;0;0;0;0;-38,511864;-3,728706;;;
273205;30;11;2015;11:15;0;RUA BOM JESUS (GRANJA LISBOA);;;3109;;Colisão;Luz do Dia;;;Meio de Quadra;;;0;0;2;0;0;0;0;0;0;0;0;0;-38,621350;-3,788051;;;
273207;30;11;2015;12:00;0;RUA EMILIO DE MENESES;;;2130;;Colisão;Luz do Dia;;;Meio de Quadra;;;0;0;2;0;0;0;0;0;0;0;0;0;-38,600125;-3,778182;;;
273209;30;11;2015;14:49;0;AV B CJ CEARA;;;;;Colisão;Luz do Dia;;;Meio de Quadra;;;0;0;2;0;0;0;0;0;0;0;0;0;;;;;
273211;30;11;2015;15:51;0;AV GAL OSORIO DE PAIVA;;;7421;;Colisão;Luz do Dia;;;Meio de Quadra;;;0;0;2;0;0;0;0;0;0;0;0;0;-38,613792;-3,816805;;;
273213;30;11;2015;17:15;0;RUA C UI 204;;;216;;Atropelamento;Anoitecer;;;Meio de Quadra;;;0;0;2;0;0;0;0;0;0;0;0;0;;;;;
273225;30;11;2015;22:15;24886;AV MAJ ASSIS;AV MOZART PINHEIRO DE LUCENA;;;;Colisão;;;;Cruz;Semáforo;Residencial;0;0;2;0;0;0;0;0;0;0;0;0;-38,596693;-3,721695;;;
273216;30;11;2015;18:32;0;RUA THEOGENES GONDIM;;;;;Colisão;;;;Meio de Quadra;;;0;0;2;0;0;0;0;0;0;0;0;0;;;;;
273218;30;11;2015;18:45;0;AV PRS COSTA E SILVA;;;;;Colisão;;;;Meio de Quadra;;;0;0;2;0;0;0;0;0;0;0;0;0;;;;;
273221;30;11;2015;19:44;24805;AV MOZART PINHEIRO DE LUCENA;RUA 22 CJ BEIRA RIO;;;;Colisão;;;;;;;0;0;2;0;0;0;0;0;0;0;0;0;-38,595688;-3,718230;;;
270171;30;11;2015;01:28;0;AV SEN FERNANDES TAVORA;;;;;Queda;;;;Meio de Quadra;;;0;1;0;0;0;0;0;0;0;1;0;0;;;;;
270173;30;11;2015;03:00;0;AV ABOLICAO;;;2900;;Atropelamento;;;;Meio de Quadra;;;0;1;0;0;0;0;0;0;0;0;0;0;-38,493317;-3,726989;;;
270194;30;11;2015;12:58;632;RUA ENG JOAO NOGUEIRA;AV PASTEUR;;;;Atropelamento;Luz do Dia;;;Cruz;Pare;Comercial;0;1;0;1;0;0;0;0;0;0;0;0;-38,559415;-3,712927;;;
270180;30;11;2015;07:22;347;RUA PRO COSTA MENDES;RUA FRANCISCA CLOTILDE;;;;Atropelamento;Luz do Dia;;;Cruz;Pare;Comercial;0;1;0;1;0;0;0;0;0;0;0;0;-38,556137;-3,746335;;;
270182;30;11;2015;07:29;15144;AV RUI BARBOSA;AV MON TABOSA;;;;Colisão;Luz do Dia;;;Cruz;Pare;Comercial;0;1;0;1;0;0;0;0;0;1;0;0;-38,505696;-3,724441;;;
270183;30;11;2015;12:06;0;RUA BERNARDO MANUEL;;;9970;;Colisão;Luz do Dia;;;Meio de Quadra;;;0;1;0;1;0;0;0;0;0;1;0;0;-38,553161;-3,804543;;;
270175;30;11;2015;04:41;3347;AV ENG HUMBERTO MONTE;RUA GOIAS;;;;Colisão;;;;T;Pare;Comercial;0;1;0;0;0;0;0;0;0;0;0;0;-38,559425;-3,750494;;;
270229;30;11;2015;18:03;0;AV AUGUSTO DOS ANJOS;;;2088;;Colisão;Anoitecer;;;Meio de Quadra;;;0;1;0;1;0;0;0;0;0;1;0;0;-38,582447;-3,783955;;;
270226;30;11;2015;17:11;0;RUA JOAO FRANCA (PQ. 2 IRMÃOS);;;306;;Atropelamento;Anoitecer;;;Meio de Quadra;;;0;1;0;0;0;0;0;0;0;1;0;0;;;;;
270199;30;11;2015;15:52;14653;RUA LIDIA BRIGIDO;RUA LOURIVAL C PINHO;;;;Colisão;Luz do Dia;;;;;;0;1;0;1;0;0;0;0;0;1;0;0;-38,484368;-3,793554;;;
270202;30;11;2015;16:57;3373;RUA PAPI JUNIOR;RUA MARIO DE ANDRADE;;;;Colisão;Luz do Dia;;;Cruz;Pare;Misto;0;1;0;1;0;0;0;0;0;1;0;0;-38,558885;-3,753737;;;
270197;30;11;2015;14:30;0;RUA COMERCIO D57;;;377;;Atropelamento;Luz do Dia;;;Meio de Quadra;;;0;1;0;1;0;0;0;0;0;0;0;0;-38,471711;-3,771984;;;
270261;30;11;2015;21:07;0;AV FRE CIRILO;;;3726;;Queda;;;;Meio de Quadra;;;0;1;0;0;0;0;0;0;0;1;0;0;-38,497668;-3,816718;;;
270258;30;11;2015;19:36;0;RUA VILA LOBOS;;;22;;Queda;;;;Meio de Quadra;;;0;1;0;0;0;1;0;0;0;0;0;0;-38,553741;-3,773665;;;
270259;30;11;2015;20:23;0;AV JOSE LEON;;;2252;;Colisão;;;;Meio de Quadra;;;0;1;0;1;0;0;0;0;0;1;0;0;-38,490788;-3,790476;;;
270254;30;11;2015;19:34;13591;AV PONTES VIEIRA;AV RUI BARBOSA;;;;Colisão;;;;Cruz;Semáforo;Comercial;0;1;0;1;0;0;0;0;0;1;0;0;-38,513797;-3,752762;;;
270251;30;11;2015;19:29;25328;RUA PORTO VELHO;RUA TUPI D35;;;;Colisão;;;;;Não Há Controle;Misto;0;1;0;1;0;0;0;0;0;1;0;0;-38,583018;-3,768111;;;
270233;30;11;2015;18:27;0;RUA MOREIRA DE SOUSA;;;394;;Colisão;Anoitecer;;;Meio de Quadra;;;0;1;0;1;0;1;0;0;0;0;0;0;-38,566786;-3,739518;;;
270244;30;11;2015;19:17;0;RUA PERNAMBUCO;;;3141;;Atropelamento;;;;Meio de Quadra;;;0;1;0;0;1;0;0;0;0;0;0;0;-38,580723;-3,748626;;;
270237;30;11;2015;18:45;0;AV SGT HERMINIO SAMPAIO;;;4475;;Atropelamento;;;;Meio de Quadra;;;0;1;0;0;0;0;0;0;0;1;0;0;-38,579892;-3,731774;;;
270128;1;12;2015;17:17;0;AV A CJ CEARA;;;;;Queda;Anoitecer;;;Meio de Quadra;;;0;1;0;0;0;0;0;0;0;1;0;0;;;;;
270123;1;12;2015;16:32;1246;AV SANTOS DUMONT;RUA BAR ARACATI;;;;Colisão;Luz do Dia;;;Cruz;Pare;Comercial;0;1;1;1;0;0;0;0;0;1;0;0;-38,511618;-3,731909;;;