COD_ACIDENTE;DIA;MES;ANO;HORA;INTERSECAO;LOG1;LOG2;LOG3;NUMERO;REFERENCIA;NATUREZA;ILUMINACAO;TEMPO;SUPERFICIEPISTA;TIPOCRUZAMENTO;CONTROLETRAFEGO;USOSOLO;MORTOS;FERIDOS;ILESOS;AUTOMOVEL;ONIBUS;BICICLETA;CAMINHAO;MICROONIBUS;CICLOMOTOR;MOTOCICLETA;TRACAOANIMAL;TREM;LONG;LAT;;;
270121;1;12;2015;16:30;0;RUA VITAL BRASIL;;;;;Queda;Luz do Dia;;;Meio de Quadra;;;0;1;0;0;0;0;0;0;0;1;0;0;-38,593131;-3,779388;;;
270133;1;12;2015;19:15;0;AV N CJ JOSE WALTER;;;;;Colisão;;;;Meio de Quadra;;;0;1;0;0;0;0;0;0;0;0;0;0;;;;;
270110;1;12;2015;09:24;0;AV JOAO DE ARAUJO LIMA;;;;;Colisão;Luz do Dia;;;Meio de Quadra;;;0;1;0;0;0;0;0;0;0;0;0;0;-38,560290;-3,831583;;;
270116;1;12;2015;11:56;0;AV DO VAQUEIRO;;;;;Colisão;Luz do Dia;;;Meio de Quadra;;;0;1;0;0;0;0;0;0;0;0;0;0;-38,503185;-3,860891;;;
270106;1;12;2015;07:17;0;RUA EMILIO DE MENESES;;;;;Colisão;Luz do Dia;;;Meio de Quadra;;;0;1;1;1;0;0;0;0;0;1;0;0;;;;;
272285;1;12;2015;07:56;24230;RUA TAVARES COUTINHO;AV ENG ALBERTO SA;;;;Colisão;Luz do Dia;;;;;;0;0;2;0;0;0;0;0;0;0;0;0;-38,482890;-3,732499;;;
272298;1;12;2015;13:28;0;RUA MARIA QUINTINO;;;;;Colisão;Luz do Dia;;;Meio de Quadra;;;0;0;2;0;0;0;0;0;0;0;0;0;;;;;
272299;1;12;2015;14:03;0;AV ROGACIANO LEITE;;;;;Colisão;Luz do Dia;;;Meio de Quadra;;;0;0;2;0;0;0;0;0;0;0;0;0;;;;;
272290;1;12;2015;11:13;0;RUA MUNIZ FREIRE;;;;;Colisão;Luz do Dia;;;Meio de Quadra;;;0;0;2;0;0;0;0;0;0;0;0;0;;;;;
272291;1;12;2015;11:19;0;RUA SAO JORGE;;;;;Colisão;Luz do Dia;;;Meio de Quadra;;;0;0;2;0;0;0;0;0;0;0;0;0;;;;;
272296;1;12;2015;13:19;91;RUA PRS PRUDENTE;RUA TOMAS RODRIGUES;;;;Colisão;Luz do Dia;;;Cruz;;Residencial;0;0;2;0;0;0;0;0;0;0;0;0;-38,594205;-3,738023;;;
271093;1;12;2015;19:00;0;RD CE-040;;;;KM-08;Colisão;Via Iluminada;;Seca;Meio de Quadra;;;0;2;0;1;0;0;0;0;0;1;0;0;-38,481317;-3,823332;;;
271079;1;12;2015;04:50;0;AV SEN CARLOS JEREISSATI (AEROPORTO);;;;KM 01;Colisão;Amanhecer;;Seca;Meio de Quadra;;;0;2;0;0;0;0;0;0;0;1;0;0;-38,520356;-3,783803;;;
266153;1;12;2015;10:00;15194;RUA ILDEFONSO ALBANO;RUA DEP MOREIRA DA ROCHA;;;;Colisão Transversal;Luz do Dia;;;Cruz;Pare;Residencial;0;0;2;1;0;0;0;0;0;0;0;0;-38,511072;-3,726480;;;
266156;1;12;2015;17:45;0;AV SEN VIRGILIO TAVORA;;;1731;;Colisão Lateral;Anoitecer;;;Meio de Quadra;;;1;0;1;1;0;0;0;0;0;1;0;0;-38,494602;-3,741309;;;
266158;1;12;2015;07:20;23615;AV OLAVO BILAC;RUA GONCALO DE LAGOS;;;;Colisão Transversal;Luz do Dia;;;;;;0;1;1;1;0;0;0;0;0;1;0;0;-38,565591;-3,725197;;;
266160;1;12;2015;10:40;0;AV FRANCISCO SA;;;4121;;Colisão Lateral;Luz do Dia;;;Meio de Quadra;;;0;0;2;1;0;0;0;0;0;0;0;0;-38,561663;-3,715955;;;
266164;1;12;2015;17:10;15170;AV ABOLICAO;RUA JOSE VILAR;;;;Colisão Traseira;Anoitecer;;;Cruz;Pare;Residencial;0;1;1;1;0;0;0;0;0;1;0;0;-38,501373;-3,725435;;;
259405;1;12;2015;08:40;0;RD BR 116;;;1000;KM-01;Colisão Lateral;Luz do Dia;Bom;Seca;Meio de Quadra;Não Há Controle;Comercial;0;1;1;1;0;0;0;0;0;0;0;0;-38,518702;-3,762554;;;
266341;1;12;2015;12:40;0;AV JOSE LEON;;;1130;;Colisão Transversal;Luz do Dia;;;Meio de Quadra;;;0;0;2;1;0;0;0;0;0;1;0;0;-38,501387;-3,787924;;;
266347;1;12;2015;15:40;5090;RUA OTO DE ALENCAR;RUA GUILHERME ROCHA;;;;Colisão Traseira;Luz do Dia;;;Cruz;Semáforo;Misto;0;0;2;1;0;0;0;0;0;0;0;0;-38,540079;-3,723058;;;
266330;1;12;2015;;11625;RUA BOA VISTA;RUA PRO MIRAMAR DA PONTE;;;;Colisão Lateral;;;;;;;0;0;2;1;0;0;0;0;0;0;0;0;-38,588817;-3,767567;;;
266339;1;12;2015;14:20;19683;RUA AZEVEDO BOLAO;RUA PRO JOSE DE BARCELOS;;;;Colisão Transversal;Luz do Dia;;;Cruz;Pare;Residencial;0;0;2;1;0;0;0;0;0;0;0;0;-38,550610;-3,735196;;;
266334;1;12;2015;20:15;16038;RUA GASTAO JUSTA;RUA JORGE RAUPP;;;;Colisão Transversal;;;;;;;0;1;1;1;0;0;0;0;0;1;0;0;-38,571313;-3,811994;;;
266370;1;12;2015;18:50;12863;AV DOMINGOS OLIMPIO;RUA FLORIANO PEIXOTO;;;;Colisão Transversal;;;;Cruz;Não Há Controle;Comercial;0;1;2;1;0;0;0;0;0;0;0;0;-38,530313;-3,736976;;;
266359;1;12;2015;12:40;0;AV DA UNIVERSIDADE;;;2854;;Colisão Lateral;Luz do Dia;;;Meio de Quadra;;;0;0;3;1;0;0;0;0;0;0;0;0;-38,539162;-3,741023;;;
266181;1;12;2015;18:00;1246;AV SANTOS DUMONT;RUA BAR ARACATI;;;;Colisão Transversal;Anoitecer;;;Cruz;Pare;Comercial;0;1;1;1;0;0;0;0;0;1;0;0;-38,511618;-3,731909;;;
266187;1;12;2015;10:10;0;AV PONTES VIEIRA;;;2409;;Colisão Traseira;Luz do Dia;;;Meio de Quadra;;;0;0;2;1;0;0;0;0;0;0;0;0;-38,500200;-3,751171;;;
266189;1;12;2015;08:40;0;RUA BENI DE CARVALHO;;;395;;Colisão Traseira;Luz do Dia;;;Meio de Quadra;;;0;0;3;1;0;0;0;0;0;0;0;0;-38,497411;-3,745221;;;
266190;1;12;2015;14:30;0;RUA DOM HELIO CAMPOS D21;;;;;Colisão Lateral;Luz do Dia;;;Meio de Quadra;;;0;0;2;1;0;0;0;0;0;0;0;0;;;;;
266174;1;12;2015;15:40;0;RUA ASP MENDES;;;332;;Colisão Frontal;Luz do Dia;;;Meio de Quadra;;;0;1;1;1;0;0;0;0;0;0;0;0;;;;;
266178;1;12;2015;08:00;25412;AV DES FLORIANO BENEVIDES;RUA FRANCISCO SEGUNDO DA COSTA;;;;Colisão Lateral;Luz do Dia;;;Cruz;Pare;Residencial;0;0;2;1;1;0;0;0;0;0;0;0;-38,478416;-3,772571;;;
266322;1;12;2015;20:15;5468;RUA ANTONIO POMPEU;RUA BAR ARATANHA;;;;Colisão Transversal;;;;Cruz;Semáforo;Residencial;0;1;1;1;0;0;0;0;0;1;0;0;-38,527351;-3,735826;;;
266317;1;12;2015;22:30;10963;RUA ANTONIO FIUZA;RUA 15 DE NOVEMBRO;;;;;;;;Cruz;Semáforo;Residencial;0;0;2;1;0;0;0;0;1;0;0;0;-38,552228;-3,770252;;;
266312;1;12;2015;11:25;15293;AV BAR STUDART;RUA TEN BENEVOLO;;;;Colisão Traseira;Luz do Dia;;;Cruz;Semáforo;Comercial;0;0;2;1;0;0;0;0;0;0;0;0;-38,504908;-3,729390;;;
266307;1;12;2015;23:15;3860;AV DA UNIVERSIDADE;AV 13 DE MAIO;;;;Colisão Traseira;;;;Cruz;Semáforo;Comercial;0;0;2;1;0;0;0;0;0;0;0;0;-38,539107;-3,740962;;;
266303;1;12;2015;14:00;15211;AV ABOLICAO;RUA PAULA BARROS;;;;Atropelamento;Luz do Dia;;;Cruz;;Residencial;0;1;1;0;1;0;0;0;0;0;0;0;-38,492313;-3,726831;;;
266279;1;12;2015;16:50;0;AV AGUANAMBI;;;21;;Colisão Transversal;Luz do Dia;;;Meio de Quadra;;;0;0;2;1;0;0;1;0;0;0;0;0;;;;;
266277;1;12;2015;14:50;1507;RUA PDE VALDEVINO;RUA BAR ARACATI;;;;Colisão Traseira;Luz do Dia;;;Cruz;Pare;Comercial;0;0;2;1;0;0;0;0;0;0;0;0;-38,514377;-3,739898;;;
266281;1;12;2015;22:00;0;RUA JOAO FIRMINO;;;;;;;;;Meio de Quadra;;;0;1;1;1;0;0;0;0;0;1;0;0;;;;;
266198;1;12;2015;13:45;26077;AV JOSE JATAHY;AV DUQ CAXIAS;;;;Colisão;Luz do Dia;;;T;Pare;Comercial;0;0;2;1;0;0;1;0;0;0;0;0;;;;;
266185;1;12;2015;08:15;24229;AV ENG SANTANA JUNIOR;AV ENG ALBERTO SA;;;;Colisão Transversal;Luz do Dia;;;Cruz;Semáforo;Comercial;0;0;2;1;0;0;0;0;0;0;0;0;-38,480624;-3,733357;;;
266200;1;12;2015;06:30;5188;RUA TEN BENEVOLO;RUA NOGUEIRA ACIOLI;;;;Colisão Transversal;Luz do Dia;;;Cruz;Pare;Residencial;0;1;1;1;0;0;0;0;0;0;0;0;-38,515591;-3,725858;;;
266201;1;12;2015;19:00;13534;RUA JOAO CORDEIRO;AV SORIANO ALBUQUERQUE;;;;Colisão Lateral;;;;Cruz;Pare;Residencial;0;2;1;1;0;0;0;0;0;0;0;0;-38,519458;-3,747871;;;
266205;1;12;2015;13:00;0;AV JOAO DE ARAUJO LIMA;;;21;;Colisão Traseira;Luz do Dia;;;Meio de Quadra;;;0;1;1;1;0;0;0;0;0;1;0;0;-38,558045;-3,821405;;;
266275;1;12;2015;08:30;0;RUA FLORIANO PEIXOTO;;;899;;Colisão Lateral;Luz do Dia;;;Meio de Quadra;;;0;1;1;1;0;0;0;0;0;1;0;0;-38,528079;-3,730225;;;
266886;1;12;2015;15:03;0;RUA VALPARAISO;;;;;Colisão;Luz do Dia;;;Meio de Quadra;;;0;0;2;1;0;0;1;0;0;0;0;0;;;;;
266887;1;12;2015;17:26;0;AV ABOLICAO;;;;;Colisão;Anoitecer;;;Meio de Quadra;;;0;0;2;0;1;0;0;0;0;0;0;0;;;;;
271375;1;12;2015;12:00;0;AV OLIVEIRA PAIVA;;;676;;Colisão;Luz do Dia;;;Meio de Quadra;;;0;0;1;1;0;0;0;0;0;0;0;0;;;;;
271388;2;12;2015;17:50;12849;RUA ASSUNCAO;RUA SALDANHA MARINHO;;;;Colisão;Anoitecer;;;Cruz;Pare;Residencial;0;2;0;1;0;0;0;0;0;0;0;0;-38,531231;-3,742314;;;
271382;2;12;2015;00:12;0;RUA STA INES D22;;;1702;;Choque c/ Obstáculo Fixo;;;;Meio de Quadra;;;0;1;0;1;0;0;0;0;0;0;0;0;;;;;
271206;2;12;2015;08:40;0;RD CE-040;;;;KM-07;Tombamento;Luz do Dia;;Seca;Meio de Quadra;;;0;3;0;1;0;0;0;0;0;0;0;0;-38,483160;-3,817953;;;
271200;2;12;2015;04:30;0;RD CE-040;;;;KM-08;Choque c/ Obstáculo Fixo;Luz do Dia;;Seca;Meio de Quadra;;;0;1;0;0;0;0;0;0;0;1;0;0;-38,481317;-3,823332;;;
271216;2;12;2015;09:00;0;RD CE-040;;;;KM-07;Colisão;Luz do Dia;;Seca;Meio de Quadra;;;0;1;1;1;0;0;0;0;0;1;0;0;-38,483160;-3,817953;;;
271451;2;12;2015;20:00;12114;AV BULEVAR II;AV CASTELO DE CASTRO;;;;Colisão;;;;Cruz;Outros;Residencial;0;2;0;1;0;0;0;0;0;1;0;0;-38,521682;-3,836737;;;
266376;2;12;2015;08:20;0;AV SORIANO ALBUQUERQUE;;;;;Engavetamento;Luz do Dia;;;Meio de Quadra;;;0;0;4;1;0;0;1;0;0;0;0;0;;;;;
266388;2;12;2015;15:20;0;AV SEN VIRGILIO TAVORA;;;2269;;Colisão Traseira;Luz do Dia;;;Meio de Quadra;;;0;0;2;1;0;0;0;0;0;0;0;0;-38,496405;-3,746977;;;
266386;2;12;2015;08:30;1596;RUA PDE VALDEVINO;RUA OSVALDO CRUZ (ALDEOTA);;;;Colisão Lateral;Luz do Dia;;;Cruz;Pare;Residencial;0;1;1;1;0;0;0;0;0;1;0;0;-38,502862;-3,743492;;;
266390;2;12;2015;13:30;0;RUA HIS GUARINO ALVES;;;95;;Colisão Lateral;Luz do Dia;;;Meio de Quadra;;;0;0;2;1;0;0;0;0;0;0;0;0;;;;;
266391;2;12;2015;20:40;0;RUA CANDIDO MAIA;;;197;;Colisão Lateral;;;;Meio de Quadra;;;0;0;2;1;0;0;0;0;0;0;0;0;-38,590081;-3,735840;;;
266393;2;12;2015;23:00;0;AV JOSE BASTOS;;;5600;;Colisão Traseira;;;;Meio de Quadra;;;0;0;2;1;0;0;0;0;0;0;0;0;-38,564575;-3,760712;;;
266384;2;12;2015;16:20;13473;RUA ANTONIO AUGUSTO;RUA PINHO PESSOA;;;;Colisão Transversal;Luz do Dia;;;Cruz;Pare;Residencial;0;1;1;1;0;0;0;0;0;0;0;0;-38,518112;-3,744442;;;
266436;2;12;2015;15:30;3771;AV DOMINGOS OLIMPIO;AV DA UNIVERSIDADE;;;;Colisão Lateral;Luz do Dia;;;Cruz;Semáforo;Comercial;0;1;1;1;0;0;0;0;0;1;0;0;-38,534216;-3,735594;;;
266434;2;12;2015;13:30;19548;AV DR SILAS MUNGUBA;RUA PERU;;;;Colisão Transversal;Luz do Dia;;;Cruz;Semáforo;Comercial;0;0;2;1;0;0;0;0;0;0;0;0;-38,554545;-3,783036;;;
266431;2;12;2015;11:20;7857;RUA PRO DIAS DA ROCHA;RUA HENRIQUETA GALENO;;;;Colisão Transversal;Luz do Dia;;;Cruz;Pare;Misto;0;0;2;1;0;0;0;0;0;0;0;0;-38,495244;-3,746681;;;
266429;2;12;2015;04:15;0;RUA PRO COSTA MENDES;;;;;Choque c/ Obstáculo Fixo;;;;;;;0;0;1;1;0;0;0;0;0;0;0;0;;;;;
266426;2;12;2015;09:20;13423;AV ANTONIO SALES;RUA MON BRUNO;;;;Colisão Transversal;Luz do Dia;;;Cruz;Pare;Comercial;0;0;2;1;1;0;0;0;0;0;0;0;-38,512634;-3,742276;;;
266424;2;12;2015;18:30;2535;AV CEL CARVALHO;RUA 13 DE ROCHEDALE;;;;Colisão Transversal;Anoitecer;;;Cruz;Não Há Controle;Rural;0;0;2;1;0;0;0;0;0;0;0;0;-38,589676;-3,710546;;;
266422;2;12;2015;12:30;5031;RUA PESSOA ANTA;AV ALM TAMANDARE;;;;Colisão Traseira;Luz do Dia;;;;;;0;0;2;1;1;0;0;0;0;0;0;0;-38,519885;-3,720821;;;
266408;2;12;2015;09:30;1743;RUA CAP ARAGAO;RUA TEN BARBOSA D46;;;;Colisão Lateral;Luz do Dia;;;Cruz;Pare;Residencial;0;2;0;1;0;0;0;0;0;1;0;0;-38,512040;-3,764730;;;
266414;2;12;2015;13:30;20239;RUA AMANCIO PEREIRA;RUA DR ANTONIO LUSTOSA;;;;Colisão Lateral;Luz do Dia;;;;;;0;1;1;1;0;0;0;0;0;1;0;0;-38,522887;-3,814890;;;
266415;2;12;2015;09:30;3853;RUA DOS PRACINHAS;RUA LUIS DE MIRANDA;;;;Colisão Lateral;Luz do Dia;;;;;;0;0;2;1;0;0;1;0;0;0;0;0;-38,542789;-3,737670;;;
266416;2;12;2015;10:00;7765;RUA DOM EXPEDITO LOPES;RUA TIBURCIO CAVALCANTE;;;;Colisão Lateral;Luz do Dia;;;Cruz;Pare;Residencial;0;0;2;1;0;0;0;0;0;0;0;0;-38,505097;-3,743802;;;
266417;2;12;2015;18:20;0;RUA OSVALDO CRUZ (ALDEOTA);;;2129;;;Anoitecer;;;Meio de Quadra;;;0;0;2;0;0;0;0;0;0;1;0;0;-38,503113;-3,744313;;;
266418;2;12;2015;20:35;15322;RUA CANUTO DE AGUIAR;RUA BARBOSA DE FREITAS;;;;Colisão Transversal;;;;Cruz;Pare;Residencial;0;0;2;1;0;0;0;0;0;0;0;0;-38,495453;-3,730624;;;
266419;2;12;2015;15:00;0;RUA PDE VALDEVINO;;;2362;;Colisão Traseira;Luz do Dia;;;Meio de Quadra;;;0;0;3;1;0;0;0;0;0;0;0;0;-38,504465;-3,743024;;;
266420;2;12;2015;17:10;0;AV AGUANAMBI;;;1370;;Colisão Transversal;Anoitecer;;;Meio de Quadra;;;0;0;2;1;1;0;0;0;0;0;0;0;-38,524083;-3,748559;;;
266396;2;12;2015;19:00;0;AV ROGACIANO LEITE;;;1060;;Colisão Lateral;;;;Meio de Quadra;;;0;1;1;1;0;0;0;0;0;1;0;0;-38,496935;-3,767713;;;
266400;2;12;2015;09:40;1279;RUA OSVALDO CRUZ (ALDEOTA);AV DOM LUIS;;;;Atropelamento;Luz do Dia;;;Cruz;Semáforo;Comercial;0;1;1;0;0;0;0;0;0;1;0;0;-38,499353;-3,732616;;;
266398;2;12;2015;16:10;3801;RUA DOM JERONIMO D06;AV 13 DE MAIO;;;;Colisão Lateral;Luz do Dia;;;T;Semáforo;Comercial;0;0;2;1;1;0;0;0;0;0;0;0;-38,542436;-3,738032;;;
266412;2;12;2015;19:30;19727;RUA COS ALVARO DE OLIVEIRA;RUA MORENINHA IRINEU;;;;Colisão Lateral;;;;;;;0;0;2;1;0;0;0;0;0;0;0;0;-38,555975;-3,736909;;;
266405;2;12;2015;06:10;0;AV DOS EXPEDICIONARIOS;;;9213;;Colisão Traseira;Luz do Dia;;;Meio de Quadra;;;0;1;1;1;0;0;0;0;0;1;0;0;-38,551918;-3,800348;;;
266402;2;12;2015;11:00;1516;AV PDE ANTONIO TOMAS;AV DES MOREIRA;;;;Engavetamento;Luz do Dia;;;Cruz;Semáforo;Comercial;0;0;3;1;0;0;0;0;0;0;0;0;-38,499616;-3,740161;;;
266499;2;12;2015;16:30;0;AV CARAPINIMA;;;2306;;Colisão Traseira;Luz do Dia;;;Meio de Quadra;;;0;0;2;1;0;0;0;0;0;0;0;0;-38,540353;-3,740113;;;
266500;2;12;2015;12:45;0;AV DOS EXPEDICIONARIOS;;;9360;;Colisão Traseira;Luz do Dia;;;Meio de Quadra;;;0;1;1;1;0;0;0;0;0;1;0;0;-38,552393;-3,801985;;;
259406;2;12;2015;06:45;0;RD BR 116;;;3000;KM-03;Colisão Lateral;Luz do Dia;Bom;Seca;Meio de Quadra;Não Há Controle;Comercial;0;2;1;0;1;0;0;0;0;1;0;0;-38,514372;-3,779838;;;
266505;2;12;2015;11:45;0;AV ABOLICAO;;;2324;;Engavetamento;Luz do Dia;;;Meio de Quadra;;;0;0;3;1;0;0;0;0;0;0;0;0;-38,498211;-3,726444;;;
266501;2;12;2015;13:35;0;AV DOS EXPEDICIONARIOS;;;9360;;Colisão Traseira;Luz do Dia;;;Meio de Quadra;;;0;0;2;1;0;0;0;0;0;0;0;0;-38,552393;-3,801985;;;
266502;2;12;2015;15:45;0;RUA DA SAUDADE D04;;;;;Colisão Transversal;Luz do Dia;;;Meio de Quadra;;;0;0;2;1;0;0;0;0;0;0;0;0;;;;;
266503;2;12;2015;10:00;22899;RUA GOV JOAO CARLOS;RUA PDE NOBREGA;;;;Colisão Transversal;Luz do Dia;;;Cruz;Pare;Misto;0;2;0;1;0;0;0;0;0;1;0;0;-38,553174;-3,782094;;;
272303;2;12;2015;18:38;0;RUA CANAL;;;;;Colisão;;;;Meio de Quadra;;;0;0;2;0;0;0;0;0;0;0;0;0;;;;;
272300;2;12;2015;13:50;3444;RUA GUILHERME ASSUNCAO;RUA FRANCISCO JOSE COSTA;;;;Colisão;Luz do Dia;;;;;;0;0;1;0;0;0;0;0;0;0;0;0;-38,509843;-3,816376;;;
272301;2;12;2015;17:03;1337;AV SANTOS DUMONT;RUA OSVALDO CRUZ (ALDEOTA);;;;Colisão;Anoitecer;;;Cruz;Semáforo;Comercial;0;0;2;0;0;0;0;0;0;0;0;0;-38,500317;-3,735602;;;
272360;2;12;2015;07:26;0;ET PAVUNA;;;;;Colisão;Luz do Dia;;;Meio de Quadra;;;0;0;2;0;0;0;0;0;0;0;0;0;;;;;
270140;2;12;2015;07:43;0;AV VIS RIO BRANCO;;;;;Colisão;Luz do Dia;;;Meio de Quadra;;;0;1;1;1;0;0;0;0;0;1;0;0;-38,520819;-3,751844;;;
270141;2;12;2015;08:02;0;AV WASHINGTON SOARES;;;;;Colisão;Luz do Dia;;;Meio de Quadra;;;0;1;1;1;0;0;0;0;0;1;0;0;-38,482424;-3,831760;;;
270142;2;12;2015;08:56;0;RUA OSVALDO CRUZ;;;;;Colisão;Luz do Dia;;;Meio de Quadra;;;0;1;1;1;0;0;0;0;0;1;0;0;;;;;
270143;2;12;2015;10:30;1596;RUA PDE VALDEVINO;RUA OSVALDO CRUZ (ALDEOTA);;;;Colisão;Luz do Dia;;;Cruz;Pare;Residencial;0;1;1;1;0;0;0;0;0;1;0;0;-38,502862;-3,743492;;;
270144;2;12;2015;12:51;0;RUA BERNARDO MANUEL;;;;;Colisão;Luz do Dia;;;Meio de Quadra;;;0;1;1;1;0;0;0;0;0;1;0;0;-38,552393;-3,801985;;;
270145;2;12;2015;14:13;0;RUA CANAL;;;;;Atropelamento;Luz do Dia;;;Meio de Quadra;;;0;1;1;0;0;0;0;0;0;1;0;0;;;;;
270146;2;12;2015;15:59;0;AV CARAPINIMA;;;;;Colisão;Luz do Dia;;;Meio de Quadra;;;0;1;1;1;0;0;0;0;0;1;0;0;;;;;
270137;2;12;2015;04:38;0;AV WASHINGTON SOARES;;;;;Queda;;;;Meio de Quadra;;;0;1;0;0;0;0;0;0;0;1;0;0;-38,480787;-3,814229;;;
270138;2;12;2015;05:43;9018;RUA SOLON PINHEIRO;RUA SALDANHA MARINHO;;;;Colisão;Amanhecer;;;Cruz;Pare;Residencial;0;1;0;0;0;0;0;0;0;0;0;0;-38,530406;-3,742594;;;
270243;3;12;2015;11:33;0;AV GAL OSORIO DE PAIVA;;;;;Colisão;Luz do Dia;;;Meio de Quadra;;;0;1;1;1;0;0;0;0;0;1;0;0;-38,584193;-3,786846;;;
270245;3;12;2015;13:37;0;RUA EMILIO DE MENESES;;;;;Colisão;Luz do Dia;;;Meio de Quadra;;;0;1;1;1;0;1;0;0;0;0;0;0;-38,605102;-3,776775;;;
270246;3;12;2015;14:16;0;AV DR SILAS MUNGUBA;;;;;Colisão;Luz do Dia;;;Meio de Quadra;;;0;1;1;1;0;0;0;0;0;1;0;0;-38,558088;-3,780933;;;
270248;3;12;2015;14:55;0;RD BR 116;;;4000;KM-04;Colisão;Luz do Dia;;;Meio de Quadra;;;0;1;1;1;0;1;0;0;0;0;0;0;-38,510646;-3,788331;;;
270249;3;12;2015;15:51;19469;AV AUGUSTO DOS ANJOS;AV GAL OSORIO DE PAIVA;;;;Colisão;Luz do Dia;;;Outros;Pare;Misto;0;1;1;1;0;0;0;0;0;1;0;0;-38,584939;-3,787349;;;
270232;3;12;2015;08:28;0;AV IMPERADOR;;;;;Atropelamento;Luz do Dia;;;Meio de Quadra;;;0;1;1;1;0;0;0;0;0;0;0;0;;;;;
270241;3;12;2015;10:02;0;RUA GERMANO FRANCK;;;;;Atropelamento;Luz do Dia;;;Meio de Quadra;;;0;1;1;1;0;0;0;0;0;0;0;0;;;;;
270252;3;12;2015;16:28;0;RD BR 116;;;;;Queda;Luz do Dia;;;Meio de Quadra;;;0;1;0;0;0;0;0;0;0;1;0;0;-38,511211;-3,787067;;;
270277;3;12;2015;21:05;0;RUA PEDESTRE II;;;;;Queda;;;;Meio de Quadra;;;0;1;0;0;0;0;0;0;0;1;0;0;;;;;
270270;3;12;2015;18:36;0;RUA PRO COSTA MENDES;;;;;Colisão;;;;Meio de Quadra;;;0;0;2;1;0;0;0;0;0;1;0;0;;;;;
270268;3;12;2015;18:24;0;AV WASHINGTON SOARES;;;;;Colisão;Anoitecer;;;Meio de Quadra;;;0;1;1;1;0;0;0;0;0;1;0;0;;;;;
270282;3;12;2015;21:56;0;RUA BOA ESPERANCA D43;;;;;Atropelamento;;;;Meio de Quadra;;;0;1;1;0;0;0;0;0;0;1;0;0;;;;;
270279;3;12;2015;21:43;0;RUA PAU BRASIL;;;;;Colisão;;;;Meio de Quadra;;;0;1;1;1;0;0;0;0;0;1;0;0;;;;;
270273;3;12;2015;19:31;0;RUA PRO EDGAR DE ARRUDA;;;;;Colisão;;;;Meio de Quadra;;;0;1;1;1;0;0;0;0;0;1;0;0;;;;;
270147;3;12;2015;07:05;0;RD CE-040;;;;KM-04;Atropelamento;Luz do Dia;Bom;Seca;Meio de Quadra;;;1;1;0;0;0;0;0;0;0;1;0;0;-38,480251;-3,792050;;;
272306;3;12;2015;16:09;10044;RUA EMILIO DE MENESES;RUA ANTONIO NERY;;;;Colisão;Luz do Dia;;;Cruz;Pare;Comercial;0;0;2;0;0;0;0;0;0;0;0;0;-38,600204;-3,778162;;;
272307;3;12;2015;17:17;0;AV ABOLICAO;;;;;Colisão;Anoitecer;;;Meio de Quadra;;;0;0;2;0;0;0;0;0;0;0;0;0;;;;;
272308;3;12;2015;22:03;5675;RUA CHICO LEMOS;RUA ALICE;;;;Colisão;;;;Cruz;Pare;Residencial;0;0;2;0;0;0;0;0;0;0;0;0;-38,499726;-3,790026;;;
272309;3;12;2015;22:05;0;AV CARAPINIMA;;;;;Colisão;;;;Meio de Quadra;;;0;0;2;0;0;0;0;0;0;0;0;0;;;;;
266511;3;12;2015;09:30;3800;AV 13 DE MAIO;RUA CAIO CARLOS;;;;Colisão Traseira;Luz do Dia;;;Cruz;Não Há Controle;Comercial;0;0;2;1;0;0;0;0;0;0;0;0;-38,542160;-3,738286;;;
266512;3;12;2015;07:00;3819;AV CARAPINIMA;RUA JUVENAL GALENO;;;;Colisão Traseira;Luz do Dia;;;Cruz;Semáforo;Comercial;0;0;3;1;0;0;0;0;0;0;0;0;-38,539176;-3,738998;;;
266514;3;12;2015;18:30;0;RUA HOLANDA;;;;;Colisão Transversal;Anoitecer;;;Meio de Quadra;;;0;2;1;1;0;0;0;0;0;1;0;0;-38,556054;-3,808129;;;
266508;3;12;2015;21:00;15350;AV DES MOREIRA;RUA PEREIRA VALENTE;;;;Colisão Transversal;;;;Cruz;Semáforo;Comercial;0;0;2;1;0;0;0;0;0;1;0;0;-38,497076;-3,732253;;;
266509;3;12;2015;08:00;2486;AV FRANCISCO SA;RUA SEN ROBERT KENNEDY;;;;Colisão Transversal;Luz do Dia;;;Cruz;Pare;Residencial;0;0;2;1;0;0;0;0;0;0;0;0;-38,581426;-3,709140;;;
266533;3;12;2015;10:00;9132;AV 13 DE MAIO;RUA JAIME BENEVOLO;;;;Colisão Traseira;Luz do Dia;;;Cruz;Semáforo;Comercial;0;0;2;1;0;0;0;0;0;0;0;0;-38,530741;-3,748122;;;
266524;3;12;2015;08:30;22776;RUA EDUARDO NOVAES;RUA MIN ABNER VASCONCELOS;;;;Colisão Transversal;Luz do Dia;;;Cruz;Não Há Controle;Residencial;0;1;1;1;0;0;0;0;0;1;0;0;-38,478653;-3,800645;;;
266528;3;12;2015;18:00;0;RUA LUCIANO DE QUEIROS;;;;;Colisão Transversal;Anoitecer;;;Meio de Quadra;;;0;0;2;1;0;0;0;0;0;0;0;0;;;;;
266626;3;12;2015;14:30;24982;AV ALM HENRIQUE SABOIA;RUA CAROLINA SUCUPIRA;;;;Engavetamento;Luz do Dia;;;T;Semáforo;Residencial;0;0;3;1;0;0;1;0;0;0;0;0;-38,490003;-3,744387;;;