COD_ACIDENTE;DIA;MES;ANO;HORA;INTERSECAO;LOG1;LOG2;LOG3;NUMERO;REFERENCIA;NATUREZA;ILUMINACAO;TEMPO;SUPERFICIEPISTA;TIPOCRUZAMENTO;CONTROLETRAFEGO;USOSOLO;MORTOS;FERIDOS;ILESOS;AUTOMOVEL;ONIBUS;BICICLETA;CAMINHAO;MICROONIBUS;CICLOMOTOR;MOTOCICLETA;TRACAOANIMAL;TREM;LONG;LAT;;;
266618;3;12;2015;09:30;1243;RUA PEREIRA FILGUEIRAS;RUA DR JOSE LOURENCO;;;;Colisão Traseira;Luz do Dia;;;Cruz;Pare;Comercial;0;0;2;1;0;0;0;0;0;0;0;0;-38,506470;-3,730449;;;
266623;3;12;2015;14:30;7658;RUA RIO GRANDE DO NORTE;RUA GOIAS;;;;Colisão;Luz do Dia;;;Cruz;;;0;2;1;1;0;0;0;0;0;1;0;0;-38,566333;-3,759391;;;
266640;3;12;2015;10:30;0;RUA 7 DE SETEMBRO;;;;;Colisão;Luz do Dia;;;Meio de Quadra;;;0;0;2;1;1;0;0;0;0;0;0;0;;;;;
266638;3;12;2015;18:50;0;RUA CARLOS VASCONCELOS;;;759;;Outros;;;;Meio de Quadra;;;0;1;0;0;0;0;0;0;0;1;0;0;-38,509375;-3,728637;;;
266642;3;12;2015;11:13;3883;AV DOS EXPEDICIONARIOS;RUA COSTA SOUZA;;;;Colisão Transversal;Luz do Dia;;;Cruz;Pare;Comercial;0;0;2;1;0;0;0;0;0;0;0;0;-38,535932;-3,747745;;;
266643;3;12;2015;18:00;17370;RUA BAR SOBRAL;RUA ALM RUBIM;;;;Colisão Transversal;Anoitecer;;;Cruz;Pare;Misto;0;1;1;1;0;0;0;0;0;1;0;0;-38,554972;-3,766572;;;
266549;3;12;2015;16:00;0;AV BEZERRA DE MENEZES;;;849;;Colisão Transversal;Luz do Dia;;;Meio de Quadra;;;0;1;2;1;0;0;0;0;0;1;0;0;-38,552378;-3,733171;;;
266555;3;12;2015;06:30;0;RUA CON DE CASTRO;;;3806;;Colisão;Luz do Dia;;;Meio de Quadra;;;0;1;1;0;0;0;0;0;0;1;0;0;-38,587272;-3,799925;;;
266553;3;12;2015;19:30;5100;AV DOM MANUEL;AV MON TABOSA;;;;Colisão Lateral;;;;Cruz;Semáforo;Comercial;0;0;2;1;0;0;0;0;0;0;0;0;-38,519439;-3,723554;;;
266546;3;12;2015;10:15;0;AV ANTONIO SALES;;;2900;;Colisão Traseira;Luz do Dia;;;Meio de Quadra;;;0;0;2;0;0;0;0;1;0;0;0;0;-38,498151;-3,746754;;;
266540;3;12;2015;10:50;0;AV ANTONIO SALES;;;;;Colisão Traseira;Luz do Dia;;;Meio de Quadra;;;0;0;2;1;0;0;0;0;0;0;0;0;;;;;
266567;3;12;2015;07:05;577;AV FRANCISCO SA;AV DR THEBERGE;;;;Colisão Transversal;Luz do Dia;;;Cruz;Semáforo;Comercial;0;1;1;1;0;0;0;0;0;1;0;0;-38,565016;-3,714822;;;
266570;3;12;2015;14:30;0;AV DES MOREIRA;;;1361;;Colisão Lateral;Luz do Dia;;;Meio de Quadra;;;0;0;2;0;0;0;0;0;0;0;0;0;;;;;
266576;3;12;2015;19:00;22120;RUA PRO COSTA MENDES;RUA CEL NUNES DE MELO;;;;Atropelamento;;;;Cruz;Pare;Comercial;0;2;1;0;0;0;0;0;0;1;0;0;-38,553197;-3,749003;;;
266595;3;12;2015;17:30;26236;RUA BERNARDO MANUEL;AV DR SILAS MUNGUBA;;;;Colisão;Anoitecer;;;;;;0;2;0;0;0;1;0;0;0;1;0;0;-38,547960;-3,787538;;;
266600;3;12;2015;20:00;3875;RUA SEN POMPEU;RUA PDE MIGUELINHO;;;;Colisão Lateral;;;;Cruz;Pare;Comercial;0;1;1;1;0;0;0;0;0;1;0;0;-38,534332;-3,742469;;;
266606;3;12;2015;17:00;0;AV OLIVEIRA PAIVA;;;;;Engavetamento;Anoitecer;;;Meio de Quadra;;;0;0;3;1;0;0;0;0;0;0;0;0;;;;;
266611;3;12;2015;19:20;0;AV GAL OSORIO DE PAIVA;;;3482;;Colisão Traseira;;;;Meio de Quadra;;;0;1;1;1;1;0;0;0;0;0;0;0;-38,589410;-3,791716;;;
266588;3;12;2015;10:55;25937;RUA CARNEIRO DA CUNHA (JACARECANGA);RUA ANTONIO BANDEIRA D04;;;;Colisão Lateral;Luz do Dia;;;Cruz;Pare;Residencial;0;1;1;0;1;0;0;0;0;1;0;0;-38,544207;-3,724417;;;
266586;3;12;2015;06:15;21573;RUA LUIS VIEIRA;RUA ANTONIO COSTA MENDES (PQ SÃO JOSÉ);;;;Colisão Transversal;Luz do Dia;;;Cruz;Pare;Residencial;0;1;1;1;0;0;1;0;0;0;0;0;;;;;
266580;3;12;2015;13:00;1462;RUA JOAO CARVALHO;RUA NUNES VALENTE;;;;Colisão Transversal;Luz do Dia;;;Cruz;Pare;Comercial;0;0;2;1;0;0;0;0;0;0;0;0;-38,504491;-3,738599;;;
266583;3;12;2015;16:50;0;AV ANTONIO SALES;;;;;Colisão Lateral;Luz do Dia;;;Meio de Quadra;;;0;1;1;1;0;0;0;0;0;1;0;0;;;;;
266584;3;12;2015;08:30;0;AV BORGES DE MELO;;;60;;Colisão Traseira;Luz do Dia;;;Meio de Quadra;;;0;0;2;1;0;0;0;0;0;0;0;0;-38,517871;-3,761561;;;
259407;3;12;2015;06:40;0;RD BR 116;;;10000;KM-10;Colisão Traseira;Luz do Dia;Bom;Seca;Meio de Quadra;Não Há Controle;Comercial;0;0;2;1;0;0;0;0;0;0;0;0;-38,503373;-3,834435;;;
259408;3;12;2015;15:00;0;RD BR 116;;;5000;KM-05;Queda;Luz do Dia;Bom;Seca;Meio de Quadra;Não Há Controle;Comercial;0;1;1;0;0;0;0;0;0;1;0;0;-38,506787;-3,796502;;;
259409;3;12;2015;14:20;0;RD BR 116;;;3000;KM-03;Queda;Luz do Dia;Bom;Seca;Meio de Quadra;Não Há Controle;Comercial;0;1;0;0;0;0;0;0;0;0;0;0;-38,514372;-3,779838;;;
271238;3;12;2015;17:00;0;RD CE-040;;;;KM-07;Colisão;Anoitecer;;Seca;Meio de Quadra;;;0;0;3;1;0;0;0;0;0;0;0;0;-38,483160;-3,817953;;;
271247;3;12;2015;18:10;0;RD CE-040;;;;KM-07;Colisão Lateral;Anoitecer;;Seca;Meio de Quadra;;;0;2;0;1;0;0;0;0;0;1;0;0;-38,483160;-3,817953;;;
271234;3;12;2015;07:00;0;RD CE-040;;;;KM-04;Colisão;Luz do Dia;;Seca;Meio de Quadra;;;0;0;2;1;1;0;0;0;0;0;0;0;-38,480251;-3,792050;;;
271252;3;12;2015;17:50;0;AV SEN CARLOS JEREISSATI (AEROPORTO);;;;KM 03;Colisão;Anoitecer;;Seca;Meio de Quadra;;;0;0;5;1;0;0;0;0;0;0;0;0;-38,541414;-3,780382;;;
271413;3;12;2015;16:00;0;AV JOR THOMAZ COELHO;;;2550;;Colisão;Luz do Dia;;;Meio de Quadra;;;0;1;1;0;1;0;0;0;0;1;0;0;-38,517099;-3,828143;;;
271396;3;12;2015;10:00;7866;RUA LEONARDO MOTA;RUA ISRAEL BEZERRA;;;;Colisão;Luz do Dia;;;;;;0;1;1;1;0;0;0;0;0;1;0;0;-38,500054;-3,748267;;;
271420;4;12;2015;02:00;0;AV CARAPINIMA;;;2306;;Colisão;;;;Meio de Quadra;;;0;1;1;1;0;0;0;0;0;1;0;0;-38,540353;-3,740113;;;
271261;4;12;2015;08:00;0;AV SEN CARLOS JEREISSATI (AEROPORTO);;;;KM 02;Colisão;Luz do Dia;;Seca;Meio de Quadra;;;0;0;2;1;0;0;0;0;0;0;0;0;-38,529156;-3,783932;;;
271262;4;12;2015;13:20;0;RD CE-040;;;;KM-05;Colisão;Luz do Dia;;Seca;Meio de Quadra;;;0;0;2;1;0;0;0;0;0;0;0;0;-38,480349;-3,790876;;;
267107;4;12;2015;12:00;19673;RUA GUSTAVO SAMPAIO;RUA PRO ANACLETO;;;;Colisão Transversal;Luz do Dia;;;Cruz;Não Há Controle;Residencial;0;2;1;1;0;0;0;0;0;1;0;0;-38,552990;-3,734546;;;
267108;4;12;2015;16:30;0;AV GOV RAUL BARBOSA;;;;;Colisão Traseira;Luz do Dia;;;Meio de Quadra;;;0;1;1;0;0;0;0;0;0;1;0;0;;;;;
267111;4;12;2015;14:40;3783;AV 13 DE MAIO;RUA JOAO GENTIL;;;;Colisão Traseira;Luz do Dia;;;T;Pare;Residencial;0;0;2;1;0;0;0;0;0;0;0;0;-38,537077;-3,742697;;;
267103;4;12;2015;06:35;0;AV PRS COSTA E SILVA;;;3157;;Colisão Lateral;Luz do Dia;;;Meio de Quadra;;;0;1;1;0;1;0;0;0;0;1;0;0;;;;;
267101;4;12;2015;15:40;15975;AV GODOFREDO MACIEL;RUA CEL MANUEL ALBANO;;;;Colisão Lateral;Luz do Dia;;;Cruz;Pare;Comercial;0;0;2;1;0;0;0;0;0;0;0;0;-38,572780;-3,805644;;;
267099;4;12;2015;20:45;3211;RUA VERBENA;RUA EMILIO DE MENESES;;;;Colisão Transversal;;;;Cruz;Semáforo;Comercial;0;0;2;1;0;0;0;0;0;0;0;0;-38,588838;-3,781344;;;
267094;4;12;2015;20:30;0;AV SEN VIRGILIO TAVORA;;;2000;;Colisão Traseira;;;;Meio de Quadra;;;0;0;2;0;0;0;0;0;0;0;0;0;-38,495394;-3,743821;;;
259410;4;12;2015;17:30;0;RD BR 116;;;6000;KM-06;Colisão Traseira;Anoitecer;Bom;Seca;Meio de Quadra;Não Há Controle;Comercial;0;0;2;0;0;0;0;0;0;0;0;0;-38,503053;-3,804691;;;
259438;4;12;2015;11:55;0;RD BR 222;;;;KM-02;Colisão Transversal;Luz do Dia;Bom;Seca;Meio de Quadra;Não Há Controle;Comercial;0;0;2;0;0;0;0;0;0;0;0;0;-38,586880;-3,738951;;;
266644;4;12;2015;19:00;0;AV ABOLICAO;;;3207;;Colisão Traseira;;;;Meio de Quadra;;;0;0;2;1;0;0;0;0;0;0;0;0;-38,491062;-3,726643;;;
266645;4;12;2015;14:40;0;AV ALM HENRIQUE SABOIA;;;2589;;Colisão Lateral;Luz do Dia;;;Meio de Quadra;;;0;1;1;0;0;0;0;0;0;1;0;0;-38,483220;-3,733018;;;
266646;4;12;2015;08:00;3789;AV 13 DE MAIO;RUA WALDERY UCHOA;;;;Colisão Lateral;Luz do Dia;;;Cruz;Pare;Comercial;0;0;2;1;0;0;1;0;0;0;0;0;-38,537427;-3,742399;;;
266647;4;12;2015;09:40;9114;AV BORGES DE MELO;RUA DEP OSWALDO STUDART;;;;Colisão Lateral;Luz do Dia;;;Cruz;Semáforo;Comercial;0;0;2;1;0;0;0;0;0;0;0;0;-38,532143;-3,758147;;;
266651;4;12;2015;21:16;0;RUA JOSE CANDIDO D08;;;826;;Colisão Traseira;;;;Meio de Quadra;;;0;0;3;1;0;0;0;0;0;0;0;0;-38,551381;-3,732118;;;
266659;4;12;2015;16:20;1242;RUA COSTA BARROS;RUA DR JOSE LOURENCO;;;;Colisão Transversal;Luz do Dia;;;Cruz;Pare;Misto;0;0;2;1;0;0;0;0;0;0;0;0;-38,506927;-3,731870;;;
266681;4;12;2015;19:50;0;AV PRO GOMES DE MATOS;;;1499;;Colisão Lateral;;;;Meio de Quadra;;;0;0;2;1;1;0;0;0;0;0;0;0;-38,548925;-3,764987;;;
266679;4;12;2015;09:00;1658;RUA BENI DE CARVALHO;RUA MON CATAO;;;;Colisão Lateral;Luz do Dia;;;Cruz;Pare;Comercial;0;0;2;1;0;0;0;0;0;0;0;0;-38,493113;-3,746618;;;
266684;4;12;2015;13:05;0;AV PRO GOMES DE MATOS;;;1381;;Colisão Lateral;Luz do Dia;;;Meio de Quadra;;;0;0;2;1;0;0;0;0;0;0;0;0;-38,548214;-3,764172;;;
266685;4;12;2015;08:00;16474;AV PRS COSTA E SILVA;RUA GASTAO JUSTA;;;;Colisão Transversal;Luz do Dia;;;Duplo T;Pare;Comercial;0;0;2;0;1;0;0;0;0;0;0;0;-38,571591;-3,812844;;;
266688;4;12;2015;21:00;24314;RUA OSORIO PALMELLA;RUA 8 DE SETEMBRO;;;;Colisão Transversal;;;;Cruz;Não Há Controle;Escola;0;1;1;1;0;0;0;0;0;1;0;0;-38,486975;-3,736988;;;
266689;4;12;2015;18:00;0;AV PRS CASTELO BRANCO;;;2382;;Colisão Traseira;Anoitecer;;;Meio de Quadra;;;0;0;2;1;0;0;1;0;0;0;0;0;-38,549214;-3,713526;;;
266691;4;12;2015;12:00;0;AV SGT HERMINIO SAMPAIO;;;1400;;Colisão;Luz do Dia;;;Meio de Quadra;;;0;1;1;1;0;0;0;0;0;1;0;0;-38,553054;-3,725010;;;
266741;4;12;2015;10:00;19533;AV GAL OSORIO DE PAIVA;RUA NEREU RAMOS;;;;Colisão Lateral;Luz do Dia;;;Cruz;Semáforo;Comercial;0;0;2;0;1;0;0;0;0;0;0;0;-38,576828;-3,782196;;;
266746;4;12;2015;07:30;22209;AV SGT HERMINIO SAMPAIO;RUA ARISTIDES B NETO;;;;Colisão Transversal;Luz do Dia;;;Duplo T;Não Há Controle;Comercial;0;1;1;1;0;0;0;0;0;1;0;0;-38,555820;-3,725509;;;
266747;4;12;2015;20:10;0;AV DA INDEPENDENCIA;;;2220;;Colisão Lateral;;;;Meio de Quadra;;;0;0;2;1;0;0;0;0;0;0;0;0;-38,599782;-3,724315;;;
266748;4;12;2015;17:00;19686;AV BEZERRA DE MENEZES;RUA ERICO MOTA;;;;Colisão Traseira;Anoitecer;;;Cruz;Semáforo;Comercial;0;0;2;1;0;0;0;0;0;0;0;0;-38,562991;-3,735357;;;
266739;4;12;2015;07:40;7710;AV CARNEIRO DE MENDONCA;RUA PEDRO MUNIZ;;;;Colisão Traseira;Luz do Dia;;;Cruz;Pare;Comercial;0;0;2;1;0;0;0;0;0;1;0;0;-38,563646;-3,765627;;;
266726;4;12;2015;13:50;1406;AV DES MOREIRA;RUA DES LEITE ALBUQUERQUE;;;;Colisão Traseira;Luz do Dia;;;Cruz;Semáforo;Comercial;0;0;2;1;0;0;0;0;0;0;0;0;-38,498678;-3,737220;;;
266717;4;12;2015;07:00;25984;AV OLIVEIRA PAIVA;RUA VIS BARBACENA D61;;;;Colisão Lateral;Luz do Dia;;;;Não Há Controle;Comercial;0;1;1;0;1;0;0;0;0;1;0;0;-38,489123;-3,796082;;;
266714;4;12;2015;08:50;0;AV OLIVEIRA PAIVA;;;1961;;Colisão Traseira;Luz do Dia;;;Meio de Quadra;;;0;0;2;1;0;0;0;0;0;0;0;0;-38,488749;-3,796129;;;
266719;4;12;2015;16:36;0;RUA BAR SOBRAL;;;978;;Colisão Traseira;Luz do Dia;;;Meio de Quadra;;;0;0;2;1;0;0;0;0;0;0;0;0;-38,557712;-3,765053;;;
266721;4;12;2015;12:30;13553;AV SORIANO ALBUQUERQUE;RUA MON BRUNO;;;;Colisão Transversal;Luz do Dia;;;Cruz;Não Há Controle;Residencial;0;1;1;1;0;0;0;0;0;1;0;0;-38,514840;-3,749117;;;
266711;4;12;2015;17:00;7576;AV DR SILAS MUNGUBA;RUA XII UI 611;;;;Colisão Traseira;Anoitecer;;;Duplo T;Pare;Comercial;0;1;1;1;0;0;0;0;0;1;0;0;-38,533448;-3,794723;;;
266703;4;12;2015;08:30;15874;RUA GUARUJA;RUA STA EFIGENIA;;;;Colisão Transversal;Luz do Dia;;;Cruz;Pare;Comercial;0;1;1;1;0;0;0;0;0;1;0;0;-38,500593;-3,834763;;;
266704;4;12;2015;19:30;0;RUA DR JOSE FURTADO;;;1670;;Colisão Lateral;;;;Meio de Quadra;;;0;1;1;1;0;0;0;0;0;1;0;0;-38,488410;-3,798744;;;
266705;4;12;2015;14:30;1311;RUA LEONARDO MOTA;RUA MARCOS MACEDO;;;;Colisão Lateral;Luz do Dia;;;Cruz;Semáforo;Residencial;0;0;2;1;0;0;0;0;0;0;0;0;-38,495763;-3,734885;;;
266706;4;12;2015;15:15;1332;AV DOM LUIS;RUA CEL LINHARES;;;;Colisão Transversal;Luz do Dia;;;Cruz;Pare;Misto;0;0;2;1;0;0;0;0;0;0;0;0;-38,493503;-3,734513;;;
266701;4;12;2015;09:00;0;AV SANTOS DUMONT;;;;;Colisão Traseira;Luz do Dia;;;Meio de Quadra;;;0;0;2;1;0;0;0;1;0;0;0;0;;;;;
266693;4;12;2015;19:00;0;RUA MAL DEODORO;;;;;Colisão Lateral;;;;Meio de Quadra;;;0;0;2;1;1;0;0;0;0;0;0;0;;;;;
266697;4;12;2015;11:30;9099;AV EDUARDO GIRAO;RUA MIN JOAQUIM BASTOS D14;;;;Colisão Transversal;Luz do Dia;;;;;;0;0;2;1;0;0;0;0;0;0;0;0;-38,525973;-3,755700;;;
272311;4;12;2015;07:08;0;RUA DAS JAQUEIRAS;;;;;Colisão;Luz do Dia;;;Meio de Quadra;;;0;0;2;0;0;0;0;0;0;0;0;0;;;;;
272312;4;12;2015;09:55;0;ET DO FIO (MESSEJANA);;;;;Colisão;Luz do Dia;;;Meio de Quadra;;;0;0;2;0;0;0;0;0;0;0;0;0;;;;;
272313;4;12;2015;09:59;12404;AV SEN FERNANDES TAVORA;AV LINEU MACHADO;;;;Colisão;Luz do Dia;;;Cruz;Não Há Controle;Comercial;0;0;2;0;0;0;0;0;0;0;0;0;-38,576540;-3,765199;;;
272314;4;12;2015;12:31;2699;RUA OSCAR ARARIPE;RUA CEL VIRGILIO NOGUEIRA (BOM JARDIM);;;;Colisão;Luz do Dia;;;Outros;Semáforo;Comercial;0;0;2;0;0;0;0;0;0;0;0;0;-38,608554;-3,788212;;;
272315;4;12;2015;12:34;0;RUA VICENTE N BRAGA D14;;;;;Queda;Luz do Dia;;;Meio de Quadra;;;0;0;2;0;0;0;0;0;0;0;0;0;;;;;
272317;4;12;2015;12:39;0;AV GAL OSORIO DE PAIVA;;;;;Colisão;Luz do Dia;;;Meio de Quadra;;;0;1;1;0;0;0;0;0;0;0;0;0;;;;;
272353;4;12;2015;22:09;0;AV CONTORNO LESTE;;;;;Colisão;;;;Meio de Quadra;;;0;0;2;0;0;0;0;0;0;0;0;0;;;;;
272345;4;12;2015;18:21;0;LOGRADOURO SEM NOME;;;;;Atropelamento;Anoitecer;;;Meio de Quadra;;;0;0;2;0;0;0;0;0;0;0;0;0;;;;;
272342;4;12;2015;16:44;24820;AV MOZART PINHEIRO DE LUCENA;RUA CARLOS WALRAVEN;;;;Colisão;Luz do Dia;;;Cruz;Pare;Misto;0;0;2;0;0;0;0;0;0;0;0;0;-38,595801;-3,718701;;;
272339;4;12;2015;16:38;0;AV ABOLICAO;;;;;Atropelamento;Luz do Dia;;;Meio de Quadra;;;0;0;2;0;0;0;0;0;0;0;0;0;;;;;
272335;4;12;2015;15:26;0;AV ZEZE DIOGO;;;;;Colisão;Luz do Dia;;;Meio de Quadra;;;0;0;2;0;0;0;0;0;0;0;0;0;;;;;
272331;4;12;2015;13:07;0;RUA DR VALE COSTA;;;;;Colisão;Luz do Dia;;;Meio de Quadra;;;0;0;2;0;0;0;0;0;0;0;0;0;;;;;
272332;4;12;2015;15:23;4612;AV OLIVEIRA PAIVA;AV WASHINGTON SOARES;;;;Colisão;Luz do Dia;;;;;;0;0;2;0;0;0;0;0;0;0;0;0;-38,479908;-3,795695;;;
272333;4;12;2015;15:25;5076;RUA SEN POMPEU;RUA DR JOAO MOREIRA;;;;Colisão;Luz do Dia;;;Cruz;Semáforo Intermitente;Comercial;0;0;2;0;0;0;0;0;0;0;0;0;-38,528275;-3,722400;;;
270284;4;12;2015;03:54;0;RUA VITAL BRASIL;;;;;Colisão;;;;Meio de Quadra;;;0;1;0;0;0;0;0;0;0;0;0;0;;;;;
270286;4;12;2015;05:29;0;RUA PORTO ALEGRE;;;;;Colisão;Amanhecer;;;;;;0;1;1;1;0;0;0;0;0;1;0;0;;;;;
270387;4;12;2015;23:23;18303;AV ALM BARROSO;RUA ITAPIPOCA;;;;Colisão;;;;T;Não Há Controle;Comercial;0;1;0;0;0;0;0;0;0;0;0;0;-38,516762;-3,720403;;;
270385;4;12;2015;22:50;0;AV LINEU MACHADO;;;;;;;;;;;;0;1;0;0;0;0;0;0;0;0;0;0;;;;;
270383;4;12;2015;22:19;0;AV CASTELO DE CASTRO;;;;;Queda;;;;Meio de Quadra;;;0;1;0;0;0;1;0;0;0;0;0;0;;;;;
270380;4;12;2015;21:07;12470;RUA SILVEIRA FILHO;RUA DES GOMES PARENTE;;;;Colisão;;;;;;;0;1;1;0;0;0;0;0;0;0;0;0;-38,577834;-3,773785;;;
270381;4;12;2015;21:59;0;RUA VALPARAISO;;;;;Colisão;;;;Meio de Quadra;;;0;1;1;1;0;0;0;0;0;1;0;0;-38,530960;-3,839956;;;
270390;4;12;2015;23:31;0;RUA JULIO SILVA;;;;;Capotamento;;;;Meio de Quadra;;;0;1;0;0;0;0;0;0;0;0;0;0;;;;;
270347;4;12;2015;08:17;0;AV PRS COSTA E SILVA;;;;;Colisão;Luz do Dia;;;Meio de Quadra;;;0;1;0;0;0;0;0;0;0;0;0;0;;;;;
270345;4;12;2015;08:11;0;RUA ANSELMO NOGUEIRA;;;;;Colisão;Luz do Dia;;;Meio de Quadra;;;0;1;0;0;0;0;0;0;0;0;0;0;;;;;
270360;4;12;2015;14:54;0;RUA JOSE TORRES;;;;;Colisão;Luz do Dia;;;Meio de Quadra;;;0;1;1;1;0;0;0;0;0;1;0;0;-38,606797;-3,778271;;;
270356;4;12;2015;13:08;0;AV DR THEBERGE;;;;;Colisão;Luz do Dia;;;Meio de Quadra;;;0;1;1;1;0;0;0;0;0;1;0;0;-38,562696;-3,707819;;;
270357;4;12;2015;13:34;0;AV BORGES DE MELO;;;;;Atropelamento;Luz do Dia;;;Meio de Quadra;;;0;1;1;1;0;0;0;0;0;0;0;0;;;;;
270354;4;12;2015;12:17;19662;RUA PRO NOGUEIRA;RUA GUSTAVO SAMPAIO;;;;Colisão;Luz do Dia;;;Cruz;Pare;Comercial;0;1;0;0;0;0;0;0;0;0;0;0;-38,549740;-3,733875;;;
270352;4;12;2015;11:26;0;AV PRS CASTELO BRANCO;;;;;Colisão;Luz do Dia;;;Meio de Quadra;;;0;1;0;0;0;0;0;0;0;0;0;0;;;;;
270370;4;12;2015;20:35;0;RUA MARIA GOMES DE SA;;;;;Atropelamento;;;;Meio de Quadra;;;0;1;0;0;0;0;0;0;0;0;0;0;-38,583235;-3,824336;;;
270368;4;12;2015;20:25;0;RUA ESTADO DO RIO;;;;;Atropelamento;;;;Meio de Quadra;;;0;1;0;0;0;0;0;0;0;0;0;0;-38,567672;-3,753489;;;
270362;4;12;2015;17:42;0;AV PRS COSTA E SILVA;;;;;Colisão;Anoitecer;;;Meio de Quadra;;;0;1;1;1;0;0;0;0;0;1;0;0;;;;;
270364;4;12;2015;19:37;0;AV WASHINGTON SOARES;;;;;Colisão;;;;Meio de Quadra;;;0;1;1;1;0;0;0;0;0;1;0;0;-38,480787;-3,814229;;;
270343;4;12;2015;08:00;0;AV PERIMETRAL;;;;;Colisão;Luz do Dia;;;Meio de Quadra;;;0;1;1;1;0;0;0;0;0;1;0;0;;;;;
270311;4;12;2015;07:15;0;AV OLIVEIRA PAIVA;;;;;Colisão;Luz do Dia;;;Meio de Quadra;;;0;1;0;0;0;0;0;0;0;0;0;0;-38,489011;-3,796097;;;
270313;4;12;2015;07:31;0;RUA PDE PERDIGAO SAMPAIO;;;;;Colisão;Luz do Dia;;;Meio de Quadra;;;0;1;1;1;0;0;0;0;0;1;0;0;;;;;
270392;5;12;2015;06:45;0;AV DR SILAS MUNGUBA;;;;;Colisão;Luz do Dia;;;Meio de Quadra;;;0;1;0;0;0;0;0;0;0;0;0;0;-38,531627;-3,797117;;;
270394;5;12;2015;06:58;0;AV AUGUSTO DOS ANJOS;;;;;Colisão;Luz do Dia;;;Meio de Quadra;;;0;1;1;1;0;0;0;0;0;1;0;0;-38,577179;-3,777911;;;
272355;5;12;2015;02:28;0;RUA MELO DE OLIVEIRA;;;;;Colisão;;;;Meio de Quadra;;;0;0;2;0;0;0;0;0;0;0;0;0;;;;;
272367;5;12;2015;07:53;0;AV JOSE LEON;;;;;Colisão;Luz do Dia;;;Meio de Quadra;;;0;0;2;0;0;0;0;0;0;0;0;0;;;;;
272448;5;12;2015;21:52;0;RUA CARNAUBAL;;;;;Capotamento;;;;Meio de Quadra;;;0;0;1;0;0;0;0;0;0;0;0;0;;;;;
272450;5;12;2015;21:55;0;AV SGT HERMINIO SAMPAIO;;;;;Colisão;;;;Meio de Quadra;;;0;0;2;0;0;0;0;0;0;0;0;0;;;;;
272452;5;12;2015;21:58;8947;RUA EURICO FACO;RUA GAL CLARINDO DE QUEIROZ;;;;Colisão;;;;Cruz;Pare;Misto;0;0;2;0;0;0;0;0;0;0;0;0;-38,541099;-3,729201;;;
272453;5;12;2015;22:12;0;AV GAL OSORIO DE PAIVA;;;;;Colisão;;;;Meio de Quadra;;;0;0;2;0;0;0;0;0;0;0;0;0;;;;;
272454;5;12;2015;22:38;5098;RUA CASTRO E SILVA;RUA SEN POMPEU;;;;Colisão;;;;Cruz;Semáforo;Comercial;0;0;2;0;0;0;0;0;0;0;0;0;-38,528597;-3,723468;;;
272455;5;12;2015;22:44;0;RUA LIDIA BRIGIDO;;;;;Choque c/ Obstáculo Fixo;;;;Meio de Quadra;;;0;0;1;0;0;0;0;0;0;0;0;0;;;;;
272456;5;12;2015;22:59;0;AV GAL OSORIO DE PAIVA;;;;;Colisão;;;;Meio de Quadra;;;0;0;1;0;0;0;0;0;0;0;0;0;;;;;
272457;5;12;2015;23:10;0;RUA JOSE ABILIO;;;;;Colisão;;;;Meio de Quadra;;;0;0;2;0;0;0;0;0;0;0;0;0;;;;;
272458;5;12;2015;23:12;0;RUA STA ELISA D21;;;;;Choque c/ Obstáculo Fixo;;;;Meio de Quadra;;;0;0;1;0;0;0;0;0;0;0;0;0;;;;;
272459;5;12;2015;23:13;0;RUA CAROLINA SUCUPIRA;;;;;Colisão;;;;Meio de Quadra;;;0;0;2;0;0;0;0;0;0;0;0;0;;;;;
272460;5;12;2015;23:18;3833;RUA MAL DEODORO;RUA PDE MIGUELINHO;;;;Colisão;;;;;;;0;0;2;0;0;0;0;0;0;0;0;0;-38,535963;-3,741720;;;
272428;5;12;2015;21:37;0;AV DA INDEPENDENCIA;;;;;Atropelamento;;;;Meio de Quadra;;;0;0;2;0;0;0;0;0;0;0;0;0;;;;;
272415;5;12;2015;18:02;0;AV CASTELO DE CASTRO;;;;;Colisão;Anoitecer;;;Meio de Quadra;;;0;0;2;0;0;0;0;0;0;0;0;0;;;;;
272416;5;12;2015;19:23;0;RUA 315 CJ SAO CRISTOVAO;;;;;Colisão;;;;Meio de Quadra;;;0;0;2;0;0;0;0;0;0;0;0;0;;;;;
272435;5;12;2015;21:45;0;AV BEZERRA DE MENEZES;;;;;Colisão;;;;Meio de Quadra;;;0;0;2;0;0;0;0;0;0;0;0;0;;;;;
272443;5;12;2015;21:51;17944;RUA JOAQUIM ALBANO;RUA EMILIA FREITAS;;;;Colisão;;;;;;;0;0;2;0;0;0;0;0;0;0;0;0;-38,576013;-3,734677;;;
272439;5;12;2015;21:49;0;AV OLIVEIRA PAIVA;;;;;Colisão;;;;Meio de Quadra;;;0;0;2;0;0;0;0;0;0;0;0;0;;;;;
272380;5;12;2015;10:02;0;RUA MANUEL CASTELO BRANCO;;;;;Colisão;Luz do Dia;;;Meio de Quadra;;;0;0;2;0;0;0;0;0;0;0;0;0;;;;;
272381;5;12;2015;10:23;738;RUA DNA MENDINHA;AV FRANCISCO SA;;;;Colisão;Luz do Dia;;;Cruz;Pare;Misto;0;0;2;0;0;0;0;0;0;0;0;0;-38,571238;-3,712666;;;
272382;5;12;2015;10:47;0;AV GAL OSORIO DE PAIVA;;;;;Colisão;Luz do Dia;;;Meio de Quadra;;;0;0;2;0;0;0;0;0;0;0;0;0;;;;;