COD_ACIDENTE;DIA;MES;ANO;HORA;INTERSECAO;LOG1;LOG2;LOG3;NUMERO;REFERENCIA;NATUREZA;ILUMINACAO;TEMPO;SUPERFICIEPISTA;TIPOCRUZAMENTO;CONTROLETRAFEGO;USOSOLO;MORTOS;FERIDOS;ILESOS;AUTOMOVEL;ONIBUS;BICICLETA;CAMINHAO;MICROONIBUS;CICLOMOTOR;MOTOCICLETA;TRACAOANIMAL;TREM;LONG;LAT;;;
272374;5;12;2015;09:58;0;RUA PEDRO DE SOUZA;;;;;Colisão;Luz do Dia;;;Meio de Quadra;;;0;0;2;0;0;0;0;0;0;0;0;0;;;;;
272362;5;12;2015;07:42;0;RUA PRIMEIRO DE JANEIRO;;;;;Colisão;Luz do Dia;;;Meio de Quadra;;;0;0;2;0;0;0;0;0;0;0;0;0;;;;;
272391;5;12;2015;13:10;0;RUA LUIS VIEIRA;;;;;Colisão;Luz do Dia;;;Meio de Quadra;;;0;0;2;0;0;0;0;0;0;0;0;0;;;;;
272384;5;12;2015;11:05;0;AV ANTONIO SALES;;;555;;Colisão;Luz do Dia;;;Meio de Quadra;;;0;0;1;0;0;0;0;0;0;0;0;0;-38,516614;-3,741036;;;
272386;5;12;2015;11:36;0;AV PRO GOMES DE MATOS;;;;;Colisão;Luz do Dia;;;Meio de Quadra;;;0;0;2;0;0;0;0;0;0;0;0;0;;;;;
272387;5;12;2015;12:51;0;RUA PEDRO VERISSIMO;;;;;Colisão;Luz do Dia;;;Meio de Quadra;;;0;0;2;0;0;0;0;0;0;0;0;0;;;;;
272389;5;12;2015;12:54;0;AV PRS COSTA E SILVA;;;;;Colisão;Luz do Dia;;;Meio de Quadra;;;0;0;2;0;0;0;0;0;0;0;0;0;;;;;
272394;5;12;2015;14:29;5627;AV JOSE LEON;AV ROGACIANO LEITE;;;;Colisão;Luz do Dia;;;Cruz;Semáforo;Comercial;0;0;2;0;0;0;0;0;0;0;0;0;-38,503527;-3,787355;;;
272396;5;12;2015;14:35;1326;AV BAR STUDART;RUA DR JORGE DA ROCHA;;;;Colisão;Luz do Dia;;;;;;0;0;2;0;0;0;0;0;0;0;0;0;-38,506849;-3,735316;;;
272397;5;12;2015;14:37;5168;RUA PDE CLIMERIO;RUA JOAO CORDEIRO;;;;Colisão;Luz do Dia;;;Cruz;Pare;Misto;0;0;2;0;0;0;0;0;0;0;0;0;-38,513034;-3,725241;;;
272398;5;12;2015;14:38;7976;AV JOAO PESSOA;RUA MAJ WEYNE;;;;Colisão;Luz do Dia;;;Cruz;Semáforo;Misto;0;0;2;0;0;0;0;0;0;0;0;0;-38,545334;-3,747841;;;
272400;5;12;2015;16:12;0;RUA JULIO BRAGA;;;;;Colisão;Luz do Dia;;;Meio de Quadra;;;0;0;2;0;0;0;0;0;0;0;0;0;;;;;
272402;5;12;2015;16:36;0;RUA FAUSTO AGUIAR;;;;;Colisão;Luz do Dia;;;Meio de Quadra;;;0;0;2;0;0;0;0;0;0;0;0;0;;;;;
272405;5;12;2015;19:28;16786;RUA OSCAR ROMERO;RUA QUIXADA D06;;;;Colisão;;;;Cruz;Não Há Controle;Residencial;0;0;2;0;0;0;0;0;0;0;0;0;-38,571987;-3,832123;;;
272408;5;12;2015;16:42;0;RUA NOVA CONQUISTA (GRANJA LISBOA);;;;;Colisão;Luz do Dia;;;Meio de Quadra;;;0;0;2;0;0;0;0;0;0;0;0;0;;;;;
272410;5;12;2015;16:49;17270;RUA ALAN KARDEC;RUA JOAO FIRMINO;;;;Atropelamento;Luz do Dia;;;T;Pare;Residencial;0;0;2;0;0;0;0;0;0;0;0;0;-38,553643;-3,762094;;;
272411;5;12;2015;17:58;0;RUA SGT JOAO PINHEIRO;;;;;Colisão;Anoitecer;;;Meio de Quadra;;;0;0;2;0;0;0;0;0;0;0;0;0;;;;;
272412;5;12;2015;17:59;0;RUA ERICO MOTA;;;;;Colisão;Anoitecer;;;Meio de Quadra;;;0;0;2;0;0;0;0;0;0;0;0;0;;;;;
272419;5;12;2015;19:51;0;AV DR SILAS MUNGUBA;;;;;Colisão;;;;Meio de Quadra;;;0;0;2;0;0;0;0;0;0;0;0;0;;;;;
272420;5;12;2015;20:03;601;AV DR THEBERGE;RUA MANACA;;;;Colisão;;;;Duplo T;Não Há Controle;Residencial;0;0;2;0;0;0;0;0;0;0;0;0;;;;;
272422;5;12;2015;20:08;12286;RUA NUNES FEIJO;RUA LUCIANO ALVES;;;;Colisão;;;;;;;0;0;2;0;0;0;0;0;0;0;0;0;-38,509431;-3,845352;;;
272424;5;12;2015;21:14;9597;RUA JOSE TORRES;RUA LONDRINA;;;;Atropelamento;;;;Cruz;Não Há Controle;Rural;0;0;2;0;0;0;0;0;0;0;0;0;-38,607258;-3,779916;;;
267114;5;12;2015;19:30;15246;RUA TEN BENEVOLO;RUA CARLOS VASCONCELOS;;;;Colisão Transversal;;;;Cruz;Semáforo;Comercial;0;0;2;1;0;0;0;0;0;0;0;0;-38,509174;-3,727989;;;
267132;5;12;2015;08:00;1434;AV RUI BARBOSA;RUA CATAO MAMEDE;;;;Engavetamento;Luz do Dia;;;Cruz;Não Há Controle;Residencial;0;1;2;1;0;0;0;0;0;0;0;0;-38,510042;-3,737879;;;
267137;5;12;2015;08:00;0;RUA CEL ALVES TEIXEIRA;;;1690;;Outros;Luz do Dia;;;Meio de Quadra;;;0;0;2;1;0;0;1;0;0;0;0;0;-38,505819;-3,747133;;;
267126;5;12;2015;19:00;0;AV GODOFREDO MACIEL;;;711;;Colisão Traseira;;;;Meio de Quadra;;;0;1;1;1;0;0;0;0;0;1;0;0;-38,565593;-3,782461;;;
270402;5;12;2015;09:29;24298;RUA TAVARES COUTINHO;RUA 8 DE SETEMBRO;;;;Colisão;Luz do Dia;;;Cruz;Pare;Residencial;0;1;0;0;0;0;0;0;0;0;0;0;-38,487134;-3,732610;;;
270400;5;12;2015;08:45;0;RUA JOSE IVO;;;;;Colisão;Luz do Dia;;;Meio de Quadra;;;0;1;1;1;0;0;0;0;0;1;0;0;;;;;
267198;5;12;2015;10:23;17254;RUA EUGENIO GADELHA;RUA ALM RUBIM;;;;Colisão Transversal;Luz do Dia;;;Duplo T;Não Há Controle;Residencial;0;0;2;1;0;0;0;0;0;0;0;0;-38,550252;-3,761214;;;
267181;5;12;2015;12:30;21602;RUA STA LIDUINA D42;RUA CON DE CASTRO;;;;Colisão Transversal;Luz do Dia;;;;;;0;1;1;1;0;0;0;0;0;0;0;0;-38,584986;-3,797482;;;
267182;5;12;2015;06:30;3420;AV JOAO PESSOA;RUA DES PRAXEDES;;;;Colisão Transversal;Luz do Dia;;;Cruz;Semáforo;Comercial;0;1;1;1;0;0;0;0;0;1;0;0;-38,553504;-3,756946;;;
267183;5;12;2015;08:10;0;RUA PAULA NEI;;;;;Colisão Transversal;Luz do Dia;;;Meio de Quadra;;;0;0;2;1;0;0;0;0;0;0;0;0;;;;;
267185;5;12;2015;07:00;0;RUA MAL BITENCOURT;;;951;;Colisão Transversal;Luz do Dia;;;Meio de Quadra;;;0;0;2;1;0;0;0;0;0;0;0;0;-38,529913;-3,791623;;;
267191;5;12;2015;11:50;0;AV PRS CASTELO BRANCO;;;5926;;Colisão Transversal;Luz do Dia;;;Meio de Quadra;;;0;1;1;1;0;0;0;0;0;0;0;0;-38,583445;-3,702071;;;
267152;5;12;2015;15:00;0;RUA OITICICAS;;;111;;Colisão Transversal;Luz do Dia;;;Meio de Quadra;;;0;1;1;1;0;0;0;0;0;1;0;0;-38,535341;-3,804109;;;
267148;5;12;2015;17:30;14357;RUA BAR CRATO;RUA HENRIQUE ELERY;;;;Colisão Transversal;Anoitecer;;;Cruz;Pare;Rural;0;1;1;1;0;0;0;0;1;0;0;0;-38,561002;-3,721622;;;
267144;5;12;2015;18:40;0;RUA BERNARDO MANUEL;;;8255;;Colisão Frontal;;;;Meio de Quadra;;;0;2;1;1;0;0;0;0;0;1;0;0;-38,549248;-3,791601;;;
267142;5;12;2015;15:30;11630;RUA PRO HERIBALDO COSTA;RUA BOA VISTA;;;;Colisão Transversal;Luz do Dia;;;Cruz;Pare;Residencial;0;1;1;1;0;0;0;0;0;1;0;0;-38,588035;-3,767974;;;
267169;5;12;2015;04:00;0;AV ENG SANTANA JUNIOR;;;;;Capotamento;Luz do Dia;;;Meio de Quadra;;;0;0;1;1;0;0;0;0;0;0;0;0;;;;;
267170;5;12;2015;17:45;0;AV RAD JOSE LIMA VERDE;;;1250;;Choque c/ Obstáculo Fixo;Anoitecer;;;Meio de Quadra;;;0;0;2;1;0;0;0;0;0;0;0;0;-38,591587;-3,703336;;;
267171;5;12;2015;04:45;15236;AV ANTONIO JUSTA;RUA BARBOSA DE FREITAS;;;;Choque c/ Obstáculo Fixo;;;;Cruz;Pare;Comercial;0;1;0;1;0;0;0;0;0;0;0;0;-38,494520;-3,727674;;;
267172;5;12;2015;16:00;0;AV DOM MANUEL;;;909;;Colisão Lateral;Luz do Dia;;;Meio de Quadra;;;0;1;1;1;0;0;0;0;0;1;0;0;-38,522267;-3,731934;;;
267173;5;12;2015;13:30;11451;AV DES FAUSTINO ALBUQUERQUE;RUA PDE FRANCISCO PITA;;;;Colisão Transversal;Luz do Dia;;;Cruz;Pare;Comercial;0;0;2;1;0;0;0;0;0;0;0;0;-38,498345;-3,781966;;;
267174;5;12;2015;21:35;22886;RUA INACIO PARENTE;RUA BERNARDO MANUEL;;;;Colisão;;;;Cruz;Semáforo;Comercial;0;1;1;1;0;0;0;0;0;0;0;0;-38,546074;-3,781268;;;
267175;5;12;2015;00:10;0;AV HIS RAIMUNDO GIRAO;;;701;;Colisão;;;;Meio de Quadra;;;0;1;1;1;0;0;0;0;0;1;0;0;;;;;
267176;5;12;2015;09:40;0;RUA POCINHO;;;270;;Colisão Transversal;Luz do Dia;;;Meio de Quadra;;;0;1;1;0;1;1;0;0;0;0;0;0;-38,523370;-3,728090;;;
267177;5;12;2015;08:00;25127;AV ENG HUMBERTO MONTE;RUA BOLIVIA;;;;Colisão Transversal;Luz do Dia;;;Cruz;Pare;Comercial;0;1;2;1;0;0;0;0;0;1;0;0;-38,564826;-3,743796;;;
267178;5;12;2015;08:50;2529;AV FRANCISCO SA;RUA JERONIMO ALBUQUERQUE;;;;Colisão Transversal;Luz do Dia;;;T;Pare;Industrial;0;0;2;1;0;0;0;0;0;0;0;0;-38,577688;-3,710450;;;
267179;5;12;2015;10:30;25205;AV DA INDEPENDENCIA;RUA GEORGE CAVALCANTE;;;;Colisão Lateral;Luz do Dia;;;Cruz;Pare;Residencial;0;0;2;1;0;0;0;0;0;0;0;0;-38,593567;-3,726145;;;
267163;5;12;2015;18:45;0;AV PRS COSTA E SILVA;;;2596;;Colisão Traseira;;;;Meio de Quadra;;;0;0;4;1;0;0;0;0;0;0;0;0;-38,559043;-3,820780;;;
267160;5;12;2015;13:10;12846;RUA SALDANHA MARINHO;RUA BAR RIO BRANCO;;;;Colisão Traseira;Luz do Dia;;;T;Pare;Comercial;0;0;2;1;1;0;0;0;0;0;0;0;-38,533128;-3,741709;;;
267157;5;12;2015;21:40;0;AV DOS EXPEDICIONARIOS;;;;;Engavetamento;;;;Meio de Quadra;;;0;0;4;1;0;0;0;0;0;0;0;0;;;;;
270417;5;12;2015;10:35;17585;RUA RIO GRANDE DO SUL;RUA MARANHAO;;;;Colisão;Luz do Dia;;;Cruz;Pare;Residencial;0;1;0;0;0;0;0;0;0;0;0;0;-38,565689;-3,755695;;;
270418;5;12;2015;10:47;0;AV GAL OSORIO DE PAIVA;;;;;Colisão;Luz do Dia;;;Meio de Quadra;;;0;1;0;0;0;0;0;0;0;0;0;0;-38,605702;-3,808494;;;
270425;5;12;2015;15:56;0;AV MIN JOSE AMERICO;;;;;Colisão;Luz do Dia;;;Meio de Quadra;;;0;1;1;1;0;0;0;0;0;1;0;0;;;;;
270426;5;12;2015;16:43;3928;RUA ANTONIO POMPEU;AV IMPERADOR;;;;Colisão;Luz do Dia;;;Cruz;Semáforo;Escola;0;1;0;0;0;0;0;0;0;0;0;0;-38,536179;-3,733045;;;
270420;5;12;2015;11:10;0;RUA CAP NESTOR GOIS;;;;;Colisão;Luz do Dia;;;Meio de Quadra;;;0;1;0;0;0;0;0;0;0;0;0;0;;;;;
270421;5;12;2015;12:29;1416;RUA MARIA TOMASIA;RUA CEL JUCA;;;;Atropelamento;Luz do Dia;;;Cruz;Pare;Residencial;0;1;1;1;0;0;0;0;0;0;0;0;-38,491207;-3,737434;;;
270422;5;12;2015;12:40;0;AV PERIMETRAL;;;;;Queda;Luz do Dia;;;Meio de Quadra;;;0;1;0;0;0;0;0;0;0;1;0;0;;;;;
266889;5;12;2015;07:30;0;AV WASHINGTON SOARES;;;;;Colisão;Luz do Dia;;;Meio de Quadra;;;0;0;2;0;1;0;1;0;0;0;0;0;;;;;
266890;5;12;2015;18:45;19686;RUA ERICO MOTA;AV BEZERRA DE MENEZES;;;;Colisão;;;;Cruz;Semáforo;Comercial;0;0;2;1;1;0;0;0;0;0;0;0;-38,562991;-3,735357;;;
266891;5;12;2015;22:13;0;RUA PRO VIRGILIO DE MORAIS;;;;;Colisão;;;;Meio de Quadra;;;0;0;2;1;1;0;0;0;0;0;0;0;;;;;
270624;5;12;2015;23:29;0;RUA ARTUR BORGES;;;;;Colisão;;;;Meio de Quadra;;;0;1;0;0;0;0;0;0;0;0;0;0;;;;;
270573;5;12;2015;20:57;0;AV GODOFREDO MACIEL;;;;;Atropelamento;;;;Meio de Quadra;;;0;1;1;0;0;0;0;0;0;1;0;0;-38,565647;-3,782642;;;
270575;5;12;2015;21:12;0;RUA JOSE TORRES;;;;;Atropelamento;;;;Meio de Quadra;;;0;1;1;0;0;0;0;0;0;1;0;0;-38,607235;-3,779837;;;
270571;5;12;2015;19:13;0;RUA SAO CRISTOVAO D49;;;;;Colisão;;;;Meio de Quadra;;;0;1;1;1;0;0;0;0;0;1;0;0;;;;;
270579;5;12;2015;21:29;0;RUA BERNARDO MANUEL;;;;;Queda;;;;Meio de Quadra;;;0;1;0;0;0;0;0;0;0;1;0;0;-38,549248;-3,791601;;;
270581;5;12;2015;21:47;0;AV WASHINGTON SOARES;;;;;Colisão;;;;Meio de Quadra;;;0;1;1;1;0;0;0;0;0;1;0;0;;;;;
270582;5;12;2015;22:06;0;AV GAL OSORIO DE PAIVA;;;;;Atropelamento;;;;Meio de Quadra;;;0;1;0;0;0;0;0;0;0;0;0;0;-38,605702;-3,808494;;;
270595;5;12;2015;22:43;3366;RUA MARIO DE ANDRADE;RUA RIO BRANCO;;;;Queda;;;;;;;0;1;0;0;0;0;0;0;0;1;0;0;-38,559407;-3,753222;;;
270589;5;12;2015;22:15;0;RUA BERNARDO MANUEL;;;;;Colisão;;;;Meio de Quadra;;;0;1;1;1;0;0;0;0;0;0;0;0;-38,549221;-3,791513;;;
271270;5;12;2015;06:00;0;RD CE-040;;;;KM-04;Colisão;Luz do Dia;;Seca;Meio de Quadra;;;0;0;2;0;0;0;0;0;0;0;0;0;-38,480251;-3,792050;;;
271277;5;12;2015;13:30;0;AV SEN CARLOS JEREISSATI (AEROPORTO);;;;KM 01;Colisão;Luz do Dia;;Seca;Meio de Quadra;;;0;0;2;1;0;0;1;0;0;0;0;0;-38,520356;-3,783803;;;
271282;5;12;2015;19:50;0;RD CE-040;;;;KM-08;Colisão;Via Iluminada;;Seca;Meio de Quadra;;;0;0;2;1;0;0;0;0;0;0;0;0;-38,481317;-3,823332;;;
271289;5;12;2015;22:00;0;RD CE-040;;;;KM-07;Colisão;Via Iluminada;;Seca;Meio de Quadra;;;0;1;1;1;0;0;0;0;0;1;0;0;-38,483160;-3,817953;;;
271448;5;12;2015;12:00;24912;RUA ROSINHA SAMPAIO;RUA ANTONIO ARRUDA;;;;Colisão;Luz do Dia;;;Cruz;Não Há Controle;Residencial;0;0;1;1;0;0;0;0;0;0;0;0;-38,595375;-3,724816;;;
271446;5;12;2015;08:00;0;AV FRANCISCO SA;;;6455;;Atropelamento;Luz do Dia;;;Meio de Quadra;;;0;1;1;1;0;0;0;0;0;0;0;0;-38,582039;-3,708769;;;
271453;6;12;2015;00:00;0;AV FRANCISCO SA;;;4474;PÃO DE AÇUCAR;Colisão;;;;Meio de Quadra;;;0;1;0;1;0;0;0;0;0;1;0;0;-38,564678;-3,714933;;;
271457;6;12;2015;04:30;0;AV PRS COSTA E SILVA;;;1720;;Choque c/ Obstáculo Fixo;;;;Meio de Quadra;;;1;0;0;0;0;0;0;0;0;1;0;0;-38,566971;-3,816838;;;
271300;6;12;2015;16:15;0;RD CE-025;;;;KM-04;Colisão;Luz do Dia;;Seca;Meio de Quadra;;;0;0;2;1;0;0;0;0;0;0;0;0;-38,443065;-3,805249;;;
270712;6;12;2015;15:11;0;RUA AMAZONAS;;;;;Colisão;Luz do Dia;;;Meio de Quadra;;;0;1;1;1;0;0;0;0;0;1;0;0;-38,562322;-3,754528;;;
270709;6;12;2015;08:16;0;AV PRS COSTA E SILVA;;;;;Queda;Luz do Dia;;;Meio de Quadra;;;0;1;0;0;0;0;0;0;0;1;0;0;-38,566971;-3,816838;;;
270710;6;12;2015;12:33;15623;RUA VICENTE NOBRE MACEDO;RUA VASCO DE ATAIDE;;;;Colisão;Luz do Dia;;;Cruz;Pare;Residencial;0;1;1;1;0;0;0;0;0;1;0;0;-38,484238;-3,824367;;;
270705;6;12;2015;04:12;0;AV N CJ JOSE WALTER;;;;;Queda;;;;Meio de Quadra;;;0;1;0;0;0;0;0;0;0;1;0;0;;;;;
270706;6;12;2015;05:11;10999;RUA 15 DE NOVEMBRO;RUA ALBERTO MAGNO;;;;Colisão;Amanhecer;;;Cruz;Pare;Residencial;0;1;0;0;0;0;0;0;0;0;0;0;-38,553169;-3,769909;;;
270707;6;12;2015;07:21;0;RUA VITORIA;;;;;Colisão;Luz do Dia;;;Meio de Quadra;;;0;1;1;1;0;0;0;0;0;1;0;0;;;;;
270702;6;12;2015;02:04;7635;AV CARNEIRO DE MENDONCA;RUA GOIAS;;;;Atropelamento;;;;Cruz;Pare;Residencial;0;1;1;1;0;0;0;0;0;0;0;0;-38,568394;-3,763223;;;
270659;6;12;2015;01:59;2754;RUA OSCAR ARARIPE;RUA RAIMUNDO PINHEIRO;;;;Atropelamento;;;;Cruz;Pare;Residencial;0;1;1;1;0;0;0;0;0;0;0;0;-38,597876;-3,791645;;;
270641;6;12;2015;00:30;0;AV DR SILAS MUNGUBA;;;;;Atropelamento;;;;Meio de Quadra;;;0;1;1;1;0;0;0;0;0;0;0;0;-38,552153;-3,785332;;;
270643;6;12;2015;00:53;5421;AV DUQ CAXIAS;AV VIS RIO BRANCO;;;;Colisão;;;;Cruz;Semáforo;Comercial;0;1;0;1;0;0;0;0;0;0;0;0;-38,524603;-3,733481;;;
270646;6;12;2015;00:58;0;AV CEL CARVALHO;;;;;Colisão;;;;Meio de Quadra;;;0;1;0;0;0;0;0;0;0;0;0;0;-38,586084;-3,724419;;;
270731;6;12;2015;22:54;23686;RUA COM GARCIA;RUA DOM HENRIQUE;;;;Colisão;;;;Cruz;Pare;Residencial;0;1;1;0;0;0;0;0;0;1;0;0;-38,579660;-3,789291;;;
270732;6;12;2015;23:19;19540;RUA JULIO GASPAR;RUA CASIMIRO DE ABREU;;;;Colisão;;;;Cruz;Pare;Residencial;0;1;0;1;1;0;0;0;0;0;0;0;-38,563108;-3,782426;;;
270729;6;12;2015;21:51;0;AV FRANCISCO SA;;;;;Colisão;;;;Meio de Quadra;;;0;1;0;0;0;0;0;0;0;0;0;0;-38,570100;-3,713056;;;
270723;6;12;2015;18:25;0;AV GAL OSORIO DE PAIVA;;;;;Atropelamento;Anoitecer;;;Meio de Quadra;;;0;1;1;1;0;0;0;0;0;0;0;0;;;;;
270724;6;12;2015;19:43;0;AV GAL OSORIO DE PAIVA;;;;;Colisão;;;;Meio de Quadra;;;0;1;0;0;0;0;0;0;0;0;0;0;;;;;
270725;6;12;2015;20:05;0;AV CASTELO DE CASTRO;;;;;Colisão;;;;Meio de Quadra;;;0;1;1;1;0;0;0;0;0;1;0;0;-38,521508;-3,831362;;;
270726;6;12;2015;20:28;0;RUA EMILIO DE MENESES;;;;;Colisão;;;;Meio de Quadra;;;0;1;1;1;0;0;0;0;0;1;0;0;-38,591829;-3,780503;;;
270727;6;12;2015;21:28;0;AV ODILON GUIMARAES;;;;;Colisão;;;;Meio de Quadra;;;0;1;1;1;0;0;0;0;0;1;0;0;-38,479753;-3,825962;;;
270721;6;12;2015;18:22;22951;AV DR SILAS MUNGUBA;RUA DR JUSTA ARAUJO D45;;;;Colisão;Anoitecer;;;Cruz;Outros;Comercial;0;1;1;1;0;1;0;0;0;0;0;0;-38,553426;-3,784586;;;
270714;6;12;2015;16:31;0;RUA TEODOMIRO DE CASTRO;;;;;Colisão;Luz do Dia;;;Meio de Quadra;;;0;1;1;1;0;0;0;0;0;0;0;0;-38,572281;-3,718780;;;
267206;6;12;2015;16:20;0;AV GAL OSORIO DE PAIVA;;;4789;;Colisão Traseira;Luz do Dia;;;Meio de Quadra;;;0;0;2;1;0;0;0;0;0;0;0;0;-38,598264;-3,800802;;;
267203;6;12;2015;18:12;8011;AV JOAO PESSOA;RUA ALEXANDRE BARAUNA;;;;Atropelamento;Anoitecer;;;Cruz;Semáforo;Comercial;0;2;0;1;0;0;0;0;0;0;0;0;-38,548267;-3,751089;;;
267209;6;12;2015;18:50;0;RUA LAURO NOGUEIRA;;;671;;Colisão Traseira;Luz do Dia;;;Meio de Quadra;;;0;0;3;1;0;0;0;0;0;0;0;0;-38,479888;-3,739550;;;
267210;6;12;2015;17:30;25011;RUA TEODOMIRO DE CASTRO;RUA TEN JOSE BARREIRA;;;;Colisão Transversal;Anoitecer;;;;Não Há Controle;Comercial;0;1;1;1;0;0;0;0;0;0;0;0;-38,572355;-3,718743;;;
272472;6;12;2015;02:20;0;AV CEL CARVALHO;;;;;Colisão;;;;Meio de Quadra;;;0;0;2;0;0;0;0;0;0;0;0;0;;;;;
272461;6;12;2015;00:27;0;AV GOV RAUL BARBOSA;;;;;Colisão;;;;Meio de Quadra;;;0;0;2;0;0;0;0;0;0;0;0;0;;;;;
272462;6;12;2015;00:29;1534;RUA EDUARDO GARCIA;RUA MON CATAO;;;;Colisão;;;;Cruz;Pare;Residencial;0;0;2;0;0;0;0;0;0;0;0;0;-38,491196;-3,740726;;;
272463;6;12;2015;00:44;0;AV DR SILAS MUNGUBA;;;;;Atropelamento;;;;Meio de Quadra;;;0;0;2;0;0;0;0;0;0;0;0;0;;;;;
272466;6;12;2015;;5421;AV HERACLITO GRACA;AV DUQ CAXIAS;;;;Colisão;;;;;;;0;0;2;0;0;0;0;0;0;0;0;0;-38,524603;-3,733481;;;
272467;6;12;2015;01:12;0;RUA IRMAOS FONTENELE;;;;;Colisão;;;;Meio de Quadra;;;0;0;2;0;0;0;0;0;0;0;0;0;;;;;
272468;6;12;2015;01:15;0;RUA ALUISIO AZEVEDO;;;;;Choque c/ Obstáculo Fixo;;;;Meio de Quadra;;;0;0;1;0;0;0;0;0;0;0;0;0;;;;;
272470;6;12;2015;01:51;2975;AV GAL OSORIO DE PAIVA;RUA PEDRO MARTINS;;;;Colisão;;;;Cruz;Semáforo;Comercial;0;0;2;0;0;0;0;0;0;0;0;0;-38,598322;-3,800862;;;
272475;6;12;2015;02:36;0;RUA GONCALVES LEDO;;;;;Colisão;;;;Meio de Quadra;;;0;0;2;0;0;0;0;0;0;0;0;0;;;;;
272479;6;12;2015;02:39;8030;RUA PRO COSTA MENDES;RUA CARLOS CAMARA;;;;Choque c/ Obstáculo Fixo;;;;Cruz;Pare;Residencial;0;0;1;0;0;0;0;0;0;0;0;0;-38,548622;-3,753143;;;
272534;6;12;2015;05:23;19469;AV GAL OSORIO DE PAIVA;AV AUGUSTO DOS ANJOS;;;;Colisão;Amanhecer;;;Outros;Pare;Misto;0;0;2;0;0;0;0;0;0;0;0;0;-38,584939;-3,787349;;;
272535;6;12;2015;05:27;9094;AV SORIANO ALBUQUERQUE;AV VIS RIO BRANCO;;;;Colisão;Amanhecer;;;Cruz;;Residencial;0;0;2;0;0;0;0;0;0;0;0;0;-38,521682;-3,747601;;;
272536;6;12;2015;05:47;0;RUA TRES CORACOES;;;;;Choque c/ Obstáculo Fixo;Amanhecer;;;Meio de Quadra;;;0;0;2;0;0;0;0;0;0;0;0;0;;;;;
272537;6;12;2015;06:24;25158;AV ALM MAXIMIANO DA FONSECA;AV WASHINGTON SOARES;;;;Colisão;Luz do Dia;;;Cruz;Semáforo;Escola;0;0;2;0;0;0;0;0;0;0;0;0;-38,482016;-3,771482;;;
272538;6;12;2015;10:50;0;AV JOSE LEON;;;;;Colisão;Luz do Dia;;;Meio de Quadra;;;0;0;2;0;0;0;0;0;0;0;0;0;;;;;
272539;6;12;2015;18:53;0;AV DR SILAS MUNGUBA;;;;;Colisão;;;;Meio de Quadra;;;0;0;2;0;0;0;0;0;0;0;0;0;;;;;
272540;6;12;2015;20:02;0;RUA RAIMUNDO GOMES;;;;;Colisão;;;;Meio de Quadra;;;0;0;2;0;0;0;0;0;0;0;0;0;;;;;
272541;6;12;2015;20:19;12068;AV CASTELO DE CASTRO;AV MON AMARILIO RODRIGUES;;;;Colisão;;;;Cruz;Semáforo;Misto;0;0;2;0;0;0;0;0;0;0;0;0;-38,521635;-3,835217;;;
272542;6;12;2015;21:16;0;RUA DES OTACILIO PEIXOTO;;;;;Colisão;;;;Meio de Quadra;;;0;0;2;0;0;0;0;0;0;0;0;0;;;;;
272543;6;12;2015;22:01;1432;AV SANTOS DUMONT;AV SEN VIRGILIO TAVORA;;;;Colisão;;;;Cruz;Semáforo;Comercial;0;0;2;0;0;0;0;0;0;0;0;0;-38,493482;-3,737828;;;
272544;6;12;2015;23:13;6564;AV H CJ CEARA;AV G CJ CEARA;;;;Choque c/ Obstáculo Fixo;;;;T;Pare;Misto;0;0;2;0;0;0;0;0;0;0;0;0;-38,609372;-3,775702;;;
272482;6;12;2015;04:49;0;LOGRADOURO SEM NOME;;;;;Colisão Frontal;;;;Meio de Quadra;;;0;0;2;0;0;0;0;0;0;0;0;0;;;;;
272483;6;12;2015;05:03;14915;RUA ALFREDO MAMEDE;RUA AURELIO BEZERRA D71;;;;Colisão;Amanhecer;;;;;;0;0;2;0;0;0;0;0;0;0;0;0;-38,581782;-3,810045;;;
267227;6;12;2015;20:00;15154;RUA FRE MANSUETO;RUA DA PAZ;;;;Colisão Lateral;;;;Cruz;Pare;Residencial;0;0;2;0;0;1;0;0;0;0;0;0;-38,489616;-3,724758;;;
267228;6;12;2015;19:50;0;AV GAL OSORIO DE PAIVA;;;;;Atropelamento;;;;Meio de Quadra;;;0;0;2;1;0;0;0;0;0;0;0;0;;;;;
267234;6;12;2015;16:01;12496;AV LINEU MACHADO;AV CARNEIRO DE MENDONCA;;;;Colisão Traseira;Luz do Dia;;;T;Semáforo;Comercial;0;0;2;1;1;0;0;0;0;0;0;0;-38,574021;-3,760403;;;
267235;6;12;2015;20:40;0;AV GODOFREDO MACIEL;;;3195;;Colisão Traseira;;;;Meio de Quadra;;;0;0;2;1;0;0;0;0;0;0;0;0;-38,572271;-3,804009;;;
267236;6;12;2015;10:00;0;AV BEZERRA DE MENEZES;;;459;;Colisão Traseira;Luz do Dia;;;Meio de Quadra;;;0;0;2;1;0;0;0;0;0;0;0;0;-38,543964;-3,731436;;;
267237;6;12;2015;11:00;0;AV VICENTE DE CASTRO;;;6890;;Colisão Traseira;Luz do Dia;;;Meio de Quadra;;;0;2;0;1;0;0;1;0;0;0;0;0;-38,471290;-3,709224;;;
267244;6;12;2015;18:00;0;RUA ALM RUFINO;;;1089;;Colisão Lateral;Anoitecer;;;Meio de Quadra;;;0;0;3;1;0;0;0;0;0;0;0;0;-38,539289;-3,765905;;;
267242;6;12;2015;15:00;0;AV PRS CASTELO BRANCO;;;5938;;Colisão Lateral;Luz do Dia;;;Meio de Quadra;;;1;0;1;0;0;0;0;0;0;1;0;0;-38,583688;-3,701957;;;