COD_ACIDENTE;DIA;MES;ANO;HORA;INTERSECAO;LOG1;LOG2;LOG3;NUMERO;REFERENCIA;NATUREZA;ILUMINACAO;TEMPO;SUPERFICIEPISTA;TIPOCRUZAMENTO;CONTROLETRAFEGO;USOSOLO;MORTOS;FERIDOS;ILESOS;AUTOMOVEL;ONIBUS;BICICLETA;CAMINHAO;MICROONIBUS;CICLOMOTOR;MOTOCICLETA;TRACAOANIMAL;TREM;LONG;LAT;;;
267240;6;12;2015;10:50;0;AV JOR THOMAZ COELHO;;;;;Choque c/ Obstáculo Fixo;Luz do Dia;;;Meio de Quadra;;;0;0;1;1;0;0;0;0;0;0;0;0;;;;;
267213;6;12;2015;11:40;0;AV AGUANAMBI;;;150;;Colisão Traseira;Luz do Dia;;;Meio de Quadra;;;0;0;2;1;0;0;0;0;0;0;0;0;-38,524598;-3,738607;;;
267215;6;12;2015;22:10;9220;AV 13 DE MAIO;RUA NAPOLEAO LAUREANO;;;;Colisão Lateral;;;;Cruz;Semáforo;Comercial;0;0;2;1;0;0;0;0;0;0;0;0;-38,528825;-3,749758;;;
267218;6;12;2015;17:10;8011;AV JOAO PESSOA;RUA ALEXANDRE BARAUNA;;;;Colisão Transversal;Anoitecer;;;Cruz;Semáforo;Comercial;0;1;1;0;1;0;0;0;0;1;0;0;-38,548267;-3,751089;;;
267219;6;12;2015;19:00;5098;RUA CASTRO E SILVA;RUA SEN POMPEU;;;;Colisão Transversal;;;;Cruz;Semáforo;Comercial;0;1;1;1;0;0;0;0;0;1;0;0;-38,528597;-3,723468;;;
267220;6;12;2015;15:30;13436;AV ANTONIO SALES;RUA DR JOSE LOURENCO;;;;Colisão Transversal;Luz do Dia;;;Cruz;Semáforo;Comercial;0;0;2;1;0;0;0;0;0;0;0;0;-38,510450;-3,742954;;;
267221;6;12;2015;00:15;0;RUA GAL ALIPIO DOS SANTOS;;;29;;Colisão Lateral;;;;Meio de Quadra;;;0;1;1;1;0;0;0;0;0;1;0;0;-38,585724;-3,728642;;;
267222;6;12;2015;18:30;0;RUA GAL BERNARDO FIGUEIREDO;;;2895;;Choque c/ Obstáculo Fixo;Anoitecer;;;Meio de Quadra;;;0;0;1;1;0;0;0;0;0;0;0;0;-38,563492;-3,742075;;;
267223;6;12;2015;19:00;0;AV GAL OSORIO DE PAIVA;;;;;Colisão Lateral;;;;Meio de Quadra;;;0;0;2;1;0;0;0;0;0;0;0;0;;;;;
267224;6;12;2015;21:25;10019;RUA LONDRINA;RUA AIRES DA CUNHA;;;;Colisão Lateral;;;;;;;1;0;1;0;0;0;0;0;0;1;0;0;-38,605211;-3,780485;;;
267225;6;12;2015;18:04;19538;AV GODOFREDO MACIEL;RUA INGA;;;;Colisão Lateral;Anoitecer;;;T;Pare;Comercial;0;0;2;1;0;0;0;0;0;0;0;0;-38,565570;-3,782382;;;
267248;6;12;2015;21:00;0;AV ALBERTO CRAVEIRO;;;1489;;Colisão Traseira;;;;Meio de Quadra;;;0;0;2;1;0;0;0;0;0;0;0;0;-38,517762;-3,793853;;;
267311;7;12;2015;16:50;8933;AV DOMINGOS OLIMPIO;RUA RUBIA SAMPAIO;;;;Colisão Traseira;Luz do Dia;;;Cruz;Pare;Residencial;0;0;2;1;1;0;0;0;0;0;0;0;-38,541015;-3,733409;;;
267313;7;12;2015;19:11;0;AV ANTONIO JUSTA;;;3161;;Colisão Lateral;;;;Meio de Quadra;;;0;1;1;0;0;0;0;0;0;1;0;0;-38,493476;-3,727972;;;
267314;7;12;2015;09:00;0;RUA JOSE VILAR;;;3200;;Engavetamento;Luz do Dia;;;Meio de Quadra;;;0;0;3;1;0;0;0;0;0;0;0;0;-38,509725;-3,751374;;;
267316;7;12;2015;16:30;7694;RUA RIO GRANDE DO SUL;RUA RIO GRANDE DO NORTE;;;;Colisão Transversal;Luz do Dia;;;Cruz;Pare;Residencial;0;1;1;1;0;0;0;0;0;1;0;0;-38,567559;-3,758617;;;
267317;7;12;2015;20:30;0;AV EDILSON B SOARES;;;867;;Colisão Lateral;;;;Meio de Quadra;;;0;0;2;0;1;0;0;0;0;0;0;0;-38,486861;-3,789936;;;
267319;7;12;2015;14:45;15346;RUA PEREIRA VALENTE;RUA VIS MAUA;;;;Colisão Transversal;Luz do Dia;;;Cruz;Pare;Residencial;0;0;2;1;0;0;0;0;0;0;0;0;-38,498067;-3,731927;;;
267333;7;12;2015;19:30;3856;AV DA UNIVERSIDADE;RUA PDE FRANCISCO PINTO;;;;Colisão;;;;Cruz;Semáforo Danificado;Comercial;0;0;4;1;1;0;0;0;0;0;0;0;-38,540777;-3,742799;;;
267346;7;12;2015;09:00;19068;AV ENG SANTANA JUNIOR;RUA PRO SILAS RIBEIRO;;;;Colisão Traseira;Luz do Dia;;;Cruz;Semáforo Intermitente;Comercial;0;0;3;1;0;0;0;0;0;0;0;0;-38,482901;-3,736968;;;
267348;7;12;2015;16:00;8954;AV DOMINGOS OLIMPIO;RUA DOM JERONIMO D06;;;;Colisão Lateral;Luz do Dia;;;Cruz;Pare;Residencial;0;0;2;1;0;0;0;0;0;0;0;0;-38,543457;-3,733201;;;
267349;7;12;2015;14:00;5436;RUA GAL CLARINDO DE QUEIROZ;RUA JAIME BENEVOLO;;;;Colisão Transversal;Luz do Dia;;;Cruz;Pare;Comercial;0;0;3;1;0;0;0;0;0;0;0;0;-38,526017;-3,734060;;;
267344;7;12;2015;12:50;0;AV MOZART PINHEIRO DE LUCENA;;;850;;Colisão Transversal;Luz do Dia;;;Meio de Quadra;;;0;1;1;1;0;0;0;0;0;1;0;0;-38,593405;-3,710392;;;
267356;7;12;2015;12:30;0;AV DOM MANUEL;;;69;;Colisão Traseira;Luz do Dia;;;Meio de Quadra;;;0;0;2;1;0;0;0;0;0;0;0;0;-38,519977;-3,724816;;;
267360;7;12;2015;14:21;10300;AV SEN FERNANDES TAVORA;RUA JOSE MENDONCA;;;;Colisão Lateral;Luz do Dia;;;Cruz;Pare;Comercial;0;1;1;0;1;0;0;0;0;1;0;0;-38,601696;-3,754492;;;
267367;7;12;2015;22:05;8954;AV DOMINGOS OLIMPIO;RUA DOM JERONIMO D06;;;;Colisão Lateral;;;;Cruz;Pare;Residencial;0;0;2;1;0;0;0;0;0;0;0;0;-38,543457;-3,733201;;;
267370;7;12;2015;15:00;0;AV GOV RAUL BARBOSA;;;;;Colisão Traseira;Luz do Dia;;;Meio de Quadra;;;0;0;2;1;0;0;0;0;0;0;0;0;;;;;
267380;7;12;2015;11:25;25129;AV WASHINGTON SOARES;RUA EUCLIDES O DE SOUSA;;;;;Luz do Dia;;;;;;0;0;2;0;1;0;0;0;0;0;0;0;-38,479749;-3,798220;;;
267376;7;12;2015;21:00;10373;RUA PERILIO TEIXEIRA;RUA NOSSA SRA APARECIDA;;;;Colisão Transversal;;;;Cruz;Pare;Misto;0;1;1;0;1;0;0;0;0;1;0;0;-38,601606;-3,758048;;;
267382;7;12;2015;06:50;5180;RUA DOM JOAQUIM;RUA TEN BENEVOLO;;;;Colisão Transversal;Luz do Dia;;;Cruz;Pare;Residencial;0;0;2;1;0;0;0;0;0;0;0;0;-38,516670;-3,725524;;;
267385;7;12;2015;10:15;0;AV PRS COSTA E SILVA;;;4655;;Colisão Lateral;Luz do Dia;;;Meio de Quadra;;;0;0;2;1;1;0;0;0;0;0;0;0;-38,538693;-3,825821;;;
267389;7;12;2015;13:30;0;AV GOV RAUL BARBOSA;;;5076;;Colisão Lateral;Luz do Dia;;;Meio de Quadra;;;0;0;2;1;0;0;1;0;0;0;0;0;-38,508353;-3,762547;;;
267409;7;12;2015;18:20;3814;RUA PAULINO NOGUEIRA;RUA WALDERY UCHOA;;;;Colisão Transversal;Anoitecer;;;Cruz;Pare;Residencial;0;0;2;1;0;0;0;0;0;0;0;0;-38,538372;-3,743449;;;
267407;7;12;2015;12:00;15260;RUA JOAQUIM NABUCO;RUA ANA BILHAR;;;;Colisão Lateral;Luz do Dia;;;Cruz;Semáforo;Residencial;0;1;1;0;0;0;0;0;0;1;0;0;-38,499077;-3,728382;;;
267402;7;12;2015;09:00;10716;RUA PRO HERIBALDO COSTA;RUA PRO EDGAR DE ARRUDA;;;;Colisão Transversal;Luz do Dia;;;T;Pare;Residencial;1;1;1;0;0;0;0;1;0;1;0;0;-38,583335;-3,759016;;;
267403;7;12;2015;15:00;25132;AV ODILON GUIMARAES;RUA ANTONIO BARROS;;;;Colisão Transversal;Luz do Dia;;;;;;0;0;2;1;0;0;1;0;0;0;0;0;-38,479805;-3,826027;;;
267404;7;12;2015;16:30;13935;RUA VER PEDRO PAULO MOREIRA;RUA GAL CAIADO DE CASTRO;;;;Colisão Transversal;Luz do Dia;;;Cruz;Pare;Misto;0;0;2;1;0;0;0;0;0;0;0;0;-38,488961;-3,786953;;;
267395;7;12;2015;12:45;15277;RUA JULIO IBIAPINA;AV ANTONIO JUSTA;;;;Colisão Transversal;Luz do Dia;;;;;;0;0;2;0;1;0;0;0;0;0;0;0;-38,490692;-3,728875;;;
267398;7;12;2015;08:50;4088;AV FRANCISCO SA;RUA ALVARO DE ALENCAR;;;;Atropelamento;Luz do Dia;;;Cruz;Pare;Comercial;0;1;1;0;1;0;0;0;0;0;0;0;-38,558237;-3,717106;;;
267399;7;12;2015;22:20;0;AV DA UNIVERSIDADE;;;2358;;Colisão;;;;Meio de Quadra;;;0;1;2;1;0;0;0;0;0;1;0;0;-38,536390;-3,737967;;;
267400;7;12;2015;18:10;0;AV HERACLITO GRACA;;;500;;Colisão Traseira;Anoitecer;;;Meio de Quadra;;;0;0;2;1;0;0;0;0;0;0;0;0;-38,519817;-3,735019;;;
267414;7;12;2015;16:30;0;AV GAL OSORIO DE PAIVA;;;4545;;Colisão Traseira;Luz do Dia;;;Meio de Quadra;;;0;0;4;1;0;0;0;0;0;0;0;0;-38,595764;-3,798239;;;
267415;7;12;2015;11:50;0;RUA DEP JOAO PONTES;;;;;Colisão Lateral;Luz do Dia;;;Meio de Quadra;;;0;0;2;1;0;0;0;0;0;0;0;0;;;;;
267307;7;12;2015;07:35;0;AV AMERICO BARREIRA;;;4800;;Colisão Transversal;Luz do Dia;;;Meio de Quadra;;;0;1;1;0;1;0;0;0;0;1;0;0;-38,559328;-3,757156;;;
267308;7;12;2015;21:30;1583;RUA LEONARDO MOTA;RUA VICENTE LINHARES;;;;Colisão Transversal;;;;Cruz;Semáforo;Residencial;0;0;2;1;0;0;0;0;0;0;0;0;-38,498309;-3,742785;;;
267309;7;12;2015;19:00;8834;AV DES FLORIANO BENEVIDES;RUA B CJ LUSTOSA PALMARES;;;;Colisão Lateral;;;;T;Pare;Comercial;0;1;1;0;1;0;0;0;0;0;0;0;;;;;
272551;7;12;2015;01:27;0;RUA ROQUET PINTO;;;;;Colisão;;;;Meio de Quadra;;;0;0;2;0;0;0;0;0;0;0;0;0;;;;;
272562;7;12;2015;15:30;0;RUA PARA;;;;;Colisão;Luz do Dia;;;Meio de Quadra;;;0;0;2;0;0;0;0;0;0;0;0;0;;;;;
272558;7;12;2015;02:22;0;AV PDE ANTONIO TOMAS;;;;;Colisão;;;;;;;0;0;2;0;0;0;0;0;0;0;0;0;;;;;
272559;7;12;2015;05:36;0;RUA MIGUEL ARAGAO;;;;;Colisão;Amanhecer;;;Meio de Quadra;;;0;0;2;0;0;0;0;0;0;0;0;0;;;;;
272560;7;12;2015;14:21;0;RUA MAJ MONTENEGRO;;;;;Colisão;Luz do Dia;;;Meio de Quadra;;;0;0;2;0;0;0;0;0;0;0;0;0;;;;;
272573;7;12;2015;19:42;12525;RUA GUILHERME MENDES;RUA PIERRE LUZ;;;;Colisão;;;;Cruz;Pare;Comercial;0;0;2;0;0;0;0;0;0;0;0;0;-38,588079;-3,720551;;;
272570;7;12;2015;19:04;0;RUA XXI CIDADE OESTE;;;;;Atropelamento;;;;Meio de Quadra;;;0;0;2;0;0;0;0;0;0;0;0;0;;;;;
272565;7;12;2015;16:12;116;RUA RUI MONTE;RUA PRO JOSE LEITE GONDIM;;;;Colisão;Luz do Dia;;;Cruz;Pare;Residencial;0;0;2;0;0;0;0;0;0;0;0;0;-38,587413;-3,741250;;;
270739;7;12;2015;06:22;0;AV N CJ JOSE WALTER;;;;;Colisão;Luz do Dia;;;Meio de Quadra;;;0;1;0;0;0;0;0;0;0;1;0;0;;;;;
270734;7;12;2015;02:16;0;AV GAL OSORIO DE PAIVA;;;;;Colisão;;;;Meio de Quadra;;;0;1;1;0;0;0;1;0;0;1;0;0;;;;;
270735;7;12;2015;05:27;0;RUA NOSSA SRA APARECIDA;;;;;Colisão;Amanhecer;;;Meio de Quadra;;;0;1;0;0;0;0;0;0;0;1;0;0;;;;;
270760;7;12;2015;13:07;348;RUA PRO LINO ENCARNACAO;RUA CESAR FONTENELE;;;;Colisão;Luz do Dia;;;Cruz;Pare;Misto;0;1;1;1;0;0;0;0;0;1;0;0;-38,559596;-3,746359;;;
270761;7;12;2015;14:31;0;RUA PEREIRA VALENTE;;;;;Colisão;Luz do Dia;;;Meio de Quadra;;;0;1;0;0;0;0;0;0;0;1;0;0;;;;;
270762;7;12;2015;17:21;0;RUA DR FERNANDO AUGUSTO;;;;;Atropelamento;Anoitecer;;;Meio de Quadra;;;0;1;1;0;0;0;0;0;0;0;0;0;-38,630261;-3,784799;;;
270763;7;12;2015;17:34;0;AV GAL OSORIO DE PAIVA;;;;;Colisão;Anoitecer;;;Meio de Quadra;;;0;1;0;1;0;0;0;0;0;0;0;0;;;;;
270764;7;12;2015;17:42;0;RUA AQUILES BEVILAQUA;;;316;;Atropelamento;Anoitecer;;;Meio de Quadra;;;1;0;1;1;0;0;0;0;0;0;0;0;-38,518731;-3,743664;;;
270754;7;12;2015;07:48;22159;AV JOSE BASTOS;RUA PRO COSTA MENDES;;;;Colisão;Luz do Dia;;;Outros;Não Há Controle;Residencial;1;0;1;1;0;0;0;0;0;1;0;0;-38,551247;-3,750784;;;
270755;7;12;2015;08:16;0;RD BR 116;;;13000;KM-13;Colisão;Luz do Dia;;;Meio de Quadra;;;0;1;1;1;0;0;0;0;0;1;0;0;-38,497727;-3,864670;;;
271303;7;12;2015;08:30;0;RD CE-040;;;;KM-11;Colisão;Luz do Dia;;Seca;Meio de Quadra;;;0;1;2;1;0;0;1;0;0;0;0;0;-38,480252;-3,844873;;;
271491;7;12;2015;17:00;11009;RUA EQUADOR;RUA JULIO VERNE;;;;Colisão;Anoitecer;;;Cruz;Pare;Misto;0;1;1;1;0;0;0;0;0;1;0;0;-38,552843;-3,775427;;;
259439;7;12;2015;06:30;0;RD BR 222;;;;KM-02;Atropelamento;Luz do Dia;Bom;Seca;Meio de Quadra;Não Há Controle;Comercial;0;1;1;0;0;0;0;0;0;0;0;0;-38,586880;-3,738951;;;
259411;7;12;2015;13:00;0;RD BR 116;;;5000;KM-05;Colisão Traseira;Luz do Dia;Bom;Seca;Meio de Quadra;Não Há Controle;Comercial;0;1;1;1;0;0;0;0;0;0;0;0;-38,506787;-3,796502;;;
259412;8;12;2015;07:20;0;RD BR 116;;;13000;KM-13;Choque c/ Obstáculo Fixo;Luz do Dia;Bom;Seca;Meio de Quadra;Não Há Controle;Comercial;0;1;0;1;0;0;0;0;0;0;0;0;-38,497727;-3,864670;;;
259413;8;12;2015;07:25;0;RD BR 116;;;4000;KM-04;Colisão;Luz do Dia;Bom;Seca;Meio de Quadra;Não Há Controle;Comercial;0;1;1;1;0;0;0;0;0;1;0;0;-38,510646;-3,788331;;;
271494;8;12;2015;15:30;0;RUA ALVES BEZERRA;;;263;;Colisão;Luz do Dia;;;Meio de Quadra;;;0;1;1;1;0;0;0;0;0;1;0;0;-38,608667;-3,807895;;;
271321;8;12;2015;08:25;0;RD CE-040;;;;KM-11;Colisão;Luz do Dia;;Seca;Meio de Quadra;;;0;0;2;1;0;0;0;0;0;0;0;0;-38,480252;-3,844873;;;
271345;8;12;2015;18:55;0;RD CE-040;;;;KM-04;Colisão;Via Iluminada;;Seca;Meio de Quadra;;;0;0;2;1;0;0;0;0;0;0;0;0;-38,480251;-3,792050;;;
271328;8;12;2015;16:50;0;RD CE-040;;;;KM-07;Colisão;Luz do Dia;;Seca;Meio de Quadra;;;0;0;2;1;0;0;0;0;0;1;0;0;-38,483160;-3,817953;;;
270768;8;12;2015;08:00;25519;AV GOV RAUL BARBOSA;AV ALM HENRIQUE SABOIA;;;;Colisão;Luz do Dia;;;Y;Não Há Controle;Residencial;0;1;0;0;0;0;0;0;0;1;0;0;-38,504580;-3,758466;;;
270769;8;12;2015;08:11;0;RUA ARTUR DE CARVALHO;;;;;Colisão;Luz do Dia;;;Meio de Quadra;;;0;1;0;0;0;0;0;0;0;1;0;0;;;;;
270770;8;12;2015;11:00;0;RUA CESAR ROSSAS;;;;;Colisão;Luz do Dia;;;Meio de Quadra;;;0;1;1;1;0;0;0;0;0;1;0;0;-38,553595;-3,768811;;;
270765;8;12;2015;05:47;0;AV GOV RAUL BARBOSA;;;;;Queda;Amanhecer;;;Meio de Quadra;;;0;1;0;0;0;0;0;0;0;1;0;0;-38,508919;-3,764538;;;
266895;8;12;2015;11:10;0;AV JOVITA FEITOSA;;;;;Colisão;Luz do Dia;;;Meio de Quadra;;;0;0;2;1;0;0;0;0;0;0;0;0;;;;;
272577;8;12;2015;05:49;0;AV JOR THOMAZ COELHO;;;;;Choque c/ Obstáculo Fixo;Amanhecer;;;Meio de Quadra;;;0;0;2;0;0;0;0;0;0;0;0;0;;;;;
272578;8;12;2015;09:15;0;AV PRS COSTA E SILVA;;;;;Colisão;Luz do Dia;;;Meio de Quadra;;;0;0;2;0;0;0;0;0;0;0;0;0;;;;;
272584;8;12;2015;10:59;0;AV JOR THOMAZ COELHO;;;;;Colisão;Luz do Dia;;;Meio de Quadra;;;0;0;2;0;0;0;0;0;0;0;0;0;;;;;
272582;8;12;2015;09:42;0;RUA JOAO CARVALHO;;;;;Colisão;Luz do Dia;;;Meio de Quadra;;;0;0;2;0;0;0;0;0;0;0;0;0;;;;;
272630;8;12;2015;21:12;0;RUA PEDRO DANTAS;;;;;Colisão;;;;Meio de Quadra;;;0;0;2;0;0;0;0;0;0;0;0;0;;;;;
272628;8;12;2015;21:12;0;RUA HUMBERTO TEIXEIRA;;;;;Colisão;;;;Meio de Quadra;;;0;0;2;0;0;0;0;0;0;0;0;0;;;;;
272621;8;12;2015;19:10;0;AV SIQUEIRA CAMPOS;;;;;Colisão;;;;Meio de Quadra;;;0;0;2;0;0;0;0;0;0;0;0;0;;;;;
272622;8;12;2015;19:48;0;AV CONTORNO LESTE;;;;;Colisão;;;;Meio de Quadra;;;0;0;2;0;0;0;0;0;0;0;0;0;;;;;
272623;8;12;2015;20:26;423;AV LIBERDADE;RUA CAETANO SILVA (A. NUNES);;;;Colisão;;;;;;;0;0;2;0;0;0;0;0;0;0;0;0;-38,598943;-3,749080;;;
272619;8;12;2015;18:44;0;RUA GASTAO JUSTA;;;;;Colisão;;;;Meio de Quadra;;;0;0;2;0;0;0;0;0;0;0;0;0;;;;;
272616;8;12;2015;17:51;0;RUA SAO FIDELIS D71;;;;;Atropelamento;Anoitecer;;;Meio de Quadra;;;0;0;2;0;0;0;0;0;0;0;0;0;;;;;
272617;8;12;2015;18:36;0;RUA COSTA BARROS;;;;;Colisão;;;;Meio de Quadra;;;0;0;2;0;0;0;0;0;0;0;0;0;;;;;
272613;8;12;2015;16:09;0;AV GOV RAUL BARBOSA;;;;;Colisão;Luz do Dia;;;Meio de Quadra;;;0;0;2;0;0;0;0;0;0;0;0;0;;;;;
272604;8;12;2015;15:53;2810;RUA CEL VIRGILIO NOGUEIRA (BOM JARDIM);RUA MARTINS CARVALHO;;;;Colisão;Luz do Dia;;;;;;0;0;2;0;0;0;0;0;0;0;0;0;-38,610343;-3,793750;;;
272605;8;12;2015;15:56;14624;AV JOSE LEON;RUA HERMINIO DE CASTRO;;;;Colisão;Luz do Dia;;;;;;0;0;2;0;0;0;0;0;0;0;0;0;-38,486375;-3,791637;;;
272609;8;12;2015;15:59;0;AV PRS COSTA E SILVA;;;;;Colisão;Luz do Dia;;;Meio de Quadra;;;0;0;2;0;0;0;0;0;0;0;0;0;;;;;
272598;8;12;2015;14:19;0;AV ALM MAXIMIANO DA FONSECA;;;;;Colisão;Luz do Dia;;;Meio de Quadra;;;0;0;2;0;0;0;0;0;0;0;0;0;;;;;
272599;8;12;2015;14:19;0;AV GAL OSORIO DE PAIVA;;;;;Colisão;Luz do Dia;;;Meio de Quadra;;;0;0;2;0;0;0;0;0;0;0;0;0;;;;;
272594;8;12;2015;13:12;0;AV GAL OSORIO DE PAIVA;;;;;Colisão;Luz do Dia;;;Meio de Quadra;;;0;0;2;0;0;0;0;0;0;0;0;0;;;;;
272587;8;12;2015;12:59;0;RUA JOAQUIM NABUCO;;;;;Colisão;Luz do Dia;;;Meio de Quadra;;;0;1;1;0;0;0;0;0;0;0;0;0;;;;;
270951;8;12;2015;23:00;0;AV JOVITA FEITOSA;;;;;Colisão;;;;Meio de Quadra;;;0;1;0;0;0;0;0;0;0;0;0;0;;;;;
270947;8;12;2015;21:39;0;AV DES GONZAGA;;;;;Queda;;;;Meio de Quadra;;;0;1;0;0;0;1;0;0;0;0;0;0;-38,502415;-3,791727;;;
270948;8;12;2015;21:58;0;AV ZEZE DIOGO;;;;;Queda;;;;Meio de Quadra;;;0;1;0;0;0;1;0;0;0;0;0;0;-38,463885;-3,718777;;;
270869;8;12;2015;13:56;0;AV ALM MAXIMIANO DA FONSECA;;;;;Colisão;Luz do Dia;;;Meio de Quadra;;;0;1;1;1;0;0;0;0;0;1;0;0;-38,484045;-3,771600;;;
270873;8;12;2015;16:25;0;AV DOM LUIS;;;;;Atropelamento;Luz do Dia;;;Meio de Quadra;;;0;1;1;1;0;0;0;0;0;0;0;0;-38,492585;-3,734804;;;
270933;8;12;2015;21:15;0;RUA AQUIRAZ;;;;;Colisão;;;;Meio de Quadra;;;0;1;1;1;0;0;0;0;0;1;0;0;;;;;
270930;8;12;2015;20:23;0;RUA ILDEFONSO ALBANO;;;;;Queda;;;;Meio de Quadra;;;0;1;0;0;0;0;0;0;0;1;0;0;-38,515970;-3,741317;;;
270921;8;12;2015;18:02;0;RUA SEN ALENCAR;;;;;Colisão;Anoitecer;;;Meio de Quadra;;;0;1;1;1;0;0;0;0;0;1;0;0;-38,536779;-3,722060;;;
270919;8;12;2015;17:29;0;AV GAL OSORIO DE PAIVA;;;;;Colisão;Anoitecer;;;Meio de Quadra;;;0;1;1;1;0;0;0;0;0;1;0;0;-38,612851;-3,815843;;;
270862;8;12;2015;13:55;0;AV GAL OSORIO DE PAIVA;;;;;Colisão;Luz do Dia;;;Meio de Quadra;;;0;1;1;1;0;0;0;0;0;1;0;0;;;;;
270836;8;12;2015;12:56;0;RUA CESARIO LANGE;;;;;Colisão;Luz do Dia;;;Meio de Quadra;;;0;1;1;1;0;0;0;0;0;1;0;0;-38,490431;-3,829385;;;
270827;8;12;2015;11:17;0;AV 13 DE MAIO;;;;;Colisão;Luz do Dia;;;Meio de Quadra;;;0;1;1;1;0;0;0;0;0;1;0;0;-38,527463;-3,750923;;;
267423;8;12;2015;21:00;12699;AV CEL CARVALHO;AV MAJ ASSIS;;;;Colisão;;;;Cruz;Semáforo;Residencial;0;1;1;1;0;0;0;0;0;1;0;0;-38,586255;-3,723796;;;
267431;8;12;2015;15:50;0;AV AGUANAMBI;;;1000;;Colisão Lateral;Luz do Dia;;;Meio de Quadra;;;0;1;1;1;0;0;0;0;0;1;0;0;-38,525432;-3,745305;;;
267454;8;12;2015;19:00;0;AV DA UNIVERSIDADE;;;;;Colisão Traseira;;;;Meio de Quadra;;;0;0;2;1;0;0;0;0;0;0;0;0;;;;;
267448;8;12;2015;15:10;5468;RUA BAR ARATANHA;RUA ANTONIO POMPEU;;;;Colisão Lateral;Luz do Dia;;;Cruz;Semáforo;Residencial;0;0;2;1;0;0;1;0;0;0;0;0;-38,527351;-3,735826;;;
267443;8;12;2015;08:30;7949;RUA OSVALDO CRUZ (ALDEOTA);RUA ISAC AMARAL;;;;Colisão Transversal;Luz do Dia;;;Cruz;Pare;Comercial;0;0;2;1;0;0;0;0;0;0;0;0;-38,505756;-3,752487;;;
267444;8;12;2015;15:30;5099;AV TRISTAO GONCALVES;RUA SEN ALENCAR;;;;Colisão Transversal;Luz do Dia;;;Cruz;Pare;Comercial;0;1;1;0;0;0;0;0;0;1;0;0;-38,532122;-3,723524;;;
267441;8;12;2015;06:40;0;RUA DELMIRO FARIAS;;;735;;Colisão Lateral;Luz do Dia;;;Meio de Quadra;;;0;2;1;0;0;0;1;0;0;1;0;0;-38,545949;-3,751704;;;
267438;8;12;2015;16:30;0;AV FRANCISCO SA;;;;;Colisão Lateral;Luz do Dia;;;Meio de Quadra;;;0;0;2;1;0;0;0;0;0;1;0;0;;;;;
267473;8;12;2015;08:30;15292;AV ANTONIO JUSTA;RUA FRE MANSUETO;;;;Colisão Lateral;Luz do Dia;;;Cruz;Pare;Residencial;0;0;2;1;0;0;0;0;0;0;0;0;-38,488950;-3,729381;;;
267474;8;12;2015;19:30;0;AV HEROIS DO ACRE;;;;;Colisão Lateral;;;;Meio de Quadra;;;0;0;2;1;1;0;0;0;0;0;0;0;;;;;
267475;8;12;2015;08:05;0;AV AGUANAMBI;;;3158;;Colisão Lateral;Luz do Dia;;;Meio de Quadra;;;0;0;2;1;1;0;0;0;0;0;0;0;;;;;
267490;8;12;2015;14:00;16039;AV PRS COSTA E SILVA;RUA CEL TIBURCIO;;;;Colisão Traseira;Luz do Dia;;;Cruz;Semáforo;Outros;0;4;2;0;1;0;0;0;0;0;0;0;-38,573703;-3,812167;;;
267471;8;12;2015;08:00;0;AV LUCIANO CARNEIRO;;;2270;;Engavetamento;Luz do Dia;;;Meio de Quadra;;;0;0;3;1;0;0;0;0;0;0;0;0;-38,537644;-3,768035;;;
267450;8;12;2015;10:30;0;RUA BENI DE CARVALHO;;;216;;Colisão Traseira;Luz do Dia;;;Meio de Quadra;;;0;0;2;1;0;0;0;0;0;0;0;0;-38,498553;-3,744858;;;
267466;8;12;2015;06:30;5711;AV OLIVEIRA PAIVA;RUA CHICO LEMOS;;;;Colisão Traseira;Luz do Dia;;;Cruz;Semáforo;Comercial;0;0;2;1;0;0;0;0;0;0;0;0;-38,497091;-3,795857;;;
267467;8;12;2015;13:00;11657;AV C CJ CEARA;AV E CJ CEARA;;;;Colisão Transversal;Luz do Dia;;;Cruz;Não Há Controle;Residencial;0;2;2;1;0;0;0;0;0;1;0;0;;;;;
267468;8;12;2015;07:30;0;RUA AQUILES BORIS;;;12;;Engavetamento;Luz do Dia;;;Meio de Quadra;;;0;0;3;1;0;0;0;0;0;0;0;0;-38,547532;-3,768645;;;
267461;8;12;2015;08:10;13420;RUA BAR ARACATI;RUA JOAQUIM TORRES;;;;Colisão Transversal;Luz do Dia;;;Cruz;Pare;Comercial;0;1;1;1;0;0;0;0;0;1;0;0;-38,515085;-3,742151;;;
267462;8;12;2015;14:00;7717;AV JOAO PESSOA;RUA PACAEMBU;;;;Colisão Lateral;Luz do Dia;;;T;Pare;Comercial;0;1;1;1;0;0;0;0;0;1;0;0;-38,559014;-3,765308;;;
267463;8;12;2015;08:10;0;AV PRO JOSE ARTHUR CARVALHO;;;2220;;Colisão Lateral;Luz do Dia;;;Meio de Quadra;;;0;2;0;0;0;0;0;0;0;1;0;0;-38,459305;-3,824528;;;
267456;8;12;2015;08:50;17330;RUA BAR SOBRAL;VL GENEZARE;;;;Colisão Lateral;Luz do Dia;;;Com Via Férrea;Outros;Residencial;0;0;2;1;0;0;1;0;0;0;0;0;-38,558024;-3,764882;;;
267457;8;12;2015;11:10;0;AV DR SILAS MUNGUBA;;;;;Colisão Lateral;Luz do Dia;;;Meio de Quadra;;;0;0;2;1;0;0;1;0;0;0;0;0;;;;;