COD_ACIDENTE;DIA;MES;ANO;HORA;INTERSECAO;LOG1;LOG2;LOG3;NUMERO;REFERENCIA;NATUREZA;ILUMINACAO;TEMPO;SUPERFICIEPISTA;TIPOCRUZAMENTO;CONTROLETRAFEGO;USOSOLO;MORTOS;FERIDOS;ILESOS;AUTOMOVEL;ONIBUS;BICICLETA;CAMINHAO;MICROONIBUS;CICLOMOTOR;MOTOCICLETA;TRACAOANIMAL;TREM;LONG;LAT;;;
267458;8;12;2015;15:00;1716;AV GOV RAUL BARBOSA;AV GAL MURILO BORGES;;;;Colisão Traseira;Luz do Dia;;;Cruz;Semáforo;Residencial;0;0;2;1;0;0;1;0;0;0;0;0;-38,508802;-3,763977;;;
267459;8;12;2015;09:30;5191;AV DOM MANUEL;RUA PEREIRA FILGUEIRAS;;;;Colisão Lateral;Luz do Dia;;;Cruz;Semáforo;Comercial;0;0;2;1;1;0;0;0;0;0;0;0;-38,520338;-3,725943;;;
267510;8;12;2015;19:00;5415;RUA GAL CLARINDO DE QUEIROZ;RUA FLORIANO PEIXOTO;;;;Colisão Transversal;;;;Cruz;Pare;Comercial;0;1;2;1;0;0;0;0;0;1;0;0;-38,529027;-3,733049;;;
267500;8;12;2015;18:30;1282;AV BAR STUDART;AV SANTOS DUMONT;;;;Atropelamento;Anoitecer;;;Cruz;Semáforo;Comercial;0;1;1;0;0;0;0;0;0;0;0;0;-38,506304;-3,733642;;;
267502;8;12;2015;12:30;0;AV PRO GOMES DE MATOS;;;1666;;Colisão Traseira;Luz do Dia;;;Meio de Quadra;;;0;0;3;1;0;0;1;0;0;0;0;0;-38,549894;-3,766147;;;
267507;8;12;2015;13:00;0;RUA AFRODISIO GONDIM;;;;;Colisão Transversal;Luz do Dia;;;Meio de Quadra;;;0;1;1;0;0;0;0;0;0;1;0;0;;;;;
267521;9;12;2015;10:30;1285;AV DOM LUIS;RUA VIS MAUA;;;;Colisão Transversal;Luz do Dia;;;Cruz;Pare;Comercial;0;1;1;1;0;0;0;0;0;1;0;0;-38,498390;-3,732923;;;
267536;9;12;2015;08:40;0;AV DOM LUIS;;;1040;;Colisão Transversal;Luz do Dia;;;Meio de Quadra;;;0;1;1;1;0;0;0;0;0;1;0;0;-38,491844;-3,735039;;;
267554;9;12;2015;20:25;84;RUA PDE PERDIGAO SAMPAIO;AV MR HULL;;;;Colisão Traseira;;;;;;;0;0;2;1;1;0;0;0;0;0;0;0;-38,594635;-3,740113;;;
267541;9;12;2015;;0;AV ENG ALBERTO SA;;;714;;Colisão Transversal;;;;Meio de Quadra;;;0;0;2;1;0;0;0;0;0;0;0;0;-38,474598;-3,734917;;;
267546;9;12;2015;15:00;0;AV SANTOS DUMONT;;;2750;;Colisão Lateral;Luz do Dia;;;Meio de Quadra;;;0;0;2;1;1;0;0;0;0;0;0;0;-38,500238;-3,735628;;;
267544;9;12;2015;20:30;0;AV AGUANAMBI;;;358;;Colisão Traseira;;;;Meio de Quadra;;;0;1;2;1;0;0;0;0;0;1;0;0;-38,524995;-3,740220;;;
267663;9;12;2015;09:10;17424;RUA TRES MARIAS D39 (MONTESE);RUA ANTONIO FIUZA;;;;Colisão Traseira;Luz do Dia;;;Cruz;Semáforo;Comercial;0;0;2;1;0;0;0;0;0;0;0;0;-38,551577;-3,768452;;;
267671;9;12;2015;13:50;0;AV DOM LUIS;;;600;;Colisão Lateral;Luz do Dia;;;Meio de Quadra;;;0;0;2;1;0;0;0;0;0;0;0;0;-38,496317;-3,733589;;;
267666;9;12;2015;09:20;0;AV FRANCISCO SA;;;7630;;Colisão Traseira;Luz do Dia;;;Meio de Quadra;;;0;1;1;1;0;0;0;0;0;1;0;0;-38,586168;-3,706312;;;
267650;9;12;2015;12:00;0;AV DOMINGOS OLIMPIO;;;1021;;Colisão Lateral;Luz do Dia;;;Meio de Quadra;;;0;0;2;1;0;0;0;0;0;0;0;0;-38,532741;-3,736095;;;
267659;9;12;2015;18:00;20042;AV PRS JUSCELINO KUBITSCHEK (PASSARÉ);AV DEP PAULINO ROCHA;;;;Colisão Lateral;Anoitecer;;;;;;0;0;2;1;0;0;0;0;0;1;0;0;-38,524782;-3,807229;;;
267660;9;12;2015;18:20;1325;AV SANTOS DUMONT;RUA JOAQUIM NABUCO;;;;Atropelamento;Anoitecer;;;Cruz;Semáforo;Comercial;0;1;1;1;0;0;0;0;0;0;0;0;-38,501285;-3,735295;;;
267640;9;12;2015;07:00;5436;RUA JAIME BENEVOLO;RUA GAL CLARINDO DE QUEIROZ;;;;Colisão Transversal;Luz do Dia;;;Cruz;Pare;Comercial;0;1;1;1;0;0;0;0;0;1;0;0;-38,526017;-3,734060;;;
267634;9;12;2015;08:10;0;AV HIS RAIMUNDO GIRAO;;;1680;;Atropelamento;Luz do Dia;;;Meio de Quadra;;;0;2;1;0;0;0;0;0;0;1;0;0;;;;;
267628;9;12;2015;09:45;18303;AV ALM BARROSO;RUA ITAPIPOCA;;;;Colisão Lateral;Luz do Dia;;;T;Não Há Controle;Comercial;0;1;1;0;0;0;0;0;0;1;0;0;-38,516762;-3,720403;;;
267609;9;12;2015;15:35;12459;AV SEN FERNANDES TAVORA;RUA MOZART FIRMEZA;;;;Colisão Lateral;Luz do Dia;;;;;;0;1;1;1;0;0;0;0;0;1;0;0;;;;;
267610;9;12;2015;11:20;5080;RUA GUILHERME ROCHA;AV FILOMENO GOMES;;;;Colisão Lateral;Luz do Dia;;;Cruz;Pare;Comercial;0;0;2;1;1;0;0;0;0;0;0;0;-38,541044;-3,722742;;;
267611;9;12;2015;07:30;0;AV DR SILAS MUNGUBA;;;2800;;Colisão Traseira;Luz do Dia;;;Meio de Quadra;;;0;1;1;0;0;0;0;0;0;1;0;0;-38,548557;-3,787232;;;
267612;9;12;2015;20:00;23009;RUA BRUNO VALENTE;RUA ANITA GARIBALDI;;;;Colisão Transversal;;;;Cruz;Pare;Residencial;0;1;1;1;0;0;0;0;0;1;0;0;-38,539228;-3,788221;;;
267613;9;12;2015;09:15;4007;RUA ALBERTO MAGNO;RUA DES PRAXEDES;;;;Colisão Lateral;Luz do Dia;;;Cruz;Semáforo;Comercial;0;1;1;1;0;0;0;0;0;1;0;0;-38,546795;-3,761230;;;
267603;9;12;2015;13:30;0;RUA VERBENA;;;713;;Colisão Traseira;Luz do Dia;;;Meio de Quadra;;;0;1;1;0;0;0;1;0;0;0;0;0;-38,589385;-3,783319;;;
267587;9;12;2015;07:20;0;RUA DOM QUINTINO;;;83;;Colisão Lateral;Luz do Dia;;;Meio de Quadra;;;0;0;2;1;0;0;1;0;0;0;0;0;-38,546655;-3,713629;;;
267590;9;12;2015;09:30;0;RUA CAP NESTOR GOIS;;;717;;Choque c/ Obstáculo Fixo;Luz do Dia;;;Meio de Quadra;;;0;0;5;0;0;0;1;0;0;1;0;0;-38,560601;-3,725943;;;
267705;9;12;2015;10:00;0;AV DEP PAULINO ROCHA;;;;;Colisão Lateral;Luz do Dia;;;Meio de Quadra;;;0;0;2;1;0;0;1;0;0;0;0;0;;;;;
267707;9;12;2015;20:30;0;AV JOSE BASTOS;;;2830;;Colisão Lateral;;;;Meio de Quadra;;;0;0;2;1;0;0;0;0;0;1;0;0;-38,545937;-3,745517;;;
267688;9;12;2015;08:00;26142;AV ODILON GUIMARAES;TR PEDRO LOPES (D64);;;;Colisão Lateral;Luz do Dia;;;;;;0;0;2;1;0;0;0;0;0;1;0;0;;;;;
267683;9;12;2015;13:00;11932;AV PRS COSTA E SILVA;AV CASTELO DE CASTRO;;;;Colisão Traseira;Luz do Dia;;;Cruz;Semáforo;Misto;0;1;1;1;0;0;0;0;0;1;0;0;-38,521435;-3,829012;;;
267673;9;12;2015;15:00;0;RUA PDE VALDEVINO;;;1860;;Colisão Traseira;Luz do Dia;;;Meio de Quadra;;;0;0;2;1;0;0;0;0;0;0;0;0;-38,507772;-3,741982;;;
267675;9;12;2015;08:40;5246;RUA PEREIRA FILGUEIRAS;RUA GONCALVES LEDO;;;;Colisão Transversal;Luz do Dia;;;Cruz;Pare;Comercial;0;0;2;1;0;0;0;0;0;0;0;0;-38,515004;-3,727667;;;
267676;9;12;2015;18:30;0;AV JOAO PESSOA;;;6943;;Colisão Transversal;Anoitecer;;;Meio de Quadra;;;0;0;2;1;0;0;0;0;0;0;0;0;-38,561064;-3,770280;;;
267677;9;12;2015;10:30;25888;AV JOAO PESSOA;RUA 15 DE NOVEMBRO;;;;Colisão Traseira;Luz do Dia;;;T;Não Há Controle;Comercial;0;0;2;0;1;0;0;0;0;0;0;0;-38,559885;-3,767432;;;
267678;9;12;2015;10:00;24990;AV PRS COSTA E SILVA;AV PRS JUSCELINO KUBITSCHEK (PASSARÉ);;;;Colisão Traseira;Luz do Dia;;;T;Semáforo;Residencial;0;0;2;1;0;0;0;0;0;0;0;0;-38,539516;-3,825648;;;
267709;9;12;2015;21:45;5076;RUA DR JOAO MOREIRA;RUA SEN POMPEU;;;;Colisão Traseira;;;;Cruz;Semáforo Intermitente;Comercial;0;0;2;0;0;0;0;0;0;0;0;0;-38,528275;-3,722400;;;
267231;9;12;2015;20:00;0;AV GAL OSORIO DE PAIVA;;;7475;;Colisão Traseira;;;;Meio de Quadra;;;0;1;1;1;0;0;0;0;0;0;0;0;-38,614329;-3,817371;;;
270846;9;12;2015;13:41;0;AV CEL CARVALHO;;;210;TERMINAL ANTONIO BEZERRA;Engavetamento;Luz do Dia;;;Meio de Quadra;;;0;1;2;1;0;0;0;0;0;0;0;0;-38,591232;-3,704697;;;
270952;9;12;2015;01:24;0;AV JOSE BASTOS;;;;;Queda;;;;Meio de Quadra;;;0;1;0;0;0;0;0;0;0;1;0;0;-38,545937;-3,745517;;;
270953;9;12;2015;07:22;0;AV GAL OSORIO DE PAIVA;;;;;Colisão;Luz do Dia;;;Meio de Quadra;;;0;1;1;1;0;0;0;0;0;1;0;0;-38,611970;-3,814927;;;
270956;9;12;2015;07:23;0;AV AUGUSTO DOS ANJOS;;;;;Atropelamento;Luz do Dia;;;Meio de Quadra;;;0;1;1;0;0;0;0;0;0;1;0;0;-38,571264;-3,771423;;;
271003;9;12;2015;09:04;0;RUA RAIMUNDO BIZARRIA;;;;;Colisão;Luz do Dia;;;Meio de Quadra;;;0;1;1;1;0;0;0;0;0;1;0;0;-38,580365;-3,728772;;;
270987;9;12;2015;07:31;6744;RUA BENTO ALBUQUERQUE;RUA BATISTA DE OLIVEIRA;;;;Atropelamento;Luz do Dia;;;Cruz;Semáforo;Residencial;0;1;1;1;0;0;0;0;0;0;0;0;-38,481027;-3,744448;;;
270999;9;12;2015;08:41;0;RUA PEDRO DANTAS;;;;;Atropelamento de Animal;Luz do Dia;;;Meio de Quadra;;;0;1;0;0;0;0;0;0;0;1;0;0;-38,520633;-3,786142;;;
271084;9;12;2015;21:50;0;RUA VASCO DE ATAIDE;;;;;Colisão;;;;Meio de Quadra;;;0;1;0;0;0;0;0;0;0;0;0;0;-38,486060;-3,824139;;;
271085;9;12;2015;22:49;0;AV ANTONIO SALES;;;;;;;;;Meio de Quadra;;;0;1;0;0;0;0;0;0;0;1;0;0;-38,505472;-3,744498;;;
271061;9;12;2015;21:37;0;AV ALM BARROSO;;;;;Colisão;;;;Meio de Quadra;;;0;1;1;1;0;0;0;0;0;1;0;0;-38,516680;-3,720393;;;
271058;9;12;2015;20:33;0;AV WASHINGTON SOARES;;;;;Queda;;;;Meio de Quadra;;;0;1;0;0;0;0;0;0;0;1;0;0;;;;;
271056;9;12;2015;20:04;1378;RUA DES LEITE ALBUQUERQUE;RUA OSVALDO CRUZ (ALDEOTA);;;;Colisão;;;;Cruz;Pare;Comercial;0;1;0;0;0;0;0;0;0;0;0;0;-38,500640;-3,736598;;;
271054;9;12;2015;18:49;17573;RUA MARANHAO;RUA ESTADO DO RIO;;;;Colisão;;;;;;;0;1;0;0;0;0;0;0;0;1;0;0;-38,568106;-3,754149;;;
271029;9;12;2015;11:28;0;RUA FRE JOSE MARIA;;;;;Colisão;Luz do Dia;;;Meio de Quadra;;;0;1;0;0;0;0;0;0;0;1;0;0;;;;;
271032;9;12;2015;17:06;0;RUA CEL MATOS DOURADO;;;;;Colisão;Anoitecer;;;Meio de Quadra;;;0;1;1;1;0;0;0;0;0;1;0;0;-38,585109;-3,742719;;;
271034;9;12;2015;17:13;0;AV WASHINGTON SOARES;;;;;Colisão;Anoitecer;;;Meio de Quadra;;;0;1;1;1;0;0;0;0;0;1;0;0;;;;;
271024;9;12;2015;10:57;0;AV SGT HERMINIO SAMPAIO;;;;;Colisão;Luz do Dia;;;Meio de Quadra;;;0;1;1;1;0;0;0;0;0;1;0;0;;;;;
271022;9;12;2015;10:31;0;RUA VALPARAISO;;;;;Colisão;Luz do Dia;;;Meio de Quadra;;;0;1;1;1;0;0;0;0;0;1;0;0;;;;;
271018;9;12;2015;09:31;0;AV PRS CASTELO BRANCO;;;;;Colisão;Luz do Dia;;;Meio de Quadra;;;0;1;1;1;0;0;0;0;0;1;0;0;-38,574445;-3,706187;;;
271019;9;12;2015;10:08;0;RUA MON SALAZAR;;;;;Colisão;Luz do Dia;;;Meio de Quadra;;;0;1;1;1;0;0;0;0;0;1;0;0;-38,511242;-3,755860;;;
272633;9;12;2015;07:13;17748;RUA 107 CJ TUPAN MIRIM;RUA 110 CJ TUPAN MIRIM;;;;Colisão;Luz do Dia;;;;;;0;0;2;0;0;0;0;0;0;0;0;0;-38,546299;-3,802247;;;
272658;9;12;2015;15:57;0;RUA GAL ALIPIO DOS SANTOS;;;;;Colisão;Luz do Dia;;;Meio de Quadra;;;0;0;2;0;0;0;0;0;0;0;0;0;;;;;
272659;9;12;2015;16:12;0;RUA PRO RAIMUNDO ARRUDA;;;;;Colisão;Luz do Dia;;;Meio de Quadra;;;0;0;2;0;0;0;0;0;0;0;0;0;;;;;
272662;9;12;2015;16:40;0;RUA MOZART FIRMEZA;;;;;Colisão;Luz do Dia;;;Meio de Quadra;;;0;0;2;0;0;0;0;0;0;0;0;0;;;;;
272663;9;12;2015;18:06;0;AV CONTORNO LESTE;;;;;Colisão;Anoitecer;;;Meio de Quadra;;;0;0;2;0;0;0;0;0;0;0;0;0;;;;;
272664;9;12;2015;18:12;3957;RUA RAUL UCHOA;RUA EUZEBIO DE QUEIROS;;;;Atropelamento;Anoitecer;;;Cruz;Pare;Residencial;0;0;2;0;0;0;0;0;0;0;0;0;-38,547203;-3,759086;;;
272642;9;12;2015;11:04;0;RUA VALPARAISO;;;;;Colisão;Luz do Dia;;;Meio de Quadra;;;0;0;2;0;0;0;0;0;0;0;0;0;;;;;
272643;9;12;2015;11:05;0;AV GAL OSORIO DE PAIVA;;;;;Colisão;Luz do Dia;;;Meio de Quadra;;;0;0;2;0;0;0;0;0;0;0;0;0;;;;;
272644;9;12;2015;11:34;25102;AV FRANCISCO SA;AV FILOMENO GOMES;;;;Colisão;Luz do Dia;;;Cruz;Semáforo;Comercial;0;0;2;0;0;0;0;0;0;0;0;0;-38,541044;-3,722742;;;
272637;9;12;2015;09:45;0;RUA MONTE LIBANO;;;;;Colisão;Luz do Dia;;;Meio de Quadra;;;0;0;2;0;0;0;0;0;0;0;0;0;;;;;
272638;9;12;2015;10:28;23401;RUA FIS VIEIRA;RUA CAP TIBURCIO DA FROTA;;;;Colisão;Luz do Dia;;;Cruz;Pare;Residencial;0;0;2;0;0;0;0;0;0;0;0;0;-38,515629;-3,755115;;;
272639;9;12;2015;10:54;0;RUA WALDIR DIOGO;;;;;Colisão;Luz do Dia;;;Meio de Quadra;;;0;0;2;0;0;0;0;0;0;0;0;0;;;;;
272651;9;12;2015;13:16;0;AV BENJAMIM BRASIL;;;;;Colisão;Luz do Dia;;;Meio de Quadra;;;0;0;2;0;0;0;0;0;0;0;0;0;;;;;
272653;9;12;2015;15:24;25345;RUA PORTO VELHO;RUA VITORIA (AV. PERIMETRAL);;;;Colisão;Luz do Dia;;;Cruz;Semáforo;Residencial;0;0;2;0;0;0;0;0;0;0;0;0;-38,588528;-3,765170;;;
272655;9;12;2015;15:41;0;AV SEN FERNANDES TAVORA;;;;;Colisão;Luz do Dia;;;Meio de Quadra;;;0;0;2;0;0;0;0;0;0;0;0;0;;;;;
272635;9;12;2015;07:55;4842;RUA CON DE CASTRO;RUA CORACAO DE MARIA;;;;Colisão;Luz do Dia;;;Cruz;Pare;Residencial;0;0;2;0;0;0;0;0;0;0;0;0;-38,596258;-3,810035;;;
272646;9;12;2015;11:51;18513;RUA MEXICO;RUA FRE JOSE MARIA;;;;Colisão;Luz do Dia;;;Cruz;Pare;Residencial;0;0;2;0;0;0;0;0;0;0;0;0;-38,575070;-3,735020;;;
272647;9;12;2015;12:18;0;LOGRADOURO SEM NOME;;;;;Colisão;Luz do Dia;;;Meio de Quadra;;;0;0;2;0;0;0;0;0;0;0;0;0;;;;;
272648;9;12;2015;12:57;0;AV CEL CARVALHO;;;;;Colisão;Luz do Dia;;;Meio de Quadra;;;0;0;2;0;0;0;0;0;0;0;0;0;;;;;
271349;9;12;2015;08:00;0;AV SEN CARLOS JEREISSATI (AEROPORTO);;;;KM 02;Colisão;Luz do Dia;;Seca;Meio de Quadra;;;0;0;2;1;0;0;0;0;0;0;0;0;-38,529156;-3,783932;;;
259440;9;12;2015;07:20;0;RD BR 222;;;;KM-02;Colisão Traseira;Luz do Dia;Bom;Seca;Meio de Quadra;Não Há Controle;Comercial;0;0;3;1;1;0;0;0;0;0;0;0;-38,586880;-3,738951;;;
271369;10;12;2015;15:50;0;RD CE-060;;;;KM-02;Colisão;Luz do Dia;;Seca;Meio de Quadra;;;0;0;2;1;0;0;0;0;0;0;0;0;-38,580009;-3,828028;;;
271362;10;12;2015;09:05;0;AV MIN JOSE AMERICO;;;;;Colisão;Luz do Dia;;Seca;Meio de Quadra;;;0;0;2;1;0;0;0;0;0;0;0;0;;;;;
272666;10;12;2015;08:12;0;AV SEN FERNANDES TAVORA;;;;;Colisão;Luz do Dia;;;Meio de Quadra;;;0;0;2;0;0;0;0;0;0;0;0;0;;;;;
272668;10;12;2015;08:13;0;RUA DES OTACILIO PEIXOTO;;;;;Colisão;Luz do Dia;;;Meio de Quadra;;;0;0;2;0;0;0;0;0;0;0;0;0;;;;;
272683;10;12;2015;09:40;9559;RUA BARRA VERMELHA;RUA TEODORO DE CASTRO;;;;Colisão;Luz do Dia;;;Cruz;Pare;Comercial;0;0;2;0;0;0;0;0;0;0;0;0;-38,612011;-3,777820;;;
272670;10;12;2015;08:42;0;RUA BAR CRATO;;;;;Colisão;Luz do Dia;;;Meio de Quadra;;;0;0;2;0;0;0;0;0;0;0;0;0;;;;;
272685;10;12;2015;11:04;1321;RUA MARCOS MACEDO;RUA VICENTE LEITE;;;;Colisão;Luz do Dia;;;Cruz;Pare;Comercial;0;0;2;0;0;0;0;0;0;0;0;0;-38,494787;-3,735201;;;
272691;10;12;2015;11:21;0;AV BEZERRA DE MENEZES;;;;;Atropelamento;Luz do Dia;;;Meio de Quadra;;;0;0;2;0;0;0;0;0;0;0;0;0;;;;;
272689;10;12;2015;11:12;0;AV PERIMETRAL;;;;;Colisão;Luz do Dia;;;Meio de Quadra;;;0;0;2;0;0;0;0;0;0;0;0;0;;;;;
272706;10;12;2015;16:11;0;AV MOZART PINHEIRO DE LUCENA;;;;;Colisão;Luz do Dia;;;Meio de Quadra;;;0;0;2;0;0;0;0;0;0;0;0;0;;;;;
272708;10;12;2015;21:38;0;RUA BOM JESUS (GRANJA LISBOA);;;1518;;Colisão;;;;Meio de Quadra;;;0;0;2;0;0;0;0;0;0;0;0;0;-38,605213;-3,793104;;;
272710;10;12;2015;21:42;23376;RUA EDUARDO BEZERRA;RUA BARROS LEAL;;;;Choque c/ Obstáculo Fixo;;;;;;;0;0;2;0;0;0;0;0;0;0;0;0;-38,519178;-3,754385;;;
272711;10;12;2015;22:13;1603;RUA VICENTE LINHARES;RUA PRO DIAS DA ROCHA;;;;Colisão;;;;Cruz;Pare;Rural;0;0;2;0;0;0;0;0;0;0;0;0;-38,494402;-3,744049;;;
272699;10;12;2015;15:13;10774;AV SEN FERNANDES TAVORA;RUA ANTONIO IVO;;;;Colisão;Luz do Dia;;;Cruz;Não Há Controle;Residencial;0;0;2;0;0;0;0;0;0;0;0;0;-38,582305;-3,762109;;;
272702;10;12;2015;15:15;0;AV ANTONIO SALES;;;;;Atropelamento;Luz do Dia;;;Meio de Quadra;;;0;0;2;0;0;0;0;0;0;0;0;0;;;;;
272703;10;12;2015;15:34;0;RUA FELIPE NERY;;;;;Colisão;Luz do Dia;;;Meio de Quadra;;;0;0;2;0;0;0;0;0;0;0;0;0;;;;;
272704;10;12;2015;15:41;19074;RUA SOLON ONOFRE;RUA TARCISIO BONFIM;;;;Colisão;Luz do Dia;;;Cruz;Não Há Controle;Residencial;0;0;2;0;0;0;0;0;0;0;0;0;-38,474293;-3,737153;;;
272696;10;12;2015;11:24;0;RUA INACIO PARENTE;;;;;Colisão;Luz do Dia;;;Meio de Quadra;;;0;0;2;0;0;0;0;0;0;0;0;0;;;;;
271086;10;12;2015;06:56;0;RD BR 116;;;2000;KM-02;Colisão;Luz do Dia;;;Meio de Quadra;;;0;1;1;1;0;0;0;0;0;1;0;0;-38,516780;-3,771391;;;
271087;10;12;2015;07:20;0;RUA JORGE DUMAR;;;;;Colisão;Luz do Dia;;;Meio de Quadra;;;0;0;1;0;0;0;0;0;0;0;0;0;;;;;
271088;10;12;2015;07:34;0;RUA MANUEL SATIRO;;;;;Queda;Luz do Dia;;;Meio de Quadra;;;0;1;0;0;0;0;0;0;0;1;0;0;-38,575115;-3,798485;;;
271097;10;12;2015;09:57;0;RUA LUIZA MIRANDA COELHO;;;;;Colisão;Luz do Dia;;;Meio de Quadra;;;0;1;1;1;0;0;0;0;0;1;0;0;-38,486530;-3,775148;;;
271091;10;12;2015;08:58;0;RUA AUDISIO PINHEIRO;;;;;Colisão;Luz do Dia;;;Meio de Quadra;;;0;1;1;1;0;0;0;0;0;1;0;0;-38,591941;-3,764474;;;
271116;10;12;2015;12:30;11152;RUA MANUEL TEOFILO;RUA PRIMEIRO DE JANEIRO;;;;Colisão;Luz do Dia;;;;;;0;1;1;1;0;0;0;0;0;1;0;0;-38,562589;-3,785890;;;
271130;10;12;2015;19:16;638;RUA ANA FACO;RUA ENG JOAO NOGUEIRA;;;;Colisão;;;;Cruz;Pare;Residencial;0;1;1;1;0;0;0;0;0;1;0;0;-38,562996;-3,713608;;;
271127;10;12;2015;18:24;12431;RUA MARIO DA SILVEIRA;RUA RIO GRANDE DO SUL;;;;Colisão;Anoitecer;;;Cruz;Pare;Comercial;0;1;1;1;0;0;0;0;0;1;0;0;-38,571640;-3,765984;;;
271128;10;12;2015;18:53;0;RUA CEL MATOS DOURADO;;;;;Queda;;;;Meio de Quadra;;;0;1;0;0;0;0;0;0;0;1;0;0;-38,584869;-3,745012;;;
271123;10;12;2015;17:38;0;AV ZEZE DIOGO;;;;;Colisão;Anoitecer;;;Meio de Quadra;;;0;1;1;1;0;0;0;0;0;1;0;0;;;;;
271124;10;12;2015;18:15;0;RUA PIAULINO;;;;;Colisão;Anoitecer;;;Meio de Quadra;;;0;1;1;1;0;0;0;0;0;1;0;0;;;;;
271118;10;12;2015;14:47;0;RUA ARTUR DE CARVALHO;;;;;Colisão;Luz do Dia;;;Meio de Quadra;;;0;1;1;1;0;0;0;0;0;1;0;0;-38,534657;-3,760848;;;
271119;10;12;2015;15:02;0;AV ANTONIO SALES;;;;;Colisão;Luz do Dia;;;Meio de Quadra;;;0;1;0;0;0;0;0;0;0;0;0;0;-38,519314;-3,740182;;;
271120;10;12;2015;17:20;0;AV MAJ ASSIS;;;;;Atropelamento;Anoitecer;;;Meio de Quadra;;;0;1;1;1;0;0;0;0;0;0;0;0;-38,600510;-3,720567;;;
271095;10;12;2015;09:56;0;RUA DUARTE PIMENTEL;;;;;Queda;Luz do Dia;;;Meio de Quadra;;;0;1;0;0;0;0;0;0;0;1;0;0;-38,542347;-3,781304;;;
271100;10;12;2015;10:39;0;RUA MOURA MATOS;;;;;Colisão;Luz do Dia;;;Meio de Quadra;;;0;1;0;0;0;0;0;0;0;1;0;0;-38,540055;-3,815524;;;
271101;10;12;2015;12:12;0;RUA EMILIA GONCALVES;;;;;Colisão;Luz do Dia;;;Meio de Quadra;;;0;1;1;1;0;0;0;0;0;1;0;0;-38,595531;-3,726767;;;
267856;10;12;2015;17:30;21345;RUA JOSE SOMBRA;RUA DOM MANUEL DE MEDEIROS;;;;Colisão Transversal;Anoitecer;;;Cruz;Pare;Residencial;0;0;2;1;0;0;0;0;0;0;0;0;-38,546780;-3,735546;;;
267862;10;12;2015;21:00;0;AV BORGES DE MELO;;;;;Colisão Lateral;;;;Meio de Quadra;;;0;0;2;1;0;0;0;0;0;0;0;0;;;;;
267867;10;12;2015;11:00;22880;RUA INACIO PARENTE;RUA ANTONIO BENTO;;;;Colisão Transversal;Luz do Dia;;;;;;0;0;2;1;1;0;0;0;0;0;0;0;-38,547189;-3,780889;;;
267896;10;12;2015;15:50;1566;RUA PDE VALDEVINO;RUA SILVA PAULET;;;;Colisão Transversal;Luz do Dia;;;Cruz;Pare;Comercial;0;0;2;1;0;0;0;0;0;0;0;0;-38,507851;-3,741957;;;
267891;10;12;2015;13:40;10957;RUA ALM RUBIM;RUA VILA LOBOS;;;;Colisão Lateral;Luz do Dia;;;T;Pare;Residencial;0;0;2;1;0;0;0;0;0;0;0;0;-38,557081;-3,772137;;;
267893;10;12;2015;18:20;0;RUA PAULO MENDES;;;155;;Colisão Traseira;Anoitecer;;;Meio de Quadra;;;0;1;1;1;0;0;0;0;0;1;0;0;;;;;
267894;10;12;2015;14:30;25154;RUA VICENTE LEITE;RUA BENI DE CARVALHO;;;;Colisão Lateral;Luz do Dia;;;Cruz;Pare;Residencial;0;1;1;1;0;0;0;0;0;1;0;0;-38,497966;-3,745037;;;
267911;10;12;2015;09:00;1428;RUA MON CATAO;RUA MARIA TOMASIA;;;;Colisão Transversal;Luz do Dia;;;Cruz;Pare;Residencial;0;1;1;1;0;0;0;0;0;1;0;0;-38,490242;-3,737741;;;
267912;10;12;2015;19:00;0;AV DOM LUIS;;;502;PRACA PORTUGAL;Colisão Lateral;;;;Meio de Quadra;;;0;0;2;1;1;0;0;0;0;0;0;0;-38,497304;-3,733243;;;
267913;10;12;2015;11:40;0;RUA DR JUSTA ARAUJO D45;;;644;;Colisão Traseira;Luz do Dia;;;Meio de Quadra;;;0;0;2;1;0;0;0;0;0;0;0;0;-38,552128;-3,781392;;;
267883;10;12;2015;11:00;0;RUA MOURA MATOS;;;;;Colisão Lateral;Luz do Dia;;;Meio de Quadra;;;0;2;0;0;0;0;0;0;0;1;0;0;-38,538699;-3,816690;;;
267869;10;12;2015;12:50;0;AV DOM MANUEL;;;145;;Colisão Traseira;Luz do Dia;;;Meio de Quadra;;;0;0;3;1;0;0;0;0;0;0;0;0;-38,520198;-3,725502;;;
267918;10;12;2015;13:45;5357;RUA MAJ FACUNDO;RUA PEDRO I;;;;Colisão Lateral;Luz do Dia;;;Cruz;Pare;Comercial;0;0;2;1;0;0;0;0;0;0;0;0;-38,528990;-3,731113;;;
267915;10;12;2015;13:05;18804;RUA VALPARAISO;RUA CAMPINENSE;;;;Colisão Transversal;Luz do Dia;;;T;Não Há Controle;Comercial;0;1;1;1;0;0;0;0;0;1;0;0;-38,522355;-3,846155;;;
267916;10;12;2015;14:30;26244;AV PRO JOSE ARTHUR CARVALHO;RUA RAQUEL FLORENCIO;;;;Colisão Transversal;Luz do Dia;;;;;;0;1;1;0;0;0;0;0;0;1;0;0;-38,455233;-3,823682;;;
267710;10;12;2015;14:00;0;AV ALBERTO NEPOMUCENO;;;56;;Outros;Luz do Dia;;;Meio de Quadra;;;0;0;1;0;0;0;1;0;0;0;0;0;-38,523501;-3,721788;;;