COD_ACIDENTE;DIA;MES;ANO;HORA;INTERSECAO;LOG1;LOG2;LOG3;NUMERO;REFERENCIA;NATUREZA;ILUMINACAO;TEMPO;SUPERFICIEPISTA;TIPOCRUZAMENTO;CONTROLETRAFEGO;USOSOLO;MORTOS;FERIDOS;ILESOS;AUTOMOVEL;ONIBUS;BICICLETA;CAMINHAO;MICROONIBUS;CICLOMOTOR;MOTOCICLETA;TRACAOANIMAL;TREM;LONG;LAT;;;
267713;10;12;2015;00:05;20023;AV DR SILAS MUNGUBA;AV HEROIS DO ACRE;;;;Colisão Traseira;;;;Cruz;Semáforo;Comercial;0;3;0;1;0;0;0;0;0;0;0;0;-38,528540;-3,803079;;;
267717;10;12;2015;13:30;4189;AV PRS CASTELO BRANCO;RUA FRANCISCO CORDEIRO;;;;Colisão Lateral;Luz do Dia;;;Cruz;Pare;Comercial;0;1;1;1;0;0;0;0;0;1;0;0;-38,550593;-3,713113;;;
267732;10;12;2015;17:30;0;AV DOMINGOS OLIMPIO;;;;;Engavetamento;Anoitecer;;;Meio de Quadra;;;0;1;2;1;0;0;0;0;0;1;0;0;;;;;
267752;10;12;2015;17:30;5402;RUA VINTE E QUATRO DE MAIO;RUA METON DE ALENCAR;;;;Colisão Transversal;Anoitecer;;;Cruz;Pare;Escola;0;1;2;1;0;0;0;0;0;0;0;0;-38,533848;-3,732626;;;
267736;10;12;2015;19:10;6817;RUA FRANCISCO MATOS;RUA BENTO ALBUQUERQUE;;;;Colisão Transversal;;;;Cruz;Pare;Residencial;0;1;1;1;0;0;0;0;0;1;0;0;-38,470436;-3,747862;;;
267754;10;12;2015;08:00;0;RUA METON DE ALENCAR;;;;;Colisão Lateral Sentido Oposto;Luz do Dia;;;Meio de Quadra;;;0;0;2;1;0;0;0;0;0;0;0;0;;;;;
267825;10;12;2015;20:30;0;AV AUGUSTO DOS ANJOS;;;1140;;Colisão Lateral;;;;Meio de Quadra;;;0;1;1;1;0;0;0;0;0;1;0;0;-38,576448;-3,777069;;;
267822;10;12;2015;09:30;24968;AV ALM HENRIQUE SABOIA;RUA VILEBALDO AGUIAR;;;;Colisão Lateral;Luz do Dia;;;Cruz;Não Há Controle;Residencial;0;1;1;0;0;0;1;0;0;1;0;0;-38,487544;-3,740626;;;
267838;10;12;2015;18:00;3779;RUA ANTONIO POMPEU;RUA VINTE E QUATRO DE MAIO;;;;Colisão Transversal;Anoitecer;;;Cruz;Pare;Comercial;0;1;1;0;0;0;0;0;0;1;0;0;-38,534186;-3,733667;;;
267830;10;12;2015;19:30;0;AV GAL OSORIO DE PAIVA;;;3398;;Engavetamento;;;;Meio de Quadra;;;0;0;3;1;0;0;0;1;0;0;0;0;-38,588687;-3,790954;;;
267764;10;12;2015;17:40;0;AV ANTONIO SALES;;;;;Colisão Lateral;Anoitecer;;;Meio de Quadra;;;0;0;2;1;0;0;1;0;0;0;0;0;;;;;
267769;10;12;2015;20:00;0;RUA VALMIR PONTES;;;;;Colisão Lateral;;;;Meio de Quadra;;;0;1;2;1;0;0;0;0;0;1;0;0;;;;;
267766;10;12;2015;20:45;0;RUA DEP OSWALDO STUDART;;;848;RODOVIÁRIA;Colisão Lateral;;;;Meio de Quadra;;;0;0;2;1;0;0;0;0;0;0;0;0;-38,531072;-3,756879;;;
267775;10;12;2015;07:00;0;AV BORGES DE MELO;;;822;POLICIA FEDERAL;Colisão Lateral;Luz do Dia;;;Meio de Quadra;;;0;0;2;1;1;0;0;0;0;0;0;0;-38,526568;-3,760611;;;
267846;10;12;2015;09:30;0;AV OLAVO BILAC;;;;;Colisão Transversal;Luz do Dia;;;Meio de Quadra;;;0;0;2;1;0;0;0;0;0;1;0;0;;;;;
273549;10;12;2015;11:40;0;AV AGUANAMBI;;;;;Colisão Lateral;Luz do Dia;Bom;Seca;Meio de Quadra;Não Há Controle;Comercial;0;0;2;1;0;0;0;0;0;0;0;0;;;;;
267928;11;12;2015;18:00;15175;AV ABOLICAO;RUA NUNES VALENTE;;;;Colisão Traseira;Anoitecer;;;Cruz;Pare;Misto;0;0;2;1;0;0;0;0;0;0;0;0;-38,500384;-3,725750;;;
267929;11;12;2015;17:00;1490;RUA CEL JUCA;RUA DES LEITE ALBUQUERQUE;;;;Colisão Transversal;Anoitecer;;;Cruz;Pare;Misto;0;0;2;1;0;0;0;0;0;0;0;0;-38,491875;-3,739434;;;
267925;11;12;2015;18:30;0;AV PRS CASTELO BRANCO;;;2045;;Colisão Lateral;Anoitecer;;;Meio de Quadra;;;0;0;2;1;0;0;1;0;0;0;0;0;-38,546256;-3,714657;;;
267922;11;12;2015;18:45;0;AV NORTE;;;;;Colisão Lateral;;;;Meio de Quadra;;;0;0;2;1;0;0;0;0;0;0;0;0;;;;;
267947;11;12;2015;08:00;0;RUA JOSE VILAR;;;;;Colisão Transversal;Luz do Dia;;;Meio de Quadra;;;0;0;2;1;0;0;0;0;0;0;0;0;;;;;
267950;11;12;2015;10:45;0;AV GODOFREDO MACIEL;;;3973;;Colisão Lateral;Luz do Dia;;;Meio de Quadra;;;0;0;2;1;0;0;0;1;0;0;0;0;-38,574153;-3,810009;;;
267942;11;12;2015;15:30;0;RUA SOLON PINHEIRO;;;1275;;Engavetamento;Luz do Dia;;;Meio de Quadra;;;0;0;3;1;0;0;0;0;0;0;0;0;-38,530107;-3,741698;;;
267934;11;12;2015;15:00;17300;RUA ROMEU MARTINS;RUA ZACARIAS GONDIM;;;;Colisão Transversal;Luz do Dia;;;Cruz;Pare;Residencial;0;0;3;1;0;0;0;0;0;0;0;0;-38,556313;-3,763760;;;
267932;11;12;2015;17:40;0;AV PRS CASTELO BRANCO;;;3514;;Colisão Lateral;Anoitecer;;;Meio de Quadra;;;0;0;2;1;0;0;1;0;0;0;0;0;-38,562861;-3,710187;;;
267989;11;12;2015;18:20;9168;AV BORGES DE MELO;AV LUCIANO CARNEIRO;;;;Colisão Lateral;Anoitecer;;;Cruz;Semáforo;Residencial;0;0;2;1;0;0;0;0;0;0;0;0;-38,534097;-3,756465;;;
267985;11;12;2015;09:00;12614;AV CEL CARVALHO;RUA COS LAFAYETE;;;;Colisão Transversal;Luz do Dia;;;Cruz;Semáforo Intermitente;Comercial;0;0;2;1;0;0;0;0;0;0;0;0;-38,587938;-3,717512;;;
267986;11;12;2015;19:30;0;AV JOR THOMAZ COELHO;;;;;Engavetamento;;;;Meio de Quadra;;;0;0;3;1;0;0;0;0;0;0;0;0;;;;;
267972;11;12;2015;17:30;25943;RUA OTO DE ALENCAR;RUA PDE IBIAPINA;;;;Colisão Lateral;Anoitecer;;;;;;0;0;2;0;0;0;1;0;0;0;0;0;-38,540752;-3,724914;;;
267981;11;12;2015;23:00;9187;RUA PDE BARBOSA DE JESUS;RUA EUSEBIO DE SOUZA;;;;Colisão Transversal;;;;Cruz;Não Há Controle;Comercial;0;1;1;1;0;0;0;0;0;0;0;0;-38,529218;-3,748709;;;
267978;11;12;2015;19:30;25124;AV AUGUSTO DOS ANJOS;RUA OLIVEIRA SOBRINHO;;;;Colisão Lateral;;;;Outros;Pare;Comercial;0;1;1;1;0;0;0;0;1;0;0;0;-38,582393;-3,783893;;;
267958;11;12;2015;07:45;7776;RUA BARBOSA DE FREITAS;RUA HENRIQUETA GALENO;;;;Colisão Frontal;Luz do Dia;;;;;;0;1;1;1;0;0;0;0;0;0;0;0;-38,500101;-3,745110;;;
267954;11;12;2015;11:20;12930;AV DOMINGOS OLIMPIO;RUA EUSEBIO DE SOUZA;;;;Colisão Lateral;Luz do Dia;;;Cruz;Pare;Comercial;0;2;1;1;0;0;0;0;0;1;0;0;-38,525362;-3,738402;;;
267952;11;12;2015;07:50;0;AV SANTOS DUMONT;;;905;;Engavetamento;Luz do Dia;;;Meio de Quadra;;;0;0;3;1;0;0;0;0;0;0;0;0;-38,515416;-3,730676;;;
267965;11;12;2015;19:00;14847;RUA WALDIR DIOGO;TR WALDIR DIOGO;;;;Colisão Transversal;;;;Cruz;Pare;Residencial;0;1;1;1;0;0;0;1;0;0;0;0;-38,581050;-3,807105;;;
267970;11;12;2015;20:45;12682;AV CEL CARVALHO;RUA DEP MATOSO FILHO;;;;Colisão;;;;Cruz;Pare;Residencial;0;1;1;1;0;0;0;0;0;1;0;0;-38,584780;-3,729932;;;
267993;11;12;2015;13:00;0;RUA FRANCISCO XAVIER;;;;;Colisão Lateral;Luz do Dia;;;Meio de Quadra;;;0;1;1;1;0;0;0;0;0;0;0;0;;;;;
267994;11;12;2015;08:10;0;AV JOAO PESSOA;;;3835;;Colisão Transversal;Luz do Dia;;;Meio de Quadra;;;0;0;2;0;1;0;0;0;0;0;0;0;-38,545389;-3,747902;;;
267995;11;12;2015;08:20;4088;AV FRANCISCO SA;RUA ALVARO DE ALENCAR;;;;Colisão Lateral;Luz do Dia;;;Cruz;Pare;Comercial;0;0;2;0;1;0;1;0;0;0;0;0;-38,558237;-3,717106;;;
267991;11;12;2015;12:30;26245;AV CONTORNO SUL;RUA CEREJEIRAS;;;;Colisão Traseira;Luz do Dia;;;;;;0;2;0;1;0;0;0;0;0;1;0;0;;;;;
267997;11;12;2015;14:20;5089;RUA DR JOAO MOREIRA;RUA MAJ FACUNDO;;;;Atropelamento;Luz do Dia;;;Cruz;Não Há Controle;Comercial;0;2;0;0;0;0;0;0;0;1;0;0;-38,526361;-3,723042;;;
268005;11;12;2015;06:00;3863;AV DOS EXPEDICIONARIOS;AV 13 DE MAIO;;;;Choque c/ Obstáculo Fixo;Luz do Dia;;;;;;0;0;1;1;0;0;0;0;0;0;0;0;-38,534969;-3,744515;;;
268001;11;12;2015;10:30;0;AV ODILON GUIMARAES;;;1427;;Colisão Traseira;Luz do Dia;;;Meio de Quadra;;;0;0;2;0;0;0;0;1;0;0;0;0;-38,479326;-3,825424;;;
271134;11;12;2015;02:57;0;AV PERIMETRAL;;;;;Colisão;;;;Meio de Quadra;;;0;1;0;0;0;0;0;0;0;0;0;0;;;;;
272732;11;12;2015;12:51;570;RUA DNA MENDINHA;RUA COELHO NETO;;;;Atropelamento;Luz do Dia;;;Cruz;Pare;Residencial;0;0;2;0;0;0;0;0;0;0;0;0;-38,572984;-3,717205;;;
272735;11;12;2015;13:38;20197;AV SAUDADE D68;RUA 102 CJ PASSARE;;;;Colisão;Luz do Dia;;;;;;0;0;2;0;0;0;0;0;0;0;0;0;-38,530668;-3,813040;;;
272741;11;12;2015;14:45;0;RUA BERNARDO MANUEL;;;;;Colisão;Luz do Dia;;;Meio de Quadra;;;0;0;2;0;0;0;0;0;0;0;0;0;;;;;
272742;11;12;2015;16:46;0;RUA C PLANALTO COACU;;;;;Colisão;Luz do Dia;;;Meio de Quadra;;;0;0;2;0;0;0;0;0;0;0;0;0;;;;;
272714;11;12;2015;09:33;0;AV GODOFREDO MACIEL;;;;;Colisão;Luz do Dia;;;Meio de Quadra;;;0;0;2;0;0;0;0;0;0;0;0;0;;;;;
272715;11;12;2015;11:07;0;RUA SEN ALENCAR;;;;;Colisão;Luz do Dia;;;Meio de Quadra;;;0;0;2;0;0;0;0;0;0;0;0;0;;;;;
272718;11;12;2015;11:32;9124;AV VIS RIO BRANCO;RUA MON SALAZAR;;;;Colisão;Luz do Dia;;;Cruz;Semáforo;Residencial;0;1;1;0;0;0;0;0;0;0;0;0;-38,519870;-3,756701;;;
272719;11;12;2015;11:45;0;AV ALM TAMANDARE;;;;;Colisão;Luz do Dia;;;Meio de Quadra;;;0;0;2;0;0;0;0;0;0;0;0;0;;;;;
272724;11;12;2015;12:13;0;RUA VICENTE LOPES;;;;;Colisão;Luz do Dia;;;Meio de Quadra;;;0;0;2;0;0;0;0;0;0;0;0;0;;;;;
272726;11;12;2015;12:37;3336;RUA VIRIATO RIBEIRO;RUA RIO GRANDE DO SUL;;;;Colisão;Luz do Dia;;;Cruz;Pare;Residencial;0;0;2;0;0;0;0;0;0;0;0;0;-38,561355;-3,750184;;;
272744;11;12;2015;17:07;14857;RUA MARIO FILHO;TR REJANE;;;;Colisão;Anoitecer;;;Cruz;;Residencial;0;0;2;0;0;0;0;0;0;0;0;0;-38,585721;-3,806710;;;
272746;11;12;2015;17:08;670;RUA GOMES PASSOS;RUA PRO JOSE BONIFACIO;;;;Colisão;Anoitecer;;;Cruz;Pare;Residencial;0;0;2;0;0;0;0;0;0;0;0;0;-38,562431;-3,710794;;;
272748;11;12;2015;18:19;3420;RUA DES PRAXEDES;AV JOAO PESSOA;;;;Colisão;Anoitecer;;;Cruz;Semáforo;Comercial;0;0;2;0;0;0;0;0;0;0;0;0;-38,553504;-3,756946;;;
272751;11;12;2015;21:38;0;AV MOZART PINHEIRO DE LUCENA;;;;;Colisão;;;;Meio de Quadra;;;0;0;2;0;0;0;0;0;0;0;0;0;;;;;
271363;11;12;2015;20:59;0;AV OLIVEIRA PAIVA;;;;;Colisão;;;;Meio de Quadra;;;0;1;1;1;0;0;0;0;0;1;0;0;-38,503005;-3,798560;;;
271365;11;12;2015;23:00;0;RUA EUSEBIO DE SOUZA;;;;;Colisão;;;;Meio de Quadra;;;0;1;1;1;0;0;0;0;0;1;0;0;-38,529192;-3,748631;;;
271374;11;12;2015;10:00;0;RD CE-040;;;;KM-12;Colisão;Luz do Dia;;Seca;Meio de Quadra;;;0;0;2;1;0;0;0;0;0;0;0;0;-38,476237;-3,848945;;;
271380;11;12;2015;19:30;0;RD CE-040;;;;KM-06;Colisão;Via Iluminada;;Seca;Meio de Quadra;;;0;0;2;1;0;0;0;0;0;0;0;0;-38,478781;-3,811270;;;
271417;11;12;2015;21:45;0;AV WASHINGTON SOARES;;;9340;;Atropelamento;Via Iluminada;;;Meio de Quadra;;;0;1;1;0;0;1;0;0;0;0;0;0;-38,482510;-3,832622;;;
271405;11;12;2015;19:40;0;RD CE-040;;;;KM-04;Colisão;Via Iluminada;;Seca;Meio de Quadra;;;0;2;0;0;0;0;0;0;0;1;0;0;-38,480251;-3,792050;;;
271358;11;12;2015;20:22;0;AV ALBERTO CRAVEIRO;;;;;Colisão;;;;Meio de Quadra;;;0;1;1;1;0;0;0;0;0;1;0;0;-38,520758;-3,802234;;;
271353;11;12;2015;19:37;0;AV WASHINGTON SOARES;;;;;Colisão;;;;Meio de Quadra;;;0;1;0;0;0;0;0;0;0;0;0;0;-38,480501;-3,813871;;;
271312;11;12;2015;18:28;0;RUA WALDIR DIOGO;;;;;Queda;Anoitecer;;;Meio de Quadra;;;0;1;0;0;0;0;0;0;0;1;0;0;-38,584651;-3,804832;;;
271286;11;12;2015;17:56;8936;AV DOMINGOS OLIMPIO;RUA PRC ISABEL;;;;Colisão;Anoitecer;;;Cruz;Semáforo;Comercial;0;1;1;0;0;0;1;0;0;1;0;0;-38,537790;-3,734438;;;
271284;11;12;2015;17:10;0;AV ABOLICAO;;;;;Colisão;Anoitecer;;;Meio de Quadra;;;0;1;1;1;0;0;0;0;0;1;0;0;;;;;
271271;11;12;2015;16:53;0;RUA MARIO FILHO;;;;;Colisão;Luz do Dia;;;Meio de Quadra;;;0;1;1;1;0;0;0;0;0;1;0;0;-38,584547;-3,807471;;;
271272;11;12;2015;17:08;0;AV MR HULL;;;;;Atropelamento;Anoitecer;;;Meio de Quadra;;;0;1;1;0;0;0;0;0;0;1;0;0;-38,572864;-3,737113;;;
271268;11;12;2015;16:20;11236;RUA ACAPULCO;RUA JOSE PEDRA;;;;Colisão;Luz do Dia;;;;;;0;1;1;1;0;0;0;0;0;1;0;0;-38,548557;-3,791799;;;
271263;11;12;2015;14:02;0;RUA GAL BERNARDO FIGUEIREDO;;;;;Colisão;Luz do Dia;;;Meio de Quadra;;;0;1;0;0;0;0;0;0;0;1;0;0;;;;;
271265;11;12;2015;14:12;0;RUA PERGENTINO MAIA;;;;;Colisão;Luz do Dia;;;Meio de Quadra;;;0;1;1;1;0;0;0;0;0;1;0;0;;;;;
271253;11;12;2015;12:07;0;AV PERIMETRAL;;;;;Atropelamento;Luz do Dia;;;Meio de Quadra;;;0;1;1;0;0;0;0;0;0;1;0;0;;;;;
271251;11;12;2015;11:02;0;AV DOMINGOS OLIMPIO;;;;;Atropelamento;Luz do Dia;;;Meio de Quadra;;;0;1;1;0;0;0;0;0;0;1;0;0;;;;;
271249;11;12;2015;10:41;3863;AV 13 DE MAIO;RUA SEN POMPEU;;;;Colisão;Luz do Dia;;;;;;0;1;1;1;0;0;0;0;0;1;0;0;-38,534969;-3,744515;;;
271221;11;12;2015;05:21;0;RUA OSCAR FRANCA;;;;;Atropelamento;Amanhecer;;;Meio de Quadra;;;0;1;1;1;0;0;0;0;0;0;0;0;;;;;
271230;11;12;2015;09:02;0;RUA 15 DE NOVEMBRO;;;;;Colisão;Luz do Dia;;;Meio de Quadra;;;0;1;0;0;0;0;0;0;0;1;0;0;-38,553072;-3,769943;;;
259414;11;12;2015;19:20;0;RD BR 116;;;12000;KM-12;Colisão Traseira;Via Iluminada;Bom;Seca;Meio de Quadra;Não Há Controle;Comercial;0;1;1;1;0;0;0;0;0;1;0;0;-38,496066;-3,855740;;;
259417;12;12;2015;17:10;0;RD BR 116;;;8000;KM-08;Choque c/ Obstáculo Fixo;Anoitecer;Bom;Seca;Meio de Quadra;Não Há Controle;Comercial;0;0;1;1;0;0;0;0;0;0;0;0;-38,503269;-3,822018;;;
259418;12;12;2015;17:00;0;RD BR 116;;;3000;KM-03;Colisão Lateral;Anoitecer;Bom;Seca;Meio de Quadra;Não Há Controle;Comercial;0;1;1;0;1;0;0;0;0;1;0;0;-38,514372;-3,779838;;;
259420;12;12;2015;22:45;0;RD BR 116;;;;;Colisão Traseira;Via Iluminada;Bom;Seca;Meio de Quadra;Não Há Controle;Comercial;0;2;1;1;0;0;0;0;0;0;0;0;;;;;
272178;12;12;2015;13:20;0;AV BEZERRA DE MENEZES;;;502;HIPER BOMPREÇO;Colisão;Luz do Dia;;;Meio de Quadra;;;0;2;0;0;1;0;0;0;0;1;0;0;-38,545486;-3,731698;;;
271580;12;12;2015;21:10;328;RUA CON PENAFORT;RUA GAL PIRAGIBE;;;;Colisão;;;;;;;0;1;1;1;0;0;0;0;0;1;0;0;-38,556468;-3,744970;;;
271617;12;12;2015;21:37;0;AV DA INDEPENDENCIA;;;;;Colisão;;;;Meio de Quadra;;;0;1;1;1;0;0;0;0;0;1;0;0;-38,594978;-3,725735;;;
271399;12;12;2015;04:20;0;RUA NUNES VALENTE;;;;;Colisão;;;;Meio de Quadra;;;0;1;0;1;0;0;0;0;0;0;0;0;-38,502635;-3,732824;;;
271414;12;12;2015;05:26;0;AV FRANCISCO SA;;;3700;BCO. BRADESCO;Queda;Amanhecer;;;Meio de Quadra;;;0;1;0;0;0;0;0;0;0;1;0;0;-38,558134;-3,717113;;;
271415;12;12;2015;10:41;0;AV SANTOS DUMONT;;;;;Colisão;Luz do Dia;;;Meio de Quadra;;;0;1;1;1;0;0;0;0;0;1;0;0;-38,482770;-3,741266;;;
271419;12;12;2015;11:36;0;AV LUCIANO CARNEIRO;;;;;;Luz do Dia;;;Meio de Quadra;;;0;1;0;0;0;0;0;0;0;1;0;0;-38,537219;-3,766658;;;
271423;12;12;2015;14:03;0;AV PRS CASTELO BRANCO;;;;;Colisão;Luz do Dia;;;Meio de Quadra;;;0;1;1;1;0;0;0;0;0;1;0;0;;;;;
271431;12;12;2015;17:38;0;AV PRS COSTA E SILVA;;;;;Atropelamento;Anoitecer;;;Meio de Quadra;;;0;1;0;0;0;0;0;0;0;0;0;0;;;;;
271428;12;12;2015;16:58;0;RD BR 116;;;;;Colisão;Luz do Dia;;;Meio de Quadra;;;0;1;0;0;0;0;0;0;0;0;0;0;;;;;
271425;12;12;2015;16:35;0;AV MR HULL;;;;;Queda;Luz do Dia;;;Meio de Quadra;;;0;1;0;0;0;0;0;0;0;1;0;0;;;;;
271395;12;12;2015;03:45;0;AV JOSE SABOIA;;;;;Choque c/ Obstáculo Fixo;;;;Meio de Quadra;;;0;1;0;1;0;0;0;0;0;0;0;0;-38,466047;-3,718154;;;
271368;12;12;2015;00:40;0;RUA JORGE SEVERIANO;;;;;Colisão;;;;Meio de Quadra;;;0;1;1;1;0;0;0;0;0;1;0;0;-38,536010;-3,769338;;;
271495;12;12;2015;20:41;0;RUA CEL FABRICIANO;;;;;Colisão;;;;Meio de Quadra;;;0;1;1;1;0;0;0;0;0;1;0;0;-38,609527;-3,782292;;;
271497;12;12;2015;20:52;17399;RUA ISAIE BORIS;RUA PERU;;;;Atropelamento;;;;;;;0;2;0;0;0;0;0;0;0;1;0;0;-38,549634;-3,767501;;;
271485;12;12;2015;20:14;0;RUA ANTONIO COSTA MENDES (PQ SÃO JOSÉ);;;1189;;Colisão;;;;Meio de Quadra;;;1;0;1;1;0;0;0;0;0;1;0;0;;;;;
271486;12;12;2015;20:33;0;RD BR 116;;;4000;KM-04;Colisão;;;;Meio de Quadra;;;0;1;0;0;0;0;0;0;0;0;0;0;-38,510646;-3,788331;;;
271477;12;12;2015;18:05;0;RUA FRANCISCO LORDA;;;;;Colisão;Anoitecer;;;Meio de Quadra;;;0;1;1;1;0;0;0;0;0;1;0;0;-38,533803;-3,761323;;;
271479;12;12;2015;18:52;1437;RUA SILVA PAULET;RUA JOAO CARVALHO;;;;Colisão;;;;Cruz;Pare;Comercial;0;1;1;0;0;0;0;0;0;1;0;0;-38,506557;-3,737966;;;
271480;12;12;2015;18:55;0;AV FRANCISCO SA;;;;;Colisão;;;;Meio de Quadra;;;0;1;1;1;0;0;0;0;0;1;0;0;-38,543784;-3,721856;;;
271464;12;12;2015;17:59;0;RUA CON DE CASTRO;;;;;Colisão;Anoitecer;;;Meio de Quadra;;;0;1;1;1;0;0;0;0;0;1;0;0;-38,571728;-3,783157;;;
271439;12;12;2015;17:48;0;RUA ESTADO DO RIO;;;;;Colisão;Anoitecer;;;Meio de Quadra;;;0;1;1;1;0;0;0;0;0;1;0;0;-38,570470;-3,757882;;;
271482;12;12;2015;19:25;0;AV B CJ CEARA;;;;;Colisão;;;;Meio de Quadra;;;0;1;0;0;0;0;0;0;0;0;0;0;-38,607357;-3,768509;;;
268255;12;12;2015;14:20;5407;AV DUQ CAXIAS;RUA SOLON PINHEIRO;;;;Colisão Transversal;Luz do Dia;;;Cruz;Semáforo;Comercial;0;0;2;1;1;0;0;0;0;0;0;0;-38,527034;-3,732704;;;
272850;12;12;2015;14:01;24452;AV LUCIANO CARNEIRO;AV LAURO VIEIRA CHAVES;;;;Colisão;Luz do Dia;;;T;Pare;Residencial;0;0;2;0;0;0;0;0;0;0;0;0;-38,538894;-3,772172;;;
272851;12;12;2015;17:20;0;RD CE-040;;;;KM-04;Colisão;Anoitecer;;;Meio de Quadra;;;0;0;2;1;0;0;0;0;0;0;0;0;-38,480251;-3,792050;;;
272852;12;12;2015;14:02;11866;RUA OSCAR PEDREIRA;AV FRANCISCO SA;;;;Colisão;Luz do Dia;;;T;Não Há Controle;Residencial;0;0;2;0;0;0;0;0;0;0;0;0;-38,542970;-3,722128;;;
272905;12;12;2015;22:09;738;AV FRANCISCO SA;RUA DNA MENDINHA;;;;Colisão;;;;Cruz;Pare;Misto;0;0;2;0;0;0;0;0;0;0;0;0;-38,571238;-3,712666;;;
272906;12;12;2015;22:16;24913;AV DA INDEPENDENCIA;AV MOZART PINHEIRO DE LUCENA;;;;Colisão;;;;Cruz;Semáforo Intermitente;Misto;0;0;2;0;0;0;0;0;0;0;0;0;-38,597615;-3,724957;;;
272907;12;12;2015;22:45;11761;AV PRS CASTELO BRANCO;RUA JACINTO MATOS;;;;Colisão;;;;T;Semáforo;Residencial;0;0;2;0;0;0;0;0;0;0;0;0;-38,546333;-3,714630;;;
272916;12;12;2015;01:35;0;AV DR SILAS MUNGUBA;;;;;Choque c/ Obstáculo Fixo;;;;Meio de Quadra;;;0;0;1;0;0;0;0;0;0;0;0;0;;;;;
272901;12;12;2015;22:02;348;RUA CESAR FONTENELE;RUA PRO LINO ENCARNACAO;;;;Colisão;;;;Cruz;Pare;Misto;0;0;2;0;0;0;0;0;0;0;0;0;-38,559596;-3,746359;;;
272909;12;12;2015;23:29;0;AV PERIMETRAL;;;;;Colisão;;;;;;;0;0;2;0;0;0;0;0;0;0;0;0;;;;;
272899;12;12;2015;21:32;26249;RUA JOAO PAULINO BARROS LEAL;RUA MON SALAZAR;;;;Colisão;;;;;;;0;0;2;0;0;0;0;0;0;0;0;0;;;;;
272885;12;12;2015;20:19;26186;AV D CJ CEARA;RUA 614 CJ CEARA;;;;Colisão;;;;Cruz;Outros;Residencial;0;0;2;0;0;0;0;0;0;0;0;0;-38,602098;-3,764237;;;
272886;12;12;2015;21:09;0;RUA BAR AQUIRAZ;;;;;Colisão;;;;Meio de Quadra;;;0;0;2;0;0;0;0;0;0;0;0;0;;;;;
272887;12;12;2015;21:13;10072;RUA CEL FABRICIANO;RUA CEL VIRGILIO NOGUEIRA (BOM JARDIM);;;;Colisão;;;;;;;0;0;2;0;0;0;0;0;0;0;0;0;-38,606869;-3,783041;;;
272888;12;12;2015;21:29;0;RUA CON PENAFORT;;;;;Choque c/ Obstáculo Fixo;;;;Meio de Quadra;;;0;0;1;0;0;0;0;0;0;0;0;0;;;;;
272889;12;12;2015;21:30;0;AV JOSE BASTOS;;;;;Colisão;;;;Meio de Quadra;;;0;0;2;0;0;0;0;0;0;0;0;0;;;;;
272881;12;12;2015;20:11;0;RUA PEDESTRE IV;;;;;Atropelamento;;;;Meio de Quadra;;;0;0;2;0;0;0;0;0;0;0;0;0;;;;;
272879;12;12;2015;19:36;0;AV DR SILAS MUNGUBA;;;;;Colisão;;;;Meio de Quadra;;;0;0;2;0;0;0;0;0;0;0;0;0;;;;;
272877;12;12;2015;19:15;2573;AV FRANCISCO SA;RUA GRACA ARANHA;;;;Colisão;;;;Cruz;Pare;Residencial;0;0;2;0;0;0;0;0;0;0;0;0;-38,574359;-3,711611;;;
272874;12;12;2015;19:09;0;AV DEP PAULINO ROCHA;;;;;Atropelamento;;;;Meio de Quadra;;;0;0;2;0;0;0;0;0;0;0;0;0;;;;;
272859;12;12;2015;17:29;0;RUA JOSE HIPOLITO;;;;;Colisão;Anoitecer;;;Meio de Quadra;;;0;0;2;0;0;0;0;0;0;0;0;0;;;;;
272860;12;12;2015;17:46;17566;RUA GUANABARA;RUA PARA;;;;Colisão;Anoitecer;;;;;;0;0;2;0;0;0;0;0;0;0;0;0;-38,566756;-3,753334;;;
272861;12;12;2015;17:52;0;AV GOV RAUL BARBOSA;;;;;Colisão;Anoitecer;;;Meio de Quadra;;;0;0;2;0;0;0;0;0;0;0;0;0;;;;;
272862;12;12;2015;18:32;17564;RUA PARA;RUA ESTADO DO RIO;;;;Colisão;;;;Cruz;Pare;Residencial;0;0;2;0;0;0;0;0;0;0;0;0;-38,567337;-3,752973;;;
272863;12;12;2015;18:37;0;AV PRS COSTA E SILVA;;;;;Choque c/ Obstáculo Fixo;;;;Meio de Quadra;;;0;0;1;0;0;0;0;0;0;0;0;0;;;;;
272864;12;12;2015;18:38;0;RUA MIGUEL GURGEL;;;;;Colisão;;;;Meio de Quadra;;;0;0;2;0;0;0;0;0;0;0;0;0;;;;;
272865;12;12;2015;18:56;12563;AV MAJ ASSIS;RUA GEORGE CAVALCANTE;;;;Colisão;;;;Rotatória;Pare;Residencial;0;0;2;0;0;0;0;0;0;0;0;0;-38,592541;-3,722625;;;
272866;12;12;2015;11:45;0;RD CE-040;;;;KM-06;Colisão;Luz do Dia;;;Meio de Quadra;;;0;0;3;0;0;0;0;0;0;0;0;0;-38,478781;-3,811270;;;
272867;12;12;2015;18:58;0;RUA BOM JESUS (GRANJA LISBOA);;;2125;;Colisão;;;;Meio de Quadra;;;0;0;2;0;0;0;0;0;0;0;0;0;-38,612416;-3,790795;;;
272868;12;12;2015;19:00;0;AV DR SILAS MUNGUBA;;;;;Colisão;;;;Meio de Quadra;;;0;0;2;0;0;0;0;0;0;0;0;0;;;;;