COD_ACIDENTE;DIA;MES;ANO;HORA;INTERSECAO;LOG1;LOG2;LOG3;NUMERO;REFERENCIA;NATUREZA;ILUMINACAO;TEMPO;SUPERFICIEPISTA;TIPOCRUZAMENTO;CONTROLETRAFEGO;USOSOLO;MORTOS;FERIDOS;ILESOS;AUTOMOVEL;ONIBUS;BICICLETA;CAMINHAO;MICROONIBUS;CICLOMOTOR;MOTOCICLETA;TRACAOANIMAL;TREM;LONG;LAT;;;
272869;12;12;2015;19:03;19583;RUA CON DE CASTRO;RUA NEREU RAMOS;;;;Colisão;;;;Cruz;Pare;Comercial;0;0;2;0;0;0;0;0;0;0;0;0;-38,573285;-3,784820;;;
272870;12;12;2015;19:07;0;RUA RECANTO VERDE;;;;;Colisão;;;;Meio de Quadra;;;0;0;2;0;0;0;0;0;0;0;0;0;;;;;
272872;12;12;2015;19:08;15896;RUA GURGEL DO AMARAL;RUA JOSE CAVALCANTE SOBR;;;;Colisão;;;;T;Pare;Residencial;0;0;2;0;0;0;0;0;0;0;0;0;-38,486455;-3,835550;;;
272856;12;12;2015;16:47;12457;AV SEN FERNANDES TAVORA;AV JOSE BASTOS;;;;Colisão;Luz do Dia;;;;;;0;0;2;0;0;0;0;0;0;0;0;0;-38,570427;-3,770153;;;
272857;12;12;2015;16:47;0;AV JOR THOMAZ COELHO;;;;;Atropelamento;Luz do Dia;;;Meio de Quadra;;;0;0;2;0;0;0;0;0;0;0;0;0;;;;;
272854;12;12;2015;14:18;0;RUA DOS ESTADOS;;;;;Colisão;Luz do Dia;;;Meio de Quadra;;;0;0;2;0;0;0;0;0;0;0;0;0;;;;;
272753;12;12;2015;08:02;0;RUA JABORANDI;;;;;Atropelamento;Luz do Dia;;;Meio de Quadra;;;0;0;2;0;0;0;0;0;0;0;0;0;;;;;
272767;12;12;2015;11:09;0;RUA CEL MATOS DOURADO;;;;;Colisão;Luz do Dia;;;Meio de Quadra;;;0;0;2;0;0;0;0;0;0;0;0;0;;;;;
272770;12;12;2015;11:10;0;RUA PDE RODOLFO;;;;;Atropelamento;Luz do Dia;;;Meio de Quadra;;;0;0;2;0;0;0;0;0;0;0;0;0;;;;;
272771;12;12;2015;11:13;9153;AV 13 DE MAIO;RUA PAULA RODRIGUES;;;;Colisão;Luz do Dia;;;T;Semáforo;Comercial;0;0;2;0;0;0;0;0;0;0;0;0;-38,525876;-3,752271;;;
272755;12;12;2015;09:15;0;RUA MOURA MATOS;;;;;Atropelamento;Luz do Dia;;;Meio de Quadra;;;0;0;2;0;0;0;0;0;0;0;0;0;;;;;
272783;12;12;2015;13:27;0;RUA ARTUR DE CARVALHO;;;;;Colisão;Luz do Dia;;;Meio de Quadra;;;0;0;2;0;0;0;0;0;0;0;0;0;;;;;
272784;12;12;2015;13:49;0;RUA ALCIDES GERARDO;;;;;Colisão;Luz do Dia;;;Meio de Quadra;;;0;0;2;0;0;0;0;0;0;0;0;0;;;;;
272774;12;12;2015;12:36;0;RUA DNA LUCIA PINHEIRO (QUINTINO CUNHA);;;;;Colisão;Luz do Dia;;;Meio de Quadra;;;0;0;2;0;0;0;0;0;0;0;0;0;;;;;
272776;12;12;2015;12:37;14422;AV SGT HERMINIO SAMPAIO;RUA MOZART PINTO;;;;Colisão;Luz do Dia;;;T;Pare;Comercial;0;0;2;0;0;0;0;0;0;0;0;0;-38,551753;-3,724783;;;
272778;12;12;2015;06:20;0;RD CE-040;;;;;Choque c/ Obstáculo Fixo;Luz do Dia;;;Meio de Quadra;;;0;0;1;1;0;0;0;0;0;0;0;0;;;;;
272779;12;12;2015;12:39;0;RUA OTAVIO JUSTA;;;;;Colisão;Luz do Dia;;;Meio de Quadra;;;0;0;2;0;0;0;0;0;0;0;0;0;;;;;
272762;12;12;2015;09:36;0;LOGRADOURO SEM NOME;;;;;Colisão;Luz do Dia;;;Meio de Quadra;;;0;0;2;0;0;0;0;0;0;0;0;0;;;;;
268007;12;12;2015;04:30;0;RUA NUNES VALENTE;;;920;;Colisão Traseira;;;;Meio de Quadra;;;0;1;1;1;0;0;0;0;0;0;0;0;-38,502535;-3,732504;;;
268008;12;12;2015;16:00;3030;RUA DIOGO CORREIA;RUA ANDRE REBOUCAS;;;;Colisão;Luz do Dia;;;Cruz;Semáforo;Comercial;0;1;1;1;0;0;0;0;0;1;0;0;-38,588606;-3,774008;;;
268009;12;12;2015;14:30;0;AV BEZERRA DE MENEZES;;;2630;;Colisão Traseira;Luz do Dia;;;Meio de Quadra;;;0;1;1;1;0;0;0;0;0;1;0;0;-38,567987;-3,736403;;;
268016;12;12;2015;08:20;24988;RUA FRE MANSUETO;RUA TAVARES COUTINHO;;;;Colisão Transversal;Luz do Dia;;;Cruz;Semáforo Intermitente;Comercial;0;0;2;1;0;0;0;0;0;0;0;0;-38,488784;-3,732638;;;
268012;12;12;2015;14:10;0;AV AMERICO BARREIRA;;;5355;;Colisão Traseira;Luz do Dia;;;Meio de Quadra;;;0;0;2;1;0;0;0;1;0;0;0;0;;;;;
268013;12;12;2015;10:00;8949;AV BEZERRA DE MENEZES;RUA JUSTINIANO DE SERPA;;;;Colisão Lateral;Luz do Dia;;;Cruz;Semáforo Intermitente;Comercial;0;0;2;1;1;0;0;0;0;0;0;0;-38,542857;-3,731156;;;
268018;12;12;2015;03:50;0;AV JOSE SABOIA;;;896;;Choque c/ Obstáculo Fixo;;;;Meio de Quadra;;;0;1;0;1;0;0;0;0;0;0;0;0;-38,465719;-3,718419;;;
268061;12;12;2015;09:00;4319;AV JOSE SABOIA;AV VICENTE DE CASTRO;;;;Colisão Lateral;Luz do Dia;;;Cruz;Não Há Controle;Comercial;0;0;2;0;0;0;1;0;0;0;0;0;-38,473200;-3,713785;;;
268141;12;12;2015;22:00;5194;RUA MAJ FACUNDO;RUA SAO PAULO;;;;Colisão;;;;Cruz;Semáforo;Comercial;0;0;2;1;0;0;0;0;0;0;0;0;-38,527355;-3,726091;;;
268135;12;12;2015;10:30;0;AV SANTOS DUMONT;;;5465;;Colisão Lateral;Luz do Dia;;;Meio de Quadra;;;0;1;2;1;0;0;0;0;0;1;0;0;-38,482862;-3,741236;;;
268138;12;12;2015;06:24;0;RUA MARANHAO;;;34;;Colisão Lateral;Luz do Dia;;;Meio de Quadra;;;0;1;1;1;0;0;0;0;0;1;0;0;-38,561926;-3,758084;;;
268125;12;12;2015;13:50;15804;RUA PERGENTINO MAIA;RUA ANTONINO BARROS;;;;Colisão Transversal;Luz do Dia;;;Cruz;Pare;Comercial;0;1;1;1;0;0;0;0;0;1;0;0;-38,488977;-3,831390;;;
268126;12;12;2015;12:40;0;RUA UBERLANDIA;;;;;Colisão Lateral;Luz do Dia;;;Meio de Quadra;;;0;0;3;1;0;0;0;0;0;0;0;0;;;;;
268105;12;12;2015;10:00;22940;RUA BERNARDO MANUEL;RUA JAPI;;;;Colisão Transversal;Luz do Dia;;;Cruz;Pare;Misto;0;0;2;1;0;0;0;0;0;0;0;0;-38,546927;-3,784073;;;
268106;12;12;2015;12:30;0;AV ALBERTO CRAVEIRO;;;507;MAKRO;Colisão Traseira;Luz do Dia;;;Meio de Quadra;;;0;0;2;0;0;0;0;0;0;0;0;0;-38,515910;-3,781154;;;
268102;12;12;2015;09:00;0;AV PRS COSTA E SILVA;;;5103;;Colisão Traseira;Luz do Dia;;;Meio de Quadra;;;0;0;2;1;0;0;0;0;0;0;0;0;-38,534863;-3,827684;;;
268100;12;12;2015;02:00;9094;AV VIS RIO BRANCO;AV SORIANO ALBUQUERQUE;;;;Colisão Transversal;;;;Cruz;;Residencial;0;2;0;1;0;0;0;0;0;0;0;0;-38,521682;-3,747601;;;
268114;12;12;2015;13:30;0;AV ROGACIANO LEITE;;;;;Colisão Lateral;Luz do Dia;;;Meio de Quadra;;;0;1;1;1;0;0;0;0;1;0;0;0;-38,502518;-3,783683;;;
268122;12;12;2015;12:30;0;AV GAL OSORIO DE PAIVA;;;5399;;Colisão Lateral;Luz do Dia;;;Meio de Quadra;;;0;1;1;1;0;0;0;0;0;0;0;0;-38,601701;-3,804341;;;
268063;12;12;2015;09:15;3903;RUA PDE CICERO;AV JOAO PESSOA;;;;Colisão Lateral;Luz do Dia;;;;;;0;0;2;1;1;0;0;0;0;0;0;0;-38,543442;-3,745741;;;
268082;12;12;2015;05:00;9124;RUA MON SALAZAR;AV VIS RIO BRANCO;;;;Engavetamento;Amanhecer;;;Cruz;Semáforo;Residencial;0;1;2;1;0;0;0;0;0;0;0;0;-38,519870;-3,756701;;;
268096;12;12;2015;14:30;0;RUA MENEZES DE OLIVEIRA;;;;;Colisão Frontal;Luz do Dia;;;Meio de Quadra;;;0;1;1;1;0;0;0;0;0;1;0;0;;;;;
272197;12;12;2015;17:00;0;AV PRS JUSCELINO KUBITSCHEK (PASSARÉ);;;3535;;Colisão;Anoitecer;;;Meio de Quadra;;;1;0;1;1;0;0;0;0;0;1;0;0;-38,528713;-3,812249;;;
272225;13;12;2015;17:00;26246;RUA ANTONIO NERY;RUA JOSE ABILIO;;;;Colisão;Anoitecer;;;;;;0;1;1;1;0;0;0;0;0;1;0;0;;;;;
268154;13;12;2015;20:30;9220;AV 13 DE MAIO;RUA NAPOLEAO LAUREANO;;;;Colisão;;;;Cruz;Semáforo;Comercial;0;1;1;1;0;0;0;0;0;1;0;0;-38,528825;-3,749758;;;
268149;13;12;2015;14:05;0;AV CEL CARVALHO;;;1350;;Colisão Lateral;Luz do Dia;;;Meio de Quadra;;;0;2;1;0;1;0;0;0;0;1;0;0;-38,588703;-3,714383;;;
272924;13;12;2015;04:46;11339;AV GODOFREDO MACIEL;AV BENJAMIM BRASIL;;;;Colisão;;;;Cruz;Semáforo;Comercial;0;0;2;0;0;0;0;0;0;0;0;0;-38,572040;-3,803264;;;
272926;13;12;2015;05:06;0;AV PDE ANTONIO TOMAS;;;;;Choque c/ Obstáculo Fixo;Amanhecer;;;Meio de Quadra;;;0;0;1;0;0;0;0;0;0;0;0;0;;;;;
272928;13;12;2015;05:14;0;AV EDUARDO GIRAO;;;;;Atropelamento;Amanhecer;;;Meio de Quadra;;;0;0;2;0;0;0;0;0;0;0;0;0;;;;;
272920;13;12;2015;03:50;0;RUA EDUARDO PERDIGAO;;;;;Colisão;;;;Meio de Quadra;;;0;0;2;0;0;0;0;0;0;0;0;0;;;;;
272980;13;12;2015;23:42;650;RUA COS GOUVEIA;RUA FREDERICO ANDRADE;;;;Atropelamento;;;;Cruz;Pare;Residencial;0;0;2;0;0;0;0;0;0;0;0;0;-38,565142;-3,717218;;;
272977;13;12;2015;23:40;3147;RUA SEIXAS CORREIA;RUA SABIA;;;;Colisão;;;;;;;0;0;2;0;0;0;0;0;0;0;0;0;-38,579789;-3,778473;;;
272972;13;12;2015;22:39;0;AV EDILSON B SOARES;;;;;Colisão;;;;Meio de Quadra;;;0;0;2;0;0;0;0;0;0;0;0;0;;;;;
272965;13;12;2015;21:31;6811;RUA DR GILBERTO STUDART;RUA JOSE BORBA VASCONCELOS;;;;Colisão;;;;Cruz;Pare;Residencial;0;0;2;0;0;0;0;0;0;0;0;0;-38,472016;-3,746506;;;
272957;13;12;2015;20:39;650;RUA FREDERICO ANDRADE;RUA COS GOUVEIA;;;;Colisão;;;;Cruz;Pare;Residencial;0;0;2;0;0;0;0;0;0;0;0;0;-38,565142;-3,717218;;;
272958;13;12;2015;21:23;3147;RUA SEIXAS CORREIA;RUA SABIA;;;;Colisão;;;;;;;0;0;2;0;0;0;0;0;0;0;0;0;-38,579789;-3,778473;;;
272954;13;12;2015;19:28;0;AV PRO JOSE ARTHUR CARVALHO;;;;;Colisão;;;;Meio de Quadra;;;0;0;2;0;0;0;0;0;0;0;0;0;;;;;
272952;13;12;2015;16:37;0;RUA JUNIOR ROCHA;;;;;Colisão;Luz do Dia;;;Meio de Quadra;;;0;0;2;0;0;0;0;0;0;0;0;0;;;;;
272949;13;12;2015;16:25;10065;RUA SEN MENEZES PIMENTEL;RUA ANTONIO NERY;;;;Colisão;Luz do Dia;;;Cruz;Pare;Rural;0;0;2;0;0;0;0;0;0;0;0;0;;;;;
272944;13;12;2015;08:09;9155;AV EDUARDO GIRAO;AV LUCIANO CARNEIRO;;;;Colisão;Luz do Dia;;;Cruz;Semáforo;Comercial;0;0;2;0;0;0;0;0;0;0;0;0;-38,532811;-3,752275;;;
272945;13;12;2015;08:42;0;RUA JULIO BRAGA;;;;;Colisão;Luz do Dia;;;Meio de Quadra;;;0;0;2;0;0;0;0;0;0;0;0;0;;;;;
272946;13;12;2015;16:10;0;RUA MENEZES DE OLIVEIRA;;;;;Colisão;Luz do Dia;;;Meio de Quadra;;;0;0;2;0;0;0;0;0;0;0;0;0;;;;;
272939;13;12;2015;07:48;15165;AV ABOLICAO;AV HIS RAIMUNDO GIRAO;;;;Colisão;Luz do Dia;;;Cruz;Semáforo;Misto;0;0;2;0;0;0;0;0;0;0;0;0;-38,502412;-3,725111;;;
272935;13;12;2015;07:02;1432;AV SANTOS DUMONT;AV SEN VIRGILIO TAVORA;;;;Choque c/ Obstáculo Fixo;Luz do Dia;;;Cruz;Semáforo;Comercial;0;0;1;0;0;0;0;0;0;0;0;0;-38,493482;-3,737828;;;
272931;13;12;2015;05:29;2699;RUA OSCAR ARARIPE;RUA CEL VIRGILIO NOGUEIRA (BOM JARDIM);;;;Colisão;Amanhecer;;;Outros;Semáforo;Comercial;0;0;2;0;0;0;0;0;0;0;0;0;-38,608554;-3,788212;;;
268323;13;12;2015;14:30;0;RUA AGAMENON;;;551;;Colisão Lateral;Luz do Dia;;;Meio de Quadra;;;0;2;1;0;1;0;0;0;0;1;0;0;-38,586113;-3,792424;;;
268311;13;12;2015;01:30;0;AV ABOLICAO;;;3609;;Colisão Traseira;;;;Meio de Quadra;;;0;0;3;1;1;0;0;0;0;0;0;0;-38,487075;-3,725999;;;
268309;13;12;2015;01:45;0;RUA BOM JESUS (GRANJA LISBOA);;;2800;;Colisão Frontal;;;;Meio de Quadra;;;1;0;1;1;0;0;0;0;0;1;0;0;;;;;
268304;13;12;2015;20:00;0;AV DR THEBERGE;;;1757;;Choque c/ Obstáculo Fixo;;;;Meio de Quadra;;;0;0;1;1;0;0;0;0;0;0;0;0;-38,565640;-3,716735;;;
268253;13;12;2015;18:10;25769;AV DR SILAS MUNGUBA;RUA CORUMBA;;;;Colisão Transversal;Anoitecer;;;;Gesto;Comercial;0;1;1;0;0;0;0;0;0;1;0;0;-38,530014;-3,801188;;;
268241;13;12;2015;07:05;0;AV ENG LUIS VIEIRA;;;;;Choque c/ Obstáculo Fixo;Luz do Dia;;;Meio de Quadra;;;0;0;1;1;0;0;0;0;0;0;0;0;;;;;
268244;13;12;2015;07:00;24988;RUA FRE MANSUETO;RUA TAVARES COUTINHO;;;;Colisão Transversal;Luz do Dia;;;Cruz;Semáforo Intermitente;Comercial;0;2;0;1;0;0;0;0;0;0;0;0;-38,488784;-3,732638;;;
268248;13;12;2015;18:30;0;RUA MAL BITENCOURT;;;327;;Colisão Lateral;Anoitecer;;;Meio de Quadra;;;2;1;1;1;0;0;0;0;0;1;0;0;-38,528747;-3,787399;;;
268236;13;12;2015;21:00;15301;RUA TEN BENEVOLO;RUA SILVA PAULET;;;;Colisão Transversal;;;;Cruz;Pare;Comercial;0;0;3;1;0;0;0;0;0;0;0;0;-38,503888;-3,729724;;;
268217;13;12;2015;17:00;4319;AV VICENTE DE CASTRO;AV JOSE SABOIA;;;;Colisão Lateral;Anoitecer;;;Cruz;Não Há Controle;Comercial;0;0;2;1;1;0;0;0;0;0;0;0;-38,473200;-3,713785;;;
268213;13;12;2015;18:25;15347;AV DOM LUIS;RUA TIBURCIO CAVALCANTE;;;;Colisão Lateral;Anoitecer;;;T;Semáforo;Comercial;0;0;2;0;1;0;0;0;0;0;0;0;-38,501313;-3,732021;;;
268206;13;12;2015;;0;AV CEL CARVALHO;;;3700;;Colisão Traseira;;;;Meio de Quadra;;;0;0;2;1;0;0;0;0;0;0;0;0;;;;;
268178;13;12;2015;21:30;0;RUA BARROS LEAL;;;2236;;Colisão Lateral;;;;Meio de Quadra;;;0;1;1;1;0;0;0;0;0;1;0;0;-38,519077;-3,754919;;;
268181;13;12;2015;04:00;3820;AV CARAPINIMA;AV 13 DE MAIO;;;;Colisão Traseira;;;;Cruz;Semáforo;Comercial;0;1;1;1;0;0;0;0;0;1;0;0;-38,540239;-3,740001;;;
268176;13;12;2015;00:05;5418;RUA GAL CLARINDO DE QUEIROZ;RUA ASSUNCAO;;;;Colisão Transversal;;;;Cruz;Pare;Comercial;0;0;2;1;0;0;0;0;0;0;0;0;-38,528262;-3,733329;;;
268172;13;12;2015;20:00;13534;AV SORIANO ALBUQUERQUE;RUA JOAO CORDEIRO;;;;Choque c/ Obstáculo Fixo;;;;Cruz;Pare;Residencial;0;1;0;1;0;0;0;0;0;0;0;0;-38,519458;-3,747871;;;
268160;13;12;2015;14:30;0;RUA DOM SEBASTIAO LEME;;;1079;;Colisão Lateral;Luz do Dia;;;Meio de Quadra;;;0;1;1;1;0;0;0;0;0;1;0;0;-38,525342;-3,751630;;;
268162;13;12;2015;16:50;12520;AV AUGUSTO DOS ANJOS;RUA ALUISIO AZEVEDO;;;;Colisão Lateral;Luz do Dia;;;T;Semáforo;Comercial;0;1;1;1;0;0;0;0;0;1;0;0;-38,573164;-3,773439;;;
268164;13;12;2015;18:40;4189;AV PRS CASTELO BRANCO;RUA FRANCISCO CORDEIRO;;;;Colisão Transversal;;;;Cruz;Pare;Comercial;0;0;2;1;0;0;0;0;0;0;0;0;-38,550593;-3,713113;;;
268166;13;12;2015;17:32;7909;AV DES MOREIRA;RUA FRANCISCO HOLANDA;;;;Colisão Lateral;Anoitecer;;;Cruz;Semáforo;Residencial;0;1;1;1;0;0;0;0;0;1;0;0;-38,502540;-3,749355;;;
271619;13;12;2015;00:53;0;AV AGUANAMBI;;;;;Colisão;;;;Meio de Quadra;;;0;1;0;1;0;0;0;0;0;0;0;0;;;;;
271644;13;12;2015;05:27;12834;RUA BAR RIO BRANCO;RUA ANTONIO POMPEU;;;;Colisão;Amanhecer;;;Cruz;Semáforo;Comercial;0;1;0;0;0;0;0;0;0;0;0;0;-38,530891;-3,734707;;;
271642;13;12;2015;01:02;0;RUA JULIO SILVA;;;;;Queda;;;;Meio de Quadra;;;0;1;0;0;0;0;0;0;0;1;0;0;;;;;
271687;13;12;2015;11:51;26236;RUA BERNARDO MANUEL;AV DR SILAS MUNGUBA;;;;Atropelamento;Luz do Dia;;;;;;1;0;1;1;0;0;0;0;0;0;0;0;-38,547960;-3,787538;;;
271688;13;12;2015;13:35;0;RUA SAO SEBASTIAO D62;;;;;Colisão;Luz do Dia;;;Meio de Quadra;;;0;1;1;1;0;0;0;0;0;1;0;0;;;;;
271689;13;12;2015;14:20;0;AV CEL CARVALHO;;;;;Colisão;Luz do Dia;;;Meio de Quadra;;;0;1;0;0;0;0;0;0;0;0;0;0;-38,588679;-3,714473;;;
271690;13;12;2015;15:12;15144;AV RUI BARBOSA;AV MON TABOSA;;;;Colisão;Luz do Dia;;;Cruz;Pare;Comercial;0;1;1;1;0;0;0;0;0;1;0;0;-38,505696;-3,724441;;;
271685;13;12;2015;11:12;0;AV MR HULL;;;;;Colisão;Luz do Dia;;;Meio de Quadra;;;0;1;1;1;0;0;0;0;0;1;0;0;-38,592878;-3,739857;;;
271680;13;12;2015;10:47;7633;AV CARNEIRO DE MENDONCA;RUA RIO GRANDE DO SUL;;;;Colisão;Luz do Dia;;;Cruz;Semáforo;Misto;0;1;1;1;0;0;0;0;0;0;0;0;-38,570011;-3,762374;;;
271653;13;12;2015;06:56;24988;RUA TAVARES COUTINHO;RUA FRE MANSUETO;;;;Colisão;Luz do Dia;;;Cruz;Semáforo Intermitente;Comercial;0;1;0;1;0;0;0;0;0;0;0;0;-38,488784;-3,732638;;;
271650;13;12;2015;05:29;0;RUA TARCISIO PEIXOTO;;;;;Colisão;Amanhecer;;;Meio de Quadra;;;0;1;1;1;0;0;0;0;0;1;0;0;;;;;
271657;13;12;2015;09:02;0;RUA NEREU RAMOS;;;;;Colisão;Luz do Dia;;;Meio de Quadra;;;0;1;1;1;0;0;0;0;0;1;0;0;;;;;
271760;13;12;2015;20:08;0;AV MON AMARILIO RODRIGUES;;;;;Queda;;;;;;;0;1;0;0;0;0;0;0;0;1;0;0;;;;;
271762;13;12;2015;20:11;0;RUA COS GOUVEIA;;;;;Atropelamento;;;;Meio de Quadra;;;0;1;1;0;1;0;0;0;0;0;0;0;-38,565062;-3,717201;;;
271764;13;12;2015;21:07;0;RUA DR GILBERTO STUDART;;;;;Colisão;;;;Meio de Quadra;;;0;1;1;1;0;0;0;0;0;1;0;0;;;;;
271769;13;12;2015;23:04;0;AV MR HULL;;;;;Capotamento;;;;Meio de Quadra;;;0;1;0;0;0;0;0;0;0;0;0;0;;;;;
271737;13;12;2015;19:29;5324;RUA PEDRO I;RUA GAL SAMPAIO;;;;Colisão;;;;Cruz;Semáforo Danificado;Comercial;0;1;1;1;0;0;0;0;0;1;0;0;-38,531758;-3,730182;;;
271738;13;12;2015;19:40;0;RUA VALPARAISO;;;;;Colisão;;;;Meio de Quadra;;;0;1;0;0;0;0;0;0;0;1;0;0;;;;;
271720;13;12;2015;19:18;0;RUA SANDRA GENTIL;;;;;Colisão;;;;Meio de Quadra;;;0;1;1;1;0;0;0;0;0;1;0;0;;;;;
271718;13;12;2015;18:18;0;RUA EMILIO DE MENESES;;;;;Colisão;Anoitecer;;;Meio de Quadra;;;0;1;0;0;0;0;0;0;0;0;0;0;-38,603996;-3,777084;;;
271696;13;12;2015;17:25;0;RD BR 116;;;5000;KM-05;Atropelamento;Anoitecer;;;Meio de Quadra;;;0;1;1;0;0;0;0;0;0;1;0;0;-38,506787;-3,796502;;;
271692;13;12;2015;15:45;0;RUA PDE PEDRO DE ALENCAR;;;;;Colisão;Luz do Dia;;;Meio de Quadra;;;0;1;1;1;0;1;0;0;0;0;0;0;-38,494523;-3,846095;;;
271678;13;12;2015;10:18;24886;AV MAJ ASSIS;AV MOZART PINHEIRO DE LUCENA;;;;Colisão;Luz do Dia;;;Cruz;Semáforo;Residencial;0;1;1;1;0;0;0;0;0;1;0;0;-38,596693;-3,721695;;;
271766;13;12;2015;21:48;0;AV HIS RAIMUNDO GIRAO;;;;;Colisão;;;;Meio de Quadra;;;0;1;1;1;0;0;0;0;0;1;0;0;;;;;
271767;13;12;2015;23:01;0;AV GODOFREDO MACIEL;;;;;Colisão;;;;Meio de Quadra;;;0;1;0;0;0;0;0;0;0;0;0;0;-38,570061;-3,796928;;;
259423;13;12;2015;17:30;0;RD BR 116;;;12000;KM-12;Atropelamento;Anoitecer;Bom;Seca;Meio de Quadra;Não Há Controle;Comercial;0;2;0;0;0;0;0;0;0;1;0;0;-38,496066;-3,855740;;;
259441;13;12;2015;10:55;0;RD BR 222;;;;KM-02;Colisão Traseira;Luz do Dia;Bom;Seca;Meio de Quadra;Não Há Controle;Comercial;0;1;1;1;0;0;0;0;0;1;0;0;-38,586880;-3,738951;;;
259427;14;12;2015;08:20;0;RD BR 116;;;13000;KM-13;Colisão Lateral;Luz do Dia;Bom;Seca;Meio de Quadra;Não Há Controle;Comercial;0;0;2;0;0;0;0;0;0;0;0;0;-38,497727;-3,864670;;;
271775;14;12;2015;00:37;5162;RUA SAO PAULO;RUA GAL SAMPAIO;;;;Colisão;;;;Cruz;Semáforo;Comercial;0;1;1;0;0;0;0;0;0;0;0;0;-38,530266;-3,725134;;;
271776;14;12;2015;01:57;0;AV OLAVO BILAC;;;;;Queda;;;;Meio de Quadra;;;0;1;0;0;0;0;0;0;0;1;0;0;-38,564488;-3,733313;;;
271777;14;12;2015;06:30;19539;AV DR SILAS MUNGUBA;RUA EQUADOR;;;;Colisão;Luz do Dia;;;Cruz;Semáforo;Comercial;0;1;1;1;0;0;0;0;0;1;0;0;-38,555434;-3,782377;;;
271779;14;12;2015;06:47;2592;RUA ASTROGILDO FONTOURA;RUA ARAKEN;;;;Colisão;Luz do Dia;;;;;;0;1;1;1;0;0;0;0;0;1;0;0;-38,581104;-3,712179;;;
271780;14;12;2015;07:30;1234;AV SANTOS DUMONT;RUA ANTONIO AUGUSTO;;;;Queda;Luz do Dia;;;Cruz;Pare;Comercial;0;1;0;0;0;0;0;0;0;1;0;0;-38,513733;-3,731222;;;
271781;14;12;2015;08:25;0;AV DOMINGOS OLIMPIO;;;;;Queda;Luz do Dia;;;Meio de Quadra;;;0;1;0;0;0;0;0;0;0;1;0;0;-38,526796;-3,737922;;;
271782;14;12;2015;08:48;0;AV GOV RAUL BARBOSA;;;;;Colisão;Luz do Dia;;;Meio de Quadra;;;0;1;1;1;0;0;0;0;0;1;0;0;;;;;
271783;14;12;2015;11:39;0;AV PRO GOMES DE MATOS;;;;;Colisão;Luz do Dia;;;Meio de Quadra;;;0;1;1;1;0;1;0;0;0;0;0;0;-38,548214;-3,764172;;;
271784;14;12;2015;11:41;0;RUA JAIME LEONEL;;;;;Colisão;Luz do Dia;;;Meio de Quadra;;;0;1;0;0;0;0;0;0;0;0;0;0;;;;;
271785;14;12;2015;12:05;0;AV SANTOS DUMONT;;;;;Colisão;Luz do Dia;;;Meio de Quadra;;;0;1;1;1;0;0;0;0;0;1;0;0;-38,495341;-3,737200;;;
271786;14;12;2015;12:54;3381;RUA AMAZONAS;RUA MATO GROSSO;;;;Colisão;Luz do Dia;;;Cruz;Pare;Residencial;0;1;1;1;0;0;0;0;0;1;0;0;-38,562396;-3,754493;;;
271839;14;12;2015;19:56;0;RD BR 116;;;;;Colisão;;;;Meio de Quadra;;;0;1;0;1;0;0;0;0;0;0;0;0;;;;;
271835;14;12;2015;18:16;0;RUA CANAL;;;;;Colisão;Anoitecer;;;Meio de Quadra;;;0;1;0;0;0;0;0;0;0;0;0;0;;;;;
271837;14;12;2015;18:27;0;AV PERIMETRAL;;;;;Atropelamento;Anoitecer;;;Meio de Quadra;;;0;1;1;0;0;0;0;0;0;1;0;0;;;;;
271830;14;12;2015;13:53;0;RUA ELCIAS LOPES;;;;;Colisão;Luz do Dia;;;Meio de Quadra;;;0;1;1;1;0;0;0;0;0;1;0;0;-38,555607;-3,771124;;;
271831;14;12;2015;16:06;0;AV SEN VIRGILIO TAVORA;;;;;Atropelamento;Luz do Dia;;;Meio de Quadra;;;0;1;1;1;0;0;0;0;0;0;0;0;-38,491375;-3,731259;;;
268531;14;12;2015;16:00;15233;RUA JULIO IBIAPINA;RUA JUAZEIRO DO NORTE;;;;Colisão Transversal;Luz do Dia;;;Cruz;Pare;Comercial;0;1;2;1;0;0;0;0;0;0;0;0;-38,491155;-3,727527;;;
268532;14;12;2015;18:45;930;AV AGUANAMBI;AV BORGES DE MELO;;;;Colisão Lateral;;;;Cruz;Não Há Controle;Misto;0;1;1;0;0;0;1;0;0;1;0;0;-38,523880;-3,760928;;;
268533;14;12;2015;06:53;0;RUA CON DE CASTRO;;;;;Colisão Lateral;Luz do Dia;;;Meio de Quadra;;;0;0;2;1;1;0;0;0;0;0;0;0;;;;;
268539;14;12;2015;08:10;0;AV GAL OSORIO DE PAIVA;;;4225;;Colisão Traseira;Luz do Dia;;;Meio de Quadra;;;0;1;1;1;0;0;0;0;0;1;0;0;-38,593233;-3,795608;;;
268327;14;12;2015;16:40;25116;AV ROGACIANO LEITE;RUA PDE FRANCISCO PITA;;;;Colisão Transversal;Luz do Dia;;;Cruz;Pare;Comercial;0;1;1;0;0;0;0;0;0;1;0;0;-38,501766;-3,780960;;;
268329;14;12;2015;12:00;1405;AV SANTOS DUMONT;RUA VICENTE LEITE;;;;Colisão Lateral;Luz do Dia;;;Cruz;Semáforo;Comercial;0;1;1;1;0;0;0;0;1;0;0;0;-38,495419;-3,737173;;;