COD_ACIDENTE;DIA;MES;ANO;HORA;INTERSECAO;LOG1;LOG2;LOG3;NUMERO;REFERENCIA;NATUREZA;ILUMINACAO;TEMPO;SUPERFICIEPISTA;TIPOCRUZAMENTO;CONTROLETRAFEGO;USOSOLO;MORTOS;FERIDOS;ILESOS;AUTOMOVEL;ONIBUS;BICICLETA;CAMINHAO;MICROONIBUS;CICLOMOTOR;MOTOCICLETA;TRACAOANIMAL;TREM;LONG;LAT;;;
268331;14;12;2015;22:00;5443;RUA METON DE ALENCAR;RUA SOLON PINHEIRO;;;;Colisão Transversal;;;;Cruz;Semáforo;Misto;0;1;1;1;1;0;0;0;0;0;0;0;-38,527697;-3,734622;;;
268342;14;12;2015;09:36;8643;AV ENG LEAL LIMA VERDE (SAPIRANGA/COITE);AV EDILSON B SOARES;;;;Colisão Transversal;Luz do Dia;;;Cruz;Não Há Controle;Lazer;0;0;2;1;0;0;0;0;0;0;0;0;-38,476215;-3,789082;;;
268354;14;12;2015;14:30;4022;AV JOAO PESSOA;RUA OSCAR BEZERRA ARAUJO;;;;Colisão Lateral;Luz do Dia;;;T;Outros;Comercial;0;0;2;1;1;0;0;0;0;0;0;0;-38,557535;-3,761747;;;
268521;14;12;2015;16:10;15103;AV HIS RAIMUNDO GIRAO;RUA ANTONIO AUGUSTO;;;;Colisão Lateral;Luz do Dia;;;T;Pare;Comercial;0;0;2;1;0;0;0;0;0;0;0;0;-38,510510;-3,721143;;;
268522;14;12;2015;06:46;0;RUA DOM JERONIMO D06;;;;;Colisão Traseira;Luz do Dia;;;Meio de Quadra;;;0;0;2;1;0;0;0;0;0;0;0;0;;;;;
268517;14;12;2015;03:50;0;AV DEP PAULINO ROCHA;;;3131;CASTELAO;Outros;;;;Meio de Quadra;;;0;0;1;1;0;0;0;0;0;0;0;0;-38,523807;-3,808405;;;
268518;14;12;2015;17:50;0;AV PRS COSTA E SILVA;;;2577;;Colisão Transversal;Anoitecer;;;Meio de Quadra;;;0;1;1;1;0;0;0;0;0;1;0;0;-38,559169;-3,820719;;;
268490;14;12;2015;15:15;0;AV CEL CARVALHO;;;1998;;Engavetamento;Luz do Dia;;;Meio de Quadra;;;0;0;3;1;0;0;0;0;0;0;0;0;-38,587202;-3,720260;;;
268499;14;12;2015;09:30;5346;AV SANTOS DUMONT;RUA JOAO CORDEIRO;;;;Colisão Transversal;Luz do Dia;;;Cruz;Semáforo;Comercial;0;0;2;1;0;0;0;0;0;0;0;0;-38,514781;-3,730878;;;
268461;14;12;2015;10:00;0;AV GOV RAUL BARBOSA;;;5270;;Colisão Lateral;Luz do Dia;;;Meio de Quadra;;;0;0;2;1;0;0;1;0;0;0;0;0;-38,508987;-3,765619;;;
268449;14;12;2015;07:45;20042;AV PRS JUSCELINO KUBITSCHEK (PASSARÉ);AV DEP PAULINO ROCHA;;;;Colisão Traseira;Luz do Dia;;;;;;0;2;1;0;0;0;1;0;0;1;0;0;-38,524782;-3,807229;;;
268433;14;12;2015;10:00;3768;AV TRISTAO GONCALVES;AV DOMINGOS OLIMPIO;;;;Colisão Traseira;Luz do Dia;;;Cruz;Semáforo;Comercial;0;0;3;1;0;0;0;0;0;0;0;0;-38,535613;-3,735133;;;
268425;14;12;2015;16:00;15152;AV BAR STUDART;AV ABOLICAO;;;;Colisão Traseira;Luz do Dia;;;;;;0;0;4;1;0;0;1;0;0;0;0;0;-38,503445;-3,724762;;;
268422;14;12;2015;06:45;0;RUA ESTEVAO DE CAMPOS;;;1375;;Colisão Traseira;Luz do Dia;;;Meio de Quadra;;;0;0;2;1;0;0;0;0;0;0;0;0;-38,587561;-3,701389;;;
268401;14;12;2015;18:00;25697;RUA ROCHA LIMA;RUA JOAO CORDEIRO;;;;Colisão Transversal;Anoitecer;;;Cruz;Pare;Residencial;0;2;0;0;0;0;0;0;0;1;0;0;-38,517275;-3,738000;;;
268409;14;12;2015;10:10;0;AV TEN LISBOA;;;1545;;Colisão Lateral;Luz do Dia;;;Meio de Quadra;;;0;0;2;1;0;0;0;0;0;0;0;0;-38,549551;-3,717902;;;
268419;14;12;2015;11:30;5235;RUA PRC ISABEL;RUA PEDRO PEREIRA;;;;Colisão Lateral Sentido Oposto;Luz do Dia;;;Cruz;Pare;Comercial;0;0;2;1;0;0;0;0;0;0;0;0;-38,535705;-3,727353;;;
268366;14;12;2015;15:30;7694;RUA RIO GRANDE DO SUL;RUA RIO GRANDE DO NORTE;;;;Colisão Transversal;Luz do Dia;;;Cruz;Pare;Residencial;0;1;1;1;0;0;0;0;0;1;0;0;-38,567559;-3,758617;;;
268357;14;12;2015;18:30;23451;RUA SABINO MONTE;RUA PAULO FIRMEZA;;;;Colisão Lateral;Anoitecer;;;Cruz;Pare;Residencial;0;0;2;1;1;0;0;0;0;0;0;0;-38,511850;-3,757031;;;
268525;14;12;2015;08:00;3336;RUA VIRIATO RIBEIRO;RUA RIO GRANDE DO SUL;;;;Colisão Transversal;Luz do Dia;;;Cruz;Pare;Residencial;0;0;2;1;0;0;0;0;0;0;0;0;-38,561355;-3,750184;;;
268527;14;12;2015;10:00;19689;RUA GUSTAVO SAMPAIO;RUA DOM LINO;;;;Colisão Transversal;Luz do Dia;;;Cruz;Pare;Residencial;0;0;2;1;0;0;0;0;0;0;0;0;-38,557313;-3,735435;;;
268528;14;12;2015;14:25;0;AV PONTES VIEIRA;;;85;;Colisão Traseira;Luz do Dia;;;Meio de Quadra;;;0;0;2;1;0;0;0;0;0;0;0;0;-38,519287;-3,753402;;;
268529;14;12;2015;02:45;11338;AV GODOFREDO MACIEL;RUA FRANCISCO GLICERIO;;;;Colisão Frontal;;;;Cruz;Semáforo;Comercial;0;0;2;1;0;0;0;0;0;0;0;0;-38,569757;-3,795981;;;
272984;14;12;2015;12:59;8142;RUA FRANCISCO CRUZ;RUA BENTO ALBUQUERQUE;;;;Colisão;Luz do Dia;;;;;;0;0;2;0;0;0;0;0;0;0;0;0;-38,459587;-3,751339;;;
272990;14;12;2015;14:32;0;ET DO FIO (MESSEJANA);;;;;Colisão;Luz do Dia;;;Meio de Quadra;;;0;0;2;0;0;0;0;0;0;0;0;0;;;;;
272987;14;12;2015;14:31;3472;RUA BEATRIZ;RUA ROSITA;;;;Colisão;Luz do Dia;;;;;;0;0;2;0;0;0;0;0;0;0;0;0;-38,503342;-3,819141;;;
272998;14;12;2015;15:44;0;RUA PDE VALDEVINO;;;;;Colisão;Luz do Dia;;;Meio de Quadra;;;0;0;2;0;0;0;0;0;0;0;0;0;;;;;
272999;14;12;2015;15:57;0;ET DO FIO (MESSEJANA);;;;;Colisão;Luz do Dia;;;Meio de Quadra;;;0;0;2;0;0;0;0;0;0;0;0;0;;;;;
272995;14;12;2015;14:35;10960;RUA ELCIAS LOPES;RUA EUZEBIO DE QUEIROS;;;;Colisão;Luz do Dia;;;Cruz;Pare;Residencial;0;0;2;0;0;0;0;0;0;0;0;0;-38,555685;-3,771096;;;
273007;14;12;2015;16:09;0;AV PERIMETRAL;;;;;Colisão;Luz do Dia;;;Meio de Quadra;;;0;0;2;0;0;0;0;0;0;0;0;0;;;;;
273008;14;12;2015;16:59;22089;RUA FRE MARCELINO;RUA GUSTAVO BRAGA;;;;Colisão;Luz do Dia;;;;;;0;0;2;0;0;0;0;0;0;0;0;0;-38,556125;-3,747811;;;
273009;14;12;2015;17:48;11339;AV BENJAMIM BRASIL;AV GODOFREDO MACIEL;;;;Colisão;Anoitecer;;;Cruz;Semáforo;Comercial;0;0;2;0;0;0;0;0;0;0;0;0;-38,572040;-3,803264;;;
273002;14;12;2015;16:06;10680;RUA REV BOLIVAR P BANDEIRA;RUA GONTRAN GIFFONI;;;;Colisão;Luz do Dia;;;Cruz;Pare;Residencial;0;0;2;0;0;0;0;0;0;0;0;0;-38,491413;-3,768527;;;
272882;14;12;2015;17:30;0;AV SEN CARLOS JEREISSATI (AEROPORTO);;;;KM 03;Colisão;Anoitecer;;;Meio de Quadra;;;0;0;2;1;0;0;1;0;0;0;0;0;-38,541414;-3,780382;;;
266924;14;12;2015;15:54;0;RUA ROSITA;;;;;Colisão;Luz do Dia;;;Meio de Quadra;;;0;0;2;1;0;0;1;0;0;0;0;0;;;;;
272248;14;12;2015;18:00;19540;RUA JULIO GASPAR;RUA CASIMIRO DE ABREU;;;;Colisão;Anoitecer;;;Cruz;Pare;Residencial;0;1;1;1;0;0;0;0;0;0;0;0;-38,563108;-3,782426;;;
272243;14;12;2015;14:30;0;AV RUI BARBOSA;;;1751;;Colisão;Luz do Dia;;;Meio de Quadra;;;0;0;1;1;0;0;0;0;0;0;0;0;;;;;
272234;14;12;2015;10:00;0;AV ALBERTO CRAVEIRO;;;507;MAKRO;Colisão;Luz do Dia;;;Meio de Quadra;;;0;1;1;1;0;0;0;0;0;1;0;0;-38,515910;-3,781154;;;
272230;14;12;2015;04:00;7674;AV JOSE BASTOS;RUA RIO GRANDE DO NORTE;;;;Colisão;;;;Cruz;Semáforo;Comercial;0;1;1;1;1;0;0;0;0;0;0;0;-38,564477;-3,760562;;;
272256;15;12;2015;17:20;14723;RUA UIRAPURU;RUA FRANCFORT;;;;Colisão;Anoitecer;;;;;;0;1;1;1;0;0;0;0;0;1;0;0;-38,581627;-3,795490;;;
272893;15;12;2015;21:15;0;AV SEN CARLOS JEREISSATI (AEROPORTO);;;;KM 01;Colisão;;;;Meio de Quadra;;;0;0;2;1;0;0;0;0;0;0;0;0;-38,520356;-3,783803;;;
272891;15;12;2015;10:50;0;RD CE-040;;;;KM-10;Colisão;Luz do Dia;;;Meio de Quadra;;;0;0;2;0;0;0;0;0;0;0;0;0;-38,480068;-3,838671;;;
273010;15;12;2015;11:15;0;RUA BENTO ALBUQUERQUE;;;;;Atropelamento;Luz do Dia;;;Meio de Quadra;;;0;0;2;0;0;0;0;0;0;0;0;0;;;;;
273012;15;12;2015;11:32;0;RUA ALBERTO FERREIRA;;;;;Colisão;Luz do Dia;;;Meio de Quadra;;;0;0;2;0;0;0;0;0;0;0;0;0;;;;;
273013;15;12;2015;12:01;0;RUA PARA;;;;;Atropelamento;Luz do Dia;;;Meio de Quadra;;;0;0;2;0;0;0;0;0;0;0;0;0;;;;;
273015;15;12;2015;13:00;0;AV ENG HUMBERTO MONTE;;;;;Atropelamento;Luz do Dia;;;Meio de Quadra;;;0;0;2;0;0;0;0;0;0;0;0;0;;;;;
273016;15;12;2015;13:49;10441;RUA MOCAMBIQUE;RUA ITAPERONA;;;;Colisão;Luz do Dia;;;;;;0;0;2;0;0;0;0;0;0;0;0;0;-38,599134;-3,764451;;;
273017;15;12;2015;15:00;0;RUA GOIANESA;;;;;Colisão;Luz do Dia;;;Meio de Quadra;;;0;0;2;0;0;0;0;0;0;0;0;0;;;;;
273018;15;12;2015;15:34;0;RUA JULIA VIEIRA;;;;;Colisão;Luz do Dia;;;Meio de Quadra;;;0;0;2;0;0;0;0;0;0;0;0;0;;;;;
273020;15;12;2015;17:01;4612;AV OLIVEIRA PAIVA;AV WASHINGTON SOARES;;;;Colisão;Anoitecer;;;;;;0;0;2;0;0;0;0;0;0;0;0;0;-38,479908;-3,795695;;;
273022;15;12;2015;17:47;0;LOGRADOURO SEM NOME;;;;;Choque c/ Obstáculo Fixo;Anoitecer;;;Meio de Quadra;;;0;0;1;0;0;0;0;0;0;0;0;0;;;;;
268587;15;12;2015;09:40;7819;RUA JOAQUIM NABUCO;RUA FRANCISCO HOLANDA;;;;Colisão Transversal;Luz do Dia;;;Cruz;Pare;Residencial;0;0;2;0;0;0;1;0;0;0;0;0;-38,505505;-3,748406;;;
268564;15;12;2015;15:10;0;AV DOMINGOS OLIMPIO;;;1400;;Colisão Transversal;Luz do Dia;;;Meio de Quadra;;;0;0;2;0;0;0;1;0;0;0;0;0;-38,535692;-3,735111;;;
268566;15;12;2015;19:20;9175;AV AGUANAMBI;RUA BARTOLOMEU DE GUSMAO;;;;Colisão Lateral;;;;T;Não Há Controle;Comercial;0;1;1;1;0;0;0;0;0;1;0;0;-38,523534;-3,757128;;;
268558;15;12;2015;07:45;7626;RUA PARANA;RUA RIO GRANDE DO NORTE;;;;Colisão Transversal;Luz do Dia;;;Cruz;Pare;Residencial;0;2;1;0;0;0;0;0;0;1;0;0;-38,568720;-3,757867;;;
268554;15;12;2015;11:30;5451;AV DOM MANUEL;RUA BARBARA DE ALENCAR;;;;Colisão Lateral;Luz do Dia;;;Cruz;Semáforo;Comercial;0;0;2;1;0;0;0;1;0;0;0;0;-38,523262;-3,734972;;;
268545;15;12;2015;10:40;15193;AV ABOLICAO;TR JOSE NAPOLEAO;;;;Colisão Traseira;Luz do Dia;;;Cruz;Pare;Comercial;0;1;2;0;1;0;0;0;0;0;0;0;-38,489788;-3,726432;;;
268638;15;12;2015;17:50;1432;AV SANTOS DUMONT;AV SEN VIRGILIO TAVORA;;;;Colisão Lateral;Anoitecer;;;Cruz;Semáforo;Comercial;0;0;2;1;1;0;0;0;0;0;0;0;-38,493482;-3,737828;;;
268636;15;12;2015;08:30;9114;AV BORGES DE MELO;RUA DEP OSWALDO STUDART;;;;Colisão Transversal;Luz do Dia;;;Cruz;Semáforo;Comercial;0;0;2;1;0;0;0;0;0;0;0;0;-38,532143;-3,758147;;;
268628;15;12;2015;16:55;12836;AV DOMINGOS OLIMPIO;RUA BAR ARATANHA;;;;Colisão Traseira;Luz do Dia;;;Cruz;Semáforo;Comercial;0;1;1;1;0;0;0;0;0;1;0;0;-38,527953;-3,737562;;;
268624;15;12;2015;07:05;3767;AV DOMINGOS OLIMPIO;AV IMPERADOR;;;;Engavetamento;Luz do Dia;;;Cruz;Semáforo;Comercial;0;0;3;1;0;0;0;0;0;0;0;0;-38,536697;-3,734790;;;
268613;15;12;2015;11:00;15233;RUA JULIO IBIAPINA;RUA JUAZEIRO DO NORTE;;;;Colisão Lateral;Luz do Dia;;;Cruz;Pare;Comercial;0;1;2;1;0;0;0;0;0;1;0;0;-38,491155;-3,727527;;;
268608;15;12;2015;13:00;15136;AV MON TABOSA;RUA ANTONIO AUGUSTO;;;;Colisão Lateral;Luz do Dia;;;Cruz;Pare;Comercial;0;0;2;1;0;0;0;0;0;1;0;0;-38,511469;-3,724092;;;
268576;15;12;2015;18:15;0;RUA GERMANO FRANCK;;;41;;Colisão Lateral;Anoitecer;;;Meio de Quadra;;;0;0;2;1;1;0;0;0;0;0;0;0;-38,557471;-3,773259;;;
268599;15;12;2015;20:00;12479;AV AUGUSTO DOS ANJOS;RUA PERDIGAO DE OLIVEIRA;;;;Colisão Traseira;;;;Cruz;Semáforo;Misto;0;1;1;0;1;0;0;0;0;1;0;0;-38,574712;-3,775131;;;
268723;15;12;2015;14:00;19942;RUA FRANCISCO LORDA;RUA MOREIRA GOMES;;;;Colisão Lateral;Luz do Dia;;;Cruz;Pare;Residencial;0;1;1;1;0;0;0;0;0;1;0;0;-38,534015;-3,761260;;;
268738;15;12;2015;18:10;0;RUA RIO ARAGUAIA;;;;;Colisão Lateral;Anoitecer;;;Meio de Quadra;;;0;0;2;1;0;0;0;0;0;0;0;0;;;;;
268727;15;12;2015;09:40;19278;RUA 7 DE SETEMBRO;RUA CAIO PRADO;;;;Colisão Lateral;Luz do Dia;;;Cruz;Semáforo;Comercial;0;0;2;1;0;0;0;0;0;0;0;0;-38,563028;-3,773724;;;
268735;15;12;2015;18:30;0;RUA REPUBLICA ARMENIA;;;1170;;Colisão Transversal;Anoitecer;;;Meio de Quadra;;;0;0;2;1;0;0;0;0;0;0;0;0;-38,481222;-3,791220;;;
268755;15;12;2015;14:20;0;RUA JERONIMO ALBUQUERQUE;;;173;;Colisão Lateral;Luz do Dia;;;Meio de Quadra;;;0;0;2;1;0;0;0;0;0;0;0;0;;;;;
268753;15;12;2015;16:00;2356;RUA SEN ROBERT KENNEDY;RUA ESTEVAO DE CAMPOS;;;;Colisão Lateral;Luz do Dia;;;Cruz;Pare;Residencial;0;1;1;0;0;0;0;0;0;1;0;0;-38,579516;-3,705131;;;
268751;15;12;2015;09:15;0;AV DEP PAULINO ROCHA;;;2026;;Colisão Traseira;Luz do Dia;;;Meio de Quadra;;;0;0;2;1;0;0;0;0;0;0;0;0;-38,515763;-3,811038;;;
268759;15;12;2015;14:00;0;AV ENG ALBERTO SA;;;575;;Choque c/ Obstáculo Fixo;Luz do Dia;;;Meio de Quadra;;;0;0;2;1;0;0;0;0;0;0;0;0;-38,474932;-3,734822;;;
268762;15;12;2015;12:30;4611;RUA CRISANTO M DA ROCHA;RUA TAB JOAQUIM COELHO;;;;Colisão Transversal;Luz do Dia;;;;;;0;1;1;1;0;0;0;0;0;1;0;0;-38,480273;-3,796916;;;
268764;15;12;2015;15:10;15423;AV FRE CIRILO;RUA SILVEIRA DA MOTA;;;;Colisão Traseira;Luz do Dia;;;Cruz;Pare;Comercial;0;0;2;1;0;0;0;0;0;0;0;0;-38,498012;-3,815944;;;
268765;15;12;2015;20:40;0;AV ABOLICAO;;;1810;;Colisão Lateral;;;;Meio de Quadra;;;0;0;2;0;1;0;0;0;0;0;0;0;-38,502930;-3,724941;;;
268777;15;12;2015;19:00;0;RUA PDE BARBOSA DE JESUS;;;799;;Colisão Lateral;;;;Meio de Quadra;;;0;0;2;1;1;0;0;0;0;0;0;0;;;;;
268774;15;12;2015;15:40;25125;RUA DNA LEOPOLDINA;RUA ROCHA LIMA;;;;Colisão Transversal;Luz do Dia;;;Cruz;Pare;Residencial;0;0;2;1;0;0;0;0;0;0;0;0;-38,521427;-3,736665;;;
268780;15;12;2015;16:50;0;AV CARNEIRO DE MENDONCA;;;1270;;Colisão Traseira;Luz do Dia;;;Meio de Quadra;;;0;2;0;1;0;0;0;0;0;1;0;0;-38,570268;-3,762231;;;
271845;15;12;2015;06:20;25334;AV B CJ CEARA;AV D CJ CEARA;;;;Colisão;Luz do Dia;;;T;Pare;Misto;0;1;1;1;0;0;0;0;0;1;0;0;-38,602328;-3,763611;;;
271973;15;12;2015;10:28;15195;AV ABOLICAO;RUA JOSE NAPOLEAO;;;;Colisão;Luz do Dia;;;Cruz;Semáforo Manual;Comercial;0;1;0;1;1;0;0;0;0;0;0;0;-38,490302;-3,726523;;;
271951;15;12;2015;07:28;10413;RUA SAO DOMINGOS;AV GENIBAU;;;;Colisão;Luz do Dia;;;;;;0;1;0;0;0;0;0;0;0;1;0;0;-38,597468;-3,761273;;;
271952;15;12;2015;07:37;0;RUA PEDRO DANTAS;;;;;Colisão;Luz do Dia;;;Meio de Quadra;;;0;1;1;1;0;0;0;0;0;1;0;0;-38,521827;-3,785928;;;
271954;15;12;2015;09:54;0;AV GAL OSORIO DE PAIVA;;;;;Colisão;Luz do Dia;;;Meio de Quadra;;;0;1;1;1;0;0;0;0;0;1;0;0;-38,595093;-3,797535;;;
271947;15;12;2015;06:50;5084;RUA PRC ISABEL;RUA SEN ALENCAR;;;;Queda;Luz do Dia;;;Cruz;Pare;Comercial;0;1;0;0;0;0;0;0;0;1;0;0;-38,534356;-3,722828;;;
272047;15;12;2015;20:45;0;AV GODOFREDO MACIEL;;;;;Colisão;;;;Meio de Quadra;;;0;1;1;1;0;0;0;0;0;1;0;0;;;;;
272035;15;12;2015;16:53;0;RUA OSCAR ARARIPE;;;;;Colisão;Luz do Dia;;;Meio de Quadra;;;0;1;0;0;0;0;0;0;0;0;0;0;-38,610878;-3,787472;;;
272036;15;12;2015;17:56;0;RUA TERTULIANO SALES;;;;;Colisão;Anoitecer;;;Meio de Quadra;;;0;1;0;1;0;0;0;0;0;0;0;0;;;;;
272041;15;12;2015;18:33;0;AV H CJ CEARA;;;;;Atropelamento;;;;Meio de Quadra;;;0;2;0;0;0;0;0;0;0;1;0;0;-38,615147;-3,776376;;;
272043;15;12;2015;18:43;0;AV GAL OSORIO DE PAIVA;;;;;Colisão;;;;Meio de Quadra;;;0;1;0;0;0;0;0;0;0;0;0;0;-38,588381;-3,790640;;;
271986;15;12;2015;11:05;0;RUA BENTO ALBUQUERQUE;;;;;Colisão;Luz do Dia;;;Meio de Quadra;;;0;1;0;0;0;0;0;0;0;0;0;0;-38,479964;-3,744787;;;
272003;15;12;2015;13:50;0;RUA FRANCISCO LORDA;;;;;Colisão;Luz do Dia;;;Meio de Quadra;;;0;1;1;1;0;0;0;0;0;1;0;0;-38,533803;-3,761323;;;
271997;15;12;2015;12:11;0;AV PRS COSTA E SILVA;;;;;Colisão;Luz do Dia;;;Meio de Quadra;;;0;1;1;1;0;0;0;0;0;1;0;0;;;;;
272006;15;12;2015;15:13;0;RUA MOCAMBIQUE;;;;;Colisão;Luz do Dia;;;Meio de Quadra;;;0;1;1;1;0;0;0;0;0;1;0;0;-38,598298;-3,759800;;;
272009;15;12;2015;15:33;0;AV GAL OSORIO DE PAIVA;;;;;Atropelamento;Luz do Dia;;;Meio de Quadra;;;0;1;1;0;0;0;0;0;0;1;0;0;-38,595093;-3,797535;;;
272054;16;12;2015;07:54;11269;RUA 9 CAMPO DOS INGLESES;RUA 4 CAMPO DOS INGLESES;;;;Colisão;Luz do Dia;;;;;;0;1;0;0;0;0;0;0;0;0;0;0;-38,563894;-3,801162;;;
272052;16;12;2015;06:35;0;AV GAL OSORIO DE PAIVA;;;;;Colisão;Luz do Dia;;;Meio de Quadra;;;0;1;0;0;0;0;0;0;0;1;0;0;;;;;
272065;16;12;2015;13:05;0;AV WASHINGTON SOARES;;;;;Capotamento;Luz do Dia;;;Meio de Quadra;;;0;1;0;1;0;0;0;0;0;0;0;0;;;;;
272066;16;12;2015;13:40;0;RUA ERICO MOTA;;;;;Queda;Luz do Dia;;;Meio de Quadra;;;0;1;0;0;0;0;0;0;0;1;0;0;-38,560225;-3,749350;;;
272059;16;12;2015;08:38;0;RUA BERNARDO MANUEL;;;;;Colisão;Luz do Dia;;;Meio de Quadra;;;0;1;1;1;0;0;0;0;0;1;0;0;-38,553129;-3,804438;;;
272108;16;12;2015;23:19;0;RUA TELES DE SOUZA;;;;;Queda;;;;Meio de Quadra;;;0;1;0;0;0;0;0;0;0;1;0;0;-38,557837;-3,759047;;;
272105;16;12;2015;22:59;0;AV PERIMETRAL;;;;;Colisão;;;;Meio de Quadra;;;0;1;0;1;0;0;0;0;0;0;0;0;;;;;
272091;16;12;2015;20:07;5146;RUA GUILHERME ROCHA;RUA PRC ISABEL;;;;Colisão;;;;Cruz;Pare;Comercial;0;1;1;1;0;0;0;0;0;1;0;0;-38,534931;-3,724720;;;
272086;16;12;2015;19:44;1358;AV SANTOS DUMONT;AV DES MOREIRA;;;;Atropelamento;;;;Cruz;Semáforo;Comercial;0;1;0;0;0;1;0;0;0;0;0;0;-38,498365;-3,736226;;;
272088;16;12;2015;20:04;5812;AV OLIVEIRA PAIVA;RUA CEZIDIO ALBUQUERQUE;;;;Queda;;;;;Não Há Controle;Comercial;0;1;0;0;0;0;0;0;0;1;0;0;-38,503433;-3,798714;;;
272100;16;12;2015;20:35;0;AV GAL OSORIO DE PAIVA;;;;;Atropelamento;;;;Meio de Quadra;;;0;1;1;0;0;0;0;0;0;1;0;0;-38,569036;-3,777227;;;
272102;16;12;2015;21:37;6743;AV SANTOS DUMONT;RUA ALMEIDA PRADO;;;;Colisão;;;;Cruz;Semáforo;Comercial;0;1;1;1;0;0;0;0;0;1;0;0;-38,475153;-3,743712;;;
272083;16;12;2015;18:52;21855;RUA DA MANGUEIRA;RUA DO CARANGUEJO;;;;Atropelamento;;;;;;;0;1;1;0;0;0;0;0;0;1;0;0;-38,600874;-3,732129;;;
272063;16;12;2015;10:21;121;RUA RUI MONTE;RUA CEL JOAQUIM FRANKLIN;;;;Queda;Luz do Dia;;;;;;0;1;0;0;0;0;0;0;0;1;0;0;-38,587330;-3,742326;;;
272068;16;12;2015;16:18;12515;RUA JULIO BRAGA;RUA SILVEIRA FILHO;;;;Atropelamento;Luz do Dia;;;Cruz;Pare;Comercial;0;1;1;0;0;0;0;0;0;0;0;0;-38,578953;-3,775975;;;
268890;16;12;2015;21:30;0;RUA DES LEITE ALBUQUERQUE;;;810;;Colisão Lateral;;;;Meio de Quadra;;;0;0;2;1;0;0;1;0;0;0;0;0;-38,497239;-3,737716;;;
268904;16;12;2015;17:00;19673;RUA GUSTAVO SAMPAIO;RUA PRO ANACLETO;;;;Colisão Lateral;Anoitecer;;;Cruz;Não Há Controle;Residencial;0;0;2;1;1;0;0;0;0;0;0;0;-38,552990;-3,734546;;;
268898;16;12;2015;22:00;0;RUA VIRIATO RIBEIRO;;;276;;Colisão Traseira;;;;Meio de Quadra;;;0;0;2;1;0;0;0;0;0;0;0;0;-38,557661;-3,753909;;;
268900;16;12;2015;10:10;0;RUA JAIME BENEVOLO;;;826;;Colisão Lateral;Luz do Dia;;;Meio de Quadra;;;0;0;2;0;0;0;1;0;0;0;0;0;-38,527804;-3,739466;;;
268895;16;12;2015;;0;AV 13 DE MAIO;;;1180;;Colisão Traseira;;;;Meio de Quadra;;;0;0;2;1;0;0;0;0;0;0;0;0;-38,529464;-3,749207;;;
268915;16;12;2015;10:00;12867;RUA JAIME BENEVOLO;RUA JOAQUIM MAGALHAES;;;;Colisão Traseira;Luz do Dia;;;Cruz;Pare;Comercial;0;0;2;1;0;0;0;0;0;0;0;0;-38,527961;-3,739942;;;
268910;16;12;2015;16:40;0;AV GAL MURILO BORGES;;;75;;Colisão Lateral;Luz do Dia;;;Meio de Quadra;;;0;1;1;0;0;0;0;0;0;1;0;0;;;;;
268922;16;12;2015;13:40;0;RUA JOR ANTONIO P TAVARES;;;1241;;Colisão Lateral;Luz do Dia;;;Meio de Quadra;;;0;1;1;1;0;0;0;0;0;1;0;0;-38,508310;-3,813105;;;
268884;16;12;2015;17:10;0;AV GAL OSORIO DE PAIVA;;;1431;;Colisão Transversal;Anoitecer;;;Meio de Quadra;;;0;1;1;1;0;0;0;0;0;1;0;0;-38,574151;-3,780442;;;
268945;16;12;2015;16:50;25776;RUA G ESPL CASTELAO;AV DEP PAULINO ROCHA;;;;Colisão Lateral;Luz do Dia;;;T;Pare;Residencial;0;0;2;1;0;0;1;0;0;0;0;0;-38,518954;-3,810248;;;
268967;16;12;2015;17:00;0;RUA BENTO ALBUQUERQUE;;;170;;Atropelamento;Anoitecer;;;Meio de Quadra;;;0;2;0;0;0;0;0;0;0;1;0;0;-38,486703;-3,742623;;;
268963;16;12;2015;21:00;5279;RUA COSTA BARROS;RUA NOGUEIRA ACIOLI;;;;Colisão Transversal;Luz do Dia;;;Cruz;Pare;Comercial;0;2;2;1;1;0;0;0;0;0;0;0;-38,516481;-3,728753;;;
268957;16;12;2015;15:45;0;AV MON TABOSA;;;1546;;Colisão Traseira;Luz do Dia;;;Meio de Quadra;;;0;1;1;0;1;0;0;0;0;0;0;0;-38,505164;-3,724471;;;
268786;16;12;2015;14:20;0;AV SGT HERMINIO SAMPAIO;;;4665;;Colisão Lateral;Luz do Dia;;;Meio de Quadra;;;0;2;1;1;0;0;0;0;0;1;0;0;-38,581643;-3,732467;;;
268784;16;12;2015;20:30;1654;RUA BENI DE CARVALHO;AV SEN VIRGILIO TAVORA;;;;Colisão Traseira;;;;Cruz;Semáforo;Comercial;0;0;2;1;0;0;0;0;0;0;0;0;-38,500877;-3,744098;;;
268821;16;12;2015;19:30;0;AV SANTOS DUMONT;;;5633;;Colisão Traseira;;;;Meio de Quadra;;;0;0;2;1;0;0;0;0;0;0;0;0;-38,480535;-3,741960;;;
268830;16;12;2015;10:20;13664;RUA DORALICE COSTA;RUA JAIME LEONEL;;;;Colisão Transversal;Luz do Dia;;;;;;0;0;2;0;0;0;0;0;0;0;0;0;-38,495739;-3,770068;;;
268817;16;12;2015;05:30;3219;RUA EMILIO DE MENESES;RUA ANSELMO NOGUEIRA;;;;Colisão Transversal;Amanhecer;;;Cruz;Semáforo;Comercial;0;1;1;1;0;0;0;0;0;1;0;0;-38,587374;-3,781760;;;