COD_ACIDENTE;DIA;MES;ANO;HORA;INTERSECAO;LOG1;LOG2;LOG3;NUMERO;REFERENCIA;NATUREZA;ILUMINACAO;TEMPO;SUPERFICIEPISTA;TIPOCRUZAMENTO;CONTROLETRAFEGO;USOSOLO;MORTOS;FERIDOS;ILESOS;AUTOMOVEL;ONIBUS;BICICLETA;CAMINHAO;MICROONIBUS;CICLOMOTOR;MOTOCICLETA;TRACAOANIMAL;TREM;LONG;LAT;;;
268812;16;12;2015;18:00;1364;RUA TORRES CAMARA;RUA JOSE VILAR;;;;Colisão Traseira;Anoitecer;;;Cruz;Semáforo;Comercial;0;0;2;0;0;0;1;0;0;0;0;0;-38,504840;-3,736301;;;
268809;16;12;2015;17:50;17414;RUA ZACARIAS GONDIM;RUA 15 DE NOVEMBRO;;;;Colisão Transversal;Anoitecer;;;Cruz;Pare;Comercial;0;2;0;0;0;0;0;0;0;1;0;0;-38,558445;-3,768021;;;
268806;16;12;2015;07:45;15100;AV HIS RAIMUNDO GIRAO;RUA JOAO CORDEIRO;;;;Colisão Lateral;Luz do Dia;;;Cruz;Semáforo;Comercial;0;0;2;1;0;0;0;0;0;0;0;0;-38,511630;-3,720835;;;
268793;16;12;2015;20:30;7694;RUA RIO GRANDE DO SUL;RUA RIO GRANDE DO NORTE;;;;Colisão Transversal;;;;Cruz;Pare;Residencial;0;0;2;1;0;0;0;1;0;0;0;0;-38,567559;-3,758617;;;
268790;16;12;2015;23:00;0;AV JOR THOMAZ COELHO;;;3151;;Colisão Transversal;;;;Meio de Quadra;;;0;2;1;1;0;0;0;0;0;0;0;0;-38,522498;-3,828942;;;
268853;16;12;2015;19:30;9081;AV AGUANAMBI;AV 13 DE MAIO;;;;Colisão Transversal;;;;T;Pare;Comercial;0;0;2;1;0;0;1;0;0;0;0;0;-38,523451;-3,753844;;;
268863;16;12;2015;08:20;0;RUA ANDRADE FURTADO;;;1974;;Colisão Lateral;Luz do Dia;;;Meio de Quadra;;;0;0;2;1;1;0;0;0;0;0;0;0;-38,472175;-3,748207;;;
268858;16;12;2015;08:40;0;AV DA UNIVERSIDADE;;;2932;;Colisão Transversal;Luz do Dia;;;Meio de Quadra;;;0;0;2;1;0;0;0;0;0;0;0;0;-38,539900;-3,741798;;;
268842;16;12;2015;11:30;0;RUA MAJ FACUNDO;;;1103;;Colisão Traseira;Luz do Dia;;;Meio de Quadra;;;0;0;2;1;0;0;0;0;0;0;0;0;-38,529323;-3,732101;;;
268843;16;12;2015;07:00;0;AV EDUARDO GIRAO;;;;;Colisão Transversal;Luz do Dia;;;Meio de Quadra;;;0;0;2;1;0;0;0;0;0;0;0;0;;;;;
268836;16;12;2015;20:40;13394;AV ANTONIO SALES;RUA ANTONIO AUGUSTO;;;;Colisão Transversal;;;;Cruz;Não Há Controle;Comercial;0;0;2;1;0;0;0;0;0;0;0;0;-38,517005;-3,740913;;;
268837;16;12;2015;15:00;5318;RUA PDE IBIAPINA;RUA GAL CLARINDO DE QUEIROZ;;;;Colisão Transversal;Luz do Dia;;;Cruz;Pare;Comercial;0;1;1;1;1;0;0;0;0;0;0;0;-38,540084;-3,729518;;;
268834;16;12;2015;19:00;10493;RUA PRO JOSE HENRIQUE;RUA JOSE PEREIRA BARROS;;;;;;;;;;;0;0;2;1;0;0;0;0;0;0;0;0;-38,479606;-3,830589;;;
273024;16;12;2015;12:18;0;AV PRS CASTELO BRANCO;;;;;Colisão;Luz do Dia;;;Meio de Quadra;;;0;0;2;0;0;0;0;0;0;0;0;0;;;;;
273025;16;12;2015;12:31;0;LOGRADOURO SEM NOME;;;;;Colisão;Luz do Dia;;;Meio de Quadra;;;0;0;2;0;0;0;0;0;0;0;0;0;;;;;
273053;16;12;2015;15:09;5051;RUA SEN JAGUARIBE;RUA SEN POMPEU;;;;Colisão;Luz do Dia;;;Cruz;Pare;Comercial;0;0;2;0;0;0;0;0;0;0;0;0;-38,528055;-3,721667;;;
273028;16;12;2015;14:07;8613;AV EDILSON B SOARES;RUA EUNICE WEVER D57;;;;Colisão;Luz do Dia;;;Cruz;Pare;Residencial;0;0;2;0;0;0;0;0;0;0;0;0;-38,462681;-3,787916;;;
273031;16;12;2015;14:54;3314;RUA CHILE;RUA 21 DE ABRIL D27;;;;Colisão;Luz do Dia;;;Cruz;Pare;Residencial;0;0;2;0;0;0;0;0;0;0;0;0;-38,564765;-3,745698;;;
273036;16;12;2015;14:56;0;RUA VICENTE LOPES;;;;;Colisão;Luz do Dia;;;Meio de Quadra;;;0;0;2;0;0;0;0;0;0;0;0;0;;;;;
273063;16;12;2015;19:59;0;AV C CJ CEARA;;;;;Colisão;;;;Meio de Quadra;;;0;0;2;0;0;0;0;0;0;0;0;0;;;;;
273058;16;12;2015;17:32;0;LOGRADOURO SEM NOME;;;;;Colisão;Anoitecer;;;Meio de Quadra;;;0;0;2;0;0;0;0;0;0;0;0;0;;;;;
272923;16;12;2015;17:40;0;RD CE-060;;;;KM-03;Colisão;Anoitecer;;;Meio de Quadra;;;0;0;2;1;1;0;0;0;0;0;0;0;-38,582776;-3,836637;;;
272897;16;12;2015;12:45;0;RD CE-040;;;;KM-03;Capotamento;Luz do Dia;;;Meio de Quadra;;;0;0;2;1;0;0;1;0;0;0;0;0;-38,481014;-3,783185;;;
266929;16;12;2015;00:00;0;RUA EDUARDO PERDIGAO;;;;;Colisão;;;;Meio de Quadra;;;0;0;2;1;1;0;0;0;0;0;0;0;;;;;
266931;16;12;2015;16:04;13771;RUA LUIZA MIRANDA COELHO;AV PINTO BANDEIRA D56;;;;Colisão;Luz do Dia;;;Cruz;Pare;Residencial;0;0;2;1;0;0;0;0;0;0;0;0;-38,487283;-3,774929;;;
272262;16;12;2015;10:00;0;AV ALBERTO CRAVEIRO;;;;;Colisão;Luz do Dia;;;Meio de Quadra;;;0;0;2;1;0;0;1;0;0;0;0;0;;;;;
272276;16;12;2015;20:00;15623;RUA VASCO DE ATAIDE;RUA VICENTE NOBRE MACEDO;;;;Colisão;;;;Cruz;Pare;Residencial;0;0;1;1;0;0;0;0;0;0;0;0;-38,484238;-3,824367;;;
272281;17;12;2015;20:00;0;RUA BERNARDO MANUEL;;;8131;;Colisão;;;;Meio de Quadra;;;0;0;2;1;0;0;0;0;0;0;0;0;-38,549041;-3,790916;;;
272417;17;12;2015;22:46;0;AV SEN CARLOS JEREISSATI (AEROPORTO);;;;;Atropelamento;;;;Meio de Quadra;;;0;1;0;0;0;0;0;0;0;0;0;0;;;;;
272413;17;12;2015;21:09;15100;AV HIS RAIMUNDO GIRAO;RUA JOAO CORDEIRO;;;;Atropelamento;;;;Cruz;Semáforo;Comercial;0;1;1;1;0;0;0;0;0;0;0;0;-38,511630;-3,720835;;;
272407;17;12;2015;18:08;0;AV PERIMETRAL;;;;;Colisão;Anoitecer;;;Meio de Quadra;;;0;1;1;1;0;0;0;0;0;1;0;0;;;;;
272403;17;12;2015;17:49;10067;RUA DUAS NACOES;RUA CEL FABRICIANO;;;;Queda;Anoitecer;;;;;;0;1;0;0;0;1;0;0;0;0;0;0;-38,603940;-3,783849;;;
272401;17;12;2015;14:54;0;AV AUGUSTO DOS ANJOS;;;;;Colisão;Luz do Dia;;;Meio de Quadra;;;0;0;2;1;0;0;0;0;0;1;0;0;;;;;
272390;17;12;2015;12:33;0;AV ALBERTO CRAVEIRO;;;;;Colisão;Luz do Dia;;;Meio de Quadra;;;0;1;1;1;0;0;0;0;0;1;0;0;-38,520796;-3,802281;;;
272392;17;12;2015;13:49;0;AV LINEU MACHADO;;;;;Colisão;Luz do Dia;;;Meio de Quadra;;;0;1;1;1;0;0;0;0;0;1;0;0;-38,574660;-3,761642;;;
272393;17;12;2015;14:14;0;AV FRE CIRILO;;;;;Colisão;Luz do Dia;;;Meio de Quadra;;;0;1;0;0;0;0;0;0;0;0;0;0;;;;;
272375;17;12;2015;12:08;0;AV MR HULL;;;;;Colisão;Luz do Dia;;;Meio de Quadra;;;0;1;0;0;0;0;0;0;0;0;0;0;;;;;
273076;17;12;2015;13:26;17326;RUA ALAN KARDEC;RUA ALBERTO MAGNO;;;;Colisão;Luz do Dia;;;Cruz;Pare;Comercial;0;0;2;0;0;0;0;0;0;0;0;0;-38,549918;-3,764796;;;
273073;17;12;2015;09:19;15301;RUA TEN BENEVOLO;RUA SILVA PAULET;;;;Colisão;Luz do Dia;;;Cruz;Pare;Comercial;0;0;2;0;0;0;0;0;0;0;0;0;-38,503888;-3,729724;;;
273069;17;12;2015;08:25;0;RUA MANUEL MONTEIRO;;;;;Colisão;Luz do Dia;;;Meio de Quadra;;;0;0;2;0;0;0;0;0;0;0;0;0;;;;;
273078;17;12;2015;13:51;0;AV EDUARDO GIRAO;;;;;Colisão;Luz do Dia;;;Meio de Quadra;;;0;0;2;0;0;0;0;0;0;0;0;0;;;;;
273080;17;12;2015;13:58;0;AV GOV RAUL BARBOSA;;;;;Colisão;Luz do Dia;;;Meio de Quadra;;;0;0;2;0;0;0;0;0;0;0;0;0;;;;;
273082;17;12;2015;14:40;5162;RUA GAL SAMPAIO;RUA SAO PAULO;;;;Colisão;Luz do Dia;;;Cruz;Semáforo;Comercial;0;0;2;0;0;0;0;0;0;0;0;0;-38,530266;-3,725134;;;
273086;17;12;2015;14:44;0;AV PDE ANTONIO TOMAS;;;;;Colisão;Luz do Dia;;;Meio de Quadra;;;0;0;2;0;0;0;0;0;0;0;0;0;;;;;
273089;17;12;2015;16:54;10779;RUA ARACAJU;RUA GOIANIA;;;;Colisão;Luz do Dia;;;;;Residencial;0;0;2;0;0;0;0;0;0;0;0;0;-38,588958;-3,762374;;;
273092;17;12;2015;17:16;0;RUA COM GARCIA;;;;;Colisão;Anoitecer;;;Meio de Quadra;;;0;0;2;0;0;0;0;0;0;0;0;0;;;;;
273096;17;12;2015;17:18;10418;RUA JOSE MENDONCA;AV D CJ CEARA;;;;Colisão;Anoitecer;;;Y;Pare;Comercial;0;0;2;0;0;0;0;0;0;0;0;0;-38,603056;-3,761731;;;
273097;17;12;2015;18:16;0;AV PRS CASTELO BRANCO;;;;;Colisão;Anoitecer;;;Meio de Quadra;;;0;0;2;0;0;0;0;0;0;0;0;0;;;;;
273099;17;12;2015;18:17;9591;RUA PRIMEIRO DE MAIO D34;RUA JOSE TORRES;;;;Atropelamento;Anoitecer;;;;;;0;0;2;0;0;0;0;0;0;0;0;0;-38,606671;-3,777817;;;
272937;17;12;2015;15:30;0;AV SEN CARLOS JEREISSATI (AEROPORTO);;;;KM 04;Colisão;Luz do Dia;;;Meio de Quadra;;;0;0;2;1;0;0;1;0;0;0;0;0;-38,514638;-3,779313;;;
272948;17;12;2015;23:00;0;AV SEN CARLOS JEREISSATI (AEROPORTO);;;;KM 01;Colisão;;;;Meio de Quadra;;;0;1;1;1;0;1;0;0;0;0;0;0;-38,520356;-3,783803;;;
273102;17;12;2015;21:09;2758;RUA MARIA JULIA;RUA OSCAR FRANCA;;;;Colisão;Luz do Dia;;;Cruz;Pare;Residencial;0;0;2;0;0;0;0;0;0;0;0;0;-38,599725;-3,791890;;;
268970;17;12;2015;19:20;0;AV SANTOS DUMONT;;;2050;;Colisão Traseira;;;;Meio de Quadra;;;0;1;1;1;0;0;0;0;0;0;1;0;-38,505738;-3,733826;;;
269008;17;12;2015;11:50;5322;AV DUQ CAXIAS;AV IMPERADOR;;;;Colisão Traseira;Luz do Dia;;;Cruz;Semáforo;Comercial;0;0;2;1;0;0;0;1;0;0;0;0;-38,535297;-3,730048;;;
268973;17;12;2015;09:50;0;RUA PDE VALDEVINO;;;287;;Colisão Lateral;Luz do Dia;;;Meio de Quadra;;;0;0;2;1;0;0;0;0;0;0;0;0;-38,521674;-3,737601;;;
268986;17;12;2015;;0;AV ALBERTO CRAVEIRO;;;430;;Colisão Lateral;;;;Meio de Quadra;;;0;0;2;1;0;0;0;0;0;0;0;0;-38,516505;-3,782668;;;
268982;17;12;2015;08:30;14952;RUA FERNANDO FARIAS DE MELO (MANUEL SÁTIRO);RUA CON DE CASTRO;;;;Colisão Traseira;Luz do Dia;;;Duplo T;Pare;Residencial;0;0;2;1;1;0;0;0;0;0;0;0;-38,578102;-3,790043;;;
268983;17;12;2015;09:30;0;AV ENG HUMBERTO MONTE;;;2929;;Colisão Traseira;Luz do Dia;;;Meio de Quadra;;;0;0;2;1;0;0;0;0;0;0;0;0;;;;;
269147;17;12;2015;;0;AV SANTOS DUMONT;;;5425;;Engavetamento;;;;Meio de Quadra;;;0;0;3;1;0;0;0;0;0;0;0;0;-38,483230;-3,741118;;;
269138;17;12;2015;08:00;0;AV PRO JOSE ARTHUR CARVALHO;;;2659;;Colisão Lateral;Luz do Dia;;;Meio de Quadra;;;0;2;0;0;0;0;0;0;0;1;0;0;-38,455778;-3,823861;;;
269129;17;12;2015;10:00;0;AV CARNEIRO DE MENDONCA;;;;;Colisão Traseira;Luz do Dia;;;Meio de Quadra;;;0;0;2;0;0;0;0;0;0;0;0;0;;;;;
269093;17;12;2015;10:30;0;RUA ADELIA FEIJO;;;4705;;Outros;Luz do Dia;;;Meio de Quadra;;;0;0;2;1;0;0;1;0;0;0;0;0;;;;;
269097;17;12;2015;18:30;15255;RUA TEN BENEVOLO;RUA MON BRUNO;;;;Colisão Transversal;Anoitecer;;;Cruz;Pare;Residencial;0;0;2;1;1;0;0;0;0;0;0;0;-38,508124;-3,728332;;;
269103;17;12;2015;15:00;348;RUA CESAR FONTENELE;RUA PRO LINO ENCARNACAO;;;;Colisão Transversal;Luz do Dia;;;Cruz;Pare;Misto;0;0;2;1;0;0;0;0;0;0;0;0;-38,559596;-3,746359;;;
269104;17;12;2015;00:00;22158;AV JOSE BASTOS;RUA GUSTAVO BRAGA;;;;Engavetamento;;;;T;Não Há Controle;Comercial;0;0;2;1;0;0;0;0;0;0;0;0;-38,551989;-3,751535;;;
269109;17;12;2015;18:45;25072;AV DOS EXPEDICIONARIOS;RUA VICENTE SPINDOLA;;;;Colisão Transversal;;;;Cruz;Não Há Controle;Residencial;0;0;2;1;0;0;0;0;0;0;0;0;-38,542084;-3,767922;;;
269122;17;12;2015;18:15;0;AV PRS COSTA E SILVA;;;;;Colisão Lateral;Anoitecer;;;Meio de Quadra;;;0;1;1;0;0;0;0;0;0;1;0;0;;;;;
269018;17;12;2015;11:20;0;RUA BAR RIO BRANCO;;;1068;;Engavetamento;Luz do Dia;;;Meio de Quadra;;;0;0;3;1;0;0;0;0;0;0;0;0;-38,528660;-3,727696;;;
269041;17;12;2015;13:00;5434;AV HERACLITO GRACA;AV DOM MANUEL;;;;Colisão Traseira;Luz do Dia;;;Cruz;Semáforo;Comercial;0;1;1;1;0;0;0;0;0;1;0;0;-38,522952;-3,734013;;;
269047;17;12;2015;09:30;5716;RUA ULISSES BEZERRA;RUA CON BRAVEZA;;;;Colisão Transversal;Luz do Dia;;;Cruz;Pare;Comercial;0;0;2;1;0;0;1;0;0;0;0;0;-38,497996;-3,797480;;;
269053;17;12;2015;15:50;0;AV OLIVEIRA PAIVA;;;2707;;Colisão Traseira;Luz do Dia;;;Meio de Quadra;;;0;0;3;1;0;0;0;0;0;0;0;0;-38,483021;-3,795991;;;
269085;17;12;2015;14:30;0;RUA PRO GOMES BRASIL;;;;;Colisão Lateral;Luz do Dia;;;Meio de Quadra;;;0;0;2;0;1;0;0;0;0;0;0;0;;;;;
269079;17;12;2015;08:30;10659;RUA GONTRAN GIFFONI;RUA JOR CESAR MAGALHAES;;;;Colisão Transversal;Luz do Dia;;;Cruz;Pare;Residencial;0;1;1;1;0;0;0;0;0;1;0;0;-38,489127;-3,769449;;;
259442;17;12;2015;11:40;0;RD BR 222;;;;;Colisão Traseira;Luz do Dia;Bom;Seca;Meio de Quadra;Não Há Controle;Comercial;0;0;2;0;1;0;0;0;0;0;0;0;;;;;
272116;17;12;2015;07:10;0;AV JOSE BASTOS;;;;;Colisão;Luz do Dia;;;Meio de Quadra;;;0;1;1;1;0;0;0;0;0;1;0;0;;;;;
272117;17;12;2015;07:13;5675;RUA ALICE;RUA CHICO LEMOS;;;;Colisão;Luz do Dia;;;Cruz;Pare;Residencial;0;1;1;1;0;0;0;0;0;1;0;0;-38,499726;-3,790026;;;
272118;17;12;2015;07:19;0;AV PRS COSTA E SILVA;;;;;Queda;Luz do Dia;;;Meio de Quadra;;;0;1;0;0;0;0;0;0;0;1;0;0;;;;;
272120;17;12;2015;07:32;6285;AV C CJ CEARA;AV G CJ CEARA;;;;Queda;Luz do Dia;;;T;Não Há Controle;Residencial;0;1;0;0;0;0;0;0;0;1;0;0;;;;;
272121;17;12;2015;10:34;0;RUA PDE PEDRO DE ALENCAR;;;;;Colisão;Luz do Dia;;;Meio de Quadra;;;0;1;1;1;0;0;0;0;0;1;0;0;;;;;
269225;17;12;2015;17:45;0;AV VIS RIO BRANCO;;;1676;;Colisão Traseira;Anoitecer;;;Meio de Quadra;;;0;0;2;1;0;0;0;0;0;0;0;0;-38,524171;-3,735690;;;
269219;17;12;2015;12:30;1558;AV BAR STUDART;RUA PDE VALDEVINO;;;;Colisão Lateral;Luz do Dia;;;Cruz;Semáforo;Misto;0;1;1;1;0;0;0;0;0;0;0;0;-38,508855;-3,741641;;;
269223;17;12;2015;09:50;9155;AV LUCIANO CARNEIRO;AV EDUARDO GIRAO;;;;Colisão Traseira;Luz do Dia;;;Cruz;Semáforo;Comercial;0;0;2;1;0;0;0;0;0;0;0;0;-38,532811;-3,752275;;;
269175;17;12;2015;09:10;19805;AV ENG HUMBERTO MONTE;RUA JOSE PONTES;;;;Colisão Traseira;Luz do Dia;;;Cruz;Semáforo;Comercial;0;0;3;0;0;0;0;0;0;0;0;0;-38,568553;-3,739413;;;
269234;18;12;2015;07:10;19018;AV ENG ALBERTO SA;RUA JOSE CARLOS GURGEL NOGUEIRA;;;;Colisão Transversal;Luz do Dia;;;Cruz;Semáforo;Misto;0;0;2;1;0;0;1;0;0;0;0;0;-38,475012;-3,734800;;;
269242;18;12;2015;06:45;0;RUA DEP OSWALDO STUDART;;;;RODOVIÁRIA;Colisão Lateral;Luz do Dia;;;Meio de Quadra;;;0;0;2;1;1;0;0;0;0;0;0;0;;;;;
269247;18;12;2015;15:45;0;AV JOSE BASTOS;;;2399;;Engavetamento;Luz do Dia;;;Meio de Quadra;;;0;0;3;1;0;0;0;0;0;0;0;0;;;;;
259428;18;12;2015;05:10;0;RD BR 116;;;3000;KM-03;Choque c/ Obstáculo Fixo;Amanhecer;Bom;Seca;Meio de Quadra;Não Há Controle;Comercial;0;1;0;1;0;0;0;0;0;0;0;0;-38,514372;-3,779838;;;
259429;18;12;2015;23:30;0;RD BR 116;;;5000;KM-05;Colisão Lateral;Via Iluminada;Nublado;Seca;Meio de Quadra;Não Há Controle;Comercial;0;1;1;1;0;0;0;0;0;0;0;0;-38,506787;-3,796502;;;
273104;18;12;2015;09:44;23790;RUA ARRUDA CAMARA;RUA COM GARCIA;;;;Colisão;Luz do Dia;;;Cruz;Pare;Residencial;0;1;1;0;0;0;0;0;0;0;0;0;-38,581598;-3,791373;;;
273108;18;12;2015;10:30;0;AV IMPERADOR;;;;;Colisão;Luz do Dia;;;Meio de Quadra;;;0;0;2;0;0;0;0;0;0;0;0;0;;;;;
273110;18;12;2015;10:33;0;AV BORGES DE MELO;;;;;Colisão;Luz do Dia;;;Meio de Quadra;;;0;0;2;0;0;0;0;0;0;0;0;0;;;;;
273113;18;12;2015;11:24;7806;RUA FRANCISCO HOLANDA;RUA SILVA PAULET;;;;Colisão;Luz do Dia;;;Cruz;Pare;Residencial;0;0;2;0;0;0;0;0;0;0;0;0;-38,509525;-3,747096;;;
273115;18;12;2015;12:04;0;AV LAURO VIEIRA CHAVES;;;;;Atropelamento;Luz do Dia;;;Meio de Quadra;;;0;0;2;0;0;0;0;0;0;0;0;0;;;;;
273119;18;12;2015;12:07;4114;RUA LUCAS PINTO;AV PRS CASTELO BRANCO;;;;Colisão;Luz do Dia;;;Cruz;Pare;Residencial;0;0;2;0;0;0;0;0;0;0;0;0;-38,558025;-3,711416;;;
273121;18;12;2015;12:58;17632;RUA AFONSO LOPES;RUA JOAO FRANCA (PQ. 2 IRMÃOS);;;;Colisão Frontal;Luz do Dia;;;Cruz;Pare;Residencial;0;0;2;0;0;0;0;0;0;0;0;0;-38,549010;-3,795689;;;
273130;18;12;2015;16:21;8125;RUA MANUEL DE QUEIROZ;RUA BENTO ALBUQUERQUE;;;;Colisão;Luz do Dia;;;Cruz;Pare;Misto;0;0;2;0;0;0;0;0;0;0;0;0;-38,467393;-3,748837;;;
273131;18;12;2015;16:28;0;RUA EMILIO DE MENESES;;;;;Colisão;Luz do Dia;;;Meio de Quadra;;;0;0;2;0;0;0;0;0;0;0;0;0;;;;;
273132;18;12;2015;16:50;0;AV EDUARDO GIRAO;;;;;Colisão;Luz do Dia;;;Meio de Quadra;;;0;0;2;0;0;0;0;0;0;0;0;0;;;;;
273135;18;12;2015;17:04;0;RUA PERGENTINO MAIA;;;;;Colisão;Anoitecer;;;Meio de Quadra;;;0;0;2;0;0;0;0;0;0;0;0;0;;;;;
273137;18;12;2015;17:07;0;RUA OSCAR FRANCA;;;;;Colisão;Anoitecer;;;Meio de Quadra;;;0;0;2;0;0;0;0;0;0;0;0;0;;;;;
273138;18;12;2015;17:31;0;AV JOAO PESSOA;;;;;Colisão;Anoitecer;;;Meio de Quadra;;;0;0;2;0;0;0;0;0;0;0;0;0;;;;;
273139;18;12;2015;17:43;0;RUA VALPARAISO;;;;;Colisão;Anoitecer;;;Meio de Quadra;;;0;0;2;0;0;0;0;0;0;0;0;0;;;;;
273141;18;12;2015;17:46;10634;AV MIGUEL DIAS;AV WASHINGTON SOARES;;;;Colisão;Anoitecer;;;T;Semáforo;Comercial;0;0;2;0;0;0;0;0;0;0;0;0;-38,488341;-3,757742;;;
273124;18;12;2015;13:42;1336;RUA JOAO CORDEIRO;RUA PERO COELHO;;;;Colisão;Luz do Dia;;;Cruz;Não Há Controle;Misto;0;0;2;0;0;0;0;0;0;0;0;0;-38,516137;-3,735240;;;
273127;18;12;2015;15:53;0;RUA MON SALAZAR;;;;;Colisão;Luz do Dia;;;Meio de Quadra;;;0;0;2;0;0;0;0;0;0;0;0;0;;;;;
273145;18;12;2015;18:23;5749;AV DES GONZAGA;RUA JULIO LIMA;;;;Colisão;Anoitecer;;;Cruz;Pare;Comercial;0;0;2;0;0;0;0;0;0;0;0;0;-38,500411;-3,796143;;;
273147;18;12;2015;18:30;23567;RUA ESV PINHEIRO;AV GOV RAUL BARBOSA;;;;Colisão;Anoitecer;;;Duplo T;Pare;Residencial;0;0;2;0;0;0;0;0;0;0;0;0;-38,507767;-3,761659;;;
273179;18;12;2015;19:47;0;RUA ERICO MOTA;;;;;Colisão;;;;Meio de Quadra;;;0;0;2;0;0;0;0;0;0;0;0;0;;;;;
273155;18;12;2015;18:53;13433;RUA TOMAS ACIOLI;RUA ILDEFONSO ALBANO;;;;Atropelamento;;;;T;Pare;Residencial;0;0;2;0;0;0;0;0;0;0;0;0;-38,516391;-3,742685;;;
273156;18;12;2015;18:59;0;RUA PRO JACINTO BOTELHO;;;;;Colisão;;;;Meio de Quadra;;;0;0;2;0;0;0;0;0;0;0;0;0;;;;;
273159;18;12;2015;19:08;25238;RUA PRISCO BEZERRA;RUA JOSE RANGEL;;;;Colisão;;;;T;Pare;Residencial;0;0;2;0;0;0;0;0;0;0;0;0;;;;;
273177;18;12;2015;19:18;0;AV GAL OSORIO DE PAIVA;;;;;Colisão;;;;Meio de Quadra;;;0;0;2;0;0;0;0;0;0;0;0;0;;;;;
273150;18;12;2015;18:31;0;RUA MANUEL MONTEIRO;;;;;Colisão;;;;Meio de Quadra;;;0;0;2;0;0;0;0;0;0;0;0;0;;;;;
273153;18;12;2015;18:32;22201;RUA DR GILBERTO CAMARA;AV SGT HERMINIO SAMPAIO;;;;Colisão;;;;Cruz;Pare;Misto;0;0;2;0;0;0;0;0;0;0;0;0;-38,562028;-3,726645;;;
272993;18;12;2015;13:30;0;RD CE-040;;;;KM-04;Colisão;Luz do Dia;;;Meio de Quadra;;;0;0;2;1;0;0;0;0;0;1;0;0;-38,480251;-3,792050;;;
272982;18;12;2015;10:00;0;RD CE-040;;;;KM-10;Colisão;Luz do Dia;;;Meio de Quadra;;;0;0;2;1;0;0;0;0;0;0;0;0;-38,480068;-3,838671;;;
272969;18;12;2015;06:30;0;RD CE-040;;;;KM-14;Colisão;Luz do Dia;;;Meio de Quadra;;;0;2;0;0;0;1;0;0;0;1;0;0;-38,469235;-3,865526;;;
272425;18;12;2015;01:06;0;RUA ANTONIO FIUZA;;;;;Colisão;;;;Meio de Quadra;;;0;1;1;1;0;0;0;0;0;1;0;0;-38,552595;-3,771234;;;
272426;18;12;2015;05:56;0;AV PERIMETRAL;;;;;Colisão;Amanhecer;;;Meio de Quadra;;;0;1;1;1;0;0;0;0;0;1;0;0;;;;;
272427;18;12;2015;07:15;0;RUA BAR AQUIRAZ;;;;;Colisão;Luz do Dia;;;Meio de Quadra;;;0;1;0;0;0;0;0;0;0;0;0;0;;;;;
272436;18;12;2015;12:34;19819;RUA AMADEU FURTADO;RUA PDE GUERRA;;;;Colisão;Luz do Dia;;;Cruz;Pare;Residencial;0;1;0;1;0;0;0;0;0;0;0;0;-38,563148;-3,740043;;;
272438;18;12;2015;12:51;17632;RUA AFONSO LOPES;RUA JOAO FRANCA (PQ. 2 IRMÃOS);;;;Colisão;Luz do Dia;;;Cruz;Pare;Residencial;0;1;1;1;0;0;0;0;0;1;0;0;-38,549010;-3,795689;;;
272429;18;12;2015;10:43;0;AV JOSE BASTOS;;;;;Colisão;Luz do Dia;;;Meio de Quadra;;;0;1;0;0;0;0;0;0;0;1;0;0;-38,551867;-3,751411;;;
272430;18;12;2015;08:11;0;AV CASTELO DE CASTRO;;;1003;;Atropelamento;Luz do Dia;;;Meio de Quadra;;;0;1;1;0;0;0;0;0;0;1;0;0;-38,521727;-3,838284;;;
272431;18;12;2015;09:24;0;RUA PLACIDO DE CASTRO;;;;;Colisão;Luz do Dia;;;Meio de Quadra;;;0;1;0;0;0;0;0;0;0;0;0;0;;;;;
272432;18;12;2015;09:55;0;RUA CABO VERDE;;;;;Atropelamento;Luz do Dia;;;Meio de Quadra;;;0;1;0;0;0;0;0;0;0;0;0;0;-38,521988;-3,850747;;;
272433;18;12;2015;09:58;0;AV GAL OSORIO DE PAIVA;;;;;Queda;Luz do Dia;;;Meio de Quadra;;;0;1;0;0;0;1;0;0;0;0;0;0;;;;;
272434;18;12;2015;10:20;0;AV PRS CASTELO BRANCO;;;4728;FARMACIA PAGUE MENOS;Atropelamento;Luz do Dia;;;Meio de Quadra;;;0;1;0;0;0;0;0;0;0;0;0;0;-38,574068;-3,706329;;;
272474;18;12;2015;21:04;0;AV ENG ALBERTO SA;;;;;Colisão;;;;Meio de Quadra;;;0;1;0;0;0;0;0;0;0;1;0;0;-38,472404;-3,735535;;;
272440;18;12;2015;15:46;23833;RUA ISMAEL PORDEUS;RUA MANUEL RODRIGUES;;;;Colisão;Luz do Dia;;;;;;0;1;1;0;1;0;0;0;0;1;0;0;-38,467488;-3,722105;;;
272441;18;12;2015;16:48;24372;AV LUCIANO CARNEIRO;RUA ALM RUFINO;;;;Colisão;Luz do Dia;;;Cruz;Semáforo;Comercial;0;1;0;0;0;0;0;0;0;1;0;0;-38,537195;-3,766580;;;
272444;18;12;2015;16:56;22147;RUA GUSTAVO BRAGA;RUA PAPI JUNIOR;;;;Colisão;Luz do Dia;;;Cruz;Pare;Residencial;0;1;1;1;0;0;0;0;0;1;0;0;-38,554656;-3,749148;;;
272445;18;12;2015;18:10;0;RUA ILDEFONSO ALBANO;;;;;Colisão;Anoitecer;;;Meio de Quadra;;;0;1;0;0;0;0;0;0;0;0;0;0;-38,516463;-3,742923;;;