COD_ACIDENTE;DIA;MES;ANO;HORA;INTERSECAO;LOG1;LOG2;LOG3;NUMERO;REFERENCIA;NATUREZA;ILUMINACAO;TEMPO;SUPERFICIEPISTA;TIPOCRUZAMENTO;CONTROLETRAFEGO;USOSOLO;MORTOS;FERIDOS;ILESOS;AUTOMOVEL;ONIBUS;BICICLETA;CAMINHAO;MICROONIBUS;CICLOMOTOR;MOTOCICLETA;TRACAOANIMAL;TREM;LONG;LAT;;;
272446;18;12;2015;20:45;0;RD BR 116;;;13000;KM-13;Queda;;;;Meio de Quadra;;;0;1;0;0;0;0;0;0;0;1;0;0;-38,497727;-3,864670;;;
272471;18;12;2015;20:57;0;RUA VALPARAISO;;;;;Colisão;;;;Meio de Quadra;;;0;1;0;0;0;0;0;0;0;0;0;0;;;;;
272480;18;12;2015;22:22;0;RUA FRANCISCO GLICERIO;;;;;Colisão;;;;Meio de Quadra;;;0;1;1;1;0;0;0;0;0;1;0;0;;;;;
272477;18;12;2015;21:22;0;AV GODOFREDO MACIEL;;;;;Colisão;;;;Meio de Quadra;;;0;1;1;1;0;0;0;0;0;1;0;0;-38,565593;-3,782461;;;
272478;18;12;2015;21:24;0;AV 13 DE MAIO;;;;;Queda;;;;Meio de Quadra;;;0;1;0;0;0;0;0;0;0;1;0;0;;;;;
272486;18;12;2015;22:40;0;RUA SEN POMPEU;;;;;Atropelamento;;;;Meio de Quadra;;;0;1;1;0;0;0;0;0;0;1;0;0;;;;;
272487;18;12;2015;22:51;0;RUA FAUSTO AGUIAR;;;;;Colisão;;;;Meio de Quadra;;;0;1;1;1;0;0;0;0;0;1;0;0;;;;;
273182;18;12;2015;21:01;0;AV ENG ALBERTO SA;;;;;Colisão;;;;Meio de Quadra;;;0;0;2;0;0;0;0;0;0;0;0;0;;;;;
272583;18;12;2015;15:00;5443;RUA METON DE ALENCAR;RUA SOLON PINHEIRO;;;;Colisão;Luz do Dia;;;Cruz;Semáforo;Misto;0;0;2;1;0;0;0;0;0;0;0;0;-38,527697;-3,734622;;;
272556;18;12;2015;13:00;3820;AV CARAPINIMA;AV 13 DE MAIO;;;;Colisão Lateral;Luz do Dia;;;Cruz;Semáforo;Comercial;0;1;1;0;0;0;0;0;0;1;0;0;-38,540239;-3,740001;;;
269305;18;12;2015;13:00;0;AV PONTES VIEIRA;;;3000;;Colisão Lateral;Luz do Dia;;;Meio de Quadra;;;0;0;2;1;0;0;0;0;0;1;0;0;;;;;
269299;18;12;2015;08:55;0;RUA ADOLFO MARINHO (VILA VELHA);;;1573;;Colisão Lateral;Luz do Dia;;;Meio de Quadra;;;0;0;3;1;1;0;0;0;0;0;0;0;;;;;
269291;18;12;2015;09:50;5146;RUA GUILHERME ROCHA;RUA PRC ISABEL;;;;Colisão Transversal;Luz do Dia;;;Cruz;Pare;Comercial;0;1;1;1;0;0;0;0;0;1;0;0;-38,534931;-3,724720;;;
269286;18;12;2015;10:30;0;RUA ALBERTO MAGNO;;;1040;;Colisão Lateral;Luz do Dia;;;Meio de Quadra;;;0;0;2;1;0;0;1;0;0;0;0;0;-38,549364;-3,764186;;;
269280;18;12;2015;08:00;22158;AV JOSE BASTOS;RUA GUSTAVO BRAGA;;;;Atropelamento;Luz do Dia;;;T;Não Há Controle;Comercial;0;2;0;0;0;0;0;0;0;1;0;0;-38,551989;-3,751535;;;
269277;18;12;2015;13:30;0;RUA EVARISTO REIS;;;194;;Colisão Transversal;Luz do Dia;;;Meio de Quadra;;;0;0;2;1;0;0;0;0;0;1;0;0;-38,509406;-3,761081;;;
269267;18;12;2015;22:30;19306;AV GAL OSORIO DE PAIVA;RUA EDUARDO PERDIGAO;;;;Colisão Lateral;;;;Cruz;Semáforo;Comercial;0;0;2;1;1;0;0;0;0;0;0;0;-38,565454;-3,774747;;;
269272;18;12;2015;18:00;0;AV EDUARDO GIRAO;;;301;;Colisão Traseira;Anoitecer;;;Meio de Quadra;;;0;0;2;1;0;0;0;0;0;0;0;0;-38,539235;-3,749316;;;
269389;18;12;2015;19:20;9140;AV FELINO BARROSO;RUA PDE BARBOSA DE JESUS;;;;Colisão Transversal;;;;;;;0;0;1;1;0;0;0;0;0;0;0;0;-38,527957;-3,749106;;;
269383;18;12;2015;19:30;22147;RUA GUSTAVO BRAGA;RUA PAPI JUNIOR;;;;Colisão Transversal;;;;Cruz;Pare;Residencial;0;1;1;1;0;0;0;0;0;1;0;0;-38,554656;-3,749148;;;
269373;18;12;2015;19:10;0;AV GOV RAUL BARBOSA;;;4262;;Colisão Frontal;;;;Meio de Quadra;;;0;0;2;1;0;0;1;0;0;0;0;0;-38,507689;-3,761633;;;
269369;18;12;2015;19:45;0;AV JOR JOAO RAMOS;;;653;;Choque c/ Obstáculo Fixo;;;;Meio de Quadra;;;0;1;0;0;0;0;0;0;0;1;0;0;;;;;
269365;18;12;2015;02:10;3325;RUA 3 DE MAIO;RUA ARGENTINA;;;;Choque c/ Obstáculo Fixo;;;;Cruz;Pare;Residencial;0;0;1;1;0;0;0;0;0;0;0;0;-38,565363;-3,748195;;;
269345;18;12;2015;04:50;0;AV GAL OSORIO DE PAIVA;;;2982;;Engavetamento;;;;Meio de Quadra;;;0;3;2;1;0;0;0;0;0;1;0;0;-38,587085;-3,789314;;;
269338;18;12;2015;10:30;722;RUA ENG JOAO NOGUEIRA;AV TEN LISBOA;;;;Colisão;Luz do Dia;;;;;;0;0;2;1;0;0;0;0;1;0;0;0;-38,562585;-3,719515;;;
269317;18;12;2015;18:15;19712;AV BEZERRA DE MENEZES;RUA JOSE PONTES;;;;Colisão Transversal;Anoitecer;;;T;Pare;Comercial;0;0;2;1;0;0;1;0;0;0;0;0;-38,568324;-3,736463;;;
269315;18;12;2015;21:40;0;AV DR THEBERGE;;;;;Colisão Transversal;;;;Meio de Quadra;;;0;0;1;1;0;0;0;0;0;0;0;0;;;;;
269449;19;12;2015;20:05;1338;AV BAR STUDART;RUA TORRES CAMARA;;;;Atropelamento;;;;Cruz;Semáforo;Comercial;0;1;1;0;0;0;0;0;0;0;0;0;-38,506944;-3,735624;;;
269426;19;12;2015;19:30;0;AV ANTONIO SALES;;;920;;Colisão Traseira;;;;Meio de Quadra;;;0;0;3;1;0;0;0;0;0;0;0;0;-38,513455;-3,742024;;;
269636;19;12;2015;17:30;12614;AV CEL CARVALHO;RUA COS LAFAYETE;;;;Colisão Transversal;Anoitecer;;;Cruz;Semáforo Intermitente;Comercial;0;1;1;1;0;0;0;0;0;1;0;0;-38,587938;-3,717512;;;
272611;19;12;2015;17:00;26248;AV SAUDADE D68;RUA PRO MOREIRA DE SOUSA (PASSARE);;;;Colisão;Anoitecer;;;;;;0;1;1;0;0;0;0;0;0;1;0;0;-38,528638;-3,810985;;;
272645;19;12;2015;18:00;0;AV CONTORNO SUL;;;613;;Atropelamento;Anoitecer;;;Meio de Quadra;;;0;3;0;1;0;0;0;0;0;1;0;0;-38,517796;-3,835975;;;
269603;19;12;2015;12:50;24943;AV ABOLICAO;AV ALM HENRIQUE SABOIA;;;;Colisão Lateral;Luz do Dia;;;T;Semáforo;Comercial;0;1;1;1;0;0;0;0;0;1;0;0;-38,479798;-3,722615;;;
269598;19;12;2015;12:20;7862;AV ANTONIO SALES;RUA PRO DIAS DA ROCHA;;;;Colisão;Luz do Dia;;;Cruz;Pare;Comercial;0;1;1;1;0;0;0;0;0;1;0;0;-38,495535;-3,747586;;;
269615;19;12;2015;14:40;0;RUA BARBOSA DE FREITAS;;;2033;;Colisão Traseira;Luz do Dia;;;Meio de Quadra;;;0;0;2;1;0;0;0;0;0;0;0;0;-38,499761;-3,744013;;;
269566;19;12;2015;10:15;15204;AV ABOLICAO;RUA JULIO IBIAPINA;;;;Colisão Traseira;Luz do Dia;;;Cruz;Semáforo;Comercial;0;0;2;1;1;0;0;0;0;0;0;0;-38,491290;-3,726679;;;
269564;19;12;2015;08:00;0;AV JOAO DE ARAUJO LIMA;;;380;;Colisão Lateral;Luz do Dia;;;Meio de Quadra;;;0;1;1;1;0;0;0;0;0;1;0;0;-38,558849;-3,824611;;;
269559;19;12;2015;14:40;0;RUA VITORIA (AV. PERIMETRAL);;;1019;;Colisão Lateral;Luz do Dia;;;Meio de Quadra;;;0;2;0;0;0;0;0;0;0;1;0;0;-38,586781;-3,761875;;;
269487;19;12;2015;01:15;11285;RUA FRANCISCO GLICERIO;RUA CARLOS STUDART;;;;Colisão Transversal;;;;Cruz;Pare;Comercial;0;1;1;1;0;0;0;0;0;1;0;0;-38,568900;-3,796234;;;
269499;19;12;2015;02:00;1456;AV SANTOS DUMONT;RUA CEL JUCA;;;;Choque c/ Obstáculo Fixo;;;;Cruz;Semáforo;Comercial;0;1;0;1;0;0;0;0;0;0;0;0;-38,491530;-3,738438;;;
269492;19;12;2015;23:15;12637;RUA GUILHERME MENDES;RUA MISERICORDIA;;;;Colisão Transversal;;;;;;;0;1;1;0;0;0;0;0;0;1;0;0;-38,585255;-3,720811;;;
269471;19;12;2015;11:00;5142;RUA CASTRO E SILVA;RUA CONDE D´EU;;;;Colisão Lateral;Luz do Dia;;;Outros;Semáforo;Comercial;0;0;2;1;1;0;0;0;0;0;0;0;-38,525072;-3,724606;;;
269478;19;12;2015;10:50;1716;AV GOV RAUL BARBOSA;RUA CAP ARAGAO;;;;Colisão Lateral;Luz do Dia;;;;;;0;0;2;1;0;0;1;0;0;0;0;0;-38,508802;-3,763977;;;
269520;19;12;2015;15:20;19252;AV JOAO PESSOA;RUA LIVINO DE CARVALHO;;;;Colisão Transversal;Luz do Dia;;;T;;;0;1;1;1;0;0;0;0;0;1;0;0;-38,561062;-3,770275;;;
269512;19;12;2015;19:00;25261;AV LINEU MACHADO;RUA DR SULIANO;;;;Colisão Traseira;;;;Cruz;Pare;Comercial;0;0;2;1;0;0;0;0;0;0;0;0;;;;;
269508;19;12;2015;14:20;19805;AV ENG HUMBERTO MONTE;RUA JOSE PONTES;;;;Colisão Lateral;Luz do Dia;;;Cruz;Semáforo;Comercial;0;0;2;1;0;0;0;0;0;0;0;0;-38,568553;-3,739413;;;
269542;19;12;2015;12:40;19363;AV GAL OSORIO DE PAIVA;RUA IGUAPE;;;;Colisão Transversal;Luz do Dia;;;T;Não Há Controle;Comercial;0;1;1;1;0;0;0;0;0;1;0;0;-38,568617;-3,776964;;;
269531;19;12;2015;14:15;15347;AV DOM LUIS;RUA TIBURCIO CAVALCANTE;;;;Colisão Lateral;Luz do Dia;;;T;Semáforo;Comercial;0;0;2;0;1;0;0;0;0;0;0;0;-38,501313;-3,732021;;;
269527;19;12;2015;14:40;7775;AV ANTONIO SALES;AV BAR STUDART;;;;Colisão Lateral;Luz do Dia;;;Cruz;Semáforo;Comercial;0;0;2;1;1;0;0;0;0;0;0;0;-38,509378;-3,743288;;;
273183;19;12;2015;10:11;6285;AV G CJ CEARA;AV C CJ CEARA;;;;Colisão;Luz do Dia;;;T;Não Há Controle;Residencial;0;0;2;0;0;0;0;0;0;0;0;0;;;;;
273184;19;12;2015;11:37;0;RUA URUCUTUBA;;;;;Colisão;Luz do Dia;;;Meio de Quadra;;;0;0;2;0;0;0;0;0;0;0;0;0;;;;;
273186;19;12;2015;11:54;0;RUA URUCUTUBA;;;;;Colisão;Luz do Dia;;;Meio de Quadra;;;0;0;2;0;0;0;0;0;0;0;0;0;;;;;
273187;19;12;2015;13:31;0;RUA ESPIRITO SANTO;;;;;Atropelamento;Luz do Dia;;;Meio de Quadra;;;0;0;2;0;0;0;0;0;0;0;0;0;;;;;
273197;19;12;2015;16:10;1303;RUA BARBOSA DE FREITAS;AV DOM LUIS;;;;Colisão;Luz do Dia;;;;Não Há Controle;Comercial;0;0;2;0;0;0;0;0;0;0;0;0;-38,496396;-3,733564;;;
273198;19;12;2015;16:13;0;RUA COS LAFAYETE;;;;;Colisão;Luz do Dia;;;Meio de Quadra;;;0;0;2;0;0;0;0;0;0;0;0;0;;;;;
273199;19;12;2015;15:23;13423;AV ANTONIO SALES;RUA MON BRUNO;;;;Atropelamento;Luz do Dia;;;Cruz;Pare;Comercial;0;0;2;0;0;0;0;0;0;0;0;0;-38,512634;-3,742276;;;
273190;19;12;2015;15:17;0;AV H CJ CEARA;;;;;Colisão;Luz do Dia;;;Meio de Quadra;;;0;0;2;0;0;0;0;0;0;0;0;0;;;;;
273191;19;12;2015;15:18;2809;RUA BOM JESUS (GRANJA LISBOA);RUA ITU;;;;Atropelamento;Luz do Dia;;;;;;0;0;2;0;0;0;0;0;0;0;0;0;-38,603531;-3,793664;;;
273192;19;12;2015;15:52;0;AV PRS CASTELO BRANCO;;;;;Colisão;Luz do Dia;;;Meio de Quadra;;;0;0;2;0;0;0;0;0;0;0;0;0;;;;;
273222;19;12;2015;20:39;4319;AV JOSE SABOIA;AV VICENTE DE CASTRO;;;;Colisão;;;;Cruz;Não Há Controle;Comercial;0;0;2;0;0;0;0;0;0;0;0;0;-38,473200;-3,713785;;;
273223;19;12;2015;20:40;0;AV TEN LISBOA;;;;;Atropelamento;;;;Meio de Quadra;;;0;0;2;0;0;0;0;0;0;0;0;0;;;;;
273224;19;12;2015;20:48;0;AV SEN FERNANDES TAVORA;;;;;Colisão;;;;Meio de Quadra;;;0;0;2;0;0;0;0;0;0;0;0;0;;;;;
273219;19;12;2015;19:57;0;AV PERIMETRAL;;;;;Colisão;;;;Meio de Quadra;;;0;0;2;0;0;0;0;0;0;0;0;0;;;;;
273220;19;12;2015;20:17;4087;AV FRANCISCO SA;RUA LUCAS PINTO;;;;Colisão;;;;Cruz;Não Há Controle;Comercial;0;0;2;0;0;0;0;0;0;0;0;0;-38,559268;-3,716763;;;
273217;19;12;2015;19:53;0;AV GOV RAUL BARBOSA;;;;;Colisão;;;;Meio de Quadra;;;0;1;1;0;0;0;0;0;0;0;0;0;;;;;
273227;19;12;2015;22:51;0;RUA PRO JACINTO BOTELHO;;;;;Colisão;;;;Meio de Quadra;;;0;0;2;0;0;0;0;0;0;0;0;0;;;;;
273228;19;12;2015;22:55;0;RUA PARAGUACU D45;;;;;Atropelamento;;;;Meio de Quadra;;;0;0;2;0;0;0;0;0;0;0;0;0;;;;;
273214;19;12;2015;19:33;0;RUA 101 CJ NOVO MONDUBIM;;;;;Colisão;;;;Meio de Quadra;;;0;0;2;0;0;0;0;0;0;0;0;0;;;;;
273215;19;12;2015;19:35;4875;RUA JARDIM FLUMINENSE;RUA CON DE CASTRO;;;;Colisão;;;;T;Semáforo;Residencial;0;0;2;0;0;0;0;0;0;0;0;0;-38,597948;-3,812831;;;
273212;19;12;2015;19:00;19667;RUA DOM LINO;AV BEZERRA DE MENEZES;;;;Colisão;;;;;;;0;0;2;0;0;0;0;0;0;0;0;0;-38,557568;-3,734232;;;
273210;19;12;2015;18:59;25890;AV H CJ CEARA;RUA BARRA VERMELHA;;;;Colisão;;;;Cruz;Não Há Controle;Residencial;0;0;2;0;0;0;0;0;0;0;0;0;-38,611523;-3,775983;;;
273208;19;12;2015;18:34;0;RUA PASSEIO DOS CAJUEIROS;;;;;Colisão;;;;Meio de Quadra;;;0;0;2;0;0;0;0;0;0;0;0;0;;;;;
273206;19;12;2015;18:29;348;RUA CESAR FONTENELE;RUA PRO LINO ENCARNACAO;;;;Colisão;Anoitecer;;;Cruz;Pare;Misto;0;0;2;0;0;0;0;0;0;0;0;0;-38,559596;-3,746359;;;
273203;19;12;2015;16:47;0;RUA MANACA;;;;;Colisão;Luz do Dia;;;Meio de Quadra;;;0;0;2;0;0;0;0;0;0;0;0;0;;;;;
273204;19;12;2015;17:03;24001;RUA STO AMARO DO PICI;AV TRAJANO DE MEDEIROS;;;;Queda;Anoitecer;;;;;;0;0;1;0;0;0;0;0;0;1;0;0;;;;;
273201;19;12;2015;16:45;13735;RUA CAIO CID;RUA NELSON STUDART;;;;Colisão;Luz do Dia;;;Cruz;Pare;Misto;0;0;2;0;0;0;0;0;0;0;0;0;-38,484694;-3,773571;;;
273195;19;12;2015;15:58;0;RUA BAR AQUIRAZ;;;;;Colisão;Luz do Dia;;;Meio de Quadra;;;0;0;2;0;0;0;0;0;0;0;0;0;;;;;
273243;19;12;2015;22:06;0;RUA BOUGAVILLES;;;;;Colisão;;;;Meio de Quadra;;;0;0;2;0;0;0;0;0;0;0;0;0;;;;;
272488;19;12;2015;01:31;0;RUA CON DE CASTRO;;;;;Colisão;;;;Meio de Quadra;;;0;1;1;1;0;0;0;0;0;1;0;0;;;;;
272489;19;12;2015;01:32;0;RUA MOZART FIRMEZA;;;;;Colisão;;;;Meio de Quadra;;;0;1;1;1;0;0;0;0;0;1;0;0;;;;;
272490;19;12;2015;02:31;0;RUA ARTUR DE CARVALHO;;;;;Colisão;;;;Meio de Quadra;;;0;1;0;0;0;0;0;0;0;0;0;0;;;;;
272491;19;12;2015;03:25;0;AV SEN CARLOS JEREISSATI (AEROPORTO);;;;;Queda;;;;Meio de Quadra;;;0;1;0;0;0;0;0;0;0;1;0;0;;;;;
272492;19;12;2015;04:11;2646;RUA RAIMUNDO FROTA;RUA JACI;;;;Colisão;;;;;;;0;1;1;0;0;0;0;0;0;1;0;0;-38,585317;-3,714868;;;
272493;19;12;2015;04:33;0;AV MR HULL;;;;;Colisão;;;;Meio de Quadra;;;0;1;0;1;0;0;0;0;0;0;0;0;;;;;
272495;19;12;2015;07:03;0;AV PRS CASTELO BRANCO;;;;;Colisão;Luz do Dia;;;Meio de Quadra;;;0;1;0;0;0;0;0;0;0;1;0;0;-38,551302;-3,712902;;;
272496;19;12;2015;08:13;0;RUA VALPARAISO;;;200;;Choque c/ Obstáculo Fixo;Luz do Dia;;;Meio de Quadra;;;1;0;0;0;0;0;0;0;0;1;0;0;-38,505878;-3,851227;;;
272497;19;12;2015;08:59;0;RUA BOA VISTA;;;;;Colisão;Luz do Dia;;;Meio de Quadra;;;0;1;1;1;0;0;0;0;0;1;0;0;;;;;
272498;19;12;2015;09:58;0;ET DO ITAPERI;;;395;;Atropelamento;Luz do Dia;;;Meio de Quadra;;;1;1;1;0;0;0;0;0;0;1;0;0;;;;;
272499;19;12;2015;15:21;0;RUA DA SAUDADE;;;;;Colisão;Luz do Dia;;;Meio de Quadra;;;0;1;0;0;0;0;0;0;0;0;0;0;;;;;
272500;19;12;2015;16:05;17373;AV PRO GOMES DE MATOS;RUA CEL ALEXANDRINO;;;;Colisão;Luz do Dia;;;Cruz;Pare;Comercial;0;1;1;1;0;0;0;0;0;1;0;0;-38,550403;-3,766732;;;
272502;19;12;2015;16:27;0;RD BR 116;;;10000;KM-10;Colisão;Luz do Dia;;;Meio de Quadra;;;0;1;0;0;0;0;0;0;0;1;0;0;-38,503373;-3,834435;;;
272503;19;12;2015;17:02;24893;AV MAJ ASSIS;RUA ANTONIO ARRUDA;;;;Colisão;Anoitecer;;;Cruz;Pare;Residencial;0;1;1;1;0;0;0;0;0;1;0;0;-38,594566;-3,722056;;;
272505;19;12;2015;17:26;1716;AV GOV RAUL BARBOSA;AV GAL MURILO BORGES;;;;Colisão;Anoitecer;;;;;;0;1;0;0;0;0;0;0;0;1;0;0;-38,508802;-3,763977;;;
272506;19;12;2015;17:29;0;RUA CASTRO DE ALENCAR;;;;;Atropelamento;Anoitecer;;;Meio de Quadra;;;0;1;0;1;0;0;0;0;0;0;0;0;-38,504722;-3,782425;;;
272507;19;12;2015;17:43;12614;AV CEL CARVALHO;AV WASHINGTON LUIS;;;;Colisão;Anoitecer;;;;;;0;1;1;1;0;0;0;0;0;1;0;0;-38,587938;-3,717512;;;
272510;19;12;2015;18:03;8660;AV WASHINGTON SOARES;AV EDILSON B SOARES;;;;Colisão;Anoitecer;;;Outros;Semáforo;Comercial;0;1;0;0;0;0;0;0;0;1;0;0;-38,480489;-3,789444;;;
272511;19;12;2015;20:06;0;AV BAR STUDART;;;;;Atropelamento;;;;Meio de Quadra;;;0;1;1;1;0;0;0;0;0;0;0;0;-38,504358;-3,727631;;;
272513;19;12;2015;22:55;0;RUA 15 DE NOVEMBRO;;;;;Queda;;;;Meio de Quadra;;;0;1;0;0;0;1;0;0;0;0;0;0;-38,558345;-3,768055;;;
272515;19;12;2015;23:21;0;AV CEL CARVALHO;;;;;Colisão;;;;Meio de Quadra;;;0;1;1;1;0;0;0;0;0;1;0;0;-38,587116;-3,720572;;;
269640;19;12;2015;16:15;24985;AV ALM HENRIQUE SABOIA;AV JANGADEIROS (MUCURIPE);;;;Colisão Lateral;Luz do Dia;;;Com Via Férrea;;Residencial;0;1;1;0;1;0;0;0;0;1;0;0;;;;;
269644;19;12;2015;07:30;16057;AV GODOFREDO MACIEL;AV WENEFRIDO MELO;;;;Colisão Traseira;Luz do Dia;;;;;;0;0;3;1;1;0;0;0;0;0;0;0;-38,574739;-3,811743;;;
272997;19;12;2015;14:30;0;AV SEN CARLOS JEREISSATI (AEROPORTO);;;;KM 02;Colisão;Luz do Dia;;;Meio de Quadra;;;0;0;2;1;0;0;0;0;0;0;0;0;-38,529156;-3,783932;;;
273001;19;12;2015;15:30;0;RD CE-040;;;;KM-07;Colisão;Luz do Dia;;;Meio de Quadra;;;0;3;0;1;0;0;0;0;0;1;0;0;-38,483160;-3,817953;;;
273021;19;12;2015;16:00;0;RD CE-040;;;;KM-04;Colisão;Luz do Dia;;;Meio de Quadra;;;0;0;2;1;0;0;1;0;0;0;0;0;-38,480251;-3,792050;;;
273014;19;12;2015;15:45;0;RD CE-040;;;;KM-05;Colisão;Luz do Dia;;;Meio de Quadra;;;0;0;2;1;0;0;0;0;0;0;0;0;-38,480349;-3,790876;;;
266960;19;12;2015;17:22;0;RUA BARBOSA DE FREITAS;;;;;Colisão;Anoitecer;;;Meio de Quadra;;;0;0;2;1;0;0;0;0;0;0;0;0;;;;;
266961;19;12;2015;21:36;10300;AV SEN FERNANDES TAVORA;RUA JOSE MENDONCA;;;;Colisão;;;;Cruz;Pare;Comercial;0;0;2;1;0;0;0;0;0;0;0;0;-38,601696;-3,754492;;;
268481;19;12;2015;12:03;0;AV PRS CASTELO BRANCO;;;1287;MARINHA;Colisão Lateral;Luz do Dia;;;Meio de Quadra;;;0;1;1;1;0;0;0;0;0;1;0;0;-38,543758;-3,714914;;;
259431;19;12;2015;22:30;0;RD BR 116;;;5000;KM-05;Colisão Lateral;Via Iluminada;Bom;Seca;Meio de Quadra;Não Há Controle;Comercial;1;1;0;0;0;0;0;0;0;1;0;0;-38,506787;-3,796502;;;
259434;19;12;2015;22:40;0;RD BR 116;;;5000;KM-05;Colisão Traseira;Via Iluminada;Bom;Seca;Meio de Quadra;Não Há Controle;Comercial;0;0;3;1;0;0;0;0;0;0;0;0;-38,506787;-3,796502;;;
273027;20;12;2015;10:30;0;RD CE-040;;;;KM-06;Colisão;Luz do Dia;;;Meio de Quadra;;;0;1;3;1;0;0;0;0;0;0;0;0;-38,478781;-3,811270;;;
272970;20;12;2015;23:15;0;RUA ALM JACEGUAI;;;;;Colisão;;;;Meio de Quadra;;;0;1;0;0;0;0;0;0;0;0;0;0;;;;;
272973;20;12;2015;23:53;15309;RUA TEN BENEVOLO;RUA JOSE VILAR;;;;Atropelamento;;;;Cruz;Semáforo;Residencial;0;1;0;0;0;0;0;0;0;0;0;0;-38,502809;-3,730049;;;
272941;20;12;2015;19:20;0;AV PERIMETRAL;;;;;Atropelamento;;;;Meio de Quadra;;;0;1;1;0;0;0;0;0;0;1;0;0;;;;;
272932;20;12;2015;18:47;0;RUA CON DE CASTRO;;;;;Queda;;;;Meio de Quadra;;;0;1;0;0;0;0;0;0;0;1;0;0;;;;;
272950;20;12;2015;20:30;0;RUA OSCAR ARARIPE;;;;;Atropelamento;;;;Meio de Quadra;;;0;1;1;1;0;0;0;0;0;0;0;0;-38,618585;-3,785101;;;
272956;20;12;2015;20:41;0;AV GAL OSORIO DE PAIVA;;;;;Colisão;;;;Meio de Quadra;;;0;1;1;1;0;0;0;0;0;1;0;0;;;;;
272960;20;12;2015;21:13;0;AV SEN FERNANDES TAVORA;;;;;Colisão;;;;Meio de Quadra;;;0;1;0;0;0;0;0;0;0;0;0;0;;;;;
272895;20;12;2015;08:56;206;RUA PDE PERDIGAO SAMPAIO;RUA TEN QUEIROZ;;;;Colisão;Luz do Dia;;;;;;0;1;1;1;0;0;0;0;0;1;0;0;-38,593846;-3,745568;;;
272900;20;12;2015;12:17;0;AV IMPERADOR;;;;;Atropelamento;Luz do Dia;;;Meio de Quadra;;;0;1;1;1;0;0;0;0;0;0;0;0;;;;;
272903;20;12;2015;12:34;10807;RUA AUDISIO PINHEIRO;RUA PORTO VELHO;;;;Colisão;Luz do Dia;;;Cruz;;;0;1;0;0;0;0;0;0;0;0;0;0;-38,591490;-3,763570;;;
272904;20;12;2015;12:42;4213;RUA RAQUEL HOLANDA;RUA BAR CRATO;;;;Colisão;Luz do Dia;;;Cruz;Pare;Residencial;0;1;1;1;0;0;0;0;0;1;0;0;-38,558927;-3,721069;;;
272910;20;12;2015;13:20;0;RUA JOVINO VERISSIMO;;;;;Queda;Luz do Dia;;;Meio de Quadra;;;0;1;0;0;0;0;0;0;0;1;0;0;;;;;
272911;20;12;2015;13:27;0;AV CARNEIRO DE MENDONCA;;;;;Colisão;Luz do Dia;;;Meio de Quadra;;;0;1;1;1;0;0;0;0;0;1;0;0;;;;;
272913;20;12;2015;13:49;0;AV DIOGUINHO;;;;;Colisão;Luz do Dia;;;Meio de Quadra;;;0;1;1;1;0;0;0;0;0;1;0;0;;;;;
272914;20;12;2015;15:17;0;AV GAL OSORIO DE PAIVA;;;;;Colisão;Luz do Dia;;;Meio de Quadra;;;0;1;1;1;0;0;0;0;0;1;0;0;;;;;
272915;20;12;2015;15:32;0;AV CEL CARVALHO;;;;;Colisão;Luz do Dia;;;Meio de Quadra;;;0;1;1;1;0;0;0;0;0;1;0;0;;;;;
272925;20;12;2015;16:41;0;AV A CJ ESPERANCA;;;;;Queda;Luz do Dia;;;Meio de Quadra;;;0;1;0;0;0;0;0;0;0;1;0;0;;;;;
272929;20;12;2015;17:58;0;AV PRO GOMES DE MATOS;;;;;Queda;Anoitecer;;;Meio de Quadra;;;0;1;0;0;0;0;0;0;0;1;0;0;-38,541247;-3,756058;;;
272930;20;12;2015;18:04;0;RUA VINICIUS DE MORAES;;;;;Colisão;Anoitecer;;;Meio de Quadra;;;0;1;1;1;0;0;0;0;0;1;0;0;;;;;
272927;20;12;2015;16:45;0;AV WASHINGTON SOARES;;;;;Queda;Luz do Dia;;;Meio de Quadra;;;0;1;0;0;0;0;0;0;0;1;0;0;;;;;
272921;20;12;2015;16:34;0;RUA ANTONIETA CLOTILDE;;;;;Colisão;Luz do Dia;;;Meio de Quadra;;;0;1;1;1;0;0;0;0;0;1;0;0;-38,583644;-3,717146;;;
272922;20;12;2015;16:39;0;AV JOAO PESSOA;;;;;Colisão;Luz do Dia;;;Meio de Quadra;;;0;1;1;1;0;0;0;0;0;1;0;0;;;;;
272919;20;12;2015;16:20;0;RUA PRO GOMES BRASIL;;;;;Atropelamento;Luz do Dia;;;Meio de Quadra;;;0;1;1;0;0;0;0;0;0;1;0;0;;;;;
272917;20;12;2015;15:38;11658;RUA BOA VISTA;RUA TUPI D35;;;;Colisão;Luz do Dia;;;Cruz;Pare;Residencial;0;1;1;1;0;0;0;0;0;1;0;0;-38,584080;-3,770098;;;
269653;20;12;2015;08:40;19957;AV LUCIANO CARNEIRO;RUA STA QUITERIA;;;;Colisão Transversal;Luz do Dia;;;Cruz;Semáforo;Comercial;0;1;1;1;0;0;0;0;0;0;0;0;-38,535339;-3,760537;;;
269659;20;12;2015;19:30;0;AV GAL OSORIO DE PAIVA;;;2821;;Colisão Lateral;;;;Meio de Quadra;;;0;0;2;1;0;0;0;0;0;0;0;0;-38,585939;-3,788189;;;
269665;20;12;2015;18:30;5076;RUA DR JOAO MOREIRA;RUA SEN POMPEU;;;;Colisão Transversal;Anoitecer;;;Cruz;Semáforo Intermitente;Comercial;0;1;1;0;0;0;0;1;0;1;0;0;-38,528275;-3,722400;;;