COD_ACIDENTE;DIA;MES;ANO;HORA;INTERSECAO;LOG1;LOG2;LOG3;NUMERO;REFERENCIA;NATUREZA;ILUMINACAO;TEMPO;SUPERFICIEPISTA;TIPOCRUZAMENTO;CONTROLETRAFEGO;USOSOLO;MORTOS;FERIDOS;ILESOS;AUTOMOVEL;ONIBUS;BICICLETA;CAMINHAO;MICROONIBUS;CICLOMOTOR;MOTOCICLETA;TRACAOANIMAL;TREM;LONG;LAT;;;
269677;20;12;2015;13:00;15333;RUA ANA BILHAR;RUA PRO DIAS DA ROCHA;;;;Queda;Luz do Dia;;;Cruz;Pare;Lazer;0;1;1;1;0;0;0;0;0;1;0;0;-38,490300;-3,731209;;;
269675;20;12;2015;05:30;0;AV J CJ JOSE WALTER;;;;;Capotamento;Amanhecer;;;Meio de Quadra;;;0;1;0;1;0;0;0;0;0;0;0;0;;;;;
269671;20;12;2015;23:10;5075;RUA ALM JACEGUAI;RUA JOSE AVELINO;;;;Colisão Transversal;;;;Cruz;Pare;Comercial;0;1;1;1;1;0;0;0;0;0;0;0;-38,519311;-3,722395;;;
269681;20;12;2015;06:45;13070;AV JOAO DE ARAUJO LIMA;AV C CJ JOSE WALTER;;;;Colisão Traseira;Luz do Dia;;;Cruz;Semáforo;Residencial;0;0;2;0;1;0;1;0;0;0;0;0;-38,559368;-3,827604;;;
269682;20;12;2015;10:00;0;AV RUI BARBOSA;;;1740;;Choque c/ Obstáculo Fixo;Luz do Dia;;;Meio de Quadra;;;0;0;1;0;0;0;0;0;0;0;0;0;;;;;
269686;20;12;2015;09:20;23041;AV DR SILAS MUNGUBA;RUA BRUNO VALENTE;;;;Colisão Transversal;Luz do Dia;;;Cruz;Pare;Comercial;0;1;1;1;0;0;0;0;0;1;0;0;-38,540009;-3,790483;;;
269744;20;12;2015;19:30;12818;RUA ALBERTO MAGNO;RUA ANDRE CHAVES;;;;Colisão Transversal;;;;Cruz;Pare;Comercial;0;1;1;1;0;0;0;0;0;1;0;0;-38,542230;-3,756035;;;
269745;20;12;2015;14:00;0;AV CEL CARVALHO;;;3303;;Capotamento;Luz do Dia;;;Meio de Quadra;;;0;0;1;1;0;0;0;0;0;0;0;0;-38,584571;-3,731421;;;
269746;20;12;2015;08:00;0;AV BORGES DE MELO;;;2121;;Engavetamento;Luz do Dia;;;Meio de Quadra;;;0;0;3;1;1;0;0;0;0;0;0;0;-38,537014;-3,753959;;;
269738;20;12;2015;18:40;5709;AV OLIVEIRA PAIVA;AV DES GONZAGA;;;;Colisão Traseira;;;;Cruz;Semáforo;Lazer;0;0;2;1;0;0;1;0;0;0;0;0;-38,499953;-3,797165;;;
269739;20;12;2015;18:45;0;AV MAE MANOEL MAVIGNIER;;;;;Colisão Frontal;;;;Meio de Quadra;;;0;0;2;1;0;0;0;0;0;0;0;0;;;;;
269742;20;12;2015;06:00;3769;AV DOMINGOS OLIMPIO;RUA SEN POMPEU;;;;Colisão Lateral;Luz do Dia;;;Cruz;Semáforo;Comercial;0;0;2;1;0;0;0;0;0;0;0;0;-38,532455;-3,736254;;;
269750;20;12;2015;04:00;0;AV ROGACIANO LEITE;;;200;;Colisão Lateral;;;;Meio de Quadra;;;0;0;2;1;0;0;0;0;0;0;0;0;-38,491845;-3,758927;;;
269751;20;12;2015;06:00;14679;AV OLIVEIRA PAIVA;RUA PDE JANUARIO CAMPOS;;;;Colisão Transversal;Luz do Dia;;;T;Semáforo;Comercial;0;0;2;1;0;0;0;0;0;0;0;0;-38,489646;-3,796018;;;
269763;20;12;2015;19:00;0;RUA CEARA;;;1153;;Colisão Lateral;;;;Meio de Quadra;;;0;0;2;1;0;0;0;0;0;0;0;0;-38,567242;-3,757993;;;
269764;20;12;2015;15:30;11160;RUA JOSE MENELEU D41;RUA SUECIA;;;;Colisão Transversal;Luz do Dia;;;Cruz;Pare;Residencial;0;0;2;1;0;0;0;0;0;0;0;0;-38,559334;-3,782586;;;
269765;20;12;2015;13:30;17632;RUA AFONSO LOPES;RUA JOAO FRANCA (PQ. 2 IRMÃOS);;;;Colisão Transversal;Luz do Dia;;;Cruz;Pare;Residencial;0;0;2;1;0;0;0;0;0;0;0;0;-38,549010;-3,795689;;;
269760;20;12;2015;10:00;5030;RUA ALM JACEGUAI;AV ALM BARROSO;;;;Colisão Lateral;Luz do Dia;;;T;Semáforo;Lazer;0;0;2;1;1;0;0;0;0;0;0;0;-38,519363;-3,720749;;;
269726;20;12;2015;17:45;7812;RUA JOAQUIM NABUCO;RUA JULIO SIQUEIRA;;;;Colisão Lateral;Anoitecer;;;Cruz;Pare;Residencial;0;3;1;1;0;0;0;0;0;1;0;0;-38,506154;-3,750442;;;
269722;20;12;2015;03:30;0;RUA MON OTAVIO CASTRO;;;650;;Colisão Frontal;;;;Meio de Quadra;;;0;0;2;1;0;0;0;0;0;0;0;0;-38,526744;-3,748719;;;
269717;20;12;2015;17:40;0;AV GAL OSORIO DE PAIVA;;;5360;;Colisão Transversal;Anoitecer;;;Meio de Quadra;;;1;0;1;1;0;1;0;0;0;0;0;0;-38,601530;-3,804152;;;
269713;20;12;2015;18:30;9675;RUA OSCAR ARARIPE;RUA GUARAREMA;;;;Colisão Transversal;Anoitecer;;;Cruz;Pare;Misto;0;2;0;0;0;0;0;0;0;1;0;0;-38,618664;-3,785079;;;
272516;20;12;2015;03:58;0;AV SEN CARLOS JEREISSATI (AEROPORTO);;;;;Queda;;;;Meio de Quadra;;;0;1;0;0;0;0;0;0;0;1;0;0;;;;;
272517;20;12;2015;05:26;0;RUA LEONARDO MOTA;;;;;Queda;Amanhecer;;;Meio de Quadra;;;0;1;0;0;0;0;0;0;0;1;0;0;;;;;
272518;20;12;2015;06:25;0;RUA PORTO VELHO;;;;;Colisão;Luz do Dia;;;Meio de Quadra;;;0;1;1;1;0;0;0;0;0;1;0;0;-38,590931;-3,763860;;;
272519;20;12;2015;07:49;0;RUA CARLOS CHAGAS;;;;;Colisão;Luz do Dia;;;Meio de Quadra;;;0;1;0;0;0;0;0;0;0;1;0;0;;;;;
272520;20;12;2015;08:46;0;AV DR SILAS MUNGUBA;;;;;Colisão;Luz do Dia;;;Meio de Quadra;;;0;1;1;1;0;0;0;0;0;1;0;0;-38,559897;-3,779962;;;
273241;20;12;2015;06:11;0;RUA COM GARCIA;;;;;Colisão;Luz do Dia;;;Meio de Quadra;;;0;0;2;0;0;0;0;0;0;0;0;0;;;;;
273245;20;12;2015;06:57;0;AV LINEU MACHADO;;;;;Colisão;Luz do Dia;;;Meio de Quadra;;;0;0;2;0;0;0;0;0;0;0;0;0;;;;;
273251;20;12;2015;10:42;0;RUA EUCLIDES O DE SOUSA;;;;;Colisão;Luz do Dia;;;Meio de Quadra;;;0;0;2;0;0;0;0;0;0;0;0;0;;;;;
273247;20;12;2015;10:41;0;AV SORIANO ALBUQUERQUE;;;;;Colisão;Luz do Dia;;;Meio de Quadra;;;0;0;2;0;0;0;0;0;0;0;0;0;;;;;
273253;20;12;2015;11:19;15743;RUA MANUEL ARRUDA;RUA HERBENE;;;;Colisão;Luz do Dia;;;Cruz;Pare;Comercial;0;0;2;0;0;0;0;0;0;0;0;0;-38,504019;-3,828948;;;
273233;20;12;2015;04:50;0;RUA GALILEU;;;;;Choque c/ Obstáculo Fixo;;;;Meio de Quadra;;;0;0;1;0;0;0;0;0;0;0;0;0;;;;;
273236;20;12;2015;04:53;4007;RUA DES PRAXEDES;RUA ALBERTO MAGNO;;;;Choque c/ Obstáculo Fixo;;;;Cruz;Semáforo;Comercial;0;0;1;0;0;0;0;0;0;0;0;0;-38,546795;-3,761230;;;
273237;20;12;2015;05:49;0;AV CASTELO DE CASTRO;;;;;Colisão;Amanhecer;;;Meio de Quadra;;;0;0;2;0;0;0;0;0;0;0;0;0;;;;;
273265;20;12;2015;19:03;0;RUA MARIA JULIA;;;;;Colisão;;;;Meio de Quadra;;;0;0;2;0;0;0;0;0;0;0;0;0;;;;;
273270;20;12;2015;19:09;17626;RUA JOSE PEDRA;RUA JOAO FRANCA (PQ. 2 IRMÃOS);;;;Colisão;;;;Cruz;Pare;Residencial;0;0;2;0;0;0;0;0;0;0;0;0;-38,549671;-3,795482;;;
273262;20;12;2015;18:40;2607;RUA JACI;RUA ARQUIMEDES MEMORIA;;;;Atropelamento;;;;Cruz;Não Há Controle;Residencial;0;0;2;0;0;0;0;0;0;0;0;0;-38,585214;-3,713448;;;
273256;20;12;2015;17:05;0;RUA GAL TOME CORDEIRO;;;;;Atropelamento;Anoitecer;;;Meio de Quadra;;;0;0;2;0;0;0;0;0;0;0;0;0;;;;;
273278;20;12;2015;23:29;0;RUA CAMBARA;;;;;Choque c/ Obstáculo Fixo;;;;Meio de Quadra;;;0;0;1;0;0;0;0;0;0;0;0;0;;;;;
273275;20;12;2015;21:13;25231;AV I CJ JOSE WALTER;AV PRS COSTA E SILVA;;;;Colisão;;;;T;Não Há Controle;Residencial;0;0;2;0;0;0;0;0;0;0;0;0;-38,550232;-3,823494;;;
273276;20;12;2015;21:32;15590;RUA CEL JOAO OLIVEIRA;RUA TOME DE SOUZA;;;;Colisão;;;;T;Pare;Residencial;0;0;2;0;0;0;0;0;0;0;0;0;-38,485460;-3,823156;;;
273229;20;12;2015;00:25;0;RUA AZEVEDO BOLAO;;;;;Colisão;;;;Meio de Quadra;;;0;0;2;0;0;0;0;0;0;0;0;0;;;;;
273231;20;12;2015;04:44;0;RUA BAR AQUIRAZ;;;;;Choque c/ Obstáculo Fixo;;;;Meio de Quadra;;;0;0;1;0;0;0;0;0;0;0;0;0;;;;;
273286;21;12;2015;15:55;17898;AV SGT HERMINIO SAMPAIO;RUA DOM MAURICIO;;;;Colisão;Luz do Dia;;;Cruz;Semáforo;Comercial;0;0;2;0;0;0;0;0;0;0;0;0;-38,576842;-3,730570;;;
273257;21;12;2015;00:43;0;AV GAL OSORIO DE PAIVA;;;2319;;Choque c/ Obstáculo Fixo;;;;Meio de Quadra;;;0;0;1;0;0;0;0;0;0;0;0;0;-38,582955;-3,786056;;;
273260;21;12;2015;01:16;0;AV DR SILAS MUNGUBA;;;;;Atropelamento;;;;Meio de Quadra;;;0;0;2;0;0;0;0;0;0;0;0;0;;;;;
273264;21;12;2015;01:51;3211;RUA EMILIO DE MENESES;RUA VERBENA;;;;Colisão;;;;Cruz;Semáforo;Comercial;0;0;2;0;0;0;0;0;0;0;0;0;-38,588838;-3,781344;;;
273272;21;12;2015;11:00;18308;AV HIS RAIMUNDO GIRAO;RUA TOMAS LOPES;;;;Colisão;Luz do Dia;;;Duplo T;Pare;Comercial;0;0;2;0;0;0;0;0;0;0;0;0;-38,515669;-3,720304;;;
273268;21;12;2015;10:31;0;RUA PASSEIO DOS CAJUEIROS;;;50;;Colisão;Luz do Dia;;;Meio de Quadra;;;0;0;2;0;0;0;0;0;0;0;0;0;-38,468134;-3,750745;;;
273284;21;12;2015;11:16;19712;AV BEZERRA DE MENEZES;RUA JOSE PONTES;;;;Colisão;Luz do Dia;;;T;Pare;Comercial;0;0;2;0;0;0;0;0;0;0;0;0;-38,568324;-3,736463;;;
269840;21;12;2015;12:59;0;AV SANTOS DUMONT;;;2829;;Colisão Traseira;Luz do Dia;;;Meio de Quadra;;;0;0;2;0;1;0;0;0;0;0;0;0;-38,498973;-3,736033;;;
269835;21;12;2015;07:50;0;AV GOV RAUL BARBOSA;;;6600;;Colisão Lateral;Luz do Dia;;;Meio de Quadra;;;0;1;1;0;0;0;1;0;0;1;0;0;-38,511745;-3,771974;;;
269830;21;12;2015;10:30;7957;AV PONTES VIEIRA;AV BAR STUDART;;;;Colisão Lateral;Luz do Dia;;;T;Semáforo;Comercial;0;0;2;1;1;0;0;0;0;0;0;0;-38,512361;-3,752590;;;
269820;21;12;2015;16:00;9294;RUA SUZETE PINTO;RUA SIGEFREDO PINHEIRO;;;;Colisão Traseira;Luz do Dia;;;;;;1;0;1;0;0;0;1;0;0;0;0;0;-38,524817;-3,756622;;;
269824;21;12;2015;08:00;9176;AV AGUANAMBI;AV EDUARDO GIRAO;;;;Colisão Lateral;Luz do Dia;;;Rotatória;Cancela;Comercial;0;0;2;1;0;0;0;0;0;0;0;0;-38,523639;-3,755303;;;
269816;21;12;2015;13:35;17387;RUA ZACARIAS GONDIM;RUA PRO TEODORICO;;;;Colisão Transversal;Luz do Dia;;;Cruz;Pare;Misto;0;0;2;1;0;0;0;0;0;0;0;0;-38,558121;-3,767080;;;
269813;21;12;2015;23:10;0;AV DR SILAS MUNGUBA;;;;;Colisão Lateral;;;;Meio de Quadra;;;0;0;2;1;1;0;0;0;0;0;0;0;;;;;
269790;21;12;2015;13:00;0;RUA HUGO VITOR;;;50;;Colisão Traseira;Luz do Dia;;;Meio de Quadra;;;0;0;3;1;0;0;0;0;0;0;0;0;-38,591544;-3,740059;;;
269788;21;12;2015;03:00;22937;AV DR SILAS MUNGUBA;RUA GOV JOAO CARLOS;;;;Colisão;;;;T;Semáforo;Comercial;0;1;1;1;0;1;0;0;0;0;0;0;-38,553910;-3,783950;;;
269781;21;12;2015;02:15;15205;AV ABOLICAO;RUA OSVALDO CRUZ (ALDEOTA);;;;Colisão;;;;Cruz;Não Há Controle;Residencial;0;0;2;1;0;0;0;0;0;0;0;0;-38,497445;-3,726690;;;
272656;21;12;2015;12:00;19650;RUA CON DE CASTRO;RUA AFRANIO PEIXOTO;;;;Colisão;Luz do Dia;;;T;Pare;Residencial;0;1;0;0;0;0;0;0;0;1;0;0;-38,570588;-3,781914;;;
272657;21;12;2015;20:00;0;AV FRANCISCO SA;;;3990;IGREJA-CARLITO PAMPLONA;Colisão;;;;Meio de Quadra;;;0;2;0;1;0;1;0;0;0;0;0;0;-38,560648;-3,716318;;;
272780;21;12;2015;18:48;0;AV BEZERRA DE MENEZES;;;944;;Atropelamento;;;;Meio de Quadra;;;1;0;1;0;1;0;0;0;0;0;0;0;-38,553318;-3,733367;;;
272975;21;12;2015;00:55;0;RUA PORTO VELHO;;;;;Colisão;;;;Meio de Quadra;;;0;1;0;0;0;0;0;0;0;0;0;0;-38,582308;-3,768488;;;
272976;21;12;2015;05:33;0;AV JOAO PESSOA;;;;;Queda;Amanhecer;;;Meio de Quadra;;;0;1;0;0;0;0;0;0;0;1;0;0;-38,553151;-3,756551;;;
272978;21;12;2015;06:19;0;AV SEN CARLOS JEREISSATI (AEROPORTO);;;;;Colisão;Luz do Dia;;;Meio de Quadra;;;0;1;1;1;0;0;0;0;0;1;0;0;;;;;
272979;21;12;2015;07:30;0;AV PRS CASTELO BRANCO;;;;;Queda;Luz do Dia;;;Meio de Quadra;;;0;1;0;0;0;0;0;0;0;1;0;0;;;;;
272986;21;12;2015;08:57;0;AV DR THEBERGE;;;;;Colisão;Luz do Dia;;;Meio de Quadra;;;0;1;0;0;0;0;0;0;0;0;0;0;-38,567331;-3,721956;;;
272992;21;12;2015;10:21;0;AV CARNEIRO DE MENDONCA;;;;;Atropelamento;Luz do Dia;;;Meio de Quadra;;;0;1;1;1;0;0;0;0;0;0;0;0;;;;;
272988;21;12;2015;10:00;0;AV PERIMETRAL;;;;;Colisão;Luz do Dia;;;Meio de Quadra;;;0;1;1;1;0;0;0;0;0;1;0;0;;;;;
273037;21;12;2015;12:40;0;AV MR HULL;;;;;Colisão;Luz do Dia;;;Meio de Quadra;;;0;1;1;1;0;0;0;0;0;1;0;0;-38,588748;-3,739224;;;
273038;21;12;2015;11:30;0;RD CE-040;;;;KM-10;Colisão;Luz do Dia;;;Meio de Quadra;;;0;0;2;1;0;0;0;0;0;0;0;0;-38,480068;-3,838671;;;
273039;21;12;2015;12:44;0;RUA VICENTE CELESTINO;;;;;Colisão;Luz do Dia;;;Meio de Quadra;;;0;1;0;0;0;0;0;0;0;0;0;0;;;;;
273042;21;12;2015;13:38;0;RUA SOLON PINHEIRO;;;;;Atropelamento;Luz do Dia;;;Meio de Quadra;;;0;1;1;1;0;0;0;0;0;0;0;0;-38,527061;-3,732781;;;
273043;21;12;2015;14:12;13527;AV BAR STUDART;RUA JOAQUIM SA;;;;Colisão;Luz do Dia;;;;Pare;Comercial;0;1;1;1;0;0;0;0;0;1;0;0;-38,510714;-3,747468;;;
273032;21;12;2015;08:40;0;AV SEN CARLOS JEREISSATI (AEROPORTO);;;;KM 03;Colisão;Luz do Dia;;;Meio de Quadra;;;0;0;2;1;0;0;0;0;0;0;0;0;-38,541414;-3,780382;;;
273033;21;12;2015;11:24;0;RUA BANVAR BEZERRA;;;;;Atropelamento;Luz do Dia;;;Meio de Quadra;;;0;1;1;0;0;0;0;0;0;1;0;0;-38,580587;-3,730610;;;
273034;21;12;2015;10:00;0;RD CE-040;;;;KM-02;Colisão;Luz do Dia;;;Meio de Quadra;;;0;0;2;1;0;0;0;0;0;0;0;0;-38,481598;-3,776479;;;
273035;21;12;2015;12:06;0;AV JOSE BASTOS;;;;;Colisão;Luz do Dia;;;Meio de Quadra;;;0;1;1;1;0;0;0;0;0;1;0;0;-38,559153;-3,757181;;;
273051;21;12;2015;14:24;7914;AV ANTONIO SALES;RUA LEONARDO MOTA;;;;Queda;Luz do Dia;;;Cruz;Semáforo;Misto;0;1;0;0;0;0;0;0;0;1;0;0;-38,499442;-3,746358;;;
273052;21;12;2015;15:32;0;AV SEN FERNANDES TAVORA;;;;;Colisão;Luz do Dia;;;Meio de Quadra;;;0;1;0;0;0;0;0;0;0;0;0;0;-38,588814;-3,758632;;;
273047;21;12;2015;14:22;0;RUA MAXIMO LINHARES;;;;;Colisão;Luz do Dia;;;Meio de Quadra;;;0;1;0;0;0;0;0;0;0;0;0;0;-38,492114;-3,798861;;;
273062;21;12;2015;18:47;0;RUA TOMAS EDSON;;;;;Colisão;;;;Meio de Quadra;;;0;1;1;1;0;0;0;0;0;1;0;0;;;;;
273087;21;12;2015;22:38;581;AV PASTEUR;AV FRANCISCO SA;;;;Colisão;;;;Cruz;;Comercial;0;1;1;1;0;1;0;0;0;0;0;0;-38,560567;-3,716325;;;
273085;21;12;2015;22:06;0;AV H CJ CEARA;;;;;Atropelamento;;;;Meio de Quadra;;;0;1;1;1;0;0;0;0;0;0;0;0;-38,608417;-3,775565;;;
273070;21;12;2015;20:22;0;RUA ISABEL FERREIRA;;;;;Colisão;;;;Meio de Quadra;;;0;1;1;1;0;0;0;0;0;1;0;0;;;;;
273066;21;12;2015;19:33;0;AV GAL OSORIO DE PAIVA;;;;;Queda;;;;Meio de Quadra;;;0;1;0;0;0;0;0;0;0;1;0;0;-38,609563;-3,812482;;;
273067;21;12;2015;19:54;0;AV JOAO PESSOA;;;;;Colisão;;;;Meio de Quadra;;;0;1;0;0;0;0;0;0;0;1;0;0;-38,558760;-3,764688;;;
273057;21;12;2015;18:23;0;RUA RAUL CABRAL;;;;;Colisão;Anoitecer;;;Meio de Quadra;;;0;1;0;0;0;0;0;0;0;0;0;0;-38,544235;-3,769100;;;
273055;21;12;2015;18:10;0;RUA OSCAR ARARIPE;;;;;Atropelamento;Anoitecer;;;Meio de Quadra;;;0;1;1;0;0;0;0;0;0;1;0;0;-38,598525;-3,791443;;;
273064;21;12;2015;19:10;0;RUA NUNES VALENTE;;;;;Colisão;;;;Meio de Quadra;;;0;1;1;1;0;0;0;0;0;1;0;0;-38,504266;-3,737875;;;
266964;21;12;2015;17:41;0;AV DOMINGOS OLIMPIO;;;;;Colisão;Anoitecer;;;Meio de Quadra;;;0;0;2;1;0;0;0;0;0;0;0;0;;;;;
266965;21;12;2015;20:07;0;AV DR THEBERGE;;;;;Colisão;;;;Meio de Quadra;;;0;0;2;1;0;0;1;0;0;0;0;0;;;;;
266967;21;12;2015;21:11;0;AV HIS RAIMUNDO GIRAO;;;;;Colisão;;;;Meio de Quadra;;;0;0;2;1;0;0;1;0;0;0;0;0;;;;;
270408;21;12;2015;21:00;1429;RUA AFONSO CELSO;RUA NUNES VALENTE;;;;Colisão;;;;Cruz;Pare;Residencial;0;0;1;1;0;0;0;0;0;0;0;0;-38,504234;-3,737785;;;
273090;22;12;2015;08:51;0;RUA FRANCISCO PAIVA;;;;;Colisão;Luz do Dia;;;Meio de Quadra;;;0;1;1;1;0;0;0;0;0;1;0;0;;;;;
273091;22;12;2015;09:20;0;AV CARNEIRO DE MENDONCA;;;;;Colisão;Luz do Dia;;;Meio de Quadra;;;0;1;1;1;0;0;0;0;0;1;0;0;-38,564420;-3,765294;;;
273095;22;12;2015;11:29;0;RUA ALVARO DE ALENCAR;;;;;Colisão;Luz do Dia;;;Meio de Quadra;;;0;1;0;0;0;0;0;0;0;0;0;0;-38,558701;-3,719738;;;
273093;22;12;2015;09:30;0;AV WASHINGTON SOARES;;;;;Queda;Luz do Dia;;;Meio de Quadra;;;0;1;0;0;0;0;0;0;0;1;0;0;-38,477454;-3,847070;;;
273050;22;12;2015;16:40;0;RD CE-040;;;;KM-07;Colisão;Luz do Dia;;;Meio de Quadra;;;0;0;2;1;0;0;0;0;0;0;0;0;-38,483160;-3,817953;;;
273054;22;12;2015;18:00;0;RD CE-040;;;;KM-11;Colisão;Anoitecer;;;Meio de Quadra;;;0;1;1;0;0;0;0;0;0;1;0;0;-38,480252;-3,844873;;;
273044;22;12;2015;07:15;0;AV MIN JOSE AMERICO;;;;;Colisão;Luz do Dia;;;Meio de Quadra;;;0;0;2;1;0;0;1;0;0;0;0;0;;;;;
273148;22;12;2015;22:33;18528;AV MR HULL;AV ENG HUMBERTO MONTE;;;;Colisão;;;;;;;0;1;0;1;0;0;0;0;0;0;0;0;-38,569025;-3,736609;;;
273149;22;12;2015;23:09;2955;RUA MARIA JULIA;RUA SAO FRANCISCO D21;;;;Colisão;;;;Cruz;Pare;Comercial;0;1;0;0;0;0;0;0;0;1;0;0;-38,601633;-3,798608;;;
273146;22;12;2015;21:46;2451;AV PRS CASTELO BRANCO;RUA CESAR CORREIA;;;;Atropelamento;;;;T;Não Há Controle;Residencial;0;1;1;1;0;0;0;0;0;0;0;0;-38,571621;-3,707235;;;
273143;22;12;2015;21:33;0;RUA ALAN KARDEC;;;;;Colisão;;;;Meio de Quadra;;;0;1;1;1;0;0;0;0;0;1;0;0;-38,551194;-3,763870;;;
273120;22;12;2015;19:47;0;AV BORGES DE MELO;;;;;Queda;;;;Meio de Quadra;;;0;1;0;0;0;0;0;0;0;1;0;0;-38,530195;-3,759812;;;
273109;22;12;2015;17:30;0;RUA SILVEIRA DA MOTA;;;;;Colisão;Anoitecer;;;Meio de Quadra;;;0;1;1;1;0;0;0;0;0;1;0;0;-38,496696;-3,815408;;;
273106;22;12;2015;15:22;25487;RUA VIRGILIO NOGUEIRA PAES;RUA BOM JESUS (GRANJA LISBOA);;;;Colisão;Luz do Dia;;;Cruz;Pare;Comercial;0;1;1;1;0;0;0;0;0;1;0;0;-38,609686;-3,791684;;;
273107;22;12;2015;16:53;0;AV DIOGUINHO;;;;;Queda;Luz do Dia;;;Meio de Quadra;;;0;1;0;0;0;0;0;0;0;1;0;0;;;;;
272661;22;12;2015;;0;RUA CEL VIRGILIO NOGUEIRA (BOM JARDIM);;;955;;Colisão;;;;Meio de Quadra;;;0;1;0;1;0;0;0;0;0;1;0;0;-38,609711;-3,791762;;;
269846;22;12;2015;19:45;0;AV DOM LUIS;;;500;;Colisão Transversal;;;;Meio de Quadra;;;0;0;2;1;1;0;0;0;0;0;0;0;-38,497304;-3,733263;;;
269851;22;12;2015;17:30;5255;RUA PEDRO PEREIRA;AV TRISTAO GONCALVES;;;;Colisão Transversal;Anoitecer;;;Cruz;Semáforo;Comercial;0;0;2;1;0;0;0;0;0;0;0;0;-38,533489;-3,728075;;;
269858;22;12;2015;15:15;0;RUA MIN ALBUQUERQUE LIMA;;;738;;Colisão Traseira;Luz do Dia;;;Meio de Quadra;;;0;1;1;0;1;0;0;0;0;1;0;0;-38,606304;-3,769878;;;
269871;22;12;2015;17:30;0;RUA EMILIO DE MENESES;;;;;Colisão Lateral;Anoitecer;;;Meio de Quadra;;;0;1;1;1;0;0;0;0;0;1;0;0;-38,589019;-3,781299;;;
269994;22;12;2015;23:00;0;AV GOV PARSIFAL BARROSO;;;827;;Colisão Transversal;;;;Meio de Quadra;;;0;1;1;1;0;0;0;0;0;0;0;0;;;;;
269980;22;12;2015;14:45;20042;AV PRS JUSCELINO KUBITSCHEK (PASSARÉ);AV DEP PAULINO ROCHA;;;;Colisão Traseira;Luz do Dia;;;;;;0;0;2;1;0;0;0;0;0;0;0;0;-38,524782;-3,807229;;;
269988;22;12;2015;20:00;17513;AV ABOLICAO;RUA PEDRO RUFINO D48;;;;Colisão Transversal;;;;;;;0;0;2;0;1;0;0;0;0;0;0;0;-38,487572;-3,726087;;;
269989;22;12;2015;21:00;0;AV DOM MANUEL;;;599;;Capotamento;;;;Meio de Quadra;;;0;1;2;0;1;0;0;0;0;0;0;0;-38,521423;-3,729339;;;
269982;22;12;2015;13:00;19780;RUA COS ALVARO DE OLIVEIRA;RUA PDE GUERRA;;;;Colisão Lateral;Luz do Dia;;;Cruz;Pare;Residencial;0;0;2;1;0;0;0;0;0;0;0;0;-38,555644;-3,738519;;;
269983;22;12;2015;14:50;19704;AV BEZERRA DE MENEZES;RUA MOREIRA DE SOUSA;;;;Colisão Lateral;Luz do Dia;;;Cruz;Semáforo;Comercial;0;0;2;1;0;0;0;0;0;0;0;0;-38,566546;-3,736109;;;
269985;22;12;2015;17:55;0;RUA BERNARDO MANUEL;;;7292;;Colisão Traseira;Anoitecer;;;Meio de Quadra;;;0;0;2;1;0;0;0;0;0;0;0;0;-38,546438;-3,782453;;;
269957;22;12;2015;12:25;0;RUA JOSE ANASTACIO DIAS;;;;;Colisão Transversal;Luz do Dia;;;Meio de Quadra;;;0;0;3;1;0;0;0;0;0;0;0;0;;;;;
269936;22;12;2015;20:40;0;RUA PEDRO A SILVA;;;;;Colisão Frontal;;;;Meio de Quadra;;;0;1;1;1;0;0;0;0;0;1;0;0;;;;;
273287;22;12;2015;09:07;0;RUA FRANCISCO PAIVA;;;;;Colisão;Luz do Dia;;;Meio de Quadra;;;0;0;2;0;0;0;0;0;0;0;0;0;;;;;
273289;22;12;2015;10:43;0;AV ZEZE DIOGO;;;;;Colisão;Luz do Dia;;;Meio de Quadra;;;0;0;2;0;0;0;0;0;0;0;0;0;;;;;
273295;22;12;2015;14:09;0;RUA CAP VASCONCELOS D46;;;;;Colisão;Luz do Dia;;;Meio de Quadra;;;0;0;2;0;0;0;0;0;0;0;0;0;;;;;
273297;22;12;2015;19:32;0;LOGRADOURO SEM NOME;;;;;Colisão;;;;Meio de Quadra;;;0;0;2;0;0;0;0;0;0;0;0;0;;;;;
273279;22;12;2015;01:57;0;AV ANTONIO JUSTA;;;;;Colisão;;;;Meio de Quadra;;;0;0;2;0;0;0;0;0;0;0;0;0;;;;;
273281;22;12;2015;07:18;0;RUA TEN JOSE BARREIRA;;;;;Colisão;Luz do Dia;;;Meio de Quadra;;;0;0;2;0;0;0;0;0;0;0;0;0;;;;;
273283;22;12;2015;;731;RUA IRINEU DE SOUZA;RUA PEDRO AMERICO;;;;Colisão;;;;Cruz;Pare;Residencial;0;0;2;0;0;0;0;0;0;0;0;0;-38,566244;-3,711438;;;
273293;22;12;2015;11:21;0;AV PRO GOMES DE MATOS;;;;;Colisão;Luz do Dia;;;Meio de Quadra;;;0;0;2;0;0;0;0;0;0;0;0;0;;;;;
270000;22;12;2015;18:30;0;AV DOS EXPEDICIONARIOS;;;;;Colisão Lateral;Anoitecer;;;Meio de Quadra;;;0;0;2;1;0;0;1;0;0;0;0;0;;;;;
270010;22;12;2015;15:30;13534;AV SORIANO ALBUQUERQUE;RUA JOAO CORDEIRO;;;;Colisão Transversal;Luz do Dia;;;Cruz;Pare;Residencial;0;1;2;1;0;0;0;0;0;1;0;0;-38,519458;-3,747871;;;