COD_ACIDENTE;DIA;MES;ANO;HORA;INTERSECAO;LOG1;LOG2;LOG3;NUMERO;REFERENCIA;NATUREZA;ILUMINACAO;TEMPO;SUPERFICIEPISTA;TIPOCRUZAMENTO;CONTROLETRAFEGO;USOSOLO;MORTOS;FERIDOS;ILESOS;AUTOMOVEL;ONIBUS;BICICLETA;CAMINHAO;MICROONIBUS;CICLOMOTOR;MOTOCICLETA;TRACAOANIMAL;TREM;LONG;LAT;;;
270007;22;12;2015;09:15;9176;AV AGUANAMBI;AV EDUARDO GIRAO;;;;Colisão Lateral;Luz do Dia;;;Rotatória;Cancela;Comercial;0;0;2;0;1;0;1;0;0;0;0;0;-38,523639;-3,755303;;;
270030;22;12;2015;08:10;13177;AV I CJ JOSE WALTER;AV D CJ JOSE WALTER;;;;Outros;Luz do Dia;;;Rotatória;Dê Preferência;Comercial;0;0;1;0;0;0;1;0;0;0;0;0;-38,552957;-3,832440;;;
270024;22;12;2015;21:15;0;RUA HOLANDA;;;;MARAPONGA MART MODA;Colisão Lateral;;;;Meio de Quadra;;;0;1;1;1;0;0;0;0;0;1;0;0;;;;;
270026;22;12;2015;21:00;0;AV BEIRA MAR;;;2500;;Colisão Lateral;;;;Meio de Quadra;;;0;0;2;1;0;0;0;0;0;0;0;0;-38,499029;-3,725147;;;
270028;22;12;2015;08:00;13177;AV I CJ JOSE WALTER;AV D CJ JOSE WALTER;;;;Colisão Lateral;Luz do Dia;;;Rotatória;Dê Preferência;Comercial;0;0;2;1;0;0;1;0;0;0;0;0;-38,552957;-3,832440;;;
270016;22;12;2015;12:00;0;RUA PDE VALDEVINO;;;1695;;Colisão Lateral;Luz do Dia;;;Meio de Quadra;;;0;0;2;0;1;0;0;1;0;0;0;0;-38,509726;-3,741368;;;
270022;22;12;2015;14:50;7762;AV ANTONIO SALES;RUA NUNES VALENTE;;;;Colisão Transversal;Luz do Dia;;;Cruz;Pare;Residencial;0;1;1;1;0;0;0;0;0;1;0;0;-38,506314;-3,744237;;;
270041;22;12;2015;07:15;65;RUA MARTINS NETO;RUA HUGO VITOR;;;;Colisão;Luz do Dia;;;Cruz;Pare;Misto;0;2;1;1;0;0;0;0;0;0;0;0;-38,591458;-3,740726;;;
270074;22;12;2015;13:28;1605;RUA PDE VALDEVINO;AV DES MOREIRA;;;;Colisão Traseira;Luz do Dia;;;Cruz;Semáforo;Comercial;0;0;2;0;0;0;0;0;0;0;0;0;-38,500877;-3,744098;;;
270072;22;12;2015;16:00;13297;RUA 41 CJ JOSE WALTER;RUA 66 CJ JOSE WALTER;;;;Colisão Lateral;Luz do Dia;;;;;;0;0;2;1;0;0;0;0;0;0;0;0;-38,560317;-3,838693;;;
270078;22;12;2015;12:00;1222;RUA COSTA BARROS;RUA ANTONIO AUGUSTO;;;;Colisão Lateral Sentido Oposto;Luz do Dia;;;Cruz;Pare;Misto;0;0;2;1;0;0;0;0;0;0;0;0;-38,513288;-3,729783;;;
270080;23;12;2015;07:00;9176;AV AGUANAMBI;AV EDUARDO GIRAO;;;;Colisão Lateral;Luz do Dia;;;Rotatória;Cancela;Comercial;0;1;1;1;0;0;0;0;0;1;0;0;-38,523639;-3,755303;;;
270087;23;12;2015;15:30;10044;RUA EMILIO DE MENESES;RUA ANTONIO NERY;;;;Colisão Lateral;Luz do Dia;;;Cruz;Pare;Comercial;0;1;1;0;0;0;1;0;1;0;0;0;-38,600204;-3,778162;;;
270134;23;12;2015;11:40;15360;AV DOM LUIS;AV DES MOREIRA;;;;Colisão Lateral;Luz do Dia;;;Rotatória;Não Há Controle;Comercial;0;0;2;0;0;0;1;0;0;0;0;0;-38,497383;-3,733239;;;
270136;23;12;2015;09:00;0;AV PRS CASTELO BRANCO;;;100;;Engavetamento;Luz do Dia;;;Meio de Quadra;;;0;1;2;0;0;0;1;0;0;0;0;0;-38,521919;-3,723042;;;
270126;23;12;2015;11:40;1588;RUA VICENTE LINHARES;RUA VICENTE LEITE;;;;Colisão Transversal;Luz do Dia;;;Cruz;Pare;Residencial;0;0;2;1;0;0;0;0;0;0;0;0;-38,497368;-3,743092;;;
270130;23;12;2015;18:20;1475;AV SANTOS DUMONT;RUA FONSECA LOBO;;;;Colisão Transversal;Anoitecer;;;Cruz;Pare;Comercial;0;0;2;1;0;0;0;0;0;0;0;0;-38,489602;-3,739062;;;
270131;23;12;2015;16:10;0;AV SEN FERNANDES TAVORA;;;;;Colisão Lateral;Luz do Dia;;;Meio de Quadra;;;0;0;2;1;0;0;1;0;0;0;0;0;;;;;
270132;23;12;2015;11:00;7773;RUA JOAQUIM NABUCO;RUA DOM EXPEDITO LOPES;;;;Colisão Transversal;Luz do Dia;;;Cruz;Pare;Residencial;0;0;2;1;0;0;1;0;0;0;0;0;-38,504144;-3,744118;;;
273310;23;12;2015;17:30;0;AV PRS CASTELO BRANCO;;;2812;;Atropelamento;Anoitecer;;;Meio de Quadra;;;0;0;2;0;0;0;0;0;0;0;0;0;-38,552834;-3,712464;;;
273316;23;12;2015;18:23;16276;RUA ANTONIO PEREIRA;RUA ZULEICA PONTES;;;;Colisão;Anoitecer;;;;;;0;0;2;0;0;0;0;0;0;0;0;0;-38,566117;-3,832671;;;
273302;23;12;2015;15:38;0;RUA CON DE CASTRO;;;4366;;Colisão;Luz do Dia;;;Meio de Quadra;;;0;0;2;0;0;0;0;0;0;0;0;0;-38,590954;-3,803918;;;
273306;23;12;2015;16:01;13771;AV PINTO BANDEIRA D56;RUA LUIZA MIRANDA COELHO;;;;Colisão;Luz do Dia;;;Cruz;Pare;Residencial;0;0;2;0;0;0;0;0;0;0;0;0;-38,487283;-3,774929;;;
273307;23;12;2015;16:02;0;RUA MONTE LIBANO;;;748;;Colisão;Luz do Dia;;;Meio de Quadra;;;0;0;2;0;0;0;0;0;0;0;0;0;-38,563715;-3,827072;;;
273298;23;12;2015;15:07;0;RUA PDE PEDRO DE ALENCAR;;;150;;Colisão;Luz do Dia;;;Meio de Quadra;;;0;0;2;0;0;0;0;0;0;0;0;0;-38,493643;-3,828982;;;
273290;23;12;2015;10:16;0;RUA EUCLIDES O DE SOUSA;;;1505;;Colisão;Luz do Dia;;;Meio de Quadra;;;0;0;2;0;0;0;0;0;0;0;0;0;-38,465356;-3,796990;;;
273269;23;12;2015;16:15;0;AV CARNEIRO DE MENDONCA;;;;;Colisão;Luz do Dia;;;Meio de Quadra;;;0;1;1;1;0;0;0;0;0;1;0;0;-38,570865;-3,761908;;;
273266;23;12;2015;13:27;0;AV F CJ CEARA;;;;;Colisão;Luz do Dia;;;Meio de Quadra;;;0;1;1;1;0;0;0;0;0;1;0;0;-38,606879;-3,763792;;;
273273;23;12;2015;17:56;0;AV JOSE BASTOS;;;;;Colisão;Anoitecer;;;Meio de Quadra;;;0;1;1;1;0;0;0;0;0;1;0;0;;;;;
273271;23;12;2015;17:43;0;RUA JOSE ARISTOTELES GONDIM;;;;;Colisão;Anoitecer;;;Meio de Quadra;;;0;1;0;0;0;0;0;0;0;0;0;0;-38,584786;-3,778203;;;
273263;23;12;2015;13:17;0;AV WASHINGTON SOARES;;;;;Colisão Frontal;Luz do Dia;;;Meio de Quadra;;;0;1;0;0;0;0;0;0;0;0;0;0;;;;;
273258;23;12;2015;12:52;0;RUA FRE VIDAL;;;;;Colisão;Luz do Dia;;;Meio de Quadra;;;0;1;1;1;0;0;0;0;0;1;0;0;-38,517487;-3,757354;;;
273255;23;12;2015;11:26;0;AV BORGES DE MELO;;;;;Colisão;Luz do Dia;;;Meio de Quadra;;;0;1;1;1;0;1;0;0;0;0;0;0;;;;;
273238;23;12;2015;10:12;0;AV DEP PAULINO ROCHA;;;;;Atropelamento;Luz do Dia;;;Meio de Quadra;;;0;1;1;1;0;0;0;0;0;0;0;0;-38,507550;-3,802055;;;
273234;23;12;2015;10:04;0;AV PRS CASTELO BRANCO;;;;;Colisão;Luz do Dia;;;Meio de Quadra;;;0;1;1;1;0;0;0;0;0;1;0;0;-38,521919;-3,723042;;;
273240;23;12;2015;10:21;15372;RUA CEL JUCA;AV DOM LUIS;;;;Atropelamento;Luz do Dia;;;Cruz;Semáforo;Comercial;0;1;1;1;0;0;0;0;0;0;0;0;-38,490579;-3,735452;;;
273252;23;12;2015;10:37;26216;AV DEP PAULINO ROCHA;AV CONTORNO (CASTELÃO);;;;Colisão;Luz do Dia;;;T;Pare;Lazer;0;1;0;0;0;0;0;0;0;0;0;0;;;;;
273246;23;12;2015;10:31;0;AV LINEU MACHADO;;;;;Queda;Luz do Dia;;;Meio de Quadra;;;0;1;0;0;0;0;0;0;0;1;0;0;-38,579710;-3,771308;;;
273329;23;12;2015;20:24;0;LOGRADOURO SEM NOME;;;;;Colisão;;;;Meio de Quadra;;;0;0;2;0;0;0;0;0;0;0;0;0;;;;;
273327;23;12;2015;19:59;0;AV DA INDEPENDENCIA;;;;;Colisão;;;;Meio de Quadra;;;0;0;2;0;0;0;0;0;0;0;0;0;;;;;
273331;23;12;2015;21:13;0;RUA TEN ELIEZER COSTA;;;;;Colisão;;;;Meio de Quadra;;;0;0;2;0;0;0;0;0;0;0;0;0;;;;;
273332;23;12;2015;19:58;9580;RUA SAO LUIZ DO OESTE;RUA SEN MENEZES PIMENTEL;;;;Colisão;;;;;;;0;1;0;0;0;0;0;0;0;1;0;0;;;;;
273320;23;12;2015;18:36;0;RUA RAIMUNDO NERY;;;;;Colisão;;;;Meio de Quadra;;;0;0;2;0;0;0;0;0;0;0;0;0;;;;;
273322;23;12;2015;18:44;0;RUA OSCAR FRANCA;;;630;;Atropelamento;;;;Meio de Quadra;;;0;1;1;0;0;0;0;0;0;1;0;0;;;;;
273324;23;12;2015;19:15;0;RUA CON DE CASTRO;;;4500;;Atropelamento;;;;Meio de Quadra;;;0;0;2;0;0;0;0;0;0;0;0;0;-38,591738;-3,804822;;;
273343;23;12;2015;23:18;0;RUA CAP SANTOS D60;;;504;;Colisão;;;;Meio de Quadra;;;0;0;2;0;0;0;0;0;0;0;0;0;-38,483405;-3,828034;;;
273334;23;12;2015;21:17;0;AV LIBERDADE;;;;;Atropelamento;;;;Meio de Quadra;;;0;0;2;0;0;0;0;0;0;0;0;0;;;;;
273339;23;12;2015;22:32;0;AV GAL OSORIO DE PAIVA;;;;;Colisão;;;;Meio de Quadra;;;0;0;2;0;0;0;0;0;0;0;0;0;;;;;
273341;23;12;2015;22:58;12645;RUA MARIA CLARA;RUA ERETIDES ALENCAR;;;;Atropelamento;;;;Cruz;Não Há Controle;Residencial;0;0;2;0;0;0;0;0;0;0;0;0;-38,582832;-3,725660;;;
273336;23;12;2015;21:20;0;RUA TOMAS RODRIGUES;;;642;;Atropelamento;;;;Meio de Quadra;;;0;0;2;0;0;0;0;0;0;0;0;0;-38,593557;-3,743235;;;
273368;23;12;2015;23:23;0;RUA OSVALDO CRUZ;;;;;Colisão;;;;;;;0;1;0;1;0;0;0;0;0;0;0;0;;;;;
270326;23;12;2015;19:20;0;RUA BAR AQUIRAZ;;;1836;;Colisão Lateral;;;;Meio de Quadra;;;0;2;1;1;0;0;0;0;0;0;0;0;-38,483016;-3,842918;;;
270319;23;12;2015;20:00;0;RUA BEM VINDA;;;50;;Colisão Traseira;;;;Meio de Quadra;;;0;1;1;1;0;0;0;0;0;1;0;0;;;;;
270287;23;12;2015;19:00;15273;RUA OSVALDO CRUZ (ALDEOTA);RUA ANA BILHAR;;;;Colisão Frontal;Luz do Dia;;;Cruz;Semáforo;Residencial;0;1;1;1;0;1;0;0;0;0;0;0;-38,498091;-3,728699;;;
270294;23;12;2015;07:20;0;AV SEN FERNANDES TAVORA;;;800;;Colisão Lateral;Luz do Dia;;;Meio de Quadra;;;0;0;2;0;1;0;0;1;0;0;0;0;-38,580146;-3,763267;;;
270167;23;12;2015;10:00;0;RUA FORTALEZA UI 505;;;;;Colisão Lateral;Luz do Dia;;;Meio de Quadra;;;0;0;2;1;0;0;1;0;0;0;0;0;;;;;
270188;23;12;2015;12:30;0;AV CASTELO DE CASTRO;;;1247;;Colisão Transversal;Luz do Dia;;;Meio de Quadra;;;0;1;1;0;0;0;0;0;0;1;0;0;;;;;
271129;23;12;2015;14:30;0;AV IMPERADOR;;;310;;Colisão Lateral;Luz do Dia;;;Meio de Quadra;;;0;0;2;0;1;0;0;0;0;0;0;0;-38,533498;-3,723969;;;
273154;23;12;2015;05:42;0;AV GOV RAUL BARBOSA;;;;;Choque c/ Obstáculo Fixo;Amanhecer;;;Meio de Quadra;;;0;1;0;1;0;0;0;0;0;0;0;0;;;;;
273152;23;12;2015;04:57;0;AV BEZERRA DE MENEZES;;;;;Colisão;;;;Meio de Quadra;;;0;1;1;1;0;0;0;0;0;1;0;0;;;;;
273158;23;12;2015;06:29;0;AV PRS CASTELO BRANCO;;;;;Colisão;Luz do Dia;;;Meio de Quadra;;;0;1;1;1;0;1;0;0;0;0;0;0;-38,568973;-3,708193;;;
273065;23;12;2015;21:00;0;AV MIN JOSE AMERICO;;;709;CAMBEBA;Colisão;;;;Meio de Quadra;;;0;1;1;1;0;0;0;0;0;1;0;0;-38,494174;-3,810520;;;
273060;23;12;2015;16:50;0;RD CE-040;;;;KM-09;Colisão;Luz do Dia;;;Meio de Quadra;;;0;0;4;1;0;0;0;0;0;0;0;0;-38,481431;-3,824774;;;
273061;23;12;2015;13:30;24497;AV MOZART PINHEIRO DE LUCENA;RUA FLORENCIO ALENCAR;;;;Colisão;Luz do Dia;;;;;;1;0;1;1;0;0;0;0;0;0;0;0;-38,592968;-3,708937;;;
273056;23;12;2015;13:10;0;RD CE-040;;;;KM-10;Colisão;Luz do Dia;;;Meio de Quadra;;;0;1;2;0;0;0;0;0;0;1;0;0;-38,480068;-3,838671;;;
272961;23;12;2015;14:30;4662;RUA PEDRO LAZAR;RUA DR WALTER PORTO;;;;Colisão;Luz do Dia;;;;;;1;0;2;1;0;0;0;0;0;0;0;0;-38,488377;-3,804232;;;
270649;23;12;2015;21:30;0;AV DUQ CAXIAS;;;2350;;Colisão Lateral;;;;Meio de Quadra;;;0;0;2;0;1;0;1;0;0;0;0;0;-38,545470;-3,726696;;;
270652;23;12;2015;18:30;7633;AV CARNEIRO DE MENDONCA;RUA RIO GRANDE DO SUL;;;;Colisão Transversal;Anoitecer;;;Cruz;Semáforo;Misto;0;1;1;1;0;0;0;0;0;1;0;0;-38,570011;-3,762374;;;
270642;23;12;2015;14:30;9045;RUA CEL SOLON;RUA COS TRISTAO;;;;Colisão Lateral;Luz do Dia;;;Cruz;Não Há Controle;Residencial;0;0;2;1;0;0;0;0;0;0;0;0;-38,528081;-3,743099;;;
270637;23;12;2015;13:10;7708;AV CARNEIRO DE MENDONCA;RUA RODRIGUES ANDRADE;;;;Colisão Lateral;Luz do Dia;;;T;Não Há Controle;Comercial;0;1;1;1;0;0;0;0;0;1;0;0;-38,565006;-3,765021;;;
270660;23;12;2015;07:50;0;RUA CEL JOAO CORREIA;;;;;Colisão Lateral;Luz do Dia;;;Meio de Quadra;;;0;0;2;1;1;0;0;0;0;0;0;0;;;;;
270662;23;12;2015;10:00;11285;RUA FRANCISCO GLICERIO;RUA CARLOS STUDART;;;;Colisão Transversal;Luz do Dia;;;Cruz;Pare;Comercial;0;1;1;1;0;0;0;0;0;1;0;0;-38,568900;-3,796234;;;
270657;23;12;2015;15:20;0;AV BEZERRA DE MENEZES;;;1820;;Colisão Traseira;Luz do Dia;;;Meio de Quadra;;;0;0;2;1;0;0;0;0;0;0;0;0;-38,560902;-3,734929;;;
270658;23;12;2015;07:05;21624;RUA CON DE CASTRO;RUA PIRAJUI;;;;Atropelamento;Luz do Dia;;;;;;1;0;1;1;0;0;0;0;0;0;0;0;-38,589623;-3,802339;;;
270580;23;12;2015;20:10;17347;RUA ALBERTO MAGNO;RUA IRM BAZET;;;;Colisão Lateral;;;;Cruz;Pare;Comercial;0;1;1;1;0;0;0;0;0;1;0;0;-38,550525;-3,765502;;;
270585;23;12;2015;10:30;0;AV CEL CARVALHO;;;360;POSTO BR;Colisão Lateral;Luz do Dia;;;Meio de Quadra;;;0;0;2;1;0;0;1;0;0;0;0;0;-38,590859;-3,706228;;;
270572;23;12;2015;17:30;0;AV AMERICO BARREIRA;;;6510;;Colisão Transversal;Anoitecer;;;Meio de Quadra;;;0;2;1;1;0;0;0;0;1;0;0;0;-38,569414;-3,767144;;;
270561;23;12;2015;13:25;15360;AV DOM LUIS;AV DES MOREIRA;;;;Colisão Traseira;Luz do Dia;;;Rotatória;Não Há Controle;Comercial;0;1;1;1;0;0;0;0;0;0;0;0;-38,497383;-3,733239;;;
270566;23;12;2015;17:00;0;RUA PESSOA ANTA;;;38;;Colisão Traseira;Anoitecer;;;Meio de Quadra;;;0;0;2;1;0;0;0;0;0;0;0;0;-38,522872;-3,721216;;;
270630;23;12;2015;09:15;7894;RUA PRO FRANCISCO GONCALVES;RUA VICENTE LEITE;;;;Colisão Transversal;Luz do Dia;;;Cruz;Pare;Escola;0;1;1;1;0;0;0;0;0;0;0;0;-38,498773;-3,747615;;;
270601;23;12;2015;07:15;15141;AV MON TABOSA;RUA CARLOS VASCONCELOS;;;;Colisão Lateral;Luz do Dia;;;Cruz;Semáforo;Misto;0;0;2;1;0;0;0;1;0;0;0;0;-38,507985;-3,724289;;;
270492;23;12;2015;23:30;12925;AV AGUANAMBI;AV DOMINGOS OLIMPIO;;;;Colisão Transversal;;;;;;;0;2;1;1;0;0;0;0;0;1;0;0;-38,524628;-3,738683;;;
270504;23;12;2015;10:30;15399;AV FRE CIRILO;RUA ALMEIDA REGO;;;;Colisão Traseira;Luz do Dia;;;Cruz;Semáforo;Comercial;0;1;1;1;0;0;0;0;0;1;0;0;-38,498444;-3,814967;;;
270508;23;12;2015;07:50;9188;RUA PDE BARBOSA DE JESUS;RUA NAPOLEAO LAUREANO;;;;Colisão Transversal;Luz do Dia;;;Cruz;Pare;Residencial;0;1;1;1;0;0;0;0;0;0;0;0;-38,528540;-3,748917;;;
270523;23;12;2015;12:40;13432;AV ANTONIO SALES;AV RUI BARBOSA;;;;Colisão Traseira;Luz do Dia;;;Cruz;Semáforo;Misto;0;0;2;1;0;0;0;0;0;1;0;0;-38,511569;-3,742611;;;
270553;23;12;2015;13:30;14915;RUA ALFREDO MAMEDE;RUA AURELIO BEZERRA D71;;;;;Luz do Dia;;;;;;0;0;2;1;0;0;0;0;0;0;0;0;-38,581782;-3,810045;;;
270548;23;12;2015;10:10;17285;RUA IRM BAZET;RUA JOAO FIRMINO;;;;Colisão Lateral;Luz do Dia;;;Cruz;Pare;Residencial;0;0;2;1;0;0;0;0;0;0;0;0;-38,554308;-3,762808;;;
270516;23;12;2015;16:10;0;AV GAL OSORIO DE PAIVA;;;2439;;Colisão Lateral;Luz do Dia;;;Meio de Quadra;;;0;1;1;1;0;0;0;0;0;1;0;0;-38,583997;-3,786720;;;
266992;23;12;2015;16:12;19540;RUA JULIO GASPAR;RUA CASIMIRO DE ABREU;;;;Colisão;Luz do Dia;;;Cruz;Pare;Residencial;0;0;2;1;0;0;0;0;0;0;0;0;-38,563108;-3,782426;;;
266990;23;12;2015;10:17;0;AV HERACLITO GRACA;;;;;Colisão;Luz do Dia;;;Meio de Quadra;;;0;0;2;1;0;0;0;0;0;0;0;0;;;;;
259436;23;12;2015;05:30;0;RD BR 116;;;3000;KM-03;Choque c/ Obstáculo Fixo;Amanhecer;Bom;Seca;Meio de Quadra;Não Há Controle;Comercial;0;1;1;1;0;0;0;0;0;0;0;0;-38,514372;-3,779838;;;
266993;24;12;2015;12:51;0;AV CESAR CALS;;;;;Colisão;Luz do Dia;;;Meio de Quadra;;;0;0;2;1;0;0;0;0;0;0;0;0;;;;;
270683;24;12;2015;04:15;0;AV FRANCISCO SA;;;7700;;Choque c/ Obstáculo Fixo;;;;Meio de Quadra;;;0;0;1;1;0;0;0;0;0;0;0;0;-38,587324;-3,705595;;;
270699;24;12;2015;08:30;24397;RUA ALM RUFINO;RUA JORGE ACURCIO;;;;Colisão Lateral;Luz do Dia;;;Cruz;Pare;Residencial;0;0;2;0;1;0;0;0;0;1;0;0;-38,532951;-3,768224;;;
270719;24;12;2015;15:30;0;AV GOV RAUL BARBOSA;;;942;;;Luz do Dia;;;Meio de Quadra;;;0;0;3;1;0;0;1;0;0;0;0;0;;;;;
270693;24;12;2015;07:20;0;AV BEIRA MAR;;;2800;;Colisão Lateral;Luz do Dia;;;Meio de Quadra;;;0;0;2;0;0;0;1;1;0;0;0;0;-38,495181;-3,726064;;;
270686;24;12;2015;23:30;15801;RUA PERGENTINO MAIA;RUA CEL ERNESTO MATOS;;;;Colisão Transversal;;;;Cruz;Pare;Comercial;0;2;3;1;0;0;0;0;0;1;0;0;-38,489871;-3,831264;;;
270687;24;12;2015;08:40;0;AV ABOLICAO;;;2026;;Engavetamento;Luz do Dia;;;Meio de Quadra;;;0;0;3;1;0;0;0;0;0;0;0;0;-38,500966;-3,725562;;;
273072;24;12;2015;07:10;0;RD CE-060;;;;KM-02;Colisão;Luz do Dia;;;Meio de Quadra;;;0;0;2;1;0;0;0;0;0;0;0;0;-38,580009;-3,828028;;;
273074;24;12;2015;07:10;0;RD CE-040;;;;;Colisão;Luz do Dia;;;Meio de Quadra;;;0;0;2;1;0;0;0;0;0;0;0;0;;;;;
273077;24;12;2015;11:50;0;RD CE-040;;;;KM-04;Colisão;Luz do Dia;;;Meio de Quadra;;;0;0;2;1;0;0;1;0;0;0;0;0;-38,480251;-3,792050;;;
273079;24;12;2015;13:15;0;RD CE-025;;;;KM-08;Colisão;Luz do Dia;;;Meio de Quadra;;;0;0;2;1;0;0;0;0;0;0;0;0;-38,418598;-3,824775;;;
273048;24;12;2015;20:22;0;AV PRS CASTELO BRANCO;;;5045;;Atropelamento;Anoitecer;;;Meio de Quadra;;;1;1;0;0;0;0;0;0;0;1;0;0;-38,576841;-3,705139;;;
271026;24;12;2015;17:15;348;RUA PRO LINO ENCARNACAO;RUA CESAR FONTENELE;;;;Colisão Transversal;Anoitecer;;;Cruz;Pare;Misto;0;0;2;1;0;0;0;0;0;0;0;0;-38,559596;-3,746359;;;
271030;24;12;2015;00:00;1337;RUA OSVALDO CRUZ (ALDEOTA);AV SANTOS DUMONT;;;;Colisão Transversal;;;;Cruz;Semáforo;Comercial;0;1;1;1;0;0;0;0;0;0;0;0;-38,500317;-3,735602;;;
271047;24;12;2015;15:40;7183;RUA NOSSA SRA DAS GRACAS;AV PASTEUR;;;;Colisão Transversal;Luz do Dia;;;Cruz;Pare;Residencial;0;1;1;1;0;0;0;0;0;1;0;0;-38,558168;-3,708729;;;
271045;24;12;2015;11:15;14421;AV SGT HERMINIO SAMPAIO;RUA PDE ANCHIETA;;;;Colisão Lateral;Luz do Dia;;;Cruz;Semáforo;Comercial;0;1;1;1;0;0;0;0;0;1;0;0;-38,551079;-3,724693;;;
271037;24;12;2015;16:20;25069;AV DOS EXPEDICIONARIOS;RUA RAUL CABRAL;;;;Colisão Traseira;Luz do Dia;;;Cruz;Semáforo;Comercial;0;0;2;1;0;0;0;0;0;1;0;0;-38,542595;-3,769605;;;
270983;24;12;2015;13:30;0;AV 13 DE MAIO;;;1025;;Colisão Traseira;Luz do Dia;;;Meio de Quadra;;;0;0;2;1;0;0;0;0;0;0;0;0;-38,528411;-3,750109;;;
270984;24;12;2015;12:00;5051;RUA SEN POMPEU;RUA SEN JAGUARIBE;;;;Colisão Traseira;Luz do Dia;;;Cruz;Pare;Comercial;0;0;2;1;0;0;0;0;0;0;0;0;-38,528055;-3,721667;;;
270980;24;12;2015;;19832;AV JOVITA FEITOSA;RUA MARIA FELIX RODRIGUES;;;;Colisão Traseira;;;;T;Não Há Controle;Residencial;0;0;3;1;0;0;0;0;0;0;0;0;-38,565869;-3,741791;;;
271004;24;12;2015;12:30;0;AV SANTOS DUMONT;;;;;Colisão Traseira;Luz do Dia;;;Meio de Quadra;;;0;0;2;1;0;0;0;0;0;0;0;0;;;;;
270989;24;12;2015;07:30;0;AV PRS JUSCELINO KUBITSCHEK (PASSARÉ);;;3371;;Colisão Traseira;Luz do Dia;;;Meio de Quadra;;;0;1;1;1;0;0;0;0;0;1;0;0;-38,526943;-3,809743;;;
270978;24;12;2015;12:00;0;AV DOMINGOS OLIMPIO;;;;;Colisão Traseira;Luz do Dia;;;Meio de Quadra;;;0;0;2;1;0;0;0;0;0;0;0;0;;;;;
270975;24;12;2015;11:40;7400;RUA CEL MATOS DOURADO;RUA PRO EDGAR DE ARRUDA;;;;Colisão Transversal;Luz do Dia;;;Cruz;Pare;Residencial;0;0;3;1;0;0;0;0;0;1;0;0;-38,584848;-3,758202;;;
270969;24;12;2015;17:15;22297;AV BEZERRA DE MENEZES;RUA PDE ANCHIETA;;;;Atropelamento;Anoitecer;;;Cruz;Semáforo;Comercial;0;1;1;0;1;0;0;0;0;0;0;0;-38,552298;-3,733155;;;
270970;24;12;2015;07:00;17359;RUA IRM BAZET;AV PRO GOMES DE MATOS;;;;Colisão Transversal;Luz do Dia;;;Cruz;Pare;Residencial;0;1;1;1;0;0;0;0;0;1;0;0;-38,549810;-3,766045;;;
270971;24;12;2015;08:30;0;RUA METON DE ALENCAR;;;1165;;Atropelamento;Luz do Dia;;;Meio de Quadra;;;1;0;1;1;0;0;0;0;0;0;0;0;;;;;
270972;24;12;2015;12:00;13076;AV I CJ JOSE WALTER;AV B CJ JOSE WALTER;;;;Colisão Transversal;Luz do Dia;;;T;Não Há Controle;Residencial;0;0;2;1;0;0;0;0;0;0;0;0;-38,551546;-3,827806;;;
270973;24;12;2015;13:00;0;AV JOR THOMAZ COELHO;;;629;;Colisão Transversal;Luz do Dia;;;Meio de Quadra;;;0;0;2;1;1;0;0;0;0;0;0;0;-38,501746;-3,832035;;;
272698;24;12;2015;02:00;22937;RUA GOV JOAO CARLOS;AV DR SILAS MUNGUBA;;;;Colisão;;;;T;Semáforo;Comercial;0;1;1;1;0;1;0;0;0;0;0;0;-38,553910;-3,783950;;;
272800;24;12;2015;18:15;0;RUA PEDRO DANTAS;;;129;;Atropelamento;Anoitecer;;;Meio de Quadra;;;1;0;1;0;0;0;0;0;0;1;0;0;;;;;
273371;24;12;2015;21:39;10296;AV SEN FERNANDES TAVORA;RUA FRANCISCO RAMOS;;;;Colisão;;;;;;;0;0;2;0;0;0;0;0;0;0;0;0;-38,603800;-3,754123;;;
273363;24;12;2015;21:37;23380;RUA CAP TIBURCIO DA FROTA;RUA NUNES VALENTE;;;;Colisão;;;;Cruz;Pare;Residencial;0;0;2;0;0;0;0;0;0;0;0;0;-38,509109;-3,754506;;;
273360;24;12;2015;20:52;18513;RUA FRE JOSE MARIA;RUA MEXICO;;;;Colisão;;;;Cruz;Pare;Residencial;0;0;2;0;0;0;0;0;0;0;0;0;-38,575070;-3,735020;;;
273355;24;12;2015;20:50;0;RUA CAP DAKIR;;;;;Colisão;;;;Meio de Quadra;;;0;0;2;0;0;0;0;0;0;0;0;0;;;;;
273373;24;12;2015;00:31;0;RUA JULIO SILVA;;;;;Colisão;;;;Meio de Quadra;;;0;1;0;0;0;0;0;0;0;1;0;0;;;;;
273380;24;12;2015;23:10;0;RUA CEL FABRICIANO;;;;;Colisão;;;;Meio de Quadra;;;0;0;2;0;0;0;0;0;0;0;0;0;;;;;
273342;24;12;2015;19:04;16411;RUA SAO FRANCISCO DE ASSIS;RUA FRANCISCA MARIA DA CONCEICAO;;;;Colisão;;;;;;;0;0;2;0;0;0;0;0;0;0;0;0;-38,572702;-3,836593;;;
273340;24;12;2015;18:01;15791;RUA GRANJA CASTELO;RUA TAQUATIARA;;;;Colisão;Anoitecer;;;;;;0;0;2;0;0;0;0;0;0;0;0;0;-38,500168;-3,830854;;;