COD_ACIDENTE;DIA;MES;ANO;HORA;INTERSECAO;LOG1;LOG2;LOG3;NUMERO;REFERENCIA;NATUREZA;ILUMINACAO;TEMPO;SUPERFICIEPISTA;TIPOCRUZAMENTO;CONTROLETRAFEGO;USOSOLO;MORTOS;FERIDOS;ILESOS;AUTOMOVEL;ONIBUS;BICICLETA;CAMINHAO;MICROONIBUS;CICLOMOTOR;MOTOCICLETA;TRACAOANIMAL;TREM;LONG;LAT;;;
273335;24;12;2015;16:10;1709;RUA CAP OLAVO;RUA CAP ARAGAO;;;;Colisão;Luz do Dia;;;Cruz;Pare;Comercial;0;0;2;0;0;0;0;0;0;0;0;0;-38,515937;-3,765348;;;
273338;24;12;2015;17:16;16281;RUA ANTONIO PEREIRA;RUA ANTONIO BARBOSA;;;;Colisão;Anoitecer;;;Cruz;Pare;Residencial;0;0;2;0;0;0;0;0;0;0;0;0;-38,565289;-3,832952;;;
273345;24;12;2015;19:12;0;RUA DOM QUINTINO;;;;;Colisão;;;;Meio de Quadra;;;0;0;2;0;0;0;0;0;0;0;0;0;;;;;
273351;24;12;2015;13:39;0;RUA 08 UI 509;;;;;Colisão;Luz do Dia;;;Meio de Quadra;;;0;0;2;0;0;0;0;0;0;0;0;0;;;;;
273347;24;12;2015;19:37;12533;AV CEL CARVALHO;RUA MARIA CLARA;;;;Colisão;;;;Cruz;Pare;Comercial;0;1;0;0;0;0;0;0;0;0;0;0;-38,585818;-3,725382;;;
273325;24;12;2015;14:54;0;RUA ANTONIO PEREIRA;;;;;Colisão;Luz do Dia;;;Meio de Quadra;;;0;0;2;0;0;0;0;0;0;0;0;0;;;;;
273323;24;12;2015;14:49;0;AV GAL OSORIO DE PAIVA;;;;;Atropelamento;Luz do Dia;;;Meio de Quadra;;;0;0;2;0;0;0;0;0;0;0;0;0;;;;;
273321;24;12;2015;13:23;24215;AV ENG SANTANA JUNIOR;RUA FAUSTO CABRAL;;;;Colisão;Luz do Dia;;;Cruz;Pare;Residencial;0;0;2;0;0;0;0;0;0;0;0;0;-38,480150;-3,732588;;;
273333;24;12;2015;15:07;0;LOGRADOURO SEM NOME;;;;;Colisão;Luz do Dia;;;Meio de Quadra;;;0;0;2;0;0;0;0;0;0;0;0;0;;;;;
273328;24;12;2015;14:55;0;AV GOV RAUL BARBOSA;;;;;Colisão;Luz do Dia;;;Meio de Quadra;;;0;0;2;0;0;0;0;0;0;0;0;0;;;;;
273300;24;12;2015;09:56;0;RUA LUIS VIEIRA;;;;;Colisão;Luz do Dia;;;Meio de Quadra;;;0;0;2;0;0;0;0;0;0;0;0;0;;;;;
273308;24;12;2015;10:37;0;RUA FRANCISCA MARIA DA CONCEICAO;;;;;Atropelamento;Luz do Dia;;;Meio de Quadra;;;0;0;2;0;0;0;0;0;0;0;0;0;;;;;
273309;24;12;2015;10:57;0;AV JOAO PESSOA;;;;;Colisão;Luz do Dia;;;Meio de Quadra;;;0;0;2;0;0;0;0;0;0;0;0;0;;;;;
273303;24;12;2015;08:12;0;AV AUGUSTO DOS ANJOS;;;;;Choque c/ Obstáculo Fixo;Luz do Dia;;;Meio de Quadra;;;0;0;2;0;0;0;0;0;0;0;0;0;;;;;
273305;24;12;2015;10:33;24396;RUA VICENTE SPINDOLA;RUA TIANGUA;;;;Atropelamento;Luz do Dia;;;;;;0;0;2;0;0;0;0;0;0;0;0;0;-38,541386;-3,768139;;;
273317;24;12;2015;12:24;18743;RUA VALPARAISO;RUA CATOLE;;;;Colisão;Luz do Dia;;;Cruz;Pare;Residencial;0;0;2;0;0;0;0;0;0;0;0;0;-38,520171;-3,846407;;;
273318;24;12;2015;12:56;19533;RUA NEREU RAMOS;AV GAL OSORIO DE PAIVA;;;;Colisão;Luz do Dia;;;Cruz;Semáforo;Comercial;0;0;2;0;0;0;0;0;0;0;0;0;-38,576828;-3,782196;;;
273311;24;12;2015;11:21;0;LOGRADOURO SEM NOME;;;;;Colisão;Luz do Dia;;;Meio de Quadra;;;0;0;2;0;0;0;0;0;0;0;0;0;;;;;
273469;24;12;2015;23:09;0;RUA PERGENTINO MAIA;;;;;Colisão;;;;Meio de Quadra;;;0;1;1;1;0;0;0;0;0;1;0;0;;;;;
273417;24;12;2015;04:26;8930;AV DOMINGOS OLIMPIO;RUA JUSTINIANO DE SERPA;;;;Choque c/ Obstáculo Fixo;;;;Outros;Semáforo;Residencial;0;1;0;1;0;0;0;0;0;0;0;0;-38,542468;-3,733011;;;
273419;24;12;2015;06:04;24372;AV LUCIANO CARNEIRO;RUA ALM RUFINO;;;;Colisão;Luz do Dia;;;Cruz;Semáforo;Comercial;0;1;1;1;0;0;0;0;0;1;0;0;-38,537195;-3,766580;;;
273421;24;12;2015;06:15;0;AV DEP PAULINO ROCHA;;;;;Colisão;Luz do Dia;;;Meio de Quadra;;;0;1;0;0;0;0;0;0;0;1;0;0;-38,508524;-3,808089;;;
273423;24;12;2015;07:25;0;AV GODOFREDO MACIEL;;;;;Colisão;Luz do Dia;;;Meio de Quadra;;;0;1;0;0;0;0;0;0;0;1;0;0;-38,577191;-3,819789;;;
273425;24;12;2015;07:27;0;AV AUGUSTO DOS ANJOS;;;;;Colisão;Luz do Dia;;;Meio de Quadra;;;0;1;1;1;0;0;0;0;0;1;0;0;;;;;
273428;24;12;2015;10:43;0;AV JOAO PESSOA;;;;;Colisão;Luz do Dia;;;Meio de Quadra;;;0;1;1;1;0;0;0;0;0;1;0;0;-38,552713;-3,756047;;;
273430;24;12;2015;10:50;13563;AV SORIANO ALBUQUERQUE;RUA DR JOSE LOURENCO;;;;Queda;Luz do Dia;;;Cruz;Pare;Residencial;0;1;0;0;0;0;0;0;0;1;0;0;-38,512631;-3,749830;;;
273431;24;12;2015;11:23;25252;RUA PDE JANUARIO CAMPOS;RUA JULIO LIMA;;;;Colisão;Luz do Dia;;;;;;0;1;1;1;0;0;0;0;0;1;0;0;-38,489472;-3,794498;;;
273432;24;12;2015;11:43;0;RUA MON FURTADO;;;;;Colisão;Luz do Dia;;;Meio de Quadra;;;0;1;0;0;0;0;0;0;0;1;0;0;;;;;
273433;24;12;2015;12:00;0;RUA DES HERMES PARAHYBA;;;;;Colisão;Luz do Dia;;;Meio de Quadra;;;0;1;1;1;0;0;0;0;0;1;0;0;;;;;
273376;24;12;2015;21:47;0;AV CONTORNO SUL;;;;;Colisão;;;;Meio de Quadra;;;0;0;2;0;0;0;0;0;0;0;0;0;;;;;
273463;24;12;2015;22:14;0;RUA CON DE CASTRO;;;;;Colisão;;;;Meio de Quadra;;;0;1;1;1;0;0;0;0;0;1;0;0;-38,573343;-3,784877;;;
273465;24;12;2015;22:39;0;RUA DOMINGOS LOPES;;;;;Atropelamento;;;;Meio de Quadra;;;0;1;0;0;0;0;0;0;0;1;0;0;;;;;
273461;24;12;2015;22:12;0;AV WASHINGTON SOARES;;;;;Queda;;;;Meio de Quadra;;;0;1;0;0;0;0;0;0;0;1;0;0;;;;;
273444;24;12;2015;20:46;0;AV CEL CARVALHO;;;;;Colisão;;;;Meio de Quadra;;;0;1;0;0;0;0;0;0;0;1;0;0;-38,589801;-3,710039;;;
273445;24;12;2015;21:47;0;AV SEN CARLOS JEREISSATI (AEROPORTO);;;;;Colisão;;;;Meio de Quadra;;;0;1;1;1;0;0;0;0;0;1;0;0;;;;;
273523;25;12;2015;23:58;0;AV GODOFREDO MACIEL;;;;;Queda;;;;Meio de Quadra;;;0;1;0;0;0;0;0;0;0;1;0;0;-38,575068;-3,812710;;;
273482;25;12;2015;07:29;5108;RUA PRC ISABEL;RUA SAO PAULO;;;;Colisão;Luz do Dia;;;Cruz;Pare;Comercial;0;1;1;1;0;0;0;0;0;1;0;0;-38,534619;-3,723679;;;
273483;25;12;2015;07:52;0;AV OLIVEIRA PAIVA;;;;;Colisão;Luz do Dia;;;Meio de Quadra;;;0;1;1;1;0;0;0;0;0;1;0;0;;;;;
273510;25;12;2015;21:27;0;AV DIOGUINHO;;;;;Atropelamento;;;;Meio de Quadra;;;0;1;1;0;0;0;0;0;0;1;0;0;;;;;
273521;25;12;2015;22:12;0;RUA CAP OLAVO;;;;;Colisão;;;;Meio de Quadra;;;0;1;0;0;0;0;0;0;0;0;0;0;-38,516246;-3,763430;;;
273501;25;12;2015;19:28;0;AV GAL OSORIO DE PAIVA;;;;;Queda;;;;Meio de Quadra;;;0;1;0;0;0;1;0;0;0;0;0;0;-38,601913;-3,804567;;;
273503;25;12;2015;19:56;0;AV PERIMETRAL;;;;;Atropelamento;;;;Meio de Quadra;;;0;1;0;0;1;0;0;0;0;0;0;0;;;;;
273495;25;12;2015;14:09;0;AV JOSE BASTOS;;;;;Colisão;Luz do Dia;;;Meio de Quadra;;;0;1;0;0;0;0;0;0;0;1;0;0;;;;;
273496;25;12;2015;14:43;0;AV PERIMETRAL;;;;;Colisão;Luz do Dia;;;Meio de Quadra;;;0;1;1;1;0;0;0;0;0;1;0;0;;;;;
273497;25;12;2015;15:28;0;RUA SGT JOAO PINHEIRO;;;;;Colisão;Luz do Dia;;;Meio de Quadra;;;0;1;1;1;0;0;0;0;0;1;0;0;;;;;
273491;25;12;2015;12:02;0;RUA MOREIRA DA ROCHA;;;;;Atropelamento;Luz do Dia;;;Meio de Quadra;;;0;1;1;0;0;0;0;0;0;1;0;0;;;;;
273492;25;12;2015;13:05;0;RUA MON CARNEIRO DA CUNHA;;;;;Colisão;Luz do Dia;;;Meio de Quadra;;;0;1;0;0;0;0;0;0;0;0;0;0;-38,492956;-3,775352;;;
273493;25;12;2015;14:02;2919;RUA URUCUTUBA;RUA MARIA JULIA;;;;Atropelamento;Luz do Dia;;;Cruz;Não Há Controle;Residencial;0;1;1;0;0;0;0;0;0;1;0;0;-38,601155;-3,797047;;;
273486;25;12;2015;09:22;0;RUA CON DE CASTRO;;;;;Colisão;Luz do Dia;;;Meio de Quadra;;;0;1;0;0;0;0;0;0;0;0;0;0;;;;;
273479;25;12;2015;05:14;0;RUA CON DE CASTRO;;;;;Colisão;Amanhecer;;;Meio de Quadra;;;0;1;0;0;0;0;0;0;0;0;0;0;-38,600941;-3,817500;;;
273480;25;12;2015;05:35;0;RUA LUMINOSA;;;;;Atropelamento;Amanhecer;;;Meio de Quadra;;;0;1;1;1;0;0;0;0;0;0;0;0;;;;;
273472;25;12;2015;00:45;0;AV GAL OSORIO DE PAIVA;;;;;Colisão;;;;Meio de Quadra;;;0;1;1;1;0;0;0;0;0;1;0;0;-38,601913;-3,804567;;;
273474;25;12;2015;01:22;0;AV BEZERRA DE MENEZES;;;;;Queda;;;;Meio de Quadra;;;0;1;0;0;0;0;0;0;0;1;0;0;;;;;
273475;25;12;2015;02:02;0;AV D CJ CEARA;;;;;Colisão;;;;Meio de Quadra;;;0;1;0;0;0;0;0;0;0;0;0;0;;;;;
273348;25;12;2015;20:34;0;AV GAL OSORIO DE PAIVA;;;1470;;Choque c/ Obstáculo Fixo;;;;Meio de Quadra;;;0;0;1;0;0;0;0;0;0;0;0;0;-38,574809;-3,780885;;;
273346;25;12;2015;11:29;0;RUA FRE JOSE MAURICIO;;;316;;Colisão;Luz do Dia;;;Meio de Quadra;;;0;0;2;0;0;0;0;0;0;0;0;0;;;;;
273344;25;12;2015;02:09;10885;RUA TUPI D35;RUA CUIABA;;;;Colisão;;;;;;;0;0;2;0;0;0;0;0;0;0;0;0;-38,582496;-3,767102;;;
271048;25;12;2015;21:20;17551;RUA MANUEL JESUINO;RUA DR JOSE LINO;;;;Engavetamento;;;;Cruz;Semáforo;Comercial;0;1;2;1;0;0;0;0;0;0;0;0;-38,485087;-3,730066;;;
271052;25;12;2015;08:40;0;AV ALM HENRIQUE SABOIA;;;;COL. 7 DE SETEMBRO;Choque c/ Obstáculo Fixo;Luz do Dia;;;Meio de Quadra;;;0;0;1;1;0;0;0;0;0;0;0;0;;;;;
271083;25;12;2015;19:30;4016;RUA PRO COSTA MENDES;RUA JULIO CESAR D12;;;;Colisão Transversal;;;;Cruz;Pare;Residencial;0;0;2;1;0;0;0;0;0;0;0;0;-38,546911;-3,754698;;;
271098;25;12;2015;15:00;0;RUA CASTRO E SILVA;;;779;;Colisão Lateral;Luz do Dia;;;Meio de Quadra;;;0;0;2;1;1;0;0;0;0;0;0;0;-38,532434;-3,722121;;;
271094;25;12;2015;15:20;5062;RUA DR JOAO MOREIRA;RUA GAL SAMPAIO;;;;Colisão Transversal;Luz do Dia;;;Cruz;Semáforo;Comercial;0;2;0;1;1;0;0;0;0;0;0;0;-38,529364;-3,722030;;;
271080;25;12;2015;12:30;10999;RUA 15 DE NOVEMBRO;RUA ALBERTO MAGNO;;;;Colisão Transversal;Luz do Dia;;;Cruz;Pare;Residencial;0;0;2;1;0;0;0;0;0;0;0;0;-38,553169;-3,769909;;;
271057;25;12;2015;19:50;0;RUA ILDEFONSO ALBANO;;;331;;Colisão Lateral;Luz do Dia;;;Meio de Quadra;;;0;0;2;1;0;0;0;0;0;0;0;0;-38,510242;-3,723864;;;
271068;25;12;2015;16:00;18033;AV DIOGUINHO;RUA GERONIMO BRIGIDO;;;;Colisão Traseira;Luz do Dia;;;Cruz;Pare;Lazer;0;0;2;1;0;0;0;0;0;0;0;0;-38,457822;-3,733381;;;
271069;25;12;2015;08:15;0;RUA CANUTO DE AGUIAR;;;1212;;Choque c/ Obstáculo Fixo;Luz do Dia;;;Meio de Quadra;;;0;0;1;1;0;0;0;0;0;0;0;0;-38,491776;-3,731811;;;
271062;25;12;2015;14:20;348;RUA PRO LINO ENCARNACAO;RUA CESAR FONTENELE;;;;Colisão Transversal;Luz do Dia;;;Cruz;Pare;Misto;0;0;3;1;0;0;0;0;0;0;0;0;-38,559596;-3,746359;;;
271075;25;12;2015;06:20;15804;RUA PERGENTINO MAIA;RUA ANTONINO BARROS;;;;Colisão Transversal;Luz do Dia;;;Cruz;Pare;Comercial;0;1;1;0;1;0;0;0;0;1;0;0;-38,488977;-3,831390;;;
271125;25;12;2015;14:20;17470;TR BAUXITA;AV ABOLICAO;;;;Colisão;Luz do Dia;;;;;;0;0;2;1;0;0;0;0;0;0;0;0;-38,481693;-3,723966;;;
271115;25;12;2015;06:30;5112;RUA BAR RIO BRANCO;RUA CASTRO E SILVA;;;;Colisão Transversal;Luz do Dia;;;Cruz;Semáforo;Comercial;0;0;2;1;0;0;0;0;0;0;0;0;-38,527429;-3,723847;;;
271131;25;12;2015;10:15;10863;RUA PRO HERIBALDO COSTA;RUA PORTO VELHO;;;;Colisão Lateral;Luz do Dia;;;Cruz;Semáforo;Comercial;0;1;1;1;0;0;0;0;0;0;0;0;-38,587014;-3,765974;;;
271132;25;12;2015;14:35;0;AV JOSE BASTOS;;;5638;;Queda;Luz do Dia;;;Meio de Quadra;;;0;2;0;0;0;0;0;0;0;1;0;0;-38,564830;-3,761101;;;
271103;25;12;2015;06:45;26236;AV DR SILAS MUNGUBA;RUA BERNARDO MANUEL;;;;Colisão Traseira;Luz do Dia;;;;;;0;1;1;1;0;0;0;0;0;1;0;0;-38,547960;-3,787538;;;
271111;25;12;2015;06:00;26236;AV DR SILAS MUNGUBA;RUA BERNARDO MANUEL;;;;Colisão;Luz do Dia;;;;;;1;1;0;0;0;0;0;0;0;1;0;0;-38,547960;-3,787538;;;
271113;25;12;2015;01:20;13556;AV RUI BARBOSA;AV SORIANO ALBUQUERQUE;;;;Colisão Transversal;;;;Cruz;Semáforo;Residencial;0;0;2;1;0;0;0;0;0;0;0;0;-38,513767;-3,749460;;;
271121;25;12;2015;04:30;0;RUA SABIAGUABA;;;733;;Capotamento;;;;Meio de Quadra;;;0;2;0;1;0;0;0;0;0;0;0;0;;;;;
266997;25;12;2015;22:44;0;AV PRUDENTE BRASIL;;;;;Colisão;;;;Meio de Quadra;;;0;0;2;1;0;0;0;0;0;0;0;0;;;;;
273088;26;12;2015;04:30;0;RD CE-040;;;;KM-02;Choque c/ Obstáculo Fixo;;;;Meio de Quadra;;;0;0;1;0;0;0;0;0;0;0;0;0;-38,481598;-3,776479;;;
273094;26;12;2015;16:10;0;RD CE-040;;;;KM-07;Colisão;Luz do Dia;;;Meio de Quadra;;;0;0;2;1;0;0;0;0;0;0;0;0;-38,483160;-3,817953;;;
273101;26;12;2015;20:15;0;RD CE-060;;;;KM-03;Colisão;;;;Meio de Quadra;;;0;0;2;1;0;0;0;0;0;0;0;0;-38,582776;-3,836637;;;
273098;26;12;2015;14:50;0;AV SEN CARLOS JEREISSATI (AEROPORTO);;;;KM 03;Colisão;Luz do Dia;;;Meio de Quadra;;;0;1;1;1;0;0;0;0;0;0;0;0;-38,541414;-3,780382;;;
271141;26;12;2015;13:50;25068;AV DOS EXPEDICIONARIOS;RUA STA QUITERIA;;;;Colisão Transversal;Luz do Dia;;;Rotatória;Semáforo;Residencial;0;0;2;1;0;0;0;0;0;0;0;0;-38,539477;-3,759299;;;
271142;26;12;2015;20:00;0;RUA NOSSA SRA DAS GRACAS;;;1308;;Colisão Frontal;;;;Meio de Quadra;;;0;2;0;0;0;0;0;0;0;1;0;0;-38,562389;-3,707475;;;
271144;26;12;2015;17:30;18303;AV ALM BARROSO;RUA ITAPIPOCA;;;;Colisão Traseira;Anoitecer;;;T;Não Há Controle;Comercial;0;0;2;1;0;0;1;0;0;0;0;0;-38,516762;-3,720403;;;
271148;26;12;2015;07:40;0;AV JOSE BASTOS;;;6480;;Atropelamento;Luz do Dia;;;Meio de Quadra;;;0;2;0;0;0;0;0;0;0;1;0;0;-38,569576;-3,767391;;;
271146;26;12;2015;19:10;13771;RUA LUIZA MIRANDA COELHO;AV PINTO BANDEIRA D56;;;;Colisão Transversal;;;;Cruz;Pare;Residencial;0;2;0;0;0;0;0;0;1;0;0;0;-38,487283;-3,774929;;;
271371;26;12;2015;18:40;0;AV ABOLICAO;;;1780;;Atropelamento;;;;;;;0;1;1;0;1;0;0;0;0;0;0;0;-38,503368;-3,724791;;;
271376;26;12;2015;23:10;0;RUA PRO VIRGILIO DE MORAIS;;;487;;Colisão Transversal;;;;Meio de Quadra;;;0;1;1;1;0;0;0;0;1;0;0;0;-38,596944;-3,752791;;;
271398;26;12;2015;09:00;10999;RUA ALBERTO MAGNO;RUA 15 DE NOVEMBRO;;;;Colisão Transversal;Luz do Dia;;;Cruz;Pare;Residencial;0;1;2;0;0;0;0;0;0;1;0;0;-38,553169;-3,769909;;;
271411;26;12;2015;07:15;2326;AV PRS CASTELO BRANCO;RUA SEN ROBERT KENNEDY;;;;Colisão Transversal;Luz do Dia;;;Cruz;Semáforo;Residencial;0;0;2;0;0;0;0;0;0;0;0;0;-38,579042;-3,704117;;;
271407;26;12;2015;06:45;15204;AV ABOLICAO;RUA JULIO IBIAPINA;;;;Colisão Traseira;Luz do Dia;;;Cruz;Semáforo;Comercial;0;0;2;1;0;0;0;0;0;0;0;0;-38,491290;-3,726679;;;
271347;26;12;2015;13:15;0;AV CARNEIRO DE MENDONCA;;;750;;Colisão Traseira;Luz do Dia;;;Meio de Quadra;;;0;0;4;1;0;0;0;0;0;0;0;0;-38,566687;-3,764148;;;
271332;26;12;2015;13:30;15835;RUA CEL DIONISIO ALENCAR;RUA MANUEL CASTELO BRANCO;;;;Colisão Transversal;Luz do Dia;;;Cruz;Pare;Comercial;0;1;1;1;0;0;0;0;0;1;0;0;-38,488281;-3,832973;;;
271334;26;12;2015;11:45;25311;RUA JOAO REGINO;RUA ANTENOR ROCHA ALEXANDRE;;;;Colisão Transversal;Luz do Dia;;;Cruz;Pare;Residencial;0;0;2;1;0;0;0;0;0;0;0;0;-38,482810;-3,792178;;;
271335;26;12;2015;09:00;17399;RUA ISAIE BORIS;RUA PERU;;;;Colisão Transversal;Luz do Dia;;;;;;0;0;2;1;0;0;0;0;0;0;0;0;-38,549634;-3,767501;;;
271336;26;12;2015;20:52;0;RUA IDALINA MURINELY;;;1650;;Colisão Frontal;;;;Meio de Quadra;;;0;1;1;0;0;0;0;0;0;1;0;0;;;;;
271337;26;12;2015;08:00;0;RUA DEMETRIO MENEZES;;;130;;Colisão Traseira;Luz do Dia;;;Meio de Quadra;;;0;0;2;1;0;0;0;0;0;0;0;0;;;;;
271338;26;12;2015;17:50;15175;AV ABOLICAO;RUA NUNES VALENTE;;;;Colisão Lateral;Anoitecer;;;Cruz;Pare;Misto;0;0;4;1;0;0;0;0;0;0;0;0;-38,500384;-3,725750;;;
271339;26;12;2015;23:00;15317;RUA TEN BENEVOLO;RUA NUNES VALENTE;;;;Colisão Lateral;;;;Cruz;Pare;Residencial;0;1;1;0;1;0;0;0;0;1;0;0;-38,501859;-3,730365;;;
271340;26;12;2015;14:20;15322;RUA CANUTO DE AGUIAR;RUA BARBOSA DE FREITAS;;;;Colisão Transversal;Luz do Dia;;;Cruz;Pare;Residencial;0;0;2;1;0;0;0;0;0;0;0;0;-38,495453;-3,730624;;;
271444;26;12;2015;16:44;15169;AV BEIRA MAR;RUA JOAQUIM NABUCO;;;;Colisão Lateral;Luz do Dia;;;T;Pare;Outros;0;0;2;1;0;0;0;0;0;0;0;0;-38,498120;-3,725387;;;
271452;26;12;2015;15:35;8954;RUA DOM JERONIMO D06;AV DOMINGOS OLIMPIO;;;;Colisão Traseira;Luz do Dia;;;Cruz;Pare;Residencial;0;0;2;1;0;0;0;0;0;0;0;0;-38,543457;-3,733201;;;
271463;26;12;2015;13:35;18387;AV SGT HERMINIO SAMPAIO;AV OLAVO BILAC;;;;Colisão Lateral;Luz do Dia;;;Cruz;Semáforo;Residencial;0;0;2;1;0;0;0;0;1;0;0;0;-38,565080;-3,727179;;;
271133;26;12;2015;23:00;25329;RUA CAP ARAGAO;RD BR 116;;;;Colisão Lateral;;;;;;;0;0;2;1;0;0;0;0;0;0;0;0;-38,518202;-3,765719;;;
271135;26;12;2015;15:20;0;RUA FLORIANO PEIXOTO;;;899;;Colisão Lateral;Luz do Dia;;;Meio de Quadra;;;0;0;2;1;0;0;0;0;0;0;0;0;-38,528079;-3,730225;;;
271137;26;12;2015;11:40;8949;AV BEZERRA DE MENEZES;RUA JUSTINIANO DE SERPA;;;;;Luz do Dia;;;Cruz;Semáforo Intermitente;Comercial;0;0;2;1;0;0;1;0;0;0;0;0;-38,542857;-3,731156;;;
271138;26;12;2015;13:30;0;AV MAJ ASSIS;;;1132;;Choque c/ Obstáculo Fixo;Luz do Dia;;;Meio de Quadra;;;1;0;0;0;0;0;0;0;0;1;0;0;-38,589181;-3,723592;;;
271139;26;12;2015;11:00;0;AV MR HULL;;;;;Colisão Lateral;Luz do Dia;;;Meio de Quadra;;;0;0;2;1;0;0;1;0;0;0;0;0;;;;;
273571;26;12;2015;17:06;12685;AV CEL CARVALHO;AV DA INDEPENDENCIA;;;;Colisão;Anoitecer;;;Cruz;Semáforo;Comercial;0;1;1;1;0;0;0;0;0;1;0;0;-38,584952;-3,728711;;;
273573;26;12;2015;18:14;2755;RUA CEL VIRGILIO NOGUEIRA (BOM JARDIM);RUA BOM JESUS (GRANJA LISBOA);;;;Colisão;Anoitecer;;;Cruz;Cancela;Misto;0;1;0;0;0;0;0;0;0;1;0;0;-38,609686;-3,791684;;;
273574;26;12;2015;18:35;0;RD BR 116;;;12000;KM-12;Colisão;;;;Meio de Quadra;;;0;1;1;1;0;0;0;0;0;1;0;0;-38,496066;-3,855740;;;
273590;26;12;2015;18:45;0;RUA AMARO JOSE DE SOUZA;;;;;Colisão;;;;Meio de Quadra;;;0;1;0;0;0;0;0;0;0;0;0;0;-38,567687;-3,825136;;;
273619;26;12;2015;20:27;0;RUA OSCAR ARARIPE;;;;;Colisão;;;;Meio de Quadra;;;0;1;0;0;0;0;0;0;0;0;0;0;-38,618938;-3,785001;;;
273620;26;12;2015;22:52;15370;AV DOM LUIS;AV SEN VIRGILIO TAVORA;;;;Colisão;;;;Cruz;Semáforo;Comercial;0;1;1;1;0;0;0;0;0;1;0;0;-38,492507;-3,734829;;;
273567;26;12;2015;14:52;0;AV GAL OSORIO DE PAIVA;;;;;Choque c/ Obstáculo Fixo;Luz do Dia;;;Meio de Quadra;;;0;1;0;1;0;0;0;0;0;0;0;0;-38,617416;-3,820559;;;
273352;26;12;2015;07:22;0;RUA SABIAGUABA;;;;;Choque c/ Obstáculo Fixo;Luz do Dia;;;Meio de Quadra;;;0;0;1;0;0;0;0;0;0;0;0;0;;;;;
273356;26;12;2015;12:22;0;RUA ALBERTO DE OLIVEIRA;;;1707;;Colisão;Luz do Dia;;;Meio de Quadra;;;0;0;2;0;0;0;0;0;0;0;0;0;-38,579040;-3,717381;;;
273362;26;12;2015;21:54;3201;RUA TAQUARI;RUA JOSE ARISTOTELES GONDIM;;;;Colisão;;;;;;;0;0;2;0;0;0;0;0;0;0;0;0;-38,585530;-3,780819;;;
273358;26;12;2015;20:13;0;AV PRS COSTA E SILVA;;;;;Colisão;;;;Meio de Quadra;;;0;0;2;0;0;0;0;0;0;0;0;0;;;;;
273524;26;12;2015;07:49;0;AV JOSE BASTOS;;;;;Colisão;Luz do Dia;;;Meio de Quadra;;;0;1;0;0;0;0;0;0;0;0;0;0;-38,569576;-3,767391;;;
273526;26;12;2015;07:56;0;AV BORGES DE MELO;;;;;Colisão;Luz do Dia;;;Meio de Quadra;;;0;1;0;1;0;0;0;0;0;0;0;0;-38,537314;-3,753704;;;
273528;26;12;2015;08:22;0;RUA AFONSO LOPES;;;;;Colisão;Luz do Dia;;;Meio de Quadra;;;0;1;0;0;0;0;0;0;0;0;0;0;;;;;
273529;26;12;2015;11:48;0;RUA PRC ISABEL;;;;;Colisão;Luz do Dia;;;Meio de Quadra;;;0;1;1;1;0;0;0;0;0;1;0;0;-38,536430;-3,729766;;;
273530;26;12;2015;14:44;5284;RUA PRC ISABEL;RUA PEDRO I;;;;Colisão;Luz do Dia;;;Cruz;;Comercial;0;1;1;1;0;0;0;0;0;1;0;0;-38,536144;-3,728809;;;
273386;27;12;2015;21:58;12699;AV CEL CARVALHO;AV MAJ ASSIS;;;;Colisão;;;;Cruz;Semáforo;Residencial;0;0;2;0;0;0;0;0;0;0;0;0;-38,586255;-3,723796;;;
273388;27;12;2015;22:06;0;RUA STA LUZIA;;;100;;Choque c/ Obstáculo Fixo;;;;Meio de Quadra;;;0;0;1;0;0;0;0;0;0;0;0;0;;;;;
273389;27;12;2015;22:52;0;RUA OSCAR FRANCA;;;640;;Colisão;;;;Meio de Quadra;;;0;0;2;0;0;0;0;0;0;0;0;0;;;;;
273365;27;12;2015;00:04;2755;RUA BOM JESUS (GRANJA LISBOA);RUA CEL VIRGILIO NOGUEIRA (BOM JARDIM);;;;Colisão;;;;Cruz;Cancela;Misto;0;0;2;0;0;0;0;0;0;0;0;0;-38,609686;-3,791684;;;
273367;27;12;2015;00:06;0;AV AUGUSTO DOS ANJOS;;;51;;Colisão;;;;Meio de Quadra;;;0;0;2;0;0;0;0;0;0;0;0;0;;;;;
273372;27;12;2015;17:45;0;RUA JOAQUIM DE FIGUEIREDO FILHO;;;69;;Colisão;Anoitecer;;;Meio de Quadra;;;0;0;2;0;0;0;0;0;0;0;0;0;-38,482454;-3,801301;;;
273369;27;12;2015;04:30;0;AV GAL OSORIO DE PAIVA;;;;;Colisão;;;;Meio de Quadra;;;0;0;2;0;0;0;0;0;0;0;0;0;;;;;
273381;27;12;2015;19:22;0;RUA ANDRE REBOUCAS;;;121;;Colisão;;;;Meio de Quadra;;;0;0;2;0;0;0;0;0;0;0;0;0;-38,589547;-3,774689;;;
273379;27;12;2015;19:06;1927;AV ISABEL BEZERRA;RUA MARIA QUINTINO;;;;Colisão;;;;Cruz;Pare;Residencial;0;1;1;1;0;0;0;0;0;1;0;0;-38,500730;-3,855018;;;
273375;27;12;2015;18:14;0;RUA CIDADE ECOLOGICA;;;80;;Colisão;Anoitecer;;;Meio de Quadra;;;0;0;2;0;0;0;0;0;0;0;0;0;-38,474049;-3,771426;;;