COD_ACIDENTE;DIA;MES;ANO;HORA;INTERSECAO;LOG1;LOG2;LOG3;NUMERO;REFERENCIA;NATUREZA;ILUMINACAO;TEMPO;SUPERFICIEPISTA;TIPOCRUZAMENTO;CONTROLETRAFEGO;USOSOLO;MORTOS;FERIDOS;ILESOS;AUTOMOVEL;ONIBUS;BICICLETA;CAMINHAO;MICROONIBUS;CICLOMOTOR;MOTOCICLETA;TRACAOANIMAL;TREM;LONG;LAT;;;
273384;27;12;2015;20:08;0;RUA PRO GOMES BRASIL;;;370;;Colisão;;;;Meio de Quadra;;;0;0;2;0;0;0;0;0;0;0;0;0;-38,568765;-3,772419;;;
273624;27;12;2015;04:33;0;AV GAL OSORIO DE PAIVA;;;;;Queda;;;;Meio de Quadra;;;0;1;0;0;0;0;0;0;0;1;0;0;;;;;
273652;27;12;2015;13:41;23655;RUA BAR CRATO;RUA PRO JOAQUIM ANTONIO;;;;Colisão;Luz do Dia;;;Cruz;Não Há Controle;Misto;0;1;1;1;0;0;0;0;0;1;0;0;-38,565243;-3,722755;;;
273639;27;12;2015;04:40;0;AV MR HULL;;;;;Colisão;;;;Meio de Quadra;;;0;1;0;0;0;0;0;0;0;0;0;0;;;;;
273641;27;12;2015;04:44;0;RUA MONTE LIBANO;;;;;Colisão;;;;Meio de Quadra;;;0;1;1;1;0;0;0;0;0;1;0;0;-38,561746;-3,824465;;;
273642;27;12;2015;09:06;0;RUA JOSE VILAR;;;;;Colisão;Luz do Dia;;;Meio de Quadra;;;0;1;1;1;0;0;0;0;0;1;0;0;;;;;
273644;27;12;2015;09:11;0;AV AUGUSTO DOS ANJOS;;;;;Colisão;Luz do Dia;;;Meio de Quadra;;;0;1;0;0;0;0;0;0;0;1;0;0;-38,584042;-3,785934;;;
273646;27;12;2015;11:57;0;AV LUCIANO CARNEIRO;;;;;Colisão;Luz do Dia;;;Meio de Quadra;;;0;1;1;1;0;0;0;0;0;1;0;0;-38,538518;-3,770921;;;
273647;27;12;2015;12:37;0;RD BR 116;;;2000;KM-02;Colisão;Luz do Dia;;;Meio de Quadra;;;0;1;0;1;0;0;0;0;0;0;0;0;-38,516780;-3,771391;;;
273648;27;12;2015;12:46;0;RUA BAR AQUIRAZ;;;;;Colisão;Luz do Dia;;;Meio de Quadra;;;0;1;0;1;0;0;0;0;0;0;0;0;-38,489483;-3,834808;;;
273664;27;12;2015;21:13;0;AV PRS CASTELO BRANCO;;;;;Colisão;;;;Meio de Quadra;;;0;1;0;1;0;0;0;0;0;0;0;0;;;;;
273666;27;12;2015;22:49;0;RUA OSCAR FRANCA;;;;;Colisão;;;;Meio de Quadra;;;0;1;1;1;0;0;0;0;0;1;0;0;;;;;
273668;27;12;2015;23:07;0;RUA ARARIPE MACEDO;;;;;Colisão;;;;Meio de Quadra;;;0;1;0;1;1;0;0;0;0;0;0;0;-38,580789;-3,770648;;;
273658;27;12;2015;15:53;0;RUA SAO FELIPE D71;;;;;Queda;Luz do Dia;;;Meio de Quadra;;;0;1;0;0;0;0;0;0;0;1;0;0;;;;;
273659;27;12;2015;17:10;0;AV A CJ CEARA;;;;;Colisão;Anoitecer;;;Meio de Quadra;;;0;1;0;0;0;0;0;0;0;1;0;0;-38,605200;-3,772514;;;
273660;27;12;2015;17:56;0;RD BR 116;;;10000;KM-10;Colisão;Anoitecer;;;Meio de Quadra;;;0;1;0;0;0;0;0;0;0;0;0;0;-38,503373;-3,834435;;;
273671;27;12;2015;23:52;0;AV WASHINGTON SOARES;;;;;Colisão;;;;Meio de Quadra;;;0;1;1;1;0;0;0;0;0;1;0;0;;;;;
273655;27;12;2015;13:46;0;AV GODOFREDO MACIEL;;;;;Queda;Luz do Dia;;;Meio de Quadra;;;0;1;0;0;0;0;0;0;0;1;0;0;;;;;
273656;27;12;2015;14:02;15216;RUA VIS MAUA;AV ABOLICAO;;;;Colisão;Luz do Dia;;;Cruz;Outros;Comercial;0;1;1;1;0;0;0;0;0;1;0;0;-38,496477;-3,727006;;;
272729;27;12;2015;12:00;0;RUA JANDIRA;;;731;;Outros;Luz do Dia;;;Meio de Quadra;;;0;1;0;0;0;0;0;0;0;1;0;0;-38,586685;-3,713168;;;
272712;27;12;2015;00:05;0;AV PRO JOSE ARTHUR CARVALHO;;;1830;;Atropelamento;;;;Meio de Quadra;;;0;1;1;1;0;0;0;0;0;0;0;0;-38,463749;-3,825839;;;
271471;27;12;2015;08:00;4620;RUA WALDEMAR ALCANTARA;RUA LUIS GIRAO;;;;Colisão Frontal;Luz do Dia;;;Cruz;Pare;Residencial;0;0;2;1;0;0;0;0;0;0;0;0;-38,482367;-3,798863;;;
271467;27;12;2015;10:00;0;RUA CARVALHO JUNIOR;;;651;;Atropelamento;Luz do Dia;;;Meio de Quadra;;;1;0;3;1;0;0;0;0;0;0;0;0;-38,511065;-3,758569;;;
271481;27;12;2015;10:00;19683;RUA PRO JOSE DE BARCELOS;RUA AZEVEDO BOLAO;;;;Colisão Transversal;Luz do Dia;;;Cruz;Pare;Residencial;0;2;0;1;0;0;0;0;0;0;0;0;-38,550610;-3,735196;;;
271478;27;12;2015;10:30;0;AV JOAO PESSOA;;;6079;;Colisão Transversal;Luz do Dia;;;Meio de Quadra;;;0;2;0;1;0;0;0;0;0;0;0;0;-38,558198;-3,763321;;;
271475;27;12;2015;18:20;0;RUA TEODOMIRO DE CASTRO;;;6404;;Atropelamento;Anoitecer;;;Meio de Quadra;;;1;1;0;0;0;0;0;0;1;0;0;0;-38,577502;-3,716589;;;
271473;27;12;2015;01:10;18337;AV DR THEBERGE;RUA FRANCISCO NOGUEIRA;;;;Colisão Transversal;;;;;;;0;1;1;1;1;0;0;0;0;0;0;0;-38,567606;-3,722748;;;
271487;27;12;2015;21:25;24988;RUA TAVARES COUTINHO;RUA FRE MANSUETO;;;;Colisão Transversal;;;;Cruz;Semáforo Intermitente;Comercial;0;0;2;1;0;0;0;0;0;0;0;0;-38,488784;-3,732638;;;
271488;27;12;2015;08:00;0;AV ALBERTO NEPOMUCENO;;;199;;Colisão Traseira;Luz do Dia;;;Meio de Quadra;;;0;0;2;0;0;0;0;0;0;0;0;0;-38,524182;-3,723056;;;
271489;27;12;2015;16:00;348;RUA CESAR FONTENELE;RUA PRO LINO ENCARNACAO;;;;Colisão Lateral;Luz do Dia;;;Cruz;Pare;Misto;0;0;2;1;0;0;0;0;0;0;0;0;-38,559596;-3,746359;;;
271490;27;12;2015;12:30;0;AV BEIRA MAR;;;976;;Colisão Lateral;Luz do Dia;;;Meio de Quadra;;;0;0;2;1;0;0;0;0;0;0;0;0;-38,510964;-3,720358;;;
271484;27;12;2015;09:10;5235;RUA PRC ISABEL;RUA PEDRO PEREIRA;;;;Colisão Transversal;Luz do Dia;;;Cruz;Pare;Comercial;0;0;2;1;1;0;0;0;0;0;0;0;-38,535705;-3,727353;;;
273111;27;12;2015;23:50;0;RD CE-040;;;;KM-02;Colisão;;;;Meio de Quadra;;;0;1;1;1;0;0;0;0;0;1;0;0;-38,481598;-3,776479;;;
273116;28;12;2015;14:05;0;RD CE-040;;;;KM-06;Colisão;Luz do Dia;;;Meio de Quadra;;;0;0;3;1;0;0;0;0;0;0;0;0;-38,478781;-3,811270;;;
273114;28;12;2015;06:30;0;RD CE-040;;;;KM-07;Colisão;Luz do Dia;;;Meio de Quadra;;;0;1;2;1;0;0;0;0;0;1;0;0;-38,483160;-3,817953;;;
267035;28;12;2015;16:39;22127;RUA GUSTAVO BRAGA;RUA MAJ PEDRO SAMPAIO;;;;Colisão;Luz do Dia;;;Cruz;Pare;Residencial;0;0;2;1;0;0;0;0;0;0;0;0;-38,555389;-3,748479;;;
267031;28;12;2015;11:27;0;RUA BATISTA DE OLIVEIRA;;;;;Colisão;Luz do Dia;;;Meio de Quadra;;;0;0;2;1;0;0;0;0;0;0;0;0;;;;;
267038;28;12;2015;17:10;0;AV PRS CASTELO BRANCO;;;;;Colisão;Anoitecer;;;Meio de Quadra;;;0;0;2;0;1;0;0;0;0;0;0;0;;;;;
267041;28;12;2015;19:16;0;RUA BERNARDO MANUEL;;;;;Colisão;;;;Meio de Quadra;;;0;0;2;0;1;0;0;0;0;0;0;0;;;;;
267042;28;12;2015;19:35;0;RUA MARANHAO;;;;;Colisão;;;;Meio de Quadra;;;0;0;2;1;0;0;1;0;0;0;0;0;;;;;
271492;28;12;2015;09:00;0;RUA PRO LINO ENCARNACAO;;;;;Colisão Transversal;Luz do Dia;;;Meio de Quadra;;;0;1;1;1;0;0;0;0;0;1;0;0;;;;;
271493;28;12;2015;15:00;0;AV SANTOS DUMONT;;;2772;;Colisão Lateral;Luz do Dia;;;Meio de Quadra;;;0;0;2;1;1;0;0;0;0;0;0;0;-38,500016;-3,735702;;;
271498;28;12;2015;17:40;5399;AV VIS RIO BRANCO;RUA PEDRO I;;;;Colisão Lateral;Anoitecer;;;;;;0;0;2;1;1;0;0;0;0;0;0;0;-38,524814;-3,732458;;;
271499;28;12;2015;19:00;2544;AV CEL CARVALHO;AV TREZE ROCHDALE;;;;Colisão Transversal;;;;Cruz;;Comercial;0;0;2;1;0;0;0;0;0;1;0;0;-38,589633;-3,710718;;;
271500;28;12;2015;07:30;25068;AV DOS EXPEDICIONARIOS;RUA STA QUITERIA;;;;Colisão Transversal;Luz do Dia;;;Rotatória;Semáforo;Residencial;0;1;1;1;0;0;0;0;0;1;0;0;-38,539477;-3,759299;;;
271501;28;12;2015;08:20;5458;RUA BARBARA DE ALENCAR;RUA RODRIGUES JUNIOR;;;;Colisão Transversal;Luz do Dia;;;Cruz;Pare;Comercial;0;0;3;1;1;0;0;0;0;0;0;0;-38,522156;-3,735343;;;
271502;28;12;2015;20:45;24984;AV ALM HENRIQUE SABOIA;RUA BENTO ALBUQUERQUE;;;;Colisão Lateral;;;;T;Não Há Controle;Residencial;0;0;2;1;0;0;0;0;0;0;0;0;-38,488529;-3,742019;;;
271496;28;12;2015;14:40;12840;RUA SOLON PINHEIRO;RUA CARLOS GOMES;;;;Colisão Transversal;Luz do Dia;;;Cruz;Pare;Residencial;0;2;0;1;0;0;0;0;0;1;0;0;-38,529735;-3,740604;;;
271503;28;12;2015;14:50;22672;RUA ELISEU ORIA;AV COS GOMES DE FREITAS (SAPIRANGA/COITE);;;;Colisão Transversal;Luz do Dia;;;Cruz;Pare;Residencial;0;0;2;1;0;0;0;0;0;0;0;0;-38,477418;-3,795487;;;
271504;28;12;2015;16:30;0;AV DEP PAULINO ROCHA;;;1710;;Colisão Traseira;Luz do Dia;;;Meio de Quadra;;;0;0;4;1;0;0;0;0;0;0;0;0;-38,512496;-3,811776;;;
271694;28;12;2015;00:15;11670;RUA ARARIPE MACEDO;RUA MON VICENTE MARTINS;;;;Colisão Transversal;;;;;;;0;1;2;1;1;0;0;0;0;0;0;0;-38,580530;-3,770783;;;
271702;28;12;2015;08:40;10749;RUA PRO HERIBALDO COSTA;AV SEN FERNANDES TAVORA;;;;Colisão Traseira;Luz do Dia;;;Cruz;Semáforo;Comercial;0;0;2;1;0;0;1;0;0;0;0;0;-38,584384;-3,761006;;;
271705;28;12;2015;20:00;0;AV PRS CASTELO BRANCO;;;3402;;Colisão Traseira;;;;Meio de Quadra;;;0;0;2;1;0;0;0;0;0;0;0;0;-38,561652;-3,710315;;;
271710;28;12;2015;07:10;21372;RUA JOSE SOMBRA;AV JOVITA FEITOSA;;;;Colisão Transversal;Luz do Dia;;;T;Semáforo;Comercial;0;0;2;1;0;0;0;0;0;0;0;0;-38,546301;-3,737763;;;
271717;28;12;2015;17:00;0;AV PRS CASTELO BRANCO;;;;;Colisão Lateral;Anoitecer;;;Meio de Quadra;;;0;1;1;1;0;0;0;0;0;1;0;0;;;;;
271715;28;12;2015;15:00;17317;AV JOAO PESSOA;RUA TEN MOACIR MATOS;;;;Colisão Lateral;Luz do Dia;;;T;Pare;Comercial;0;1;1;1;1;0;0;0;0;0;0;0;-38,558316;-3,763615;;;
271713;28;12;2015;09:30;0;AV SANTOS DUMONT;;;6500;;Colisão Traseira;Luz do Dia;;;Meio de Quadra;;;0;0;3;1;0;0;0;0;0;0;0;0;-38,475074;-3,743736;;;
271666;28;12;2015;08:30;0;RUA BAR CRATO;;;2004;;Colisão Traseira;Luz do Dia;;;Meio de Quadra;;;0;0;2;1;0;0;0;0;0;0;0;0;-38,566290;-3,723016;;;
271667;28;12;2015;22:30;0;RUA LUCIANO DE QUEIROS;;;438;;Colisão Traseira;;;;Meio de Quadra;;;0;0;2;1;0;0;0;0;0;0;0;0;-38,580584;-3,761909;;;
271668;28;12;2015;10:00;0;AV DEP PAULINO ROCHA;;;2399;;Colisão Lateral;Luz do Dia;;;Meio de Quadra;;;0;1;1;1;0;0;0;0;0;1;0;0;;;;;
271669;28;12;2015;12:30;0;AV CEL CARVALHO;;;2856;;Colisão Traseira;Luz do Dia;;;Meio de Quadra;;;0;0;2;1;0;0;0;0;0;0;0;0;-38,585031;-3,728395;;;
271670;28;12;2015;19:00;7401;AV SEN FERNANDES TAVORA;RUA AUDISIO PINHEIRO;;;;Colisão;;;;Cruz;Semáforo;Comercial;0;2;0;0;0;0;0;0;0;1;0;0;-38,588886;-3,758593;;;
271671;28;12;2015;10:30;19331;AV GAL OSORIO DE PAIVA;RUA PRO GOMES BRASIL;;;;Colisão Lateral;Luz do Dia;;;Cruz;Semáforo;Comercial;0;0;2;0;0;0;0;0;0;1;0;0;-38,566451;-3,775618;;;
271672;28;12;2015;13:00;18060;AV DIOGUINHO;RUA PRO MOZART SOLON;;;;Colisão Lateral;Luz do Dia;;;Cruz;Pare;Lazer;0;1;1;1;0;0;0;0;0;0;0;0;-38,455185;-3,738210;;;
271673;28;12;2015;21:18;9131;RUA BAR ARATANHA;AV 13 DE MAIO;;;;Colisão Lateral;;;;Cruz;Semáforo;Comercial;0;2;0;0;0;0;0;0;0;1;0;0;-38,531331;-3,747615;;;
271674;28;12;2015;18:10;0;AV GODOFREDO MACIEL;;;941;;Colisão Lateral;Anoitecer;;;Meio de Quadra;;;0;0;2;1;0;0;0;0;0;0;0;0;;;;;
271675;28;12;2015;15:50;0;RUA ILDEFONSO ALBANO;;;1654;;Colisão Transversal;Luz do Dia;;;Meio de Quadra;;;0;0;2;1;0;0;0;0;0;0;0;0;-38,513889;-3,735471;;;
271677;28;12;2015;11:40;0;RUA PDE VALDEVINO;;;1140;;Engavetamento;Luz do Dia;;;Meio de Quadra;;;0;0;3;1;0;0;0;0;0;0;0;0;-38,514162;-3,739976;;;
272745;28;12;2015;22:00;0;AV SEN FERNANDES TAVORA;;;;;Atropelamento;;;;Meio de Quadra;;;0;1;1;0;1;0;0;0;0;0;0;0;;;;;
273723;28;12;2015;17:42;1378;RUA DES LEITE ALBUQUERQUE;RUA OSVALDO CRUZ (ALDEOTA);;;;Colisão;Anoitecer;;;Cruz;Pare;Comercial;0;1;1;1;0;0;0;0;0;1;0;0;-38,500640;-3,736598;;;
273724;28;12;2015;18:23;4194;AV FRANCISCO SA;AV TEN LISBOA;;;;Colisão;Anoitecer;;;Cruz;Não Há Controle;Comercial;0;1;0;0;0;0;0;0;0;1;0;0;-38,555953;-3,717874;;;
273726;28;12;2015;19:05;0;AV J CJ CEARA;;;;;Atropelamento;;;;Meio de Quadra;;;0;1;1;1;0;0;0;0;0;0;0;0;-38,613458;-3,761488;;;
273728;28;12;2015;22:27;19469;AV GAL OSORIO DE PAIVA;AV AUGUSTO DOS ANJOS;;;;Atropelamento;;;;Outros;Pare;Misto;1;0;1;1;0;0;0;0;0;0;0;0;-38,584939;-3,787349;;;
273712;28;12;2015;16:16;5357;RUA MAJ FACUNDO;RUA PEDRO I;;;;Colisão;Luz do Dia;;;Cruz;Pare;Comercial;0;1;1;1;0;0;0;0;0;1;0;0;-38,528990;-3,731113;;;
273713;28;12;2015;16:42;0;AV PRS CASTELO BRANCO;;;;;Colisão;Luz do Dia;;;Meio de Quadra;;;0;1;1;1;0;0;0;0;0;1;0;0;;;;;
273715;28;12;2015;17:28;12542;RUA ROSINHA SAMPAIO;RUA ROSA LEITE OLIVEIRA;;;;Colisão;Anoitecer;;;Cruz;Pare;Misto;0;1;1;1;0;0;0;0;0;1;0;0;-38,587218;-3,726767;;;
273673;28;12;2015;05:17;0;RUA CON DE CASTRO;;;;;Colisão;Amanhecer;;;Meio de Quadra;;;0;1;0;0;0;0;0;0;0;0;0;0;-38,566604;-3,777518;;;
273674;28;12;2015;05:37;0;AV WASHINGTON SOARES;;;;;Queda;Amanhecer;;;Meio de Quadra;;;0;1;0;0;0;0;0;0;0;1;0;0;-38,480787;-3,814229;;;
273684;28;12;2015;07:36;21611;RUA JOAO RAMALHO;RUA COM GARCIA;;;;Colisão;Luz do Dia;;;Cruz;Pare;Residencial;0;1;1;1;0;0;0;0;0;1;0;0;-38,588536;-3,799067;;;
273685;28;12;2015;08:44;8979;AV DUQ CAXIAS;RUA JUSTINIANO DE SERPA;;;;Queda;Luz do Dia;;;Outros;Pare;Comercial;0;1;0;0;0;0;0;0;0;1;0;0;-38,542701;-3,727637;;;
273687;28;12;2015;11:36;5416;RUA JAIME BENEVOLO;AV DUQ CAXIAS;;;;Atropelamento;Luz do Dia;;;Cruz;Pare;Comercial;0;1;1;0;0;1;0;0;0;0;0;0;-38,525704;-3,733137;;;
273688;28;12;2015;12:57;1302;RUA MARCOS MACEDO;RUA BARBOSA DE FREITAS;;;;Colisão;Luz do Dia;;;Cruz;Pare;Comercial;0;1;1;1;0;0;0;0;0;1;0;0;-38,496719;-3,734569;;;
273690;28;12;2015;16:01;0;RUA ARARIPE PRATA;;;;;Colisão;Luz do Dia;;;Meio de Quadra;;;0;1;1;1;0;0;0;0;0;1;0;0;-38,568172;-3,776355;;;
273385;28;12;2015;15:13;10699;RUA PRO PAULO LOPES;RUA PRO MIRAMAR DA PONTE;;;;Colisão;Luz do Dia;;;Cruz;Não Há Controle;Comercial;0;0;2;0;0;0;0;0;0;0;0;0;-38,583589;-3,757613;;;
273393;28;12;2015;17:23;0;RUA BERNARDO MANUEL;;;;;Colisão;Anoitecer;;;Meio de Quadra;;;0;0;2;0;0;0;0;0;0;0;0;0;;;;;
273395;28;12;2015;18:24;0;RUA BILL CARTAXO;;;;;Atropelamento;Anoitecer;;;Meio de Quadra;;;0;0;2;0;0;0;0;0;0;0;0;0;;;;;
273398;28;12;2015;21:49;9895;RUA GERALDO BARBOSA;RUA SGT JOAO PINHEIRO;;;;Colisão;;;;;;;0;0;2;0;0;0;0;0;0;0;0;0;-38,623471;-3,785245;;;
273399;29;12;2015;14:36;12662;RUA CARNAUBAL;RUA RIO PARAGUAI;;;;Colisão;Luz do Dia;;;Cruz;Não Há Controle;Residencial;0;0;2;0;0;0;0;0;0;0;0;0;-38,583961;-3,722458;;;
273400;29;12;2015;19:16;23515;RUA ANA GONCALVES;RUA PRO CARVALHO;;;;Atropelamento;;;;Cruz;Pare;Comercial;0;1;1;0;0;0;0;0;0;1;0;0;-38,513598;-3,759620;;;
273401;29;12;2015;19:58;0;ET DO JATOBA;;;;;Colisão;;;;Meio de Quadra;;;0;0;2;0;0;0;0;0;0;0;0;0;;;;;
273402;29;12;2015;20:09;0;LOGRADOURO SEM NOME;;;;;Colisão;;;;Meio de Quadra;;;0;0;2;0;0;0;0;0;0;0;0;0;;;;;
273403;29;12;2015;21:20;0;AV JOR THOMAZ COELHO;;;;;Colisão;;;;Meio de Quadra;;;0;0;2;0;0;0;0;0;0;0;0;0;;;;;
273405;29;12;2015;22:26;24257;RUA MANUEL JESUINO;RUA TAVARES COUTINHO;;;;Colisão;;;;Cruz;Semáforo;Residencial;0;0;2;0;0;0;0;0;0;0;0;0;-38,484965;-3,732500;;;
273744;29;12;2015;14:01;12665;RUA RIO ARAGUAIA;RUA CARNAUBAL;;;;Colisão;Luz do Dia;;;Cruz;Pare;Residencial;0;1;1;1;0;0;0;0;0;1;0;0;-38,581848;-3,722657;;;
273746;29;12;2015;15:27;12819;AV PRO GOMES DE MATOS;RUA ANDRE CHAVES;;;;Atropelamento;Luz do Dia;;;Cruz;Semáforo;Comercial;0;1;1;0;0;0;0;0;0;1;0;0;-38,541533;-3,756396;;;
273748;29;12;2015;15:28;5199;RUA LIBERATO BARROSO;RUA PRC ISABEL;;;;Colisão;Luz do Dia;;;Cruz;Pare;Comercial;0;1;1;0;0;0;0;0;0;1;0;0;-38,535356;-3,726167;;;
273752;29;12;2015;15:49;0;RUA MARIA MIRIAN F  DE SOUZA;;;;;Colisão;Luz do Dia;;;Meio de Quadra;;;0;1;1;1;0;0;0;0;0;1;0;0;-38,568023;-3,733480;;;
273753;29;12;2015;16:16;3970;RUA PRO COSTA MENDES;RUA AQUIRAZ;;;;Colisão;Luz do Dia;;;Cruz;Pare;Residencial;0;1;1;1;0;0;0;0;0;1;0;0;-38,545595;-3,755837;;;
273754;29;12;2015;17:14;0;RUA RIO GRANDE DO SUL;;;;;Colisão;Anoitecer;;;Meio de Quadra;;;0;1;1;1;0;0;0;0;0;1;0;0;-38,568510;-3,760081;;;
273756;29;12;2015;18:51;0;AV PERIMETRAL;;;;;Atropelamento;;;;Meio de Quadra;;;0;1;1;0;0;0;0;0;0;1;0;0;;;;;
273758;29;12;2015;19:23;0;RUA CARLOS PIMENTA;;;;;Colisão;;;;Meio de Quadra;;;0;1;1;1;0;0;0;0;0;1;0;0;;;;;
273759;29;12;2015;20:10;0;AV DR THEBERGE;;;;;Colisão;;;;Meio de Quadra;;;0;1;1;0;0;0;0;0;0;1;0;0;;;;;
273730;29;12;2015;06:19;0;AV 13 DE MAIO;;;;;Colisão;Luz do Dia;;;Meio de Quadra;;;0;1;1;0;0;0;0;0;0;1;0;0;;;;;
273733;29;12;2015;07:11;0;AV JOSE BASTOS;;;;;Colisão;Luz do Dia;;;Meio de Quadra;;;0;1;1;0;0;0;0;0;0;1;0;0;-38,548068;-3,747568;;;
273734;29;12;2015;07:50;0;AV COSTA OESTE;;;;;Colisão;Luz do Dia;;;Meio de Quadra;;;0;1;1;1;0;0;0;0;0;1;0;0;;;;;
273737;29;12;2015;10:34;0;AV ROGACIANO LEITE;;;;;Colisão;Luz do Dia;;;Meio de Quadra;;;0;1;1;1;0;0;0;0;0;1;0;0;-38,501312;-3,779212;;;
273738;29;12;2015;11:05;0;AV WASHINGTON SOARES;;;;;Queda;Luz do Dia;;;Meio de Quadra;;;0;1;0;0;0;0;0;0;0;1;0;0;-38,481281;-3,822690;;;
273741;29;12;2015;11:57;0;AV MAJ ASSIS;;;;;Colisão;Luz do Dia;;;Meio de Quadra;;;0;1;1;1;0;0;0;0;0;1;0;0;-38,595315;-3,721838;;;
271719;29;12;2015;17:00;1530;RUA TIBURCIO CAVALCANTE;AV JULIO VENTURA;;;;Colisão Traseira;Anoitecer;;;Cruz;Semáforo;Comercial;0;2;0;0;0;0;0;0;0;1;0;0;-38,504074;-3,740609;;;
271721;29;12;2015;13:15;9172;RUA PAULA RODRIGUES;RUA MIN JOAQUIM BASTOS D14;;;;Colisão Transversal;Luz do Dia;;;Cruz;Pare;Residencial;0;0;4;1;0;0;0;0;0;0;0;0;-38,527598;-3,754299;;;
271724;29;12;2015;14:00;0;AV DEP PAULINO ROCHA;;;1341;;Colisão Lateral;Luz do Dia;;;Meio de Quadra;;;0;1;1;1;0;0;0;0;0;1;0;0;-38,510012;-3,810997;;;
271729;29;12;2015;11:00;16679;AV PRS COSTA E SILVA;AV 1 LOT ARVOREDO;;;;Colisão Transversal;Luz do Dia;;;T;Pare;Residencial;0;2;0;0;0;0;0;0;0;1;0;0;-38,565160;-3,817735;;;
271726;29;12;2015;16:10;0;AV ALBERTO NEPOMUCENO;;;;;Colisão Transversal;Luz do Dia;;;Meio de Quadra;;;0;1;1;1;0;0;0;0;0;1;0;0;;;;;
271733;29;12;2015;10:30;7811;RUA TIBURCIO CAVALCANTE;RUA LIVIO BARRETO;;;;Colisão Transversal;Luz do Dia;;;Cruz;Pare;Residencial;0;1;1;1;0;0;0;0;0;1;0;0;-38,507414;-3,751004;;;
271734;29;12;2015;19:20;15194;RUA ILDEFONSO ALBANO;RUA DEP MOREIRA DA ROCHA;;;;Colisão Transversal;;;;Cruz;Pare;Residencial;0;1;2;0;0;0;0;0;0;1;0;0;-38,511072;-3,726480;;;
271731;29;12;2015;08:20;1242;RUA COSTA BARROS;RUA DR JOSE LOURENCO;;;;Colisão Transversal;Luz do Dia;;;Cruz;Pare;Misto;0;1;1;1;0;0;0;0;0;1;0;0;-38,506927;-3,731870;;;
271747;29;12;2015;06:40;12811;AV DOS EXPEDICIONARIOS;RUA PRE NOVE;;;;Colisão Lateral;Luz do Dia;;;T;Semáforo;Residencial;0;1;1;1;0;0;0;0;0;1;0;0;-38,538172;-3,755028;;;
271748;29;12;2015;15:20;5775;RUA BOTELHO MAGALHAES;RUA VIRGILIO PAES;;;;Colisão Lateral;Luz do Dia;;;;;;0;0;2;1;0;0;0;0;0;0;0;0;-38,491265;-3,796878;;;
271749;29;12;2015;13:30;0;AV BEZERRA DE MENEZES;;;2597;;Colisão Traseira;Luz do Dia;;;Meio de Quadra;;;0;0;2;1;0;0;0;0;0;0;0;0;-38,567673;-3,736342;;;
271750;29;12;2015;17:00;0;AV DIOGUINHO;;;;;Colisão Frontal;Anoitecer;;;Meio de Quadra;;;0;1;1;1;0;0;0;0;0;1;0;0;;;;;
271745;29;12;2015;20:30;0;AV ALM HENRIQUE SABOIA;;;1300;TERMINAL DO PAPICU;Colisão Lateral;;;;Meio de Quadra;;;0;0;2;1;1;0;0;0;0;0;0;0;-38,485940;-3,737974;;;
271770;29;12;2015;19:00;0;AV JOSE BASTOS;;;2866;;Colisão Lateral;;;;Meio de Quadra;;;0;0;3;1;1;0;1;0;0;0;0;0;-38,546837;-3,746409;;;
271771;29;12;2015;22:00;0;RUA 1 LT ARVOREDO;;;1290;;Colisão Traseira;;;;Meio de Quadra;;;0;2;0;0;0;0;1;0;0;1;0;0;;;;;
271772;29;12;2015;06:40;0;RUA HERACLITO DOMINGOS;;;;;Colisão Transversal;Luz do Dia;;;Meio de Quadra;;;0;0;2;1;0;0;1;0;0;0;0;0;;;;;
271773;29;12;2015;11:40;0;AV MAJ ASSIS;;;1975;;Colisão Traseira;Luz do Dia;;;Meio de Quadra;;;0;0;3;1;0;0;0;0;0;0;0;0;;;;;
271774;29;12;2015;15:30;0;AV ROGACIANO LEITE;;;2324;;Colisão Traseira;Luz do Dia;;;Meio de Quadra;;;0;1;1;0;0;0;0;0;0;1;0;0;-38,500315;-3,775967;;;
271765;29;12;2015;16:30;12836;AV DOMINGOS OLIMPIO;RUA BAR ARATANHA;;;;Colisão Lateral;Luz do Dia;;;Cruz;Semáforo;Comercial;0;0;2;1;0;0;0;0;0;0;0;0;-38,527953;-3,737562;;;
271763;29;12;2015;07:00;22095;AV JOSE BASTOS;RUA ANA NERY;;;;Colisão Lateral;Luz do Dia;;;T;Semáforo;Comercial;0;2;0;0;0;0;0;0;0;1;0;0;-38,548451;-3,747987;;;
271761;29;12;2015;16:00;0;RUA GAL GOIS MONTEIRO;;;407;;Colisão Lateral;Luz do Dia;;;Meio de Quadra;;;0;1;1;1;0;0;0;0;0;1;0;0;;;;;
271758;29;12;2015;16:40;0;RUA MAJ FACUNDO;;;666;;Colisão Lateral;Luz do Dia;;;Meio de Quadra;;;0;0;2;1;0;0;1;0;0;0;0;0;-38,528323;-3,729043;;;
271756;29;12;2015;09:15;25769;AV DR SILAS MUNGUBA;RUA CORUMBA;;;;Colisão Lateral;Luz do Dia;;;;Gesto;Comercial;0;1;1;1;0;0;0;0;0;1;0;0;-38,530014;-3,801188;;;