COD_ACIDENTE;DIA;MES;ANO;HORA;INTERSECAO;LOG1;LOG2;LOG3;NUMERO;REFERENCIA;NATUREZA;ILUMINACAO;TEMPO;SUPERFICIEPISTA;TIPOCRUZAMENTO;CONTROLETRAFEGO;USOSOLO;MORTOS;FERIDOS;ILESOS;AUTOMOVEL;ONIBUS;BICICLETA;CAMINHAO;MICROONIBUS;CICLOMOTOR;MOTOCICLETA;TRACAOANIMAL;TREM;LONG;LAT;;;
271778;29;12;2015;09:30;19533;AV GAL OSORIO DE PAIVA;RUA NEREU RAMOS;;;;Colisão Traseira;Luz do Dia;;;Cruz;Semáforo;Comercial;0;0;2;1;1;0;0;0;0;0;0;0;-38,576828;-3,782196;;;
271768;29;12;2015;09:00;25125;RUA DNA LEOPOLDINA;RUA ROCHA LIMA;;;;Colisão Transversal;Luz do Dia;;;Cruz;Pare;Residencial;0;0;2;1;0;0;0;0;0;0;0;0;-38,521427;-3,736665;;;
267047;29;12;2015;13:52;0;AV ABOLICAO;;;;;Colisão;Luz do Dia;;;Meio de Quadra;;;0;0;2;1;1;0;0;0;0;0;0;0;;;;;
267054;30;12;2015;11:52;0;RUA DOM PEDRO II;;;;;Colisão;Luz do Dia;;;Meio de Quadra;;;0;0;2;1;1;0;0;0;0;0;0;0;;;;;
267052;30;12;2015;;0;RUA WALDIR DIOGO;;;;;Colisão;;;;Meio de Quadra;;;0;0;2;1;0;0;0;0;0;1;0;0;;;;;
267061;30;12;2015;20:10;0;AV FRE CIRILO;;;;;Colisão;;;;Meio de Quadra;;;0;0;2;1;0;0;0;0;0;0;0;0;;;;;
273118;30;12;2015;10:30;0;RD CE-040;;;;KM-06;Colisão;Luz do Dia;;;Meio de Quadra;;;0;0;3;1;0;0;0;0;0;0;0;0;-38,478781;-3,811270;;;
273802;30;12;2015;19:44;0;AV MR HULL;;;;;Atropelamento;;;;Meio de Quadra;;;0;1;1;1;0;0;0;0;0;0;0;0;-38,594870;-3,740148;;;
273806;30;12;2015;19:52;15280;RUA DR JOSE LOURENCO;RUA TEN BENEVOLO;;;;Colisão;;;;Cruz;Pare;Comercial;0;1;1;1;0;0;0;0;0;1;0;0;-38,506010;-3,729029;;;
273807;30;12;2015;20:53;0;AV N CJ JOSE WALTER;;;;;Colisão;;;;Meio de Quadra;;;0;1;1;1;0;0;0;0;0;1;0;0;;;;;
273812;30;12;2015;21:53;0;RUA ALM RUBIM;;;;;Atropelamento;;;;Meio de Quadra;;;0;1;1;0;0;0;0;0;0;1;0;0;-38,556744;-3,771179;;;
272060;30;12;2015;08:10;0;AV BEZERRA DE MENEZES;;;;;Colisão Transversal;Luz do Dia;;;Meio de Quadra;;;0;0;2;1;0;0;1;0;0;0;0;0;;;;;
272057;30;12;2015;16:30;0;RUA LAURO NOGUEIRA;;;467;;Colisão;Luz do Dia;;;Meio de Quadra;;;0;2;1;1;0;0;0;0;0;1;0;0;-38,481653;-3,738984;;;
272067;30;12;2015;01:00;12834;RUA BAR RIO BRANCO;RUA ANTONIO POMPEU;;;;Colisão Transversal;;;;Cruz;Semáforo;Comercial;0;2;0;0;0;0;0;0;0;1;0;0;-38,530891;-3,734707;;;
272050;30;12;2015;06:00;1359;RUA CARLOS VASCONCELOS;RUA JOAO CARVALHO;;;;Colisão Transversal;Luz do Dia;;;Cruz;Pare;Residencial;0;2;0;1;0;0;0;0;0;0;0;0;-38,511844;-3,736251;;;
272045;30;12;2015;10:00;0;RUA CAP FRANCISCO PEDRO;;;1431;;Colisão Transversal;Luz do Dia;;;Meio de Quadra;;;0;0;2;1;0;0;0;0;0;0;0;0;-38,551786;-3,750400;;;
272039;30;12;2015;09:00;0;RUA METON DE ALENCAR;;;530;;Colisão Lateral;Luz do Dia;;;Meio de Quadra;;;0;1;1;1;0;0;0;0;0;1;0;0;-38,528775;-3,734275;;;
272037;30;12;2015;07:50;24229;AV ENG SANTANA JUNIOR;AV ENG ALBERTO SA;;;;Colisão Transversal;Luz do Dia;;;Cruz;Semáforo;Comercial;0;1;1;1;0;0;0;0;0;1;0;0;-38,480624;-3,733357;;;
272032;30;12;2015;10:30;15204;AV ABOLICAO;RUA JULIO IBIAPINA;;;;Colisão Traseira;Luz do Dia;;;Cruz;Semáforo;Comercial;0;1;1;1;0;0;0;0;0;1;0;0;-38,491290;-3,726679;;;
272019;30;12;2015;18:05;5322;AV IMPERADOR;AV DUQ CAXIAS;;;;Colisão Transversal;Anoitecer;;;Cruz;Semáforo;Comercial;0;0;2;1;1;0;0;0;0;0;0;0;-38,535297;-3,730048;;;
272026;30;12;2015;21:20;25149;RUA MON CATAO;AV DOM LUIS;;;;Colisão Traseira;;;;Duplo T;Pare;Comercial;0;0;2;1;0;0;0;0;0;0;0;0;-38,489602;-3,735758;;;
271995;30;12;2015;18:30;2328;AV CEL CARVALHO;AV FRANCISCO SA;;;;Colisão Transversal;Anoitecer;;;Cruz;Pare;Comercial;1;0;1;0;0;1;1;0;0;0;0;0;-38,591542;-3,703499;;;
272000;30;12;2015;10:00;17397;AV PRO GOMES DE MATOS;RUA ROMEU MARTINS;;;;Colisão Transversal;Luz do Dia;;;Cruz;Pare;Comercial;0;0;2;1;0;0;0;0;0;0;0;0;-38,551023;-3,767447;;;
271984;30;12;2015;20:40;15280;RUA DR JOSE LOURENCO;RUA TEN BENEVOLO;;;;Colisão Transversal;;;;Cruz;Pare;Comercial;0;1;1;1;0;0;0;0;0;1;0;0;-38,506010;-3,729029;;;
271985;30;12;2015;20:00;5188;RUA TEN BENEVOLO;RUA NOGUEIRA ACIOLI;;;;Colisão Transversal;;;;Cruz;Pare;Residencial;0;0;2;1;0;0;0;0;0;0;0;0;-38,515591;-3,725858;;;
271989;30;12;2015;07:30;0;AV PRS COSTA E SILVA;;;;;Colisão Traseira;Luz do Dia;;;Meio de Quadra;;;0;0;2;1;0;0;0;0;0;0;0;0;;;;;
271990;30;12;2015;08:20;13124;AV I CJ JOSE WALTER;AV C CJ JOSE WALTER;;;;Colisão Transversal;Luz do Dia;;;Cruz;Pare;Residencial;0;2;1;0;0;0;0;1;0;1;0;0;-38,552161;-3,829824;;;
271991;30;12;2015;19:00;9153;AV 13 DE MAIO;RUA PAULA RODRIGUES;;;;Atropelamento;;;;T;Semáforo;Comercial;0;1;1;1;0;0;0;0;0;0;0;0;-38,525876;-3,752271;;;
271981;30;12;2015;12:30;1472;RUA TIBURCIO CAVALCANTE;AV PDE ANTONIO TOMAS;;;;Colisão Transversal;Luz do Dia;;;Cruz;Semáforo;Comercial;0;0;2;1;0;0;0;0;0;0;0;0;-38,503547;-3,738950;;;
271982;30;12;2015;09:15;0;AV DEP PAULINO ROCHA;;;;;Colisão Traseira;Luz do Dia;;;Meio de Quadra;;;0;2;0;1;0;0;0;0;0;1;0;0;;;;;
271977;30;12;2015;16:30;15189;AV ABOLICAO;RUA FRE MANSUETO;;;;Colisão Lateral;Luz do Dia;;;Cruz;Semáforo;Comercial;0;0;2;1;1;0;0;0;0;0;0;0;-38,489324;-3,726368;;;
271978;30;12;2015;22:00;5308;RUA VINTE E CINCO DE MARCO;RUA FRANKLIN TAVORA;;;;Colisão Transversal;;;;Cruz;Pare;Residencial;0;2;1;1;0;0;0;0;0;1;0;0;-38,522616;-3,729680;;;
271979;30;12;2015;13:00;0;AV JOAO PESSOA;;;6757;;Colisão Lateral;Luz do Dia;;;Meio de Quadra;;;0;0;2;1;0;0;0;1;0;0;0;0;;;;;
272073;30;12;2015;17:00;13771;AV PINTO BANDEIRA D56;RUA LUIZA MIRANDA COELHO;;;;Colisão Transversal;Anoitecer;;;Cruz;Pare;Residencial;0;1;1;1;0;0;0;0;0;1;0;0;-38,487283;-3,774929;;;
272071;30;12;2015;20:10;0;AV N CJ JOSE WALTER;;;;;Colisão Traseira;;;;Meio de Quadra;;;0;1;1;1;0;0;0;0;0;1;0;0;;;;;
272085;30;12;2015;14:35;0;AV PRO GOMES DE MATOS;;;1258;;Colisão Traseira;Luz do Dia;;;Meio de Quadra;;;0;0;3;1;0;0;0;0;0;0;0;0;-38,547510;-3,763370;;;
272076;30;12;2015;16:00;0;RUA BERNARDO MANUEL;;;;;Choque c/ Obstáculo Fixo;Luz do Dia;;;Meio de Quadra;;;0;0;1;1;0;0;0;0;0;0;0;0;;;;;
272103;30;12;2015;11:10;0;AV ALBERTO CRAVEIRO;;;2511;;Colisão Traseira;Luz do Dia;;;Meio de Quadra;;;0;1;1;0;0;0;1;0;0;1;0;0;-38,520796;-3,802281;;;
272101;30;12;2015;16:00;0;AV JULIO VENTURA;;;1670;;Colisão Traseira;Luz do Dia;;;Meio de Quadra;;;0;1;1;1;0;0;0;0;0;1;0;0;;;;;
272099;30;12;2015;16:20;3820;AV CARAPINIMA;AV 13 DE MAIO;;;;Engavetamento;Luz do Dia;;;Cruz;Semáforo;Comercial;0;0;2;1;0;0;0;0;0;0;0;0;-38,540239;-3,740001;;;
272089;30;12;2015;15:30;8011;AV JOAO PESSOA;RUA ALEXANDRE BARAUNA;;;;Colisão Lateral;Luz do Dia;;;Cruz;Semáforo;Comercial;0;0;2;1;1;0;0;0;0;0;0;0;-38,548267;-3,751089;;;
272087;30;12;2015;14:30;4018;RUA JULIO CESAR D12;RUA DES PRAXEDES;;;;Colisão Transversal;Luz do Dia;;;T;Pare;Residencial;0;1;1;1;0;0;0;0;1;0;0;0;-38,550396;-3,758989;;;
272092;30;12;2015;17:00;0;AV AGUANAMBI;;;;;Colisão Transversal;Anoitecer;;;Meio de Quadra;;;0;0;2;1;1;0;0;0;0;0;0;0;;;;;
273788;30;12;2015;18:17;0;AV DEP PAULINO ROCHA;;;;;Colisão;Anoitecer;;;Meio de Quadra;;;0;1;0;0;0;0;0;0;0;0;0;0;;;;;
273789;30;12;2015;18:36;0;RUA CANDIDO MAIA;;;;;;;;;Meio de Quadra;;;0;1;0;0;0;0;0;0;0;1;0;0;;;;;
273786;30;12;2015;17:54;0;AV GAL OSORIO DE PAIVA;;;;;Colisão;Anoitecer;;;Meio de Quadra;;;0;1;0;0;0;0;0;0;0;0;0;0;-38,562704;-3,772500;;;
273782;30;12;2015;14:19;0;AV N CJ JOSE WALTER;;;;;Colisão;Luz do Dia;;;Meio de Quadra;;;0;1;1;1;0;0;0;0;0;1;0;0;;;;;
273783;30;12;2015;15:20;0;AV BORGES DE MELO;;;;;Colisão;Luz do Dia;;;Meio de Quadra;;;0;1;1;1;0;0;0;0;0;1;0;0;;;;;
273760;30;12;2015;07:41;0;AV JOSE BASTOS;;;;;Queda;Luz do Dia;;;Meio de Quadra;;;0;1;0;0;0;0;0;0;0;1;0;0;-38,569559;-3,767370;;;
273761;30;12;2015;10:17;0;AV ABOLICAO;;;;;Colisão;Luz do Dia;;;Meio de Quadra;;;0;1;1;1;0;0;0;0;0;1;0;0;;;;;
273762;30;12;2015;10:40;16057;AV GODOFREDO MACIEL;AV PRS COSTA E SILVA;;;;Colisão;Luz do Dia;;;;;;0;1;1;0;0;0;0;0;0;1;0;0;-38,574739;-3,811743;;;
273763;30;12;2015;10:41;0;AV AUGUSTO DOS ANJOS;;;;;Colisão;Luz do Dia;;;Meio de Quadra;;;0;1;1;1;0;0;0;0;0;1;0;0;-38,576697;-3,777359;;;
273764;30;12;2015;12:46;0;AV WASHINGTON SOARES;;;;;Queda;Luz do Dia;;;Meio de Quadra;;;0;1;0;0;0;0;0;0;0;1;0;0;-38,480633;-3,814032;;;
273765;30;12;2015;14:04;22084;RUA ANA NERY;RUA CAP FRANCISCO PEDRO;;;;Colisão;Luz do Dia;;;Cruz;Pare;Residencial;0;1;1;1;0;0;0;0;0;1;0;0;-38,549085;-3,747399;;;
272754;30;12;2015;19:00;22020;RUA DELMIRO FARIAS;RUA FRE MARCELINO;;;;Colisão;;;;Cruz;Pare;Residencial;0;1;1;1;0;0;0;0;0;1;0;0;-38,553483;-3,744887;;;
274375;30;12;2015;16:20;0;AV BORGES DE MELO;;;;;Colisão Lateral;Luz do Dia;;;Meio de Quadra;;;0;0;2;1;0;0;0;0;0;1;0;0;;;;;
274377;30;12;2015;18:30;22020;RUA DELMIRO FARIAS;RUA FRE MARCELINO;;;;Colisão Lateral;Anoitecer;;;Cruz;Pare;Residencial;0;0;2;1;0;0;0;0;0;1;0;0;;;;;
274379;30;12;2015;16:20;3820;AV CARAPINIMA;AV 13 DE MAIO;;;;Colisão Traseira;Luz do Dia;;;Cruz;Semáforo;Comercial;0;0;2;1;0;0;0;0;0;0;0;0;;;;;
274380;30;12;2015;16:00;0;AV JULIO VENTURA;;;;;Colisão Traseira;Luz do Dia;;;Meio de Quadra;;;0;1;1;1;0;0;0;0;0;1;0;0;;;;;
273406;30;12;2015;10:53;24988;RUA TAVARES COUTINHO;RUA FRE MANSUETO;;;;Colisão;Luz do Dia;;;Cruz;Semáforo Intermitente;Comercial;0;0;2;0;0;0;0;0;0;0;0;0;-38,488784;-3,732638;;;
273418;30;12;2015;19:52;4187;AV PRS CASTELO BRANCO;RUA DOM HELIO CAMPOS D21;;;;Atropelamento;;;;Cruz;Pare;Residencial;0;1;0;0;0;0;0;0;0;0;0;0;-38,554874;-3,711976;;;
273424;30;12;2015;22:14;0;AV JOAO PESSOA;;;;;Colisão;;;;Meio de Quadra;;;0;0;2;0;0;0;0;0;0;0;0;0;;;;;
273420;30;12;2015;19:54;15315;AV DES MOREIRA;RUA CANUTO DE AGUIAR;;;;Atropelamento;;;;Cruz;Semáforo;Residencial;0;0;2;0;0;0;0;0;0;0;0;0;-38,496432;-3,730308;;;
273434;30;12;2015;22:43;12954;AV PRS COSTA E SILVA;RUA BERNARDO MANUEL;;;;Colisão;;;;;;;0;1;2;0;0;0;0;0;0;1;0;0;-38,558276;-3,821079;;;
273429;30;12;2015;22:32;7718;AV CARNEIRO DE MENDONCA;AV JOSE BASTOS;;;;Colisão;;;;Cruz;Semáforo;Comercial;0;0;2;0;0;0;0;0;0;0;0;0;-38,566759;-3,764109;;;
273427;30;12;2015;22:16;0;AV NORTE;;;;;Colisão;;;;Meio de Quadra;;;0;0;2;0;0;0;0;0;0;0;0;0;;;;;
273409;30;12;2015;12:32;14857;RUA MARIO FILHO;TR REJANE;;;;Colisão;Luz do Dia;;;Cruz;;Residencial;0;0;2;0;0;0;0;0;0;0;0;0;-38,585721;-3,806710;;;
273410;30;12;2015;18:30;0;AV FRANCISCO SA;;;;;Colisão;Anoitecer;;;Meio de Quadra;;;0;0;2;0;0;0;0;0;0;0;0;0;;;;;
273411;30;12;2015;18:55;2326;AV PRS CASTELO BRANCO;RUA SEN ROBERT KENNEDY;;;;Colisão;;;;Cruz;Semáforo;Residencial;0;0;2;0;0;0;0;0;0;0;0;0;-38,579042;-3,704117;;;
273413;30;12;2015;18:58;0;RUA WALDIR DIOGO;;;;;Colisão;;;;Meio de Quadra;;;0;0;2;0;0;0;0;0;0;0;0;0;;;;;
273415;30;12;2015;19:05;0;RUA SEN ROBERT KENNEDY;;;;;Atropelamento;;;;;;;0;1;1;1;0;0;0;0;0;0;0;0;-38,580796;-3,707817;;;
273416;30;12;2015;19:38;0;AV SGT HERMINIO SAMPAIO;;;;;Colisão;;;;Meio de Quadra;;;0;0;2;0;0;0;0;0;0;0;0;0;;;;;
273436;30;12;2015;21:59;0;AV GOV PARSIFAL BARROSO;;;;;Colisão;;;;Meio de Quadra;;;0;1;1;1;0;0;0;0;0;1;0;0;;;;;
273442;31;12;2015;10:10;0;RUA MAL BITENCOURT;;;;;Colisão;Luz do Dia;;;Meio de Quadra;;;0;0;2;0;0;0;0;0;0;0;0;0;;;;;
273438;31;12;2015;00:18;0;RUA JURACI MAGALHAES;;;;;Colisão;;;;Meio de Quadra;;;0;0;2;0;0;0;0;0;0;0;0;0;;;;;
273439;31;12;2015;08:52;12398;AV LINEU MACHADO;ET PICI;;;;Colisão;Luz do Dia;;;Cruz;Pare;Misto;0;0;2;0;0;0;0;0;0;0;0;0;-38,577683;-3,767407;;;
273440;31;12;2015;09:01;9750;RUA CEL FABRICIANO;RUA SAO LUIZ DO OESTE;;;;Colisão;Luz do Dia;;;Cruz;Pare;Comercial;0;1;1;1;0;0;0;0;0;1;0;0;-38,610116;-3,782125;;;
273453;31;12;2015;15:19;0;RUA FRE TEODORO;;;;;Choque c/ Obstáculo Fixo;Luz do Dia;;;Meio de Quadra;;;0;0;1;0;0;0;0;0;0;0;0;0;;;;;
273448;31;12;2015;11:10;15951;AV FRE CIRILO;RUA PDE PEDRO DE ALENCAR;;;;Atropelamento;Luz do Dia;;;T;Não Há Controle;Comercial;0;0;2;0;0;0;0;0;0;0;0;0;-38,493485;-3,827783;;;
273449;31;12;2015;12:15;7211;AV DR THEBERGE;AV PRS CASTELO BRANCO;;;;Colisão;Luz do Dia;;;Cruz;Semáforo;Comercial;0;0;2;0;0;0;0;0;0;0;0;0;-38,563456;-3,710079;;;
273451;31;12;2015;13:59;10556;RUA CAIO FACO;RUA PRO JOSE HENRIQUE;;;;Colisão;Luz do Dia;;;;;;0;0;2;0;0;0;0;0;0;0;0;0;-38,476261;-3,830949;;;
273462;31;12;2015;16:48;0;RUA VALPARAISO;;;;;Colisão;Luz do Dia;;;Meio de Quadra;;;0;0;2;0;0;0;0;0;0;0;0;0;;;;;
273460;31;12;2015;16:20;0;AV CASTELO DE CASTRO;;;;;Colisão;Luz do Dia;;;Meio de Quadra;;;0;0;2;0;0;0;0;0;0;0;0;0;;;;;
273457;31;12;2015;15:48;0;AV DIOGUINHO;;;;;Colisão;Luz do Dia;;;Meio de Quadra;;;0;0;2;0;0;0;0;0;0;0;0;0;;;;;
273458;31;12;2015;15:49;9761;RUA TRES CORACOES;RUA DR FERNANDO AUGUSTO;;;;Colisão;Luz do Dia;;;;;;0;0;2;0;0;0;0;0;0;0;0;0;-38,610954;-3,790484;;;
273455;31;12;2015;15:47;1462;RUA NUNES VALENTE;RUA JOAO CARVALHO;;;;Colisão;Luz do Dia;;;Cruz;Pare;Comercial;0;0;2;0;0;0;0;0;0;0;0;0;;;;;
273466;31;12;2015;18:09;0;RUA TEOFILO CORDEIRO;;;;;Colisão;Anoitecer;;;Meio de Quadra;;;0;0;2;0;0;0;0;0;0;0;0;0;;;;;
273468;31;12;2015;18:17;0;RUA DAMASCENO GIRAO;;;;;Colisão;Anoitecer;;;Meio de Quadra;;;0;0;2;0;0;0;0;0;0;0;0;0;;;;;
273471;31;12;2015;19:29;0;RUA DES PRAXEDES;;;;;Atropelamento;;;;Meio de Quadra;;;0;1;1;0;0;0;0;0;0;1;0;0;-38,551773;-3,758111;;;
273485;31;12;2015;21:50;10989;RUA CON LIMA SUCUPIRA;RUA TOMAS EDSON;;;;Colisão;;;;Cruz;Pare;Residencial;0;0;2;0;0;0;0;0;0;0;0;0;-38,554272;-3,777047;;;
273476;31;12;2015;21:33;0;AV F CJ ESPERANCA;;;;;Colisão;;;;Meio de Quadra;;;0;0;2;0;0;0;0;0;0;0;0;0;;;;;
273473;31;12;2015;20:34;15258;RUA PEREIRA FILGUEIRAS;RUA ANTONIO AUGUSTO;;;;Colisão;;;;Cruz;Pare;Comercial;0;0;2;0;0;0;0;0;0;0;0;0;-38,512866;-3,728380;;;
273481;31;12;2015;21:35;0;RUA TRES CORACOES;;;;;Colisão;;;;Meio de Quadra;;;0;0;2;0;0;0;0;0;0;0;0;0;;;;;
273478;31;12;2015;21:34;0;TR SOROCABA;;;;;Colisão;;;;Meio de Quadra;;;0;0;2;0;0;0;0;0;0;0;0;0;;;;;
273487;31;12;2015;23:14;0;RUA OTACILIO CARNEIRO;;;;;Colisão;;;;Meio de Quadra;;;0;0;2;0;0;0;0;0;0;0;0;0;;;;;
273488;31;12;2015;23:22;0;RUA OSCAR ARARIPE;;;;;Colisão;;;;Meio de Quadra;;;0;0;2;0;0;0;0;0;0;0;0;0;;;;;
273489;31;12;2015;23:51;15245;AV ANTONIO JUSTA;RUA LEONARDO MOTA;;;;Colisão;;;;Cruz;Pare;Comercial;0;0;2;0;0;0;0;0;0;0;0;0;-38,493542;-3,727945;;;
272319;31;12;2015;22:10;15254;AV ANTONIO JUSTA;RUA VICENTE LEITE;;;;Colisão Traseira;;;;Cruz;Pare;Residencial;0;1;1;1;0;0;0;0;0;1;0;0;-38,492584;-3,728280;;;
272330;31;12;2015;11:30;0;AV OLIVEIRA PAIVA;;;223;;Atropelamento;Luz do Dia;;;Meio de Quadra;;;0;2;0;0;0;0;0;0;0;1;0;0;-38,503005;-3,798560;;;
272327;31;12;2015;11:50;26077;AV JOSE JATAHY;AV DUQ CAXIAS;;;;Colisão Frontal;Luz do Dia;;;T;Pare;Comercial;0;1;1;1;0;0;0;0;0;0;0;0;;;;;
272324;31;12;2015;13:40;0;RUA FRE MANSUETO;;;;;Colisão Lateral;Luz do Dia;;;Meio de Quadra;;;0;0;2;1;0;0;0;0;0;0;0;0;;;;;
274383;31;12;2015;11:50;26077;AV JOSE JATAHY;AV DUQ CAXIAS;;;;Colisão Frontal;Luz do Dia;;;T;Pare;Comercial;0;1;1;1;0;0;0;0;0;0;0;0;;;;;
272752;31;12;2015;11:00;0;RUA VIS MAUA;;;1205;;Colisão;Luz do Dia;;;Meio de Quadra;;;0;0;1;1;0;0;0;0;0;0;0;0;-38,499503;-3,736397;;;
272750;31;12;2015;01:00;14093;RUA CAJAZEIRAS;TR STA ISABEL;;;;Choque c/ Obstáculo Fixo;;;;;;;0;0;1;1;0;0;0;0;0;0;0;0;-38,469822;-3,822089;;;
272756;31;12;2015;00:00;0;AV BEZERRA DE MENEZES;;;113;;Colisão;;;;Meio de Quadra;;;0;0;1;1;0;0;0;0;0;1;0;0;-38,545728;-3,731776;;;
272757;31;12;2015;08:00;0;AV CARNEIRO DE MENDONCA;;;1179;;Colisão;Luz do Dia;;;Meio de Quadra;;;0;0;1;1;0;0;0;0;0;0;0;0;-38,569521;-3,762638;;;
272758;31;12;2015;14:00;0;AV PRO GOMES DE MATOS;;;896;;Atropelamento;Luz do Dia;;;Meio de Quadra;;;0;1;1;1;0;0;0;0;0;0;0;0;-38,545347;-3,760830;;;
272122;31;12;2015;12:04;7211;AV DR THEBERGE;AV PRS CASTELO BRANCO;;;;Colisão Lateral;Luz do Dia;;;Cruz;Semáforo;Comercial;0;0;2;0;1;0;1;0;0;0;0;0;-38,563456;-3,710079;;;
272123;31;12;2015;12:40;24939;AV BEZERRA DE MENEZES;RUA CEL MOZART GONDIM;;;;Colisão Transversal;Luz do Dia;;;Cruz;Semáforo;Comercial;0;0;2;1;1;0;0;0;0;0;0;0;-38,558651;-3,734449;;;
272124;31;12;2015;14:00;25108;AV BEZERRA DE MENEZES;RUA BRAZ DE FRANCESCO;;;;Colisão;Luz do Dia;;;Cruz;Semáforo;Comercial;0;0;2;1;1;0;0;0;0;0;0;0;-38,567363;-3,736282;;;
272125;31;12;2015;15:05;22049;RUA PDE CICERO;RUA CAP FRANCISCO PEDRO;;;;Colisão;Luz do Dia;;;Cruz;Pare;Residencial;0;1;1;0;1;0;0;0;0;1;0;0;-38,545733;-3,743679;;;
272119;31;12;2015;12:20;15207;AV RUI BARBOSA;RUA DEP MOREIRA DA ROCHA;;;;Colisão Transversal;Luz do Dia;;;Cruz;Semáforo;Residencial;0;0;2;1;0;0;0;0;0;0;0;0;-38,506454;-3,726748;;;
272114;31;12;2015;06:30;13404;RUA CARLOS VASCONCELOS;RUA JOAO BRIGIDO;;;;Colisão Traseira;Luz do Dia;;;Cruz;Semáforo Intermitente;Residencial;0;0;2;1;0;0;0;0;0;0;0;0;-38,513526;-3,741327;;;
272115;31;12;2015;07:30;17584;RUA MATO GROSSO;RUA PARA;;;;Colisão Transversal;Luz do Dia;;;Cruz;Pare;Residencial;2;0;1;0;0;0;0;0;0;1;0;0;-38,563131;-3,755657;;;
272135;31;12;2015;12:30;0;AV JOSE BASTOS;;;3480;;Colisão Traseira;Luz do Dia;;;Meio de Quadra;;;0;1;3;1;0;0;0;0;0;1;0;0;-38,550036;-3,749574;;;
272132;31;12;2015;10:30;24299;RUA REPUBLICA DO LIBANO;RUA 8 DE SETEMBRO;;;;Colisão Traseira;Luz do Dia;;;Cruz;Pare;Residencial;0;0;2;1;0;0;0;0;0;0;0;0;-38,487087;-3,733700;;;
272127;31;12;2015;08:10;0;AV PRS COSTA E SILVA;;;;;Colisão Transversal;Luz do Dia;;;Meio de Quadra;;;0;0;2;1;0;0;0;0;0;0;0;0;;;;;
272128;31;12;2015;09:50;5370;RUA METON DE ALENCAR;RUA PRC ISABEL;;;;Colisão Transversal;Luz do Dia;;;Cruz;Pare;Comercial;0;1;1;1;0;0;0;0;0;1;0;0;-38,536973;-3,731614;;;
272110;31;12;2015;12:50;0;RUA SAO PAULO;;;141;;Colisão Traseira;Luz do Dia;;;Meio de Quadra;;;0;0;2;1;0;0;0;0;0;0;0;0;;;;;
273815;31;12;2015;08:49;0;AV LINEU MACHADO;;;;;Queda;Luz do Dia;;;Meio de Quadra;;;0;1;0;0;0;0;0;0;0;1;0;0;-38,577722;-3,767479;;;
273872;31;12;2015;23:50;0;AV PRO JOSE ARTHUR CARVALHO;;;;;Colisão;;;;Meio de Quadra;;;0;1;0;0;0;0;0;0;0;0;0;0;;;;;
273869;31;12;2015;21:59;3125;RUA SILVEIRA FILHO;TR LINEU MACHADO;;;;Queda;;;;;;;0;1;0;0;0;0;0;0;0;1;0;0;-38,579955;-3,777866;;;
273870;31;12;2015;22:03;21241;RUA MARCILIO DIAS;RUA LUCAS PINTO;;;;Atropelamento;;;;;;;0;1;1;0;0;0;0;0;0;1;0;0;-38,557664;-3,709733;;;
273866;31;12;2015;19:46;0;AV JOR THOMAZ COELHO;;;;;Atropelamento;;;;Meio de Quadra;;;0;1;0;1;0;0;0;0;0;0;0;0;;;;;
273864;31;12;2015;17:10;0;AV DA INDEPENDENCIA;;;;;Colisão;Anoitecer;;;Meio de Quadra;;;0;1;1;1;0;0;0;0;0;1;0;0;-38,587924;-3,727781;;;
273822;31;12;2015;11:04;0;AV FRE CIRILO;;;;;Atropelamento;Luz do Dia;;;Meio de Quadra;;;0;1;1;1;0;0;0;0;0;0;0;0;;;;;
273823;31;12;2015;13:00;0;AV SGT HERMINIO SAMPAIO;;;;;Colisão;Luz do Dia;;;Meio de Quadra;;;0;1;1;1;0;0;0;0;0;1;0;0;-38,567327;-3,727583;;;
273856;31;12;2015;13:19;7723;RUA PERNAMBUCO;RUA CORREIA LIMA D39;;;;Colisão;Luz do Dia;;;;;;0;1;1;0;0;0;0;0;0;1;0;0;-38,561990;-3,764323;;;
273857;31;12;2015;13:53;0;RUA TEODOMIRO DE CASTRO;;;;;Colisão;Luz do Dia;;;Meio de Quadra;;;0;1;0;0;0;0;0;0;0;0;0;0;-38,569249;-3,720327;;;
273859;31;12;2015;14:16;0;AV PRO GOMES DE MATOS;;;;;Atropelamento;Luz do Dia;;;Meio de Quadra;;;0;1;1;0;0;0;0;0;0;1;0;0;-38,545371;-3,760858;;;
273860;31;12;2015;14:55;0;AV PRO JOSE ARTHUR CARVALHO;;;;;Colisão;Luz do Dia;;;Meio de Quadra;;;0;1;0;0;0;0;0;0;0;0;0;0;-38,465780;-3,826542;;;
273861;31;12;2015;15:18;0;RUA PDE CICERO;;;;;Colisão;Luz do Dia;;;Meio de Quadra;;;0;1;0;0;0;0;0;0;0;0;0;0;-38,545643;-3,743765;;;
273123;31;12;2015;12:10;0;RD CE-040;;;;KM-09;Colisão;Luz do Dia;;;Meio de Quadra;;;0;1;1;1;0;0;0;0;0;1;0;0;-38,481431;-3,824774;;;
273128;31;12;2015;13:30;0;RD CE-040;;;;KM-08;Colisão;Luz do Dia;;;Meio de Quadra;;;0;0;3;1;0;0;0;0;0;0;0;0;-38,481317;-3,823332;;;
273126;31;12;2015;10:25;0;RD CE-040;;;;KM-10;Colisão;Luz do Dia;;;Meio de Quadra;;;0;0;4;1;0;0;0;0;0;0;0;0;-38,480068;-3,838671;;;